Version,Device,Clock_Period_nsec,Latency_msec,Synthesis_Time_sec,BRAM_Utilization_percentage,DSP_Utilization_percentage,FF_Utilization_percentage,LUT_Utilization_percentage,Array_1,Array_2,Array_3,OuterLoop_1,OuterLoop_2,OuterLoop_3,OuterLoop_4,OuterLoop_5,InnerLoop_1_1,InnerLoop_1_2,InnerLoop_1_3,InnerLoop_2_1,Replicate_Count,Area,Weight,is_pareto
workload_182.cpp,xczu7ev-ffvc1156-2-e,10,201.01386,162.5,47,7,20,35,block_16_1,block_2_1,cyclic_2_1,pipeline_1,pipeline_1,pipeline_1,pipeline_1,unroll_32,unroll_8,unroll_2,pipeline_1,unroll_4,2,27.25,0.787719868438,False
workload_90.cpp,xczu7ev-ffvc1156-2-e,10,213.2808,155,47,7,19,33,block_16_1,block_4_1,block_64_1,unroll_5,pipeline_1,pipeline_1,pipeline_1,unroll_2,unroll_34,pipeline_1,unroll_5,unroll_34,1,26.5,0.7998906064,False
workload_148.cpp,xczu7ev-ffvc1156-2-e,10,211.3553,145,47,7,19,33,block_16_1,block_4_1,block_64_1,unroll_5,pipeline_1,pipeline_1,unroll_32,unroll_2,unroll_34,unroll_4,pipeline_1,unroll_8,1,26.5,0.799919469899,False
workload_134.cpp,xczu7ev-ffvc1156-2-e,10,210.25509,143,47,7,19,33,block_16_1,block_4_1,cyclic_8_1,pipeline_1,pipeline_1,pipeline_1,unroll_16,unroll_4,pipeline_1,unroll_4,pipeline_1,unroll_2,1,26.5,0.799935822346,False
workload_150.cpp,xczu7ev-ffvc1156-2-e,10,283.22642,484,47,7,20,52,block_16_1,cyclic_128_1,block_64_1,pipeline_1,pipeline_1,pipeline_1,unroll_8,unroll_32,unroll_16,pipeline_1,unroll_5,unroll_34,1,31.5,0.713791771261,False
workload_496.cpp,xczu7ev-ffvc1156-2-e,10,201.85461,148,47,7,19,32,block_16_1,cyclic_2_1,block_64_1,pipeline_1,pipeline_1,pipeline_1,unroll_32,unroll_8,pipeline_1,unroll_4,pipeline_1,unroll_8,1,26.25,0.800465800258,False
workload_139.cpp,xczu7ev-ffvc1156-2-e,10,20033.58085,1056,46,11,21,92,block_16_1,cyclic_32_1,cyclic_128_1,pipeline_1,pipeline_1,unroll_16,unroll_2,unroll_4,unroll_2,unroll_4,unroll_5,unroll_2,1,42.5,0.175988117654,False
workload_94.cpp,xczu7ev-ffvc1156-2-e,10,29348.36685,1116,46,37,22,93,block_16_1,cyclic_32_1,cyclic_128_1,pipeline_1,unroll_8,unroll_16,unroll_2,unroll_4,unroll_2,unroll_4,unroll_5,unroll_2,1,49.5,0.1,False
workload_197.cpp,xczu7ev-ffvc1156-2-e,10,211.31343,137,48,7,21,34,block_16_1,cyclic_4_1,block_2_1,pipeline_1,pipeline_1,pipeline_1,unroll_32,unroll_2,pipeline_1,pipeline_1,pipeline_1,unroll_2,1,27.5,0.784465681651,False
workload_146.cpp,xczu7ev-ffvc1156-2-e,10,283.11629,245,46,7,21,44,block_16_1,cyclic_64_1,block_16_1,unroll_5,pipeline_1,pipeline_1,unroll_8,unroll_32,unroll_34,pipeline_1,unroll_5,unroll_34,1,29.5,0.750084601595,False
workload_176.cpp,xczu7ev-ffvc1156-2-e,10,211.13904,152,46,7,20,32,block_16_1,cyclic_64_1,block_16_1,unroll_5,pipeline_1,pipeline_1,unroll_8,unroll_4,unroll_34,pipeline_1,unroll_5,unroll_34,1,26.25,0.800390785673,False
workload_2.cpp,xczu7ev-ffvc1156-2-e,10,283.22642,249,47,7,20,44,block_16_1,cyclic_64_1,block_64_1,pipeline_1,pipeline_1,pipeline_1,unroll_8,unroll_32,unroll_34,pipeline_1,pipeline_1,unroll_34,1,29.5,0.750083987324,False
workload_123.cpp,xczu7ev-ffvc1156-2-e,10,201.01386,188,47,7,20,47,block_16_1,cyclic_64_1,cyclic_2_1,pipeline_1,pipeline_1,pipeline_1,pipeline_1,unroll_32,unroll_8,unroll_2,pipeline_1,unroll_4,1,30.25,0.732081497093,False
workload_165.cpp,xczu7ev-ffvc1156-2-e,10,201.01404,147,48,7,19,33,block_16_1,cyclic_8_1,cyclic_8_1,pipeline_1,pipeline_1,pipeline_1,unroll_16,unroll_32,pipeline_1,unroll_4,pipeline_1,unroll_2,1,26.75,0.798404199684,False
workload_46.cpp,xczu7ev-ffvc1156-2-e,10,210.25509,146,48,7,19,32,block_16_1,cyclic_8_1,cyclic_8_1,pipeline_1,pipeline_1,pipeline_1,unroll_16,unroll_4,pipeline_1,unroll_4,pipeline_1,unroll_2,1,26.5,0.799935822346,False
workload_186.cpp,xczu7ev-ffvc1156-2-e,10,1016.74602,101,42,7,14,24,block_4_1,block_2_1,cyclic_2_1,pipeline_1,pipeline_1,unroll_2,pipeline_1,unroll_32,unroll_8,unroll_2,pipeline_1,unroll_4,1,21.75,0.84290441511,False
workload_51.cpp,xczu7ev-ffvc1156-2-e,10,13046.26322,177,62,49,26,48,block_4_1,block_2_1,cyclic_4_1,unroll_5,unroll_8,unroll_4,unroll_2,unroll_64,unroll_8,unroll_4,pipeline_1,unroll_34,1,46.25,0.287882264717,False
workload_102.cpp,xczu7ev-ffvc1156-2-e,10,13140.6344,164,42,40,23,43,block_4_1,block_2_1,cyclic_8_1,pipeline_1,unroll_8,unroll_4,unroll_2,unroll_64,unroll_8,unroll_4,pipeline_1,unroll_34,1,37,0.338306435575,False
workload_188.cpp,xczu7ev-ffvc1156-2-e,10,201.08629,190,41,13,35,59,block_4_1,block_32_1,block_8_1,unroll_5,pipeline_1,pipeline_1,unroll_64,unroll_32,unroll_16,unroll_2,pipeline_1,pipeline_1,1,37,0.644031193999,False
workload_138.cpp,xczu7ev-ffvc1156-2-e,10,201.08629,184,41,13,35,59,block_4_1,block_32_1,block_8_1,unroll_5,pipeline_1,pipeline_1,unroll_64,unroll_32,unroll_16,unroll_2,pipeline_1,unroll_2,1,37,0.644031193999,False
workload_183.cpp,xczu7ev-ffvc1156-2-e,10,201.08629,191,41,13,35,59,block_4_1,block_32_1,block_8_1,unroll_5,pipeline_1,pipeline_1,unroll_64,unroll_32,unroll_16,unroll_8,pipeline_1,unroll_2,1,37,0.644031193999,False
workload_166.cpp,xczu7ev-ffvc1156-2-e,10,201.10367,137.5,41,14,28,49,block_4_1,block_32_1,block_8_1,unroll_5,pipeline_1,pipeline_1,unroll_64,unroll_32,unroll_8,unroll_2,pipeline_1,unroll_2,2,33,0.713746140276,False
workload_305.cpp,xczu7ev-ffvc1156-2-e,10,133.90891,98,41,7,20,31,block_4_1,block_4_1,block_16_1,unroll_5,pipeline_1,pipeline_1,unroll_64,unroll_64,pipeline_1,unroll_2,unroll_5,unroll_2,1,24.75,0.816902427125,False
workload_184.cpp,xczu7ev-ffvc1156-2-e,10,133.91211,94,41,7,20,31,block_4_1,block_4_1,block_8_1,unroll_5,pipeline_1,pipeline_1,unroll_64,unroll_64,pipeline_1,unroll_2,unroll_5,unroll_2,1,24.75,0.816902427413,False
workload_240.cpp,xczu7ev-ffvc1156-2-e,10,133.91211,97,41,7,20,31,block_4_1,block_4_1,block_8_1,unroll_5,pipeline_1,pipeline_1,unroll_64,unroll_64,pipeline_1,unroll_2,unroll_5,unroll_8,1,24.75,0.816902427413,False
workload_214.cpp,xczu7ev-ffvc1156-2-e,10,133.91211,97,41,7,20,31,block_4_1,block_4_1,block_8_1,unroll_5,pipeline_1,pipeline_1,unroll_64,unroll_64,pipeline_1,unroll_4,unroll_5,unroll_2,1,24.75,0.816902427413,False
workload_42.cpp,xczu7ev-ffvc1156-2-e,10,134.00659,175,41,13,35,52,block_4_1,block_4_1,block_8_1,unroll_5,pipeline_1,pipeline_1,unroll_64,unroll_64,unroll_16,unroll_2,unroll_5,unroll_2,1,35.25,0.684323685413,False
workload_213.cpp,xczu7ev-ffvc1156-2-e,10,134.02067,207,42,51,36,54,block_4_1,block_8_1,block_16_1,unroll_5,pipeline_1,pipeline_1,unroll_64,unroll_64,unroll_16,unroll_2,unroll_5,unroll_2,1,45.75,0.52427712652,False
workload_265.cpp,xczu7ev-ffvc1156-2-e,10,202.69558,116,41,7,21,35,block_4_1,cyclic_128_1,cyclic_128_1,pipeline_1,pipeline_1,pipeline_1,unroll_32,unroll_8,pipeline_1,unroll_16,pipeline_1,unroll_8,1,26,0.800616793234,False
workload_97.cpp,xczu7ev-ffvc1156-2-e,10,1237.16243,88,42,6,18,26,block_4_1,cyclic_4_1,block_2_1,pipeline_1,pipeline_1,unroll_2,unroll_32,unroll_2,pipeline_1,pipeline_1,pipeline_1,unroll_2,1,23,0.819977744758,False
workload_228.cpp,xczu7ev-ffvc1156-2-e,10,1165.48243,124,42,10,26,38,block_4_1,cyclic_4_1,block_2_1,pipeline_1,pipeline_1,unroll_4,unroll_32,unroll_2,pipeline_1,unroll_4,pipeline_1,unroll_2,1,29,0.745002794666,False
workload_64.cpp,xczu7ev-ffvc1156-2-e,10,1128.52631,159,52,14,30,53,block_4_1,cyclic_4_1,block_2_1,unroll_5,unroll_64,unroll_2,unroll_2,unroll_2,pipeline_1,pipeline_1,pipeline_1,unroll_2,1,37.25,0.63167575584,False
workload_145.cpp,xczu7ev-ffvc1156-2-e,10,1126.47831,151,52,14,30,53,block_4_1,cyclic_4_1,block_2_1,unroll_5,unroll_64,unroll_2,unroll_4,unroll_2,pipeline_1,pipeline_1,pipeline_1,unroll_2,1,37.25,0.631701968428,False
workload_155.cpp,xczu7ev-ffvc1156-2-e,10,606.97223,126,47,12,17,33,block_4_1,cyclic_4_1,block_32_1,unroll_5,pipeline_1,unroll_2,pipeline_1,unroll_64,pipeline_1,unroll_2,pipeline_1,unroll_2,1,27.25,0.780859025853,False
workload_1.cpp,xczu7ev-ffvc1156-2-e,10,956.46031,82,47,12,16,25,block_4_1,cyclic_4_1,block_32_1,unroll_5,pipeline_1,unroll_2,unroll_2,unroll_2,pipeline_1,pipeline_1,pipeline_1,unroll_2,1,25,0.798853767672,False
workload_122.cpp,xczu7ev-ffvc1156-2-e,10,950.37901,78,47,12,16,26,block_4_1,cyclic_4_1,block_32_1,unroll_5,pipeline_1,unroll_2,unroll_64,unroll_2,unroll_8,pipeline_1,pipeline_1,unroll_2,1,25.25,0.793987520171,False
workload_163.cpp,xczu7ev-ffvc1156-2-e,10,3683.73764,88,47,12,12,21,block_4_1,cyclic_4_1,block_32_1,unroll_5,unroll_16,unroll_2,unroll_64,unroll_8,pipeline_1,unroll_2,pipeline_1,unroll_2,1,23,0.742410424642,False
workload_222.cpp,xczu7ev-ffvc1156-2-e,10,3683.73784,92,47,12,12,21,block_4_1,cyclic_4_1,block_32_1,unroll_5,unroll_16,unroll_2,unroll_64,unroll_8,unroll_8,unroll_2,pipeline_1,unroll_2,1,23,0.742410417613,False
workload_170.cpp,xczu7ev-ffvc1156-2-e,10,1083.53451,104,47,12,18,31,block_4_1,cyclic_4_1,block_32_1,unroll_5,unroll_32,unroll_2,unroll_2,unroll_2,unroll_8,pipeline_1,pipeline_1,unroll_2,1,27,0.773395552052,False
workload_153.cpp,xczu7ev-ffvc1156-2-e,10,1058.89831,158,42,21,30,52,block_4_1,cyclic_4_1,cyclic_8_1,unroll_5,unroll_64,unroll_2,pipeline_1,unroll_2,pipeline_1,pipeline_1,pipeline_1,pipeline_1,1,36.25,0.652842933139,False
workload_108.cpp,xczu7ev-ffvc1156-2-e,10,1057.10081,153,42,21,30,52,block_4_1,cyclic_4_1,cyclic_8_1,unroll_5,unroll_64,unroll_2,unroll_16,unroll_2,pipeline_1,pipeline_1,pipeline_1,pipeline_1,1,36.25,0.652871290974,False
workload_143.cpp,xczu7ev-ffvc1156-2-e,10,944.89604,186,42,25,37,62,block_4_1,cyclic_4_1,cyclic_8_1,unroll_5,unroll_64,unroll_4,unroll_16,unroll_8,pipeline_1,pipeline_1,pipeline_1,pipeline_1,1,41.5,0.545289943773,False
workload_161.cpp,xczu7ev-ffvc1156-2-e,10,1190.05843,84,51,6,17,27,block_4_1,cyclic_64_1,block_2_1,pipeline_1,pipeline_1,unroll_2,unroll_32,unroll_2,pipeline_1,pipeline_1,pipeline_1,unroll_34,1,25.25,0.788717147361,False
workload_215.cpp,xczu7ev-ffvc1156-2-e,10,948.39481,90,61,12,19,33,block_4_1,cyclic_64_1,block_2_1,unroll_5,pipeline_1,unroll_2,unroll_32,unroll_2,pipeline_1,pipeline_1,pipeline_1,unroll_34,1,31.25,0.708267052956,False
workload_130.cpp,xczu7ev-ffvc1156-2-e,10,13039.62704,1076,51,48,37,80,block_4_1,cyclic_64_1,cyclic_8_1,pipeline_1,unroll_8,unroll_8,unroll_2,unroll_64,unroll_8,unroll_4,pipeline_1,unroll_34,1,54,0.249647386786,False
workload_913.cpp,xczu7ev-ffvc1156-2-e,10,8584.01626,1678,73,3,8,31,block_64_1,block_4_1,block_32_1,pipeline_1,pipeline_1,unroll_2,unroll_64,unroll_64,unroll_16,unroll_16,unroll_5,unroll_2,1,28.75,0.522044216688,False
workload_36.cpp,xczu7ev-ffvc1156-2-e,10,283.12539,2587,72,7,22,71,block_64_1,cyclic_128_1,block_16_1,pipeline_1,pipeline_1,pipeline_1,unroll_8,unroll_32,unroll_2,pipeline_1,pipeline_1,unroll_8,1,43,0.524268832084,False
workload_286.cpp,xczu7ev-ffvc1156-2-e,10,4192.26734,78,44,5,8,12,block_8_1,block_2_1,block_64_1,pipeline_1,unroll_2,unroll_2,unroll_2,unroll_2,unroll_8,unroll_2,pipeline_1,unroll_4,1,17.25,0.796850431565,False
workload_269.cpp,xczu7ev-ffvc1156-2-e,10,1276.17434,78,44,4,9,13,block_8_1,cyclic_2_1,block_64_1,pipeline_1,unroll_2,unroll_2,unroll_32,unroll_2,unroll_8,pipeline_1,pipeline_1,unroll_4,1,17.5,0.893110298086,False
workload_125.cpp,xczu7ev-ffvc1156-2-e,10,1237.16243,95,44,6,19,28,block_8_1,cyclic_4_1,block_2_1,pipeline_1,pipeline_1,unroll_2,unroll_32,unroll_2,pipeline_1,pipeline_1,pipeline_1,unroll_2,1,24.25,0.804412387086,False
workload_210.cpp,xczu7ev-ffvc1156-2-e,10,13418.66793,374,43,20,32,62,block_8_1,cyclic_4_1,block_2_1,pipeline_1,pipeline_1,unroll_32,unroll_2,unroll_2,unroll_16,unroll_34,unroll_5,unroll_2,1,39.25,0.317262659474,False
workload_160.cpp,xczu7ev-ffvc1156-2-e,10,13545.74243,63,43,1,4,9,block_8_1,cyclic_4_1,block_2_1,pipeline_1,unroll_2,unroll_2,unroll_32,unroll_2,unroll_16,pipeline_1,unroll_5,unroll_2,1,14.25,0.509653103226,False
workload_253.cpp,xczu7ev-ffvc1156-2-e,10,17336.09173,536,44,22,47,97,block_8_1,cyclic_4_1,block_4_1,pipeline_1,unroll_2,unroll_32,unroll_32,unroll_32,unroll_16,pipeline_1,unroll_5,unroll_2,1,52.5,0.187814074623,False
workload_175.cpp,xczu7ev-ffvc1156-2-e,10,147.72084,190,83,68,27,66,cyclic_128_1,block_2_1,block_128_1,pipeline_1,pipeline_1,pipeline_1,pipeline_1,unroll_2,unroll_8,unroll_2,unroll_5,unroll_4,1,61,0.369479689124,False
workload_68.cpp,xczu7ev-ffvc1156-2-e,10,999.52458,259,84,0,11,67,cyclic_128_1,block_2_1,block_128_1,pipeline_1,pipeline_1,unroll_8,pipeline_1,unroll_32,unroll_8,unroll_2,pipeline_1,unroll_4,1,40.5,0.565380103718,False
workload_243.cpp,xczu7ev-ffvc1156-2-e,10,151.77093,198,83,68,29,68,cyclic_128_1,block_2_1,block_2_1,pipeline_1,pipeline_1,pipeline_1,unroll_2,unroll_2,pipeline_1,pipeline_1,pipeline_1,unroll_2,1,62,0.353792972032,False
workload_135.cpp,xczu7ev-ffvc1156-2-e,10,147.72131,179,83,68,28,66,cyclic_128_1,block_2_1,block_32_1,unroll_5,pipeline_1,pipeline_1,pipeline_1,unroll_2,pipeline_1,pipeline_1,unroll_5,unroll_4,1,61.25,0.365513828395,False
workload_142.cpp,xczu7ev-ffvc1156-2-e,10,999.52458,245,84,0,11,67,cyclic_128_1,block_2_1,block_64_1,pipeline_1,pipeline_1,unroll_8,pipeline_1,unroll_32,pipeline_1,unroll_2,pipeline_1,unroll_4,1,40.5,0.565380103718,False
workload_185.cpp,xczu7ev-ffvc1156-2-e,10,1342.85776,283,84,0,12,69,cyclic_128_1,block_2_1,block_64_1,pipeline_1,pipeline_1,unroll_8,unroll_2,unroll_64,pipeline_1,unroll_2,pipeline_1,unroll_4,1,41.25,0.547897807056,False
workload_257.cpp,xczu7ev-ffvc1156-2-e,10,1335.6488,341,93,0,12,85,cyclic_128_1,block_32_1,block_64_1,pipeline_1,pipeline_1,unroll_8,unroll_2,unroll_64,unroll_8,unroll_2,pipeline_1,unroll_4,1,47.5,0.516755924839,False
workload_227.cpp,xczu7ev-ffvc1156-2-e,10,1091.60893,193,84,0,14,67,cyclic_128_1,block_4_1,block_2_1,pipeline_1,pipeline_1,unroll_4,unroll_2,unroll_2,unroll_4,pipeline_1,pipeline_1,unroll_2,1,41.25,0.54956381325,False
workload_314.cpp,xczu7ev-ffvc1156-2-e,10,1089.56093,193,84,0,14,67,cyclic_128_1,block_4_1,block_2_1,pipeline_1,pipeline_1,unroll_4,unroll_4,unroll_2,pipeline_1,pipeline_1,pipeline_1,unroll_2,1,41.25,0.549575800069,False
workload_220.cpp,xczu7ev-ffvc1156-2-e,10,1199.69214,186,84,0,9,70,cyclic_128_1,block_4_1,block_2_1,pipeline_1,unroll_2,unroll_2,unroll_16,unroll_8,unroll_16,pipeline_1,pipeline_1,unroll_8,1,40.75,0.558982644528,False
workload_30.cpp,xczu7ev-ffvc1156-2-e,10,147.72084,192,83,68,27,66,cyclic_128_1,block_4_1,block_64_1,pipeline_1,pipeline_1,pipeline_1,pipeline_1,unroll_2,pipeline_1,unroll_4,unroll_5,unroll_4,1,61,0.369479689124,False
workload_346.cpp,xczu7ev-ffvc1156-2-e,10,1043.48084,190,84,0,10,63,cyclic_128_1,block_4_1,block_64_1,pipeline_1,pipeline_1,unroll_8,unroll_2,unroll_2,pipeline_1,pipeline_1,pipeline_1,unroll_2,1,39.25,0.590954436499,False
workload_259.cpp,xczu7ev-ffvc1156-2-e,10,1331.71538,267,84,0,11,70,cyclic_128_1,block_4_1,block_64_1,pipeline_1,pipeline_1,unroll_8,unroll_8,unroll_32,unroll_34,pipeline_1,pipeline_1,unroll_8,1,41.25,0.547979770285,False
workload_93.cpp,xczu7ev-ffvc1156-2-e,10,145.23856,509,83,68,30,89,cyclic_128_1,cyclic_128_1,block_32_1,unroll_5,unroll_64,pipeline_1,unroll_64,unroll_4,unroll_16,unroll_34,unroll_5,unroll_34,1,67.5,0.275918529236,False
workload_306.cpp,xczu7ev-ffvc1156-2-e,10,139.75798,251,82,68,29,73,cyclic_128_1,cyclic_128_1,cyclic_128_1,pipeline_1,pipeline_1,pipeline_1,unroll_16,unroll_8,pipeline_1,pipeline_1,pipeline_1,unroll_8,1,63,0.338574431611,False
workload_156.cpp,xczu7ev-ffvc1156-2-e,10,147.72084,180,83,68,27,66,cyclic_128_1,cyclic_16_1,block_64_1,pipeline_1,pipeline_1,pipeline_1,pipeline_1,unroll_2,pipeline_1,unroll_4,unroll_5,unroll_4,1,61,0.369479689124,False
workload_223.cpp,xczu7ev-ffvc1156-2-e,10,1333.68272,279,84,0,11,66,cyclic_128_1,cyclic_2_1,block_64_1,pipeline_1,pipeline_1,unroll_8,unroll_2,unroll_64,unroll_8,unroll_2,pipeline_1,unroll_4,1,40.25,0.568067822326,False
workload_258.cpp,xczu7ev-ffvc1156-2-e,10,947.30179,235,84,1,12,66,cyclic_128_1,cyclic_2_1,cyclic_2_1,pipeline_1,pipeline_1,unroll_8,unroll_2,unroll_8,pipeline_1,unroll_4,pipeline_1,unroll_4,1,40.75,0.560545294482,False
workload_226.cpp,xczu7ev-ffvc1156-2-e,10,811.76394,295,83,4,17,82,cyclic_128_1,cyclic_2_1,cyclic_8_1,pipeline_1,pipeline_1,unroll_8,pipeline_1,unroll_32,unroll_8,unroll_2,pipeline_1,unroll_4,1,46.5,0.522330473083,False
workload_45.cpp,xczu7ev-ffvc1156-2-e,10,147.72084,198,83,68,27,67,cyclic_128_1,cyclic_32_1,block_64_1,pipeline_1,pipeline_1,pipeline_1,pipeline_1,unroll_2,pipeline_1,unroll_4,unroll_5,unroll_4,1,61.25,0.365513828347,False
workload_118.cpp,xczu7ev-ffvc1156-2-e,10,147.72131,177,83,68,28,67,cyclic_128_1,cyclic_32_1,block_64_1,unroll_5,pipeline_1,pipeline_1,pipeline_1,unroll_2,pipeline_1,pipeline_1,unroll_5,unroll_4,1,61.5,0.361577348525,False
workload_157.cpp,xczu7ev-ffvc1156-2-e,10,145.92381,180,83,68,28,66,cyclic_128_1,cyclic_32_1,block_64_1,unroll_5,pipeline_1,pipeline_1,unroll_16,unroll_2,pipeline_1,pipeline_1,unroll_5,unroll_4,1,61.25,0.365513636145,False
workload_274.cpp,xczu7ev-ffvc1156-2-e,10,1045.52884,165,84,0,6,56,cyclic_128_1,cyclic_4_1,block_128_1,pipeline_1,pipeline_1,unroll_4,unroll_2,unroll_2,pipeline_1,pipeline_1,pipeline_1,unroll_2,1,36.5,0.648061263579,False
workload_276.cpp,xczu7ev-ffvc1156-2-e,10,8441.71737,391,83,0,4,74,cyclic_128_1,cyclic_4_1,block_2_1,pipeline_1,pipeline_1,unroll_8,unroll_2,unroll_64,unroll_16,unroll_2,unroll_5,unroll_2,1,40.25,0.427703220679,False
workload_178.cpp,xczu7ev-ffvc1156-2-e,10,847.89731,188,94,6,18,76,cyclic_128_1,cyclic_4_1,block_2_1,unroll_5,pipeline_1,unroll_4,unroll_2,unroll_2,pipeline_1,pipeline_1,pipeline_1,unroll_2,1,48.5,0.520467020544,False
workload_151.cpp,xczu7ev-ffvc1156-2-e,10,6646.81871,125,83,0,4,39,cyclic_128_1,cyclic_4_1,block_2_1,unroll_5,unroll_2,unroll_4,unroll_2,unroll_2,unroll_16,pipeline_1,unroll_5,unroll_2,1,31.5,0.558929534151,False
workload_261.cpp,xczu7ev-ffvc1156-2-e,10,6850.08591,1477,83,0,2,45,cyclic_128_1,cyclic_4_1,block_2_1,unroll_5,unroll_8,unroll_4,unroll_2,unroll_2,unroll_4,unroll_8,unroll_5,unroll_2,1,32.5,0.545346368359,False
workload_187.cpp,xczu7ev-ffvc1156-2-e,10,199.30962,348,83,68,28,78,cyclic_128_1,cyclic_64_1,block_64_1,pipeline_1,pipeline_1,pipeline_1,unroll_8,unroll_32,unroll_34,unroll_16,pipeline_1,unroll_34,1,64.25,0.320218396287,False
workload_84.cpp,xczu7ev-ffvc1156-2-e,10,1509.07218,540,93,0,13,54,cyclic_128_1,cyclic_64_1,block_64_1,pipeline_1,pipeline_1,unroll_8,unroll_8,unroll_32,unroll_34,pipeline_1,pipeline_1,unroll_34,1,40,0.571480441679,False
workload_287.cpp,xczu7ev-ffvc1156-2-e,10,885.73851,179,93,1,4,59,cyclic_128_1,cyclic_64_1,cyclic_2_1,pipeline_1,pipeline_1,unroll_2,pipeline_1,unroll_8,unroll_4,unroll_2,pipeline_1,unroll_4,1,39.25,0.592073165399,False
workload_331.cpp,xczu7ev-ffvc1156-2-e,10,870.00987,196,93,1,7,62,cyclic_128_1,cyclic_64_1,cyclic_2_1,pipeline_1,pipeline_1,unroll_4,pipeline_1,unroll_8,pipeline_1,unroll_2,pipeline_1,unroll_8,1,40.75,0.5609378798,False
workload_204.cpp,xczu7ev-ffvc1156-2-e,10,867.55227,243,93,1,12,71,cyclic_128_1,cyclic_64_1,cyclic_2_1,pipeline_1,pipeline_1,unroll_8,pipeline_1,unroll_8,pipeline_1,unroll_2,pipeline_1,unroll_4,1,44.25,0.522778140693,False
workload_752.cpp,xczu7ev-ffvc1156-2-e,10,578.29018,275,52,1,36,67,cyclic_16_1,block_16_1,cyclic_2_1,pipeline_1,pipeline_1,unroll_32,unroll_64,unroll_64,unroll_8,unroll_4,pipeline_1,unroll_2,1,39,0.598989716487,False
workload_203.cpp,xczu7ev-ffvc1156-2-e,10,1049.11284,99,48,0,8,17,cyclic_16_1,block_2_1,block_128_1,pipeline_1,pipeline_1,unroll_8,unroll_2,unroll_2,pipeline_1,unroll_4,pipeline_1,pipeline_1,1,18.25,0.88905135719,False
workload_290.cpp,xczu7ev-ffvc1156-2-e,10,1049.11284,99,48,0,8,17,cyclic_16_1,block_2_1,block_128_1,pipeline_1,pipeline_1,unroll_8,unroll_2,unroll_2,unroll_16,unroll_4,pipeline_1,pipeline_1,1,18.25,0.88905135719,False
workload_390.cpp,xczu7ev-ffvc1156-2-e,10,1049.11284,100,48,0,8,17,cyclic_16_1,block_2_1,block_128_1,pipeline_1,pipeline_1,unroll_8,unroll_2,unroll_2,unroll_16,unroll_4,pipeline_1,unroll_8,1,18.25,0.88905135719,False
workload_415.cpp,xczu7ev-ffvc1156-2-e,10,1049.11284,97,48,0,8,17,cyclic_16_1,block_2_1,block_128_1,pipeline_1,pipeline_1,unroll_8,unroll_2,unroll_2,unroll_4,unroll_4,pipeline_1,unroll_4,1,18.25,0.88905135719,False
workload_391.cpp,xczu7ev-ffvc1156-2-e,10,918.04084,102,48,1,9,19,cyclic_16_1,block_2_1,cyclic_2_1,pipeline_1,pipeline_1,unroll_8,unroll_2,unroll_2,pipeline_1,unroll_4,pipeline_1,unroll_8,1,19.25,0.877212471125,False
workload_373.cpp,xczu7ev-ffvc1156-2-e,10,162.07475,97,48,34,18,36,cyclic_16_1,block_2_1,cyclic_4_1,pipeline_1,pipeline_1,pipeline_1,unroll_2,unroll_8,unroll_16,pipeline_1,pipeline_1,pipeline_1,1,34,0.707672845261,False
workload_202.cpp,xczu7ev-ffvc1156-2-e,10,1033.35784,142,48,4,11,31,cyclic_16_1,block_2_1,cyclic_8_1,pipeline_1,unroll_32,unroll_4,unroll_2,unroll_2,pipeline_1,unroll_4,pipeline_1,pipeline_1,1,23.5,0.818893445979,False
workload_392.cpp,xczu7ev-ffvc1156-2-e,10,994.24245,272,48,0,29,53,cyclic_16_1,block_4_1,block_128_1,pipeline_1,pipeline_1,unroll_32,unroll_16,unroll_8,unroll_8,unroll_4,pipeline_1,unroll_34,1,32.5,0.703493638448,False
workload_949.cpp,xczu7ev-ffvc1156-2-e,10,94.6217,92,47,34,19,35,cyclic_16_1,block_4_1,block_32_1,pipeline_1,pipeline_1,pipeline_1,unroll_64,unroll_64,pipeline_1,unroll_16,pipeline_1,unroll_2,1,33.75,0.713970589904,False
workload_589.cpp,xczu7ev-ffvc1156-2-e,10,94.6217,89,47,34,19,35,cyclic_16_1,block_4_1,block_32_1,pipeline_1,pipeline_1,pipeline_1,unroll_64,unroll_64,pipeline_1,unroll_4,pipeline_1,unroll_2,1,33.75,0.713970589904,False
workload_694.cpp,xczu7ev-ffvc1156-2-e,10,2506.77684,64,47,0,1,6,cyclic_16_1,block_4_1,block_32_1,pipeline_1,pipeline_1,unroll_2,unroll_2,unroll_2,pipeline_1,unroll_4,unroll_5,pipeline_1,1,13.5,0.921684456156,False
workload_722.cpp,xczu7ev-ffvc1156-2-e,10,3208.66768,122,47,0,2,12,cyclic_16_1,block_4_1,block_32_1,pipeline_1,pipeline_1,unroll_2,unroll_2,unroll_64,unroll_4,unroll_4,unroll_5,pipeline_1,1,15.25,0.866980994092,False
workload_610.cpp,xczu7ev-ffvc1156-2-e,10,2607.04195,94,47,0,1,7,cyclic_16_1,block_4_1,block_32_1,pipeline_1,pipeline_1,unroll_2,unroll_2,unroll_8,pipeline_1,unroll_4,unroll_5,pipeline_1,1,13.75,0.914320576432,False
workload_827.cpp,xczu7ev-ffvc1156-2-e,10,663.9785,89,48,0,5,14,cyclic_16_1,block_4_1,block_32_1,pipeline_1,pipeline_1,unroll_4,unroll_64,unroll_64,pipeline_1,unroll_4,pipeline_1,unroll_2,1,16.75,0.921887875144,False
workload_404.cpp,xczu7ev-ffvc1156-2-e,10,2506.77731,64,47,0,1,6,cyclic_16_1,block_4_1,block_32_1,unroll_5,pipeline_1,unroll_2,unroll_2,unroll_2,pipeline_1,unroll_4,unroll_5,pipeline_1,1,13.5,0.921684444119,False
workload_639.cpp,xczu7ev-ffvc1156-2-e,10,2500.75981,61,47,0,1,7,cyclic_16_1,block_4_1,block_32_1,unroll_5,pipeline_1,unroll_2,unroll_32,unroll_2,pipeline_1,pipeline_1,unroll_5,pipeline_1,1,13.75,0.917106940878,False
workload_746.cpp,xczu7ev-ffvc1156-2-e,10,2500.76001,67,47,0,1,7,cyclic_16_1,block_4_1,block_32_1,unroll_5,pipeline_1,unroll_2,unroll_32,unroll_2,unroll_8,pipeline_1,unroll_5,pipeline_1,1,13.75,0.917106935928,False
workload_505.cpp,xczu7ev-ffvc1156-2-e,10,809.04781,79,53,6,6,17,cyclic_16_1,block_4_1,block_32_1,unroll_5,pipeline_1,unroll_2,unroll_64,unroll_2,pipeline_1,unroll_4,pipeline_1,pipeline_1,1,20.5,0.864216061557,False
workload_531.cpp,xczu7ev-ffvc1156-2-e,10,801.81731,87,53,6,10,21,cyclic_16_1,block_4_1,block_32_1,unroll_5,pipeline_1,unroll_4,unroll_4,unroll_2,pipeline_1,unroll_4,pipeline_1,pipeline_1,1,22.5,0.838996193606,False
workload_470.cpp,xczu7ev-ffvc1156-2-e,10,142.87029,87,48,34,18,33,cyclic_16_1,block_4_1,cyclic_2_1,pipeline_1,pipeline_1,pipeline_1,unroll_16,unroll_8,unroll_4,unroll_4,pipeline_1,pipeline_1,1,33.25,0.713916533942,False
workload_776.cpp,xczu7ev-ffvc1156-2-e,10,94.59482,95,48,34,19,35,cyclic_16_1,block_4_1,cyclic_2_1,pipeline_1,pipeline_1,pipeline_1,unroll_64,unroll_64,pipeline_1,unroll_4,pipeline_1,unroll_2,2,34,0.707980677944,False
workload_818.cpp,xczu7ev-ffvc1156-2-e,10,2500.69534,67,47,0,1,8,cyclic_16_1,block_4_1,cyclic_2_1,pipeline_1,pipeline_1,unroll_2,unroll_64,unroll_2,unroll_4,unroll_34,unroll_5,pipeline_1,1,14,0.912200281835,False
workload_881.cpp,xczu7ev-ffvc1156-2-e,10,6103.12734,67,47,0,1,8,cyclic_16_1,block_4_1,cyclic_2_1,pipeline_1,pipeline_1,unroll_2,unroll_64,unroll_2,unroll_4,unroll_34,unroll_5,unroll_2,1,14,0.814902667756,False
workload_343.cpp,xczu7ev-ffvc1156-2-e,10,905.75134,255,48,1,36,62,cyclic_16_1,block_4_1,cyclic_2_1,pipeline_1,pipeline_1,unroll_32,unroll_16,unroll_2,unroll_4,unroll_4,pipeline_1,unroll_2,1,36.75,0.644795158617,False
workload_289.cpp,xczu7ev-ffvc1156-2-e,10,868.41333,258,48,1,36,62,cyclic_16_1,block_4_1,cyclic_2_1,pipeline_1,pipeline_1,unroll_32,unroll_16,unroll_8,unroll_4,unroll_4,pipeline_1,unroll_8,1,36.75,0.645238052794,False
workload_469.cpp,xczu7ev-ffvc1156-2-e,10,868.32117,265,48,1,36,63,cyclic_16_1,block_4_1,cyclic_2_1,pipeline_1,pipeline_1,unroll_32,unroll_64,unroll_8,unroll_4,pipeline_1,pipeline_1,unroll_8,1,37,0.639963183597,False
workload_251.cpp,xczu7ev-ffvc1156-2-e,10,1043.62965,75,48,1,4,13,cyclic_16_1,block_4_1,cyclic_2_1,pipeline_1,unroll_8,unroll_2,unroll_16,unroll_8,unroll_4,unroll_4,pipeline_1,unroll_8,1,16.5,0.921648945991,False
workload_339.cpp,xczu7ev-ffvc1156-2-e,10,1029.26652,267,48,1,36,64,cyclic_16_1,block_4_1,cyclic_2_1,pipeline_1,unroll_8,unroll_32,unroll_32,unroll_32,unroll_4,unroll_4,pipeline_1,unroll_8,1,37.25,0.632898696453,False
workload_410.cpp,xczu7ev-ffvc1156-2-e,10,162.07371,91,48,34,18,34,cyclic_16_1,block_4_1,cyclic_4_1,pipeline_1,pipeline_1,pipeline_1,unroll_2,unroll_8,unroll_16,pipeline_1,pipeline_1,pipeline_1,1,33.5,0.713659412959,False
workload_335.cpp,xczu7ev-ffvc1156-2-e,10,868.37684,77,48,4,5,17,cyclic_16_1,block_4_1,cyclic_8_1,pipeline_1,pipeline_1,unroll_2,unroll_2,unroll_2,pipeline_1,unroll_4,pipeline_1,pipeline_1,1,18.5,0.891088377839,False
workload_425.cpp,xczu7ev-ffvc1156-2-e,10,868.41333,261,50,1,36,63,cyclic_16_1,block_8_1,cyclic_2_1,pipeline_1,pipeline_1,unroll_32,unroll_16,unroll_8,unroll_4,unroll_16,pipeline_1,unroll_8,1,37.5,0.629342909359,False
workload_645.cpp,xczu7ev-ffvc1156-2-e,10,94.6217,133,47,34,18,36,cyclic_16_1,cyclic_128_1,block_32_1,pipeline_1,pipeline_1,pipeline_1,unroll_64,unroll_64,pipeline_1,unroll_4,pipeline_1,unroll_2,2,33.75,0.713970589904,False
workload_503.cpp,xczu7ev-ffvc1156-2-e,10,94.62237,134,47,34,18,36,cyclic_16_1,cyclic_128_1,block_32_1,unroll_5,pipeline_1,pipeline_1,unroll_64,unroll_64,unroll_8,unroll_4,pipeline_1,unroll_8,1,33.75,0.71397057511,False
workload_914.cpp,xczu7ev-ffvc1156-2-e,10,3904.73417,96,46,0,1,12,cyclic_16_1,cyclic_128_1,block_32_1,unroll_5,pipeline_1,unroll_4,unroll_64,unroll_64,pipeline_1,unroll_4,unroll_5,unroll_2,1,14.75,0.849904979391,False
workload_154.cpp,xczu7ev-ffvc1156-2-e,10,156.47431,364,93,68,30,81,cyclic_16_1,cyclic_128_1,block_32_1,unroll_5,unroll_64,pipeline_1,unroll_2,unroll_2,unroll_16,unroll_34,unroll_5,unroll_34,1,68,0.269546047423,False
workload_737.cpp,xczu7ev-ffvc1156-2-e,10,94.59482,134,47,34,18,36,cyclic_16_1,cyclic_128_1,cyclic_2_1,pipeline_1,pipeline_1,pipeline_1,unroll_64,unroll_64,pipeline_1,unroll_4,pipeline_1,unroll_2,1,33.75,1,True
workload_871.cpp,xczu7ev-ffvc1156-2-e,10,2502.68484,61,47,0,1,6,cyclic_16_1,cyclic_2_1,block_128_1,pipeline_1,pipeline_1,unroll_2,pipeline_1,unroll_2,unroll_4,unroll_34,unroll_5,pipeline_1,1,13.5,0.921788997002,False
workload_718.cpp,xczu7ev-ffvc1156-2-e,10,94.62234,99,47,34,18,37,cyclic_16_1,cyclic_2_1,block_32_1,pipeline_1,pipeline_1,pipeline_1,unroll_64,unroll_64,pipeline_1,unroll_4,pipeline_1,unroll_2,1,34,0.707980711257,False
workload_583.cpp,xczu7ev-ffvc1156-2-e,10,94.62301,102,47,34,18,37,cyclic_16_1,cyclic_2_1,block_32_1,unroll_5,pipeline_1,pipeline_1,unroll_64,unroll_64,unroll_8,unroll_4,pipeline_1,unroll_8,1,34,0.707980712066,False
workload_693.cpp,xczu7ev-ffvc1156-2-e,10,809.11201,77,53,6,6,16,cyclic_16_1,cyclic_2_1,block_32_1,unroll_5,pipeline_1,unroll_2,unroll_32,unroll_2,unroll_8,unroll_4,pipeline_1,unroll_2,1,20.25,0.866179570664,False
workload_840.cpp,xczu7ev-ffvc1156-2-e,10,94.59546,101,47,34,18,37,cyclic_16_1,cyclic_2_1,cyclic_2_1,pipeline_1,pipeline_1,pipeline_1,unroll_64,unroll_64,pipeline_1,unroll_2,pipeline_1,unroll_2,1,34,0.70798067872,False
workload_623.cpp,xczu7ev-ffvc1156-2-e,10,94.59546,93,47,34,18,37,cyclic_16_1,cyclic_2_1,cyclic_2_1,pipeline_1,pipeline_1,pipeline_1,unroll_64,unroll_64,pipeline_1,unroll_4,pipeline_1,unroll_2,1,34,0.70798067872,False
workload_834.cpp,xczu7ev-ffvc1156-2-e,10,587.2988,108,48,1,4,19,cyclic_16_1,cyclic_2_1,cyclic_2_1,pipeline_1,pipeline_1,unroll_2,pipeline_1,unroll_64,unroll_4,unroll_4,pipeline_1,pipeline_1,1,18,0.903768201636,False
workload_902.cpp,xczu7ev-ffvc1156-2-e,10,577.06138,269,48,1,36,63,cyclic_16_1,cyclic_2_1,cyclic_2_1,pipeline_1,pipeline_1,unroll_32,unroll_64,unroll_64,unroll_8,unroll_4,pipeline_1,pipeline_1,1,37,0.642556683296,False
workload_803.cpp,xczu7ev-ffvc1156-2-e,10,577.06138,268,48,1,36,63,cyclic_16_1,cyclic_2_1,cyclic_2_1,pipeline_1,pipeline_1,unroll_32,unroll_64,unroll_64,unroll_8,unroll_4,pipeline_1,unroll_2,1,37,0.642556683296,False
workload_936.cpp,xczu7ev-ffvc1156-2-e,10,94.59849,98,47,34,18,37,cyclic_16_1,cyclic_2_1,cyclic_2_1,unroll_5,pipeline_1,pipeline_1,unroll_32,unroll_64,pipeline_1,unroll_4,pipeline_1,unroll_2,1,34,0.707980682394,False
workload_665.cpp,xczu7ev-ffvc1156-2-e,10,493.17597,369,58,13,54,74,cyclic_16_1,cyclic_2_1,cyclic_2_1,unroll_5,pipeline_1,unroll_32,unroll_64,unroll_64,unroll_8,unroll_4,pipeline_1,unroll_2,1,49.75,0.522214083505,False
workload_938.cpp,xczu7ev-ffvc1156-2-e,10,2895.48186,85,47,0,1,14,cyclic_16_1,cyclic_2_1,cyclic_4_1,pipeline_1,pipeline_1,unroll_2,unroll_32,unroll_64,unroll_8,unroll_4,unroll_5,unroll_8,1,15.5,0.870933202554,False
workload_947.cpp,xczu7ev-ffvc1156-2-e,10,3903.5049,336,47,0,8,52,cyclic_16_1,cyclic_2_1,cyclic_4_1,pipeline_1,pipeline_1,unroll_32,unroll_64,unroll_64,unroll_8,unroll_4,unroll_5,unroll_2,1,26.75,0.694389541832,False
workload_275.cpp,xczu7ev-ffvc1156-2-e,10,1409.65706,1099,49,2,15,67,cyclic_16_1,cyclic_2_1,cyclic_4_1,pipeline_1,unroll_2,unroll_2,unroll_32,unroll_64,pipeline_1,unroll_4,pipeline_1,pipeline_1,1,33.25,0.688794605532,False
workload_868.cpp,xczu7ev-ffvc1156-2-e,10,94.58525,100,48,34,18,37,cyclic_16_1,cyclic_2_1,cyclic_4_1,unroll_5,pipeline_1,pipeline_1,unroll_32,unroll_64,unroll_8,unroll_4,pipeline_1,unroll_2,2,34.25,1,True
workload_86.cpp,xczu7ev-ffvc1156-2-e,10,950.41431,151,68,13,14,35,cyclic_16_1,cyclic_2_1,cyclic_4_1,unroll_5,unroll_32,unroll_4,unroll_2,unroll_2,unroll_16,unroll_4,pipeline_1,pipeline_1,1,32.5,0.704338642337,False
workload_171.cpp,xczu7ev-ffvc1156-2-e,10,776.36256,190,68,13,13,41,cyclic_16_1,cyclic_2_1,cyclic_4_1,unroll_5,unroll_32,unroll_4,unroll_64,unroll_4,unroll_16,unroll_34,pipeline_1,pipeline_1,1,33.75,0.698528132862,False
workload_791.cpp,xczu7ev-ffvc1156-2-e,10,550.59864,128,48,4,6,24,cyclic_16_1,cyclic_2_1,cyclic_8_1,pipeline_1,pipeline_1,unroll_2,pipeline_1,unroll_64,unroll_16,unroll_4,pipeline_1,unroll_8,1,20.5,0.870341638619,False
workload_381.cpp,xczu7ev-ffvc1156-2-e,10,826.78773,81,48,4,5,17,cyclic_16_1,cyclic_2_1,cyclic_8_1,pipeline_1,pipeline_1,unroll_2,unroll_64,unroll_8,pipeline_1,unroll_4,pipeline_1,unroll_2,1,18.5,0.892245970266,False
workload_177.cpp,xczu7ev-ffvc1156-2-e,10,856.08884,92,48,4,9,22,cyclic_16_1,cyclic_2_1,cyclic_8_1,pipeline_1,pipeline_1,unroll_4,unroll_2,unroll_2,pipeline_1,unroll_4,pipeline_1,pipeline_1,1,20.75,0.860504337648,False
workload_21.cpp,xczu7ev-ffvc1156-2-e,10,1024.14184,142,48,4,11,31,cyclic_16_1,cyclic_2_1,cyclic_8_1,pipeline_1,unroll_32,unroll_4,unroll_2,unroll_2,unroll_16,unroll_4,pipeline_1,pipeline_1,1,23.5,0.819131332436,False
workload_199.cpp,xczu7ev-ffvc1156-2-e,10,1024.14184,126,48,4,11,31,cyclic_16_1,cyclic_2_1,cyclic_8_1,pipeline_1,unroll_32,unroll_4,unroll_2,unroll_2,unroll_16,unroll_4,pipeline_1,unroll_2,1,23.5,0.819131332436,False
workload_149.cpp,xczu7ev-ffvc1156-2-e,10,1024.14184,136,48,4,11,31,cyclic_16_1,cyclic_2_1,cyclic_8_1,pipeline_1,unroll_32,unroll_4,unroll_2,unroll_2,unroll_8,unroll_4,pipeline_1,pipeline_1,1,23.5,0.819131332436,False
workload_212.cpp,xczu7ev-ffvc1156-2-e,10,1021.58184,172,48,4,16,41,cyclic_16_1,cyclic_2_1,cyclic_8_1,pipeline_1,unroll_32,unroll_8,unroll_2,unroll_2,unroll_8,unroll_4,pipeline_1,pipeline_1,1,27.25,0.77118365711,False
workload_301.cpp,xczu7ev-ffvc1156-2-e,10,1342.0373,146,52,0,6,19,cyclic_16_1,cyclic_32_1,block_128_1,pipeline_1,pipeline_1,unroll_4,unroll_2,unroll_32,unroll_8,unroll_4,pipeline_1,unroll_2,1,19.25,0.865517886703,False
workload_325.cpp,xczu7ev-ffvc1156-2-e,10,1338.7605,189,52,0,9,23,cyclic_16_1,cyclic_32_1,block_128_1,pipeline_1,pipeline_1,unroll_8,unroll_2,unroll_32,unroll_16,unroll_4,pipeline_1,pipeline_1,1,21,0.843867329698,False
workload_751.cpp,xczu7ev-ffvc1156-2-e,10,493.17853,366,62,13,54,74,cyclic_16_1,cyclic_32_1,cyclic_2_1,unroll_5,pipeline_1,unroll_32,unroll_32,unroll_64,unroll_8,unroll_4,pipeline_1,unroll_8,1,50.75,0.518783848947,False
workload_311.cpp,xczu7ev-ffvc1156-2-e,10,1116.59346,135,51,4,6,23,cyclic_16_1,cyclic_32_1,cyclic_8_1,pipeline_1,pipeline_1,unroll_2,unroll_2,unroll_32,unroll_16,pipeline_1,pipeline_1,unroll_2,1,21,0.85026694721,False
workload_851.cpp,xczu7ev-ffvc1156-2-e,10,675.11962,80,48,0,3,12,cyclic_16_1,cyclic_4_1,block_32_1,pipeline_1,pipeline_1,unroll_2,unroll_64,unroll_64,unroll_16,unroll_2,pipeline_1,unroll_2,1,15.75,0.946665649079,False
workload_368.cpp,xczu7ev-ffvc1156-2-e,10,162.09621,103,48,34,18,33,cyclic_16_1,cyclic_4_1,cyclic_2_1,unroll_5,pipeline_1,pipeline_1,unroll_2,unroll_8,unroll_8,unroll_16,unroll_5,pipeline_1,1,33.25,0.713840271266,False
workload_334.cpp,xczu7ev-ffvc1156-2-e,10,2673.16631,78,47,0,2,10,cyclic_16_1,cyclic_4_1,cyclic_2_1,unroll_5,unroll_8,unroll_4,unroll_2,unroll_2,pipeline_1,unroll_4,unroll_5,pipeline_1,1,14.75,0.892534187965,False
workload_246.cpp,xczu7ev-ffvc1156-2-e,10,1089.04184,155,57,4,16,39,cyclic_16_1,cyclic_64_1,cyclic_8_1,pipeline_1,unroll_32,unroll_8,pipeline_1,unroll_2,unroll_8,unroll_2,pipeline_1,pipeline_1,1,29,0.746808107406,False
workload_630.cpp,xczu7ev-ffvc1156-2-e,10,112.96922,84,40,7,9,18,cyclic_2_1,block_16_1,block_128_1,pipeline_1,pipeline_1,pipeline_1,unroll_64,unroll_64,unroll_8,unroll_16,pipeline_1,unroll_2,1,18.5,0.910015715698,False
workload_463.cpp,xczu7ev-ffvc1156-2-e,10,1023.42645,69,45,0,2,7,cyclic_2_1,block_16_1,block_64_1,pipeline_1,pipeline_1,unroll_2,unroll_32,unroll_8,unroll_4,unroll_4,pipeline_1,unroll_8,1,13.5,0.967401787687,False
workload_560.cpp,xczu7ev-ffvc1156-2-e,10,112.91547,106,40,7,10,22,cyclic_2_1,block_16_1,cyclic_128_1,pipeline_1,pipeline_1,pipeline_1,unroll_64,unroll_64,unroll_8,unroll_16,pipeline_1,unroll_2,1,19.75,0.876087550232,False
workload_613.cpp,xczu7ev-ffvc1156-2-e,10,112.91547,97,40,7,10,22,cyclic_2_1,block_16_1,cyclic_128_1,pipeline_1,pipeline_1,pipeline_1,unroll_64,unroll_64,unroll_8,unroll_4,pipeline_1,unroll_2,1,19.75,0.876087550232,False
workload_536.cpp,xczu7ev-ffvc1156-2-e,10,112.91629,123,40,7,12,21,cyclic_2_1,block_16_1,cyclic_128_1,unroll_5,pipeline_1,pipeline_1,unroll_64,unroll_64,unroll_8,pipeline_1,pipeline_1,unroll_2,1,20,0.876119600101,False
workload_480.cpp,xczu7ev-ffvc1156-2-e,10,112.91629,123,40,7,12,21,cyclic_2_1,block_16_1,cyclic_128_1,unroll_5,pipeline_1,pipeline_1,unroll_64,unroll_64,unroll_8,unroll_16,pipeline_1,unroll_2,1,20,0.876119600101,False
workload_768.cpp,xczu7ev-ffvc1156-2-e,10,112.94234,87,41,7,9,17,cyclic_2_1,block_16_1,cyclic_2_1,pipeline_1,pipeline_1,pipeline_1,unroll_64,unroll_64,unroll_8,unroll_4,pipeline_1,unroll_2,1,18.5,0.910016310371,False
workload_703.cpp,xczu7ev-ffvc1156-2-e,10,236.19858,117,41,7,10,24,cyclic_2_1,block_16_1,cyclic_2_1,unroll_5,pipeline_1,pipeline_1,unroll_2,unroll_64,unroll_8,unroll_16,pipeline_1,unroll_2,1,20.5,0.875713165833,False
workload_230.cpp,xczu7ev-ffvc1156-2-e,10,191.95395,76,41,7,8,13,cyclic_2_1,block_2_1,block_64_1,pipeline_1,pipeline_1,pipeline_1,unroll_2,unroll_8,pipeline_1,unroll_2,pipeline_1,unroll_8,1,17.25,0.925328064302,False
workload_252.cpp,xczu7ev-ffvc1156-2-e,10,840.26941,186,41,13,10,34,cyclic_2_1,block_2_1,cyclic_128_1,pipeline_1,unroll_8,unroll_2,unroll_64,unroll_32,unroll_4,unroll_8,pipeline_1,unroll_2,1,24.5,0.810781265176,False
workload_860.cpp,xczu7ev-ffvc1156-2-e,10,527.01189,85,55,6,5,15,cyclic_2_1,block_32_1,block_128_1,unroll_5,pipeline_1,unroll_2,unroll_32,unroll_64,unroll_4,pipeline_1,pipeline_1,unroll_8,1,20.25,0.872190414923,False
workload_919.cpp,xczu7ev-ffvc1156-2-e,10,4346.10272,76,40,0,1,11,cyclic_2_1,block_32_1,block_128_1,unroll_5,pipeline_1,unroll_2,unroll_32,unroll_8,unroll_4,pipeline_1,unroll_5,unroll_8,1,13,0.852860516725,False
workload_464.cpp,xczu7ev-ffvc1156-2-e,10,112.96922,100,40,7,9,22,cyclic_2_1,block_32_1,block_32_1,pipeline_1,pipeline_1,pipeline_1,unroll_64,unroll_64,unroll_4,unroll_16,pipeline_1,unroll_2,1,19.5,0.882821416063,False
workload_490.cpp,xczu7ev-ffvc1156-2-e,10,681.67322,91,50,0,2,12,cyclic_2_1,block_32_1,block_32_1,pipeline_1,pipeline_1,unroll_2,unroll_64,unroll_64,unroll_16,unroll_16,pipeline_1,unroll_2,1,16,0.941435513076,False
workload_513.cpp,xczu7ev-ffvc1156-2-e,10,681.67322,90,50,0,2,12,cyclic_2_1,block_32_1,block_32_1,pipeline_1,pipeline_1,unroll_2,unroll_64,unroll_64,unroll_4,unroll_34,pipeline_1,unroll_8,1,16,0.941435513076,False
workload_745.cpp,xczu7ev-ffvc1156-2-e,10,112.97245,91,40,7,9,18,cyclic_2_1,block_32_1,block_32_1,unroll_5,pipeline_1,pipeline_1,unroll_32,unroll_64,unroll_8,unroll_16,unroll_5,unroll_2,1,18.5,0.910015644239,False
workload_473.cpp,xczu7ev-ffvc1156-2-e,10,112.96922,100,40,7,9,22,cyclic_2_1,block_32_1,block_64_1,pipeline_1,pipeline_1,pipeline_1,unroll_64,unroll_64,unroll_8,unroll_16,pipeline_1,unroll_2,1,19.5,0.882821416063,False
workload_140.cpp,xczu7ev-ffvc1156-2-e,10,191.8666,87,40,7,10,20,cyclic_2_1,block_32_1,cyclic_128_1,pipeline_1,pipeline_1,pipeline_1,unroll_2,unroll_8,pipeline_1,unroll_16,pipeline_1,unroll_2,1,19.25,0.889673265333,False
workload_169.cpp,xczu7ev-ffvc1156-2-e,10,191.8666,93,40,7,10,20,cyclic_2_1,block_32_1,cyclic_128_1,pipeline_1,pipeline_1,pipeline_1,unroll_2,unroll_8,unroll_16,unroll_16,pipeline_1,unroll_34,1,19.25,0.889673265333,False
workload_216.cpp,xczu7ev-ffvc1156-2-e,10,191.8666,92,40,7,10,20,cyclic_2_1,block_32_1,cyclic_128_1,pipeline_1,pipeline_1,pipeline_1,unroll_2,unroll_8,unroll_16,unroll_4,pipeline_1,unroll_8,1,19.25,0.889673265333,False
workload_209.cpp,xczu7ev-ffvc1156-2-e,10,177.3531,105,40,7,10,25,cyclic_2_1,block_32_1,cyclic_128_1,pipeline_1,pipeline_1,pipeline_1,unroll_64,unroll_4,pipeline_1,unroll_16,pipeline_1,unroll_2,1,20.5,0.876117792613,False
workload_342.cpp,xczu7ev-ffvc1156-2-e,10,112.91547,117,40,7,10,26,cyclic_2_1,block_32_1,cyclic_128_1,pipeline_1,pipeline_1,pipeline_1,unroll_64,unroll_64,unroll_8,unroll_16,pipeline_1,unroll_2,1,20.75,0.876203633116,False
workload_60.cpp,xczu7ev-ffvc1156-2-e,10,170.2591,103,40,7,10,25,cyclic_2_1,block_32_1,cyclic_128_1,pipeline_1,pipeline_1,pipeline_1,unroll_64,unroll_8,unroll_8,unroll_16,pipeline_1,unroll_2,1,20.5,0.876145341292,False
workload_719.cpp,xczu7ev-ffvc1156-2-e,10,7826.06326,125,40,0,3,20,cyclic_2_1,block_32_1,cyclic_128_1,pipeline_1,pipeline_1,unroll_2,unroll_32,unroll_8,unroll_8,pipeline_1,unroll_5,unroll_8,1,15.75,0.730127958834,False
workload_378.cpp,xczu7ev-ffvc1156-2-e,10,1035.49393,319,50,13,12,64,cyclic_2_1,block_32_1,cyclic_128_1,pipeline_1,pipeline_1,unroll_2,unroll_4,unroll_64,unroll_8,unroll_16,pipeline_1,unroll_2,1,34.75,0.679930471283,False
workload_552.cpp,xczu7ev-ffvc1156-2-e,10,513.90107,209,50,13,10,38,cyclic_2_1,block_32_1,cyclic_128_1,pipeline_1,pipeline_1,unroll_2,unroll_64,unroll_64,unroll_8,unroll_4,pipeline_1,unroll_2,1,27.75,0.777814468772,False
workload_574.cpp,xczu7ev-ffvc1156-2-e,10,4217.99981,135,40,0,5,19,cyclic_2_1,block_32_1,cyclic_128_1,unroll_5,pipeline_1,unroll_2,unroll_32,unroll_64,unroll_8,unroll_16,unroll_5,unroll_2,1,16,0.817942435438,False
workload_634.cpp,xczu7ev-ffvc1156-2-e,10,597.78456,133,51,1,4,25,cyclic_2_1,block_32_1,cyclic_2_1,pipeline_1,pipeline_1,unroll_2,pipeline_1,unroll_64,unroll_4,unroll_4,pipeline_1,unroll_8,1,20.25,0.870829155987,False
workload_804.cpp,xczu7ev-ffvc1156-2-e,10,5908.99098,381,40,0,7,37,cyclic_2_1,block_32_1,cyclic_8_1,pipeline_1,pipeline_1,unroll_32,unroll_32,unroll_64,unroll_8,unroll_16,unroll_5,unroll_2,1,21,0.694732555827,False
workload_689.cpp,xczu7ev-ffvc1156-2-e,10,5911.44925,77,40,0,1,11,cyclic_2_1,block_32_1,cyclic_8_1,unroll_5,pipeline_1,unroll_2,unroll_32,unroll_64,unroll_8,unroll_16,unroll_5,unroll_2,1,13,0.834836456433,False
workload_402.cpp,xczu7ev-ffvc1156-2-e,10,112.96922,78.5,41,7,9,15,cyclic_2_1,block_4_1,block_128_1,pipeline_1,pipeline_1,pipeline_1,unroll_64,unroll_64,unroll_16,unroll_16,pipeline_1,unroll_2,2,18,0.909903185887,False
workload_946.cpp,xczu7ev-ffvc1156-2-e,10,1022.63388,64,41,0,2,7,cyclic_2_1,block_4_1,block_128_1,pipeline_1,pipeline_1,unroll_2,unroll_64,unroll_32,unroll_16,unroll_16,pipeline_1,unroll_2,1,12.5,0.980197698841,False
workload_441.cpp,xczu7ev-ffvc1156-2-e,10,681.67322,70,41,0,2,7,cyclic_2_1,block_4_1,block_128_1,pipeline_1,pipeline_1,unroll_2,unroll_64,unroll_64,unroll_16,unroll_16,pipeline_1,unroll_2,1,12.5,1,True
workload_643.cpp,xczu7ev-ffvc1156-2-e,10,681.67322,69,41,0,2,7,cyclic_2_1,block_4_1,block_128_1,pipeline_1,pipeline_1,unroll_2,unroll_64,unroll_64,unroll_8,unroll_16,pipeline_1,unroll_2,1,12.5,1,True
workload_585.cpp,xczu7ev-ffvc1156-2-e,10,680.35992,140,41,0,5,16,cyclic_2_1,block_4_1,block_128_1,pipeline_1,pipeline_1,unroll_4,pipeline_1,unroll_64,unroll_16,pipeline_1,pipeline_1,unroll_2,1,15.5,0.948965642373,False
workload_348.cpp,xczu7ev-ffvc1156-2-e,10,1071.12884,75,41,0,4,9,cyclic_2_1,block_4_1,block_128_1,pipeline_1,pipeline_1,unroll_4,unroll_2,unroll_2,unroll_8,pipeline_1,pipeline_1,unroll_2,1,13.5,0.965429059987,False
workload_291.cpp,xczu7ev-ffvc1156-2-e,10,1066.01284,99,41,0,7,15,cyclic_2_1,block_4_1,block_128_1,pipeline_1,pipeline_1,unroll_8,pipeline_1,unroll_2,unroll_4,unroll_4,pipeline_1,unroll_2,1,15.75,0.934897537405,False
workload_880.cpp,xczu7ev-ffvc1156-2-e,10,527.01189,75,46,6,5,13,cyclic_2_1,block_4_1,block_128_1,unroll_5,pipeline_1,unroll_2,unroll_32,unroll_64,unroll_4,pipeline_1,pipeline_1,unroll_8,1,17.5,0.913953807678,False
workload_874.cpp,xczu7ev-ffvc1156-2-e,10,1065.89541,483,41,0,7,20,cyclic_2_1,block_4_1,block_16_1,pipeline_1,pipeline_1,unroll_2,unroll_32,unroll_32,unroll_16,unroll_4,pipeline_1,unroll_2,1,17,0.909335716587,False
workload_724.cpp,xczu7ev-ffvc1156-2-e,10,555.95409,323,41,50,31,56,cyclic_2_1,block_4_1,block_16_1,unroll_5,pipeline_1,unroll_2,pipeline_1,unroll_64,unroll_16,unroll_4,pipeline_1,unroll_2,1,44.5,0.523823108838,False
workload_799.cpp,xczu7ev-ffvc1156-2-e,10,169.57002,89,41,7,9,16,cyclic_2_1,block_4_1,block_32_1,pipeline_1,pipeline_1,pipeline_1,pipeline_1,unroll_32,unroll_16,unroll_4,pipeline_1,unroll_8,1,18.25,0.90990459918,False
workload_889.cpp,xczu7ev-ffvc1156-2-e,10,112.96922,79,41,7,9,15,cyclic_2_1,block_4_1,block_32_1,pipeline_1,pipeline_1,pipeline_1,unroll_64,unroll_64,pipeline_1,unroll_4,pipeline_1,pipeline_1,1,18,0.909903185887,False
workload_838.cpp,xczu7ev-ffvc1156-2-e,10,112.96922,77,41,7,9,15,cyclic_2_1,block_4_1,block_32_1,pipeline_1,pipeline_1,pipeline_1,unroll_64,unroll_64,pipeline_1,unroll_4,unroll_5,unroll_2,1,18,0.909903185887,False
workload_546.cpp,xczu7ev-ffvc1156-2-e,10,112.96922,80,41,7,9,15,cyclic_2_1,block_4_1,block_32_1,pipeline_1,pipeline_1,pipeline_1,unroll_64,unroll_64,unroll_16,pipeline_1,pipeline_1,unroll_2,1,18,0.909903185887,False
workload_848.cpp,xczu7ev-ffvc1156-2-e,10,112.96922,81,41,7,9,15,cyclic_2_1,block_4_1,block_32_1,pipeline_1,pipeline_1,pipeline_1,unroll_64,unroll_64,unroll_16,unroll_16,pipeline_1,unroll_2,1,18,0.909903185887,False
workload_590.cpp,xczu7ev-ffvc1156-2-e,10,112.96922,78,41,7,9,15,cyclic_2_1,block_4_1,block_32_1,pipeline_1,pipeline_1,pipeline_1,unroll_64,unroll_64,unroll_4,unroll_4,pipeline_1,unroll_2,1,18,0.909903185887,False
workload_445.cpp,xczu7ev-ffvc1156-2-e,10,1022.64156,67,41,0,2,6,cyclic_2_1,block_4_1,block_32_1,pipeline_1,pipeline_1,unroll_2,unroll_32,unroll_32,unroll_16,unroll_4,pipeline_1,unroll_2,1,12.25,0.980854720845,False
workload_545.cpp,xczu7ev-ffvc1156-2-e,10,1022.64156,67,41,0,2,6,cyclic_2_1,block_4_1,block_32_1,pipeline_1,pipeline_1,unroll_2,unroll_32,unroll_32,unroll_4,unroll_4,pipeline_1,unroll_2,1,12.25,0.980854720845,False
workload_948.cpp,xczu7ev-ffvc1156-2-e,10,681.67578,66,41,0,2,7,cyclic_2_1,block_4_1,block_32_1,pipeline_1,pipeline_1,unroll_2,unroll_32,unroll_64,unroll_16,unroll_4,pipeline_1,unroll_2,1,12.5,0.996365755871,False
workload_523.cpp,xczu7ev-ffvc1156-2-e,10,681.67578,69,41,0,2,7,cyclic_2_1,block_4_1,block_32_1,pipeline_1,pipeline_1,unroll_2,unroll_32,unroll_64,unroll_8,unroll_4,pipeline_1,unroll_2,1,12.5,0.996365755871,False
workload_882.cpp,xczu7ev-ffvc1156-2-e,10,1022.63388,64,41,0,2,7,cyclic_2_1,block_4_1,block_32_1,pipeline_1,pipeline_1,unroll_2,unroll_64,unroll_32,unroll_16,unroll_4,pipeline_1,unroll_2,1,12.5,0.980197698841,False
workload_603.cpp,xczu7ev-ffvc1156-2-e,10,681.67322,69,41,0,2,7,cyclic_2_1,block_4_1,block_32_1,pipeline_1,pipeline_1,unroll_2,unroll_64,unroll_64,unroll_8,unroll_4,pipeline_1,unroll_8,1,12.5,1,True
workload_593.cpp,xczu7ev-ffvc1156-2-e,10,1018.95516,247,41,0,29,54,cyclic_2_1,block_4_1,block_32_1,pipeline_1,pipeline_1,unroll_32,unroll_32,unroll_32,unroll_16,unroll_4,pipeline_1,unroll_2,1,31,0.707840000368,False
workload_861.cpp,xczu7ev-ffvc1156-2-e,10,1021.39803,97,41,0,4,10,cyclic_2_1,block_4_1,block_32_1,pipeline_1,pipeline_1,unroll_4,pipeline_1,unroll_8,unroll_16,unroll_4,pipeline_1,unroll_2,1,13.75,0.963750579778,False
workload_928.cpp,xczu7ev-ffvc1156-2-e,10,680.3625,84,41,0,4,11,cyclic_2_1,block_4_1,block_32_1,pipeline_1,pipeline_1,unroll_4,unroll_64,unroll_64,unroll_16,unroll_2,pipeline_1,unroll_2,1,14,0.967105876723,False
workload_943.cpp,xczu7ev-ffvc1156-2-e,10,112.96969,81,41,7,9,15,cyclic_2_1,block_4_1,block_32_1,unroll_5,pipeline_1,pipeline_1,unroll_64,unroll_64,pipeline_1,unroll_4,pipeline_1,pipeline_1,1,18,0.909903188256,False
workload_501.cpp,xczu7ev-ffvc1156-2-e,10,112.97029,80,41,7,9,15,cyclic_2_1,block_4_1,block_32_1,unroll_5,pipeline_1,pipeline_1,unroll_64,unroll_64,unroll_4,pipeline_1,pipeline_1,unroll_2,1,18,0.90990319128,False
workload_526.cpp,xczu7ev-ffvc1156-2-e,10,170.3402,77,41,7,9,14,cyclic_2_1,block_4_1,block_32_1,unroll_5,pipeline_1,pipeline_1,unroll_64,unroll_8,unroll_16,pipeline_1,pipeline_1,unroll_8,1,17.75,0.916715275782,False
workload_497.cpp,xczu7ev-ffvc1156-2-e,10,527.00615,123,46,6,6,19,cyclic_2_1,block_4_1,block_32_1,unroll_5,pipeline_1,unroll_2,pipeline_1,unroll_64,pipeline_1,unroll_4,pipeline_1,unroll_2,1,19.25,0.885919702542,False
workload_374.cpp,xczu7ev-ffvc1156-2-e,10,527.00614,121.5,46,6,6,19,cyclic_2_1,block_4_1,block_32_1,unroll_5,pipeline_1,unroll_2,pipeline_1,unroll_64,unroll_16,unroll_4,pipeline_1,unroll_2,2,19.25,0.885919702724,False
workload_626.cpp,xczu7ev-ffvc1156-2-e,10,790.64459,68,46,6,5,13,cyclic_2_1,block_4_1,block_32_1,unroll_5,pipeline_1,unroll_2,unroll_32,unroll_32,unroll_16,unroll_4,pipeline_1,unroll_2,1,17.5,0.907111053087,False
workload_340.cpp,xczu7ev-ffvc1156-2-e,10,527.00873,77,46,6,5,14,cyclic_2_1,block_4_1,block_32_1,unroll_5,pipeline_1,unroll_2,unroll_64,unroll_64,unroll_16,pipeline_1,pipeline_1,unroll_2,1,17.75,0.90997860356,False
workload_620.cpp,xczu7ev-ffvc1156-2-e,10,527.00873,77,46,6,5,14,cyclic_2_1,block_4_1,block_32_1,unroll_5,pipeline_1,unroll_2,unroll_64,unroll_64,unroll_16,unroll_2,pipeline_1,unroll_2,1,17.75,0.90997860356,False
workload_699.cpp,xczu7ev-ffvc1156-2-e,10,525.69801,91,46,6,8,18,cyclic_2_1,block_4_1,block_32_1,unroll_5,pipeline_1,unroll_4,unroll_64,unroll_64,pipeline_1,unroll_4,pipeline_1,unroll_2,1,19.5,0.880056416151,False
workload_738.cpp,xczu7ev-ffvc1156-2-e,10,525.69801,94,46,6,8,19,cyclic_2_1,block_4_1,block_32_1,unroll_5,pipeline_1,unroll_4,unroll_64,unroll_64,unroll_16,unroll_16,pipeline_1,unroll_2,1,19.75,0.873929115366,False
workload_909.cpp,xczu7ev-ffvc1156-2-e,10,525.04285,119,46,6,14,29,cyclic_2_1,block_4_1,block_32_1,unroll_5,pipeline_1,unroll_8,unroll_64,unroll_64,unroll_8,unroll_4,pipeline_1,unroll_2,1,23.75,0.829116778193,False
workload_520.cpp,xczu7ev-ffvc1156-2-e,10,681.67322,70,41,0,2,7,cyclic_2_1,block_4_1,block_64_1,pipeline_1,pipeline_1,unroll_2,unroll_64,unroll_64,unroll_16,unroll_16,pipeline_1,unroll_8,1,12.5,1,True
workload_906.cpp,xczu7ev-ffvc1156-2-e,10,3904.7337,67,41,0,1,6,cyclic_2_1,block_4_1,block_64_1,pipeline_1,pipeline_1,unroll_2,unroll_64,unroll_64,unroll_16,unroll_4,unroll_5,unroll_2,1,12,0.873913572926,False
workload_660.cpp,xczu7ev-ffvc1156-2-e,10,527.00614,125,46,6,6,19,cyclic_2_1,block_4_1,block_64_1,unroll_5,pipeline_1,unroll_2,pipeline_1,unroll_64,unroll_16,unroll_4,pipeline_1,unroll_2,1,19.25,0.885919702724,False
workload_37.cpp,xczu7ev-ffvc1156-2-e,10,170.2591,83,41,7,10,18,cyclic_2_1,block_4_1,cyclic_128_1,pipeline_1,pipeline_1,pipeline_1,unroll_64,unroll_8,unroll_16,unroll_16,unroll_5,unroll_2,1,19,0.896433745059,False
workload_218.cpp,xczu7ev-ffvc1156-2-e,10,170.2591,92,41,7,10,18,cyclic_2_1,block_4_1,cyclic_128_1,pipeline_1,pipeline_1,pipeline_1,unroll_64,unroll_8,unroll_16,unroll_16,unroll_5,unroll_34,1,19,0.896433745059,False
workload_308.cpp,xczu7ev-ffvc1156-2-e,10,811.03285,169,41,13,10,32,cyclic_2_1,block_4_1,cyclic_128_1,pipeline_1,pipeline_1,unroll_2,unroll_2,unroll_2,unroll_16,unroll_16,pipeline_1,unroll_2,1,24,0.81911694043,False
workload_316.cpp,xczu7ev-ffvc1156-2-e,10,805.39935,168,41,13,10,32,cyclic_2_1,block_4_1,cyclic_128_1,pipeline_1,pipeline_1,unroll_2,unroll_8,unroll_2,unroll_8,unroll_16,pipeline_1,unroll_2,1,24,0.819262052941,False
workload_784.cpp,xczu7ev-ffvc1156-2-e,10,112.9449,76,41,7,9,14,cyclic_2_1,block_4_1,cyclic_2_1,pipeline_1,pipeline_1,pipeline_1,unroll_32,unroll_64,unroll_16,unroll_4,pipeline_1,unroll_8,1,17.75,0.91675486841,False
workload_850.cpp,xczu7ev-ffvc1156-2-e,10,112.9449,79,41,7,9,14,cyclic_2_1,block_4_1,cyclic_2_1,pipeline_1,pipeline_1,pipeline_1,unroll_32,unroll_64,unroll_8,unroll_4,pipeline_1,pipeline_1,1,17.75,0.91675486841,False
workload_759.cpp,xczu7ev-ffvc1156-2-e,10,170.33013,74,41,7,8,13,cyclic_2_1,block_4_1,cyclic_2_1,pipeline_1,pipeline_1,pipeline_1,unroll_32,unroll_8,unroll_16,unroll_4,pipeline_1,unroll_8,1,17.25,0.92580120321,False
workload_611.cpp,xczu7ev-ffvc1156-2-e,10,112.94234,75,41,7,9,14,cyclic_2_1,block_4_1,cyclic_2_1,pipeline_1,pipeline_1,pipeline_1,unroll_64,unroll_64,unroll_16,unroll_16,pipeline_1,unroll_8,1,17.75,0.916754854883,False
workload_561.cpp,xczu7ev-ffvc1156-2-e,10,597.78456,117,42,1,4,14,cyclic_2_1,block_4_1,cyclic_2_1,pipeline_1,pipeline_1,unroll_2,pipeline_1,unroll_64,unroll_8,unroll_4,pipeline_1,unroll_2,1,15.25,0.956523806017,False
workload_493.cpp,xczu7ev-ffvc1156-2-e,10,597.7897,70,42,1,3,8,cyclic_2_1,block_4_1,cyclic_2_1,pipeline_1,pipeline_1,unroll_2,unroll_32,unroll_64,unroll_16,unroll_4,pipeline_1,unroll_2,1,13.5,0.981457753424,False
workload_671.cpp,xczu7ev-ffvc1156-2-e,10,513.89894,130,51,13,9,23,cyclic_2_1,block_4_1,cyclic_2_1,unroll_5,pipeline_1,unroll_2,pipeline_1,unroll_64,unroll_16,unroll_4,pipeline_1,unroll_2,1,24,0.826609457324,False
workload_587.cpp,xczu7ev-ffvc1156-2-e,10,771.76888,76,62,13,8,17,cyclic_2_1,block_4_1,cyclic_4_1,unroll_5,pipeline_1,unroll_2,unroll_32,unroll_8,unroll_8,pipeline_1,pipeline_1,unroll_2,1,25,0.802784953001,False
workload_619.cpp,xczu7ev-ffvc1156-2-e,10,5858.01784,57,41,0,1,5,cyclic_2_1,block_4_1,cyclic_4_1,unroll_5,pipeline_1,unroll_2,unroll_32,unroll_8,unroll_8,unroll_4,unroll_5,unroll_2,1,11.75,0.852986418157,False
workload_126.cpp,xczu7ev-ffvc1156-2-e,10,858.38281,111,41,13,16,28,cyclic_2_1,block_4_1,cyclic_64_1,unroll_5,unroll_2,unroll_2,unroll_32,unroll_2,pipeline_1,pipeline_1,pipeline_1,pipeline_1,1,24.5,0.810339782432,False
workload_82.cpp,xczu7ev-ffvc1156-2-e,10,890.58788,199,41,13,20,45,cyclic_2_1,block_4_1,cyclic_64_1,unroll_5,unroll_2,unroll_4,unroll_32,unroll_8,pipeline_1,pipeline_1,pipeline_1,pipeline_1,1,29.75,0.736730043326,False
workload_930.cpp,xczu7ev-ffvc1156-2-e,10,112.91928,119,41,7,9,20,cyclic_2_1,block_4_1,cyclic_8_1,pipeline_1,pipeline_1,pipeline_1,pipeline_1,unroll_64,unroll_4,unroll_4,pipeline_1,unroll_2,1,19.25,0.889581326009,False
workload_208.cpp,xczu7ev-ffvc1156-2-e,10,884.76084,70,41,4,5,12,cyclic_2_1,block_4_1,cyclic_8_1,pipeline_1,pipeline_1,unroll_2,unroll_2,unroll_2,unroll_16,pipeline_1,pipeline_1,unroll_2,2,15.5,0.944107272281,False
workload_270.cpp,xczu7ev-ffvc1156-2-e,10,884.76084,71,41,4,5,12,cyclic_2_1,block_4_1,cyclic_8_1,pipeline_1,pipeline_1,unroll_2,unroll_2,unroll_2,unroll_16,unroll_4,pipeline_1,unroll_2,1,15.5,0.944107272281,False
workload_777.cpp,xczu7ev-ffvc1156-2-e,10,559.77368,135,41,4,9,25,cyclic_2_1,block_4_1,cyclic_8_1,pipeline_1,pipeline_1,unroll_4,pipeline_1,unroll_64,unroll_16,unroll_4,pipeline_1,unroll_8,1,19.75,0.873466384096,False
workload_313.cpp,xczu7ev-ffvc1156-2-e,10,882.71284,87,41,4,8,18,cyclic_2_1,block_4_1,cyclic_8_1,pipeline_1,pipeline_1,unroll_4,unroll_2,unroll_2,pipeline_1,pipeline_1,pipeline_1,unroll_2,1,17.75,0.90064095051,False
workload_250.cpp,xczu7ev-ffvc1156-2-e,10,882.71284,86,41,4,8,18,cyclic_2_1,block_4_1,cyclic_8_1,pipeline_1,pipeline_1,unroll_4,unroll_2,unroll_2,unroll_16,pipeline_1,pipeline_1,unroll_2,1,17.75,0.90064095051,False
workload_174.cpp,xczu7ev-ffvc1156-2-e,10,882.71284,83,41,4,8,18,cyclic_2_1,block_4_1,cyclic_8_1,pipeline_1,pipeline_1,unroll_4,unroll_2,unroll_2,unroll_16,unroll_4,pipeline_1,unroll_2,1,17.75,0.90064095051,False
workload_832.cpp,xczu7ev-ffvc1156-2-e,10,559.77882,88,41,4,8,19,cyclic_2_1,block_4_1,cyclic_8_1,pipeline_1,pipeline_1,unroll_4,unroll_32,unroll_64,unroll_16,unroll_4,pipeline_1,unroll_8,1,18,0.904382097936,False
workload_856.cpp,xczu7ev-ffvc1156-2-e,10,559.77882,96,41,4,8,19,cyclic_2_1,block_4_1,cyclic_8_1,pipeline_1,pipeline_1,unroll_4,unroll_32,unroll_64,unroll_8,unroll_4,pipeline_1,unroll_8,1,18,0.904382097936,False
workload_869.cpp,xczu7ev-ffvc1156-2-e,10,512.59337,103,41,13,13,25,cyclic_2_1,block_4_1,cyclic_8_1,unroll_5,pipeline_1,unroll_4,unroll_32,unroll_64,unroll_16,pipeline_1,pipeline_1,unroll_8,1,23,0.83787051655,False
workload_908.cpp,xczu7ev-ffvc1156-2-e,10,527.01701,90,66,6,5,16,cyclic_2_1,block_64_1,block_128_1,unroll_5,pipeline_1,unroll_2,unroll_16,unroll_64,unroll_4,pipeline_1,pipeline_1,unroll_8,1,23.25,0.832303490189,False
workload_830.cpp,xczu7ev-ffvc1156-2-e,10,1599.18025,94,40,0,1,16,cyclic_2_1,block_64_1,block_128_1,unroll_5,pipeline_1,unroll_2,unroll_32,unroll_64,unroll_16,pipeline_1,unroll_5,pipeline_1,1,14.25,0.931810589039,False
workload_754.cpp,xczu7ev-ffvc1156-2-e,10,770.98333,180,60,13,10,38,cyclic_2_1,block_64_1,cyclic_128_1,pipeline_1,pipeline_1,unroll_2,unroll_32,unroll_32,unroll_8,unroll_4,pipeline_1,unroll_8,1,30.25,0.727750464339,False
workload_917.cpp,xczu7ev-ffvc1156-2-e,10,597.7897,96,61,1,3,14,cyclic_2_1,block_64_1,cyclic_2_1,pipeline_1,pipeline_1,unroll_2,unroll_32,unroll_64,unroll_4,unroll_4,pipeline_1,unroll_34,1,19.75,0.872910262774,False
workload_858.cpp,xczu7ev-ffvc1156-2-e,10,112.94537,110,41,7,9,23,cyclic_2_1,block_64_1,cyclic_2_1,unroll_5,pipeline_1,pipeline_1,unroll_32,unroll_64,unroll_16,pipeline_1,unroll_5,unroll_2,1,20,0.876119692049,False
workload_875.cpp,xczu7ev-ffvc1156-2-e,10,5911.44925,100,40,0,2,18,cyclic_2_1,block_64_1,cyclic_32_1,unroll_5,pipeline_1,unroll_2,unroll_32,unroll_64,unroll_8,unroll_16,unroll_5,unroll_2,1,15,0.804431882046,False
workload_475.cpp,xczu7ev-ffvc1156-2-e,10,679.21304,487,43,0,30,63,cyclic_2_1,block_8_1,block_32_1,pipeline_1,pipeline_1,unroll_32,pipeline_1,unroll_64,unroll_4,unroll_4,pipeline_1,unroll_8,1,34,0.697484318928,False
workload_426.cpp,xczu7ev-ffvc1156-2-e,10,1019.21679,255,43,0,29,55,cyclic_2_1,block_8_1,block_32_1,pipeline_1,pipeline_1,unroll_32,unroll_32,unroll_16,pipeline_1,pipeline_1,pipeline_1,unroll_8,1,31.75,0.705977866184,False
workload_485.cpp,xczu7ev-ffvc1156-2-e,10,112.97029,81,41,7,9,16,cyclic_2_1,block_8_1,block_32_1,unroll_5,pipeline_1,pipeline_1,unroll_64,unroll_64,unroll_4,unroll_4,pipeline_1,unroll_8,1,18.25,0.909962490266,False
workload_525.cpp,xczu7ev-ffvc1156-2-e,10,527.00634,125,48,6,6,21,cyclic_2_1,block_8_1,block_32_1,unroll_5,pipeline_1,unroll_2,pipeline_1,unroll_64,unroll_8,unroll_4,pipeline_1,unroll_8,1,20.25,0.872190516766,False
workload_442.cpp,xczu7ev-ffvc1156-2-e,10,527.00893,77,48,6,5,14,cyclic_2_1,block_8_1,block_32_1,unroll_5,pipeline_1,unroll_2,unroll_64,unroll_64,unroll_8,unroll_4,pipeline_1,unroll_8,1,18.25,0.903100176775,False
workload_433.cpp,xczu7ev-ffvc1156-2-e,10,821.59241,306,48,6,51,87,cyclic_2_1,block_8_1,block_32_1,unroll_5,pipeline_1,unroll_32,unroll_64,unroll_2,unroll_4,unroll_4,pipeline_1,unroll_8,1,48,0.521279037648,False
workload_572.cpp,xczu7ev-ffvc1156-2-e,10,524.55173,319,48,6,51,88,cyclic_2_1,block_8_1,block_32_1,unroll_5,pipeline_1,unroll_32,unroll_64,unroll_64,unroll_4,unroll_4,pipeline_1,unroll_2,1,48.25,0.52318913865,False
workload_383.cpp,xczu7ev-ffvc1156-2-e,10,524.55173,320,48,6,51,88,cyclic_2_1,block_8_1,block_32_1,unroll_5,pipeline_1,unroll_32,unroll_64,unroll_64,unroll_4,unroll_4,pipeline_1,unroll_8,1,48.25,0.52318913865,False
workload_360.cpp,xczu7ev-ffvc1156-2-e,10,681.67578,70,43,0,2,7,cyclic_2_1,block_8_1,block_64_1,pipeline_1,pipeline_1,unroll_2,unroll_32,unroll_64,unroll_8,unroll_4,pipeline_1,unroll_8,1,13,0.985495496398,False
workload_430.cpp,xczu7ev-ffvc1156-2-e,10,1023.42645,68,43,0,2,6,cyclic_2_1,block_8_1,block_64_1,pipeline_1,pipeline_1,unroll_2,unroll_32,unroll_8,unroll_4,unroll_4,pipeline_1,unroll_8,1,12.75,0.978109989498,False
workload_366.cpp,xczu7ev-ffvc1156-2-e,10,184.49285,87,41,7,9,17,cyclic_2_1,block_8_1,cyclic_128_1,pipeline_1,pipeline_1,pipeline_1,unroll_2,unroll_2,unroll_8,unroll_16,pipeline_1,pipeline_1,1,18.5,0.908413788972,False
workload_421.cpp,xczu7ev-ffvc1156-2-e,10,170.2591,92,41,7,10,19,cyclic_2_1,block_8_1,cyclic_128_1,pipeline_1,pipeline_1,pipeline_1,unroll_64,unroll_8,unroll_8,unroll_16,pipeline_1,unroll_8,1,19.25,0.889693892238,False
workload_418.cpp,xczu7ev-ffvc1156-2-e,10,513.90363,184,42,13,10,33,cyclic_2_1,block_8_1,cyclic_128_1,pipeline_1,pipeline_1,unroll_2,unroll_32,unroll_64,unroll_8,unroll_4,pipeline_1,unroll_8,1,24.5,0.81822011965,False
workload_553.cpp,xczu7ev-ffvc1156-2-e,10,112.9449,78,42,7,9,14,cyclic_2_1,block_8_1,cyclic_2_1,pipeline_1,pipeline_1,pipeline_1,unroll_32,unroll_64,pipeline_1,pipeline_1,pipeline_1,unroll_8,1,18,0.909903063271,False
workload_631.cpp,xczu7ev-ffvc1156-2-e,10,597.78714,71,43,1,3,9,cyclic_2_1,block_8_1,cyclic_2_1,pipeline_1,pipeline_1,unroll_2,unroll_64,unroll_64,unroll_16,unroll_34,pipeline_1,unroll_2,1,14,0.967443375337,False
workload_437.cpp,xczu7ev-ffvc1156-2-e,10,171.29205,77,40,7,8,15,cyclic_2_1,cyclic_128_1,block_128_1,pipeline_1,pipeline_1,pipeline_1,unroll_32,unroll_8,unroll_4,pipeline_1,pipeline_1,unroll_8,1,17.5,0.922361990121,False
workload_321.cpp,xczu7ev-ffvc1156-2-e,10,171.29205,82,40,7,8,15,cyclic_2_1,cyclic_128_1,block_128_1,pipeline_1,pipeline_1,pipeline_1,unroll_32,unroll_8,unroll_8,unroll_16,pipeline_1,unroll_8,1,17.5,0.922361990121,False
workload_376.cpp,xczu7ev-ffvc1156-2-e,10,1024.34805,72,61,0,2,8,cyclic_2_1,cyclic_128_1,block_128_1,pipeline_1,pipeline_1,unroll_2,unroll_32,unroll_8,unroll_4,unroll_4,pipeline_1,pipeline_1,1,17.75,0.896559587655,False
workload_728.cpp,xczu7ev-ffvc1156-2-e,10,681.67322,95,61,0,3,9,cyclic_2_1,cyclic_128_1,block_128_1,pipeline_1,pipeline_1,unroll_2,unroll_64,unroll_64,pipeline_1,unroll_4,pipeline_1,unroll_8,1,18.25,0.89922199771,False
workload_386.cpp,xczu7ev-ffvc1156-2-e,10,1164.81234,84,61,0,4,12,cyclic_2_1,cyclic_128_1,block_128_1,pipeline_1,unroll_8,unroll_4,unroll_32,unroll_2,pipeline_1,unroll_4,pipeline_1,unroll_8,1,19.25,0.870616098581,False
workload_549.cpp,xczu7ev-ffvc1156-2-e,10,112.96922,107,40,7,8,15,cyclic_2_1,cyclic_128_1,block_32_1,pipeline_1,pipeline_1,pipeline_1,unroll_64,unroll_64,unroll_16,unroll_4,pipeline_1,unroll_8,1,17.5,0.923628462995,False
workload_466.cpp,xczu7ev-ffvc1156-2-e,10,112.96922,106,40,7,8,15,cyclic_2_1,cyclic_128_1,block_32_1,pipeline_1,pipeline_1,pipeline_1,unroll_64,unroll_64,unroll_4,unroll_4,pipeline_1,unroll_8,2,17.5,0.923628462995,False
workload_640.cpp,xczu7ev-ffvc1156-2-e,10,112.96922,107,40,7,8,15,cyclic_2_1,cyclic_128_1,block_32_1,pipeline_1,pipeline_1,pipeline_1,unroll_64,unroll_64,unroll_8,unroll_34,pipeline_1,unroll_2,1,17.5,0.923628462995,False
workload_510.cpp,xczu7ev-ffvc1156-2-e,10,681.67322,97,61,0,3,9,cyclic_2_1,cyclic_128_1,block_32_1,pipeline_1,pipeline_1,unroll_2,unroll_64,unroll_64,unroll_8,unroll_34,pipeline_1,unroll_34,1,18.25,0.89922199771,False
workload_594.cpp,xczu7ev-ffvc1156-2-e,10,677.98682,277,61,0,29,56,cyclic_2_1,cyclic_128_1,block_32_1,pipeline_1,pipeline_1,unroll_32,unroll_64,unroll_64,unroll_8,unroll_4,pipeline_1,unroll_8,1,36.5,0.652626219122,False
workload_494.cpp,xczu7ev-ffvc1156-2-e,10,679.70714,107,61,0,4,13,cyclic_2_1,cyclic_128_1,block_32_1,pipeline_1,pipeline_1,unroll_4,unroll_64,unroll_64,pipeline_1,unroll_16,pipeline_1,unroll_8,1,19.5,0.877365321467,False
workload_929.cpp,xczu7ev-ffvc1156-2-e,10,1597.8665,103,40,0,1,9,cyclic_2_1,cyclic_128_1,block_32_1,pipeline_1,pipeline_1,unroll_4,unroll_64,unroll_64,pipeline_1,unroll_4,unroll_5,pipeline_1,1,12.5,0.948774929709,False
workload_507.cpp,xczu7ev-ffvc1156-2-e,10,112.97029,108,40,7,9,15,cyclic_2_1,cyclic_128_1,block_32_1,unroll_5,pipeline_1,pipeline_1,unroll_64,unroll_64,unroll_4,unroll_4,pipeline_1,unroll_8,1,17.75,0.916755002498,False
workload_409.cpp,xczu7ev-ffvc1156-2-e,10,792.35128,78,66,6,6,14,cyclic_2_1,cyclic_128_1,block_32_1,unroll_5,pipeline_1,unroll_2,unroll_32,unroll_8,unroll_8,pipeline_1,pipeline_1,unroll_8,1,23,0.831479912792,False
workload_764.cpp,xczu7ev-ffvc1156-2-e,10,824.34381,90,66,6,9,19,cyclic_2_1,cyclic_128_1,block_32_1,unroll_5,pipeline_1,unroll_4,unroll_32,unroll_2,pipeline_1,unroll_4,pipeline_1,unroll_8,1,25,0.801708767253,False
workload_551.cpp,xczu7ev-ffvc1156-2-e,10,525.04265,116,66,6,9,20,cyclic_2_1,cyclic_128_1,block_32_1,unroll_5,pipeline_1,unroll_4,unroll_64,unroll_64,pipeline_1,pipeline_1,pipeline_1,unroll_8,1,25.25,0.801392141352,False
workload_452.cpp,xczu7ev-ffvc1156-2-e,10,525.04265,115,66,6,9,20,cyclic_2_1,cyclic_128_1,block_32_1,unroll_5,pipeline_1,unroll_4,unroll_64,unroll_64,pipeline_1,unroll_16,pipeline_1,unroll_8,1,25.25,0.801392141352,False
workload_326.cpp,xczu7ev-ffvc1156-2-e,10,525.04265,110.5,66,6,9,20,cyclic_2_1,cyclic_128_1,block_32_1,unroll_5,pipeline_1,unroll_4,unroll_64,unroll_64,pipeline_1,unroll_4,pipeline_1,unroll_8,2,25.25,0.801392141352,False
workload_801.cpp,xczu7ev-ffvc1156-2-e,10,1597.86697,103,40,0,2,9,cyclic_2_1,cyclic_128_1,block_32_1,unroll_5,pipeline_1,unroll_4,unroll_64,unroll_64,pipeline_1,unroll_4,unroll_5,pipeline_1,1,12.75,0.947800174663,False
workload_431.cpp,xczu7ev-ffvc1156-2-e,10,113.04858,99,40,7,8,16,cyclic_2_1,cyclic_128_1,block_64_1,pipeline_1,pipeline_1,pipeline_1,unroll_32,unroll_64,unroll_8,unroll_4,pipeline_1,unroll_8,1,17.75,0.916755415075,False
workload_408.cpp,xczu7ev-ffvc1156-2-e,10,171.29205,83,40,7,8,15,cyclic_2_1,cyclic_128_1,block_64_1,pipeline_1,pipeline_1,pipeline_1,unroll_32,unroll_8,unroll_2,unroll_4,pipeline_1,unroll_8,1,17.5,0.922361990121,False
workload_338.cpp,xczu7ev-ffvc1156-2-e,10,171.29205,82,40,7,8,15,cyclic_2_1,cyclic_128_1,block_64_1,pipeline_1,pipeline_1,pipeline_1,unroll_32,unroll_8,unroll_4,unroll_4,pipeline_1,unroll_8,3,17.5,0.922361990121,False
workload_420.cpp,xczu7ev-ffvc1156-2-e,10,1024.34805,66,61,0,2,8,cyclic_2_1,cyclic_128_1,block_64_1,pipeline_1,pipeline_1,unroll_2,unroll_32,unroll_8,unroll_4,unroll_4,pipeline_1,unroll_8,1,17.75,0.896559587655,False
workload_200.cpp,xczu7ev-ffvc1156-2-e,10,171.21142,94,40,7,10,19,cyclic_2_1,cyclic_128_1,cyclic_128_1,pipeline_1,pipeline_1,pipeline_1,unroll_16,unroll_8,unroll_8,unroll_16,pipeline_1,unroll_8,1,19,0.896431883962,False
workload_299.cpp,xczu7ev-ffvc1156-2-e,10,178.3451,97,40,7,10,19,cyclic_2_1,cyclic_128_1,cyclic_128_1,pipeline_1,pipeline_1,pipeline_1,unroll_32,unroll_4,pipeline_1,unroll_16,pipeline_1,unroll_8,1,19,0.896414987461,False
workload_262.cpp,xczu7ev-ffvc1156-2-e,10,171.21142,98,40,7,10,19,cyclic_2_1,cyclic_128_1,cyclic_128_1,pipeline_1,pipeline_1,pipeline_1,unroll_32,unroll_8,unroll_8,unroll_16,pipeline_1,unroll_2,1,19,0.896431883962,False
workload_195.cpp,xczu7ev-ffvc1156-2-e,10,171.21142,91.5,40,7,10,19,cyclic_2_1,cyclic_128_1,cyclic_128_1,pipeline_1,pipeline_1,pipeline_1,unroll_32,unroll_8,unroll_8,unroll_16,pipeline_1,unroll_8,2,19,0.896431883962,False
workload_298.cpp,xczu7ev-ffvc1156-2-e,10,113.0217,106,41,7,8,16,cyclic_2_1,cyclic_128_1,cyclic_2_1,pipeline_1,pipeline_1,pipeline_1,unroll_32,unroll_64,unroll_4,unroll_16,pipeline_1,unroll_4,1,18,0.909903450252,False
workload_136.cpp,xczu7ev-ffvc1156-2-e,10,113.0217,99,41,7,8,16,cyclic_2_1,cyclic_128_1,cyclic_2_1,pipeline_1,pipeline_1,pipeline_1,unroll_32,unroll_64,unroll_8,unroll_16,pipeline_1,unroll_8,1,18,0.909903450252,False
workload_372.cpp,xczu7ev-ffvc1156-2-e,10,113.0217,109,41,7,8,16,cyclic_2_1,cyclic_128_1,cyclic_2_1,pipeline_1,pipeline_1,pipeline_1,unroll_32,unroll_64,unroll_8,unroll_8,pipeline_1,unroll_4,1,18,0.909903450252,False
workload_302.cpp,xczu7ev-ffvc1156-2-e,10,171.25173,82,41,7,8,15,cyclic_2_1,cyclic_128_1,cyclic_2_1,pipeline_1,pipeline_1,pipeline_1,unroll_32,unroll_8,unroll_4,unroll_4,pipeline_1,unroll_8,1,17.75,0.9167095823,False
workload_359.cpp,xczu7ev-ffvc1156-2-e,10,171.25173,72,41,7,8,15,cyclic_2_1,cyclic_128_1,cyclic_2_1,pipeline_1,pipeline_1,pipeline_1,unroll_32,unroll_8,unroll_8,unroll_16,pipeline_1,unroll_8,1,17.75,0.9167095823,False
workload_422.cpp,xczu7ev-ffvc1156-2-e,10,896.7969,149,61,1,3,36,cyclic_2_1,cyclic_128_1,cyclic_2_1,pipeline_1,pipeline_1,unroll_2,pipeline_1,unroll_32,pipeline_1,pipeline_1,pipeline_1,unroll_2,1,25.25,0.795080496682,False
workload_457.cpp,xczu7ev-ffvc1156-2-e,10,896.7969,149,61,1,3,36,cyclic_2_1,cyclic_128_1,cyclic_2_1,pipeline_1,pipeline_1,unroll_2,pipeline_1,unroll_32,pipeline_1,unroll_16,pipeline_1,unroll_2,1,25.25,0.795080496682,False
workload_396.cpp,xczu7ev-ffvc1156-2-e,10,898.51893,68,61,1,3,9,cyclic_2_1,cyclic_128_1,cyclic_2_1,pipeline_1,pipeline_1,unroll_2,unroll_32,unroll_8,unroll_4,pipeline_1,pipeline_1,unroll_8,1,18.5,0.890241099919,False
workload_247.cpp,xczu7ev-ffvc1156-2-e,10,898.51893,73,61,1,3,9,cyclic_2_1,cyclic_128_1,cyclic_2_1,pipeline_1,pipeline_1,unroll_2,unroll_32,unroll_8,unroll_4,unroll_4,pipeline_1,unroll_8,1,18.5,0.890241099919,False
workload_642.cpp,xczu7ev-ffvc1156-2-e,10,513.90153,103,71,13,8,19,cyclic_2_1,cyclic_128_1,cyclic_2_1,unroll_5,pipeline_1,unroll_2,unroll_64,unroll_64,pipeline_1,unroll_4,pipeline_1,unroll_8,1,27.75,0.777814458244,False
workload_382.cpp,xczu7ev-ffvc1156-2-e,10,894.99709,74,62,2,4,11,cyclic_2_1,cyclic_128_1,cyclic_4_1,pipeline_1,pipeline_1,unroll_2,unroll_32,unroll_4,unroll_8,unroll_4,pipeline_1,unroll_4,1,19.75,0.867377873579,False
workload_347.cpp,xczu7ev-ffvc1156-2-e,10,859.19733,74,62,2,4,11,cyclic_2_1,cyclic_128_1,cyclic_4_1,pipeline_1,pipeline_1,unroll_2,unroll_32,unroll_8,unroll_8,unroll_4,pipeline_1,unroll_2,1,19.75,0.86813841542,False
workload_352.cpp,xczu7ev-ffvc1156-2-e,10,169.49898,170,40,7,9,43,cyclic_2_1,cyclic_128_1,cyclic_8_1,pipeline_1,pipeline_1,pipeline_1,pipeline_1,unroll_32,unroll_8,unroll_4,pipeline_1,unroll_8,1,24.75,0.816862705721,False
workload_443.cpp,xczu7ev-ffvc1156-2-e,10,113.00122,106,40,7,9,16,cyclic_2_1,cyclic_128_1,cyclic_8_1,pipeline_1,pipeline_1,pipeline_1,unroll_32,unroll_64,unroll_8,pipeline_1,pipeline_1,unroll_8,1,18,0.909903347122,False
workload_439.cpp,xczu7ev-ffvc1156-2-e,10,113.00122,96,40,7,9,16,cyclic_2_1,cyclic_128_1,cyclic_8_1,pipeline_1,pipeline_1,pipeline_1,unroll_32,unroll_64,unroll_8,unroll_16,pipeline_1,unroll_8,1,18,0.909903347122,False
workload_318.cpp,xczu7ev-ffvc1156-2-e,10,171.22101,77,40,7,9,15,cyclic_2_1,cyclic_128_1,cyclic_8_1,pipeline_1,pipeline_1,pipeline_1,unroll_32,unroll_8,unroll_16,pipeline_1,pipeline_1,unroll_2,1,17.75,0.916709776441,False
workload_419.cpp,xczu7ev-ffvc1156-2-e,10,171.22101,83,40,7,9,15,cyclic_2_1,cyclic_128_1,cyclic_8_1,pipeline_1,pipeline_1,pipeline_1,unroll_32,unroll_8,unroll_16,unroll_4,pipeline_1,unroll_2,1,17.75,0.916709776441,False
workload_285.cpp,xczu7ev-ffvc1156-2-e,10,171.22101,83.5,40,7,9,15,cyclic_2_1,cyclic_128_1,cyclic_8_1,pipeline_1,pipeline_1,pipeline_1,unroll_32,unroll_8,unroll_8,pipeline_1,pipeline_1,unroll_2,2,17.75,0.916709776441,False
workload_385.cpp,xczu7ev-ffvc1156-2-e,10,842.48475,93,60,4,5,21,cyclic_2_1,cyclic_128_1,cyclic_8_1,pipeline_1,pipeline_1,unroll_2,pipeline_1,unroll_8,unroll_16,pipeline_1,pipeline_1,unroll_2,1,22.5,0.837928788173,False
workload_581.cpp,xczu7ev-ffvc1156-2-e,10,679.70714,81,43,0,4,10,cyclic_2_1,cyclic_16_1,block_128_1,pipeline_1,pipeline_1,unroll_4,unroll_64,unroll_64,unroll_8,pipeline_1,pipeline_1,pipeline_1,1,14.25,0.960127938926,False
workload_556.cpp,xczu7ev-ffvc1156-2-e,10,112.96664,122,40,7,9,24,cyclic_2_1,cyclic_16_1,block_32_1,pipeline_1,pipeline_1,pipeline_1,pipeline_1,unroll_64,unroll_8,pipeline_1,pipeline_1,unroll_2,1,20,0.876119759273,False
workload_641.cpp,xczu7ev-ffvc1156-2-e,10,679.70456,147,43,0,5,20,cyclic_2_1,cyclic_16_1,block_32_1,pipeline_1,pipeline_1,unroll_4,pipeline_1,unroll_64,unroll_8,pipeline_1,pipeline_1,unroll_2,1,17,0.918439023325,False
workload_514.cpp,xczu7ev-ffvc1156-2-e,10,112.9673,133,40,7,9,24,cyclic_2_1,cyclic_16_1,block_32_1,unroll_5,pipeline_1,pipeline_1,pipeline_1,unroll_64,unroll_8,pipeline_1,pipeline_1,unroll_2,1,20,0.876119761358,False
workload_540.cpp,xczu7ev-ffvc1156-2-e,10,170.30877,78,40,7,8,14,cyclic_2_1,cyclic_16_1,block_32_1,unroll_5,pipeline_1,pipeline_1,pipeline_1,unroll_8,unroll_8,unroll_4,pipeline_1,unroll_2,1,17.25,0.925801668351,False
workload_446.cpp,xczu7ev-ffvc1156-2-e,10,112.96989,79,40,7,8,14,cyclic_2_1,cyclic_16_1,block_32_1,unroll_5,pipeline_1,pipeline_1,unroll_64,unroll_64,unroll_8,pipeline_1,pipeline_1,unroll_2,1,17.25,0.927034547861,False
workload_530.cpp,xczu7ev-ffvc1156-2-e,10,112.94234,78,41,7,8,14,cyclic_2_1,cyclic_16_1,cyclic_2_1,pipeline_1,pipeline_1,pipeline_1,unroll_64,unroll_64,unroll_8,pipeline_1,pipeline_1,pipeline_1,1,17.5,0.923629039552,False
workload_547.cpp,xczu7ev-ffvc1156-2-e,10,112.96664,130,41,7,9,18,cyclic_2_1,cyclic_2_1,block_128_1,pipeline_1,pipeline_1,pipeline_1,pipeline_1,unroll_64,unroll_8,pipeline_1,unroll_5,unroll_8,1,18.75,0.90317978554,False
workload_558.cpp,xczu7ev-ffvc1156-2-e,10,170.37045,64,41,7,8,12,cyclic_2_1,cyclic_2_1,block_128_1,pipeline_1,pipeline_1,pipeline_1,unroll_32,unroll_8,pipeline_1,pipeline_1,pipeline_1,unroll_2,1,17,0.93077324605,False
workload_826.cpp,xczu7ev-ffvc1156-2-e,10,1022.62602,92,41,0,3,9,cyclic_2_1,cyclic_2_1,block_128_1,pipeline_1,pipeline_1,unroll_2,pipeline_1,unroll_32,unroll_16,unroll_4,pipeline_1,unroll_34,1,13.25,0.970498079968,False
workload_937.cpp,xczu7ev-ffvc1156-2-e,10,681.67578,67,41,0,2,6,cyclic_2_1,cyclic_2_1,block_128_1,pipeline_1,pipeline_1,unroll_2,unroll_32,unroll_64,unroll_4,unroll_4,pipeline_1,unroll_2,1,12.25,1,True
workload_566.cpp,xczu7ev-ffvc1156-2-e,10,681.67322,69,41,0,2,7,cyclic_2_1,cyclic_2_1,block_128_1,pipeline_1,pipeline_1,unroll_2,unroll_64,unroll_64,unroll_8,unroll_16,pipeline_1,unroll_8,1,12.5,1,True
workload_499.cpp,xczu7ev-ffvc1156-2-e,10,679.70456,136,41,0,5,16,cyclic_2_1,cyclic_2_1,block_128_1,pipeline_1,pipeline_1,unroll_4,pipeline_1,unroll_64,unroll_8,pipeline_1,pipeline_1,unroll_8,1,15.5,0.948976117782,False
workload_579.cpp,xczu7ev-ffvc1156-2-e,10,112.91617,153,40,7,11,23,cyclic_2_1,cyclic_2_1,block_16_1,pipeline_1,pipeline_1,pipeline_1,pipeline_1,unroll_64,unroll_4,pipeline_1,pipeline_1,unroll_2,1,20.25,0.876151353933,False
workload_595.cpp,xczu7ev-ffvc1156-2-e,10,1065.89541,532,41,0,7,20,cyclic_2_1,cyclic_2_1,block_16_1,pipeline_1,pipeline_1,unroll_2,unroll_32,unroll_32,unroll_16,unroll_34,pipeline_1,unroll_2,1,17,0.909335716587,False
workload_798.cpp,xczu7ev-ffvc1156-2-e,10,112.96664,113,41,7,9,18,cyclic_2_1,cyclic_2_1,block_32_1,pipeline_1,pipeline_1,pipeline_1,pipeline_1,unroll_64,unroll_8,unroll_34,pipeline_1,unroll_2,1,18.75,0.90317978554,False
workload_482.cpp,xczu7ev-ffvc1156-2-e,10,112.96922,76,41,7,8,14,cyclic_2_1,cyclic_2_1,block_32_1,pipeline_1,pipeline_1,pipeline_1,unroll_64,unroll_64,pipeline_1,pipeline_1,pipeline_1,unroll_8,1,17.5,0.923628462995,False
workload_659.cpp,xczu7ev-ffvc1156-2-e,10,112.96922,78,41,7,8,14,cyclic_2_1,cyclic_2_1,block_32_1,pipeline_1,pipeline_1,pipeline_1,unroll_64,unroll_64,unroll_4,unroll_34,pipeline_1,unroll_2,1,17.5,0.923628462995,False
workload_859.cpp,xczu7ev-ffvc1156-2-e,10,112.96922,79,41,7,8,14,cyclic_2_1,cyclic_2_1,block_32_1,pipeline_1,pipeline_1,pipeline_1,unroll_64,unroll_64,unroll_8,unroll_16,pipeline_1,unroll_8,1,17.5,0.923628462995,False
workload_663.cpp,xczu7ev-ffvc1156-2-e,10,112.96922,77,41,7,8,14,cyclic_2_1,cyclic_2_1,block_32_1,pipeline_1,pipeline_1,pipeline_1,unroll_64,unroll_64,unroll_8,unroll_4,pipeline_1,unroll_8,1,17.5,0.923628462995,False
workload_599.cpp,xczu7ev-ffvc1156-2-e,10,112.96922,76,41,7,8,14,cyclic_2_1,cyclic_2_1,block_32_1,pipeline_1,pipeline_1,pipeline_1,unroll_64,unroll_64,unroll_8,unroll_4,unroll_5,unroll_2,1,17.5,0.923628462995,False
workload_705.cpp,xczu7ev-ffvc1156-2-e,10,681.67064,113,41,0,3,13,cyclic_2_1,cyclic_2_1,block_32_1,pipeline_1,pipeline_1,unroll_2,pipeline_1,unroll_64,unroll_4,unroll_4,pipeline_1,pipeline_1,1,14.25,0.960115270475,False
workload_606.cpp,xczu7ev-ffvc1156-2-e,10,681.67064,112,41,0,3,13,cyclic_2_1,cyclic_2_1,block_32_1,pipeline_1,pipeline_1,unroll_2,pipeline_1,unroll_64,unroll_8,unroll_4,pipeline_1,unroll_2,1,14.25,0.960115270475,False
workload_779.cpp,xczu7ev-ffvc1156-2-e,10,1022.64156,66,41,0,2,6,cyclic_2_1,cyclic_2_1,block_32_1,pipeline_1,pipeline_1,unroll_2,unroll_32,unroll_32,unroll_16,pipeline_1,pipeline_1,unroll_2,1,12.25,0.980854720845,False
workload_888.cpp,xczu7ev-ffvc1156-2-e,10,677.98682,261,41,0,29,54,cyclic_2_1,cyclic_2_1,block_32_1,pipeline_1,pipeline_1,unroll_32,unroll_64,unroll_64,unroll_8,unroll_4,pipeline_1,unroll_8,1,31,0.711669616008,False
workload_789.cpp,xczu7ev-ffvc1156-2-e,10,679.70456,142,41,0,5,16,cyclic_2_1,cyclic_2_1,block_32_1,pipeline_1,pipeline_1,unroll_4,pipeline_1,unroll_64,unroll_8,unroll_34,pipeline_1,unroll_2,1,15.5,0.948976117782,False
workload_841.cpp,xczu7ev-ffvc1156-2-e,10,112.9673,123,41,7,9,19,cyclic_2_1,cyclic_2_1,block_32_1,unroll_5,pipeline_1,pipeline_1,pipeline_1,unroll_64,unroll_8,unroll_4,pipeline_1,unroll_8,1,19,0.896367772894,False
workload_797.cpp,xczu7ev-ffvc1156-2-e,10,527.00614,120,46,6,6,19,cyclic_2_1,cyclic_2_1,block_32_1,unroll_5,pipeline_1,unroll_2,pipeline_1,unroll_64,unroll_16,unroll_4,pipeline_1,pipeline_1,1,19.25,0.885919702724,False
workload_825.cpp,xczu7ev-ffvc1156-2-e,10,527.00634,121,46,6,6,19,cyclic_2_1,cyclic_2_1,block_32_1,unroll_5,pipeline_1,unroll_2,pipeline_1,unroll_64,unroll_8,unroll_4,pipeline_1,unroll_2,1,19.25,0.885919699094,False
workload_669.cpp,xczu7ev-ffvc1156-2-e,10,527.01149,73,46,6,5,13,cyclic_2_1,cyclic_2_1,block_32_1,unroll_5,pipeline_1,unroll_2,unroll_32,unroll_64,unroll_8,unroll_4,pipeline_1,unroll_2,1,17.5,0.913953817802,False
workload_795.cpp,xczu7ev-ffvc1156-2-e,10,791.42968,68,46,6,5,12,cyclic_2_1,cyclic_2_1,block_32_1,unroll_5,pipeline_1,unroll_2,unroll_32,unroll_8,unroll_8,unroll_4,pipeline_1,unroll_8,1,17.25,0.911558217561,False
workload_649.cpp,xczu7ev-ffvc1156-2-e,10,527.00873,78,46,6,5,13,cyclic_2_1,cyclic_2_1,block_32_1,unroll_5,pipeline_1,unroll_2,unroll_64,unroll_64,unroll_16,unroll_4,pipeline_1,unroll_2,1,17.5,0.913953887661,False
workload_744.cpp,xczu7ev-ffvc1156-2-e,10,2894.25097,858,41,0,5,41,cyclic_2_1,cyclic_2_1,block_32_1,unroll_5,pipeline_1,unroll_32,unroll_64,unroll_64,pipeline_1,unroll_4,unroll_5,unroll_8,1,21.75,0.784191969543,False
workload_939.cpp,xczu7ev-ffvc1156-2-e,10,523.32233,313,46,6,50,86,cyclic_2_1,cyclic_2_1,block_32_1,unroll_5,pipeline_1,unroll_32,unroll_64,unroll_64,unroll_16,unroll_4,pipeline_1,unroll_8,1,47,0.523573583269,False
workload_622.cpp,xczu7ev-ffvc1156-2-e,10,523.32253,291,46,6,50,85,cyclic_2_1,cyclic_2_1,block_32_1,unroll_5,pipeline_1,unroll_32,unroll_64,unroll_64,unroll_8,unroll_4,pipeline_1,unroll_8,1,46.75,0.52362333017,False
workload_429.cpp,xczu7ev-ffvc1156-2-e,10,178.55934,72,41,7,8,12,cyclic_2_1,cyclic_2_1,block_64_1,pipeline_1,pipeline_1,pipeline_1,unroll_32,unroll_2,unroll_16,unroll_4,pipeline_1,unroll_8,1,17,0.930596224623,False
workload_309.cpp,xczu7ev-ffvc1156-2-e,10,170.37045,71,41,7,8,12,cyclic_2_1,cyclic_2_1,block_64_1,pipeline_1,pipeline_1,pipeline_1,unroll_32,unroll_8,pipeline_1,pipeline_1,pipeline_1,unroll_8,1,17,0.93077324605,False
workload_389.cpp,xczu7ev-ffvc1156-2-e,10,170.37045,72,41,7,8,12,cyclic_2_1,cyclic_2_1,block_64_1,pipeline_1,pipeline_1,pipeline_1,unroll_32,unroll_8,pipeline_1,unroll_4,pipeline_1,unroll_8,1,17,0.93077324605,False
workload_400.cpp,xczu7ev-ffvc1156-2-e,10,170.33973,69,41,7,8,13,cyclic_2_1,cyclic_2_1,block_64_1,pipeline_1,pipeline_1,pipeline_1,unroll_64,unroll_8,unroll_8,unroll_16,pipeline_1,unroll_2,1,17.25,0.925800994156,False
workload_434.cpp,xczu7ev-ffvc1156-2-e,10,1023.42645,63,41,0,2,6,cyclic_2_1,cyclic_2_1,block_64_1,pipeline_1,pipeline_1,unroll_2,unroll_32,unroll_8,pipeline_1,unroll_4,pipeline_1,pipeline_1,1,12.25,0.980810886606,False
workload_483.cpp,xczu7ev-ffvc1156-2-e,10,1023.42645,64,41,0,2,6,cyclic_2_1,cyclic_2_1,block_64_1,pipeline_1,pipeline_1,unroll_2,unroll_32,unroll_8,unroll_16,unroll_4,pipeline_1,pipeline_1,1,12.25,0.980810886606,False
workload_416.cpp,xczu7ev-ffvc1156-2-e,10,112.97029,71,41,7,8,14,cyclic_2_1,cyclic_2_1,block_64_1,unroll_5,pipeline_1,pipeline_1,unroll_64,unroll_64,unroll_4,unroll_4,pipeline_1,unroll_8,1,17.5,0.923628440044,False
workload_555.cpp,xczu7ev-ffvc1156-2-e,10,791.42948,68,46,6,5,12,cyclic_2_1,cyclic_2_1,block_64_1,unroll_5,pipeline_1,unroll_2,unroll_32,unroll_8,pipeline_1,pipeline_1,pipeline_1,unroll_8,1,17.25,0.911558223038,False
workload_268.cpp,xczu7ev-ffvc1156-2-e,10,177.3531,89,40,7,9,17,cyclic_2_1,cyclic_2_1,cyclic_128_1,pipeline_1,pipeline_1,pipeline_1,unroll_64,unroll_4,pipeline_1,unroll_16,pipeline_1,unroll_2,1,18.25,0.909849804037,False
workload_700.cpp,xczu7ev-ffvc1156-2-e,10,112.91547,95,40,7,9,18,cyclic_2_1,cyclic_2_1,cyclic_128_1,pipeline_1,pipeline_1,pipeline_1,unroll_64,unroll_64,unroll_8,unroll_16,pipeline_1,unroll_2,1,18.5,1,True
workload_866.cpp,xczu7ev-ffvc1156-2-e,10,112.91547,96.5,40,7,9,18,cyclic_2_1,cyclic_2_1,cyclic_128_1,pipeline_1,pipeline_1,pipeline_1,unroll_64,unroll_64,unroll_8,unroll_4,pipeline_1,unroll_2,2,18.5,1,True
workload_284.cpp,xczu7ev-ffvc1156-2-e,10,170.2591,87,40,7,9,17,cyclic_2_1,cyclic_2_1,cyclic_128_1,pipeline_1,pipeline_1,pipeline_1,unroll_64,unroll_8,unroll_8,unroll_16,pipeline_1,unroll_2,1,18.25,0.9099001482,False
workload_427.cpp,xczu7ev-ffvc1156-2-e,10,771.76822,170,41,13,10,32,cyclic_2_1,cyclic_2_1,cyclic_128_1,pipeline_1,pipeline_1,unroll_2,unroll_32,unroll_8,pipeline_1,pipeline_1,pipeline_1,unroll_8,1,24,0.820125906385,False
workload_762.cpp,xczu7ev-ffvc1156-2-e,10,513.89931,266,41,13,17,38,cyclic_2_1,cyclic_2_1,cyclic_128_1,unroll_5,pipeline_1,unroll_2,pipeline_1,unroll_64,unroll_8,unroll_4,pipeline_1,unroll_2,1,27.25,0.782819399527,False
workload_697.cpp,xczu7ev-ffvc1156-2-e,10,112.93976,117,41,7,9,18,cyclic_2_1,cyclic_2_1,cyclic_2_1,pipeline_1,pipeline_1,pipeline_1,pipeline_1,unroll_64,unroll_8,unroll_4,pipeline_1,unroll_16,1,18.75,0.903179665819,False
workload_453.cpp,xczu7ev-ffvc1156-2-e,10,112.93976,117,41,7,9,18,cyclic_2_1,cyclic_2_1,cyclic_2_1,pipeline_1,pipeline_1,pipeline_1,pipeline_1,unroll_64,unroll_8,unroll_4,pipeline_1,unroll_8,1,18.75,0.903179665819,False
workload_837.cpp,xczu7ev-ffvc1156-2-e,10,191.91027,73,41,7,8,12,cyclic_2_1,cyclic_2_1,cyclic_2_1,pipeline_1,pipeline_1,pipeline_1,unroll_2,unroll_8,unroll_16,pipeline_1,pipeline_1,unroll_8,1,17,0.930306157631,False
workload_656.cpp,xczu7ev-ffvc1156-2-e,10,191.91027,73,41,7,8,12,cyclic_2_1,cyclic_2_1,cyclic_2_1,pipeline_1,pipeline_1,pipeline_1,unroll_2,unroll_8,unroll_16,unroll_4,pipeline_1,unroll_8,1,17,0.930306157631,False
workload_576.cpp,xczu7ev-ffvc1156-2-e,10,170.33013,72,41,7,8,12,cyclic_2_1,cyclic_2_1,cyclic_2_1,pipeline_1,pipeline_1,pipeline_1,unroll_32,unroll_8,unroll_16,pipeline_1,pipeline_1,unroll_8,1,17,0.930774115981,False
workload_716.cpp,xczu7ev-ffvc1156-2-e,10,112.94234,67,41,7,8,13,cyclic_2_1,cyclic_2_1,cyclic_2_1,pipeline_1,pipeline_1,pipeline_1,unroll_64,unroll_64,unroll_4,unroll_2,pipeline_1,unroll_2,1,17.25,1,True
workload_802.cpp,xczu7ev-ffvc1156-2-e,10,112.94234,77,41,7,8,13,cyclic_2_1,cyclic_2_1,cyclic_2_1,pipeline_1,pipeline_1,pipeline_1,unroll_64,unroll_64,unroll_4,unroll_4,pipeline_1,unroll_2,1,17.25,1,True
workload_863.cpp,xczu7ev-ffvc1156-2-e,10,112.94234,80,41,7,8,13,cyclic_2_1,cyclic_2_1,cyclic_2_1,pipeline_1,pipeline_1,pipeline_1,unroll_64,unroll_64,unroll_8,unroll_16,pipeline_1,pipeline_1,1,17.25,1,True
workload_771.cpp,xczu7ev-ffvc1156-2-e,10,112.94234,77,41,7,8,13,cyclic_2_1,cyclic_2_1,cyclic_2_1,pipeline_1,pipeline_1,pipeline_1,unroll_64,unroll_64,unroll_8,unroll_34,pipeline_1,unroll_2,1,17.25,1,True
workload_717.cpp,xczu7ev-ffvc1156-2-e,10,112.94234,76,41,7,8,13,cyclic_2_1,cyclic_2_1,cyclic_2_1,pipeline_1,pipeline_1,pipeline_1,unroll_64,unroll_64,unroll_8,unroll_4,pipeline_1,pipeline_1,1,17.25,1,True
workload_783.cpp,xczu7ev-ffvc1156-2-e,10,112.94234,70,41,7,8,13,cyclic_2_1,cyclic_2_1,cyclic_2_1,pipeline_1,pipeline_1,pipeline_1,unroll_64,unroll_64,unroll_8,unroll_4,pipeline_1,unroll_8,1,17.25,1,True
workload_394.cpp,xczu7ev-ffvc1156-2-e,10,597.78456,112,42,1,4,14,cyclic_2_1,cyclic_2_1,cyclic_2_1,pipeline_1,pipeline_1,unroll_2,pipeline_1,unroll_64,unroll_8,unroll_4,pipeline_1,unroll_8,1,15.25,0.956523806017,False
workload_471.cpp,xczu7ev-ffvc1156-2-e,10,897.53499,74,42,1,3,7,cyclic_2_1,cyclic_2_1,cyclic_2_1,pipeline_1,pipeline_1,unroll_2,pipeline_1,unroll_8,pipeline_1,pipeline_1,pipeline_1,unroll_2,1,13.25,0.974919490482,False
workload_539.cpp,xczu7ev-ffvc1156-2-e,10,597.7897,69,42,1,3,8,cyclic_2_1,cyclic_2_1,cyclic_2_1,pipeline_1,pipeline_1,unroll_2,unroll_32,unroll_64,pipeline_1,unroll_16,pipeline_1,unroll_8,1,13.5,0.981457753424,False
workload_527.cpp,xczu7ev-ffvc1156-2-e,10,597.7897,69,42,1,3,8,cyclic_2_1,cyclic_2_1,cyclic_2_1,pipeline_1,pipeline_1,unroll_2,unroll_32,unroll_64,unroll_8,unroll_4,pipeline_1,unroll_2,1,13.5,0.981457753424,False
workload_367.cpp,xczu7ev-ffvc1156-2-e,10,897.59733,65.5,42,1,3,7,cyclic_2_1,cyclic_2_1,cyclic_2_1,pipeline_1,pipeline_1,unroll_2,unroll_32,unroll_8,pipeline_1,pipeline_1,pipeline_1,unroll_2,2,13.25,0.974917218154,False
workload_320.cpp,xczu7ev-ffvc1156-2-e,10,897.59733,64,42,1,3,7,cyclic_2_1,cyclic_2_1,cyclic_2_1,pipeline_1,pipeline_1,unroll_2,unroll_32,unroll_8,pipeline_1,pipeline_1,pipeline_1,unroll_8,1,13.25,0.974917218154,False
workload_440.cpp,xczu7ev-ffvc1156-2-e,10,897.59733,64,42,1,3,7,cyclic_2_1,cyclic_2_1,cyclic_2_1,pipeline_1,pipeline_1,unroll_2,unroll_32,unroll_8,unroll_8,unroll_4,pipeline_1,unroll_2,1,13.25,0.974917218154,False
workload_698.cpp,xczu7ev-ffvc1156-2-e,10,597.78714,69,42,1,3,8,cyclic_2_1,cyclic_2_1,cyclic_2_1,pipeline_1,pipeline_1,unroll_2,unroll_64,unroll_64,unroll_16,unroll_4,pipeline_1,unroll_8,1,13.5,0.981457815704,False
workload_648.cpp,xczu7ev-ffvc1156-2-e,10,597.78714,70,42,1,3,8,cyclic_2_1,cyclic_2_1,cyclic_2_1,pipeline_1,pipeline_1,unroll_2,unroll_64,unroll_64,unroll_8,unroll_34,pipeline_1,unroll_8,1,13.5,0.981457815704,False
workload_504.cpp,xczu7ev-ffvc1156-2-e,10,597.78714,69,42,1,3,8,cyclic_2_1,cyclic_2_1,cyclic_2_1,pipeline_1,pipeline_1,unroll_2,unroll_64,unroll_64,unroll_8,unroll_4,pipeline_1,unroll_8,2,13.5,0.981457815704,False
workload_800.cpp,xczu7ev-ffvc1156-2-e,10,594.10074,262,42,1,36,63,cyclic_2_1,cyclic_2_1,cyclic_2_1,pipeline_1,pipeline_1,unroll_32,unroll_64,unroll_64,unroll_8,unroll_16,pipeline_1,unroll_2,1,35.5,0.674926262652,False
workload_627.cpp,xczu7ev-ffvc1156-2-e,10,178.51781,68,41,7,8,13,cyclic_2_1,cyclic_2_1,cyclic_2_1,unroll_5,pipeline_1,pipeline_1,unroll_32,unroll_2,unroll_16,pipeline_1,pipeline_1,unroll_8,1,17.25,0.925622582775,False
workload_734.cpp,xczu7ev-ffvc1156-2-e,10,112.94537,79,41,7,8,14,cyclic_2_1,cyclic_2_1,cyclic_2_1,unroll_5,pipeline_1,pipeline_1,unroll_32,unroll_64,unroll_16,unroll_16,pipeline_1,unroll_2,1,17.5,0.923628974561,False
workload_707.cpp,xczu7ev-ffvc1156-2-e,10,170.3306,75,41,7,8,13,cyclic_2_1,cyclic_2_1,cyclic_2_1,unroll_5,pipeline_1,pipeline_1,unroll_32,unroll_8,unroll_16,pipeline_1,pipeline_1,unroll_8,1,17.25,0.925801192975,False
workload_951.cpp,xczu7ev-ffvc1156-2-e,10,2506.77791,57,41,0,1,4,cyclic_2_1,cyclic_2_1,cyclic_2_1,unroll_5,pipeline_1,unroll_2,unroll_2,unroll_2,unroll_4,unroll_4,unroll_5,pipeline_1,1,11.5,1,True
workload_638.cpp,xczu7ev-ffvc1156-2-e,10,5858.01784,59,41,0,0,4,cyclic_2_1,cyclic_2_1,cyclic_2_1,unroll_5,pipeline_1,unroll_2,unroll_32,unroll_8,unroll_8,unroll_4,unroll_5,unroll_2,1,11.25,1,True
workload_668.cpp,xczu7ev-ffvc1156-2-e,10,5857.95483,90,41,0,1,5,cyclic_2_1,cyclic_2_1,cyclic_4_1,pipeline_1,pipeline_1,unroll_2,pipeline_1,unroll_8,unroll_8,unroll_4,unroll_5,unroll_2,1,11.75,0.852988042734,False
workload_823.cpp,xczu7ev-ffvc1156-2-e,10,5857.95549,89,41,0,1,5,cyclic_2_1,cyclic_2_1,cyclic_4_1,unroll_5,pipeline_1,unroll_2,pipeline_1,unroll_8,unroll_8,unroll_4,unroll_5,unroll_2,1,11.75,0.852988025719,False
workload_654.cpp,xczu7ev-ffvc1156-2-e,10,112.91928,121,40,7,9,19,cyclic_2_1,cyclic_2_1,cyclic_8_1,pipeline_1,pipeline_1,pipeline_1,pipeline_1,unroll_64,unroll_8,unroll_4,pipeline_1,unroll_8,1,18.75,0.903179574499,False
workload_401.cpp,xczu7ev-ffvc1156-2-e,10,170.29941,71,40,7,8,13,cyclic_2_1,cyclic_2_1,cyclic_8_1,pipeline_1,pipeline_1,pipeline_1,unroll_32,unroll_8,unroll_8,unroll_4,pipeline_1,unroll_8,2,17,1,True
workload_749.cpp,xczu7ev-ffvc1156-2-e,10,561.0844,120,41,4,6,19,cyclic_2_1,cyclic_2_1,cyclic_8_1,pipeline_1,pipeline_1,unroll_2,pipeline_1,unroll_64,unroll_16,unroll_4,pipeline_1,unroll_8,1,17.5,0.913085884157,False
workload_577.cpp,xczu7ev-ffvc1156-2-e,10,561.0844,118,41,4,6,19,cyclic_2_1,cyclic_2_1,cyclic_8_1,pipeline_1,pipeline_1,unroll_2,pipeline_1,unroll_64,unroll_8,unroll_4,pipeline_1,unroll_8,2,17.5,0.913085884157,False
workload_878.cpp,xczu7ev-ffvc1156-2-e,10,2895.48186,75,40,0,1,7,cyclic_2_1,cyclic_2_1,cyclic_8_1,pipeline_1,pipeline_1,unroll_2,unroll_32,unroll_64,unroll_16,unroll_4,unroll_5,unroll_8,1,12,0.927221056005,False
workload_543.cpp,xczu7ev-ffvc1156-2-e,10,561.08954,76,41,4,5,13,cyclic_2_1,cyclic_2_1,cyclic_8_1,pipeline_1,pipeline_1,unroll_2,unroll_32,unroll_64,unroll_8,unroll_4,pipeline_1,unroll_2,1,15.75,1,True
workload_329.cpp,xczu7ev-ffvc1156-2-e,10,881.68884,86,41,4,8,18,cyclic_2_1,cyclic_2_1,cyclic_8_1,pipeline_1,pipeline_1,unroll_4,unroll_2,unroll_2,unroll_16,unroll_4,pipeline_1,unroll_2,1,17.75,0.90066976051,False
workload_584.cpp,xczu7ev-ffvc1156-2-e,10,559.1209,94,41,4,8,19,cyclic_2_1,cyclic_2_1,cyclic_8_1,pipeline_1,pipeline_1,unroll_4,unroll_64,unroll_64,unroll_4,unroll_4,pipeline_1,unroll_2,1,18,0.904396579423,False
workload_915.cpp,xczu7ev-ffvc1156-2-e,10,112.92489,77,40,7,9,14,cyclic_2_1,cyclic_2_1,cyclic_8_1,unroll_5,pipeline_1,pipeline_1,unroll_32,unroll_64,unroll_16,unroll_4,pipeline_1,unroll_2,1,17.5,1,True
workload_578.cpp,xczu7ev-ffvc1156-2-e,10,170.30008,73,40,7,8,13,cyclic_2_1,cyclic_2_1,cyclic_8_1,unroll_5,pipeline_1,pipeline_1,unroll_32,unroll_8,unroll_8,unroll_4,pipeline_1,unroll_8,1,17,0.930774764318,False
workload_632.cpp,xczu7ev-ffvc1156-2-e,10,511.9369,97,41,13,13,24,cyclic_2_1,cyclic_2_1,cyclic_8_1,unroll_5,pipeline_1,unroll_4,unroll_64,unroll_64,unroll_4,unroll_16,pipeline_1,unroll_2,1,22.75,0.842578725694,False
workload_704.cpp,xczu7ev-ffvc1156-2-e,10,681.67322,72,45,0,2,7,cyclic_2_1,cyclic_32_1,block_32_1,pipeline_1,pipeline_1,unroll_2,unroll_64,unroll_64,unroll_4,unroll_4,pipeline_1,unroll_2,1,13.5,0.97926781153,False
workload_596.cpp,xczu7ev-ffvc1156-2-e,10,112.94234,74,41,7,8,14,cyclic_2_1,cyclic_32_1,cyclic_2_1,pipeline_1,pipeline_1,pipeline_1,unroll_64,unroll_64,unroll_4,unroll_4,pipeline_1,unroll_8,2,17.5,0.923629039552,False
workload_672.cpp,xczu7ev-ffvc1156-2-e,10,597.78714,74,46,1,3,8,cyclic_2_1,cyclic_32_1,cyclic_2_1,pipeline_1,pipeline_1,unroll_2,unroll_64,unroll_64,unroll_8,unroll_16,pipeline_1,unroll_8,1,14.5,0.956787828326,False
workload_570.cpp,xczu7ev-ffvc1156-2-e,10,597.78714,67,46,1,3,8,cyclic_2_1,cyclic_32_1,cyclic_2_1,pipeline_1,pipeline_1,unroll_2,unroll_64,unroll_64,unroll_8,unroll_4,pipeline_1,unroll_8,1,14.5,0.956787828326,False
workload_486.cpp,xczu7ev-ffvc1156-2-e,10,594.1033,270,46,1,36,63,cyclic_2_1,cyclic_32_1,cyclic_2_1,pipeline_1,pipeline_1,unroll_32,unroll_32,unroll_64,pipeline_1,unroll_16,pipeline_1,unroll_8,1,36.5,0.653404146115,False
workload_533.cpp,xczu7ev-ffvc1156-2-e,10,594.10074,271,46,1,36,63,cyclic_2_1,cyclic_32_1,cyclic_2_1,pipeline_1,pipeline_1,unroll_32,unroll_64,unroll_64,unroll_8,unroll_4,pipeline_1,unroll_8,1,36.5,0.653404168129,False
workload_886.cpp,xczu7ev-ffvc1156-2-e,10,685.60538,69,41,0,2,7,cyclic_2_1,cyclic_4_1,block_128_1,pipeline_1,pipeline_1,unroll_2,unroll_64,unroll_64,unroll_16,unroll_2,pipeline_1,unroll_2,1,12.5,0.99625337961,False
workload_327.cpp,xczu7ev-ffvc1156-2-e,10,1066.01284,76,41,0,4,9,cyclic_2_1,cyclic_4_1,block_128_1,pipeline_1,pipeline_1,unroll_4,pipeline_1,unroll_2,unroll_4,unroll_4,pipeline_1,unroll_2,1,13.5,0.965643565093,False
workload_451.cpp,xczu7ev-ffvc1156-2-e,10,1064.21534,75,41,0,4,9,cyclic_2_1,cyclic_4_1,block_128_1,pipeline_1,pipeline_1,unroll_4,unroll_16,unroll_2,unroll_4,unroll_4,pipeline_1,unroll_2,1,13.5,0.96571876878,False
workload_387.cpp,xczu7ev-ffvc1156-2-e,10,1064.02334,77,41,0,4,9,cyclic_2_1,cyclic_4_1,block_128_1,pipeline_1,pipeline_1,unroll_4,unroll_64,unroll_2,unroll_4,pipeline_1,pipeline_1,unroll_2,1,13.5,0.965726796645,False
workload_423.cpp,xczu7ev-ffvc1156-2-e,10,679.70714,80,41,0,4,10,cyclic_2_1,cyclic_4_1,block_128_1,pipeline_1,pipeline_1,unroll_4,unroll_64,unroll_64,unroll_4,pipeline_1,pipeline_1,unroll_2,1,13.75,0.973888769686,False
workload_506.cpp,xczu7ev-ffvc1156-2-e,10,679.70714,80,41,0,4,10,cyclic_2_1,cyclic_4_1,block_128_1,pipeline_1,pipeline_1,unroll_4,unroll_64,unroll_64,unroll_8,pipeline_1,pipeline_1,unroll_2,1,13.75,0.973888769686,False
workload_625.cpp,xczu7ev-ffvc1156-2-e,10,679.70714,78,41,0,4,10,cyclic_2_1,cyclic_4_1,block_128_1,pipeline_1,pipeline_1,unroll_4,unroll_64,unroll_64,unroll_8,unroll_4,pipeline_1,unroll_2,1,13.75,0.973888769686,False
workload_295.cpp,xczu7ev-ffvc1156-2-e,10,861.57298,98,46,6,9,17,cyclic_2_1,cyclic_4_1,block_128_1,unroll_5,pipeline_1,unroll_4,unroll_2,unroll_8,pipeline_1,unroll_2,pipeline_1,unroll_8,1,19.5,0.873510273321,False
workload_310.cpp,xczu7ev-ffvc1156-2-e,10,184.55823,78,41,7,10,15,cyclic_2_1,cyclic_4_1,block_2_1,unroll_5,pipeline_1,pipeline_1,unroll_2,unroll_2,unroll_8,pipeline_1,pipeline_1,unroll_2,1,18.25,0.909790589183,False
workload_816.cpp,xczu7ev-ffvc1156-2-e,10,112.96922,78,41,7,8,13,cyclic_2_1,cyclic_4_1,block_32_1,pipeline_1,pipeline_1,pipeline_1,unroll_64,unroll_64,unroll_16,unroll_2,pipeline_1,unroll_2,1,17.25,0.927034562084,False
workload_653.cpp,xczu7ev-ffvc1156-2-e,10,685.6028,116,41,0,3,13,cyclic_2_1,cyclic_4_1,block_32_1,pipeline_1,pipeline_1,unroll_2,pipeline_1,unroll_64,unroll_8,unroll_4,pipeline_1,unroll_2,1,14.25,0.960088832814,False
workload_901.cpp,xczu7ev-ffvc1156-2-e,10,1028.5398,66,41,0,2,6,cyclic_2_1,cyclic_4_1,block_32_1,pipeline_1,pipeline_1,unroll_2,unroll_32,unroll_32,unroll_16,unroll_2,pipeline_1,unroll_2,1,12.25,0.980525344873,False
workload_696.cpp,xczu7ev-ffvc1156-2-e,10,685.60538,70,41,0,2,7,cyclic_2_1,cyclic_4_1,block_32_1,pipeline_1,pipeline_1,unroll_2,unroll_64,unroll_64,unroll_16,unroll_2,pipeline_1,unroll_2,1,12.5,0.99625337961,False
workload_573.cpp,xczu7ev-ffvc1156-2-e,10,3904.7337,64,41,0,0,5,cyclic_2_1,cyclic_4_1,block_32_1,pipeline_1,pipeline_1,unroll_2,unroll_64,unroll_64,unroll_16,unroll_2,unroll_5,unroll_2,1,11.5,0.873688165775,False
workload_780.cpp,xczu7ev-ffvc1156-2-e,10,3904.7337,63,41,0,0,5,cyclic_2_1,cyclic_4_1,block_32_1,pipeline_1,pipeline_1,unroll_2,unroll_64,unroll_64,unroll_16,unroll_4,unroll_5,unroll_2,1,11.5,0.873688165775,False
workload_831.cpp,xczu7ev-ffvc1156-2-e,10,3904.7337,59,41,0,0,5,cyclic_2_1,cyclic_4_1,block_32_1,pipeline_1,pipeline_1,unroll_2,unroll_64,unroll_64,unroll_4,unroll_2,unroll_5,unroll_2,1,11.5,0.873688165775,False
workload_407.cpp,xczu7ev-ffvc1156-2-e,10,1064.02334,79,41,0,4,9,cyclic_2_1,cyclic_4_1,block_64_1,pipeline_1,pipeline_1,unroll_4,unroll_64,unroll_2,unroll_4,pipeline_1,pipeline_1,unroll_2,1,13.5,0.965726796645,False
workload_260.cpp,xczu7ev-ffvc1156-2-e,10,861.57298,98,46,6,9,17,cyclic_2_1,cyclic_4_1,block_64_1,unroll_5,pipeline_1,unroll_4,unroll_2,unroll_8,pipeline_1,unroll_2,pipeline_1,unroll_8,1,19.5,0.873510273321,False
workload_229.cpp,xczu7ev-ffvc1156-2-e,10,191.8666,89,41,7,10,17,cyclic_2_1,cyclic_4_1,cyclic_128_1,pipeline_1,pipeline_1,pipeline_1,unroll_2,unroll_8,pipeline_1,unroll_16,pipeline_1,unroll_2,1,18.75,0.90291445784,False
workload_283.cpp,xczu7ev-ffvc1156-2-e,10,777.63574,155,41,13,10,32,cyclic_2_1,cyclic_4_1,cyclic_128_1,pipeline_1,pipeline_1,unroll_2,unroll_64,unroll_8,unroll_8,unroll_16,pipeline_1,unroll_2,1,24,0.819975494508,False
workload_891.cpp,xczu7ev-ffvc1156-2-e,10,170.29064,84,41,7,12,15,cyclic_2_1,cyclic_4_1,cyclic_128_1,unroll_5,pipeline_1,pipeline_1,unroll_32,unroll_8,unroll_8,unroll_4,unroll_5,unroll_2,1,18.75,0.903097831225,False
workload_559.cpp,xczu7ev-ffvc1156-2-e,10,112.94234,78,41,7,8,13,cyclic_2_1,cyclic_4_1,cyclic_2_1,pipeline_1,pipeline_1,pipeline_1,unroll_64,unroll_64,unroll_4,pipeline_1,pipeline_1,unroll_2,1,17.25,1,True
workload_544.cpp,xczu7ev-ffvc1156-2-e,10,595.82106,82,42,1,5,12,cyclic_2_1,cyclic_4_1,cyclic_2_1,pipeline_1,pipeline_1,unroll_4,unroll_64,unroll_64,unroll_16,pipeline_1,pipeline_1,unroll_2,1,15,0.956795898519,False
workload_580.cpp,xczu7ev-ffvc1156-2-e,10,595.82106,82,42,1,5,12,cyclic_2_1,cyclic_4_1,cyclic_2_1,pipeline_1,pipeline_1,unroll_4,unroll_64,unroll_64,unroll_16,pipeline_1,pipeline_1,unroll_8,1,15,0.956795898519,False
workload_925.cpp,xczu7ev-ffvc1156-2-e,10,777.66712,72,51,13,8,15,cyclic_2_1,cyclic_4_1,cyclic_2_1,unroll_5,pipeline_1,unroll_2,unroll_32,unroll_8,unroll_8,unroll_4,pipeline_1,unroll_2,1,21.75,0.849237584809,False
workload_607.cpp,xczu7ev-ffvc1156-2-e,10,3206.0473,155,41,0,2,11,cyclic_2_1,cyclic_4_1,cyclic_2_1,unroll_5,pipeline_1,unroll_4,unroll_2,unroll_64,unroll_4,unroll_4,unroll_5,pipeline_1,1,13.5,0.897252142396,False
workload_345.cpp,xczu7ev-ffvc1156-2-e,10,840.27397,104,51,13,11,20,cyclic_2_1,cyclic_4_1,cyclic_2_1,unroll_5,pipeline_1,unroll_4,unroll_2,unroll_8,unroll_8,unroll_2,pipeline_1,unroll_8,1,23.75,0.821332125396,False
workload_424.cpp,xczu7ev-ffvc1156-2-e,10,575.16806,169,51,13,12,28,cyclic_2_1,cyclic_4_1,cyclic_2_1,unroll_5,unroll_8,unroll_4,pipeline_1,unroll_64,unroll_16,unroll_4,pipeline_1,unroll_2,1,26,0.795679505889,False
workload_255.cpp,xczu7ev-ffvc1156-2-e,10,236.16978,83,42,7,9,14,cyclic_2_1,cyclic_4_1,cyclic_4_1,pipeline_1,pipeline_1,pipeline_1,unroll_2,unroll_32,pipeline_1,unroll_34,pipeline_1,unroll_2,1,18,0.909710993354,False
workload_592.cpp,xczu7ev-ffvc1156-2-e,10,112.93146,75,42,7,8,13,cyclic_2_1,cyclic_4_1,cyclic_4_1,pipeline_1,pipeline_1,pipeline_1,unroll_32,unroll_64,unroll_8,pipeline_1,pipeline_1,unroll_2,1,17.5,0.923629272918,False
workload_565.cpp,xczu7ev-ffvc1156-2-e,10,112.93146,74,42,7,8,13,cyclic_2_1,cyclic_4_1,cyclic_4_1,pipeline_1,pipeline_1,pipeline_1,unroll_32,unroll_64,unroll_8,unroll_16,unroll_5,unroll_2,1,17.5,0.923629272918,False
workload_529.cpp,xczu7ev-ffvc1156-2-e,10,170.30997,72,42,7,8,12,cyclic_2_1,cyclic_4_1,cyclic_4_1,pipeline_1,pipeline_1,pipeline_1,unroll_32,unroll_8,unroll_8,unroll_16,unroll_5,unroll_2,1,17.25,0.92580164222,False
workload_509.cpp,xczu7ev-ffvc1156-2-e,10,5858.01717,60,41,0,1,4,cyclic_2_1,cyclic_4_1,cyclic_4_1,pipeline_1,pipeline_1,unroll_2,unroll_32,unroll_8,unroll_8,unroll_4,unroll_5,unroll_2,1,11.5,0.856110452448,False
workload_519.cpp,xczu7ev-ffvc1156-2-e,10,3904.73693,60,41,0,1,5,cyclic_2_1,cyclic_4_1,cyclic_4_1,unroll_5,pipeline_1,unroll_2,unroll_32,unroll_64,unroll_8,pipeline_1,unroll_5,unroll_2,1,11.75,0.8738683065,False
workload_491.cpp,xczu7ev-ffvc1156-2-e,10,5858.01824,61,41,0,0,4,cyclic_2_1,cyclic_4_1,cyclic_4_1,unroll_5,pipeline_1,unroll_2,unroll_32,unroll_8,unroll_4,unroll_4,unroll_5,unroll_2,1,11.25,0.859158411855,False
workload_462.cpp,xczu7ev-ffvc1156-2-e,10,5858.01784,61,41,0,0,4,cyclic_2_1,cyclic_4_1,cyclic_4_1,unroll_5,pipeline_1,unroll_2,unroll_32,unroll_8,unroll_8,unroll_4,unroll_5,unroll_2,1,11.25,1,True
workload_835.cpp,xczu7ev-ffvc1156-2-e,10,3904.73437,61,41,0,1,5,cyclic_2_1,cyclic_4_1,cyclic_4_1,unroll_5,pipeline_1,unroll_2,unroll_64,unroll_64,unroll_8,unroll_4,unroll_5,unroll_2,1,11.75,0.873868440012,False
workload_813.cpp,xczu7ev-ffvc1156-2-e,10,3903.50557,221,41,0,6,28,cyclic_2_1,cyclic_4_1,cyclic_4_1,unroll_5,pipeline_1,unroll_32,unroll_64,unroll_64,unroll_8,unroll_4,unroll_5,unroll_2,1,18.75,0.780198162614,False
workload_740.cpp,xczu7ev-ffvc1156-2-e,10,4344.07323,107,41,0,1,7,cyclic_2_1,cyclic_4_1,cyclic_8_1,pipeline_1,pipeline_1,unroll_2,pipeline_1,unroll_8,unroll_8,unroll_4,unroll_5,unroll_8,1,12.25,0.857610043649,False
workload_932.cpp,xczu7ev-ffvc1156-2-e,10,2895.48186,72,41,0,1,7,cyclic_2_1,cyclic_4_1,cyclic_8_1,pipeline_1,pipeline_1,unroll_2,unroll_32,unroll_64,unroll_16,unroll_4,unroll_5,unroll_8,1,12.25,0.925802229077,False
workload_729.cpp,xczu7ev-ffvc1156-2-e,10,5910.1353,66,41,0,1,6,cyclic_2_1,cyclic_4_1,cyclic_8_1,pipeline_1,pipeline_1,unroll_2,unroll_64,unroll_64,unroll_16,unroll_2,unroll_5,unroll_2,1,12,0.848354818836,False
workload_324.cpp,xczu7ev-ffvc1156-2-e,10,877.59684,87,41,4,8,18,cyclic_2_1,cyclic_4_1,cyclic_8_1,pipeline_1,pipeline_1,unroll_4,pipeline_1,unroll_2,unroll_16,unroll_4,pipeline_1,unroll_2,1,17.75,0.900784785764,False
workload_428.cpp,xczu7ev-ffvc1156-2-e,10,839.53563,108,41,4,8,19,cyclic_2_1,cyclic_4_1,cyclic_8_1,pipeline_1,pipeline_1,unroll_4,pipeline_1,unroll_8,pipeline_1,unroll_4,pipeline_1,unroll_2,1,18,0.89754403646,False
workload_300.cpp,xczu7ev-ffvc1156-2-e,10,881.68884,88,41,4,8,18,cyclic_2_1,cyclic_4_1,cyclic_8_1,pipeline_1,pipeline_1,unroll_4,unroll_2,unroll_2,unroll_16,unroll_4,pipeline_1,unroll_2,1,17.75,0.90066976051,False
workload_417.cpp,xczu7ev-ffvc1156-2-e,10,876.06084,119,41,4,14,31,cyclic_2_1,cyclic_4_1,cyclic_8_1,pipeline_1,pipeline_1,unroll_8,pipeline_1,unroll_2,unroll_16,unroll_4,pipeline_1,unroll_2,1,22.5,0.837042075261,False
workload_317.cpp,xczu7ev-ffvc1156-2-e,10,817.17731,72,41,13,9,17,cyclic_2_1,cyclic_4_1,cyclic_8_1,unroll_5,pipeline_1,unroll_2,unroll_2,unroll_2,unroll_16,pipeline_1,pipeline_1,unroll_2,1,20,0.867555873655,False
workload_248.cpp,xczu7ev-ffvc1156-2-e,10,1112.21543,81,51,0,7,14,cyclic_2_1,cyclic_64_1,block_2_1,pipeline_1,pipeline_1,unroll_2,unroll_32,unroll_2,unroll_8,pipeline_1,pipeline_1,unroll_34,1,18,0.889911963597,False
workload_542.cpp,xczu7ev-ffvc1156-2-e,10,112.97225,86,40,7,8,14,cyclic_2_1,cyclic_64_1,block_32_1,unroll_5,pipeline_1,pipeline_1,unroll_32,unroll_64,pipeline_1,unroll_16,pipeline_1,unroll_2,1,17.25,0.927034497763,False
workload_518.cpp,xczu7ev-ffvc1156-2-e,10,113.04858,77,40,7,8,14,cyclic_2_1,cyclic_64_1,block_64_1,pipeline_1,pipeline_1,pipeline_1,unroll_16,unroll_64,unroll_8,unroll_4,pipeline_1,unroll_8,1,17.25,0.92703287739,False
workload_454.cpp,xczu7ev-ffvc1156-2-e,10,112.97178,86,40,7,8,14,cyclic_2_1,cyclic_64_1,block_64_1,pipeline_1,pipeline_1,pipeline_1,unroll_32,unroll_64,unroll_8,unroll_4,pipeline_1,unroll_8,1,17.25,0.92703450774,False
workload_563.cpp,xczu7ev-ffvc1156-2-e,10,112.93976,208,41,7,9,42,cyclic_2_1,cyclic_64_1,cyclic_2_1,pipeline_1,pipeline_1,pipeline_1,pipeline_1,unroll_64,unroll_8,unroll_4,pipeline_1,unroll_8,1,24.75,0.816885456418,False
workload_403.cpp,xczu7ev-ffvc1156-2-e,10,112.9449,80,41,7,8,14,cyclic_2_1,cyclic_64_1,cyclic_2_1,pipeline_1,pipeline_1,pipeline_1,unroll_32,unroll_64,pipeline_1,unroll_16,pipeline_1,pipeline_1,1,17.5,0.923628984642,False
workload_511.cpp,xczu7ev-ffvc1156-2-e,10,600.49306,284,51,1,36,64,cyclic_2_1,cyclic_64_1,cyclic_2_1,pipeline_1,pipeline_1,unroll_32,unroll_32,unroll_64,pipeline_1,unroll_16,pipeline_1,pipeline_1,1,38,0.62051618655,False
workload_476.cpp,xczu7ev-ffvc1156-2-e,10,600.49306,274,51,1,36,64,cyclic_2_1,cyclic_64_1,cyclic_2_1,pipeline_1,pipeline_1,unroll_32,unroll_32,unroll_64,pipeline_1,unroll_16,pipeline_1,unroll_8,1,38,0.62051618655,False
workload_406.cpp,xczu7ev-ffvc1156-2-e,10,858.27573,71,51,2,4,10,cyclic_2_1,cyclic_64_1,cyclic_4_1,pipeline_1,pipeline_1,unroll_2,unroll_32,unroll_8,unroll_8,unroll_4,pipeline_1,unroll_2,1,16.75,0.919422316123,False
workload_280.cpp,xczu7ev-ffvc1156-2-e,10,1076.24884,73,41,0,4,9,cyclic_2_1,cyclic_8_1,block_128_1,pipeline_1,pipeline_1,unroll_4,unroll_4,unroll_2,unroll_8,unroll_16,pipeline_1,unroll_2,1,13.5,0.965213708305,False
workload_646.cpp,xczu7ev-ffvc1156-2-e,10,112.96664,123,41,7,9,21,cyclic_2_1,cyclic_8_1,block_64_1,pipeline_1,pipeline_1,pipeline_1,pipeline_1,unroll_64,unroll_4,pipeline_1,pipeline_1,unroll_2,1,19.5,0.882821405854,False
workload_635.cpp,xczu7ev-ffvc1156-2-e,10,112.93976,114,42,7,9,21,cyclic_2_1,cyclic_8_1,cyclic_2_1,pipeline_1,pipeline_1,pipeline_1,pipeline_1,unroll_64,unroll_4,pipeline_1,pipeline_1,unroll_2,1,19.75,0.876087642875,False
workload_414.cpp,xczu7ev-ffvc1156-2-e,10,940.05684,63,42,1,3,7,cyclic_2_1,cyclic_8_1,cyclic_2_1,pipeline_1,pipeline_1,unroll_2,unroll_4,unroll_2,unroll_16,unroll_16,pipeline_1,unroll_2,1,13.25,0.973409301033,False
workload_361.cpp,xczu7ev-ffvc1156-2-e,10,178.42134,73,41,7,8,13,cyclic_2_1,cyclic_8_1,cyclic_8_1,pipeline_1,pipeline_1,pipeline_1,unroll_64,unroll_2,unroll_16,unroll_16,pipeline_1,unroll_2,1,17.25,0.925624691096,False
workload_330.cpp,xczu7ev-ffvc1156-2-e,10,882.71284,71,41,4,5,12,cyclic_2_1,cyclic_8_1,cyclic_8_1,pipeline_1,pipeline_1,unroll_2,unroll_4,unroll_2,unroll_16,unroll_16,pipeline_1,unroll_2,1,15.5,0.944165316773,False
workload_554.cpp,xczu7ev-ffvc1156-2-e,10,170.30008,71,41,7,8,13,cyclic_2_1,cyclic_8_1,cyclic_8_1,unroll_5,pipeline_1,pipeline_1,unroll_32,unroll_8,unroll_8,unroll_4,pipeline_1,unroll_8,1,17.25,0.925801857586,False
workload_337.cpp,xczu7ev-ffvc1156-2-e,10,1045.02084,116,58,0,9,23,cyclic_32_1,block_2_1,block_128_1,pipeline_1,pipeline_1,unroll_8,pipeline_1,unroll_2,unroll_8,unroll_4,pipeline_1,unroll_34,1,22.5,0.832505897276,False
workload_370.cpp,xczu7ev-ffvc1156-2-e,10,913.94884,112,58,1,11,26,cyclic_32_1,block_2_1,cyclic_2_1,pipeline_1,pipeline_1,unroll_8,pipeline_1,unroll_2,unroll_4,unroll_4,pipeline_1,unroll_8,1,24,0.816445321841,False
workload_206.cpp,xczu7ev-ffvc1156-2-e,10,145.23805,401,57,68,30,87,cyclic_32_1,block_32_1,block_32_1,unroll_5,unroll_64,pipeline_1,unroll_64,unroll_4,unroll_34,unroll_34,pipeline_1,unroll_2,1,60.5,0.377499317952,False
workload_616.cpp,xczu7ev-ffvc1156-2-e,10,4217.99981,141,57,0,5,25,cyclic_32_1,block_32_1,cyclic_128_1,unroll_5,pipeline_1,unroll_2,unroll_32,unroll_64,unroll_8,unroll_16,unroll_5,unroll_2,1,21.75,0.736106454422,False
workload_355.cpp,xczu7ev-ffvc1156-2-e,10,1211.72949,114,58,0,10,25,cyclic_32_1,block_4_1,block_128_1,pipeline_1,unroll_8,unroll_8,unroll_16,unroll_8,unroll_8,unroll_4,pipeline_1,unroll_8,1,23.25,0.816524675092,False
workload_742.cpp,xczu7ev-ffvc1156-2-e,10,91.99768,164,58,68,28,58,cyclic_32_1,block_4_1,block_32_1,pipeline_1,pipeline_1,pipeline_1,pipeline_1,unroll_64,unroll_16,unroll_4,pipeline_1,unroll_2,1,53,0.502109012046,False
workload_702.cpp,xczu7ev-ffvc1156-2-e,10,1599.17464,162,57,0,2,16,cyclic_32_1,block_4_1,block_32_1,pipeline_1,pipeline_1,unroll_2,pipeline_1,unroll_64,pipeline_1,pipeline_1,unroll_5,pipeline_1,1,18.75,0.865284054384,False
workload_788.cpp,xczu7ev-ffvc1156-2-e,10,662.09434,272,58,0,29,56,cyclic_32_1,block_4_1,block_32_1,pipeline_1,pipeline_1,unroll_32,unroll_64,unroll_64,unroll_8,unroll_4,pipeline_1,unroll_2,1,35.75,0.668796736949,False
workload_731.cpp,xczu7ev-ffvc1156-2-e,10,663.97592,162,58,0,6,26,cyclic_32_1,block_4_1,block_32_1,pipeline_1,pipeline_1,unroll_4,pipeline_1,unroll_64,unroll_16,unroll_34,pipeline_1,unroll_2,1,22.5,0.842560214574,False
workload_775.cpp,xczu7ev-ffvc1156-2-e,10,663.97592,155,58,0,6,26,cyclic_32_1,block_4_1,block_32_1,pipeline_1,pipeline_1,unroll_4,pipeline_1,unroll_64,unroll_16,unroll_34,pipeline_1,unroll_8,1,22.5,0.842560214574,False
workload_647.cpp,xczu7ev-ffvc1156-2-e,10,663.9785,97,58,0,5,21,cyclic_32_1,block_4_1,block_32_1,pipeline_1,pipeline_1,unroll_4,unroll_64,unroll_64,unroll_16,unroll_34,pipeline_1,unroll_2,1,21,0.86251920975,False
workload_730.cpp,xczu7ev-ffvc1156-2-e,10,663.9785,102,58,0,5,21,cyclic_32_1,block_4_1,block_32_1,pipeline_1,pipeline_1,unroll_4,unroll_64,unroll_64,unroll_16,unroll_34,pipeline_1,unroll_8,1,21,0.86251920975,False
workload_766.cpp,xczu7ev-ffvc1156-2-e,10,811.03731,86,63,6,6,22,cyclic_32_1,block_4_1,block_32_1,unroll_5,pipeline_1,unroll_2,pipeline_1,unroll_2,pipeline_1,unroll_4,pipeline_1,unroll_8,1,24.25,0.81557680627,False
workload_688.cpp,xczu7ev-ffvc1156-2-e,10,509.31401,114,63,6,10,29,cyclic_32_1,block_4_1,block_32_1,unroll_5,pipeline_1,unroll_4,unroll_64,unroll_64,unroll_16,unroll_34,pipeline_1,unroll_2,1,27,0.787423141595,False
workload_571.cpp,xczu7ev-ffvc1156-2-e,10,671.18746,92,58,0,3,18,cyclic_32_1,block_4_1,block_64_1,pipeline_1,pipeline_1,unroll_2,unroll_64,unroll_64,pipeline_1,unroll_34,pipeline_1,unroll_2,1,19.75,0.871727004371,False
workload_844.cpp,xczu7ev-ffvc1156-2-e,10,91.94651,137,57,68,29,57,cyclic_32_1,block_4_1,cyclic_128_1,pipeline_1,pipeline_1,pipeline_1,unroll_64,unroll_64,unroll_16,unroll_16,pipeline_1,unroll_8,1,52.75,1,True
workload_828.cpp,xczu7ev-ffvc1156-2-e,10,91.94651,132,57,68,29,57,cyclic_32_1,block_4_1,cyclic_128_1,pipeline_1,pipeline_1,pipeline_1,unroll_64,unroll_64,unroll_8,unroll_16,pipeline_1,unroll_8,1,52.75,1,True
workload_899.cpp,xczu7ev-ffvc1156-2-e,10,91.94733,160,57,68,31,56,cyclic_32_1,block_4_1,cyclic_128_1,unroll_5,pipeline_1,pipeline_1,unroll_64,unroll_64,unroll_8,unroll_16,pipeline_1,unroll_8,1,53,0.502108985583,False
workload_792.cpp,xczu7ev-ffvc1156-2-e,10,91.97338,108,58,68,28,52,cyclic_32_1,block_4_1,cyclic_2_1,pipeline_1,pipeline_1,pipeline_1,unroll_64,unroll_64,unroll_16,unroll_4,pipeline_1,pipeline_1,1,51.5,0.519303963503,False
workload_534.cpp,xczu7ev-ffvc1156-2-e,10,587.30138,92,58,1,4,19,cyclic_32_1,block_4_1,cyclic_2_1,pipeline_1,pipeline_1,unroll_2,unroll_64,unroll_64,unroll_16,unroll_34,pipeline_1,unroll_2,1,20.5,0.869528468477,False
workload_923.cpp,xczu7ev-ffvc1156-2-e,10,580.08984,157,58,1,7,28,cyclic_32_1,block_4_1,cyclic_2_1,pipeline_1,pipeline_1,unroll_4,pipeline_1,unroll_64,unroll_8,unroll_4,pipeline_1,unroll_8,1,23.5,0.829856704454,False
workload_808.cpp,xczu7ev-ffvc1156-2-e,10,91.95032,160,57,68,29,58,cyclic_32_1,block_4_1,cyclic_8_1,pipeline_1,pipeline_1,pipeline_1,pipeline_1,unroll_64,unroll_16,unroll_34,pipeline_1,unroll_2,1,53,0.502108987165,False
workload_918.cpp,xczu7ev-ffvc1156-2-e,10,91.9529,118,57,68,28,53,cyclic_32_1,block_4_1,cyclic_8_1,pipeline_1,pipeline_1,pipeline_1,unroll_64,unroll_64,unroll_8,unroll_4,pipeline_1,unroll_2,1,51.5,1,True
workload_865.cpp,xczu7ev-ffvc1156-2-e,10,91.9529,119,57,68,28,53,cyclic_32_1,block_4_1,cyclic_8_1,pipeline_1,pipeline_1,pipeline_1,unroll_64,unroll_64,unroll_8,unroll_4,pipeline_1,unroll_8,1,51.5,1,True
workload_898.cpp,xczu7ev-ffvc1156-2-e,10,91.95224,204,57,68,33,69,cyclic_32_1,block_64_1,cyclic_8_1,pipeline_1,pipeline_1,pipeline_1,unroll_64,unroll_64,unroll_8,unroll_4,pipeline_1,unroll_8,1,56.75,0.441384100853,False
workload_369.cpp,xczu7ev-ffvc1156-2-e,10,138.91701,108,58,68,28,52,cyclic_32_1,block_8_1,block_128_1,pipeline_1,pipeline_1,pipeline_1,unroll_32,unroll_8,pipeline_1,unroll_4,pipeline_1,unroll_8,1,51.5,0.518425305152,False
workload_322.cpp,xczu7ev-ffvc1156-2-e,10,1007.63547,88,59,0,3,18,cyclic_32_1,block_8_1,block_128_1,pipeline_1,pipeline_1,unroll_2,pipeline_1,unroll_8,pipeline_1,unroll_4,pipeline_1,unroll_8,1,20,0.863094042351,False
workload_535.cpp,xczu7ev-ffvc1156-2-e,10,671.18746,94,59,0,3,19,cyclic_32_1,block_8_1,block_128_1,pipeline_1,pipeline_1,unroll_2,unroll_64,unroll_64,unroll_4,unroll_34,pipeline_1,unroll_8,1,20.25,0.869301605395,False
workload_380.cpp,xczu7ev-ffvc1156-2-e,10,1039.38884,111,59,0,9,24,cyclic_32_1,block_8_1,block_128_1,pipeline_1,pipeline_1,unroll_8,pipeline_1,unroll_2,unroll_16,unroll_4,pipeline_1,unroll_8,1,23,0.825241186591,False
workload_444.cpp,xczu7ev-ffvc1156-2-e,10,92.00026,111,58,68,28,54,cyclic_32_1,block_8_1,block_32_1,pipeline_1,pipeline_1,pipeline_1,unroll_64,unroll_64,unroll_8,unroll_34,pipeline_1,unroll_8,1,52,0.50943298879,False
workload_516.cpp,xczu7ev-ffvc1156-2-e,10,92.00349,109,58,68,28,53,cyclic_32_1,block_8_1,block_64_1,unroll_5,pipeline_1,pipeline_1,unroll_32,unroll_64,unroll_8,unroll_4,pipeline_1,unroll_8,1,51.75,0.514353990942,False
workload_397.cpp,xczu7ev-ffvc1156-2-e,10,138.80566,118,58,68,29,57,cyclic_32_1,block_8_1,cyclic_128_1,pipeline_1,pipeline_1,pipeline_1,unroll_64,unroll_8,unroll_8,unroll_16,pipeline_1,unroll_2,1,53,0.501977088415,False
workload_413.cpp,xczu7ev-ffvc1156-2-e,10,91.9708,167.5,58,68,28,59,cyclic_32_1,block_8_1,cyclic_2_1,pipeline_1,pipeline_1,pipeline_1,pipeline_1,unroll_64,unroll_8,unroll_4,pipeline_1,unroll_8,2,53.25,0.497261413855,False
workload_508.cpp,xczu7ev-ffvc1156-2-e,10,91.97338,121,58,68,28,54,cyclic_32_1,block_8_1,cyclic_2_1,pipeline_1,pipeline_1,pipeline_1,unroll_64,unroll_64,unroll_8,unroll_16,pipeline_1,unroll_2,1,52,0.509432974138,False
workload_435.cpp,xczu7ev-ffvc1156-2-e,10,138.84597,105,58,68,28,53,cyclic_32_1,block_8_1,cyclic_2_1,pipeline_1,pipeline_1,pipeline_1,unroll_64,unroll_8,unroll_8,unroll_16,pipeline_1,unroll_2,1,51.75,0.514220632595,False
workload_528.cpp,xczu7ev-ffvc1156-2-e,10,587.2988,141,60,1,5,27,cyclic_32_1,block_8_1,cyclic_2_1,pipeline_1,pipeline_1,unroll_2,pipeline_1,unroll_64,unroll_8,unroll_4,pipeline_1,unroll_2,1,23.25,0.831168978652,False
workload_353.cpp,xczu7ev-ffvc1156-2-e,10,587.2988,136,60,1,5,27,cyclic_32_1,block_8_1,cyclic_2_1,pipeline_1,pipeline_1,unroll_2,pipeline_1,unroll_64,unroll_8,unroll_4,pipeline_1,unroll_8,1,23.25,0.831168978652,False
workload_281.cpp,xczu7ev-ffvc1156-2-e,10,881.80635,87,60,1,4,19,cyclic_32_1,block_8_1,cyclic_2_1,pipeline_1,pipeline_1,unroll_2,pipeline_1,unroll_8,unroll_8,unroll_4,pipeline_1,unroll_8,1,21,0.856756403715,False
workload_489.cpp,xczu7ev-ffvc1156-2-e,10,587.30394,91,60,1,4,19,cyclic_32_1,block_8_1,cyclic_2_1,pipeline_1,pipeline_1,unroll_2,unroll_32,unroll_64,unroll_8,unroll_4,pipeline_1,unroll_8,1,21,0.864487806085,False
workload_502.cpp,xczu7ev-ffvc1156-2-e,10,587.30138,96,60,1,4,20,cyclic_32_1,block_8_1,cyclic_2_1,pipeline_1,pipeline_1,unroll_2,unroll_64,unroll_64,unroll_16,unroll_34,pipeline_1,unroll_8,1,21.25,0.860702447537,False
workload_432.cpp,xczu7ev-ffvc1156-2-e,10,587.30138,96,60,1,4,20,cyclic_32_1,block_8_1,cyclic_2_1,pipeline_1,pipeline_1,unroll_2,unroll_64,unroll_64,unroll_8,unroll_34,pipeline_1,unroll_8,1,21.25,0.860702447537,False
workload_395.cpp,xczu7ev-ffvc1156-2-e,10,842.48475,91,60,2,5,21,cyclic_32_1,block_8_1,cyclic_4_1,pipeline_1,pipeline_1,unroll_2,pipeline_1,unroll_8,unroll_8,unroll_4,pipeline_1,pipeline_1,1,22,0.843409383037,False
workload_487.cpp,xczu7ev-ffvc1156-2-e,10,92.07962,164,57,68,28,54,cyclic_32_1,cyclic_128_1,block_32_1,pipeline_1,pipeline_1,pipeline_1,unroll_32,unroll_64,unroll_8,unroll_4,pipeline_1,unroll_34,1,51.75,0.514354032139,False
workload_685.cpp,xczu7ev-ffvc1156-2-e,10,92.00026,163,57,68,28,53,cyclic_32_1,cyclic_128_1,block_32_1,pipeline_1,pipeline_1,pipeline_1,unroll_64,unroll_64,pipeline_1,unroll_8,pipeline_1,unroll_2,1,51.5,0.519303460717,False
workload_221.cpp,xczu7ev-ffvc1156-2-e,10,92.00093,163,57,68,28,54,cyclic_32_1,cyclic_128_1,block_32_1,unroll_5,pipeline_1,pipeline_1,unroll_64,unroll_64,unroll_8,unroll_34,pipeline_1,unroll_34,1,51.75,0.514353989541,False
workload_315.cpp,xczu7ev-ffvc1156-2-e,10,92.00093,165,57,68,28,54,cyclic_32_1,cyclic_128_1,block_32_1,unroll_5,pipeline_1,pipeline_1,unroll_64,unroll_64,unroll_8,unroll_4,pipeline_1,unroll_8,1,51.75,0.514353989541,False
workload_52.cpp,xczu7ev-ffvc1156-2-e,10,145.81456,205,57,68,29,65,cyclic_32_1,cyclic_128_1,block_32_1,unroll_5,unroll_32,pipeline_1,unroll_64,unroll_4,pipeline_1,unroll_34,pipeline_1,unroll_34,1,54.75,0.47814060649,False
workload_189.cpp,xczu7ev-ffvc1156-2-e,10,388.41031,857,57,68,33,75,cyclic_32_1,cyclic_128_1,block_32_1,unroll_5,unroll_64,pipeline_1,unroll_2,unroll_2,unroll_16,unroll_4,unroll_5,unroll_34,1,58.25,0.414808711626,False
workload_14.cpp,xczu7ev-ffvc1156-2-e,10,145.23856,379,57,68,30,80,cyclic_32_1,cyclic_128_1,block_32_1,unroll_5,unroll_64,pipeline_1,unroll_64,unroll_4,unroll_16,unroll_34,unroll_5,unroll_34,1,58.75,0.406494084473,False
workload_190.cpp,xczu7ev-ffvc1156-2-e,10,2419.90356,235,57,15,13,50,cyclic_32_1,cyclic_128_1,block_32_1,unroll_5,unroll_64,unroll_2,unroll_64,unroll_4,unroll_16,pipeline_1,unroll_5,unroll_34,1,33.75,0.658288007781,False
workload_456.cpp,xczu7ev-ffvc1156-2-e,10,92.07962,166,57,68,28,54,cyclic_32_1,cyclic_128_1,block_64_1,pipeline_1,pipeline_1,pipeline_1,unroll_32,unroll_64,unroll_8,unroll_4,pipeline_1,unroll_8,1,51.75,0.514354032139,False
workload_681.cpp,xczu7ev-ffvc1156-2-e,10,671.18746,119,77,0,3,20,cyclic_32_1,cyclic_128_1,block_64_1,pipeline_1,pipeline_1,unroll_2,unroll_64,unroll_64,pipeline_1,unroll_34,pipeline_1,unroll_8,1,25,0.804727731536,False
workload_498.cpp,xczu7ev-ffvc1156-2-e,10,92.00093,165,57,68,28,54,cyclic_32_1,cyclic_128_1,block_64_1,unroll_5,pipeline_1,pipeline_1,unroll_64,unroll_64,unroll_8,unroll_34,pipeline_1,unroll_8,1,51.75,0.514353989541,False
workload_458.cpp,xczu7ev-ffvc1156-2-e,10,583.3673,374,87,13,9,78,cyclic_32_1,cyclic_128_1,cyclic_2_1,unroll_5,pipeline_1,unroll_2,pipeline_1,unroll_64,unroll_8,unroll_4,pipeline_1,unroll_34,1,46.75,0.523392191229,False
workload_172.cpp,xczu7ev-ffvc1156-2-e,10,146.72356,211,57,68,30,69,cyclic_32_1,cyclic_128_1,cyclic_64_1,unroll_5,unroll_32,pipeline_1,unroll_32,unroll_4,pipeline_1,unroll_34,pipeline_1,unroll_34,1,56,0.454958420979,False
workload_328.cpp,xczu7ev-ffvc1156-2-e,10,155.83484,118,57,68,28,54,cyclic_32_1,cyclic_128_1,cyclic_8_1,pipeline_1,pipeline_1,pipeline_1,unroll_2,unroll_2,unroll_8,unroll_34,pipeline_1,unroll_34,1,51.75,0.514100926268,False
workload_628.cpp,xczu7ev-ffvc1156-2-e,10,91.95032,176,57,68,29,63,cyclic_32_1,cyclic_16_1,cyclic_8_1,pipeline_1,pipeline_1,pipeline_1,pipeline_1,unroll_64,unroll_8,pipeline_1,pipeline_1,unroll_8,1,54.25,0.487656184545,False
workload_887.cpp,xczu7ev-ffvc1156-2-e,10,92.00282,113,57,68,28,51,cyclic_32_1,cyclic_2_1,block_128_1,pipeline_1,pipeline_1,pipeline_1,unroll_32,unroll_64,unroll_8,unroll_4,pipeline_1,pipeline_1,1,51,1,True
workload_679.cpp,xczu7ev-ffvc1156-2-e,10,92.00026,112,57,68,28,52,cyclic_32_1,cyclic_2_1,block_128_1,pipeline_1,pipeline_1,pipeline_1,unroll_64,unroll_64,unroll_4,pipeline_1,pipeline_1,unroll_2,1,51.25,0.521789333482,False
workload_690.cpp,xczu7ev-ffvc1156-2-e,10,671.18746,90,58,0,3,18,cyclic_32_1,cyclic_2_1,block_128_1,pipeline_1,pipeline_1,unroll_2,unroll_64,unroll_64,unroll_16,unroll_16,pipeline_1,unroll_2,1,19.75,0.871727004371,False
workload_629.cpp,xczu7ev-ffvc1156-2-e,10,671.18746,87,58,0,3,18,cyclic_32_1,cyclic_2_1,block_128_1,pipeline_1,pipeline_1,unroll_2,unroll_64,unroll_64,unroll_4,pipeline_1,pipeline_1,unroll_2,1,19.75,0.871727004371,False
workload_839.cpp,xczu7ev-ffvc1156-2-e,10,671.18746,92,58,0,3,18,cyclic_32_1,cyclic_2_1,block_128_1,pipeline_1,pipeline_1,unroll_2,unroll_64,unroll_64,unroll_8,unroll_34,pipeline_1,unroll_2,1,19.75,0.871727004371,False
workload_515.cpp,xczu7ev-ffvc1156-2-e,10,663.32314,98,58,0,5,20,cyclic_32_1,cyclic_2_1,block_128_1,pipeline_1,pipeline_1,unroll_4,unroll_64,unroll_64,unroll_8,pipeline_1,pipeline_1,unroll_8,1,20.75,0.86550776594,False
workload_843.cpp,xczu7ev-ffvc1156-2-e,10,516.52573,95,63,6,6,23,cyclic_32_1,cyclic_2_1,block_128_1,unroll_5,pipeline_1,unroll_2,unroll_32,unroll_64,unroll_8,unroll_4,pipeline_1,pipeline_1,1,24.5,0.818165783245,False
workload_723.cpp,xczu7ev-ffvc1156-2-e,10,91.94721,191,57,68,30,61,cyclic_32_1,cyclic_2_1,block_16_1,pipeline_1,pipeline_1,pipeline_1,pipeline_1,unroll_64,unroll_4,pipeline_1,pipeline_1,unroll_2,1,54,0.492445027635,False
workload_857.cpp,xczu7ev-ffvc1156-2-e,10,91.94721,198,57,68,30,61,cyclic_32_1,cyclic_2_1,block_16_1,pipeline_1,pipeline_1,pipeline_1,pipeline_1,unroll_64,unroll_8,unroll_4,pipeline_1,unroll_8,1,54,0.492445027635,False
workload_617.cpp,xczu7ev-ffvc1156-2-e,10,91.99768,155,57,68,28,57,cyclic_32_1,cyclic_2_1,block_32_1,pipeline_1,pipeline_1,pipeline_1,pipeline_1,unroll_64,unroll_8,unroll_4,pipeline_1,unroll_2,1,52.5,0.509434091058,False
workload_897.cpp,xczu7ev-ffvc1156-2-e,10,92.00282,114,57,68,28,51,cyclic_32_1,cyclic_2_1,block_32_1,pipeline_1,pipeline_1,pipeline_1,unroll_32,unroll_64,unroll_8,unroll_34,pipeline_1,unroll_2,1,51,1,True
workload_781.cpp,xczu7ev-ffvc1156-2-e,10,92.00026,115,57,68,28,52,cyclic_32_1,cyclic_2_1,block_32_1,pipeline_1,pipeline_1,pipeline_1,unroll_64,unroll_64,unroll_4,unroll_34,pipeline_1,pipeline_1,1,51.25,0.521789333482,False
workload_652.cpp,xczu7ev-ffvc1156-2-e,10,92.00026,115,57,68,28,52,cyclic_32_1,cyclic_2_1,block_32_1,pipeline_1,pipeline_1,pipeline_1,unroll_64,unroll_64,unroll_4,unroll_4,pipeline_1,unroll_8,1,51.25,0.521789333482,False
workload_495.cpp,xczu7ev-ffvc1156-2-e,10,92.00026,111.5,57,68,28,52,cyclic_32_1,cyclic_2_1,block_32_1,pipeline_1,pipeline_1,pipeline_1,unroll_64,unroll_64,unroll_8,unroll_34,pipeline_1,unroll_2,2,51.25,0.521789333482,False
workload_609.cpp,xczu7ev-ffvc1156-2-e,10,671.18488,126,58,0,4,24,cyclic_32_1,cyclic_2_1,block_32_1,pipeline_1,pipeline_1,unroll_2,pipeline_1,unroll_64,unroll_16,unroll_4,pipeline_1,unroll_2,1,21.5,0.855650614334,False
workload_747.cpp,xczu7ev-ffvc1156-2-e,10,671.18488,136,58,0,4,24,cyclic_32_1,cyclic_2_1,block_32_1,pipeline_1,pipeline_1,unroll_2,pipeline_1,unroll_64,unroll_8,unroll_34,pipeline_1,unroll_2,1,21.5,0.855650614334,False
workload_662.cpp,xczu7ev-ffvc1156-2-e,10,671.18488,139,58,0,4,24,cyclic_32_1,cyclic_2_1,block_32_1,pipeline_1,pipeline_1,unroll_2,pipeline_1,unroll_64,unroll_8,unroll_4,pipeline_1,unroll_2,1,21.5,0.855650614334,False
workload_862.cpp,xczu7ev-ffvc1156-2-e,10,671.18488,135,58,0,4,24,cyclic_32_1,cyclic_2_1,block_32_1,pipeline_1,pipeline_1,unroll_2,pipeline_1,unroll_64,unroll_8,unroll_4,pipeline_1,unroll_8,1,21.5,0.855650614334,False
workload_708.cpp,xczu7ev-ffvc1156-2-e,10,2506.77684,69,57,0,1,9,cyclic_32_1,cyclic_2_1,block_32_1,pipeline_1,pipeline_1,unroll_2,unroll_2,unroll_2,unroll_4,unroll_8,unroll_5,pipeline_1,1,16.75,0.865324170807,False
workload_756.cpp,xczu7ev-ffvc1156-2-e,10,671.18746,83,58,0,3,18,cyclic_32_1,cyclic_2_1,block_32_1,pipeline_1,pipeline_1,unroll_2,unroll_64,unroll_64,unroll_8,unroll_34,pipeline_1,unroll_2,1,19.75,0.871727004371,False
workload_924.cpp,xczu7ev-ffvc1156-2-e,10,671.18746,89,58,0,3,18,cyclic_32_1,cyclic_2_1,block_32_1,pipeline_1,pipeline_1,unroll_2,unroll_64,unroll_64,unroll_8,unroll_4,pipeline_1,unroll_2,1,19.75,0.871727004371,False
workload_733.cpp,xczu7ev-ffvc1156-2-e,10,660.86554,267,58,0,29,55,cyclic_32_1,cyclic_2_1,block_32_1,pipeline_1,pipeline_1,unroll_32,unroll_64,unroll_64,unroll_8,unroll_34,pipeline_1,unroll_2,1,35.5,0.673974058359,False
workload_586.cpp,xczu7ev-ffvc1156-2-e,10,516.52038,149,63,6,7,30,cyclic_32_1,cyclic_2_1,block_32_1,unroll_5,pipeline_1,unroll_2,pipeline_1,unroll_64,unroll_16,unroll_4,pipeline_1,unroll_2,1,26.5,0.793628337096,False
workload_876.cpp,xczu7ev-ffvc1156-2-e,10,516.52058,145,63,6,7,30,cyclic_32_1,cyclic_2_1,block_32_1,unroll_5,pipeline_1,unroll_2,pipeline_1,unroll_64,unroll_8,unroll_4,pipeline_1,unroll_2,1,26.5,0.79362833247,False
workload_833.cpp,xczu7ev-ffvc1156-2-e,10,506.20105,295,63,6,50,87,cyclic_32_1,cyclic_2_1,block_32_1,unroll_5,pipeline_1,unroll_32,unroll_64,unroll_64,unroll_16,unroll_4,pipeline_1,unroll_8,1,51.5,0.511510846081,False
workload_821.cpp,xczu7ev-ffvc1156-2-e,10,508.65885,109,63,6,10,28,cyclic_32_1,cyclic_2_1,block_32_1,unroll_5,pipeline_1,unroll_4,unroll_64,unroll_64,unroll_8,unroll_4,pipeline_1,unroll_8,1,26.75,0.791107961325,False
workload_550.cpp,xczu7ev-ffvc1156-2-e,10,1007.66709,84,58,0,3,17,cyclic_32_1,cyclic_2_1,block_64_1,pipeline_1,pipeline_1,unroll_2,unroll_64,unroll_8,unroll_16,unroll_34,pipeline_1,unroll_8,1,19.5,0.870020410747,False
workload_926.cpp,xczu7ev-ffvc1156-2-e,10,506.20125,320,63,6,50,87,cyclic_32_1,cyclic_2_1,block_64_1,unroll_5,pipeline_1,unroll_32,unroll_64,unroll_64,unroll_8,unroll_4,pipeline_1,unroll_8,1,51.5,0.511510842297,False
workload_709.cpp,xczu7ev-ffvc1156-2-e,10,91.94393,181,57,68,29,61,cyclic_32_1,cyclic_2_1,cyclic_128_1,pipeline_1,pipeline_1,pipeline_1,pipeline_1,unroll_64,unroll_8,unroll_4,pipeline_1,unroll_8,1,53.75,1,True
workload_847.cpp,xczu7ev-ffvc1156-2-e,10,91.94447,207,57,68,32,60,cyclic_32_1,cyclic_2_1,cyclic_128_1,unroll_5,pipeline_1,pipeline_1,pipeline_1,unroll_64,unroll_16,unroll_4,pipeline_1,unroll_2,1,54.25,0.487656181596,False
workload_931.cpp,xczu7ev-ffvc1156-2-e,10,91.94447,190,57,68,32,60,cyclic_32_1,cyclic_2_1,cyclic_128_1,unroll_5,pipeline_1,pipeline_1,pipeline_1,unroll_64,unroll_16,unroll_4,pipeline_1,unroll_4,1,54.25,0.487656181596,False
workload_927.cpp,xczu7ev-ffvc1156-2-e,10,91.94733,151,57,68,31,55,cyclic_32_1,cyclic_2_1,cyclic_128_1,unroll_5,pipeline_1,pipeline_1,unroll_64,unroll_64,unroll_8,unroll_16,pipeline_1,pipeline_1,1,52.75,0.506985939431,False
workload_907.cpp,xczu7ev-ffvc1156-2-e,10,503.41355,301,58,13,18,48,cyclic_32_1,cyclic_2_1,cyclic_128_1,unroll_5,pipeline_1,unroll_2,pipeline_1,unroll_64,unroll_8,unroll_4,pipeline_1,unroll_8,1,34.25,0.698854510296,False
workload_852.cpp,xczu7ev-ffvc1156-2-e,10,495.55181,406,58,13,21,58,cyclic_32_1,cyclic_2_1,cyclic_128_1,unroll_5,pipeline_1,unroll_4,unroll_64,unroll_64,unroll_8,unroll_4,pipeline_1,unroll_2,1,37.5,0.632003734797,False
workload_344.cpp,xczu7ev-ffvc1156-2-e,10,800.28084,152,58,6,16,48,cyclic_32_1,cyclic_2_1,cyclic_16_1,pipeline_1,pipeline_1,unroll_8,unroll_2,unroll_2,pipeline_1,unroll_4,pipeline_1,pipeline_1,1,32,0.708658803367,False
workload_541.cpp,xczu7ev-ffvc1156-2-e,10,91.9708,157.5,58,68,28,56,cyclic_32_1,cyclic_2_1,cyclic_2_1,pipeline_1,pipeline_1,pipeline_1,pipeline_1,unroll_64,unroll_8,unroll_4,pipeline_1,unroll_2,2,52.5,0.509434588261,False
workload_686.cpp,xczu7ev-ffvc1156-2-e,10,91.9708,172,58,68,28,56,cyclic_32_1,cyclic_2_1,cyclic_2_1,pipeline_1,pipeline_1,pipeline_1,pipeline_1,unroll_64,unroll_8,unroll_4,unroll_5,unroll_2,1,52.5,0.509434588261,False
workload_377.cpp,xczu7ev-ffvc1156-2-e,10,138.81435,108,58,68,27,51,cyclic_32_1,cyclic_2_1,cyclic_2_1,pipeline_1,pipeline_1,pipeline_1,pipeline_1,unroll_8,pipeline_1,pipeline_1,pipeline_1,unroll_8,1,51,0.523402012646,False
workload_538.cpp,xczu7ev-ffvc1156-2-e,10,91.97338,114,58,68,28,51,cyclic_32_1,cyclic_2_1,cyclic_2_1,pipeline_1,pipeline_1,pipeline_1,unroll_64,unroll_64,unroll_4,pipeline_1,pipeline_1,unroll_8,1,51.25,0.521789837659,False
workload_633.cpp,xczu7ev-ffvc1156-2-e,10,91.97338,107,58,68,28,51,cyclic_32_1,cyclic_2_1,cyclic_2_1,pipeline_1,pipeline_1,pipeline_1,unroll_64,unroll_64,unroll_8,unroll_34,pipeline_1,unroll_2,1,51.25,0.521789837659,False
workload_677.cpp,xczu7ev-ffvc1156-2-e,10,91.97338,104,58,68,28,51,cyclic_32_1,cyclic_2_1,cyclic_2_1,pipeline_1,pipeline_1,pipeline_1,unroll_64,unroll_64,unroll_8,unroll_34,pipeline_1,unroll_8,1,51.25,0.521789837659,False
workload_814.cpp,xczu7ev-ffvc1156-2-e,10,91.97338,113,58,68,28,51,cyclic_32_1,cyclic_2_1,cyclic_2_1,pipeline_1,pipeline_1,pipeline_1,unroll_64,unroll_64,unroll_8,unroll_4,pipeline_1,unroll_2,1,51.25,0.521789837659,False
workload_608.cpp,xczu7ev-ffvc1156-2-e,10,587.2988,134,58,1,4,25,cyclic_32_1,cyclic_2_1,cyclic_2_1,pipeline_1,pipeline_1,unroll_2,pipeline_1,unroll_64,unroll_16,pipeline_1,pipeline_1,unroll_2,1,22,0.849481492409,False
workload_405.cpp,xczu7ev-ffvc1156-2-e,10,587.2988,134,58,1,4,25,cyclic_32_1,cyclic_2_1,cyclic_2_1,pipeline_1,pipeline_1,unroll_2,pipeline_1,unroll_64,unroll_8,unroll_4,pipeline_1,unroll_2,2,22,0.849481492409,False
workload_564.cpp,xczu7ev-ffvc1156-2-e,10,587.2988,136,58,1,4,25,cyclic_32_1,cyclic_2_1,cyclic_2_1,pipeline_1,pipeline_1,unroll_2,pipeline_1,unroll_64,unroll_8,unroll_4,pipeline_1,unroll_8,1,22,0.849481492409,False
workload_472.cpp,xczu7ev-ffvc1156-2-e,10,587.30394,89,58,1,4,19,cyclic_32_1,cyclic_2_1,cyclic_2_1,pipeline_1,pipeline_1,unroll_2,unroll_32,unroll_64,unroll_8,unroll_4,pipeline_1,unroll_2,1,20.5,0.869528410963,False
workload_944.cpp,xczu7ev-ffvc1156-2-e,10,576.97688,474,58,1,37,70,cyclic_32_1,cyclic_2_1,cyclic_2_1,pipeline_1,pipeline_1,unroll_32,pipeline_1,unroll_64,unroll_4,unroll_4,pipeline_1,unroll_2,1,41.5,0.546609941851,False
workload_893.cpp,xczu7ev-ffvc1156-2-e,10,576.97946,279,58,1,36,64,cyclic_32_1,cyclic_2_1,cyclic_2_1,pipeline_1,pipeline_1,unroll_32,unroll_64,unroll_64,unroll_16,unroll_4,pipeline_1,unroll_2,1,39.75,0.58300548216,False
workload_870.cpp,xczu7ev-ffvc1156-2-e,10,576.97946,252,58,1,36,64,cyclic_32_1,cyclic_2_1,cyclic_2_1,pipeline_1,pipeline_1,unroll_32,unroll_64,unroll_64,unroll_8,unroll_4,pipeline_1,unroll_2,1,39.75,0.58300548216,False
workload_658.cpp,xczu7ev-ffvc1156-2-e,10,91.97405,115,58,68,28,52,cyclic_32_1,cyclic_2_1,cyclic_2_1,unroll_5,pipeline_1,pipeline_1,unroll_64,unroll_64,unroll_8,unroll_4,pipeline_1,unroll_8,1,51.5,0.51930395097,False
workload_676.cpp,xczu7ev-ffvc1156-2-e,10,6109.20951,63,57,0,1,10,cyclic_32_1,cyclic_2_1,cyclic_2_1,unroll_5,pipeline_1,unroll_2,unroll_2,unroll_2,unroll_8,unroll_4,unroll_5,unroll_2,1,17,0.765606798446,False
workload_952.cpp,xczu7ev-ffvc1156-2-e,10,503.41853,92,68,13,8,27,cyclic_32_1,cyclic_2_1,cyclic_2_1,unroll_5,pipeline_1,unroll_2,unroll_32,unroll_64,unroll_8,unroll_2,pipeline_1,pipeline_1,1,29,0.759105260526,False
workload_900.cpp,xczu7ev-ffvc1156-2-e,10,503.41853,99,68,13,8,27,cyclic_32_1,cyclic_2_1,cyclic_2_1,unroll_5,pipeline_1,unroll_2,unroll_32,unroll_64,unroll_8,unroll_4,pipeline_1,unroll_8,1,29,0.759105260526,False
workload_675.cpp,xczu7ev-ffvc1156-2-e,10,138.85653,98,58,68,28,51,cyclic_32_1,cyclic_2_1,cyclic_4_1,pipeline_1,pipeline_1,pipeline_1,unroll_32,unroll_8,unroll_8,pipeline_1,pipeline_1,unroll_8,1,51.25,0.520909875483,False
workload_133.cpp,xczu7ev-ffvc1156-2-e,10,1111.84336,458,59,2,49,84,cyclic_32_1,cyclic_2_1,cyclic_4_1,pipeline_1,pipeline_1,unroll_32,unroll_2,unroll_64,unroll_4,unroll_34,pipeline_1,pipeline_1,1,48.5,0.517509083267,False
workload_233.cpp,xczu7ev-ffvc1156-2-e,10,1193.10154,364,59,2,13,83,cyclic_32_1,cyclic_2_1,cyclic_4_1,pipeline_1,unroll_2,unroll_2,unroll_32,unroll_64,unroll_4,pipeline_1,pipeline_1,pipeline_1,1,39.25,0.589706503681,False
workload_904.cpp,xczu7ev-ffvc1156-2-e,10,138.07231,110,58,68,28,51,cyclic_32_1,cyclic_2_1,cyclic_4_1,unroll_5,pipeline_1,pipeline_1,unroll_32,unroll_32,unroll_8,unroll_4,pipeline_1,unroll_2,1,51.25,0.520924604493,False
workload_767.cpp,xczu7ev-ffvc1156-2-e,10,91.96317,115,58,68,28,51,cyclic_32_1,cyclic_2_1,cyclic_4_1,unroll_5,pipeline_1,pipeline_1,unroll_32,unroll_64,unroll_8,unroll_2,pipeline_1,unroll_2,1,51.25,1,True
workload_720.cpp,xczu7ev-ffvc1156-2-e,10,91.96317,112,58,68,28,51,cyclic_32_1,cyclic_2_1,cyclic_4_1,unroll_5,pipeline_1,pipeline_1,unroll_32,unroll_64,unroll_8,unroll_4,pipeline_1,unroll_2,1,51.25,1,True
workload_877.cpp,xczu7ev-ffvc1156-2-e,10,503.41318,154,78,13,9,35,cyclic_32_1,cyclic_2_1,cyclic_4_1,unroll_5,pipeline_1,unroll_2,pipeline_1,unroll_64,unroll_16,unroll_4,pipeline_1,unroll_2,1,33.75,0.704803598489,False
workload_820.cpp,xczu7ev-ffvc1156-2-e,10,495.55421,120,78,13,12,33,cyclic_32_1,cyclic_2_1,cyclic_4_1,unroll_5,pipeline_1,unroll_4,unroll_32,unroll_64,unroll_8,unroll_2,pipeline_1,unroll_2,1,34,0.701537626519,False
workload_786.cpp,xczu7ev-ffvc1156-2-e,10,138.04554,127,57,68,28,54,cyclic_32_1,cyclic_2_1,cyclic_8_1,pipeline_1,pipeline_1,pipeline_1,pipeline_1,unroll_32,unroll_8,unroll_4,pipeline_1,pipeline_1,1,51.75,0.514225424933,False
workload_761.cpp,xczu7ev-ffvc1156-2-e,10,138.04554,128,57,68,28,54,cyclic_32_1,cyclic_2_1,cyclic_8_1,pipeline_1,pipeline_1,pipeline_1,pipeline_1,unroll_32,unroll_8,unroll_4,pipeline_1,unroll_2,1,51.75,0.514225424933,False
workload_461.cpp,xczu7ev-ffvc1156-2-e,10,91.95032,158.5,57,68,28,57,cyclic_32_1,cyclic_2_1,cyclic_8_1,pipeline_1,pipeline_1,pipeline_1,pipeline_1,unroll_64,unroll_8,unroll_4,pipeline_1,unroll_8,2,52.5,1,True
workload_758.cpp,xczu7ev-ffvc1156-2-e,10,550.59864,141,58,4,6,30,cyclic_32_1,cyclic_2_1,cyclic_8_1,pipeline_1,pipeline_1,unroll_2,pipeline_1,unroll_64,unroll_8,unroll_4,pipeline_1,unroll_2,1,24.5,0.817448850356,False
workload_524.cpp,xczu7ev-ffvc1156-2-e,10,550.59864,139,58,4,6,30,cyclic_32_1,cyclic_2_1,cyclic_8_1,pipeline_1,pipeline_1,unroll_2,pipeline_1,unroll_64,unroll_8,unroll_4,pipeline_1,unroll_8,1,24.5,0.817448850356,False
workload_244.cpp,xczu7ev-ffvc1156-2-e,10,856.08884,101,58,4,9,28,cyclic_32_1,cyclic_2_1,cyclic_8_1,pipeline_1,pipeline_1,unroll_4,unroll_2,unroll_2,unroll_4,pipeline_1,pipeline_1,pipeline_1,1,24.75,0.805904906604,False
workload_282.cpp,xczu7ev-ffvc1156-2-e,10,853.52884,131,58,4,16,39,cyclic_32_1,cyclic_2_1,cyclic_8_1,pipeline_1,pipeline_1,unroll_8,unroll_2,unroll_2,pipeline_1,unroll_4,pipeline_1,pipeline_1,1,29.25,0.747484489116,False
workload_124.cpp,xczu7ev-ffvc1156-2-e,10,147.72084,102,57,68,27,51,cyclic_32_1,cyclic_32_1,block_128_1,pipeline_1,pipeline_1,pipeline_1,pipeline_1,unroll_2,unroll_8,unroll_4,unroll_5,unroll_4,1,50.75,0.524089122375,False
workload_271.cpp,xczu7ev-ffvc1156-2-e,10,992.6433,176,62,0,10,33,cyclic_32_1,cyclic_32_1,block_128_1,pipeline_1,pipeline_1,unroll_8,pipeline_1,unroll_32,unroll_4,unroll_4,pipeline_1,unroll_2,1,26.25,0.784512840416,False
workload_164.cpp,xczu7ev-ffvc1156-2-e,10,992.6433,168,62,0,10,33,cyclic_32_1,cyclic_32_1,block_128_1,pipeline_1,pipeline_1,unroll_8,pipeline_1,unroll_32,unroll_8,unroll_4,pipeline_1,unroll_2,1,26.25,0.784512840416,False
workload_81.cpp,xczu7ev-ffvc1156-2-e,10,147.72084,105,57,68,27,51,cyclic_32_1,cyclic_32_1,block_64_1,pipeline_1,pipeline_1,pipeline_1,pipeline_1,unroll_2,pipeline_1,unroll_4,unroll_5,unroll_4,1,50.75,0.524089122375,False
workload_398.cpp,xczu7ev-ffvc1156-2-e,10,841.74666,113,63,2,5,29,cyclic_32_1,cyclic_32_1,cyclic_4_1,pipeline_1,pipeline_1,unroll_2,pipeline_1,unroll_32,unroll_4,unroll_4,pipeline_1,unroll_2,1,24.75,0.806232595735,False
workload_537.cpp,xczu7ev-ffvc1156-2-e,10,663.32314,101,58,0,5,20,cyclic_32_1,cyclic_4_1,block_128_1,pipeline_1,pipeline_1,unroll_4,unroll_64,unroll_64,unroll_16,pipeline_1,pipeline_1,unroll_2,1,20.75,0.86550776594,False
workload_379.cpp,xczu7ev-ffvc1156-2-e,10,749.83066,104,58,0,5,15,cyclic_32_1,cyclic_4_1,block_32_1,pipeline_1,pipeline_1,unroll_4,unroll_64,unroll_64,unroll_16,unroll_34,pipeline_1,unroll_34,1,19.5,0.875953196636,False
workload_179.cpp,xczu7ev-ffvc1156-2-e,10,145.23805,378,58,68,30,78,cyclic_32_1,cyclic_4_1,block_32_1,unroll_5,unroll_64,pipeline_1,unroll_64,unroll_4,unroll_34,unroll_34,pipeline_1,unroll_2,1,58.5,0.410753617274,False
workload_600.cpp,xczu7ev-ffvc1156-2-e,10,675.11962,90,58,0,3,18,cyclic_32_1,cyclic_4_1,block_64_1,pipeline_1,pipeline_1,unroll_2,unroll_64,unroll_64,pipeline_1,unroll_34,pipeline_1,unroll_2,1,19.75,0.871659801552,False
workload_349.cpp,xczu7ev-ffvc1156-2-e,10,157.88005,108,58,68,28,51,cyclic_32_1,cyclic_4_1,block_64_1,unroll_5,pipeline_1,pipeline_1,unroll_2,unroll_8,unroll_8,unroll_2,pipeline_1,unroll_8,1,51.25,0.520552479178,False
workload_651.cpp,xczu7ev-ffvc1156-2-e,10,91.95736,161,58,68,29,58,cyclic_32_1,cyclic_4_1,cyclic_4_1,pipeline_1,pipeline_1,pipeline_1,pipeline_1,unroll_64,unroll_8,unroll_4,pipeline_1,unroll_2,1,53.25,0.497261406843,False
workload_867.cpp,xczu7ev-ffvc1156-2-e,10,3904.73693,79,58,0,1,11,cyclic_32_1,cyclic_4_1,cyclic_4_1,unroll_5,pipeline_1,unroll_2,unroll_32,unroll_64,unroll_8,unroll_34,unroll_5,unroll_2,1,17.5,0.801034598014,False
workload_621.cpp,xczu7ev-ffvc1156-2-e,10,554.5308,139,58,4,6,30,cyclic_32_1,cyclic_4_1,cyclic_8_1,pipeline_1,pipeline_1,unroll_2,pipeline_1,unroll_64,unroll_16,unroll_2,pipeline_1,unroll_8,1,24.5,0.817364884684,False
workload_727.cpp,xczu7ev-ffvc1156-2-e,10,92.00026,134,57,68,28,52,cyclic_32_1,cyclic_64_1,block_128_1,pipeline_1,pipeline_1,pipeline_1,unroll_64,unroll_64,unroll_8,unroll_34,pipeline_1,unroll_8,1,51.25,0.521789333482,False
workload_706.cpp,xczu7ev-ffvc1156-2-e,10,663.40506,286,67,0,29,56,cyclic_32_1,cyclic_64_1,block_128_1,pipeline_1,pipeline_1,unroll_32,unroll_64,unroll_64,unroll_8,unroll_34,pipeline_1,unroll_8,1,38,0.620159688076,False
workload_484.cpp,xczu7ev-ffvc1156-2-e,10,995.23164,261,67,0,29,56,cyclic_32_1,cyclic_64_1,block_32_1,pipeline_1,pipeline_1,unroll_32,unroll_64,unroll_32,unroll_8,unroll_34,pipeline_1,unroll_8,1,38,0.617561235311,False
workload_211.cpp,xczu7ev-ffvc1156-2-e,10,145.23805,390,57,68,30,79,cyclic_32_1,cyclic_64_1,block_32_1,unroll_5,unroll_64,pipeline_1,unroll_64,unroll_4,unroll_34,unroll_34,pipeline_1,unroll_2,1,58.5,0.410753617274,False
workload_127.cpp,xczu7ev-ffvc1156-2-e,10,145.23805,364,57,68,30,79,cyclic_32_1,cyclic_64_1,block_32_1,unroll_5,unroll_64,pipeline_1,unroll_64,unroll_4,unroll_34,unroll_34,pipeline_1,unroll_34,1,58.5,0.410753617274,False
workload_235.cpp,xczu7ev-ffvc1156-2-e,10,139.42936,383,57,68,30,79,cyclic_32_1,cyclic_64_1,block_32_1,unroll_5,unroll_64,pipeline_1,unroll_64,unroll_8,unroll_8,unroll_34,pipeline_1,unroll_8,1,58.5,0.410753420613,False
workload_657.cpp,xczu7ev-ffvc1156-2-e,10,579.5164,652,67,1,37,93,cyclic_32_1,cyclic_64_1,cyclic_2_1,pipeline_1,pipeline_1,unroll_32,pipeline_1,unroll_64,unroll_8,unroll_4,pipeline_1,unroll_8,1,49.5,0.521720691921,False
workload_670.cpp,xczu7ev-ffvc1156-2-e,10,579.51898,294,67,1,36,65,cyclic_32_1,cyclic_64_1,cyclic_2_1,pipeline_1,pipeline_1,unroll_32,unroll_64,unroll_64,unroll_4,pipeline_1,pipeline_1,unroll_8,1,42.25,0.531417559787,False
workload_474.cpp,xczu7ev-ffvc1156-2-e,10,579.51898,296,67,1,36,65,cyclic_32_1,cyclic_64_1,cyclic_2_1,pipeline_1,pipeline_1,unroll_32,unroll_64,unroll_64,unroll_8,unroll_34,pipeline_1,unroll_8,2,42.25,0.531417559787,False
workload_819.cpp,xczu7ev-ffvc1156-2-e,10,503.41597,111,77,13,9,28,cyclic_32_1,cyclic_64_1,cyclic_2_1,unroll_5,pipeline_1,unroll_2,unroll_64,unroll_64,unroll_8,unroll_34,pipeline_1,unroll_8,1,31.75,0.712476885885,False
workload_666.cpp,xczu7ev-ffvc1156-2-e,10,91.9708,166,58,68,28,59,cyclic_32_1,cyclic_8_1,cyclic_2_1,pipeline_1,pipeline_1,pipeline_1,pipeline_1,unroll_64,unroll_8,pipeline_1,pipeline_1,unroll_2,1,53.25,0.497261413855,False
workload_809.cpp,xczu7ev-ffvc1156-2-e,10,2506.77751,62,41,0,1,5,cyclic_4_1,block_16_1,cyclic_2_1,unroll_5,pipeline_1,unroll_2,unroll_2,unroll_2,unroll_8,unroll_4,unroll_5,pipeline_1,1,11.75,0.948560402528,False
workload_683.cpp,xczu7ev-ffvc1156-2-e,10,550.59864,132,46,4,6,24,cyclic_4_1,block_16_1,cyclic_8_1,pipeline_1,pipeline_1,unroll_2,pipeline_1,unroll_64,unroll_8,unroll_4,pipeline_1,unroll_8,1,20,0.872733838296,False
workload_892.cpp,xczu7ev-ffvc1156-2-e,10,1599.18085,77,41,0,1,10,cyclic_4_1,block_32_1,block_128_1,unroll_5,pipeline_1,unroll_2,unroll_32,unroll_64,unroll_4,pipeline_1,unroll_5,pipeline_1,1,13,0.946278459627,False
workload_772.cpp,xczu7ev-ffvc1156-2-e,10,102.44259,126,41,13,14,27,cyclic_4_1,block_32_1,block_16_1,pipeline_1,pipeline_1,pipeline_1,unroll_32,unroll_64,unroll_4,unroll_16,unroll_5,unroll_2,1,23.75,0.836420708918,False
workload_661.cpp,xczu7ev-ffvc1156-2-e,10,102.44069,142,41,13,15,26,cyclic_4_1,block_32_1,cyclic_128_1,unroll_5,pipeline_1,pipeline_1,unroll_32,unroll_64,unroll_4,unroll_4,unroll_5,unroll_2,1,23.75,0.836420704202,False
workload_824.cpp,xczu7ev-ffvc1156-2-e,10,4217.99981,137,41,0,5,20,cyclic_4_1,block_32_1,cyclic_128_1,unroll_5,pipeline_1,unroll_2,unroll_32,unroll_64,unroll_8,unroll_16,unroll_5,unroll_2,1,16.5,0.80947415329,False
workload_807.cpp,xczu7ev-ffvc1156-2-e,10,671.18746,72,42,0,2,8,cyclic_4_1,block_4_1,block_128_1,pipeline_1,pipeline_1,unroll_2,unroll_64,unroll_64,unroll_16,unroll_4,pipeline_1,unroll_2,1,13,0.985503442993,False
workload_815.cpp,xczu7ev-ffvc1156-2-e,10,668.0745,258,42,0,29,54,cyclic_4_1,block_4_1,block_128_1,pipeline_1,pipeline_1,unroll_32,unroll_64,unroll_64,unroll_8,unroll_4,pipeline_1,unroll_2,1,31.25,0.711495432241,False
workload_773.cpp,xczu7ev-ffvc1156-2-e,10,543.50483,346,42,50,40,69,cyclic_4_1,block_4_1,block_16_1,unroll_5,pipeline_1,unroll_4,unroll_64,unroll_64,unroll_16,unroll_34,pipeline_1,unroll_2,1,50.25,0.520424169616,False
workload_921.cpp,xczu7ev-ffvc1156-2-e,10,102.48792,125,41,13,13,24,cyclic_4_1,block_4_1,block_32_1,pipeline_1,pipeline_1,pipeline_1,pipeline_1,unroll_64,unroll_16,unroll_4,pipeline_1,unroll_2,1,22.75,0.849573512115,False
workload_750.cpp,xczu7ev-ffvc1156-2-e,10,1006.91292,65,42,0,2,7,cyclic_4_1,block_4_1,block_32_1,pipeline_1,pipeline_1,unroll_2,unroll_32,unroll_32,unroll_16,unroll_4,pipeline_1,unroll_2,1,12.75,0.978934842999,False
workload_684.cpp,xczu7ev-ffvc1156-2-e,10,668.0745,249.5,42,0,29,54,cyclic_4_1,block_4_1,block_32_1,pipeline_1,pipeline_1,unroll_32,unroll_64,unroll_64,unroll_8,unroll_4,pipeline_1,unroll_2,2,31.25,0.711495432241,False
workload_896.cpp,xczu7ev-ffvc1156-2-e,10,668.0745,258,42,0,29,54,cyclic_4_1,block_4_1,block_32_1,pipeline_1,pipeline_1,unroll_32,unroll_64,unroll_64,unroll_8,unroll_4,pipeline_1,unroll_8,1,31.25,0.711495432241,False
workload_945.cpp,xczu7ev-ffvc1156-2-e,10,4525.14441,89,41,0,1,10,cyclic_4_1,block_4_1,block_32_1,unroll_5,pipeline_1,unroll_4,unroll_64,unroll_2,unroll_4,unroll_4,unroll_5,unroll_8,1,13,0.852164517806,False
workload_950.cpp,xczu7ev-ffvc1156-2-e,10,513.90173,117,47,6,15,29,cyclic_4_1,block_4_1,block_32_1,unroll_5,pipeline_1,unroll_8,unroll_64,unroll_64,unroll_8,unroll_4,pipeline_1,unroll_2,1,24.25,0.822846858502,False
workload_829.cpp,xczu7ev-ffvc1156-2-e,10,102.46362,77,42,13,12,19,cyclic_4_1,block_4_1,cyclic_2_1,pipeline_1,pipeline_1,pipeline_1,unroll_64,unroll_64,pipeline_1,unroll_4,pipeline_1,unroll_2,1,21.5,0.869516657599,False
workload_916.cpp,xczu7ev-ffvc1156-2-e,10,102.46362,84,42,13,12,19,cyclic_4_1,block_4_1,cyclic_2_1,pipeline_1,pipeline_1,pipeline_1,unroll_64,unroll_64,unroll_16,unroll_16,pipeline_1,unroll_2,1,21.5,0.869516657599,False
workload_644.cpp,xczu7ev-ffvc1156-2-e,10,102.46362,83,42,13,12,19,cyclic_4_1,block_4_1,cyclic_2_1,pipeline_1,pipeline_1,pipeline_1,unroll_64,unroll_64,unroll_4,unroll_2,pipeline_1,unroll_2,1,21.5,0.869516657599,False
workload_854.cpp,xczu7ev-ffvc1156-2-e,10,585.33272,138,42,1,6,18,cyclic_4_1,block_4_1,cyclic_2_1,pipeline_1,pipeline_1,unroll_4,pipeline_1,unroll_64,unroll_4,unroll_4,pipeline_1,pipeline_1,1,16.75,0.923877250532,False
workload_911.cpp,xczu7ev-ffvc1156-2-e,10,501.4477,148,52,13,12,27,cyclic_4_1,block_4_1,cyclic_2_1,unroll_5,pipeline_1,unroll_4,pipeline_1,unroll_64,unroll_4,pipeline_1,pipeline_1,unroll_8,1,26,0.797017652725,False
workload_895.cpp,xczu7ev-ffvc1156-2-e,10,791.57791,91,52,13,11,20,cyclic_4_1,block_4_1,cyclic_2_1,unroll_5,pipeline_1,unroll_4,unroll_2,unroll_2,unroll_4,unroll_4,pipeline_1,pipeline_1,1,24,0.819617579577,False
workload_933.cpp,xczu7ev-ffvc1156-2-e,10,102.44314,83,41,13,12,20,cyclic_4_1,block_4_1,cyclic_8_1,pipeline_1,pipeline_1,pipeline_1,unroll_64,unroll_64,unroll_4,unroll_4,pipeline_1,pipeline_1,1,21.5,1,True
workload_794.cpp,xczu7ev-ffvc1156-2-e,10,102.49306,98,41,13,12,27,cyclic_4_1,block_64_1,block_128_1,pipeline_1,pipeline_1,pipeline_1,unroll_32,unroll_64,unroll_4,unroll_4,unroll_5,pipeline_1,1,23.25,0.836388244887,False
workload_879.cpp,xczu7ev-ffvc1156-2-e,10,671.18488,184,61,0,3,36,cyclic_4_1,block_64_1,block_128_1,pipeline_1,pipeline_1,unroll_2,pipeline_1,unroll_64,unroll_4,unroll_4,pipeline_1,unroll_2,1,25,0.804727779179,False
workload_864.cpp,xczu7ev-ffvc1156-2-e,10,671.18488,186,61,0,3,36,cyclic_4_1,block_64_1,block_128_1,pipeline_1,pipeline_1,unroll_2,pipeline_1,unroll_64,unroll_4,unroll_4,pipeline_1,unroll_8,1,25,0.804727779179,False
workload_890.cpp,xczu7ev-ffvc1156-2-e,10,671.19002,99,61,0,2,13,cyclic_4_1,block_64_1,block_128_1,pipeline_1,pipeline_1,unroll_2,unroll_32,unroll_64,unroll_4,unroll_4,pipeline_1,unroll_34,1,19,0.888131906511,False
workload_822.cpp,xczu7ev-ffvc1156-2-e,10,516.52613,102,66,6,6,19,cyclic_4_1,block_64_1,block_128_1,unroll_5,pipeline_1,unroll_2,unroll_32,unroll_64,unroll_4,pipeline_1,pipeline_1,unroll_8,1,24.25,0.822785275937,False
workload_726.cpp,xczu7ev-ffvc1156-2-e,10,1599.18085,96,41,0,1,15,cyclic_4_1,block_64_1,block_128_1,unroll_5,pipeline_1,unroll_2,unroll_32,unroll_64,unroll_4,pipeline_1,unroll_5,pipeline_1,1,14.25,0.931810563007,False
workload_849.cpp,xczu7ev-ffvc1156-2-e,10,516.52613,104,66,6,6,19,cyclic_4_1,block_64_1,block_128_1,unroll_5,pipeline_1,unroll_2,unroll_32,unroll_64,unroll_4,unroll_4,pipeline_1,pipeline_1,1,24.25,0.822785275937,False
workload_920.cpp,xczu7ev-ffvc1156-2-e,10,587.30072,129,62,1,32,26,cyclic_4_1,block_64_1,cyclic_2_1,pipeline_1,pipeline_1,unroll_2,unroll_64,unroll_64,unroll_8,unroll_4,pipeline_1,unroll_8,1,30.25,0.729874540379,False
workload_845.cpp,xczu7ev-ffvc1156-2-e,10,5911.44925,99,41,0,1,16,cyclic_4_1,block_64_1,cyclic_8_1,unroll_5,pipeline_1,unroll_2,unroll_32,unroll_64,unroll_8,unroll_16,unroll_5,unroll_2,1,14.5,0.812428256119,False
workload_512.cpp,xczu7ev-ffvc1156-2-e,10,102.44003,124,42,13,14,25,cyclic_4_1,block_8_1,block_16_1,pipeline_1,pipeline_1,pipeline_1,unroll_64,unroll_64,unroll_4,unroll_34,pipeline_1,unroll_2,1,23.5,0.836404764378,False
workload_682.cpp,xczu7ev-ffvc1156-2-e,10,102.4905,114,41,13,12,20,cyclic_4_1,cyclic_128_1,block_128_1,pipeline_1,pipeline_1,pipeline_1,unroll_64,unroll_64,unroll_4,unroll_34,pipeline_1,unroll_2,1,21.5,0.869516040627,False
workload_691.cpp,xczu7ev-ffvc1156-2-e,10,102.4905,114,41,13,12,20,cyclic_4_1,cyclic_128_1,block_32_1,pipeline_1,pipeline_1,pipeline_1,unroll_64,unroll_64,unroll_4,unroll_4,pipeline_1,unroll_8,1,21.5,0.869516040627,False
workload_667.cpp,xczu7ev-ffvc1156-2-e,10,102.4905,105,41,13,12,20,cyclic_4_1,cyclic_128_1,block_32_1,pipeline_1,pipeline_1,pipeline_1,unroll_64,unroll_64,unroll_8,unroll_4,pipeline_1,unroll_8,1,21.5,0.869516040627,False
workload_785.cpp,xczu7ev-ffvc1156-2-e,10,102.46362,114,41,13,12,20,cyclic_4_1,cyclic_128_1,cyclic_2_1,pipeline_1,pipeline_1,pipeline_1,unroll_64,unroll_64,pipeline_1,unroll_4,pipeline_1,unroll_2,1,21.5,0.869516657599,False
workload_363.cpp,xczu7ev-ffvc1156-2-e,10,164.03851,85,41,13,12,21,cyclic_4_1,cyclic_128_1,cyclic_8_1,unroll_5,pipeline_1,pipeline_1,pipeline_1,unroll_2,unroll_8,unroll_4,pipeline_1,unroll_2,1,21.75,0.862643302125,False
workload_562.cpp,xczu7ev-ffvc1156-2-e,10,102.4905,83,41,13,12,19,cyclic_4_1,cyclic_16_1,block_32_1,pipeline_1,pipeline_1,pipeline_1,unroll_64,unroll_64,unroll_8,pipeline_1,pipeline_1,unroll_2,1,21.25,0.869492063124,False
workload_650.cpp,xczu7ev-ffvc1156-2-e,10,102.48792,122,41,13,12,23,cyclic_4_1,cyclic_2_1,block_128_1,pipeline_1,pipeline_1,pipeline_1,pipeline_1,unroll_64,unroll_4,pipeline_1,pipeline_1,unroll_2,1,22.25,0.856188372369,False
workload_687.cpp,xczu7ev-ffvc1156-2-e,10,102.49306,79,41,13,12,18,cyclic_4_1,cyclic_2_1,block_128_1,pipeline_1,pipeline_1,pipeline_1,unroll_32,unroll_64,unroll_8,pipeline_1,pipeline_1,unroll_2,1,21,0.876206777063,False
workload_741.cpp,xczu7ev-ffvc1156-2-e,10,1056.79284,64,42,0,2,6,cyclic_4_1,cyclic_2_1,block_128_1,pipeline_1,pipeline_1,unroll_2,unroll_2,unroll_2,unroll_8,unroll_4,pipeline_1,unroll_2,1,12.5,0.978348122207,False
workload_569.cpp,xczu7ev-ffvc1156-2-e,10,671.19002,68,42,0,2,7,cyclic_4_1,cyclic_2_1,block_128_1,pipeline_1,pipeline_1,unroll_2,unroll_32,unroll_64,unroll_8,pipeline_1,pipeline_1,unroll_2,1,12.75,0.992732943049,False
workload_614.cpp,xczu7ev-ffvc1156-2-e,10,1050.71134,62,42,0,2,6,cyclic_4_1,cyclic_2_1,block_128_1,pipeline_1,pipeline_1,unroll_2,unroll_64,unroll_2,unroll_4,pipeline_1,pipeline_1,unroll_2,1,12.5,0.978677969767,False
workload_836.cpp,xczu7ev-ffvc1156-2-e,10,671.18746,69,42,0,2,7,cyclic_4_1,cyclic_2_1,block_128_1,pipeline_1,pipeline_1,unroll_2,unroll_64,unroll_64,unroll_16,unroll_4,pipeline_1,unroll_2,1,12.75,1,True
workload_602.cpp,xczu7ev-ffvc1156-2-e,10,668.56344,136,42,0,5,16,cyclic_4_1,cyclic_2_1,block_128_1,pipeline_1,pipeline_1,unroll_4,pipeline_1,unroll_64,unroll_4,pipeline_1,pipeline_1,unroll_2,1,15.75,0.946844167983,False
workload_450.cpp,xczu7ev-ffvc1156-2-e,10,668.56602,81,42,0,4,10,cyclic_4_1,cyclic_2_1,block_128_1,pipeline_1,pipeline_1,unroll_4,unroll_64,unroll_64,unroll_4,pipeline_1,pipeline_1,unroll_2,1,14,0.967207937232,False
workload_521.cpp,xczu7ev-ffvc1156-2-e,10,668.56602,80,42,0,4,10,cyclic_4_1,cyclic_2_1,block_128_1,pipeline_1,pipeline_1,unroll_4,unroll_64,unroll_64,unroll_4,unroll_16,pipeline_1,unroll_2,1,14,0.967207937232,False
workload_548.cpp,xczu7ev-ffvc1156-2-e,10,668.56602,83,42,0,4,10,cyclic_4_1,cyclic_2_1,block_128_1,pipeline_1,pipeline_1,unroll_4,unroll_64,unroll_64,unroll_4,unroll_4,pipeline_1,unroll_2,1,14,0.967207937232,False
workload_522.cpp,xczu7ev-ffvc1156-2-e,10,668.56602,80,42,0,4,10,cyclic_4_1,cyclic_2_1,block_128_1,pipeline_1,pipeline_1,unroll_4,unroll_64,unroll_64,unroll_8,unroll_4,pipeline_1,unroll_2,1,14,0.967207937232,False
workload_942.cpp,xczu7ev-ffvc1156-2-e,10,516.52613,68,47,6,6,13,cyclic_4_1,cyclic_2_1,block_128_1,unroll_5,pipeline_1,unroll_2,unroll_32,unroll_64,unroll_4,pipeline_1,pipeline_1,unroll_8,1,18,0.905313296772,False
workload_711.cpp,xczu7ev-ffvc1156-2-e,10,102.43745,149,41,13,14,28,cyclic_4_1,cyclic_2_1,block_16_1,pipeline_1,pipeline_1,pipeline_1,pipeline_1,unroll_64,unroll_4,unroll_4,pipeline_1,unroll_2,2,24,1,True
workload_846.cpp,xczu7ev-ffvc1156-2-e,10,154.57662,113,41,13,13,22,cyclic_4_1,cyclic_2_1,block_16_1,pipeline_1,pipeline_1,pipeline_1,unroll_32,unroll_8,unroll_4,unroll_34,pipeline_1,unroll_2,1,22.25,0.856069646203,False
workload_532.cpp,xczu7ev-ffvc1156-2-e,10,102.44003,116,41,13,13,23,cyclic_4_1,cyclic_2_1,block_16_1,pipeline_1,pipeline_1,pipeline_1,unroll_64,unroll_64,unroll_4,unroll_34,pipeline_1,unroll_2,2,22.5,1,True
workload_598.cpp,xczu7ev-ffvc1156-2-e,10,1410.35993,500,42,0,8,23,cyclic_4_1,cyclic_2_1,block_16_1,pipeline_1,pipeline_1,unroll_2,unroll_2,unroll_64,pipeline_1,unroll_34,pipeline_1,pipeline_1,1,18.25,0.87794488959,False
workload_655.cpp,xczu7ev-ffvc1156-2-e,10,700.02339,576,42,0,7,21,cyclic_4_1,cyclic_2_1,block_16_1,pipeline_1,pipeline_1,unroll_2,unroll_64,unroll_64,unroll_4,unroll_34,pipeline_1,unroll_2,1,17.5,0.909432844623,False
workload_806.cpp,xczu7ev-ffvc1156-2-e,10,545.36171,143,42,6,15,28,cyclic_4_1,cyclic_2_1,block_16_1,unroll_5,pipeline_1,unroll_2,unroll_32,unroll_64,pipeline_1,pipeline_1,pipeline_1,pipeline_1,1,22.75,0.841782913368,False
workload_769.cpp,xczu7ev-ffvc1156-2-e,10,671.18488,114,42,0,3,13,cyclic_4_1,cyclic_2_1,block_32_1,pipeline_1,pipeline_1,unroll_2,pipeline_1,unroll_64,unroll_16,unroll_4,pipeline_1,unroll_8,1,14.5,0.956626151114,False
workload_812.cpp,xczu7ev-ffvc1156-2-e,10,671.19002,64,42,0,2,7,cyclic_4_1,cyclic_2_1,block_32_1,pipeline_1,pipeline_1,unroll_2,unroll_32,unroll_64,unroll_16,unroll_4,pipeline_1,unroll_2,1,12.75,0.992732943049,False
workload_817.cpp,xczu7ev-ffvc1156-2-e,10,671.19002,68,42,0,2,7,cyclic_4_1,cyclic_2_1,block_32_1,pipeline_1,pipeline_1,unroll_2,unroll_32,unroll_64,unroll_8,pipeline_1,pipeline_1,unroll_2,1,12.75,0.992732943049,False
workload_912.cpp,xczu7ev-ffvc1156-2-e,10,666.8457,234,42,0,29,53,cyclic_4_1,cyclic_2_1,block_32_1,pipeline_1,pipeline_1,unroll_32,unroll_64,unroll_64,unroll_8,unroll_4,pipeline_1,unroll_8,1,31,0.711766840095,False
workload_787.cpp,xczu7ev-ffvc1156-2-e,10,1001.15445,245,42,0,29,52,cyclic_4_1,cyclic_2_1,block_32_1,pipeline_1,pipeline_1,unroll_32,unroll_64,unroll_8,unroll_8,pipeline_1,pipeline_1,unroll_2,1,30.75,0.71356437,False
workload_885.cpp,xczu7ev-ffvc1156-2-e,10,2498.64841,73,41,0,1,7,cyclic_4_1,cyclic_2_1,block_32_1,unroll_5,pipeline_1,unroll_4,unroll_64,unroll_2,unroll_4,unroll_4,unroll_5,pipeline_1,1,12.25,0.942390841345,False
workload_735.cpp,xczu7ev-ffvc1156-2-e,10,503.41273,235,42,13,11,39,cyclic_4_1,cyclic_2_1,cyclic_128_1,pipeline_1,pipeline_1,unroll_2,pipeline_1,unroll_64,unroll_4,unroll_16,pipeline_1,unroll_2,1,26.25,0.795763931086,False
workload_615.cpp,xczu7ev-ffvc1156-2-e,10,503.41787,177,42,13,10,33,cyclic_4_1,cyclic_2_1,cyclic_128_1,pipeline_1,pipeline_1,unroll_2,unroll_32,unroll_64,unroll_8,pipeline_1,pipeline_1,unroll_2,1,24.5,0.818436136906,False
workload_692.cpp,xczu7ev-ffvc1156-2-e,10,2517.08173,106,41,0,5,18,cyclic_4_1,cyclic_2_1,cyclic_128_1,unroll_5,pipeline_1,unroll_2,unroll_64,unroll_2,unroll_4,unroll_4,unroll_5,pipeline_1,1,16,0.874163318878,False
workload_790.cpp,xczu7ev-ffvc1156-2-e,10,102.46104,122.5,41,13,12,23,cyclic_4_1,cyclic_2_1,cyclic_2_1,pipeline_1,pipeline_1,pipeline_1,pipeline_1,unroll_64,unroll_8,unroll_4,pipeline_1,unroll_2,2,22.25,0.856188294908,False
workload_934.cpp,xczu7ev-ffvc1156-2-e,10,102.46618,79,41,13,12,18,cyclic_4_1,cyclic_2_1,cyclic_2_1,pipeline_1,pipeline_1,pipeline_1,unroll_32,unroll_64,unroll_16,pipeline_1,pipeline_1,pipeline_1,1,21,0.876207391934,False
workload_732.cpp,xczu7ev-ffvc1156-2-e,10,162.08034,78,41,13,12,17,cyclic_4_1,cyclic_2_1,cyclic_2_1,pipeline_1,pipeline_1,pipeline_1,unroll_64,unroll_2,pipeline_1,unroll_4,pipeline_1,unroll_2,1,20.75,0.876029628618,False
workload_488.cpp,xczu7ev-ffvc1156-2-e,10,102.46362,80,41,13,12,18,cyclic_4_1,cyclic_2_1,cyclic_2_1,pipeline_1,pipeline_1,pipeline_1,unroll_64,unroll_64,unroll_4,unroll_4,pipeline_1,unroll_2,1,21,1,True
workload_736.cpp,xczu7ev-ffvc1156-2-e,10,102.46362,82,41,13,12,18,cyclic_4_1,cyclic_2_1,cyclic_2_1,pipeline_1,pipeline_1,pipeline_1,unroll_64,unroll_64,unroll_4,unroll_4,pipeline_1,unroll_8,1,21,1,True
workload_739.cpp,xczu7ev-ffvc1156-2-e,10,102.46362,83,41,13,12,18,cyclic_4_1,cyclic_2_1,cyclic_2_1,pipeline_1,pipeline_1,pipeline_1,unroll_64,unroll_64,unroll_8,unroll_34,pipeline_1,unroll_2,1,21,1,True
workload_673.cpp,xczu7ev-ffvc1156-2-e,10,587.2988,105,42,1,4,14,cyclic_4_1,cyclic_2_1,cyclic_2_1,pipeline_1,pipeline_1,unroll_2,pipeline_1,unroll_64,unroll_4,unroll_4,pipeline_1,pipeline_1,1,15.25,1,True
workload_765.cpp,xczu7ev-ffvc1156-2-e,10,587.2988,112,42,1,4,14,cyclic_4_1,cyclic_2_1,cyclic_2_1,pipeline_1,pipeline_1,unroll_2,pipeline_1,unroll_64,unroll_8,unroll_4,pipeline_1,unroll_2,1,15.25,1,True
workload_712.cpp,xczu7ev-ffvc1156-2-e,10,587.30138,67,42,1,3,8,cyclic_4_1,cyclic_2_1,cyclic_2_1,pipeline_1,pipeline_1,unroll_2,unroll_64,unroll_64,unroll_4,unroll_34,pipeline_1,pipeline_1,1,13.5,1,True
workload_725.cpp,xczu7ev-ffvc1156-2-e,10,587.30138,71,42,1,3,8,cyclic_4_1,cyclic_2_1,cyclic_2_1,pipeline_1,pipeline_1,unroll_2,unroll_64,unroll_64,unroll_4,unroll_4,pipeline_1,pipeline_1,1,13.5,1,True
workload_605.cpp,xczu7ev-ffvc1156-2-e,10,582.95962,246,42,1,36,62,cyclic_4_1,cyclic_2_1,cyclic_2_1,pipeline_1,pipeline_1,unroll_32,unroll_64,unroll_64,unroll_8,unroll_4,pipeline_1,unroll_2,1,35.25,0.680217528725,False
workload_701.cpp,xczu7ev-ffvc1156-2-e,10,584.67736,134,42,1,6,18,cyclic_4_1,cyclic_2_1,cyclic_2_1,pipeline_1,pipeline_1,unroll_4,pipeline_1,unroll_64,unroll_4,pipeline_1,pipeline_1,unroll_8,1,16.75,0.923893414958,False
workload_710.cpp,xczu7ev-ffvc1156-2-e,10,102.46429,80,41,13,12,18,cyclic_4_1,cyclic_2_1,cyclic_2_1,unroll_5,pipeline_1,pipeline_1,unroll_64,unroll_64,unroll_8,unroll_34,pipeline_1,unroll_2,1,21,0.876207435167,False
workload_568.cpp,xczu7ev-ffvc1156-2-e,10,2506.77791,60,41,0,1,4,cyclic_4_1,cyclic_2_1,cyclic_2_1,unroll_5,pipeline_1,unroll_2,unroll_2,unroll_2,unroll_4,unroll_4,unroll_5,pipeline_1,1,11.5,1,True
workload_636.cpp,xczu7ev-ffvc1156-2-e,10,4532.24991,61,41,0,1,6,cyclic_4_1,cyclic_2_1,cyclic_2_1,unroll_5,pipeline_1,unroll_2,unroll_2,unroll_2,unroll_4,unroll_4,unroll_5,unroll_8,1,12,0.858334839435,False
workload_778.cpp,xczu7ev-ffvc1156-2-e,10,3208.66874,110,41,0,1,8,cyclic_4_1,cyclic_2_1,cyclic_2_1,unroll_5,pipeline_1,unroll_2,unroll_2,unroll_64,unroll_4,unroll_4,unroll_5,pipeline_1,1,12.5,0.908277066597,False
workload_855.cpp,xczu7ev-ffvc1156-2-e,10,2500.76041,62,41,0,1,5,cyclic_4_1,cyclic_2_1,cyclic_2_1,unroll_5,pipeline_1,unroll_2,unroll_32,unroll_2,unroll_4,unroll_4,unroll_5,pipeline_1,1,11.75,1,True
workload_695.cpp,xczu7ev-ffvc1156-2-e,10,503.41577,82,52,13,8,17,cyclic_4_1,cyclic_2_1,cyclic_2_1,unroll_5,pipeline_1,unroll_2,unroll_64,unroll_64,unroll_16,unroll_4,pipeline_1,unroll_2,1,22.5,0.846605935612,False
workload_842.cpp,xczu7ev-ffvc1156-2-e,10,102.44056,123,41,13,12,24,cyclic_4_1,cyclic_2_1,cyclic_8_1,pipeline_1,pipeline_1,pipeline_1,pipeline_1,unroll_64,unroll_4,unroll_4,pipeline_1,unroll_2,1,22.5,0.8562085689,False
workload_743.cpp,xczu7ev-ffvc1156-2-e,10,550.59864,126,42,4,6,19,cyclic_4_1,cyclic_2_1,cyclic_8_1,pipeline_1,pipeline_1,unroll_2,pipeline_1,unroll_64,unroll_16,unroll_4,pipeline_1,unroll_2,1,17.75,0.90940591878,False
workload_664.cpp,xczu7ev-ffvc1156-2-e,10,550.59864,119,42,4,6,19,cyclic_4_1,cyclic_2_1,cyclic_8_1,pipeline_1,pipeline_1,unroll_2,pipeline_1,unroll_64,unroll_16,unroll_4,pipeline_1,unroll_8,1,17.75,0.90940591878,False
workload_748.cpp,xczu7ev-ffvc1156-2-e,10,550.59864,121,42,4,6,19,cyclic_4_1,cyclic_2_1,cyclic_8_1,pipeline_1,pipeline_1,unroll_2,pipeline_1,unroll_64,unroll_8,unroll_2,pipeline_1,unroll_8,1,17.75,0.90940591878,False
workload_680.cpp,xczu7ev-ffvc1156-2-e,10,550.59864,117,42,4,6,19,cyclic_4_1,cyclic_2_1,cyclic_8_1,pipeline_1,pipeline_1,unroll_2,pipeline_1,unroll_64,unroll_8,unroll_4,pipeline_1,unroll_8,1,17.75,0.90940591878,False
workload_770.cpp,xczu7ev-ffvc1156-2-e,10,503.41637,84,56,13,8,17,cyclic_4_1,cyclic_32_1,cyclic_2_1,unroll_5,pipeline_1,unroll_2,unroll_64,unroll_64,unroll_4,pipeline_1,pipeline_1,unroll_2,1,23.5,0.831490317185,False
workload_953.cpp,xczu7ev-ffvc1156-2-e,10,3904.7337,60,41,0,0,5,cyclic_4_1,cyclic_4_1,block_32_1,pipeline_1,pipeline_1,unroll_2,unroll_64,unroll_64,unroll_16,unroll_2,unroll_5,unroll_2,1,11.5,0.873688165775,False
workload_245.cpp,xczu7ev-ffvc1156-2-e,10,138.97845,126,72,68,28,57,cyclic_64_1,block_16_1,block_64_1,pipeline_1,pipeline_1,pipeline_1,unroll_16,unroll_8,unroll_8,unroll_16,pipeline_1,unroll_8,1,56.25,0.450408959293,False
workload_242.cpp,xczu7ev-ffvc1156-2-e,10,1049.11284,133,74,0,10,36,cyclic_64_1,block_2_1,block_128_1,pipeline_1,pipeline_1,unroll_8,unroll_2,unroll_2,pipeline_1,unroll_8,pipeline_1,pipeline_1,1,30,0.728743791864,False
workload_354.cpp,xczu7ev-ffvc1156-2-e,10,1049.11284,130,74,0,10,36,cyclic_64_1,block_2_1,block_128_1,pipeline_1,pipeline_1,unroll_8,unroll_2,unroll_2,unroll_4,unroll_8,pipeline_1,unroll_2,1,30,0.728743791864,False
workload_224.cpp,xczu7ev-ffvc1156-2-e,10,1261.03356,346,74,0,4,33,cyclic_64_1,block_2_1,block_64_1,pipeline_1,unroll_8,unroll_2,unroll_16,unroll_32,unroll_4,unroll_8,pipeline_1,unroll_8,1,27.75,0.759471169323,False
workload_319.cpp,xczu7ev-ffvc1156-2-e,10,1397.24213,872,74,0,6,45,cyclic_64_1,block_4_1,block_128_1,pipeline_1,unroll_4,unroll_2,unroll_16,unroll_8,unroll_8,unroll_4,pipeline_1,unroll_8,1,31.25,0.701118679426,False
workload_256.cpp,xczu7ev-ffvc1156-2-e,10,1226.47509,157,74,0,4,29,cyclic_64_1,block_4_1,block_128_1,pipeline_1,unroll_8,unroll_2,unroll_16,unroll_8,unroll_8,unroll_4,pipeline_1,unroll_8,1,26.75,0.773032116222,False
workload_455.cpp,xczu7ev-ffvc1156-2-e,10,587.30906,118,74,1,4,31,cyclic_64_1,block_4_1,cyclic_2_1,pipeline_1,pipeline_1,unroll_2,unroll_16,unroll_64,unroll_16,unroll_4,pipeline_1,unroll_8,1,27.5,0.778120569153,False
workload_479.cpp,xczu7ev-ffvc1156-2-e,10,587.30906,107,74,1,4,31,cyclic_64_1,block_4_1,cyclic_2_1,pipeline_1,pipeline_1,unroll_2,unroll_16,unroll_64,unroll_8,unroll_4,pipeline_1,unroll_8,1,27.5,0.778120569153,False
workload_167.cpp,xczu7ev-ffvc1156-2-e,10,1106.05269,110,74,1,4,29,cyclic_64_1,block_4_1,cyclic_2_1,pipeline_1,unroll_8,unroll_2,unroll_16,unroll_8,unroll_4,unroll_2,pipeline_1,unroll_8,1,27,0.772820592972,False
workload_137.cpp,xczu7ev-ffvc1156-2-e,10,1126.20501,346,74,1,4,34,cyclic_64_1,block_4_1,cyclic_2_1,pipeline_1,unroll_8,unroll_2,unroll_16,unroll_8,unroll_4,unroll_8,pipeline_1,unroll_8,1,28.25,0.756892742949,False
workload_288.cpp,xczu7ev-ffvc1156-2-e,10,6362.63891,337,73,0,2,26,cyclic_64_1,block_4_1,cyclic_2_1,unroll_5,unroll_8,unroll_4,unroll_2,unroll_2,unroll_4,unroll_8,unroll_5,unroll_2,1,25.25,0.624700183432,False
workload_332.cpp,xczu7ev-ffvc1156-2-e,10,91.97594,145,74,68,28,58,cyclic_64_1,block_8_1,cyclic_2_1,pipeline_1,pipeline_1,pipeline_1,unroll_32,unroll_64,unroll_4,unroll_34,pipeline_1,unroll_8,1,57,0.436918546562,False
workload_303.cpp,xczu7ev-ffvc1156-2-e,10,91.97594,146,74,68,28,58,cyclic_64_1,block_8_1,cyclic_2_1,pipeline_1,pipeline_1,pipeline_1,unroll_32,unroll_64,unroll_8,unroll_34,pipeline_1,unroll_8,1,57,0.436918546562,False
workload_384.cpp,xczu7ev-ffvc1156-2-e,10,4583.43581,268,74,0,2,56,cyclic_64_1,block_8_1,cyclic_2_1,unroll_5,unroll_2,unroll_4,unroll_2,unroll_2,unroll_16,pipeline_1,unroll_5,unroll_8,1,33,0.607322808064,False
workload_297.cpp,xczu7ev-ffvc1156-2-e,10,745.1647,388,92,13,15,73,cyclic_64_1,cyclic_128_1,cyclic_128_1,pipeline_1,pipeline_1,unroll_4,unroll_32,unroll_8,pipeline_1,unroll_16,pipeline_1,unroll_8,1,48.25,0.521677860012,False
workload_234.cpp,xczu7ev-ffvc1156-2-e,10,1103.22645,335,93,1,5,38,cyclic_64_1,cyclic_128_1,cyclic_2_1,pipeline_1,unroll_16,unroll_2,unroll_32,unroll_8,unroll_16,unroll_4,pipeline_1,unroll_8,1,34.25,0.684977445469,False
workload_412.cpp,xczu7ev-ffvc1156-2-e,10,91.97594,148,73,68,28,57,cyclic_64_1,cyclic_16_1,cyclic_2_1,pipeline_1,pipeline_1,pipeline_1,unroll_32,unroll_64,unroll_8,unroll_4,pipeline_1,unroll_8,1,56.5,0.445879067041,False
workload_811.cpp,xczu7ev-ffvc1156-2-e,10,92.00026,143,73,68,28,57,cyclic_64_1,cyclic_2_1,block_32_1,pipeline_1,pipeline_1,pipeline_1,unroll_64,unroll_64,unroll_8,unroll_34,pipeline_1,unroll_2,1,56.5,0.445879078024,False
workload_903.cpp,xczu7ev-ffvc1156-2-e,10,516.52317,124,78,6,6,36,cyclic_64_1,cyclic_2_1,block_32_1,unroll_5,pipeline_1,unroll_2,unroll_64,unroll_64,unroll_8,unroll_4,pipeline_1,unroll_2,1,31.5,0.712568721793,False
workload_940.cpp,xczu7ev-ffvc1156-2-e,10,91.94475,250,72,68,31,65,cyclic_64_1,cyclic_2_1,cyclic_128_1,unroll_5,pipeline_1,pipeline_1,pipeline_1,unroll_64,unroll_8,unroll_4,pipeline_1,unroll_8,1,59,0.402252116191,False
workload_637.cpp,xczu7ev-ffvc1156-2-e,10,91.95032,167,72,68,28,62,cyclic_64_1,cyclic_2_1,cyclic_8_1,pipeline_1,pipeline_1,pipeline_1,pipeline_1,unroll_64,unroll_8,unroll_4,pipeline_1,pipeline_1,1,57.5,0.428075579183,False
workload_293.cpp,xczu7ev-ffvc1156-2-e,10,939.55914,262,73,4,16,46,cyclic_64_1,cyclic_2_1,cyclic_8_1,pipeline_1,pipeline_1,unroll_8,pipeline_1,unroll_32,unroll_8,unroll_34,pipeline_1,unroll_34,1,34.75,0.682077924689,False
workload_249.cpp,xczu7ev-ffvc1156-2-e,10,811.76394,224,73,4,16,55,cyclic_64_1,cyclic_2_1,cyclic_8_1,pipeline_1,pipeline_1,unroll_8,pipeline_1,unroll_32,unroll_8,unroll_4,pipeline_1,unroll_8,1,37,0.640554094373,False
workload_129.cpp,xczu7ev-ffvc1156-2-e,10,147.72084,115,72,68,27,56,cyclic_64_1,cyclic_32_1,block_64_1,pipeline_1,pipeline_1,pipeline_1,pipeline_1,unroll_2,pipeline_1,unroll_4,unroll_5,unroll_4,1,55.75,0.459538287184,False
workload_254.cpp,xczu7ev-ffvc1156-2-e,10,6159.37181,89,73,0,1,20,cyclic_64_1,cyclic_4_1,cyclic_2_1,unroll_5,unroll_2,unroll_4,unroll_2,unroll_2,unroll_16,pipeline_1,unroll_5,unroll_2,1,23.5,0.64733127298,False
workload_333.cpp,xczu7ev-ffvc1156-2-e,10,4765.70812,358,73,0,3,66,cyclic_64_1,cyclic_4_1,cyclic_2_1,unroll_5,unroll_2,unroll_4,unroll_2,unroll_8,unroll_16,pipeline_1,unroll_5,unroll_8,1,35.5,0.576319311577,False
workload_232.cpp,xczu7ev-ffvc1156-2-e,10,6362.63891,348,73,0,2,26,cyclic_64_1,cyclic_4_1,cyclic_2_1,unroll_5,unroll_8,unroll_4,unroll_2,unroll_2,unroll_4,unroll_8,unroll_5,unroll_2,1,25.25,0.624700183432,False
workload_267.cpp,xczu7ev-ffvc1156-2-e,10,91.97594,174,73,68,28,57,cyclic_64_1,cyclic_64_1,cyclic_2_1,pipeline_1,pipeline_1,pipeline_1,unroll_32,unroll_64,unroll_8,unroll_16,pipeline_1,unroll_8,1,56.5,0.445879067041,False
workload_465.cpp,xczu7ev-ffvc1156-2-e,10,91.97338,174,73,68,28,57,cyclic_64_1,cyclic_64_1,cyclic_2_1,pipeline_1,pipeline_1,pipeline_1,unroll_64,unroll_64,unroll_8,unroll_4,pipeline_1,unroll_8,1,56.5,0.445879065884,False
workload_241.cpp,xczu7ev-ffvc1156-2-e,10,881.86869,107,83,1,4,31,cyclic_64_1,cyclic_64_1,cyclic_2_1,pipeline_1,pipeline_1,unroll_2,unroll_32,unroll_8,unroll_4,unroll_2,pipeline_1,unroll_8,1,29.75,0.736882585578,False
workload_231.cpp,xczu7ev-ffvc1156-2-e,10,881.86869,109,83,1,4,31,cyclic_64_1,cyclic_64_1,cyclic_2_1,pipeline_1,pipeline_1,unroll_2,unroll_32,unroll_8,unroll_4,unroll_4,pipeline_1,unroll_8,1,29.75,0.736882585578,False
workload_219.cpp,xczu7ev-ffvc1156-2-e,10,881.86869,107,83,1,4,31,cyclic_64_1,cyclic_64_1,cyclic_2_1,pipeline_1,pipeline_1,unroll_2,unroll_32,unroll_8,unroll_8,unroll_4,pipeline_1,unroll_8,1,29.75,0.736882585578,False
workload_350.cpp,xczu7ev-ffvc1156-2-e,10,867.61461,139,83,1,12,41,cyclic_64_1,cyclic_64_1,cyclic_2_1,pipeline_1,pipeline_1,unroll_8,unroll_32,unroll_8,pipeline_1,unroll_2,pipeline_1,unroll_4,1,34.25,0.690495531123,False
workload_296.cpp,xczu7ev-ffvc1156-2-e,10,867.61461,141,83,1,12,41,cyclic_64_1,cyclic_64_1,cyclic_2_1,pipeline_1,pipeline_1,unroll_8,unroll_32,unroll_8,pipeline_1,unroll_2,pipeline_1,unroll_8,1,34.25,0.690495531123,False
workload_158.cpp,xczu7ev-ffvc1156-2-e,10,1102.30485,308,83,1,5,37,cyclic_64_1,cyclic_64_1,cyclic_2_1,pipeline_1,unroll_16,unroll_2,unroll_32,unroll_8,unroll_16,unroll_4,pipeline_1,unroll_8,1,31.5,0.705376364098,False
workload_106.cpp,xczu7ev-ffvc1156-2-e,10,1102.30485,313,83,1,5,37,cyclic_64_1,cyclic_64_1,cyclic_2_1,pipeline_1,unroll_16,unroll_2,unroll_32,unroll_8,unroll_8,unroll_4,pipeline_1,unroll_8,1,31.5,0.705376364098,False
workload_448.cpp,xczu7ev-ffvc1156-2-e,10,968.71534,107,83,1,7,31,cyclic_64_1,cyclic_64_1,cyclic_2_1,pipeline_1,unroll_2,unroll_4,unroll_2,unroll_2,unroll_16,pipeline_1,pipeline_1,unroll_2,1,30.5,0.719480030946,False
workload_66.cpp,xczu7ev-ffvc1156-2-e,10,1127.06517,361,83,1,4,35,cyclic_64_1,cyclic_64_1,cyclic_2_1,pipeline_1,unroll_8,unroll_2,unroll_16,unroll_8,unroll_4,unroll_8,pipeline_1,unroll_8,1,30.75,0.711688114669,False
workload_205.cpp,xczu7ev-ffvc1156-2-e,10,1098.61845,152,83,1,4,32,cyclic_64_1,cyclic_64_1,cyclic_2_1,pipeline_1,unroll_8,unroll_2,unroll_32,unroll_8,unroll_8,unroll_4,pipeline_1,unroll_8,1,30,0.72783625462,False
workload_273.cpp,xczu7ev-ffvc1156-2-e,10,503.41378,269,92,13,9,68,cyclic_64_1,cyclic_64_1,cyclic_2_1,unroll_5,pipeline_1,unroll_2,pipeline_1,unroll_64,unroll_4,unroll_4,pipeline_1,unroll_8,1,45.5,0.523858402025,False
workload_207.cpp,xczu7ev-ffvc1156-2-e,10,583.3673,281,92,13,9,55,cyclic_64_1,cyclic_64_1,cyclic_2_1,unroll_5,pipeline_1,unroll_2,pipeline_1,unroll_64,unroll_8,unroll_16,pipeline_1,unroll_34,1,42.25,0.531409230639,False
workload_264.cpp,xczu7ev-ffvc1156-2-e,10,503.41338,271,92,13,9,68,cyclic_64_1,cyclic_64_1,cyclic_2_1,unroll_5,pipeline_1,unroll_2,pipeline_1,unroll_64,unroll_8,unroll_16,pipeline_1,unroll_8,1,45.5,0.523858403057,False
workload_181.cpp,xczu7ev-ffvc1156-2-e,10,503.41338,259,92,13,9,68,cyclic_64_1,cyclic_64_1,cyclic_2_1,unroll_5,pipeline_1,unroll_2,pipeline_1,unroll_64,unroll_8,unroll_4,pipeline_1,unroll_8,1,45.5,0.523858403057,False
workload_196.cpp,xczu7ev-ffvc1156-2-e,10,161.90589,3116,73,68,34,67,cyclic_64_1,cyclic_64_1,cyclic_2_1,unroll_5,unroll_16,pipeline_1,pipeline_1,unroll_8,unroll_8,unroll_34,unroll_5,unroll_34,1,60.5,0.377500237209,False
workload_128.cpp,xczu7ev-ffvc1156-2-e,10,2323.22013,173,73,15,11,40,cyclic_64_1,cyclic_64_1,cyclic_2_1,unroll_5,unroll_16,unroll_2,pipeline_1,unroll_8,unroll_8,pipeline_1,unroll_5,unroll_34,1,34.75,0.649126228304,False
workload_237.cpp,xczu7ev-ffvc1156-2-e,10,1142.09005,319,92,13,9,33,cyclic_64_1,cyclic_64_1,cyclic_2_1,unroll_5,unroll_16,unroll_2,unroll_32,unroll_4,unroll_34,unroll_4,pipeline_1,unroll_34,1,36.75,0.641629122177,False
workload_17.cpp,xczu7ev-ffvc1156-2-e,10,976.4764,340,92,13,10,45,cyclic_64_1,cyclic_64_1,cyclic_2_1,unroll_5,unroll_16,unroll_2,unroll_32,unroll_8,unroll_8,unroll_4,pipeline_1,unroll_8,1,40,0.575834859734,False
workload_312.cpp,xczu7ev-ffvc1156-2-e,10,842.54709,112,83,2,5,33,cyclic_64_1,cyclic_64_1,cyclic_4_1,pipeline_1,pipeline_1,unroll_2,unroll_32,unroll_8,unroll_4,unroll_4,pipeline_1,unroll_8,1,30.75,0.715649523157,False
workload_323.cpp,xczu7ev-ffvc1156-2-e,10,138.84597,131,72,68,28,57,cyclic_64_1,cyclic_64_1,cyclic_8_1,pipeline_1,pipeline_1,pipeline_1,unroll_32,unroll_8,unroll_16,pipeline_1,pipeline_1,unroll_8,1,56.25,0.450408988453,False
workload_468.cpp,xczu7ev-ffvc1156-2-e,10,841.7622,76,49,2,5,13,cyclic_8_1,block_16_1,cyclic_4_1,pipeline_1,pipeline_1,unroll_2,unroll_32,unroll_32,unroll_4,unroll_34,pipeline_1,unroll_8,1,17.25,0.910165313098,False
workload_910.cpp,xczu7ev-ffvc1156-2-e,10,97.24952,123,43,23,15,31,cyclic_8_1,block_4_1,block_32_1,pipeline_1,pipeline_1,pipeline_1,pipeline_1,unroll_64,unroll_16,unroll_4,pipeline_1,unroll_2,1,28,0.784887494072,False
workload_853.cpp,xczu7ev-ffvc1156-2-e,10,97.2521,89,43,23,15,26,cyclic_8_1,block_4_1,block_32_1,pipeline_1,pipeline_1,pipeline_1,unroll_64,unroll_64,unroll_8,unroll_4,pipeline_1,unroll_2,1,26.75,1,True
workload_905.cpp,xczu7ev-ffvc1156-2-e,10,97.19835,109,43,23,16,31,cyclic_8_1,block_4_1,cyclic_128_1,pipeline_1,pipeline_1,pipeline_1,unroll_64,unroll_64,unroll_8,unroll_4,pipeline_1,unroll_2,1,28.25,1,True
workload_238.cpp,xczu7ev-ffvc1156-2-e,10,204.7368,91,44,23,17,30,cyclic_8_1,block_4_1,cyclic_4_1,pipeline_1,pipeline_1,pipeline_1,unroll_2,unroll_64,unroll_16,unroll_34,pipeline_1,unroll_8,1,28.5,0.774630578937,False
workload_180.cpp,xczu7ev-ffvc1156-2-e,10,204.7368,98,44,23,17,30,cyclic_8_1,block_4_1,cyclic_4_1,pipeline_1,pipeline_1,pipeline_1,unroll_2,unroll_64,unroll_8,unroll_34,pipeline_1,unroll_8,1,28.5,0.774630578937,False
workload_29.cpp,xczu7ev-ffvc1156-2-e,10,1115.12016,472,45,2,50,86,cyclic_8_1,block_4_1,cyclic_4_1,pipeline_1,pipeline_1,unroll_32,unroll_2,unroll_64,unroll_4,unroll_34,pipeline_1,unroll_8,1,45.75,0.5207311746,False
workload_304.cpp,xczu7ev-ffvc1156-2-e,10,1138.37136,109,45,2,7,20,cyclic_8_1,block_4_1,cyclic_4_1,pipeline_1,unroll_8,unroll_2,unroll_2,unroll_64,unroll_4,unroll_34,pipeline_1,unroll_8,1,18.5,0.883253763855,False
workload_95.cpp,xczu7ev-ffvc1156-2-e,10,999.77786,547,64,13,56,99,cyclic_8_1,block_4_1,cyclic_4_1,unroll_5,pipeline_1,unroll_32,unroll_2,unroll_64,unroll_4,unroll_34,pipeline_1,unroll_8,1,58,0.416407788459,False
workload_120.cpp,xczu7ev-ffvc1156-2-e,10,951.43831,116,44,13,15,33,cyclic_8_1,block_4_1,cyclic_8_1,unroll_5,unroll_32,unroll_4,unroll_2,unroll_2,unroll_16,unroll_4,pipeline_1,unroll_16,1,26.25,0.785526915281,False
workload_173.cpp,xczu7ev-ffvc1156-2-e,10,828.72138,468,46,2,49,85,cyclic_8_1,block_8_1,cyclic_4_1,pipeline_1,pipeline_1,unroll_32,pipeline_1,unroll_32,unroll_4,unroll_34,pipeline_1,unroll_8,1,45.5,0.522616536302,False
workload_356.cpp,xczu7ev-ffvc1156-2-e,10,828.72138,456,46,2,49,85,cyclic_8_1,block_8_1,cyclic_4_1,pipeline_1,pipeline_1,unroll_32,pipeline_1,unroll_32,unroll_8,unroll_34,pipeline_1,unroll_8,1,45.5,0.522616536302,False
workload_144.cpp,xczu7ev-ffvc1156-2-e,10,1115.12016,456,46,2,50,89,cyclic_8_1,block_8_1,cyclic_4_1,pipeline_1,pipeline_1,unroll_32,unroll_2,unroll_64,unroll_4,unroll_34,pipeline_1,unroll_8,1,46.75,0.519959047959,False
workload_266.cpp,xczu7ev-ffvc1156-2-e,10,882.96184,108,46,2,5,18,cyclic_8_1,block_8_1,cyclic_4_1,pipeline_1,unroll_16,unroll_2,pipeline_1,unroll_2,unroll_16,unroll_34,pipeline_1,unroll_8,1,17.75,0.900633943407,False
workload_341.cpp,xczu7ev-ffvc1156-2-e,10,887.05384,107,46,2,5,18,cyclic_8_1,block_8_1,cyclic_4_1,pipeline_1,unroll_16,unroll_2,unroll_2,unroll_2,unroll_16,unroll_34,pipeline_1,unroll_8,1,17.75,0.900518703968,False
workload_236.cpp,xczu7ev-ffvc1156-2-e,10,830.92266,512,46,2,50,92,cyclic_8_1,block_8_1,cyclic_4_1,pipeline_1,unroll_16,unroll_32,pipeline_1,unroll_32,unroll_16,unroll_34,pipeline_1,unroll_8,1,47.5,0.521625358868,False
workload_591.cpp,xczu7ev-ffvc1156-2-e,10,146.76405,92,43,23,15,26,cyclic_8_1,cyclic_128_1,block_32_1,pipeline_1,pipeline_1,pipeline_1,unroll_64,unroll_8,unroll_4,unroll_4,pipeline_1,unroll_8,1,26.75,0.79966225065,False
workload_364.cpp,xczu7ev-ffvc1156-2-e,10,829.95018,178,64,2,8,44,cyclic_8_1,cyclic_128_1,cyclic_4_1,pipeline_1,pipeline_1,unroll_4,pipeline_1,unroll_32,pipeline_1,unroll_34,pipeline_1,unroll_8,1,29.5,0.742969443878,False
workload_935.cpp,xczu7ev-ffvc1156-2-e,10,97.19969,161,43,23,17,36,cyclic_8_1,cyclic_2_1,block_16_1,pipeline_1,pipeline_1,pipeline_1,pipeline_1,unroll_64,unroll_4,unroll_4,pipeline_1,unroll_2,1,29.75,0.744304906294,False
workload_757.cpp,xczu7ev-ffvc1156-2-e,10,97.20227,119,43,23,16,31,cyclic_8_1,cyclic_2_1,block_16_1,pipeline_1,pipeline_1,pipeline_1,unroll_64,unroll_64,unroll_4,unroll_4,pipeline_1,pipeline_1,1,28.25,0.781726753447,False
workload_884.cpp,xczu7ev-ffvc1156-2-e,10,97.2553,86,43,23,15,26,cyclic_8_1,cyclic_2_1,block_32_1,pipeline_1,pipeline_1,pipeline_1,unroll_32,unroll_64,unroll_8,pipeline_1,unroll_5,pipeline_1,1,26.75,0.800802847657,False
workload_941.cpp,xczu7ev-ffvc1156-2-e,10,661.27514,260,44,0,29,53,cyclic_8_1,cyclic_2_1,block_32_1,pipeline_1,pipeline_1,unroll_32,unroll_64,unroll_64,unroll_8,unroll_4,pipeline_1,unroll_8,1,31.5,0.711281296865,False
workload_782.cpp,xczu7ev-ffvc1156-2-e,10,97.20155,105,43,23,16,30,cyclic_8_1,cyclic_2_1,cyclic_128_1,pipeline_1,pipeline_1,pipeline_1,unroll_32,unroll_64,unroll_8,pipeline_1,unroll_5,pipeline_1,1,28,1,True
workload_796.cpp,xczu7ev-ffvc1156-2-e,10,4216.68571,98,43,0,3,17,cyclic_8_1,cyclic_2_1,cyclic_128_1,pipeline_1,pipeline_1,unroll_2,unroll_64,unroll_64,unroll_8,unroll_16,unroll_5,unroll_2,1,15.75,0.822044498096,False
workload_365.cpp,xczu7ev-ffvc1156-2-e,10,843.94794,140,49,2,6,27,cyclic_8_1,cyclic_32_1,cyclic_4_1,pipeline_1,unroll_16,unroll_2,pipeline_1,unroll_32,unroll_4,unroll_34,pipeline_1,unroll_2,1,21,0.857775945618,False
workload_217.cpp,xczu7ev-ffvc1156-2-e,10,997.31967,529,54,13,56,78,cyclic_8_1,cyclic_4_1,cyclic_2_1,unroll_5,pipeline_1,unroll_32,unroll_2,unroll_64,pipeline_1,unroll_34,pipeline_1,unroll_8,1,50.25,0.512894880658,False
workload_371.cpp,xczu7ev-ffvc1156-2-e,10,826.87818,453,45,2,49,83,cyclic_8_1,cyclic_4_1,cyclic_4_1,pipeline_1,pipeline_1,unroll_32,pipeline_1,unroll_32,unroll_8,unroll_34,pipeline_1,unroll_2,1,44.75,0.522837198176,False
workload_411.cpp,xczu7ev-ffvc1156-2-e,10,743.44332,133,64,13,11,27,cyclic_8_1,cyclic_4_1,cyclic_4_1,unroll_5,pipeline_1,unroll_4,pipeline_1,unroll_32,unroll_8,unroll_34,pipeline_1,unroll_2,1,28.75,0.758997934927,False
workload_393.cpp,xczu7ev-ffvc1156-2-e,10,994.85685,101,53,0,8,17,cyclic_8_1,cyclic_64_1,block_128_1,pipeline_1,pipeline_1,unroll_8,unroll_16,unroll_8,unroll_4,unroll_34,pipeline_1,unroll_8,1,19.5,0.870338207791,False
workload_388.cpp,xczu7ev-ffvc1156-2-e,10,841.9926,76,54,2,5,12,cyclic_8_1,cyclic_64_1,cyclic_4_1,pipeline_1,pipeline_1,unroll_2,unroll_16,unroll_32,unroll_4,unroll_34,pipeline_1,unroll_8,1,18.25,0.894935907576,False
workload_351.cpp,xczu7ev-ffvc1156-2-e,10,843.46869,73,54,2,5,12,cyclic_8_1,cyclic_64_1,cyclic_4_1,pipeline_1,pipeline_1,unroll_2,unroll_16,unroll_8,unroll_4,unroll_34,pipeline_1,unroll_8,1,18.25,0.894895311947,False
workload_307.cpp,xczu7ev-ffvc1156-2-e,10,837.95292,315,54,2,48,81,cyclic_8_1,cyclic_64_1,cyclic_4_1,pipeline_1,pipeline_1,unroll_32,unroll_32,unroll_32,unroll_4,unroll_34,pipeline_1,unroll_8,1,46.25,0.5222874845,False
workload_375.cpp,xczu7ev-ffvc1156-2-e,10,838.73781,300,54,2,48,81,cyclic_8_1,cyclic_64_1,cyclic_4_1,pipeline_1,pipeline_1,unroll_32,unroll_32,unroll_8,unroll_4,unroll_34,pipeline_1,unroll_8,1,46.25,0.522282924609,False
workload_357.cpp,xczu7ev-ffvc1156-2-e,10,1346.1333,94,44,0,5,14,cyclic_8_1,cyclic_8_1,block_128_1,pipeline_1,pipeline_1,unroll_4,unroll_4,unroll_32,unroll_4,unroll_16,pipeline_1,unroll_2,1,15.75,0.925190708505,False
