Version,Device,Clock_Period_nsec,Latency_msec,Synthesis_Time_sec,BRAM_Utilization_percentage,DSP_Utilization_percentage,FF_Utilization_percentage,LUT_Utilization_percentage,Array_1,Array_2,Array_3,Array_4,Array_5,OuterLoop_1,OuterLoop_2,OuterLoop_3,OuterLoop_4,OuterLoop_5,OuterLoop_6,OuterLoop_7,OuterLoop_8,OuterLoop_9,OuterLoop_10,OuterLoop_11,OuterLoop_12,OuterLoop_13,OuterLoop_14,OuterLoop_15,InnerLoop_1_1,InnerLoop_1_2,InnerLoop_1_3,InnerLoop_1_4,InnerLoop_1_5,InnerLoop_1_6,InnerLoop_1_7,InnerLoop_1_8,InnerLoop_1_9,InnerLoop_1_10,InnerLoop_1_11,InnerLoop_1_12,InnerLoop_1_13,InnerLoop_1_14,InnerLoop_1_15,InnerLoop_1_16,InnerLoop_2_1,InnerLoop_2_2,InnerLoop_2_3,InnerLoop_2_4,InnerLoop_2_5,InnerLoop_3_1,InnerLoop_3_2,InnerLoop_3_3,Replicate_Count,Area,Weight,is_pareto
workload_640.cpp,xczu7ev-ffvc1156-2-e,10,477.34444,702,4,3,16,45,block_2_1,block_16_1,block_16_1,block_4_1,cyclic_4_1,unroll_2,pipeline_1,unroll_16,unroll_2,pipeline_1,pipeline_1,unroll_16,unroll_4,unroll_2,pipeline_1,unroll_16,unroll_4,pipeline_1,unroll_2,unroll_32,unroll_2,unroll_2,unroll_16,pipeline_1,unroll_2,unroll_16,unroll_8,pipeline_1,pipeline_1,unroll_16,unroll_2,pipeline_1,unroll_8,unroll_8,pipeline_1,unroll_2,unroll_4,unroll_4,pipeline_1,unroll_2,pipeline_1,pipeline_1,unroll_8,pipeline_1,1,17,0.587025949083,False
workload_516.cpp,xczu7ev-ffvc1156-2-e,10,53.11252,2593,6,45,36,88,block_2_1,block_16_1,block_16_1,block_8_1,cyclic_16_1,pipeline_1,pipeline_1,unroll_16,unroll_2,pipeline_1,pipeline_1,unroll_4,pipeline_1,pipeline_1,pipeline_1,pipeline_1,unroll_2,pipeline_1,unroll_2,unroll_64,unroll_2,unroll_2,unroll_8,pipeline_1,unroll_8,unroll_16,pipeline_1,unroll_2,pipeline_1,unroll_16,unroll_2,pipeline_1,pipeline_1,unroll_8,pipeline_1,pipeline_1,unroll_4,pipeline_1,unroll_16,unroll_2,pipeline_1,unroll_16,unroll_2,pipeline_1,1,43.75,0.305327655239,False
workload_453.cpp,xczu7ev-ffvc1156-2-e,10,53.07776,2635,6,58,40,95,block_2_1,block_16_1,block_16_1,block_8_1,cyclic_16_1,pipeline_1,unroll_8,unroll_16,unroll_2,pipeline_1,pipeline_1,unroll_4,unroll_4,pipeline_1,pipeline_1,pipeline_1,unroll_2,pipeline_1,unroll_2,unroll_64,unroll_2,unroll_2,unroll_8,pipeline_1,unroll_8,unroll_8,pipeline_1,unroll_2,pipeline_1,unroll_16,unroll_2,pipeline_1,pipeline_1,unroll_8,pipeline_1,pipeline_1,unroll_4,pipeline_1,unroll_16,unroll_2,pipeline_1,unroll_2,unroll_2,pipeline_1,1,49.75,0.236575148327,False
workload_648.cpp,xczu7ev-ffvc1156-2-e,10,480.5173,1066,3,11,31,77,block_2_1,block_16_1,block_16_1,block_8_1,cyclic_16_1,unroll_2,unroll_8,unroll_16,unroll_16,pipeline_1,pipeline_1,pipeline_1,unroll_8,unroll_2,unroll_2,unroll_4,unroll_16,pipeline_1,unroll_4,unroll_64,unroll_2,unroll_2,unroll_8,pipeline_1,pipeline_1,unroll_16,pipeline_1,pipeline_1,pipeline_1,unroll_16,unroll_4,pipeline_1,unroll_4,unroll_8,pipeline_1,pipeline_1,pipeline_1,pipeline_1,pipeline_1,unroll_2,unroll_8,unroll_2,unroll_8,pipeline_1,1,30.5,0.325871118635,False
workload_494.cpp,xczu7ev-ffvc1156-2-e,10,483.2773,966,3,11,30,74,block_2_1,block_16_1,block_16_1,block_8_1,cyclic_16_1,unroll_2,unroll_8,unroll_16,unroll_16,pipeline_1,pipeline_1,pipeline_1,unroll_8,unroll_2,unroll_2,unroll_4,unroll_2,pipeline_1,unroll_4,unroll_64,unroll_2,unroll_2,unroll_8,pipeline_1,pipeline_1,unroll_16,pipeline_1,pipeline_1,pipeline_1,unroll_16,unroll_4,pipeline_1,unroll_4,unroll_8,pipeline_1,pipeline_1,pipeline_1,pipeline_1,pipeline_1,unroll_2,unroll_8,unroll_2,unroll_8,pipeline_1,1,29.5,0.338136598059,False
workload_631.cpp,xczu7ev-ffvc1156-2-e,10,523.5449,2118,3,18,36,88,block_2_1,block_16_1,block_16_1,block_8_1,cyclic_16_1,unroll_2,unroll_8,unroll_16,unroll_16,pipeline_1,pipeline_1,unroll_4,unroll_8,unroll_2,unroll_2,unroll_4,unroll_2,pipeline_1,unroll_4,unroll_64,unroll_2,unroll_2,pipeline_1,pipeline_1,pipeline_1,unroll_16,pipeline_1,pipeline_1,pipeline_1,unroll_16,unroll_2,pipeline_1,unroll_4,unroll_8,pipeline_1,pipeline_1,pipeline_1,pipeline_1,unroll_16,unroll_2,unroll_8,unroll_2,unroll_8,pipeline_1,1,36.25,0.206857974304,False
workload_546.cpp,xczu7ev-ffvc1156-2-e,10,57.69144,2720,7,38,35,83,block_2_1,block_16_1,block_16_1,block_8_1,cyclic_16_1,unroll_2,unroll_8,unroll_16,unroll_2,pipeline_1,unroll_8,unroll_4,pipeline_1,pipeline_1,unroll_8,unroll_16,unroll_4,pipeline_1,unroll_2,unroll_64,unroll_2,unroll_2,unroll_8,pipeline_1,unroll_2,unroll_16,pipeline_1,unroll_2,pipeline_1,unroll_16,unroll_2,pipeline_1,pipeline_1,unroll_8,pipeline_1,pipeline_1,unroll_4,unroll_4,unroll_16,unroll_2,pipeline_1,unroll_16,unroll_2,pipeline_1,1,40.75,0.343264780211,False
workload_454.cpp,xczu7ev-ffvc1156-2-e,10,55.494,2525,6,45,37,90,block_2_1,block_16_1,block_16_1,block_8_1,cyclic_16_1,unroll_4,unroll_8,unroll_16,unroll_16,pipeline_1,pipeline_1,pipeline_1,pipeline_1,pipeline_1,unroll_8,unroll_16,unroll_2,pipeline_1,unroll_2,unroll_64,unroll_2,unroll_2,unroll_8,pipeline_1,pipeline_1,unroll_16,pipeline_1,unroll_2,pipeline_1,unroll_16,unroll_2,pipeline_1,unroll_16,unroll_8,pipeline_1,pipeline_1,unroll_4,pipeline_1,unroll_16,unroll_2,unroll_8,unroll_2,unroll_2,pipeline_1,1,44.5,0.293570347216,False
workload_403.cpp,xczu7ev-ffvc1156-2-e,10,57.08085,2681,6,45,39,97,block_2_1,block_16_1,block_16_1,block_8_1,cyclic_16_1,unroll_4,unroll_8,unroll_16,unroll_16,pipeline_1,pipeline_1,pipeline_1,pipeline_1,pipeline_1,unroll_8,unroll_16,unroll_2,pipeline_1,unroll_8,unroll_64,unroll_2,unroll_2,unroll_16,pipeline_1,pipeline_1,unroll_16,pipeline_1,unroll_2,pipeline_1,unroll_16,unroll_2,pipeline_1,unroll_16,unroll_8,pipeline_1,pipeline_1,unroll_4,pipeline_1,pipeline_1,unroll_2,unroll_8,unroll_2,unroll_2,pipeline_1,1,46.75,0.259991140124,False
workload_215.cpp,xczu7ev-ffvc1156-2-e,10,61.0419,3123,6,39,37,87,block_2_1,block_16_1,block_16_1,block_8_1,cyclic_16_1,unroll_4,unroll_8,unroll_16,unroll_16,pipeline_1,pipeline_1,pipeline_1,unroll_8,pipeline_1,unroll_8,unroll_16,unroll_2,pipeline_1,unroll_2,unroll_64,unroll_2,unroll_2,unroll_8,pipeline_1,pipeline_1,unroll_16,pipeline_1,unroll_2,pipeline_1,unroll_16,unroll_16,pipeline_1,unroll_2,unroll_8,pipeline_1,pipeline_1,unroll_4,pipeline_1,unroll_16,unroll_2,unroll_8,unroll_2,unroll_2,pipeline_1,1,42.25,0.322091822473,False
workload_444.cpp,xczu7ev-ffvc1156-2-e,10,59.1219,2835,6,39,37,88,block_2_1,block_16_1,block_16_1,block_8_1,cyclic_16_1,unroll_4,unroll_8,unroll_16,unroll_16,pipeline_1,pipeline_1,pipeline_1,unroll_8,pipeline_1,unroll_8,unroll_16,unroll_2,pipeline_1,unroll_2,unroll_64,unroll_2,unroll_2,unroll_8,pipeline_1,pipeline_1,unroll_16,pipeline_1,unroll_2,pipeline_1,unroll_16,unroll_16,pipeline_1,unroll_4,unroll_8,pipeline_1,pipeline_1,unroll_4,pipeline_1,unroll_16,unroll_2,unroll_8,unroll_2,unroll_2,pipeline_1,1,42.5,0.319006647035,False
workload_432.cpp,xczu7ev-ffvc1156-2-e,10,61.0419,2750,6,39,37,88,block_2_1,block_16_1,block_16_1,block_8_1,cyclic_16_1,unroll_4,unroll_8,unroll_16,unroll_16,pipeline_1,pipeline_1,pipeline_1,unroll_8,pipeline_1,unroll_8,unroll_16,unroll_2,pipeline_1,unroll_2,unroll_64,unroll_2,unroll_2,unroll_8,pipeline_1,pipeline_1,unroll_2,pipeline_1,unroll_2,pipeline_1,unroll_16,unroll_2,pipeline_1,unroll_2,unroll_8,pipeline_1,pipeline_1,unroll_4,pipeline_1,unroll_16,unroll_2,pipeline_1,unroll_2,unroll_2,pipeline_1,1,42.5,0.318339996876,False
workload_108.cpp,xczu7ev-ffvc1156-2-e,10,58.4946,2406,6,45,37,88,block_2_1,block_16_1,block_16_1,block_8_1,cyclic_16_1,unroll_4,unroll_8,unroll_16,unroll_16,pipeline_1,pipeline_1,unroll_4,pipeline_1,pipeline_1,unroll_8,unroll_4,unroll_2,pipeline_1,unroll_2,unroll_64,unroll_2,unroll_2,unroll_16,pipeline_1,unroll_2,unroll_16,pipeline_1,unroll_2,pipeline_1,unroll_16,unroll_16,pipeline_1,unroll_16,unroll_8,pipeline_1,pipeline_1,unroll_4,pipeline_1,unroll_16,unroll_2,unroll_8,unroll_2,unroll_2,pipeline_1,1,44,0.301615429101,False
workload_439.cpp,xczu7ev-ffvc1156-2-e,10,58.404,2453,6,57,40,94,block_2_1,block_16_1,block_16_1,block_8_1,cyclic_16_1,unroll_4,unroll_8,unroll_16,unroll_16,pipeline_1,pipeline_1,unroll_4,unroll_4,pipeline_1,unroll_8,unroll_4,unroll_2,pipeline_1,unroll_2,unroll_64,unroll_2,unroll_2,unroll_16,pipeline_1,pipeline_1,unroll_16,pipeline_1,unroll_2,pipeline_1,unroll_16,unroll_16,pipeline_1,unroll_16,unroll_8,pipeline_1,pipeline_1,unroll_4,pipeline_1,unroll_16,unroll_2,unroll_8,unroll_2,pipeline_1,pipeline_1,1,49.25,0.23651722817,False
workload_565.cpp,xczu7ev-ffvc1156-2-e,10,57.616,2735,6,45,37,90,block_2_1,block_16_1,block_16_1,block_8_1,cyclic_16_1,unroll_4,unroll_8,unroll_16,unroll_16,pipeline_1,unroll_8,unroll_4,pipeline_1,pipeline_1,unroll_4,unroll_16,unroll_4,pipeline_1,unroll_2,unroll_64,unroll_2,unroll_2,unroll_8,pipeline_1,unroll_2,unroll_16,pipeline_1,unroll_2,pipeline_1,unroll_16,unroll_2,pipeline_1,pipeline_1,unroll_8,unroll_16,pipeline_1,unroll_4,unroll_4,unroll_16,unroll_2,pipeline_1,unroll_16,unroll_2,pipeline_1,1,44.5,0.293243174222,False
workload_502.cpp,xczu7ev-ffvc1156-2-e,10,55.374,2688,6,46,38,93,block_2_1,block_16_1,block_16_1,block_8_1,cyclic_32_1,unroll_4,unroll_8,unroll_16,unroll_2,pipeline_1,pipeline_1,unroll_4,pipeline_1,pipeline_1,unroll_8,unroll_16,unroll_4,pipeline_1,unroll_2,unroll_64,unroll_2,unroll_2,unroll_8,pipeline_1,pipeline_1,unroll_16,pipeline_1,unroll_2,pipeline_1,unroll_16,unroll_2,pipeline_1,unroll_16,unroll_8,pipeline_1,pipeline_1,unroll_4,pipeline_1,unroll_16,unroll_2,unroll_8,unroll_2,unroll_4,pipeline_1,1,45.75,0.281296164456,False
workload_527.cpp,xczu7ev-ffvc1156-2-e,10,49.96312,2391,6,49,37,88,block_2_1,block_16_1,block_16_1,block_8_1,cyclic_4_1,pipeline_1,pipeline_1,unroll_16,unroll_2,pipeline_1,pipeline_1,unroll_4,pipeline_1,pipeline_1,pipeline_1,pipeline_1,unroll_2,pipeline_1,unroll_2,unroll_64,unroll_2,unroll_2,unroll_16,pipeline_1,unroll_8,unroll_16,pipeline_1,unroll_2,pipeline_1,unroll_16,unroll_2,pipeline_1,unroll_2,unroll_8,pipeline_1,pipeline_1,unroll_4,pipeline_1,unroll_16,unroll_2,pipeline_1,pipeline_1,unroll_8,pipeline_1,1,45,0.293140666737,False
workload_606.cpp,xczu7ev-ffvc1156-2-e,10,57.86396,2417,7,39,34,80,block_2_1,block_16_1,block_16_1,block_8_1,cyclic_4_1,pipeline_1,unroll_8,unroll_16,unroll_16,pipeline_1,unroll_8,unroll_4,pipeline_1,pipeline_1,unroll_8,unroll_16,unroll_4,pipeline_1,unroll_2,unroll_64,unroll_2,unroll_2,unroll_16,pipeline_1,unroll_2,unroll_16,pipeline_1,unroll_2,pipeline_1,unroll_16,unroll_2,pipeline_1,unroll_2,unroll_8,pipeline_1,pipeline_1,unroll_4,pipeline_1,unroll_16,unroll_2,pipeline_1,pipeline_1,unroll_8,unroll_4,1,40,0.350182012015,False
workload_509.cpp,xczu7ev-ffvc1156-2-e,10,85.11968,2546,8,30,28,78,block_2_1,block_16_1,block_16_1,block_8_1,cyclic_4_1,pipeline_1,unroll_8,unroll_16,unroll_2,pipeline_1,unroll_8,unroll_16,pipeline_1,pipeline_1,pipeline_1,unroll_16,unroll_2,pipeline_1,unroll_2,unroll_64,unroll_2,unroll_2,unroll_8,pipeline_1,unroll_2,pipeline_1,pipeline_1,unroll_2,unroll_4,unroll_16,unroll_2,pipeline_1,pipeline_1,unroll_8,unroll_16,unroll_8,unroll_4,unroll_2,unroll_16,unroll_2,pipeline_1,pipeline_1,unroll_8,pipeline_1,1,36,0.396482948307,False
workload_446.cpp,xczu7ev-ffvc1156-2-e,10,491.89383,2086,8,13,31,79,block_2_1,block_16_1,block_16_1,block_8_1,cyclic_4_1,unroll_2,unroll_2,unroll_16,unroll_2,pipeline_1,unroll_8,unroll_16,pipeline_1,unroll_4,unroll_4,unroll_16,unroll_2,pipeline_1,unroll_2,unroll_64,unroll_2,unroll_2,unroll_8,pipeline_1,unroll_4,pipeline_1,unroll_4,unroll_2,pipeline_1,unroll_16,unroll_2,pipeline_1,unroll_2,unroll_8,pipeline_1,pipeline_1,unroll_4,unroll_16,pipeline_1,unroll_2,pipeline_1,pipeline_1,unroll_16,pipeline_1,1,32.75,0.280621219995,False
workload_419.cpp,xczu7ev-ffvc1156-2-e,10,58.16708,2529,7,45,36,88,block_2_1,block_16_1,block_16_1,block_8_1,cyclic_4_1,unroll_2,unroll_8,unroll_16,unroll_16,pipeline_1,unroll_8,unroll_16,pipeline_1,pipeline_1,unroll_4,unroll_16,unroll_2,pipeline_1,unroll_2,unroll_64,unroll_2,unroll_2,unroll_8,pipeline_1,unroll_2,unroll_16,pipeline_1,unroll_2,pipeline_1,unroll_16,unroll_16,pipeline_1,unroll_2,unroll_8,pipeline_1,pipeline_1,unroll_4,unroll_16,pipeline_1,unroll_2,unroll_8,pipeline_1,unroll_8,pipeline_1,1,44,0.301745786066,False
workload_433.cpp,xczu7ev-ffvc1156-2-e,10,58.16708,2552,7,45,36,88,block_2_1,block_16_1,block_16_1,block_8_1,cyclic_4_1,unroll_2,unroll_8,unroll_16,unroll_16,pipeline_1,unroll_8,unroll_16,pipeline_1,pipeline_1,unroll_4,unroll_16,unroll_2,pipeline_1,unroll_2,unroll_64,unroll_2,unroll_2,unroll_8,pipeline_1,unroll_2,unroll_16,pipeline_1,unroll_2,pipeline_1,unroll_16,unroll_8,pipeline_1,unroll_2,unroll_8,pipeline_1,pipeline_1,unroll_4,unroll_16,unroll_16,unroll_2,unroll_8,pipeline_1,pipeline_1,pipeline_1,1,44,0.301745786066,False
workload_379.cpp,xczu7ev-ffvc1156-2-e,10,58.16708,2508,7,45,36,88,block_2_1,block_16_1,block_16_1,block_8_1,cyclic_4_1,unroll_2,unroll_8,unroll_16,unroll_16,pipeline_1,unroll_8,unroll_16,pipeline_1,pipeline_1,unroll_4,unroll_16,unroll_2,pipeline_1,unroll_2,unroll_64,unroll_2,unroll_2,unroll_8,pipeline_1,unroll_2,unroll_2,pipeline_1,unroll_2,pipeline_1,unroll_16,unroll_2,pipeline_1,unroll_2,unroll_8,pipeline_1,pipeline_1,unroll_4,unroll_16,pipeline_1,unroll_2,pipeline_1,pipeline_1,unroll_8,pipeline_1,1,44,0.301745786066,False
workload_318.cpp,xczu7ev-ffvc1156-2-e,10,61.18013,3402,7,45,39,97,block_2_1,block_16_1,block_16_1,block_8_1,cyclic_4_1,unroll_2,unroll_8,unroll_16,unroll_16,pipeline_1,unroll_8,unroll_16,pipeline_1,pipeline_1,unroll_4,unroll_16,unroll_2,pipeline_1,unroll_8,unroll_64,unroll_2,unroll_2,unroll_8,pipeline_1,unroll_2,unroll_16,pipeline_1,unroll_2,pipeline_1,unroll_16,unroll_8,pipeline_1,unroll_2,unroll_4,pipeline_1,pipeline_1,unroll_4,unroll_16,pipeline_1,unroll_2,unroll_8,pipeline_1,pipeline_1,pipeline_1,1,47,0.254646228535,False
workload_461.cpp,xczu7ev-ffvc1156-2-e,10,164.29076,2541,6,36,29,93,block_2_1,block_16_1,block_16_1,block_8_1,cyclic_4_1,unroll_2,unroll_8,unroll_16,unroll_16,pipeline_1,unroll_8,unroll_16,pipeline_1,pipeline_1,unroll_4,unroll_16,unroll_4,pipeline_1,unroll_2,unroll_64,unroll_2,unroll_2,unroll_8,pipeline_1,unroll_4,unroll_16,pipeline_1,unroll_8,pipeline_1,unroll_16,unroll_2,pipeline_1,pipeline_1,unroll_8,unroll_16,unroll_2,unroll_4,unroll_8,unroll_16,pipeline_1,unroll_8,pipeline_1,pipeline_1,pipeline_1,1,41,0.294110165906,False
workload_745.cpp,xczu7ev-ffvc1156-2-e,10,454.0348,774,8,3,20,56,block_2_1,block_16_1,block_16_1,block_8_1,cyclic_4_1,unroll_2,unroll_8,unroll_16,unroll_2,pipeline_1,pipeline_1,unroll_16,unroll_4,unroll_2,unroll_8,unroll_16,unroll_4,pipeline_1,unroll_2,unroll_64,unroll_2,unroll_2,unroll_16,pipeline_1,pipeline_1,unroll_16,unroll_8,pipeline_1,pipeline_1,unroll_16,unroll_2,pipeline_1,unroll_8,unroll_8,pipeline_1,unroll_8,unroll_4,unroll_8,pipeline_1,unroll_2,pipeline_1,pipeline_1,unroll_8,pipeline_1,1,21.75,0.522186444903,False
workload_478.cpp,xczu7ev-ffvc1156-2-e,10,90.85076,2415,8,30,28,78,block_2_1,block_16_1,block_16_1,block_8_1,cyclic_4_1,unroll_2,unroll_8,unroll_16,unroll_2,pipeline_1,unroll_8,unroll_16,pipeline_1,pipeline_1,unroll_4,unroll_16,unroll_2,pipeline_1,unroll_2,unroll_64,unroll_2,unroll_2,unroll_8,pipeline_1,unroll_2,pipeline_1,pipeline_1,unroll_2,unroll_4,unroll_16,unroll_2,pipeline_1,unroll_2,unroll_8,pipeline_1,unroll_8,unroll_4,unroll_8,pipeline_1,unroll_2,pipeline_1,pipeline_1,unroll_8,pipeline_1,1,36,0.394174633862,False
workload_481.cpp,xczu7ev-ffvc1156-2-e,10,450.77463,926,6,11,24,58,block_2_1,block_16_1,block_16_1,block_8_1,cyclic_4_1,unroll_2,unroll_8,unroll_16,unroll_2,pipeline_1,unroll_8,unroll_16,pipeline_1,unroll_2,unroll_4,unroll_16,unroll_2,pipeline_1,unroll_2,unroll_16,unroll_2,unroll_2,unroll_8,pipeline_1,unroll_2,unroll_2,unroll_8,pipeline_1,pipeline_1,unroll_16,unroll_2,pipeline_1,unroll_2,unroll_8,pipeline_1,pipeline_1,unroll_4,pipeline_1,pipeline_1,unroll_2,pipeline_1,pipeline_1,unroll_8,pipeline_1,1,24.75,0.445465645269,False
workload_571.cpp,xczu7ev-ffvc1156-2-e,10,450.40703,952,6,11,24,57,block_2_1,block_16_1,block_16_1,block_8_1,cyclic_4_1,unroll_2,unroll_8,unroll_16,unroll_2,pipeline_1,unroll_8,unroll_16,pipeline_1,unroll_2,unroll_8,unroll_16,unroll_2,pipeline_1,unroll_2,unroll_32,unroll_2,unroll_2,unroll_16,pipeline_1,unroll_2,unroll_16,unroll_8,pipeline_1,pipeline_1,unroll_16,unroll_2,pipeline_1,unroll_2,unroll_8,pipeline_1,pipeline_1,unroll_4,unroll_4,pipeline_1,unroll_2,pipeline_1,pipeline_1,unroll_8,pipeline_1,1,24.5,0.449828809782,False
workload_339.cpp,xczu7ev-ffvc1156-2-e,10,430.69223,3492,8,12,31,79,block_2_1,block_16_1,block_16_1,block_8_1,cyclic_4_1,unroll_2,unroll_8,unroll_16,unroll_2,pipeline_1,unroll_8,unroll_16,pipeline_1,unroll_4,unroll_4,unroll_16,unroll_2,pipeline_1,unroll_2,unroll_64,unroll_2,unroll_2,unroll_8,pipeline_1,unroll_2,unroll_2,pipeline_1,unroll_2,pipeline_1,unroll_16,unroll_2,pipeline_1,unroll_2,unroll_8,pipeline_1,pipeline_1,unroll_4,unroll_16,pipeline_1,unroll_2,pipeline_1,pipeline_1,unroll_8,pipeline_1,1,32.5,0.336321648814,False
workload_491.cpp,xczu7ev-ffvc1156-2-e,10,58.30644,2481,7,39,34,81,block_2_1,block_16_1,block_16_1,block_8_1,cyclic_4_1,unroll_2,unroll_8,unroll_16,unroll_2,pipeline_1,unroll_8,unroll_4,pipeline_1,pipeline_1,unroll_2,unroll_16,unroll_4,pipeline_1,unroll_2,unroll_64,unroll_2,unroll_2,unroll_8,pipeline_1,unroll_2,unroll_16,pipeline_1,unroll_2,pipeline_1,unroll_16,unroll_4,pipeline_1,unroll_2,unroll_8,pipeline_1,pipeline_1,unroll_4,unroll_4,unroll_16,unroll_2,pipeline_1,pipeline_1,unroll_8,pipeline_1,1,40.25,0.349567968385,False
workload_442.cpp,xczu7ev-ffvc1156-2-e,10,57.90188,2447,7,39,34,80,block_2_1,block_16_1,block_16_1,block_8_1,cyclic_4_1,unroll_2,unroll_8,unroll_16,unroll_2,pipeline_1,unroll_8,unroll_4,pipeline_1,pipeline_1,unroll_8,unroll_16,unroll_4,pipeline_1,unroll_2,unroll_64,unroll_2,unroll_2,unroll_16,pipeline_1,unroll_2,unroll_16,pipeline_1,unroll_2,pipeline_1,unroll_16,unroll_2,pipeline_1,unroll_2,unroll_8,pipeline_1,pipeline_1,unroll_4,unroll_4,unroll_16,unroll_2,pipeline_1,pipeline_1,unroll_8,pipeline_1,1,40,0.350179608875,False
workload_400.cpp,xczu7ev-ffvc1156-2-e,10,430.92159,2273,6,11,31,78,block_2_1,block_16_1,block_16_1,block_8_1,cyclic_4_1,unroll_2,unroll_8,unroll_16,unroll_2,pipeline_1,unroll_8,unroll_4,pipeline_1,unroll_4,unroll_8,unroll_16,unroll_2,pipeline_1,unroll_2,unroll_64,unroll_2,unroll_2,unroll_8,pipeline_1,unroll_2,unroll_16,pipeline_1,unroll_2,pipeline_1,unroll_16,unroll_2,pipeline_1,unroll_2,unroll_8,pipeline_1,pipeline_1,unroll_4,unroll_4,pipeline_1,unroll_2,pipeline_1,pipeline_1,unroll_8,pipeline_1,1,31.5,0.355321652628,False
workload_451.cpp,xczu7ev-ffvc1156-2-e,10,60.22845,2770,7,45,39,97,block_2_1,block_16_1,block_16_1,block_8_1,cyclic_4_1,unroll_4,unroll_8,unroll_16,unroll_16,pipeline_1,unroll_8,unroll_16,pipeline_1,pipeline_1,unroll_4,unroll_16,unroll_2,pipeline_1,unroll_8,unroll_64,unroll_2,unroll_2,unroll_8,pipeline_1,pipeline_1,unroll_16,pipeline_1,unroll_2,pipeline_1,unroll_16,unroll_8,pipeline_1,unroll_2,unroll_8,pipeline_1,pipeline_1,unroll_4,pipeline_1,pipeline_1,unroll_2,unroll_8,unroll_2,unroll_8,pipeline_1,1,47,0.25465958043,False
workload_382.cpp,xczu7ev-ffvc1156-2-e,10,58.2069,2783,7,39,36,87,block_2_1,block_16_1,block_16_1,block_8_1,cyclic_4_1,unroll_4,unroll_8,unroll_16,unroll_16,pipeline_1,unroll_8,unroll_16,unroll_8,pipeline_1,unroll_8,unroll_16,unroll_2,pipeline_1,unroll_2,unroll_64,unroll_2,unroll_2,unroll_8,pipeline_1,pipeline_1,unroll_16,pipeline_1,unroll_2,pipeline_1,unroll_16,unroll_8,pipeline_1,unroll_2,unroll_8,pipeline_1,pipeline_1,unroll_4,pipeline_1,unroll_16,unroll_2,unroll_8,unroll_2,pipeline_1,pipeline_1,1,42.25,0.323242410347,False
workload_474.cpp,xczu7ev-ffvc1156-2-e,10,59.90595,2755,7,39,38,94,block_2_1,block_16_1,block_16_1,block_8_1,cyclic_4_1,unroll_4,unroll_8,unroll_16,unroll_16,pipeline_1,unroll_8,unroll_16,unroll_8,pipeline_1,unroll_8,unroll_16,unroll_2,pipeline_1,unroll_8,unroll_64,unroll_2,unroll_2,unroll_16,pipeline_1,pipeline_1,unroll_16,pipeline_1,unroll_2,pipeline_1,unroll_16,unroll_8,pipeline_1,unroll_2,unroll_8,pipeline_1,pipeline_1,unroll_4,pipeline_1,pipeline_1,unroll_2,unroll_8,unroll_2,pipeline_1,pipeline_1,1,44.5,0.292755898247,False
workload_542.cpp,xczu7ev-ffvc1156-2-e,10,468.44147,974,6,8,26,68,block_2_1,block_16_1,block_16_1,cyclic_32_1,block_4_1,unroll_2,unroll_8,unroll_16,unroll_16,pipeline_1,unroll_8,unroll_4,pipeline_1,unroll_2,unroll_2,unroll_16,unroll_2,pipeline_1,unroll_4,unroll_64,unroll_2,unroll_2,unroll_16,unroll_2,unroll_2,unroll_2,unroll_8,pipeline_1,unroll_4,unroll_16,unroll_2,pipeline_1,pipeline_1,unroll_8,pipeline_1,pipeline_1,pipeline_1,pipeline_1,pipeline_1,unroll_2,unroll_8,unroll_2,unroll_8,pipeline_1,1,27,0.388864326009,False
workload_727.cpp,xczu7ev-ffvc1156-2-e,10,433.26424,542,6,3,17,45,block_2_1,block_16_1,block_16_1,cyclic_32_1,cyclic_4_1,pipeline_1,unroll_8,unroll_16,unroll_2,pipeline_1,unroll_16,unroll_4,unroll_2,unroll_2,pipeline_1,unroll_8,unroll_4,pipeline_1,unroll_2,unroll_64,unroll_2,unroll_2,unroll_16,pipeline_1,pipeline_1,unroll_8,pipeline_1,unroll_2,pipeline_1,unroll_16,unroll_2,pipeline_1,pipeline_1,unroll_8,unroll_4,unroll_2,unroll_4,unroll_8,pipeline_1,pipeline_1,pipeline_1,unroll_16,unroll_8,unroll_4,1,17.75,0.657340813778,False
workload_777.cpp,xczu7ev-ffvc1156-2-e,10,49.23908,2568,4,55,40,94,block_2_1,block_16_1,block_16_1,cyclic_32_1,cyclic_4_1,unroll_2,pipeline_1,unroll_16,unroll_16,pipeline_1,unroll_8,unroll_16,pipeline_1,pipeline_1,pipeline_1,pipeline_1,unroll_2,pipeline_1,unroll_2,unroll_32,pipeline_1,unroll_2,unroll_8,pipeline_1,pipeline_1,unroll_16,pipeline_1,unroll_2,pipeline_1,unroll_2,unroll_2,pipeline_1,pipeline_1,unroll_8,pipeline_1,pipeline_1,unroll_4,unroll_8,unroll_16,unroll_2,pipeline_1,unroll_16,pipeline_1,pipeline_1,1,48.25,0.235387569699,False
workload_703.cpp,xczu7ev-ffvc1156-2-e,10,51.59992,2743,4,55,41,93,block_2_1,block_16_1,block_16_1,cyclic_32_1,cyclic_4_1,unroll_2,pipeline_1,unroll_16,unroll_16,pipeline_1,unroll_8,unroll_16,pipeline_1,pipeline_1,unroll_4,pipeline_1,unroll_2,pipeline_1,unroll_2,unroll_32,unroll_2,unroll_2,unroll_8,pipeline_1,pipeline_1,unroll_16,pipeline_1,unroll_2,pipeline_1,unroll_16,unroll_2,pipeline_1,pipeline_1,unroll_8,pipeline_1,pipeline_1,unroll_4,unroll_8,pipeline_1,unroll_2,pipeline_1,unroll_16,unroll_8,pipeline_1,1,48.25,0.235780677203,False
workload_581.cpp,xczu7ev-ffvc1156-2-e,10,58.57644,2568,8,39,34,81,block_2_1,block_16_1,block_4_1,block_8_1,cyclic_4_1,unroll_2,unroll_8,unroll_16,unroll_2,pipeline_1,unroll_8,unroll_4,pipeline_1,pipeline_1,unroll_8,unroll_16,unroll_4,pipeline_1,unroll_2,unroll_64,unroll_2,unroll_2,unroll_8,pipeline_1,unroll_2,unroll_16,pipeline_1,unroll_2,pipeline_1,unroll_16,unroll_2,pipeline_1,unroll_2,unroll_8,pipeline_1,pipeline_1,unroll_4,unroll_4,unroll_16,unroll_2,pipeline_1,pipeline_1,unroll_8,pipeline_1,1,40.5,0.34741531451,False
workload_288.cpp,xczu7ev-ffvc1156-2-e,10,62.84925,3295,6,45,39,99,block_2_1,block_16_1,block_64_1,block_8_1,cyclic_16_1,unroll_4,unroll_8,unroll_16,unroll_16,pipeline_1,pipeline_1,pipeline_1,pipeline_1,pipeline_1,unroll_8,unroll_16,unroll_2,pipeline_1,unroll_8,unroll_32,unroll_2,unroll_2,unroll_16,pipeline_1,pipeline_1,unroll_16,pipeline_1,unroll_2,pipeline_1,unroll_16,unroll_2,pipeline_1,unroll_2,unroll_8,pipeline_1,pipeline_1,unroll_4,pipeline_1,pipeline_1,unroll_2,unroll_8,unroll_2,unroll_2,pipeline_1,1,47.25,0.24939098038,False
workload_429.cpp,xczu7ev-ffvc1156-2-e,10,62.78045,2536,6,45,39,97,block_2_1,block_16_1,block_64_1,block_8_1,cyclic_16_1,unroll_4,unroll_8,unroll_16,unroll_16,pipeline_1,pipeline_1,unroll_16,pipeline_1,pipeline_1,unroll_4,unroll_4,unroll_2,pipeline_1,unroll_8,unroll_32,unroll_2,unroll_2,unroll_16,pipeline_1,unroll_2,unroll_2,pipeline_1,unroll_2,pipeline_1,unroll_16,unroll_2,pipeline_1,unroll_2,unroll_8,pipeline_1,pipeline_1,unroll_4,unroll_16,pipeline_1,unroll_2,unroll_8,unroll_2,unroll_2,pipeline_1,1,46.75,0.259792786894,False
workload_471.cpp,xczu7ev-ffvc1156-2-e,10,56.97621,2531,6,45,39,98,block_2_1,block_16_1,block_64_1,block_8_1,cyclic_16_1,unroll_4,unroll_8,unroll_16,unroll_16,pipeline_1,pipeline_1,unroll_4,pipeline_1,pipeline_1,unroll_8,pipeline_1,unroll_2,pipeline_1,unroll_8,unroll_32,unroll_2,unroll_2,unroll_16,pipeline_1,unroll_2,unroll_16,pipeline_1,unroll_2,pipeline_1,unroll_16,unroll_16,pipeline_1,unroll_2,unroll_8,pipeline_1,pipeline_1,unroll_4,unroll_4,pipeline_1,unroll_2,unroll_8,unroll_2,unroll_2,pipeline_1,1,47,0.254591506588,False
workload_423.cpp,xczu7ev-ffvc1156-2-e,10,60.8046,2376,6,45,37,90,block_2_1,block_16_1,block_64_1,block_8_1,cyclic_16_1,unroll_4,unroll_8,unroll_16,unroll_16,pipeline_1,pipeline_1,unroll_4,pipeline_1,pipeline_1,unroll_8,unroll_4,unroll_2,pipeline_1,unroll_2,unroll_32,unroll_2,unroll_2,unroll_16,pipeline_1,unroll_2,unroll_16,pipeline_1,unroll_2,pipeline_1,unroll_16,unroll_16,pipeline_1,unroll_2,unroll_8,pipeline_1,pipeline_1,unroll_4,pipeline_1,unroll_16,unroll_2,unroll_8,unroll_2,unroll_2,pipeline_1,1,44.5,0.292535522229,False
workload_121.cpp,xczu7ev-ffvc1156-2-e,10,62.88861,2662,6,45,39,98,block_2_1,block_16_1,block_64_1,block_8_1,cyclic_16_1,unroll_4,unroll_8,unroll_16,unroll_16,pipeline_1,pipeline_1,unroll_4,pipeline_1,pipeline_1,unroll_8,unroll_4,unroll_2,pipeline_1,unroll_8,unroll_32,unroll_2,unroll_2,unroll_16,pipeline_1,unroll_2,unroll_16,pipeline_1,unroll_2,pipeline_1,unroll_16,unroll_2,pipeline_1,unroll_2,unroll_8,pipeline_1,pipeline_1,unroll_4,unroll_4,pipeline_1,unroll_2,unroll_8,unroll_2,unroll_2,pipeline_1,1,47,0.254586908601,False
workload_530.cpp,xczu7ev-ffvc1156-2-e,10,62.83431,2526,4,47,41,98,block_2_1,block_16_1,block_64_1,block_8_1,cyclic_16_1,unroll_4,unroll_8,unroll_16,unroll_16,pipeline_1,unroll_8,unroll_4,unroll_8,pipeline_1,unroll_8,unroll_16,unroll_2,pipeline_1,unroll_8,unroll_32,unroll_2,unroll_2,unroll_16,pipeline_1,unroll_2,unroll_16,pipeline_1,pipeline_1,pipeline_1,unroll_16,unroll_4,pipeline_1,unroll_2,unroll_8,pipeline_1,pipeline_1,unroll_4,unroll_4,pipeline_1,unroll_2,pipeline_1,pipeline_1,unroll_2,unroll_4,1,47.5,0.244224067525,False
workload_266.cpp,xczu7ev-ffvc1156-2-e,10,59.07594,3062,11,53,39,96,block_2_1,block_4_1,block_16_1,block_8_1,cyclic_16_1,unroll_4,unroll_8,unroll_16,unroll_16,pipeline_1,pipeline_1,unroll_4,unroll_8,pipeline_1,unroll_8,unroll_4,unroll_2,pipeline_1,unroll_2,unroll_64,unroll_2,unroll_2,unroll_4,pipeline_1,unroll_2,unroll_16,pipeline_1,unroll_2,pipeline_1,unroll_2,unroll_16,pipeline_1,unroll_16,unroll_8,pipeline_1,pipeline_1,unroll_4,pipeline_1,unroll_16,unroll_2,unroll_8,unroll_2,unroll_4,pipeline_1,1,49.75,0.235705642683,False
workload_931.cpp,xczu7ev-ffvc1156-2-e,10,51.4878,2437,8,59,41,96,block_2_1,block_8_1,block_16_1,cyclic_32_1,cyclic_4_1,pipeline_1,pipeline_1,unroll_16,unroll_16,pipeline_1,unroll_16,unroll_4,unroll_2,pipeline_1,pipeline_1,unroll_4,unroll_4,pipeline_1,unroll_2,unroll_64,pipeline_1,unroll_2,unroll_8,pipeline_1,unroll_8,unroll_16,pipeline_1,unroll_4,pipeline_1,unroll_2,unroll_2,pipeline_1,pipeline_1,unroll_8,unroll_4,pipeline_1,unroll_4,unroll_8,pipeline_1,pipeline_1,pipeline_1,pipeline_1,unroll_4,pipeline_1,1,51,0.221890529927,False
workload_807.cpp,xczu7ev-ffvc1156-2-e,10,51.64748,2639,11,49,38,87,block_2_1,block_8_1,block_16_1,cyclic_32_1,cyclic_4_1,unroll_2,pipeline_1,unroll_16,unroll_16,pipeline_1,unroll_8,unroll_16,unroll_4,pipeline_1,pipeline_1,unroll_2,unroll_2,pipeline_1,unroll_2,unroll_64,pipeline_1,unroll_2,unroll_8,pipeline_1,pipeline_1,unroll_8,pipeline_1,unroll_4,pipeline_1,unroll_2,unroll_2,pipeline_1,pipeline_1,unroll_8,unroll_4,pipeline_1,unroll_4,unroll_8,unroll_16,unroll_2,pipeline_1,unroll_16,pipeline_1,pipeline_1,1,46.25,0.270794758505,False
workload_661.cpp,xczu7ev-ffvc1156-2-e,10,334.75744,570,28,13,27,60,block_2_1,block_8_1,cyclic_8_1,block_8_1,cyclic_4_1,pipeline_1,unroll_8,unroll_16,unroll_2,pipeline_1,unroll_8,unroll_4,unroll_4,unroll_2,unroll_8,unroll_16,unroll_2,pipeline_1,unroll_2,unroll_32,unroll_16,unroll_2,unroll_16,pipeline_1,unroll_8,unroll_16,unroll_8,pipeline_1,unroll_4,unroll_16,unroll_2,pipeline_1,unroll_8,unroll_8,pipeline_1,pipeline_1,unroll_4,unroll_8,pipeline_1,unroll_2,pipeline_1,pipeline_1,unroll_8,pipeline_1,1,32,0.422978101926,False
workload_538.cpp,xczu7ev-ffvc1156-2-e,10,61.5774,2644,4,46,37,87,block_4_1,block_16_1,block_16_1,block_4_1,cyclic_16_1,unroll_4,pipeline_1,unroll_16,unroll_2,pipeline_1,pipeline_1,unroll_4,pipeline_1,pipeline_1,unroll_8,unroll_16,unroll_2,pipeline_1,unroll_2,unroll_64,unroll_2,unroll_2,unroll_8,unroll_2,unroll_2,unroll_16,pipeline_1,unroll_2,pipeline_1,unroll_16,unroll_2,pipeline_1,unroll_2,unroll_8,pipeline_1,pipeline_1,unroll_4,unroll_4,unroll_16,unroll_2,pipeline_1,pipeline_1,unroll_8,pipeline_1,1,43.5,0.304188688396,False
workload_862.cpp,xczu7ev-ffvc1156-2-e,10,52.59068,2478,4,46,34,82,block_4_1,block_16_1,block_16_1,block_4_1,cyclic_4_1,pipeline_1,pipeline_1,unroll_16,unroll_16,pipeline_1,unroll_8,unroll_16,pipeline_1,pipeline_1,unroll_4,pipeline_1,unroll_4,pipeline_1,unroll_2,unroll_64,pipeline_1,unroll_2,pipeline_1,pipeline_1,pipeline_1,unroll_16,pipeline_1,unroll_2,pipeline_1,unroll_16,unroll_2,pipeline_1,unroll_8,unroll_8,pipeline_1,pipeline_1,unroll_8,unroll_8,pipeline_1,unroll_2,pipeline_1,unroll_2,pipeline_1,pipeline_1,1,41.5,0.326852324075,False
workload_732.cpp,xczu7ev-ffvc1156-2-e,10,85.03522,2990,5,39,27,76,block_4_1,block_16_1,block_16_1,block_4_1,cyclic_4_1,pipeline_1,pipeline_1,unroll_16,unroll_2,pipeline_1,pipeline_1,unroll_16,unroll_8,pipeline_1,pipeline_1,pipeline_1,unroll_2,pipeline_1,unroll_2,unroll_32,unroll_4,unroll_2,unroll_16,pipeline_1,unroll_2,pipeline_1,pipeline_1,unroll_2,pipeline_1,unroll_2,unroll_2,pipeline_1,unroll_8,unroll_8,unroll_16,unroll_2,unroll_2,unroll_4,pipeline_1,unroll_2,pipeline_1,pipeline_1,pipeline_1,pipeline_1,1,36.75,0.384164368038,False
workload_654.cpp,xczu7ev-ffvc1156-2-e,10,87.4174,2330,5,29,26,70,block_4_1,block_16_1,block_16_1,block_4_1,cyclic_4_1,pipeline_1,unroll_8,unroll_16,unroll_2,pipeline_1,pipeline_1,unroll_4,unroll_2,pipeline_1,pipeline_1,unroll_16,unroll_2,pipeline_1,unroll_2,unroll_64,unroll_2,unroll_2,unroll_8,pipeline_1,pipeline_1,unroll_16,pipeline_1,unroll_2,unroll_4,unroll_16,unroll_2,pipeline_1,pipeline_1,unroll_8,unroll_4,unroll_2,unroll_4,unroll_8,pipeline_1,unroll_2,pipeline_1,pipeline_1,unroll_2,pipeline_1,1,32.5,0.472808828427,False
workload_838.cpp,xczu7ev-ffvc1156-2-e,10,52.627,2350,4,45,34,82,block_4_1,block_16_1,block_16_1,block_4_1,cyclic_4_1,unroll_2,pipeline_1,unroll_16,unroll_16,pipeline_1,unroll_8,unroll_16,pipeline_1,pipeline_1,unroll_4,pipeline_1,unroll_4,pipeline_1,unroll_2,unroll_64,pipeline_1,unroll_2,pipeline_1,pipeline_1,pipeline_1,unroll_16,pipeline_1,unroll_2,pipeline_1,unroll_16,unroll_2,pipeline_1,unroll_2,unroll_8,pipeline_1,pipeline_1,unroll_8,pipeline_1,pipeline_1,unroll_2,pipeline_1,unroll_2,pipeline_1,pipeline_1,1,41.25,0.330303296913,False
workload_525.cpp,xczu7ev-ffvc1156-2-e,10,54.70169,2585,4,47,38,95,block_4_1,block_16_1,block_16_1,block_8_1,cyclic_16_1,pipeline_1,pipeline_1,unroll_16,unroll_16,pipeline_1,pipeline_1,unroll_4,pipeline_1,pipeline_1,pipeline_1,pipeline_1,unroll_2,pipeline_1,unroll_8,unroll_64,pipeline_1,unroll_2,unroll_16,pipeline_1,unroll_4,unroll_16,pipeline_1,unroll_2,pipeline_1,unroll_16,unroll_2,pipeline_1,unroll_16,unroll_8,pipeline_1,pipeline_1,unroll_4,pipeline_1,pipeline_1,unroll_2,pipeline_1,unroll_2,pipeline_1,unroll_4,1,46,0.276369566134,False
workload_511.cpp,xczu7ev-ffvc1156-2-e,10,54.70109,2820,5,48,38,97,block_4_1,block_16_1,block_16_1,block_8_1,cyclic_16_1,pipeline_1,pipeline_1,unroll_16,unroll_16,pipeline_1,pipeline_1,unroll_4,pipeline_1,pipeline_1,pipeline_1,unroll_16,unroll_2,pipeline_1,unroll_8,unroll_64,unroll_2,unroll_2,unroll_16,pipeline_1,unroll_2,unroll_16,pipeline_1,unroll_2,pipeline_1,unroll_16,unroll_2,pipeline_1,unroll_16,unroll_8,unroll_4,pipeline_1,unroll_4,pipeline_1,pipeline_1,unroll_2,pipeline_1,unroll_2,unroll_2,unroll_4,1,47,0.254432509397,False
workload_462.cpp,xczu7ev-ffvc1156-2-e,10,53.44316,2761,6,44,37,91,block_4_1,block_16_1,block_16_1,block_8_1,cyclic_16_1,pipeline_1,unroll_8,unroll_16,unroll_16,pipeline_1,pipeline_1,unroll_4,pipeline_1,pipeline_1,pipeline_1,unroll_16,unroll_4,pipeline_1,unroll_2,unroll_64,unroll_2,unroll_2,unroll_4,pipeline_1,unroll_2,unroll_2,pipeline_1,unroll_2,pipeline_1,unroll_16,unroll_16,pipeline_1,unroll_16,unroll_8,unroll_4,pipeline_1,unroll_4,pipeline_1,unroll_16,unroll_2,pipeline_1,unroll_2,pipeline_1,unroll_4,1,44.5,0.293731328722,False
workload_524.cpp,xczu7ev-ffvc1156-2-e,10,60.88504,2646,6,45,36,86,block_4_1,block_16_1,block_16_1,block_8_1,cyclic_16_1,pipeline_1,unroll_8,unroll_16,unroll_2,pipeline_1,pipeline_1,pipeline_1,pipeline_1,pipeline_1,unroll_8,unroll_16,unroll_2,pipeline_1,unroll_2,unroll_64,unroll_2,unroll_2,unroll_16,pipeline_1,pipeline_1,unroll_16,pipeline_1,unroll_2,pipeline_1,unroll_16,unroll_16,pipeline_1,unroll_2,unroll_8,pipeline_1,pipeline_1,unroll_4,pipeline_1,unroll_16,unroll_2,unroll_8,unroll_2,pipeline_1,unroll_4,1,43.25,0.305073425253,False
workload_449.cpp,xczu7ev-ffvc1156-2-e,10,60.97514,2973,6,38,35,83,block_4_1,block_16_1,block_16_1,block_8_1,cyclic_16_1,pipeline_1,unroll_8,unroll_16,unroll_2,pipeline_1,pipeline_1,pipeline_1,unroll_8,pipeline_1,unroll_8,unroll_4,unroll_2,pipeline_1,unroll_2,unroll_64,unroll_2,unroll_2,unroll_16,pipeline_1,pipeline_1,unroll_16,pipeline_1,unroll_2,pipeline_1,unroll_16,unroll_16,pipeline_1,unroll_2,unroll_8,pipeline_1,pipeline_1,unroll_4,unroll_8,unroll_16,unroll_2,unroll_8,unroll_2,pipeline_1,unroll_4,1,40.5,0.346426994862,False
workload_489.cpp,xczu7ev-ffvc1156-2-e,10,59.49826,2681,8,37,36,79,block_4_1,block_16_1,block_16_1,block_8_1,cyclic_16_1,pipeline_1,unroll_8,unroll_16,unroll_2,pipeline_1,pipeline_1,unroll_16,unroll_8,pipeline_1,unroll_8,unroll_8,unroll_2,pipeline_1,unroll_2,unroll_64,unroll_2,unroll_2,unroll_16,pipeline_1,unroll_2,pipeline_1,pipeline_1,unroll_2,pipeline_1,unroll_16,unroll_16,pipeline_1,unroll_8,unroll_8,pipeline_1,pipeline_1,unroll_4,pipeline_1,unroll_16,unroll_2,unroll_8,unroll_2,pipeline_1,unroll_4,1,40,0.350022240876,False
workload_597.cpp,xczu7ev-ffvc1156-2-e,10,58.96526,2551,6,38,35,82,block_4_1,block_16_1,block_16_1,block_8_1,cyclic_16_1,pipeline_1,unroll_8,unroll_16,unroll_2,pipeline_1,pipeline_1,unroll_4,unroll_8,pipeline_1,pipeline_1,unroll_4,unroll_2,pipeline_1,unroll_2,unroll_32,unroll_2,unroll_2,unroll_16,pipeline_1,pipeline_1,unroll_16,pipeline_1,unroll_2,pipeline_1,unroll_16,unroll_2,pipeline_1,unroll_2,unroll_8,pipeline_1,pipeline_1,unroll_4,unroll_8,unroll_16,unroll_2,unroll_8,unroll_2,pipeline_1,unroll_4,1,40.25,0.349387120624,False
workload_529.cpp,xczu7ev-ffvc1156-2-e,10,53.44316,2812,8,37,34,83,block_4_1,block_16_1,block_16_1,block_8_1,cyclic_16_1,pipeline_1,unroll_8,unroll_16,unroll_2,pipeline_1,unroll_16,unroll_4,pipeline_1,pipeline_1,pipeline_1,unroll_16,unroll_4,pipeline_1,unroll_2,unroll_64,unroll_2,unroll_2,unroll_4,pipeline_1,unroll_8,unroll_2,pipeline_1,unroll_2,pipeline_1,unroll_16,unroll_16,pipeline_1,unroll_16,unroll_8,unroll_4,pipeline_1,unroll_4,pipeline_1,unroll_16,unroll_2,pipeline_1,unroll_2,pipeline_1,unroll_4,1,40.5,0.349518175105,False
workload_534.cpp,xczu7ev-ffvc1156-2-e,10,59.7549,2764,8,37,36,81,block_4_1,block_16_1,block_16_1,block_8_1,cyclic_16_1,pipeline_1,unroll_8,unroll_16,unroll_2,pipeline_1,unroll_8,unroll_16,unroll_8,pipeline_1,unroll_8,unroll_8,unroll_2,pipeline_1,unroll_2,unroll_64,unroll_2,unroll_2,unroll_8,pipeline_1,unroll_2,unroll_16,pipeline_1,unroll_2,pipeline_1,unroll_16,unroll_16,pipeline_1,unroll_8,unroll_8,pipeline_1,pipeline_1,unroll_4,pipeline_1,unroll_16,unroll_2,unroll_8,pipeline_1,pipeline_1,unroll_4,1,40.5,0.346930213949,False
workload_399.cpp,xczu7ev-ffvc1156-2-e,10,61.43714,2566,4,60,44,99,block_4_1,block_16_1,block_16_1,block_8_1,cyclic_16_1,unroll_4,pipeline_1,unroll_16,unroll_16,pipeline_1,pipeline_1,pipeline_1,unroll_8,pipeline_1,unroll_8,unroll_16,unroll_2,pipeline_1,unroll_2,unroll_64,unroll_2,unroll_2,unroll_8,pipeline_1,unroll_2,unroll_16,unroll_8,unroll_2,pipeline_1,unroll_16,unroll_16,pipeline_1,unroll_2,unroll_8,pipeline_1,pipeline_1,unroll_4,pipeline_1,unroll_16,unroll_2,unroll_8,unroll_2,pipeline_1,pipeline_1,1,51.75,0.208011477902,False
workload_457.cpp,xczu7ev-ffvc1156-2-e,10,57.00095,2625,6,44,34,84,block_4_1,block_16_1,block_16_1,block_8_1,cyclic_16_1,unroll_4,pipeline_1,unroll_16,unroll_16,pipeline_1,pipeline_1,unroll_4,pipeline_1,pipeline_1,pipeline_1,pipeline_1,unroll_2,pipeline_1,unroll_2,unroll_2,pipeline_1,unroll_2,pipeline_1,pipeline_1,unroll_4,unroll_16,pipeline_1,unroll_2,pipeline_1,unroll_16,unroll_2,pipeline_1,unroll_16,unroll_8,pipeline_1,pipeline_1,pipeline_1,pipeline_1,unroll_16,pipeline_1,unroll_8,unroll_16,pipeline_1,unroll_16,1,42,0.325897921595,False
workload_430.cpp,xczu7ev-ffvc1156-2-e,10,57.00095,2370,6,44,34,84,block_4_1,block_16_1,block_16_1,block_8_1,cyclic_16_1,unroll_4,pipeline_1,unroll_16,unroll_16,pipeline_1,pipeline_1,unroll_4,pipeline_1,pipeline_1,pipeline_1,pipeline_1,unroll_2,pipeline_1,unroll_2,unroll_2,pipeline_1,unroll_2,pipeline_1,pipeline_1,unroll_4,unroll_16,pipeline_1,unroll_2,pipeline_1,unroll_16,unroll_2,pipeline_1,unroll_16,unroll_8,pipeline_1,pipeline_1,pipeline_1,pipeline_1,unroll_16,pipeline_1,unroll_8,unroll_2,pipeline_1,unroll_16,1,42,0.325897921595,False
workload_416.cpp,xczu7ev-ffvc1156-2-e,10,55.5174,2556,4,52,40,93,block_4_1,block_16_1,block_16_1,block_8_1,cyclic_16_1,unroll_4,pipeline_1,unroll_16,unroll_16,pipeline_1,pipeline_1,unroll_4,pipeline_1,pipeline_1,unroll_8,unroll_16,unroll_2,pipeline_1,unroll_2,unroll_32,unroll_2,unroll_2,unroll_16,pipeline_1,unroll_2,unroll_16,pipeline_1,unroll_2,pipeline_1,unroll_16,unroll_16,pipeline_1,unroll_16,unroll_8,pipeline_1,pipeline_1,unroll_4,pipeline_1,unroll_16,unroll_2,unroll_8,pipeline_1,pipeline_1,pipeline_1,1,47.25,0.249131066894,False
workload_492.cpp,xczu7ev-ffvc1156-2-e,10,55.557,2539,6,57,39,92,block_4_1,block_16_1,block_16_1,block_8_1,cyclic_16_1,unroll_4,pipeline_1,unroll_16,unroll_16,pipeline_1,pipeline_1,unroll_4,unroll_4,pipeline_1,unroll_8,unroll_16,unroll_2,pipeline_1,unroll_2,unroll_64,unroll_2,unroll_2,unroll_16,pipeline_1,unroll_2,unroll_16,unroll_8,unroll_2,pipeline_1,unroll_16,unroll_16,pipeline_1,unroll_16,unroll_8,pipeline_1,pipeline_1,unroll_4,pipeline_1,unroll_16,unroll_2,unroll_8,pipeline_1,pipeline_1,pipeline_1,1,48.5,0.236388777577,False
workload_302.cpp,xczu7ev-ffvc1156-2-e,10,63.04309,3230,4,56,40,92,block_4_1,block_16_1,block_16_1,block_8_1,cyclic_16_1,unroll_4,pipeline_1,unroll_16,unroll_16,pipeline_1,pipeline_1,unroll_4,unroll_4,pipeline_1,unroll_8,unroll_4,unroll_2,pipeline_1,unroll_2,unroll_2,unroll_2,unroll_2,pipeline_1,pipeline_1,unroll_2,unroll_16,unroll_8,unroll_2,pipeline_1,unroll_16,unroll_16,pipeline_1,unroll_16,unroll_8,pipeline_1,pipeline_1,unroll_4,pipeline_1,unroll_16,unroll_2,unroll_8,pipeline_1,pipeline_1,unroll_16,1,48,0.236589839509,False
workload_424.cpp,xczu7ev-ffvc1156-2-e,10,58.857,2467,4,56,42,94,block_4_1,block_16_1,block_16_1,block_8_1,cyclic_16_1,unroll_4,pipeline_1,unroll_16,unroll_16,pipeline_1,pipeline_1,unroll_4,unroll_4,pipeline_1,unroll_8,unroll_4,unroll_2,pipeline_1,unroll_2,unroll_64,unroll_2,unroll_2,unroll_16,pipeline_1,pipeline_1,unroll_16,unroll_8,unroll_2,pipeline_1,unroll_16,unroll_16,pipeline_1,unroll_16,unroll_8,pipeline_1,pipeline_1,unroll_4,pipeline_1,pipeline_1,unroll_2,unroll_8,pipeline_1,pipeline_1,pipeline_1,1,49,0.236586759202,False
workload_370.cpp,xczu7ev-ffvc1156-2-e,10,58.857,2480,4,56,42,94,block_4_1,block_16_1,block_16_1,block_8_1,cyclic_16_1,unroll_4,pipeline_1,unroll_16,unroll_16,pipeline_1,pipeline_1,unroll_4,unroll_4,pipeline_1,unroll_8,unroll_4,unroll_2,pipeline_1,unroll_2,unroll_64,unroll_2,unroll_2,unroll_16,pipeline_1,unroll_2,unroll_16,unroll_8,unroll_2,pipeline_1,unroll_16,unroll_16,pipeline_1,unroll_16,unroll_8,pipeline_1,pipeline_1,unroll_4,pipeline_1,pipeline_1,unroll_2,unroll_8,pipeline_1,pipeline_1,pipeline_1,1,49,0.236586759202,False
workload_350.cpp,xczu7ev-ffvc1156-2-e,10,58.857,2949,4,57,42,94,block_4_1,block_16_1,block_16_1,block_8_1,cyclic_16_1,unroll_4,pipeline_1,unroll_16,unroll_16,pipeline_1,pipeline_1,unroll_4,unroll_4,pipeline_1,unroll_8,unroll_4,unroll_2,pipeline_1,unroll_2,unroll_64,unroll_2,unroll_2,unroll_16,pipeline_1,unroll_2,unroll_16,unroll_8,unroll_2,pipeline_1,unroll_16,unroll_16,pipeline_1,unroll_16,unroll_8,pipeline_1,pipeline_1,unroll_4,pipeline_1,unroll_16,unroll_2,unroll_8,pipeline_1,pipeline_1,pipeline_1,1,49.25,0.236487537726,False
workload_437.cpp,xczu7ev-ffvc1156-2-e,10,58.857,2427,4,55,40,91,block_4_1,block_16_1,block_16_1,block_8_1,cyclic_16_1,unroll_4,pipeline_1,unroll_16,unroll_16,pipeline_1,pipeline_1,unroll_4,unroll_4,pipeline_1,unroll_8,unroll_4,unroll_2,pipeline_1,unroll_2,unroll_64,unroll_2,unroll_2,unroll_16,pipeline_1,unroll_2,unroll_16,unroll_8,unroll_2,pipeline_1,unroll_16,unroll_4,pipeline_1,unroll_16,unroll_8,pipeline_1,pipeline_1,unroll_4,pipeline_1,unroll_16,unroll_2,pipeline_1,pipeline_1,pipeline_1,pipeline_1,1,47.5,0.244102266655,False
workload_497.cpp,xczu7ev-ffvc1156-2-e,10,53.45358,2702,4,64,42,95,block_4_1,block_16_1,block_16_1,block_8_1,cyclic_16_1,unroll_4,pipeline_1,unroll_16,unroll_16,pipeline_1,pipeline_1,unroll_4,unroll_8,pipeline_1,pipeline_1,pipeline_1,unroll_2,pipeline_1,unroll_2,unroll_32,pipeline_1,unroll_2,pipeline_1,pipeline_1,unroll_4,unroll_16,pipeline_1,unroll_2,pipeline_1,unroll_16,unroll_2,pipeline_1,unroll_16,unroll_8,pipeline_1,pipeline_1,pipeline_1,pipeline_1,unroll_16,pipeline_1,pipeline_1,unroll_2,pipeline_1,pipeline_1,1,51.25,0.217206360584,False
workload_547.cpp,xczu7ev-ffvc1156-2-e,10,53.47458,2761,5,56,40,94,block_4_1,block_16_1,block_16_1,block_8_1,cyclic_16_1,unroll_4,pipeline_1,unroll_16,unroll_16,pipeline_1,pipeline_1,unroll_4,unroll_8,pipeline_1,pipeline_1,unroll_16,unroll_2,pipeline_1,unroll_2,unroll_32,unroll_2,unroll_2,pipeline_1,pipeline_1,unroll_2,unroll_16,pipeline_1,unroll_2,pipeline_1,unroll_16,unroll_2,pipeline_1,unroll_16,unroll_8,unroll_4,pipeline_1,pipeline_1,pipeline_1,unroll_16,pipeline_1,pipeline_1,unroll_2,unroll_2,pipeline_1,1,48.75,0.236329183412,False
workload_574.cpp,xczu7ev-ffvc1156-2-e,10,55.52752,2605,6,44,34,85,block_4_1,block_16_1,block_16_1,block_8_1,cyclic_16_1,unroll_4,unroll_8,unroll_16,unroll_16,pipeline_1,pipeline_1,pipeline_1,pipeline_1,pipeline_1,unroll_8,pipeline_1,unroll_2,pipeline_1,unroll_2,unroll_64,pipeline_1,unroll_2,pipeline_1,pipeline_1,unroll_4,unroll_16,pipeline_1,unroll_2,pipeline_1,unroll_16,unroll_16,pipeline_1,unroll_16,unroll_8,pipeline_1,pipeline_1,pipeline_1,pipeline_1,unroll_16,unroll_2,unroll_8,unroll_2,pipeline_1,pipeline_1,1,42.25,0.32432593361,False
workload_448.cpp,xczu7ev-ffvc1156-2-e,10,61.20232,2714,6,45,37,88,block_4_1,block_16_1,block_16_1,block_8_1,cyclic_16_1,unroll_4,unroll_8,unroll_16,unroll_16,pipeline_1,pipeline_1,pipeline_1,pipeline_1,pipeline_1,unroll_8,unroll_16,unroll_2,pipeline_1,unroll_2,unroll_64,unroll_2,unroll_2,unroll_8,pipeline_1,unroll_2,unroll_2,unroll_8,unroll_2,pipeline_1,unroll_16,unroll_16,pipeline_1,unroll_2,unroll_8,pipeline_1,pipeline_1,unroll_4,pipeline_1,unroll_16,unroll_2,unroll_8,pipeline_1,unroll_2,pipeline_1,1,44,0.300535940166,False
workload_48.cpp,xczu7ev-ffvc1156-2-e,10,61.22542,3176,6,39,36,86,block_4_1,block_16_1,block_16_1,block_8_1,cyclic_16_1,unroll_4,unroll_8,unroll_16,unroll_16,pipeline_1,pipeline_1,pipeline_1,unroll_8,pipeline_1,unroll_8,unroll_16,unroll_2,pipeline_1,unroll_2,unroll_64,unroll_2,unroll_2,unroll_8,pipeline_1,pipeline_1,unroll_16,pipeline_1,unroll_2,pipeline_1,unroll_16,unroll_16,pipeline_1,unroll_2,unroll_8,pipeline_1,pipeline_1,unroll_4,pipeline_1,unroll_16,unroll_2,unroll_8,unroll_2,pipeline_1,pipeline_1,1,41.75,0.325867074225,False
workload_533.cpp,xczu7ev-ffvc1156-2-e,10,53.50132,2526,6,44,34,85,block_4_1,block_16_1,block_16_1,block_8_1,cyclic_16_1,unroll_4,unroll_8,unroll_16,unroll_16,pipeline_1,pipeline_1,unroll_4,pipeline_1,pipeline_1,pipeline_1,pipeline_1,unroll_2,pipeline_1,unroll_2,unroll_32,pipeline_1,unroll_2,pipeline_1,pipeline_1,unroll_4,unroll_16,pipeline_1,unroll_2,pipeline_1,unroll_16,unroll_2,pipeline_1,unroll_16,unroll_8,pipeline_1,pipeline_1,pipeline_1,pipeline_1,unroll_16,unroll_2,unroll_8,unroll_2,pipeline_1,pipeline_1,1,42.25,0.325142786539,False
workload_413.cpp,xczu7ev-ffvc1156-2-e,10,57.50765,2615,6,45,38,94,block_4_1,block_16_1,block_16_1,block_8_1,cyclic_16_1,unroll_4,unroll_8,unroll_16,unroll_16,pipeline_1,pipeline_1,unroll_4,pipeline_1,pipeline_1,unroll_8,pipeline_1,unroll_2,pipeline_1,unroll_8,unroll_64,unroll_2,unroll_2,unroll_16,pipeline_1,unroll_2,unroll_16,pipeline_1,unroll_2,pipeline_1,unroll_16,unroll_16,pipeline_1,unroll_16,unroll_8,pipeline_1,pipeline_1,unroll_4,pipeline_1,unroll_16,unroll_2,unroll_8,unroll_2,pipeline_1,pipeline_1,1,45.75,0.28066418448,False
workload_386.cpp,xczu7ev-ffvc1156-2-e,10,55.5908,2504,6,45,36,87,block_4_1,block_16_1,block_16_1,block_8_1,cyclic_16_1,unroll_4,unroll_8,unroll_16,unroll_16,pipeline_1,pipeline_1,unroll_4,pipeline_1,pipeline_1,unroll_8,unroll_16,unroll_2,pipeline_1,unroll_2,unroll_64,unroll_2,unroll_2,unroll_16,pipeline_1,unroll_2,unroll_16,pipeline_1,unroll_2,pipeline_1,unroll_16,unroll_16,pipeline_1,unroll_16,unroll_8,pipeline_1,pipeline_1,unroll_4,pipeline_1,unroll_16,unroll_2,unroll_8,unroll_2,pipeline_1,pipeline_1,1,43.5,0.305406660392,False
workload_338.cpp,xczu7ev-ffvc1156-2-e,10,63.0949,3031,6,44,35,84,block_4_1,block_16_1,block_16_1,block_8_1,cyclic_16_1,unroll_4,unroll_8,unroll_16,unroll_16,pipeline_1,pipeline_1,unroll_4,pipeline_1,pipeline_1,unroll_8,unroll_4,unroll_2,pipeline_1,unroll_2,unroll_2,unroll_2,unroll_2,pipeline_1,pipeline_1,unroll_2,unroll_16,pipeline_1,unroll_2,pipeline_1,unroll_16,unroll_16,pipeline_1,unroll_16,unroll_8,pipeline_1,pipeline_1,unroll_4,pipeline_1,unroll_16,unroll_2,unroll_8,unroll_2,pipeline_1,unroll_16,1,42.25,0.321255966191,False
workload_436.cpp,xczu7ev-ffvc1156-2-e,10,58.9058,2418,6,45,36,86,block_4_1,block_16_1,block_16_1,block_8_1,cyclic_16_1,unroll_4,unroll_8,unroll_16,unroll_16,pipeline_1,pipeline_1,unroll_4,pipeline_1,pipeline_1,unroll_8,unroll_4,unroll_2,pipeline_1,unroll_2,unroll_64,unroll_2,unroll_2,unroll_16,pipeline_1,unroll_2,unroll_16,pipeline_1,unroll_2,pipeline_1,unroll_16,unroll_16,pipeline_1,unroll_16,unroll_8,pipeline_1,pipeline_1,unroll_4,pipeline_1,unroll_16,unroll_2,unroll_8,pipeline_1,unroll_2,pipeline_1,1,43.25,0.305347062005,False
workload_230.cpp,xczu7ev-ffvc1156-2-e,10,58.9058,2322,6,45,36,86,block_4_1,block_16_1,block_16_1,block_8_1,cyclic_16_1,unroll_4,unroll_8,unroll_16,unroll_16,pipeline_1,pipeline_1,unroll_4,pipeline_1,pipeline_1,unroll_8,unroll_4,unroll_2,pipeline_1,unroll_2,unroll_64,unroll_2,unroll_2,unroll_16,pipeline_1,unroll_2,unroll_16,pipeline_1,unroll_2,pipeline_1,unroll_16,unroll_16,pipeline_1,unroll_16,unroll_8,pipeline_1,pipeline_1,unroll_4,pipeline_1,unroll_16,unroll_2,unroll_8,unroll_2,pipeline_1,pipeline_1,1,43.25,0.305347062005,False
workload_495.cpp,xczu7ev-ffvc1156-2-e,10,56.80092,2454,6,56,37,91,block_4_1,block_16_1,block_16_1,block_8_1,cyclic_16_1,unroll_4,unroll_8,unroll_16,unroll_16,pipeline_1,pipeline_1,unroll_4,unroll_4,pipeline_1,pipeline_1,pipeline_1,unroll_2,pipeline_1,unroll_2,unroll_2,pipeline_1,unroll_2,pipeline_1,pipeline_1,unroll_4,unroll_8,pipeline_1,unroll_2,pipeline_1,unroll_16,unroll_2,pipeline_1,unroll_16,unroll_8,pipeline_1,pipeline_1,pipeline_1,pipeline_1,unroll_16,pipeline_1,unroll_8,unroll_2,pipeline_1,unroll_16,1,47.5,0.243957433407,False
workload_388.cpp,xczu7ev-ffvc1156-2-e,10,58.64528,2729,6,57,40,93,block_4_1,block_16_1,block_16_1,block_8_1,cyclic_16_1,unroll_4,unroll_8,unroll_16,unroll_16,pipeline_1,pipeline_1,unroll_4,unroll_4,pipeline_1,unroll_8,unroll_4,unroll_2,pipeline_1,unroll_2,unroll_64,unroll_2,unroll_2,unroll_16,pipeline_1,pipeline_1,unroll_16,pipeline_1,unroll_2,pipeline_1,unroll_16,unroll_16,pipeline_1,unroll_16,unroll_8,pipeline_1,pipeline_1,unroll_4,pipeline_1,unroll_16,unroll_2,unroll_8,pipeline_1,pipeline_1,pipeline_1,1,49,0.236591925072,False
workload_407.cpp,xczu7ev-ffvc1156-2-e,10,58.64528,2757,6,57,40,93,block_4_1,block_16_1,block_16_1,block_8_1,cyclic_16_1,unroll_4,unroll_8,unroll_16,unroll_16,pipeline_1,pipeline_1,unroll_4,unroll_4,pipeline_1,unroll_8,unroll_4,unroll_2,pipeline_1,unroll_2,unroll_64,unroll_2,unroll_2,unroll_16,pipeline_1,unroll_2,unroll_16,pipeline_1,unroll_2,pipeline_1,unroll_16,unroll_16,pipeline_1,unroll_16,unroll_8,pipeline_1,pipeline_1,unroll_4,pipeline_1,unroll_16,unroll_2,unroll_8,pipeline_1,pipeline_1,pipeline_1,1,49,0.236591925072,False
workload_552.cpp,xczu7ev-ffvc1156-2-e,10,58.9209,2742,6,38,36,84,block_4_1,block_16_1,block_16_1,block_8_1,cyclic_16_1,unroll_4,unroll_8,unroll_16,unroll_16,pipeline_1,pipeline_1,unroll_4,unroll_8,pipeline_1,unroll_8,unroll_4,unroll_2,pipeline_1,unroll_2,unroll_64,unroll_2,unroll_2,unroll_16,pipeline_1,unroll_2,unroll_16,pipeline_1,unroll_2,pipeline_1,unroll_16,unroll_16,pipeline_1,unroll_16,unroll_8,pipeline_1,pipeline_1,unroll_4,unroll_8,unroll_16,unroll_2,unroll_8,unroll_2,pipeline_1,pipeline_1,1,41,0.337236997435,False
workload_371.cpp,xczu7ev-ffvc1156-2-e,10,61.30042,3061,6,39,36,85,block_4_1,block_16_1,block_16_1,block_8_1,cyclic_16_1,unroll_4,unroll_8,unroll_16,unroll_2,pipeline_1,pipeline_1,pipeline_1,unroll_8,pipeline_1,unroll_8,unroll_4,unroll_2,pipeline_1,unroll_2,unroll_64,unroll_2,unroll_2,unroll_8,pipeline_1,pipeline_1,unroll_16,pipeline_1,unroll_2,pipeline_1,unroll_16,unroll_16,pipeline_1,unroll_2,unroll_8,pipeline_1,pipeline_1,unroll_4,pipeline_1,unroll_16,unroll_2,unroll_8,unroll_2,pipeline_1,pipeline_1,1,41.5,0.326572169687,False
workload_833.cpp,xczu7ev-ffvc1156-2-e,10,472.40514,721,4,3,18,43,block_4_1,block_16_1,block_16_1,block_8_1,cyclic_32_1,pipeline_1,pipeline_1,unroll_16,unroll_2,pipeline_1,pipeline_1,unroll_16,unroll_2,unroll_4,pipeline_1,unroll_2,unroll_4,pipeline_1,unroll_2,unroll_64,pipeline_1,unroll_2,unroll_16,pipeline_1,pipeline_1,unroll_8,pipeline_1,unroll_4,pipeline_1,unroll_2,unroll_2,pipeline_1,pipeline_1,unroll_8,unroll_4,unroll_2,unroll_4,unroll_8,pipeline_1,unroll_2,pipeline_1,unroll_16,unroll_8,unroll_4,1,17,0.59646548488,False
workload_649.cpp,xczu7ev-ffvc1156-2-e,10,451.71208,1195,5,2,17,38,block_4_1,block_16_1,block_16_1,block_8_1,cyclic_32_1,pipeline_1,pipeline_1,unroll_16,unroll_2,pipeline_1,pipeline_1,unroll_4,unroll_2,unroll_2,pipeline_1,unroll_2,unroll_2,pipeline_1,unroll_2,unroll_64,pipeline_1,unroll_2,unroll_16,pipeline_1,pipeline_1,unroll_8,pipeline_1,unroll_4,pipeline_1,unroll_2,unroll_2,pipeline_1,pipeline_1,unroll_8,unroll_4,unroll_2,pipeline_1,unroll_8,pipeline_1,pipeline_1,pipeline_1,unroll_16,unroll_8,unroll_4,1,15.5,0.655343105438,False
workload_577.cpp,xczu7ev-ffvc1156-2-e,10,451.65208,1139,5,2,17,39,block_4_1,block_16_1,block_16_1,block_8_1,cyclic_32_1,pipeline_1,pipeline_1,unroll_16,unroll_2,pipeline_1,pipeline_1,unroll_4,unroll_2,unroll_2,pipeline_1,unroll_2,unroll_4,pipeline_1,unroll_2,unroll_64,pipeline_1,unroll_2,unroll_16,pipeline_1,pipeline_1,unroll_8,pipeline_1,unroll_4,pipeline_1,unroll_2,unroll_2,pipeline_1,pipeline_1,unroll_8,unroll_4,unroll_2,pipeline_1,unroll_8,pipeline_1,pipeline_1,pipeline_1,unroll_16,unroll_8,unroll_4,1,15.75,0.65290459148,False
workload_636.cpp,xczu7ev-ffvc1156-2-e,10,451.65208,1145,5,2,17,39,block_4_1,block_16_1,block_16_1,block_8_1,cyclic_32_1,pipeline_1,pipeline_1,unroll_16,unroll_2,pipeline_1,pipeline_1,unroll_4,unroll_2,unroll_2,pipeline_1,unroll_2,unroll_4,pipeline_1,unroll_2,unroll_64,unroll_4,unroll_2,unroll_16,pipeline_1,pipeline_1,unroll_8,pipeline_1,unroll_4,pipeline_1,unroll_2,unroll_2,pipeline_1,pipeline_1,unroll_8,unroll_4,unroll_2,pipeline_1,unroll_8,pipeline_1,pipeline_1,pipeline_1,unroll_16,unroll_8,pipeline_1,1,15.75,0.65290459148,False
workload_782.cpp,xczu7ev-ffvc1156-2-e,10,847.11148,2545,8,1,26,98,block_4_1,block_16_1,block_16_1,block_8_1,cyclic_32_1,pipeline_1,pipeline_1,unroll_16,unroll_2,pipeline_1,pipeline_1,unroll_4,unroll_4,unroll_2,unroll_8,pipeline_1,unroll_2,pipeline_1,unroll_2,unroll_64,unroll_4,unroll_2,unroll_16,pipeline_1,unroll_2,unroll_8,pipeline_1,unroll_4,pipeline_1,unroll_2,unroll_2,pipeline_1,pipeline_1,unroll_8,unroll_4,unroll_8,pipeline_1,unroll_8,pipeline_1,pipeline_1,unroll_16,unroll_16,unroll_8,unroll_4,1,33.25,0.1,False
workload_767.cpp,xczu7ev-ffvc1156-2-e,10,358.16771,1387,4,39,29,77,block_4_1,block_16_1,block_16_1,block_8_1,cyclic_32_1,unroll_4,pipeline_1,unroll_16,unroll_2,pipeline_1,pipeline_1,unroll_4,pipeline_1,unroll_2,pipeline_1,unroll_2,unroll_4,pipeline_1,unroll_2,unroll_64,pipeline_1,unroll_2,unroll_16,pipeline_1,pipeline_1,unroll_2,pipeline_1,unroll_4,pipeline_1,unroll_16,unroll_2,pipeline_1,pipeline_1,unroll_8,pipeline_1,unroll_2,pipeline_1,unroll_8,unroll_16,unroll_2,pipeline_1,unroll_16,unroll_8,unroll_4,1,37.25,0.2800935531,False
workload_864.cpp,xczu7ev-ffvc1156-2-e,10,762.6122,2098,5,2,29,95,block_4_1,block_16_1,block_16_1,block_8_1,cyclic_32_1,unroll_4,pipeline_1,unroll_16,unroll_2,pipeline_1,pipeline_1,unroll_4,unroll_4,unroll_4,unroll_8,pipeline_1,unroll_8,pipeline_1,unroll_2,unroll_32,unroll_4,unroll_2,unroll_16,pipeline_1,unroll_2,pipeline_1,pipeline_1,unroll_4,pipeline_1,unroll_2,unroll_2,pipeline_1,pipeline_1,unroll_8,unroll_4,unroll_8,unroll_4,unroll_8,pipeline_1,pipeline_1,unroll_16,unroll_16,pipeline_1,unroll_4,1,32.75,0.113121217146,False
workload_443.cpp,xczu7ev-ffvc1156-2-e,10,55.97636,2500,8,57,39,91,block_4_1,block_16_1,block_16_1,block_8_1,cyclic_4_1,pipeline_1,pipeline_1,unroll_16,unroll_16,pipeline_1,pipeline_1,unroll_4,unroll_4,pipeline_1,unroll_8,unroll_4,unroll_2,pipeline_1,unroll_2,unroll_64,unroll_2,unroll_2,unroll_16,pipeline_1,unroll_2,unroll_16,unroll_8,unroll_2,pipeline_1,unroll_16,unroll_4,pipeline_1,unroll_16,unroll_8,pipeline_1,pipeline_1,unroll_4,pipeline_1,unroll_16,unroll_2,pipeline_1,pipeline_1,pipeline_1,pipeline_1,1,48.75,0.236518935382,False
workload_794.cpp,xczu7ev-ffvc1156-2-e,10,52.47024,2580,9,37,34,76,block_4_1,block_16_1,block_16_1,block_8_1,cyclic_4_1,pipeline_1,pipeline_1,unroll_16,unroll_16,pipeline_1,unroll_16,unroll_16,unroll_4,pipeline_1,unroll_4,pipeline_1,unroll_2,pipeline_1,unroll_2,unroll_64,unroll_16,unroll_2,unroll_16,pipeline_1,pipeline_1,unroll_16,pipeline_1,unroll_4,unroll_4,unroll_16,unroll_2,pipeline_1,unroll_8,unroll_8,pipeline_1,pipeline_1,unroll_4,unroll_8,pipeline_1,unroll_2,pipeline_1,unroll_16,pipeline_1,pipeline_1,1,39,0.348097550075,False
workload_861.cpp,xczu7ev-ffvc1156-2-e,10,51.91284,2546,6,37,32,75,block_4_1,block_16_1,block_16_1,block_8_1,cyclic_4_1,pipeline_1,pipeline_1,unroll_16,unroll_2,pipeline_1,unroll_8,unroll_4,pipeline_1,pipeline_1,pipeline_1,unroll_16,unroll_2,pipeline_1,unroll_2,unroll_64,unroll_2,unroll_2,unroll_16,pipeline_1,pipeline_1,unroll_16,pipeline_1,pipeline_1,pipeline_1,unroll_16,unroll_2,pipeline_1,pipeline_1,unroll_8,pipeline_1,pipeline_1,unroll_8,unroll_8,pipeline_1,unroll_2,pipeline_1,unroll_16,pipeline_1,unroll_4,1,37.5,1,True
workload_917.cpp,xczu7ev-ffvc1156-2-e,10,54.71364,2597,9,38,33,76,block_4_1,block_16_1,block_16_1,block_8_1,cyclic_4_1,pipeline_1,pipeline_1,unroll_16,unroll_2,pipeline_1,unroll_8,unroll_4,pipeline_1,pipeline_1,unroll_2,unroll_16,unroll_2,pipeline_1,unroll_2,unroll_32,unroll_4,unroll_2,unroll_16,pipeline_1,pipeline_1,unroll_16,unroll_8,unroll_2,pipeline_1,unroll_16,unroll_2,pipeline_1,pipeline_1,unroll_8,unroll_4,pipeline_1,unroll_4,unroll_8,pipeline_1,unroll_2,pipeline_1,unroll_16,unroll_8,unroll_4,1,39,0.348764143946,False
workload_722.cpp,xczu7ev-ffvc1156-2-e,10,52.15496,2647,6,57,38,92,block_4_1,block_16_1,block_16_1,block_8_1,cyclic_4_1,pipeline_1,pipeline_1,unroll_16,unroll_2,pipeline_1,unroll_8,unroll_4,unroll_2,pipeline_1,pipeline_1,unroll_16,unroll_2,pipeline_1,unroll_2,unroll_32,pipeline_1,unroll_2,unroll_8,pipeline_1,pipeline_1,pipeline_1,pipeline_1,unroll_2,pipeline_1,unroll_16,unroll_2,pipeline_1,pipeline_1,unroll_8,pipeline_1,pipeline_1,unroll_8,unroll_8,pipeline_1,unroll_2,pipeline_1,unroll_16,pipeline_1,unroll_4,1,48.25,0.235861670104,False
workload_657.cpp,xczu7ev-ffvc1156-2-e,10,85.59306,2918,9,28,29,76,block_4_1,block_16_1,block_16_1,block_8_1,cyclic_4_1,pipeline_1,unroll_8,unroll_16,unroll_2,pipeline_1,pipeline_1,unroll_16,unroll_8,pipeline_1,unroll_8,pipeline_1,unroll_2,pipeline_1,unroll_2,unroll_64,unroll_4,unroll_2,unroll_16,pipeline_1,pipeline_1,pipeline_1,pipeline_1,unroll_2,pipeline_1,unroll_2,unroll_2,pipeline_1,unroll_8,unroll_8,unroll_16,unroll_8,unroll_2,unroll_8,pipeline_1,unroll_2,pipeline_1,pipeline_1,pipeline_1,pipeline_1,1,35.5,0.405603258898,False
workload_857.cpp,xczu7ev-ffvc1156-2-e,10,447.64604,935,6,3,16,37,block_4_1,block_16_1,block_16_1,block_8_1,cyclic_4_1,pipeline_1,unroll_8,unroll_16,unroll_2,pipeline_1,unroll_16,unroll_16,unroll_2,unroll_2,pipeline_1,pipeline_1,unroll_4,pipeline_1,unroll_2,unroll_64,pipeline_1,unroll_2,unroll_16,pipeline_1,pipeline_1,unroll_16,pipeline_1,unroll_4,pipeline_1,unroll_16,unroll_2,pipeline_1,pipeline_1,unroll_8,pipeline_1,unroll_2,unroll_4,unroll_8,pipeline_1,pipeline_1,pipeline_1,unroll_16,unroll_8,pipeline_1,1,15.5,0.663617578363,False
workload_696.cpp,xczu7ev-ffvc1156-2-e,10,449.98604,2947,6,3,14,29,block_4_1,block_16_1,block_16_1,block_8_1,cyclic_4_1,pipeline_1,unroll_8,unroll_16,unroll_2,pipeline_1,unroll_16,unroll_4,unroll_2,unroll_2,pipeline_1,unroll_8,unroll_4,pipeline_1,unroll_2,unroll_64,pipeline_1,unroll_2,unroll_16,pipeline_1,pipeline_1,unroll_8,pipeline_1,unroll_4,pipeline_1,unroll_2,unroll_2,pipeline_1,pipeline_1,unroll_8,unroll_4,unroll_2,unroll_4,unroll_8,pipeline_1,pipeline_1,pipeline_1,unroll_16,unroll_8,unroll_4,1,13,0.683407940512,False
workload_926.cpp,xczu7ev-ffvc1156-2-e,10,450.07604,835,6,3,16,36,block_4_1,block_16_1,block_16_1,block_8_1,cyclic_4_1,pipeline_1,unroll_8,unroll_16,unroll_2,pipeline_1,unroll_16,unroll_4,unroll_2,unroll_2,pipeline_1,unroll_8,unroll_4,pipeline_1,unroll_2,unroll_64,unroll_16,unroll_2,unroll_16,pipeline_1,pipeline_1,unroll_8,pipeline_1,unroll_4,pipeline_1,unroll_16,unroll_2,pipeline_1,pipeline_1,unroll_8,unroll_4,unroll_2,unroll_4,unroll_8,pipeline_1,pipeline_1,pipeline_1,unroll_16,unroll_8,unroll_4,1,15.25,0.662754125992,False
workload_632.cpp,xczu7ev-ffvc1156-2-e,10,52.69292,2401,6,32,31,73,block_4_1,block_16_1,block_16_1,block_8_1,cyclic_4_1,pipeline_1,unroll_8,unroll_16,unroll_2,pipeline_1,unroll_8,unroll_16,unroll_2,pipeline_1,pipeline_1,unroll_16,unroll_2,pipeline_1,unroll_2,unroll_32,unroll_2,unroll_2,unroll_16,pipeline_1,pipeline_1,pipeline_1,pipeline_1,unroll_2,pipeline_1,unroll_16,unroll_2,pipeline_1,pipeline_1,unroll_8,unroll_4,pipeline_1,unroll_4,unroll_4,pipeline_1,unroll_2,pipeline_1,pipeline_1,unroll_8,unroll_4,1,35.5,1,True
workload_684.cpp,xczu7ev-ffvc1156-2-e,10,55.66524,2578,6,32,30,72,block_4_1,block_16_1,block_16_1,block_8_1,cyclic_4_1,pipeline_1,unroll_8,unroll_16,unroll_2,pipeline_1,unroll_8,unroll_16,unroll_2,pipeline_1,pipeline_1,unroll_16,unroll_2,pipeline_1,unroll_2,unroll_64,pipeline_1,unroll_2,unroll_16,pipeline_1,pipeline_1,pipeline_1,pipeline_1,unroll_2,pipeline_1,unroll_16,unroll_2,pipeline_1,unroll_2,unroll_8,unroll_4,pipeline_1,unroll_8,unroll_4,pipeline_1,unroll_2,pipeline_1,pipeline_1,pipeline_1,unroll_4,1,35,1,True
workload_595.cpp,xczu7ev-ffvc1156-2-e,10,85.46728,2880,6,29,27,72,block_4_1,block_16_1,block_16_1,block_8_1,cyclic_4_1,pipeline_1,unroll_8,unroll_16,unroll_2,pipeline_1,unroll_8,unroll_16,unroll_2,pipeline_1,pipeline_1,unroll_16,unroll_2,pipeline_1,unroll_2,unroll_64,unroll_2,unroll_2,unroll_8,pipeline_1,pipeline_1,pipeline_1,pipeline_1,unroll_2,unroll_4,unroll_16,unroll_2,pipeline_1,pipeline_1,unroll_8,unroll_4,unroll_2,unroll_4,unroll_8,unroll_16,unroll_2,pipeline_1,pipeline_1,unroll_8,unroll_4,1,33.5,0.458457235249,False
workload_945.cpp,xczu7ev-ffvc1156-2-e,10,52.41224,2612,9,36,32,76,block_4_1,block_16_1,block_16_1,block_8_1,cyclic_4_1,pipeline_1,unroll_8,unroll_16,unroll_2,pipeline_1,unroll_8,unroll_4,unroll_2,pipeline_1,pipeline_1,unroll_16,unroll_2,pipeline_1,unroll_2,unroll_32,pipeline_1,unroll_2,unroll_16,pipeline_1,pipeline_1,pipeline_1,pipeline_1,unroll_2,pipeline_1,unroll_2,unroll_2,pipeline_1,pipeline_1,unroll_8,unroll_4,pipeline_1,unroll_4,unroll_8,pipeline_1,unroll_2,pipeline_1,unroll_16,pipeline_1,unroll_4,1,38.25,0.368845056864,False
workload_643.cpp,xczu7ev-ffvc1156-2-e,10,52.41224,2598,9,36,32,76,block_4_1,block_16_1,block_16_1,block_8_1,cyclic_4_1,pipeline_1,unroll_8,unroll_16,unroll_2,pipeline_1,unroll_8,unroll_4,unroll_2,pipeline_1,pipeline_1,unroll_16,unroll_2,pipeline_1,unroll_2,unroll_32,unroll_16,unroll_2,unroll_16,pipeline_1,pipeline_1,pipeline_1,pipeline_1,unroll_2,pipeline_1,unroll_16,unroll_2,pipeline_1,pipeline_1,unroll_8,unroll_4,pipeline_1,unroll_4,unroll_8,pipeline_1,unroll_2,pipeline_1,unroll_16,pipeline_1,unroll_4,1,38.25,0.368845056864,False
workload_882.cpp,xczu7ev-ffvc1156-2-e,10,52.41224,2595,9,37,32,77,block_4_1,block_16_1,block_16_1,block_8_1,cyclic_4_1,pipeline_1,unroll_8,unroll_16,unroll_2,pipeline_1,unroll_8,unroll_4,unroll_2,pipeline_1,pipeline_1,unroll_16,unroll_2,pipeline_1,unroll_2,unroll_32,unroll_16,unroll_2,unroll_16,pipeline_1,pipeline_1,pipeline_1,pipeline_1,unroll_2,pipeline_1,unroll_4,unroll_2,pipeline_1,pipeline_1,unroll_8,unroll_4,pipeline_1,unroll_4,unroll_8,pipeline_1,unroll_2,pipeline_1,unroll_16,pipeline_1,unroll_4,1,38.75,0.35491530088,False
workload_856.cpp,xczu7ev-ffvc1156-2-e,10,54.79724,2690,9,36,32,75,block_4_1,block_16_1,block_16_1,block_8_1,cyclic_4_1,pipeline_1,unroll_8,unroll_16,unroll_2,pipeline_1,unroll_8,unroll_4,unroll_2,pipeline_1,unroll_2,unroll_16,unroll_2,pipeline_1,unroll_2,unroll_32,unroll_4,unroll_2,unroll_16,pipeline_1,pipeline_1,pipeline_1,unroll_8,unroll_2,pipeline_1,unroll_16,unroll_2,pipeline_1,pipeline_1,unroll_8,unroll_4,pipeline_1,unroll_4,unroll_8,pipeline_1,unroll_2,pipeline_1,unroll_16,pipeline_1,unroll_4,1,38,0.376504628116,False
workload_941.cpp,xczu7ev-ffvc1156-2-e,10,54.37484,2414,9,38,33,77,block_4_1,block_16_1,block_16_1,block_8_1,cyclic_4_1,pipeline_1,unroll_8,unroll_16,unroll_2,pipeline_1,unroll_8,unroll_4,unroll_2,pipeline_1,unroll_2,unroll_16,unroll_4,pipeline_1,unroll_2,unroll_32,unroll_4,unroll_2,unroll_16,pipeline_1,pipeline_1,pipeline_1,unroll_8,unroll_2,unroll_4,unroll_16,unroll_2,pipeline_1,pipeline_1,unroll_8,unroll_4,pipeline_1,unroll_8,unroll_8,pipeline_1,unroll_2,pipeline_1,unroll_16,pipeline_1,unroll_4,1,39.25,0.349046808251,False
workload_737.cpp,xczu7ev-ffvc1156-2-e,10,52.67056,2858,5,48,36,88,block_4_1,block_16_1,block_16_1,block_8_1,cyclic_4_1,unroll_2,pipeline_1,unroll_16,unroll_16,pipeline_1,unroll_8,unroll_16,pipeline_1,pipeline_1,unroll_4,pipeline_1,unroll_2,pipeline_1,unroll_2,unroll_32,pipeline_1,unroll_2,unroll_8,pipeline_1,pipeline_1,unroll_16,pipeline_1,unroll_4,pipeline_1,unroll_2,unroll_2,pipeline_1,pipeline_1,unroll_8,pipeline_1,pipeline_1,unroll_4,unroll_8,pipeline_1,unroll_2,pipeline_1,unroll_16,unroll_8,pipeline_1,1,44.25,0.299446427793,False
workload_835.cpp,xczu7ev-ffvc1156-2-e,10,52.49108,3126,6,40,35,89,block_4_1,block_16_1,block_16_1,block_8_1,cyclic_4_1,unroll_2,unroll_4,unroll_16,unroll_2,pipeline_1,unroll_8,unroll_4,pipeline_1,pipeline_1,pipeline_1,unroll_16,unroll_2,pipeline_1,unroll_2,unroll_64,unroll_16,unroll_2,unroll_16,pipeline_1,unroll_2,unroll_16,pipeline_1,pipeline_1,pipeline_1,unroll_16,unroll_2,pipeline_1,pipeline_1,unroll_8,pipeline_1,pipeline_1,pipeline_1,pipeline_1,pipeline_1,unroll_2,pipeline_1,unroll_2,pipeline_1,unroll_4,1,42.5,0.320750643411,False
workload_876.cpp,xczu7ev-ffvc1156-2-e,10,85.21314,2676,6,39,30,76,block_4_1,block_16_1,block_16_1,block_8_1,cyclic_4_1,unroll_2,unroll_8,unroll_16,unroll_16,pipeline_1,pipeline_1,unroll_16,unroll_8,pipeline_1,unroll_4,pipeline_1,unroll_4,pipeline_1,unroll_2,unroll_64,unroll_16,unroll_2,unroll_16,pipeline_1,pipeline_1,unroll_16,pipeline_1,unroll_2,pipeline_1,unroll_16,unroll_2,pipeline_1,unroll_2,unroll_8,unroll_4,unroll_2,unroll_4,unroll_8,pipeline_1,unroll_2,pipeline_1,unroll_16,pipeline_1,pipeline_1,1,37.75,0.372562508192,False
workload_808.cpp,xczu7ev-ffvc1156-2-e,10,52.08636,2546,8,45,34,82,block_4_1,block_16_1,block_16_1,block_8_1,cyclic_4_1,unroll_2,unroll_8,unroll_16,unroll_16,pipeline_1,unroll_8,unroll_16,pipeline_1,pipeline_1,unroll_4,pipeline_1,unroll_2,pipeline_1,unroll_2,unroll_64,pipeline_1,unroll_2,unroll_16,pipeline_1,pipeline_1,unroll_16,pipeline_1,unroll_2,pipeline_1,unroll_16,unroll_2,pipeline_1,unroll_2,unroll_8,pipeline_1,pipeline_1,unroll_8,unroll_8,pipeline_1,unroll_2,pipeline_1,unroll_16,pipeline_1,pipeline_1,1,42.25,0.325711926337,False
workload_770.cpp,xczu7ev-ffvc1156-2-e,10,52.5182,3275,6,34,32,84,block_4_1,block_16_1,block_16_1,block_8_1,cyclic_4_1,unroll_2,unroll_8,unroll_16,unroll_2,pipeline_1,unroll_8,unroll_4,unroll_2,pipeline_1,pipeline_1,unroll_16,unroll_2,pipeline_1,unroll_2,unroll_32,unroll_16,unroll_2,unroll_16,pipeline_1,unroll_2,pipeline_1,pipeline_1,unroll_2,pipeline_1,unroll_16,unroll_2,pipeline_1,pipeline_1,unroll_8,pipeline_1,pipeline_1,pipeline_1,pipeline_1,pipeline_1,unroll_2,pipeline_1,unroll_16,pipeline_1,unroll_4,1,39,0.348113138725,False
workload_488.cpp,xczu7ev-ffvc1156-2-e,10,58.5966,2317,8,39,34,79,block_4_1,block_16_1,block_16_1,block_8_1,cyclic_4_1,unroll_4,pipeline_1,unroll_16,unroll_2,pipeline_1,pipeline_1,unroll_4,pipeline_1,pipeline_1,unroll_8,unroll_16,unroll_2,pipeline_1,unroll_2,unroll_64,unroll_2,unroll_2,unroll_8,pipeline_1,unroll_2,unroll_16,pipeline_1,unroll_2,pipeline_1,unroll_16,unroll_2,pipeline_1,unroll_2,unroll_8,pipeline_1,pipeline_1,unroll_4,unroll_4,unroll_16,unroll_2,pipeline_1,pipeline_1,unroll_8,pipeline_1,1,40,0.350124163464,False
workload_911.cpp,xczu7ev-ffvc1156-2-e,10,646.45524,2477,6,4,25,94,block_4_1,block_16_1,block_16_1,block_8_1,cyclic_64_1,pipeline_1,pipeline_1,unroll_16,unroll_2,pipeline_1,pipeline_1,unroll_16,unroll_4,unroll_2,unroll_8,pipeline_1,unroll_2,pipeline_1,unroll_2,unroll_32,unroll_4,unroll_2,unroll_16,pipeline_1,unroll_2,unroll_8,pipeline_1,unroll_2,unroll_4,unroll_2,unroll_2,pipeline_1,pipeline_1,unroll_8,unroll_4,unroll_2,unroll_4,unroll_8,unroll_16,pipeline_1,unroll_16,unroll_16,unroll_8,pipeline_1,1,32.25,0.169747088048,False
workload_695.cpp,xczu7ev-ffvc1156-2-e,10,268.89116,1816,6,20,35,84,block_4_1,block_16_1,block_16_1,cyclic_128_1,cyclic_4_1,pipeline_1,unroll_8,unroll_16,unroll_2,pipeline_1,unroll_8,unroll_4,unroll_2,unroll_4,pipeline_1,unroll_4,unroll_4,pipeline_1,unroll_2,unroll_32,unroll_16,unroll_2,unroll_16,pipeline_1,unroll_4,pipeline_1,pipeline_1,unroll_2,pipeline_1,unroll_16,unroll_2,pipeline_1,pipeline_1,unroll_8,unroll_4,pipeline_1,unroll_4,unroll_8,pipeline_1,unroll_2,pipeline_1,unroll_16,pipeline_1,unroll_4,1,36.25,0.329438682925,False
workload_682.cpp,xczu7ev-ffvc1156-2-e,10,87.85164,2811,2,28,25,71,block_4_1,block_16_1,block_16_1,cyclic_16_1,cyclic_32_1,pipeline_1,unroll_8,unroll_16,unroll_16,pipeline_1,unroll_16,unroll_16,unroll_4,pipeline_1,unroll_8,pipeline_1,unroll_4,pipeline_1,unroll_2,unroll_64,unroll_2,unroll_2,unroll_16,pipeline_1,pipeline_1,unroll_16,pipeline_1,unroll_2,unroll_4,unroll_16,unroll_8,pipeline_1,unroll_8,unroll_8,pipeline_1,unroll_8,unroll_8,unroll_4,pipeline_1,unroll_2,pipeline_1,unroll_16,unroll_8,pipeline_1,1,31.5,0.483528107176,False
workload_545.cpp,xczu7ev-ffvc1156-2-e,10,87.82214,2991,6,28,27,73,block_4_1,block_16_1,block_16_1,cyclic_16_1,cyclic_4_1,pipeline_1,unroll_8,unroll_16,unroll_16,pipeline_1,unroll_8,unroll_16,unroll_8,pipeline_1,unroll_4,unroll_16,unroll_4,pipeline_1,unroll_2,unroll_64,unroll_2,unroll_2,unroll_16,pipeline_1,pipeline_1,pipeline_1,pipeline_1,unroll_2,unroll_4,unroll_2,unroll_2,pipeline_1,unroll_8,unroll_8,pipeline_1,unroll_8,unroll_4,unroll_8,unroll_16,unroll_2,pipeline_1,unroll_16,pipeline_1,unroll_4,1,33.5,0.457427433484,False
workload_579.cpp,xczu7ev-ffvc1156-2-e,10,87.81794,3258,6,28,27,74,block_4_1,block_16_1,block_16_1,cyclic_16_1,cyclic_4_1,pipeline_1,unroll_8,unroll_16,unroll_16,pipeline_1,unroll_8,unroll_16,unroll_8,pipeline_1,unroll_4,unroll_16,unroll_4,pipeline_1,unroll_2,unroll_64,unroll_2,unroll_2,unroll_16,pipeline_1,pipeline_1,pipeline_1,pipeline_1,unroll_2,unroll_8,unroll_2,unroll_2,pipeline_1,unroll_8,unroll_8,pipeline_1,unroll_8,unroll_4,unroll_8,unroll_16,unroll_2,pipeline_1,unroll_16,pipeline_1,unroll_4,1,33.75,0.452086425352,False
workload_387.cpp,xczu7ev-ffvc1156-2-e,10,90.74714,2925,6,28,26,71,block_4_1,block_16_1,block_16_1,cyclic_16_1,cyclic_4_1,pipeline_1,unroll_8,unroll_16,unroll_16,pipeline_1,unroll_8,unroll_16,unroll_8,pipeline_1,unroll_4,unroll_8,unroll_4,pipeline_1,unroll_2,unroll_64,unroll_2,unroll_2,unroll_16,pipeline_1,pipeline_1,pipeline_1,pipeline_1,unroll_2,unroll_4,unroll_2,unroll_2,pipeline_1,unroll_8,unroll_8,pipeline_1,unroll_8,unroll_4,unroll_8,unroll_16,unroll_2,pipeline_1,unroll_16,pipeline_1,unroll_4,1,32.75,0.466403711902,False
workload_604.cpp,xczu7ev-ffvc1156-2-e,10,88.77794,3239,6,28,28,76,block_4_1,block_16_1,block_16_1,cyclic_16_1,cyclic_4_1,pipeline_1,unroll_8,unroll_16,unroll_2,pipeline_1,unroll_8,unroll_16,unroll_8,pipeline_1,unroll_4,unroll_16,unroll_4,pipeline_1,unroll_2,unroll_64,unroll_2,unroll_2,unroll_16,pipeline_1,pipeline_1,pipeline_1,pipeline_1,unroll_2,unroll_8,unroll_2,unroll_2,unroll_16,unroll_8,unroll_8,pipeline_1,unroll_8,unroll_4,unroll_8,unroll_16,unroll_2,pipeline_1,unroll_16,unroll_4,unroll_4,1,34.5,0.430048218038,False
workload_702.cpp,xczu7ev-ffvc1156-2-e,10,84.7719,2880,2,48,30,79,block_4_1,block_16_1,block_16_1,cyclic_16_1,cyclic_4_1,unroll_2,pipeline_1,unroll_16,unroll_16,pipeline_1,pipeline_1,unroll_16,unroll_8,pipeline_1,unroll_4,pipeline_1,unroll_4,pipeline_1,unroll_2,unroll_64,unroll_2,unroll_2,unroll_16,pipeline_1,pipeline_1,pipeline_1,pipeline_1,unroll_2,pipeline_1,unroll_2,unroll_2,pipeline_1,pipeline_1,unroll_8,pipeline_1,unroll_2,unroll_8,unroll_8,pipeline_1,unroll_2,pipeline_1,unroll_2,unroll_8,pipeline_1,1,39.75,0.343879285982,False
workload_855.cpp,xczu7ev-ffvc1156-2-e,10,84.7719,2510,2,48,30,80,block_4_1,block_16_1,block_16_1,cyclic_16_1,cyclic_4_1,unroll_2,pipeline_1,unroll_16,unroll_16,pipeline_1,unroll_8,unroll_4,unroll_8,pipeline_1,unroll_4,pipeline_1,unroll_4,pipeline_1,unroll_2,unroll_64,unroll_2,unroll_2,unroll_16,pipeline_1,pipeline_1,pipeline_1,pipeline_1,unroll_2,pipeline_1,unroll_2,unroll_2,pipeline_1,pipeline_1,unroll_8,pipeline_1,unroll_2,unroll_8,unroll_8,pipeline_1,unroll_2,pipeline_1,unroll_2,unroll_8,pipeline_1,1,40,0.341867891824,False
workload_728.cpp,xczu7ev-ffvc1156-2-e,10,85.47812,2414,8,28,24,69,block_4_1,block_16_1,block_16_1,cyclic_16_1,cyclic_4_1,unroll_2,unroll_8,unroll_16,unroll_16,pipeline_1,unroll_8,unroll_4,pipeline_1,pipeline_1,unroll_8,unroll_8,unroll_4,pipeline_1,unroll_2,unroll_64,unroll_2,unroll_2,unroll_16,pipeline_1,pipeline_1,unroll_16,pipeline_1,unroll_2,unroll_4,unroll_2,unroll_8,pipeline_1,unroll_16,unroll_8,pipeline_1,unroll_8,unroll_4,unroll_8,unroll_16,unroll_2,pipeline_1,unroll_16,pipeline_1,pipeline_1,1,32.25,0.475718907735,False
workload_473.cpp,xczu7ev-ffvc1156-2-e,10,91.07242,2921,6,29,27,74,block_4_1,block_16_1,block_16_1,cyclic_16_1,cyclic_4_1,unroll_4,unroll_8,unroll_16,unroll_16,pipeline_1,unroll_8,unroll_16,unroll_8,pipeline_1,unroll_4,unroll_8,unroll_4,pipeline_1,unroll_2,unroll_64,unroll_2,unroll_2,unroll_8,pipeline_1,pipeline_1,pipeline_1,pipeline_1,unroll_2,unroll_4,unroll_2,unroll_2,pipeline_1,unroll_8,unroll_8,pipeline_1,unroll_8,unroll_4,pipeline_1,unroll_16,unroll_2,pipeline_1,unroll_16,pipeline_1,pipeline_1,1,34,0.444739469029,False
workload_569.cpp,xczu7ev-ffvc1156-2-e,10,457.16503,1593,8,7,23,56,block_4_1,block_16_1,block_16_1,cyclic_32_1,block_4_1,unroll_2,unroll_8,unroll_16,unroll_16,pipeline_1,pipeline_1,unroll_4,pipeline_1,unroll_2,unroll_2,unroll_4,unroll_2,pipeline_1,unroll_4,unroll_64,unroll_4,unroll_2,unroll_16,unroll_2,unroll_2,unroll_2,unroll_8,unroll_2,pipeline_1,unroll_2,unroll_4,pipeline_1,unroll_16,unroll_8,pipeline_1,pipeline_1,pipeline_1,unroll_8,pipeline_1,unroll_2,unroll_8,unroll_2,pipeline_1,pipeline_1,1,23.5,0.469832892014,False
workload_958.cpp,xczu7ev-ffvc1156-2-e,10,87.94444,2650,2,28,25,66,block_4_1,block_16_1,block_16_1,cyclic_32_1,cyclic_32_1,pipeline_1,pipeline_1,unroll_16,unroll_16,pipeline_1,unroll_16,unroll_16,unroll_4,pipeline_1,unroll_8,pipeline_1,unroll_2,pipeline_1,unroll_2,unroll_64,unroll_2,unroll_2,unroll_16,pipeline_1,pipeline_1,unroll_16,pipeline_1,unroll_4,unroll_4,unroll_16,unroll_2,pipeline_1,pipeline_1,unroll_8,unroll_4,unroll_2,unroll_8,unroll_8,unroll_16,unroll_2,pipeline_1,unroll_16,unroll_8,pipeline_1,1,30.25,1,True
workload_934.cpp,xczu7ev-ffvc1156-2-e,10,54.90488,2757,2,40,36,82,block_4_1,block_16_1,block_16_1,cyclic_32_1,cyclic_32_1,pipeline_1,pipeline_1,unroll_16,unroll_16,pipeline_1,unroll_16,unroll_4,unroll_4,pipeline_1,unroll_4,pipeline_1,unroll_4,pipeline_1,unroll_2,unroll_64,unroll_16,unroll_2,unroll_8,pipeline_1,pipeline_1,unroll_16,pipeline_1,unroll_2,pipeline_1,unroll_16,unroll_2,pipeline_1,unroll_8,unroll_8,pipeline_1,pipeline_1,unroll_4,unroll_8,pipeline_1,unroll_2,pipeline_1,pipeline_1,pipeline_1,pipeline_1,1,40,0.350136067576,False
workload_858.cpp,xczu7ev-ffvc1156-2-e,10,539.43208,1108,5,2,14,39,block_4_1,block_16_1,block_16_1,cyclic_32_1,cyclic_32_1,pipeline_1,pipeline_1,unroll_16,unroll_2,pipeline_1,unroll_8,unroll_4,unroll_2,unroll_2,pipeline_1,unroll_2,unroll_4,pipeline_1,unroll_2,unroll_64,pipeline_1,unroll_2,unroll_16,pipeline_1,pipeline_1,unroll_8,pipeline_1,unroll_4,pipeline_1,unroll_2,unroll_2,pipeline_1,pipeline_1,unroll_8,unroll_4,unroll_2,pipeline_1,unroll_8,pipeline_1,pipeline_1,pipeline_1,unroll_16,unroll_8,unroll_4,1,15,0.491996804293,False
workload_705.cpp,xczu7ev-ffvc1156-2-e,10,317.79952,1340,4,21,35,89,block_4_1,block_16_1,block_16_1,cyclic_32_1,cyclic_32_1,pipeline_1,unroll_8,unroll_16,unroll_16,pipeline_1,pipeline_1,unroll_4,unroll_4,unroll_2,unroll_4,pipeline_1,unroll_4,pipeline_1,unroll_2,unroll_64,unroll_16,unroll_2,unroll_16,unroll_2,pipeline_1,unroll_16,pipeline_1,unroll_2,unroll_4,unroll_16,unroll_8,pipeline_1,unroll_8,unroll_8,pipeline_1,pipeline_1,unroll_8,unroll_8,unroll_4,unroll_2,pipeline_1,unroll_16,pipeline_1,pipeline_1,1,37.25,0.294075694014,False
workload_786.cpp,xczu7ev-ffvc1156-2-e,10,87.69284,2573,2,28,25,67,block_4_1,block_16_1,block_16_1,cyclic_32_1,cyclic_32_1,pipeline_1,unroll_8,unroll_16,unroll_16,pipeline_1,unroll_16,unroll_16,unroll_4,pipeline_1,unroll_4,pipeline_1,unroll_4,pipeline_1,unroll_2,unroll_64,unroll_2,unroll_2,unroll_16,pipeline_1,pipeline_1,pipeline_1,pipeline_1,unroll_4,unroll_4,unroll_16,unroll_2,pipeline_1,pipeline_1,unroll_8,pipeline_1,unroll_2,unroll_8,unroll_8,unroll_16,unroll_2,pipeline_1,unroll_2,unroll_8,pipeline_1,1,30.5,1,True
workload_663.cpp,xczu7ev-ffvc1156-2-e,10,54.41664,2613,2,43,37,83,block_4_1,block_16_1,block_16_1,cyclic_32_1,cyclic_32_1,pipeline_1,unroll_8,unroll_16,unroll_16,pipeline_1,unroll_16,unroll_16,unroll_4,pipeline_1,unroll_4,pipeline_1,unroll_4,pipeline_1,unroll_2,unroll_64,unroll_2,unroll_2,unroll_16,pipeline_1,pipeline_1,unroll_16,pipeline_1,unroll_2,unroll_4,unroll_16,unroll_8,pipeline_1,unroll_8,unroll_8,pipeline_1,pipeline_1,unroll_8,unroll_4,pipeline_1,unroll_2,pipeline_1,pipeline_1,unroll_8,pipeline_1,1,41.25,0.330697463457,False
workload_822.cpp,xczu7ev-ffvc1156-2-e,10,54.38784,2488,2,43,37,83,block_4_1,block_16_1,block_16_1,cyclic_32_1,cyclic_32_1,pipeline_1,unroll_8,unroll_16,unroll_16,pipeline_1,unroll_16,unroll_16,unroll_4,pipeline_1,unroll_4,pipeline_1,unroll_4,pipeline_1,unroll_2,unroll_64,unroll_2,unroll_2,unroll_16,pipeline_1,pipeline_1,unroll_16,pipeline_1,unroll_4,unroll_4,unroll_16,unroll_2,pipeline_1,pipeline_1,unroll_8,unroll_4,pipeline_1,unroll_8,unroll_8,unroll_16,pipeline_1,pipeline_1,pipeline_1,unroll_8,pipeline_1,1,41.25,0.330692311851,False
workload_752.cpp,xczu7ev-ffvc1156-2-e,10,54.38784,2853,2,43,37,83,block_4_1,block_16_1,block_16_1,cyclic_32_1,cyclic_32_1,pipeline_1,unroll_8,unroll_16,unroll_16,pipeline_1,unroll_16,unroll_16,unroll_4,pipeline_1,unroll_4,pipeline_1,unroll_4,pipeline_1,unroll_2,unroll_64,unroll_2,unroll_2,unroll_16,pipeline_1,pipeline_1,unroll_16,pipeline_1,unroll_4,unroll_4,unroll_16,unroll_2,pipeline_1,pipeline_1,unroll_8,unroll_4,pipeline_1,unroll_8,unroll_8,unroll_16,unroll_2,pipeline_1,pipeline_1,unroll_8,pipeline_1,1,41.25,0.330692311851,False
workload_610.cpp,xczu7ev-ffvc1156-2-e,10,54.36284,2628,5,40,36,80,block_4_1,block_16_1,block_16_1,cyclic_32_1,cyclic_32_1,pipeline_1,unroll_8,unroll_16,unroll_16,pipeline_1,unroll_16,unroll_4,unroll_4,pipeline_1,unroll_4,pipeline_1,unroll_4,pipeline_1,unroll_2,unroll_64,unroll_16,unroll_2,unroll_16,pipeline_1,pipeline_1,unroll_16,pipeline_1,unroll_2,unroll_4,unroll_16,unroll_8,pipeline_1,unroll_8,unroll_8,pipeline_1,pipeline_1,unroll_8,unroll_8,pipeline_1,unroll_2,pipeline_1,unroll_16,pipeline_1,pipeline_1,1,40.25,0.350219816128,False
workload_740.cpp,xczu7ev-ffvc1156-2-e,10,54.41664,2571,2,54,40,90,block_4_1,block_16_1,block_16_1,cyclic_32_1,cyclic_32_1,pipeline_1,unroll_8,unroll_16,unroll_2,pipeline_1,unroll_16,unroll_16,unroll_4,pipeline_1,unroll_4,pipeline_1,unroll_4,pipeline_1,unroll_2,unroll_64,unroll_2,unroll_2,unroll_16,pipeline_1,pipeline_1,unroll_16,pipeline_1,unroll_2,unroll_4,unroll_16,unroll_2,pipeline_1,unroll_8,unroll_8,pipeline_1,pipeline_1,unroll_8,unroll_4,pipeline_1,unroll_2,pipeline_1,pipeline_1,unroll_2,pipeline_1,1,46.5,0.265379380071,False
workload_877.cpp,xczu7ev-ffvc1156-2-e,10,54.50844,2462,1,52,38,92,block_4_1,block_16_1,block_16_1,cyclic_32_1,cyclic_32_1,unroll_2,unroll_8,unroll_16,unroll_16,pipeline_1,pipeline_1,unroll_16,pipeline_1,pipeline_1,unroll_4,pipeline_1,unroll_4,pipeline_1,unroll_2,unroll_32,pipeline_1,unroll_2,unroll_8,pipeline_1,pipeline_1,unroll_16,pipeline_1,unroll_2,pipeline_1,unroll_2,unroll_8,pipeline_1,pipeline_1,unroll_8,pipeline_1,pipeline_1,unroll_8,unroll_8,pipeline_1,unroll_2,pipeline_1,unroll_16,unroll_8,pipeline_1,1,45.75,0.281524338629,False
workload_924.cpp,xczu7ev-ffvc1156-2-e,10,88.37943,2689,1,47,32,87,block_4_1,block_16_1,block_16_1,cyclic_32_1,cyclic_32_1,unroll_2,unroll_8,unroll_16,unroll_16,pipeline_1,pipeline_1,unroll_4,unroll_8,pipeline_1,pipeline_1,pipeline_1,unroll_4,pipeline_1,unroll_8,unroll_32,unroll_2,unroll_2,unroll_16,pipeline_1,pipeline_1,unroll_16,pipeline_1,unroll_2,pipeline_1,unroll_2,unroll_8,pipeline_1,pipeline_1,unroll_8,unroll_16,unroll_2,unroll_8,unroll_16,unroll_16,unroll_2,pipeline_1,unroll_16,pipeline_1,unroll_4,1,41.75,0.316151271559,False
workload_842.cpp,xczu7ev-ffvc1156-2-e,10,54.41228,2726,5,40,37,81,block_4_1,block_16_1,block_16_1,cyclic_32_1,cyclic_32_1,unroll_2,unroll_8,unroll_16,unroll_16,pipeline_1,unroll_16,unroll_4,unroll_4,pipeline_1,unroll_4,pipeline_1,unroll_4,pipeline_1,unroll_2,unroll_64,unroll_16,unroll_2,unroll_16,pipeline_1,pipeline_1,unroll_16,pipeline_1,unroll_2,unroll_4,unroll_16,unroll_8,pipeline_1,unroll_2,unroll_8,pipeline_1,pipeline_1,unroll_8,pipeline_1,pipeline_1,unroll_2,pipeline_1,unroll_16,pipeline_1,pipeline_1,1,40.75,0.343768258844,False
workload_878.cpp,xczu7ev-ffvc1156-2-e,10,85.54446,2640,4,30,26,74,block_4_1,block_16_1,block_16_1,cyclic_32_1,cyclic_32_1,unroll_2,unroll_8,unroll_16,unroll_16,pipeline_1,unroll_4,unroll_16,unroll_8,pipeline_1,pipeline_1,pipeline_1,unroll_4,pipeline_1,unroll_2,unroll_32,unroll_2,unroll_2,unroll_8,pipeline_1,pipeline_1,unroll_16,pipeline_1,unroll_2,pipeline_1,unroll_2,unroll_8,pipeline_1,pipeline_1,unroll_8,pipeline_1,unroll_2,unroll_8,unroll_16,unroll_16,unroll_2,pipeline_1,unroll_16,pipeline_1,pipeline_1,1,33.5,0.45842358218,False
workload_888.cpp,xczu7ev-ffvc1156-2-e,10,88.37943,2719,1,47,32,87,block_4_1,block_16_1,block_16_1,cyclic_32_1,cyclic_32_1,unroll_2,unroll_8,unroll_16,unroll_16,pipeline_1,unroll_4,unroll_4,unroll_8,pipeline_1,pipeline_1,pipeline_1,unroll_4,pipeline_1,unroll_8,unroll_32,unroll_2,unroll_2,unroll_16,pipeline_1,pipeline_1,unroll_16,pipeline_1,unroll_2,pipeline_1,unroll_2,unroll_8,pipeline_1,pipeline_1,unroll_8,unroll_4,unroll_2,unroll_8,unroll_16,unroll_16,unroll_2,pipeline_1,unroll_16,pipeline_1,pipeline_1,1,41.75,0.316151271559,False
workload_826.cpp,xczu7ev-ffvc1156-2-e,10,52.17636,2628,4,49,38,90,block_4_1,block_16_1,block_16_1,cyclic_32_1,cyclic_32_1,unroll_2,unroll_8,unroll_16,unroll_16,pipeline_1,unroll_8,unroll_16,pipeline_1,pipeline_1,pipeline_1,pipeline_1,unroll_4,pipeline_1,unroll_2,unroll_32,unroll_2,unroll_2,unroll_8,pipeline_1,pipeline_1,unroll_16,pipeline_1,unroll_2,pipeline_1,unroll_2,unroll_8,pipeline_1,pipeline_1,unroll_8,pipeline_1,pipeline_1,unroll_8,unroll_16,pipeline_1,unroll_2,pipeline_1,unroll_16,unroll_8,pipeline_1,1,45.25,0.289322975106,False
workload_957.cpp,xczu7ev-ffvc1156-2-e,10,85.98396,2688,1,40,28,80,block_4_1,block_16_1,block_16_1,cyclic_32_1,cyclic_32_1,unroll_2,unroll_8,unroll_16,unroll_16,pipeline_1,unroll_8,unroll_4,pipeline_1,pipeline_1,pipeline_1,pipeline_1,unroll_4,pipeline_1,unroll_2,unroll_32,pipeline_1,unroll_2,unroll_8,pipeline_1,unroll_2,unroll_16,pipeline_1,unroll_2,pipeline_1,unroll_2,unroll_8,pipeline_1,pipeline_1,unroll_8,pipeline_1,unroll_2,unroll_4,unroll_8,pipeline_1,unroll_2,pipeline_1,unroll_16,unroll_8,pipeline_1,1,37.25,0.379063192216,False
workload_776.cpp,xczu7ev-ffvc1156-2-e,10,54.50844,2698,1,52,38,92,block_4_1,block_16_1,block_16_1,cyclic_32_1,cyclic_32_1,unroll_2,unroll_8,unroll_16,unroll_16,pipeline_1,unroll_8,unroll_4,pipeline_1,pipeline_1,unroll_4,pipeline_1,unroll_4,pipeline_1,unroll_2,unroll_32,pipeline_1,unroll_2,unroll_8,pipeline_1,pipeline_1,unroll_16,pipeline_1,unroll_2,pipeline_1,unroll_2,unroll_8,pipeline_1,pipeline_1,unroll_8,pipeline_1,pipeline_1,unroll_8,unroll_8,pipeline_1,unroll_2,pipeline_1,unroll_16,unroll_8,pipeline_1,1,45.75,0.281524338629,False
workload_883.cpp,xczu7ev-ffvc1156-2-e,10,54.50844,2686,1,52,38,92,block_4_1,block_16_1,block_16_1,cyclic_32_1,cyclic_32_1,unroll_2,unroll_8,unroll_16,unroll_16,pipeline_1,unroll_8,unroll_4,pipeline_1,pipeline_1,unroll_4,pipeline_1,unroll_4,pipeline_1,unroll_2,unroll_32,pipeline_1,unroll_2,unroll_8,pipeline_1,pipeline_1,unroll_16,pipeline_1,unroll_4,pipeline_1,unroll_2,unroll_8,pipeline_1,pipeline_1,unroll_8,pipeline_1,pipeline_1,unroll_8,unroll_8,pipeline_1,unroll_2,pipeline_1,unroll_16,unroll_8,pipeline_1,1,45.75,0.281524338629,False
workload_937.cpp,xczu7ev-ffvc1156-2-e,10,85.14174,2659,2,48,31,81,block_4_1,block_16_1,block_16_1,cyclic_32_1,cyclic_4_1,pipeline_1,pipeline_1,unroll_16,unroll_16,pipeline_1,unroll_16,unroll_16,unroll_8,pipeline_1,unroll_8,pipeline_1,unroll_2,pipeline_1,unroll_2,unroll_64,unroll_2,unroll_2,unroll_16,pipeline_1,pipeline_1,unroll_16,pipeline_1,unroll_2,pipeline_1,unroll_16,unroll_2,pipeline_1,pipeline_1,unroll_8,pipeline_1,unroll_2,unroll_4,unroll_8,pipeline_1,unroll_2,pipeline_1,unroll_2,unroll_8,pipeline_1,1,40.5,0.336269136574,False
workload_799.cpp,xczu7ev-ffvc1156-2-e,10,85.12674,2843,5,30,26,70,block_4_1,block_16_1,block_16_1,cyclic_32_1,cyclic_4_1,pipeline_1,pipeline_1,unroll_16,unroll_16,pipeline_1,unroll_8,unroll_16,unroll_8,pipeline_1,unroll_4,pipeline_1,unroll_4,pipeline_1,unroll_2,unroll_64,unroll_16,unroll_2,unroll_16,pipeline_1,pipeline_1,unroll_16,pipeline_1,unroll_2,pipeline_1,unroll_16,unroll_8,pipeline_1,unroll_2,unroll_8,unroll_4,unroll_2,unroll_4,unroll_8,unroll_16,unroll_2,pipeline_1,unroll_16,pipeline_1,pipeline_1,1,32.75,0.467479968723,False
workload_818.cpp,xczu7ev-ffvc1156-2-e,10,51.66548,2684,6,46,37,86,block_4_1,block_16_1,block_16_1,cyclic_32_1,cyclic_4_1,pipeline_1,pipeline_1,unroll_16,unroll_2,pipeline_1,unroll_8,unroll_4,unroll_2,pipeline_1,pipeline_1,unroll_16,unroll_2,pipeline_1,unroll_2,unroll_32,unroll_16,unroll_2,unroll_8,pipeline_1,pipeline_1,pipeline_1,pipeline_1,unroll_2,pipeline_1,unroll_16,unroll_2,pipeline_1,pipeline_1,unroll_8,unroll_4,pipeline_1,unroll_4,unroll_8,pipeline_1,unroll_2,pipeline_1,unroll_16,pipeline_1,unroll_4,1,43.75,0.305531467612,False
workload_867.cpp,xczu7ev-ffvc1156-2-e,10,48.94126,2734,4,57,41,92,block_4_1,block_16_1,block_16_1,cyclic_32_1,cyclic_4_1,pipeline_1,unroll_8,unroll_16,pipeline_1,pipeline_1,pipeline_1,unroll_4,unroll_8,pipeline_1,pipeline_1,pipeline_1,unroll_4,pipeline_1,unroll_2,unroll_64,pipeline_1,unroll_2,unroll_8,pipeline_1,pipeline_1,unroll_16,pipeline_1,unroll_2,pipeline_1,unroll_16,unroll_2,pipeline_1,pipeline_1,unroll_8,unroll_16,pipeline_1,unroll_8,unroll_8,pipeline_1,unroll_2,pipeline_1,unroll_16,pipeline_1,pipeline_1,1,48.5,0.235515081159,False
workload_930.cpp,xczu7ev-ffvc1156-2-e,10,227.43178,746,8,21,23,45,block_4_1,block_16_1,block_16_1,cyclic_32_1,cyclic_4_1,pipeline_1,unroll_8,unroll_16,pipeline_1,pipeline_1,pipeline_1,unroll_4,unroll_8,unroll_2,unroll_2,pipeline_1,unroll_2,pipeline_1,unroll_2,unroll_64,unroll_4,unroll_2,unroll_8,pipeline_1,pipeline_1,unroll_8,unroll_8,unroll_2,pipeline_1,unroll_2,unroll_2,pipeline_1,pipeline_1,unroll_8,unroll_16,pipeline_1,unroll_4,unroll_8,unroll_4,unroll_2,pipeline_1,pipeline_1,pipeline_1,pipeline_1,1,24.25,1,True
workload_955.cpp,xczu7ev-ffvc1156-2-e,10,85.13922,2683,6,28,26,68,block_4_1,block_16_1,block_16_1,cyclic_32_1,cyclic_4_1,pipeline_1,unroll_8,unroll_16,unroll_16,pipeline_1,pipeline_1,unroll_16,unroll_8,pipeline_1,unroll_4,pipeline_1,unroll_8,pipeline_1,unroll_2,unroll_32,pipeline_1,unroll_2,unroll_16,pipeline_1,pipeline_1,pipeline_1,pipeline_1,unroll_2,unroll_4,unroll_2,unroll_2,pipeline_1,unroll_16,unroll_8,unroll_2,unroll_2,unroll_4,unroll_16,pipeline_1,unroll_2,pipeline_1,unroll_16,pipeline_1,pipeline_1,1,32,0.483177489004,False
workload_891.cpp,xczu7ev-ffvc1156-2-e,10,51.32626,2797,4,57,41,92,block_4_1,block_16_1,block_16_1,cyclic_32_1,cyclic_4_1,pipeline_1,unroll_8,unroll_16,unroll_16,pipeline_1,pipeline_1,unroll_4,unroll_8,pipeline_1,pipeline_1,unroll_4,unroll_2,pipeline_1,unroll_2,unroll_64,unroll_16,unroll_2,unroll_8,pipeline_1,pipeline_1,unroll_2,pipeline_1,unroll_2,pipeline_1,unroll_16,unroll_2,pipeline_1,pipeline_1,unroll_8,unroll_16,pipeline_1,unroll_8,unroll_8,pipeline_1,unroll_2,pipeline_1,unroll_16,pipeline_1,pipeline_1,1,48.5,0.235910371625,False
workload_929.cpp,xczu7ev-ffvc1156-2-e,10,51.45164,2712,6,46,37,83,block_4_1,block_16_1,block_16_1,cyclic_32_1,cyclic_4_1,pipeline_1,unroll_8,unroll_16,unroll_16,pipeline_1,unroll_8,unroll_4,unroll_4,pipeline_1,unroll_8,pipeline_1,unroll_4,pipeline_1,unroll_2,unroll_64,unroll_16,unroll_2,unroll_16,pipeline_1,pipeline_1,unroll_16,pipeline_1,unroll_2,pipeline_1,unroll_16,unroll_2,pipeline_1,unroll_16,unroll_8,pipeline_1,pipeline_1,unroll_4,unroll_8,pipeline_1,unroll_2,pipeline_1,unroll_16,pipeline_1,pipeline_1,1,43,0.308352072444,False
workload_880.cpp,xczu7ev-ffvc1156-2-e,10,51.09284,2534,6,46,38,83,block_4_1,block_16_1,block_16_1,cyclic_32_1,cyclic_4_1,pipeline_1,unroll_8,unroll_16,unroll_16,pipeline_1,unroll_8,unroll_4,unroll_4,pipeline_1,unroll_8,pipeline_1,unroll_4,pipeline_1,unroll_2,unroll_64,unroll_16,unroll_2,unroll_16,pipeline_1,pipeline_1,unroll_16,pipeline_1,unroll_2,unroll_4,unroll_16,unroll_2,pipeline_1,unroll_16,unroll_8,pipeline_1,pipeline_1,unroll_8,unroll_8,pipeline_1,unroll_2,pipeline_1,unroll_16,pipeline_1,pipeline_1,1,43.25,0.305269022094,False
workload_704.cpp,xczu7ev-ffvc1156-2-e,10,83.20806,3251,4,29,26,73,block_4_1,block_16_1,block_16_1,cyclic_32_1,cyclic_4_1,pipeline_1,unroll_8,unroll_16,unroll_2,pipeline_1,pipeline_1,unroll_16,unroll_8,pipeline_1,pipeline_1,pipeline_1,unroll_4,pipeline_1,unroll_2,unroll_64,pipeline_1,unroll_2,unroll_16,pipeline_1,pipeline_1,pipeline_1,pipeline_1,unroll_2,pipeline_1,unroll_2,unroll_2,unroll_16,unroll_8,unroll_8,unroll_16,unroll_8,unroll_2,unroll_8,pipeline_1,unroll_2,pipeline_1,pipeline_1,pipeline_1,pipeline_1,1,33,0.459139075949,False
workload_923.cpp,xczu7ev-ffvc1156-2-e,10,48.93588,2828,5,55,39,91,block_4_1,block_16_1,block_16_1,cyclic_32_1,cyclic_4_1,unroll_2,pipeline_1,unroll_16,unroll_16,pipeline_1,unroll_8,unroll_16,pipeline_1,pipeline_1,pipeline_1,pipeline_1,unroll_4,pipeline_1,unroll_2,unroll_64,unroll_2,unroll_2,unroll_8,pipeline_1,pipeline_1,unroll_16,pipeline_1,unroll_2,pipeline_1,unroll_16,unroll_8,pipeline_1,pipeline_1,unroll_8,unroll_16,pipeline_1,unroll_8,unroll_8,unroll_16,unroll_2,pipeline_1,unroll_16,pipeline_1,pipeline_1,1,47.5,0.242853983194,False
workload_556.cpp,xczu7ev-ffvc1156-2-e,10,51.28504,2553,5,55,39,90,block_4_1,block_16_1,block_16_1,cyclic_32_1,cyclic_4_1,unroll_2,pipeline_1,unroll_16,unroll_16,pipeline_1,unroll_8,unroll_16,pipeline_1,pipeline_1,unroll_4,pipeline_1,unroll_2,pipeline_1,unroll_2,unroll_64,pipeline_1,unroll_2,unroll_8,pipeline_1,pipeline_1,unroll_16,pipeline_1,unroll_2,pipeline_1,unroll_16,unroll_2,pipeline_1,unroll_2,unroll_8,pipeline_1,pipeline_1,unroll_8,unroll_8,pipeline_1,unroll_2,pipeline_1,unroll_16,pipeline_1,pipeline_1,1,47.25,0.248597670611,False
workload_839.cpp,xczu7ev-ffvc1156-2-e,10,85.2096,2452,2,38,27,74,block_4_1,block_16_1,block_16_1,cyclic_32_1,cyclic_4_1,unroll_2,pipeline_1,unroll_16,unroll_16,pipeline_1,unroll_8,unroll_16,pipeline_1,pipeline_1,unroll_4,pipeline_1,unroll_2,pipeline_1,unroll_2,unroll_64,unroll_2,unroll_2,unroll_16,pipeline_1,pipeline_1,unroll_16,pipeline_1,unroll_2,pipeline_1,unroll_16,unroll_2,pipeline_1,pipeline_1,unroll_8,pipeline_1,unroll_2,unroll_4,unroll_8,pipeline_1,unroll_2,pipeline_1,unroll_16,unroll_8,pipeline_1,1,35.25,0.410264465631,False
workload_854.cpp,xczu7ev-ffvc1156-2-e,10,51.42664,2697,8,48,38,84,block_4_1,block_16_1,block_16_1,cyclic_32_1,cyclic_4_1,unroll_2,pipeline_1,unroll_16,unroll_16,pipeline_1,unroll_8,unroll_16,pipeline_1,pipeline_1,unroll_4,pipeline_1,unroll_4,pipeline_1,unroll_2,unroll_64,unroll_16,unroll_2,unroll_16,pipeline_1,pipeline_1,unroll_16,pipeline_1,unroll_2,pipeline_1,unroll_2,unroll_8,pipeline_1,unroll_2,unroll_8,unroll_4,pipeline_1,unroll_4,unroll_8,pipeline_1,unroll_2,unroll_16,unroll_16,unroll_8,pipeline_1,1,44.5,0.293695090333,False
workload_896.cpp,xczu7ev-ffvc1156-2-e,10,51.66828,2977,5,56,41,91,block_4_1,block_16_1,block_16_1,cyclic_32_1,cyclic_4_1,unroll_2,pipeline_1,unroll_16,unroll_16,pipeline_1,unroll_8,unroll_16,pipeline_1,pipeline_1,unroll_4,pipeline_1,unroll_4,pipeline_1,unroll_2,unroll_64,unroll_16,unroll_2,unroll_8,pipeline_1,pipeline_1,unroll_16,pipeline_1,unroll_2,pipeline_1,unroll_16,unroll_2,pipeline_1,pipeline_1,unroll_8,unroll_4,pipeline_1,unroll_4,unroll_8,pipeline_1,unroll_2,unroll_16,unroll_16,unroll_8,pipeline_1,1,48.25,0.2357908867,False
workload_587.cpp,xczu7ev-ffvc1156-2-e,10,59.22652,2472,8,50,38,89,block_4_1,block_16_1,block_16_1,cyclic_32_1,cyclic_4_1,unroll_2,pipeline_1,unroll_16,unroll_16,pipeline_1,unroll_8,unroll_16,pipeline_1,pipeline_1,unroll_4,unroll_4,unroll_2,pipeline_1,unroll_2,unroll_32,unroll_4,unroll_2,unroll_8,unroll_2,pipeline_1,unroll_16,unroll_8,unroll_2,pipeline_1,unroll_16,unroll_2,pipeline_1,unroll_2,unroll_8,pipeline_1,pipeline_1,unroll_8,unroll_8,pipeline_1,unroll_2,unroll_8,unroll_16,pipeline_1,pipeline_1,1,46.25,0.270562976348,False
workload_889.cpp,xczu7ev-ffvc1156-2-e,10,49.35658,3228,5,49,40,90,block_4_1,block_16_1,block_16_1,cyclic_32_1,cyclic_4_1,unroll_2,pipeline_1,unroll_16,unroll_16,pipeline_1,unroll_8,unroll_16,unroll_8,pipeline_1,pipeline_1,pipeline_1,unroll_4,pipeline_1,unroll_2,unroll_64,unroll_2,unroll_2,unroll_8,pipeline_1,pipeline_1,unroll_16,pipeline_1,unroll_2,pipeline_1,unroll_16,unroll_8,pipeline_1,pipeline_1,unroll_8,unroll_4,pipeline_1,unroll_4,unroll_16,unroll_16,unroll_2,pipeline_1,unroll_16,pipeline_1,pipeline_1,1,46,0.276250335371,False
workload_844.cpp,xczu7ev-ffvc1156-2-e,10,51.25022,2813,5,49,39,88,block_4_1,block_16_1,block_16_1,cyclic_32_1,cyclic_4_1,unroll_2,pipeline_1,unroll_16,unroll_16,pipeline_1,unroll_8,unroll_16,unroll_8,pipeline_1,unroll_4,pipeline_1,unroll_2,pipeline_1,unroll_2,unroll_64,pipeline_1,unroll_2,unroll_8,pipeline_1,pipeline_1,unroll_16,pipeline_1,unroll_2,pipeline_1,unroll_16,unroll_2,pipeline_1,unroll_2,unroll_8,pipeline_1,pipeline_1,unroll_8,unroll_16,pipeline_1,unroll_2,pipeline_1,unroll_16,pipeline_1,pipeline_1,1,45.25,0.28968316423,False
workload_668.cpp,xczu7ev-ffvc1156-2-e,10,84.95314,2899,3,32,25,71,block_4_1,block_16_1,block_16_1,cyclic_32_1,cyclic_4_1,unroll_2,pipeline_1,unroll_16,unroll_16,pipeline_1,unroll_8,unroll_16,unroll_8,pipeline_1,unroll_4,pipeline_1,unroll_4,pipeline_1,unroll_2,unroll_64,pipeline_1,unroll_2,unroll_8,pipeline_1,pipeline_1,unroll_16,pipeline_1,unroll_2,pipeline_1,unroll_16,unroll_2,pipeline_1,unroll_2,unroll_8,pipeline_1,unroll_2,unroll_8,unroll_8,pipeline_1,unroll_2,pipeline_1,unroll_16,pipeline_1,pipeline_1,1,32.75,0.467474966049,False
workload_821.cpp,xczu7ev-ffvc1156-2-e,10,85.15474,2725,8,28,26,67,block_4_1,block_16_1,block_16_1,cyclic_32_1,cyclic_4_1,unroll_2,pipeline_1,unroll_16,unroll_16,pipeline_1,unroll_8,unroll_16,unroll_8,pipeline_1,unroll_4,pipeline_1,unroll_4,pipeline_1,unroll_2,unroll_64,unroll_16,unroll_2,unroll_16,pipeline_1,pipeline_1,unroll_16,pipeline_1,unroll_2,pipeline_1,unroll_2,unroll_8,pipeline_1,unroll_2,unroll_8,unroll_4,unroll_2,unroll_4,unroll_8,unroll_16,unroll_2,pipeline_1,unroll_16,pipeline_1,pipeline_1,1,32.25,0.475622798581,False
workload_797.cpp,xczu7ev-ffvc1156-2-e,10,51.49432,2553,5,62,42,95,block_4_1,block_16_1,block_16_1,cyclic_32_1,cyclic_4_1,unroll_2,pipeline_1,unroll_16,unroll_16,pipeline_1,unroll_8,unroll_4,pipeline_1,pipeline_1,unroll_4,pipeline_1,unroll_2,pipeline_1,unroll_2,unroll_32,pipeline_1,unroll_2,unroll_16,pipeline_1,pipeline_1,unroll_16,pipeline_1,unroll_2,pipeline_1,unroll_16,unroll_8,pipeline_1,unroll_2,unroll_8,pipeline_1,pipeline_1,unroll_4,unroll_4,pipeline_1,unroll_2,pipeline_1,pipeline_1,pipeline_1,pipeline_1,1,51,0.221890942996,False
workload_651.cpp,xczu7ev-ffvc1156-2-e,10,84.79504,2658,5,37,26,75,block_4_1,block_16_1,block_16_1,cyclic_32_1,cyclic_4_1,unroll_2,pipeline_1,unroll_16,unroll_2,pipeline_1,unroll_8,unroll_16,pipeline_1,pipeline_1,unroll_4,pipeline_1,unroll_4,pipeline_1,unroll_2,unroll_64,pipeline_1,unroll_2,unroll_8,pipeline_1,pipeline_1,unroll_16,pipeline_1,unroll_2,pipeline_1,unroll_2,unroll_2,pipeline_1,unroll_16,unroll_8,pipeline_1,unroll_8,unroll_8,unroll_8,unroll_16,unroll_2,pipeline_1,unroll_16,pipeline_1,pipeline_1,1,35.75,0.400998690712,False
workload_846.cpp,xczu7ev-ffvc1156-2-e,10,84.79606,2683,2,57,32,82,block_4_1,block_16_1,block_16_1,cyclic_32_1,cyclic_4_1,unroll_2,pipeline_1,unroll_16,unroll_2,pipeline_1,unroll_8,unroll_16,unroll_8,pipeline_1,unroll_4,pipeline_1,unroll_2,pipeline_1,unroll_2,unroll_32,pipeline_1,unroll_2,unroll_16,pipeline_1,pipeline_1,unroll_16,pipeline_1,unroll_2,pipeline_1,unroll_16,unroll_2,pipeline_1,unroll_2,unroll_8,unroll_16,unroll_2,unroll_8,unroll_8,pipeline_1,unroll_2,pipeline_1,unroll_16,unroll_8,pipeline_1,1,43.25,0.29803158664,False
workload_897.cpp,xczu7ev-ffvc1156-2-e,10,85.2932,2660,2,38,26,74,block_4_1,block_16_1,block_16_1,cyclic_32_1,cyclic_4_1,unroll_2,unroll_8,unroll_16,unroll_16,pipeline_1,unroll_8,unroll_16,unroll_2,pipeline_1,unroll_4,pipeline_1,unroll_2,pipeline_1,unroll_2,unroll_64,unroll_2,unroll_2,unroll_16,pipeline_1,pipeline_1,pipeline_1,pipeline_1,unroll_2,pipeline_1,unroll_16,unroll_2,pipeline_1,pipeline_1,unroll_8,pipeline_1,unroll_2,unroll_4,unroll_8,pipeline_1,unroll_2,pipeline_1,unroll_16,pipeline_1,pipeline_1,1,35,0.41411869506,False
workload_749.cpp,xczu7ev-ffvc1156-2-e,10,85.21314,2950,6,27,25,66,block_4_1,block_16_1,block_16_1,cyclic_32_1,cyclic_4_1,unroll_2,unroll_8,unroll_16,unroll_16,pipeline_1,unroll_8,unroll_16,unroll_8,pipeline_1,unroll_4,pipeline_1,unroll_4,pipeline_1,unroll_2,unroll_64,unroll_16,unroll_2,unroll_16,pipeline_1,pipeline_1,unroll_16,pipeline_1,unroll_2,pipeline_1,unroll_16,unroll_2,pipeline_1,unroll_2,unroll_8,unroll_4,unroll_2,unroll_4,unroll_8,pipeline_1,unroll_2,pipeline_1,unroll_16,pipeline_1,pipeline_1,1,31,1,True
workload_859.cpp,xczu7ev-ffvc1156-2-e,10,87.82832,2646,6,28,24,65,block_4_1,block_16_1,block_16_1,cyclic_32_1,cyclic_4_1,unroll_2,unroll_8,unroll_16,unroll_2,pipeline_1,unroll_8,unroll_16,unroll_2,pipeline_1,unroll_4,unroll_8,unroll_4,pipeline_1,unroll_2,unroll_64,unroll_2,unroll_2,unroll_16,pipeline_1,pipeline_1,unroll_8,pipeline_1,unroll_2,pipeline_1,unroll_16,unroll_2,pipeline_1,pipeline_1,unroll_8,unroll_4,unroll_2,unroll_4,unroll_8,unroll_16,unroll_2,pipeline_1,unroll_16,pipeline_1,pipeline_1,1,30.75,0.503554439372,False
workload_912.cpp,xczu7ev-ffvc1156-2-e,10,246.88302,1022,3,3,17,46,block_4_1,block_16_1,block_16_1,cyclic_32_1,cyclic_4_1,unroll_4,pipeline_1,unroll_16,unroll_2,pipeline_1,unroll_8,unroll_16,unroll_8,unroll_4,pipeline_1,pipeline_1,unroll_8,pipeline_1,unroll_2,unroll_64,pipeline_1,unroll_2,unroll_8,pipeline_1,pipeline_1,pipeline_1,pipeline_1,unroll_2,pipeline_1,unroll_2,unroll_2,unroll_16,unroll_8,unroll_8,unroll_16,unroll_8,unroll_4,unroll_8,unroll_16,unroll_2,pipeline_1,pipeline_1,pipeline_1,pipeline_1,1,17.25,1,True
workload_823.cpp,xczu7ev-ffvc1156-2-e,10,312.75632,863,2,3,15,42,block_4_1,block_16_1,block_16_1,cyclic_32_1,cyclic_4_1,unroll_4,unroll_8,unroll_16,unroll_16,pipeline_1,pipeline_1,unroll_16,unroll_8,unroll_4,pipeline_1,pipeline_1,unroll_8,unroll_16,unroll_2,unroll_32,pipeline_1,unroll_2,unroll_16,pipeline_1,pipeline_1,unroll_16,pipeline_1,unroll_2,pipeline_1,unroll_2,unroll_2,unroll_16,unroll_8,unroll_8,unroll_16,unroll_8,unroll_8,unroll_8,pipeline_1,unroll_2,pipeline_1,unroll_16,pipeline_1,pipeline_1,1,15.5,1,True
workload_772.cpp,xczu7ev-ffvc1156-2-e,10,85.06728,2476,10,32,26,71,block_4_1,block_16_1,block_8_1,cyclic_32_1,block_4_1,unroll_2,unroll_8,unroll_16,unroll_16,pipeline_1,pipeline_1,unroll_4,pipeline_1,pipeline_1,unroll_8,unroll_8,unroll_2,pipeline_1,unroll_2,unroll_64,pipeline_1,unroll_2,unroll_16,pipeline_1,unroll_2,unroll_16,pipeline_1,unroll_2,unroll_4,unroll_2,unroll_4,pipeline_1,unroll_16,unroll_8,pipeline_1,unroll_8,unroll_4,unroll_8,unroll_16,unroll_2,pipeline_1,unroll_16,pipeline_1,pipeline_1,1,34.75,0.421572373332,False
workload_730.cpp,xczu7ev-ffvc1156-2-e,10,168.83154,1103,8,46,34,77,block_4_1,block_16_1,block_8_1,cyclic_32_1,cyclic_4_1,unroll_2,unroll_8,unroll_16,unroll_16,pipeline_1,unroll_8,unroll_16,unroll_8,unroll_2,pipeline_1,pipeline_1,unroll_2,pipeline_1,unroll_2,unroll_64,pipeline_1,unroll_2,unroll_8,pipeline_1,pipeline_1,unroll_16,pipeline_1,unroll_2,pipeline_1,unroll_16,unroll_2,pipeline_1,unroll_16,unroll_8,pipeline_1,pipeline_1,unroll_8,unroll_8,unroll_16,unroll_2,pipeline_1,unroll_16,pipeline_1,pipeline_1,1,41.25,0.28861868722,False
workload_817.cpp,xczu7ev-ffvc1156-2-e,10,452.93323,1205,6,2,16,43,block_4_1,block_16_1,cyclic_8_1,block_8_1,cyclic_32_1,pipeline_1,pipeline_1,unroll_16,unroll_2,pipeline_1,pipeline_1,unroll_4,pipeline_1,unroll_2,pipeline_1,pipeline_1,unroll_2,pipeline_1,unroll_2,unroll_32,pipeline_1,unroll_2,unroll_16,pipeline_1,pipeline_1,unroll_16,pipeline_1,unroll_2,pipeline_1,unroll_2,unroll_2,pipeline_1,pipeline_1,unroll_8,pipeline_1,unroll_2,pipeline_1,unroll_8,pipeline_1,pipeline_1,pipeline_1,unroll_16,unroll_8,unroll_4,1,16.75,0.637945353176,False
workload_760.cpp,xczu7ev-ffvc1156-2-e,10,490.3766,1239,10,10,22,50,block_4_1,block_16_1,cyclic_8_1,block_8_1,cyclic_4_1,unroll_2,pipeline_1,unroll_16,unroll_2,pipeline_1,pipeline_1,unroll_4,unroll_4,unroll_2,pipeline_1,pipeline_1,unroll_2,pipeline_1,unroll_2,unroll_64,pipeline_1,unroll_2,unroll_16,pipeline_1,pipeline_1,unroll_8,pipeline_1,unroll_4,pipeline_1,unroll_2,unroll_2,pipeline_1,pipeline_1,unroll_8,unroll_4,pipeline_1,pipeline_1,unroll_8,pipeline_1,pipeline_1,pipeline_1,unroll_16,pipeline_1,unroll_4,1,23,0.44467748949,False
workload_852.cpp,xczu7ev-ffvc1156-2-e,10,54.50484,2565,5,43,37,82,block_4_1,block_16_1,cyclic_8_1,cyclic_32_1,cyclic_32_1,pipeline_1,unroll_8,unroll_16,unroll_16,pipeline_1,unroll_16,unroll_16,unroll_2,pipeline_1,unroll_4,pipeline_1,unroll_4,pipeline_1,unroll_2,unroll_64,unroll_2,unroll_2,unroll_16,pipeline_1,pipeline_1,unroll_16,pipeline_1,unroll_4,unroll_4,unroll_16,unroll_2,pipeline_1,pipeline_1,unroll_8,unroll_4,pipeline_1,unroll_8,unroll_8,unroll_16,unroll_2,pipeline_1,pipeline_1,unroll_8,pipeline_1,1,41.75,0.327016291589,False
workload_731.cpp,xczu7ev-ffvc1156-2-e,10,158.98504,2633,6,36,27,88,block_4_1,block_16_1,cyclic_8_1,cyclic_32_1,cyclic_4_1,unroll_2,pipeline_1,unroll_16,unroll_16,pipeline_1,pipeline_1,unroll_4,pipeline_1,pipeline_1,pipeline_1,pipeline_1,unroll_4,pipeline_1,unroll_2,unroll_64,pipeline_1,unroll_2,unroll_8,pipeline_1,unroll_2,unroll_16,pipeline_1,unroll_2,pipeline_1,unroll_2,unroll_8,pipeline_1,unroll_2,unroll_8,unroll_4,unroll_2,unroll_8,unroll_8,pipeline_1,unroll_2,unroll_8,unroll_16,pipeline_1,pipeline_1,1,39.25,0.317025398124,False
workload_716.cpp,xczu7ev-ffvc1156-2-e,10,606.15769,1021,6,2,14,56,block_4_1,block_16_1,cyclic_8_1,cyclic_32_1,cyclic_4_1,unroll_2,pipeline_1,unroll_16,unroll_16,pipeline_1,pipeline_1,unroll_4,pipeline_1,unroll_4,unroll_4,pipeline_1,unroll_2,pipeline_1,unroll_2,unroll_64,pipeline_1,unroll_2,unroll_8,pipeline_1,unroll_2,unroll_16,pipeline_1,unroll_2,pipeline_1,unroll_2,unroll_2,pipeline_1,unroll_2,unroll_8,unroll_4,unroll_2,unroll_8,unroll_8,pipeline_1,pipeline_1,unroll_8,unroll_16,pipeline_1,pipeline_1,1,19.5,0.347027736459,False
workload_898.cpp,xczu7ev-ffvc1156-2-e,10,51.70606,2677,6,55,38,89,block_4_1,block_4_1,block_16_1,cyclic_32_1,cyclic_32_1,unroll_2,pipeline_1,unroll_16,unroll_16,pipeline_1,unroll_8,unroll_16,unroll_8,pipeline_1,pipeline_1,pipeline_1,unroll_4,pipeline_1,unroll_2,unroll_32,pipeline_1,unroll_2,unroll_16,pipeline_1,pipeline_1,unroll_16,pipeline_1,unroll_2,pipeline_1,unroll_16,unroll_2,unroll_16,unroll_2,unroll_8,unroll_4,pipeline_1,unroll_8,unroll_8,pipeline_1,unroll_2,pipeline_1,unroll_16,unroll_8,pipeline_1,1,47,0.254074103687,False
workload_544.cpp,xczu7ev-ffvc1156-2-e,10,89.27591,2799,8,41,32,86,block_4_1,block_8_1,block_16_1,block_4_1,cyclic_4_1,pipeline_1,unroll_8,unroll_16,unroll_2,pipeline_1,unroll_8,unroll_16,pipeline_1,pipeline_1,unroll_4,unroll_8,unroll_2,pipeline_1,unroll_2,unroll_64,unroll_2,unroll_2,unroll_8,pipeline_1,unroll_2,unroll_2,pipeline_1,unroll_2,pipeline_1,unroll_2,unroll_2,pipeline_1,unroll_8,unroll_8,unroll_16,unroll_8,unroll_4,unroll_16,unroll_16,unroll_2,pipeline_1,unroll_16,pipeline_1,unroll_4,1,41.75,0.315790249659,False
workload_633.cpp,xczu7ev-ffvc1156-2-e,10,58.96526,2392,13,38,33,79,block_4_1,block_8_1,block_16_1,block_8_1,cyclic_16_1,pipeline_1,unroll_8,unroll_16,unroll_2,pipeline_1,pipeline_1,unroll_4,unroll_8,pipeline_1,pipeline_1,unroll_4,unroll_2,pipeline_1,unroll_2,unroll_32,unroll_2,unroll_2,unroll_16,pipeline_1,unroll_8,unroll_16,pipeline_1,unroll_2,pipeline_1,unroll_16,unroll_2,pipeline_1,unroll_2,unroll_8,pipeline_1,pipeline_1,unroll_4,unroll_8,pipeline_1,unroll_2,unroll_8,unroll_2,pipeline_1,unroll_4,1,40.75,0.342926469954,False
workload_697.cpp,xczu7ev-ffvc1156-2-e,10,53.48958,2899,10,44,34,84,block_4_1,block_8_1,block_16_1,block_8_1,cyclic_16_1,unroll_4,pipeline_1,unroll_16,unroll_16,pipeline_1,unroll_8,unroll_16,unroll_8,pipeline_1,pipeline_1,pipeline_1,unroll_2,pipeline_1,unroll_2,unroll_32,unroll_2,unroll_2,pipeline_1,pipeline_1,unroll_4,unroll_16,pipeline_1,unroll_2,pipeline_1,unroll_16,unroll_2,pipeline_1,unroll_16,unroll_8,pipeline_1,pipeline_1,pipeline_1,pipeline_1,unroll_16,pipeline_1,unroll_8,unroll_2,pipeline_1,pipeline_1,1,43,0.308586092179,False
workload_825.cpp,xczu7ev-ffvc1156-2-e,10,346.7655,458,6,3,14,40,block_4_1,block_8_1,block_16_1,cyclic_128_1,cyclic_32_1,unroll_4,pipeline_1,unroll_16,unroll_16,pipeline_1,pipeline_1,unroll_16,unroll_8,unroll_4,pipeline_1,pipeline_1,unroll_4,pipeline_1,unroll_2,unroll_32,pipeline_1,unroll_2,unroll_16,pipeline_1,pipeline_1,pipeline_1,pipeline_1,unroll_2,unroll_4,unroll_2,unroll_2,pipeline_1,unroll_16,unroll_8,unroll_16,unroll_8,unroll_4,unroll_4,pipeline_1,unroll_2,pipeline_1,pipeline_1,unroll_2,pipeline_1,1,15.75,0.869103119455,False
workload_932.cpp,xczu7ev-ffvc1156-2-e,10,56.02738,2666,13,35,32,78,block_4_1,block_8_1,block_16_1,cyclic_16_1,block_4_1,unroll_2,pipeline_1,unroll_16,unroll_16,pipeline_1,unroll_8,unroll_4,unroll_8,pipeline_1,unroll_8,unroll_8,unroll_4,pipeline_1,unroll_2,unroll_64,pipeline_1,unroll_2,unroll_8,pipeline_1,pipeline_1,unroll_16,pipeline_1,unroll_2,unroll_4,unroll_2,unroll_2,pipeline_1,unroll_16,unroll_8,pipeline_1,pipeline_1,unroll_4,unroll_8,unroll_16,unroll_2,pipeline_1,unroll_2,pipeline_1,unroll_4,1,39.5,0.349759020351,False
workload_469.cpp,xczu7ev-ffvc1156-2-e,10,93.88938,2835,8,40,28,80,block_4_1,block_8_1,block_16_1,cyclic_16_1,cyclic_16_1,unroll_4,unroll_8,unroll_16,unroll_2,pipeline_1,unroll_8,unroll_16,unroll_8,pipeline_1,unroll_4,unroll_8,unroll_4,pipeline_1,unroll_2,unroll_64,unroll_2,unroll_2,unroll_16,pipeline_1,pipeline_1,pipeline_1,pipeline_1,unroll_2,unroll_4,unroll_2,unroll_2,pipeline_1,unroll_8,unroll_8,unroll_16,unroll_8,unroll_4,unroll_8,unroll_16,unroll_2,pipeline_1,unroll_16,pipeline_1,unroll_4,1,39,0.345392344307,False
workload_899.cpp,xczu7ev-ffvc1156-2-e,10,83.16142,2788,11,32,28,75,block_4_1,block_8_1,block_16_1,cyclic_16_1,cyclic_2_1,pipeline_1,unroll_8,unroll_16,unroll_16,pipeline_1,unroll_8,unroll_16,unroll_8,pipeline_1,pipeline_1,pipeline_1,unroll_4,pipeline_1,unroll_2,unroll_64,unroll_2,unroll_2,unroll_8,unroll_8,pipeline_1,unroll_16,pipeline_1,unroll_2,unroll_4,unroll_16,unroll_2,pipeline_1,unroll_2,unroll_8,pipeline_1,unroll_2,unroll_4,unroll_16,pipeline_1,unroll_2,pipeline_1,unroll_16,pipeline_1,unroll_4,1,36.5,0.386926048916,False
workload_784.cpp,xczu7ev-ffvc1156-2-e,10,82.74434,2781,8,32,27,74,block_4_1,block_8_1,block_16_1,cyclic_16_1,cyclic_2_1,pipeline_1,unroll_8,unroll_16,unroll_16,pipeline_1,unroll_8,unroll_4,unroll_8,pipeline_1,pipeline_1,pipeline_1,unroll_4,pipeline_1,unroll_2,unroll_64,unroll_2,unroll_2,unroll_16,unroll_8,pipeline_1,unroll_16,pipeline_1,unroll_2,unroll_4,unroll_16,unroll_2,pipeline_1,unroll_2,unroll_8,unroll_4,unroll_2,unroll_4,unroll_16,pipeline_1,unroll_2,pipeline_1,unroll_16,pipeline_1,unroll_4,1,35.25,0.41129138531,False
workload_638.cpp,xczu7ev-ffvc1156-2-e,10,85.25523,2507,7,30,25,70,block_4_1,block_8_1,block_16_1,cyclic_16_1,cyclic_2_1,unroll_2,unroll_8,unroll_16,unroll_2,pipeline_1,unroll_8,unroll_4,pipeline_1,pipeline_1,unroll_8,unroll_8,unroll_4,pipeline_1,unroll_2,unroll_64,unroll_2,unroll_2,unroll_16,pipeline_1,pipeline_1,unroll_16,pipeline_1,unroll_2,unroll_4,unroll_16,unroll_2,pipeline_1,unroll_16,unroll_8,pipeline_1,unroll_2,unroll_4,unroll_16,unroll_16,unroll_2,pipeline_1,unroll_2,pipeline_1,pipeline_1,1,33,0.459721367869,False
workload_814.cpp,xczu7ev-ffvc1156-2-e,10,310.61798,2616,4,5,16,54,block_4_1,block_8_1,block_16_1,cyclic_16_1,cyclic_2_1,unroll_4,unroll_8,unroll_16,unroll_16,pipeline_1,unroll_8,unroll_4,unroll_8,unroll_4,pipeline_1,pipeline_1,unroll_4,pipeline_1,unroll_2,unroll_64,unroll_2,unroll_2,unroll_16,unroll_8,pipeline_1,unroll_16,pipeline_1,unroll_2,unroll_4,unroll_16,unroll_2,pipeline_1,unroll_2,unroll_8,unroll_4,unroll_8,unroll_4,unroll_8,pipeline_1,unroll_2,pipeline_1,pipeline_1,pipeline_1,unroll_4,1,19.75,0.720878638058,False
workload_910.cpp,xczu7ev-ffvc1156-2-e,10,93.84987,2469,9,29,26,74,block_4_1,block_8_1,block_16_1,cyclic_16_1,cyclic_32_1,unroll_2,pipeline_1,unroll_16,unroll_16,pipeline_1,unroll_16,unroll_4,pipeline_1,pipeline_1,unroll_4,unroll_8,unroll_4,pipeline_1,unroll_2,unroll_64,unroll_2,unroll_2,unroll_16,pipeline_1,pipeline_1,unroll_16,pipeline_1,unroll_2,unroll_4,unroll_2,unroll_8,pipeline_1,unroll_8,unroll_8,pipeline_1,unroll_8,unroll_4,unroll_8,unroll_16,unroll_2,pipeline_1,unroll_16,pipeline_1,unroll_4,1,34.5,0.43029050273,False
workload_755.cpp,xczu7ev-ffvc1156-2-e,10,86.15624,3119,12,30,25,78,block_4_1,block_8_1,block_16_1,cyclic_16_1,cyclic_32_1,unroll_2,pipeline_1,unroll_16,unroll_16,pipeline_1,unroll_8,unroll_4,unroll_2,pipeline_1,pipeline_1,pipeline_1,unroll_4,pipeline_1,unroll_2,unroll_64,unroll_2,unroll_2,unroll_16,pipeline_1,unroll_8,unroll_16,pipeline_1,unroll_2,unroll_4,unroll_2,unroll_2,pipeline_1,unroll_16,unroll_8,unroll_4,unroll_2,pipeline_1,unroll_8,unroll_16,pipeline_1,pipeline_1,unroll_16,pipeline_1,unroll_4,1,36.25,0.391235504221,False
workload_421.cpp,xczu7ev-ffvc1156-2-e,10,90.73874,2828,12,30,25,72,block_4_1,block_8_1,block_16_1,cyclic_16_1,cyclic_4_1,pipeline_1,unroll_8,unroll_16,unroll_2,pipeline_1,unroll_8,unroll_16,unroll_8,pipeline_1,unroll_4,unroll_8,unroll_4,pipeline_1,unroll_2,unroll_64,unroll_2,unroll_2,unroll_16,pipeline_1,pipeline_1,pipeline_1,pipeline_1,unroll_2,unroll_4,unroll_2,unroll_2,pipeline_1,unroll_8,unroll_8,unroll_16,unroll_8,unroll_4,unroll_8,unroll_16,unroll_2,pipeline_1,unroll_16,pipeline_1,unroll_4,1,34.75,0.422757397557,False
workload_590.cpp,xczu7ev-ffvc1156-2-e,10,92.41874,3032,12,30,24,72,block_4_1,block_8_1,block_16_1,cyclic_16_1,cyclic_4_1,pipeline_1,unroll_8,unroll_16,unroll_2,pipeline_1,unroll_8,unroll_16,unroll_8,pipeline_1,unroll_4,unroll_8,unroll_4,pipeline_1,unroll_2,unroll_64,unroll_2,unroll_2,unroll_16,pipeline_1,pipeline_1,unroll_16,pipeline_1,unroll_2,unroll_4,unroll_16,unroll_2,pipeline_1,unroll_2,unroll_8,unroll_16,unroll_8,unroll_4,unroll_8,unroll_16,unroll_2,pipeline_1,unroll_16,pipeline_1,unroll_4,1,34.5,0.430306709273,False
workload_806.cpp,xczu7ev-ffvc1156-2-e,10,624.73714,1317,4,2,11,46,block_4_1,block_8_1,block_16_1,cyclic_16_1,cyclic_4_1,unroll_2,pipeline_1,unroll_16,unroll_16,pipeline_1,pipeline_1,unroll_16,unroll_8,unroll_2,pipeline_1,pipeline_1,unroll_4,pipeline_1,unroll_2,unroll_64,unroll_2,unroll_2,unroll_16,pipeline_1,pipeline_1,unroll_8,pipeline_1,unroll_4,pipeline_1,unroll_2,unroll_2,pipeline_1,pipeline_1,unroll_8,unroll_4,unroll_2,pipeline_1,unroll_8,pipeline_1,unroll_2,pipeline_1,unroll_2,unroll_8,pipeline_1,1,15.75,0.349131799393,False
workload_674.cpp,xczu7ev-ffvc1156-2-e,10,85.41987,2550,10,29,24,71,block_4_1,block_8_1,block_16_1,cyclic_16_1,cyclic_4_1,unroll_2,pipeline_1,unroll_16,unroll_16,pipeline_1,unroll_8,unroll_4,pipeline_1,pipeline_1,unroll_8,unroll_8,unroll_4,pipeline_1,unroll_2,unroll_64,unroll_2,unroll_2,unroll_16,pipeline_1,pipeline_1,unroll_16,pipeline_1,unroll_2,unroll_4,unroll_2,unroll_2,pipeline_1,unroll_16,unroll_8,pipeline_1,unroll_8,unroll_4,unroll_8,unroll_16,unroll_2,pipeline_1,unroll_16,pipeline_1,unroll_4,1,33.5,0.458477904296,False
workload_664.cpp,xczu7ev-ffvc1156-2-e,10,59.40827,2457,10,47,37,86,block_4_1,block_8_1,block_16_1,cyclic_16_1,cyclic_4_1,unroll_2,unroll_8,unroll_16,unroll_16,pipeline_1,unroll_8,unroll_4,pipeline_1,pipeline_1,unroll_8,unroll_8,unroll_2,pipeline_1,unroll_2,unroll_64,unroll_2,unroll_2,unroll_16,pipeline_1,pipeline_1,unroll_16,pipeline_1,unroll_2,unroll_4,unroll_16,unroll_2,pipeline_1,unroll_2,unroll_8,pipeline_1,pipeline_1,unroll_4,unroll_8,pipeline_1,unroll_2,pipeline_1,unroll_16,pipeline_1,pipeline_1,1,45,0.289443488622,False
workload_588.cpp,xczu7ev-ffvc1156-2-e,10,85.47827,2388,10,29,24,71,block_4_1,block_8_1,block_16_1,cyclic_16_1,cyclic_4_1,unroll_2,unroll_8,unroll_16,unroll_2,pipeline_1,unroll_8,unroll_4,pipeline_1,pipeline_1,unroll_8,unroll_8,unroll_4,pipeline_1,unroll_2,unroll_64,unroll_2,unroll_2,unroll_16,pipeline_1,pipeline_1,unroll_16,pipeline_1,unroll_2,unroll_4,unroll_2,unroll_2,pipeline_1,unroll_16,unroll_8,pipeline_1,unroll_8,unroll_4,unroll_8,unroll_16,unroll_2,pipeline_1,unroll_16,pipeline_1,pipeline_1,1,33.5,0.458452443647,False
workload_514.cpp,xczu7ev-ffvc1156-2-e,10,85.05783,2689,7,41,27,83,block_4_1,block_8_1,block_16_1,cyclic_16_1,cyclic_4_1,unroll_4,unroll_8,unroll_16,unroll_16,pipeline_1,unroll_8,unroll_4,pipeline_1,pipeline_1,unroll_4,unroll_16,unroll_4,pipeline_1,unroll_2,unroll_64,unroll_2,unroll_2,unroll_16,pipeline_1,pipeline_1,unroll_16,pipeline_1,unroll_2,unroll_4,unroll_2,unroll_2,pipeline_1,unroll_16,unroll_8,unroll_16,unroll_8,unroll_4,unroll_8,unroll_16,unroll_2,pipeline_1,unroll_16,pipeline_1,pipeline_1,1,39.5,0.345394568996,False
workload_528.cpp,xczu7ev-ffvc1156-2-e,10,85.22283,2618,7,41,27,82,block_4_1,block_8_1,block_16_1,cyclic_16_1,cyclic_4_1,unroll_4,unroll_8,unroll_16,unroll_16,pipeline_1,unroll_8,unroll_4,pipeline_1,pipeline_1,unroll_4,unroll_8,unroll_4,pipeline_1,unroll_2,unroll_64,unroll_2,unroll_2,unroll_16,pipeline_1,pipeline_1,unroll_16,pipeline_1,unroll_2,unroll_4,unroll_2,unroll_2,pipeline_1,unroll_16,unroll_8,unroll_16,unroll_8,unroll_4,unroll_8,unroll_16,unroll_2,pipeline_1,unroll_16,pipeline_1,pipeline_1,1,39.25,0.3466282726,False
workload_803.cpp,xczu7ev-ffvc1156-2-e,10,85.35891,2675,8,39,27,81,block_4_1,block_8_1,block_16_1,cyclic_16_1,cyclic_8_1,pipeline_1,pipeline_1,unroll_16,unroll_16,pipeline_1,unroll_8,unroll_4,pipeline_1,pipeline_1,unroll_8,unroll_8,unroll_4,pipeline_1,unroll_2,unroll_64,unroll_2,unroll_2,unroll_16,pipeline_1,pipeline_1,unroll_16,pipeline_1,unroll_2,unroll_4,unroll_16,unroll_2,pipeline_1,unroll_16,unroll_8,pipeline_1,unroll_8,unroll_4,unroll_8,unroll_16,unroll_2,pipeline_1,unroll_16,pipeline_1,unroll_4,1,38.75,0.353274457379,False
workload_743.cpp,xczu7ev-ffvc1156-2-e,10,54.29484,2625,10,42,34,80,block_4_1,block_8_1,block_16_1,cyclic_32_1,cyclic_32_1,pipeline_1,pipeline_1,unroll_16,unroll_16,pipeline_1,unroll_16,unroll_4,unroll_4,pipeline_1,unroll_4,pipeline_1,unroll_4,pipeline_1,unroll_2,unroll_64,unroll_16,unroll_2,unroll_16,pipeline_1,pipeline_1,unroll_16,pipeline_1,unroll_2,unroll_4,unroll_16,unroll_2,pipeline_1,unroll_8,unroll_8,pipeline_1,pipeline_1,unroll_8,unroll_8,pipeline_1,unroll_2,pipeline_1,unroll_16,pipeline_1,unroll_4,1,41.5,0.327006263126,False
workload_790.cpp,xczu7ev-ffvc1156-2-e,10,95.49491,2613,5,35,25,72,block_4_1,block_8_1,block_16_1,cyclic_32_1,cyclic_32_1,pipeline_1,pipeline_1,unroll_16,unroll_16,pipeline_1,unroll_8,unroll_16,pipeline_1,pipeline_1,unroll_4,unroll_2,unroll_2,pipeline_1,unroll_2,unroll_64,pipeline_1,unroll_2,unroll_8,pipeline_1,pipeline_1,unroll_16,pipeline_1,unroll_2,pipeline_1,unroll_16,unroll_2,pipeline_1,unroll_2,unroll_8,pipeline_1,unroll_2,unroll_8,unroll_8,pipeline_1,unroll_2,pipeline_1,unroll_16,unroll_8,pipeline_1,1,34.25,0.437178822206,False
workload_805.cpp,xczu7ev-ffvc1156-2-e,10,54.69564,2716,10,42,35,82,block_4_1,block_8_1,block_16_1,cyclic_32_1,cyclic_32_1,pipeline_1,pipeline_1,unroll_16,unroll_2,pipeline_1,unroll_16,unroll_4,unroll_4,pipeline_1,unroll_4,pipeline_1,unroll_4,pipeline_1,unroll_2,unroll_64,unroll_16,unroll_2,unroll_16,pipeline_1,pipeline_1,pipeline_1,pipeline_1,unroll_2,unroll_4,unroll_16,unroll_8,pipeline_1,unroll_8,unroll_8,pipeline_1,pipeline_1,unroll_4,unroll_8,pipeline_1,unroll_2,pipeline_1,pipeline_1,pipeline_1,pipeline_1,1,42.25,0.324661565978,False
workload_956.cpp,xczu7ev-ffvc1156-2-e,10,54.09106,2546,8,55,38,88,block_4_1,block_8_1,block_16_1,cyclic_32_1,cyclic_32_1,unroll_2,pipeline_1,unroll_16,unroll_16,pipeline_1,unroll_8,unroll_16,unroll_8,pipeline_1,unroll_4,pipeline_1,unroll_2,pipeline_1,unroll_2,unroll_32,pipeline_1,unroll_2,unroll_16,pipeline_1,pipeline_1,unroll_16,pipeline_1,unroll_2,pipeline_1,unroll_16,unroll_2,pipeline_1,unroll_2,unroll_8,pipeline_1,pipeline_1,unroll_8,unroll_8,pipeline_1,unroll_2,pipeline_1,unroll_16,pipeline_1,pipeline_1,1,47.25,0.248984179845,False
workload_804.cpp,xczu7ev-ffvc1156-2-e,10,82.74742,2798,12,30,24,68,block_4_1,block_8_1,block_16_1,cyclic_32_1,cyclic_4_1,pipeline_1,pipeline_1,unroll_16,pipeline_1,pipeline_1,pipeline_1,unroll_16,unroll_8,pipeline_1,pipeline_1,pipeline_1,unroll_8,pipeline_1,unroll_2,unroll_32,pipeline_1,unroll_2,unroll_16,pipeline_1,pipeline_1,pipeline_1,pipeline_1,unroll_2,unroll_4,unroll_2,unroll_2,pipeline_1,unroll_16,unroll_8,unroll_16,unroll_2,unroll_4,unroll_16,unroll_16,unroll_2,pipeline_1,unroll_16,pipeline_1,pipeline_1,1,33.5,0.459638937119,False
workload_892.cpp,xczu7ev-ffvc1156-2-e,10,82.66826,3157,12,30,25,79,block_4_1,block_8_1,block_16_1,cyclic_32_1,cyclic_4_1,pipeline_1,pipeline_1,unroll_16,pipeline_1,pipeline_1,pipeline_1,unroll_4,unroll_8,pipeline_1,pipeline_1,pipeline_1,unroll_8,pipeline_1,unroll_2,unroll_64,pipeline_1,unroll_2,unroll_16,pipeline_1,pipeline_1,pipeline_1,pipeline_1,unroll_4,pipeline_1,unroll_2,unroll_2,pipeline_1,unroll_16,unroll_8,unroll_16,unroll_8,pipeline_1,unroll_16,pipeline_1,unroll_2,pipeline_1,unroll_16,pipeline_1,unroll_4,1,36.5,0.387073227405,False
workload_953.cpp,xczu7ev-ffvc1156-2-e,10,82.66826,3352,12,30,25,79,block_4_1,block_8_1,block_16_1,cyclic_32_1,cyclic_4_1,pipeline_1,pipeline_1,unroll_16,pipeline_1,pipeline_1,unroll_4,unroll_4,unroll_8,pipeline_1,pipeline_1,pipeline_1,unroll_8,pipeline_1,unroll_2,unroll_64,pipeline_1,unroll_2,unroll_16,pipeline_1,pipeline_1,pipeline_1,pipeline_1,unroll_4,pipeline_1,unroll_2,unroll_2,pipeline_1,unroll_16,unroll_8,unroll_4,unroll_8,pipeline_1,unroll_16,pipeline_1,unroll_2,pipeline_1,unroll_16,pipeline_1,pipeline_1,1,36.5,0.387073227405,False
workload_894.cpp,xczu7ev-ffvc1156-2-e,10,487.60573,1315,7,2,11,42,block_4_1,block_8_1,block_16_1,cyclic_32_1,cyclic_4_1,pipeline_1,pipeline_1,unroll_16,unroll_16,pipeline_1,pipeline_1,unroll_16,unroll_16,unroll_2,pipeline_1,unroll_4,unroll_2,pipeline_1,unroll_2,unroll_64,pipeline_1,unroll_2,unroll_16,pipeline_1,pipeline_1,unroll_2,pipeline_1,unroll_2,pipeline_1,unroll_2,unroll_2,unroll_16,unroll_8,unroll_8,unroll_4,unroll_8,pipeline_1,unroll_8,pipeline_1,unroll_2,pipeline_1,pipeline_1,unroll_8,unroll_8,1,15.5,0.584292722967,False
workload_942.cpp,xczu7ev-ffvc1156-2-e,10,433.68594,800,8,3,13,38,block_4_1,block_8_1,block_16_1,cyclic_32_1,cyclic_4_1,pipeline_1,pipeline_1,unroll_16,unroll_16,pipeline_1,pipeline_1,unroll_16,unroll_8,unroll_2,pipeline_1,unroll_8,unroll_2,pipeline_1,unroll_2,unroll_64,pipeline_1,unroll_2,unroll_16,pipeline_1,pipeline_1,unroll_8,pipeline_1,unroll_2,unroll_4,unroll_2,unroll_2,unroll_16,unroll_8,unroll_8,unroll_16,unroll_8,unroll_4,unroll_8,unroll_16,unroll_2,pipeline_1,unroll_2,unroll_8,pipeline_1,1,15.5,0.693310054914,False
workload_841.cpp,xczu7ev-ffvc1156-2-e,10,482.05618,1193,7,2,10,39,block_4_1,block_8_1,block_16_1,cyclic_32_1,cyclic_4_1,pipeline_1,pipeline_1,unroll_16,unroll_2,pipeline_1,pipeline_1,unroll_16,unroll_8,unroll_2,pipeline_1,pipeline_1,unroll_2,pipeline_1,unroll_2,unroll_64,pipeline_1,unroll_2,unroll_16,pipeline_1,pipeline_1,unroll_8,pipeline_1,unroll_2,pipeline_1,unroll_2,unroll_2,unroll_16,unroll_8,unroll_8,unroll_16,unroll_8,pipeline_1,unroll_8,pipeline_1,unroll_2,pipeline_1,pipeline_1,unroll_8,pipeline_1,1,14.5,0.606144488987,False
workload_879.cpp,xczu7ev-ffvc1156-2-e,10,82.84736,3027,12,30,24,77,block_4_1,block_8_1,block_16_1,cyclic_32_1,cyclic_4_1,pipeline_1,pipeline_1,unroll_16,unroll_2,pipeline_1,unroll_16,unroll_16,unroll_2,pipeline_1,pipeline_1,pipeline_1,unroll_8,pipeline_1,unroll_2,unroll_64,pipeline_1,unroll_2,unroll_16,pipeline_1,unroll_8,pipeline_1,pipeline_1,unroll_4,unroll_4,unroll_2,unroll_2,pipeline_1,unroll_16,unroll_8,unroll_4,unroll_2,pipeline_1,unroll_16,unroll_16,unroll_2,pipeline_1,unroll_16,pipeline_1,pipeline_1,1,35.75,0.401813925071,False
workload_921.cpp,xczu7ev-ffvc1156-2-e,10,48.72394,2611,11,50,37,88,block_4_1,block_8_1,block_16_1,cyclic_32_1,cyclic_4_1,unroll_2,pipeline_1,unroll_16,unroll_16,pipeline_1,pipeline_1,unroll_16,unroll_8,pipeline_1,pipeline_1,pipeline_1,unroll_4,pipeline_1,unroll_2,unroll_32,unroll_16,unroll_2,unroll_16,pipeline_1,pipeline_1,unroll_16,pipeline_1,unroll_2,pipeline_1,unroll_16,unroll_2,pipeline_1,pipeline_1,unroll_8,unroll_4,pipeline_1,unroll_8,unroll_8,pipeline_1,unroll_2,pipeline_1,unroll_16,pipeline_1,pipeline_1,1,46.5,0.264649478582,False
workload_868.cpp,xczu7ev-ffvc1156-2-e,10,85.20975,2470,5,43,28,79,block_4_1,block_8_1,block_16_1,cyclic_32_1,cyclic_4_1,unroll_2,pipeline_1,unroll_16,unroll_16,pipeline_1,unroll_8,unroll_16,pipeline_1,pipeline_1,unroll_4,pipeline_1,unroll_2,pipeline_1,unroll_2,unroll_64,unroll_2,unroll_2,unroll_16,pipeline_1,pipeline_1,unroll_16,pipeline_1,unroll_2,pipeline_1,unroll_16,unroll_2,pipeline_1,pipeline_1,unroll_8,pipeline_1,unroll_2,unroll_4,unroll_8,pipeline_1,unroll_2,pipeline_1,unroll_16,unroll_8,pipeline_1,1,38.75,0.353316548754,False
workload_708.cpp,xczu7ev-ffvc1156-2-e,10,51.87987,2688,10,46,37,85,block_4_1,block_8_1,block_16_1,cyclic_32_1,cyclic_4_1,unroll_2,pipeline_1,unroll_16,unroll_16,pipeline_1,unroll_8,unroll_4,pipeline_1,pipeline_1,unroll_4,unroll_8,unroll_4,pipeline_1,unroll_2,unroll_64,unroll_2,unroll_2,unroll_16,pipeline_1,pipeline_1,unroll_16,pipeline_1,unroll_2,unroll_4,unroll_2,unroll_2,pipeline_1,unroll_16,unroll_8,pipeline_1,pipeline_1,unroll_4,unroll_8,unroll_16,unroll_2,pipeline_1,pipeline_1,pipeline_1,unroll_4,1,44.5,0.293722418299,False
workload_793.cpp,xczu7ev-ffvc1156-2-e,10,58.34487,2607,7,52,40,90,block_4_1,block_8_1,block_16_1,cyclic_32_1,cyclic_4_1,unroll_2,pipeline_1,unroll_16,unroll_2,pipeline_1,unroll_8,unroll_4,pipeline_1,pipeline_1,unroll_4,unroll_8,unroll_4,pipeline_1,unroll_2,unroll_64,unroll_2,unroll_2,unroll_16,pipeline_1,pipeline_1,unroll_16,pipeline_1,unroll_2,pipeline_1,unroll_2,unroll_2,unroll_16,unroll_8,unroll_8,pipeline_1,pipeline_1,unroll_4,unroll_8,pipeline_1,unroll_2,pipeline_1,pipeline_1,pipeline_1,unroll_4,1,47.25,0.249326685252,False
workload_771.cpp,xczu7ev-ffvc1156-2-e,10,251.02542,1126,8,3,16,45,block_4_1,block_8_1,block_16_1,cyclic_32_1,cyclic_4_1,unroll_4,pipeline_1,unroll_16,unroll_16,pipeline_1,pipeline_1,unroll_16,unroll_8,unroll_4,pipeline_1,pipeline_1,unroll_8,pipeline_1,unroll_2,unroll_32,pipeline_1,unroll_2,unroll_16,pipeline_1,pipeline_1,pipeline_1,pipeline_1,unroll_2,unroll_4,unroll_2,unroll_2,pipeline_1,unroll_16,unroll_8,unroll_16,unroll_8,unroll_4,unroll_8,unroll_16,unroll_2,pipeline_1,pipeline_1,pipeline_1,pipeline_1,1,18,0.8131154774,False
workload_843.cpp,xczu7ev-ffvc1156-2-e,10,54.73827,2807,7,52,39,90,block_4_1,block_8_1,block_16_1,cyclic_32_1,cyclic_4_1,unroll_4,pipeline_1,unroll_16,unroll_16,pipeline_1,unroll_8,unroll_4,pipeline_1,pipeline_1,pipeline_1,unroll_8,unroll_4,pipeline_1,unroll_2,unroll_64,pipeline_1,unroll_2,unroll_16,pipeline_1,pipeline_1,unroll_16,pipeline_1,unroll_2,unroll_4,unroll_2,unroll_2,pipeline_1,unroll_8,unroll_8,pipeline_1,pipeline_1,unroll_4,unroll_8,pipeline_1,unroll_2,pipeline_1,pipeline_1,pipeline_1,unroll_4,1,47,0.254435878789,False
workload_744.cpp,xczu7ev-ffvc1156-2-e,10,324.58122,683,4,3,12,33,block_4_1,block_8_1,block_16_1,cyclic_32_1,cyclic_4_1,unroll_4,pipeline_1,unroll_16,unroll_2,pipeline_1,pipeline_1,unroll_16,unroll_8,unroll_4,pipeline_1,pipeline_1,unroll_8,pipeline_1,unroll_2,unroll_32,pipeline_1,unroll_2,unroll_16,pipeline_1,pipeline_1,pipeline_1,pipeline_1,unroll_2,pipeline_1,unroll_2,unroll_2,unroll_16,unroll_8,unroll_8,unroll_16,unroll_8,unroll_4,unroll_8,pipeline_1,unroll_2,pipeline_1,pipeline_1,pipeline_1,pipeline_1,1,13,0.986250761328,False
workload_829.cpp,xczu7ev-ffvc1156-2-e,10,463.27066,1195,5,2,11,37,block_4_1,block_8_1,block_16_1,cyclic_32_1,cyclic_4_1,unroll_4,pipeline_1,unroll_16,unroll_2,pipeline_1,pipeline_1,unroll_4,unroll_8,unroll_2,pipeline_1,pipeline_1,unroll_8,pipeline_1,unroll_2,unroll_32,pipeline_1,unroll_2,unroll_16,pipeline_1,pipeline_1,pipeline_1,pipeline_1,unroll_2,pipeline_1,unroll_2,unroll_2,unroll_16,unroll_8,unroll_8,unroll_16,unroll_8,pipeline_1,unroll_8,pipeline_1,pipeline_1,pipeline_1,pipeline_1,pipeline_1,pipeline_1,1,13.75,0.651194075272,False
workload_860.cpp,xczu7ev-ffvc1156-2-e,10,393.65714,1043,10,2,13,41,block_4_1,block_8_1,block_8_1,cyclic_32_1,cyclic_4_1,unroll_2,pipeline_1,unroll_16,unroll_2,pipeline_1,pipeline_1,unroll_4,unroll_8,unroll_2,unroll_4,pipeline_1,unroll_8,pipeline_1,unroll_2,unroll_32,unroll_2,unroll_2,unroll_16,pipeline_1,pipeline_1,pipeline_1,pipeline_1,unroll_2,pipeline_1,unroll_2,unroll_2,unroll_16,unroll_16,unroll_8,unroll_16,unroll_8,pipeline_1,unroll_8,unroll_16,pipeline_1,pipeline_1,pipeline_1,pipeline_1,pipeline_1,1,16.5,0.761142567099,False
workload_739.cpp,xczu7ev-ffvc1156-2-e,10,463.41148,1148,13,2,13,37,block_4_1,block_8_1,cyclic_8_1,block_8_1,cyclic_32_1,pipeline_1,pipeline_1,unroll_16,unroll_2,pipeline_1,pipeline_1,unroll_4,unroll_4,unroll_2,pipeline_1,unroll_2,unroll_2,pipeline_1,unroll_2,unroll_64,pipeline_1,unroll_2,unroll_16,pipeline_1,pipeline_1,unroll_8,pipeline_1,unroll_4,pipeline_1,unroll_2,unroll_2,pipeline_1,pipeline_1,unroll_8,unroll_4,unroll_2,pipeline_1,unroll_8,pipeline_1,pipeline_1,pipeline_1,unroll_16,unroll_8,unroll_4,1,16.25,0.62356245389,False
workload_650.cpp,xczu7ev-ffvc1156-2-e,10,547.32548,2312,5,3,16,62,block_4_1,block_8_1,cyclic_8_1,cyclic_32_1,cyclic_32_1,unroll_2,pipeline_1,unroll_16,unroll_2,pipeline_1,unroll_8,unroll_4,unroll_2,unroll_4,unroll_2,unroll_4,unroll_4,pipeline_1,unroll_2,unroll_64,unroll_2,unroll_2,unroll_16,unroll_2,unroll_8,unroll_8,pipeline_1,unroll_4,pipeline_1,unroll_2,unroll_4,pipeline_1,pipeline_1,unroll_8,unroll_4,unroll_8,pipeline_1,unroll_8,pipeline_1,pipeline_1,pipeline_1,unroll_2,pipeline_1,unroll_4,1,21.5,0.401369363382,False
workload_699.cpp,xczu7ev-ffvc1156-2-e,10,54.67828,2687,2,48,36,86,cyclic_2_1,block_16_1,block_16_1,block_4_1,cyclic_16_1,pipeline_1,pipeline_1,unroll_16,unroll_16,pipeline_1,pipeline_1,unroll_4,pipeline_1,pipeline_1,unroll_4,unroll_16,unroll_4,pipeline_1,unroll_2,unroll_32,unroll_2,unroll_2,unroll_16,pipeline_1,unroll_4,pipeline_1,unroll_8,unroll_2,pipeline_1,unroll_16,unroll_4,pipeline_1,unroll_16,unroll_8,pipeline_1,pipeline_1,unroll_4,unroll_8,unroll_16,unroll_2,pipeline_1,unroll_2,pipeline_1,pipeline_1,1,43,0.30864485625,False
workload_785.cpp,xczu7ev-ffvc1156-2-e,10,56.2114,2384,2,54,38,89,cyclic_2_1,block_16_1,block_16_1,block_4_1,cyclic_16_1,pipeline_1,unroll_16,unroll_16,unroll_16,pipeline_1,pipeline_1,unroll_4,unroll_2,pipeline_1,pipeline_1,unroll_4,unroll_4,pipeline_1,unroll_2,unroll_16,unroll_2,unroll_2,pipeline_1,pipeline_1,unroll_4,unroll_8,unroll_8,unroll_2,pipeline_1,unroll_2,unroll_2,pipeline_1,unroll_16,unroll_8,unroll_4,pipeline_1,unroll_4,pipeline_1,pipeline_1,pipeline_1,pipeline_1,unroll_2,pipeline_1,pipeline_1,1,45.75,0.281058154547,False
workload_629.cpp,xczu7ev-ffvc1156-2-e,10,56.19164,2565,2,46,35,85,cyclic_2_1,block_16_1,block_16_1,block_4_1,cyclic_16_1,unroll_4,pipeline_1,unroll_16,unroll_16,pipeline_1,pipeline_1,unroll_4,pipeline_1,pipeline_1,pipeline_1,unroll_4,unroll_4,pipeline_1,unroll_2,unroll_16,unroll_2,unroll_2,pipeline_1,pipeline_1,unroll_4,unroll_2,unroll_8,unroll_2,pipeline_1,unroll_16,unroll_2,pipeline_1,unroll_16,unroll_8,pipeline_1,pipeline_1,unroll_4,pipeline_1,unroll_16,unroll_2,pipeline_1,unroll_2,pipeline_1,pipeline_1,1,42,0.326138135939,False
workload_558.cpp,xczu7ev-ffvc1156-2-e,10,64.11378,2373,2,49,38,93,cyclic_2_1,block_16_1,block_16_1,block_4_1,cyclic_16_1,unroll_4,pipeline_1,unroll_16,unroll_16,pipeline_1,pipeline_1,unroll_4,pipeline_1,pipeline_1,unroll_8,unroll_4,unroll_2,pipeline_1,unroll_8,unroll_2,unroll_2,unroll_2,unroll_16,pipeline_1,unroll_4,unroll_16,unroll_8,unroll_2,pipeline_1,unroll_16,unroll_2,pipeline_1,unroll_16,unroll_8,pipeline_1,pipeline_1,unroll_4,unroll_4,pipeline_1,pipeline_1,pipeline_1,unroll_16,unroll_2,unroll_16,1,45.5,0.281714059577,False
workload_397.cpp,xczu7ev-ffvc1156-2-e,10,63.09353,2497,2,51,37,92,cyclic_2_1,block_16_1,block_16_1,block_4_1,cyclic_16_1,unroll_4,pipeline_1,unroll_16,unroll_16,pipeline_1,pipeline_1,unroll_4,pipeline_1,pipeline_1,unroll_8,unroll_4,unroll_2,pipeline_1,unroll_8,unroll_64,unroll_2,unroll_2,unroll_16,unroll_2,unroll_4,unroll_16,pipeline_1,unroll_2,pipeline_1,unroll_16,unroll_2,pipeline_1,unroll_2,unroll_8,pipeline_1,pipeline_1,unroll_4,unroll_4,pipeline_1,unroll_2,pipeline_1,unroll_2,unroll_2,pipeline_1,1,45.5,0.282113723227,False
workload_589.cpp,xczu7ev-ffvc1156-2-e,10,60.43065,2363,2,47,37,89,cyclic_2_1,block_16_1,block_16_1,block_4_1,cyclic_16_1,unroll_4,unroll_8,unroll_16,unroll_16,pipeline_1,pipeline_1,unroll_4,pipeline_1,pipeline_1,unroll_4,unroll_4,unroll_2,pipeline_1,unroll_8,unroll_16,unroll_2,unroll_2,unroll_8,pipeline_1,unroll_4,unroll_2,unroll_8,unroll_2,pipeline_1,unroll_16,unroll_2,pipeline_1,unroll_16,unroll_8,pipeline_1,pipeline_1,unroll_4,pipeline_1,pipeline_1,unroll_2,pipeline_1,unroll_2,unroll_2,pipeline_1,1,43.75,0.303186747789,False
workload_475.cpp,xczu7ev-ffvc1156-2-e,10,60.16601,2528,2,50,38,94,cyclic_2_1,block_16_1,block_16_1,block_4_1,cyclic_16_1,unroll_4,unroll_8,unroll_16,unroll_16,pipeline_1,pipeline_1,unroll_4,pipeline_1,pipeline_1,unroll_8,unroll_4,unroll_2,pipeline_1,unroll_8,unroll_32,unroll_2,unroll_2,unroll_16,pipeline_1,unroll_4,unroll_16,unroll_8,unroll_2,pipeline_1,unroll_16,unroll_2,pipeline_1,unroll_16,unroll_8,pipeline_1,pipeline_1,unroll_4,unroll_4,pipeline_1,unroll_2,pipeline_1,unroll_2,unroll_2,pipeline_1,1,46,0.275372015031,False
workload_496.cpp,xczu7ev-ffvc1156-2-e,10,61.59048,2447,2,47,35,85,cyclic_2_1,block_16_1,block_16_1,block_4_1,cyclic_16_1,unroll_4,unroll_8,unroll_16,unroll_16,pipeline_1,pipeline_1,unroll_4,pipeline_1,pipeline_1,unroll_8,unroll_4,unroll_4,pipeline_1,unroll_2,unroll_64,unroll_2,unroll_2,unroll_4,unroll_2,unroll_4,unroll_2,pipeline_1,unroll_2,pipeline_1,unroll_16,unroll_16,pipeline_1,unroll_2,unroll_8,pipeline_1,pipeline_1,unroll_4,unroll_4,unroll_16,unroll_2,pipeline_1,unroll_2,pipeline_1,pipeline_1,1,42.25,0.321868691287,False
workload_570.cpp,xczu7ev-ffvc1156-2-e,10,55.38012,2787,3,49,38,95,cyclic_2_1,block_16_1,block_16_1,block_4_1,cyclic_4_1,unroll_4,unroll_8,unroll_16,unroll_16,pipeline_1,pipeline_1,unroll_4,pipeline_1,pipeline_1,unroll_8,unroll_4,unroll_4,pipeline_1,unroll_2,unroll_32,unroll_2,unroll_2,unroll_16,pipeline_1,unroll_4,unroll_16,unroll_8,unroll_2,pipeline_1,unroll_16,unroll_2,pipeline_1,unroll_16,unroll_8,pipeline_1,pipeline_1,pipeline_1,unroll_4,pipeline_1,pipeline_1,pipeline_1,pipeline_1,unroll_2,pipeline_1,1,46.25,0.270900278017,False
workload_608.cpp,xczu7ev-ffvc1156-2-e,10,55.25276,2342,3,50,36,86,cyclic_2_1,block_16_1,block_16_1,block_4_1,cyclic_4_1,unroll_4,unroll_8,unroll_16,unroll_16,pipeline_1,pipeline_1,unroll_4,pipeline_1,pipeline_1,unroll_8,unroll_4,unroll_4,pipeline_1,unroll_2,unroll_32,unroll_2,unroll_2,unroll_16,pipeline_1,unroll_4,unroll_16,unroll_8,unroll_2,pipeline_1,unroll_16,unroll_2,pipeline_1,unroll_16,unroll_8,pipeline_1,pipeline_1,unroll_4,unroll_4,pipeline_1,pipeline_1,pipeline_1,unroll_2,unroll_2,pipeline_1,1,43.75,0.304831612848,False
workload_485.cpp,xczu7ev-ffvc1156-2-e,10,55.25276,2357,3,50,36,86,cyclic_2_1,block_16_1,block_16_1,block_4_1,cyclic_4_1,unroll_4,unroll_8,unroll_16,unroll_16,pipeline_1,unroll_8,unroll_4,pipeline_1,pipeline_1,unroll_8,unroll_4,unroll_4,pipeline_1,unroll_2,unroll_32,unroll_2,unroll_2,unroll_16,pipeline_1,unroll_4,unroll_16,unroll_8,unroll_2,pipeline_1,unroll_16,unroll_2,pipeline_1,unroll_16,unroll_8,pipeline_1,pipeline_1,unroll_4,unroll_4,pipeline_1,unroll_2,pipeline_1,pipeline_1,unroll_2,pipeline_1,1,43.75,0.304831612848,False
workload_401.cpp,xczu7ev-ffvc1156-2-e,10,58.63544,2524,3,50,36,89,cyclic_2_1,block_16_1,block_16_1,block_8_1,cyclic_16_1,unroll_2,unroll_8,unroll_16,unroll_16,pipeline_1,pipeline_1,unroll_4,pipeline_1,pipeline_1,unroll_8,unroll_4,unroll_2,pipeline_1,unroll_4,unroll_32,unroll_2,unroll_2,unroll_16,unroll_2,unroll_2,unroll_2,unroll_8,unroll_2,pipeline_1,unroll_16,unroll_2,pipeline_1,unroll_16,unroll_8,pipeline_1,pipeline_1,unroll_4,unroll_4,pipeline_1,unroll_2,pipeline_1,pipeline_1,unroll_2,pipeline_1,1,44.5,0.29304087835,False
workload_463.cpp,xczu7ev-ffvc1156-2-e,10,58.65854,2592,3,67,43,98,cyclic_2_1,block_16_1,block_16_1,block_8_1,cyclic_16_1,unroll_2,unroll_8,unroll_16,unroll_16,pipeline_1,pipeline_1,unroll_4,unroll_8,pipeline_1,unroll_8,unroll_4,unroll_2,pipeline_1,unroll_4,unroll_32,unroll_2,unroll_2,unroll_16,unroll_2,pipeline_1,unroll_16,pipeline_1,unroll_2,pipeline_1,unroll_16,unroll_2,pipeline_1,unroll_16,unroll_8,pipeline_1,pipeline_1,unroll_4,unroll_4,pipeline_1,unroll_2,pipeline_1,unroll_2,pipeline_1,pipeline_1,1,52.75,0.190655400568,False
workload_455.cpp,xczu7ev-ffvc1156-2-e,10,63.09353,2521,3,51,37,94,cyclic_2_1,block_16_1,block_16_1,block_8_1,cyclic_16_1,unroll_4,pipeline_1,unroll_16,unroll_16,pipeline_1,pipeline_1,unroll_4,pipeline_1,pipeline_1,unroll_8,unroll_4,unroll_2,pipeline_1,unroll_8,unroll_64,unroll_2,unroll_2,unroll_16,unroll_2,unroll_2,unroll_16,pipeline_1,unroll_2,pipeline_1,unroll_16,unroll_2,pipeline_1,unroll_2,unroll_8,pipeline_1,pipeline_1,unroll_4,unroll_4,pipeline_1,unroll_2,pipeline_1,unroll_2,unroll_2,pipeline_1,1,46.25,0.269894561516,False
workload_512.cpp,xczu7ev-ffvc1156-2-e,10,62.55413,2458,6,47,35,86,cyclic_2_1,block_16_1,block_16_1,block_8_1,cyclic_16_1,unroll_4,unroll_8,unroll_16,unroll_16,pipeline_1,pipeline_1,unroll_4,pipeline_1,pipeline_1,unroll_8,unroll_4,unroll_2,pipeline_1,unroll_4,unroll_2,unroll_2,unroll_2,unroll_16,unroll_2,pipeline_1,unroll_16,pipeline_1,unroll_2,pipeline_1,unroll_16,unroll_2,pipeline_1,unroll_16,unroll_8,pipeline_1,pipeline_1,unroll_4,unroll_4,pipeline_1,unroll_2,unroll_8,unroll_2,pipeline_1,unroll_16,1,43.5,0.303921745317,False
workload_374.cpp,xczu7ev-ffvc1156-2-e,10,60.16601,2573,3,50,38,96,cyclic_2_1,block_16_1,block_16_1,block_8_1,cyclic_16_1,unroll_4,unroll_8,unroll_16,unroll_16,pipeline_1,pipeline_1,unroll_4,pipeline_1,pipeline_1,unroll_8,unroll_4,unroll_2,pipeline_1,unroll_8,unroll_32,unroll_2,unroll_2,unroll_16,pipeline_1,unroll_2,unroll_16,unroll_8,unroll_2,pipeline_1,unroll_16,unroll_2,pipeline_1,unroll_16,unroll_8,pipeline_1,pipeline_1,unroll_4,unroll_4,pipeline_1,unroll_2,pipeline_1,unroll_2,unroll_2,pipeline_1,1,46.75,0.259957195109,False
workload_801.cpp,xczu7ev-ffvc1156-2-e,10,54.5378,2383,4,37,32,76,cyclic_2_1,block_16_1,block_16_1,block_8_1,cyclic_32_1,pipeline_1,pipeline_1,unroll_16,unroll_16,pipeline_1,pipeline_1,unroll_16,pipeline_1,pipeline_1,unroll_8,pipeline_1,unroll_2,pipeline_1,unroll_2,unroll_64,unroll_2,unroll_2,unroll_8,pipeline_1,pipeline_1,unroll_8,pipeline_1,unroll_2,pipeline_1,unroll_16,unroll_2,pipeline_1,unroll_16,unroll_8,pipeline_1,pipeline_1,unroll_8,unroll_8,pipeline_1,unroll_2,pipeline_1,unroll_16,unroll_8,pipeline_1,1,37.25,0.390194800749,False
workload_874.cpp,xczu7ev-ffvc1156-2-e,10,55.28676,2614,4,39,34,86,cyclic_2_1,block_16_1,block_16_1,block_8_1,cyclic_32_1,unroll_2,unroll_4,unroll_16,unroll_16,pipeline_1,pipeline_1,unroll_16,pipeline_1,pipeline_1,unroll_8,pipeline_1,unroll_2,pipeline_1,unroll_2,unroll_64,unroll_16,unroll_2,unroll_8,pipeline_1,unroll_2,unroll_8,pipeline_1,unroll_2,pipeline_1,unroll_16,unroll_2,pipeline_1,unroll_16,unroll_8,pipeline_1,pipeline_1,pipeline_1,pipeline_1,pipeline_1,unroll_2,pipeline_1,unroll_2,unroll_8,pipeline_1,1,40.75,0.343706800425,False
workload_796.cpp,xczu7ev-ffvc1156-2-e,10,54.56844,2342,4,40,34,80,cyclic_2_1,block_16_1,block_16_1,block_8_1,cyclic_32_1,unroll_4,pipeline_1,unroll_16,unroll_16,pipeline_1,unroll_8,unroll_16,pipeline_1,pipeline_1,unroll_8,unroll_16,unroll_2,pipeline_1,unroll_2,unroll_64,unroll_2,unroll_2,unroll_8,pipeline_1,pipeline_1,unroll_16,pipeline_1,unroll_2,unroll_4,unroll_16,unroll_2,pipeline_1,unroll_16,unroll_8,pipeline_1,pipeline_1,unroll_8,unroll_8,pipeline_1,unroll_2,pipeline_1,unroll_16,unroll_8,pipeline_1,1,39.5,0.349464601849,False
workload_724.cpp,xczu7ev-ffvc1156-2-e,10,54.71692,2443,4,42,34,80,cyclic_2_1,block_16_1,block_16_1,block_8_1,cyclic_32_1,unroll_4,pipeline_1,unroll_16,unroll_16,pipeline_1,unroll_8,unroll_4,pipeline_1,pipeline_1,unroll_8,unroll_16,unroll_2,pipeline_1,unroll_2,unroll_32,unroll_2,unroll_2,unroll_16,pipeline_1,pipeline_1,unroll_16,pipeline_1,unroll_2,unroll_4,unroll_16,unroll_8,pipeline_1,unroll_16,unroll_8,pipeline_1,pipeline_1,unroll_4,unroll_4,pipeline_1,unroll_2,pipeline_1,pipeline_1,unroll_8,pipeline_1,1,40,0.350115586705,False
workload_713.cpp,xczu7ev-ffvc1156-2-e,10,54.71692,2671,4,48,35,84,cyclic_2_1,block_16_1,block_16_1,block_8_1,cyclic_32_1,unroll_4,pipeline_1,unroll_16,unroll_2,pipeline_1,unroll_8,unroll_4,pipeline_1,pipeline_1,unroll_8,unroll_16,unroll_2,pipeline_1,unroll_2,unroll_32,unroll_2,unroll_2,unroll_16,pipeline_1,pipeline_1,unroll_16,pipeline_1,unroll_2,unroll_4,unroll_16,unroll_2,pipeline_1,unroll_16,unroll_8,pipeline_1,pipeline_1,unroll_4,unroll_4,pipeline_1,unroll_2,pipeline_1,pipeline_1,unroll_2,pipeline_1,1,42.75,0.314664432641,False
workload_762.cpp,xczu7ev-ffvc1156-2-e,10,86.9986,2468,4,48,32,83,cyclic_2_1,block_16_1,block_16_1,block_8_1,cyclic_4_1,pipeline_1,pipeline_1,unroll_16,unroll_2,pipeline_1,pipeline_1,unroll_16,unroll_2,pipeline_1,pipeline_1,unroll_2,unroll_2,pipeline_1,unroll_2,unroll_32,pipeline_1,unroll_2,unroll_16,pipeline_1,pipeline_1,pipeline_1,pipeline_1,unroll_2,pipeline_1,unroll_2,unroll_4,pipeline_1,unroll_8,unroll_8,unroll_16,unroll_2,unroll_2,unroll_8,pipeline_1,pipeline_1,pipeline_1,pipeline_1,pipeline_1,pipeline_1,1,41.75,0.31670489989,False
workload_614.cpp,xczu7ev-ffvc1156-2-e,10,85.108,3138,8,29,26,71,cyclic_2_1,block_16_1,block_16_1,block_8_1,cyclic_4_1,pipeline_1,pipeline_1,unroll_16,unroll_2,pipeline_1,pipeline_1,unroll_16,unroll_4,pipeline_1,unroll_8,pipeline_1,unroll_2,pipeline_1,unroll_2,unroll_32,pipeline_1,unroll_2,unroll_16,pipeline_1,unroll_2,pipeline_1,pipeline_1,unroll_2,pipeline_1,unroll_2,unroll_4,pipeline_1,unroll_8,unroll_8,unroll_16,unroll_8,unroll_2,unroll_8,pipeline_1,pipeline_1,pipeline_1,pipeline_1,pipeline_1,unroll_4,1,33.5,0.458613805695,False
workload_582.cpp,xczu7ev-ffvc1156-2-e,10,85.108,2459,8,29,26,71,cyclic_2_1,block_16_1,block_16_1,block_8_1,cyclic_4_1,pipeline_1,pipeline_1,unroll_16,unroll_2,pipeline_1,pipeline_1,unroll_16,unroll_4,pipeline_1,unroll_8,pipeline_1,unroll_2,pipeline_1,unroll_2,unroll_32,unroll_4,unroll_2,unroll_16,pipeline_1,unroll_2,pipeline_1,pipeline_1,unroll_2,pipeline_1,unroll_2,unroll_4,pipeline_1,unroll_8,unroll_8,unroll_16,unroll_8,unroll_2,unroll_8,pipeline_1,pipeline_1,pipeline_1,pipeline_1,pipeline_1,pipeline_1,1,33.5,0.458613805695,False
workload_725.cpp,xczu7ev-ffvc1156-2-e,10,52.468,2457,9,57,38,90,cyclic_2_1,block_16_1,block_16_1,block_8_1,cyclic_4_1,pipeline_1,pipeline_1,unroll_16,unroll_4,pipeline_1,pipeline_1,unroll_4,unroll_4,pipeline_1,unroll_8,pipeline_1,unroll_2,pipeline_1,unroll_4,unroll_32,unroll_4,unroll_2,unroll_16,pipeline_1,unroll_2,unroll_2,pipeline_1,unroll_2,pipeline_1,unroll_2,unroll_4,pipeline_1,unroll_8,unroll_8,pipeline_1,pipeline_1,unroll_2,unroll_8,pipeline_1,pipeline_1,pipeline_1,pipeline_1,pipeline_1,pipeline_1,1,48.5,0.236067299183,False
workload_521.cpp,xczu7ev-ffvc1156-2-e,10,85.85004,2342,8,29,26,74,cyclic_2_1,block_16_1,block_16_1,block_8_1,cyclic_4_1,pipeline_1,unroll_8,unroll_16,unroll_2,pipeline_1,pipeline_1,unroll_16,pipeline_1,pipeline_1,pipeline_1,unroll_4,unroll_2,pipeline_1,unroll_2,unroll_32,unroll_4,unroll_2,unroll_8,pipeline_1,unroll_2,pipeline_1,pipeline_1,unroll_2,pipeline_1,unroll_2,unroll_4,pipeline_1,unroll_16,unroll_8,unroll_16,unroll_8,unroll_4,unroll_2,unroll_16,unroll_2,pipeline_1,pipeline_1,pipeline_1,pipeline_1,1,34.25,0.437210670951,False
workload_554.cpp,xczu7ev-ffvc1156-2-e,10,58.28504,2404,6,48,35,85,cyclic_2_1,block_16_1,block_16_1,block_8_1,cyclic_4_1,unroll_4,unroll_8,unroll_16,unroll_16,pipeline_1,pipeline_1,unroll_4,pipeline_1,pipeline_1,unroll_8,unroll_4,unroll_4,pipeline_1,unroll_2,unroll_64,unroll_2,unroll_2,unroll_4,pipeline_1,unroll_4,unroll_2,pipeline_1,unroll_2,pipeline_1,unroll_16,unroll_16,pipeline_1,unroll_2,unroll_8,pipeline_1,pipeline_1,unroll_4,unroll_4,unroll_16,unroll_2,pipeline_1,unroll_2,pipeline_1,pipeline_1,1,43.5,0.304967048709,False
workload_667.cpp,xczu7ev-ffvc1156-2-e,10,55.25276,2544,4,50,36,87,cyclic_2_1,block_16_1,block_16_1,block_8_1,cyclic_4_1,unroll_4,unroll_8,unroll_16,unroll_16,pipeline_1,unroll_8,unroll_16,pipeline_1,pipeline_1,unroll_8,unroll_4,unroll_4,pipeline_1,unroll_2,unroll_32,unroll_2,unroll_2,unroll_16,pipeline_1,unroll_4,pipeline_1,unroll_8,unroll_2,pipeline_1,unroll_16,unroll_2,pipeline_1,unroll_16,unroll_8,pipeline_1,pipeline_1,unroll_4,unroll_4,unroll_16,pipeline_1,pipeline_1,unroll_2,unroll_8,unroll_4,1,44.25,0.298873135865,False
workload_723.cpp,xczu7ev-ffvc1156-2-e,10,56.33224,2654,2,53,40,92,cyclic_2_1,block_16_1,block_16_1,cyclic_128_1,cyclic_32_1,pipeline_1,unroll_8,unroll_16,unroll_2,pipeline_1,unroll_8,unroll_4,pipeline_1,pipeline_1,unroll_8,unroll_4,unroll_4,pipeline_1,unroll_2,unroll_64,unroll_2,unroll_2,unroll_16,pipeline_1,unroll_4,unroll_16,pipeline_1,unroll_2,unroll_4,unroll_16,unroll_2,pipeline_1,unroll_16,unroll_8,pipeline_1,pipeline_1,unroll_2,unroll_4,pipeline_1,unroll_2,pipeline_1,pipeline_1,unroll_2,pipeline_1,1,46.75,0.259970742874,False
workload_774.cpp,xczu7ev-ffvc1156-2-e,10,307.70707,3358,1,20,33,80,cyclic_2_1,block_16_1,block_16_1,cyclic_128_1,cyclic_32_1,unroll_4,pipeline_1,unroll_16,unroll_2,pipeline_1,unroll_8,unroll_4,pipeline_1,unroll_4,unroll_8,pipeline_1,unroll_4,pipeline_1,unroll_2,unroll_32,unroll_2,unroll_2,unroll_16,pipeline_1,unroll_4,unroll_8,pipeline_1,unroll_2,unroll_4,unroll_16,unroll_2,pipeline_1,unroll_16,unroll_8,pipeline_1,pipeline_1,unroll_4,unroll_4,pipeline_1,unroll_2,pipeline_1,unroll_2,unroll_2,unroll_4,1,33.5,0.396948233622,False
workload_658.cpp,xczu7ev-ffvc1156-2-e,10,308.71207,2497,1,20,30,72,cyclic_2_1,block_16_1,block_16_1,cyclic_128_1,cyclic_32_1,unroll_4,pipeline_1,unroll_16,unroll_2,pipeline_1,unroll_8,unroll_4,pipeline_1,unroll_4,unroll_8,unroll_4,unroll_4,pipeline_1,unroll_2,unroll_32,unroll_2,unroll_2,unroll_16,pipeline_1,unroll_4,unroll_16,pipeline_1,unroll_2,unroll_4,unroll_16,unroll_2,pipeline_1,unroll_16,unroll_8,pipeline_1,pipeline_1,unroll_4,unroll_4,pipeline_1,unroll_2,pipeline_1,pipeline_1,unroll_2,pipeline_1,1,30.75,0.474987442554,False
workload_809.cpp,xczu7ev-ffvc1156-2-e,10,319.25499,1562,3,3,20,64,cyclic_2_1,block_16_1,block_16_1,cyclic_128_1,cyclic_4_1,unroll_4,pipeline_1,unroll_16,unroll_2,pipeline_1,unroll_8,unroll_4,pipeline_1,unroll_4,unroll_8,unroll_4,unroll_4,pipeline_1,unroll_2,unroll_64,unroll_2,unroll_2,unroll_8,pipeline_1,unroll_4,unroll_16,pipeline_1,unroll_2,unroll_4,unroll_16,unroll_2,pipeline_1,unroll_16,unroll_8,pipeline_1,unroll_2,unroll_4,unroll_4,pipeline_1,unroll_2,pipeline_1,pipeline_1,unroll_2,pipeline_1,1,22.5,0.641126513098,False
workload_672.cpp,xczu7ev-ffvc1156-2-e,10,87.30508,2805,6,29,26,69,cyclic_2_1,block_16_1,block_16_1,cyclic_16_1,cyclic_4_1,pipeline_1,pipeline_1,unroll_16,unroll_16,pipeline_1,unroll_8,unroll_16,unroll_4,pipeline_1,unroll_4,unroll_16,unroll_4,pipeline_1,unroll_2,unroll_32,unroll_2,unroll_2,unroll_16,pipeline_1,unroll_2,pipeline_1,pipeline_1,unroll_2,unroll_8,unroll_2,unroll_4,pipeline_1,unroll_8,unroll_8,pipeline_1,unroll_8,unroll_4,unroll_8,unroll_16,pipeline_1,pipeline_1,unroll_16,pipeline_1,unroll_4,1,32.5,0.472857197387,False
workload_585.cpp,xczu7ev-ffvc1156-2-e,10,90.29274,2810,6,30,26,70,cyclic_2_1,block_16_1,block_16_1,cyclic_16_1,cyclic_4_1,pipeline_1,unroll_8,unroll_16,unroll_16,pipeline_1,unroll_8,unroll_16,unroll_8,pipeline_1,unroll_4,unroll_8,unroll_4,pipeline_1,unroll_2,unroll_32,unroll_2,unroll_2,unroll_16,pipeline_1,pipeline_1,pipeline_1,pipeline_1,pipeline_1,unroll_4,unroll_2,unroll_2,pipeline_1,unroll_8,unroll_8,pipeline_1,unroll_8,unroll_4,pipeline_1,unroll_16,unroll_2,pipeline_1,unroll_16,pipeline_1,unroll_4,1,33,0.459867071848,False
workload_660.cpp,xczu7ev-ffvc1156-2-e,10,90.29274,2554,6,30,26,70,cyclic_2_1,block_16_1,block_16_1,cyclic_16_1,cyclic_4_1,pipeline_1,unroll_8,unroll_16,unroll_16,pipeline_1,unroll_8,unroll_16,unroll_8,pipeline_1,unroll_4,unroll_8,unroll_4,pipeline_1,unroll_2,unroll_32,unroll_2,unroll_2,unroll_16,pipeline_1,pipeline_1,pipeline_1,pipeline_1,pipeline_1,unroll_4,unroll_2,unroll_2,pipeline_1,unroll_8,unroll_8,unroll_16,unroll_8,unroll_4,pipeline_1,unroll_16,unroll_2,pipeline_1,unroll_16,pipeline_1,unroll_4,1,33,0.459867071848,False
workload_751.cpp,xczu7ev-ffvc1156-2-e,10,56.70808,2567,4,41,32,78,cyclic_2_1,block_16_1,block_16_1,cyclic_32_1,block_4_1,unroll_2,pipeline_1,unroll_16,unroll_16,pipeline_1,unroll_8,unroll_16,pipeline_1,pipeline_1,unroll_4,pipeline_1,unroll_2,pipeline_1,unroll_2,unroll_64,pipeline_1,unroll_2,unroll_8,pipeline_1,pipeline_1,unroll_16,pipeline_1,unroll_2,pipeline_1,unroll_2,unroll_2,pipeline_1,unroll_2,unroll_8,pipeline_1,pipeline_1,unroll_8,unroll_8,pipeline_1,unroll_2,pipeline_1,unroll_2,pipeline_1,pipeline_1,1,38.75,0.356058236158,False
workload_486.cpp,xczu7ev-ffvc1156-2-e,10,452.82807,848,6,8,22,54,cyclic_2_1,block_16_1,block_16_1,cyclic_32_1,block_4_1,unroll_2,unroll_8,unroll_16,unroll_16,pipeline_1,pipeline_1,unroll_4,pipeline_1,unroll_2,unroll_2,unroll_4,unroll_2,pipeline_1,unroll_4,unroll_32,unroll_4,unroll_2,unroll_16,unroll_2,unroll_2,unroll_2,unroll_8,pipeline_1,pipeline_1,unroll_2,unroll_4,pipeline_1,unroll_16,unroll_8,pipeline_1,pipeline_1,pipeline_1,pipeline_1,pipeline_1,unroll_2,unroll_8,unroll_2,pipeline_1,pipeline_1,1,22.5,0.502770447929,False
workload_887.cpp,xczu7ev-ffvc1156-2-e,10,54.86702,2555,4,34,32,78,cyclic_2_1,block_16_1,block_16_1,cyclic_32_1,block_4_1,unroll_2,unroll_8,unroll_16,unroll_16,pipeline_1,unroll_8,unroll_16,unroll_8,pipeline_1,pipeline_1,unroll_4,unroll_2,pipeline_1,unroll_2,unroll_64,pipeline_1,unroll_2,unroll_8,pipeline_1,pipeline_1,unroll_16,pipeline_1,unroll_2,pipeline_1,unroll_16,unroll_2,pipeline_1,unroll_16,unroll_8,pipeline_1,pipeline_1,unroll_8,unroll_8,unroll_2,unroll_2,pipeline_1,unroll_2,pipeline_1,pipeline_1,1,37,0.390000393343,False
workload_680.cpp,xczu7ev-ffvc1156-2-e,10,249.70202,576,4,6,18,42,cyclic_2_1,block_16_1,block_16_1,cyclic_32_1,block_4_1,unroll_2,unroll_8,unroll_16,unroll_16,pipeline_1,unroll_8,unroll_16,unroll_8,unroll_2,pipeline_1,pipeline_1,unroll_2,pipeline_1,unroll_2,unroll_64,pipeline_1,unroll_2,unroll_8,pipeline_1,pipeline_1,unroll_16,pipeline_1,unroll_2,pipeline_1,unroll_2,unroll_2,pipeline_1,unroll_16,unroll_8,pipeline_1,pipeline_1,unroll_8,unroll_8,unroll_16,unroll_2,pipeline_1,unroll_2,pipeline_1,pipeline_1,1,17.5,0.8340655599,False
workload_789.cpp,xczu7ev-ffvc1156-2-e,10,428.25286,749,4,6,22,56,cyclic_2_1,block_16_1,block_16_1,cyclic_32_1,block_4_1,unroll_2,unroll_8,unroll_16,unroll_16,pipeline_1,unroll_8,unroll_16,unroll_8,unroll_2,unroll_4,pipeline_1,unroll_2,pipeline_1,unroll_2,unroll_64,unroll_2,unroll_2,unroll_8,pipeline_1,pipeline_1,unroll_16,pipeline_1,unroll_2,pipeline_1,unroll_16,unroll_2,pipeline_1,unroll_16,unroll_8,pipeline_1,pipeline_1,unroll_8,unroll_8,pipeline_1,unroll_2,pipeline_1,unroll_2,unroll_8,pipeline_1,1,22,0.546204813655,False
workload_831.cpp,xczu7ev-ffvc1156-2-e,10,86.09494,2552,0,57,33,85,cyclic_2_1,block_16_1,block_16_1,cyclic_32_1,cyclic_16_1,unroll_4,pipeline_1,unroll_16,unroll_16,pipeline_1,pipeline_1,unroll_4,unroll_8,pipeline_1,pipeline_1,unroll_4,unroll_4,pipeline_1,unroll_2,unroll_16,unroll_2,unroll_2,unroll_8,pipeline_1,unroll_4,unroll_2,unroll_8,unroll_2,pipeline_1,unroll_16,unroll_2,pipeline_1,unroll_16,unroll_8,pipeline_1,unroll_2,unroll_4,unroll_8,unroll_2,unroll_2,pipeline_1,unroll_16,pipeline_1,pipeline_1,1,43.75,0.293213960242,False
workload_904.cpp,xczu7ev-ffvc1156-2-e,10,369.87244,586,0,7,15,40,cyclic_2_1,block_16_1,block_16_1,cyclic_32_1,cyclic_16_1,unroll_4,pipeline_1,unroll_16,unroll_16,pipeline_1,pipeline_1,unroll_4,unroll_8,unroll_2,pipeline_1,pipeline_1,unroll_4,pipeline_1,unroll_2,unroll_16,unroll_2,unroll_2,unroll_8,pipeline_1,unroll_4,unroll_2,unroll_8,unroll_2,pipeline_1,unroll_2,unroll_2,pipeline_1,unroll_16,unroll_8,pipeline_1,unroll_2,unroll_4,unroll_8,unroll_16,unroll_2,pipeline_1,unroll_16,pipeline_1,pipeline_1,1,15.5,0.83052762213,False
workload_903.cpp,xczu7ev-ffvc1156-2-e,10,324.06234,289,0,4,14,33,cyclic_2_1,block_16_1,block_16_1,cyclic_32_1,cyclic_32_1,unroll_2,unroll_8,unroll_16,unroll_16,pipeline_1,pipeline_1,unroll_4,unroll_8,unroll_2,pipeline_1,pipeline_1,unroll_4,pipeline_1,unroll_2,unroll_64,pipeline_1,unroll_2,unroll_16,pipeline_1,unroll_2,unroll_16,pipeline_1,unroll_2,pipeline_1,unroll_2,unroll_2,pipeline_1,unroll_16,unroll_8,pipeline_1,unroll_2,unroll_4,unroll_8,pipeline_1,unroll_2,pipeline_1,unroll_16,pipeline_1,pipeline_1,1,12.75,1,True
workload_933.cpp,xczu7ev-ffvc1156-2-e,10,289.30826,336,0,15,24,45,cyclic_2_1,block_16_1,block_16_1,cyclic_32_1,cyclic_32_1,unroll_2,unroll_8,unroll_16,unroll_16,pipeline_1,pipeline_1,unroll_4,unroll_8,unroll_2,unroll_4,pipeline_1,unroll_4,pipeline_1,unroll_2,unroll_64,pipeline_1,unroll_2,unroll_16,pipeline_1,pipeline_1,unroll_16,pipeline_1,unroll_2,pipeline_1,unroll_2,unroll_2,pipeline_1,unroll_16,unroll_8,pipeline_1,pipeline_1,unroll_8,unroll_8,pipeline_1,unroll_2,pipeline_1,unroll_16,pipeline_1,pipeline_1,1,21,0.683809974224,False
workload_919.cpp,xczu7ev-ffvc1156-2-e,10,444.92657,2991,0,18,34,99,cyclic_2_1,block_16_1,block_16_1,cyclic_32_1,cyclic_32_1,unroll_2,unroll_8,unroll_16,unroll_16,pipeline_1,unroll_8,unroll_4,pipeline_1,unroll_4,unroll_8,pipeline_1,unroll_4,pipeline_1,unroll_2,unroll_32,pipeline_1,unroll_2,unroll_8,pipeline_1,pipeline_1,unroll_16,pipeline_1,unroll_2,pipeline_1,unroll_2,unroll_8,pipeline_1,pipeline_1,unroll_8,pipeline_1,pipeline_1,unroll_8,unroll_8,pipeline_1,unroll_2,pipeline_1,unroll_16,unroll_8,pipeline_1,1,37.75,0.228992763381,False
workload_950.cpp,xczu7ev-ffvc1156-2-e,10,89.55814,2488,6,29,24,66,cyclic_2_1,block_16_1,block_16_1,cyclic_32_1,cyclic_4_1,pipeline_1,unroll_8,unroll_16,unroll_16,pipeline_1,unroll_8,unroll_16,unroll_8,pipeline_1,pipeline_1,unroll_16,unroll_4,pipeline_1,unroll_2,unroll_64,unroll_16,unroll_2,unroll_16,pipeline_1,pipeline_1,unroll_16,pipeline_1,unroll_2,pipeline_1,unroll_2,unroll_2,pipeline_1,unroll_2,unroll_8,unroll_16,unroll_2,unroll_8,unroll_8,pipeline_1,unroll_2,pipeline_1,unroll_16,pipeline_1,pipeline_1,1,31.25,0.491482180103,False
workload_756.cpp,xczu7ev-ffvc1156-2-e,10,364.83818,3004,4,29,32,68,cyclic_2_1,block_16_1,block_16_1,cyclic_32_1,cyclic_4_1,unroll_2,unroll_8,unroll_16,unroll_16,pipeline_1,unroll_16,unroll_4,unroll_8,unroll_4,pipeline_1,pipeline_1,unroll_2,pipeline_1,unroll_2,unroll_64,pipeline_1,unroll_2,unroll_16,unroll_8,pipeline_1,unroll_16,pipeline_1,unroll_2,pipeline_1,unroll_2,unroll_2,pipeline_1,unroll_16,unroll_8,pipeline_1,pipeline_1,unroll_8,unroll_8,unroll_16,pipeline_1,pipeline_1,unroll_2,pipeline_1,unroll_4,1,33.25,0.370730800835,False
workload_948.cpp,xczu7ev-ffvc1156-2-e,10,82.396,2377,4,37,25,73,cyclic_2_1,block_16_1,block_16_1,cyclic_32_1,cyclic_4_1,unroll_2,unroll_8,unroll_16,unroll_16,pipeline_1,unroll_8,unroll_16,pipeline_1,pipeline_1,pipeline_1,unroll_4,unroll_2,pipeline_1,unroll_2,unroll_64,unroll_2,unroll_2,unroll_16,pipeline_1,pipeline_1,unroll_16,pipeline_1,unroll_16,pipeline_1,unroll_16,unroll_2,pipeline_1,unroll_16,unroll_8,pipeline_1,unroll_8,unroll_8,unroll_8,unroll_2,unroll_2,pipeline_1,unroll_16,pipeline_1,pipeline_1,1,34.75,0.420641317454,False
workload_922.cpp,xczu7ev-ffvc1156-2-e,10,302.44879,2713,1,20,28,67,cyclic_2_1,block_16_1,block_16_1,cyclic_64_1,cyclic_32_1,pipeline_1,pipeline_1,unroll_16,unroll_2,pipeline_1,unroll_8,unroll_4,pipeline_1,unroll_4,unroll_4,unroll_4,unroll_4,pipeline_1,unroll_2,unroll_32,unroll_2,unroll_2,unroll_16,unroll_2,pipeline_1,unroll_16,pipeline_1,unroll_4,unroll_4,unroll_16,unroll_2,pipeline_1,unroll_16,unroll_8,pipeline_1,pipeline_1,unroll_4,unroll_4,pipeline_1,unroll_2,pipeline_1,pipeline_1,unroll_2,pipeline_1,1,29,0.52627401259,False
workload_332.cpp,xczu7ev-ffvc1156-2-e,10,62.56481,3447,3,50,38,97,cyclic_2_1,block_16_1,block_64_1,block_8_1,cyclic_16_1,unroll_4,unroll_8,unroll_16,unroll_16,pipeline_1,pipeline_1,unroll_4,pipeline_1,pipeline_1,unroll_8,unroll_4,unroll_2,pipeline_1,unroll_8,unroll_32,unroll_2,unroll_2,unroll_16,pipeline_1,unroll_2,unroll_16,unroll_8,unroll_2,pipeline_1,unroll_16,unroll_4,pipeline_1,unroll_2,unroll_8,pipeline_1,pipeline_1,unroll_4,unroll_4,pipeline_1,unroll_2,pipeline_1,unroll_2,unroll_2,pipeline_1,1,47,0.254601540032,False
workload_886.cpp,xczu7ev-ffvc1156-2-e,10,415.20996,330,8,17,22,40,cyclic_2_1,block_16_1,cyclic_8_1,block_8_1,cyclic_4_1,pipeline_1,unroll_8,unroll_16,unroll_2,pipeline_1,unroll_16,unroll_4,unroll_2,unroll_2,pipeline_1,pipeline_1,unroll_2,pipeline_1,unroll_4,unroll_64,pipeline_1,unroll_2,unroll_16,pipeline_1,pipeline_1,unroll_16,pipeline_1,unroll_4,unroll_4,unroll_2,unroll_2,pipeline_1,pipeline_1,unroll_8,unroll_4,pipeline_1,unroll_2,pipeline_1,pipeline_1,pipeline_1,pipeline_1,unroll_16,pipeline_1,unroll_4,1,21.75,0.568845566894,False
workload_954.cpp,xczu7ev-ffvc1156-2-e,10,48.75914,2672,3,45,36,85,cyclic_2_1,block_32_1,block_16_1,cyclic_32_1,cyclic_4_1,pipeline_1,unroll_8,unroll_16,unroll_2,pipeline_1,pipeline_1,unroll_4,unroll_8,pipeline_1,pipeline_1,pipeline_1,unroll_4,pipeline_1,unroll_4,unroll_32,pipeline_1,unroll_2,unroll_8,unroll_2,pipeline_1,unroll_16,pipeline_1,unroll_2,pipeline_1,unroll_16,unroll_2,pipeline_1,unroll_16,unroll_8,unroll_16,pipeline_1,unroll_8,unroll_8,pipeline_1,unroll_2,pipeline_1,unroll_16,pipeline_1,pipeline_1,1,42.25,1,True
workload_402.cpp,xczu7ev-ffvc1156-2-e,10,62.62168,2680,7,54,37,89,cyclic_2_1,block_64_1,block_16_1,block_8_1,block_4_1,unroll_4,unroll_8,unroll_16,unroll_2,pipeline_1,pipeline_1,pipeline_1,unroll_8,pipeline_1,unroll_8,unroll_4,unroll_2,pipeline_1,unroll_2,unroll_64,unroll_2,unroll_2,unroll_16,pipeline_1,pipeline_1,unroll_16,pipeline_1,unroll_2,pipeline_1,unroll_2,unroll_16,pipeline_1,unroll_2,unroll_8,pipeline_1,pipeline_1,unroll_4,pipeline_1,unroll_16,unroll_2,unroll_8,unroll_2,pipeline_1,unroll_8,1,46.75,0.259806021058,False
workload_779.cpp,xczu7ev-ffvc1156-2-e,10,241.12875,1803,4,23,28,78,cyclic_2_1,block_64_1,block_16_1,cyclic_16_1,cyclic_4_1,unroll_2,unroll_8,unroll_16,unroll_16,pipeline_1,unroll_8,unroll_4,pipeline_1,unroll_2,pipeline_1,pipeline_1,unroll_4,pipeline_1,unroll_4,unroll_64,unroll_2,unroll_2,unroll_16,pipeline_1,pipeline_1,unroll_16,pipeline_1,pipeline_1,pipeline_1,unroll_2,unroll_8,pipeline_1,unroll_16,unroll_8,pipeline_1,pipeline_1,unroll_4,pipeline_1,unroll_16,unroll_2,pipeline_1,unroll_2,pipeline_1,unroll_8,1,33.25,0.419635259531,False
workload_659.cpp,xczu7ev-ffvc1156-2-e,10,284.90515,870,3,4,12,51,cyclic_2_1,block_64_1,block_16_1,cyclic_32_1,block_4_1,pipeline_1,unroll_8,unroll_16,unroll_16,pipeline_1,unroll_16,unroll_4,pipeline_1,unroll_2,unroll_2,pipeline_1,unroll_4,pipeline_1,unroll_4,unroll_64,pipeline_1,unroll_2,unroll_16,pipeline_1,unroll_2,unroll_2,pipeline_1,unroll_4,pipeline_1,unroll_2,unroll_2,pipeline_1,unroll_16,unroll_8,pipeline_1,unroll_2,pipeline_1,pipeline_1,unroll_4,unroll_2,pipeline_1,unroll_2,pipeline_1,unroll_4,1,17.5,0.826057220761,False
workload_691.cpp,xczu7ev-ffvc1156-2-e,10,249.93871,1204,6,8,21,62,cyclic_2_1,block_64_1,block_16_1,cyclic_32_1,block_4_1,unroll_2,unroll_4,unroll_16,unroll_16,pipeline_1,pipeline_1,unroll_4,pipeline_1,unroll_2,unroll_2,unroll_4,unroll_2,pipeline_1,unroll_4,unroll_32,unroll_4,unroll_2,unroll_16,unroll_2,unroll_2,unroll_2,unroll_8,pipeline_1,pipeline_1,unroll_2,unroll_4,pipeline_1,unroll_16,unroll_8,pipeline_1,pipeline_1,pipeline_1,pipeline_1,unroll_4,unroll_2,pipeline_1,unroll_2,pipeline_1,unroll_8,1,24.25,0.673237896868,False
workload_623.cpp,xczu7ev-ffvc1156-2-e,10,248.96791,1540,4,8,22,59,cyclic_2_1,block_64_1,block_16_1,cyclic_32_1,block_4_1,unroll_2,unroll_8,unroll_16,unroll_16,pipeline_1,pipeline_1,unroll_4,pipeline_1,unroll_2,pipeline_1,pipeline_1,unroll_2,pipeline_1,unroll_4,unroll_64,pipeline_1,unroll_2,unroll_16,pipeline_1,unroll_2,unroll_16,pipeline_1,pipeline_1,pipeline_1,unroll_2,unroll_4,pipeline_1,unroll_16,unroll_8,pipeline_1,pipeline_1,unroll_4,pipeline_1,unroll_16,unroll_2,pipeline_1,unroll_2,pipeline_1,unroll_8,1,23.25,0.686237275703,False
workload_568.cpp,xczu7ev-ffvc1156-2-e,10,250.46027,1153,4,8,21,62,cyclic_2_1,block_64_1,block_16_1,cyclic_32_1,block_4_1,unroll_2,unroll_8,unroll_16,unroll_16,pipeline_1,pipeline_1,unroll_4,pipeline_1,unroll_2,unroll_2,pipeline_1,unroll_2,pipeline_1,unroll_4,unroll_64,pipeline_1,unroll_2,unroll_16,pipeline_1,unroll_2,unroll_2,pipeline_1,pipeline_1,pipeline_1,unroll_2,unroll_4,pipeline_1,unroll_16,unroll_8,pipeline_1,pipeline_1,pipeline_1,pipeline_1,unroll_4,unroll_2,pipeline_1,unroll_2,pipeline_1,unroll_8,1,23.75,0.681014496597,False
workload_715.cpp,xczu7ev-ffvc1156-2-e,10,250.46027,1255,4,8,21,62,cyclic_2_1,block_64_1,block_16_1,cyclic_32_1,block_4_1,unroll_2,unroll_8,unroll_16,unroll_16,pipeline_1,pipeline_1,unroll_4,pipeline_1,unroll_2,unroll_2,pipeline_1,unroll_2,pipeline_1,unroll_4,unroll_64,pipeline_1,unroll_2,unroll_16,pipeline_1,unroll_2,unroll_2,pipeline_1,pipeline_1,pipeline_1,unroll_2,unroll_4,pipeline_1,unroll_16,unroll_8,pipeline_1,pipeline_1,pipeline_1,pipeline_1,unroll_4,unroll_2,unroll_8,unroll_2,pipeline_1,unroll_8,1,23.75,0.681014496597,False
workload_470.cpp,xczu7ev-ffvc1156-2-e,10,249.93807,1128,6,8,21,63,cyclic_2_1,block_64_1,block_16_1,cyclic_32_1,block_4_1,unroll_2,unroll_8,unroll_16,unroll_16,pipeline_1,pipeline_1,unroll_4,pipeline_1,unroll_2,unroll_2,unroll_4,unroll_2,pipeline_1,unroll_4,unroll_32,unroll_4,unroll_2,unroll_16,unroll_2,unroll_2,unroll_2,unroll_8,pipeline_1,pipeline_1,unroll_2,unroll_4,pipeline_1,unroll_16,unroll_8,pipeline_1,pipeline_1,pipeline_1,pipeline_1,unroll_4,unroll_2,unroll_8,unroll_2,pipeline_1,unroll_8,1,24.5,0.66744820727,False
workload_837.cpp,xczu7ev-ffvc1156-2-e,10,409.79926,1339,4,11,27,80,cyclic_2_1,block_64_1,block_16_1,cyclic_32_1,block_4_1,unroll_2,unroll_8,unroll_16,unroll_16,pipeline_1,pipeline_1,unroll_4,unroll_2,unroll_2,pipeline_1,pipeline_1,unroll_2,pipeline_1,unroll_4,unroll_32,pipeline_1,unroll_2,unroll_16,pipeline_1,unroll_2,pipeline_1,pipeline_1,unroll_2,pipeline_1,unroll_2,unroll_4,pipeline_1,unroll_16,unroll_8,pipeline_1,pipeline_1,unroll_4,pipeline_1,unroll_16,unroll_2,pipeline_1,unroll_16,pipeline_1,unroll_8,1,30.5,0.394289765987,False
workload_865.cpp,xczu7ev-ffvc1156-2-e,10,421.68792,431,2,5,15,52,cyclic_2_1,block_64_1,block_16_1,cyclic_32_1,block_4_1,unroll_2,unroll_8,unroll_16,unroll_16,pipeline_1,pipeline_1,unroll_4,unroll_8,unroll_2,pipeline_1,pipeline_1,unroll_2,pipeline_1,unroll_4,unroll_64,pipeline_1,unroll_2,unroll_8,pipeline_1,unroll_2,unroll_16,unroll_8,pipeline_1,pipeline_1,unroll_2,unroll_2,pipeline_1,unroll_16,unroll_8,pipeline_1,unroll_2,unroll_4,unroll_8,unroll_2,unroll_2,pipeline_1,unroll_16,pipeline_1,pipeline_1,1,18.5,0.659478860233,False
workload_902.cpp,xczu7ev-ffvc1156-2-e,10,224.26313,506,7,22,24,58,cyclic_2_1,block_64_1,block_16_1,cyclic_32_1,cyclic_4_1,pipeline_1,unroll_8,unroll_16,pipeline_1,pipeline_1,pipeline_1,unroll_4,unroll_16,unroll_2,pipeline_1,pipeline_1,unroll_4,pipeline_1,unroll_4,unroll_32,pipeline_1,unroll_2,unroll_8,unroll_2,pipeline_1,unroll_16,pipeline_1,unroll_2,pipeline_1,unroll_2,unroll_2,pipeline_1,unroll_16,unroll_8,unroll_4,pipeline_1,unroll_4,unroll_8,unroll_8,unroll_2,pipeline_1,pipeline_1,pipeline_1,unroll_8,1,27.75,1,True
workload_830.cpp,xczu7ev-ffvc1156-2-e,10,51.62339,2853,4,67,43,99,cyclic_2_1,block_64_1,block_16_1,cyclic_32_1,cyclic_4_1,pipeline_1,unroll_8,unroll_16,unroll_16,pipeline_1,pipeline_1,unroll_4,unroll_16,pipeline_1,unroll_2,unroll_4,unroll_2,pipeline_1,unroll_4,unroll_32,unroll_4,unroll_2,unroll_8,unroll_2,pipeline_1,unroll_2,unroll_8,unroll_2,pipeline_1,unroll_2,unroll_2,pipeline_1,unroll_16,unroll_8,unroll_4,pipeline_1,unroll_8,unroll_8,unroll_4,unroll_2,pipeline_1,pipeline_1,pipeline_1,pipeline_1,1,53.25,0.181840899152,False
workload_840.cpp,xczu7ev-ffvc1156-2-e,10,227.45813,448,7,22,23,54,cyclic_2_1,block_64_1,block_16_1,cyclic_32_1,cyclic_4_1,pipeline_1,unroll_8,unroll_16,unroll_16,pipeline_1,pipeline_1,unroll_4,unroll_16,unroll_2,pipeline_1,unroll_4,unroll_2,pipeline_1,unroll_4,unroll_32,unroll_16,unroll_2,unroll_8,unroll_2,pipeline_1,unroll_2,pipeline_1,unroll_2,pipeline_1,unroll_2,unroll_2,pipeline_1,unroll_16,unroll_8,unroll_4,pipeline_1,unroll_4,unroll_8,unroll_4,unroll_2,pipeline_1,pipeline_1,pipeline_1,unroll_8,1,26.5,0.61733003963,False
workload_773.cpp,xczu7ev-ffvc1156-2-e,10,229.84313,455,7,22,23,53,cyclic_2_1,block_64_1,block_16_1,cyclic_32_1,cyclic_4_1,pipeline_1,unroll_8,unroll_16,unroll_16,pipeline_1,pipeline_1,unroll_4,unroll_16,unroll_2,unroll_2,unroll_4,unroll_2,pipeline_1,unroll_4,unroll_32,unroll_4,unroll_2,unroll_8,unroll_2,pipeline_1,unroll_2,unroll_8,unroll_2,pipeline_1,unroll_2,unroll_2,pipeline_1,unroll_16,unroll_8,unroll_4,pipeline_1,unroll_4,unroll_8,unroll_4,unroll_2,pipeline_1,pipeline_1,pipeline_1,unroll_8,1,26.25,0.617539314507,False
workload_907.cpp,xczu7ev-ffvc1156-2-e,10,229.57358,547,7,22,23,52,cyclic_2_1,block_64_1,block_16_1,cyclic_32_1,cyclic_4_1,pipeline_1,unroll_8,unroll_16,unroll_2,pipeline_1,pipeline_1,unroll_4,unroll_8,unroll_2,unroll_2,pipeline_1,unroll_2,pipeline_1,unroll_4,unroll_32,unroll_4,unroll_2,unroll_8,unroll_2,pipeline_1,unroll_8,unroll_8,unroll_2,pipeline_1,unroll_2,unroll_2,pipeline_1,unroll_16,unroll_8,unroll_16,pipeline_1,unroll_4,unroll_8,unroll_4,unroll_2,pipeline_1,pipeline_1,pipeline_1,pipeline_1,1,26,0.617619916159,False
workload_742.cpp,xczu7ev-ffvc1156-2-e,10,262.11975,762,2,2,12,50,cyclic_2_1,block_64_1,block_16_1,cyclic_32_1,cyclic_4_1,unroll_2,unroll_8,unroll_16,unroll_16,pipeline_1,pipeline_1,unroll_16,pipeline_1,unroll_2,unroll_2,unroll_4,unroll_2,pipeline_1,unroll_2,unroll_32,unroll_4,unroll_2,unroll_8,unroll_2,unroll_2,pipeline_1,unroll_8,unroll_2,pipeline_1,unroll_2,unroll_2,pipeline_1,unroll_16,unroll_8,unroll_16,unroll_8,pipeline_1,pipeline_1,unroll_4,unroll_2,pipeline_1,pipeline_1,pipeline_1,unroll_8,1,16.5,1,True
workload_553.cpp,xczu7ev-ffvc1156-2-e,10,232.98975,839,4,20,26,68,cyclic_2_1,block_64_1,block_16_1,cyclic_32_1,cyclic_4_1,unroll_2,unroll_8,unroll_16,unroll_16,pipeline_1,pipeline_1,unroll_4,pipeline_1,unroll_2,unroll_2,unroll_4,unroll_2,pipeline_1,unroll_4,unroll_32,unroll_4,unroll_2,unroll_8,unroll_2,unroll_2,unroll_2,unroll_8,unroll_2,pipeline_1,unroll_2,unroll_2,pipeline_1,unroll_16,unroll_8,pipeline_1,pipeline_1,pipeline_1,pipeline_1,unroll_4,unroll_2,pipeline_1,pipeline_1,pipeline_1,unroll_8,2,29.5,0.550475207412,False
workload_778.cpp,xczu7ev-ffvc1156-2-e,10,58.00207,2466,7,41,36,86,cyclic_2_1,block_8_1,block_16_1,block_8_1,cyclic_32_1,unroll_4,pipeline_1,unroll_16,unroll_16,pipeline_1,unroll_8,unroll_4,pipeline_1,pipeline_1,unroll_8,unroll_8,unroll_2,pipeline_1,unroll_4,unroll_32,unroll_2,unroll_2,unroll_16,pipeline_1,unroll_2,unroll_16,pipeline_1,unroll_2,unroll_4,unroll_2,unroll_8,pipeline_1,unroll_16,unroll_8,pipeline_1,pipeline_1,unroll_4,unroll_4,pipeline_1,unroll_2,pipeline_1,pipeline_1,unroll_8,pipeline_1,1,42.5,0.319376514075,False
workload_689.cpp,xczu7ev-ffvc1156-2-e,10,85.1068,2582,13,32,27,77,cyclic_2_1,block_8_1,block_16_1,block_8_1,cyclic_4_1,pipeline_1,pipeline_1,unroll_16,unroll_2,pipeline_1,pipeline_1,unroll_4,unroll_4,pipeline_1,unroll_8,pipeline_1,unroll_2,pipeline_1,unroll_2,unroll_32,unroll_16,unroll_2,unroll_16,pipeline_1,unroll_2,unroll_16,pipeline_1,unroll_2,pipeline_1,unroll_2,unroll_2,pipeline_1,unroll_8,unroll_8,unroll_16,unroll_8,unroll_2,unroll_8,pipeline_1,pipeline_1,pipeline_1,pipeline_1,pipeline_1,pipeline_1,1,37.25,0.379435046016,False
workload_698.cpp,xczu7ev-ffvc1156-2-e,10,85.86279,2557,7,43,26,78,cyclic_2_1,block_8_1,block_16_1,cyclic_32_1,block_4_1,pipeline_1,unroll_8,unroll_16,unroll_16,pipeline_1,unroll_8,unroll_4,pipeline_1,pipeline_1,unroll_2,unroll_8,unroll_4,pipeline_1,unroll_2,unroll_64,pipeline_1,unroll_2,unroll_16,pipeline_1,unroll_2,unroll_16,pipeline_1,unroll_4,pipeline_1,unroll_2,unroll_2,pipeline_1,unroll_16,unroll_8,pipeline_1,unroll_2,unroll_4,pipeline_1,unroll_4,unroll_2,pipeline_1,unroll_2,pipeline_1,pipeline_1,1,38.5,0.358445888915,False
workload_947.cpp,xczu7ev-ffvc1156-2-e,10,86.67654,2468,7,49,29,81,cyclic_2_1,block_8_1,block_16_1,cyclic_32_1,cyclic_16_1,pipeline_1,pipeline_1,unroll_16,unroll_16,pipeline_1,pipeline_1,unroll_4,unroll_8,pipeline_1,pipeline_1,unroll_4,unroll_4,pipeline_1,unroll_2,unroll_16,unroll_2,unroll_2,unroll_8,pipeline_1,unroll_4,unroll_2,unroll_8,unroll_2,pipeline_1,unroll_16,unroll_2,pipeline_1,unroll_16,unroll_8,pipeline_1,unroll_2,unroll_2,unroll_8,unroll_2,pipeline_1,pipeline_1,unroll_16,unroll_8,pipeline_1,1,41.5,0.319292833723,False
workload_761.cpp,xczu7ev-ffvc1156-2-e,10,92.06439,2451,8,34,24,70,cyclic_2_1,block_8_1,block_16_1,cyclic_32_1,cyclic_4_1,unroll_2,unroll_8,unroll_16,unroll_16,pipeline_1,unroll_8,unroll_4,pipeline_1,pipeline_1,unroll_4,unroll_8,unroll_4,pipeline_1,unroll_2,unroll_64,pipeline_1,unroll_2,unroll_16,pipeline_1,pipeline_1,unroll_16,pipeline_1,unroll_2,unroll_4,unroll_2,unroll_2,pipeline_1,unroll_2,unroll_8,unroll_16,unroll_2,unroll_4,unroll_8,unroll_16,unroll_2,pipeline_1,unroll_16,pipeline_1,pipeline_1,1,34,0.444563006035,False
workload_586.cpp,xczu7ev-ffvc1156-2-e,10,454.03398,2345,7,2,18,86,cyclic_2_1,block_8_1,cyclic_8_1,cyclic_16_1,cyclic_4_1,unroll_4,unroll_8,unroll_16,unroll_16,pipeline_1,pipeline_1,unroll_16,unroll_8,unroll_4,unroll_4,unroll_4,unroll_4,pipeline_1,unroll_2,unroll_64,unroll_2,unroll_2,unroll_8,pipeline_1,unroll_2,unroll_16,unroll_8,unroll_2,unroll_4,unroll_2,unroll_2,pipeline_1,unroll_8,unroll_8,pipeline_1,unroll_8,pipeline_1,pipeline_1,unroll_16,unroll_2,pipeline_1,unroll_2,unroll_8,pipeline_1,1,28.25,0.387619307633,False
workload_541.cpp,xczu7ev-ffvc1156-2-e,10,102.97922,2971,13,29,25,81,cyclic_2_1,block_8_1,cyclic_8_1,cyclic_16_1,cyclic_4_1,unroll_4,unroll_8,unroll_16,unroll_16,pipeline_1,unroll_8,unroll_16,unroll_8,pipeline_1,unroll_4,unroll_4,unroll_4,pipeline_1,unroll_2,unroll_64,unroll_2,unroll_2,unroll_8,pipeline_1,unroll_4,unroll_16,unroll_8,unroll_2,unroll_4,unroll_2,unroll_2,pipeline_1,unroll_8,unroll_8,pipeline_1,unroll_8,pipeline_1,pipeline_1,unroll_16,unroll_2,pipeline_1,unroll_2,pipeline_1,pipeline_1,1,37,0.374577492152,False
workload_802.cpp,xczu7ev-ffvc1156-2-e,10,53.20348,2557,5,40,36,93,cyclic_32_1,block_16_1,block_16_1,block_8_1,cyclic_4_1,pipeline_1,unroll_8,unroll_16,unroll_2,pipeline_1,unroll_16,unroll_4,unroll_2,pipeline_1,pipeline_1,unroll_16,unroll_2,pipeline_1,unroll_2,unroll_32,unroll_16,unroll_2,unroll_16,pipeline_1,unroll_2,unroll_16,pipeline_1,unroll_2,unroll_4,unroll_16,unroll_2,pipeline_1,pipeline_1,unroll_8,pipeline_1,pipeline_1,unroll_2,pipeline_1,pipeline_1,pipeline_1,pipeline_1,unroll_16,pipeline_1,pipeline_1,1,43.5,0.305574387739,False
workload_792.cpp,xczu7ev-ffvc1156-2-e,10,530.57,2384,3,3,18,52,cyclic_32_1,block_16_1,block_16_1,cyclic_128_1,cyclic_4_1,pipeline_1,pipeline_1,unroll_16,unroll_16,pipeline_1,unroll_16,unroll_16,unroll_2,unroll_4,unroll_8,pipeline_1,unroll_2,pipeline_1,unroll_2,unroll_64,unroll_16,unroll_2,unroll_8,pipeline_1,pipeline_1,unroll_16,pipeline_1,unroll_4,pipeline_1,unroll_2,unroll_2,pipeline_1,unroll_2,unroll_8,pipeline_1,unroll_2,unroll_8,unroll_8,pipeline_1,pipeline_1,pipeline_1,unroll_16,unroll_8,pipeline_1,1,19,0.465624659427,False
workload_916.cpp,xczu7ev-ffvc1156-2-e,10,85.72926,3379,2,31,26,80,cyclic_32_1,block_16_1,block_16_1,cyclic_16_1,cyclic_4_1,pipeline_1,pipeline_1,unroll_16,unroll_2,pipeline_1,unroll_16,unroll_4,unroll_8,pipeline_1,unroll_4,pipeline_1,unroll_2,pipeline_1,unroll_2,unroll_64,unroll_2,unroll_2,unroll_16,pipeline_1,pipeline_1,pipeline_1,pipeline_1,unroll_2,unroll_4,unroll_2,unroll_2,pipeline_1,unroll_8,unroll_8,pipeline_1,unroll_2,unroll_2,unroll_8,pipeline_1,unroll_2,pipeline_1,unroll_2,unroll_8,pipeline_1,1,34.75,0.421765173256,False
workload_952.cpp,xczu7ev-ffvc1156-2-e,10,85.7456,2998,2,34,25,79,cyclic_32_1,block_16_1,block_16_1,cyclic_16_1,cyclic_4_1,unroll_2,pipeline_1,unroll_16,unroll_2,pipeline_1,unroll_8,unroll_4,pipeline_1,pipeline_1,unroll_4,pipeline_1,unroll_2,pipeline_1,unroll_2,unroll_64,unroll_2,unroll_2,unroll_16,pipeline_1,pipeline_1,pipeline_1,pipeline_1,unroll_2,unroll_4,unroll_2,unroll_2,pipeline_1,unroll_8,unroll_8,pipeline_1,unroll_2,unroll_2,unroll_8,pipeline_1,unroll_2,pipeline_1,unroll_16,unroll_8,pipeline_1,1,35,0.414146508728,False
workload_763.cpp,xczu7ev-ffvc1156-2-e,10,619.58244,1242,2,4,17,70,cyclic_32_1,block_8_1,block_16_1,cyclic_128_1,cyclic_32_1,pipeline_1,pipeline_1,unroll_16,unroll_2,pipeline_1,unroll_16,unroll_4,unroll_4,unroll_4,unroll_8,unroll_8,unroll_4,pipeline_1,unroll_2,unroll_64,unroll_16,unroll_2,unroll_16,pipeline_1,unroll_8,unroll_8,pipeline_1,unroll_4,pipeline_1,unroll_2,unroll_2,pipeline_1,unroll_8,unroll_8,pipeline_1,unroll_2,unroll_2,unroll_8,pipeline_1,pipeline_1,unroll_4,unroll_16,unroll_8,pipeline_1,1,23.25,0.287087053466,False
workload_787.cpp,xczu7ev-ffvc1156-2-e,10,461.84274,547,4,5,12,48,cyclic_32_1,block_8_1,block_16_1,cyclic_32_1,cyclic_4_1,pipeline_1,unroll_8,unroll_16,unroll_2,pipeline_1,pipeline_1,unroll_16,unroll_8,unroll_4,pipeline_1,pipeline_1,unroll_4,pipeline_1,unroll_2,unroll_64,pipeline_1,unroll_2,unroll_16,pipeline_1,pipeline_1,pipeline_1,pipeline_1,unroll_2,pipeline_1,unroll_2,unroll_2,unroll_16,unroll_8,unroll_8,unroll_16,unroll_8,unroll_2,unroll_8,pipeline_1,pipeline_1,pipeline_1,pipeline_1,pipeline_1,pipeline_1,1,17.25,0.612964234098,False
workload_734.cpp,xczu7ev-ffvc1156-2-e,10,667.78104,958,2,5,16,69,cyclic_32_1,block_8_1,cyclic_8_1,cyclic_16_1,cyclic_32_1,pipeline_1,pipeline_1,unroll_16,unroll_16,pipeline_1,pipeline_1,unroll_4,unroll_4,unroll_4,unroll_8,pipeline_1,unroll_2,pipeline_1,unroll_2,unroll_64,unroll_16,unroll_2,unroll_16,pipeline_1,pipeline_1,unroll_16,pipeline_1,unroll_2,unroll_4,unroll_2,unroll_2,pipeline_1,unroll_8,unroll_8,pipeline_1,unroll_2,unroll_2,unroll_8,pipeline_1,pipeline_1,unroll_8,unroll_16,unroll_8,pipeline_1,1,23,0.239923666117,False
workload_642.cpp,xczu7ev-ffvc1156-2-e,10,100.36695,2435,7,32,27,84,cyclic_32_1,block_8_1,cyclic_8_1,cyclic_32_1,cyclic_32_1,pipeline_1,pipeline_1,unroll_16,unroll_2,pipeline_1,unroll_8,unroll_4,pipeline_1,pipeline_1,unroll_8,pipeline_1,unroll_4,pipeline_1,unroll_2,unroll_64,unroll_2,unroll_2,unroll_16,pipeline_1,unroll_8,unroll_16,pipeline_1,unroll_2,unroll_4,unroll_2,unroll_2,pipeline_1,unroll_16,unroll_8,pipeline_1,unroll_2,unroll_2,unroll_16,unroll_16,unroll_2,pipeline_1,unroll_2,pipeline_1,pipeline_1,1,37.5,0.369606823887,False
workload_555.cpp,xczu7ev-ffvc1156-2-e,10,55.1882,2375,4,51,37,88,cyclic_4_1,block_16_1,block_16_1,block_4_1,cyclic_4_1,unroll_4,unroll_8,unroll_16,unroll_16,pipeline_1,unroll_8,unroll_4,pipeline_1,pipeline_1,unroll_8,unroll_8,unroll_4,pipeline_1,unroll_2,unroll_32,unroll_2,unroll_2,unroll_16,pipeline_1,unroll_8,pipeline_1,pipeline_1,unroll_2,pipeline_1,unroll_16,unroll_2,pipeline_1,unroll_16,unroll_8,pipeline_1,pipeline_1,unroll_4,unroll_4,pipeline_1,unroll_2,pipeline_1,pipeline_1,unroll_2,pipeline_1,1,45,0.291099643946,False
workload_872.cpp,xczu7ev-ffvc1156-2-e,10,843.32932,701,8,3,18,51,cyclic_4_1,block_16_1,block_16_1,block_8_1,cyclic_32_1,pipeline_1,pipeline_1,unroll_16,unroll_2,pipeline_1,pipeline_1,unroll_4,unroll_4,unroll_2,unroll_8,pipeline_1,unroll_4,pipeline_1,unroll_2,unroll_64,unroll_4,unroll_2,unroll_16,pipeline_1,pipeline_1,unroll_8,pipeline_1,unroll_4,pipeline_1,unroll_2,unroll_2,pipeline_1,pipeline_1,unroll_8,unroll_4,unroll_2,pipeline_1,unroll_8,pipeline_1,pipeline_1,unroll_16,unroll_16,unroll_8,unroll_4,1,20,0.125292068851,False
workload_788.cpp,xczu7ev-ffvc1156-2-e,10,56.634,2348,5,42,33,78,cyclic_4_1,block_16_1,block_16_1,cyclic_16_1,block_4_1,pipeline_1,pipeline_1,unroll_16,unroll_16,pipeline_1,unroll_16,unroll_16,pipeline_1,pipeline_1,unroll_4,pipeline_1,unroll_2,pipeline_1,unroll_2,unroll_64,pipeline_1,unroll_2,unroll_8,pipeline_1,pipeline_1,unroll_16,pipeline_1,unroll_2,pipeline_1,unroll_2,unroll_2,pipeline_1,unroll_16,unroll_8,pipeline_1,pipeline_1,unroll_8,unroll_8,pipeline_1,unroll_2,pipeline_1,unroll_2,pipeline_1,pipeline_1,1,39.5,0.349858977945,False
workload_584.cpp,xczu7ev-ffvc1156-2-e,10,95.83163,2854,2,48,31,88,cyclic_4_1,block_16_1,block_16_1,cyclic_16_1,cyclic_16_1,pipeline_1,pipeline_1,unroll_16,unroll_16,pipeline_1,pipeline_1,unroll_16,unroll_8,pipeline_1,unroll_4,pipeline_1,unroll_4,pipeline_1,unroll_16,unroll_64,pipeline_1,unroll_2,unroll_16,pipeline_1,pipeline_1,unroll_16,pipeline_1,unroll_2,unroll_4,unroll_16,unroll_4,pipeline_1,pipeline_1,unroll_8,pipeline_1,unroll_2,unroll_4,unroll_8,pipeline_1,unroll_2,pipeline_1,unroll_2,unroll_8,pipeline_1,1,42.25,0.30763351474,False
workload_766.cpp,xczu7ev-ffvc1156-2-e,10,624.37498,767,2,4,14,46,cyclic_4_1,block_16_1,block_16_1,cyclic_16_1,cyclic_4_1,unroll_2,pipeline_1,unroll_16,unroll_16,pipeline_1,pipeline_1,unroll_16,unroll_8,unroll_2,pipeline_1,pipeline_1,unroll_4,pipeline_1,unroll_2,unroll_64,unroll_2,unroll_2,unroll_16,pipeline_1,pipeline_1,unroll_8,pipeline_1,unroll_4,pipeline_1,unroll_2,unroll_2,pipeline_1,pipeline_1,unroll_8,unroll_4,unroll_2,pipeline_1,unroll_8,pipeline_1,unroll_2,pipeline_1,unroll_2,unroll_8,pipeline_1,1,16.5,0.344981810266,False
workload_901.cpp,xczu7ev-ffvc1156-2-e,10,82.29896,2343,8,31,23,68,cyclic_4_1,block_16_1,block_16_1,cyclic_16_1,cyclic_4_1,unroll_2,pipeline_1,unroll_16,unroll_16,pipeline_1,pipeline_1,unroll_4,pipeline_1,pipeline_1,pipeline_1,unroll_8,unroll_4,pipeline_1,unroll_2,unroll_64,unroll_16,unroll_2,unroll_16,pipeline_1,pipeline_1,unroll_8,pipeline_1,unroll_2,unroll_4,unroll_2,unroll_2,pipeline_1,unroll_16,unroll_8,pipeline_1,unroll_8,unroll_4,unroll_8,unroll_16,unroll_2,pipeline_1,unroll_2,pipeline_1,unroll_4,1,32.5,1,True
workload_819.cpp,xczu7ev-ffvc1156-2-e,10,51.10484,2394,8,49,37,82,cyclic_4_1,block_16_1,block_16_1,cyclic_32_1,cyclic_4_1,unroll_2,pipeline_1,unroll_16,unroll_16,pipeline_1,unroll_8,unroll_4,pipeline_1,pipeline_1,unroll_4,unroll_8,unroll_4,pipeline_1,unroll_2,unroll_64,unroll_2,unroll_2,unroll_16,pipeline_1,pipeline_1,unroll_16,pipeline_1,unroll_2,unroll_4,unroll_2,unroll_2,pipeline_1,unroll_16,unroll_8,pipeline_1,pipeline_1,unroll_4,unroll_8,unroll_16,unroll_2,pipeline_1,pipeline_1,pipeline_1,unroll_4,1,44,0.304545234722,False
workload_768.cpp,xczu7ev-ffvc1156-2-e,10,87,2434,6,30,23,64,cyclic_4_1,block_16_1,block_16_1,cyclic_32_1,cyclic_4_1,unroll_2,unroll_8,unroll_16,unroll_2,pipeline_1,unroll_8,unroll_16,unroll_2,pipeline_1,unroll_4,unroll_8,unroll_4,pipeline_1,unroll_2,unroll_64,unroll_16,unroll_2,unroll_16,pipeline_1,pipeline_1,unroll_8,pipeline_1,unroll_2,pipeline_1,unroll_16,unroll_2,pipeline_1,pipeline_1,unroll_8,unroll_4,unroll_2,unroll_4,unroll_8,unroll_16,unroll_2,pipeline_1,unroll_2,pipeline_1,pipeline_1,1,30.75,1,True
workload_596.cpp,xczu7ev-ffvc1156-2-e,10,384.34064,2013,8,18,31,75,cyclic_4_1,block_16_1,block_8_1,block_8_1,cyclic_16_1,unroll_4,pipeline_1,unroll_16,unroll_2,pipeline_1,pipeline_1,unroll_4,pipeline_1,unroll_2,pipeline_1,pipeline_1,unroll_4,pipeline_1,unroll_16,unroll_16,pipeline_1,unroll_2,unroll_8,unroll_2,pipeline_1,unroll_16,pipeline_1,unroll_8,pipeline_1,unroll_16,unroll_2,pipeline_1,pipeline_1,unroll_8,unroll_16,pipeline_1,unroll_8,pipeline_1,unroll_16,unroll_2,pipeline_1,unroll_2,unroll_2,unroll_4,1,33,0.362682121696,False
workload_438.cpp,xczu7ev-ffvc1156-2-e,10,412.76969,999,4,16,33,99,cyclic_4_1,block_16_1,block_8_1,cyclic_32_1,cyclic_32_1,unroll_4,pipeline_1,unroll_16,unroll_2,pipeline_1,pipeline_1,unroll_4,unroll_2,unroll_2,pipeline_1,pipeline_1,unroll_4,pipeline_1,unroll_16,unroll_16,pipeline_1,unroll_2,unroll_8,unroll_2,pipeline_1,unroll_16,pipeline_1,unroll_8,pipeline_1,unroll_16,unroll_4,pipeline_1,pipeline_1,unroll_8,unroll_16,pipeline_1,unroll_8,pipeline_1,unroll_4,unroll_2,pipeline_1,unroll_2,unroll_2,unroll_4,1,38,0.240498528248,False
workload_532.cpp,xczu7ev-ffvc1156-2-e,10,165.66107,2381,8,39,27,90,cyclic_4_1,block_8_1,block_16_1,block_4_1,block_4_1,pipeline_1,pipeline_1,unroll_16,unroll_16,pipeline_1,unroll_8,unroll_16,pipeline_1,pipeline_1,unroll_4,pipeline_1,unroll_4,pipeline_1,unroll_2,unroll_64,unroll_2,unroll_2,unroll_16,pipeline_1,unroll_2,unroll_2,pipeline_1,pipeline_1,pipeline_1,unroll_16,unroll_4,pipeline_1,pipeline_1,unroll_8,pipeline_1,unroll_2,unroll_4,unroll_16,pipeline_1,unroll_2,unroll_8,unroll_2,unroll_8,pipeline_1,1,41,0.293471489199,False
workload_620.cpp,xczu7ev-ffvc1156-2-e,10,57.15808,2960,7,48,38,99,cyclic_4_1,block_8_1,block_16_1,block_4_1,cyclic_16_1,pipeline_1,pipeline_1,unroll_16,unroll_16,pipeline_1,pipeline_1,unroll_16,pipeline_1,pipeline_1,unroll_2,pipeline_1,unroll_2,pipeline_1,unroll_8,unroll_64,unroll_2,unroll_2,unroll_8,pipeline_1,unroll_2,unroll_2,unroll_8,unroll_2,pipeline_1,unroll_2,unroll_2,pipeline_1,pipeline_1,unroll_8,pipeline_1,pipeline_1,pipeline_1,unroll_16,unroll_4,unroll_2,pipeline_1,unroll_2,pipeline_1,pipeline_1,1,48,0.236281280185,False
workload_504.cpp,xczu7ev-ffvc1156-2-e,10,92.8376,2407,5,43,29,87,cyclic_4_1,block_8_1,block_16_1,block_4_1,cyclic_16_1,pipeline_1,pipeline_1,unroll_16,unroll_16,pipeline_1,pipeline_1,unroll_16,pipeline_1,pipeline_1,unroll_4,pipeline_1,unroll_2,pipeline_1,unroll_8,unroll_64,unroll_2,unroll_2,unroll_8,pipeline_1,unroll_2,unroll_2,pipeline_1,unroll_2,pipeline_1,unroll_16,unroll_2,pipeline_1,pipeline_1,unroll_8,pipeline_1,unroll_2,unroll_4,unroll_16,pipeline_1,unroll_2,pipeline_1,unroll_2,unroll_8,pipeline_1,1,41,0.325747621604,False
workload_441.cpp,xczu7ev-ffvc1156-2-e,10,86.44895,2378,6,43,27,79,cyclic_4_1,block_8_1,block_16_1,block_4_1,cyclic_4_1,pipeline_1,pipeline_1,unroll_16,unroll_16,pipeline_1,unroll_8,unroll_16,pipeline_1,pipeline_1,unroll_4,pipeline_1,unroll_4,pipeline_1,unroll_2,unroll_64,unroll_2,unroll_2,unroll_8,pipeline_1,unroll_2,unroll_2,pipeline_1,unroll_2,pipeline_1,unroll_16,unroll_2,pipeline_1,pipeline_1,unroll_8,pipeline_1,unroll_2,unroll_4,unroll_16,pipeline_1,unroll_2,pipeline_1,pipeline_1,unroll_8,pipeline_1,1,38.75,0.352962093886,False
workload_523.cpp,xczu7ev-ffvc1156-2-e,10,90.91463,2518,7,30,24,70,cyclic_4_1,block_8_1,block_16_1,cyclic_16_1,cyclic_16_1,pipeline_1,pipeline_1,unroll_16,unroll_16,pipeline_1,pipeline_1,unroll_16,unroll_8,pipeline_1,unroll_4,pipeline_1,unroll_4,pipeline_1,unroll_8,unroll_64,unroll_2,unroll_2,unroll_16,pipeline_1,pipeline_1,pipeline_1,pipeline_1,unroll_2,unroll_4,unroll_16,unroll_2,pipeline_1,pipeline_1,unroll_8,pipeline_1,unroll_2,unroll_4,unroll_8,pipeline_1,unroll_2,pipeline_1,unroll_2,unroll_8,pipeline_1,1,32.75,0.466350636555,False
workload_748.cpp,xczu7ev-ffvc1156-2-e,10,84.594,3218,8,33,23,70,cyclic_4_1,block_8_1,block_16_1,cyclic_16_1,cyclic_2_1,pipeline_1,unroll_8,unroll_16,unroll_2,pipeline_1,unroll_8,unroll_4,unroll_2,pipeline_1,pipeline_1,unroll_8,unroll_4,pipeline_1,unroll_2,unroll_64,unroll_2,unroll_2,unroll_16,unroll_8,pipeline_1,unroll_8,pipeline_1,unroll_2,unroll_4,unroll_16,unroll_2,pipeline_1,pipeline_1,unroll_8,unroll_4,unroll_2,unroll_4,unroll_16,unroll_16,unroll_2,pipeline_1,unroll_2,pipeline_1,unroll_4,1,33.5,0.458837550628,False
workload_683.cpp,xczu7ev-ffvc1156-2-e,10,88.56607,2824,7,34,26,77,cyclic_4_1,block_8_1,block_16_1,cyclic_16_1,cyclic_32_1,pipeline_1,pipeline_1,unroll_16,unroll_16,pipeline_1,pipeline_1,unroll_4,pipeline_1,pipeline_1,unroll_4,unroll_2,unroll_4,pipeline_1,unroll_2,unroll_64,pipeline_1,unroll_2,unroll_16,pipeline_1,pipeline_1,unroll_16,pipeline_1,unroll_2,unroll_4,unroll_2,unroll_2,pipeline_1,unroll_16,unroll_8,unroll_16,unroll_2,pipeline_1,unroll_8,unroll_16,unroll_2,pipeline_1,unroll_16,pipeline_1,pipeline_1,1,36,0.395104714196,False
workload_601.cpp,xczu7ev-ffvc1156-2-e,10,84.80487,2380,9,34,24,69,cyclic_4_1,block_8_1,block_16_1,cyclic_16_1,cyclic_4_1,pipeline_1,unroll_8,unroll_16,unroll_16,pipeline_1,unroll_16,unroll_4,pipeline_1,pipeline_1,unroll_4,unroll_8,unroll_4,pipeline_1,unroll_2,unroll_64,pipeline_1,unroll_2,unroll_16,pipeline_1,pipeline_1,unroll_16,pipeline_1,unroll_2,unroll_4,unroll_2,unroll_2,pipeline_1,unroll_16,unroll_8,unroll_16,unroll_2,unroll_4,unroll_8,unroll_16,unroll_2,pipeline_1,unroll_16,pipeline_1,pipeline_1,1,34,0.444759102254,False
workload_908.cpp,xczu7ev-ffvc1156-2-e,10,628.10998,746,4,4,12,45,cyclic_4_1,block_8_1,block_16_1,cyclic_16_1,cyclic_4_1,unroll_2,pipeline_1,unroll_16,unroll_16,pipeline_1,unroll_8,unroll_16,unroll_8,unroll_2,unroll_8,pipeline_1,unroll_4,pipeline_1,unroll_2,unroll_64,unroll_2,unroll_2,unroll_16,pipeline_1,pipeline_1,unroll_16,pipeline_1,unroll_4,pipeline_1,unroll_2,unroll_2,pipeline_1,pipeline_1,unroll_8,unroll_4,unroll_2,pipeline_1,unroll_8,pipeline_1,unroll_2,pipeline_1,unroll_2,unroll_8,pipeline_1,1,16.25,0.341366286412,False
workload_870.cpp,xczu7ev-ffvc1156-2-e,10,84.59411,2266,10,30,23,69,cyclic_4_1,block_8_1,block_16_1,cyclic_16_1,cyclic_4_1,unroll_2,pipeline_1,unroll_16,unroll_16,pipeline_1,unroll_8,unroll_4,pipeline_1,pipeline_1,unroll_8,unroll_8,unroll_4,pipeline_1,unroll_2,unroll_64,unroll_16,unroll_2,unroll_16,pipeline_1,pipeline_1,unroll_16,pipeline_1,unroll_2,unroll_4,unroll_2,unroll_2,pipeline_1,unroll_16,unroll_8,pipeline_1,unroll_8,unroll_4,unroll_8,unroll_16,unroll_2,pipeline_1,unroll_2,pipeline_1,unroll_4,1,33,0.459572165889,False
workload_959.cpp,xczu7ev-ffvc1156-2-e,10,84.60115,2517,10,29,25,76,cyclic_4_1,block_8_1,block_16_1,cyclic_16_1,cyclic_4_1,unroll_2,pipeline_1,unroll_16,unroll_2,pipeline_1,unroll_8,unroll_4,pipeline_1,pipeline_1,unroll_8,pipeline_1,unroll_4,pipeline_1,unroll_2,unroll_64,unroll_16,unroll_2,unroll_16,pipeline_1,pipeline_1,unroll_16,pipeline_1,unroll_2,pipeline_1,unroll_2,unroll_2,pipeline_1,unroll_16,unroll_8,pipeline_1,unroll_8,pipeline_1,unroll_8,pipeline_1,unroll_2,pipeline_1,pipeline_1,pipeline_1,unroll_4,1,35,0.414415549477,False
workload_686.cpp,xczu7ev-ffvc1156-2-e,10,90.96236,3087,7,34,27,86,cyclic_4_1,block_8_1,block_16_1,cyclic_32_1,cyclic_16_1,pipeline_1,pipeline_1,unroll_16,unroll_2,pipeline_1,unroll_8,unroll_16,pipeline_1,pipeline_1,unroll_4,pipeline_1,unroll_4,pipeline_1,unroll_8,unroll_64,pipeline_1,unroll_2,unroll_8,pipeline_1,pipeline_1,unroll_16,pipeline_1,unroll_2,unroll_4,unroll_16,unroll_2,pipeline_1,unroll_16,unroll_8,pipeline_1,unroll_8,unroll_4,unroll_8,unroll_16,unroll_2,pipeline_1,unroll_16,pipeline_1,pipeline_1,1,38.5,0.35670497404,False
workload_820.cpp,xczu7ev-ffvc1156-2-e,10,87.23124,2529,7,31,24,67,cyclic_4_1,block_8_1,block_16_1,cyclic_32_1,cyclic_32_1,pipeline_1,unroll_8,unroll_16,unroll_16,pipeline_1,unroll_16,unroll_16,unroll_4,pipeline_1,unroll_4,pipeline_1,unroll_4,pipeline_1,unroll_2,unroll_64,pipeline_1,unroll_2,unroll_16,pipeline_1,pipeline_1,unroll_16,pipeline_1,unroll_4,unroll_4,unroll_16,unroll_2,pipeline_1,pipeline_1,unroll_8,pipeline_1,unroll_2,unroll_8,unroll_8,unroll_16,unroll_2,pipeline_1,unroll_2,unroll_8,pipeline_1,1,32.25,0.475954750533,False
workload_561.cpp,xczu7ev-ffvc1156-2-e,10,402.13049,567,7,16,27,62,cyclic_4_1,block_8_1,block_8_1,cyclic_32_1,cyclic_32_1,unroll_4,pipeline_1,unroll_16,unroll_2,pipeline_1,pipeline_1,unroll_4,unroll_2,unroll_2,pipeline_1,pipeline_1,unroll_4,pipeline_1,unroll_8,unroll_16,unroll_2,unroll_2,unroll_8,unroll_2,pipeline_1,pipeline_1,pipeline_1,unroll_8,pipeline_1,unroll_16,unroll_2,pipeline_1,pipeline_1,unroll_8,unroll_16,pipeline_1,unroll_8,pipeline_1,unroll_4,unroll_2,pipeline_1,unroll_2,unroll_2,unroll_4,1,28,0.448344998297,False
workload_493.cpp,xczu7ev-ffvc1156-2-e,10,103.07914,2802,14,30,25,82,cyclic_4_1,block_8_1,cyclic_8_1,cyclic_16_1,cyclic_4_1,unroll_4,unroll_8,unroll_16,unroll_16,pipeline_1,unroll_8,unroll_16,unroll_8,pipeline_1,unroll_4,unroll_8,unroll_4,pipeline_1,unroll_2,unroll_64,unroll_2,unroll_2,unroll_8,pipeline_1,unroll_8,pipeline_1,pipeline_1,unroll_2,unroll_4,unroll_2,unroll_2,pipeline_1,unroll_8,unroll_8,pipeline_1,unroll_8,pipeline_1,pipeline_1,unroll_16,unroll_2,pipeline_1,unroll_2,pipeline_1,pipeline_1,1,37.75,0.364812970712,False
workload_733.cpp,xczu7ev-ffvc1156-2-e,10,551.42344,896,6,9,13,42,cyclic_4_1,block_8_1,cyclic_8_1,cyclic_32_1,cyclic_32_1,pipeline_1,pipeline_1,unroll_16,unroll_2,pipeline_1,unroll_16,unroll_4,unroll_2,unroll_2,pipeline_1,pipeline_1,unroll_4,pipeline_1,unroll_2,unroll_64,pipeline_1,unroll_2,unroll_16,unroll_8,unroll_8,unroll_8,pipeline_1,unroll_4,unroll_4,unroll_2,unroll_2,pipeline_1,pipeline_1,unroll_8,unroll_4,unroll_2,pipeline_1,unroll_8,pipeline_1,pipeline_1,pipeline_1,unroll_2,unroll_4,unroll_4,1,17.5,0.449126455259,False
workload_913.cpp,xczu7ev-ffvc1156-2-e,10,609.48428,1225,5,9,15,57,cyclic_4_1,block_8_1,cyclic_8_1,cyclic_32_1,cyclic_32_1,pipeline_1,unroll_8,unroll_16,unroll_2,pipeline_1,unroll_16,unroll_4,unroll_2,unroll_4,pipeline_1,unroll_4,unroll_4,pipeline_1,unroll_2,unroll_64,pipeline_1,unroll_2,unroll_16,unroll_8,pipeline_1,unroll_16,pipeline_1,unroll_4,unroll_4,unroll_2,unroll_2,pipeline_1,pipeline_1,unroll_8,unroll_4,unroll_2,pipeline_1,unroll_8,pipeline_1,pipeline_1,unroll_4,unroll_16,unroll_4,pipeline_1,1,21.5,0.320616339419,False
workload_559.cpp,xczu7ev-ffvc1156-2-e,10,56.8227,2777,8,37,33,85,cyclic_8_1,block_16_1,block_16_1,block_8_1,cyclic_16_1,unroll_4,pipeline_1,unroll_16,unroll_2,pipeline_1,pipeline_1,unroll_4,unroll_8,pipeline_1,pipeline_1,pipeline_1,unroll_4,pipeline_1,unroll_2,unroll_2,unroll_2,unroll_2,pipeline_1,pipeline_1,unroll_4,unroll_16,pipeline_1,unroll_2,pipeline_1,unroll_16,unroll_8,pipeline_1,unroll_16,unroll_8,pipeline_1,pipeline_1,pipeline_1,pipeline_1,unroll_16,pipeline_1,unroll_8,unroll_16,pipeline_1,unroll_16,1,40.75,0.343460584444,False
workload_580.cpp,xczu7ev-ffvc1156-2-e,10,56.45091,2813,8,37,34,83,cyclic_8_1,block_16_1,block_16_1,block_8_1,cyclic_16_1,unroll_4,pipeline_1,unroll_16,unroll_2,pipeline_1,unroll_8,unroll_4,unroll_8,pipeline_1,pipeline_1,pipeline_1,unroll_4,pipeline_1,unroll_2,unroll_2,unroll_2,unroll_2,pipeline_1,pipeline_1,unroll_4,unroll_16,pipeline_1,unroll_2,pipeline_1,unroll_16,unroll_8,pipeline_1,unroll_16,unroll_8,pipeline_1,pipeline_1,unroll_4,pipeline_1,unroll_16,unroll_2,unroll_8,unroll_16,pipeline_1,unroll_16,1,40.5,0.348288056696,False
workload_609.cpp,xczu7ev-ffvc1156-2-e,10,59.3667,2706,6,38,33,86,cyclic_8_1,block_16_1,block_16_1,block_8_1,cyclic_16_1,unroll_4,pipeline_1,unroll_16,unroll_2,pipeline_1,unroll_8,unroll_4,unroll_8,pipeline_1,unroll_2,pipeline_1,unroll_4,pipeline_1,unroll_2,unroll_2,unroll_2,unroll_2,pipeline_1,pipeline_1,unroll_4,unroll_2,pipeline_1,unroll_2,pipeline_1,unroll_16,unroll_8,pipeline_1,unroll_16,unroll_8,pipeline_1,pipeline_1,pipeline_1,pipeline_1,unroll_4,unroll_2,unroll_8,unroll_16,pipeline_1,unroll_16,1,40.75,0.342809989659,False
workload_329.cpp,xczu7ev-ffvc1156-2-e,10,56.81901,3203,8,48,39,98,cyclic_8_1,block_16_1,block_16_1,block_8_1,cyclic_16_1,unroll_4,unroll_8,unroll_16,unroll_16,pipeline_1,pipeline_1,unroll_4,pipeline_1,pipeline_1,unroll_8,pipeline_1,unroll_2,pipeline_1,unroll_8,unroll_32,unroll_2,unroll_2,unroll_16,pipeline_1,unroll_2,unroll_16,pipeline_1,unroll_2,pipeline_1,unroll_16,unroll_2,pipeline_1,unroll_16,unroll_8,pipeline_1,pipeline_1,unroll_4,unroll_4,pipeline_1,unroll_2,unroll_8,unroll_2,unroll_2,pipeline_1,1,48.25,0.236373013948,False
workload_452.cpp,xczu7ev-ffvc1156-2-e,10,58.2098,2457,8,48,38,90,cyclic_8_1,block_16_1,block_16_1,block_8_1,cyclic_16_1,unroll_4,unroll_8,unroll_16,unroll_16,pipeline_1,pipeline_1,unroll_4,pipeline_1,pipeline_1,unroll_8,unroll_4,unroll_2,pipeline_1,unroll_2,unroll_64,unroll_2,unroll_2,unroll_16,pipeline_1,unroll_2,unroll_16,pipeline_1,unroll_2,pipeline_1,unroll_16,unroll_4,pipeline_1,unroll_16,unroll_8,pipeline_1,pipeline_1,unroll_4,pipeline_1,unroll_16,unroll_2,unroll_8,unroll_2,unroll_2,pipeline_1,1,46,0.275813343844,False
workload_603.cpp,xczu7ev-ffvc1156-2-e,10,61.48211,2933,8,38,36,92,cyclic_8_1,block_16_1,block_16_1,block_8_1,cyclic_16_1,unroll_4,unroll_8,unroll_16,unroll_2,pipeline_1,pipeline_1,unroll_4,unroll_8,pipeline_1,unroll_4,pipeline_1,unroll_2,pipeline_1,unroll_8,unroll_2,unroll_2,unroll_2,unroll_8,pipeline_1,unroll_4,unroll_16,pipeline_1,unroll_2,pipeline_1,unroll_16,unroll_8,pipeline_1,unroll_16,unroll_8,pipeline_1,pipeline_1,pipeline_1,pipeline_1,pipeline_1,pipeline_1,unroll_8,unroll_16,unroll_2,unroll_16,1,43.5,0.3042139802,False
workload_557.cpp,xczu7ev-ffvc1156-2-e,10,57.70706,2451,9,41,37,87,cyclic_8_1,block_16_1,block_16_1,block_8_1,cyclic_4_1,unroll_2,unroll_8,unroll_16,unroll_16,pipeline_1,pipeline_1,unroll_16,unroll_8,pipeline_1,unroll_8,unroll_16,unroll_2,pipeline_1,unroll_2,unroll_64,unroll_2,unroll_2,unroll_16,pipeline_1,unroll_2,pipeline_1,pipeline_1,unroll_2,pipeline_1,unroll_16,unroll_16,pipeline_1,unroll_2,unroll_8,pipeline_1,pipeline_1,unroll_4,unroll_16,pipeline_1,unroll_2,unroll_8,unroll_2,pipeline_1,pipeline_1,1,43.5,0.305079248387,False
workload_209.cpp,xczu7ev-ffvc1156-2-e,10,59.84189,3362,9,46,39,97,cyclic_8_1,block_16_1,block_16_1,block_8_1,cyclic_4_1,unroll_2,unroll_8,unroll_16,unroll_16,pipeline_1,unroll_8,unroll_16,pipeline_1,pipeline_1,unroll_4,unroll_16,unroll_2,pipeline_1,unroll_8,unroll_64,unroll_2,unroll_2,unroll_8,pipeline_1,unroll_2,unroll_16,pipeline_1,unroll_2,pipeline_1,unroll_16,unroll_8,pipeline_1,unroll_2,unroll_8,pipeline_1,pipeline_1,unroll_4,unroll_16,pipeline_1,unroll_2,unroll_8,pipeline_1,pipeline_1,pipeline_1,1,47.75,0.238987213325,False
workload_467.cpp,xczu7ev-ffvc1156-2-e,10,57.82034,2377,9,39,36,87,cyclic_8_1,block_16_1,block_16_1,block_8_1,cyclic_4_1,unroll_2,unroll_8,unroll_16,unroll_16,pipeline_1,unroll_8,unroll_16,unroll_8,pipeline_1,unroll_8,unroll_16,unroll_2,pipeline_1,unroll_2,unroll_64,unroll_2,unroll_2,unroll_8,pipeline_1,unroll_2,unroll_16,pipeline_1,unroll_2,pipeline_1,unroll_16,unroll_16,pipeline_1,unroll_2,unroll_8,pipeline_1,pipeline_1,unroll_4,unroll_16,pipeline_1,unroll_2,unroll_8,pipeline_1,pipeline_1,pipeline_1,1,42.75,0.314262773626,False
workload_548.cpp,xczu7ev-ffvc1156-2-e,10,427.87855,771,10,13,25,60,cyclic_8_1,block_16_1,block_16_1,block_8_1,cyclic_4_1,unroll_2,unroll_8,unroll_16,unroll_2,pipeline_1,unroll_8,unroll_16,pipeline_1,unroll_2,unroll_4,pipeline_1,unroll_2,pipeline_1,unroll_2,unroll_16,unroll_2,unroll_2,unroll_8,pipeline_1,unroll_2,unroll_2,unroll_8,unroll_2,pipeline_1,unroll_16,unroll_2,pipeline_1,unroll_2,unroll_8,pipeline_1,pipeline_1,unroll_4,pipeline_1,pipeline_1,unroll_2,pipeline_1,unroll_2,unroll_8,pipeline_1,1,27,0.435406923781,False
workload_578.cpp,xczu7ev-ffvc1156-2-e,10,427.81855,796,10,13,25,60,cyclic_8_1,block_16_1,block_16_1,block_8_1,cyclic_4_1,unroll_2,unroll_8,unroll_16,unroll_2,pipeline_1,unroll_8,unroll_16,pipeline_1,unroll_2,unroll_4,pipeline_1,unroll_4,pipeline_1,unroll_2,unroll_16,unroll_2,unroll_2,unroll_8,pipeline_1,unroll_2,unroll_2,unroll_8,unroll_2,pipeline_1,unroll_16,unroll_2,pipeline_1,unroll_2,unroll_8,pipeline_1,pipeline_1,unroll_4,pipeline_1,pipeline_1,unroll_2,pipeline_1,unroll_2,unroll_8,pipeline_1,1,27,0.435475426031,False
workload_411.cpp,xczu7ev-ffvc1156-2-e,10,59.84947,2719,9,40,39,96,cyclic_8_1,block_16_1,block_16_1,block_8_1,cyclic_4_1,unroll_4,unroll_8,unroll_16,unroll_16,pipeline_1,unroll_8,unroll_16,unroll_8,pipeline_1,unroll_8,unroll_16,unroll_2,pipeline_1,unroll_8,unroll_64,unroll_2,unroll_2,unroll_8,pipeline_1,pipeline_1,unroll_16,pipeline_1,unroll_2,pipeline_1,unroll_16,unroll_8,pipeline_1,unroll_2,unroll_8,pipeline_1,pipeline_1,unroll_4,pipeline_1,pipeline_1,unroll_2,unroll_8,unroll_2,pipeline_1,pipeline_1,1,46,0.275448301828,False
workload_627.cpp,xczu7ev-ffvc1156-2-e,10,90.35254,2867,5,29,27,75,cyclic_8_1,block_16_1,block_16_1,cyclic_16_1,cyclic_4_1,pipeline_1,pipeline_1,unroll_16,unroll_16,pipeline_1,unroll_8,unroll_16,unroll_8,pipeline_1,unroll_8,unroll_8,unroll_4,pipeline_1,unroll_2,unroll_64,unroll_2,unroll_2,unroll_8,pipeline_1,pipeline_1,pipeline_1,pipeline_1,unroll_2,unroll_4,unroll_2,unroll_2,pipeline_1,unroll_8,unroll_8,pipeline_1,unroll_8,unroll_4,unroll_8,unroll_16,unroll_2,pipeline_1,unroll_16,pipeline_1,unroll_4,1,34,0.44484513713,False
workload_341.cpp,xczu7ev-ffvc1156-2-e,10,92.09422,3289,6,31,28,80,cyclic_8_1,block_16_1,block_16_1,cyclic_16_1,cyclic_4_1,pipeline_1,unroll_8,unroll_16,unroll_16,pipeline_1,unroll_8,unroll_16,unroll_8,pipeline_1,unroll_4,unroll_8,unroll_2,unroll_8,unroll_2,unroll_64,unroll_2,unroll_2,unroll_8,pipeline_1,pipeline_1,pipeline_1,pipeline_1,unroll_2,pipeline_1,unroll_16,unroll_8,pipeline_1,unroll_8,unroll_8,pipeline_1,unroll_8,unroll_4,unroll_16,unroll_16,unroll_2,pipeline_1,pipeline_1,pipeline_1,pipeline_1,1,36.25,0.389011099453,False
workload_915.cpp,xczu7ev-ffvc1156-2-e,10,50.64606,2598,8,49,38,81,cyclic_8_1,block_16_1,block_16_1,cyclic_16_1,cyclic_4_1,unroll_2,unroll_8,unroll_16,unroll_16,pipeline_1,unroll_8,unroll_4,unroll_8,pipeline_1,unroll_4,pipeline_1,unroll_4,pipeline_1,unroll_2,unroll_64,pipeline_1,unroll_2,unroll_16,pipeline_1,pipeline_1,unroll_16,pipeline_1,unroll_2,pipeline_1,unroll_2,unroll_8,pipeline_1,unroll_2,unroll_8,unroll_16,pipeline_1,unroll_8,unroll_8,pipeline_1,unroll_2,pipeline_1,unroll_16,pipeline_1,pipeline_1,1,44,0.304726335018,False
workload_199.cpp,xczu7ev-ffvc1156-2-e,10,58.82486,3098,6,49,42,95,cyclic_8_1,block_16_1,block_16_1,cyclic_16_1,cyclic_4_1,unroll_4,unroll_8,unroll_16,unroll_16,pipeline_1,unroll_8,unroll_16,unroll_8,pipeline_1,unroll_4,unroll_16,unroll_2,pipeline_1,unroll_4,unroll_64,unroll_2,unroll_2,unroll_8,pipeline_1,pipeline_1,unroll_16,pipeline_1,unroll_2,pipeline_1,unroll_16,unroll_8,pipeline_1,unroll_2,unroll_8,pipeline_1,pipeline_1,unroll_4,unroll_16,unroll_16,unroll_2,unroll_8,pipeline_1,pipeline_1,pipeline_1,1,48,0.23640979817,False
workload_928.cpp,xczu7ev-ffvc1156-2-e,10,373.60474,2399,6,11,26,56,cyclic_8_1,block_16_1,block_16_1,cyclic_32_1,block_4_1,unroll_2,unroll_8,unroll_16,unroll_16,pipeline_1,unroll_8,unroll_16,unroll_8,unroll_2,unroll_4,pipeline_1,unroll_2,pipeline_1,unroll_2,unroll_64,pipeline_1,unroll_2,unroll_8,pipeline_1,pipeline_1,unroll_16,pipeline_1,unroll_2,pipeline_1,unroll_16,unroll_2,pipeline_1,unroll_16,unroll_8,pipeline_1,pipeline_1,unroll_8,unroll_8,unroll_16,unroll_2,pipeline_1,unroll_2,pipeline_1,pipeline_1,1,24.75,0.540674150055,False
workload_540.cpp,xczu7ev-ffvc1156-2-e,10,51.71646,2382,6,40,35,81,cyclic_8_1,block_16_1,block_16_1,cyclic_32_1,cyclic_2_1,pipeline_1,pipeline_1,unroll_16,unroll_16,pipeline_1,unroll_8,unroll_16,unroll_8,pipeline_1,unroll_4,pipeline_1,unroll_4,pipeline_1,unroll_2,unroll_64,unroll_2,unroll_2,unroll_8,pipeline_1,pipeline_1,unroll_16,pipeline_1,unroll_2,pipeline_1,unroll_16,unroll_8,pipeline_1,pipeline_1,unroll_8,unroll_16,pipeline_1,unroll_8,unroll_16,pipeline_1,unroll_2,pipeline_1,unroll_16,pipeline_1,pipeline_1,1,40.5,1,True
workload_576.cpp,xczu7ev-ffvc1156-2-e,10,53.94712,2406,4,41,36,81,cyclic_8_1,block_16_1,block_16_1,cyclic_32_1,cyclic_32_1,pipeline_1,pipeline_1,unroll_16,unroll_16,pipeline_1,unroll_16,unroll_4,unroll_4,pipeline_1,unroll_8,pipeline_1,unroll_4,pipeline_1,unroll_2,unroll_64,unroll_16,unroll_2,unroll_8,pipeline_1,pipeline_1,unroll_16,pipeline_1,unroll_2,unroll_4,unroll_16,unroll_8,pipeline_1,unroll_8,unroll_8,pipeline_1,pipeline_1,unroll_8,unroll_8,pipeline_1,unroll_2,pipeline_1,unroll_16,pipeline_1,pipeline_1,1,40.5,0.349312461795,False
workload_644.cpp,xczu7ev-ffvc1156-2-e,10,84.99846,2932,5,31,26,73,cyclic_8_1,block_16_1,block_16_1,cyclic_32_1,cyclic_32_1,pipeline_1,pipeline_1,unroll_16,unroll_16,pipeline_1,unroll_8,unroll_16,unroll_8,pipeline_1,pipeline_1,pipeline_1,unroll_4,pipeline_1,unroll_2,unroll_64,pipeline_1,unroll_2,unroll_8,pipeline_1,unroll_8,unroll_16,pipeline_1,unroll_2,unroll_4,unroll_16,unroll_4,pipeline_1,pipeline_1,unroll_8,unroll_16,unroll_2,unroll_8,unroll_16,unroll_16,unroll_2,pipeline_1,unroll_16,unroll_4,pipeline_1,1,33.75,0.452454654834,False
workload_863.cpp,xczu7ev-ffvc1156-2-e,10,48.36052,2641,6,55,39,90,cyclic_8_1,block_16_1,block_16_1,cyclic_32_1,cyclic_4_1,pipeline_1,pipeline_1,unroll_16,unroll_16,pipeline_1,unroll_8,unroll_16,pipeline_1,pipeline_1,pipeline_1,pipeline_1,unroll_4,pipeline_1,unroll_2,unroll_64,unroll_2,unroll_2,unroll_8,pipeline_1,pipeline_1,unroll_16,pipeline_1,unroll_2,pipeline_1,unroll_16,unroll_8,pipeline_1,pipeline_1,unroll_8,unroll_16,pipeline_1,unroll_8,unroll_8,unroll_16,unroll_2,pipeline_1,unroll_16,pipeline_1,pipeline_1,1,47.5,0.242738166563,False
workload_613.cpp,xczu7ev-ffvc1156-2-e,10,82.11846,3038,6,31,25,72,cyclic_8_1,block_16_1,block_16_1,cyclic_32_1,cyclic_4_1,pipeline_1,pipeline_1,unroll_16,unroll_16,pipeline_1,unroll_8,unroll_16,unroll_8,pipeline_1,pipeline_1,pipeline_1,unroll_4,pipeline_1,unroll_2,unroll_64,pipeline_1,unroll_2,unroll_8,pipeline_1,pipeline_1,unroll_16,pipeline_1,unroll_2,unroll_4,unroll_16,unroll_4,pipeline_1,pipeline_1,unroll_8,unroll_16,unroll_2,unroll_8,unroll_16,unroll_16,unroll_2,pipeline_1,unroll_16,pipeline_1,pipeline_1,1,33.5,1,True
workload_791.cpp,xczu7ev-ffvc1156-2-e,10,49.17874,2844,6,51,41,97,cyclic_8_1,block_16_1,block_16_1,cyclic_32_1,cyclic_4_1,pipeline_1,pipeline_1,unroll_16,unroll_16,pipeline_1,unroll_8,unroll_16,unroll_8,pipeline_1,pipeline_1,pipeline_1,unroll_4,pipeline_1,unroll_2,unroll_64,unroll_16,unroll_2,unroll_16,pipeline_1,unroll_8,unroll_16,pipeline_1,unroll_2,unroll_4,unroll_16,unroll_8,pipeline_1,pipeline_1,unroll_8,pipeline_1,pipeline_1,unroll_2,unroll_16,unroll_16,pipeline_1,unroll_4,unroll_16,pipeline_1,pipeline_1,1,48.75,0.235738140147,False
workload_465.cpp,xczu7ev-ffvc1156-2-e,10,48.37146,2758,6,49,38,88,cyclic_8_1,block_16_1,block_16_1,cyclic_32_1,cyclic_4_1,pipeline_1,pipeline_1,unroll_16,unroll_16,pipeline_1,unroll_8,unroll_16,unroll_8,pipeline_1,pipeline_1,pipeline_1,unroll_4,pipeline_1,unroll_2,unroll_64,unroll_2,unroll_2,unroll_8,pipeline_1,pipeline_1,unroll_16,pipeline_1,unroll_2,pipeline_1,unroll_16,unroll_8,pipeline_1,pipeline_1,unroll_8,unroll_16,pipeline_1,unroll_8,unroll_16,unroll_16,unroll_2,pipeline_1,unroll_16,pipeline_1,pipeline_1,1,45.25,1,True
workload_938.cpp,xczu7ev-ffvc1156-2-e,10,48.76338,2928,6,49,40,92,cyclic_8_1,block_16_1,block_16_1,cyclic_32_1,cyclic_4_1,pipeline_1,pipeline_1,unroll_16,unroll_16,pipeline_1,unroll_8,unroll_16,unroll_8,pipeline_1,pipeline_1,pipeline_1,unroll_8,pipeline_1,unroll_2,unroll_64,unroll_2,unroll_2,unroll_8,pipeline_1,pipeline_1,unroll_16,pipeline_1,unroll_2,pipeline_1,unroll_16,unroll_8,pipeline_1,pipeline_1,unroll_8,unroll_4,pipeline_1,unroll_4,unroll_16,unroll_16,unroll_2,pipeline_1,unroll_16,pipeline_1,pipeline_1,1,46.75,0.259057229292,False
workload_671.cpp,xczu7ev-ffvc1156-2-e,10,86.70846,3047,6,31,26,73,cyclic_8_1,block_16_1,block_16_1,cyclic_32_1,cyclic_4_1,pipeline_1,pipeline_1,unroll_16,unroll_16,pipeline_1,unroll_8,unroll_4,unroll_8,pipeline_1,unroll_8,unroll_8,unroll_4,pipeline_1,unroll_2,unroll_64,unroll_2,unroll_2,unroll_8,pipeline_1,pipeline_1,unroll_16,pipeline_1,unroll_2,unroll_4,unroll_16,unroll_4,pipeline_1,pipeline_1,unroll_8,pipeline_1,unroll_2,unroll_8,unroll_16,unroll_16,unroll_2,pipeline_1,unroll_2,pipeline_1,pipeline_1,1,34,0.445004094397,False
workload_944.cpp,xczu7ev-ffvc1156-2-e,10,84.75516,2400,8,32,25,69,cyclic_8_1,block_16_1,block_16_1,cyclic_32_1,cyclic_4_1,pipeline_1,unroll_8,unroll_16,unroll_16,pipeline_1,unroll_8,unroll_16,pipeline_1,pipeline_1,unroll_4,pipeline_1,unroll_4,pipeline_1,unroll_2,unroll_64,unroll_2,unroll_2,unroll_16,pipeline_1,pipeline_1,unroll_16,pipeline_1,unroll_2,pipeline_1,unroll_16,unroll_8,pipeline_1,unroll_2,unroll_8,unroll_16,unroll_2,unroll_4,unroll_8,pipeline_1,unroll_2,pipeline_1,unroll_16,pipeline_1,pipeline_1,1,33.5,0.458767429217,False
workload_909.cpp,xczu7ev-ffvc1156-2-e,10,84.32594,2503,8,30,25,65,cyclic_8_1,block_16_1,block_16_1,cyclic_32_1,cyclic_4_1,pipeline_1,unroll_8,unroll_16,unroll_16,pipeline_1,unroll_8,unroll_16,unroll_8,pipeline_1,unroll_4,pipeline_1,unroll_4,pipeline_1,unroll_2,unroll_64,unroll_16,unroll_2,unroll_16,pipeline_1,pipeline_1,unroll_16,pipeline_1,unroll_2,pipeline_1,unroll_16,unroll_2,pipeline_1,unroll_2,unroll_8,unroll_16,unroll_2,unroll_8,unroll_8,pipeline_1,unroll_2,pipeline_1,unroll_16,pipeline_1,pipeline_1,1,32,1,True
workload_551.cpp,xczu7ev-ffvc1156-2-e,10,48.44474,2861,6,49,38,87,cyclic_8_1,block_16_1,block_16_1,cyclic_32_1,cyclic_4_1,unroll_2,pipeline_1,unroll_16,unroll_16,pipeline_1,unroll_8,unroll_16,unroll_8,pipeline_1,pipeline_1,pipeline_1,unroll_4,pipeline_1,unroll_2,unroll_64,unroll_2,unroll_2,unroll_8,pipeline_1,pipeline_1,unroll_16,pipeline_1,unroll_2,pipeline_1,unroll_16,unroll_8,pipeline_1,unroll_16,unroll_8,pipeline_1,pipeline_1,unroll_8,unroll_8,unroll_16,unroll_2,pipeline_1,unroll_16,pipeline_1,pipeline_1,1,45,1,True
workload_484.cpp,xczu7ev-ffvc1156-2-e,10,50.76974,2525,6,49,39,87,cyclic_8_1,block_16_1,block_16_1,cyclic_32_1,cyclic_4_1,unroll_2,pipeline_1,unroll_16,unroll_16,pipeline_1,unroll_8,unroll_16,unroll_8,pipeline_1,unroll_4,pipeline_1,unroll_4,pipeline_1,unroll_2,unroll_64,unroll_2,unroll_2,unroll_8,pipeline_1,pipeline_1,unroll_16,pipeline_1,unroll_2,pipeline_1,unroll_16,unroll_8,pipeline_1,unroll_2,unroll_8,pipeline_1,pipeline_1,unroll_8,unroll_8,pipeline_1,unroll_2,pipeline_1,unroll_16,pipeline_1,pipeline_1,1,45.25,0.289869902079,False
workload_795.cpp,xczu7ev-ffvc1156-2-e,10,48.48842,2350,8,47,38,83,cyclic_8_1,block_16_1,block_16_1,cyclic_32_1,cyclic_4_1,unroll_2,unroll_8,unroll_16,unroll_16,pipeline_1,unroll_8,unroll_16,unroll_8,pipeline_1,pipeline_1,pipeline_1,unroll_4,pipeline_1,unroll_2,unroll_64,unroll_2,unroll_2,unroll_8,pipeline_1,pipeline_1,unroll_16,pipeline_1,unroll_2,pipeline_1,unroll_16,unroll_2,pipeline_1,pipeline_1,unroll_8,unroll_16,pipeline_1,unroll_8,unroll_16,pipeline_1,unroll_2,pipeline_1,unroll_16,pipeline_1,pipeline_1,1,44,1,True
workload_815.cpp,xczu7ev-ffvc1156-2-e,10,50.77474,2632,5,58,41,90,cyclic_8_1,block_16_1,block_16_1,cyclic_32_1,cyclic_4_1,unroll_2,unroll_8,unroll_16,unroll_16,pipeline_1,unroll_8,unroll_4,unroll_8,pipeline_1,unroll_4,pipeline_1,unroll_4,pipeline_1,unroll_2,unroll_64,pipeline_1,unroll_2,unroll_8,pipeline_1,pipeline_1,unroll_16,pipeline_1,unroll_2,pipeline_1,unroll_16,unroll_2,pipeline_1,pipeline_1,unroll_8,unroll_16,pipeline_1,unroll_8,unroll_8,pipeline_1,unroll_2,pipeline_1,unroll_16,pipeline_1,pipeline_1,1,48.5,0.235827096579,False
workload_428.cpp,xczu7ev-ffvc1156-2-e,10,60.52716,2322,8,48,38,92,cyclic_8_1,block_16_1,block_64_1,block_8_1,cyclic_16_1,unroll_4,unroll_8,unroll_16,unroll_16,pipeline_1,pipeline_1,unroll_4,pipeline_1,pipeline_1,unroll_8,unroll_4,unroll_2,pipeline_1,unroll_2,unroll_32,unroll_2,unroll_2,unroll_16,pipeline_1,unroll_2,unroll_16,pipeline_1,unroll_2,pipeline_1,unroll_16,unroll_4,pipeline_1,unroll_2,unroll_8,pipeline_1,pipeline_1,unroll_4,unroll_4,pipeline_1,unroll_2,unroll_8,unroll_2,unroll_2,pipeline_1,1,46.5,0.265205157169,False
workload_507.cpp,xczu7ev-ffvc1156-2-e,10,56.74491,2546,9,39,39,92,cyclic_8_1,block_16_1,block_64_1,block_8_1,cyclic_16_1,unroll_4,unroll_8,unroll_16,unroll_16,pipeline_1,unroll_8,unroll_4,unroll_8,pipeline_1,unroll_8,pipeline_1,unroll_2,pipeline_1,unroll_8,unroll_32,unroll_2,unroll_2,unroll_16,pipeline_1,unroll_2,unroll_16,pipeline_1,unroll_2,pipeline_1,unroll_16,unroll_4,pipeline_1,unroll_2,unroll_8,pipeline_1,pipeline_1,unroll_4,unroll_4,pipeline_1,unroll_2,pipeline_1,unroll_2,unroll_2,unroll_4,1,44.75,0.292536975947,False
workload_599.cpp,xczu7ev-ffvc1156-2-e,10,108.15299,2865,13,29,30,88,cyclic_8_1,block_16_1,cyclic_8_1,block_8_1,cyclic_4_1,unroll_4,unroll_8,unroll_16,unroll_16,pipeline_1,unroll_8,unroll_16,unroll_8,pipeline_1,unroll_4,unroll_4,unroll_4,pipeline_1,unroll_2,unroll_2,unroll_2,unroll_2,unroll_8,pipeline_1,unroll_8,unroll_16,unroll_8,unroll_2,unroll_4,unroll_2,unroll_2,pipeline_1,unroll_8,unroll_8,pipeline_1,unroll_8,pipeline_1,pipeline_1,unroll_16,unroll_2,pipeline_1,unroll_2,pipeline_1,pipeline_1,1,40,0.332097804922,False
workload_816.cpp,xczu7ev-ffvc1156-2-e,10,167.05338,1893,8,47,38,98,cyclic_8_1,block_64_1,block_16_1,cyclic_32_1,cyclic_4_1,pipeline_1,pipeline_1,unroll_16,unroll_16,pipeline_1,unroll_8,unroll_16,unroll_8,unroll_2,pipeline_1,pipeline_1,unroll_4,pipeline_1,unroll_2,unroll_64,unroll_2,unroll_2,unroll_8,pipeline_1,pipeline_1,unroll_16,pipeline_1,unroll_2,pipeline_1,unroll_16,unroll_8,pipeline_1,pipeline_1,unroll_8,unroll_16,pipeline_1,unroll_4,unroll_16,unroll_16,unroll_2,pipeline_1,unroll_16,pipeline_1,unroll_8,1,47.75,0.21311649536,False
workload_936.cpp,xczu7ev-ffvc1156-2-e,10,48.26522,2588,13,51,36,82,cyclic_8_1,block_8_1,block_16_1,cyclic_16_1,cyclic_4_1,unroll_2,pipeline_1,unroll_16,pipeline_1,pipeline_1,unroll_8,unroll_4,unroll_8,pipeline_1,pipeline_1,pipeline_1,unroll_4,pipeline_1,unroll_2,unroll_64,pipeline_1,unroll_2,unroll_16,pipeline_1,pipeline_1,unroll_16,pipeline_1,unroll_2,pipeline_1,unroll_2,unroll_8,pipeline_1,unroll_2,unroll_8,unroll_16,pipeline_1,unroll_8,unroll_8,unroll_16,unroll_2,pipeline_1,unroll_16,pipeline_1,pipeline_1,1,45.5,1,True
workload_900.cpp,xczu7ev-ffvc1156-2-e,10,48.21715,2297,8,60,40,93,cyclic_8_1,block_8_1,block_16_1,cyclic_32_1,cyclic_4_1,pipeline_1,pipeline_1,unroll_16,unroll_16,pipeline_1,pipeline_1,unroll_16,pipeline_1,pipeline_1,pipeline_1,pipeline_1,unroll_4,pipeline_1,unroll_2,unroll_32,unroll_2,unroll_2,unroll_16,pipeline_1,pipeline_1,unroll_16,pipeline_1,unroll_2,pipeline_1,unroll_16,unroll_8,pipeline_1,pipeline_1,unroll_8,unroll_16,pipeline_1,unroll_8,unroll_8,pipeline_1,unroll_2,pipeline_1,unroll_16,pipeline_1,pipeline_1,1,50.25,1,True
workload_851.cpp,xczu7ev-ffvc1156-2-e,10,84.73898,2426,13,33,25,70,cyclic_8_1,block_8_1,block_16_1,cyclic_32_1,cyclic_4_1,unroll_2,pipeline_1,unroll_16,unroll_16,pipeline_1,unroll_8,unroll_16,unroll_8,pipeline_1,unroll_4,pipeline_1,unroll_8,pipeline_1,unroll_2,unroll_32,pipeline_1,unroll_2,unroll_16,pipeline_1,pipeline_1,pipeline_1,pipeline_1,unroll_2,unroll_4,unroll_2,unroll_2,pipeline_1,unroll_16,unroll_8,unroll_16,unroll_2,unroll_4,unroll_16,unroll_16,unroll_2,pipeline_1,unroll_16,pipeline_1,pipeline_1,1,35.25,0.410461346741,False
