Version,Device,Clock_Period_nsec,Latency_msec,Synthesis_Time_sec,BRAM_Utilization_percentage,DSP_Utilization_percentage,FF_Utilization_percentage,LUT_Utilization_percentage,Array_1,Array_2,Array_3,Array_4,Array_5,Array_6,OuterLoop_1,InnerLoop_1_1,Replicate_Count,Area,Weight,is_pareto
workload_351.cpp,xczu7ev-ffvc1156-2-e,10,0.27063,514,79,10,15,26,block_16_1,cyclic_2_1,cyclic_2_1,cyclic_2_1,complete_1,block_8_1,pipeline_1,pipeline_1,1,32.5,0.380025917698,False
workload_8.cpp,xczu7ev-ffvc1156-2-e,10,0.28094,563,78,10,23,33,block_16_1,cyclic_64_1,block_64_1,complete_1,cyclic_2_1,block_4_1,pipeline_1,unroll_2,1,36,0.314286416536,False
workload_65.cpp,xczu7ev-ffvc1156-2-e,10,0.28085,525,81,10,15,28,block_16_1,cyclic_64_1,cyclic_16_1,complete_1,cyclic_2_1,block_4_1,pipeline_1,unroll_2,1,33.5,0.359109650716,False
workload_19.cpp,xczu7ev-ffvc1156-2-e,10,1.05888,503,9,31,5,41,block_16_1,cyclic_8_1,cyclic_8_1,complete_1,block_2_1,block_8_1,unroll_8,unroll_4,1,21.5,0.103555115717,False
workload_77.cpp,xczu7ev-ffvc1156-2-e,10,1.04864,491,9,31,7,41,block_16_1,cyclic_8_1,cyclic_8_1,complete_1,block_8_1,cyclic_4_1,unroll_8,unroll_4,1,22,0.104410707042,False
workload_157.cpp,xczu7ev-ffvc1156-2-e,10,0.29657,2254,4,1,34,75,block_2_1,block_128_1,cyclic_128_1,block_4_1,cyclic_2_1,block_8_1,unroll_64,pipeline_1,1,28.5,0.455997496575,False
workload_143.cpp,xczu7ev-ffvc1156-2-e,10,0.28444,1469,4,1,32,31,block_2_1,block_128_1,cyclic_2_1,complete_1,complete_1,block_2_1,unroll_64,pipeline_1,1,17,0.731199126964,False
workload_569.cpp,xczu7ev-ffvc1156-2-e,10,0.21934,498,36,7,17,31,block_2_1,block_128_1,cyclic_4_1,complete_1,block_4_1,block_8_1,pipeline_1,pipeline_1,1,22.75,0.61161963929,False
workload_2.cpp,xczu7ev-ffvc1156-2-e,10,0.29656,1857,4,1,33,54,block_2_1,block_128_1,cyclic_64_1,complete_1,cyclic_2_1,block_8_1,unroll_64,pipeline_1,1,23,0.581194650611,False
workload_235.cpp,xczu7ev-ffvc1156-2-e,10,0.76383,2111,9,1,5,19,block_2_1,block_16_1,block_64_1,block_4_1,cyclic_2_1,cyclic_4_1,unroll_64,unroll_2,1,8.5,0.293543526509,False
workload_434.cpp,xczu7ev-ffvc1156-2-e,10,0.22138,156,23,3,13,20,block_2_1,block_2_1,cyclic_2_1,cyclic_2_1,cyclic_2_1,block_8_1,pipeline_1,pipeline_1,1,14.75,0.840332933399,False
workload_333.cpp,xczu7ev-ffvc1156-2-e,10,0.22138,156,23,3,13,20,block_2_1,block_2_1,cyclic_2_1,cyclic_4_1,cyclic_2_1,cyclic_4_1,pipeline_1,unroll_2,1,14.75,0.840332933399,False
workload_794.cpp,xczu7ev-ffvc1156-2-e,10,0.22138,156,23,3,13,20,block_2_1,block_2_1,cyclic_2_1,cyclic_8_1,complete_1,block_8_1,pipeline_1,pipeline_1,1,14.75,0.840332933399,False
workload_929.cpp,xczu7ev-ffvc1156-2-e,10,0.28632,1252,5,1,28,31,block_2_1,block_2_1,cyclic_4_1,cyclic_2_1,complete_1,block_8_1,unroll_64,pipeline_1,1,16.25,0.743918406034,False
workload_181.cpp,xczu7ev-ffvc1156-2-e,10,0.22138,171,32,3,13,24,block_2_1,block_32_1,cyclic_2_1,complete_1,complete_1,block_2_1,pipeline_1,pipeline_1,1,18,0.746233957154,False
workload_138.cpp,xczu7ev-ffvc1156-2-e,10,0.23171,269,23,3,29,34,block_2_1,block_4_1,block_128_1,cyclic_8_1,cyclic_4_1,cyclic_4_1,pipeline_1,unroll_16,1,22.25,0.624255383277,False
workload_30.cpp,xczu7ev-ffvc1156-2-e,10,0.28456,528,5,72,44,71,block_2_1,block_4_1,cyclic_128_1,block_4_1,cyclic_4_1,block_2_1,unroll_4,unroll_16,1,48,0.157647469834,False
workload_885.cpp,xczu7ev-ffvc1156-2-e,10,0.22138,157,23,3,13,21,block_2_1,block_4_1,cyclic_2_1,cyclic_2_1,block_2_1,block_8_1,pipeline_1,pipeline_1,1,15,0.83569031516,False
workload_15.cpp,xczu7ev-ffvc1156-2-e,10,0.2964,352,6,1,29,48,block_2_1,block_8_1,cyclic_4_1,block_8_1,complete_1,cyclic_4_1,unroll_8,pipeline_1,1,21,0.628952372435,False
workload_1.cpp,xczu7ev-ffvc1156-2-e,10,0.29595,1553,5,1,29,46,block_2_1,block_8_1,cyclic_64_1,cyclic_8_1,cyclic_4_1,cyclic_2_1,unroll_64,pipeline_1,1,20.25,0.647061305639,False
workload_169.cpp,xczu7ev-ffvc1156-2-e,10,0.22974,269,35,6,32,37,block_2_1,cyclic_128_1,block_128_1,cyclic_8_1,cyclic_2_1,cyclic_4_1,pipeline_1,unroll_4,1,27.5,0.492307425512,False
workload_866.cpp,xczu7ev-ffvc1156-2-e,10,0.30456,174,4,15,15,25,block_2_1,cyclic_128_1,cyclic_2_1,cyclic_8_1,block_4_1,block_8_1,unroll_2,unroll_16,1,14.75,0.745365947088,False
workload_438.cpp,xczu7ev-ffvc1156-2-e,10,0.21941,127,38,6,14,22,block_2_1,cyclic_16_1,cyclic_2_1,complete_1,block_4_1,block_8_1,pipeline_1,pipeline_1,1,20,0.687700708389,False
workload_234.cpp,xczu7ev-ffvc1156-2-e,10,0.76383,2089,4,1,7,23,block_2_1,cyclic_2_1,block_128_1,cyclic_4_1,cyclic_2_1,cyclic_4_1,unroll_64,unroll_2,1,8.75,0.292761331452,False
workload_201.cpp,xczu7ev-ffvc1156-2-e,10,0.21943,127,40,6,14,22,block_2_1,cyclic_2_1,block_4_1,cyclic_8_1,complete_1,cyclic_4_1,pipeline_1,unroll_2,1,20.5,0.673475940221,False
workload_258.cpp,xczu7ev-ffvc1156-2-e,10,0.6156,134,4,0,7,15,block_2_1,cyclic_2_1,block_64_1,cyclic_4_1,cyclic_2_1,cyclic_4_1,unroll_2,unroll_2,1,6.5,0.467035165083,False
workload_48.cpp,xczu7ev-ffvc1156-2-e,10,0.76383,1989,4,1,5,18,block_2_1,cyclic_2_1,block_64_1,cyclic_4_1,cyclic_2_1,cyclic_4_1,unroll_64,unroll_2,1,7,0.297476862191,False
workload_177.cpp,xczu7ev-ffvc1156-2-e,10,0.22967,142,36,6,16,25,block_2_1,cyclic_2_1,cyclic_128_1,block_2_1,complete_1,block_8_1,pipeline_1,pipeline_1,1,20.75,0.665692349894,False
workload_107.cpp,xczu7ev-ffvc1156-2-e,10,0.30672,387,4,1,30,56,block_2_1,cyclic_2_1,cyclic_128_1,block_4_1,block_4_1,block_2_1,unroll_8,pipeline_1,1,22.75,0.580892276,False
workload_124.cpp,xczu7ev-ffvc1156-2-e,10,0.22967,145,36,6,16,25,block_2_1,cyclic_2_1,cyclic_128_1,block_4_1,complete_1,block_8_1,pipeline_1,pipeline_1,1,20.75,0.665692349894,False
workload_123.cpp,xczu7ev-ffvc1156-2-e,10,0.22967,131,38,6,14,22,block_2_1,cyclic_2_1,cyclic_16_1,cyclic_2_1,complete_1,complete_1,pipeline_1,unroll_8,1,20,0.686849274644,False
workload_167.cpp,xczu7ev-ffvc1156-2-e,10,0.22967,130,38,6,14,22,block_2_1,cyclic_2_1,cyclic_16_1,cyclic_4_1,complete_1,complete_1,pipeline_1,unroll_8,1,20,0.686849274644,False
workload_401.cpp,xczu7ev-ffvc1156-2-e,10,0.21943,130,36,6,14,21,block_2_1,cyclic_2_1,cyclic_2_1,complete_1,block_2_1,block_8_1,pipeline_1,unroll_2,1,19.25,0.709362847629,False
workload_589.cpp,xczu7ev-ffvc1156-2-e,10,0.21943,125.5,36,6,14,21,block_2_1,cyclic_2_1,cyclic_2_1,complete_1,block_4_1,block_8_1,pipeline_1,pipeline_1,2,19.25,0.709362847629,False
workload_490.cpp,xczu7ev-ffvc1156-2-e,10,0.42872,133,4,1,8,14,block_2_1,cyclic_2_1,cyclic_2_1,complete_1,complete_1,block_2_1,unroll_2,unroll_4,1,6.75,0.722255646273,False
workload_727.cpp,xczu7ev-ffvc1156-2-e,10,0.42872,133,4,1,8,14,block_2_1,cyclic_2_1,cyclic_2_1,complete_1,complete_1,block_4_1,unroll_2,unroll_4,1,6.75,0.722255646273,False
workload_617.cpp,xczu7ev-ffvc1156-2-e,10,0.21943,126,36,6,14,21,block_2_1,cyclic_2_1,cyclic_2_1,complete_1,complete_1,block_8_1,pipeline_1,pipeline_1,1,19.25,0.709362847629,False
workload_728.cpp,xczu7ev-ffvc1156-2-e,10,0.21943,127,36,6,14,21,block_2_1,cyclic_2_1,cyclic_2_1,cyclic_2_1,block_2_1,block_8_1,pipeline_1,pipeline_1,1,19.25,0.709362847629,False
workload_748.cpp,xczu7ev-ffvc1156-2-e,10,0.21943,126,36,6,14,21,block_2_1,cyclic_2_1,cyclic_2_1,cyclic_2_1,complete_1,block_4_1,pipeline_1,pipeline_1,3,19.25,0.709362847629,False
workload_202.cpp,xczu7ev-ffvc1156-2-e,10,0.21943,128,36,6,14,21,block_2_1,cyclic_2_1,cyclic_2_1,cyclic_2_1,complete_1,block_8_1,pipeline_1,pipeline_1,1,19.25,0.709362847629,False
workload_624.cpp,xczu7ev-ffvc1156-2-e,10,0.21943,128,36,6,14,21,block_2_1,cyclic_2_1,cyclic_2_1,cyclic_2_1,complete_1,complete_1,pipeline_1,pipeline_1,1,19.25,0.709362847629,False
workload_470.cpp,xczu7ev-ffvc1156-2-e,10,0.29784,192,4,1,15,24,block_2_1,cyclic_2_1,cyclic_2_1,cyclic_2_1,complete_1,complete_1,unroll_4,pipeline_1,1,11,0.803054316004,False
workload_676.cpp,xczu7ev-ffvc1156-2-e,10,0.21943,126,36,6,14,21,block_2_1,cyclic_2_1,cyclic_2_1,cyclic_4_1,complete_1,complete_1,pipeline_1,pipeline_1,1,19.25,0.709362847629,False
workload_300.cpp,xczu7ev-ffvc1156-2-e,10,0.21943,125,36,6,14,21,block_2_1,cyclic_2_1,cyclic_2_1,cyclic_4_1,cyclic_2_1,cyclic_4_1,pipeline_1,unroll_2,1,19.25,0.709362847629,False
workload_420.cpp,xczu7ev-ffvc1156-2-e,10,0.22069,114,27,4,14,21,block_2_1,cyclic_2_1,cyclic_4_1,cyclic_2_1,complete_1,block_8_1,pipeline_1,pipeline_1,1,16.5,0.791988432026,False
workload_714.cpp,xczu7ev-ffvc1156-2-e,10,0.22069,117,27,4,14,21,block_2_1,cyclic_2_1,cyclic_4_1,cyclic_8_1,block_2_1,block_8_1,pipeline_1,unroll_16,1,16.5,0.791988432026,False
workload_456.cpp,xczu7ev-ffvc1156-2-e,10,0.22967,132,36,6,15,23,block_2_1,cyclic_2_1,cyclic_64_1,cyclic_4_1,complete_1,block_8_1,pipeline_1,pipeline_1,1,20,0.686849274644,False
workload_529.cpp,xczu7ev-ffvc1156-2-e,10,0.21941,128,41,6,14,22,block_2_1,cyclic_32_1,cyclic_2_1,cyclic_4_1,block_4_1,complete_1,pipeline_1,pipeline_1,1,20.75,0.666429159828,False
workload_63.cpp,xczu7ev-ffvc1156-2-e,10,0.29656,1827,9,1,29,58,block_2_1,cyclic_32_1,cyclic_64_1,complete_1,cyclic_2_1,block_2_1,unroll_64,pipeline_1,1,24.25,0.551702302248,False
workload_29.cpp,xczu7ev-ffvc1156-2-e,10,0.30084,746,4,1,43,92,block_2_1,cyclic_4_1,block_128_1,cyclic_8_1,block_4_1,block_4_1,unroll_16,pipeline_1,1,35,0.328051995896,False
workload_117.cpp,xczu7ev-ffvc1156-2-e,10,0.3008,743,4,1,48,91,block_2_1,cyclic_4_1,block_128_1,cyclic_8_1,complete_1,block_4_1,unroll_16,pipeline_1,1,36,0.310914500381,False
workload_71.cpp,xczu7ev-ffvc1156-2-e,10,0.22975,240,36,6,30,35,block_2_1,cyclic_4_1,block_128_1,cyclic_8_1,cyclic_2_1,cyclic_4_1,pipeline_1,unroll_4,1,26.75,0.510026359386,False
workload_82.cpp,xczu7ev-ffvc1156-2-e,10,0.22975,244,36,6,30,35,block_2_1,cyclic_4_1,block_128_1,cyclic_8_1,cyclic_2_1,cyclic_4_1,pipeline_1,unroll_8,1,26.75,0.510026359386,False
workload_114.cpp,xczu7ev-ffvc1156-2-e,10,0.2906,607,5,1,41,77,block_2_1,cyclic_4_1,block_4_1,cyclic_8_1,block_4_1,block_4_1,unroll_16,pipeline_1,1,31,0.405674951533,False
workload_115.cpp,xczu7ev-ffvc1156-2-e,10,0.2857,1268,5,1,28,30,block_2_1,cyclic_4_1,cyclic_2_1,cyclic_4_1,complete_1,block_2_1,unroll_64,pipeline_1,1,16,0.749168944216,False
workload_58.cpp,xczu7ev-ffvc1156-2-e,10,0.29056,587,5,1,46,75,block_2_1,cyclic_4_1,cyclic_2_1,cyclic_4_1,complete_1,block_4_1,unroll_16,pipeline_1,1,31.75,0.39073758538,False
workload_393.cpp,xczu7ev-ffvc1156-2-e,10,0.29056,626,4,1,42,80,block_2_1,cyclic_64_1,block_2_1,cyclic_2_1,cyclic_2_1,complete_1,unroll_16,pipeline_1,1,31.75,0.39073758538,False
workload_135.cpp,xczu7ev-ffvc1156-2-e,10,0.30444,1521,4,1,18,80,block_2_1,cyclic_64_1,block_64_1,cyclic_4_1,block_2_1,complete_1,unroll_32,pipeline_1,1,25.75,0.513425630545,False
workload_93.cpp,xczu7ev-ffvc1156-2-e,10,0.30444,1504,4,1,18,80,block_2_1,cyclic_64_1,block_64_1,cyclic_4_1,cyclic_2_1,complete_1,unroll_32,pipeline_1,1,25.75,0.513425630545,False
workload_369.cpp,xczu7ev-ffvc1156-2-e,10,0.21941,127,37,6,14,22,block_2_1,cyclic_8_1,cyclic_2_1,block_2_1,block_4_1,block_8_1,pipeline_1,pipeline_1,1,19.75,0.69487813476,False
workload_810.cpp,xczu7ev-ffvc1156-2-e,10,0.93672,211,5,0,13,22,block_2_1,cyclic_8_1,cyclic_2_1,complete_1,block_4_1,block_4_1,unroll_4,unroll_4,1,10,0.161797811469,False
workload_254.cpp,xczu7ev-ffvc1156-2-e,10,0.21941,125,37,6,14,22,block_2_1,cyclic_8_1,cyclic_2_1,complete_1,block_4_1,block_8_1,pipeline_1,pipeline_1,3,19.75,0.69487813476,False
workload_292.cpp,xczu7ev-ffvc1156-2-e,10,0.21941,126,37,6,14,22,block_2_1,cyclic_8_1,cyclic_2_1,complete_1,block_4_1,block_8_1,pipeline_1,unroll_2,1,19.75,0.69487813476,False
workload_347.cpp,xczu7ev-ffvc1156-2-e,10,0.21941,126,37,6,14,22,block_2_1,cyclic_8_1,cyclic_2_1,complete_1,block_4_1,block_8_1,pipeline_1,unroll_8,1,19.75,0.69487813476,False
workload_498.cpp,xczu7ev-ffvc1156-2-e,10,0.30072,126,5,1,7,14,block_2_1,cyclic_8_1,cyclic_2_1,complete_1,block_4_1,block_8_1,unroll_2,pipeline_1,1,6.75,0.878487341975,False
workload_417.cpp,xczu7ev-ffvc1156-2-e,10,0.21941,129,37,6,14,22,block_2_1,cyclic_8_1,cyclic_2_1,cyclic_2_1,block_2_1,block_8_1,pipeline_1,unroll_8,1,19.75,0.69487813476,False
workload_637.cpp,xczu7ev-ffvc1156-2-e,10,0.21941,126,37,6,14,22,block_2_1,cyclic_8_1,cyclic_2_1,cyclic_2_1,block_4_1,block_4_1,pipeline_1,pipeline_1,1,19.75,0.69487813476,False
workload_601.cpp,xczu7ev-ffvc1156-2-e,10,0.21941,125,37,6,14,22,block_2_1,cyclic_8_1,cyclic_2_1,cyclic_2_1,block_4_1,block_8_1,pipeline_1,unroll_2,1,19.75,0.69487813476,False
workload_928.cpp,xczu7ev-ffvc1156-2-e,10,0.21941,129,37,6,14,22,block_2_1,cyclic_8_1,cyclic_4_1,complete_1,block_4_1,block_8_1,pipeline_1,unroll_8,1,19.75,0.69487813476,False
workload_683.cpp,xczu7ev-ffvc1156-2-e,10,0.21941,128,37,6,14,22,block_2_1,cyclic_8_1,cyclic_4_1,cyclic_2_1,block_4_1,block_8_1,pipeline_1,unroll_16,1,19.75,0.69487813476,False
workload_509.cpp,xczu7ev-ffvc1156-2-e,10,0.8356,462,22,19,4,46,block_32_1,block_32_1,cyclic_64_1,cyclic_8_1,block_2_1,block_4_1,unroll_4,unroll_2,1,22.75,0.171480561641,False
workload_37.cpp,xczu7ev-ffvc1156-2-e,10,0.2297,566,40,12,29,43,block_4_1,block_128_1,block_128_1,complete_1,complete_1,cyclic_4_1,pipeline_1,unroll_4,1,31,0.414773365285,False
workload_53.cpp,xczu7ev-ffvc1156-2-e,10,0.715,2710,4,62,17,90,block_4_1,block_128_1,block_128_1,cyclic_8_1,complete_1,block_8_1,unroll_16,unroll_4,1,43.25,0.115372023582,False
workload_156.cpp,xczu7ev-ffvc1156-2-e,10,0.28217,1452,4,1,37,45,block_4_1,block_128_1,cyclic_2_1,cyclic_2_1,block_4_1,cyclic_8_1,unroll_64,pipeline_1,1,21.75,0.619724595723,False
workload_186.cpp,xczu7ev-ffvc1156-2-e,10,0.21934,650,40,12,17,31,block_4_1,block_128_1,cyclic_2_1,cyclic_2_1,complete_1,block_8_1,pipeline_1,pipeline_1,1,25,0.553288902696,False
workload_94.cpp,xczu7ev-ffvc1156-2-e,10,0.28216,1415,4,1,37,40,block_4_1,block_128_1,cyclic_2_1,cyclic_2_1,complete_1,block_8_1,unroll_64,pipeline_1,1,20.5,0.650843494892,False
workload_86.cpp,xczu7ev-ffvc1156-2-e,10,0.23162,364,35,8,13,23,block_4_1,block_16_1,block_32_1,complete_1,block_2_1,cyclic_4_1,pipeline_1,pipeline_1,1,19.75,0.693646787475,False
workload_45.cpp,xczu7ev-ffvc1156-2-e,10,0.23162,367,35,8,13,23,block_4_1,block_16_1,block_32_1,complete_1,block_2_1,cyclic_4_1,pipeline_1,unroll_16,1,19.75,0.693646787475,False
workload_126.cpp,xczu7ev-ffvc1156-2-e,10,0.23162,339,30,8,14,22,block_4_1,block_16_1,cyclic_64_1,block_2_1,block_2_1,cyclic_4_1,pipeline_1,pipeline_1,1,18.5,0.729752707147,False
workload_145.cpp,xczu7ev-ffvc1156-2-e,10,0.3084,239,4,20,18,29,block_4_1,block_2_1,cyclic_128_1,cyclic_8_1,complete_1,block_8_1,unroll_4,pipeline_1,1,17.75,0.690476353825,False
workload_81.cpp,xczu7ev-ffvc1156-2-e,10,0.3084,238,4,20,18,28,block_4_1,block_2_1,cyclic_128_1,cyclic_8_1,complete_1,cyclic_2_1,unroll_4,pipeline_1,1,17.5,0.695366291914,False
workload_66.cpp,xczu7ev-ffvc1156-2-e,10,0.23162,315,37,8,13,23,block_4_1,block_32_1,block_16_1,cyclic_8_1,block_2_1,complete_1,pipeline_1,unroll_8,1,20.25,0.679453797444,False
workload_57.cpp,xczu7ev-ffvc1156-2-e,10,0.23162,310,37,8,13,23,block_4_1,block_32_1,block_16_1,cyclic_8_1,block_8_1,cyclic_4_1,pipeline_1,unroll_4,1,20.25,0.679453797444,False
workload_7.cpp,xczu7ev-ffvc1156-2-e,10,0.23162,317,37,8,13,23,block_4_1,block_32_1,block_16_1,cyclic_8_1,block_8_1,cyclic_4_1,pipeline_1,unroll_8,1,20.25,0.679453797444,False
workload_34.cpp,xczu7ev-ffvc1156-2-e,10,0.68847,3108,5,3,4,28,block_4_1,block_64_1,cyclic_2_1,cyclic_2_1,complete_1,complete_1,unroll_64,unroll_4,1,10,0.363493385913,False
workload_54.cpp,xczu7ev-ffvc1156-2-e,10,0.2968,413,6,38,27,46,block_4_1,block_8_1,cyclic_4_1,block_8_1,block_2_1,cyclic_4_1,unroll_8,pipeline_1,1,29.25,0.439979153361,False
workload_85.cpp,xczu7ev-ffvc1156-2-e,10,0.30704,458,5,38,29,50,block_4_1,block_8_1,cyclic_64_1,block_8_1,block_2_1,cyclic_4_1,unroll_8,pipeline_1,1,30.5,0.411023878779,False
workload_153.cpp,xczu7ev-ffvc1156-2-e,10,0.30696,462,5,38,29,49,block_4_1,block_8_1,cyclic_64_1,complete_1,block_2_1,block_2_1,unroll_8,pipeline_1,1,30.25,0.41608328101,False
workload_125.cpp,xczu7ev-ffvc1156-2-e,10,0.30704,417,7,38,27,46,block_4_1,block_8_1,cyclic_8_1,block_4_1,block_2_1,cyclic_4_1,unroll_8,pipeline_1,1,29.5,0.431365597297,False
workload_22.cpp,xczu7ev-ffvc1156-2-e,10,0.76383,1940,4,1,5,23,block_4_1,cyclic_2_1,block_64_1,cyclic_4_1,cyclic_2_1,cyclic_4_1,unroll_64,unroll_2,1,8.25,0.294290247475,False
workload_184.cpp,xczu7ev-ffvc1156-2-e,10,0.3084,202,7,20,15,23,block_4_1,cyclic_2_1,cyclic_16_1,cyclic_8_1,complete_1,complete_1,unroll_4,pipeline_1,1,16.25,0.717899799998,False
workload_110.cpp,xczu7ev-ffvc1156-2-e,10,0.30704,418,6,38,27,46,block_4_1,cyclic_2_1,cyclic_8_1,block_4_1,cyclic_8_1,block_4_1,unroll_8,pipeline_1,1,29.25,0.43653655137,False
workload_62.cpp,xczu7ev-ffvc1156-2-e,10,0.33971,1257,27,1,41,45,block_64_1,block_16_1,block_16_1,cyclic_8_1,cyclic_2_1,block_8_1,unroll_64,pipeline_1,1,28.5,0.438078823748,False
workload_0.cpp,xczu7ev-ffvc1156-2-e,10,0.35704,1065,30,20,6,61,block_64_1,block_32_1,block_16_1,cyclic_8_1,complete_1,block_2_1,unroll_4,pipeline_1,1,29.25,0.414865977524,False
workload_75.cpp,xczu7ev-ffvc1156-2-e,10,0.35704,1100,27,20,6,67,block_64_1,block_32_1,block_64_1,complete_1,block_8_1,block_2_1,unroll_4,pipeline_1,1,30,0.400721098451,False
workload_3.cpp,xczu7ev-ffvc1156-2-e,10,0.35688,413,10,38,7,41,block_8_1,block_8_1,block_32_1,complete_1,cyclic_8_1,cyclic_4_1,unroll_8,pipeline_1,1,24,0.518355446803,False
workload_101.cpp,xczu7ev-ffvc1156-2-e,10,0.74796,2052,22,2,8,68,cyclic_128_1,block_128_1,block_128_1,cyclic_2_1,complete_1,block_8_1,unroll_16,unroll_4,1,25,0.202577634098,False
workload_12.cpp,xczu7ev-ffvc1156-2-e,10,0.33512,166,24,1,6,22,cyclic_128_1,block_2_1,cyclic_128_1,cyclic_2_1,complete_1,cyclic_2_1,unroll_4,pipeline_1,1,13.25,0.719585908832,False
workload_55.cpp,xczu7ev-ffvc1156-2-e,10,0.33815,1323,30,1,15,43,cyclic_128_1,block_32_1,cyclic_16_1,block_4_1,block_8_1,complete_1,unroll_64,pipeline_1,1,22.25,0.568949085166,False
workload_79.cpp,xczu7ev-ffvc1156-2-e,10,0.57227,3265,23,3,12,42,cyclic_128_1,block_4_1,block_64_1,block_2_1,block_8_1,complete_1,unroll_64,unroll_4,1,20,0.372138536202,False
workload_16.cpp,xczu7ev-ffvc1156-2-e,10,0.56579,3373,26,3,12,53,cyclic_128_1,block_4_1,cyclic_16_1,block_2_1,block_8_1,complete_1,unroll_64,unroll_4,1,23.5,0.338388117002,False
workload_20.cpp,xczu7ev-ffvc1156-2-e,10,0.28273,703,25,3,7,13,cyclic_128_1,block_8_1,cyclic_128_1,cyclic_4_1,block_2_1,complete_1,pipeline_1,unroll_2,1,12,0.811766347937,False
workload_105.cpp,xczu7ev-ffvc1156-2-e,10,0.28273,712,25,3,7,13,cyclic_128_1,block_8_1,cyclic_128_1,cyclic_4_1,block_8_1,cyclic_2_1,pipeline_1,unroll_2,1,12,0.811766347937,False
workload_74.cpp,xczu7ev-ffvc1156-2-e,10,0.28273,712,25,3,7,13,cyclic_128_1,block_8_1,cyclic_128_1,cyclic_4_1,block_8_1,cyclic_4_1,pipeline_1,unroll_2,1,12,0.811766347937,False
workload_104.cpp,xczu7ev-ffvc1156-2-e,10,1.13471,2446,28,1,7,38,cyclic_128_1,block_8_1,cyclic_32_1,cyclic_4_1,block_2_1,complete_1,unroll_64,unroll_2,1,18.5,0.1,False
workload_100.cpp,xczu7ev-ffvc1156-2-e,10,0.97896,185,24,0,4,24,cyclic_128_1,cyclic_8_1,cyclic_128_1,complete_1,block_2_1,cyclic_8_1,unroll_4,unroll_4,1,13,0.136815050743,False
workload_42.cpp,xczu7ev-ffvc1156-2-e,10,0.9668,183,37,0,6,25,cyclic_128_1,cyclic_8_1,cyclic_128_1,complete_1,block_8_1,cyclic_8_1,unroll_4,unroll_4,1,17,0.133731517507,False
workload_216.cpp,xczu7ev-ffvc1156-2-e,10,0.33432,115,7,1,5,12,cyclic_16_1,block_128_1,cyclic_64_1,complete_1,block_4_1,block_8_1,unroll_2,pipeline_1,1,6.25,0.823479801552,False
workload_88.cpp,xczu7ev-ffvc1156-2-e,10,1.0512,785,8,1,5,23,cyclic_16_1,block_128_1,cyclic_8_1,cyclic_4_1,block_8_1,cyclic_8_1,unroll_16,unroll_2,1,9.25,0.115999886242,False
workload_137.cpp,xczu7ev-ffvc1156-2-e,10,0.55224,125,9,0,3,13,cyclic_16_1,block_16_1,block_128_1,complete_1,block_2_1,cyclic_4_1,unroll_2,unroll_4,1,6.25,0.554384653982,False
workload_176.cpp,xczu7ev-ffvc1156-2-e,10,0.28282,165,9,3,13,14,cyclic_16_1,block_16_1,block_64_1,block_8_1,block_4_1,cyclic_4_1,pipeline_1,unroll_4,1,9.75,0.838510413609,False
workload_14.cpp,xczu7ev-ffvc1156-2-e,10,0.55224,108,8,0,2,9,cyclic_16_1,block_16_1,block_64_1,cyclic_8_1,block_2_1,cyclic_2_1,unroll_2,unroll_4,1,4.75,0.56075304422,False
workload_182.cpp,xczu7ev-ffvc1156-2-e,10,0.4204,128,9,3,3,12,cyclic_16_1,block_16_1,block_64_1,cyclic_8_1,block_2_1,cyclic_2_1,unroll_2,unroll_8,1,6.75,0.731829883257,False
workload_83.cpp,xczu7ev-ffvc1156-2-e,10,0.55224,107,9,0,2,9,cyclic_16_1,block_16_1,block_64_1,cyclic_8_1,block_2_1,cyclic_4_1,unroll_2,unroll_4,1,5,0.559974928083,False
workload_106.cpp,xczu7ev-ffvc1156-2-e,10,0.33884,584,7,1,11,40,cyclic_16_1,block_2_1,block_64_1,cyclic_2_1,block_2_1,cyclic_2_1,unroll_32,pipeline_1,1,14.75,0.69969388147,False
workload_140.cpp,xczu7ev-ffvc1156-2-e,10,0.28282,160,5,3,13,12,cyclic_16_1,block_2_1,block_64_1,cyclic_2_1,complete_1,cyclic_2_1,pipeline_1,pipeline_1,1,8.25,0.87013768012,False
workload_781.cpp,xczu7ev-ffvc1156-2-e,10,1.00536,148,8,1,1,5,cyclic_16_1,block_2_1,cyclic_4_1,cyclic_8_1,block_4_1,block_8_1,unroll_2,unroll_16,1,3.75,0.133674802161,False
workload_168.cpp,xczu7ev-ffvc1156-2-e,10,1.09752,178,7,1,3,7,cyclic_16_1,block_4_1,cyclic_128_1,cyclic_4_1,block_4_1,block_8_1,unroll_2,unroll_16,1,4.5,0.106751048318,False
workload_228.cpp,xczu7ev-ffvc1156-2-e,10,0.28273,213,5,3,6,9,cyclic_16_1,block_4_1,cyclic_128_1,cyclic_8_1,block_4_1,block_8_1,pipeline_1,unroll_16,1,5.75,0.923068643637,False
workload_103.cpp,xczu7ev-ffvc1156-2-e,10,1.09752,176,7,1,3,7,cyclic_16_1,block_4_1,cyclic_128_1,cyclic_8_1,block_4_1,block_8_1,unroll_2,unroll_16,1,4.5,0.106751048318,False
workload_61.cpp,xczu7ev-ffvc1156-2-e,10,0.33528,101,7,1,4,9,cyclic_16_1,block_4_1,cyclic_128_1,cyclic_8_1,cyclic_2_1,block_8_1,unroll_2,pipeline_1,1,5.25,0.824593713392,False
workload_84.cpp,xczu7ev-ffvc1156-2-e,10,0.30184,343,10,51,24,41,cyclic_16_1,block_4_1,cyclic_8_1,block_4_1,cyclic_4_1,block_2_1,unroll_4,unroll_16,1,31.5,0.392734946083,False
workload_119.cpp,xczu7ev-ffvc1156-2-e,10,0.28282,159,7,3,13,13,cyclic_16_1,block_8_1,block_64_1,cyclic_8_1,block_2_1,cyclic_2_1,pipeline_1,unroll_8,1,9,0.850188708,False
workload_487.cpp,xczu7ev-ffvc1156-2-e,10,0.30008,141,7,21,12,21,cyclic_16_1,cyclic_128_1,block_2_1,complete_1,block_4_1,block_8_1,unroll_2,unroll_16,1,15.25,0.744008232403,False
workload_46.cpp,xczu7ev-ffvc1156-2-e,10,1.04096,266,6,1,5,19,cyclic_16_1,cyclic_128_1,block_64_1,block_4_1,block_2_1,cyclic_2_1,unroll_8,unroll_4,1,7.75,0.119820547589,False
workload_189.cpp,xczu7ev-ffvc1156-2-e,10,0.27813,177,22,29,20,24,cyclic_16_1,cyclic_128_1,block_64_1,cyclic_8_1,block_2_1,cyclic_2_1,pipeline_1,unroll_4,1,23.75,0.572234979941,False
workload_223.cpp,xczu7ev-ffvc1156-2-e,10,0.27813,171,22,29,20,24,cyclic_16_1,cyclic_128_1,block_64_1,cyclic_8_1,block_4_1,cyclic_2_1,pipeline_1,unroll_2,1,23.75,0.572234979941,False
workload_4.cpp,xczu7ev-ffvc1156-2-e,10,0.33392,223,7,1,9,23,cyclic_16_1,cyclic_128_1,cyclic_128_1,block_4_1,block_8_1,block_8_1,unroll_8,pipeline_1,1,10,0.76899047543,False
workload_188.cpp,xczu7ev-ffvc1156-2-e,10,0.3236,122,7,1,4,9,cyclic_16_1,cyclic_128_1,cyclic_4_1,cyclic_8_1,complete_1,cyclic_4_1,unroll_4,pipeline_1,1,5.25,0.846479791773,False
workload_159.cpp,xczu7ev-ffvc1156-2-e,10,1.13135,2322,7,1,9,41,cyclic_16_1,cyclic_2_1,cyclic_128_1,cyclic_8_1,cyclic_2_1,cyclic_4_1,unroll_64,unroll_2,1,14.5,0.100516502993,False
workload_136.cpp,xczu7ev-ffvc1156-2-e,10,0.32488,166,7,1,3,11,cyclic_16_1,cyclic_2_1,cyclic_4_1,block_8_1,block_2_1,cyclic_2_1,unroll_8,pipeline_1,1,5.5,0.843900079924,False
workload_162.cpp,xczu7ev-ffvc1156-2-e,10,0.62368,152,8,0,1,9,cyclic_16_1,cyclic_2_1,cyclic_4_1,cyclic_4_1,block_2_1,cyclic_2_1,unroll_8,unroll_2,1,4.5,0.461926636737,False
workload_31.cpp,xczu7ev-ffvc1156-2-e,10,0.33512,163,8,1,3,11,cyclic_16_1,cyclic_2_1,cyclic_8_1,block_4_1,block_2_1,block_2_1,unroll_8,pipeline_1,1,5.75,0.824168549504,False
workload_59.cpp,xczu7ev-ffvc1156-2-e,10,0.33512,166,8,1,3,11,cyclic_16_1,cyclic_2_1,cyclic_8_1,block_4_1,block_2_1,cyclic_2_1,unroll_8,pipeline_1,1,5.75,0.824168549504,False
workload_97.cpp,xczu7ev-ffvc1156-2-e,10,0.33376,164,8,1,4,11,cyclic_16_1,cyclic_2_1,cyclic_8_1,block_4_1,complete_1,block_4_1,unroll_8,pipeline_1,1,6,0.825805666428,False
workload_131.cpp,xczu7ev-ffvc1156-2-e,10,0.33512,165,8,1,3,11,cyclic_16_1,cyclic_2_1,cyclic_8_1,block_8_1,cyclic_2_1,block_2_1,unroll_8,pipeline_1,1,5.75,0.824168549504,False
workload_69.cpp,xczu7ev-ffvc1156-2-e,10,0.74108,245,8,1,3,17,cyclic_16_1,cyclic_2_1,cyclic_8_1,cyclic_4_1,block_2_1,cyclic_8_1,unroll_16,unroll_2,1,7.25,0.319386614975,False
workload_129.cpp,xczu7ev-ffvc1156-2-e,10,0.45624,99,7,1,4,10,cyclic_16_1,cyclic_4_1,cyclic_128_1,cyclic_8_1,block_4_1,block_8_1,unroll_2,unroll_4,1,5.5,0.701372578408,False
workload_271.cpp,xczu7ev-ffvc1156-2-e,10,0.21858,157,25,8,8,18,cyclic_2_1,block_128_1,block_4_1,cyclic_4_1,cyclic_2_1,block_8_1,pipeline_1,unroll_2,1,14.75,0.842960834699,False
workload_5.cpp,xczu7ev-ffvc1156-2-e,10,0.22894,201,22,8,16,23,cyclic_2_1,block_128_1,block_64_1,cyclic_2_1,cyclic_4_1,block_8_1,pipeline_1,unroll_4,1,17.25,0.767393485483,False
workload_44.cpp,xczu7ev-ffvc1156-2-e,10,0.22894,200,22,8,16,23,cyclic_2_1,block_128_1,block_64_1,cyclic_2_1,cyclic_4_1,block_8_1,pipeline_1,unroll_8,1,17.25,0.767393485483,False
workload_882.cpp,xczu7ev-ffvc1156-2-e,10,0.82104,833,4,6,5,14,cyclic_2_1,block_128_1,cyclic_2_1,cyclic_8_1,complete_1,block_8_1,unroll_2,unroll_16,1,7.25,0.245639998716,False
workload_460.cpp,xczu7ev-ffvc1156-2-e,10,0.21858,259,22,8,8,18,cyclic_2_1,block_128_1,cyclic_4_1,complete_1,block_4_1,complete_1,pipeline_1,unroll_16,1,14,0.843568019651,False
workload_804.cpp,xczu7ev-ffvc1156-2-e,10,0.22882,152,24,8,8,17,cyclic_2_1,block_128_1,cyclic_8_1,cyclic_4_1,block_2_1,block_8_1,pipeline_1,unroll_2,1,14.25,0.838391097853,False
workload_809.cpp,xczu7ev-ffvc1156-2-e,10,0.23151,160,11,3,13,17,cyclic_2_1,block_2_1,block_128_1,cyclic_2_1,block_2_1,block_8_1,pipeline_1,unroll_2,1,11,0.889451477521,False
workload_552.cpp,xczu7ev-ffvc1156-2-e,10,0.22122,111,12,3,5,6,cyclic_2_1,block_2_1,block_4_1,cyclic_2_1,block_2_1,block_8_1,pipeline_1,unroll_2,1,6.5,0.973596262111,False
workload_408.cpp,xczu7ev-ffvc1156-2-e,10,0.28296,114,5,1,2,7,cyclic_2_1,block_2_1,block_4_1,cyclic_8_1,cyclic_2_1,cyclic_4_1,unroll_4,pipeline_1,1,3.75,0.921688227114,False
workload_403.cpp,xczu7ev-ffvc1156-2-e,10,0.22122,106,11,3,5,6,cyclic_2_1,block_2_1,cyclic_2_1,complete_1,block_2_1,block_8_1,pipeline_1,pipeline_1,1,6.25,0.982314400784,False
workload_903.cpp,xczu7ev-ffvc1156-2-e,10,0.22122,108,11,3,5,6,cyclic_2_1,block_2_1,cyclic_2_1,complete_1,complete_1,block_8_1,pipeline_1,unroll_2,1,6.25,0.982314400784,False
workload_574.cpp,xczu7ev-ffvc1156-2-e,10,0.22122,108,11,3,5,6,cyclic_2_1,block_2_1,cyclic_2_1,cyclic_2_1,block_2_1,block_4_1,pipeline_1,unroll_2,1,6.25,0.982314400784,False
workload_297.cpp,xczu7ev-ffvc1156-2-e,10,0.22122,109,11,3,5,6,cyclic_2_1,block_2_1,cyclic_2_1,cyclic_2_1,block_2_1,block_8_1,pipeline_1,unroll_2,2,6.25,0.982314400784,False
workload_654.cpp,xczu7ev-ffvc1156-2-e,10,0.22122,107,11,3,5,6,cyclic_2_1,block_2_1,cyclic_2_1,cyclic_2_1,complete_1,block_4_1,pipeline_1,unroll_2,1,6.25,0.982314400784,False
workload_328.cpp,xczu7ev-ffvc1156-2-e,10,0.22122,107,11,3,5,6,cyclic_2_1,block_2_1,cyclic_2_1,cyclic_2_1,complete_1,block_8_1,pipeline_1,unroll_2,1,6.25,0.982314400784,False
workload_849.cpp,xczu7ev-ffvc1156-2-e,10,0.92264,115,4,0,1,5,cyclic_2_1,block_2_1,cyclic_2_1,cyclic_2_1,complete_1,block_8_1,unroll_4,unroll_2,1,2.5,0.175071415912,False
workload_497.cpp,xczu7ev-ffvc1156-2-e,10,0.22122,106,12,3,5,6,cyclic_2_1,block_2_1,cyclic_4_1,cyclic_2_1,cyclic_2_1,cyclic_4_1,pipeline_1,unroll_8,1,6.5,0.973596262111,False
workload_278.cpp,xczu7ev-ffvc1156-2-e,10,0.23146,144,23,3,5,11,cyclic_2_1,block_32_1,block_16_1,complete_1,complete_1,block_8_1,pipeline_1,unroll_4,1,10.5,0.89199769798,False
workload_213.cpp,xczu7ev-ffvc1156-2-e,10,0.23146,147,23,3,5,11,cyclic_2_1,block_32_1,block_16_1,cyclic_2_1,block_2_1,block_8_1,pipeline_1,unroll_4,1,10.5,0.89199769798,False
workload_130.cpp,xczu7ev-ffvc1156-2-e,10,0.5648,188,19,3,3,15,cyclic_2_1,block_32_1,block_16_1,cyclic_2_1,block_4_1,block_2_1,unroll_8,unroll_4,1,10,0.507732706103,False
workload_91.cpp,xczu7ev-ffvc1156-2-e,10,0.23146,148,23,3,5,11,cyclic_2_1,block_32_1,block_16_1,cyclic_2_1,complete_1,block_8_1,pipeline_1,unroll_4,1,10.5,0.89199769798,False
workload_307.cpp,xczu7ev-ffvc1156-2-e,10,0.26424,138,6,28,13,22,cyclic_2_1,block_4_1,block_2_1,cyclic_8_1,block_2_1,block_8_1,unroll_2,unroll_16,1,17.25,0.745117754414,False
workload_337.cpp,xczu7ev-ffvc1156-2-e,10,0.76664,87,5,0,1,4,cyclic_2_1,block_4_1,cyclic_2_1,complete_1,block_4_1,block_8_1,unroll_2,unroll_2,1,2.5,0.29814787385,False
workload_695.cpp,xczu7ev-ffvc1156-2-e,10,0.75648,162,5,0,1,9,cyclic_2_1,block_4_1,cyclic_2_1,cyclic_2_1,block_2_1,block_8_1,unroll_8,unroll_2,1,3.75,0.30854970716,False
workload_214.cpp,xczu7ev-ffvc1156-2-e,10,0.22122,105,12,3,5,6,cyclic_2_1,block_4_1,cyclic_2_1,cyclic_8_1,block_2_1,block_8_1,pipeline_1,unroll_2,1,6.5,0.973596262111,False
workload_269.cpp,xczu7ev-ffvc1156-2-e,10,0.50728,135,4,0,3,10,cyclic_2_1,block_4_1,cyclic_64_1,cyclic_8_1,block_2_1,block_8_1,unroll_4,unroll_4,1,4.25,0.630302676429,False
workload_759.cpp,xczu7ev-ffvc1156-2-e,10,0.22122,107,13,3,5,7,cyclic_2_1,block_8_1,cyclic_2_1,complete_1,complete_1,block_4_1,pipeline_1,pipeline_1,1,7,0.956246444,False
workload_425.cpp,xczu7ev-ffvc1156-2-e,10,0.21792,103,34,10,8,12,cyclic_2_1,cyclic_128_1,block_2_1,cyclic_4_1,block_4_1,block_8_1,pipeline_1,unroll_2,1,16,0.807780625494,False
workload_352.cpp,xczu7ev-ffvc1156-2-e,10,0.28296,124,4,1,4,10,cyclic_2_1,cyclic_128_1,block_2_1,cyclic_8_1,block_4_1,block_8_1,unroll_4,pipeline_1,1,4.75,0.92513866281,False
workload_914.cpp,xczu7ev-ffvc1156-2-e,10,0.25976,147,4,30,15,25,cyclic_2_1,cyclic_128_1,block_2_1,cyclic_8_1,block_4_1,cyclic_2_1,unroll_2,unroll_16,1,18.5,0.716735295645,False
workload_733.cpp,xczu7ev-ffvc1156-2-e,10,0.21792,102,32,10,8,12,cyclic_2_1,cyclic_128_1,cyclic_2_1,cyclic_4_1,block_8_1,block_4_1,pipeline_1,pipeline_1,1,15.5,0.823562319699,False
workload_412.cpp,xczu7ev-ffvc1156-2-e,10,1.0052,361,4,1,3,8,cyclic_2_1,cyclic_128_1,cyclic_4_1,complete_1,complete_1,block_8_1,unroll_4,unroll_16,1,4,0.133730549741,False
workload_371.cpp,xczu7ev-ffvc1156-2-e,10,0.92584,162,4,0,3,8,cyclic_2_1,cyclic_128_1,cyclic_4_1,cyclic_8_1,complete_1,block_2_1,unroll_4,unroll_4,2,3.75,0.173342545757,False
workload_665.cpp,xczu7ev-ffvc1156-2-e,10,0.99884,279,7,1,2,16,cyclic_2_1,cyclic_16_1,block_2_1,cyclic_2_1,block_2_1,block_8_1,unroll_16,unroll_2,1,6.5,0.135644687393,False
workload_739.cpp,xczu7ev-ffvc1156-2-e,10,0.21792,102,34,10,6,10,cyclic_2_1,cyclic_16_1,cyclic_2_1,complete_1,block_2_1,block_8_1,pipeline_1,unroll_16,1,15,0.838922175167,False
workload_399.cpp,xczu7ev-ffvc1156-2-e,10,0.21792,98,34,10,6,10,cyclic_2_1,cyclic_16_1,cyclic_2_1,complete_1,block_2_1,block_8_1,pipeline_1,unroll_2,2,15,0.838922175167,False
workload_389.cpp,xczu7ev-ffvc1156-2-e,10,0.21792,97.5,34,10,6,10,cyclic_2_1,cyclic_16_1,cyclic_2_1,cyclic_2_1,block_2_1,block_8_1,pipeline_1,unroll_2,2,15,0.838922175167,False
workload_698.cpp,xczu7ev-ffvc1156-2-e,10,0.92152,97,7,0,1,4,cyclic_2_1,cyclic_16_1,cyclic_2_1,cyclic_2_1,complete_1,block_8_1,unroll_2,unroll_4,1,3,0.175875941137,False
workload_556.cpp,xczu7ev-ffvc1156-2-e,10,0.21792,98,34,10,6,10,cyclic_2_1,cyclic_16_1,cyclic_2_1,cyclic_4_1,block_2_1,block_8_1,pipeline_1,unroll_2,1,15,0.838922175167,False
workload_757.cpp,xczu7ev-ffvc1156-2-e,10,0.21792,97,34,10,6,10,cyclic_2_1,cyclic_16_1,cyclic_2_1,cyclic_8_1,cyclic_2_1,block_8_1,pipeline_1,unroll_2,1,15,0.838922175167,False
workload_443.cpp,xczu7ev-ffvc1156-2-e,10,0.21792,98,34,10,6,10,cyclic_2_1,cyclic_16_1,cyclic_4_1,complete_1,block_2_1,block_8_1,pipeline_1,unroll_2,1,15,0.838922175167,False
workload_786.cpp,xczu7ev-ffvc1156-2-e,10,0.21792,103,34,10,6,10,cyclic_2_1,cyclic_16_1,cyclic_4_1,cyclic_2_1,block_8_1,block_8_1,pipeline_1,unroll_16,1,15,0.838922175167,False
workload_253.cpp,xczu7ev-ffvc1156-2-e,10,0.95352,89,7,0,1,4,cyclic_2_1,cyclic_16_1,cyclic_4_1,cyclic_8_1,block_4_1,complete_1,unroll_2,unroll_2,1,3,0.157755844361,False
workload_464.cpp,xczu7ev-ffvc1156-2-e,10,0.22816,103,33,10,7,11,cyclic_2_1,cyclic_16_1,cyclic_64_1,cyclic_4_1,block_2_1,cyclic_4_1,pipeline_1,unroll_2,1,15.25,0.824452762302,False
workload_310.cpp,xczu7ev-ffvc1156-2-e,10,0.27992,128,5,16,8,15,cyclic_2_1,cyclic_2_1,block_2_1,cyclic_4_1,block_4_1,cyclic_8_1,unroll_2,unroll_16,1,11,0.829345869304,False
workload_111.cpp,xczu7ev-ffvc1156-2-e,10,0.22891,142.5,22,7,14,14,cyclic_2_1,cyclic_2_1,block_64_1,cyclic_2_1,cyclic_4_1,cyclic_8_1,pipeline_1,unroll_8,2,14.25,0.838319633951,False
workload_236.cpp,xczu7ev-ffvc1156-2-e,10,0.58744,84,7,0,1,4,cyclic_2_1,cyclic_2_1,cyclic_16_1,cyclic_2_1,complete_1,complete_1,unroll_2,unroll_2,1,3,0.511919114288,False
workload_861.cpp,xczu7ev-ffvc1156-2-e,10,0.21858,104,23,7,6,8,cyclic_2_1,cyclic_2_1,cyclic_2_1,complete_1,block_2_1,block_8_1,pipeline_1,unroll_2,1,11,0.896818541009,False
workload_797.cpp,xczu7ev-ffvc1156-2-e,10,0.21858,101,23,7,6,8,cyclic_2_1,cyclic_2_1,cyclic_2_1,complete_1,complete_1,block_8_1,pipeline_1,pipeline_1,1,11,0.896818541009,False
workload_742.cpp,xczu7ev-ffvc1156-2-e,10,0.21858,101,23,7,6,8,cyclic_2_1,cyclic_2_1,cyclic_2_1,cyclic_2_1,block_2_1,block_8_1,pipeline_1,unroll_2,1,11,0.896818541009,False
workload_921.cpp,xczu7ev-ffvc1156-2-e,10,0.21858,103,23,7,6,8,cyclic_2_1,cyclic_2_1,cyclic_2_1,cyclic_2_1,block_2_1,block_8_1,pipeline_1,unroll_4,1,11,0.896818541009,False
workload_891.cpp,xczu7ev-ffvc1156-2-e,10,0.21858,101,23,7,6,8,cyclic_2_1,cyclic_2_1,cyclic_2_1,cyclic_2_1,complete_1,block_8_1,pipeline_1,unroll_2,1,11,0.896818541009,False
workload_506.cpp,xczu7ev-ffvc1156-2-e,10,0.21858,102,23,7,6,8,cyclic_2_1,cyclic_2_1,cyclic_2_1,cyclic_4_1,complete_1,block_4_1,pipeline_1,unroll_2,1,11,0.896818541009,False
workload_889.cpp,xczu7ev-ffvc1156-2-e,10,0.21858,103,23,7,6,8,cyclic_2_1,cyclic_2_1,cyclic_2_1,cyclic_4_1,complete_1,block_8_1,pipeline_1,unroll_2,1,11,0.896818541009,False
workload_908.cpp,xczu7ev-ffvc1156-2-e,10,0.22052,95,14,4,5,7,cyclic_2_1,cyclic_2_1,cyclic_4_1,complete_1,block_4_1,block_4_1,pipeline_1,pipeline_1,1,7.5,0.947521342984,False
workload_771.cpp,xczu7ev-ffvc1156-2-e,10,0.22052,97,14,4,5,7,cyclic_2_1,cyclic_2_1,cyclic_4_1,complete_1,complete_1,complete_1,pipeline_1,unroll_16,1,7.5,0.947521342984,False
workload_342.cpp,xczu7ev-ffvc1156-2-e,10,0.22052,97,14,4,5,7,cyclic_2_1,cyclic_2_1,cyclic_4_1,cyclic_4_1,block_4_1,cyclic_8_1,pipeline_1,unroll_16,1,7.5,0.947521342984,False
workload_663.cpp,xczu7ev-ffvc1156-2-e,10,0.22052,94,14,4,5,7,cyclic_2_1,cyclic_2_1,cyclic_4_1,cyclic_4_1,block_8_1,block_8_1,pipeline_1,unroll_2,1,7.5,0.947521342984,False
workload_892.cpp,xczu7ev-ffvc1156-2-e,10,0.24256,1438,5,99,44,77,cyclic_2_1,cyclic_2_1,cyclic_4_1,cyclic_4_1,complete_1,block_4_1,unroll_8,unroll_16,1,56.25,0.107991576306,False
workload_835.cpp,xczu7ev-ffvc1156-2-e,10,0.22052,95,14,4,5,7,cyclic_2_1,cyclic_2_1,cyclic_4_1,cyclic_4_1,complete_1,complete_1,pipeline_1,unroll_16,1,7.5,0.947521342984,False
workload_664.cpp,xczu7ev-ffvc1156-2-e,10,0.25032,343,5,48,22,38,cyclic_2_1,cyclic_2_1,cyclic_4_1,cyclic_4_1,cyclic_2_1,complete_1,unroll_4,unroll_16,1,28.25,0.472916819696,False
workload_366.cpp,xczu7ev-ffvc1156-2-e,10,0.22052,95,14,4,5,7,cyclic_2_1,cyclic_2_1,cyclic_4_1,cyclic_8_1,block_4_1,cyclic_8_1,pipeline_1,unroll_2,1,7.5,0.947521342984,False
workload_315.cpp,xczu7ev-ffvc1156-2-e,10,0.22052,94,14,4,5,7,cyclic_2_1,cyclic_2_1,cyclic_4_1,cyclic_8_1,cyclic_2_1,cyclic_4_1,pipeline_1,unroll_2,1,7.5,0.947521342984,False
workload_772.cpp,xczu7ev-ffvc1156-2-e,10,0.59256,90,4,0,2,6,cyclic_2_1,cyclic_2_1,cyclic_64_1,cyclic_2_1,block_2_1,block_8_1,unroll_2,unroll_2,1,3,0.504759554267,False
workload_260.cpp,xczu7ev-ffvc1156-2-e,10,0.9484,92,11,0,1,5,cyclic_2_1,cyclic_32_1,cyclic_16_1,cyclic_8_1,complete_1,block_2_1,unroll_2,unroll_2,1,4.25,0.160497139065,False
workload_357.cpp,xczu7ev-ffvc1156-2-e,10,0.21792,97,37,10,7,10,cyclic_2_1,cyclic_32_1,cyclic_2_1,cyclic_8_1,block_4_1,cyclic_8_1,pipeline_1,unroll_4,1,16,0.807780625494,False
workload_250.cpp,xczu7ev-ffvc1156-2-e,10,0.21792,100,36,10,7,10,cyclic_2_1,cyclic_32_1,cyclic_4_1,cyclic_4_1,block_4_1,cyclic_8_1,pipeline_1,unroll_16,1,15.75,0.815651776108,False
workload_305.cpp,xczu7ev-ffvc1156-2-e,10,0.21792,96,36,10,7,10,cyclic_2_1,cyclic_32_1,cyclic_4_1,cyclic_8_1,block_4_1,block_8_1,pipeline_1,pipeline_1,1,15.75,0.815651776108,False
workload_358.cpp,xczu7ev-ffvc1156-2-e,10,0.21792,102,36,10,7,10,cyclic_2_1,cyclic_32_1,cyclic_4_1,cyclic_8_1,block_4_1,block_8_1,pipeline_1,unroll_16,1,15.75,0.815651776108,False
workload_90.cpp,xczu7ev-ffvc1156-2-e,10,0.21792,98,36,10,7,10,cyclic_2_1,cyclic_32_1,cyclic_4_1,cyclic_8_1,block_4_1,block_8_1,pipeline_1,unroll_2,1,15.75,0.815651776108,False
workload_335.cpp,xczu7ev-ffvc1156-2-e,10,0.21792,101,36,10,7,10,cyclic_2_1,cyclic_32_1,cyclic_4_1,cyclic_8_1,block_4_1,block_8_1,pipeline_1,unroll_8,1,15.75,0.815651776108,False
workload_341.cpp,xczu7ev-ffvc1156-2-e,10,0.21792,98,36,10,7,10,cyclic_2_1,cyclic_32_1,cyclic_4_1,cyclic_8_1,block_4_1,complete_1,pipeline_1,unroll_2,1,15.75,0.815651776108,False
workload_23.cpp,xczu7ev-ffvc1156-2-e,10,0.21792,98,36,10,7,10,cyclic_2_1,cyclic_32_1,cyclic_4_1,cyclic_8_1,block_4_1,cyclic_8_1,pipeline_1,unroll_2,1,15.75,0.815651776108,False
workload_313.cpp,xczu7ev-ffvc1156-2-e,10,0.21792,98,36,10,7,10,cyclic_2_1,cyclic_32_1,cyclic_4_1,cyclic_8_1,block_4_1,cyclic_8_1,pipeline_1,unroll_4,1,15.75,0.815651776108,False
workload_150.cpp,xczu7ev-ffvc1156-2-e,10,0.21792,99,36,10,7,10,cyclic_2_1,cyclic_32_1,cyclic_4_1,cyclic_8_1,complete_1,block_8_1,pipeline_1,unroll_2,1,15.75,0.815651776108,False
workload_312.cpp,xczu7ev-ffvc1156-2-e,10,0.21792,98,36,10,7,10,cyclic_2_1,cyclic_32_1,cyclic_4_1,cyclic_8_1,complete_1,cyclic_4_1,pipeline_1,unroll_2,1,15.75,0.815651776108,False
workload_206.cpp,xczu7ev-ffvc1156-2-e,10,0.22816,106,36,10,7,11,cyclic_2_1,cyclic_32_1,cyclic_64_1,cyclic_8_1,block_4_1,block_8_1,pipeline_1,unroll_8,1,16,0.804743471798,False
workload_593.cpp,xczu7ev-ffvc1156-2-e,10,0.21792,100,35,10,6,10,cyclic_2_1,cyclic_4_1,block_2_1,cyclic_4_1,block_8_1,block_8_1,pipeline_1,unroll_16,1,15.25,0.831499987467,False
workload_625.cpp,xczu7ev-ffvc1156-2-e,10,0.25768,355,6,53,23,40,cyclic_2_1,cyclic_4_1,block_2_1,cyclic_4_1,block_8_1,complete_1,unroll_4,unroll_16,1,30.5,0.422662037215,False
workload_716.cpp,xczu7ev-ffvc1156-2-e,10,0.21792,100,35,10,6,10,cyclic_2_1,cyclic_4_1,block_2_1,cyclic_4_1,cyclic_2_1,block_8_1,pipeline_1,unroll_16,1,15.25,0.831499987467,False
workload_837.cpp,xczu7ev-ffvc1156-2-e,10,0.26424,135,6,25,12,20,cyclic_2_1,cyclic_4_1,block_2_1,cyclic_8_1,cyclic_2_1,cyclic_2_1,unroll_2,unroll_16,1,15.75,0.777940148699,False
workload_671.cpp,xczu7ev-ffvc1156-2-e,10,0.21856,95,23,7,6,8,cyclic_2_1,cyclic_4_1,cyclic_2_1,cyclic_4_1,block_8_1,block_4_1,pipeline_1,pipeline_1,1,11,0.896818039441,False
workload_843.cpp,xczu7ev-ffvc1156-2-e,10,0.21856,100,23,7,6,8,cyclic_2_1,cyclic_4_1,cyclic_2_1,cyclic_4_1,block_8_1,block_4_1,pipeline_1,unroll_16,1,11,0.896818039441,False
workload_800.cpp,xczu7ev-ffvc1156-2-e,10,0.2802,276,5,1,6,19,cyclic_2_1,cyclic_4_1,cyclic_2_1,cyclic_4_1,cyclic_2_1,block_8_1,unroll_16,pipeline_1,1,7.75,0.885531747674,False
workload_576.cpp,xczu7ev-ffvc1156-2-e,10,0.21792,99,33,10,7,10,cyclic_2_1,cyclic_4_1,cyclic_4_1,cyclic_2_1,block_8_1,block_8_1,pipeline_1,unroll_16,1,15,0.838922175167,False
workload_545.cpp,xczu7ev-ffvc1156-2-e,10,0.26424,134,6,25,12,20,cyclic_2_1,cyclic_4_1,cyclic_4_1,cyclic_4_1,block_2_1,block_8_1,unroll_2,unroll_16,1,15.75,0.777940148699,False
workload_495.cpp,xczu7ev-ffvc1156-2-e,10,0.21792,100,33,10,7,10,cyclic_2_1,cyclic_4_1,cyclic_4_1,cyclic_4_1,block_8_1,block_8_1,pipeline_1,unroll_16,1,15,0.838922175167,False
workload_879.cpp,xczu7ev-ffvc1156-2-e,10,0.21792,98,33,10,7,10,cyclic_2_1,cyclic_4_1,cyclic_4_1,cyclic_4_1,block_8_1,complete_1,pipeline_1,pipeline_1,1,15,0.838922175167,False
workload_909.cpp,xczu7ev-ffvc1156-2-e,10,0.21792,98,33,10,7,10,cyclic_2_1,cyclic_4_1,cyclic_4_1,cyclic_4_1,complete_1,block_8_1,pipeline_1,unroll_16,1,15,0.838922175167,False
workload_207.cpp,xczu7ev-ffvc1156-2-e,10,0.22816,104,32,10,7,11,cyclic_2_1,cyclic_4_1,cyclic_64_1,cyclic_8_1,block_4_1,block_2_1,pipeline_1,pipeline_1,1,15,0.829176127672,False
workload_503.cpp,xczu7ev-ffvc1156-2-e,10,0.21792,102,34,10,7,11,cyclic_2_1,cyclic_64_1,block_2_1,cyclic_2_1,block_2_1,block_8_1,pipeline_1,unroll_2,1,15.5,0.823562319699,False
workload_615.cpp,xczu7ev-ffvc1156-2-e,10,0.28296,119,4,1,3,8,cyclic_2_1,cyclic_64_1,block_2_1,cyclic_4_1,block_2_1,block_8_1,unroll_4,pipeline_1,1,4,0.920651115845,False
workload_924.cpp,xczu7ev-ffvc1156-2-e,10,0.21792,102,32,10,7,11,cyclic_2_1,cyclic_64_1,cyclic_2_1,block_8_1,block_2_1,block_8_1,pipeline_1,unroll_16,1,15,0.838922175167,False
workload_463.cpp,xczu7ev-ffvc1156-2-e,10,0.21792,100,31,10,7,11,cyclic_2_1,cyclic_64_1,cyclic_4_1,block_8_1,block_2_1,block_8_1,pipeline_1,pipeline_1,1,14.75,1,True
workload_677.cpp,xczu7ev-ffvc1156-2-e,10,0.21792,99,31,10,7,11,cyclic_2_1,cyclic_64_1,cyclic_4_1,block_8_1,block_2_1,complete_1,pipeline_1,pipeline_1,1,14.75,1,True
workload_513.cpp,xczu7ev-ffvc1156-2-e,10,0.28016,294,4,1,7,23,cyclic_2_1,cyclic_64_1,cyclic_4_1,block_8_1,block_2_1,complete_1,unroll_16,pipeline_1,1,8.75,0.859224641213,False
workload_419.cpp,xczu7ev-ffvc1156-2-e,10,0.2828,119,4,1,3,8,cyclic_2_1,cyclic_64_1,cyclic_4_1,block_8_1,block_2_1,complete_1,unroll_4,pipeline_1,1,4,0.92090064024,False
workload_869.cpp,xczu7ev-ffvc1156-2-e,10,0.21792,103,31,10,7,11,cyclic_2_1,cyclic_64_1,cyclic_4_1,block_8_1,block_4_1,block_8_1,pipeline_1,unroll_16,1,14.75,1,True
workload_375.cpp,xczu7ev-ffvc1156-2-e,10,0.21792,99,31,10,7,11,cyclic_2_1,cyclic_64_1,cyclic_4_1,block_8_1,block_4_1,complete_1,pipeline_1,pipeline_1,1,14.75,1,True
workload_472.cpp,xczu7ev-ffvc1156-2-e,10,0.28444,1567,4,1,18,43,cyclic_2_1,cyclic_64_1,cyclic_4_1,block_8_1,complete_1,block_8_1,unroll_64,pipeline_1,1,16.5,0.741278811395,False
workload_475.cpp,xczu7ev-ffvc1156-2-e,10,0.21792,100,31,10,7,11,cyclic_2_1,cyclic_64_1,cyclic_4_1,cyclic_2_1,block_2_1,cyclic_4_1,pipeline_1,unroll_8,1,14.75,1,True
workload_667.cpp,xczu7ev-ffvc1156-2-e,10,0.21792,97,31,10,7,11,cyclic_2_1,cyclic_64_1,cyclic_4_1,cyclic_2_1,block_4_1,complete_1,pipeline_1,pipeline_1,1,14.75,1,True
workload_709.cpp,xczu7ev-ffvc1156-2-e,10,0.21792,101,31,10,7,11,cyclic_2_1,cyclic_64_1,cyclic_4_1,cyclic_4_1,block_4_1,complete_1,pipeline_1,pipeline_1,1,14.75,1,True
workload_807.cpp,xczu7ev-ffvc1156-2-e,10,0.21792,100,31,10,7,11,cyclic_2_1,cyclic_64_1,cyclic_4_1,cyclic_4_1,block_8_1,block_4_1,pipeline_1,unroll_16,1,14.75,1,True
workload_816.cpp,xczu7ev-ffvc1156-2-e,10,0.25128,365,5,67,29,49,cyclic_2_1,cyclic_64_1,cyclic_4_1,cyclic_4_1,block_8_1,block_4_1,unroll_4,unroll_16,1,37.5,0.292368241862,False
workload_746.cpp,xczu7ev-ffvc1156-2-e,10,0.21792,103,31,10,7,11,cyclic_2_1,cyclic_64_1,cyclic_4_1,cyclic_4_1,block_8_1,complete_1,pipeline_1,unroll_16,1,14.75,1,True
workload_467.cpp,xczu7ev-ffvc1156-2-e,10,0.21792,100,31,10,7,11,cyclic_2_1,cyclic_64_1,cyclic_4_1,cyclic_8_1,block_4_1,complete_1,pipeline_1,pipeline_1,1,14.75,1,True
workload_639.cpp,xczu7ev-ffvc1156-2-e,10,0.21792,97,35,10,6,10,cyclic_2_1,cyclic_8_1,block_2_1,block_2_1,cyclic_2_1,complete_1,pipeline_1,pipeline_1,1,15.25,0.831499987467,False
workload_24.cpp,xczu7ev-ffvc1156-2-e,10,0.35596,350,6,8,7,22,cyclic_2_1,cyclic_8_1,block_4_1,block_4_1,block_2_1,block_8_1,unroll_16,unroll_8,1,10.75,0.72539394158,False
workload_611.cpp,xczu7ev-ffvc1156-2-e,10,0.21792,97,33,10,7,10,cyclic_2_1,cyclic_8_1,cyclic_2_1,complete_1,block_2_1,block_8_1,pipeline_1,pipeline_1,1,15,0.838922175167,False
workload_194.cpp,xczu7ev-ffvc1156-2-e,10,0.22816,100,37,10,6,10,cyclic_2_1,cyclic_8_1,cyclic_32_1,cyclic_2_1,complete_1,cyclic_8_1,pipeline_1,unroll_8,1,15.75,0.811828696025,False
workload_89.cpp,xczu7ev-ffvc1156-2-e,10,0.28011,330,7,10,21,32,cyclic_32_1,block_128_1,block_128_1,complete_1,complete_1,cyclic_4_1,pipeline_1,unroll_4,1,17.5,0.724728704659,False
workload_128.cpp,xczu7ev-ffvc1156-2-e,10,0.28012,271,7,10,16,26,cyclic_32_1,block_128_1,block_64_1,cyclic_8_1,complete_1,cyclic_2_1,pipeline_1,unroll_4,1,14.75,0.776172296497,False
workload_73.cpp,xczu7ev-ffvc1156-2-e,10,0.33504,167,12,1,4,13,cyclic_32_1,cyclic_2_1,cyclic_8_1,block_4_1,cyclic_8_1,block_2_1,unroll_8,pipeline_1,1,7.5,0.81037958372,False
workload_26.cpp,xczu7ev-ffvc1156-2-e,10,0.73436,260,13,1,3,21,cyclic_32_1,cyclic_2_1,cyclic_8_1,cyclic_4_1,cyclic_8_1,cyclic_8_1,unroll_16,unroll_2,1,9.5,0.318524864597,False
workload_18.cpp,xczu7ev-ffvc1156-2-e,10,0.32727,1231,13,1,18,43,cyclic_32_1,cyclic_8_1,cyclic_2_1,complete_1,cyclic_8_1,cyclic_8_1,unroll_64,pipeline_1,1,18.75,0.650715290674,False
workload_830.cpp,xczu7ev-ffvc1156-2-e,10,0.21854,157,14,8,8,18,cyclic_4_1,block_128_1,block_2_1,complete_1,complete_1,block_8_1,pipeline_1,unroll_16,1,12,0.880243570217,False
workload_722.cpp,xczu7ev-ffvc1156-2-e,10,0.275,447,4,1,8,33,cyclic_4_1,block_128_1,block_2_1,cyclic_4_1,cyclic_2_1,block_8_1,unroll_16,pipeline_1,1,11.5,0.829905778089,False
workload_360.cpp,xczu7ev-ffvc1156-2-e,10,0.21854,157,14,8,8,18,cyclic_4_1,block_128_1,block_2_1,cyclic_8_1,block_4_1,block_8_1,pipeline_1,unroll_16,1,12,0.880243570217,False
workload_142.cpp,xczu7ev-ffvc1156-2-e,10,0.22878,267,42,8,8,20,cyclic_4_1,block_128_1,block_32_1,complete_1,block_4_1,block_8_1,pipeline_1,unroll_16,1,19.5,0.70129384683,False
workload_192.cpp,xczu7ev-ffvc1156-2-e,10,0.22878,266,42,8,8,20,cyclic_4_1,block_128_1,block_32_1,complete_1,block_4_1,complete_1,pipeline_1,unroll_16,1,19.5,0.70129384683,False
workload_248.cpp,xczu7ev-ffvc1156-2-e,10,0.58888,207,14,1,3,16,cyclic_4_1,block_128_1,block_32_1,cyclic_4_1,cyclic_2_1,block_8_1,unroll_4,unroll_4,1,8.5,0.490301533592,False
workload_847.cpp,xczu7ev-ffvc1156-2-e,10,0.27672,105,4,1,3,10,cyclic_4_1,block_128_1,cyclic_2_1,complete_1,block_2_1,block_4_1,unroll_2,pipeline_1,1,4.5,0.934598322154,False
workload_696.cpp,xczu7ev-ffvc1156-2-e,10,0.21854,256,12,8,8,18,cyclic_4_1,block_128_1,cyclic_2_1,complete_1,complete_1,block_4_1,pipeline_1,pipeline_1,1,11.5,1,True
workload_618.cpp,xczu7ev-ffvc1156-2-e,10,0.92472,471,4,0,3,10,cyclic_4_1,block_128_1,cyclic_2_1,cyclic_4_1,block_4_1,block_8_1,unroll_2,unroll_8,1,4.25,0.173958874273,False
workload_791.cpp,xczu7ev-ffvc1156-2-e,10,0.21854,259,12,8,8,18,cyclic_4_1,block_128_1,cyclic_2_1,cyclic_8_1,block_4_1,block_8_1,pipeline_1,unroll_16,1,11.5,1,True
workload_702.cpp,xczu7ev-ffvc1156-2-e,10,0.21854,261,12,8,8,18,cyclic_4_1,block_128_1,cyclic_4_1,block_8_1,block_4_1,block_8_1,pipeline_1,unroll_2,1,11.5,1,True
workload_379.cpp,xczu7ev-ffvc1156-2-e,10,0.21854,267,12,8,8,18,cyclic_4_1,block_128_1,cyclic_4_1,block_8_1,complete_1,cyclic_4_1,pipeline_1,unroll_8,1,11.5,1,True
workload_782.cpp,xczu7ev-ffvc1156-2-e,10,0.82104,775,5,6,5,14,cyclic_4_1,block_128_1,cyclic_4_1,complete_1,block_2_1,block_8_1,unroll_2,unroll_16,1,7.5,0.245186734767,False
workload_553.cpp,xczu7ev-ffvc1156-2-e,10,0.93496,2700,5,7,6,16,cyclic_4_1,block_128_1,cyclic_4_1,complete_1,block_2_1,cyclic_4_1,unroll_4,unroll_16,1,8.5,0.164905268373,False
workload_899.cpp,xczu7ev-ffvc1156-2-e,10,0.27672,105,5,1,3,10,cyclic_4_1,block_128_1,cyclic_4_1,complete_1,block_4_1,cyclic_4_1,unroll_2,pipeline_1,1,4.75,0.937500258664,False
workload_901.cpp,xczu7ev-ffvc1156-2-e,10,0.21854,260,12,8,8,18,cyclic_4_1,block_128_1,cyclic_4_1,complete_1,block_8_1,block_8_1,pipeline_1,unroll_16,1,11.5,1,True
workload_775.cpp,xczu7ev-ffvc1156-2-e,10,0.21854,261,12,8,8,18,cyclic_4_1,block_128_1,cyclic_4_1,complete_1,complete_1,block_4_1,pipeline_1,unroll_16,1,11.5,1,True
workload_631.cpp,xczu7ev-ffvc1156-2-e,10,0.21854,254,12,8,8,18,cyclic_4_1,block_128_1,cyclic_4_1,complete_1,complete_1,block_8_1,pipeline_1,pipeline_1,1,11.5,1,True
workload_221.cpp,xczu7ev-ffvc1156-2-e,10,0.21854,260.5,12,8,8,18,cyclic_4_1,block_128_1,cyclic_4_1,complete_1,complete_1,block_8_1,pipeline_1,unroll_16,2,11.5,1,True
workload_356.cpp,xczu7ev-ffvc1156-2-e,10,0.93496,2974,5,7,6,16,cyclic_4_1,block_128_1,cyclic_4_1,complete_1,complete_1,block_8_1,unroll_4,unroll_16,1,8.5,0.164905268373,False
workload_652.cpp,xczu7ev-ffvc1156-2-e,10,0.21854,278,12,8,8,18,cyclic_4_1,block_128_1,cyclic_4_1,complete_1,complete_1,complete_1,pipeline_1,unroll_16,1,11.5,1,True
workload_846.cpp,xczu7ev-ffvc1156-2-e,10,0.2756,225,5,1,5,20,cyclic_4_1,block_128_1,cyclic_4_1,complete_1,complete_1,complete_1,unroll_8,pipeline_1,1,7.75,0.889887349083,False
workload_365.cpp,xczu7ev-ffvc1156-2-e,10,0.21854,265,12,8,8,18,cyclic_4_1,block_128_1,cyclic_4_1,cyclic_2_1,complete_1,complete_1,pipeline_1,unroll_2,1,11.5,1,True
workload_340.cpp,xczu7ev-ffvc1156-2-e,10,0.21854,263,12,8,8,18,cyclic_4_1,block_128_1,cyclic_4_1,cyclic_4_1,block_4_1,block_8_1,pipeline_1,unroll_16,1,11.5,1,True
workload_666.cpp,xczu7ev-ffvc1156-2-e,10,0.21854,271,12,8,8,18,cyclic_4_1,block_128_1,cyclic_4_1,cyclic_4_1,block_4_1,cyclic_4_1,pipeline_1,unroll_8,1,11.5,1,True
workload_334.cpp,xczu7ev-ffvc1156-2-e,10,0.21854,268,12,8,8,18,cyclic_4_1,block_128_1,cyclic_4_1,cyclic_4_1,complete_1,complete_1,pipeline_1,unroll_2,1,11.5,1,True
workload_275.cpp,xczu7ev-ffvc1156-2-e,10,0.21854,262,12,8,8,18,cyclic_4_1,block_128_1,cyclic_4_1,cyclic_4_1,complete_1,cyclic_4_1,pipeline_1,unroll_16,1,11.5,1,True
workload_635.cpp,xczu7ev-ffvc1156-2-e,10,0.9292,110,5,0,2,7,cyclic_4_1,block_128_1,cyclic_4_1,cyclic_4_1,cyclic_2_1,cyclic_2_1,unroll_2,unroll_2,1,3.5,0.171356900749,False
workload_604.cpp,xczu7ev-ffvc1156-2-e,10,0.21854,254,12,8,8,18,cyclic_4_1,block_128_1,cyclic_4_1,cyclic_4_1,cyclic_2_1,cyclic_4_1,pipeline_1,unroll_2,1,11.5,1,True
workload_501.cpp,xczu7ev-ffvc1156-2-e,10,0.21854,267,12,8,8,18,cyclic_4_1,block_128_1,cyclic_4_1,cyclic_8_1,block_2_1,block_8_1,pipeline_1,unroll_16,1,11.5,1,True
workload_422.cpp,xczu7ev-ffvc1156-2-e,10,0.21854,258,12,8,8,18,cyclic_4_1,block_128_1,cyclic_4_1,cyclic_8_1,complete_1,block_2_1,pipeline_1,unroll_4,1,11.5,1,True
workload_287.cpp,xczu7ev-ffvc1156-2-e,10,0.21854,256,12,8,8,18,cyclic_4_1,block_128_1,cyclic_4_1,cyclic_8_1,complete_1,complete_1,pipeline_1,unroll_2,1,11.5,1,True
workload_373.cpp,xczu7ev-ffvc1156-2-e,10,0.21854,272,12,8,8,18,cyclic_4_1,block_128_1,cyclic_4_1,cyclic_8_1,complete_1,complete_1,pipeline_1,unroll_4,1,11.5,1,True
workload_98.cpp,xczu7ev-ffvc1156-2-e,10,0.22877,271,12,8,9,19,cyclic_4_1,block_128_1,cyclic_64_1,complete_1,block_4_1,block_8_1,pipeline_1,pipeline_1,1,12,0.875377017657,False
workload_215.cpp,xczu7ev-ffvc1156-2-e,10,0.22877,272,12,8,9,19,cyclic_4_1,block_128_1,cyclic_64_1,complete_1,block_4_1,block_8_1,pipeline_1,unroll_2,1,12,0.875377017657,False
workload_164.cpp,xczu7ev-ffvc1156-2-e,10,0.22877,274,12,8,9,19,cyclic_4_1,block_128_1,cyclic_64_1,complete_1,block_4_1,block_8_1,pipeline_1,unroll_8,2,12,0.875377017657,False
workload_113.cpp,xczu7ev-ffvc1156-2-e,10,0.41144,177,4,3,6,18,cyclic_4_1,block_128_1,cyclic_64_1,complete_1,block_4_1,block_8_1,unroll_2,unroll_8,1,7.75,0.724467476476,False
workload_127.cpp,xczu7ev-ffvc1156-2-e,10,0.2852,534,4,1,10,41,cyclic_4_1,block_128_1,cyclic_64_1,complete_1,cyclic_8_1,cyclic_8_1,unroll_16,pipeline_1,1,14,0.779435917357,False
workload_179.cpp,xczu7ev-ffvc1156-2-e,10,0.28896,1278,4,1,15,70,cyclic_4_1,block_128_1,cyclic_64_1,complete_1,cyclic_8_1,cyclic_8_1,unroll_32,pipeline_1,1,22.5,0.597494269097,False
workload_395.cpp,xczu7ev-ffvc1156-2-e,10,0.22877,270,12,8,9,19,cyclic_4_1,block_128_1,cyclic_64_1,cyclic_4_1,complete_1,block_4_1,pipeline_1,unroll_16,1,12,0.875377017657,False
workload_336.cpp,xczu7ev-ffvc1156-2-e,10,0.28664,150,4,1,5,16,cyclic_4_1,block_128_1,cyclic_64_1,cyclic_4_1,complete_1,block_4_1,unroll_4,pipeline_1,1,6.5,0.905220798734,False
workload_424.cpp,xczu7ev-ffvc1156-2-e,10,0.2764,114,7,1,2,7,cyclic_4_1,block_16_1,block_4_1,block_2_1,complete_1,block_2_1,unroll_4,pipeline_1,1,4.25,0.93012128995,False
workload_346.cpp,xczu7ev-ffvc1156-2-e,10,0.4908,95.5,8,0,1,5,cyclic_4_1,block_16_1,block_4_1,complete_1,complete_1,block_2_1,unroll_2,unroll_4,2,3.5,0.65817017707,False
workload_482.cpp,xczu7ev-ffvc1156-2-e,10,0.22129,117,12,3,5,8,cyclic_4_1,block_16_1,block_4_1,cyclic_2_1,complete_1,block_8_1,pipeline_1,pipeline_1,1,7,0.956243465156,False
workload_185.cpp,xczu7ev-ffvc1156-2-e,10,0.50296,105,7,0,2,8,cyclic_4_1,block_16_1,block_64_1,complete_1,block_2_1,block_4_1,unroll_2,unroll_4,1,4.25,0.637067128536,False
workload_368.cpp,xczu7ev-ffvc1156-2-e,10,0.77304,91,9,0,1,5,cyclic_4_1,block_16_1,block_8_1,complete_1,cyclic_2_1,block_2_1,unroll_2,unroll_2,1,3.75,0.292290056979,False
workload_308.cpp,xczu7ev-ffvc1156-2-e,10,0.76024,91,9,0,1,6,cyclic_4_1,block_16_1,cyclic_16_1,complete_1,complete_1,block_2_1,unroll_2,unroll_2,1,4,0.304747766748,False
workload_211.cpp,xczu7ev-ffvc1156-2-e,10,0.50104,96,9,0,1,5,cyclic_4_1,block_16_1,cyclic_16_1,complete_1,complete_1,block_2_1,unroll_2,unroll_4,1,3.75,0.641362273056,False
workload_249.cpp,xczu7ev-ffvc1156-2-e,10,0.22129,113,12,3,5,8,cyclic_4_1,block_16_1,cyclic_2_1,complete_1,complete_1,block_2_1,pipeline_1,unroll_2,1,7,0.956243465156,False
workload_400.cpp,xczu7ev-ffvc1156-2-e,10,0.22129,114,12,3,5,8,cyclic_4_1,block_16_1,cyclic_4_1,complete_1,complete_1,block_2_1,pipeline_1,unroll_8,1,7,0.956243465156,False
workload_240.cpp,xczu7ev-ffvc1156-2-e,10,0.22129,112,12,3,5,8,cyclic_4_1,block_16_1,cyclic_4_1,complete_1,complete_1,block_8_1,pipeline_1,unroll_4,1,7,0.956243465156,False
workload_384.cpp,xczu7ev-ffvc1156-2-e,10,0.76024,97,7,0,2,8,cyclic_4_1,block_16_1,cyclic_64_1,complete_1,complete_1,block_2_1,unroll_2,unroll_2,1,4.25,0.304654212297,False
workload_193.cpp,xczu7ev-ffvc1156-2-e,10,0.50104,103,7,0,2,7,cyclic_4_1,block_16_1,cyclic_64_1,complete_1,complete_1,block_2_1,unroll_2,unroll_4,1,4,0.640810989281,False
workload_229.cpp,xczu7ev-ffvc1156-2-e,10,0.49688,138,9,0,3,11,cyclic_4_1,block_16_1,cyclic_64_1,complete_1,complete_1,block_2_1,unroll_4,unroll_4,1,5.75,0.638507048016,False
workload_277.cpp,xczu7ev-ffvc1156-2-e,10,0.9319,3495,7,1,8,37,cyclic_4_1,block_16_1,cyclic_64_1,complete_1,complete_1,block_2_1,unroll_64,unroll_4,1,13.25,0.157955600631,False
workload_302.cpp,xczu7ev-ffvc1156-2-e,10,0.76136,130,9,0,3,12,cyclic_4_1,block_16_1,cyclic_64_1,complete_1,complete_1,complete_1,unroll_4,unroll_2,1,6,0.301760221615,False
workload_322.cpp,xczu7ev-ffvc1156-2-e,10,0.76904,129,9,0,3,11,cyclic_4_1,block_16_1,cyclic_64_1,cyclic_4_1,complete_1,block_4_1,unroll_4,unroll_2,1,5.75,0.294665482628,False
workload_345.cpp,xczu7ev-ffvc1156-2-e,10,0.23158,164,7,3,13,17,cyclic_4_1,block_2_1,block_128_1,cyclic_4_1,block_4_1,cyclic_4_1,pipeline_1,unroll_2,1,10,0.893111514161,False
workload_821.cpp,xczu7ev-ffvc1156-2-e,10,0.27608,85,5,1,2,4,cyclic_4_1,block_2_1,block_2_1,complete_1,complete_1,block_4_1,unroll_2,pipeline_1,1,3,1,True
workload_754.cpp,xczu7ev-ffvc1156-2-e,10,0.22129,112,8,3,5,7,cyclic_4_1,block_2_1,block_2_1,complete_1,cyclic_2_1,block_8_1,pipeline_1,pipeline_1,1,5.75,0.991165083032,False
workload_789.cpp,xczu7ev-ffvc1156-2-e,10,0.22129,112,8,3,5,7,cyclic_4_1,block_2_1,block_2_1,cyclic_2_1,block_2_1,block_8_1,pipeline_1,unroll_2,1,5.75,0.991165083032,False
workload_266.cpp,xczu7ev-ffvc1156-2-e,10,0.22129,111,8,3,5,7,cyclic_4_1,block_2_1,block_2_1,cyclic_4_1,block_4_1,cyclic_2_1,pipeline_1,pipeline_1,1,5.75,0.991165083032,False
workload_288.cpp,xczu7ev-ffvc1156-2-e,10,0.93432,88,5,0,1,4,cyclic_4_1,block_2_1,block_2_1,cyclic_8_1,block_4_1,block_8_1,unroll_2,unroll_2,1,2.5,0.168211035539,False
workload_321.cpp,xczu7ev-ffvc1156-2-e,10,0.22129,116,8,3,5,7,cyclic_4_1,block_2_1,block_2_1,cyclic_8_1,cyclic_2_1,cyclic_4_1,pipeline_1,unroll_2,1,5.75,0.991165083032,False
workload_570.cpp,xczu7ev-ffvc1156-2-e,10,0.22129,114,8,3,5,6,cyclic_4_1,block_2_1,block_4_1,block_8_1,block_4_1,cyclic_4_1,pipeline_1,unroll_8,1,5.5,1,True
workload_873.cpp,xczu7ev-ffvc1156-2-e,10,0.22129,113,8,3,5,6,cyclic_4_1,block_2_1,block_4_1,complete_1,complete_1,block_4_1,pipeline_1,unroll_2,1,5.5,1,True
workload_610.cpp,xczu7ev-ffvc1156-2-e,10,0.22129,115,8,3,5,6,cyclic_4_1,block_2_1,block_4_1,complete_1,complete_1,block_8_1,pipeline_1,unroll_16,1,5.5,1,True
workload_251.cpp,xczu7ev-ffvc1156-2-e,10,0.22129,112,8,3,5,6,cyclic_4_1,block_2_1,block_4_1,complete_1,cyclic_2_1,block_8_1,pipeline_1,unroll_2,1,5.5,1,True
workload_320.cpp,xczu7ev-ffvc1156-2-e,10,0.22129,116,8,3,5,6,cyclic_4_1,block_2_1,block_4_1,cyclic_2_1,complete_1,cyclic_2_1,pipeline_1,unroll_2,1,5.5,1,True
workload_510.cpp,xczu7ev-ffvc1156-2-e,10,0.22129,114.5,8,3,5,6,cyclic_4_1,block_2_1,block_4_1,cyclic_4_1,block_2_1,cyclic_4_1,pipeline_1,unroll_2,2,5.5,1,True
workload_729.cpp,xczu7ev-ffvc1156-2-e,10,0.92408,91,5,0,1,4,cyclic_4_1,block_2_1,block_4_1,cyclic_4_1,block_4_1,cyclic_4_1,unroll_2,unroll_2,1,2.5,0.174207869747,False
workload_294.cpp,xczu7ev-ffvc1156-2-e,10,0.22129,114,8,3,5,6,cyclic_4_1,block_2_1,block_4_1,cyclic_4_1,complete_1,cyclic_4_1,pipeline_1,unroll_2,1,5.5,1,True
workload_518.cpp,xczu7ev-ffvc1156-2-e,10,0.92392,114,5,0,1,6,cyclic_4_1,block_2_1,block_4_1,cyclic_4_1,cyclic_2_1,block_4_1,unroll_4,unroll_2,1,3,0.174431374431,False
workload_713.cpp,xczu7ev-ffvc1156-2-e,10,0.22129,112,8,3,5,6,cyclic_4_1,block_2_1,block_4_1,cyclic_4_1,cyclic_2_1,cyclic_2_1,pipeline_1,unroll_2,1,5.5,1,True
workload_226.cpp,xczu7ev-ffvc1156-2-e,10,0.22129,113.5,8,3,5,6,cyclic_4_1,block_2_1,block_4_1,cyclic_4_1,cyclic_2_1,cyclic_4_1,pipeline_1,unroll_2,2,5.5,1,True
workload_557.cpp,xczu7ev-ffvc1156-2-e,10,0.22129,115,8,3,5,6,cyclic_4_1,block_2_1,block_4_1,cyclic_4_1,cyclic_2_1,cyclic_4_1,pipeline_1,unroll_4,1,5.5,1,True
workload_646.cpp,xczu7ev-ffvc1156-2-e,10,0.22129,117,8,3,5,6,cyclic_4_1,block_2_1,block_4_1,cyclic_4_1,cyclic_2_1,cyclic_4_1,pipeline_1,unroll_8,1,5.5,1,True
workload_147.cpp,xczu7ev-ffvc1156-2-e,10,0.28896,602,4,1,10,42,cyclic_4_1,block_2_1,block_64_1,cyclic_4_1,complete_1,cyclic_2_1,unroll_32,pipeline_1,1,14.25,0.771771523066,False
workload_900.cpp,xczu7ev-ffvc1156-2-e,10,0.23153,120,8,3,5,7,cyclic_4_1,block_2_1,block_8_1,cyclic_4_1,complete_1,block_4_1,pipeline_1,unroll_2,1,5.75,0.977032425905,False
workload_445.cpp,xczu7ev-ffvc1156-2-e,10,0.23153,158,7,3,6,9,cyclic_4_1,block_2_1,cyclic_128_1,complete_1,complete_1,cyclic_4_1,pipeline_1,unroll_2,1,6.25,0.97089267779,False
workload_39.cpp,xczu7ev-ffvc1156-2-e,10,0.99428,339,4,1,5,34,cyclic_4_1,block_2_1,cyclic_128_1,cyclic_2_1,block_2_1,complete_1,unroll_16,unroll_2,1,11,0.133549408131,False
workload_210.cpp,xczu7ev-ffvc1156-2-e,10,0.23153,157,7,3,6,9,cyclic_4_1,block_2_1,cyclic_128_1,cyclic_2_1,block_4_1,cyclic_2_1,pipeline_1,unroll_2,1,6.25,0.97089267779,False
workload_296.cpp,xczu7ev-ffvc1156-2-e,10,0.93296,186,4,0,4,16,cyclic_4_1,block_2_1,cyclic_128_1,cyclic_2_1,block_4_1,cyclic_2_1,unroll_8,unroll_2,1,6,0.168419260127,False
workload_170.cpp,xczu7ev-ffvc1156-2-e,10,0.23153,157,7,3,6,9,cyclic_4_1,block_2_1,cyclic_128_1,cyclic_2_1,complete_1,cyclic_2_1,pipeline_1,unroll_2,1,6.25,0.97089267779,False
workload_484.cpp,xczu7ev-ffvc1156-2-e,10,0.93176,108,4,0,4,9,cyclic_4_1,block_2_1,cyclic_128_1,cyclic_4_1,block_4_1,cyclic_4_1,unroll_2,unroll_4,1,4.25,0.169815745057,False
workload_682.cpp,xczu7ev-ffvc1156-2-e,10,0.95416,147,5,1,1,5,cyclic_4_1,block_2_1,cyclic_2_1,complete_1,complete_1,block_4_1,unroll_2,unroll_16,1,3,0.157418604552,False
workload_907.cpp,xczu7ev-ffvc1156-2-e,10,0.92392,118,5,0,1,8,cyclic_4_1,block_2_1,cyclic_2_1,cyclic_2_1,complete_1,block_8_1,unroll_4,unroll_2,1,3.5,0.174487514717,False
workload_679.cpp,xczu7ev-ffvc1156-2-e,10,0.22129,109,8,3,5,6,cyclic_4_1,block_2_1,cyclic_2_1,cyclic_2_1,cyclic_2_1,block_8_1,pipeline_1,pipeline_1,1,5.5,1,True
workload_466.cpp,xczu7ev-ffvc1156-2-e,10,0.22129,107,8,3,5,6,cyclic_4_1,block_2_1,cyclic_2_1,cyclic_2_1,cyclic_2_1,block_8_1,pipeline_1,unroll_2,1,5.5,1,True
workload_599.cpp,xczu7ev-ffvc1156-2-e,10,0.22129,109,8,3,5,6,cyclic_4_1,block_2_1,cyclic_2_1,cyclic_2_1,cyclic_2_1,complete_1,pipeline_1,unroll_2,1,5.5,1,True
workload_531.cpp,xczu7ev-ffvc1156-2-e,10,0.22129,110,8,3,5,6,cyclic_4_1,block_2_1,cyclic_2_1,cyclic_4_1,block_2_1,cyclic_4_1,pipeline_1,unroll_2,1,5.5,1,True
workload_655.cpp,xczu7ev-ffvc1156-2-e,10,0.22129,109,8,3,5,6,cyclic_4_1,block_2_1,cyclic_2_1,cyclic_8_1,complete_1,block_8_1,pipeline_1,unroll_2,1,5.5,1,True
workload_904.cpp,xczu7ev-ffvc1156-2-e,10,0.22129,110,8,3,5,6,cyclic_4_1,block_2_1,cyclic_2_1,cyclic_8_1,complete_1,block_8_1,pipeline_1,unroll_4,1,5.5,1,True
workload_492.cpp,xczu7ev-ffvc1156-2-e,10,0.22129,110,8,3,5,6,cyclic_4_1,block_2_1,cyclic_2_1,cyclic_8_1,cyclic_2_1,block_8_1,pipeline_1,unroll_2,1,5.5,1,True
workload_376.cpp,xczu7ev-ffvc1156-2-e,10,0.23153,117,12,3,5,7,cyclic_4_1,block_2_1,cyclic_32_1,cyclic_4_1,complete_1,cyclic_4_1,pipeline_1,unroll_4,1,6.75,0.958354839541,False
workload_881.cpp,xczu7ev-ffvc1156-2-e,10,0.9188,120,5,0,1,8,cyclic_4_1,block_2_1,cyclic_4_1,block_8_1,complete_1,block_4_1,unroll_4,unroll_2,1,3.5,0.177587393061,False
workload_473.cpp,xczu7ev-ffvc1156-2-e,10,0.22129,106,8,3,5,6,cyclic_4_1,block_2_1,cyclic_4_1,complete_1,block_2_1,block_2_1,pipeline_1,pipeline_1,1,5.5,1,True
workload_620.cpp,xczu7ev-ffvc1156-2-e,10,0.22129,109,8,3,5,6,cyclic_4_1,block_2_1,cyclic_4_1,complete_1,block_4_1,cyclic_4_1,pipeline_1,pipeline_1,1,5.5,1,True
workload_890.cpp,xczu7ev-ffvc1156-2-e,10,0.22129,109,8,3,5,6,cyclic_4_1,block_2_1,cyclic_4_1,complete_1,complete_1,block_4_1,pipeline_1,pipeline_1,1,5.5,1,True
workload_441.cpp,xczu7ev-ffvc1156-2-e,10,0.27608,85.5,5,1,2,4,cyclic_4_1,block_2_1,cyclic_4_1,complete_1,complete_1,block_4_1,unroll_2,pipeline_1,2,3,1,True
workload_801.cpp,xczu7ev-ffvc1156-2-e,10,0.95416,148,5,1,1,5,cyclic_4_1,block_2_1,cyclic_4_1,complete_1,complete_1,block_4_1,unroll_2,unroll_16,1,3,0.157418604552,False
workload_895.cpp,xczu7ev-ffvc1156-2-e,10,0.27608,88,5,1,2,4,cyclic_4_1,block_2_1,cyclic_4_1,complete_1,complete_1,block_8_1,unroll_2,pipeline_1,1,3,1,True
workload_731.cpp,xczu7ev-ffvc1156-2-e,10,0.95416,146,5,1,1,5,cyclic_4_1,block_2_1,cyclic_4_1,complete_1,complete_1,block_8_1,unroll_2,unroll_16,1,3,0.157418604552,False
workload_41.cpp,xczu7ev-ffvc1156-2-e,10,0.92272,172,5,0,1,10,cyclic_4_1,block_2_1,cyclic_4_1,cyclic_2_1,block_2_1,complete_1,unroll_8,unroll_2,1,4,0.175192612031,False
workload_263.cpp,xczu7ev-ffvc1156-2-e,10,0.92272,176,5,0,1,12,cyclic_4_1,block_2_1,cyclic_4_1,cyclic_2_1,complete_1,block_4_1,unroll_8,unroll_2,1,4.5,0.175104681873,False
workload_612.cpp,xczu7ev-ffvc1156-2-e,10,0.22129,108,8,3,5,6,cyclic_4_1,block_2_1,cyclic_4_1,cyclic_2_1,cyclic_2_1,block_8_1,pipeline_1,unroll_2,1,5.5,1,True
workload_565.cpp,xczu7ev-ffvc1156-2-e,10,0.22129,109,8,3,5,6,cyclic_4_1,block_2_1,cyclic_4_1,cyclic_2_1,cyclic_2_1,cyclic_4_1,pipeline_1,unroll_2,1,5.5,1,True
workload_622.cpp,xczu7ev-ffvc1156-2-e,10,0.92408,87,5,0,1,4,cyclic_4_1,block_2_1,cyclic_4_1,cyclic_4_1,block_2_1,cyclic_4_1,unroll_2,unroll_2,1,2.5,0.174207869747,False
workload_765.cpp,xczu7ev-ffvc1156-2-e,10,0.22129,109,8,3,5,6,cyclic_4_1,block_2_1,cyclic_4_1,cyclic_4_1,block_4_1,block_4_1,pipeline_1,unroll_2,1,5.5,1,True
workload_468.cpp,xczu7ev-ffvc1156-2-e,10,0.22129,111,8,3,5,6,cyclic_4_1,block_2_1,cyclic_4_1,cyclic_4_1,block_4_1,block_8_1,pipeline_1,unroll_16,2,5.5,1,True
workload_764.cpp,xczu7ev-ffvc1156-2-e,10,0.22129,109,8,3,5,6,cyclic_4_1,block_2_1,cyclic_4_1,cyclic_4_1,complete_1,block_4_1,pipeline_1,pipeline_1,1,5.5,1,True
workload_738.cpp,xczu7ev-ffvc1156-2-e,10,0.22129,112,8,3,5,6,cyclic_4_1,block_2_1,cyclic_4_1,cyclic_4_1,complete_1,block_4_1,pipeline_1,unroll_16,1,5.5,1,True
workload_493.cpp,xczu7ev-ffvc1156-2-e,10,0.22129,108,8,3,5,6,cyclic_4_1,block_2_1,cyclic_4_1,cyclic_4_1,cyclic_2_1,cyclic_4_1,pipeline_1,unroll_2,1,5.5,1,True
workload_450.cpp,xczu7ev-ffvc1156-2-e,10,0.27704,89,5,1,1,5,cyclic_4_1,block_2_1,cyclic_4_1,cyclic_8_1,block_2_1,block_8_1,unroll_2,pipeline_1,1,3,0.92745198217,False
workload_370.cpp,xczu7ev-ffvc1156-2-e,10,0.22129,110,8,3,5,6,cyclic_4_1,block_2_1,cyclic_4_1,cyclic_8_1,block_4_1,cyclic_4_1,pipeline_1,unroll_8,1,5.5,1,True
workload_721.cpp,xczu7ev-ffvc1156-2-e,10,0.23153,132,7,3,5,8,cyclic_4_1,block_2_1,cyclic_64_1,block_8_1,cyclic_2_1,cyclic_4_1,pipeline_1,unroll_2,1,5.75,0.977032425905,False
workload_690.cpp,xczu7ev-ffvc1156-2-e,10,0.23153,127,7,3,5,8,cyclic_4_1,block_2_1,cyclic_64_1,complete_1,cyclic_2_1,cyclic_4_1,pipeline_1,unroll_2,2,5.75,0.977032425905,False
workload_479.cpp,xczu7ev-ffvc1156-2-e,10,0.23153,129,7,3,5,8,cyclic_4_1,block_2_1,cyclic_64_1,cyclic_2_1,cyclic_2_1,cyclic_4_1,pipeline_1,unroll_4,1,5.75,0.977032425905,False
workload_429.cpp,xczu7ev-ffvc1156-2-e,10,0.23153,132,7,3,5,8,cyclic_4_1,block_2_1,cyclic_64_1,cyclic_4_1,block_2_1,cyclic_4_1,pipeline_1,unroll_16,1,5.75,0.977032425905,False
workload_925.cpp,xczu7ev-ffvc1156-2-e,10,0.93432,93,4,0,2,6,cyclic_4_1,block_2_1,cyclic_64_1,cyclic_4_1,block_2_1,cyclic_4_1,unroll_2,unroll_2,1,3,0.168331900386,False
workload_378.cpp,xczu7ev-ffvc1156-2-e,10,0.93064,143,4,0,2,9,cyclic_4_1,block_2_1,cyclic_64_1,cyclic_4_1,block_2_1,cyclic_4_1,unroll_4,unroll_4,1,3.75,0.17051604973,False
workload_787.cpp,xczu7ev-ffvc1156-2-e,10,0.23153,129,7,3,5,8,cyclic_4_1,block_2_1,cyclic_64_1,cyclic_4_1,cyclic_2_1,block_4_1,pipeline_1,unroll_2,1,5.75,0.977032425905,False
workload_394.cpp,xczu7ev-ffvc1156-2-e,10,0.93416,119,4,0,2,8,cyclic_4_1,block_2_1,cyclic_64_1,cyclic_4_1,cyclic_2_1,block_8_1,unroll_4,unroll_2,1,3.5,0.168477196694,False
workload_406.cpp,xczu7ev-ffvc1156-2-e,10,0.23153,126,7,3,5,8,cyclic_4_1,block_2_1,cyclic_64_1,cyclic_4_1,cyclic_2_1,complete_1,pipeline_1,unroll_2,1,5.75,0.977032425905,False
workload_640.cpp,xczu7ev-ffvc1156-2-e,10,0.23153,129,7,3,5,8,cyclic_4_1,block_2_1,cyclic_64_1,cyclic_4_1,cyclic_2_1,cyclic_2_1,pipeline_1,unroll_2,1,5.75,0.977032425905,False
workload_355.cpp,xczu7ev-ffvc1156-2-e,10,0.23153,127,7,3,5,8,cyclic_4_1,block_2_1,cyclic_64_1,cyclic_4_1,cyclic_2_1,cyclic_4_1,pipeline_1,unroll_2,1,5.75,0.977032425905,False
workload_538.cpp,xczu7ev-ffvc1156-2-e,10,0.23153,129,7,3,5,8,cyclic_4_1,block_2_1,cyclic_64_1,cyclic_8_1,block_2_1,cyclic_4_1,pipeline_1,unroll_4,1,5.75,0.977032425905,False
workload_575.cpp,xczu7ev-ffvc1156-2-e,10,0.23153,128,7,3,5,8,cyclic_4_1,block_2_1,cyclic_64_1,cyclic_8_1,complete_1,cyclic_4_1,pipeline_1,unroll_2,1,5.75,0.977032425905,False
workload_633.cpp,xczu7ev-ffvc1156-2-e,10,0.28696,87,6,1,1,5,cyclic_4_1,block_2_1,cyclic_8_1,complete_1,block_2_1,block_8_1,unroll_2,pipeline_1,1,3.25,0.910921938391,False
workload_272.cpp,xczu7ev-ffvc1156-2-e,10,0.23153,159,19,3,5,10,cyclic_4_1,block_32_1,block_16_1,cyclic_2_1,complete_1,cyclic_4_1,pipeline_1,unroll_4,1,9.25,0.915831515619,False
workload_446.cpp,xczu7ev-ffvc1156-2-e,10,0.49032,136,16,0,2,9,cyclic_4_1,block_32_1,block_4_1,complete_1,block_2_1,complete_1,unroll_4,unroll_4,1,6.75,0.639532690799,False
workload_146.cpp,xczu7ev-ffvc1156-2-e,10,0.26264,137,6,26,12,21,cyclic_4_1,block_4_1,block_2_1,cyclic_4_1,block_4_1,block_8_1,unroll_2,unroll_16,1,16.25,0.769528788719,False
workload_286.cpp,xczu7ev-ffvc1156-2-e,10,0.27672,87,5,1,1,4,cyclic_4_1,block_4_1,block_2_1,cyclic_4_1,cyclic_2_1,complete_1,unroll_2,pipeline_1,1,2.75,1,True
workload_161.cpp,xczu7ev-ffvc1156-2-e,10,0.26264,138,6,26,12,21,cyclic_4_1,block_4_1,block_2_1,cyclic_8_1,block_4_1,block_8_1,unroll_2,unroll_16,1,16.25,0.769528788719,False
workload_267.cpp,xczu7ev-ffvc1156-2-e,10,0.7628,90,5,0,1,4,cyclic_4_1,block_4_1,block_2_1,cyclic_8_1,block_4_1,block_8_1,unroll_2,unroll_2,1,2.5,0.30191428929,False
workload_832.cpp,xczu7ev-ffvc1156-2-e,10,0.22129,114,8,3,5,7,cyclic_4_1,block_4_1,block_4_1,complete_1,complete_1,block_4_1,pipeline_1,unroll_2,1,5.75,0.991165083032,False
workload_303.cpp,xczu7ev-ffvc1156-2-e,10,0.22129,112,8,3,5,7,cyclic_4_1,block_4_1,block_4_1,complete_1,cyclic_2_1,block_8_1,pipeline_1,unroll_2,1,5.75,0.991165083032,False
workload_209.cpp,xczu7ev-ffvc1156-2-e,10,0.23153,165,8,3,6,8,cyclic_4_1,block_4_1,cyclic_128_1,cyclic_8_1,block_4_1,block_8_1,pipeline_1,unroll_16,1,6.25,0.97089267779,False
workload_282.cpp,xczu7ev-ffvc1156-2-e,10,0.23153,162,8,3,6,8,cyclic_4_1,block_4_1,cyclic_128_1,cyclic_8_1,complete_1,cyclic_2_1,pipeline_1,unroll_2,1,6.25,0.97089267779,False
workload_489.cpp,xczu7ev-ffvc1156-2-e,10,0.75256,85,5,0,1,4,cyclic_4_1,block_4_1,cyclic_2_1,block_8_1,block_4_1,block_8_1,unroll_2,unroll_2,1,2.5,0.312130813722,False
workload_726.cpp,xczu7ev-ffvc1156-2-e,10,0.5748,143,4,0,2,9,cyclic_4_1,block_64_1,cyclic_2_1,complete_1,complete_1,block_4_1,unroll_4,unroll_4,1,3.75,0.5298045244,False
workload_268.cpp,xczu7ev-ffvc1156-2-e,10,0.22758,240,25,14,25,27,cyclic_4_1,cyclic_128_1,block_128_1,complete_1,block_4_1,cyclic_4_1,pipeline_1,unroll_16,1,22.75,0.611266753969,False
workload_212.cpp,xczu7ev-ffvc1156-2-e,10,0.93832,221,4,0,4,16,cyclic_4_1,cyclic_128_1,block_128_1,cyclic_4_1,cyclic_2_1,cyclic_4_1,unroll_4,unroll_4,1,6,0.165382963655,False
workload_572.cpp,xczu7ev-ffvc1156-2-e,10,0.21725,108,29,14,9,15,cyclic_4_1,cyclic_128_1,block_2_1,block_8_1,block_4_1,block_8_1,pipeline_1,unroll_2,1,16.75,0.784416347003,False
workload_469.cpp,xczu7ev-ffvc1156-2-e,10,0.9292,96,4,0,3,7,cyclic_4_1,cyclic_128_1,block_2_1,block_8_1,block_4_1,block_8_1,unroll_2,unroll_2,1,3.5,0.171356900749,False
workload_561.cpp,xczu7ev-ffvc1156-2-e,10,0.91448,147,4,0,3,7,cyclic_4_1,cyclic_128_1,block_2_1,block_8_1,block_4_1,cyclic_4_1,unroll_2,unroll_8,1,3.5,0.180252028157,False
workload_430.cpp,xczu7ev-ffvc1156-2-e,10,0.25304,148,5,30,15,25,cyclic_4_1,cyclic_128_1,block_2_1,complete_1,block_4_1,block_8_1,unroll_2,unroll_16,1,18.75,0.714037039654,False
workload_435.cpp,xczu7ev-ffvc1156-2-e,10,0.74825,2513,4,1,8,46,cyclic_4_1,cyclic_128_1,block_2_1,complete_1,block_4_1,block_8_1,unroll_64,unroll_2,1,14.75,0.277618913098,False
workload_779.cpp,xczu7ev-ffvc1156-2-e,10,0.27608,93,4,1,3,7,cyclic_4_1,cyclic_128_1,block_2_1,complete_1,complete_1,block_4_1,unroll_2,pipeline_1,1,3.75,0.931906469473,False
workload_803.cpp,xczu7ev-ffvc1156-2-e,10,0.9228,109,4,0,3,6,cyclic_4_1,cyclic_128_1,block_2_1,complete_1,complete_1,block_4_1,unroll_2,unroll_4,1,3.25,0.175141021832,False
workload_858.cpp,xczu7ev-ffvc1156-2-e,10,0.27608,92,4,1,3,7,cyclic_4_1,cyclic_128_1,block_2_1,complete_1,complete_1,cyclic_4_1,unroll_2,pipeline_1,1,3.75,0.931906469473,False
workload_919.cpp,xczu7ev-ffvc1156-2-e,10,0.27672,96,4,1,3,7,cyclic_4_1,cyclic_128_1,block_2_1,complete_1,cyclic_2_1,block_4_1,unroll_2,pipeline_1,1,3.75,0.931246693135,False
workload_533.cpp,xczu7ev-ffvc1156-2-e,10,0.25304,145,5,30,15,25,cyclic_4_1,cyclic_128_1,block_2_1,cyclic_4_1,block_4_1,block_8_1,unroll_2,unroll_16,1,18.75,0.714037039654,False
workload_643.cpp,xczu7ev-ffvc1156-2-e,10,0.21725,109,29,14,9,15,cyclic_4_1,cyclic_128_1,block_2_1,cyclic_8_1,block_4_1,block_4_1,pipeline_1,unroll_16,1,16.75,0.784416347003,False
workload_735.cpp,xczu7ev-ffvc1156-2-e,10,0.27704,95,4,1,3,7,cyclic_4_1,cyclic_128_1,block_2_1,cyclic_8_1,block_4_1,block_4_1,unroll_2,pipeline_1,1,3.75,0.930882304245,False
workload_766.cpp,xczu7ev-ffvc1156-2-e,10,0.27704,95,4,1,3,7,cyclic_4_1,cyclic_128_1,block_2_1,cyclic_8_1,block_4_1,block_8_1,unroll_2,pipeline_1,1,3.75,0.930882304245,False
workload_252.cpp,xczu7ev-ffvc1156-2-e,10,0.25304,145,5,30,15,25,cyclic_4_1,cyclic_128_1,block_2_1,cyclic_8_1,block_4_1,block_8_1,unroll_2,unroll_16,1,18.75,0.714037039654,False
workload_397.cpp,xczu7ev-ffvc1156-2-e,10,0.93944,96,4,0,3,7,cyclic_4_1,cyclic_128_1,block_2_1,cyclic_8_1,block_4_1,block_8_1,unroll_2,unroll_2,1,3.5,0.165476832187,False
workload_626.cpp,xczu7ev-ffvc1156-2-e,10,1.0052,373,4,1,3,9,cyclic_4_1,cyclic_128_1,block_2_1,cyclic_8_1,block_4_1,block_8_1,unroll_4,unroll_16,1,4.25,0.133711173945,False
workload_776.cpp,xczu7ev-ffvc1156-2-e,10,0.92472,147,4,0,3,7,cyclic_4_1,cyclic_128_1,block_2_1,cyclic_8_1,block_4_1,cyclic_2_1,unroll_2,unroll_8,1,3.5,0.174008862611,False
workload_402.cpp,xczu7ev-ffvc1156-2-e,10,0.25304,146,5,30,15,25,cyclic_4_1,cyclic_128_1,block_2_1,cyclic_8_1,complete_1,block_8_1,unroll_2,unroll_16,1,18.75,0.714037039654,False
workload_915.cpp,xczu7ev-ffvc1156-2-e,10,0.25304,147,5,30,15,25,cyclic_4_1,cyclic_128_1,block_2_1,cyclic_8_1,cyclic_2_1,cyclic_2_1,unroll_2,unroll_16,1,18.75,0.714037039654,False
workload_245.cpp,xczu7ev-ffvc1156-2-e,10,0.2764,121,5,1,4,9,cyclic_4_1,cyclic_128_1,block_4_1,block_4_1,complete_1,block_4_1,unroll_4,pipeline_1,1,4.75,0.938135817669,False
workload_927.cpp,xczu7ev-ffvc1156-2-e,10,0.27608,96,5,1,3,7,cyclic_4_1,cyclic_128_1,block_4_1,complete_1,complete_1,cyclic_4_1,unroll_2,pipeline_1,1,4,0.929571571129,False
workload_262.cpp,xczu7ev-ffvc1156-2-e,10,0.27672,96,5,1,3,7,cyclic_4_1,cyclic_128_1,block_4_1,complete_1,cyclic_2_1,cyclic_4_1,unroll_2,pipeline_1,1,4,0.928942149873,False
workload_280.cpp,xczu7ev-ffvc1156-2-e,10,0.28632,95,7,1,3,7,cyclic_4_1,cyclic_128_1,cyclic_16_1,complete_1,complete_1,block_4_1,unroll_2,pipeline_1,1,4.5,0.916932159503,False
workload_522.cpp,xczu7ev-ffvc1156-2-e,10,0.21725,107,26,14,9,14,cyclic_4_1,cyclic_128_1,cyclic_2_1,cyclic_8_1,block_4_1,block_8_1,pipeline_1,unroll_8,1,15.75,0.81565489158,False
workload_825.cpp,xczu7ev-ffvc1156-2-e,10,0.25304,144,5,30,15,25,cyclic_4_1,cyclic_128_1,cyclic_2_1,cyclic_8_1,block_4_1,block_8_1,unroll_2,unroll_16,1,18.75,0.714037039654,False
workload_298.cpp,xczu7ev-ffvc1156-2-e,10,0.2764,121,5,1,4,9,cyclic_4_1,cyclic_128_1,cyclic_4_1,block_2_1,complete_1,block_4_1,unroll_4,pipeline_1,1,4.75,0.938135817669,False
workload_122.cpp,xczu7ev-ffvc1156-2-e,10,0.2764,120.5,5,1,4,9,cyclic_4_1,cyclic_128_1,cyclic_4_1,block_4_1,complete_1,block_4_1,unroll_4,pipeline_1,2,4.75,0.938135817669,False
workload_580.cpp,xczu7ev-ffvc1156-2-e,10,0.9292,97,5,0,3,7,cyclic_4_1,cyclic_128_1,cyclic_4_1,block_8_1,block_4_1,block_8_1,unroll_2,unroll_2,1,3.75,0.171358171726,False
workload_596.cpp,xczu7ev-ffvc1156-2-e,10,0.21725,108,25,14,9,14,cyclic_4_1,cyclic_128_1,cyclic_4_1,block_8_1,block_4_1,cyclic_4_1,pipeline_1,unroll_8,1,15.5,0.823573325606,False
workload_247.cpp,xczu7ev-ffvc1156-2-e,10,0.2764,122,5,1,4,9,cyclic_4_1,cyclic_128_1,cyclic_4_1,complete_1,block_2_1,complete_1,unroll_4,pipeline_1,1,4.75,0.938135817669,False
workload_232.cpp,xczu7ev-ffvc1156-2-e,10,0.27608,96,5,1,3,7,cyclic_4_1,cyclic_128_1,cyclic_4_1,complete_1,complete_1,block_4_1,unroll_2,pipeline_1,1,4,0.929571571129,False
workload_324.cpp,xczu7ev-ffvc1156-2-e,10,0.92152,100,5,0,3,8,cyclic_4_1,cyclic_128_1,cyclic_4_1,complete_1,complete_1,block_4_1,unroll_2,unroll_2,1,4,0.17591677456,False
workload_410.cpp,xczu7ev-ffvc1156-2-e,10,0.9228,111,5,0,3,6,cyclic_4_1,cyclic_128_1,cyclic_4_1,complete_1,complete_1,block_4_1,unroll_2,unroll_4,1,3.5,0.175160217586,False
workload_151.cpp,xczu7ev-ffvc1156-2-e,10,0.27576,121,5,1,4,9,cyclic_4_1,cyclic_128_1,cyclic_4_1,complete_1,complete_1,block_4_1,unroll_4,pipeline_1,1,4.75,0.939407379802,False
workload_525.cpp,xczu7ev-ffvc1156-2-e,10,0.21725,109,25,14,9,14,cyclic_4_1,cyclic_128_1,cyclic_4_1,cyclic_4_1,block_8_1,block_8_1,pipeline_1,unroll_16,1,15.5,0.823573325606,False
workload_458.cpp,xczu7ev-ffvc1156-2-e,10,0.93176,99,5,0,3,7,cyclic_4_1,cyclic_128_1,cyclic_4_1,cyclic_4_1,complete_1,block_4_1,unroll_2,unroll_2,1,3.75,0.169864518979,False
workload_462.cpp,xczu7ev-ffvc1156-2-e,10,0.27656,121,5,1,4,9,cyclic_4_1,cyclic_128_1,cyclic_4_1,cyclic_4_1,cyclic_2_1,block_4_1,unroll_4,pipeline_1,1,4.75,0.937818019491,False
workload_688.cpp,xczu7ev-ffvc1156-2-e,10,0.92472,145,5,0,3,7,cyclic_4_1,cyclic_128_1,cyclic_4_1,cyclic_8_1,block_4_1,block_8_1,unroll_2,unroll_8,1,3.75,0.174010046213,False
workload_208.cpp,xczu7ev-ffvc1156-2-e,10,0.94184,139,4,0,4,11,cyclic_4_1,cyclic_128_1,cyclic_64_1,block_4_1,block_2_1,block_4_1,unroll_4,unroll_2,1,4.75,0.163981267593,False
workload_198.cpp,xczu7ev-ffvc1156-2-e,10,0.94184,134,4,0,4,11,cyclic_4_1,cyclic_128_1,cyclic_64_1,block_4_1,block_4_1,block_4_1,unroll_4,unroll_2,1,4.75,0.163981267593,False
workload_60.cpp,xczu7ev-ffvc1156-2-e,10,0.28664,130,4,1,5,11,cyclic_4_1,cyclic_128_1,cyclic_64_1,block_4_1,complete_1,block_4_1,unroll_4,pipeline_1,1,5.25,0.918190175207,False
workload_158.cpp,xczu7ev-ffvc1156-2-e,10,0.22749,117,25,14,10,15,cyclic_4_1,cyclic_128_1,cyclic_64_1,complete_1,complete_1,block_2_1,pipeline_1,unroll_4,1,16,0.805092744739,False
workload_195.cpp,xczu7ev-ffvc1156-2-e,10,0.22749,115,25,14,10,15,cyclic_4_1,cyclic_128_1,cyclic_64_1,cyclic_4_1,block_4_1,block_8_1,pipeline_1,unroll_8,1,16,0.805092744739,False
workload_231.cpp,xczu7ev-ffvc1156-2-e,10,0.28664,129,4,1,5,11,cyclic_4_1,cyclic_128_1,cyclic_64_1,cyclic_4_1,complete_1,block_4_1,unroll_4,pipeline_1,1,5.25,0.918190175207,False
workload_455.cpp,xczu7ev-ffvc1156-2-e,10,0.94184,136,4,0,4,10,cyclic_4_1,cyclic_128_1,cyclic_64_1,cyclic_4_1,cyclic_2_1,block_8_1,unroll_4,unroll_2,1,4.5,0.164044293047,False
workload_377.cpp,xczu7ev-ffvc1156-2-e,10,0.28632,94,5,1,3,7,cyclic_4_1,cyclic_128_1,cyclic_8_1,complete_1,complete_1,block_4_1,unroll_2,pipeline_1,1,4,0.915150803556,False
workload_471.cpp,xczu7ev-ffvc1156-2-e,10,0.21725,100,29,14,8,12,cyclic_4_1,cyclic_16_1,cyclic_2_1,block_8_1,block_4_1,block_8_1,pipeline_1,unroll_2,1,15.75,0.81565489158,False
workload_662.cpp,xczu7ev-ffvc1156-2-e,10,0.21725,102,29,14,8,12,cyclic_4_1,cyclic_16_1,cyclic_2_1,complete_1,cyclic_2_1,block_8_1,pipeline_1,pipeline_1,1,15.75,0.81565489158,False
workload_486.cpp,xczu7ev-ffvc1156-2-e,10,0.21725,101,29,14,8,12,cyclic_4_1,cyclic_16_1,cyclic_2_1,cyclic_2_1,block_2_1,block_8_1,pipeline_1,unroll_2,1,15.75,0.81565489158,False
workload_656.cpp,xczu7ev-ffvc1156-2-e,10,0.21725,104,28,14,8,12,cyclic_4_1,cyclic_16_1,cyclic_4_1,complete_1,block_4_1,block_4_1,pipeline_1,unroll_16,1,15.5,0.823573325606,False
workload_299.cpp,xczu7ev-ffvc1156-2-e,10,0.21725,103,28,14,8,12,cyclic_4_1,cyclic_16_1,cyclic_4_1,complete_1,block_4_1,block_8_1,pipeline_1,unroll_16,1,15.5,0.823573325606,False
workload_246.cpp,xczu7ev-ffvc1156-2-e,10,0.93688,91,7,0,1,5,cyclic_4_1,cyclic_16_1,cyclic_4_1,complete_1,block_4_1,complete_1,unroll_2,unroll_2,1,3.25,0.166905124408,False
workload_875.cpp,xczu7ev-ffvc1156-2-e,10,0.27624,166,7,1,4,12,cyclic_4_1,cyclic_16_1,cyclic_4_1,cyclic_2_1,complete_1,cyclic_4_1,unroll_8,pipeline_1,1,6,0.929399555597,False
workload_295.cpp,xczu7ev-ffvc1156-2-e,10,0.21725,102,28,14,8,12,cyclic_4_1,cyclic_16_1,cyclic_4_1,cyclic_4_1,block_4_1,complete_1,pipeline_1,unroll_8,1,15.5,0.823573325606,False
workload_348.cpp,xczu7ev-ffvc1156-2-e,10,0.21725,102,28,14,8,12,cyclic_4_1,cyclic_16_1,cyclic_4_1,cyclic_4_1,complete_1,block_8_1,pipeline_1,unroll_16,1,15.5,0.823573325606,False
workload_361.cpp,xczu7ev-ffvc1156-2-e,10,0.21725,104,28,14,8,12,cyclic_4_1,cyclic_16_1,cyclic_4_1,cyclic_8_1,block_4_1,block_8_1,pipeline_1,unroll_16,1,15.5,0.823573325606,False
workload_349.cpp,xczu7ev-ffvc1156-2-e,10,0.21725,103,28,14,8,12,cyclic_4_1,cyclic_16_1,cyclic_4_1,cyclic_8_1,block_4_1,block_8_1,pipeline_1,unroll_8,1,15.5,0.823573325606,False
workload_196.cpp,xczu7ev-ffvc1156-2-e,10,0.21725,101,28,14,8,12,cyclic_4_1,cyclic_16_1,cyclic_4_1,cyclic_8_1,block_4_1,complete_1,pipeline_1,unroll_2,1,15.5,0.823573325606,False
workload_225.cpp,xczu7ev-ffvc1156-2-e,10,0.21725,101,28,14,8,12,cyclic_4_1,cyclic_16_1,cyclic_4_1,cyclic_8_1,block_4_1,complete_1,pipeline_1,unroll_8,1,15.5,0.823573325606,False
workload_326.cpp,xczu7ev-ffvc1156-2-e,10,0.21725,104,28,14,8,12,cyclic_4_1,cyclic_16_1,cyclic_4_1,cyclic_8_1,block_4_1,cyclic_4_1,pipeline_1,unroll_8,1,15.5,0.823573325606,False
workload_109.cpp,xczu7ev-ffvc1156-2-e,10,0.2868,122,7,1,4,10,cyclic_4_1,cyclic_16_1,cyclic_64_1,block_4_1,block_2_1,cyclic_2_1,unroll_4,pipeline_1,1,5.5,0.917423421664,False
workload_11.cpp,xczu7ev-ffvc1156-2-e,10,0.28664,118,7,1,4,10,cyclic_4_1,cyclic_16_1,cyclic_64_1,block_4_1,complete_1,block_4_1,unroll_4,pipeline_1,1,5.5,0.917735335352,False
workload_848.cpp,xczu7ev-ffvc1156-2-e,10,0.29064,224,5,16,38,31,cyclic_4_1,cyclic_2_1,block_128_1,complete_1,complete_1,block_4_1,unroll_2,unroll_16,1,22.5,0.596549855344,False
workload_362.cpp,xczu7ev-ffvc1156-2-e,10,0.23019,209,10,5,21,20,cyclic_4_1,cyclic_2_1,block_128_1,cyclic_4_1,complete_1,block_8_1,pipeline_1,pipeline_1,1,14,0.838668576684,False
workload_387.cpp,xczu7ev-ffvc1156-2-e,10,0.28696,101,4,1,3,8,cyclic_4_1,cyclic_2_1,block_128_1,cyclic_8_1,block_4_1,complete_1,unroll_2,pipeline_1,1,4,0.91405907655,False
workload_414.cpp,xczu7ev-ffvc1156-2-e,10,0.28728,107,4,1,3,9,cyclic_4_1,cyclic_2_1,block_128_1,cyclic_8_1,block_4_1,cyclic_4_1,unroll_2,pipeline_1,1,4.25,0.912264306086,False
workload_382.cpp,xczu7ev-ffvc1156-2-e,10,0.21858,107,14,7,6,8,cyclic_4_1,cyclic_2_1,block_2_1,complete_1,block_4_1,block_8_1,pipeline_1,pipeline_1,1,8.75,0.939003778186,False
workload_478.cpp,xczu7ev-ffvc1156-2-e,10,0.26232,128,5,15,8,14,cyclic_4_1,cyclic_2_1,block_2_1,complete_1,block_4_1,block_8_1,unroll_2,unroll_16,1,10.5,0.858711268932,False
workload_528.cpp,xczu7ev-ffvc1156-2-e,10,0.5836,85,5,0,1,4,cyclic_4_1,cyclic_2_1,block_2_1,complete_1,block_4_1,block_8_1,unroll_2,unroll_2,1,2.5,0.516833773105,False
workload_527.cpp,xczu7ev-ffvc1156-2-e,10,0.26232,128,5,15,8,14,cyclic_4_1,cyclic_2_1,block_2_1,complete_1,block_8_1,block_8_1,unroll_2,unroll_16,1,10.5,0.858711268932,False
workload_573.cpp,xczu7ev-ffvc1156-2-e,10,0.21858,108,14,7,6,8,cyclic_4_1,cyclic_2_1,block_2_1,complete_1,cyclic_2_1,block_8_1,pipeline_1,pipeline_1,1,8.75,0.939003778186,False
workload_699.cpp,xczu7ev-ffvc1156-2-e,10,0.24664,337,5,46,20,36,cyclic_4_1,cyclic_2_1,block_2_1,cyclic_2_1,cyclic_2_1,block_8_1,unroll_4,unroll_16,1,26.75,0.508233432263,False
workload_562.cpp,xczu7ev-ffvc1156-2-e,10,0.21858,110,14,7,6,8,cyclic_4_1,cyclic_2_1,block_2_1,cyclic_4_1,complete_1,block_4_1,pipeline_1,unroll_2,1,8.75,0.939003778186,False
workload_594.cpp,xczu7ev-ffvc1156-2-e,10,0.40184,90,5,1,1,5,cyclic_4_1,cyclic_2_1,block_2_1,cyclic_4_1,cyclic_2_1,block_4_1,unroll_2,unroll_4,1,3,0.804679889198,False
workload_591.cpp,xczu7ev-ffvc1156-2-e,10,0.24664,336,5,46,20,36,cyclic_4_1,cyclic_2_1,block_2_1,cyclic_4_1,cyclic_2_1,complete_1,unroll_4,unroll_16,1,26.75,0.508233432263,False
workload_116.cpp,xczu7ev-ffvc1156-2-e,10,0.73817,1730,5,1,3,21,cyclic_4_1,cyclic_2_1,block_2_1,cyclic_4_1,cyclic_2_1,cyclic_4_1,unroll_64,unroll_2,1,7.5,0.321664935893,False
workload_448.cpp,xczu7ev-ffvc1156-2-e,10,0.21858,107,14,7,6,8,cyclic_4_1,cyclic_2_1,block_2_1,cyclic_8_1,block_4_1,block_8_1,pipeline_1,unroll_2,1,8.75,0.939003778186,False
workload_219.cpp,xczu7ev-ffvc1156-2-e,10,0.26232,128,5,15,8,14,cyclic_4_1,cyclic_2_1,block_2_1,cyclic_8_1,block_4_1,block_8_1,unroll_2,unroll_16,1,10.5,0.858711268932,False
workload_841.cpp,xczu7ev-ffvc1156-2-e,10,0.24664,336,5,46,20,36,cyclic_4_1,cyclic_2_1,block_2_1,cyclic_8_1,block_4_1,block_8_1,unroll_4,unroll_16,1,26.75,0.508233432263,False
workload_751.cpp,xczu7ev-ffvc1156-2-e,10,0.26232,127,5,15,8,14,cyclic_4_1,cyclic_2_1,block_2_1,cyclic_8_1,cyclic_2_1,complete_1,unroll_2,unroll_16,1,10.5,0.858711268932,False
workload_737.cpp,xczu7ev-ffvc1156-2-e,10,0.26232,135,5,15,8,14,cyclic_4_1,cyclic_2_1,block_2_1,cyclic_8_1,cyclic_2_1,cyclic_2_1,unroll_2,unroll_16,1,10.5,0.858711268932,False
workload_191.cpp,xczu7ev-ffvc1156-2-e,10,0.27931,1223,5,1,15,33,cyclic_4_1,cyclic_2_1,block_4_1,block_8_1,cyclic_2_1,cyclic_4_1,unroll_64,pipeline_1,1,13.5,0.791862126753,False
workload_549.cpp,xczu7ev-ffvc1156-2-e,10,0.21858,109,16,7,6,8,cyclic_4_1,cyclic_2_1,block_4_1,complete_1,block_2_1,block_8_1,pipeline_1,unroll_2,1,9.25,0.921997155736,False
workload_481.cpp,xczu7ev-ffvc1156-2-e,10,0.57592,85,6,0,1,4,cyclic_4_1,cyclic_2_1,block_4_1,complete_1,block_2_1,block_8_1,unroll_2,unroll_2,1,2.75,0.528054236366,False
workload_687.cpp,xczu7ev-ffvc1156-2-e,10,0.27672,87,5,1,1,5,cyclic_4_1,cyclic_2_1,block_4_1,complete_1,block_4_1,complete_1,unroll_2,pipeline_1,1,3,0.928026166822,False
workload_350.cpp,xczu7ev-ffvc1156-2-e,10,0.57336,88,6,0,1,5,cyclic_4_1,cyclic_2_1,block_4_1,complete_1,complete_1,block_8_1,unroll_2,unroll_2,1,3,0.53192550436,False
workload_284.cpp,xczu7ev-ffvc1156-2-e,10,0.21858,111,16,7,6,8,cyclic_4_1,cyclic_2_1,block_4_1,cyclic_2_1,complete_1,block_8_1,pipeline_1,pipeline_1,1,9.25,0.921997155736,False
workload_485.cpp,xczu7ev-ffvc1156-2-e,10,0.21858,110,16,7,6,8,cyclic_4_1,cyclic_2_1,block_4_1,cyclic_4_1,complete_1,block_4_1,pipeline_1,unroll_2,1,9.25,0.921997155736,False
workload_291.cpp,xczu7ev-ffvc1156-2-e,10,0.5796,113,6,0,1,7,cyclic_4_1,cyclic_2_1,block_4_1,cyclic_4_1,complete_1,block_8_1,unroll_4,unroll_2,1,3.5,0.523080294697,False
workload_325.cpp,xczu7ev-ffvc1156-2-e,10,0.21858,112,16,7,6,8,cyclic_4_1,cyclic_2_1,block_4_1,cyclic_4_1,complete_1,cyclic_4_1,pipeline_1,unroll_2,1,9.25,0.921997155736,False
workload_311.cpp,xczu7ev-ffvc1156-2-e,10,0.57848,87,6,0,1,5,cyclic_4_1,cyclic_2_1,block_4_1,cyclic_4_1,complete_1,cyclic_4_1,unroll_2,unroll_2,1,3,0.524596637087,False
workload_121.cpp,xczu7ev-ffvc1156-2-e,10,0.5796,114,6,0,1,8,cyclic_4_1,cyclic_2_1,block_4_1,cyclic_4_1,complete_1,cyclic_4_1,unroll_4,unroll_2,1,3.75,0.522961813801,False
workload_163.cpp,xczu7ev-ffvc1156-2-e,10,0.21858,109,16,7,6,8,cyclic_4_1,cyclic_2_1,block_4_1,cyclic_4_1,cyclic_2_1,cyclic_4_1,pipeline_1,unroll_2,1,9.25,0.921997155736,False
workload_363.cpp,xczu7ev-ffvc1156-2-e,10,0.21858,110,16,7,6,8,cyclic_4_1,cyclic_2_1,block_4_1,cyclic_8_1,cyclic_2_1,block_8_1,pipeline_1,unroll_2,1,9.25,0.921997155736,False
workload_331.cpp,xczu7ev-ffvc1156-2-e,10,0.22891,143,12,7,14,14,cyclic_4_1,cyclic_2_1,block_64_1,cyclic_8_1,block_4_1,block_8_1,pipeline_1,unroll_2,1,11.75,0.881503626924,False
workload_755.cpp,xczu7ev-ffvc1156-2-e,10,0.40712,135,4,0,4,13,cyclic_4_1,cyclic_2_1,cyclic_128_1,complete_1,complete_1,block_4_1,unroll_4,unroll_4,1,5.25,0.769276563884,False
workload_814.cpp,xczu7ev-ffvc1156-2-e,10,0.40712,133,4,0,4,12,cyclic_4_1,cyclic_2_1,cyclic_128_1,complete_1,complete_1,cyclic_4_1,unroll_4,unroll_4,1,5,0.772904411119,False
workload_261.cpp,xczu7ev-ffvc1156-2-e,10,0.5848,173,4,0,4,16,cyclic_4_1,cyclic_2_1,cyclic_128_1,cyclic_2_1,block_4_1,cyclic_2_1,unroll_8,unroll_2,1,6,0.510156099388,False
workload_411.cpp,xczu7ev-ffvc1156-2-e,10,0.58616,97,4,0,3,8,cyclic_4_1,cyclic_2_1,cyclic_128_1,cyclic_4_1,block_4_1,cyclic_4_1,unroll_2,unroll_2,1,3.75,0.513695658317,False
workload_330.cpp,xczu7ev-ffvc1156-2-e,10,0.58872,97,4,0,4,8,cyclic_4_1,cyclic_2_1,cyclic_128_1,cyclic_4_1,complete_1,cyclic_4_1,unroll_2,unroll_2,1,4,0.509902254479,False
workload_457.cpp,xczu7ev-ffvc1156-2-e,10,0.28728,99,4,1,4,9,cyclic_4_1,cyclic_2_1,cyclic_128_1,cyclic_4_1,cyclic_2_1,cyclic_4_1,unroll_2,pipeline_1,1,4.5,0.915096469584,False
workload_165.cpp,xczu7ev-ffvc1156-2-e,10,0.22882,109,15,7,6,8,cyclic_4_1,cyclic_2_1,cyclic_16_1,cyclic_2_1,block_2_1,complete_1,pipeline_1,unroll_2,1,9,0.925240937208,False
workload_152.cpp,xczu7ev-ffvc1156-2-e,10,0.22882,108,15,7,6,8,cyclic_4_1,cyclic_2_1,cyclic_16_1,cyclic_2_1,block_4_1,complete_1,pipeline_1,unroll_2,1,9,0.925240937208,False
workload_238.cpp,xczu7ev-ffvc1156-2-e,10,0.22882,109,15,7,6,8,cyclic_4_1,cyclic_2_1,cyclic_16_1,cyclic_2_1,block_4_1,complete_1,pipeline_1,unroll_8,1,9,0.925240937208,False
workload_35.cpp,xczu7ev-ffvc1156-2-e,10,0.22882,105,15,7,6,8,cyclic_4_1,cyclic_2_1,cyclic_16_1,cyclic_2_1,complete_1,complete_1,pipeline_1,unroll_2,1,9,0.925240937208,False
workload_279.cpp,xczu7ev-ffvc1156-2-e,10,0.40824,92,7,1,1,4,cyclic_4_1,cyclic_2_1,cyclic_16_1,cyclic_2_1,complete_1,complete_1,unroll_2,unroll_4,1,3.25,0.793773578749,False
workload_902.cpp,xczu7ev-ffvc1156-2-e,10,0.278,131,7,16,8,15,cyclic_4_1,cyclic_2_1,cyclic_16_1,cyclic_8_1,block_2_1,block_8_1,unroll_2,unroll_16,1,11.5,0.825753664874,False
workload_404.cpp,xczu7ev-ffvc1156-2-e,10,0.278,128,7,16,8,15,cyclic_4_1,cyclic_2_1,cyclic_16_1,cyclic_8_1,block_4_1,block_8_1,unroll_2,unroll_16,1,11.5,0.825753664874,False
workload_916.cpp,xczu7ev-ffvc1156-2-e,10,0.28696,88,7,1,1,5,cyclic_4_1,cyclic_2_1,cyclic_16_1,cyclic_8_1,block_4_1,complete_1,unroll_2,pipeline_1,1,3.5,0.91342308883,False
workload_703.cpp,xczu7ev-ffvc1156-2-e,10,0.21858,107,13,7,6,8,cyclic_4_1,cyclic_2_1,cyclic_2_1,complete_1,block_2_1,block_4_1,pipeline_1,unroll_2,1,8.5,0.947551099818,False
workload_675.cpp,xczu7ev-ffvc1156-2-e,10,0.5836,86,5,0,1,4,cyclic_4_1,cyclic_2_1,cyclic_2_1,complete_1,block_4_1,block_4_1,unroll_2,unroll_2,1,2.5,0.516833773105,False
workload_205.cpp,xczu7ev-ffvc1156-2-e,10,0.5836,84.5,5,0,1,4,cyclic_4_1,cyclic_2_1,cyclic_2_1,complete_1,block_4_1,block_8_1,unroll_2,unroll_2,2,2.5,0.516833773105,False
workload_780.cpp,xczu7ev-ffvc1156-2-e,10,0.24664,338,5,44,20,35,cyclic_4_1,cyclic_2_1,cyclic_2_1,complete_1,block_4_1,block_8_1,unroll_4,unroll_16,1,26,0.526197019207,False
workload_917.cpp,xczu7ev-ffvc1156-2-e,10,0.21858,107,13,7,6,8,cyclic_4_1,cyclic_2_1,cyclic_2_1,complete_1,complete_1,block_4_1,pipeline_1,unroll_4,1,8.5,0.947551099818,False
workload_763.cpp,xczu7ev-ffvc1156-2-e,10,0.27608,85,5,1,2,4,cyclic_4_1,cyclic_2_1,cyclic_2_1,complete_1,complete_1,block_4_1,unroll_2,pipeline_1,1,3,1,True
workload_603.cpp,xczu7ev-ffvc1156-2-e,10,0.398,89.5,5,0,1,3,cyclic_4_1,cyclic_2_1,cyclic_2_1,complete_1,complete_1,block_4_1,unroll_2,unroll_4,2,2.25,1,True
workload_584.cpp,xczu7ev-ffvc1156-2-e,10,0.39688,120.5,5,0,1,5,cyclic_4_1,cyclic_2_1,cyclic_2_1,complete_1,complete_1,block_4_1,unroll_4,unroll_4,2,2.75,0.812560951863,False
workload_923.cpp,xczu7ev-ffvc1156-2-e,10,0.27866,1169,5,1,17,34,cyclic_4_1,cyclic_2_1,cyclic_2_1,complete_1,complete_1,block_4_1,unroll_64,pipeline_1,1,14.25,0.784628471953,False
workload_855.cpp,xczu7ev-ffvc1156-2-e,10,0.24176,1167,5,84,38,66,cyclic_4_1,cyclic_2_1,cyclic_2_1,complete_1,complete_1,block_4_1,unroll_8,unroll_16,1,48.25,0.156983852098,False
workload_827.cpp,xczu7ev-ffvc1156-2-e,10,0.39688,118,5,0,1,5,cyclic_4_1,cyclic_2_1,cyclic_2_1,complete_1,complete_1,block_8_1,unroll_4,unroll_4,1,2.75,0.812560951863,False
workload_931.cpp,xczu7ev-ffvc1156-2-e,10,0.48209,2751,5,3,4,22,cyclic_4_1,cyclic_2_1,cyclic_2_1,complete_1,complete_1,block_8_1,unroll_64,unroll_4,1,8.5,0.630329655919,False
workload_862.cpp,xczu7ev-ffvc1156-2-e,10,0.39688,121,5,0,1,5,cyclic_4_1,cyclic_2_1,cyclic_2_1,complete_1,complete_1,complete_1,unroll_4,unroll_4,1,2.75,0.812560951863,False
workload_461.cpp,xczu7ev-ffvc1156-2-e,10,0.21858,107,13,7,6,8,cyclic_4_1,cyclic_2_1,cyclic_2_1,cyclic_2_1,block_2_1,block_8_1,pipeline_1,unroll_2,1,8.5,0.947551099818,False
workload_447.cpp,xczu7ev-ffvc1156-2-e,10,0.27672,86,5,1,2,4,cyclic_4_1,cyclic_2_1,cyclic_2_1,cyclic_2_1,complete_1,block_4_1,unroll_2,pipeline_1,1,3,0.928026166822,False
workload_734.cpp,xczu7ev-ffvc1156-2-e,10,0.21858,110,13,7,6,8,cyclic_4_1,cyclic_2_1,cyclic_2_1,cyclic_2_1,complete_1,block_8_1,pipeline_1,pipeline_1,1,8.5,0.947551099818,False
workload_537.cpp,xczu7ev-ffvc1156-2-e,10,0.40184,89,5,0,1,4,cyclic_4_1,cyclic_2_1,cyclic_2_1,cyclic_4_1,block_2_1,block_4_1,unroll_2,unroll_4,1,2.5,0.809721165504,False
workload_609.cpp,xczu7ev-ffvc1156-2-e,10,0.40184,91,5,0,1,4,cyclic_4_1,cyclic_2_1,cyclic_2_1,cyclic_4_1,block_2_1,cyclic_4_1,unroll_2,unroll_4,1,2.5,0.809721165504,False
workload_491.cpp,xczu7ev-ffvc1156-2-e,10,0.57592,83,5,0,1,4,cyclic_4_1,cyclic_2_1,cyclic_2_1,cyclic_4_1,block_4_1,block_8_1,unroll_2,unroll_2,1,2.5,0.527746863245,False
workload_405.cpp,xczu7ev-ffvc1156-2-e,10,0.21858,106,13,7,6,8,cyclic_4_1,cyclic_2_1,cyclic_2_1,cyclic_4_1,complete_1,block_4_1,pipeline_1,unroll_2,2,8.5,0.947551099818,False
workload_806.cpp,xczu7ev-ffvc1156-2-e,10,0.24664,335,5,44,20,35,cyclic_4_1,cyclic_2_1,cyclic_2_1,cyclic_4_1,complete_1,cyclic_4_1,unroll_4,unroll_16,1,26,0.526197019207,False
workload_788.cpp,xczu7ev-ffvc1156-2-e,10,0.57592,85,5,0,1,4,cyclic_4_1,cyclic_2_1,cyclic_2_1,cyclic_8_1,block_2_1,block_2_1,unroll_2,unroll_2,1,2.5,0.527746863245,False
workload_674.cpp,xczu7ev-ffvc1156-2-e,10,0.25912,127,5,15,8,14,cyclic_4_1,cyclic_2_1,cyclic_2_1,cyclic_8_1,block_2_1,block_8_1,unroll_2,unroll_16,1,10.5,0.862847505889,False
workload_672.cpp,xczu7ev-ffvc1156-2-e,10,0.31032,97,5,1,2,4,cyclic_4_1,cyclic_2_1,cyclic_2_1,cyclic_8_1,block_2_1,block_8_1,unroll_2,unroll_8,1,3,0.867149047952,False
workload_354.cpp,xczu7ev-ffvc1156-2-e,10,0.21858,106,13,7,6,8,cyclic_4_1,cyclic_2_1,cyclic_2_1,cyclic_8_1,block_4_1,block_8_1,pipeline_1,pipeline_1,1,8.5,0.947551099818,False
workload_301.cpp,xczu7ev-ffvc1156-2-e,10,0.21858,107,13,7,6,8,cyclic_4_1,cyclic_2_1,cyclic_2_1,cyclic_8_1,block_4_1,block_8_1,pipeline_1,unroll_2,2,8.5,0.947551099818,False
workload_264.cpp,xczu7ev-ffvc1156-2-e,10,0.21858,110,13,7,6,8,cyclic_4_1,cyclic_2_1,cyclic_2_1,cyclic_8_1,block_4_1,block_8_1,pipeline_1,unroll_8,1,8.5,0.947551099818,False
workload_409.cpp,xczu7ev-ffvc1156-2-e,10,0.93944,86,5,0,1,4,cyclic_4_1,cyclic_2_1,cyclic_2_1,cyclic_8_1,block_4_1,block_8_1,unroll_2,unroll_2,1,2.5,0.165307270812,False
workload_705.cpp,xczu7ev-ffvc1156-2-e,10,0.24664,329,5,44,20,35,cyclic_4_1,cyclic_2_1,cyclic_2_1,cyclic_8_1,block_4_1,block_8_1,unroll_4,unroll_16,1,26,0.526197019207,False
workload_653.cpp,xczu7ev-ffvc1156-2-e,10,0.33928,125,5,7,5,10,cyclic_4_1,cyclic_2_1,cyclic_2_1,cyclic_8_1,block_4_1,block_8_1,unroll_4,unroll_8,1,6.75,0.810929977922,False
workload_910.cpp,xczu7ev-ffvc1156-2-e,10,0.24664,335,5,44,20,35,cyclic_4_1,cyclic_2_1,cyclic_2_1,cyclic_8_1,block_8_1,block_8_1,unroll_4,unroll_16,1,26,0.526197019207,False
workload_736.cpp,xczu7ev-ffvc1156-2-e,10,0.24176,1323,5,84,38,66,cyclic_4_1,cyclic_2_1,cyclic_2_1,cyclic_8_1,complete_1,block_4_1,unroll_8,unroll_16,1,48.25,0.156983852098,False
workload_796.cpp,xczu7ev-ffvc1156-2-e,10,0.25912,125,5,15,8,14,cyclic_4_1,cyclic_2_1,cyclic_2_1,cyclic_8_1,cyclic_2_1,block_4_1,unroll_2,unroll_16,1,10.5,0.862847505889,False
workload_668.cpp,xczu7ev-ffvc1156-2-e,10,0.21858,106,13,7,6,8,cyclic_4_1,cyclic_2_1,cyclic_2_1,cyclic_8_1,cyclic_2_1,block_8_1,pipeline_1,unroll_2,1,8.5,0.947551099818,False
workload_648.cpp,xczu7ev-ffvc1156-2-e,10,0.28632,87,9,1,2,5,cyclic_4_1,cyclic_2_1,cyclic_32_1,complete_1,complete_1,block_4_1,unroll_2,pipeline_1,1,4.25,0.913986047773,False
workload_778.cpp,xczu7ev-ffvc1156-2-e,10,0.41208,92,9,0,1,5,cyclic_4_1,cyclic_2_1,cyclic_32_1,cyclic_2_1,block_2_1,block_8_1,unroll_2,unroll_4,1,3.75,0.783238578834,False
workload_822.cpp,xczu7ev-ffvc1156-2-e,10,0.22052,93,8,4,5,7,cyclic_4_1,cyclic_2_1,cyclic_4_1,block_8_1,block_4_1,cyclic_4_1,pipeline_1,unroll_2,1,6,1,True
workload_316.cpp,xczu7ev-ffvc1156-2-e,10,0.27672,86,5,1,1,5,cyclic_4_1,cyclic_2_1,cyclic_4_1,complete_1,block_2_1,block_4_1,unroll_2,pipeline_1,1,3,0.928026166822,False
workload_831.cpp,xczu7ev-ffvc1156-2-e,10,0.22052,96,8,4,5,7,cyclic_4_1,cyclic_2_1,cyclic_4_1,complete_1,block_2_1,block_8_1,pipeline_1,unroll_16,1,6,1,True
workload_374.cpp,xczu7ev-ffvc1156-2-e,10,0.22052,94,8,4,5,7,cyclic_4_1,cyclic_2_1,cyclic_4_1,complete_1,block_2_1,block_8_1,pipeline_1,unroll_2,1,6,1,True
workload_719.cpp,xczu7ev-ffvc1156-2-e,10,0.26552,130,5,15,8,14,cyclic_4_1,cyclic_2_1,cyclic_4_1,complete_1,block_2_1,block_8_1,unroll_2,unroll_16,1,10.5,0.854474907935,False
workload_864.cpp,xczu7ev-ffvc1156-2-e,10,0.40056,92,5,0,1,4,cyclic_4_1,cyclic_2_1,cyclic_4_1,complete_1,block_2_1,block_8_1,unroll_2,unroll_4,1,2.5,0.811572356683,False
workload_407.cpp,xczu7ev-ffvc1156-2-e,10,0.22052,94.5,8,4,5,7,cyclic_4_1,cyclic_2_1,cyclic_4_1,complete_1,block_2_1,complete_1,pipeline_1,pipeline_1,2,6,1,True
workload_274.cpp,xczu7ev-ffvc1156-2-e,10,0.27672,89,5,1,1,4,cyclic_4_1,cyclic_2_1,cyclic_4_1,complete_1,block_2_1,complete_1,unroll_2,pipeline_1,1,2.75,1,True
workload_629.cpp,xczu7ev-ffvc1156-2-e,10,0.26552,128,5,15,8,14,cyclic_4_1,cyclic_2_1,cyclic_4_1,complete_1,block_2_1,complete_1,unroll_2,unroll_16,1,10.5,0.854474907935,False
workload_392.cpp,xczu7ev-ffvc1156-2-e,10,0.2764,116,5,1,2,6,cyclic_4_1,cyclic_2_1,cyclic_4_1,complete_1,block_2_1,complete_1,unroll_4,pipeline_1,1,3.5,0.933123086765,False
workload_499.cpp,xczu7ev-ffvc1156-2-e,10,0.25144,326,5,33,15,28,cyclic_4_1,cyclic_2_1,cyclic_4_1,complete_1,block_2_1,cyclic_4_1,unroll_4,unroll_16,1,20.25,0.673802141543,False
workload_564.cpp,xczu7ev-ffvc1156-2-e,10,0.40072,122,5,0,1,6,cyclic_4_1,cyclic_2_1,cyclic_4_1,complete_1,block_2_1,cyclic_4_1,unroll_4,unroll_4,1,3,0.805943422139,False
workload_880.cpp,xczu7ev-ffvc1156-2-e,10,0.22052,96,8,4,5,7,cyclic_4_1,cyclic_2_1,cyclic_4_1,complete_1,block_4_1,block_8_1,pipeline_1,unroll_16,1,6,1,True
workload_876.cpp,xczu7ev-ffvc1156-2-e,10,0.31288,101,6,3,2,6,cyclic_4_1,cyclic_2_1,cyclic_4_1,complete_1,block_4_1,cyclic_4_1,unroll_2,unroll_8,1,4.25,0.866421833441,False
workload_547.cpp,xczu7ev-ffvc1156-2-e,10,0.22052,94,8,4,5,7,cyclic_4_1,cyclic_2_1,cyclic_4_1,complete_1,block_8_1,complete_1,pipeline_1,pipeline_1,1,6,1,True
workload_329.cpp,xczu7ev-ffvc1156-2-e,10,0.22052,94,8,4,5,7,cyclic_4_1,cyclic_2_1,cyclic_4_1,complete_1,complete_1,block_2_1,pipeline_1,unroll_4,1,6,1,True
workload_808.cpp,xczu7ev-ffvc1156-2-e,10,0.39704,119,5,0,1,5,cyclic_4_1,cyclic_2_1,cyclic_4_1,complete_1,complete_1,block_2_1,unroll_4,unroll_4,1,2.75,0.812435551179,False
workload_700.cpp,xczu7ev-ffvc1156-2-e,10,0.22052,92,8,4,5,7,cyclic_4_1,cyclic_2_1,cyclic_4_1,complete_1,complete_1,block_4_1,pipeline_1,pipeline_1,1,6,1,True
workload_872.cpp,xczu7ev-ffvc1156-2-e,10,0.22052,93,8,4,5,7,cyclic_4_1,cyclic_2_1,cyclic_4_1,complete_1,complete_1,block_4_1,pipeline_1,unroll_2,1,6,1,True
workload_697.cpp,xczu7ev-ffvc1156-2-e,10,0.22052,95,8,4,5,7,cyclic_4_1,cyclic_2_1,cyclic_4_1,complete_1,complete_1,block_4_1,pipeline_1,unroll_8,1,6,1,True
workload_749.cpp,xczu7ev-ffvc1156-2-e,10,0.57336,89,6,0,1,5,cyclic_4_1,cyclic_2_1,cyclic_4_1,complete_1,complete_1,block_4_1,unroll_2,unroll_2,1,3,0.53192550436,False
workload_851.cpp,xczu7ev-ffvc1156-2-e,10,0.398,88,5,0,1,3,cyclic_4_1,cyclic_2_1,cyclic_4_1,complete_1,complete_1,block_4_1,unroll_2,unroll_4,1,2.25,1,True
workload_554.cpp,xczu7ev-ffvc1156-2-e,10,0.27576,108.5,5,1,2,6,cyclic_4_1,cyclic_2_1,cyclic_4_1,complete_1,complete_1,block_4_1,unroll_4,pipeline_1,2,3.5,1,True
workload_388.cpp,xczu7ev-ffvc1156-2-e,10,0.25144,327,5,33,15,28,cyclic_4_1,cyclic_2_1,cyclic_4_1,complete_1,complete_1,block_4_1,unroll_4,unroll_16,3,20.25,0.673802141543,False
workload_750.cpp,xczu7ev-ffvc1156-2-e,10,0.39688,118,5,0,1,5,cyclic_4_1,cyclic_2_1,cyclic_4_1,complete_1,complete_1,block_4_1,unroll_4,unroll_4,1,2.75,0.812560951863,False
workload_623.cpp,xczu7ev-ffvc1156-2-e,10,0.2756,159,5,1,4,11,cyclic_4_1,cyclic_2_1,cyclic_4_1,complete_1,complete_1,block_4_1,unroll_8,pipeline_1,1,5.25,0.94025817127,False
workload_474.cpp,xczu7ev-ffvc1156-2-e,10,0.23944,1094,5,77,35,64,cyclic_4_1,cyclic_2_1,cyclic_4_1,complete_1,complete_1,block_4_1,unroll_8,unroll_16,1,45.25,0.186895863923,False
workload_661.cpp,xczu7ev-ffvc1156-2-e,10,0.45008,162,5,3,3,9,cyclic_4_1,cyclic_2_1,cyclic_4_1,complete_1,complete_1,block_4_1,unroll_8,unroll_4,1,5,0.715336320078,False
workload_532.cpp,xczu7ev-ffvc1156-2-e,10,0.22052,96,8,4,5,7,cyclic_4_1,cyclic_2_1,cyclic_4_1,complete_1,complete_1,block_8_1,pipeline_1,unroll_16,1,6,1,True
workload_828.cpp,xczu7ev-ffvc1156-2-e,10,0.27608,85,5,1,2,4,cyclic_4_1,cyclic_2_1,cyclic_4_1,complete_1,complete_1,block_8_1,unroll_2,pipeline_1,1,3,1,True
workload_372.cpp,xczu7ev-ffvc1156-2-e,10,0.26552,128,5,15,8,14,cyclic_4_1,cyclic_2_1,cyclic_4_1,complete_1,complete_1,block_8_1,unroll_2,unroll_16,1,10.5,0.854474907935,False
workload_840.cpp,xczu7ev-ffvc1156-2-e,10,0.27576,110,5,1,2,6,cyclic_4_1,cyclic_2_1,cyclic_4_1,complete_1,complete_1,block_8_1,unroll_4,pipeline_1,1,3.5,1,True
workload_415.cpp,xczu7ev-ffvc1156-2-e,10,0.25144,327,5,33,15,28,cyclic_4_1,cyclic_2_1,cyclic_4_1,complete_1,complete_1,block_8_1,unroll_4,unroll_16,1,20.25,0.673802141543,False
workload_760.cpp,xczu7ev-ffvc1156-2-e,10,0.22052,93,8,4,5,7,cyclic_4_1,cyclic_2_1,cyclic_4_1,complete_1,complete_1,complete_1,pipeline_1,pipeline_1,1,6,1,True
workload_650.cpp,xczu7ev-ffvc1156-2-e,10,0.22052,96,8,4,5,7,cyclic_4_1,cyclic_2_1,cyclic_4_1,complete_1,complete_1,complete_1,pipeline_1,unroll_16,1,6,1,True
workload_813.cpp,xczu7ev-ffvc1156-2-e,10,0.27608,84,5,1,2,4,cyclic_4_1,cyclic_2_1,cyclic_4_1,complete_1,complete_1,complete_1,unroll_2,pipeline_1,1,3,1,True
workload_867.cpp,xczu7ev-ffvc1156-2-e,10,0.27608,85,5,1,2,4,cyclic_4_1,cyclic_2_1,cyclic_4_1,complete_1,complete_1,cyclic_4_1,unroll_2,pipeline_1,1,3,1,True
workload_777.cpp,xczu7ev-ffvc1156-2-e,10,0.2756,158,5,1,4,10,cyclic_4_1,cyclic_2_1,cyclic_4_1,complete_1,complete_1,cyclic_4_1,unroll_8,pipeline_1,1,5,0.938343214321,False
workload_621.cpp,xczu7ev-ffvc1156-2-e,10,0.27672,86,5,1,1,4,cyclic_4_1,cyclic_2_1,cyclic_4_1,complete_1,cyclic_2_1,complete_1,unroll_2,pipeline_1,1,2.75,1,True
workload_421.cpp,xczu7ev-ffvc1156-2-e,10,0.57592,88,6,0,1,4,cyclic_4_1,cyclic_2_1,cyclic_4_1,cyclic_2_1,block_2_1,complete_1,unroll_2,unroll_2,1,2.75,0.528054236366,False
workload_459.cpp,xczu7ev-ffvc1156-2-e,10,0.57848,86,6,0,1,5,cyclic_4_1,cyclic_2_1,cyclic_4_1,cyclic_2_1,complete_1,block_2_1,unroll_2,unroll_2,1,3,0.524596637087,False
workload_512.cpp,xczu7ev-ffvc1156-2-e,10,0.57848,87,6,0,1,5,cyclic_4_1,cyclic_2_1,cyclic_4_1,cyclic_2_1,complete_1,block_4_1,unroll_2,unroll_2,1,3,0.524596637087,False
workload_614.cpp,xczu7ev-ffvc1156-2-e,10,0.25144,321,5,33,15,28,cyclic_4_1,cyclic_2_1,cyclic_4_1,cyclic_2_1,complete_1,block_4_1,unroll_4,unroll_16,1,20.25,0.673802141543,False
workload_494.cpp,xczu7ev-ffvc1156-2-e,10,0.57848,87,6,0,1,5,cyclic_4_1,cyclic_2_1,cyclic_4_1,cyclic_2_1,complete_1,complete_1,unroll_2,unroll_2,1,3,0.524596637087,False
workload_608.cpp,xczu7ev-ffvc1156-2-e,10,0.22052,98,8,4,5,7,cyclic_4_1,cyclic_2_1,cyclic_4_1,cyclic_2_1,cyclic_2_1,block_8_1,pipeline_1,unroll_16,1,6,1,True
workload_306.cpp,xczu7ev-ffvc1156-2-e,10,0.22052,93,8,4,5,7,cyclic_4_1,cyclic_2_1,cyclic_4_1,cyclic_4_1,block_2_1,complete_1,pipeline_1,unroll_2,1,6,1,True
workload_339.cpp,xczu7ev-ffvc1156-2-e,10,0.27624,167,5,1,3,11,cyclic_4_1,cyclic_2_1,cyclic_4_1,cyclic_4_1,block_2_1,complete_1,unroll_8,pipeline_1,1,5,0.937308819501,False
workload_80.cpp,xczu7ev-ffvc1156-2-e,10,0.57456,163,6,0,2,11,cyclic_4_1,cyclic_2_1,cyclic_4_1,cyclic_4_1,block_2_1,complete_1,unroll_8,unroll_2,1,4.75,0.528572303815,False
workload_658.cpp,xczu7ev-ffvc1156-2-e,10,0.22052,95,8,4,5,7,cyclic_4_1,cyclic_2_1,cyclic_4_1,cyclic_4_1,block_4_1,block_4_1,pipeline_1,unroll_2,1,6,1,True
workload_520.cpp,xczu7ev-ffvc1156-2-e,10,0.57576,108,6,0,1,6,cyclic_4_1,cyclic_2_1,cyclic_4_1,cyclic_4_1,block_4_1,cyclic_4_1,unroll_4,unroll_2,1,3.25,0.52857341426,False
workload_659.cpp,xczu7ev-ffvc1156-2-e,10,0.22052,99,8,4,5,7,cyclic_4_1,cyclic_2_1,cyclic_4_1,cyclic_4_1,complete_1,block_4_1,pipeline_1,unroll_16,1,6,1,True
workload_244.cpp,xczu7ev-ffvc1156-2-e,10,0.22052,95,8,4,5,7,cyclic_4_1,cyclic_2_1,cyclic_4_1,cyclic_4_1,complete_1,block_4_1,pipeline_1,unroll_2,1,6,1,True
workload_753.cpp,xczu7ev-ffvc1156-2-e,10,0.25144,325,5,33,15,28,cyclic_4_1,cyclic_2_1,cyclic_4_1,cyclic_4_1,complete_1,block_4_1,unroll_4,unroll_16,1,20.25,0.673802141543,False
workload_669.cpp,xczu7ev-ffvc1156-2-e,10,0.23944,1370,5,77,35,64,cyclic_4_1,cyclic_2_1,cyclic_4_1,cyclic_4_1,complete_1,block_4_1,unroll_8,unroll_16,1,45.25,0.186895863923,False
workload_597.cpp,xczu7ev-ffvc1156-2-e,10,0.2764,111,5,1,2,6,cyclic_4_1,cyclic_2_1,cyclic_4_1,cyclic_4_1,complete_1,block_8_1,unroll_4,pipeline_1,1,3.5,0.933123086765,False
workload_812.cpp,xczu7ev-ffvc1156-2-e,10,0.22052,95,8,4,5,7,cyclic_4_1,cyclic_2_1,cyclic_4_1,cyclic_4_1,complete_1,complete_1,pipeline_1,unroll_16,1,6,1,True
workload_692.cpp,xczu7ev-ffvc1156-2-e,10,0.2764,109,5,1,2,6,cyclic_4_1,cyclic_2_1,cyclic_4_1,cyclic_4_1,complete_1,complete_1,unroll_4,pipeline_1,1,3.5,0.933123086765,False
workload_203.cpp,xczu7ev-ffvc1156-2-e,10,0.57456,170,6,0,2,14,cyclic_4_1,cyclic_2_1,cyclic_4_1,cyclic_4_1,complete_1,complete_1,unroll_8,unroll_2,1,5.5,0.526297551593,False
workload_853.cpp,xczu7ev-ffvc1156-2-e,10,0.22052,95,8,4,5,7,cyclic_4_1,cyclic_2_1,cyclic_4_1,cyclic_4_1,complete_1,cyclic_4_1,pipeline_1,unroll_16,1,6,1,True
workload_793.cpp,xczu7ev-ffvc1156-2-e,10,0.22052,96,8,4,5,7,cyclic_4_1,cyclic_2_1,cyclic_4_1,cyclic_4_1,complete_1,cyclic_4_1,pipeline_1,unroll_2,1,6,1,True
workload_391.cpp,xczu7ev-ffvc1156-2-e,10,0.2764,109,5,1,2,6,cyclic_4_1,cyclic_2_1,cyclic_4_1,cyclic_4_1,complete_1,cyclic_4_1,unroll_4,pipeline_1,1,3.5,0.933123086765,False
workload_906.cpp,xczu7ev-ffvc1156-2-e,10,0.22052,96,8,4,5,7,cyclic_4_1,cyclic_2_1,cyclic_4_1,cyclic_4_1,cyclic_2_1,cyclic_4_1,pipeline_1,unroll_2,1,6,1,True
workload_856.cpp,xczu7ev-ffvc1156-2-e,10,0.23944,1217,5,77,35,64,cyclic_4_1,cyclic_2_1,cyclic_4_1,cyclic_4_1,cyclic_2_1,cyclic_4_1,unroll_8,unroll_16,1,45.25,0.186895863923,False
workload_521.cpp,xczu7ev-ffvc1156-2-e,10,0.27704,88,5,1,1,5,cyclic_4_1,cyclic_2_1,cyclic_4_1,cyclic_8_1,block_2_1,block_4_1,unroll_2,pipeline_1,1,3,0.92745198217,False
workload_432.cpp,xczu7ev-ffvc1156-2-e,10,0.27672,86,5,1,1,4,cyclic_4_1,cyclic_2_1,cyclic_4_1,cyclic_8_1,block_2_1,complete_1,unroll_2,pipeline_1,1,2.75,1,True
workload_431.cpp,xczu7ev-ffvc1156-2-e,10,0.40072,118,5,0,1,6,cyclic_4_1,cyclic_2_1,cyclic_4_1,cyclic_8_1,block_2_1,cyclic_4_1,unroll_4,unroll_4,1,3,0.805943422139,False
workload_616.cpp,xczu7ev-ffvc1156-2-e,10,0.93944,86,5,0,1,4,cyclic_4_1,cyclic_2_1,cyclic_4_1,cyclic_8_1,block_4_1,block_8_1,unroll_2,unroll_2,1,2.5,0.165307270812,False
workload_718.cpp,xczu7ev-ffvc1156-2-e,10,0.25144,327,5,33,15,28,cyclic_4_1,cyclic_2_1,cyclic_4_1,cyclic_8_1,block_4_1,block_8_1,unroll_4,unroll_16,1,20.25,0.673802141543,False
workload_582.cpp,xczu7ev-ffvc1156-2-e,10,0.2764,110,5,1,2,6,cyclic_4_1,cyclic_2_1,cyclic_4_1,cyclic_8_1,complete_1,block_4_1,unroll_4,pipeline_1,1,3.5,0.933123086765,False
workload_551.cpp,xczu7ev-ffvc1156-2-e,10,0.23944,1331,5,77,35,64,cyclic_4_1,cyclic_2_1,cyclic_4_1,cyclic_8_1,complete_1,block_4_1,unroll_8,unroll_16,1,45.25,0.186895863923,False
workload_496.cpp,xczu7ev-ffvc1156-2-e,10,0.25144,323,5,33,15,28,cyclic_4_1,cyclic_2_1,cyclic_4_1,cyclic_8_1,complete_1,block_8_1,unroll_4,unroll_16,1,20.25,0.673802141543,False
workload_504.cpp,xczu7ev-ffvc1156-2-e,10,0.22052,97,8,4,5,7,cyclic_4_1,cyclic_2_1,cyclic_4_1,cyclic_8_1,complete_1,complete_1,pipeline_1,unroll_16,1,6,1,True
workload_256.cpp,xczu7ev-ffvc1156-2-e,10,0.96368,186,5,0,2,14,cyclic_4_1,cyclic_2_1,cyclic_4_1,cyclic_8_1,complete_1,complete_1,unroll_8,unroll_2,1,5.25,0.152280649962,False
workload_834.cpp,xczu7ev-ffvc1156-2-e,10,0.25144,323,5,33,15,28,cyclic_4_1,cyclic_2_1,cyclic_4_1,cyclic_8_1,cyclic_2_1,block_4_1,unroll_4,unroll_16,1,20.25,0.673802141543,False
workload_743.cpp,xczu7ev-ffvc1156-2-e,10,0.28954,1488,4,1,17,51,cyclic_4_1,cyclic_2_1,cyclic_64_1,block_2_1,complete_1,complete_1,unroll_64,pipeline_1,1,18.25,0.698920038817,False
workload_820.cpp,xczu7ev-ffvc1156-2-e,10,0.41096,126,4,0,3,10,cyclic_4_1,cyclic_2_1,cyclic_64_1,complete_1,block_2_1,block_4_1,unroll_4,unroll_4,1,4.25,0.778691298155,False
workload_817.cpp,xczu7ev-ffvc1156-2-e,10,0.41096,126,4,0,3,10,cyclic_4_1,cyclic_2_1,cyclic_64_1,complete_1,block_2_1,cyclic_4_1,unroll_4,unroll_4,1,4.25,0.778691298155,False
workload_344.cpp,xczu7ev-ffvc1156-2-e,10,0.28664,119,4,1,4,9,cyclic_4_1,cyclic_2_1,cyclic_64_1,complete_1,block_4_1,block_4_1,unroll_4,pipeline_1,1,4.5,0.916320694829,False
workload_689.cpp,xczu7ev-ffvc1156-2-e,10,0.22882,119,12,7,7,9,cyclic_4_1,cyclic_2_1,cyclic_64_1,complete_1,complete_1,block_4_1,pipeline_1,pipeline_1,1,8.75,0.93166996059,False
workload_476.cpp,xczu7ev-ffvc1156-2-e,10,0.28632,91,4,1,3,6,cyclic_4_1,cyclic_2_1,cyclic_64_1,complete_1,complete_1,block_4_1,unroll_2,pipeline_1,1,3.5,0.914620682598,False
workload_833.cpp,xczu7ev-ffvc1156-2-e,10,0.28632,90,4,1,3,6,cyclic_4_1,cyclic_2_1,cyclic_64_1,complete_1,complete_1,complete_1,unroll_2,pipeline_1,1,3.5,0.914620682598,False
workload_670.cpp,xczu7ev-ffvc1156-2-e,10,0.25688,340,5,49,21,37,cyclic_4_1,cyclic_2_1,cyclic_64_1,complete_1,complete_1,cyclic_4_1,unroll_4,unroll_16,1,28,0.477507387309,False
workload_534.cpp,xczu7ev-ffvc1156-2-e,10,0.40712,126,4,0,3,8,cyclic_4_1,cyclic_2_1,cyclic_64_1,complete_1,complete_1,cyclic_4_1,unroll_4,unroll_4,2,3.75,0.789564160266,False
workload_926.cpp,xczu7ev-ffvc1156-2-e,10,0.46576,178,4,3,4,15,cyclic_4_1,cyclic_2_1,cyclic_64_1,complete_1,complete_1,cyclic_4_1,unroll_8,unroll_4,1,6.5,0.677014733732,False
workload_200.cpp,xczu7ev-ffvc1156-2-e,10,0.22882,120,12,7,7,9,cyclic_4_1,cyclic_2_1,cyclic_64_1,cyclic_2_1,complete_1,complete_1,pipeline_1,unroll_2,1,8.75,0.93166996059,False
workload_155.cpp,xczu7ev-ffvc1156-2-e,10,0.22882,119,12,7,7,9,cyclic_4_1,cyclic_2_1,cyclic_64_1,cyclic_2_1,complete_1,complete_1,pipeline_1,unroll_8,1,8.75,0.93166996059,False
workload_255.cpp,xczu7ev-ffvc1156-2-e,10,0.5848,168,4,0,3,13,cyclic_4_1,cyclic_2_1,cyclic_64_1,cyclic_4_1,block_2_1,block_4_1,unroll_8,unroll_2,1,5,0.513549860898,False
workload_514.cpp,xczu7ev-ffvc1156-2-e,10,0.28696,95,4,1,3,6,cyclic_4_1,cyclic_2_1,cyclic_64_1,cyclic_4_1,block_2_1,complete_1,unroll_2,pipeline_1,1,3.5,0.91342308883,False
workload_894.cpp,xczu7ev-ffvc1156-2-e,10,0.22882,121,12,7,7,9,cyclic_4_1,cyclic_2_1,cyclic_64_1,cyclic_4_1,block_2_1,cyclic_4_1,pipeline_1,unroll_16,1,8.75,0.93166996059,False
workload_829.cpp,xczu7ev-ffvc1156-2-e,10,0.28728,94,4,1,3,7,cyclic_4_1,cyclic_2_1,cyclic_64_1,cyclic_4_1,block_2_1,cyclic_4_1,unroll_2,pipeline_1,1,3.75,0.913902359723,False
workload_563.cpp,xczu7ev-ffvc1156-2-e,10,0.41208,96,4,0,2,6,cyclic_4_1,cyclic_2_1,cyclic_64_1,cyclic_4_1,block_2_1,cyclic_4_1,unroll_2,unroll_4,1,3,0.790303946929,False
workload_502.cpp,xczu7ev-ffvc1156-2-e,10,0.34952,137,4,7,6,16,cyclic_4_1,cyclic_2_1,cyclic_64_1,cyclic_4_1,block_4_1,block_8_1,unroll_4,unroll_8,1,8.25,0.776696457438,False
workload_691.cpp,xczu7ev-ffvc1156-2-e,10,0.41208,94,4,1,3,6,cyclic_4_1,cyclic_2_1,cyclic_64_1,cyclic_4_1,block_4_1,cyclic_4_1,unroll_2,unroll_4,1,3.5,0.785907695461,False
workload_500.cpp,xczu7ev-ffvc1156-2-e,10,0.586,113,4,0,2,8,cyclic_4_1,cyclic_2_1,cyclic_64_1,cyclic_4_1,block_4_1,cyclic_4_1,unroll_4,unroll_2,1,3.5,0.514029481138,False
workload_756.cpp,xczu7ev-ffvc1156-2-e,10,0.41208,93,4,1,3,7,cyclic_4_1,cyclic_2_1,cyclic_64_1,cyclic_4_1,block_8_1,cyclic_4_1,unroll_2,unroll_4,1,3.75,0.783238578834,False
workload_398.cpp,xczu7ev-ffvc1156-2-e,10,0.28696,92,4,1,3,6,cyclic_4_1,cyclic_2_1,cyclic_64_1,cyclic_4_1,complete_1,block_4_1,unroll_2,pipeline_1,1,3.5,0.91342308883,False
workload_270.cpp,xczu7ev-ffvc1156-2-e,10,0.28664,120,4,1,4,9,cyclic_4_1,cyclic_2_1,cyclic_64_1,cyclic_4_1,complete_1,block_4_1,unroll_4,pipeline_1,1,4.5,0.916320694829,False
workload_259.cpp,xczu7ev-ffvc1156-2-e,10,0.58984,120,4,0,3,10,cyclic_4_1,cyclic_2_1,cyclic_64_1,cyclic_4_1,complete_1,cyclic_4_1,unroll_4,unroll_2,1,4.25,0.508039056264,False
workload_694.cpp,xczu7ev-ffvc1156-2-e,10,0.41096,125,4,1,3,9,cyclic_4_1,cyclic_2_1,cyclic_64_1,cyclic_4_1,complete_1,cyclic_4_1,unroll_4,unroll_4,1,4.25,0.778691298155,False
workload_454.cpp,xczu7ev-ffvc1156-2-e,10,0.22882,119,12,7,7,9,cyclic_4_1,cyclic_2_1,cyclic_64_1,cyclic_4_1,cyclic_2_1,complete_1,pipeline_1,unroll_2,1,8.75,0.93166996059,False
workload_863.cpp,xczu7ev-ffvc1156-2-e,10,0.28728,93,4,1,3,7,cyclic_4_1,cyclic_2_1,cyclic_64_1,cyclic_4_1,cyclic_2_1,cyclic_4_1,unroll_2,pipeline_1,1,3.75,0.913902359723,False
workload_795.cpp,xczu7ev-ffvc1156-2-e,10,0.41208,95,4,1,2,7,cyclic_4_1,cyclic_2_1,cyclic_64_1,cyclic_4_1,cyclic_2_1,cyclic_4_1,unroll_2,unroll_4,1,3.5,0.785907695461,False
workload_359.cpp,xczu7ev-ffvc1156-2-e,10,0.2868,121,4,1,4,9,cyclic_4_1,cyclic_2_1,cyclic_64_1,cyclic_4_1,cyclic_4_1,block_4_1,unroll_4,pipeline_1,1,4.5,0.916014793545,False
workload_423.cpp,xczu7ev-ffvc1156-2-e,10,0.41096,126,4,0,3,9,cyclic_4_1,cyclic_2_1,cyclic_64_1,cyclic_8_1,block_2_1,block_4_1,unroll_4,unroll_4,1,4,0.781785829311,False
workload_327.cpp,xczu7ev-ffvc1156-2-e,10,0.41096,126,4,0,3,10,cyclic_4_1,cyclic_2_1,cyclic_64_1,cyclic_8_1,block_2_1,block_8_1,unroll_4,unroll_4,1,4.25,0.778691298155,False
workload_543.cpp,xczu7ev-ffvc1156-2-e,10,0.94952,120,4,0,2,8,cyclic_4_1,cyclic_2_1,cyclic_64_1,cyclic_8_1,block_4_1,block_8_1,unroll_4,unroll_2,1,3.5,0.159935378995,False
workload_281.cpp,xczu7ev-ffvc1156-2-e,10,0.28664,118,4,1,4,9,cyclic_4_1,cyclic_2_1,cyclic_64_1,cyclic_8_1,complete_1,block_4_1,unroll_4,pipeline_1,1,4.5,0.916320694829,False
workload_338.cpp,xczu7ev-ffvc1156-2-e,10,0.28664,118.5,4,1,4,9,cyclic_4_1,cyclic_2_1,cyclic_64_1,cyclic_8_1,complete_1,block_8_1,unroll_4,pipeline_1,2,4.5,0.916320694829,False
workload_732.cpp,xczu7ev-ffvc1156-2-e,10,0.22882,119,12,7,7,9,cyclic_4_1,cyclic_2_1,cyclic_64_1,cyclic_8_1,cyclic_2_1,cyclic_4_1,pipeline_1,unroll_4,1,8.75,0.93166996059,False
workload_283.cpp,xczu7ev-ffvc1156-2-e,10,0.2301,101,12,5,5,7,cyclic_4_1,cyclic_2_1,cyclic_8_1,cyclic_4_1,complete_1,block_4_1,pipeline_1,unroll_8,1,7.25,0.944269629011,False
workload_854.cpp,xczu7ev-ffvc1156-2-e,10,0.2301,100,12,5,5,7,cyclic_4_1,cyclic_2_1,cyclic_8_1,cyclic_8_1,complete_1,block_8_1,pipeline_1,unroll_16,1,7.25,0.944269629011,False
workload_222.cpp,xczu7ev-ffvc1156-2-e,10,0.25304,140,10,30,13,23,cyclic_4_1,cyclic_32_1,block_2_1,cyclic_4_1,block_4_1,cyclic_8_1,unroll_2,unroll_16,1,19,0.707220138242,False
workload_515.cpp,xczu7ev-ffvc1156-2-e,10,0.27496,278,9,1,6,20,cyclic_4_1,cyclic_32_1,block_2_1,cyclic_4_1,cyclic_2_1,complete_1,unroll_16,pipeline_1,1,9,0.862699791036,False
workload_144.cpp,xczu7ev-ffvc1156-2-e,10,0.27872,535,9,1,9,33,cyclic_4_1,cyclic_32_1,block_2_1,cyclic_4_1,cyclic_2_1,complete_1,unroll_32,pipeline_1,1,13,0.7988475455,False
workload_439.cpp,xczu7ev-ffvc1156-2-e,10,0.25304,138,10,30,13,23,cyclic_4_1,cyclic_32_1,block_2_1,cyclic_8_1,block_4_1,block_8_1,unroll_2,unroll_16,1,19,0.707220138242,False
workload_314.cpp,xczu7ev-ffvc1156-2-e,10,0.21725,101,39,14,8,13,cyclic_4_1,cyclic_32_1,block_4_1,cyclic_4_1,block_4_1,cyclic_8_1,pipeline_1,unroll_2,1,18.5,0.731424908178,False
workload_154.cpp,xczu7ev-ffvc1156-2-e,10,0.22749,100,32,14,8,12,cyclic_4_1,cyclic_32_1,cyclic_16_1,complete_1,block_4_1,block_2_1,pipeline_1,unroll_2,1,16.5,0.790297269382,False
workload_396.cpp,xczu7ev-ffvc1156-2-e,10,0.74825,2087,9,1,6,44,cyclic_4_1,cyclic_32_1,cyclic_2_1,complete_1,block_4_1,block_8_1,unroll_64,unroll_2,1,15,0.276025880726,False
workload_555.cpp,xczu7ev-ffvc1156-2-e,10,0.27608,86,9,1,2,5,cyclic_4_1,cyclic_32_1,cyclic_2_1,complete_1,complete_1,block_4_1,unroll_2,pipeline_1,1,4.25,0.930547267873,False
workload_217.cpp,xczu7ev-ffvc1156-2-e,10,0.93544,122,10,0,1,8,cyclic_4_1,cyclic_32_1,cyclic_4_1,block_4_1,complete_1,block_8_1,unroll_4,unroll_2,1,4.75,0.167582978973,False
workload_243.cpp,xczu7ev-ffvc1156-2-e,10,0.21725,103,30,14,8,12,cyclic_4_1,cyclic_32_1,cyclic_4_1,block_8_1,block_4_1,cyclic_2_1,pipeline_1,unroll_8,1,16,0.807779972472,False
workload_141.cpp,xczu7ev-ffvc1156-2-e,10,0.21725,104,30,14,8,12,cyclic_4_1,cyclic_32_1,cyclic_4_1,block_8_1,block_4_1,cyclic_4_1,pipeline_1,unroll_8,1,16,0.807779972472,False
workload_224.cpp,xczu7ev-ffvc1156-2-e,10,0.21725,103,30,14,8,12,cyclic_4_1,cyclic_32_1,cyclic_4_1,block_8_1,complete_1,cyclic_4_1,pipeline_1,unroll_8,1,16,0.807779972472,False
workload_768.cpp,xczu7ev-ffvc1156-2-e,10,0.21725,103,30,14,8,12,cyclic_4_1,cyclic_32_1,cyclic_4_1,cyclic_2_1,complete_1,complete_1,pipeline_1,pipeline_1,1,16,0.807779972472,False
workload_353.cpp,xczu7ev-ffvc1156-2-e,10,0.93168,183,10,0,2,11,cyclic_4_1,cyclic_32_1,cyclic_4_1,cyclic_4_1,block_2_1,complete_1,unroll_8,unroll_2,1,5.75,0.169306325284,False
workload_160.cpp,xczu7ev-ffvc1156-2-e,10,0.91576,118,10,0,1,4,cyclic_4_1,cyclic_32_1,cyclic_4_1,cyclic_4_1,block_2_1,cyclic_4_1,unroll_2,unroll_8,1,3.75,0.179458806553,False
workload_290.cpp,xczu7ev-ffvc1156-2-e,10,0.21725,105,30,14,8,12,cyclic_4_1,cyclic_32_1,cyclic_4_1,cyclic_8_1,block_4_1,block_8_1,pipeline_1,unroll_16,1,16,0.807779972472,False
workload_364.cpp,xczu7ev-ffvc1156-2-e,10,0.21725,103,30,14,8,12,cyclic_4_1,cyclic_32_1,cyclic_4_1,cyclic_8_1,block_4_1,block_8_1,pipeline_1,unroll_8,1,16,0.807779972472,False
workload_180.cpp,xczu7ev-ffvc1156-2-e,10,0.21725,101,30,14,8,12,cyclic_4_1,cyclic_32_1,cyclic_4_1,cyclic_8_1,complete_1,cyclic_8_1,pipeline_1,pipeline_1,1,16,0.807779972472,False
workload_99.cpp,xczu7ev-ffvc1156-2-e,10,0.22749,109,30,14,9,14,cyclic_4_1,cyclic_32_1,cyclic_64_1,complete_1,block_4_1,block_2_1,pipeline_1,unroll_4,1,16.75,0.782806429036,False
workload_6.cpp,xczu7ev-ffvc1156-2-e,10,0.22749,110,30,14,9,14,cyclic_4_1,cyclic_32_1,cyclic_64_1,complete_1,block_4_1,block_2_1,pipeline_1,unroll_8,1,16.75,0.782806429036,False
workload_304.cpp,xczu7ev-ffvc1156-2-e,10,0.94192,188,9,0,3,14,cyclic_4_1,cyclic_32_1,cyclic_64_1,cyclic_4_1,block_2_1,block_4_1,unroll_8,unroll_2,1,6.5,0.163049723439,False
workload_178.cpp,xczu7ev-ffvc1156-2-e,10,0.938,144,5,0,3,15,cyclic_4_1,cyclic_4_1,block_128_1,cyclic_8_1,complete_1,cyclic_4_1,unroll_4,unroll_2,1,5.75,0.165708452305,False
workload_132.cpp,xczu7ev-ffvc1156-2-e,10,0.22826,206,18,10,22,23,cyclic_4_1,cyclic_4_1,block_128_1,cyclic_8_1,cyclic_2_1,cyclic_4_1,pipeline_1,unroll_2,1,18.25,0.737844726514,False
workload_516.cpp,xczu7ev-ffvc1156-2-e,10,0.92408,86,5,0,1,4,cyclic_4_1,cyclic_4_1,block_2_1,block_8_1,block_4_1,block_8_1,unroll_2,unroll_2,1,2.5,0.174207869747,False
workload_784.cpp,xczu7ev-ffvc1156-2-e,10,0.27608,85,5,1,2,4,cyclic_4_1,cyclic_4_1,block_2_1,complete_1,complete_1,cyclic_2_1,unroll_2,pipeline_1,1,3,1,True
workload_874.cpp,xczu7ev-ffvc1156-2-e,10,0.25784,128,6,15,8,14,cyclic_4_1,cyclic_4_1,block_2_1,complete_1,cyclic_2_1,cyclic_2_1,unroll_2,unroll_16,1,10.75,0.862152705156,False
workload_774.cpp,xczu7ev-ffvc1156-2-e,10,0.25784,128,6,15,8,14,cyclic_4_1,cyclic_4_1,block_2_1,cyclic_2_1,block_2_1,cyclic_2_1,unroll_2,unroll_16,1,10.75,0.862152705156,False
workload_426.cpp,xczu7ev-ffvc1156-2-e,10,0.21725,105,30,14,8,12,cyclic_4_1,cyclic_4_1,block_2_1,cyclic_4_1,block_4_1,block_8_1,pipeline_1,unroll_16,1,16,0.807779972472,False
workload_911.cpp,xczu7ev-ffvc1156-2-e,10,0.275,266,5,1,6,18,cyclic_4_1,cyclic_4_1,block_2_1,cyclic_4_1,block_4_1,block_8_1,unroll_16,pipeline_1,1,7.5,0.896878418175,False
workload_645.cpp,xczu7ev-ffvc1156-2-e,10,0.21725,103,30,14,8,12,cyclic_4_1,cyclic_4_1,block_2_1,cyclic_4_1,block_8_1,block_8_1,pipeline_1,unroll_16,1,16,0.807779972472,False
workload_762.cpp,xczu7ev-ffvc1156-2-e,10,0.21725,101,30,14,8,12,cyclic_4_1,cyclic_4_1,block_2_1,cyclic_4_1,cyclic_2_1,block_8_1,pipeline_1,pipeline_1,1,16,0.807779972472,False
workload_681.cpp,xczu7ev-ffvc1156-2-e,10,0.275,267,5,1,6,18,cyclic_4_1,cyclic_4_1,block_2_1,cyclic_4_1,cyclic_2_1,block_8_1,unroll_16,pipeline_1,3,7.5,0.896878418175,False
workload_567.cpp,xczu7ev-ffvc1156-2-e,10,0.40072,118,5,1,1,6,cyclic_4_1,cyclic_4_1,block_2_1,cyclic_8_1,block_2_1,cyclic_4_1,unroll_4,unroll_4,1,3.25,0.802950369263,False
workload_577.cpp,xczu7ev-ffvc1156-2-e,10,0.21725,104,30,14,8,12,cyclic_4_1,cyclic_4_1,block_2_1,cyclic_8_1,block_4_1,block_8_1,pipeline_1,unroll_16,1,16,0.807779972472,False
workload_717.cpp,xczu7ev-ffvc1156-2-e,10,0.25784,128,6,15,8,14,cyclic_4_1,cyclic_4_1,block_2_1,cyclic_8_1,block_4_1,cyclic_2_1,unroll_2,unroll_16,1,10.75,0.862152705156,False
workload_595.cpp,xczu7ev-ffvc1156-2-e,10,0.21725,101,30,14,8,12,cyclic_4_1,cyclic_4_1,block_2_1,cyclic_8_1,cyclic_2_1,cyclic_2_1,pipeline_1,pipeline_1,1,16,0.807779972472,False
workload_586.cpp,xczu7ev-ffvc1156-2-e,10,0.27704,87,5,1,1,5,cyclic_4_1,cyclic_4_1,block_2_1,cyclic_8_1,cyclic_2_1,cyclic_2_1,unroll_2,pipeline_1,1,3,0.92745198217,False
workload_546.cpp,xczu7ev-ffvc1156-2-e,10,0.25784,130,6,15,8,14,cyclic_4_1,cyclic_4_1,block_2_1,cyclic_8_1,cyclic_2_1,cyclic_2_1,unroll_2,unroll_16,1,10.75,0.862152705156,False
workload_649.cpp,xczu7ev-ffvc1156-2-e,10,0.21725,103,30,14,8,12,cyclic_4_1,cyclic_4_1,block_2_1,cyclic_8_1,cyclic_2_1,cyclic_8_1,pipeline_1,unroll_16,1,16,0.807779972472,False
workload_725.cpp,xczu7ev-ffvc1156-2-e,10,0.25784,128,7,15,8,14,cyclic_4_1,cyclic_4_1,block_4_1,cyclic_8_1,cyclic_2_1,cyclic_2_1,unroll_2,unroll_16,1,11,0.85943352196,False
workload_747.cpp,xczu7ev-ffvc1156-2-e,10,0.22749,106,44,14,8,13,cyclic_4_1,cyclic_4_1,block_8_1,cyclic_4_1,cyclic_2_1,cyclic_4_1,pipeline_1,unroll_16,1,19.75,0.694293221675,False
workload_785.cpp,xczu7ev-ffvc1156-2-e,10,0.21856,98,13,7,6,8,cyclic_4_1,cyclic_4_1,cyclic_2_1,complete_1,block_8_1,complete_1,pipeline_1,unroll_8,1,8.5,1,True
workload_708.cpp,xczu7ev-ffvc1156-2-e,10,0.21856,97,13,7,6,8,cyclic_4_1,cyclic_4_1,cyclic_2_1,complete_1,complete_1,block_4_1,pipeline_1,pipeline_1,1,8.5,1,True
workload_922.cpp,xczu7ev-ffvc1156-2-e,10,0.27608,85,5,1,2,4,cyclic_4_1,cyclic_4_1,cyclic_2_1,complete_1,complete_1,block_4_1,unroll_2,pipeline_1,1,3,1,True
workload_792.cpp,xczu7ev-ffvc1156-2-e,10,0.21856,94,13,7,6,8,cyclic_4_1,cyclic_4_1,cyclic_2_1,complete_1,complete_1,complete_1,pipeline_1,pipeline_1,1,8.5,1,True
workload_838.cpp,xczu7ev-ffvc1156-2-e,10,0.21856,98,13,7,6,8,cyclic_4_1,cyclic_4_1,cyclic_2_1,cyclic_4_1,block_4_1,block_8_1,pipeline_1,unroll_16,1,8.5,1,True
workload_859.cpp,xczu7ev-ffvc1156-2-e,10,0.21856,96,13,7,6,8,cyclic_4_1,cyclic_4_1,cyclic_2_1,cyclic_4_1,complete_1,block_4_1,pipeline_1,pipeline_1,1,8.5,1,True
workload_752.cpp,xczu7ev-ffvc1156-2-e,10,0.21856,99,13,7,6,8,cyclic_4_1,cyclic_4_1,cyclic_2_1,cyclic_8_1,block_4_1,block_8_1,pipeline_1,unroll_16,1,8.5,1,True
workload_741.cpp,xczu7ev-ffvc1156-2-e,10,0.21856,96,13,7,6,8,cyclic_4_1,cyclic_4_1,cyclic_2_1,cyclic_8_1,block_4_1,cyclic_2_1,pipeline_1,unroll_8,1,8.5,1,True
workload_761.cpp,xczu7ev-ffvc1156-2-e,10,0.21856,95,13,7,6,8,cyclic_4_1,cyclic_4_1,cyclic_2_1,cyclic_8_1,complete_1,block_4_1,pipeline_1,pipeline_1,1,8.5,1,True
workload_887.cpp,xczu7ev-ffvc1156-2-e,10,0.21856,97,13,7,6,8,cyclic_4_1,cyclic_4_1,cyclic_2_1,cyclic_8_1,complete_1,block_8_1,pipeline_1,unroll_16,1,8.5,1,True
workload_613.cpp,xczu7ev-ffvc1156-2-e,10,0.21725,104,26,14,8,12,cyclic_4_1,cyclic_4_1,cyclic_4_1,complete_1,block_4_1,block_4_1,pipeline_1,unroll_16,1,15,1,True
workload_416.cpp,xczu7ev-ffvc1156-2-e,10,0.21725,100,26,14,8,12,cyclic_4_1,cyclic_4_1,cyclic_4_1,complete_1,block_4_1,block_8_1,pipeline_1,pipeline_1,1,15,1,True
workload_823.cpp,xczu7ev-ffvc1156-2-e,10,0.21725,100,26,14,8,12,cyclic_4_1,cyclic_4_1,cyclic_4_1,complete_1,complete_1,block_4_1,pipeline_1,pipeline_1,1,15,1,True
workload_383.cpp,xczu7ev-ffvc1156-2-e,10,0.21725,102,26,14,8,12,cyclic_4_1,cyclic_4_1,cyclic_4_1,cyclic_4_1,block_4_1,block_8_1,pipeline_1,unroll_16,1,15,1,True
workload_850.cpp,xczu7ev-ffvc1156-2-e,10,0.21725,100,26,14,8,12,cyclic_4_1,cyclic_4_1,cyclic_4_1,cyclic_4_1,block_4_1,block_8_1,pipeline_1,unroll_2,1,15,1,True
workload_647.cpp,xczu7ev-ffvc1156-2-e,10,0.21725,106,26,14,8,12,cyclic_4_1,cyclic_4_1,cyclic_4_1,cyclic_4_1,complete_1,block_8_1,pipeline_1,unroll_16,1,15,1,True
workload_897.cpp,xczu7ev-ffvc1156-2-e,10,0.21725,103,26,14,8,12,cyclic_4_1,cyclic_4_1,cyclic_4_1,cyclic_4_1,cyclic_2_1,block_8_1,pipeline_1,unroll_16,1,15,1,True
workload_558.cpp,xczu7ev-ffvc1156-2-e,10,0.25784,126,7,15,8,14,cyclic_4_1,cyclic_4_1,cyclic_4_1,cyclic_4_1,cyclic_2_1,cyclic_2_1,unroll_2,unroll_16,1,11,0.85943352196,False
workload_451.cpp,xczu7ev-ffvc1156-2-e,10,0.40072,120,5,0,1,6,cyclic_4_1,cyclic_4_1,cyclic_4_1,cyclic_8_1,block_2_1,cyclic_4_1,unroll_4,unroll_4,1,3,0.805943422139,False
workload_588.cpp,xczu7ev-ffvc1156-2-e,10,0.33928,125,5,7,4,9,cyclic_4_1,cyclic_4_1,cyclic_4_1,cyclic_8_1,block_2_1,cyclic_4_1,unroll_4,unroll_8,1,6.25,0.814414370301,False
workload_523.cpp,xczu7ev-ffvc1156-2-e,10,0.21725,104,26,14,8,12,cyclic_4_1,cyclic_4_1,cyclic_4_1,cyclic_8_1,block_4_1,block_8_1,pipeline_1,unroll_16,1,15,1,True
workload_480.cpp,xczu7ev-ffvc1156-2-e,10,0.452,166,5,3,3,10,cyclic_4_1,cyclic_4_1,cyclic_4_1,cyclic_8_1,complete_1,block_4_1,unroll_8,unroll_4,1,5.25,0.710096806391,False
workload_508.cpp,xczu7ev-ffvc1156-2-e,10,0.39816,116.5,5,1,1,6,cyclic_4_1,cyclic_4_1,cyclic_4_1,cyclic_8_1,cyclic_2_1,cyclic_4_1,unroll_4,unroll_4,2,3.25,0.805457544894,False
workload_190.cpp,xczu7ev-ffvc1156-2-e,10,0.28664,120,5,1,3,9,cyclic_4_1,cyclic_4_1,cyclic_64_1,block_4_1,complete_1,block_2_1,unroll_4,pipeline_1,1,4.5,0.916320694829,False
workload_581.cpp,xczu7ev-ffvc1156-2-e,10,0.93416,124,5,0,2,9,cyclic_4_1,cyclic_4_1,cyclic_64_1,complete_1,block_2_1,cyclic_4_1,unroll_4,unroll_2,1,4,0.168463012948,False
workload_183.cpp,xczu7ev-ffvc1156-2-e,10,0.22749,105,26,14,9,13,cyclic_4_1,cyclic_4_1,cyclic_64_1,complete_1,complete_1,block_2_1,pipeline_1,unroll_4,1,15.5,0.819023201225,False
workload_120.cpp,xczu7ev-ffvc1156-2-e,10,0.22749,106,26,14,9,13,cyclic_4_1,cyclic_4_1,cyclic_64_1,cyclic_4_1,block_4_1,block_8_1,pipeline_1,unroll_8,1,15.5,0.819023201225,False
workload_530.cpp,xczu7ev-ffvc1156-2-e,10,0.41096,125,5,0,3,9,cyclic_4_1,cyclic_4_1,cyclic_64_1,cyclic_8_1,block_2_1,cyclic_4_1,unroll_4,unroll_4,1,4.25,0.778691298155,False
workload_710.cpp,xczu7ev-ffvc1156-2-e,10,0.22817,102,21,10,7,10,cyclic_4_1,cyclic_4_1,cyclic_8_1,cyclic_4_1,block_4_1,block_8_1,pipeline_1,unroll_16,1,12,0.875855915847,False
workload_627.cpp,xczu7ev-ffvc1156-2-e,10,0.22817,100,21,10,7,10,cyclic_4_1,cyclic_4_1,cyclic_8_1,cyclic_4_1,block_4_1,cyclic_4_1,pipeline_1,unroll_16,1,12,0.875855915847,False
workload_673.cpp,xczu7ev-ffvc1156-2-e,10,0.21725,106,29,14,9,13,cyclic_4_1,cyclic_64_1,block_2_1,block_8_1,block_4_1,cyclic_4_1,pipeline_1,unroll_16,1,16.25,0.799948572713,False
workload_684.cpp,xczu7ev-ffvc1156-2-e,10,0.2468,362,5,63,28,46,cyclic_4_1,cyclic_64_1,block_2_1,complete_1,cyclic_2_1,block_4_1,unroll_4,unroll_16,1,35.5,0.326754890347,False
workload_606.cpp,xczu7ev-ffvc1156-2-e,10,0.27496,286,4,1,7,21,cyclic_4_1,cyclic_64_1,block_2_1,cyclic_4_1,block_2_1,complete_1,unroll_16,pipeline_1,1,8.25,0.87707999171,False
workload_607.cpp,xczu7ev-ffvc1156-2-e,10,0.21725,107,29,14,9,13,cyclic_4_1,cyclic_64_1,block_2_1,cyclic_4_1,block_2_1,cyclic_4_1,pipeline_1,unroll_16,1,16.25,0.799948572713,False
workload_444.cpp,xczu7ev-ffvc1156-2-e,10,0.99364,309,4,1,4,21,cyclic_4_1,cyclic_64_1,block_2_1,cyclic_4_1,block_4_1,complete_1,unroll_16,unroll_2,1,7.5,0.137222068188,False
workload_541.cpp,xczu7ev-ffvc1156-2-e,10,0.2764,120,4,1,3,8,cyclic_4_1,cyclic_64_1,block_2_1,cyclic_4_1,block_4_1,complete_1,unroll_4,pipeline_1,1,4,0.929262957976,False
workload_628.cpp,xczu7ev-ffvc1156-2-e,10,0.27656,117,4,1,3,8,cyclic_4_1,cyclic_64_1,block_2_1,cyclic_4_1,cyclic_2_1,block_8_1,unroll_4,pipeline_1,1,4,0.929104070885,False
workload_171.cpp,xczu7ev-ffvc1156-2-e,10,0.27496,281.5,4,1,7,21,cyclic_4_1,cyclic_64_1,block_2_1,cyclic_4_1,cyclic_2_1,complete_1,unroll_16,pipeline_1,2,8.25,0.87707999171,False
workload_678.cpp,xczu7ev-ffvc1156-2-e,10,0.99364,301,4,1,3,19,cyclic_4_1,cyclic_64_1,block_2_1,cyclic_4_1,cyclic_2_1,complete_1,unroll_16,unroll_2,1,6.75,0.137692142004,False
workload_905.cpp,xczu7ev-ffvc1156-2-e,10,0.27672,90,4,1,2,6,cyclic_4_1,cyclic_64_1,block_2_1,cyclic_4_1,cyclic_2_1,complete_1,unroll_2,pipeline_1,1,3.25,0.926870135145,False
workload_17.cpp,xczu7ev-ffvc1156-2-e,10,0.27872,540,4,1,10,35,cyclic_4_1,cyclic_64_1,block_2_1,cyclic_4_1,cyclic_2_1,complete_1,unroll_32,pipeline_1,1,12.5,0.808545868334,False
workload_488.cpp,xczu7ev-ffvc1156-2-e,10,0.2764,116,4,1,3,8,cyclic_4_1,cyclic_64_1,block_2_1,cyclic_4_1,cyclic_2_1,complete_1,unroll_4,pipeline_1,2,4,0.929262957976,False
workload_724.cpp,xczu7ev-ffvc1156-2-e,10,0.2468,363,5,63,28,46,cyclic_4_1,cyclic_64_1,block_2_1,cyclic_4_1,cyclic_2_1,complete_1,unroll_4,unroll_16,1,35.5,0.326754890347,False
workload_799.cpp,xczu7ev-ffvc1156-2-e,10,0.21725,103,29,14,9,13,cyclic_4_1,cyclic_64_1,block_2_1,cyclic_8_1,cyclic_2_1,complete_1,pipeline_1,pipeline_1,1,16.25,0.799948572713,False
workload_227.cpp,xczu7ev-ffvc1156-2-e,10,0.22749,115,96,14,9,16,cyclic_4_1,cyclic_64_1,block_32_1,cyclic_4_1,cyclic_2_1,complete_1,pipeline_1,pipeline_1,1,33.75,0.359884667064,False
workload_257.cpp,xczu7ev-ffvc1156-2-e,10,1.00388,372,4,1,5,32,cyclic_4_1,cyclic_64_1,cyclic_128_1,cyclic_2_1,cyclic_2_1,complete_1,unroll_16,unroll_2,1,10.5,0.130421522895,False
workload_744.cpp,xczu7ev-ffvc1156-2-e,10,0.21725,103,26,14,9,13,cyclic_4_1,cyclic_64_1,cyclic_2_1,block_8_1,complete_1,cyclic_4_1,pipeline_1,unroll_4,1,15.5,0.823573325606,False
workload_590.cpp,xczu7ev-ffvc1156-2-e,10,0.2764,115,4,1,3,8,cyclic_4_1,cyclic_64_1,cyclic_2_1,complete_1,block_2_1,cyclic_4_1,unroll_4,pipeline_1,1,4,0.929262957976,False
workload_477.cpp,xczu7ev-ffvc1156-2-e,10,0.21725,105,26,14,9,13,cyclic_4_1,cyclic_64_1,cyclic_2_1,cyclic_2_1,block_2_1,block_8_1,pipeline_1,unroll_2,1,15.5,0.823573325606,False
workload_918.cpp,xczu7ev-ffvc1156-2-e,10,0.21725,104,26,14,9,13,cyclic_4_1,cyclic_64_1,cyclic_2_1,cyclic_2_1,block_4_1,cyclic_4_1,pipeline_1,pipeline_1,1,15.5,0.823573325606,False
workload_769.cpp,xczu7ev-ffvc1156-2-e,10,0.27656,123,4,1,3,8,cyclic_4_1,cyclic_64_1,cyclic_2_1,cyclic_4_1,block_2_1,block_8_1,unroll_4,pipeline_1,1,4,0.929104070885,False
workload_242.cpp,xczu7ev-ffvc1156-2-e,10,0.9316,122,5,0,2,8,cyclic_4_1,cyclic_64_1,cyclic_4_1,block_4_1,block_2_1,complete_1,unroll_4,unroll_2,1,3.75,0.169957409815,False
workload_913.cpp,xczu7ev-ffvc1156-2-e,10,0.21725,104,25,14,9,13,cyclic_4_1,cyclic_64_1,cyclic_4_1,block_8_1,block_2_1,complete_1,pipeline_1,unroll_8,1,15.25,0.831535269665,False
workload_630.cpp,xczu7ev-ffvc1156-2-e,10,0.21725,103.5,25,14,9,13,cyclic_4_1,cyclic_64_1,cyclic_4_1,block_8_1,block_4_1,block_8_1,pipeline_1,unroll_8,2,15.25,0.831535269665,False
workload_651.cpp,xczu7ev-ffvc1156-2-e,10,0.275,284,5,1,8,23,cyclic_4_1,cyclic_64_1,cyclic_4_1,block_8_1,block_4_1,block_8_1,unroll_16,pipeline_1,1,9.25,0.858815846488,False
workload_483.cpp,xczu7ev-ffvc1156-2-e,10,0.21725,103,25,14,9,13,cyclic_4_1,cyclic_64_1,cyclic_4_1,block_8_1,block_4_1,complete_1,pipeline_1,pipeline_1,1,15.25,0.831535269665,False
workload_332.cpp,xczu7ev-ffvc1156-2-e,10,0.21725,105,25,14,9,13,cyclic_4_1,cyclic_64_1,cyclic_4_1,block_8_1,block_4_1,complete_1,pipeline_1,unroll_8,1,15.25,0.831535269665,False
workload_634.cpp,xczu7ev-ffvc1156-2-e,10,0.21725,102,25,14,9,13,cyclic_4_1,cyclic_64_1,cyclic_4_1,block_8_1,block_4_1,cyclic_4_1,pipeline_1,unroll_2,1,15.25,0.831535269665,False
workload_289.cpp,xczu7ev-ffvc1156-2-e,10,0.21725,104,25,14,9,13,cyclic_4_1,cyclic_64_1,cyclic_4_1,block_8_1,block_4_1,cyclic_4_1,pipeline_1,unroll_8,3,15.25,0.831535269665,False
workload_560.cpp,xczu7ev-ffvc1156-2-e,10,0.90936,124,5,0,2,6,cyclic_4_1,cyclic_64_1,cyclic_4_1,block_8_1,block_4_1,cyclic_4_1,unroll_2,unroll_8,1,3.25,0.183448026977,False
workload_868.cpp,xczu7ev-ffvc1156-2-e,10,0.21725,103,25,14,9,13,cyclic_4_1,cyclic_64_1,cyclic_4_1,block_8_1,complete_1,block_4_1,pipeline_1,unroll_4,1,15.25,0.831535269665,False
workload_605.cpp,xczu7ev-ffvc1156-2-e,10,0.91576,124,5,0,2,6,cyclic_4_1,cyclic_64_1,cyclic_4_1,block_8_1,complete_1,block_4_1,unroll_2,unroll_8,1,3.25,0.179438050215,False
workload_896.cpp,xczu7ev-ffvc1156-2-e,10,0.9228,101,5,0,2,5,cyclic_4_1,cyclic_64_1,cyclic_4_1,block_8_1,complete_1,complete_1,unroll_2,unroll_4,1,3,0.175103779176,False
workload_693.cpp,xczu7ev-ffvc1156-2-e,10,0.21725,103,25,14,9,13,cyclic_4_1,cyclic_64_1,cyclic_4_1,block_8_1,complete_1,cyclic_4_1,pipeline_1,unroll_4,1,15.25,0.831535269665,False
workload_540.cpp,xczu7ev-ffvc1156-2-e,10,0.21725,105,25,14,9,13,cyclic_4_1,cyclic_64_1,cyclic_4_1,block_8_1,complete_1,cyclic_4_1,pipeline_1,unroll_8,1,15.25,0.831535269665,False
workload_704.cpp,xczu7ev-ffvc1156-2-e,10,0.21725,105,25,14,9,13,cyclic_4_1,cyclic_64_1,cyclic_4_1,complete_1,complete_1,cyclic_4_1,pipeline_1,unroll_16,1,15.25,0.831535269665,False
workload_767.cpp,xczu7ev-ffvc1156-2-e,10,1.0314,606,5,1,6,18,cyclic_4_1,cyclic_64_1,cyclic_4_1,cyclic_2_1,block_4_1,cyclic_4_1,unroll_16,unroll_8,1,7.5,0.123003009741,False
workload_559.cpp,xczu7ev-ffvc1156-2-e,10,0.21725,102,25,14,9,13,cyclic_4_1,cyclic_64_1,cyclic_4_1,cyclic_4_1,block_2_1,cyclic_4_1,pipeline_1,unroll_2,1,15.25,0.831535269665,False
workload_386.cpp,xczu7ev-ffvc1156-2-e,10,0.21725,106,25,14,9,13,cyclic_4_1,cyclic_64_1,cyclic_4_1,cyclic_4_1,block_4_1,cyclic_4_1,pipeline_1,unroll_16,1,15.25,0.831535269665,False
workload_585.cpp,xczu7ev-ffvc1156-2-e,10,0.27496,289,5,1,7,23,cyclic_4_1,cyclic_64_1,cyclic_4_1,cyclic_4_1,block_8_1,complete_1,unroll_16,pipeline_1,1,9,0.862699791036,False
workload_427.cpp,xczu7ev-ffvc1156-2-e,10,0.21725,104,25,14,9,13,cyclic_4_1,cyclic_64_1,cyclic_4_1,cyclic_4_1,complete_1,block_4_1,pipeline_1,pipeline_1,1,15.25,0.831535269665,False
workload_367.cpp,xczu7ev-ffvc1156-2-e,10,0.21725,104,25,14,9,13,cyclic_4_1,cyclic_64_1,cyclic_4_1,cyclic_4_1,complete_1,block_4_1,pipeline_1,unroll_2,1,15.25,0.831535269665,False
workload_884.cpp,xczu7ev-ffvc1156-2-e,10,0.21725,103,25,14,9,13,cyclic_4_1,cyclic_64_1,cyclic_4_1,cyclic_4_1,complete_1,block_4_1,pipeline_1,unroll_8,1,15.25,0.831535269665,False
workload_836.cpp,xczu7ev-ffvc1156-2-e,10,0.21725,102,25,14,9,13,cyclic_4_1,cyclic_64_1,cyclic_4_1,cyclic_4_1,complete_1,cyclic_4_1,pipeline_1,unroll_8,1,15.25,0.831535269665,False
workload_790.cpp,xczu7ev-ffvc1156-2-e,10,0.21725,103,25,14,9,13,cyclic_4_1,cyclic_64_1,cyclic_4_1,cyclic_4_1,cyclic_2_1,complete_1,pipeline_1,pipeline_1,1,15.25,0.831535269665,False
workload_852.cpp,xczu7ev-ffvc1156-2-e,10,0.21725,103,25,14,9,13,cyclic_4_1,cyclic_64_1,cyclic_4_1,cyclic_4_1,cyclic_2_1,complete_1,pipeline_1,unroll_4,1,15.25,0.831535269665,False
workload_579.cpp,xczu7ev-ffvc1156-2-e,10,0.27672,91,5,1,2,6,cyclic_4_1,cyclic_64_1,cyclic_4_1,cyclic_4_1,cyclic_2_1,complete_1,unroll_2,pipeline_1,1,3.5,0.932528756998,False
workload_571.cpp,xczu7ev-ffvc1156-2-e,10,0.21725,107,25,14,9,13,cyclic_4_1,cyclic_64_1,cyclic_4_1,cyclic_8_1,block_4_1,block_8_1,pipeline_1,unroll_16,1,15.25,0.831535269665,False
workload_418.cpp,xczu7ev-ffvc1156-2-e,10,0.92664,105,4,0,3,8,cyclic_4_1,cyclic_64_1,cyclic_64_1,block_8_1,block_4_1,cyclic_4_1,unroll_2,unroll_4,1,3.75,0.172867609422,False
workload_433.cpp,xczu7ev-ffvc1156-2-e,10,0.22749,110,25,14,10,14,cyclic_4_1,cyclic_64_1,cyclic_64_1,block_8_1,block_8_1,block_8_1,pipeline_1,unroll_8,1,15.75,0.812248735611,False
workload_285.cpp,xczu7ev-ffvc1156-2-e,10,0.93064,145,4,0,4,11,cyclic_4_1,cyclic_64_1,cyclic_64_1,cyclic_8_1,block_4_1,block_8_1,unroll_4,unroll_4,1,4.75,0.170348887896,False
workload_440.cpp,xczu7ev-ffvc1156-2-e,10,0.22749,103,27,14,9,13,cyclic_4_1,cyclic_64_1,cyclic_8_1,block_8_1,block_4_1,cyclic_4_1,pipeline_1,unroll_8,1,15.75,0.812248735611,False
workload_871.cpp,xczu7ev-ffvc1156-2-e,10,0.21725,102,31,14,8,12,cyclic_4_1,cyclic_8_1,block_2_1,complete_1,block_4_1,block_8_1,pipeline_1,pipeline_1,1,16.25,0.799948572713,False
workload_920.cpp,xczu7ev-ffvc1156-2-e,10,0.27608,86,6,1,2,4,cyclic_4_1,cyclic_8_1,block_2_1,complete_1,complete_1,cyclic_4_1,unroll_2,pipeline_1,1,3.25,0.927443661053,False
workload_539.cpp,xczu7ev-ffvc1156-2-e,10,0.27496,267,6,1,6,18,cyclic_4_1,cyclic_8_1,block_2_1,complete_1,cyclic_2_1,block_8_1,unroll_16,pipeline_1,1,7.75,0.890448801291,False
workload_452.cpp,xczu7ev-ffvc1156-2-e,10,0.25816,135,7,26,12,21,cyclic_4_1,cyclic_8_1,block_2_1,cyclic_8_1,block_4_1,block_8_1,unroll_2,unroll_16,1,16.5,0.768348298633,False
workload_619.cpp,xczu7ev-ffvc1156-2-e,10,0.27496,278,6,1,6,19,cyclic_4_1,cyclic_8_1,cyclic_2_1,complete_1,block_2_1,block_8_1,unroll_16,pipeline_1,1,8,0.883829925984,False
workload_845.cpp,xczu7ev-ffvc1156-2-e,10,0.9164,98,6,0,1,4,cyclic_4_1,cyclic_8_1,cyclic_2_1,complete_1,complete_1,block_4_1,unroll_2,unroll_4,1,2.75,0.178946919688,False
workload_566.cpp,xczu7ev-ffvc1156-2-e,10,0.35044,365,6,8,8,23,cyclic_4_1,cyclic_8_1,cyclic_2_1,cyclic_8_1,block_4_1,block_8_1,unroll_16,unroll_8,1,11.25,0.722445881969,False
workload_730.cpp,xczu7ev-ffvc1156-2-e,10,0.27496,274,6,1,6,20,cyclic_4_1,cyclic_8_1,cyclic_4_1,complete_1,block_8_1,block_8_1,unroll_16,pipeline_1,1,8.25,0.87707999171,False
workload_842.cpp,xczu7ev-ffvc1156-2-e,10,0.27496,265,6,1,6,18,cyclic_4_1,cyclic_8_1,cyclic_4_1,complete_1,cyclic_2_1,block_8_1,unroll_16,pipeline_1,1,7.75,0.890448801291,False
workload_723.cpp,xczu7ev-ffvc1156-2-e,10,0.93176,101,5,0,2,7,cyclic_4_1,cyclic_8_1,cyclic_64_1,cyclic_2_1,block_4_1,cyclic_4_1,unroll_2,unroll_4,1,3.5,0.169863201339,False
workload_112.cpp,xczu7ev-ffvc1156-2-e,10,0.33512,162,12,1,5,17,cyclic_64_1,block_128_1,block_64_1,complete_1,cyclic_4_1,block_2_1,unroll_4,pipeline_1,1,8.75,0.791274753152,False
workload_175.cpp,xczu7ev-ffvc1156-2-e,10,0.33448,118,23,1,2,9,cyclic_64_1,block_16_1,block_16_1,complete_1,complete_1,block_2_1,unroll_4,pipeline_1,1,8.75,0.792226233235,False
workload_13.cpp,xczu7ev-ffvc1156-2-e,10,0.33943,1204,17,1,17,33,cyclic_64_1,block_16_1,block_16_1,complete_1,cyclic_2_1,block_8_1,unroll_64,pipeline_1,1,17,0.667818238716,False
workload_139.cpp,xczu7ev-ffvc1156-2-e,10,0.33754,1249,24,1,16,36,cyclic_64_1,block_32_1,block_16_1,complete_1,block_8_1,block_2_1,unroll_64,pipeline_1,1,19.25,0.630288131201,False
workload_40.cpp,xczu7ev-ffvc1156-2-e,10,0.33448,119,25,1,2,9,cyclic_64_1,block_32_1,block_16_1,complete_1,complete_1,block_2_1,unroll_4,pipeline_1,1,9.25,0.783111987921,False
workload_265.cpp,xczu7ev-ffvc1156-2-e,10,0.28,275,7,9,9,19,cyclic_8_1,block_128_1,cyclic_64_1,cyclic_2_1,block_4_1,block_8_1,pipeline_1,unroll_8,1,11,0.829231573659,False
workload_293.cpp,xczu7ev-ffvc1156-2-e,10,0.3244,87,7,1,1,5,cyclic_8_1,block_16_1,cyclic_2_1,complete_1,complete_1,block_2_1,unroll_2,pipeline_1,1,3.5,0.843563490822,False
workload_686.cpp,xczu7ev-ffvc1156-2-e,10,0.27257,123,5,3,5,7,cyclic_8_1,block_2_1,block_4_1,cyclic_8_1,cyclic_2_1,cyclic_4_1,pipeline_1,unroll_2,1,5,0.942334121024,False
workload_56.cpp,xczu7ev-ffvc1156-2-e,10,0.33882,585,4,1,11,41,cyclic_8_1,block_2_1,block_64_1,cyclic_2_1,complete_1,cyclic_2_1,unroll_32,pipeline_1,1,14.25,0.705211593549,False
workload_815.cpp,xczu7ev-ffvc1156-2-e,10,0.32408,84,5,1,2,4,cyclic_8_1,block_2_1,cyclic_4_1,complete_1,complete_1,block_4_1,unroll_2,pipeline_1,1,3,0.842080784982,False
workload_857.cpp,xczu7ev-ffvc1156-2-e,10,1.0564,355,5,1,1,6,cyclic_8_1,block_2_1,cyclic_4_1,complete_1,complete_1,block_8_1,unroll_4,unroll_16,1,3.25,0.116235263158,False
workload_172.cpp,xczu7ev-ffvc1156-2-e,10,0.97256,174,5,0,1,10,cyclic_8_1,block_2_1,cyclic_4_1,cyclic_2_1,block_2_1,complete_1,unroll_8,unroll_2,1,4,0.14817882361,False
workload_641.cpp,xczu7ev-ffvc1156-2-e,10,0.27257,121,5,3,5,6,cyclic_8_1,block_2_1,cyclic_4_1,cyclic_2_1,cyclic_2_1,block_8_1,pipeline_1,unroll_16,1,4.75,1,True
workload_507.cpp,xczu7ev-ffvc1156-2-e,10,0.27257,118,5,3,5,6,cyclic_8_1,block_2_1,cyclic_4_1,cyclic_8_1,block_2_1,cyclic_4_1,pipeline_1,unroll_4,1,4.75,1,True
workload_712.cpp,xczu7ev-ffvc1156-2-e,10,0.27257,119,5,3,5,6,cyclic_8_1,block_2_1,cyclic_4_1,cyclic_8_1,complete_1,block_4_1,pipeline_1,unroll_16,1,4.75,1,True
workload_241.cpp,xczu7ev-ffvc1156-2-e,10,0.27257,119,5,3,5,6,cyclic_8_1,block_2_1,cyclic_4_1,cyclic_8_1,complete_1,block_8_1,pipeline_1,unroll_16,2,4.75,1,True
workload_381.cpp,xczu7ev-ffvc1156-2-e,10,0.27257,117,5,3,5,6,cyclic_8_1,block_2_1,cyclic_4_1,cyclic_8_1,complete_1,block_8_1,pipeline_1,unroll_8,1,4.75,1,True
workload_413.cpp,xczu7ev-ffvc1156-2-e,10,0.96888,137,5,0,2,8,cyclic_8_1,block_2_1,cyclic_4_1,cyclic_8_1,complete_1,block_8_1,unroll_4,unroll_4,1,3.75,0.149980726169,False
workload_701.cpp,xczu7ev-ffvc1156-2-e,10,0.27257,118,5,3,5,6,cyclic_8_1,block_2_1,cyclic_4_1,cyclic_8_1,complete_1,complete_1,pipeline_1,unroll_16,1,4.75,1,True
workload_600.cpp,xczu7ev-ffvc1156-2-e,10,0.27257,118,5,3,5,6,cyclic_8_1,block_2_1,cyclic_4_1,cyclic_8_1,complete_1,cyclic_4_1,pipeline_1,unroll_16,1,4.75,1,True
workload_548.cpp,xczu7ev-ffvc1156-2-e,10,0.96952,100,5,0,1,5,cyclic_8_1,block_2_1,cyclic_4_1,cyclic_8_1,complete_1,cyclic_4_1,unroll_2,unroll_4,1,2.75,0.14957838372,False
workload_309.cpp,xczu7ev-ffvc1156-2-e,10,0.27257,118,5,3,5,6,cyclic_8_1,block_2_1,cyclic_4_1,cyclic_8_1,cyclic_2_1,block_8_1,pipeline_1,unroll_16,1,4.75,1,True
workload_878.cpp,xczu7ev-ffvc1156-2-e,10,0.97144,146,4,0,3,11,cyclic_8_1,block_2_1,cyclic_64_1,complete_1,complete_1,block_4_1,unroll_4,unroll_4,1,4.5,0.148656599962,False
workload_273.cpp,xczu7ev-ffvc1156-2-e,10,0.3244,89,9,1,1,5,cyclic_8_1,block_32_1,cyclic_2_1,complete_1,complete_1,block_2_1,unroll_2,pipeline_1,1,4,0.845095427002,False
workload_568.cpp,xczu7ev-ffvc1156-2-e,10,0.32504,112,5,1,2,7,cyclic_8_1,block_4_1,block_2_1,cyclic_4_1,cyclic_2_1,complete_1,unroll_4,pipeline_1,1,3.75,0.843388930384,False
workload_204.cpp,xczu7ev-ffvc1156-2-e,10,1.02312,172,5,0,2,9,cyclic_8_1,block_4_1,cyclic_4_1,cyclic_8_1,block_4_1,block_8_1,unroll_8,unroll_2,1,4,0.126889995881,False
workload_148.cpp,xczu7ev-ffvc1156-2-e,10,0.61996,2508,6,7,9,76,cyclic_8_1,block_8_1,block_64_1,cyclic_8_1,block_2_1,cyclic_2_1,unroll_32,unroll_8,1,24.5,0.283538533154,False
workload_323.cpp,xczu7ev-ffvc1156-2-e,10,0.30136,143,5,27,14,23,cyclic_8_1,cyclic_128_1,block_2_1,cyclic_8_1,complete_1,cyclic_4_1,unroll_2,unroll_16,1,17.25,0.70797324298,False
workload_95.cpp,xczu7ev-ffvc1156-2-e,10,1.03016,268,4,1,5,21,cyclic_8_1,cyclic_128_1,block_64_1,block_4_1,complete_1,cyclic_2_1,unroll_8,unroll_4,1,7.75,0.123282220255,False
workload_343.cpp,xczu7ev-ffvc1156-2-e,10,0.2678,111,28,29,13,19,cyclic_8_1,cyclic_128_1,cyclic_4_1,complete_1,complete_1,block_4_1,pipeline_1,pipeline_1,1,22.25,0.614192107796,False
workload_276.cpp,xczu7ev-ffvc1156-2-e,10,0.98032,191,5,0,3,15,cyclic_8_1,cyclic_128_1,cyclic_4_1,cyclic_4_1,complete_1,block_4_1,unroll_8,unroll_2,1,5.75,0.144082379032,False
workload_839.cpp,xczu7ev-ffvc1156-2-e,10,0.2678,114,28,29,13,19,cyclic_8_1,cyclic_128_1,cyclic_4_1,cyclic_8_1,complete_1,block_8_1,pipeline_1,unroll_16,1,22.25,0.614192107796,False
workload_758.cpp,xczu7ev-ffvc1156-2-e,10,0.2678,111,32,29,11,17,cyclic_8_1,cyclic_16_1,cyclic_2_1,complete_1,block_2_1,block_8_1,pipeline_1,unroll_16,1,22.25,0.614192107796,False
workload_230.cpp,xczu7ev-ffvc1156-2-e,10,0.32504,87,7,1,2,5,cyclic_8_1,cyclic_16_1,cyclic_2_1,complete_1,block_4_1,block_8_1,unroll_2,pipeline_1,1,3.75,0.843388930384,False
workload_519.cpp,xczu7ev-ffvc1156-2-e,10,0.2678,115,31,29,11,17,cyclic_8_1,cyclic_16_1,cyclic_4_1,cyclic_8_1,complete_1,block_8_1,pipeline_1,unroll_16,1,22,0.620603379168,False
workload_390.cpp,xczu7ev-ffvc1156-2-e,10,0.26982,115,11,7,6,8,cyclic_8_1,cyclic_2_1,block_4_1,cyclic_8_1,complete_1,cyclic_4_1,pipeline_1,pipeline_1,1,8,0.887743667461,False
workload_745.cpp,xczu7ev-ffvc1156-2-e,10,0.27179,97,5,4,5,7,cyclic_8_1,cyclic_2_1,cyclic_4_1,block_8_1,block_4_1,complete_1,pipeline_1,unroll_16,1,5.25,1,True
workload_886.cpp,xczu7ev-ffvc1156-2-e,10,0.32536,86,5,1,1,5,cyclic_8_1,cyclic_2_1,cyclic_4_1,complete_1,block_2_1,complete_1,unroll_2,pipeline_1,1,3,0.839754614013,False
workload_898.cpp,xczu7ev-ffvc1156-2-e,10,0.3084,129,5,19,9,16,cyclic_8_1,cyclic_2_1,cyclic_4_1,complete_1,complete_1,block_4_1,unroll_2,unroll_16,1,12.25,0.771872309989,False
workload_437.cpp,xczu7ev-ffvc1156-2-e,10,0.27179,96,5,4,5,7,cyclic_8_1,cyclic_2_1,cyclic_4_1,complete_1,complete_1,complete_1,pipeline_1,unroll_16,1,5.25,1,True
workload_535.cpp,xczu7ev-ffvc1156-2-e,10,0.27179,98,5,4,5,7,cyclic_8_1,cyclic_2_1,cyclic_4_1,complete_1,complete_1,cyclic_4_1,pipeline_1,unroll_16,2,5.25,1,True
workload_912.cpp,xczu7ev-ffvc1156-2-e,10,0.27179,97,5,4,5,7,cyclic_8_1,cyclic_2_1,cyclic_4_1,cyclic_2_1,block_2_1,complete_1,pipeline_1,unroll_16,1,5.25,1,True
workload_149.cpp,xczu7ev-ffvc1156-2-e,10,0.6244,162,6,0,1,10,cyclic_8_1,cyclic_2_1,cyclic_4_1,cyclic_2_1,block_2_1,complete_1,unroll_8,unroll_2,1,4.25,0.461291167314,False
workload_805.cpp,xczu7ev-ffvc1156-2-e,10,0.27179,97,5,4,5,7,cyclic_8_1,cyclic_2_1,cyclic_4_1,cyclic_2_1,complete_1,block_8_1,pipeline_1,unroll_16,1,5.25,1,True
workload_187.cpp,xczu7ev-ffvc1156-2-e,10,0.63272,163,5,0,2,12,cyclic_8_1,cyclic_2_1,cyclic_4_1,cyclic_2_1,complete_1,block_8_1,unroll_8,unroll_2,1,4.75,0.449788231243,False
workload_740.cpp,xczu7ev-ffvc1156-2-e,10,0.27179,98,5,4,5,7,cyclic_8_1,cyclic_2_1,cyclic_4_1,cyclic_2_1,complete_1,complete_1,pipeline_1,unroll_16,1,5.25,1,True
workload_706.cpp,xczu7ev-ffvc1156-2-e,10,0.27179,96,5,4,5,7,cyclic_8_1,cyclic_2_1,cyclic_4_1,cyclic_4_1,complete_1,block_8_1,pipeline_1,unroll_16,1,5.25,1,True
workload_632.cpp,xczu7ev-ffvc1156-2-e,10,0.27179,96,5,4,5,7,cyclic_8_1,cyclic_2_1,cyclic_4_1,cyclic_4_1,complete_1,complete_1,pipeline_1,unroll_16,1,5.25,1,True
workload_526.cpp,xczu7ev-ffvc1156-2-e,10,0.45048,118,5,0,1,6,cyclic_8_1,cyclic_2_1,cyclic_4_1,cyclic_8_1,block_2_1,block_4_1,unroll_4,unroll_4,1,3,0.725565362043,False
workload_174.cpp,xczu7ev-ffvc1156-2-e,10,1.02312,171,5,0,2,9,cyclic_8_1,cyclic_2_1,cyclic_4_1,cyclic_8_1,block_4_1,block_8_1,unroll_8,unroll_2,1,4,0.126889995881,False
workload_860.cpp,xczu7ev-ffvc1156-2-e,10,0.27179,99,5,4,5,7,cyclic_8_1,cyclic_2_1,cyclic_4_1,cyclic_8_1,complete_1,block_2_1,pipeline_1,unroll_16,1,5.25,1,True
workload_680.cpp,xczu7ev-ffvc1156-2-e,10,0.27179,96,5,4,5,7,cyclic_8_1,cyclic_2_1,cyclic_4_1,cyclic_8_1,complete_1,block_8_1,pipeline_1,unroll_4,1,5.25,1,True
workload_802.cpp,xczu7ev-ffvc1156-2-e,10,0.27179,97,5,4,5,7,cyclic_8_1,cyclic_2_1,cyclic_4_1,cyclic_8_1,complete_1,cyclic_2_1,pipeline_1,unroll_16,1,5.25,1,True
workload_598.cpp,xczu7ev-ffvc1156-2-e,10,0.28006,125,7,7,7,9,cyclic_8_1,cyclic_2_1,cyclic_64_1,cyclic_4_1,complete_1,block_4_1,pipeline_1,unroll_2,1,7.5,0.89190275544,False
workload_239.cpp,xczu7ev-ffvc1156-2-e,10,0.2813,99,7,5,5,7,cyclic_8_1,cyclic_2_1,cyclic_8_1,cyclic_2_1,complete_1,complete_1,pipeline_1,unroll_2,1,6,0.922001427772,False
workload_166.cpp,xczu7ev-ffvc1156-2-e,10,0.2678,112,33,29,11,17,cyclic_8_1,cyclic_32_1,cyclic_4_1,cyclic_2_1,block_2_1,complete_1,pipeline_1,unroll_2,1,22.5,0.607803976005,False
workload_524.cpp,xczu7ev-ffvc1156-2-e,10,0.2698,97,8,7,6,8,cyclic_8_1,cyclic_4_1,cyclic_2_1,complete_1,complete_1,complete_1,pipeline_1,unroll_16,1,7.25,0.90768988303,False
workload_465.cpp,xczu7ev-ffvc1156-2-e,10,0.26845,103,14,14,8,12,cyclic_8_1,cyclic_4_1,cyclic_4_1,cyclic_8_1,complete_1,block_8_1,pipeline_1,unroll_16,1,12,0.830819531939,False
workload_720.cpp,xczu7ev-ffvc1156-2-e,10,0.3248,282,4,1,7,20,cyclic_8_1,cyclic_64_1,block_2_1,cyclic_4_1,cyclic_2_1,complete_1,unroll_16,pipeline_1,1,8,0.81974156069,False
workload_68.cpp,xczu7ev-ffvc1156-2-e,10,1.09148,901,8,1,7,50,cyclic_8_1,cyclic_8_1,block_16_1,cyclic_8_1,complete_1,cyclic_8_1,unroll_32,unroll_4,1,16.5,0.103136913436,False
workload_865.cpp,xczu7ev-ffvc1156-2-e,10,0.2678,108,37,29,11,17,cyclic_8_1,cyclic_8_1,block_2_1,cyclic_8_1,cyclic_2_1,block_8_1,pipeline_1,pipeline_1,1,23.5,0.582513238535,False
workload_27.cpp,xczu7ev-ffvc1156-2-e,10,1.08124,1275,5,1,8,66,cyclic_8_1,cyclic_8_1,block_64_1,complete_1,block_8_1,cyclic_8_1,unroll_32,unroll_4,1,20,0.102187213077,False
workload_218.cpp,xczu7ev-ffvc1156-2-e,10,0.36824,104,8,3,3,7,cyclic_8_1,cyclic_8_1,cyclic_16_1,complete_1,block_4_1,complete_1,unroll_2,unroll_8,1,5.25,0.798011091868,False
workload_220.cpp,xczu7ev-ffvc1156-2-e,10,0.27804,109,30,29,11,16,cyclic_8_1,cyclic_8_1,cyclic_16_1,cyclic_2_1,block_2_1,complete_1,pipeline_1,unroll_8,1,21.5,0.628269732388,False
workload_233.cpp,xczu7ev-ffvc1156-2-e,10,0.97336,89,6,0,1,5,cyclic_8_1,cyclic_8_1,cyclic_2_1,complete_1,block_2_1,block_8_1,unroll_2,unroll_2,1,3,0.14776033708,False
workload_173.cpp,xczu7ev-ffvc1156-2-e,10,0.32504,89,6,1,2,5,cyclic_8_1,cyclic_8_1,cyclic_2_1,complete_1,block_4_1,block_8_1,unroll_2,pipeline_1,1,3.5,0.842381271695,False
workload_134.cpp,xczu7ev-ffvc1156-2-e,10,0.358,101,6,3,2,6,cyclic_8_1,cyclic_8_1,cyclic_2_1,complete_1,block_4_1,block_8_1,unroll_2,unroll_8,1,4.25,0.812035934992,False
workload_578.cpp,xczu7ev-ffvc1156-2-e,10,0.26845,104,15,14,8,12,cyclic_8_1,cyclic_8_1,cyclic_2_1,complete_1,complete_1,block_8_1,pipeline_1,unroll_16,1,12.25,0.826316343281,False
workload_87.cpp,xczu7ev-ffvc1156-2-e,10,0.32356,261,6,1,6,19,cyclic_8_1,cyclic_8_1,cyclic_2_1,complete_1,cyclic_8_1,cyclic_8_1,unroll_16,pipeline_1,1,8,0.821674294418,False
workload_685.cpp,xczu7ev-ffvc1156-2-e,10,0.26845,102,14,14,8,12,cyclic_8_1,cyclic_8_1,cyclic_4_1,complete_1,complete_1,complete_1,pipeline_1,unroll_16,1,12,0.830819531939,False
