Version,Device,Clock_Period_nsec,Latency_msec,Synthesis_Time_sec,BRAM_Utilization_percentage,DSP_Utilization_percentage,FF_Utilization_percentage,LUT_Utilization_percentage,Array_1,Array_2,Array_3,OuterLoop_1,InnerLoop_1_1,InnerLoop_2_1,Replicate_Count,Area,Weight,is_pareto
workload_4917.cpp,xcu200-fsgd2104-2-e,3.33,96.42643038,1172,6,7,2,6,block_128_1,block_4_1,complete_1,unroll_2,unroll_2,unroll_8,1,5.25,0.75050193037,False
workload_4637.cpp,xcu200-fsgd2104-2-e,3.33,97.75638243,352,6,3,1,3,block_128_1,block_4_1,cyclic_2_1,unroll_2,unroll_2,unroll_4,1,3.25,0.778750299431,False
workload_4830.cpp,xcu200-fsgd2104-2-e,3.33,96.42643038,1168,6,7,2,6,block_128_1,cyclic_4_1,complete_1,unroll_2,unroll_2,unroll_8,1,5.25,0.75050193037,False
workload_4273.cpp,xcu200-fsgd2104-2-e,3.33,126.62908083,1534,7,7,2,8,block_128_1,cyclic_64_1,block_2_1,unroll_2,unroll_2,unroll_8,1,6,0.653912224965,False
workload_4435.cpp,xcu200-fsgd2104-2-e,3.33,145.48851585,2732,6,56,19,27,block_16_1,block_2_1,block_4_1,unroll_17,unroll_4,unroll_4,1,27,0.25560778934,False
workload_4414.cpp,xcu200-fsgd2104-2-e,3.33,97.97790402,110,6,7,2,3,block_16_1,block_2_1,complete_1,unroll_4,unroll_2,unroll_4,1,4.5,0.759602374793,False
workload_4251.cpp,xcu200-fsgd2104-2-e,3.33,319.69024974,412,6,0,26,44,block_16_1,cyclic_16_1,complete_1,unroll_2,unroll_32,pipeline_1,1,19,0.142295552855,False
workload_4291.cpp,xcu200-fsgd2104-2-e,3.33,306.59615694,631,6,0,27,46,block_16_1,cyclic_32_1,complete_1,unroll_2,unroll_32,pipeline_1,1,19.75,0.151507007372,False
workload_4222.cpp,xcu200-fsgd2104-2-e,3.33,319.69033299,691,6,0,26,46,block_16_1,cyclic_32_1,cyclic_2_1,unroll_2,unroll_32,pipeline_1,1,19.5,0.140382364836,False
workload_4288.cpp,xcu200-fsgd2104-2-e,3.33,106.27592769,152,5,0,13,21,block_16_1,cyclic_4_1,block_2_1,unroll_17,unroll_2,pipeline_1,1,9.75,0.642170898756,False
workload_4244.cpp,xcu200-fsgd2104-2-e,3.33,193.06652355,87,5,0,6,11,block_16_1,cyclic_4_1,block_2_1,unroll_2,unroll_8,pipeline_1,1,5.5,0.452470408611,False
workload_4651.cpp,xcu200-fsgd2104-2-e,3.33,4.92713793,1923.5,0,0,12,22,block_2_1,block_128_1,complete_1,unroll_2,pipeline_1,pipeline_1,2,8.5,0.865803955885,False
workload_4883.cpp,xcu200-fsgd2104-2-e,3.33,4.92713793,2032,0,0,12,22,block_2_1,block_128_1,complete_1,unroll_2,pipeline_1,unroll_64,2,8.5,0.865803955885,False
workload_4450.cpp,xcu200-fsgd2104-2-e,3.33,126.41084262,93,1,0,1,3,block_2_1,block_16_1,cyclic_4_1,unroll_2,unroll_2,unroll_8,1,1.25,0.684703102637,False
workload_4328.cpp,xcu200-fsgd2104-2-e,3.33,116.6931234,121,1,0,13,22,block_2_1,block_2_1,block_2_1,unroll_17,unroll_2,pipeline_1,1,9,0.63418127221,False
workload_4371.cpp,xcu200-fsgd2104-2-e,3.33,97.53814422,60,1,0,1,1,block_2_1,block_2_1,block_4_1,unroll_2,unroll_2,unroll_4,1,0.75,0.779144906111,False
workload_4570.cpp,xcu200-fsgd2104-2-e,3.33,95.03078742,1081,1,0,13,17,block_2_1,block_2_1,block_4_1,unroll_2,unroll_2,unroll_64,1,7.75,0.705864194702,False
workload_4418.cpp,xcu200-fsgd2104-2-e,3.33,181.71734742,69,1,0,6,11,block_2_1,block_2_1,block_4_1,unroll_2,unroll_8,pipeline_1,1,4.5,0.490616990688,False
workload_4517.cpp,xcu200-fsgd2104-2-e,3.33,106.05419298,57,1,0,3,6,block_2_1,block_2_1,block_4_1,unroll_4,unroll_2,pipeline_1,1,2.5,0.751789961729,False
workload_4503.cpp,xcu200-fsgd2104-2-e,3.33,4.80984201,1473,1,0,5,14,block_2_1,block_2_1,complete_1,unroll_2,pipeline_1,pipeline_1,3,5,0.999997877323,False
workload_4922.cpp,xcu200-fsgd2104-2-e,3.33,4.80984201,1662,1,0,5,14,block_2_1,block_2_1,complete_1,unroll_2,pipeline_1,unroll_32,1,5,0.999997877323,False
workload_4542.cpp,xcu200-fsgd2104-2-e,3.33,4.80984201,1668.5,1,0,5,14,block_2_1,block_2_1,complete_1,unroll_2,pipeline_1,unroll_4,2,5,0.999997877323,False
workload_4834.cpp,xcu200-fsgd2104-2-e,3.33,4.80984201,1591,1,0,5,14,block_2_1,block_2_1,complete_1,unroll_2,pipeline_1,unroll_64,1,5,0.999997877323,False
workload_4751.cpp,xcu200-fsgd2104-2-e,3.33,4.80984201,1506.5,1,0,5,14,block_2_1,block_2_1,complete_1,unroll_2,pipeline_1,unroll_8,2,5,0.999997877323,False
workload_4602.cpp,xcu200-fsgd2104-2-e,3.33,106.05409641,50,1,0,1,3,block_2_1,block_2_1,complete_1,unroll_2,unroll_2,pipeline_1,1,1.25,0.747145886289,False
workload_4866.cpp,xcu200-fsgd2104-2-e,3.33,95.48784657,134,1,0,3,4,block_2_1,block_2_1,complete_1,unroll_2,unroll_2,unroll_16,1,2,0.784035213911,False
workload_4808.cpp,xcu200-fsgd2104-2-e,3.33,95.03070417,1175,1,0,13,17,block_2_1,block_2_1,complete_1,unroll_2,unroll_2,unroll_64,1,7.75,0.705864349499,False
workload_4627.cpp,xcu200-fsgd2104-2-e,3.33,96.20819217,73,1,0,1,2,block_2_1,block_2_1,complete_1,unroll_2,unroll_2,unroll_8,1,1,0.784808984455,False
workload_4770.cpp,xcu200-fsgd2104-2-e,3.33,143.61044913,143,1,0,3,5,block_2_1,block_2_1,complete_1,unroll_2,unroll_4,unroll_8,1,2.25,0.621833365424,False
workload_4348.cpp,xcu200-fsgd2104-2-e,3.33,4.80947238,1621,1,0,5,14,block_2_1,block_2_1,cyclic_2_1,unroll_2,pipeline_1,pipeline_1,3,5,0.999999609802,False
workload_4573.cpp,xcu200-fsgd2104-2-e,3.33,4.80947238,1575,1,0,5,14,block_2_1,block_2_1,cyclic_2_1,unroll_2,pipeline_1,unroll_4,1,5,0.999999609802,False
workload_4608.cpp,xcu200-fsgd2104-2-e,3.33,4.80947238,1674,1,0,5,14,block_2_1,block_2_1,cyclic_2_1,unroll_2,pipeline_1,unroll_64,1,5,0.999999609802,False
workload_4476.cpp,xcu200-fsgd2104-2-e,3.33,111.3736815,43,1,0,1,3,block_2_1,block_2_1,cyclic_2_1,unroll_2,unroll_2,pipeline_1,2,1.25,0.734255879393,False
workload_4477.cpp,xcu200-fsgd2104-2-e,3.33,97.53814422,54,1,0,1,1,block_2_1,block_2_1,cyclic_2_1,unroll_2,unroll_2,unroll_4,1,0.75,0.779144906111,False
workload_4561.cpp,xcu200-fsgd2104-2-e,3.33,96.20827542,83,1,0,1,2,block_2_1,block_2_1,cyclic_2_1,unroll_2,unroll_2,unroll_8,1,1,0.784808654789,False
workload_4540.cpp,xcu200-fsgd2104-2-e,3.33,4.80992526,1681.5,1,0,5,14,block_2_1,block_2_1,cyclic_4_1,unroll_2,pipeline_1,pipeline_1,2,5,0.999997487125,False
workload_4525.cpp,xcu200-fsgd2104-2-e,3.33,116.6931567,47,1,0,1,3,block_2_1,block_2_1,cyclic_4_1,unroll_2,unroll_2,pipeline_1,1,1.25,0.717947655502,False
workload_4564.cpp,xcu200-fsgd2104-2-e,3.33,100.19788182,51,1,0,0,1,block_2_1,block_2_1,cyclic_4_1,unroll_2,unroll_2,unroll_2,1,0.5,0.766860567723,False
workload_4441.cpp,xcu200-fsgd2104-2-e,3.33,97.53814422,55,1,0,1,1,block_2_1,block_2_1,cyclic_4_1,unroll_2,unroll_2,unroll_4,1,0.75,0.779144906111,False
workload_4632.cpp,xcu200-fsgd2104-2-e,3.33,96.20827542,82,1,0,1,2,block_2_1,block_2_1,cyclic_4_1,unroll_2,unroll_2,unroll_8,1,1,0.784808654789,False
workload_4687.cpp,xcu200-fsgd2104-2-e,3.33,4.81037814,1783.5,0,0,9,18,block_2_1,block_4_1,block_4_1,unroll_2,pipeline_1,unroll_64,2,6.75,0.931548959582,False
workload_4454.cpp,xcu200-fsgd2104-2-e,3.33,106.0542063,47,0,0,1,3,block_2_1,block_4_1,block_4_1,unroll_2,unroll_2,pipeline_1,1,1,0.750009383678,False
workload_4578.cpp,xcu200-fsgd2104-2-e,3.33,4.81029489,1707.5,0,0,9,18,block_2_1,block_4_1,complete_1,unroll_2,pipeline_1,pipeline_1,2,6.75,0.931548959606,False
workload_4921.cpp,xcu200-fsgd2104-2-e,3.33,4.81029489,1610,0,0,9,18,block_2_1,block_4_1,complete_1,unroll_2,pipeline_1,unroll_16,1,6.75,0.931548959606,False
workload_4716.cpp,xcu200-fsgd2104-2-e,3.33,4.81029489,1820,0,0,9,18,block_2_1,block_4_1,complete_1,unroll_2,pipeline_1,unroll_4,2,6.75,0.931548959606,False
workload_4650.cpp,xcu200-fsgd2104-2-e,3.33,4.81029489,1720,0,0,9,18,block_2_1,block_4_1,complete_1,unroll_2,pipeline_1,unroll_64,1,6.75,0.931548959606,False
workload_4815.cpp,xcu200-fsgd2104-2-e,3.33,4.81029489,1748.5,0,0,9,18,block_2_1,block_4_1,complete_1,unroll_2,pipeline_1,unroll_8,2,6.75,0.931548959606,False
workload_4366.cpp,xcu200-fsgd2104-2-e,3.33,116.69304681,43,0,0,1,3,block_2_1,block_4_1,complete_1,unroll_2,unroll_2,pipeline_1,1,1,0.719492325349,False
workload_4913.cpp,xcu200-fsgd2104-2-e,3.33,95.48784657,141,0,1,3,4,block_2_1,block_4_1,complete_1,unroll_2,unroll_2,unroll_16,1,2,0.784035213911,False
workload_4891.cpp,xcu200-fsgd2104-2-e,3.33,97.53806097,58,0,0,1,1,block_2_1,block_4_1,complete_1,unroll_2,unroll_2,unroll_4,1,0.5,0.775551250403,False
workload_4410.cpp,xcu200-fsgd2104-2-e,3.33,96.20819217,80,0,0,1,2,block_2_1,block_4_1,complete_1,unroll_2,unroll_2,unroll_8,1,0.75,1,True
workload_4478.cpp,xcu200-fsgd2104-2-e,3.33,97.75966581,88,0,0,2,3,block_2_1,block_4_1,complete_1,unroll_4,unroll_2,unroll_4,1,1.25,0.778317051027,False
workload_4553.cpp,xcu200-fsgd2104-2-e,3.33,96.31897461,148,0,1,3,5,block_2_1,block_4_1,complete_1,unroll_4,unroll_2,unroll_8,1,2.25,0.787193810593,False
workload_4449.cpp,xcu200-fsgd2104-2-e,3.33,116.6931567,44,0,0,1,3,block_2_1,block_4_1,cyclic_2_1,unroll_2,unroll_2,pipeline_1,1,1,0.719491952074,False
workload_4482.cpp,xcu200-fsgd2104-2-e,3.33,106.0542063,43,0,0,1,3,block_2_1,block_4_1,cyclic_4_1,unroll_2,unroll_2,pipeline_1,1,1,0.750009383678,False
workload_4551.cpp,xcu200-fsgd2104-2-e,3.33,96.20827542,79,0,0,1,2,block_2_1,block_4_1,cyclic_4_1,unroll_2,unroll_2,unroll_8,1,0.75,0.784382114195,False
workload_4461.cpp,xcu200-fsgd2104-2-e,3.33,97.7597757,87,0,0,2,3,block_2_1,block_4_1,cyclic_4_1,unroll_4,unroll_2,unroll_4,1,1.25,0.778316682297,False
workload_4480.cpp,xcu200-fsgd2104-2-e,3.33,136.2567735,44,1,0,1,3,block_2_1,block_8_1,block_4_1,unroll_2,unroll_2,pipeline_1,1,1.25,0.650063448533,False
workload_4376.cpp,xcu200-fsgd2104-2-e,3.33,125.69041377,152,1,1,3,5,block_2_1,block_8_1,complete_1,unroll_2,unroll_2,unroll_16,1,2.5,0.679175596403,False
workload_4518.cpp,xcu200-fsgd2104-2-e,3.33,126.41075937,82,1,0,1,2,block_2_1,block_8_1,complete_1,unroll_2,unroll_2,unroll_8,1,1,0.685337539187,False
workload_4337.cpp,xcu200-fsgd2104-2-e,3.33,146.8957239,48,1,0,1,3,block_2_1,block_8_1,cyclic_4_1,unroll_2,unroll_2,pipeline_1,1,1.25,0.613054947233,False
workload_4704.cpp,xcu200-fsgd2104-2-e,3.33,126.41075937,83,1,0,1,2,block_2_1,cyclic_16_1,complete_1,unroll_2,unroll_2,unroll_8,1,1,0.685337539187,False
workload_4923.cpp,xcu200-fsgd2104-2-e,3.33,4.80947238,1756,1,0,5,14,block_2_1,cyclic_2_1,block_2_1,unroll_2,pipeline_1,unroll_32,1,5,0.999999609802,False
workload_4720.cpp,xcu200-fsgd2104-2-e,3.33,4.80947238,1538,1,0,5,14,block_2_1,cyclic_2_1,block_4_1,unroll_2,pipeline_1,unroll_64,1,5,0.999999609802,False
workload_4685.cpp,xcu200-fsgd2104-2-e,3.33,4.80938913,1713,1,0,5,14,block_2_1,cyclic_2_1,complete_1,unroll_2,pipeline_1,pipeline_1,4,5,1,True
workload_4810.cpp,xcu200-fsgd2104-2-e,3.33,4.80938913,1607,1,0,5,14,block_2_1,cyclic_2_1,complete_1,unroll_2,pipeline_1,unroll_16,1,5,1,True
workload_4776.cpp,xcu200-fsgd2104-2-e,3.33,4.80938913,1634,1,0,5,14,block_2_1,cyclic_2_1,complete_1,unroll_2,pipeline_1,unroll_32,2,5,1,True
workload_4574.cpp,xcu200-fsgd2104-2-e,3.33,4.80938913,1596.5,1,0,5,14,block_2_1,cyclic_2_1,complete_1,unroll_2,pipeline_1,unroll_4,2,5,1,True
workload_4749.cpp,xcu200-fsgd2104-2-e,3.33,4.80938913,1844.5,1,0,5,14,block_2_1,cyclic_2_1,complete_1,unroll_2,pipeline_1,unroll_64,2,5,1,True
workload_4712.cpp,xcu200-fsgd2104-2-e,3.33,4.80938913,1560,1,0,5,14,block_2_1,cyclic_2_1,complete_1,unroll_2,pipeline_1,unroll_8,2,5,1,True
workload_4915.cpp,xcu200-fsgd2104-2-e,3.33,95.18308497,314,1,0,5,7,block_2_1,cyclic_2_1,complete_1,unroll_2,unroll_2,unroll_32,1,3.25,0.785034039849,False
workload_4731.cpp,xcu200-fsgd2104-2-e,3.33,97.53806097,54,1,0,0,1,block_2_1,cyclic_2_1,complete_1,unroll_2,unroll_2,unroll_4,1,0.5,0.775551250403,False
workload_4464.cpp,xcu200-fsgd2104-2-e,3.33,95.03070417,965,1,0,11,14,block_2_1,cyclic_2_1,complete_1,unroll_2,unroll_2,unroll_64,1,6.5,0.730579658171,False
workload_4695.cpp,xcu200-fsgd2104-2-e,3.33,96.20819217,70,1,0,1,2,block_2_1,cyclic_2_1,complete_1,unroll_2,unroll_2,unroll_8,1,1,0.784808984455,False
workload_4457.cpp,xcu200-fsgd2104-2-e,3.33,106.05408309,52,1,0,3,5,block_2_1,cyclic_2_1,complete_1,unroll_4,unroll_2,pipeline_1,1,2.25,0.750469616327,False
workload_4408.cpp,xcu200-fsgd2104-2-e,3.33,97.75966581,77,1,0,1,2,block_2_1,cyclic_2_1,complete_1,unroll_4,unroll_2,unroll_4,1,1,0.778675992769,False
workload_4753.cpp,xcu200-fsgd2104-2-e,3.33,4.80947238,1748,1,0,5,14,block_2_1,cyclic_2_1,cyclic_2_1,unroll_2,pipeline_1,unroll_8,1,5,0.999999609802,False
workload_4607.cpp,xcu200-fsgd2104-2-e,3.33,4.80947238,1660,1,0,5,14,block_2_1,cyclic_2_1,cyclic_4_1,unroll_2,pipeline_1,unroll_4,1,5,0.999999609802,False
workload_4393.cpp,xcu200-fsgd2104-2-e,3.33,125.23335462,1804,1,0,11,18,block_2_1,cyclic_32_1,block_2_1,unroll_2,unroll_2,unroll_64,1,7.5,0.637606714073,False
workload_4243.cpp,xcu200-fsgd2104-2-e,3.33,126.41084262,104,1,0,1,3,block_2_1,cyclic_32_1,block_2_1,unroll_2,unroll_2,unroll_8,1,1.25,0.684703102637,False
workload_4303.cpp,xcu200-fsgd2104-2-e,3.33,126.60474852,1851,1,0,11,19,block_2_1,cyclic_32_1,cyclic_2_1,unroll_17,unroll_2,unroll_8,1,7.75,0.629912205249,False
workload_4280.cpp,xcu200-fsgd2104-2-e,3.33,146.8957239,51,1,0,1,3,block_2_1,cyclic_32_1,cyclic_2_1,unroll_2,unroll_2,pipeline_1,1,1.25,0.613054947233,False
workload_4162.cpp,xcu200-fsgd2104-2-e,3.33,319.4717751,548,1,0,25,45,block_2_1,cyclic_32_1,cyclic_2_1,unroll_2,unroll_32,pipeline_1,1,17.75,0.147256315308,False
workload_4220.cpp,xcu200-fsgd2104-2-e,3.33,248.0488695,92,1,0,6,11,block_2_1,cyclic_32_1,cyclic_2_1,unroll_2,unroll_8,pipeline_1,1,4.5,0.317289825179,False
workload_4293.cpp,xcu200-fsgd2104-2-e,3.33,319.47176178,1592,1,0,51,90,block_2_1,cyclic_32_1,cyclic_2_1,unroll_4,unroll_32,pipeline_1,1,35.5,0.100000718909,False
workload_4385.cpp,xcu200-fsgd2104-2-e,3.33,128.12855652,682,1,0,6,12,block_2_1,cyclic_32_1,cyclic_4_1,unroll_17,unroll_2,unroll_4,1,4.75,0.661237778969,False
workload_4299.cpp,xcu200-fsgd2104-2-e,3.33,192.8473263,69,0,0,6,10,block_2_1,cyclic_4_1,block_2_1,unroll_2,unroll_8,pipeline_1,1,4,0.46077652222,False
workload_4504.cpp,xcu200-fsgd2104-2-e,3.33,4.80947238,1809,0,0,5,15,block_2_1,cyclic_4_1,block_4_1,unroll_2,pipeline_1,unroll_8,1,5,0.999999609802,False
workload_4447.cpp,xcu200-fsgd2104-2-e,3.33,96.20827542,75,0,0,1,2,block_2_1,cyclic_4_1,block_4_1,unroll_2,unroll_2,unroll_8,1,0.75,0.784382114195,False
workload_4588.cpp,xcu200-fsgd2104-2-e,3.33,97.7597757,84,0,0,1,2,block_2_1,cyclic_4_1,block_4_1,unroll_4,unroll_2,unroll_4,1,0.75,0.778273577189,False
workload_4617.cpp,xcu200-fsgd2104-2-e,3.33,4.80938913,1809.5,0,0,5,15,block_2_1,cyclic_4_1,complete_1,unroll_2,pipeline_1,pipeline_1,4,5,1,True
workload_4718.cpp,xcu200-fsgd2104-2-e,3.33,4.80938913,2081,0,0,5,15,block_2_1,cyclic_4_1,complete_1,unroll_2,pipeline_1,unroll_16,1,5,1,True
workload_4748.cpp,xcu200-fsgd2104-2-e,3.33,4.80938913,1818,0,0,5,15,block_2_1,cyclic_4_1,complete_1,unroll_2,pipeline_1,unroll_2,1,5,1,True
workload_4856.cpp,xcu200-fsgd2104-2-e,3.33,4.80938913,1865,0,0,5,15,block_2_1,cyclic_4_1,complete_1,unroll_2,pipeline_1,unroll_32,1,5,1,True
workload_4615.cpp,xcu200-fsgd2104-2-e,3.33,4.80938913,1869,0,0,5,15,block_2_1,cyclic_4_1,complete_1,unroll_2,pipeline_1,unroll_4,2,5,1,True
workload_4752.cpp,xcu200-fsgd2104-2-e,3.33,4.80938913,1997,0,0,5,15,block_2_1,cyclic_4_1,complete_1,unroll_2,pipeline_1,unroll_64,2,5,1,True
workload_4652.cpp,xcu200-fsgd2104-2-e,3.33,4.80938913,1945.5,0,0,5,15,block_2_1,cyclic_4_1,complete_1,unroll_2,pipeline_1,unroll_8,2,5,1,True
workload_4793.cpp,xcu200-fsgd2104-2-e,3.33,106.05409641,46,0,0,1,3,block_2_1,cyclic_4_1,complete_1,unroll_2,unroll_2,pipeline_1,1,1,0.75000959985,False
workload_4660.cpp,xcu200-fsgd2104-2-e,3.33,97.53806097,56,0,0,0,1,block_2_1,cyclic_4_1,complete_1,unroll_2,unroll_2,unroll_4,1,0.25,0.776743761369,False
workload_4775.cpp,xcu200-fsgd2104-2-e,3.33,95.03070417,1201,0,0,11,15,block_2_1,cyclic_4_1,complete_1,unroll_2,unroll_2,unroll_64,1,6.5,0.730579658171,False
workload_4522.cpp,xcu200-fsgd2104-2-e,3.33,96.20819217,78,0,0,1,2,block_2_1,cyclic_4_1,complete_1,unroll_2,unroll_2,unroll_8,1,0.75,1,True
workload_4556.cpp,xcu200-fsgd2104-2-e,3.33,96.31897461,142,0,0,3,4,block_2_1,cyclic_4_1,complete_1,unroll_4,unroll_2,unroll_8,1,1.75,0.785043063155,False
workload_4616.cpp,xcu200-fsgd2104-2-e,3.33,4.80947238,1746,0,0,5,15,block_2_1,cyclic_4_1,cyclic_2_1,unroll_2,pipeline_1,pipeline_1,1,5,0.999999609802,False
workload_4613.cpp,xcu200-fsgd2104-2-e,3.33,4.80947238,1958,0,0,5,15,block_2_1,cyclic_4_1,cyclic_2_1,unroll_2,pipeline_1,unroll_8,1,5,0.999999609802,False
workload_4549.cpp,xcu200-fsgd2104-2-e,3.33,106.0542063,44,0,0,1,3,block_2_1,cyclic_4_1,cyclic_2_1,unroll_2,unroll_2,pipeline_1,1,1,0.750009383678,False
workload_4576.cpp,xcu200-fsgd2104-2-e,3.33,96.40218132,1594,0,0,11,15,block_2_1,cyclic_4_1,cyclic_4_1,unroll_17,unroll_2,unroll_8,1,6.5,0.727867482093,False
workload_4612.cpp,xcu200-fsgd2104-2-e,3.33,4.80947238,1958,0,0,5,15,block_2_1,cyclic_4_1,cyclic_4_1,unroll_2,pipeline_1,pipeline_1,1,5,0.999999609802,False
workload_4575.cpp,xcu200-fsgd2104-2-e,3.33,4.80947238,1853,0,0,5,15,block_2_1,cyclic_4_1,cyclic_4_1,unroll_2,pipeline_1,unroll_4,1,5,0.999999609802,False
workload_4543.cpp,xcu200-fsgd2104-2-e,3.33,4.80947238,1977,0,0,5,15,block_2_1,cyclic_4_1,cyclic_4_1,unroll_2,pipeline_1,unroll_8,1,5,0.999999609802,False
workload_4367.cpp,xcu200-fsgd2104-2-e,3.33,96.20827542,80,0,0,1,2,block_2_1,cyclic_4_1,cyclic_4_1,unroll_2,unroll_2,unroll_8,1,0.75,0.784382114195,False
workload_4324.cpp,xcu200-fsgd2104-2-e,3.33,192.8473263,65,0,0,6,10,block_2_1,cyclic_4_1,cyclic_4_1,unroll_2,unroll_8,pipeline_1,1,4,0.46077652222,False
workload_4161.cpp,xcu200-fsgd2104-2-e,3.33,126.41084262,144,2,0,1,4,block_2_1,cyclic_64_1,block_2_1,unroll_2,unroll_2,unroll_8,1,1.75,0.682409481759,False
workload_4248.cpp,xcu200-fsgd2104-2-e,3.33,319.4717751,1210,2,0,25,49,block_2_1,cyclic_64_1,cyclic_2_1,unroll_2,unroll_32,pipeline_1,1,19,0.142493693957,False
workload_4451.cpp,xcu200-fsgd2104-2-e,3.33,146.8957239,62,2,0,1,3,block_2_1,cyclic_64_1,cyclic_4_1,unroll_2,unroll_2,pipeline_1,1,1.5,0.612825025547,False
workload_4341.cpp,xcu200-fsgd2104-2-e,3.33,128.12855652,489,1,0,6,9,block_2_1,cyclic_8_1,block_2_1,unroll_17,unroll_2,unroll_4,1,4,0.665857681614,False
workload_4369.cpp,xcu200-fsgd2104-2-e,3.33,127.9623429,87,1,0,1,2,block_2_1,cyclic_8_1,block_2_1,unroll_4,unroll_2,unroll_4,1,1,0.679799626581,False
workload_4939.cpp,xcu200-fsgd2104-2-e,3.33,4.93310529,2337,1,0,8,24,block_2_1,cyclic_8_1,complete_1,unroll_2,pipeline_1,pipeline_1,1,8.25,0.875030021026,False
workload_4784.cpp,xcu200-fsgd2104-2-e,3.33,4.93310529,2689,1,0,8,24,block_2_1,cyclic_8_1,complete_1,unroll_2,pipeline_1,unroll_2,1,8.25,0.875030021026,False
workload_4857.cpp,xcu200-fsgd2104-2-e,3.33,4.93310529,2482,1,0,8,24,block_2_1,cyclic_8_1,complete_1,unroll_2,pipeline_1,unroll_4,1,8.25,0.875030021026,False
workload_4837.cpp,xcu200-fsgd2104-2-e,3.33,4.93310529,2485,1,0,8,24,block_2_1,cyclic_8_1,complete_1,unroll_2,pipeline_1,unroll_64,1,8.25,0.875030021026,False
workload_4783.cpp,xcu200-fsgd2104-2-e,3.33,4.93310529,2734,1,0,8,24,block_2_1,cyclic_8_1,complete_1,unroll_2,pipeline_1,unroll_8,1,8.25,0.875030021026,False
workload_4411.cpp,xcu200-fsgd2104-2-e,3.33,127.9623429,87,1,0,1,2,block_2_1,cyclic_8_1,cyclic_2_1,unroll_4,unroll_2,unroll_4,1,1,0.679799626581,False
workload_4412.cpp,xcu200-fsgd2104-2-e,3.33,146.8957239,48,1,0,1,3,block_2_1,cyclic_8_1,cyclic_4_1,unroll_2,unroll_2,pipeline_1,1,1.25,0.613054947233,False
workload_4380.cpp,xcu200-fsgd2104-2-e,3.33,126.41084262,78,1,0,1,2,block_2_1,cyclic_8_1,cyclic_4_1,unroll_2,unroll_2,unroll_8,1,1,0.685337242156,False
workload_4456.cpp,xcu200-fsgd2104-2-e,3.33,136.47840498,77,0,0,3,6,block_32_1,block_16_1,complete_1,unroll_4,unroll_2,pipeline_1,1,2.25,0.645745904645,False
workload_4296.cpp,xcu200-fsgd2104-2-e,3.33,98.14422753,1735,0,28,10,15,block_32_1,block_2_1,block_2_1,unroll_17,unroll_2,unroll_4,1,13.25,0.577982703359,False
workload_4419.cpp,xcu200-fsgd2104-2-e,3.33,97.75638243,86,0,3,1,2,block_32_1,block_2_1,block_2_1,unroll_2,unroll_2,unroll_4,1,1.5,0.78071266018,False
workload_4440.cpp,xcu200-fsgd2104-2-e,3.33,106.27596099,49,0,0,2,3,block_32_1,block_2_1,block_4_1,unroll_2,unroll_2,pipeline_1,1,1.25,0.746651398428,False
workload_4332.cpp,xcu200-fsgd2104-2-e,3.33,97.75638243,85,0,3,1,2,block_32_1,block_2_1,block_4_1,unroll_2,unroll_2,unroll_4,1,1.5,0.78071266018,False
workload_4458.cpp,xcu200-fsgd2104-2-e,3.33,97.97801391,150,0,7,2,4,block_32_1,block_2_1,block_4_1,unroll_4,unroll_2,unroll_4,1,3.25,0.778124139187,False
workload_4375.cpp,xcu200-fsgd2104-2-e,3.33,97.75638243,80,0,3,1,2,block_32_1,block_2_1,cyclic_2_1,unroll_2,unroll_2,unroll_4,1,1.5,0.78071266018,False
workload_4429.cpp,xcu200-fsgd2104-2-e,3.33,101.19184353,504,0,14,5,8,block_32_1,block_2_1,cyclic_4_1,unroll_17,unroll_2,unroll_2,1,6.75,0.712955679283,False
workload_4274.cpp,xcu200-fsgd2104-2-e,3.33,98.14422753,1746,0,28,10,15,block_32_1,block_2_1,cyclic_4_1,unroll_17,unroll_2,unroll_4,1,13.25,0.577982703359,False
workload_4519.cpp,xcu200-fsgd2104-2-e,3.33,97.75638243,85,0,3,1,2,block_32_1,block_2_1,cyclic_4_1,unroll_2,unroll_2,unroll_4,1,1.5,0.78071266018,False
workload_4379.cpp,xcu200-fsgd2104-2-e,3.33,116.91491139,56,0,0,1,3,block_32_1,block_4_1,block_4_1,unroll_2,unroll_2,pipeline_1,1,1,0.718737612487,False
workload_4529.cpp,xcu200-fsgd2104-2-e,3.33,95.70616803,377,0,15,5,7,block_32_1,block_4_1,block_4_1,unroll_2,unroll_2,unroll_16,1,6.75,0.724470388606,False
workload_4524.cpp,xcu200-fsgd2104-2-e,3.33,96.42651363,160,0,7,2,4,block_32_1,block_4_1,block_4_1,unroll_2,unroll_2,unroll_8,1,3.25,0.782239435544,False
workload_4322.cpp,xcu200-fsgd2104-2-e,3.33,116.91491139,54,0,0,1,3,block_32_1,block_4_1,cyclic_2_1,unroll_2,unroll_2,pipeline_1,1,1,0.718737612487,False
workload_4365.cpp,xcu200-fsgd2104-2-e,3.33,193.06652355,95,0,0,7,12,block_32_1,block_4_1,cyclic_2_1,unroll_2,unroll_8,pipeline_1,1,4.75,0.456715880926,False
workload_4225.cpp,xcu200-fsgd2104-2-e,3.33,98.14422753,1923,0,30,10,15,block_32_1,block_4_1,cyclic_4_1,unroll_17,unroll_2,unroll_4,1,13.75,0.566339753863,False
workload_4439.cpp,xcu200-fsgd2104-2-e,3.33,106.27596099,49,0,0,2,3,block_32_1,block_4_1,cyclic_4_1,unroll_2,unroll_2,pipeline_1,1,1.25,0.746651398428,False
workload_4382.cpp,xcu200-fsgd2104-2-e,3.33,95.70616803,372,0,15,5,7,block_32_1,block_4_1,cyclic_4_1,unroll_2,unroll_2,unroll_16,1,6.75,0.724470388606,False
workload_4186.cpp,xcu200-fsgd2104-2-e,3.33,95.78927151,1581,0,30,9,14,block_32_1,block_4_1,cyclic_4_1,unroll_4,unroll_2,unroll_16,1,13.25,0.581270829234,False
workload_4427.cpp,xcu200-fsgd2104-2-e,3.33,96.53732271,399,0,15,5,7,block_32_1,block_4_1,cyclic_4_1,unroll_4,unroll_2,unroll_8,1,6.75,0.722823068986,False
workload_4362.cpp,xcu200-fsgd2104-2-e,3.33,147.11747859,53,0,0,1,3,block_32_1,block_8_1,cyclic_2_1,unroll_2,unroll_2,pipeline_1,1,1,0.612290471025,False
workload_4390.cpp,xcu200-fsgd2104-2-e,3.33,128.34679473,1541,0,30,10,16,block_32_1,block_8_1,cyclic_4_1,unroll_17,unroll_2,unroll_4,1,14,0.511484754192,False
workload_4384.cpp,xcu200-fsgd2104-2-e,3.33,125.90873523,369,0,15,4,7,block_32_1,block_8_1,cyclic_4_1,unroll_2,unroll_2,unroll_16,1,6.5,0.649891217709,False
workload_4489.cpp,xcu200-fsgd2104-2-e,3.33,126.62908083,167,0,7,2,4,block_32_1,block_8_1,cyclic_4_1,unroll_2,unroll_2,unroll_8,1,3.25,0.673549755599,False
workload_4558.cpp,xcu200-fsgd2104-2-e,3.33,95.70616803,387,0,14,4,6,block_32_1,cyclic_2_1,block_4_1,unroll_2,unroll_2,unroll_16,1,6,0.738596828747,False
workload_4485.cpp,xcu200-fsgd2104-2-e,3.33,97.97801391,159,0,7,2,4,block_32_1,cyclic_2_1,block_4_1,unroll_4,unroll_2,unroll_4,1,3.25,0.778124139187,False
workload_4589.cpp,xcu200-fsgd2104-2-e,3.33,96.42643038,154,0,7,2,3,block_32_1,cyclic_2_1,complete_1,unroll_2,unroll_2,unroll_8,1,3,0.785701143717,False
workload_4490.cpp,xcu200-fsgd2104-2-e,3.33,96.53732271,365,0,14,4,6,block_32_1,cyclic_2_1,cyclic_4_1,unroll_4,unroll_2,unroll_8,1,6,0.736906499565,False
workload_4415.cpp,xcu200-fsgd2104-2-e,3.33,131.06196351,118,0,3,1,3,block_32_1,cyclic_32_1,block_2_1,unroll_4,unroll_2,unroll_2,1,1.75,0.666605993209,False
workload_4394.cpp,xcu200-fsgd2104-2-e,3.33,128.34679473,1939,0,28,9,18,block_32_1,cyclic_32_1,cyclic_4_1,unroll_17,unroll_2,unroll_4,1,13.75,0.51644647981,False
workload_4339.cpp,xcu200-fsgd2104-2-e,3.33,125.90873523,479,0,14,4,8,block_32_1,cyclic_32_1,cyclic_4_1,unroll_2,unroll_2,unroll_16,1,6.5,0.649891217709,False
workload_4634.cpp,xcu200-fsgd2104-2-e,3.33,95.70616803,376,0,14,4,6,block_32_1,cyclic_4_1,block_4_1,unroll_2,unroll_2,unroll_16,1,6,0.738596828747,False
workload_4572.cpp,xcu200-fsgd2104-2-e,3.33,95.78927151,1385,0,28,8,13,block_32_1,cyclic_4_1,cyclic_4_1,unroll_4,unroll_2,unroll_16,1,12.25,0.604688991655,False
workload_4329.cpp,xcu200-fsgd2104-2-e,3.33,131.06196351,152,1,3,1,3,block_32_1,cyclic_64_1,block_2_1,unroll_4,unroll_2,unroll_2,1,2,0.665315456316,False
workload_4373.cpp,xcu200-fsgd2104-2-e,3.33,131.06196351,92,0,3,1,2,block_32_1,cyclic_8_1,block_2_1,unroll_4,unroll_2,unroll_2,1,1.5,0.667622673616,False
workload_4294.cpp,xcu200-fsgd2104-2-e,3.33,128.34679473,1719,0,28,9,14,block_32_1,cyclic_8_1,cyclic_4_1,unroll_17,unroll_2,unroll_4,1,12.75,0.536122837588,False
workload_4392.cpp,xcu200-fsgd2104-2-e,3.33,96.40218132,1714,2,0,13,24,block_4_1,block_2_1,cyclic_4_1,unroll_17,unroll_2,unroll_8,1,9.75,0.660698750757,False
workload_4300.cpp,xcu200-fsgd2104-2-e,3.33,97.53814422,59,2,0,1,2,block_4_1,block_2_1,cyclic_4_1,unroll_2,unroll_2,unroll_4,1,1.25,0.779051614139,False
workload_4347.cpp,xcu200-fsgd2104-2-e,3.33,96.40218132,1768,1,3,14,24,block_4_1,block_4_1,block_2_1,unroll_17,unroll_2,unroll_8,1,10.5,0.64394784114,False
workload_4864.cpp,xcu200-fsgd2104-2-e,3.33,97.53806097,62,1,0,1,2,block_4_1,block_4_1,complete_1,unroll_2,unroll_2,unroll_4,1,1,0.779550674905,False
workload_4302.cpp,xcu200-fsgd2104-2-e,3.33,96.40218132,1953,1,3,14,24,block_4_1,block_4_1,cyclic_4_1,unroll_17,unroll_2,unroll_8,1,10.5,0.64394784114,False
workload_4377.cpp,xcu200-fsgd2104-2-e,3.33,146.89920708,147,2,0,14,23,block_4_1,block_8_1,cyclic_4_1,unroll_17,unroll_2,pipeline_1,1,9.75,0.544476032135,False
workload_4335.cpp,xcu200-fsgd2104-2-e,3.33,210.23211078,58,2,0,3,6,block_4_1,cyclic_16_1,block_2_1,unroll_2,unroll_4,pipeline_1,1,2.75,0.415354052959,False
workload_4386.cpp,xcu200-fsgd2104-2-e,3.33,248.04979524,782,2,0,52,90,block_4_1,cyclic_16_1,cyclic_4_1,unroll_17,unroll_8,pipeline_1,1,36,0.11120102705,False
workload_4424.cpp,xcu200-fsgd2104-2-e,3.33,173.22759234,375,2,0,6,11,block_4_1,cyclic_2_1,cyclic_4_1,unroll_4,unroll_8,unroll_4,1,4.75,0.514029396654,False
workload_4350.cpp,xcu200-fsgd2104-2-e,3.33,125.23335462,2022,2,0,11,24,block_4_1,cyclic_32_1,block_2_1,unroll_2,unroll_2,unroll_64,1,9.25,0.608710824092,False
workload_4163.cpp,xcu200-fsgd2104-2-e,3.33,306.37787877,1683,2,0,51,95,block_4_1,cyclic_32_1,complete_1,unroll_4,unroll_32,pipeline_1,1,37,0.1,False
workload_4402.cpp,xcu200-fsgd2104-2-e,3.33,116.69667318,45,1,0,1,3,block_4_1,cyclic_4_1,block_2_1,unroll_2,unroll_2,pipeline_1,1,1.25,0.717936184405,False
workload_4370.cpp,xcu200-fsgd2104-2-e,3.33,126.41084262,147,3,0,1,5,block_4_1,cyclic_64_1,block_2_1,unroll_2,unroll_2,unroll_8,1,2.25,0.67897676911,False
workload_4349.cpp,xcu200-fsgd2104-2-e,3.33,126.60474852,1510,2,0,11,21,block_4_1,cyclic_8_1,block_2_1,unroll_17,unroll_2,unroll_8,1,8.5,0.617952026888,False
workload_4331.cpp,xcu200-fsgd2104-2-e,3.33,248.04982854,75,2,0,6,11,block_4_1,cyclic_8_1,block_2_1,unroll_2,unroll_8,pipeline_1,1,4.75,0.316667280749,False
workload_4266.cpp,xcu200-fsgd2104-2-e,3.33,136.26025668,150,2,0,13,22,block_4_1,cyclic_8_1,cyclic_4_1,unroll_17,unroll_2,pipeline_1,1,9.25,0.580223525988,False
workload_4202.cpp,xcu200-fsgd2104-2-e,3.33,126.60474852,1813,2,0,11,21,block_4_1,cyclic_8_1,cyclic_4_1,unroll_17,unroll_2,unroll_8,1,8.5,0.617952026888,False
workload_4282.cpp,xcu200-fsgd2104-2-e,3.33,248.04982854,78,2,0,6,11,block_4_1,cyclic_8_1,cyclic_4_1,unroll_2,unroll_8,pipeline_1,1,4.75,0.316667280749,False
workload_4323.cpp,xcu200-fsgd2104-2-e,3.33,116.91491139,62,6,0,1,3,block_64_1,block_2_1,cyclic_4_1,unroll_2,unroll_2,pipeline_1,1,2.5,0.709594896961,False
workload_4160.cpp,xcu200-fsgd2104-2-e,3.33,116.91491139,66,6,0,1,3,block_64_1,block_4_1,cyclic_4_1,unroll_2,unroll_2,pipeline_1,1,2.5,0.709594896961,False
workload_4281.cpp,xcu200-fsgd2104-2-e,3.33,147.11747859,66,6,0,1,3,block_64_1,block_8_1,cyclic_4_1,unroll_2,unroll_2,pipeline_1,1,2.5,0.609028513202,False
workload_4301.cpp,xcu200-fsgd2104-2-e,3.33,216.86520771,237,6,0,13,23,block_64_1,cyclic_2_1,cyclic_4_1,unroll_2,unroll_16,pipeline_1,1,10.5,0.358182705321,False
workload_4240.cpp,xcu200-fsgd2104-2-e,3.33,116.91491139,63,6,0,1,3,block_64_1,cyclic_2_1,cyclic_4_1,unroll_2,unroll_2,pipeline_1,1,2.5,0.709594896961,False
workload_4346.cpp,xcu200-fsgd2104-2-e,3.33,319.69033299,1169,6,0,26,50,block_64_1,cyclic_32_1,cyclic_4_1,unroll_2,unroll_32,pipeline_1,1,20.5,0.136556096548,False
workload_4245.cpp,xcu200-fsgd2104-2-e,3.33,131.06196351,243,7,3,1,4,block_64_1,cyclic_64_1,block_2_1,unroll_4,unroll_2,unroll_2,1,3.75,0.65627117671,False
workload_4246.cpp,xcu200-fsgd2104-2-e,3.33,136.47849489,741,7,0,13,27,block_64_1,cyclic_64_1,cyclic_2_1,unroll_17,unroll_2,pipeline_1,1,11.75,0.537432667696,False
workload_4592.cpp,xcu200-fsgd2104-2-e,3.33,97.75629918,70,3,0,1,2,block_8_1,block_4_1,complete_1,unroll_2,unroll_2,unroll_4,1,1.5,0.780712991435,False
workload_4422.cpp,xcu200-fsgd2104-2-e,3.33,128.18047122,104,3,0,1,5,block_8_1,cyclic_8_1,complete_1,unroll_4,unroll_2,unroll_4,1,2.25,0.673236271457,False
workload_4460.cpp,xcu200-fsgd2104-2-e,3.33,96.75889758,212,3,0,0,1,cyclic_128_1,block_4_1,complete_1,unroll_2,unroll_2,unroll_8,1,1,0.782629570521,False
workload_4448.cpp,xcu200-fsgd2104-2-e,3.33,146.76753222,90,0,0,0,3,cyclic_16_1,block_128_1,complete_1,unroll_2,unroll_2,pipeline_1,1,0.75,0.613266774274,False
workload_4488.cpp,xcu200-fsgd2104-2-e,3.33,146.7675189,159,0,0,0,4,cyclic_16_1,block_128_1,complete_1,unroll_4,unroll_2,pipeline_1,1,1,0.613498919658,False
workload_4409.cpp,xcu200-fsgd2104-2-e,3.33,126.96154803,77,1,0,0,1,cyclic_16_1,block_16_1,block_2_1,unroll_2,unroll_2,unroll_8,1,0.5,0.683393101398,False
workload_4673.cpp,xcu200-fsgd2104-2-e,3.33,29.46889494,845,1,0,2,8,cyclic_16_1,block_2_1,complete_1,unroll_2,pipeline_1,unroll_64,1,2.75,0.927828288705,False
workload_4636.cpp,xcu200-fsgd2104-2-e,3.33,95.27664798,318,1,0,3,6,cyclic_16_1,block_2_1,complete_1,unroll_2,unroll_2,unroll_64,1,2.5,0.794958476351,False
workload_4595.cpp,xcu200-fsgd2104-2-e,3.33,29.46897819,819,1,0,2,8,cyclic_16_1,block_2_1,cyclic_4_1,unroll_2,pipeline_1,pipeline_1,1,2.75,0.927827953802,False
workload_4563.cpp,xcu200-fsgd2104-2-e,3.33,29.46897819,847,1,0,2,8,cyclic_16_1,block_2_1,cyclic_4_1,unroll_2,pipeline_1,unroll_64,1,2.75,0.927827953802,False
workload_4603.cpp,xcu200-fsgd2104-2-e,3.33,105.92612451,45,1,0,0,1,cyclic_16_1,block_2_1,cyclic_4_1,unroll_2,unroll_2,pipeline_1,1,0.5,0.755888372659,False
workload_4675.cpp,xcu200-fsgd2104-2-e,3.33,29.46943107,910,0,0,6,11,cyclic_16_1,block_4_1,block_4_1,unroll_2,pipeline_1,unroll_32,1,4.25,0.912614181534,False
workload_4647.cpp,xcu200-fsgd2104-2-e,3.33,29.46943107,975,0,0,6,11,cyclic_16_1,block_4_1,block_4_1,unroll_2,pipeline_1,unroll_64,1,4.25,0.912614181534,False
workload_4659.cpp,xcu200-fsgd2104-2-e,3.33,98.42131683,56,0,0,0,1,cyclic_16_1,block_4_1,block_4_1,unroll_2,unroll_2,unroll_4,1,0.25,0.773306576595,False
workload_4605.cpp,xcu200-fsgd2104-2-e,3.33,95.27673123,323,0,3,3,5,cyclic_16_1,block_4_1,block_4_1,unroll_2,unroll_2,unroll_64,1,2.75,0.79193617521,False
workload_4514.cpp,xcu200-fsgd2104-2-e,3.33,111.25241622,45.5,0,0,0,1,cyclic_16_1,block_4_1,complete_1,unroll_2,unroll_2,pipeline_1,2,0.25,0.741154310542,False
workload_4633.cpp,xcu200-fsgd2104-2-e,3.33,98.42123358,57,0,0,0,1,cyclic_16_1,block_4_1,complete_1,unroll_2,unroll_2,unroll_4,1,0.25,0.773306900266,False
workload_4508.cpp,xcu200-fsgd2104-2-e,3.33,29.46930786,2992.5,0,0,12,22,cyclic_16_1,block_4_1,complete_1,unroll_4,pipeline_1,pipeline_1,2,8.5,0.827879156407,False
workload_4442.cpp,xcu200-fsgd2104-2-e,3.33,105.9329277,56,0,0,0,1,cyclic_16_1,block_4_1,complete_1,unroll_4,unroll_2,pipeline_1,1,0.25,0.758579191955,False
workload_4428.cpp,xcu200-fsgd2104-2-e,3.33,97.04985633,578,0,3,4,9,cyclic_16_1,block_4_1,cyclic_4_1,unroll_17,unroll_2,unroll_8,1,4,0.769636562014,False
workload_4585.cpp,xcu200-fsgd2104-2-e,3.33,105.93305091,43,0,0,0,1,cyclic_16_1,block_4_1,cyclic_4_1,unroll_2,unroll_2,pipeline_1,1,0.25,0.758578937391,False
workload_4496.cpp,xcu200-fsgd2104-2-e,3.33,127.25231364,664,1,3,4,10,cyclic_16_1,block_8_1,complete_1,unroll_17,unroll_2,unroll_8,1,4.5,0.666093825562,False
workload_4333.cpp,xcu200-fsgd2104-2-e,3.33,126.01947438,94,1,1,1,2,cyclic_16_1,block_8_1,complete_1,unroll_2,unroll_2,unroll_16,1,1.25,0.686075067461,False
workload_4701.cpp,xcu200-fsgd2104-2-e,3.33,29.46844206,841,1,0,2,8,cyclic_16_1,cyclic_2_1,complete_1,unroll_2,pipeline_1,pipeline_1,1,2.75,0.927830110573,False
workload_4672.cpp,xcu200-fsgd2104-2-e,3.33,29.46844206,833,1,0,2,8,cyclic_16_1,cyclic_2_1,complete_1,unroll_2,pipeline_1,unroll_4,1,2.75,0.927830110573,False
workload_4539.cpp,xcu200-fsgd2104-2-e,3.33,29.46844206,831,1,0,2,8,cyclic_16_1,cyclic_2_1,complete_1,unroll_2,pipeline_1,unroll_64,1,2.75,0.927830110573,False
workload_4484.cpp,xcu200-fsgd2104-2-e,3.33,120.25324638,153,1,0,0,3,cyclic_16_1,cyclic_2_1,complete_1,unroll_2,unroll_2,unroll_64,1,1,0.707176449303,False
workload_4653.cpp,xcu200-fsgd2104-2-e,3.33,29.4684021,2601,1,0,4,15,cyclic_16_1,cyclic_2_1,complete_1,unroll_4,pipeline_1,unroll_64,1,5,0.900261401797,False
workload_4560.cpp,xcu200-fsgd2104-2-e,3.33,105.81189219,42,1,0,0,0,cyclic_16_1,cyclic_2_1,cyclic_4_1,unroll_2,unroll_2,pipeline_1,1,0.25,0.758822432768,False
workload_4363.cpp,xcu200-fsgd2104-2-e,3.33,153.22645683,81,1,0,0,2,cyclic_16_1,cyclic_32_1,block_2_1,unroll_2,unroll_2,unroll_8,1,0.75,0.591106095117,False
workload_4683.cpp,xcu200-fsgd2104-2-e,3.33,29.46852531,987,0,0,3,9,cyclic_16_1,cyclic_4_1,block_4_1,unroll_2,pipeline_1,pipeline_1,1,3,0.926340947606,False
workload_4741.cpp,xcu200-fsgd2104-2-e,3.33,29.46844206,867,0,0,3,9,cyclic_16_1,cyclic_4_1,complete_1,unroll_2,pipeline_1,unroll_16,1,3,0.92634112054,False
workload_4768.cpp,xcu200-fsgd2104-2-e,3.33,29.46844206,868,0,0,3,9,cyclic_16_1,cyclic_4_1,complete_1,unroll_2,pipeline_1,unroll_8,1,3,0.92634112054,False
workload_4665.cpp,xcu200-fsgd2104-2-e,3.33,116.4507327,47,0,0,0,0,cyclic_16_1,cyclic_4_1,complete_1,unroll_2,unroll_2,pipeline_1,1,0,0.720711329329,False
workload_4664.cpp,xcu200-fsgd2104-2-e,3.33,120.25324638,180,0,0,0,3,cyclic_16_1,cyclic_4_1,complete_1,unroll_2,unroll_2,unroll_64,1,0.75,0.707849033835,False
workload_4516.cpp,xcu200-fsgd2104-2-e,3.33,123.02380638,56,0,0,0,1,cyclic_16_1,cyclic_4_1,complete_1,unroll_2,unroll_2,unroll_8,1,0.25,0.697265591637,False
workload_4483.cpp,xcu200-fsgd2104-2-e,3.33,105.81189219,43,0,0,0,0,cyclic_16_1,cyclic_4_1,cyclic_4_1,unroll_2,unroll_2,pipeline_1,1,0,0.76127946224,False
workload_4403.cpp,xcu200-fsgd2104-2-e,3.33,123.02388963,54,0,0,0,1,cyclic_16_1,cyclic_4_1,cyclic_4_1,unroll_2,unroll_2,unroll_8,1,0.25,0.697265283505,False
workload_4523.cpp,xcu200-fsgd2104-2-e,3.33,123.02387631,75,0,0,0,2,cyclic_16_1,cyclic_4_1,cyclic_4_1,unroll_4,unroll_2,unroll_8,1,0.5,0.697813378617,False
workload_4853.cpp,xcu200-fsgd2104-2-e,3.33,29.36795265,1154,0,0,9,16,cyclic_2_1,block_128_1,complete_1,unroll_2,pipeline_1,unroll_4,1,6.25,0.878928553271,False
workload_4832.cpp,xcu200-fsgd2104-2-e,3.33,29.36795265,1293,0,0,9,16,cyclic_2_1,block_128_1,complete_1,unroll_2,pipeline_1,unroll_64,1,6.25,0.878928553271,False
workload_4870.cpp,xcu200-fsgd2104-2-e,3.33,125.85664737,384,0,1,1,9,cyclic_2_1,block_128_1,complete_1,unroll_2,unroll_2,unroll_16,1,2.75,0.67638251439,False
workload_4689.cpp,xcu200-fsgd2104-2-e,3.33,29.36758302,1234,0,0,9,16,cyclic_2_1,block_128_1,cyclic_2_1,unroll_2,pipeline_1,pipeline_1,1,6.25,0.878930032226,False
workload_4678.cpp,xcu200-fsgd2104-2-e,3.33,29.3680359,1060,1,0,8,14,cyclic_2_1,block_16_1,block_4_1,unroll_2,pipeline_1,pipeline_1,1,5.75,0.884997061711,False
workload_4635.cpp,xcu200-fsgd2104-2-e,3.33,125.27482977,505,1,3,3,8,cyclic_2_1,block_16_1,complete_1,unroll_2,unroll_2,unroll_64,1,3.75,0.677235712002,False
workload_4821.cpp,xcu200-fsgd2104-2-e,3.33,126.85404897,69,1,0,0,1,cyclic_2_1,block_16_1,complete_1,unroll_2,unroll_2,unroll_8,1,0.5,0.683785564966,False
workload_4597.cpp,xcu200-fsgd2104-2-e,3.33,29.25073998,883,1,0,2,8,cyclic_2_1,block_2_1,block_4_1,unroll_2,pipeline_1,unroll_4,1,2.75,0.928705478469,False
workload_4462.cpp,xcu200-fsgd2104-2-e,3.33,99.20033703,213,1,0,2,4,cyclic_2_1,block_2_1,complete_1,unroll_17,unroll_2,unroll_4,1,1.75,0.775141410735,False
workload_4639.cpp,xcu200-fsgd2104-2-e,3.33,29.25065673,847.5,1,0,2,8,cyclic_2_1,block_2_1,complete_1,unroll_2,pipeline_1,pipeline_1,4,2.75,0.928705813053,False
workload_4896.cpp,xcu200-fsgd2104-2-e,3.33,29.25065673,845,1,0,2,8,cyclic_2_1,block_2_1,complete_1,unroll_2,pipeline_1,unroll_16,1,2.75,0.928705813053,False
workload_4931.cpp,xcu200-fsgd2104-2-e,3.33,29.25065673,713,1,0,2,8,cyclic_2_1,block_2_1,complete_1,unroll_2,pipeline_1,unroll_32,1,2.75,0.928705813053,False
workload_4872.cpp,xcu200-fsgd2104-2-e,3.33,29.25065673,859,1,0,2,8,cyclic_2_1,block_2_1,complete_1,unroll_2,pipeline_1,unroll_4,1,2.75,0.928705813053,False
workload_4933.cpp,xcu200-fsgd2104-2-e,3.33,29.25065673,881,1,0,2,8,cyclic_2_1,block_2_1,complete_1,unroll_2,pipeline_1,unroll_64,1,2.75,0.928705813053,False
workload_4640.cpp,xcu200-fsgd2104-2-e,3.33,29.25065673,822,1,0,2,8,cyclic_2_1,block_2_1,complete_1,unroll_2,pipeline_1,unroll_8,1,2.75,0.928705813053,False
workload_4400.cpp,xcu200-fsgd2104-2-e,3.33,105.70777641,42,1,0,0,0,cyclic_2_1,block_2_1,complete_1,unroll_2,unroll_2,pipeline_1,1,0.25,0.759020675054,False
workload_4843.cpp,xcu200-fsgd2104-2-e,3.33,95.65408017,80,1,0,1,2,cyclic_2_1,block_2_1,complete_1,unroll_2,unroll_2,unroll_16,1,1,1,True
workload_4823.cpp,xcu200-fsgd2104-2-e,3.33,95.26620177,138,1,0,2,3,cyclic_2_1,block_2_1,complete_1,unroll_2,unroll_2,unroll_32,1,1.5,1,True
workload_4515.cpp,xcu200-fsgd2104-2-e,3.33,98.42464017,45,1,0,0,1,cyclic_2_1,block_2_1,complete_1,unroll_2,unroll_2,unroll_4,1,0.5,0.772945326815,False
workload_4765.cpp,xcu200-fsgd2104-2-e,3.33,95.07226257,322,1,0,3,6,cyclic_2_1,block_2_1,complete_1,unroll_2,unroll_2,unroll_64,1,2.5,1,True
workload_4884.cpp,xcu200-fsgd2104-2-e,3.33,29.25084321,2792,1,0,5,15,cyclic_2_1,block_2_1,complete_1,unroll_4,pipeline_1,unroll_32,1,5.25,0.895845134935,False
workload_4863.cpp,xcu200-fsgd2104-2-e,3.33,100.64104821,52,1,0,0,1,cyclic_2_1,block_2_1,complete_1,unroll_4,unroll_2,unroll_2,1,0.5,0.765253421516,False
workload_4801.cpp,xcu200-fsgd2104-2-e,3.33,95.11378101,929,1,0,7,11,cyclic_2_1,block_2_1,complete_1,unroll_4,unroll_2,unroll_64,1,4.75,0.761720290054,False
workload_4643.cpp,xcu200-fsgd2104-2-e,3.33,29.2502871,871,1,0,2,8,cyclic_2_1,block_2_1,cyclic_2_1,unroll_2,pipeline_1,pipeline_1,3,2.75,0.928707298603,False
workload_4826.cpp,xcu200-fsgd2104-2-e,3.33,29.2502871,882,1,0,2,8,cyclic_2_1,block_2_1,cyclic_2_1,unroll_2,pipeline_1,unroll_2,1,2.75,0.928707298603,False
workload_4890.cpp,xcu200-fsgd2104-2-e,3.33,116.3468367,43,1,0,0,0,cyclic_2_1,block_2_1,cyclic_2_1,unroll_2,unroll_2,pipeline_1,1,0.25,0.722136578501,False
workload_4914.cpp,xcu200-fsgd2104-2-e,3.33,95.07234582,274,1,0,3,6,cyclic_2_1,block_2_1,cyclic_2_1,unroll_2,unroll_2,unroll_64,1,2.5,0.795788984238,False
workload_4734.cpp,xcu200-fsgd2104-2-e,3.33,96.65156502,61,1,0,0,1,cyclic_2_1,block_2_1,cyclic_2_1,unroll_2,unroll_2,unroll_8,1,0.5,0.77757528541,False
workload_4587.cpp,xcu200-fsgd2104-2-e,3.33,96.65156502,57,1,0,0,1,cyclic_2_1,block_2_1,cyclic_4_1,unroll_2,unroll_2,unroll_8,1,0.5,0.77757528541,False
workload_4930.cpp,xcu200-fsgd2104-2-e,3.33,95.26628502,132,0,2,2,3,cyclic_2_1,block_4_1,block_2_1,unroll_2,unroll_2,unroll_32,1,1.75,0.787608162092,False
workload_4736.cpp,xcu200-fsgd2104-2-e,3.33,95.07234582,330,0,3,3,5,cyclic_2_1,block_4_1,block_2_1,unroll_2,unroll_2,unroll_64,1,2.75,0.792367246558,False
workload_4679.cpp,xcu200-fsgd2104-2-e,3.33,29.25119286,1060,0,0,6,12,cyclic_2_1,block_4_1,block_4_1,unroll_2,pipeline_1,pipeline_1,1,4.5,0.909360760396,False
workload_4286.cpp,xcu200-fsgd2104-2-e,3.33,105.71466951,112,0,0,2,4,cyclic_2_1,block_4_1,complete_1,unroll_17,unroll_2,pipeline_1,1,1.5,0.749358841838,False
workload_4807.cpp,xcu200-fsgd2104-2-e,3.33,97.03930023,460,0,3,4,7,cyclic_2_1,block_4_1,complete_1,unroll_17,unroll_2,unroll_8,1,3.5,0.777149385657,False
workload_4771.cpp,xcu200-fsgd2104-2-e,3.33,29.25110961,1039,0,0,6,12,cyclic_2_1,block_4_1,complete_1,unroll_2,pipeline_1,pipeline_1,1,4.5,0.90936094268,False
workload_4680.cpp,xcu200-fsgd2104-2-e,3.33,29.25110961,1053,0,0,6,12,cyclic_2_1,block_4_1,complete_1,unroll_2,pipeline_1,unroll_16,1,4.5,0.90936094268,False
workload_4829.cpp,xcu200-fsgd2104-2-e,3.33,29.25110961,1048,0,0,6,12,cyclic_2_1,block_4_1,complete_1,unroll_2,pipeline_1,unroll_32,1,4.5,0.90936094268,False
workload_4934.cpp,xcu200-fsgd2104-2-e,3.33,29.25110961,1030,0,0,6,12,cyclic_2_1,block_4_1,complete_1,unroll_2,pipeline_1,unroll_4,1,4.5,0.90936094268,False
workload_4851.cpp,xcu200-fsgd2104-2-e,3.33,29.25110961,1053.5,0,0,6,12,cyclic_2_1,block_4_1,complete_1,unroll_2,pipeline_1,unroll_64,2,4.5,0.90936094268,False
workload_4916.cpp,xcu200-fsgd2104-2-e,3.33,29.25110961,1031,0,0,6,12,cyclic_2_1,block_4_1,complete_1,unroll_2,pipeline_1,unroll_8,1,4.5,0.90936094268,False
workload_4693.cpp,xcu200-fsgd2104-2-e,3.33,105.71470281,45,0,0,0,0,cyclic_2_1,block_4_1,complete_1,unroll_2,unroll_2,pipeline_1,1,0,1,True
workload_4763.cpp,xcu200-fsgd2104-2-e,3.33,95.65408017,91,0,1,1,2,cyclic_2_1,block_4_1,complete_1,unroll_2,unroll_2,unroll_16,1,1,1,True
workload_4762.cpp,xcu200-fsgd2104-2-e,3.33,98.42464017,52,0,0,0,1,cyclic_2_1,block_4_1,complete_1,unroll_2,unroll_2,unroll_4,1,0.25,0.773293655724,False
workload_4669.cpp,xcu200-fsgd2104-2-e,3.33,95.07226257,322,0,3,3,5,cyclic_2_1,block_4_1,complete_1,unroll_2,unroll_2,unroll_64,1,2.75,0.792367413957,False
workload_4730.cpp,xcu200-fsgd2104-2-e,3.33,96.65148177,64,0,0,0,1,cyclic_2_1,block_4_1,complete_1,unroll_2,unroll_2,unroll_8,1,0.25,1,True
workload_4547.cpp,xcu200-fsgd2104-2-e,3.33,29.25106965,3341,0,0,12,23,cyclic_2_1,block_4_1,complete_1,unroll_4,pipeline_1,pipeline_1,1,8.75,0.821450287701,False
workload_4581.cpp,xcu200-fsgd2104-2-e,3.33,29.25106965,3446,0,0,12,23,cyclic_2_1,block_4_1,complete_1,unroll_4,pipeline_1,unroll_4,1,8.75,0.821450287701,False
workload_4667.cpp,xcu200-fsgd2104-2-e,3.33,99.20044692,233,0,2,2,4,cyclic_2_1,block_4_1,cyclic_2_1,unroll_17,unroll_2,unroll_4,1,2,0.773628467046,False
workload_4899.cpp,xcu200-fsgd2104-2-e,3.33,29.25073998,1040,0,0,6,12,cyclic_2_1,block_4_1,cyclic_2_1,unroll_2,pipeline_1,pipeline_1,1,4.5,0.909361752011,False
workload_4744.cpp,xcu200-fsgd2104-2-e,3.33,29.25073998,1085,0,0,6,12,cyclic_2_1,block_4_1,cyclic_2_1,unroll_2,pipeline_1,unroll_64,1,4.5,0.909361752011,False
workload_4629.cpp,xcu200-fsgd2104-2-e,3.33,111.0342879,44.5,0,0,0,0,cyclic_2_1,block_4_1,cyclic_2_1,unroll_2,unroll_2,pipeline_1,2,0,0.741238728012,False
workload_4604.cpp,xcu200-fsgd2104-2-e,3.33,98.42472342,49,0,0,0,1,cyclic_2_1,block_4_1,cyclic_2_1,unroll_2,unroll_2,unroll_4,1,0.25,0.773293332056,False
workload_4662.cpp,xcu200-fsgd2104-2-e,3.33,96.65156502,63,0,0,0,1,cyclic_2_1,block_4_1,cyclic_2_1,unroll_2,unroll_2,unroll_8,1,0.25,0.780199830881,False
workload_4625.cpp,xcu200-fsgd2104-2-e,3.33,98.42472342,48,0,0,0,1,cyclic_2_1,block_4_1,cyclic_4_1,unroll_2,unroll_2,unroll_4,1,0.25,0.773293332056,False
workload_4661.cpp,xcu200-fsgd2104-2-e,3.33,96.65156502,59,0,0,0,1,cyclic_2_1,block_4_1,cyclic_4_1,unroll_2,unroll_2,unroll_8,1,0.25,0.780199830881,False
workload_4420.cpp,xcu200-fsgd2104-2-e,3.33,135.9104535,48,1,0,0,1,cyclic_2_1,block_8_1,block_2_1,unroll_2,unroll_2,pipeline_1,1,0.5,0.651041437556,False
workload_4912.cpp,xcu200-fsgd2104-2-e,3.33,125.85664737,96,1,1,1,2,cyclic_2_1,block_8_1,complete_1,unroll_2,unroll_2,unroll_16,1,1.25,0.686645501701,False
workload_4852.cpp,xcu200-fsgd2104-2-e,3.33,29.36758302,1090,1,0,7,13,cyclic_2_1,block_8_1,cyclic_2_1,unroll_2,pipeline_1,pipeline_1,1,5.25,0.895588140332,False
workload_4798.cpp,xcu200-fsgd2104-2-e,3.33,29.2502871,853,1,0,2,9,cyclic_2_1,cyclic_2_1,block_2_1,unroll_2,pipeline_1,pipeline_1,1,3,0.926768836381,False
workload_4641.cpp,xcu200-fsgd2104-2-e,3.33,29.2502871,865,1,0,2,9,cyclic_2_1,cyclic_2_1,block_4_1,unroll_2,pipeline_1,pipeline_1,1,3,0.926768836381,False
workload_4648.cpp,xcu200-fsgd2104-2-e,3.33,29.2502871,812,1,0,2,9,cyclic_2_1,cyclic_2_1,block_4_1,unroll_2,pipeline_1,unroll_64,1,3,0.926768836381,False
workload_4600.cpp,xcu200-fsgd2104-2-e,3.33,29.25020385,831.5,1,0,2,9,cyclic_2_1,cyclic_2_1,complete_1,unroll_2,pipeline_1,pipeline_1,4,3,0.926768989835,False
workload_4700.cpp,xcu200-fsgd2104-2-e,3.33,29.25020385,808,1,0,2,9,cyclic_2_1,cyclic_2_1,complete_1,unroll_2,pipeline_1,unroll_16,1,3,0.926768989835,False
workload_4873.cpp,xcu200-fsgd2104-2-e,3.33,29.25020385,862,1,0,2,9,cyclic_2_1,cyclic_2_1,complete_1,unroll_2,pipeline_1,unroll_2,1,3,0.926768989835,False
workload_4802.cpp,xcu200-fsgd2104-2-e,3.33,29.25020385,899,1,0,2,9,cyclic_2_1,cyclic_2_1,complete_1,unroll_2,pipeline_1,unroll_32,1,3,0.926768989835,False
workload_4565.cpp,xcu200-fsgd2104-2-e,3.33,29.25020385,876.5,1,0,2,9,cyclic_2_1,cyclic_2_1,complete_1,unroll_2,pipeline_1,unroll_4,2,3,0.926768989835,False
workload_4670.cpp,xcu200-fsgd2104-2-e,3.33,29.25020385,869.5,1,0,2,9,cyclic_2_1,cyclic_2_1,complete_1,unroll_2,pipeline_1,unroll_64,2,3,0.926768989835,False
workload_4766.cpp,xcu200-fsgd2104-2-e,3.33,29.25020385,844.5,1,0,2,9,cyclic_2_1,cyclic_2_1,complete_1,unroll_2,pipeline_1,unroll_8,2,3,0.926768989835,False
workload_4491.cpp,xcu200-fsgd2104-2-e,3.33,110.90950281,42.5,1,0,0,0,cyclic_2_1,cyclic_2_1,complete_1,unroll_2,unroll_2,pipeline_1,2,0.25,0.742419410804,False
workload_4792.cpp,xcu200-fsgd2104-2-e,3.33,121.25405457,65,1,0,0,1,cyclic_2_1,cyclic_2_1,complete_1,unroll_2,unroll_2,unroll_16,1,0.5,0.704316504351,False
workload_4844.cpp,xcu200-fsgd2104-2-e,3.33,120.36747537,90,1,0,0,2,cyclic_2_1,cyclic_2_1,complete_1,unroll_2,unroll_2,unroll_32,1,0.75,0.707437586286,False
workload_4867.cpp,xcu200-fsgd2104-2-e,3.33,120.03500817,160,1,0,0,3,cyclic_2_1,cyclic_2_1,complete_1,unroll_2,unroll_2,unroll_64,1,1,0.707941431815,False
workload_4858.cpp,xcu200-fsgd2104-2-e,3.33,29.25016389,2709,1,0,4,16,cyclic_2_1,cyclic_2_1,complete_1,unroll_4,pipeline_1,pipeline_1,1,5.25,0.895846626375,False
workload_4786.cpp,xcu200-fsgd2104-2-e,3.33,29.25016389,3109,1,0,4,16,cyclic_2_1,cyclic_2_1,complete_1,unroll_4,pipeline_1,unroll_32,1,5.25,0.895846626375,False
workload_4505.cpp,xcu200-fsgd2104-2-e,3.33,29.25016389,2830,1,0,4,16,cyclic_2_1,cyclic_2_1,complete_1,unroll_4,pipeline_1,unroll_4,2,5.25,0.895846626375,False
workload_4579.cpp,xcu200-fsgd2104-2-e,3.33,29.25016389,2816,1,0,4,16,cyclic_2_1,cyclic_2_1,complete_1,unroll_4,pipeline_1,unroll_64,2,5.25,0.895846626375,False
workload_4438.cpp,xcu200-fsgd2104-2-e,3.33,105.59001429,49,1,0,0,1,cyclic_2_1,cyclic_2_1,complete_1,unroll_4,unroll_2,pipeline_1,1,0.5,0.75652408227,False
workload_4364.cpp,xcu200-fsgd2104-2-e,3.33,181.23173685,81,1,0,0,2,cyclic_2_1,cyclic_2_1,complete_1,unroll_4,unroll_8,pipeline_1,1,0.75,0.500227648109,False
workload_4797.cpp,xcu200-fsgd2104-2-e,3.33,29.2502871,850,1,0,2,9,cyclic_2_1,cyclic_2_1,cyclic_2_1,unroll_2,pipeline_1,pipeline_1,3,3,0.926768836381,False
workload_4699.cpp,xcu200-fsgd2104-2-e,3.33,29.2502871,808,1,0,2,9,cyclic_2_1,cyclic_2_1,cyclic_2_1,unroll_2,pipeline_1,unroll_4,1,3,0.926768836381,False
workload_4729.cpp,xcu200-fsgd2104-2-e,3.33,122.80565142,53,1,0,0,1,cyclic_2_1,cyclic_2_1,cyclic_4_1,unroll_2,unroll_2,unroll_8,1,0.5,0.698614743752,False
workload_4423.cpp,xcu200-fsgd2104-2-e,3.33,135.78563511,196,1,0,0,4,cyclic_2_1,cyclic_32_1,complete_1,unroll_17,unroll_2,pipeline_1,1,1.25,0.651717892127,False
workload_4743.cpp,xcu200-fsgd2104-2-e,3.33,29.2502871,1073,0,0,2,9,cyclic_2_1,cyclic_4_1,block_4_1,unroll_2,pipeline_1,pipeline_1,1,2.75,0.928707298603,False
workload_4892.cpp,xcu200-fsgd2104-2-e,3.33,105.58999431,101,0,0,0,2,cyclic_2_1,cyclic_4_1,complete_1,unroll_17,unroll_2,pipeline_1,1,0.5,0.756524118482,False
workload_4684.cpp,xcu200-fsgd2104-2-e,3.33,29.25020385,1029.5,0,0,2,9,cyclic_2_1,cyclic_4_1,complete_1,unroll_2,pipeline_1,pipeline_1,4,2.75,1,True
workload_4686.cpp,xcu200-fsgd2104-2-e,3.33,29.25020385,1000,0,0,2,9,cyclic_2_1,cyclic_4_1,complete_1,unroll_2,pipeline_1,unroll_16,1,2.75,1,True
workload_4828.cpp,xcu200-fsgd2104-2-e,3.33,29.25020385,975,0,0,2,9,cyclic_2_1,cyclic_4_1,complete_1,unroll_2,pipeline_1,unroll_32,2,2.75,1,True
workload_4773.cpp,xcu200-fsgd2104-2-e,3.33,29.25020385,955,0,0,2,9,cyclic_2_1,cyclic_4_1,complete_1,unroll_2,pipeline_1,unroll_4,2,2.75,1,True
workload_4711.cpp,xcu200-fsgd2104-2-e,3.33,29.25020385,1063,0,0,2,9,cyclic_2_1,cyclic_4_1,complete_1,unroll_2,pipeline_1,unroll_64,2,2.75,1,True
workload_4677.cpp,xcu200-fsgd2104-2-e,3.33,29.25020385,1052,0,0,2,9,cyclic_2_1,cyclic_4_1,complete_1,unroll_2,pipeline_1,unroll_8,1,2.75,1,True
workload_4521.cpp,xcu200-fsgd2104-2-e,3.33,110.90950281,42,0,0,0,0,cyclic_2_1,cyclic_4_1,complete_1,unroll_2,unroll_2,pipeline_1,2,0,0.741714784645,False
workload_4869.cpp,xcu200-fsgd2104-2-e,3.33,121.25405457,70,0,0,0,1,cyclic_2_1,cyclic_4_1,complete_1,unroll_2,unroll_2,unroll_16,1,0.25,0.703828504574,False
workload_4822.cpp,xcu200-fsgd2104-2-e,3.33,125.90856873,45,0,0,0,0,cyclic_2_1,cyclic_4_1,complete_1,unroll_2,unroll_2,unroll_4,1,0,0.685531121752,False
workload_4868.cpp,xcu200-fsgd2104-2-e,3.33,120.03500817,181,0,0,0,3,cyclic_2_1,cyclic_4_1,complete_1,unroll_2,unroll_2,unroll_64,1,0.75,0.708634737488,False
workload_4694.cpp,xcu200-fsgd2104-2-e,3.33,122.80556817,54,0,0,0,1,cyclic_2_1,cyclic_4_1,complete_1,unroll_2,unroll_2,unroll_8,1,0.25,0.698073549457,False
workload_4839.cpp,xcu200-fsgd2104-2-e,3.33,29.25016389,2797,0,0,4,16,cyclic_2_1,cyclic_4_1,complete_1,unroll_4,pipeline_1,pipeline_1,1,5,0.90074649956,False
workload_4838.cpp,xcu200-fsgd2104-2-e,3.33,29.25016389,2753,0,0,4,16,cyclic_2_1,cyclic_4_1,complete_1,unroll_4,pipeline_1,unroll_16,1,5,0.90074649956,False
workload_4785.cpp,xcu200-fsgd2104-2-e,3.33,29.25016389,3067,0,0,4,16,cyclic_2_1,cyclic_4_1,complete_1,unroll_4,pipeline_1,unroll_2,1,5,0.90074649956,False
workload_4940.cpp,xcu200-fsgd2104-2-e,3.33,29.25016389,2587,0,0,4,16,cyclic_2_1,cyclic_4_1,complete_1,unroll_4,pipeline_1,unroll_32,1,5,0.90074649956,False
workload_4721.cpp,xcu200-fsgd2104-2-e,3.33,29.25016389,2668,0,0,4,16,cyclic_2_1,cyclic_4_1,complete_1,unroll_4,pipeline_1,unroll_4,1,5,0.90074649956,False
workload_4545.cpp,xcu200-fsgd2104-2-e,3.33,29.25016389,2761.5,0,0,4,16,cyclic_2_1,cyclic_4_1,complete_1,unroll_4,pipeline_1,unroll_64,2,5,0.90074649956,False
workload_4893.cpp,xcu200-fsgd2104-2-e,3.33,120.03496821,364,0,0,1,6,cyclic_2_1,cyclic_4_1,complete_1,unroll_4,unroll_2,unroll_64,1,1.75,0.703418818996,False
workload_4865.cpp,xcu200-fsgd2104-2-e,3.33,122.80552821,73,0,0,0,1,cyclic_2_1,cyclic_4_1,complete_1,unroll_4,unroll_2,unroll_8,1,0.25,0.698073697432,False
workload_4732.cpp,xcu200-fsgd2104-2-e,3.33,170.50444821,104,0,0,0,2,cyclic_2_1,cyclic_4_1,complete_1,unroll_4,unroll_4,unroll_8,1,0.5,0.533533078232,False
workload_4774.cpp,xcu200-fsgd2104-2-e,3.33,29.2502871,1026.5,0,0,2,9,cyclic_2_1,cyclic_4_1,cyclic_2_1,unroll_2,pipeline_1,pipeline_1,2,2.75,0.928707298603,False
workload_4772.cpp,xcu200-fsgd2104-2-e,3.33,29.2502871,1059,0,0,2,9,cyclic_2_1,cyclic_4_1,cyclic_2_1,unroll_2,pipeline_1,unroll_16,1,2.75,0.928707298603,False
workload_4936.cpp,xcu200-fsgd2104-2-e,3.33,29.2502871,1033,0,0,2,9,cyclic_2_1,cyclic_4_1,cyclic_2_1,unroll_2,pipeline_1,unroll_8,1,2.75,0.928707298603,False
workload_4761.cpp,xcu200-fsgd2104-2-e,3.33,110.9096127,43,0,0,0,0,cyclic_2_1,cyclic_4_1,cyclic_2_1,unroll_2,unroll_2,pipeline_1,2,0,0.741714365352,False
workload_4666.cpp,xcu200-fsgd2104-2-e,3.33,125.90867862,46,0,0,0,0,cyclic_2_1,cyclic_4_1,cyclic_2_1,unroll_2,unroll_2,unroll_4,1,0,0.685530718054,False
workload_4733.cpp,xcu200-fsgd2104-2-e,3.33,125.90867862,49,0,0,0,0,cyclic_2_1,cyclic_4_1,cyclic_4_1,unroll_2,unroll_2,unroll_4,1,0,0.685530718054,False
workload_4831.cpp,xcu200-fsgd2104-2-e,3.33,29.37392001,1340,1,0,5,19,cyclic_2_1,cyclic_8_1,complete_1,unroll_2,pipeline_1,pipeline_1,2,6.25,0.87890467652,False
workload_4937.cpp,xcu200-fsgd2104-2-e,3.33,29.37392001,1159,1,0,5,19,cyclic_2_1,cyclic_8_1,complete_1,unroll_2,pipeline_1,unroll_4,1,6.25,0.87890467652,False
workload_4833.cpp,xcu200-fsgd2104-2-e,3.33,29.37392001,1317,1,0,5,19,cyclic_2_1,cyclic_8_1,complete_1,unroll_2,pipeline_1,unroll_64,2,6.25,0.87890467652,False
workload_4791.cpp,xcu200-fsgd2104-2-e,3.33,153.00813537,58,1,0,0,1,cyclic_2_1,cyclic_8_1,complete_1,unroll_2,unroll_2,unroll_8,1,0.5,0.591361995293,False
workload_4247.cpp,xcu200-fsgd2104-2-e,3.33,29.46943107,1129,3,0,6,11,cyclic_32_1,block_4_1,block_4_1,unroll_2,pipeline_1,unroll_64,1,5,0.900259101943,False
workload_4330.cpp,xcu200-fsgd2104-2-e,3.33,105.93290772,158,3,0,2,5,cyclic_32_1,block_4_1,complete_1,unroll_17,unroll_2,pipeline_1,1,2.5,0.752268646495,False
workload_4463.cpp,xcu200-fsgd2104-2-e,3.33,29.46934782,853,3,0,6,11,cyclic_32_1,block_4_1,complete_1,unroll_2,pipeline_1,unroll_64,1,5,0.90025928802,False
workload_4389.cpp,xcu200-fsgd2104-2-e,3.33,29.46934782,845,3,0,6,11,cyclic_32_1,block_4_1,complete_1,unroll_2,pipeline_1,unroll_8,1,5,0.90025928802,False
workload_4425.cpp,xcu200-fsgd2104-2-e,3.33,95.27664798,363,3,3,3,5,cyclic_32_1,block_4_1,complete_1,unroll_2,unroll_2,unroll_64,1,3.5,0.781155011844,False
workload_4325.cpp,xcu200-fsgd2104-2-e,3.33,96.75889758,74,3,0,0,1,cyclic_32_1,block_4_1,complete_1,unroll_2,unroll_2,unroll_8,1,1,0.782629570521,False
workload_4493.cpp,xcu200-fsgd2104-2-e,3.33,95.27673123,376,3,3,3,5,cyclic_32_1,block_4_1,cyclic_4_1,unroll_2,unroll_2,unroll_64,1,3.5,0.781154839704,False
workload_4284.cpp,xcu200-fsgd2104-2-e,3.33,126.01955763,109,3,1,1,2,cyclic_32_1,block_8_1,block_2_1,unroll_2,unroll_2,unroll_16,1,1.75,0.683726253477,False
workload_4200.cpp,xcu200-fsgd2104-2-e,3.33,126.96154803,83,3,0,0,2,cyclic_32_1,block_8_1,block_2_1,unroll_2,unroll_2,unroll_8,1,1.25,0.682770676186,False
workload_4283.cpp,xcu200-fsgd2104-2-e,3.33,126.01947438,109,3,1,1,2,cyclic_32_1,block_8_1,complete_1,unroll_2,unroll_2,unroll_16,1,1.75,0.683726533359,False
workload_4241.cpp,xcu200-fsgd2104-2-e,3.33,126.96146478,83,3,0,0,2,cyclic_32_1,block_8_1,complete_1,unroll_2,unroll_2,unroll_8,1,1.25,0.682770968463,False
workload_4338.cpp,xcu200-fsgd2104-2-e,3.33,126.01955763,106,3,1,1,2,cyclic_32_1,block_8_1,cyclic_4_1,unroll_2,unroll_2,unroll_16,1,1.75,0.683726253477,False
workload_4326.cpp,xcu200-fsgd2104-2-e,3.33,126.96154803,77,3,0,0,2,cyclic_32_1,block_8_1,cyclic_4_1,unroll_2,unroll_2,unroll_8,1,1.25,0.682770676186,False
workload_4290.cpp,xcu200-fsgd2104-2-e,3.33,209.97899748,497,3,0,1,8,cyclic_32_1,cyclic_16_1,complete_1,unroll_17,unroll_4,pipeline_1,1,3,0.415631238631,False
workload_4201.cpp,xcu200-fsgd2104-2-e,3.33,29.46852531,969,3,0,2,8,cyclic_32_1,cyclic_2_1,block_4_1,unroll_2,pipeline_1,unroll_64,1,3.25,0.924171610843,False
workload_4499.cpp,xcu200-fsgd2104-2-e,3.33,29.46844206,829,3,0,2,8,cyclic_32_1,cyclic_2_1,complete_1,unroll_2,pipeline_1,pipeline_1,1,3.25,0.924171780222,False
workload_4295.cpp,xcu200-fsgd2104-2-e,3.33,29.46844206,853,3,0,2,8,cyclic_32_1,cyclic_2_1,complete_1,unroll_2,pipeline_1,unroll_64,1,3.25,0.924171780222,False
workload_4381.cpp,xcu200-fsgd2104-2-e,3.33,120.28095198,172,3,0,0,3,cyclic_32_1,cyclic_2_1,complete_1,unroll_2,unroll_2,unroll_64,1,1.5,0.704455114095,False
workload_4305.cpp,xcu200-fsgd2104-2-e,3.33,29.4684021,2691,3,0,4,15,cyclic_32_1,cyclic_2_1,complete_1,unroll_4,pipeline_1,pipeline_1,3,5.5,0.89008578839,False
workload_4467.cpp,xcu200-fsgd2104-2-e,3.33,29.4684021,2506,3,0,4,15,cyclic_32_1,cyclic_2_1,complete_1,unroll_4,pipeline_1,unroll_4,1,5.5,0.89008578839,False
workload_4396.cpp,xcu200-fsgd2104-2-e,3.33,29.4684021,2676,3,0,4,15,cyclic_32_1,cyclic_2_1,complete_1,unroll_4,pipeline_1,unroll_64,1,5.5,0.89008578839,False
workload_4334.cpp,xcu200-fsgd2104-2-e,3.33,105.81187887,59,3,0,0,1,cyclic_32_1,cyclic_2_1,cyclic_4_1,unroll_4,unroll_2,pipeline_1,1,1,0.750479252026,False
workload_4250.cpp,xcu200-fsgd2104-2-e,3.33,306.02506527,2438,3,0,3,22,cyclic_32_1,cyclic_32_1,cyclic_4_1,unroll_4,unroll_32,pipeline_1,1,7,0.201073201026,False
workload_4368.cpp,xcu200-fsgd2104-2-e,3.33,199.47376323,132,3,0,0,4,cyclic_32_1,cyclic_4_1,block_2_1,unroll_2,unroll_8,unroll_8,1,1.75,0.446414975878,False
workload_4387.cpp,xcu200-fsgd2104-2-e,3.33,29.46844206,878,3,0,3,9,cyclic_32_1,cyclic_4_1,complete_1,unroll_2,pipeline_1,pipeline_1,1,3.75,0.919020317442,False
workload_4466.cpp,xcu200-fsgd2104-2-e,3.33,29.4684021,2488,3,0,4,15,cyclic_32_1,cyclic_4_1,complete_1,unroll_4,pipeline_1,pipeline_1,1,5.5,0.89008578839,False
workload_4164.cpp,xcu200-fsgd2104-2-e,3.33,199.17637092,1726,4,0,1,14,cyclic_32_1,cyclic_64_1,complete_1,unroll_17,unroll_4,pipeline_1,1,4.75,0.43968164388,False
workload_4745.cpp,xcu200-fsgd2104-2-e,3.33,29.36795265,1154.5,1,0,9,16,cyclic_4_1,block_128_1,complete_1,unroll_2,pipeline_1,pipeline_1,2,6.5,0.874945621655,False
workload_4854.cpp,xcu200-fsgd2104-2-e,3.33,29.36795265,1200,1,0,9,16,cyclic_4_1,block_128_1,complete_1,unroll_2,pipeline_1,unroll_16,1,6.5,0.874945621655,False
workload_4880.cpp,xcu200-fsgd2104-2-e,3.33,29.36795265,1160,1,0,9,16,cyclic_4_1,block_128_1,complete_1,unroll_2,pipeline_1,unroll_32,1,6.5,0.874945621655,False
workload_4710.cpp,xcu200-fsgd2104-2-e,3.33,29.36795265,1103,1,0,9,16,cyclic_4_1,block_128_1,complete_1,unroll_2,pipeline_1,unroll_4,1,6.5,0.874945621655,False
workload_4682.cpp,xcu200-fsgd2104-2-e,3.33,29.36795265,1239,1,0,9,16,cyclic_4_1,block_128_1,complete_1,unroll_2,pipeline_1,unroll_8,1,6.5,0.874945621655,False
workload_4764.cpp,xcu200-fsgd2104-2-e,3.33,128.40556257,127,1,0,0,4,cyclic_4_1,block_128_1,complete_1,unroll_2,unroll_2,unroll_4,1,1.25,0.67769536647,False
workload_4498.cpp,xcu200-fsgd2104-2-e,3.33,29.25073998,826,2,0,2,8,cyclic_4_1,block_2_1,block_4_1,unroll_2,pipeline_1,pipeline_1,1,3,0.926768001462,False
workload_4413.cpp,xcu200-fsgd2104-2-e,3.33,105.7078863,47,2,0,0,1,cyclic_4_1,block_2_1,block_4_1,unroll_2,unroll_2,pipeline_1,1,0.75,0.75352627299,False
workload_4571.cpp,xcu200-fsgd2104-2-e,3.33,95.07234582,318,2,0,3,6,cyclic_4_1,block_2_1,block_4_1,unroll_2,unroll_2,unroll_64,1,2.75,0.792367246558,False
workload_4468.cpp,xcu200-fsgd2104-2-e,3.33,29.2509531,2770,2,0,5,16,cyclic_4_1,block_2_1,block_4_1,unroll_4,pipeline_1,unroll_4,1,5.75,0.885493101309,False
workload_4406.cpp,xcu200-fsgd2104-2-e,3.33,98.5355325,63,2,0,0,1,cyclic_4_1,block_2_1,block_4_1,unroll_4,unroll_2,unroll_4,1,0.75,0.775227117634,False
workload_4185.cpp,xcu200-fsgd2104-2-e,3.33,29.25065673,771,2,0,2,8,cyclic_4_1,block_2_1,complete_1,unroll_2,pipeline_1,pipeline_1,3,3,0.926768154957,False
workload_4638.cpp,xcu200-fsgd2104-2-e,3.33,29.25065673,823,2,0,2,8,cyclic_4_1,block_2_1,complete_1,unroll_2,pipeline_1,unroll_4,2,3,0.926768154957,False
workload_4697.cpp,xcu200-fsgd2104-2-e,3.33,29.25065673,792,2,0,2,8,cyclic_4_1,block_2_1,complete_1,unroll_2,pipeline_1,unroll_64,2,3,0.926768154957,False
workload_4845.cpp,xcu200-fsgd2104-2-e,3.33,29.25065673,748,2,0,2,8,cyclic_4_1,block_2_1,complete_1,unroll_2,pipeline_1,unroll_8,1,3,0.926768154957,False
workload_4513.cpp,xcu200-fsgd2104-2-e,3.33,116.34672681,42,2,0,0,0,cyclic_4_1,block_2_1,complete_1,unroll_2,unroll_2,pipeline_1,1,0.5,0.722329665019,False
workload_4557.cpp,xcu200-fsgd2104-2-e,3.33,95.07226257,302,2,0,3,6,cyclic_4_1,block_2_1,complete_1,unroll_2,unroll_2,unroll_64,1,2.75,0.792367413957,False
workload_4395.cpp,xcu200-fsgd2104-2-e,3.33,29.25084321,2569,2,0,5,16,cyclic_4_1,block_2_1,complete_1,unroll_4,pipeline_1,pipeline_1,1,5.75,0.885493566878,False
workload_4494.cpp,xcu200-fsgd2104-2-e,3.33,105.70776309,49,2,0,0,1,cyclic_4_1,block_2_1,complete_1,unroll_4,unroll_2,pipeline_1,1,0.75,0.753526504345,False
workload_4894.cpp,xcu200-fsgd2104-2-e,3.33,29.2502871,805,2,0,2,8,cyclic_4_1,block_2_1,cyclic_2_1,unroll_2,pipeline_1,pipeline_1,1,3,0.926768836381,False
workload_4703.cpp,xcu200-fsgd2104-2-e,3.33,29.2502871,847,2,0,2,8,cyclic_4_1,block_2_1,cyclic_2_1,unroll_2,pipeline_1,unroll_32,1,3,0.926768836381,False
workload_4567.cpp,xcu200-fsgd2104-2-e,3.33,29.2502871,760,2,0,2,8,cyclic_4_1,block_2_1,cyclic_2_1,unroll_2,pipeline_1,unroll_4,1,3,0.926768836381,False
workload_4559.cpp,xcu200-fsgd2104-2-e,3.33,95.07234582,292,2,0,3,6,cyclic_4_1,block_2_1,cyclic_2_1,unroll_2,unroll_2,unroll_64,1,2.75,0.792367246558,False
workload_4596.cpp,xcu200-fsgd2104-2-e,3.33,29.25073998,863,2,0,2,8,cyclic_4_1,block_2_1,cyclic_4_1,unroll_2,pipeline_1,unroll_64,1,3,0.926768001462,False
workload_4533.cpp,xcu200-fsgd2104-2-e,3.33,29.25073998,838,2,0,2,8,cyclic_4_1,block_2_1,cyclic_4_1,unroll_2,pipeline_1,unroll_8,1,3,0.926768001462,False
workload_4530.cpp,xcu200-fsgd2104-2-e,3.33,95.07234582,299,2,0,3,6,cyclic_4_1,block_2_1,cyclic_4_1,unroll_2,unroll_2,unroll_64,1,2.75,0.792367246558,False
workload_4443.cpp,xcu200-fsgd2104-2-e,3.33,96.65156502,58,2,0,0,1,cyclic_4_1,block_2_1,cyclic_4_1,unroll_2,unroll_2,unroll_8,1,0.75,0.782634686377,False
workload_4708.cpp,xcu200-fsgd2104-2-e,3.33,29.25119286,1038,1,0,6,12,cyclic_4_1,block_4_1,block_4_1,unroll_2,pipeline_1,unroll_64,1,4.75,0.905249306813,False
workload_4550.cpp,xcu200-fsgd2104-2-e,3.33,98.20307862,47,1,0,0,1,cyclic_4_1,block_4_1,block_4_1,unroll_2,unroll_2,unroll_4,1,0.5,0.773637287821,False
workload_4289.cpp,xcu200-fsgd2104-2-e,3.33,95.07234582,391,1,3,3,5,cyclic_4_1,block_4_1,block_4_1,unroll_2,unroll_2,unroll_64,1,3,0.788857529804,False
workload_4626.cpp,xcu200-fsgd2104-2-e,3.33,96.65156502,60,1,0,0,1,cyclic_4_1,block_4_1,block_4_1,unroll_2,unroll_2,unroll_8,1,0.5,0.77757528541,False
workload_4249.cpp,xcu200-fsgd2104-2-e,3.33,29.25110961,1106,1,0,6,12,cyclic_4_1,block_4_1,complete_1,unroll_2,pipeline_1,pipeline_1,1,4.75,0.905249490672,False
workload_4849.cpp,xcu200-fsgd2104-2-e,3.33,29.25110961,908,1,0,6,12,cyclic_4_1,block_4_1,complete_1,unroll_2,pipeline_1,unroll_16,1,4.75,0.905249490672,False
workload_4876.cpp,xcu200-fsgd2104-2-e,3.33,29.25110961,951,1,0,6,12,cyclic_4_1,block_4_1,complete_1,unroll_2,pipeline_1,unroll_2,1,4.75,0.905249490672,False
workload_4537.cpp,xcu200-fsgd2104-2-e,3.33,29.25110961,986,1,0,6,12,cyclic_4_1,block_4_1,complete_1,unroll_2,pipeline_1,unroll_4,1,4.75,0.905249490672,False
workload_4501.cpp,xcu200-fsgd2104-2-e,3.33,29.25110961,910,1,0,6,12,cyclic_4_1,block_4_1,complete_1,unroll_2,pipeline_1,unroll_64,1,4.75,0.905249490672,False
workload_4714.cpp,xcu200-fsgd2104-2-e,3.33,29.25110961,854,1,0,6,12,cyclic_4_1,block_4_1,complete_1,unroll_2,pipeline_1,unroll_8,1,4.75,0.905249490672,False
workload_4728.cpp,xcu200-fsgd2104-2-e,3.33,105.71470281,44,1,0,0,1,cyclic_4_1,block_4_1,complete_1,unroll_2,unroll_2,pipeline_1,1,0.5,0.756294440875,False
workload_4658.cpp,xcu200-fsgd2104-2-e,3.33,98.20299537,49,1,0,0,1,cyclic_4_1,block_4_1,complete_1,unroll_2,unroll_2,unroll_4,1,0.5,0.773637543446,False
workload_4495.cpp,xcu200-fsgd2104-2-e,3.33,95.07226257,336,1,3,3,5,cyclic_4_1,block_4_1,complete_1,unroll_2,unroll_2,unroll_64,1,3,0.788857697536,False
workload_4630.cpp,xcu200-fsgd2104-2-e,3.33,96.65148177,63,1,0,0,1,cyclic_4_1,block_4_1,complete_1,unroll_2,unroll_2,unroll_8,1,0.5,0.777575441657,False
workload_4470.cpp,xcu200-fsgd2104-2-e,3.33,29.25106965,3128.5,1,0,12,23,cyclic_4_1,block_4_1,complete_1,unroll_4,pipeline_1,pipeline_1,2,9,0.814296039174,False
workload_4509.cpp,xcu200-fsgd2104-2-e,3.33,29.25106965,3060,1,0,12,23,cyclic_4_1,block_4_1,complete_1,unroll_4,pipeline_1,unroll_64,1,9,0.814296039174,False
workload_4404.cpp,xcu200-fsgd2104-2-e,3.33,105.71468949,55,1,0,0,1,cyclic_4_1,block_4_1,complete_1,unroll_4,unroll_2,pipeline_1,1,0.5,0.756294465797,False
workload_4528.cpp,xcu200-fsgd2104-2-e,3.33,95.07234582,348,1,3,3,5,cyclic_4_1,block_4_1,cyclic_2_1,unroll_2,unroll_2,unroll_64,1,3,0.788857529804,False
workload_4535.cpp,xcu200-fsgd2104-2-e,3.33,29.25119286,960,1,0,6,12,cyclic_4_1,block_4_1,cyclic_4_1,unroll_2,pipeline_1,pipeline_1,2,4.75,0.905249306813,False
workload_4536.cpp,xcu200-fsgd2104-2-e,3.33,29.25119286,941,1,0,6,12,cyclic_4_1,block_4_1,cyclic_4_1,unroll_2,pipeline_1,unroll_64,1,4.75,0.905249306813,False
workload_4568.cpp,xcu200-fsgd2104-2-e,3.33,29.25119286,1004,1,0,6,12,cyclic_4_1,block_4_1,cyclic_4_1,unroll_2,pipeline_1,unroll_8,1,4.75,0.905249306813,False
workload_4378.cpp,xcu200-fsgd2104-2-e,3.33,95.07234582,353,1,3,3,5,cyclic_4_1,block_4_1,cyclic_4_1,unroll_2,unroll_2,unroll_64,1,3,0.788857529804,False
workload_4407.cpp,xcu200-fsgd2104-2-e,3.33,96.65156502,63,1,0,0,1,cyclic_4_1,block_4_1,cyclic_4_1,unroll_2,unroll_2,unroll_8,1,0.5,0.77757528541,False
workload_4717.cpp,xcu200-fsgd2104-2-e,3.33,29.36795265,1200,3,0,9,15,cyclic_4_1,block_64_1,complete_1,unroll_2,pipeline_1,unroll_64,1,6.75,0.870414398184,False
workload_4901.cpp,xcu200-fsgd2104-2-e,3.33,125.27482977,1648,3,3,3,18,cyclic_4_1,block_64_1,complete_1,unroll_2,unroll_2,unroll_64,1,6.75,0.648423562281,False
workload_4432.cpp,xcu200-fsgd2104-2-e,3.33,29.36795265,1003,2,0,7,13,cyclic_4_1,block_8_1,complete_1,unroll_2,pipeline_1,unroll_64,1,5.5,0.890304725395,False
workload_4374.cpp,xcu200-fsgd2104-2-e,3.33,135.91034361,48,2,0,0,1,cyclic_4_1,block_8_1,complete_1,unroll_2,unroll_2,pipeline_1,1,0.75,0.651431305759,False
workload_4426.cpp,xcu200-fsgd2104-2-e,3.33,125.27491302,386,2,3,3,6,cyclic_4_1,block_8_1,cyclic_2_1,unroll_2,unroll_2,unroll_64,1,3.5,0.678055657153,False
workload_4526.cpp,xcu200-fsgd2104-2-e,3.33,126.85413222,62,2,0,0,1,cyclic_4_1,block_8_1,cyclic_4_1,unroll_2,unroll_2,unroll_8,1,0.75,0.68397824389,False
workload_4874.cpp,xcu200-fsgd2104-2-e,3.33,29.2502871,878,2,0,2,8,cyclic_4_1,cyclic_2_1,block_2_1,unroll_2,pipeline_1,unroll_64,1,3,0.926768836381,False
workload_4610.cpp,xcu200-fsgd2104-2-e,3.33,29.2502871,862,2,0,2,8,cyclic_4_1,cyclic_2_1,block_4_1,unroll_2,pipeline_1,unroll_4,1,3,0.926768836381,False
workload_4552.cpp,xcu200-fsgd2104-2-e,3.33,121.25413782,67,2,0,0,1,cyclic_4_1,cyclic_2_1,block_4_1,unroll_2,unroll_2,unroll_16,1,0.75,0.704239838647,False
workload_4487.cpp,xcu200-fsgd2104-2-e,3.33,125.9086653,55,2,0,0,1,cyclic_4_1,cyclic_2_1,block_4_1,unroll_4,unroll_2,unroll_4,1,0.75,0.687399261692,False
workload_4444.cpp,xcu200-fsgd2104-2-e,3.33,153.0153981,59,2,0,0,1,cyclic_4_1,cyclic_2_1,block_4_1,unroll_4,unroll_4,pipeline_1,1,0.75,0.591823439712,False
workload_4497.cpp,xcu200-fsgd2104-2-e,3.33,29.25020385,777,2,0,2,8,cyclic_4_1,cyclic_2_1,complete_1,unroll_2,pipeline_1,pipeline_1,4,3,0.926768989835,False
workload_4825.cpp,xcu200-fsgd2104-2-e,3.33,29.25020385,850,2,0,2,8,cyclic_4_1,cyclic_2_1,complete_1,unroll_2,pipeline_1,unroll_16,1,3,0.926768989835,False
workload_4848.cpp,xcu200-fsgd2104-2-e,3.33,29.25020385,836,2,0,2,8,cyclic_4_1,cyclic_2_1,complete_1,unroll_2,pipeline_1,unroll_2,1,3,0.926768989835,False
workload_4671.cpp,xcu200-fsgd2104-2-e,3.33,29.25020385,800.5,2,0,2,8,cyclic_4_1,cyclic_2_1,complete_1,unroll_2,pipeline_1,unroll_32,2,3,0.926768989835,False
workload_4531.cpp,xcu200-fsgd2104-2-e,3.33,29.25020385,821.5,2,0,2,8,cyclic_4_1,cyclic_2_1,complete_1,unroll_2,pipeline_1,unroll_4,2,3,0.926768989835,False
workload_4343.cpp,xcu200-fsgd2104-2-e,3.33,29.25020385,872.5,2,0,2,8,cyclic_4_1,cyclic_2_1,complete_1,unroll_2,pipeline_1,unroll_64,2,3,0.926768989835,False
workload_4594.cpp,xcu200-fsgd2104-2-e,3.33,29.25020385,787.5,2,0,2,8,cyclic_4_1,cyclic_2_1,complete_1,unroll_2,pipeline_1,unroll_8,2,3,0.926768989835,False
workload_4401.cpp,xcu200-fsgd2104-2-e,3.33,110.90950281,42,2,0,0,0,cyclic_4_1,cyclic_2_1,complete_1,unroll_2,unroll_2,pipeline_1,2,0.5,0.741703828033,False
workload_4445.cpp,xcu200-fsgd2104-2-e,3.33,121.25405457,62,2,0,0,1,cyclic_4_1,cyclic_2_1,complete_1,unroll_2,unroll_2,unroll_16,1,0.75,0.704240139184,False
workload_4889.cpp,xcu200-fsgd2104-2-e,3.33,132.11462313,43,2,0,0,0,cyclic_4_1,cyclic_2_1,complete_1,unroll_2,unroll_2,unroll_2,1,0.5,0.664681321959,False
workload_4555.cpp,xcu200-fsgd2104-2-e,3.33,125.90856873,48,2,0,0,0,cyclic_4_1,cyclic_2_1,complete_1,unroll_2,unroll_2,unroll_4,1,0.5,0.687240627568,False
workload_4459.cpp,xcu200-fsgd2104-2-e,3.33,120.03500817,153,2,0,0,3,cyclic_4_1,cyclic_2_1,complete_1,unroll_2,unroll_2,unroll_64,1,1.25,0.706794877714,False
workload_4520.cpp,xcu200-fsgd2104-2-e,3.33,122.80556817,49,2,0,0,1,cyclic_4_1,cyclic_2_1,complete_1,unroll_2,unroll_2,unroll_8,1,0.75,0.698632232207,False
workload_4842.cpp,xcu200-fsgd2104-2-e,3.33,173.65525425,50,2,0,0,1,cyclic_4_1,cyclic_2_1,complete_1,unroll_2,unroll_4,unroll_4,1,0.75,0.523951765837,False
workload_4397.cpp,xcu200-fsgd2104-2-e,3.33,29.25016389,2546,2,0,4,16,cyclic_4_1,cyclic_2_1,complete_1,unroll_4,pipeline_1,pipeline_1,2,5.5,0.890560254085,False
workload_4469.cpp,xcu200-fsgd2104-2-e,3.33,29.25016389,2835,2,0,4,16,cyclic_4_1,cyclic_2_1,complete_1,unroll_4,pipeline_1,unroll_4,1,5.5,0.890560254085,False
workload_4507.cpp,xcu200-fsgd2104-2-e,3.33,29.25016389,2802,2,0,4,16,cyclic_4_1,cyclic_2_1,complete_1,unroll_4,pipeline_1,unroll_8,1,5.5,0.890560254085,False
workload_4181.cpp,xcu200-fsgd2104-2-e,3.33,105.59001429,55,2,0,0,1,cyclic_4_1,cyclic_2_1,complete_1,unroll_4,unroll_2,pipeline_1,1,0.75,0.753745437542,False
workload_4361.cpp,xcu200-fsgd2104-2-e,3.33,125.90855541,53,2,0,0,1,cyclic_4_1,cyclic_2_1,complete_1,unroll_4,unroll_2,unroll_4,1,0.75,0.687399659424,False
workload_4452.cpp,xcu200-fsgd2104-2-e,3.33,173.65521429,69,2,0,0,1,cyclic_4_1,cyclic_2_1,complete_1,unroll_4,unroll_4,unroll_4,1,0.75,0.523951892677,False
workload_4562.cpp,xcu200-fsgd2104-2-e,3.33,29.2502871,791,2,0,2,8,cyclic_4_1,cyclic_2_1,cyclic_2_1,unroll_2,pipeline_1,unroll_4,1,3,0.926768836381,False
workload_4486.cpp,xcu200-fsgd2104-2-e,3.33,105.5901375,40,2,0,0,0,cyclic_4_1,cyclic_2_1,cyclic_2_1,unroll_2,unroll_2,pipeline_1,1,0.5,0.756523858957,False
workload_4417.cpp,xcu200-fsgd2104-2-e,3.33,125.74241172,127,2,0,1,3,cyclic_4_1,cyclic_2_1,cyclic_4_1,unroll_17,unroll_2,unroll_4,1,1.5,0.6860114861,False
workload_4534.cpp,xcu200-fsgd2104-2-e,3.33,29.2502871,783,2,0,2,8,cyclic_4_1,cyclic_2_1,cyclic_4_1,unroll_2,pipeline_1,pipeline_1,1,3,0.926768836381,False
workload_4642.cpp,xcu200-fsgd2104-2-e,3.33,29.2502871,868,2,0,2,8,cyclic_4_1,cyclic_2_1,cyclic_4_1,unroll_2,pipeline_1,unroll_32,1,3,0.926768836381,False
workload_4538.cpp,xcu200-fsgd2104-2-e,3.33,29.2502871,769,2,0,2,8,cyclic_4_1,cyclic_2_1,cyclic_4_1,unroll_2,pipeline_1,unroll_8,1,3,0.926768836381,False
workload_4479.cpp,xcu200-fsgd2104-2-e,3.33,105.5901375,46,2,0,0,0,cyclic_4_1,cyclic_2_1,cyclic_4_1,unroll_2,unroll_2,pipeline_1,1,0.5,0.756523858957,False
workload_4506.cpp,xcu200-fsgd2104-2-e,3.33,29.25027378,2845,2,0,4,16,cyclic_4_1,cyclic_2_1,cyclic_4_1,unroll_4,pipeline_1,pipeline_1,1,5.5,0.890560016296,False
workload_4453.cpp,xcu200-fsgd2104-2-e,3.33,122.8056381,69,2,0,0,1,cyclic_4_1,cyclic_2_1,cyclic_4_1,unroll_4,unroll_2,unroll_8,1,0.75,0.698631979207,False
workload_4735.cpp,xcu200-fsgd2104-2-e,3.33,120.03509142,183,1,0,0,3,cyclic_4_1,cyclic_4_1,block_2_1,unroll_2,unroll_2,unroll_64,1,1,0.707941140193,False
workload_4609.cpp,xcu200-fsgd2104-2-e,3.33,29.2502871,929,1,0,2,9,cyclic_4_1,cyclic_4_1,block_4_1,unroll_2,pipeline_1,unroll_4,1,3,0.926768836381,False
workload_4591.cpp,xcu200-fsgd2104-2-e,3.33,125.90867862,50,1,0,0,0,cyclic_4_1,cyclic_4_1,block_4_1,unroll_2,unroll_2,unroll_4,1,0.25,0.68662334773,False
workload_4566.cpp,xcu200-fsgd2104-2-e,3.33,29.25020385,890.5,1,0,2,9,cyclic_4_1,cyclic_4_1,complete_1,unroll_2,pipeline_1,pipeline_1,2,3,0.926768989835,False
workload_4646.cpp,xcu200-fsgd2104-2-e,3.33,29.25020385,985,1,0,2,9,cyclic_4_1,cyclic_4_1,complete_1,unroll_2,pipeline_1,unroll_16,2,3,0.926768989835,False
workload_4898.cpp,xcu200-fsgd2104-2-e,3.33,29.25020385,985,1,0,2,9,cyclic_4_1,cyclic_4_1,complete_1,unroll_2,pipeline_1,unroll_2,1,3,0.926768989835,False
workload_4598.cpp,xcu200-fsgd2104-2-e,3.33,29.25020385,928,1,0,2,9,cyclic_4_1,cyclic_4_1,complete_1,unroll_2,pipeline_1,unroll_32,2,3,0.926768989835,False
workload_4601.cpp,xcu200-fsgd2104-2-e,3.33,29.25020385,966.5,1,0,2,9,cyclic_4_1,cyclic_4_1,complete_1,unroll_2,pipeline_1,unroll_4,2,3,0.926768989835,False
workload_4388.cpp,xcu200-fsgd2104-2-e,3.33,29.25020385,1006.5,1,0,2,9,cyclic_4_1,cyclic_4_1,complete_1,unroll_2,pipeline_1,unroll_64,2,3,0.926768989835,False
workload_4500.cpp,xcu200-fsgd2104-2-e,3.33,29.25020385,937,1,0,2,9,cyclic_4_1,cyclic_4_1,complete_1,unroll_2,pipeline_1,unroll_8,2,3,0.926768989835,False
workload_4726.cpp,xcu200-fsgd2104-2-e,3.33,105.59002761,41,1,0,0,0,cyclic_4_1,cyclic_4_1,complete_1,unroll_2,unroll_2,pipeline_1,1,0.25,0.759232572817,False
workload_4631.cpp,xcu200-fsgd2104-2-e,3.33,120.36747537,101,1,0,0,2,cyclic_4_1,cyclic_4_1,complete_1,unroll_2,unroll_2,unroll_32,1,0.75,0.707437586286,False
workload_4692.cpp,xcu200-fsgd2104-2-e,3.33,125.90856873,45,1,0,0,0,cyclic_4_1,cyclic_4_1,complete_1,unroll_2,unroll_2,unroll_4,1,0.25,0.68662375172,False
workload_4709.cpp,xcu200-fsgd2104-2-e,3.33,120.03500817,163,1,0,0,3,cyclic_4_1,cyclic_4_1,complete_1,unroll_2,unroll_2,unroll_64,1,1,0.707941431815,False
workload_4455.cpp,xcu200-fsgd2104-2-e,3.33,122.80556817,51,1,0,0,1,cyclic_4_1,cyclic_4_1,complete_1,unroll_2,unroll_2,unroll_8,1,0.5,0.698615049494,False
workload_4818.cpp,xcu200-fsgd2104-2-e,3.33,29.25016389,2597,1,0,4,16,cyclic_4_1,cyclic_4_1,complete_1,unroll_4,pipeline_1,unroll_4,2,5.25,0.895846626375,False
workload_4782.cpp,xcu200-fsgd2104-2-e,3.33,29.25016389,2670,1,0,4,16,cyclic_4_1,cyclic_4_1,complete_1,unroll_4,pipeline_1,unroll_64,2,5.25,0.895846626375,False
workload_4421.cpp,xcu200-fsgd2104-2-e,3.33,125.90855541,56,1,0,0,1,cyclic_4_1,cyclic_4_1,complete_1,unroll_4,unroll_2,unroll_4,1,0.5,0.687240676283,False
workload_4242.cpp,xcu200-fsgd2104-2-e,3.33,181.23173685,101,1,0,0,3,cyclic_4_1,cyclic_4_1,complete_1,unroll_4,unroll_8,pipeline_1,1,1,0.500550340951,False
workload_4663.cpp,xcu200-fsgd2104-2-e,3.33,125.90867862,47,1,0,0,0,cyclic_4_1,cyclic_4_1,cyclic_2_1,unroll_2,unroll_2,unroll_4,1,0.25,0.68662334773,False
workload_4554.cpp,xcu200-fsgd2104-2-e,3.33,120.03509142,182,1,0,0,3,cyclic_4_1,cyclic_4_1,cyclic_2_1,unroll_2,unroll_2,unroll_64,1,1,0.707941140193,False
workload_4465.cpp,xcu200-fsgd2104-2-e,3.33,29.2502871,894,1,0,2,9,cyclic_4_1,cyclic_4_1,cyclic_4_1,unroll_2,pipeline_1,unroll_8,2,3,0.926768836381,False
workload_4623.cpp,xcu200-fsgd2104-2-e,3.33,105.5901375,40,1,0,0,0,cyclic_4_1,cyclic_4_1,cyclic_4_1,unroll_2,unroll_2,pipeline_1,1,0.25,0.75923238114,False
workload_4544.cpp,xcu200-fsgd2104-2-e,3.33,29.25027378,2641,1,0,4,16,cyclic_4_1,cyclic_4_1,cyclic_4_1,unroll_4,pipeline_1,unroll_8,1,5.25,0.895846385116,False
workload_4285.cpp,xcu200-fsgd2104-2-e,3.33,153.00821862,112,3,0,0,3,cyclic_4_1,cyclic_64_1,cyclic_4_1,unroll_2,unroll_2,unroll_8,1,1.5,0.592059782973,False
workload_4372.cpp,xcu200-fsgd2104-2-e,3.33,155.94486903,147,2,0,1,3,cyclic_4_1,cyclic_8_1,complete_1,unroll_17,unroll_2,unroll_4,1,1.5,0.582196135436,False
workload_4336.cpp,xcu200-fsgd2104-2-e,3.33,152.81413623,207,2,0,1,4,cyclic_4_1,cyclic_8_1,complete_1,unroll_17,unroll_2,unroll_8,1,1.75,0.592378111966,False
workload_4681.cpp,xcu200-fsgd2104-2-e,3.33,29.37392001,1229,2,1,5,19,cyclic_4_1,cyclic_8_1,complete_1,unroll_2,pipeline_1,unroll_64,1,6.75,0.870392270749,False
workload_4817.cpp,xcu200-fsgd2104-2-e,3.33,29.36700693,2990,2,0,5,17,cyclic_4_1,cyclic_8_1,complete_1,unroll_4,pipeline_1,unroll_2,1,6,0.882303368228,False
workload_4628.cpp,xcu200-fsgd2104-2-e,3.33,153.0082053,73,2,0,0,1,cyclic_4_1,cyclic_8_1,cyclic_4_1,unroll_4,unroll_2,unroll_8,1,0.75,0.591847894756,False
workload_4226.cpp,xcu200-fsgd2104-2-e,3.33,242.21648772,2756.5,3,0,2.5,22,cyclic_64_1,cyclic_16_1,complete_1,unroll_17,unroll_8,pipeline_1,2,6.875,0.322173613053,False
workload_4527.cpp,xcu200-fsgd2104-2-e,3.33,101.30257602,98,3,0,0,1,cyclic_64_1,cyclic_2_1,complete_1,unroll_4,unroll_2,unroll_2,1,1,0.765010135465,False
workload_4252.cpp,xcu200-fsgd2104-2-e,3.33,247.78158705,3565,3,0,2,26,cyclic_64_1,cyclic_32_1,cyclic_2_1,unroll_17,unroll_8,pipeline_1,1,7.75,0.305866578467,False
workload_4287.cpp,xcu200-fsgd2104-2-e,3.33,247.78162035,232,4,0,0,4,cyclic_64_1,cyclic_64_1,block_2_1,unroll_2,unroll_8,pipeline_1,1,2,0.321083274127,False
workload_4292.cpp,xcu200-fsgd2104-2-e,3.33,29.46897819,869,3,0,2,8,cyclic_8_1,block_2_1,block_4_1,unroll_2,pipeline_1,unroll_4,1,3.25,0.924170689358,False
workload_4360.cpp,xcu200-fsgd2104-2-e,3.33,105.92612451,45,3,0,0,1,cyclic_8_1,block_2_1,block_4_1,unroll_2,unroll_2,pipeline_1,1,1,0.75025943544,False
workload_4321.cpp,xcu200-fsgd2104-2-e,3.33,98.42131683,48,3,0,0,1,cyclic_8_1,block_2_1,block_4_1,unroll_2,unroll_2,unroll_4,1,1,0.776067078288,False
workload_4446.cpp,xcu200-fsgd2104-2-e,3.33,98.75377071,65,3,0,0,1,cyclic_8_1,block_2_1,block_4_1,unroll_4,unroll_2,unroll_4,1,1,0.774757702371,False
workload_4747.cpp,xcu200-fsgd2104-2-e,3.33,29.46889494,819,3,0,2,8,cyclic_8_1,block_2_1,complete_1,unroll_2,pipeline_1,pipeline_1,1,3.25,0.924170858757,False
workload_4269.cpp,xcu200-fsgd2104-2-e,3.33,29.46889494,869,3,0,2,8,cyclic_8_1,block_2_1,complete_1,unroll_2,pipeline_1,unroll_8,1,3.25,0.924170858757,False
workload_4320.cpp,xcu200-fsgd2104-2-e,3.33,105.92601462,45,3,0,0,1,cyclic_8_1,block_2_1,complete_1,unroll_2,unroll_2,pipeline_1,1,1,0.750259648337,False
workload_4737.cpp,xcu200-fsgd2104-2-e,3.33,98.42123358,45,3,0,0,1,cyclic_8_1,block_2_1,complete_1,unroll_2,unroll_2,unroll_4,1,1,0.776067406296,False
workload_4668.cpp,xcu200-fsgd2104-2-e,3.33,95.29050078,303,3,0,3,6,cyclic_8_1,block_2_1,complete_1,unroll_2,unroll_2,unroll_64,1,3,0.78840658445,False
workload_4705.cpp,xcu200-fsgd2104-2-e,3.33,96.75889758,53,3,0,0,1,cyclic_8_1,block_2_1,complete_1,unroll_2,unroll_2,unroll_8,1,1,0.782629570521,False
workload_4738.cpp,xcu200-fsgd2104-2-e,3.33,29.46852531,747,3,0,2,8,cyclic_8_1,block_2_1,cyclic_2_1,unroll_2,pipeline_1,unroll_32,1,3.25,0.924171610843,False
workload_4342.cpp,xcu200-fsgd2104-2-e,3.33,97.04985633,422,3,0,3,7,cyclic_8_1,block_2_1,cyclic_4_1,unroll_17,unroll_2,unroll_8,1,3.25,0.780663968016,False
workload_4481.cpp,xcu200-fsgd2104-2-e,3.33,96.75898083,57,3,0,0,1,cyclic_8_1,block_2_1,cyclic_4_1,unroll_2,unroll_2,unroll_8,1,1,0.782629241265,False
workload_4590.cpp,xcu200-fsgd2104-2-e,3.33,95.29058403,367,3,3,3,5,cyclic_8_1,block_4_1,block_2_1,unroll_2,unroll_2,unroll_64,1,3.5,0.781126172698,False
workload_4431.cpp,xcu200-fsgd2104-2-e,3.33,29.46934782,855,3,0,6,11,cyclic_8_1,block_4_1,complete_1,unroll_2,pipeline_1,pipeline_1,1,5,0.90025928802,False
workload_4546.cpp,xcu200-fsgd2104-2-e,3.33,29.46930786,2999,3,0,12,22,cyclic_8_1,block_4_1,complete_1,unroll_4,pipeline_1,pipeline_1,1,9.25,0.806515477348,False
workload_4492.cpp,xcu200-fsgd2104-2-e,3.33,105.9329277,53,3,0,0,1,cyclic_8_1,block_4_1,complete_1,unroll_4,unroll_2,pipeline_1,1,1,0.750246249699,False
workload_4383.cpp,xcu200-fsgd2104-2-e,3.33,97.04985633,477,3,3,4,7,cyclic_8_1,block_4_1,cyclic_4_1,unroll_17,unroll_2,unroll_8,1,4.25,0.765731041329,False
workload_4606.cpp,xcu200-fsgd2104-2-e,3.33,29.46943107,996,3,0,6,11,cyclic_8_1,block_4_1,cyclic_4_1,unroll_2,pipeline_1,unroll_8,1,5,0.900259101943,False
workload_4405.cpp,xcu200-fsgd2104-2-e,3.33,96.75898083,63,3,0,0,1,cyclic_8_1,block_4_1,cyclic_4_1,unroll_2,unroll_2,unroll_8,1,1,0.782629241265,False
workload_4345.cpp,xcu200-fsgd2104-2-e,3.33,29.58619086,993,3,0,7,13,cyclic_8_1,block_8_1,complete_1,unroll_2,pipeline_1,unroll_8,1,5.75,0.884187942984,False
workload_4183.cpp,xcu200-fsgd2104-2-e,3.33,151.67494323,94,3,0,0,2,cyclic_8_1,cyclic_16_1,block_2_1,unroll_2,unroll_2,unroll_16,1,1.25,0.596715302186,False
workload_4297.cpp,xcu200-fsgd2104-2-e,3.33,204.57340515,56.5,3,0,0,1,cyclic_8_1,cyclic_16_1,block_2_1,unroll_2,unroll_4,pipeline_1,2,1,0.431581204809,False
workload_4702.cpp,xcu200-fsgd2104-2-e,3.33,29.46844206,814,3,0,2,8,cyclic_8_1,cyclic_2_1,complete_1,unroll_2,pipeline_1,pipeline_1,2,3.25,0.924171780222,False
workload_4674.cpp,xcu200-fsgd2104-2-e,3.33,29.46844206,854,3,0,2,8,cyclic_8_1,cyclic_2_1,complete_1,unroll_2,pipeline_1,unroll_32,1,3.25,0.924171780222,False
workload_4696.cpp,xcu200-fsgd2104-2-e,3.33,29.46844206,785.5,3,0,2,8,cyclic_8_1,cyclic_2_1,complete_1,unroll_2,pipeline_1,unroll_4,2,3.25,0.924171780222,False
workload_4897.cpp,xcu200-fsgd2104-2-e,3.33,29.46844206,857,3,0,2,8,cyclic_8_1,cyclic_2_1,complete_1,unroll_2,pipeline_1,unroll_64,1,3.25,0.924171780222,False
workload_4877.cpp,xcu200-fsgd2104-2-e,3.33,29.46844206,825,3,0,2,8,cyclic_8_1,cyclic_2_1,complete_1,unroll_2,pipeline_1,unroll_8,1,3.25,0.924171780222,False
workload_4707.cpp,xcu200-fsgd2104-2-e,3.33,120.25324638,167,3,0,0,3,cyclic_8_1,cyclic_2_1,complete_1,unroll_2,unroll_2,unroll_64,1,1.5,0.704546642772,False
workload_4340.cpp,xcu200-fsgd2104-2-e,3.33,254.67522318,230,3,0,0,6,cyclic_8_1,cyclic_32_1,complete_1,unroll_2,unroll_8,unroll_8,1,2.25,0.305397570703,False
workload_4298.cpp,xcu200-fsgd2104-2-e,3.33,306.01654047,1678,3,0,2,20,cyclic_8_1,cyclic_32_1,cyclic_4_1,unroll_4,unroll_32,pipeline_1,1,6.25,0.202680583126,False
workload_4344.cpp,xcu200-fsgd2104-2-e,3.33,29.46852531,971,3,0,2,9,cyclic_8_1,cyclic_4_1,block_4_1,unroll_2,pipeline_1,unroll_8,1,3.5,0.921738853361,False
workload_4676.cpp,xcu200-fsgd2104-2-e,3.33,29.46844206,951,3,0,2,9,cyclic_8_1,cyclic_4_1,complete_1,unroll_2,pipeline_1,pipeline_1,2,3.5,0.921739025288,False
workload_4416.cpp,xcu200-fsgd2104-2-e,3.33,181.45001502,64,3,0,0,2,cyclic_8_1,cyclic_4_1,complete_1,unroll_2,unroll_8,pipeline_1,1,1.25,0.500069576413,False
workload_4654.cpp,xcu200-fsgd2104-2-e,3.33,29.4684021,2688,3,0,4,16,cyclic_8_1,cyclic_4_1,complete_1,unroll_4,pipeline_1,unroll_64,1,5.75,0.884571850165,False
workload_4502.cpp,xcu200-fsgd2104-2-e,3.33,29.46852531,971,3,0,2,9,cyclic_8_1,cyclic_4_1,cyclic_4_1,unroll_2,pipeline_1,unroll_16,1,3.5,0.921738853361,False
workload_3897.cpp,xcu200-fsgd2104-2-e,5,150.107755,147,6,2,0,2,block_128_1,block_4_1,cyclic_2_1,unroll_2,unroll_2,unroll_2,1,2.5,0.769394483978,False
workload_3565.cpp,xcu200-fsgd2104-2-e,5,189.965755,1289,7,7,2,8,block_128_1,cyclic_64_1,block_2_1,unroll_2,unroll_2,unroll_8,1,6,0.643454251484,False
workload_3700.cpp,xcu200-fsgd2104-2-e,5,150.107755,55,6,1,0,1,block_16_1,block_2_1,block_4_1,unroll_2,unroll_2,unroll_2,1,2,0.767458063561,False
workload_3589.cpp,xcu200-fsgd2104-2-e,5,150.44045,74,6,3,1,2,block_16_1,block_2_1,complete_1,unroll_4,unroll_2,unroll_2,1,3,0.766795464925,False
workload_3780.cpp,xcu200-fsgd2104-2-e,5,146.44691,65,5,3,1,2,block_16_1,block_4_1,complete_1,unroll_2,unroll_2,unroll_4,1,2.75,0.778798556567,False
workload_3746.cpp,xcu200-fsgd2104-2-e,5,345.84987,242,5,1,29,45,block_16_1,block_4_1,complete_1,unroll_2,unroll_32,pipeline_1,1,20,0.235595409909,False
workload_3544.cpp,xcu200-fsgd2104-2-e,5,458.59907,339,6,0,27,44,block_16_1,cyclic_16_1,complete_1,unroll_2,unroll_32,pipeline_1,1,19.25,0.145298298308,False
workload_3682.cpp,xcu200-fsgd2104-2-e,5,196.03922,823,6,14,4,8,block_16_1,cyclic_32_1,complete_1,unroll_17,unroll_2,unroll_2,1,8,0.604680261455,False
workload_3516.cpp,xcu200-fsgd2104-2-e,5,458.599115,609,6,0,27,46,block_16_1,cyclic_32_1,cyclic_2_1,unroll_2,unroll_32,pipeline_1,1,19.75,0.143344588899,False
workload_3537.cpp,xcu200-fsgd2104-2-e,5,273.164155,82,5,0,6,11,block_16_1,cyclic_4_1,block_2_1,unroll_2,unroll_8,pipeline_1,1,5.5,0.46533008847,False
workload_3919.cpp,xcu200-fsgd2104-2-e,5,7.370785,1828,0,0,10,21,block_2_1,block_128_1,complete_1,unroll_2,pipeline_1,pipeline_1,1,7.75,0.878371448717,False
workload_3867.cpp,xcu200-fsgd2104-2-e,5,191.468425,63,1,0,1,2,block_2_1,block_16_1,complete_1,unroll_2,unroll_2,unroll_4,1,1,0.661689836105,False
workload_3930.cpp,xcu200-fsgd2104-2-e,5,143.37367,113,1,0,3,4,block_2_1,block_2_1,block_2_1,unroll_2,unroll_2,unroll_16,1,2,0.783210731552,False
workload_3662.cpp,xcu200-fsgd2104-2-e,5,144.37205,129,1,0,3,5,block_2_1,block_2_1,block_2_1,unroll_4,unroll_2,unroll_8,1,2.25,0.785171977265,False
workload_4058.cpp,xcu200-fsgd2104-2-e,5,7.19471,1193,1,0,4,13,block_2_1,block_2_1,block_4_1,unroll_2,pipeline_1,unroll_4,1,4.5,0.999997640483,False
workload_3747.cpp,xcu200-fsgd2104-2-e,5,149.78007,45,1,0,0,1,block_2_1,block_2_1,block_4_1,unroll_2,unroll_2,unroll_2,1,0.5,0.764416019406,False
workload_4121.cpp,xcu200-fsgd2104-2-e,5,7.194665,1263,1,0,4,13,block_2_1,block_2_1,complete_1,unroll_2,pipeline_1,pipeline_1,1,4.5,0.999997786936,False
workload_3946.cpp,xcu200-fsgd2104-2-e,5,7.194665,1112,1,0,4,13,block_2_1,block_2_1,complete_1,unroll_2,pipeline_1,unroll_16,1,4.5,0.999997786936,False
workload_4149.cpp,xcu200-fsgd2104-2-e,5,7.194665,1306,1,0,4,13,block_2_1,block_2_1,complete_1,unroll_2,pipeline_1,unroll_4,1,4.5,0.999997786936,False
workload_4090.cpp,xcu200-fsgd2104-2-e,5,7.194665,1293,1,0,4,13,block_2_1,block_2_1,complete_1,unroll_2,pipeline_1,unroll_64,1,4.5,0.999997786936,False
workload_4088.cpp,xcu200-fsgd2104-2-e,5,7.194665,1247.5,1,0,4,13,block_2_1,block_2_1,complete_1,unroll_2,pipeline_1,unroll_8,2,4.5,0.999997786936,False
workload_4033.cpp,xcu200-fsgd2104-2-e,5,153.898465,43,1,0,1,3,block_2_1,block_2_1,complete_1,unroll_2,unroll_2,pipeline_1,1,1.25,0.755425867436,False
workload_3967.cpp,xcu200-fsgd2104-2-e,5,143.373625,111,1,0,3,4,block_2_1,block_2_1,complete_1,unroll_2,unroll_2,unroll_16,1,2,0.783210798874,False
workload_3694.cpp,xcu200-fsgd2104-2-e,5,149.780025,45,1,0,0,1,block_2_1,block_2_1,complete_1,unroll_2,unroll_2,unroll_2,1,0.5,0.764416131532,False
workload_4102.cpp,xcu200-fsgd2104-2-e,5,142.916025,304,1,0,6,9,block_2_1,block_2_1,complete_1,unroll_2,unroll_2,unroll_32,1,4,0.767228845783,False
workload_4057.cpp,xcu200-fsgd2104-2-e,5,142.687225,878,1,0,12,17,block_2_1,block_2_1,complete_1,unroll_2,unroll_2,unroll_64,1,7.5,0.704355743887,False
workload_4087.cpp,xcu200-fsgd2104-2-e,5,7.19403,1288,1,0,4,13,block_2_1,block_2_1,cyclic_2_1,unroll_2,pipeline_1,unroll_16,1,4.5,0.999999853547,False
workload_4060.cpp,xcu200-fsgd2104-2-e,5,7.19403,1277,1,0,4,13,block_2_1,block_2_1,cyclic_2_1,unroll_2,pipeline_1,unroll_32,1,4.5,0.999999853547,False
workload_3988.cpp,xcu200-fsgd2104-2-e,5,7.19403,1478,1,0,4,13,block_2_1,block_2_1,cyclic_2_1,unroll_2,pipeline_1,unroll_4,1,4.5,0.999999853547,False
workload_3990.cpp,xcu200-fsgd2104-2-e,5,7.19403,1486.5,1,0,4,13,block_2_1,block_2_1,cyclic_2_1,unroll_2,pipeline_1,unroll_64,2,4.5,0.999999853547,False
workload_3879.cpp,xcu200-fsgd2104-2-e,5,7.19403,1384.5,1,0,4,13,block_2_1,block_2_1,cyclic_2_1,unroll_2,pipeline_1,unroll_8,2,4.5,0.999999853547,False
workload_4141.cpp,xcu200-fsgd2104-2-e,5,142.91607,305,1,0,6,9,block_2_1,block_2_1,cyclic_2_1,unroll_2,unroll_2,unroll_32,1,4,0.767228782427,False
workload_4118.cpp,xcu200-fsgd2104-2-e,5,142.68727,980,1,0,12,17,block_2_1,block_2_1,cyclic_2_1,unroll_2,unroll_2,unroll_64,1,7.5,0.704355685992,False
workload_4089.cpp,xcu200-fsgd2104-2-e,5,7.19471,1346,1,0,4,13,block_2_1,block_2_1,cyclic_4_1,unroll_2,pipeline_1,unroll_16,1,4.5,0.999997640483,False
workload_3802.cpp,xcu200-fsgd2104-2-e,5,7.19471,1468,1,0,4,13,block_2_1,block_2_1,cyclic_4_1,unroll_2,pipeline_1,unroll_8,2,4.5,0.999997640483,False
workload_3969.cpp,xcu200-fsgd2104-2-e,5,143.37367,138,1,0,3,4,block_2_1,block_2_1,cyclic_4_1,unroll_2,unroll_2,unroll_16,1,2,0.783210731552,False
workload_3669.cpp,xcu200-fsgd2104-2-e,5,149.78007,48,1,0,0,1,block_2_1,block_2_1,cyclic_4_1,unroll_2,unroll_2,unroll_2,1,0.5,0.764416019406,False
workload_4078.cpp,xcu200-fsgd2104-2-e,5,142.91607,294,1,0,6,9,block_2_1,block_2_1,cyclic_4_1,unroll_2,unroll_2,unroll_32,1,4,0.767228782427,False
workload_4067.cpp,xcu200-fsgd2104-2-e,5,217.31943,77,1,0,1,3,block_2_1,block_2_1,cyclic_4_1,unroll_2,unroll_4,unroll_4,1,1.25,0.598605565827,False
workload_3858.cpp,xcu200-fsgd2104-2-e,5,217.31943,80,0,0,1,3,block_2_1,block_4_1,block_2_1,unroll_2,unroll_4,unroll_4,1,1,0.598629619107,False
workload_3887.cpp,xcu200-fsgd2104-2-e,5,153.89855,44,0,0,1,3,block_2_1,block_4_1,block_4_1,unroll_2,unroll_2,pipeline_1,1,1,0.754933674286,False
workload_3828.cpp,xcu200-fsgd2104-2-e,5,144.28887,77,0,0,1,2,block_2_1,block_4_1,block_4_1,unroll_2,unroll_2,unroll_8,1,0.75,0.780292938886,False
workload_4091.cpp,xcu200-fsgd2104-2-e,5,7.195345,1404,0,0,7,17,block_2_1,block_4_1,complete_1,unroll_2,pipeline_1,pipeline_1,1,6,0.942767634395,False
workload_3914.cpp,xcu200-fsgd2104-2-e,5,7.195345,1376.5,0,0,7,17,block_2_1,block_4_1,complete_1,unroll_2,pipeline_1,unroll_16,2,6,0.942767634395,False
workload_4026.cpp,xcu200-fsgd2104-2-e,5,7.195345,1585,0,0,7,17,block_2_1,block_4_1,complete_1,unroll_2,pipeline_1,unroll_2,1,6,0.942767634395,False
workload_4150.cpp,xcu200-fsgd2104-2-e,5,7.195345,1370,0,0,7,17,block_2_1,block_4_1,complete_1,unroll_2,pipeline_1,unroll_32,1,6,0.942767634395,False
workload_3916.cpp,xcu200-fsgd2104-2-e,5,7.195345,1536,0,0,7,17,block_2_1,block_4_1,complete_1,unroll_2,pipeline_1,unroll_4,1,6,0.942767634395,False
workload_4148.cpp,xcu200-fsgd2104-2-e,5,7.195345,1359,0,0,7,17,block_2_1,block_4_1,complete_1,unroll_2,pipeline_1,unroll_64,1,6,0.942767634395,False
workload_3917.cpp,xcu200-fsgd2104-2-e,5,7.195345,1542.5,0,0,7,17,block_2_1,block_4_1,complete_1,unroll_2,pipeline_1,unroll_8,2,6,0.942767634395,False
workload_3851.cpp,xcu200-fsgd2104-2-e,5,156.560865,41.5,0,0,1,3,block_2_1,block_4_1,complete_1,unroll_2,unroll_2,pipeline_1,2,1,0.747700921217,False
workload_4111.cpp,xcu200-fsgd2104-2-e,5,143.373625,124,0,1,3,4,block_2_1,block_4_1,complete_1,unroll_2,unroll_2,unroll_16,1,2,0.783210798874,False
workload_4104.cpp,xcu200-fsgd2104-2-e,5,142.916025,300,0,2,6,9,block_2_1,block_4_1,complete_1,unroll_2,unroll_2,unroll_32,1,4.25,0.763198363337,False
workload_3783.cpp,xcu200-fsgd2104-2-e,5,146.119225,56,0,0,1,1,block_2_1,block_4_1,complete_1,unroll_2,unroll_2,unroll_4,1,0.5,0.772505019227,False
workload_3925.cpp,xcu200-fsgd2104-2-e,5,144.288825,70,0,0,1,2,block_2_1,block_4_1,complete_1,unroll_2,unroll_2,unroll_8,1,0.75,0.78029306308,False
workload_4134.cpp,xcu200-fsgd2104-2-e,5,221.205465,57,0,0,1,1,block_2_1,block_4_1,complete_1,unroll_2,unroll_4,unroll_2,1,0.5,0.588841049125,False
workload_4147.cpp,xcu200-fsgd2104-2-e,5,142.936765,1013,0,3,12,17,block_2_1,block_4_1,complete_1,unroll_4,unroll_2,unroll_32,1,8,0.693954906743,False
workload_3895.cpp,xcu200-fsgd2104-2-e,5,146.285565,81,0,0,1,3,block_2_1,block_4_1,complete_1,unroll_4,unroll_2,unroll_4,1,1,0.775809665361,False
workload_4122.cpp,xcu200-fsgd2104-2-e,5,7.19471,1474,0,0,7,17,block_2_1,block_4_1,cyclic_2_1,unroll_2,pipeline_1,unroll_4,1,6,0.942767634511,False
workload_4027.cpp,xcu200-fsgd2104-2-e,5,7.19471,1656,0,0,7,17,block_2_1,block_4_1,cyclic_2_1,unroll_2,pipeline_1,unroll_64,1,6,0.942767634511,False
workload_3952.cpp,xcu200-fsgd2104-2-e,5,7.19471,1607.5,0,0,7,17,block_2_1,block_4_1,cyclic_2_1,unroll_2,pipeline_1,unroll_8,2,6,0.942767634511,False
workload_4064.cpp,xcu200-fsgd2104-2-e,5,146.11927,56,0,0,1,1,block_2_1,block_4_1,cyclic_2_1,unroll_2,unroll_2,unroll_4,1,0.5,0.77250494223,False
workload_4038.cpp,xcu200-fsgd2104-2-e,5,144.28887,77,0,0,1,2,block_2_1,block_4_1,cyclic_2_1,unroll_2,unroll_2,unroll_8,1,0.75,0.780292938886,False
workload_4061.cpp,xcu200-fsgd2104-2-e,5,7.19539,1337,0,0,7,17,block_2_1,block_4_1,cyclic_4_1,unroll_2,pipeline_1,unroll_16,1,6,0.942767634384,False
workload_3847.cpp,xcu200-fsgd2104-2-e,5,7.19539,1363,0,0,7,17,block_2_1,block_4_1,cyclic_4_1,unroll_2,pipeline_1,unroll_8,1,6,0.942767634384,False
workload_3896.cpp,xcu200-fsgd2104-2-e,5,143.37367,121,0,1,3,4,block_2_1,block_4_1,cyclic_4_1,unroll_2,unroll_2,unroll_16,1,2,0.783210731552,False
workload_3936.cpp,xcu200-fsgd2104-2-e,5,149.78007,51,0,0,0,1,block_2_1,block_4_1,cyclic_4_1,unroll_2,unroll_2,unroll_2,1,0.25,0.766438023519,False
workload_3947.cpp,xcu200-fsgd2104-2-e,5,142.68727,1143,0,3,12,17,block_2_1,block_4_1,cyclic_4_1,unroll_2,unroll_2,unroll_64,1,8,0.694270194579,False
workload_4002.cpp,xcu200-fsgd2104-2-e,5,144.28887,82,0,0,1,2,block_2_1,block_4_1,cyclic_4_1,unroll_2,unroll_2,unroll_8,1,0.75,0.780292938886,False
workload_3898.cpp,xcu200-fsgd2104-2-e,5,189.63807,83,1,0,1,2,block_2_1,block_8_1,block_4_1,unroll_2,unroll_2,unroll_8,1,1,0.666251890605,False
workload_3764.cpp,xcu200-fsgd2104-2-e,5,7.19403,1373,1,0,4,14,block_2_1,cyclic_2_1,block_2_1,unroll_2,pipeline_1,pipeline_1,1,4.75,0.990330715909,False
workload_3880.cpp,xcu200-fsgd2104-2-e,5,7.19403,1276,1,0,4,14,block_2_1,cyclic_2_1,block_2_1,unroll_2,pipeline_1,unroll_4,1,4.75,0.990330715909,False
workload_3665.cpp,xcu200-fsgd2104-2-e,5,159.22335,46,1,0,1,3,block_2_1,cyclic_2_1,block_2_1,unroll_2,unroll_2,pipeline_1,1,1.25,0.741156152718,False
workload_3623.cpp,xcu200-fsgd2104-2-e,5,144.37205,118,1,0,2,4,block_2_1,cyclic_2_1,block_2_1,unroll_4,unroll_2,unroll_8,1,1.75,0.780571115477,False
workload_3788.cpp,xcu200-fsgd2104-2-e,5,144.28887,75,1,0,1,2,block_2_1,cyclic_2_1,block_4_1,unroll_2,unroll_2,unroll_8,1,1,0.781331682164,False
workload_3708.cpp,xcu200-fsgd2104-2-e,5,144.37205,129,1,0,2,4,block_2_1,cyclic_2_1,block_4_1,unroll_4,unroll_2,unroll_8,1,1.75,0.780571115477,False
workload_3949.cpp,xcu200-fsgd2104-2-e,5,7.193985,1525,1,0,4,14,block_2_1,cyclic_2_1,complete_1,unroll_2,pipeline_1,pipeline_1,1,4.75,0.99033071591,False
workload_3915.cpp,xcu200-fsgd2104-2-e,5,7.193985,1452,1,0,4,14,block_2_1,cyclic_2_1,complete_1,unroll_2,pipeline_1,unroll_16,1,4.75,0.99033071591,False
workload_4059.cpp,xcu200-fsgd2104-2-e,5,7.193985,1219,1,0,4,14,block_2_1,cyclic_2_1,complete_1,unroll_2,pipeline_1,unroll_4,1,4.75,0.99033071591,False
workload_3989.cpp,xcu200-fsgd2104-2-e,5,7.193985,1517,1,0,4,14,block_2_1,cyclic_2_1,complete_1,unroll_2,pipeline_1,unroll_64,1,4.75,0.99033071591,False
workload_4086.cpp,xcu200-fsgd2104-2-e,5,7.193985,1269,1,0,4,14,block_2_1,cyclic_2_1,complete_1,unroll_2,pipeline_1,unroll_8,1,4.75,0.99033071591,False
workload_3861.cpp,xcu200-fsgd2104-2-e,5,143.373625,120,1,0,2,4,block_2_1,cyclic_2_1,complete_1,unroll_2,unroll_2,unroll_16,1,1.75,0.782268343838,False
workload_4022.cpp,xcu200-fsgd2104-2-e,5,142.687225,1048,1,0,10,14,block_2_1,cyclic_2_1,complete_1,unroll_2,unroll_2,unroll_64,1,6.25,0.728510154095,False
workload_3824.cpp,xcu200-fsgd2104-2-e,5,144.288825,71,1,0,1,2,block_2_1,cyclic_2_1,complete_1,unroll_2,unroll_2,unroll_8,1,1,0.781331806831,False
workload_3979.cpp,xcu200-fsgd2104-2-e,5,214.404825,300,1,0,5,7,block_2_1,cyclic_2_1,complete_1,unroll_2,unroll_4,unroll_16,1,3.25,0.602164324418,False
workload_3745.cpp,xcu200-fsgd2104-2-e,5,144.371965,120,1,0,2,4,block_2_1,cyclic_2_1,complete_1,unroll_4,unroll_2,unroll_8,1,1.75,0.780571277611,False
workload_3935.cpp,xcu200-fsgd2104-2-e,5,149.78007,49,1,0,0,1,block_2_1,cyclic_2_1,cyclic_2_1,unroll_2,unroll_2,unroll_2,1,0.5,0.764416019406,False
workload_3881.cpp,xcu200-fsgd2104-2-e,5,7.19403,1300,1,0,4,14,block_2_1,cyclic_2_1,cyclic_4_1,unroll_2,pipeline_1,unroll_8,1,4.75,0.990330715909,False
workload_3892.cpp,xcu200-fsgd2104-2-e,5,217.31943,71,1,0,1,2,block_2_1,cyclic_2_1,cyclic_4_1,unroll_2,unroll_4,unroll_4,1,1,0.598629619107,False
workload_3785.cpp,xcu200-fsgd2104-2-e,5,144.37205,126,1,0,2,4,block_2_1,cyclic_2_1,cyclic_4_1,unroll_4,unroll_2,unroll_8,1,1.75,0.780571115477,False
workload_3536.cpp,xcu200-fsgd2104-2-e,5,189.63807,109,1,0,1,3,block_2_1,cyclic_32_1,block_2_1,unroll_2,unroll_2,unroll_8,1,1.25,0.665854564282,False
workload_3644.cpp,xcu200-fsgd2104-2-e,5,354.98034,1336,1,0,50,91,block_2_1,cyclic_32_1,cyclic_2_1,unroll_17,unroll_8,pipeline_1,1,35.5,0.116988316726,False
workload_3573.cpp,xcu200-fsgd2104-2-e,5,204.57255,51,1,0,1,3,block_2_1,cyclic_32_1,cyclic_2_1,unroll_2,unroll_2,pipeline_1,1,1.25,0.629225029974,False
workload_3455.cpp,xcu200-fsgd2104-2-e,5,458.27095,530,1,0,25,45,block_2_1,cyclic_32_1,cyclic_2_1,unroll_2,unroll_32,pipeline_1,1,17.75,0.151337818417,False
workload_3513.cpp,xcu200-fsgd2104-2-e,5,349.80151,103,1,0,6,11,block_2_1,cyclic_32_1,cyclic_2_1,unroll_2,unroll_8,pipeline_1,1,4.5,0.327764091129,False
workload_3660.cpp,xcu200-fsgd2104-2-e,5,204.57253,67,1,0,3,6,block_2_1,cyclic_32_1,cyclic_2_1,unroll_4,unroll_2,pipeline_1,1,2.5,0.626241957808,False
workload_3667.cpp,xcu200-fsgd2104-2-e,5,189.72125,186,1,0,2,6,block_2_1,cyclic_32_1,cyclic_2_1,unroll_4,unroll_2,unroll_8,1,2.25,0.663266786095,False
workload_3954.cpp,xcu200-fsgd2104-2-e,5,7.193985,1662,0,0,4,14,block_2_1,cyclic_4_1,complete_1,unroll_2,pipeline_1,pipeline_1,3,4.5,1,True
workload_4125.cpp,xcu200-fsgd2104-2-e,5,7.193985,1351,0,0,4,14,block_2_1,cyclic_4_1,complete_1,unroll_2,pipeline_1,unroll_16,1,4.5,1,True
workload_4029.cpp,xcu200-fsgd2104-2-e,5,7.193985,1542,0,0,4,14,block_2_1,cyclic_4_1,complete_1,unroll_2,pipeline_1,unroll_2,1,4.5,1,True
workload_4153.cpp,xcu200-fsgd2104-2-e,5,7.193985,1541,0,0,4,14,block_2_1,cyclic_4_1,complete_1,unroll_2,pipeline_1,unroll_32,1,4.5,1,True
workload_4092.cpp,xcu200-fsgd2104-2-e,5,7.193985,1389,0,0,4,14,block_2_1,cyclic_4_1,complete_1,unroll_2,pipeline_1,unroll_64,1,4.5,1,True
workload_4093.cpp,xcu200-fsgd2104-2-e,5,7.193985,1412,0,0,4,14,block_2_1,cyclic_4_1,complete_1,unroll_2,pipeline_1,unroll_8,1,4.5,1,True
workload_3997.cpp,xcu200-fsgd2104-2-e,5,153.898465,40,0,0,1,3,block_2_1,cyclic_4_1,complete_1,unroll_2,unroll_2,pipeline_1,1,1,0.754933905772,False
workload_4135.cpp,xcu200-fsgd2104-2-e,5,143.373625,127,0,0,2,4,block_2_1,cyclic_4_1,complete_1,unroll_2,unroll_2,unroll_16,1,1.5,0.785178094494,False
workload_4079.cpp,xcu200-fsgd2104-2-e,5,142.916025,284,0,0,5,7,block_2_1,cyclic_4_1,complete_1,unroll_2,unroll_2,unroll_32,1,3,0.782552059814,False
workload_4117.cpp,xcu200-fsgd2104-2-e,5,142.687225,977,0,0,10,14,block_2_1,cyclic_4_1,complete_1,unroll_2,unroll_2,unroll_64,1,6,0.733142819256,False
workload_4042.cpp,xcu200-fsgd2104-2-e,5,144.288825,76,0,0,1,2,block_2_1,cyclic_4_1,complete_1,unroll_2,unroll_2,unroll_8,1,0.75,0.78029306308,False
workload_4154.cpp,xcu200-fsgd2104-2-e,5,7.19403,1489,0,0,4,14,block_2_1,cyclic_4_1,cyclic_2_1,unroll_2,pipeline_1,pipeline_1,1,4.5,0.999999853547,False
workload_4133.cpp,xcu200-fsgd2104-2-e,5,144.28887,76,0,0,1,2,block_2_1,cyclic_4_1,cyclic_2_1,unroll_2,unroll_2,unroll_8,1,0.75,0.780292938886,False
workload_4124.cpp,xcu200-fsgd2104-2-e,5,7.19403,1591,0,0,4,14,block_2_1,cyclic_4_1,cyclic_4_1,unroll_2,pipeline_1,pipeline_1,1,4.5,0.999999853547,False
workload_3991.cpp,xcu200-fsgd2104-2-e,5,7.19403,1753,0,0,4,14,block_2_1,cyclic_4_1,cyclic_4_1,unroll_2,pipeline_1,unroll_16,1,4.5,0.999999853547,False
workload_4025.cpp,xcu200-fsgd2104-2-e,5,7.19403,1377,0,0,4,14,block_2_1,cyclic_4_1,cyclic_4_1,unroll_2,pipeline_1,unroll_2,1,4.5,0.999999853547,False
workload_4062.cpp,xcu200-fsgd2104-2-e,5,7.19403,1510,0,0,4,14,block_2_1,cyclic_4_1,cyclic_4_1,unroll_2,pipeline_1,unroll_32,1,4.5,0.999999853547,False
workload_3948.cpp,xcu200-fsgd2104-2-e,5,7.19403,1416,0,0,4,14,block_2_1,cyclic_4_1,cyclic_4_1,unroll_2,pipeline_1,unroll_4,1,4.5,0.999999853547,False
workload_3454.cpp,xcu200-fsgd2104-2-e,5,189.63807,147,2,0,1,4,block_2_1,cyclic_64_1,block_2_1,unroll_2,unroll_2,unroll_8,1,1.75,0.664194200119,False
workload_3591.cpp,xcu200-fsgd2104-2-e,5,458.27095,1126,2,0,25,49,block_2_1,cyclic_64_1,block_2_1,unroll_2,unroll_32,pipeline_1,1,19,0.146489220951,False
workload_3583.cpp,xcu200-fsgd2104-2-e,5,189.63807,146,2,0,1,4,block_2_1,cyclic_64_1,cyclic_2_1,unroll_2,unroll_2,unroll_8,1,1.75,0.664194200119,False
workload_3542.cpp,xcu200-fsgd2104-2-e,5,458.27095,1287,2,0,25,49,block_2_1,cyclic_64_1,cyclic_2_1,unroll_2,unroll_32,pipeline_1,1,19,0.146489220951,False
workload_4155.cpp,xcu200-fsgd2104-2-e,5,7.379745,2146,1,0,6,23,block_2_1,cyclic_8_1,complete_1,unroll_2,pipeline_1,unroll_8,1,7.5,0.887413813769,False
workload_4137.cpp,xcu200-fsgd2104-2-e,5,189.638025,79,1,0,1,2,block_2_1,cyclic_8_1,complete_1,unroll_2,unroll_2,unroll_8,1,1,0.666252002877,False
workload_3595.cpp,xcu200-fsgd2104-2-e,5,146.738105,1664,0,28,9,15,block_32_1,block_2_1,block_2_1,unroll_17,unroll_2,unroll_4,1,13,0.580859250311,False
workload_3749.cpp,xcu200-fsgd2104-2-e,5,146.446955,84,0,3,1,2,block_32_1,block_2_1,block_2_1,unroll_2,unroll_2,unroll_4,1,1.5,0.776617795264,False
workload_3632.cpp,xcu200-fsgd2104-2-e,5,146.44691,81,0,3,1,2,block_32_1,block_2_1,complete_1,unroll_2,unroll_2,unroll_4,1,1.5,0.776617920254,False
workload_3712.cpp,xcu200-fsgd2104-2-e,5,345.84987,336,0,0,29,46,block_32_1,block_2_1,complete_1,unroll_2,unroll_32,pipeline_1,1,18.75,0.246799209743,False
workload_3753.cpp,xcu200-fsgd2104-2-e,5,146.446955,84,0,3,1,2,block_32_1,block_2_1,cyclic_2_1,unroll_2,unroll_2,unroll_4,1,1.5,0.776617795264,False
workload_3702.cpp,xcu200-fsgd2104-2-e,5,144.616555,137,0,7,2,3,block_32_1,block_2_1,cyclic_2_1,unroll_2,unroll_2,unroll_8,1,3,0.779787945992,False
workload_3640.cpp,xcu200-fsgd2104-2-e,5,150.690105,487,0,14,4,8,block_32_1,block_2_1,cyclic_4_1,unroll_17,unroll_2,unroll_2,1,6.5,0.71229962628,False
workload_3567.cpp,xcu200-fsgd2104-2-e,5,146.738105,1372,0,28,9,15,block_32_1,block_2_1,cyclic_4_1,unroll_17,unroll_2,unroll_4,1,13,0.580859250311,False
workload_3743.cpp,xcu200-fsgd2104-2-e,5,144.616555,154,0,7,2,3,block_32_1,block_2_1,cyclic_4_1,unroll_2,unroll_2,unroll_8,1,3,0.779787945992,False
workload_3658.cpp,xcu200-fsgd2104-2-e,5,146.446955,85,0,3,1,2,block_32_1,block_4_1,block_2_1,unroll_2,unroll_2,unroll_4,1,1.5,0.776617795264,False
workload_3706.cpp,xcu200-fsgd2104-2-e,5,146.613335,150,0,7,2,4,block_32_1,block_4_1,block_2_1,unroll_4,unroll_2,unroll_4,1,3.25,0.772567391627,False
workload_3845.cpp,xcu200-fsgd2104-2-e,5,146.73802,1318,0,30,9,15,block_32_1,block_4_1,complete_1,unroll_17,unroll_2,unroll_4,1,13.5,0.569600960277,False
workload_3793.cpp,xcu200-fsgd2104-2-e,5,143.70131,374,0,15,4,7,block_32_1,block_4_1,complete_1,unroll_2,unroll_2,unroll_16,1,6.5,0.722445345788,False
workload_3666.cpp,xcu200-fsgd2104-2-e,5,146.61325,160,0,7,2,4,block_32_1,block_4_1,complete_1,unroll_4,unroll_2,unroll_4,1,3.25,0.772567557319,False
workload_3518.cpp,xcu200-fsgd2104-2-e,5,146.738105,1598,0,30,9,15,block_32_1,block_4_1,cyclic_4_1,unroll_17,unroll_2,unroll_4,1,13.5,0.569600878067,False
workload_3675.cpp,xcu200-fsgd2104-2-e,5,143.701355,385,0,15,4,7,block_32_1,block_4_1,cyclic_4_1,unroll_2,unroll_2,unroll_16,1,6.5,0.722445284662,False
workload_3699.cpp,xcu200-fsgd2104-2-e,5,146.446955,80,0,3,1,2,block_32_1,block_4_1,cyclic_4_1,unroll_2,unroll_2,unroll_4,1,1.5,0.776617795264,False
workload_3755.cpp,xcu200-fsgd2104-2-e,5,144.616555,155,0,7,2,3,block_32_1,block_4_1,cyclic_4_1,unroll_2,unroll_2,unroll_8,1,3,0.779787945992,False
workload_3635.cpp,xcu200-fsgd2104-2-e,5,345.849915,358,0,1,29,47,block_32_1,block_4_1,cyclic_4_1,unroll_2,unroll_32,pipeline_1,1,19.25,0.242330276418,False
workload_3479.cpp,xcu200-fsgd2104-2-e,5,143.742935,1478,0,30,8,13,block_32_1,block_4_1,cyclic_4_1,unroll_4,unroll_2,unroll_16,1,12.75,0.589473047336,False
workload_3578.cpp,xcu200-fsgd2104-2-e,5,146.613335,148,0,7,2,4,block_32_1,block_4_1,cyclic_4_1,unroll_4,unroll_2,unroll_4,1,3.25,0.772567391627,False
workload_3735.cpp,xcu200-fsgd2104-2-e,5,199.580715,53,0,0,2,3,block_32_1,block_8_1,block_2_1,unroll_2,unroll_2,pipeline_1,1,1.25,0.641393859442,False
workload_3618.cpp,xcu200-fsgd2104-2-e,5,191.796155,81,0,3,1,2,block_32_1,block_8_1,block_2_1,unroll_2,unroll_2,unroll_4,1,1.5,0.659893359379,False
workload_3703.cpp,xcu200-fsgd2104-2-e,5,189.965755,143,0,7,2,4,block_32_1,block_8_1,block_2_1,unroll_2,unroll_2,unroll_8,1,3.25,0.662876216531,False
workload_3739.cpp,xcu200-fsgd2104-2-e,5,195.45691,60,0,2,0,1,block_32_1,block_8_1,complete_1,unroll_2,unroll_2,unroll_2,1,0.75,0.651779726544,False
workload_3752.cpp,xcu200-fsgd2104-2-e,5,191.79611,88,0,3,1,2,block_32_1,block_8_1,complete_1,unroll_2,unroll_2,unroll_4,1,1.5,0.659893469229,False
workload_3672.cpp,xcu200-fsgd2104-2-e,5,191.962535,168,0,7,2,4,block_32_1,block_8_1,cyclic_4_1,unroll_4,unroll_2,unroll_4,1,3.25,0.657800017293,False
workload_3679.cpp,xcu200-fsgd2104-2-e,5,202.243065,278.5,0,0,13,24,block_32_1,cyclic_32_1,cyclic_2_1,unroll_17,unroll_2,pipeline_1,2,9.25,0.574347540309,False
workload_3765.cpp,xcu200-fsgd2104-2-e,5,192.087305,1690,0,28,8,17,block_32_1,cyclic_32_1,cyclic_2_1,unroll_17,unroll_2,unroll_4,1,13.25,0.52110251718,False
workload_3696.cpp,xcu200-fsgd2104-2-e,5,204.905515,55,0,0,1,3,block_32_1,cyclic_32_1,cyclic_2_1,unroll_2,unroll_2,pipeline_1,1,1,0.628553661858,False
workload_3737.cpp,xcu200-fsgd2104-2-e,5,204.905515,65,1,0,1,3,block_32_1,cyclic_64_1,cyclic_2_1,unroll_2,unroll_2,pipeline_1,1,1.25,0.628416602528,False
workload_3593.cpp,xcu200-fsgd2104-2-e,5,192.087305,1505,0,28,8,14,block_32_1,cyclic_8_1,cyclic_4_1,unroll_17,unroll_2,unroll_4,1,12.5,0.535182770913,False
workload_4097.cpp,xcu200-fsgd2104-2-e,5,144.288825,79,2,0,1,3,block_4_1,block_2_1,complete_1,unroll_2,unroll_2,unroll_8,1,1.5,0.782623939795,False
workload_3929.cpp,xcu200-fsgd2104-2-e,5,144.28887,88,1,0,1,3,block_4_1,block_4_1,block_4_1,unroll_2,unroll_2,unroll_8,1,1.25,0.781517717765,False
workload_3594.cpp,xcu200-fsgd2104-2-e,5,144.43442,1578,1,3,13,24,block_4_1,block_4_1,cyclic_4_1,unroll_17,unroll_2,unroll_8,1,10.25,0.644512239784,False
workload_4100.cpp,xcu200-fsgd2104-2-e,5,143.37367,139,1,1,3,6,block_4_1,block_4_1,cyclic_4_1,unroll_2,unroll_2,unroll_16,1,2.75,0.78546645017,False
workload_3705.cpp,xcu200-fsgd2104-2-e,5,144.37205,152,1,1,3,6,block_4_1,block_4_1,cyclic_4_1,unroll_4,unroll_2,unroll_8,1,2.75,0.78359568256,False
workload_3646.cpp,xcu200-fsgd2104-2-e,5,189.78362,1652,2,3,13,25,block_4_1,block_8_1,cyclic_4_1,unroll_17,unroll_2,unroll_8,1,10.75,0.570758312715,False
workload_3645.cpp,xcu200-fsgd2104-2-e,5,189.783535,1465,2,0,11,23,block_4_1,cyclic_16_1,complete_1,unroll_17,unroll_2,unroll_8,1,9,0.600959046398,False
workload_3581.cpp,xcu200-fsgd2104-2-e,5,460.012105,291,2,0,25,45,block_4_1,cyclic_16_1,complete_1,unroll_2,unroll_32,pipeline_1,1,18,0.149172089911,False
workload_3456.cpp,xcu200-fsgd2104-2-e,5,453.458445,1714,2,0,51,95,block_4_1,cyclic_32_1,complete_1,unroll_4,unroll_32,pipeline_1,1,37,0.1,False
workload_4131.cpp,xcu200-fsgd2104-2-e,5,146.119225,56,1,0,0,2,block_4_1,cyclic_4_1,complete_1,unroll_2,unroll_2,unroll_4,1,0.75,0.775249230938,False
workload_3622.cpp,xcu200-fsgd2104-2-e,5,153.9037,115,1,0,13,22,block_4_1,cyclic_4_1,cyclic_4_1,unroll_17,unroll_2,pipeline_1,1,9,0.658923009151,False
workload_3671.cpp,xcu200-fsgd2104-2-e,5,153.90373,56,1,0,3,6,block_4_1,cyclic_4_1,cyclic_4_1,unroll_4,unroll_2,pipeline_1,1,2.5,0.758852653543,False
workload_3559.cpp,xcu200-fsgd2104-2-e,5,199.2529,136,2,0,13,22,block_4_1,cyclic_8_1,cyclic_4_1,unroll_17,unroll_2,pipeline_1,1,9.25,0.579818094088,False
workload_3495.cpp,xcu200-fsgd2104-2-e,5,189.78362,1448,2,0,10,21,block_4_1,cyclic_8_1,cyclic_4_1,unroll_17,unroll_2,unroll_8,1,8.25,0.612970308992,False
workload_3587.cpp,xcu200-fsgd2104-2-e,5,453.45853,573,2,0,51,88,block_4_1,cyclic_8_1,cyclic_4_1,unroll_4,unroll_32,pipeline_1,1,35.25,0.100659004157,False
workload_3750.cpp,xcu200-fsgd2104-2-e,5,146.61325,354,6,7,2,4,block_64_1,block_4_1,complete_1,unroll_4,unroll_2,unroll_4,1,4.75,0.74941055102,False
workload_3453.cpp,xcu200-fsgd2104-2-e,5,159.556315,67,6,0,1,3,block_64_1,block_4_1,cyclic_4_1,unroll_2,unroll_2,pipeline_1,1,2.5,0.743385554439,False
workload_3630.cpp,xcu200-fsgd2104-2-e,5,159.556295,78,6,0,3,6,block_64_1,block_4_1,cyclic_4_1,unroll_4,unroll_2,pipeline_1,1,3.75,0.737708705446,False
workload_3670.cpp,xcu200-fsgd2104-2-e,5,204.90541,79,6,0,3,6,block_64_1,block_8_1,complete_1,unroll_4,unroll_2,pipeline_1,1,3.75,0.624437867172,False
workload_3574.cpp,xcu200-fsgd2104-2-e,5,204.905515,65,6,0,1,3,block_64_1,block_8_1,cyclic_4_1,unroll_2,unroll_2,pipeline_1,1,2.5,0.625417078065,False
workload_3588.cpp,xcu200-fsgd2104-2-e,5,307.914875,221,6,0,13,23,block_64_1,cyclic_2_1,cyclic_4_1,unroll_2,unroll_16,pipeline_1,1,10.5,0.370480195436,False
workload_3533.cpp,xcu200-fsgd2104-2-e,5,159.556315,64,6,0,1,3,block_64_1,cyclic_2_1,cyclic_4_1,unroll_2,unroll_2,pipeline_1,1,2.5,0.743385554439,False
workload_3617.cpp,xcu200-fsgd2104-2-e,5,159.556295,78,6,0,3,6,block_64_1,cyclic_2_1,cyclic_4_1,unroll_4,unroll_2,pipeline_1,1,3.75,0.737708705446,False
workload_3598.cpp,xcu200-fsgd2104-2-e,5,273.164105,2149,6,0,53,93,block_64_1,cyclic_4_1,block_2_1,unroll_17,unroll_8,pipeline_1,1,38,0.124853471907,False
workload_3538.cpp,xcu200-fsgd2104-2-e,5,195.789735,258,7,3,1,4,block_64_1,cyclic_64_1,block_2_1,unroll_4,unroll_2,unroll_2,1,3.75,0.646945209073,False
workload_3638.cpp,xcu200-fsgd2104-2-e,5,191.962535,532,7,7,2,6,block_64_1,cyclic_64_1,block_2_1,unroll_4,unroll_2,unroll_4,1,5.5,0.64429798019,False
workload_3539.cpp,xcu200-fsgd2104-2-e,5,199.580665,733,7,0,13,27,block_64_1,cyclic_64_1,cyclic_2_1,unroll_17,unroll_2,pipeline_1,1,11.75,0.537553063668,False
workload_3655.cpp,xcu200-fsgd2104-2-e,5,150.10771,50,3,0,0,1,block_8_1,block_2_1,complete_1,unroll_2,unroll_2,unroll_2,1,1,0.765293157422,False
workload_3792.cpp,xcu200-fsgd2104-2-e,5,144.61651,94,3,0,1,5,block_8_1,block_2_1,complete_1,unroll_2,unroll_2,unroll_8,1,2.25,0.784484404904,False
workload_3624.cpp,xcu200-fsgd2104-2-e,5,150.44045,64,3,0,1,3,block_8_1,block_2_1,complete_1,unroll_4,unroll_2,unroll_2,1,1.75,0.765715593791,False
workload_4003.cpp,xcu200-fsgd2104-2-e,5,150.107755,58,3,0,0,1,block_8_1,block_2_1,cyclic_4_1,unroll_2,unroll_2,unroll_2,1,1,0.765293034027,False
workload_3973.cpp,xcu200-fsgd2104-2-e,5,144.616555,81,3,0,1,5,block_8_1,block_2_1,cyclic_4_1,unroll_2,unroll_2,unroll_8,1,2.25,0.784484278366,False
workload_3713.cpp,xcu200-fsgd2104-2-e,5,146.44691,66,3,0,1,2,block_8_1,block_4_1,complete_1,unroll_2,unroll_2,unroll_4,1,1.5,0.776617920254,False
workload_3829.cpp,xcu200-fsgd2104-2-e,5,144.61651,99,3,0,1,5,block_8_1,block_4_1,complete_1,unroll_2,unroll_2,unroll_8,1,2.25,0.784484404904,False
workload_3782.cpp,xcu200-fsgd2104-2-e,5,217.64707,95,3,0,1,5,block_8_1,block_4_1,complete_1,unroll_2,unroll_4,unroll_4,1,2.25,0.595825764297,False
workload_3789.cpp,xcu200-fsgd2104-2-e,5,144.699735,169,3,0,2,8,block_8_1,cyclic_2_1,block_4_1,unroll_4,unroll_2,unroll_8,1,3.25,0.776060909705,False
workload_3661.cpp,xcu200-fsgd2104-2-e,5,154.231415,59,3,0,3,6,block_8_1,cyclic_4_1,cyclic_4_1,unroll_4,unroll_2,pipeline_1,1,3,0.757077897183,False
workload_3772.cpp,xcu200-fsgd2104-2-e,5,153.706235,42,1,0,0,1,cyclic_16_1,block_2_1,block_4_1,unroll_2,unroll_2,pipeline_1,1,0.5,0.756791473333,False
workload_3940.cpp,xcu200-fsgd2104-2-e,5,28.39455,493,1,0,2,8,cyclic_16_1,block_2_1,complete_1,unroll_2,pipeline_1,pipeline_1,1,2.75,0.951739852109,False
workload_4083.cpp,xcu200-fsgd2104-2-e,5,28.39455,437,1,0,2,8,cyclic_16_1,block_2_1,complete_1,unroll_2,pipeline_1,unroll_2,1,2.75,0.951739852109,False
workload_4048.cpp,xcu200-fsgd2104-2-e,5,28.39455,448,1,0,2,8,cyclic_16_1,block_2_1,complete_1,unroll_2,pipeline_1,unroll_64,1,2.75,0.951739852109,False
workload_3870.cpp,xcu200-fsgd2104-2-e,5,28.39455,467,1,0,2,8,cyclic_16_1,block_2_1,complete_1,unroll_2,pipeline_1,unroll_8,1,2.75,0.951739852109,False
workload_3813.cpp,xcu200-fsgd2104-2-e,5,153.70615,43,1,0,0,1,cyclic_16_1,block_2_1,complete_1,unroll_2,unroll_2,pipeline_1,1,0.5,0.756791650711,False
workload_4001.cpp,xcu200-fsgd2104-2-e,5,144.03411,68,1,0,1,2,cyclic_16_1,block_2_1,complete_1,unroll_2,unroll_2,unroll_16,1,1,0.782037619815,False
workload_4010.cpp,xcu200-fsgd2104-2-e,5,143.13971,301,1,0,3,5,cyclic_16_1,block_2_1,complete_1,unroll_2,unroll_2,unroll_64,1,2.25,1,True
workload_3823.cpp,xcu200-fsgd2104-2-e,5,145.28211,61,1,0,0,1,cyclic_16_1,block_2_1,complete_1,unroll_2,unroll_2,unroll_8,1,0.5,0.773781350791,False
workload_4156.cpp,xcu200-fsgd2104-2-e,5,256.05923,2839,1,0,12,21,cyclic_16_1,block_2_1,complete_1,unroll_2,unroll_8,unroll_64,1,8.5,0.480078749133,False
workload_3937.cpp,xcu200-fsgd2104-2-e,5,143.139755,291,1,0,3,5,cyclic_16_1,block_2_1,cyclic_2_1,unroll_2,unroll_2,unroll_64,1,2.25,0.788642863207,False
workload_3975.cpp,xcu200-fsgd2104-2-e,5,145.282155,65,1,0,0,1,cyclic_16_1,block_2_1,cyclic_2_1,unroll_2,unroll_2,unroll_8,1,0.5,0.773781290899,False
workload_3977.cpp,xcu200-fsgd2104-2-e,5,216.379915,90,1,0,1,2,cyclic_16_1,block_2_1,cyclic_2_1,unroll_2,unroll_4,unroll_8,1,1,0.600868629196,False
workload_4019.cpp,xcu200-fsgd2104-2-e,5,143.150135,829,1,0,6,11,cyclic_16_1,block_2_1,cyclic_2_1,unroll_4,unroll_2,unroll_64,1,4.5,0.758760103068,False
workload_3796.cpp,xcu200-fsgd2104-2-e,5,28.394595,498,1,0,2,8,cyclic_16_1,block_2_1,cyclic_4_1,unroll_2,pipeline_1,unroll_64,1,2.75,0.951739730088,False
workload_3835.cpp,xcu200-fsgd2104-2-e,5,28.394595,470,1,0,2,8,cyclic_16_1,block_2_1,cyclic_4_1,unroll_2,pipeline_1,unroll_8,1,2.75,0.951739730088,False
workload_3964.cpp,xcu200-fsgd2104-2-e,5,144.034155,69,1,0,1,2,cyclic_16_1,block_2_1,cyclic_4_1,unroll_2,unroll_2,unroll_16,1,1,0.782037495093,False
workload_4139.cpp,xcu200-fsgd2104-2-e,5,143.139755,266,1,0,3,5,cyclic_16_1,block_2_1,cyclic_4_1,unroll_2,unroll_2,unroll_64,1,2.25,0.788642863207,False
workload_3864.cpp,xcu200-fsgd2104-2-e,5,145.282155,63,1,0,0,1,cyclic_16_1,block_2_1,cyclic_4_1,unroll_2,unroll_2,unroll_8,1,0.5,0.773781290899,False
workload_3799.cpp,xcu200-fsgd2104-2-e,5,28.405595,568,0,0,6,11,cyclic_16_1,block_4_1,block_2_1,unroll_2,pipeline_1,unroll_4,1,4.25,0.937189030627,False
workload_3762.cpp,xcu200-fsgd2104-2-e,5,28.405595,525,0,0,6,11,cyclic_16_1,block_4_1,block_2_1,unroll_2,pipeline_1,unroll_8,1,4.25,0.937189030627,False
workload_4046.cpp,xcu200-fsgd2104-2-e,5,144.034155,83,0,1,1,2,cyclic_16_1,block_4_1,block_2_1,unroll_2,unroll_2,unroll_16,1,1,0.782037495093,False
workload_3816.cpp,xcu200-fsgd2104-2-e,5,147.778155,54,0,0,0,1,cyclic_16_1,block_4_1,block_2_1,unroll_2,unroll_2,unroll_4,1,0.25,0.769757968671,False
workload_3719.cpp,xcu200-fsgd2104-2-e,5,28.405595,546,0,0,6,11,cyclic_16_1,block_4_1,block_4_1,unroll_2,pipeline_1,pipeline_1,1,4.25,0.937189030627,False
workload_3641.cpp,xcu200-fsgd2104-2-e,5,28.405595,572,0,0,6,11,cyclic_16_1,block_4_1,block_4_1,unroll_2,pipeline_1,unroll_64,1,4.25,0.937189030627,False
workload_3786.cpp,xcu200-fsgd2104-2-e,5,147.778155,55,0,0,0,1,cyclic_16_1,block_4_1,block_4_1,unroll_2,unroll_2,unroll_4,1,0.25,0.769757968671,False
workload_3676.cpp,xcu200-fsgd2104-2-e,5,143.139755,282,0,3,3,5,cyclic_16_1,block_4_1,block_4_1,unroll_2,unroll_2,unroll_64,1,2.75,0.785843863601,False
workload_3891.cpp,xcu200-fsgd2104-2-e,5,145.282155,63,0,0,0,1,cyclic_16_1,block_4_1,block_4_1,unroll_2,unroll_2,unroll_8,1,0.25,0.776571998874,False
workload_3720.cpp,xcu200-fsgd2104-2-e,5,28.40555,571,0,0,6,11,cyclic_16_1,block_4_1,complete_1,unroll_2,pipeline_1,pipeline_1,1,4.25,0.937189101906,False
workload_3905.cpp,xcu200-fsgd2104-2-e,5,28.40555,549.5,0,0,6,11,cyclic_16_1,block_4_1,complete_1,unroll_2,pipeline_1,unroll_16,2,4.25,0.937189101906,False
workload_3758.cpp,xcu200-fsgd2104-2-e,5,28.40555,577,0,0,6,11,cyclic_16_1,block_4_1,complete_1,unroll_2,pipeline_1,unroll_4,1,4.25,0.937189101906,False
workload_3839.cpp,xcu200-fsgd2104-2-e,5,28.40555,598,0,0,6,11,cyclic_16_1,block_4_1,complete_1,unroll_2,pipeline_1,unroll_64,2,4.25,0.937189101906,False
workload_3908.cpp,xcu200-fsgd2104-2-e,5,28.40555,585,0,0,6,11,cyclic_16_1,block_4_1,complete_1,unroll_2,pipeline_1,unroll_8,1,4.25,0.937189101906,False
workload_3812.cpp,xcu200-fsgd2104-2-e,5,156.36855,44.5,0,0,0,1,cyclic_16_1,block_4_1,complete_1,unroll_2,unroll_2,pipeline_1,2,0.25,0.75185000839,False
workload_3928.cpp,xcu200-fsgd2104-2-e,5,144.03411,85,0,1,1,1,cyclic_16_1,block_4_1,complete_1,unroll_2,unroll_2,unroll_16,1,0.75,1,True
workload_3774.cpp,xcu200-fsgd2104-2-e,5,150.10771,45,0,0,0,1,cyclic_16_1,block_4_1,complete_1,unroll_2,unroll_2,unroll_2,1,0.25,0.765980560155,False
workload_3734.cpp,xcu200-fsgd2104-2-e,5,147.77811,53,0,0,0,1,cyclic_16_1,block_4_1,complete_1,unroll_2,unroll_2,unroll_4,1,0.25,0.769758091271,False
workload_3901.cpp,xcu200-fsgd2104-2-e,5,143.13971,270,0,3,3,5,cyclic_16_1,block_4_1,complete_1,unroll_2,unroll_2,unroll_64,1,2.75,0.785843933775,False
workload_3779.cpp,xcu200-fsgd2104-2-e,5,145.28211,65,0,0,0,1,cyclic_16_1,block_4_1,complete_1,unroll_2,unroll_2,unroll_8,1,0.25,1,True
workload_3855.cpp,xcu200-fsgd2104-2-e,5,159.03093,54,0,0,0,1,cyclic_16_1,block_4_1,complete_1,unroll_4,unroll_2,pipeline_1,1,0.25,0.744928415713,False
workload_3863.cpp,xcu200-fsgd2104-2-e,5,145.36525,93,0,1,1,2,cyclic_16_1,block_4_1,complete_1,unroll_4,unroll_2,unroll_8,1,1,0.77835248265,False
workload_4014.cpp,xcu200-fsgd2104-2-e,5,28.404915,619,0,0,6,11,cyclic_16_1,block_4_1,cyclic_2_1,unroll_2,pipeline_1,unroll_8,1,4.25,0.937190107715,False
workload_3971.cpp,xcu200-fsgd2104-2-e,5,150.107755,53,0,0,0,1,cyclic_16_1,block_4_1,cyclic_2_1,unroll_2,unroll_2,unroll_2,1,0.25,0.765980493894,False
workload_4066.cpp,xcu200-fsgd2104-2-e,5,145.282155,62,0,0,0,1,cyclic_16_1,block_4_1,cyclic_2_1,unroll_2,unroll_2,unroll_8,1,0.25,0.776571998874,False
workload_3883.cpp,xcu200-fsgd2104-2-e,5,28.404555,1574,0,0,11,22,cyclic_16_1,block_4_1,cyclic_2_1,unroll_4,pipeline_1,unroll_16,1,8.25,0.846216420537,False
workload_3756.cpp,xcu200-fsgd2104-2-e,5,28.405595,556.5,0,0,6,11,cyclic_16_1,block_4_1,cyclic_4_1,unroll_2,pipeline_1,pipeline_1,2,4.25,0.937189030627,False
workload_3842.cpp,xcu200-fsgd2104-2-e,5,28.405595,552,0,0,6,11,cyclic_16_1,block_4_1,cyclic_4_1,unroll_2,pipeline_1,unroll_4,1,4.25,0.937189030627,False
workload_3763.cpp,xcu200-fsgd2104-2-e,5,28.405595,592,0,0,6,11,cyclic_16_1,block_4_1,cyclic_4_1,unroll_2,pipeline_1,unroll_64,1,4.25,0.937189030627,False
workload_3932.cpp,xcu200-fsgd2104-2-e,5,144.034155,89,0,1,1,2,cyclic_16_1,block_4_1,cyclic_4_1,unroll_2,unroll_2,unroll_16,1,1,0.782037495093,False
workload_4103.cpp,xcu200-fsgd2104-2-e,5,143.139755,297,0,3,3,5,cyclic_16_1,block_4_1,cyclic_4_1,unroll_2,unroll_2,unroll_64,1,2.75,0.785843863601,False
workload_3818.cpp,xcu200-fsgd2104-2-e,5,145.282155,60,0,0,0,1,cyclic_16_1,block_4_1,cyclic_4_1,unroll_2,unroll_2,unroll_8,1,0.25,0.776571998874,False
workload_4045.cpp,xcu200-fsgd2104-2-e,5,145.365335,96,0,1,1,2,cyclic_16_1,block_4_1,cyclic_4_1,unroll_4,unroll_2,unroll_8,1,1,0.778352247607,False
workload_3841.cpp,xcu200-fsgd2104-2-e,5,28.57067,581,1,0,7,13,cyclic_16_1,block_8_1,complete_1,unroll_2,pipeline_1,pipeline_1,1,5.25,0.926173411055,False
workload_3628.cpp,xcu200-fsgd2104-2-e,5,193.12731,55,1,0,0,1,cyclic_16_1,block_8_1,complete_1,unroll_2,unroll_2,unroll_4,1,0.5,0.657318254982,False
workload_3794.cpp,xcu200-fsgd2104-2-e,5,188.488955,351,1,3,3,6,cyclic_16_1,block_8_1,cyclic_2_1,unroll_2,unroll_2,unroll_64,1,3.25,0.666642828458,False
workload_3654.cpp,xcu200-fsgd2104-2-e,5,195.456955,47,1,0,0,1,cyclic_16_1,block_8_1,cyclic_4_1,unroll_2,unroll_2,unroll_2,1,0.5,0.651486016144,False
workload_3631.cpp,xcu200-fsgd2104-2-e,5,213.428155,202,0,0,0,6,cyclic_16_1,cyclic_128_1,block_2_1,unroll_2,unroll_2,unroll_8,1,1.5,0.607617277338,False
workload_3748.cpp,xcu200-fsgd2104-2-e,5,198.87855,89,0,0,0,2,cyclic_16_1,cyclic_128_1,complete_1,unroll_2,unroll_2,pipeline_1,1,0.5,0.642967442996,False
workload_3592.cpp,xcu200-fsgd2104-2-e,5,213.428155,198,0,0,0,6,cyclic_16_1,cyclic_128_1,cyclic_2_1,unroll_2,unroll_2,unroll_8,1,1.5,0.607617277338,False
workload_3709.cpp,xcu200-fsgd2104-2-e,5,211.431355,326,0,0,0,9,cyclic_16_1,cyclic_128_1,cyclic_4_1,unroll_2,unroll_2,unroll_16,1,2.25,0.61031084995,False
workload_3941.cpp,xcu200-fsgd2104-2-e,5,28.393915,525,1,0,2,8,cyclic_16_1,cyclic_2_1,block_2_1,unroll_2,pipeline_1,pipeline_1,1,2.75,0.951741573966,False
workload_3797.cpp,xcu200-fsgd2104-2-e,5,28.393915,496,1,0,2,8,cyclic_16_1,cyclic_2_1,block_4_1,unroll_2,pipeline_1,unroll_2,1,2.75,0.951741573966,False
workload_3833.cpp,xcu200-fsgd2104-2-e,5,164.584555,148,1,0,0,3,cyclic_16_1,cyclic_2_1,block_4_1,unroll_2,unroll_2,unroll_64,1,1,0.728438732902,False
workload_3781.cpp,xcu200-fsgd2104-2-e,5,153.52935,44,1,0,0,0,cyclic_16_1,cyclic_2_1,complete_1,unroll_2,unroll_2,pipeline_1,1,0.25,0.758970622105,False
workload_3727.cpp,xcu200-fsgd2104-2-e,5,28.39381,1303,1,0,4,15,cyclic_16_1,cyclic_2_1,complete_1,unroll_4,pipeline_1,pipeline_1,1,5,0.929758683846,False
workload_3778.cpp,xcu200-fsgd2104-2-e,5,158.85413,52,1,0,0,1,cyclic_16_1,cyclic_2_1,complete_1,unroll_4,unroll_2,pipeline_1,1,0.5,0.74485895257,False
workload_3819.cpp,xcu200-fsgd2104-2-e,5,166.08205,86,1,0,0,2,cyclic_16_1,cyclic_2_1,complete_1,unroll_4,unroll_2,unroll_16,1,0.75,0.725971683449,False
workload_3678.cpp,xcu200-fsgd2104-2-e,5,28.393915,467,1,0,2,8,cyclic_16_1,cyclic_2_1,cyclic_2_1,unroll_2,pipeline_1,unroll_2,1,2.75,0.951741573966,False
workload_3733.cpp,xcu200-fsgd2104-2-e,5,180.059755,45,1,0,0,0,cyclic_16_1,cyclic_2_1,cyclic_2_1,unroll_2,unroll_2,unroll_2,1,0.25,0.689979329496,False
workload_3868.cpp,xcu200-fsgd2104-2-e,5,28.393915,489,1,0,2,8,cyclic_16_1,cyclic_2_1,cyclic_4_1,unroll_2,pipeline_1,unroll_2,1,2.75,0.951741573966,False
workload_3736.cpp,xcu200-fsgd2104-2-e,5,166.082155,62,1,0,0,1,cyclic_16_1,cyclic_2_1,cyclic_4_1,unroll_2,unroll_2,unroll_16,1,0.5,0.726518533154,False
workload_3784.cpp,xcu200-fsgd2104-2-e,5,172.072535,59,0,0,0,1,cyclic_16_1,cyclic_4_1,block_2_1,unroll_4,unroll_2,unroll_4,1,0.25,0.710692205442,False
workload_3907.cpp,xcu200-fsgd2104-2-e,5,28.40419,595.5,0,0,2,9,cyclic_16_1,cyclic_4_1,complete_1,unroll_2,pipeline_1,pipeline_1,2,2.75,0.951713711349,False
workload_3942.cpp,xcu200-fsgd2104-2-e,5,28.40419,613,0,0,2,9,cyclic_16_1,cyclic_4_1,complete_1,unroll_2,pipeline_1,unroll_16,1,2.75,0.951713711349,False
workload_3983.cpp,xcu200-fsgd2104-2-e,5,28.40419,640,0,0,2,9,cyclic_16_1,cyclic_4_1,complete_1,unroll_2,pipeline_1,unroll_64,1,2.75,0.951713711349,False
workload_3982.cpp,xcu200-fsgd2104-2-e,5,28.40419,610,0,0,2,9,cyclic_16_1,cyclic_4_1,complete_1,unroll_2,pipeline_1,unroll_8,2,2.75,0.951713711349,False
workload_4034.cpp,xcu200-fsgd2104-2-e,5,158.86463,43,0,0,0,0,cyclic_16_1,cyclic_4_1,complete_1,unroll_2,unroll_2,pipeline_1,1,0,0.744685374627,False
workload_3968.cpp,xcu200-fsgd2104-2-e,5,166.08211,71,0,0,0,1,cyclic_16_1,cyclic_4_1,complete_1,unroll_2,unroll_2,unroll_16,1,0.25,0.72638872091,False
workload_4074.cpp,xcu200-fsgd2104-2-e,5,164.58451,162,0,0,0,3,cyclic_16_1,cyclic_4_1,complete_1,unroll_2,unroll_2,unroll_64,1,0.75,0.729694659913,False
workload_3848.cpp,xcu200-fsgd2104-2-e,5,28.40413,1420,0,0,4,16,cyclic_16_1,cyclic_4_1,complete_1,unroll_4,pipeline_1,pipeline_1,1,5,0.929727637162,False
workload_3950.cpp,xcu200-fsgd2104-2-e,5,28.40413,1638,0,0,4,16,cyclic_16_1,cyclic_4_1,complete_1,unroll_4,pipeline_1,unroll_8,1,5,0.929727637162,False
workload_3840.cpp,xcu200-fsgd2104-2-e,5,28.404235,570,0,0,2,9,cyclic_16_1,cyclic_4_1,cyclic_2_1,unroll_2,pipeline_1,pipeline_1,1,2.75,0.951713589318,False
workload_3664.cpp,xcu200-fsgd2104-2-e,5,213.428155,61,1,0,0,1,cyclic_16_1,cyclic_8_1,block_2_1,unroll_2,unroll_2,unroll_8,1,0.5,0.607400802481,False
workload_4080.cpp,xcu200-fsgd2104-2-e,5,28.06691,501,1,0,2,8,cyclic_2_1,block_2_1,block_4_1,unroll_2,pipeline_1,unroll_16,1,2.75,0.952627092828,False
workload_3904.cpp,xcu200-fsgd2104-2-e,5,28.06691,489,1,0,2,8,cyclic_2_1,block_2_1,block_4_1,unroll_2,pipeline_1,unroll_64,1,2.75,0.952627092828,False
workload_3922.cpp,xcu200-fsgd2104-2-e,5,153.37855,43,1,0,0,0,cyclic_2_1,block_2_1,block_4_1,unroll_2,unroll_2,pipeline_1,1,0.25,0.759332175798,False
workload_3890.cpp,xcu200-fsgd2104-2-e,5,145.28727,60,1,0,0,1,cyclic_2_1,block_2_1,block_4_1,unroll_2,unroll_2,unroll_8,1,0.5,0.77377447699,False
workload_3869.cpp,xcu200-fsgd2104-2-e,5,28.066865,499,1,0,2,8,cyclic_2_1,block_2_1,complete_1,unroll_2,pipeline_1,pipeline_1,1,2.75,0.952627214522,False
workload_4146.cpp,xcu200-fsgd2104-2-e,5,28.066865,514,1,0,2,8,cyclic_2_1,block_2_1,complete_1,unroll_2,pipeline_1,unroll_16,1,2.75,0.952627214522,False
workload_3980.cpp,xcu200-fsgd2104-2-e,5,28.066865,416,1,0,2,8,cyclic_2_1,block_2_1,complete_1,unroll_2,pipeline_1,unroll_2,1,2.75,0.952627214522,False
workload_4108.cpp,xcu200-fsgd2104-2-e,5,28.066865,526,1,0,2,8,cyclic_2_1,block_2_1,complete_1,unroll_2,pipeline_1,unroll_32,1,2.75,0.952627214522,False
workload_4106.cpp,xcu200-fsgd2104-2-e,5,28.066865,489,1,0,2,8,cyclic_2_1,block_2_1,complete_1,unroll_2,pipeline_1,unroll_4,1,2.75,0.952627214522,False
workload_4012.cpp,xcu200-fsgd2104-2-e,5,28.066865,481.5,1,0,2,8,cyclic_2_1,block_2_1,complete_1,unroll_2,pipeline_1,unroll_64,2,2.75,0.952627214522,False
workload_3885.cpp,xcu200-fsgd2104-2-e,5,153.378465,41,1,0,0,0,cyclic_2_1,block_2_1,complete_1,unroll_2,unroll_2,pipeline_1,1,0.25,0.759332378854,False
workload_4068.cpp,xcu200-fsgd2104-2-e,5,143.872825,80,1,0,1,2,cyclic_2_1,block_2_1,complete_1,unroll_2,unroll_2,unroll_16,1,1,1,True
workload_4040.cpp,xcu200-fsgd2104-2-e,5,149.780025,43,1,0,0,0,cyclic_2_1,block_2_1,complete_1,unroll_2,unroll_2,unroll_2,1,0.25,0.766438082898,False
workload_3732.cpp,xcu200-fsgd2104-2-e,5,148.116025,45,1,0,0,1,cyclic_2_1,block_2_1,complete_1,unroll_2,unroll_2,unroll_4,1,0.5,0.768421624798,False
workload_3903.cpp,xcu200-fsgd2104-2-e,5,142.812025,285,1,0,3,6,cyclic_2_1,block_2_1,complete_1,unroll_2,unroll_2,unroll_64,1,2.5,1,True
workload_4130.cpp,xcu200-fsgd2104-2-e,5,145.287225,56,1,0,0,1,cyclic_2_1,block_2_1,complete_1,unroll_2,unroll_2,unroll_8,1,0.5,0.773774536991,False
workload_3681.cpp,xcu200-fsgd2104-2-e,5,335.497625,864,1,0,7,13,cyclic_2_1,block_2_1,complete_1,unroll_2,unroll_32,unroll_8,1,5.25,0.349386326037,False
workload_3913.cpp,xcu200-fsgd2104-2-e,5,213.824025,784,1,0,6,11,cyclic_2_1,block_2_1,complete_1,unroll_2,unroll_4,unroll_64,1,4.5,0.600172141211,False
workload_4145.cpp,xcu200-fsgd2104-2-e,5,28.06623,531,1,0,2,8,cyclic_2_1,block_2_1,cyclic_2_1,unroll_2,pipeline_1,unroll_16,1,2.75,1,True
workload_4109.cpp,xcu200-fsgd2104-2-e,5,28.06623,533,1,0,2,8,cyclic_2_1,block_2_1,cyclic_2_1,unroll_2,pipeline_1,unroll_2,1,2.75,1,True
workload_4143.cpp,xcu200-fsgd2104-2-e,5,28.06623,559,1,0,2,8,cyclic_2_1,block_2_1,cyclic_2_1,unroll_2,pipeline_1,unroll_64,1,2.75,1,True
workload_4138.cpp,xcu200-fsgd2104-2-e,5,149.78007,43,1,0,0,0,cyclic_2_1,block_2_1,cyclic_2_1,unroll_2,unroll_2,unroll_2,1,0.25,0.766438023519,False
workload_3978.cpp,xcu200-fsgd2104-2-e,5,142.81207,293,1,0,3,6,cyclic_2_1,block_2_1,cyclic_2_1,unroll_2,unroll_2,unroll_64,1,2.5,0.789879277291,False
workload_3721.cpp,xcu200-fsgd2104-2-e,5,28.06691,527,1,0,2,8,cyclic_2_1,block_2_1,cyclic_4_1,unroll_2,pipeline_1,pipeline_1,1,2.75,0.952627092828,False
workload_3871.cpp,xcu200-fsgd2104-2-e,5,28.06691,513,1,0,2,8,cyclic_2_1,block_2_1,cyclic_4_1,unroll_2,pipeline_1,unroll_4,1,2.75,0.952627092828,False
workload_3902.cpp,xcu200-fsgd2104-2-e,5,153.37855,44,1,0,0,0,cyclic_2_1,block_2_1,cyclic_4_1,unroll_2,unroll_2,pipeline_1,1,0.25,0.759332175798,False
workload_3899.cpp,xcu200-fsgd2104-2-e,5,143.87287,83,1,0,1,2,cyclic_2_1,block_2_1,cyclic_4_1,unroll_2,unroll_2,unroll_16,1,1,0.782484575057,False
workload_3972.cpp,xcu200-fsgd2104-2-e,5,149.78007,47,1,0,0,0,cyclic_2_1,block_2_1,cyclic_4_1,unroll_2,unroll_2,unroll_2,1,0.25,0.766438023519,False
workload_4006.cpp,xcu200-fsgd2104-2-e,5,143.16567,144,1,0,1,3,cyclic_2_1,block_2_1,cyclic_4_1,unroll_2,unroll_2,unroll_32,1,1.25,1,True
workload_3976.cpp,xcu200-fsgd2104-2-e,5,142.81207,230,1,0,3,6,cyclic_2_1,block_2_1,cyclic_4_1,unroll_2,unroll_2,unroll_64,1,2.5,0.789879277291,False
workload_3999.cpp,xcu200-fsgd2104-2-e,5,145.28727,50,1,0,0,1,cyclic_2_1,block_2_1,cyclic_4_1,unroll_2,unroll_2,unroll_8,1,0.5,0.77377447699,False
workload_3918.cpp,xcu200-fsgd2104-2-e,5,28.06621,1656,1,0,4,15,cyclic_2_1,block_2_1,cyclic_4_1,unroll_4,pipeline_1,pipeline_1,1,5,0.930743953992,False
workload_4063.cpp,xcu200-fsgd2104-2-e,5,149.78007,43,0,0,0,0,cyclic_2_1,block_4_1,block_2_1,unroll_2,unroll_2,unroll_2,1,0,0.769179872251,False
workload_3830.cpp,xcu200-fsgd2104-2-e,5,341.14247,200,0,2,2,5,cyclic_2_1,block_4_1,block_2_1,unroll_2,unroll_32,unroll_2,1,2.25,0.345651057711,False
workload_4056.cpp,xcu200-fsgd2104-2-e,5,28.07791,530,0,0,5,12,cyclic_2_1,block_4_1,block_4_1,unroll_2,pipeline_1,unroll_16,1,4.25,0.937703367037,False
workload_4054.cpp,xcu200-fsgd2104-2-e,5,28.07791,620,0,0,5,12,cyclic_2_1,block_4_1,block_4_1,unroll_2,pipeline_1,unroll_8,1,4.25,0.937703367037,False
workload_4032.cpp,xcu200-fsgd2104-2-e,5,153.37855,43,0,0,0,0,cyclic_2_1,block_4_1,block_4_1,unroll_2,unroll_2,pipeline_1,1,0,0.759433109729,False
workload_3926.cpp,xcu200-fsgd2104-2-e,5,143.87287,73,0,1,1,2,cyclic_2_1,block_4_1,block_4_1,unroll_2,unroll_2,unroll_16,1,1,0.782484575057,False
workload_3866.cpp,xcu200-fsgd2104-2-e,5,145.28727,61,0,0,0,1,cyclic_2_1,block_4_1,block_4_1,unroll_2,unroll_2,unroll_8,1,0.25,0.776558006893,False
workload_3875.cpp,xcu200-fsgd2104-2-e,5,28.077865,590,0,0,5,12,cyclic_2_1,block_4_1,complete_1,unroll_2,pipeline_1,unroll_16,1,4.25,0.937703437021,False
workload_3843.cpp,xcu200-fsgd2104-2-e,5,28.077865,588,0,0,5,12,cyclic_2_1,block_4_1,complete_1,unroll_2,pipeline_1,unroll_4,2,4.25,0.937703437021,False
workload_3981.cpp,xcu200-fsgd2104-2-e,5,28.077865,488,0,0,5,12,cyclic_2_1,block_4_1,complete_1,unroll_2,pipeline_1,unroll_8,1,4.25,0.937703437021,False
workload_3974.cpp,xcu200-fsgd2104-2-e,5,143.872825,88,0,1,1,2,cyclic_2_1,block_4_1,complete_1,unroll_2,unroll_2,unroll_16,1,1,1,True
workload_3852.cpp,xcu200-fsgd2104-2-e,5,149.780025,43,0,0,0,0,cyclic_2_1,block_4_1,complete_1,unroll_2,unroll_2,unroll_2,1,0,1,True
workload_4072.cpp,xcu200-fsgd2104-2-e,5,143.165625,136,0,2,1,3,cyclic_2_1,block_4_1,complete_1,unroll_2,unroll_2,unroll_32,1,1.5,1,True
workload_3815.cpp,xcu200-fsgd2104-2-e,5,148.116025,46,0,0,0,1,cyclic_2_1,block_4_1,complete_1,unroll_2,unroll_2,unroll_4,1,0.25,0.768837717087,False
workload_3834.cpp,xcu200-fsgd2104-2-e,5,142.812025,298,0,3,3,5,cyclic_2_1,block_4_1,complete_1,unroll_2,unroll_2,unroll_64,1,2.75,0.786329631314,False
workload_3934.cpp,xcu200-fsgd2104-2-e,5,145.287225,60,0,0,0,1,cyclic_2_1,block_4_1,complete_1,unroll_2,unroll_2,unroll_8,1,0.25,0.776558129989,False
workload_3579.cpp,xcu200-fsgd2104-2-e,5,344.881705,148,0,1,3,7,cyclic_2_1,block_4_1,complete_1,unroll_2,unroll_32,pipeline_1,1,2.75,0.338971651572,False
workload_3970.cpp,xcu200-fsgd2104-2-e,5,214.996185,145,0,2,1,3,cyclic_2_1,block_4_1,complete_1,unroll_2,unroll_4,unroll_16,1,1.5,0.603889301785,False
workload_4024.cpp,xcu200-fsgd2104-2-e,5,213.824025,970,0,7,6,10,cyclic_2_1,block_4_1,complete_1,unroll_2,unroll_4,unroll_64,1,5.75,0.592296862957,False
workload_3920.cpp,xcu200-fsgd2104-2-e,5,255.720665,3128,0,15,12,19,cyclic_2_1,block_4_1,complete_1,unroll_2,unroll_8,unroll_64,1,11.5,0.448450398977,False
workload_3787.cpp,xcu200-fsgd2104-2-e,5,143.914365,142,0,2,1,3,cyclic_2_1,block_4_1,complete_1,unroll_4,unroll_2,unroll_16,1,1.5,0.783668477303,False
workload_3615.cpp,xcu200-fsgd2104-2-e,5,148.282365,57,0,0,0,1,cyclic_2_1,block_4_1,complete_1,unroll_4,unroll_2,unroll_4,1,0.25,0.768384846696,False
workload_3800.cpp,xcu200-fsgd2104-2-e,5,142.822365,858,0,7,6,10,cyclic_2_1,block_4_1,complete_1,unroll_4,unroll_2,unroll_64,1,5.75,0.737521356769,False
workload_3715.cpp,xcu200-fsgd2104-2-e,5,344.881645,375,0,2,7,15,cyclic_2_1,block_4_1,complete_1,unroll_4,unroll_32,pipeline_1,1,6,0.332043142122,False
workload_3906.cpp,xcu200-fsgd2104-2-e,5,28.07723,591.5,0,0,5,12,cyclic_2_1,block_4_1,cyclic_2_1,unroll_2,pipeline_1,unroll_4,2,4.25,0.937704424565,False
workload_4112.cpp,xcu200-fsgd2104-2-e,5,28.07723,617,0,0,5,12,cyclic_2_1,block_4_1,cyclic_2_1,unroll_2,pipeline_1,unroll_8,1,4.25,0.937704424565,False
workload_3959.cpp,xcu200-fsgd2104-2-e,5,153.37855,46,0,0,0,0,cyclic_2_1,block_4_1,cyclic_2_1,unroll_2,unroll_2,pipeline_1,1,0,0.759433109729,False
workload_3821.cpp,xcu200-fsgd2104-2-e,5,149.78007,43,0,0,0,0,cyclic_2_1,block_4_1,cyclic_2_1,unroll_2,unroll_2,unroll_2,1,0,0.769179872251,False
workload_3961.cpp,xcu200-fsgd2104-2-e,5,148.11607,49,0,0,0,1,cyclic_2_1,block_4_1,cyclic_2_1,unroll_2,unroll_2,unroll_4,1,0.25,0.768837594555,False
workload_4023.cpp,xcu200-fsgd2104-2-e,5,142.82245,984,0,7,6,10,cyclic_2_1,block_4_1,cyclic_2_1,unroll_4,unroll_2,unroll_64,1,5.75,0.73752124102,False
workload_3963.cpp,xcu200-fsgd2104-2-e,5,224.51085,66,0,0,1,2,cyclic_2_1,block_4_1,cyclic_2_1,unroll_4,unroll_4,pipeline_1,1,0.75,0.58143602748,False
workload_3878.cpp,xcu200-fsgd2104-2-e,5,28.07791,587,0,0,5,12,cyclic_2_1,block_4_1,cyclic_4_1,unroll_2,pipeline_1,unroll_16,1,4.25,0.937703367037,False
workload_3911.cpp,xcu200-fsgd2104-2-e,5,28.07791,538,0,0,5,12,cyclic_2_1,block_4_1,cyclic_4_1,unroll_2,pipeline_1,unroll_4,1,4.25,0.937703367037,False
workload_3923.cpp,xcu200-fsgd2104-2-e,5,158.70335,43,0,0,0,0,cyclic_2_1,block_4_1,cyclic_4_1,unroll_2,unroll_2,pipeline_1,1,0,0.745116972223,False
workload_3893.cpp,xcu200-fsgd2104-2-e,5,143.87287,78,0,1,1,2,cyclic_2_1,block_4_1,cyclic_4_1,unroll_2,unroll_2,unroll_16,1,1,0.782484575057,False
workload_4113.cpp,xcu200-fsgd2104-2-e,5,142.81207,283,0,3,3,5,cyclic_2_1,block_4_1,cyclic_4_1,unroll_2,unroll_2,unroll_64,1,2.75,0.786329568111,False
workload_3889.cpp,xcu200-fsgd2104-2-e,5,145.28727,60,0,0,0,1,cyclic_2_1,block_4_1,cyclic_4_1,unroll_2,unroll_2,unroll_8,1,0.25,0.776558006893,False
workload_3849.cpp,xcu200-fsgd2104-2-e,5,28.07687,1725,0,0,11,23,cyclic_2_1,block_4_1,cyclic_4_1,unroll_4,pipeline_1,unroll_16,1,8.5,0.838606360016,False
workload_3744.cpp,xcu200-fsgd2104-2-e,5,143.91445,134,0,2,1,3,cyclic_2_1,block_4_1,cyclic_4_1,unroll_4,unroll_2,unroll_16,1,1.5,0.783668240119,False
workload_3857.cpp,xcu200-fsgd2104-2-e,5,148.28245,62,0,0,0,1,cyclic_2_1,block_4_1,cyclic_4_1,unroll_4,unroll_2,unroll_4,1,0.25,0.76838461531,False
workload_4000.cpp,xcu200-fsgd2104-2-e,5,190.63647,65,1,0,0,1,cyclic_2_1,block_8_1,block_4_1,unroll_2,unroll_2,unroll_8,1,0.5,0.6635821945,False
workload_3663.cpp,xcu200-fsgd2104-2-e,5,195.711535,139,1,1,1,3,cyclic_2_1,block_8_1,complete_1,unroll_17,unroll_2,unroll_2,1,1.5,0.650344121943,False
workload_4011.cpp,xcu200-fsgd2104-2-e,5,189.222025,95,1,1,1,2,cyclic_2_1,block_8_1,complete_1,unroll_2,unroll_2,unroll_16,1,1.25,0.666882648626,False
workload_3776.cpp,xcu200-fsgd2104-2-e,5,195.129225,45,1,0,0,0,cyclic_2_1,block_8_1,complete_1,unroll_2,unroll_2,unroll_2,1,0.25,0.651716378778,False
workload_4004.cpp,xcu200-fsgd2104-2-e,5,190.636425,68,1,0,0,1,cyclic_2_1,block_8_1,complete_1,unroll_2,unroll_2,unroll_8,1,0.5,0.663582307924,False
workload_3698.cpp,xcu200-fsgd2104-2-e,5,193.631565,67,1,0,0,1,cyclic_2_1,block_8_1,complete_1,unroll_4,unroll_2,unroll_4,1,0.5,0.65605367781,False
workload_3888.cpp,xcu200-fsgd2104-2-e,5,167.75125,59,1,0,0,1,cyclic_2_1,cyclic_2_1,block_4_1,unroll_4,unroll_2,unroll_8,1,0.5,0.722214279279,False
workload_4065.cpp,xcu200-fsgd2104-2-e,5,165.754425,59,1,0,0,1,cyclic_2_1,cyclic_2_1,complete_1,unroll_2,unroll_2,unroll_16,1,0.5,0.727362387147,False
workload_3931.cpp,xcu200-fsgd2104-2-e,5,164.256825,154,1,0,0,3,cyclic_2_1,cyclic_2_1,complete_1,unroll_2,unroll_2,unroll_64,1,1,0.729215333738,False
workload_3668.cpp,xcu200-fsgd2104-2-e,5,153.201645,49,1,0,0,1,cyclic_2_1,cyclic_2_1,complete_1,unroll_4,unroll_2,pipeline_1,1,0.5,0.757826774645,False
workload_3927.cpp,xcu200-fsgd2104-2-e,5,165.754365,76,1,0,0,2,cyclic_2_1,cyclic_2_1,complete_1,unroll_4,unroll_2,unroll_16,1,0.75,0.726789036023,False
workload_4005.cpp,xcu200-fsgd2104-2-e,5,165.75447,69,1,0,0,1,cyclic_2_1,cyclic_2_1,cyclic_2_1,unroll_2,unroll_2,unroll_16,1,0.5,0.727362271315,False
workload_4017.cpp,xcu200-fsgd2104-2-e,5,28.07655,682,0,0,2,9,cyclic_2_1,cyclic_4_1,block_4_1,unroll_2,pipeline_1,unroll_16,1,2.75,0.95260102213,False
workload_4052.cpp,xcu200-fsgd2104-2-e,5,28.07655,580,0,0,2,9,cyclic_2_1,cyclic_4_1,block_4_1,unroll_2,pipeline_1,unroll_64,1,2.75,0.95260102213,False
workload_3986.cpp,xcu200-fsgd2104-2-e,5,28.07655,679,0,0,2,9,cyclic_2_1,cyclic_4_1,block_4_1,unroll_2,pipeline_1,unroll_8,1,2.75,0.95260102213,False
workload_4084.cpp,xcu200-fsgd2104-2-e,5,28.076505,598,0,0,2,9,cyclic_2_1,cyclic_4_1,complete_1,unroll_2,pipeline_1,pipeline_1,2,2.75,0.952601143835,False
workload_4055.cpp,xcu200-fsgd2104-2-e,5,28.076505,627,0,0,2,9,cyclic_2_1,cyclic_4_1,complete_1,unroll_2,pipeline_1,unroll_64,1,2.75,0.952601143835,False
workload_4144.cpp,xcu200-fsgd2104-2-e,5,28.076505,579,0,0,2,9,cyclic_2_1,cyclic_4_1,complete_1,unroll_2,pipeline_1,unroll_8,1,2.75,0.952601143835,False
workload_4095.cpp,xcu200-fsgd2104-2-e,5,155.874545,40.5,0,0,0,0,cyclic_2_1,cyclic_4_1,complete_1,unroll_2,unroll_2,pipeline_1,2,0,0.752706428283,False
workload_4132.cpp,xcu200-fsgd2104-2-e,5,165.754425,66,0,0,0,1,cyclic_2_1,cyclic_4_1,complete_1,unroll_2,unroll_2,unroll_16,1,0.25,0.727250273409,False
workload_4041.cpp,xcu200-fsgd2104-2-e,5,179.731985,40,0,0,0,0,cyclic_2_1,cyclic_4_1,complete_1,unroll_2,unroll_2,unroll_2,1,0,0.689882951652,False
workload_4098.cpp,xcu200-fsgd2104-2-e,5,167.751225,49,0,0,0,1,cyclic_2_1,cyclic_4_1,complete_1,unroll_2,unroll_2,unroll_8,1,0.25,0.722004140923,False
workload_4070.cpp,xcu200-fsgd2104-2-e,5,251.280345,48,0,0,0,1,cyclic_2_1,cyclic_4_1,complete_1,unroll_2,unroll_4,unroll_2,1,0.25,0.519643555896,False
workload_4021.cpp,xcu200-fsgd2104-2-e,5,28.07655,647,0,0,2,9,cyclic_2_1,cyclic_4_1,cyclic_2_1,unroll_2,pipeline_1,unroll_2,1,2.75,0.95260102213,False
workload_3998.cpp,xcu200-fsgd2104-2-e,5,167.75127,47,0,0,0,1,cyclic_2_1,cyclic_4_1,cyclic_2_1,unroll_2,unroll_2,unroll_8,1,0.25,0.722004022811,False
workload_4050.cpp,xcu200-fsgd2104-2-e,5,28.07655,571,0,0,2,9,cyclic_2_1,cyclic_4_1,cyclic_4_1,unroll_2,pipeline_1,unroll_32,1,2.75,0.95260102213,False
workload_4101.cpp,xcu200-fsgd2104-2-e,5,153.21223,42,0,0,0,0,cyclic_2_1,cyclic_4_1,cyclic_4_1,unroll_2,unroll_2,pipeline_1,1,0,0.75988233424,False
workload_4076.cpp,xcu200-fsgd2104-2-e,5,143.13971,272,3,0,3,5,cyclic_32_1,block_2_1,complete_1,unroll_2,unroll_2,unroll_64,1,2.75,0.785843933775,False
workload_4013.cpp,xcu200-fsgd2104-2-e,5,28.404235,521,3,0,2,8,cyclic_32_1,block_2_1,cyclic_2_1,unroll_2,pipeline_1,unroll_4,1,3.25,0.948861585957,False
workload_3540.cpp,xcu200-fsgd2104-2-e,5,28.405595,671,3,0,6,11,cyclic_32_1,block_4_1,block_4_1,unroll_2,pipeline_1,unroll_64,1,5,0.929723229814,False
workload_3647.cpp,xcu200-fsgd2104-2-e,5,28.405575,1754,3,0,11,22,cyclic_32_1,block_4_1,block_4_1,unroll_4,pipeline_1,unroll_2,1,9,0.822109070391,False
workload_3759.cpp,xcu200-fsgd2104-2-e,5,28.40555,577,3,0,6,11,cyclic_32_1,block_4_1,complete_1,unroll_2,pipeline_1,pipeline_1,1,5,0.929723365194,False
workload_3723.cpp,xcu200-fsgd2104-2-e,5,28.40555,578,3,0,6,11,cyclic_32_1,block_4_1,complete_1,unroll_2,pipeline_1,unroll_64,1,5,0.929723365194,False
workload_4069.cpp,xcu200-fsgd2104-2-e,5,144.03411,92,3,1,1,2,cyclic_32_1,block_4_1,complete_1,unroll_2,unroll_2,unroll_16,1,1.75,0.78119340873,False
workload_3674.cpp,xcu200-fsgd2104-2-e,5,143.13971,291,3,3,3,5,cyclic_32_1,block_4_1,complete_1,unroll_2,unroll_2,unroll_64,1,3.5,0.774731317986,False
workload_4037.cpp,xcu200-fsgd2104-2-e,5,145.28211,70,3,0,0,1,cyclic_32_1,block_4_1,complete_1,unroll_2,unroll_2,unroll_8,1,1,0.778582398538,False
workload_3683.cpp,xcu200-fsgd2104-2-e,5,28.40549,1642,3,0,11,22,cyclic_32_1,block_4_1,complete_1,unroll_4,pipeline_1,unroll_8,1,9,0.822109161537,False
workload_3633.cpp,xcu200-fsgd2104-2-e,5,199.055435,52,3,0,0,1,cyclic_32_1,block_8_1,block_2_1,unroll_2,unroll_2,pipeline_1,1,1,0.642894940458,False
workload_3575.cpp,xcu200-fsgd2104-2-e,5,189.383355,97,3,1,1,2,cyclic_32_1,block_8_1,block_2_1,unroll_2,unroll_2,unroll_16,1,1.75,0.664807942909,False
workload_3493.cpp,xcu200-fsgd2104-2-e,5,190.631355,80,3,0,0,2,cyclic_32_1,block_8_1,block_2_1,unroll_2,unroll_2,unroll_8,1,1.25,0.663401070582,False
workload_4116.cpp,xcu200-fsgd2104-2-e,5,28.58099,642,3,0,7,13,cyclic_32_1,block_8_1,complete_1,unroll_2,pipeline_1,unroll_64,1,5.75,0.91717662235,False
workload_3577.cpp,xcu200-fsgd2104-2-e,5,189.38331,107,3,1,1,2,cyclic_32_1,block_8_1,complete_1,unroll_2,unroll_2,unroll_16,1,1.75,0.664808051331,False
workload_3534.cpp,xcu200-fsgd2104-2-e,5,190.63131,78,3,0,0,2,cyclic_32_1,block_8_1,complete_1,unroll_2,unroll_2,unroll_8,1,1.25,0.663401181701,False
workload_3616.cpp,xcu200-fsgd2104-2-e,5,190.631355,71,3,0,0,2,cyclic_32_1,block_8_1,cyclic_2_1,unroll_2,unroll_2,unroll_8,1,1.25,0.663401070582,False
workload_3760.cpp,xcu200-fsgd2104-2-e,5,211.431355,346,3,0,0,10,cyclic_32_1,cyclic_128_1,block_4_1,unroll_2,unroll_2,unroll_16,1,3.25,0.60938013578,False
workload_3584.cpp,xcu200-fsgd2104-2-e,5,299.04618,431,3,0,1,8,cyclic_32_1,cyclic_16_1,complete_1,unroll_17,unroll_4,pipeline_1,1,3,0.420666416864,False
workload_3711.cpp,xcu200-fsgd2104-2-e,5,198.87855,49,3,0,0,1,cyclic_32_1,cyclic_16_1,complete_1,unroll_2,unroll_2,pipeline_1,1,1,0.64333074493,False
workload_3586.cpp,xcu200-fsgd2104-2-e,5,28.404235,563,3,0,2,8,cyclic_32_1,cyclic_2_1,block_4_1,unroll_2,pipeline_1,unroll_32,1,3.25,0.948861585957,False
workload_3494.cpp,xcu200-fsgd2104-2-e,5,28.404235,569,3,0,2,8,cyclic_32_1,cyclic_2_1,block_4_1,unroll_2,pipeline_1,unroll_64,1,3.25,0.948861585957,False
workload_3637.cpp,xcu200-fsgd2104-2-e,5,28.40419,504,3,0,2,8,cyclic_32_1,cyclic_2_1,complete_1,unroll_2,pipeline_1,unroll_2,1,3.25,0.948861648182,False
workload_3596.cpp,xcu200-fsgd2104-2-e,5,28.40413,1550,3,0,4,15,cyclic_32_1,cyclic_2_1,complete_1,unroll_4,pipeline_1,pipeline_1,1,5.5,0.922564636297,False
workload_3872.cpp,xcu200-fsgd2104-2-e,5,28.404235,489,3,0,2,8,cyclic_32_1,cyclic_2_1,cyclic_2_1,unroll_2,pipeline_1,unroll_2,1,3.25,0.948861585957,False
workload_3656.cpp,xcu200-fsgd2104-2-e,5,168.078955,58,3,0,0,1,cyclic_32_1,cyclic_2_1,cyclic_4_1,unroll_2,unroll_2,unroll_8,1,1,0.720019454472,False
workload_3620.cpp,xcu200-fsgd2104-2-e,5,213.42811,89,3,0,0,2,cyclic_32_1,cyclic_32_1,complete_1,unroll_2,unroll_2,unroll_8,1,1.25,0.607877927938,False
workload_3582.cpp,xcu200-fsgd2104-2-e,5,198.878585,295,3,0,0,5,cyclic_32_1,cyclic_32_1,cyclic_4_1,unroll_17,unroll_2,pipeline_1,1,2,0.640969579428,False
workload_3543.cpp,xcu200-fsgd2104-2-e,5,452.057815,2626,3,0,2,22,cyclic_32_1,cyclic_32_1,cyclic_4_1,unroll_4,unroll_32,pipeline_1,1,6.75,0.18891886435,False
workload_4110.cpp,xcu200-fsgd2104-2-e,5,28.40419,550,3,0,2,9,cyclic_32_1,cyclic_4_1,complete_1,unroll_2,pipeline_1,pipeline_1,1,3.5,0.946672321057,False
workload_3457.cpp,xcu200-fsgd2104-2-e,5,293.63946,1739,4,0,1,15,cyclic_32_1,cyclic_64_1,complete_1,unroll_17,unroll_4,pipeline_1,1,5,0.426165690009,False
workload_3590.cpp,xcu200-fsgd2104-2-e,5,198.878585,475,4,0,0,7,cyclic_32_1,cyclic_64_1,cyclic_2_1,unroll_17,unroll_2,pipeline_1,1,2.75,0.640579594422,False
workload_3725.cpp,xcu200-fsgd2104-2-e,5,28.58995,800,3,1,5,18,cyclic_32_1,cyclic_8_1,complete_1,unroll_2,pipeline_1,pipeline_1,1,6.75,0.891824736482,False
workload_3626.cpp,xcu200-fsgd2104-2-e,5,198.87855,46,3,0,0,0,cyclic_32_1,cyclic_8_1,complete_1,unroll_2,unroll_2,pipeline_1,1,0.75,0.643284833834,False
workload_4007.cpp,xcu200-fsgd2104-2-e,5,189.222025,113,2,1,1,2,cyclic_4_1,block_16_1,complete_1,unroll_2,unroll_2,unroll_16,1,1.5,0.666178745098,False
workload_3766.cpp,xcu200-fsgd2104-2-e,5,28.242925,2021,2,0,16,27,cyclic_4_1,block_16_1,complete_1,unroll_4,pipeline_1,pipeline_1,1,11.25,0.749748053558,False
workload_3836.cpp,xcu200-fsgd2104-2-e,5,28.06691,480,2,0,2,8,cyclic_4_1,block_2_1,block_4_1,unroll_2,pipeline_1,pipeline_1,1,3,0.951117113577,False
workload_3837.cpp,xcu200-fsgd2104-2-e,5,28.06691,500,2,0,2,8,cyclic_4_1,block_2_1,block_4_1,unroll_2,pipeline_1,unroll_64,1,3,0.951117113577,False
workload_3791.cpp,xcu200-fsgd2104-2-e,5,147.45047,46,2,0,0,1,cyclic_4_1,block_2_1,block_4_1,unroll_2,unroll_2,unroll_4,1,0.75,0.77159074688,False
workload_3822.cpp,xcu200-fsgd2104-2-e,5,147.61685,57,2,0,0,1,cyclic_4_1,block_2_1,block_4_1,unroll_4,unroll_2,unroll_4,1,0.75,0.77113409499,False
workload_3477.cpp,xcu200-fsgd2104-2-e,5,28.066865,539,2,0,2,8,cyclic_4_1,block_2_1,complete_1,unroll_2,pipeline_1,pipeline_1,1,3,0.95111716768,False
workload_3945.cpp,xcu200-fsgd2104-2-e,5,28.066865,395,2,0,2,8,cyclic_4_1,block_2_1,complete_1,unroll_2,pipeline_1,unroll_16,1,3,0.95111716768,False
workload_3943.cpp,xcu200-fsgd2104-2-e,5,28.066865,504,2,0,2,8,cyclic_4_1,block_2_1,complete_1,unroll_2,pipeline_1,unroll_2,1,3,0.95111716768,False
workload_3876.cpp,xcu200-fsgd2104-2-e,5,28.066865,469,2,0,2,8,cyclic_4_1,block_2_1,complete_1,unroll_2,pipeline_1,unroll_4,1,3,0.95111716768,False
workload_4081.cpp,xcu200-fsgd2104-2-e,5,28.066865,501,2,0,2,8,cyclic_4_1,block_2_1,complete_1,unroll_2,pipeline_1,unroll_64,1,3,0.95111716768,False
workload_3693.cpp,xcu200-fsgd2104-2-e,5,153.378465,42,2,0,0,0,cyclic_4_1,block_2_1,complete_1,unroll_2,unroll_2,pipeline_1,1,0.5,0.757468109306,False
workload_4043.cpp,xcu200-fsgd2104-2-e,5,143.872825,79,2,0,1,2,cyclic_4_1,block_2_1,complete_1,unroll_2,unroll_2,unroll_16,1,1.25,0.782674222064,False
workload_3859.cpp,xcu200-fsgd2104-2-e,5,149.780025,46,2,0,0,0,cyclic_4_1,block_2_1,complete_1,unroll_2,unroll_2,unroll_2,1,0.5,0.764416131532,False
workload_3777.cpp,xcu200-fsgd2104-2-e,5,147.450425,45,2,0,0,1,cyclic_4_1,block_2_1,complete_1,unroll_2,unroll_2,unroll_4,1,0.75,0.771590870407,False
workload_3933.cpp,xcu200-fsgd2104-2-e,5,142.812025,235,2,0,3,5,cyclic_4_1,block_2_1,complete_1,unroll_2,unroll_2,unroll_64,1,2.5,1,True
workload_4035.cpp,xcu200-fsgd2104-2-e,5,145.287225,57,2,0,0,1,cyclic_4_1,block_2_1,complete_1,unroll_2,unroll_2,unroll_8,1,0.75,0.777539938734,False
workload_3704.cpp,xcu200-fsgd2104-2-e,5,258.663705,133,2,0,2,3,cyclic_4_1,block_2_1,complete_1,unroll_2,unroll_8,unroll_8,1,1.75,0.504635655392,False
workload_3801.cpp,xcu200-fsgd2104-2-e,5,28.067145,1386,2,0,4,16,cyclic_4_1,block_2_1,complete_1,unroll_4,pipeline_1,pipeline_1,1,5.5,0.923477220115,False
workload_3803.cpp,xcu200-fsgd2104-2-e,5,28.067145,1495,2,0,4,16,cyclic_4_1,block_2_1,complete_1,unroll_4,pipeline_1,unroll_4,1,5.5,0.923477220115,False
workload_3817.cpp,xcu200-fsgd2104-2-e,5,147.616765,57,2,0,0,1,cyclic_4_1,block_2_1,complete_1,unroll_4,unroll_2,unroll_4,1,0.75,0.77113432825,False
workload_4020.cpp,xcu200-fsgd2104-2-e,5,142.822365,827,2,0,6,11,cyclic_4_1,block_2_1,complete_1,unroll_4,unroll_2,unroll_64,1,4.75,0.755032083277,False
workload_3741.cpp,xcu200-fsgd2104-2-e,5,145.370365,76,2,0,1,2,cyclic_4_1,block_2_1,complete_1,unroll_4,unroll_2,unroll_8,1,1.25,0.778515419608,False
workload_4119.cpp,xcu200-fsgd2104-2-e,5,28.06623,510,2,0,2,8,cyclic_4_1,block_2_1,cyclic_2_1,unroll_2,pipeline_1,unroll_64,1,3,0.951117931024,False
workload_3619.cpp,xcu200-fsgd2104-2-e,5,153.37855,40,2,0,0,0,cyclic_4_1,block_2_1,cyclic_2_1,unroll_2,unroll_2,pipeline_1,1,0.5,0.757467935792,False
workload_3677.cpp,xcu200-fsgd2104-2-e,5,28.06691,470,2,0,2,8,cyclic_4_1,block_2_1,cyclic_4_1,unroll_2,pipeline_1,pipeline_1,2,3,0.951117113577,False
workload_3710.cpp,xcu200-fsgd2104-2-e,5,156.04095,41.5,2,0,0,0,cyclic_4_1,block_2_1,cyclic_4_1,unroll_2,unroll_2,pipeline_1,2,0.5,0.751617665988,False
workload_3814.cpp,xcu200-fsgd2104-2-e,5,147.45047,46,2,0,0,1,cyclic_4_1,block_2_1,cyclic_4_1,unroll_2,unroll_2,unroll_4,1,0.75,0.77159074688,False
workload_4077.cpp,xcu200-fsgd2104-2-e,5,142.81207,280,2,0,3,5,cyclic_4_1,block_2_1,cyclic_4_1,unroll_2,unroll_2,unroll_64,1,2.5,0.789879277291,False
workload_3742.cpp,xcu200-fsgd2104-2-e,5,147.45047,51,1,0,0,1,cyclic_4_1,block_4_1,block_2_1,unroll_2,unroll_2,unroll_4,1,0.5,0.769905227318,False
workload_3580.cpp,xcu200-fsgd2104-2-e,5,142.81207,300,1,3,3,5,cyclic_4_1,block_4_1,block_4_1,unroll_2,unroll_2,unroll_64,1,3,0.782699406925,False
workload_3856.cpp,xcu200-fsgd2104-2-e,5,145.28727,57,1,0,0,1,cyclic_4_1,block_4_1,block_4_1,unroll_2,unroll_2,unroll_8,1,0.5,0.77377447699,False
workload_3541.cpp,xcu200-fsgd2104-2-e,5,28.077865,547,1,0,6,12,cyclic_4_1,block_4_1,complete_1,unroll_2,pipeline_1,pipeline_1,3,4.75,0.932654512628,False
workload_4015.cpp,xcu200-fsgd2104-2-e,5,28.077865,619,1,0,6,12,cyclic_4_1,block_4_1,complete_1,unroll_2,pipeline_1,unroll_16,1,4.75,0.932654512628,False
workload_3912.cpp,xcu200-fsgd2104-2-e,5,28.077865,585,1,0,6,12,cyclic_4_1,block_4_1,complete_1,unroll_2,pipeline_1,unroll_2,1,4.75,0.932654512628,False
workload_3722.cpp,xcu200-fsgd2104-2-e,5,28.077865,583,1,0,6,12,cyclic_4_1,block_4_1,complete_1,unroll_2,pipeline_1,unroll_4,1,4.75,0.932654512628,False
workload_3757.cpp,xcu200-fsgd2104-2-e,5,28.077865,585,1,0,6,12,cyclic_4_1,block_4_1,complete_1,unroll_2,pipeline_1,unroll_64,2,4.75,0.932654512628,False
workload_3643.cpp,xcu200-fsgd2104-2-e,5,28.077865,532,1,0,6,12,cyclic_4_1,block_4_1,complete_1,unroll_2,pipeline_1,unroll_8,1,4.75,0.932654512628,False
workload_3825.cpp,xcu200-fsgd2104-2-e,5,156.040865,42,1,0,0,0,cyclic_4_1,block_4_1,complete_1,unroll_2,unroll_2,pipeline_1,2,0.25,0.752691617061,False
workload_3938.cpp,xcu200-fsgd2104-2-e,5,143.872825,87,1,1,1,2,cyclic_4_1,block_4_1,complete_1,unroll_2,unroll_2,unroll_16,1,1.25,0.782674222064,False
workload_3673.cpp,xcu200-fsgd2104-2-e,5,149.780025,44,1,0,0,0,cyclic_4_1,block_4_1,complete_1,unroll_2,unroll_2,unroll_2,1,0.25,0.766438082898,False
workload_4136.cpp,xcu200-fsgd2104-2-e,5,143.165625,142,1,2,1,3,cyclic_4_1,block_4_1,complete_1,unroll_2,unroll_2,unroll_32,1,1.75,0.782565157292,False
workload_3714.cpp,xcu200-fsgd2104-2-e,5,142.812025,298,1,3,3,5,cyclic_4_1,block_4_1,complete_1,unroll_2,unroll_2,unroll_64,1,3,0.782699470155,False
workload_4036.cpp,xcu200-fsgd2104-2-e,5,145.287225,60,1,0,0,1,cyclic_4_1,block_4_1,complete_1,unroll_2,unroll_2,unroll_8,1,0.5,0.773774536991,False
workload_3684.cpp,xcu200-fsgd2104-2-e,5,28.077805,1704,1,0,11,23,cyclic_4_1,block_4_1,complete_1,unroll_4,pipeline_1,pipeline_1,2,8.75,0.830544035778,False
workload_3804.cpp,xcu200-fsgd2104-2-e,5,28.077805,1686,1,0,11,23,cyclic_4_1,block_4_1,complete_1,unroll_4,pipeline_1,unroll_8,1,8.75,0.830544035778,False
workload_3826.cpp,xcu200-fsgd2104-2-e,5,143.914365,138,1,2,1,3,cyclic_4_1,block_4_1,complete_1,unroll_4,unroll_2,unroll_16,1,1.75,0.781402680916,False
workload_3790.cpp,xcu200-fsgd2104-2-e,5,147.616765,63,1,0,0,1,cyclic_4_1,block_4_1,complete_1,unroll_4,unroll_2,unroll_4,1,0.5,0.769543470846,False
workload_3844.cpp,xcu200-fsgd2104-2-e,5,142.822365,858,1,7,6,10,cyclic_4_1,block_4_1,complete_1,unroll_4,unroll_2,unroll_64,1,6,0.732960222456,False
workload_3831.cpp,xcu200-fsgd2104-2-e,5,145.370365,86,1,1,1,2,cyclic_4_1,block_4_1,complete_1,unroll_4,unroll_2,unroll_8,1,1.25,0.778515419608,False
workload_3966.cpp,xcu200-fsgd2104-2-e,5,143.87287,87,1,1,1,2,cyclic_4_1,block_4_1,cyclic_2_1,unroll_2,unroll_2,unroll_16,1,1.25,0.782674096929,False
workload_4009.cpp,xcu200-fsgd2104-2-e,5,142.81207,332,1,3,3,5,cyclic_4_1,block_4_1,cyclic_2_1,unroll_2,unroll_2,unroll_64,1,3,0.782699406925,False
workload_3659.cpp,xcu200-fsgd2104-2-e,5,153.37853,52,1,0,0,1,cyclic_4_1,block_4_1,cyclic_2_1,unroll_4,unroll_2,pipeline_1,1,0.5,0.757467976618,False
workload_3642.cpp,xcu200-fsgd2104-2-e,5,28.07791,592,1,0,6,12,cyclic_4_1,block_4_1,cyclic_4_1,unroll_2,pipeline_1,pipeline_1,1,4.75,0.932654373173,False
workload_3798.cpp,xcu200-fsgd2104-2-e,5,28.07791,584,1,0,6,12,cyclic_4_1,block_4_1,cyclic_4_1,unroll_2,pipeline_1,unroll_4,1,4.75,0.932654373173,False
workload_4096.cpp,xcu200-fsgd2104-2-e,5,145.28727,55,1,0,0,1,cyclic_4_1,block_4_1,cyclic_4_1,unroll_2,unroll_2,unroll_8,1,0.5,0.77377447699,False
workload_3680.cpp,xcu200-fsgd2104-2-e,5,28.242985,695,3,0,8,15,cyclic_4_1,block_64_1,complete_1,unroll_2,pipeline_1,pipeline_1,1,6.5,0.899491058151,False
workload_3697.cpp,xcu200-fsgd2104-2-e,5,198.727665,58,3,0,0,1,cyclic_4_1,block_64_1,complete_1,unroll_2,unroll_2,pipeline_1,1,1,0.64370258787,False
workload_3860.cpp,xcu200-fsgd2104-2-e,5,192.79967,51,2,0,0,1,cyclic_4_1,block_8_1,block_2_1,unroll_2,unroll_2,unroll_4,1,0.75,0.658411360924,False
workload_3854.cpp,xcu200-fsgd2104-2-e,5,198.727665,43,2,0,0,1,cyclic_4_1,block_8_1,complete_1,unroll_2,unroll_2,pipeline_1,1,0.75,0.643658345417,False
workload_3751.cpp,xcu200-fsgd2104-2-e,5,188.161225,354,2,3,3,6,cyclic_4_1,block_8_1,complete_1,unroll_2,unroll_2,unroll_64,1,3.5,0.666902492572,False
workload_3738.cpp,xcu200-fsgd2104-2-e,5,198.550865,84,1,0,0,2,cyclic_4_1,cyclic_128_1,complete_1,unroll_2,unroll_2,pipeline_1,1,0.75,0.644096138769,False
workload_3629.cpp,xcu200-fsgd2104-2-e,5,211.10367,81,2,0,0,2,cyclic_4_1,cyclic_16_1,block_2_1,unroll_2,unroll_2,unroll_16,1,1,0.613522356949,False
workload_3597.cpp,xcu200-fsgd2104-2-e,5,28.257105,1479,2,1,6,32,cyclic_4_1,cyclic_16_1,complete_1,unroll_2,pipeline_1,pipeline_1,1,10.25,0.781825496132,False
workload_3726.cpp,xcu200-fsgd2104-2-e,5,28.25715,1343,2,1,6,32,cyclic_4_1,cyclic_16_1,cyclic_4_1,unroll_2,pipeline_1,pipeline_1,1,10.25,0.781825458676,False
workload_3886.cpp,xcu200-fsgd2104-2-e,5,179.73207,41,2,0,0,0,cyclic_4_1,cyclic_2_1,block_2_1,unroll_2,unroll_2,unroll_2,1,0.5,0.691320884676,False
workload_3740.cpp,xcu200-fsgd2104-2-e,5,153.20175,40,2,0,0,0,cyclic_4_1,cyclic_2_1,block_4_1,unroll_2,unroll_2,pipeline_1,1,0.5,0.757826563035,False
workload_3827.cpp,xcu200-fsgd2104-2-e,5,164.25687,147,2,0,0,3,cyclic_4_1,cyclic_2_1,block_4_1,unroll_2,unroll_2,unroll_64,1,1.25,0.727704134578,False
workload_3775.cpp,xcu200-fsgd2104-2-e,5,158.52653,45,2,0,0,1,cyclic_4_1,cyclic_2_1,block_4_1,unroll_4,unroll_2,pipeline_1,1,0.75,0.744214814879,False
workload_3692.cpp,xcu200-fsgd2104-2-e,5,153.201665,42,2,0,0,0,cyclic_4_1,cyclic_2_1,complete_1,unroll_2,unroll_2,pipeline_1,1,0.5,0.757826734339,False
workload_3846.cpp,xcu200-fsgd2104-2-e,5,28.066125,1461,2,0,4,16,cyclic_4_1,cyclic_2_1,complete_1,unroll_4,pipeline_1,pipeline_1,1,5.5,0.923479977706,False
workload_3882.cpp,xcu200-fsgd2104-2-e,5,28.066125,1387,2,0,4,16,cyclic_4_1,cyclic_2_1,complete_1,unroll_4,pipeline_1,unroll_4,1,5.5,0.923479977706,False
workload_3474.cpp,xcu200-fsgd2104-2-e,5,155.864045,49.5,2,0,0,1,cyclic_4_1,cyclic_2_1,complete_1,unroll_4,unroll_2,pipeline_1,2,0.75,0.750072488048,False
workload_3773.cpp,xcu200-fsgd2104-2-e,5,179.73207,42,2,0,0,0,cyclic_4_1,cyclic_2_1,cyclic_2_1,unroll_2,unroll_2,unroll_2,1,0.5,0.691320884676,False
workload_3701.cpp,xcu200-fsgd2104-2-e,5,251.28037,60,2,0,0,1,cyclic_4_1,cyclic_2_1,cyclic_2_1,unroll_4,unroll_4,unroll_2,1,0.75,0.520524949579,False
workload_3657.cpp,xcu200-fsgd2104-2-e,5,266.53551,58,2,0,0,1,cyclic_4_1,cyclic_2_1,cyclic_4_1,unroll_2,unroll_8,pipeline_1,1,0.75,0.48757800671,False
workload_3627.cpp,xcu200-fsgd2104-2-e,5,153.20173,50,2,0,0,1,cyclic_4_1,cyclic_2_1,cyclic_4_1,unroll_4,unroll_2,pipeline_1,1,0.75,0.755882304348,False
workload_3613.cpp,xcu200-fsgd2104-2-e,5,198.550865,48,2,0,0,1,cyclic_4_1,cyclic_32_1,complete_1,unroll_2,unroll_2,pipeline_1,1,0.75,0.644096138769,False
workload_3874.cpp,xcu200-fsgd2104-2-e,5,28.076505,570,1,0,2,9,cyclic_4_1,cyclic_4_1,complete_1,unroll_2,pipeline_1,pipeline_1,1,3,0.951105551804,False
workload_4018.cpp,xcu200-fsgd2104-2-e,5,28.076505,657,1,0,2,9,cyclic_4_1,cyclic_4_1,complete_1,unroll_2,pipeline_1,unroll_64,1,3,0.951105551804,False
workload_3853.cpp,xcu200-fsgd2104-2-e,5,155.874545,41.5,1,0,0,0,cyclic_4_1,cyclic_4_1,complete_1,unroll_2,unroll_2,pipeline_1,2,0.25,0.753117468331,False
workload_4140.cpp,xcu200-fsgd2104-2-e,5,235.567065,285,1,0,1,6,cyclic_4_1,cyclic_4_1,complete_1,unroll_2,unroll_4,unroll_64,1,2,0.555357445101,False
workload_3535.cpp,xcu200-fsgd2104-2-e,5,266.538205,93,1,0,0,3,cyclic_4_1,cyclic_4_1,complete_1,unroll_4,unroll_8,pipeline_1,1,1,0.487812052697,False
workload_4044.cpp,xcu200-fsgd2104-2-e,5,179.73207,42,1,0,0,0,cyclic_4_1,cyclic_4_1,cyclic_2_1,unroll_2,unroll_2,unroll_2,1,0.25,0.690823542578,False
workload_3576.cpp,xcu200-fsgd2104-2-e,5,213.10047,100,3,0,0,2,cyclic_4_1,cyclic_64_1,cyclic_4_1,unroll_2,unroll_2,unroll_8,1,1.25,0.608661765195,False
workload_3956.cpp,xcu200-fsgd2104-2-e,5,28.251885,1950,2,0,5,17,cyclic_4_1,cyclic_8_1,complete_1,unroll_4,pipeline_1,pipeline_1,1,6,0.912351340335,False
workload_3621.cpp,xcu200-fsgd2104-2-e,5,346.461245,98,2,0,0,3,cyclic_4_1,cyclic_8_1,complete_1,unroll_4,unroll_8,pipeline_1,1,1.25,0.336838738086,False
workload_3599.cpp,xcu200-fsgd2104-2-e,5,267.03714,1832,3,0,7,24,cyclic_64_1,block_2_1,complete_1,unroll_17,unroll_8,pipeline_1,1,8.5,0.459025490138,False
workload_4115.cpp,xcu200-fsgd2104-2-e,5,28.39455,464,3,0,2,8,cyclic_64_1,block_2_1,complete_1,unroll_2,pipeline_1,unroll_64,1,3.25,0.948874965092,False
workload_3754.cpp,xcu200-fsgd2104-2-e,5,143.09811,310,3,3,3,5,cyclic_64_1,block_4_1,complete_1,unroll_2,unroll_2,unroll_64,1,3.5,0.774791217195,False
workload_3519.cpp,xcu200-fsgd2104-2-e,5,351.7937,2717.5,3,0,3,22,cyclic_64_1,cyclic_16_1,complete_1,unroll_17,unroll_8,pipeline_1,2,7,0.318091111321,False
workload_3634.cpp,xcu200-fsgd2104-2-e,5,165.083755,110,3,0,0,3,cyclic_64_1,cyclic_2_1,block_4_1,unroll_2,unroll_2,unroll_32,1,1.5,0.725753239996,False
workload_4071.cpp,xcu200-fsgd2104-2-e,5,147.778155,51,3,0,0,1,cyclic_8_1,block_2_1,block_4_1,unroll_2,unroll_2,unroll_4,1,1,0.771694379238,False
workload_4105.cpp,xcu200-fsgd2104-2-e,5,28.39455,461,3,0,2,8,cyclic_8_1,block_2_1,complete_1,unroll_2,pipeline_1,unroll_16,1,3.25,0.948874965092,False
workload_4107.cpp,xcu200-fsgd2104-2-e,5,28.39455,506,3,0,2,8,cyclic_8_1,block_2_1,complete_1,unroll_2,pipeline_1,unroll_64,1,3.25,0.948874965092,False
workload_3561.cpp,xcu200-fsgd2104-2-e,5,28.39455,486,3,0,2,8,cyclic_8_1,block_2_1,complete_1,unroll_2,pipeline_1,unroll_8,1,3.25,0.948874965092,False
workload_4039.cpp,xcu200-fsgd2104-2-e,5,144.20051,77,3,0,1,2,cyclic_8_1,block_2_1,complete_1,unroll_2,unroll_2,unroll_16,1,1.5,0.782870226201,False
workload_4047.cpp,xcu200-fsgd2104-2-e,5,143.49331,131,3,0,1,3,cyclic_8_1,block_2_1,complete_1,unroll_2,unroll_2,unroll_32,1,1.75,0.782088305409,False
workload_4008.cpp,xcu200-fsgd2104-2-e,5,143.13971,300,3,0,3,5,cyclic_8_1,block_2_1,complete_1,unroll_2,unroll_2,unroll_64,1,2.75,0.785843933775,False
workload_3924.cpp,xcu200-fsgd2104-2-e,5,145.28211,60,3,0,0,1,cyclic_8_1,block_2_1,complete_1,unroll_2,unroll_2,unroll_8,1,1,0.778582398538,False
workload_3716.cpp,xcu200-fsgd2104-2-e,5,28.393915,454,3,0,2,8,cyclic_8_1,block_2_1,cyclic_2_1,unroll_2,pipeline_1,pipeline_1,1,3.25,0.948875841372,False
workload_4049.cpp,xcu200-fsgd2104-2-e,5,28.393915,430,3,0,2,8,cyclic_8_1,block_2_1,cyclic_2_1,unroll_2,pipeline_1,unroll_16,1,3.25,0.948875841372,False
workload_4142.cpp,xcu200-fsgd2104-2-e,5,28.393915,461,3,0,2,8,cyclic_8_1,block_2_1,cyclic_2_1,unroll_2,pipeline_1,unroll_2,1,3.25,0.948875841372,False
workload_4085.cpp,xcu200-fsgd2104-2-e,5,28.393915,443,3,0,2,8,cyclic_8_1,block_2_1,cyclic_2_1,unroll_2,pipeline_1,unroll_8,1,3.25,0.948875841372,False
workload_4031.cpp,xcu200-fsgd2104-2-e,5,150.107755,43,3,0,0,0,cyclic_8_1,block_2_1,cyclic_2_1,unroll_2,unroll_2,unroll_2,1,0.75,0.764313199872,False
workload_3707.cpp,xcu200-fsgd2104-2-e,5,143.139755,287,3,3,3,5,cyclic_8_1,block_4_1,block_2_1,unroll_2,unroll_2,unroll_64,1,3.5,0.774731253081,False
workload_3761.cpp,xcu200-fsgd2104-2-e,5,28.405595,588,3,0,6,11,cyclic_8_1,block_4_1,block_4_1,unroll_2,pipeline_1,pipeline_1,1,5,0.929723229814,False
workload_3653.cpp,xcu200-fsgd2104-2-e,5,153.706235,47,3,0,0,1,cyclic_8_1,block_4_1,block_4_1,unroll_2,unroll_2,pipeline_1,1,1,0.755457510701,False
workload_3965.cpp,xcu200-fsgd2104-2-e,5,144.200555,87,3,1,1,2,cyclic_8_1,block_4_1,block_4_1,unroll_2,unroll_2,unroll_16,1,1.75,0.780892594596,False
workload_3636.cpp,xcu200-fsgd2104-2-e,5,143.139755,293,3,3,3,5,cyclic_8_1,block_4_1,block_4_1,unroll_2,unroll_2,unroll_64,1,3.5,0.774731253081,False
workload_3639.cpp,xcu200-fsgd2104-2-e,5,28.40555,532,3,0,6,11,cyclic_8_1,block_4_1,complete_1,unroll_2,pipeline_1,pipeline_1,1,5,0.929723365194,False
workload_3944.cpp,xcu200-fsgd2104-2-e,5,28.40555,599,3,0,6,11,cyclic_8_1,block_4_1,complete_1,unroll_2,pipeline_1,unroll_16,1,5,0.929723365194,False
workload_3939.cpp,xcu200-fsgd2104-2-e,5,28.40555,485,3,0,6,11,cyclic_8_1,block_4_1,complete_1,unroll_2,pipeline_1,unroll_4,1,5,0.929723365194,False
workload_3865.cpp,xcu200-fsgd2104-2-e,5,153.70615,47,3,0,0,1,cyclic_8_1,block_4_1,complete_1,unroll_2,unroll_2,pipeline_1,1,1,0.755457742269,False
workload_3894.cpp,xcu200-fsgd2104-2-e,5,144.20051,78,3,1,1,2,cyclic_8_1,block_4_1,complete_1,unroll_2,unroll_2,unroll_16,1,1.75,0.780892677441,False
workload_4099.cpp,xcu200-fsgd2104-2-e,5,143.49331,139,3,2,1,3,cyclic_8_1,block_4_1,complete_1,unroll_2,unroll_2,unroll_32,1,2.25,0.78764620109,False
workload_3832.cpp,xcu200-fsgd2104-2-e,5,145.28211,58,3,0,0,1,cyclic_8_1,block_4_1,complete_1,unroll_2,unroll_2,unroll_8,1,1,0.778582398538,False
workload_3724.cpp,xcu200-fsgd2104-2-e,5,143.15005,912,3,7,6,10,cyclic_8_1,block_4_1,complete_1,unroll_4,unroll_2,unroll_64,1,6.5,0.723190015679,False
workload_3862.cpp,xcu200-fsgd2104-2-e,5,150.107755,47,3,0,0,1,cyclic_8_1,block_4_1,cyclic_2_1,unroll_2,unroll_2,unroll_2,1,1,0.765293034027,False
workload_4051.cpp,xcu200-fsgd2104-2-e,5,28.405595,579,3,0,6,11,cyclic_8_1,block_4_1,cyclic_4_1,unroll_2,pipeline_1,unroll_4,1,5,0.929723229814,False
workload_3900.cpp,xcu200-fsgd2104-2-e,5,145.282155,61,3,0,0,1,cyclic_8_1,block_4_1,cyclic_4_1,unroll_2,unroll_2,unroll_8,1,1,0.778582274086,False
workload_3962.cpp,xcu200-fsgd2104-2-e,5,193.12731,55,3,0,0,1,cyclic_8_1,block_8_1,complete_1,unroll_2,unroll_2,unroll_4,1,1,0.657563651759,False
workload_4073.cpp,xcu200-fsgd2104-2-e,5,190.63131,60,3,0,0,1,cyclic_8_1,block_8_1,complete_1,unroll_2,unroll_2,unroll_8,1,1,0.663775137948,False
workload_3614.cpp,xcu200-fsgd2104-2-e,5,299.225835,54,3,0,0,1,cyclic_8_1,block_8_1,cyclic_2_1,unroll_2,unroll_4,pipeline_1,1,1,0.42161045555,False
workload_3476.cpp,xcu200-fsgd2104-2-e,5,211.431355,93,3,0,0,2,cyclic_8_1,cyclic_16_1,block_2_1,unroll_2,unroll_2,unroll_16,1,1.25,0.612662274528,False
workload_3625.cpp,xcu200-fsgd2104-2-e,5,299.046315,53,3,0,0,1,cyclic_8_1,cyclic_16_1,block_4_1,unroll_2,unroll_4,pipeline_1,1,1,0.421957495268,False
workload_3838.cpp,xcu200-fsgd2104-2-e,5,28.393915,477,3,0,2,8,cyclic_8_1,cyclic_2_1,block_2_1,unroll_2,pipeline_1,pipeline_1,1,3.25,0.948875841372,False
workload_3820.cpp,xcu200-fsgd2104-2-e,5,153.52935,43,3,0,0,0,cyclic_8_1,cyclic_2_1,complete_1,unroll_2,unroll_2,pipeline_1,1,0.75,0.754992267905,False
workload_3585.cpp,xcu200-fsgd2104-2-e,5,299.046315,70,3,0,0,1,cyclic_8_1,cyclic_32_1,cyclic_2_1,unroll_2,unroll_4,pipeline_1,1,1,0.421957495268,False
workload_3056.cpp,xcu200-fsgd2104-2-e,10,292.22534,346,6,3,1,3,block_128_1,block_4_1,complete_1,unroll_2,unroll_2,unroll_4,1,3.25,0.756127585085,False
workload_2806.cpp,xcu200-fsgd2104-2-e,10,379.26303,1531,7,7,1,7,block_128_1,cyclic_64_1,block_2_1,unroll_2,unroll_2,unroll_8,1,5.5,0.637713159951,False
workload_2878.cpp,xcu200-fsgd2104-2-e,10,677.90799,326,7,3,6,15,block_128_1,cyclic_64_1,block_2_1,unroll_2,unroll_8,pipeline_1,1,7.75,0.335485772499,False
workload_2882.cpp,xcu200-fsgd2104-2-e,10,390.91099,490,7,3,0,4,block_128_1,cyclic_64_1,cyclic_4_1,unroll_4,unroll_2,unroll_2,1,3.5,0.64986524095,False
workload_2903.cpp,xcu200-fsgd2104-2-e,10,287.08789,138,5,7,13,22,block_16_1,block_4_1,block_4_1,unroll_17,unroll_2,pipeline_1,1,11.75,0.575955064042,False
workload_2783.cpp,xcu200-fsgd2104-2-e,10,890.9031,339,6,14,25,45,block_16_1,cyclic_16_1,complete_1,unroll_2,unroll_32,pipeline_1,1,22.5,0.134238424486,False
workload_2953.cpp,xcu200-fsgd2104-2-e,10,377.78629,155,6,7,12,22,block_16_1,cyclic_16_1,cyclic_4_1,unroll_17,unroll_2,pipeline_1,1,11.75,0.525307645023,False
workload_2755.cpp,xcu200-fsgd2104-2-e,10,890.90319,642,6,14,25,47,block_16_1,cyclic_32_1,cyclic_2_1,unroll_2,unroll_32,pipeline_1,1,23,0.132059530652,False
workload_2776.cpp,xcu200-fsgd2104-2-e,10,523.97503,84,5,3,6,11,block_16_1,cyclic_4_1,block_2_1,unroll_2,unroll_8,pipeline_1,1,6.25,0.482488671843,False
workload_2825.cpp,xcu200-fsgd2104-2-e,10,677.90799,179,7,3,6,13,block_16_1,cyclic_64_1,block_2_1,unroll_2,unroll_8,pipeline_1,1,7.25,0.338367095535,False
workload_3358.cpp,xcu200-fsgd2104-2-e,10,14.62526,1459,0,0,10,22,block_2_1,block_128_1,block_2_1,unroll_2,pipeline_1,unroll_2,1,8,0.884848996152,False
workload_3214.cpp,xcu200-fsgd2104-2-e,10,14.62517,1454,0,0,10,22,block_2_1,block_128_1,complete_1,unroll_2,pipeline_1,pipeline_1,1,8,0.88484898672,False
workload_3330.cpp,xcu200-fsgd2104-2-e,10,14.62517,1508,0,0,10,22,block_2_1,block_128_1,complete_1,unroll_2,pipeline_1,unroll_2,1,8,0.88484898672,False
workload_3299.cpp,xcu200-fsgd2104-2-e,10,14.62517,1619,0,0,10,22,block_2_1,block_128_1,complete_1,unroll_2,pipeline_1,unroll_32,1,8,0.88484898672,False
workload_3357.cpp,xcu200-fsgd2104-2-e,10,14.62517,1448,0,0,10,22,block_2_1,block_128_1,complete_1,unroll_2,pipeline_1,unroll_4,1,8,0.88484898672,False
workload_3394.cpp,xcu200-fsgd2104-2-e,10,14.62517,1305,0,0,10,22,block_2_1,block_128_1,complete_1,unroll_2,pipeline_1,unroll_64,1,8,0.88484898672,False
workload_3395.cpp,xcu200-fsgd2104-2-e,10,14.62517,1314,0,0,10,22,block_2_1,block_128_1,complete_1,unroll_2,pipeline_1,unroll_8,1,8,0.88484898672,False
workload_3317.cpp,xcu200-fsgd2104-2-e,10,377.13081,155,0,0,3,8,block_2_1,block_128_1,complete_1,unroll_4,unroll_2,pipeline_1,1,2.75,0.672680885714,False
workload_3301.cpp,xcu200-fsgd2104-2-e,10,14.6239,1441.5,0,0,10,22,block_2_1,block_128_1,cyclic_2_1,unroll_2,pipeline_1,pipeline_1,2,8,0.884848853582,False
workload_3001.cpp,xcu200-fsgd2104-2-e,10,14.27302,1092.5,1,0,3,14,block_2_1,block_2_1,block_2_1,unroll_2,pipeline_1,pipeline_1,2,4.5,0.962179883612,False
workload_3108.cpp,xcu200-fsgd2104-2-e,10,14.27302,1214,1,0,3,14,block_2_1,block_2_1,block_2_1,unroll_2,pipeline_1,unroll_8,1,4.5,0.962179883612,False
workload_2946.cpp,xcu200-fsgd2104-2-e,10,286.43262,44,1,0,1,3,block_2_1,block_2_1,block_2_1,unroll_2,unroll_2,pipeline_1,1,1.25,0.792778130945,False
workload_2887.cpp,xcu200-fsgd2104-2-e,10,14.27366,2993,1,0,7,27,block_2_1,block_2_1,block_2_1,unroll_4,pipeline_1,unroll_4,1,8.75,0.884963999185,False
workload_3237.cpp,xcu200-fsgd2104-2-e,10,14.27302,1168,1,0,3,14,block_2_1,block_2_1,block_4_1,unroll_2,pipeline_1,pipeline_1,1,4.5,0.962179883612,False
workload_3266.cpp,xcu200-fsgd2104-2-e,10,14.27302,1183,1,0,3,14,block_2_1,block_2_1,block_4_1,unroll_2,pipeline_1,unroll_8,1,4.5,0.962179883612,False
workload_3038.cpp,xcu200-fsgd2104-2-e,10,14.27293,1057,1,0,3,14,block_2_1,block_2_1,complete_1,unroll_2,pipeline_1,pipeline_1,3,4.5,0.962179923704,False
workload_3327.cpp,xcu200-fsgd2104-2-e,10,14.27293,1185,1,0,3,14,block_2_1,block_2_1,complete_1,unroll_2,pipeline_1,unroll_2,1,4.5,0.962179923704,False
workload_3175.cpp,xcu200-fsgd2104-2-e,10,14.27293,1077.5,1,0,3,14,block_2_1,block_2_1,complete_1,unroll_2,pipeline_1,unroll_4,2,4.5,0.962179923704,False
workload_3270.cpp,xcu200-fsgd2104-2-e,10,14.27293,1137.5,1,0,3,14,block_2_1,block_2_1,complete_1,unroll_2,pipeline_1,unroll_64,2,4.5,0.962179923704,False
workload_3206.cpp,xcu200-fsgd2104-2-e,10,14.27293,1090.5,1,0,3,14,block_2_1,block_2_1,complete_1,unroll_2,pipeline_1,unroll_8,2,4.5,0.962179923704,False
workload_2914.cpp,xcu200-fsgd2104-2-e,10,286.41157,123,1,0,3,4,block_2_1,block_2_1,complete_1,unroll_2,unroll_2,unroll_16,1,2,0.781333638742,False
workload_2938.cpp,xcu200-fsgd2104-2-e,10,288.24197,73,1,0,1,2,block_2_1,block_2_1,complete_1,unroll_2,unroll_2,unroll_8,1,1,0.79489229249,False
workload_2899.cpp,xcu200-fsgd2104-2-e,10,512.17845,68,1,0,6,11,block_2_1,block_2_1,complete_1,unroll_2,unroll_8,pipeline_1,1,4.5,0.507634165486,False
workload_3117.cpp,xcu200-fsgd2104-2-e,10,14.27349,3087,1,0,7,27,block_2_1,block_2_1,complete_1,unroll_4,pipeline_1,pipeline_1,3,8.75,0.884964109759,False
workload_2850.cpp,xcu200-fsgd2104-2-e,10,14.27349,3107,1,0,7,27,block_2_1,block_2_1,complete_1,unroll_4,pipeline_1,unroll_4,2,8.75,0.884964109759,False
workload_3007.cpp,xcu200-fsgd2104-2-e,10,14.27349,2999,1,0,7,27,block_2_1,block_2_1,complete_1,unroll_4,pipeline_1,unroll_8,2,8.75,0.884964109759,False
workload_3068.cpp,xcu200-fsgd2104-2-e,10,286.43241,53,1,0,3,5,block_2_1,block_2_1,complete_1,unroll_4,unroll_2,pipeline_1,1,2.25,0.777313659993,False
workload_2951.cpp,xcu200-fsgd2104-2-e,10,286.66105,266,1,0,6,9,block_2_1,block_2_1,complete_1,unroll_4,unroll_2,unroll_16,1,4,0.746642342638,False
workload_2939.cpp,xcu200-fsgd2104-2-e,10,292.23545,76,1,0,1,3,block_2_1,block_2_1,complete_1,unroll_4,unroll_2,unroll_4,1,1.25,0.787761882431,False
workload_3136.cpp,xcu200-fsgd2104-2-e,10,300.55556,175,1,0,3,6,block_2_1,block_2_1,cyclic_2_1,unroll_17,unroll_2,unroll_2,1,2.5,0.761681593095,False
workload_3081.cpp,xcu200-fsgd2104-2-e,10,14.27166,1151,1,0,3,14,block_2_1,block_2_1,cyclic_2_1,unroll_2,pipeline_1,pipeline_1,3,4.5,1,True
workload_3042.cpp,xcu200-fsgd2104-2-e,10,14.27166,1089.5,1,0,3,14,block_2_1,block_2_1,cyclic_2_1,unroll_2,pipeline_1,unroll_2,2,4.5,1,True
workload_3428.cpp,xcu200-fsgd2104-2-e,10,14.27166,1046.5,1,0,3,14,block_2_1,block_2_1,cyclic_2_1,unroll_2,pipeline_1,unroll_32,2,4.5,1,True
workload_3003.cpp,xcu200-fsgd2104-2-e,10,14.27166,1063,1,0,3,14,block_2_1,block_2_1,cyclic_2_1,unroll_2,pipeline_1,unroll_4,2,4.5,1,True
workload_3230.cpp,xcu200-fsgd2104-2-e,10,14.27166,1182,1,0,3,14,block_2_1,block_2_1,cyclic_2_1,unroll_2,pipeline_1,unroll_64,1,4.5,1,True
workload_2969.cpp,xcu200-fsgd2104-2-e,10,14.27166,1075.5,1,0,3,14,block_2_1,block_2_1,cyclic_2_1,unroll_2,pipeline_1,unroll_8,2,4.5,1,True
workload_3089.cpp,xcu200-fsgd2104-2-e,10,286.43262,45,1,0,1,3,block_2_1,block_2_1,cyclic_2_1,unroll_2,unroll_2,pipeline_1,1,1.25,0.792778130945,False
workload_3058.cpp,xcu200-fsgd2104-2-e,10,291.57006,57,1,0,0,1,block_2_1,block_2_1,cyclic_2_1,unroll_2,unroll_2,unroll_4,1,0.5,0.795223113578,False
workload_3018.cpp,xcu200-fsgd2104-2-e,10,288.24206,74,1,0,1,2,block_2_1,block_2_1,cyclic_2_1,unroll_2,unroll_2,unroll_8,1,1,0.794892212856,False
workload_3082.cpp,xcu200-fsgd2104-2-e,10,14.27162,2979,1,0,7,27,block_2_1,block_2_1,cyclic_2_1,unroll_4,pipeline_1,pipeline_1,1,8.75,0.884965326063,False
workload_3272.cpp,xcu200-fsgd2104-2-e,10,14.27162,3145,1,0,7,27,block_2_1,block_2_1,cyclic_2_1,unroll_4,pipeline_1,unroll_2,1,8.75,0.884965326063,False
workload_3274.cpp,xcu200-fsgd2104-2-e,10,14.27162,3461,1,0,7,27,block_2_1,block_2_1,cyclic_2_1,unroll_4,pipeline_1,unroll_4,1,8.75,0.884965326063,False
workload_3431.cpp,xcu200-fsgd2104-2-e,10,14.27162,3076,1,0,7,27,block_2_1,block_2_1,cyclic_2_1,unroll_4,pipeline_1,unroll_8,1,8.75,0.884965326063,False
workload_3402.cpp,xcu200-fsgd2104-2-e,10,286.43258,53,1,0,3,5,block_2_1,block_2_1,cyclic_2_1,unroll_4,unroll_2,pipeline_1,1,2.25,0.777313536639,False
workload_2949.cpp,xcu200-fsgd2104-2-e,10,286.43252,112,1,0,13,22,block_2_1,block_2_1,cyclic_4_1,unroll_17,unroll_2,pipeline_1,1,9,0.640715609548,False
workload_2958.cpp,xcu200-fsgd2104-2-e,10,292.73476,385,1,0,6,10,block_2_1,block_2_1,cyclic_4_1,unroll_17,unroll_2,unroll_4,1,4.25,0.737623786539,False
workload_3069.cpp,xcu200-fsgd2104-2-e,10,14.27302,1118,1,0,3,14,block_2_1,block_2_1,cyclic_4_1,unroll_2,pipeline_1,pipeline_1,2,4.5,0.962179883612,False
workload_3371.cpp,xcu200-fsgd2104-2-e,10,14.27302,1046,1,0,3,14,block_2_1,block_2_1,cyclic_4_1,unroll_2,pipeline_1,unroll_8,2,4.5,0.962179883612,False
workload_2913.cpp,xcu200-fsgd2104-2-e,10,286.43262,46,0,0,1,3,block_2_1,block_4_1,block_2_1,unroll_2,unroll_2,pipeline_1,1,1,0.796404043638,False
workload_3048.cpp,xcu200-fsgd2104-2-e,10,14.27434,3140,0,0,14,34,block_2_1,block_4_1,block_2_1,unroll_4,pipeline_1,pipeline_1,1,12,0.770685622056,False
workload_3006.cpp,xcu200-fsgd2104-2-e,10,14.27438,1259,0,0,7,18,block_2_1,block_4_1,block_4_1,unroll_2,pipeline_1,unroll_64,2,6.25,0.90262245287,False
workload_3144.cpp,xcu200-fsgd2104-2-e,10,14.27429,1189,0,0,7,18,block_2_1,block_4_1,complete_1,unroll_2,pipeline_1,pipeline_1,2,6.25,0.902622436542,False
workload_3043.cpp,xcu200-fsgd2104-2-e,10,14.27429,1231,0,0,7,18,block_2_1,block_4_1,complete_1,unroll_2,pipeline_1,unroll_64,1,6.25,0.902622436542,False
workload_3022.cpp,xcu200-fsgd2104-2-e,10,286.43245,42,0,0,1,3,block_2_1,block_4_1,complete_1,unroll_2,unroll_2,pipeline_1,1,1,0.796404177052,False
workload_3193.cpp,xcu200-fsgd2104-2-e,10,291.56997,58,0,0,0,1,block_2_1,block_4_1,complete_1,unroll_2,unroll_2,unroll_4,1,0.25,0.792591271728,False
workload_3161.cpp,xcu200-fsgd2104-2-e,10,288.24197,73,0,0,1,2,block_2_1,block_4_1,complete_1,unroll_2,unroll_2,unroll_8,1,0.75,0.798177815668,False
workload_2937.cpp,xcu200-fsgd2104-2-e,10,512.17845,64,0,0,6,11,block_2_1,block_4_1,complete_1,unroll_2,unroll_8,pipeline_1,1,4.25,0.509167806788,False
workload_3050.cpp,xcu200-fsgd2104-2-e,10,14.27417,3066,0,0,14,34,block_2_1,block_4_1,complete_1,unroll_4,pipeline_1,unroll_8,1,12,0.770685611122,False
workload_2975.cpp,xcu200-fsgd2104-2-e,10,286.43241,50,0,0,3,5,block_2_1,block_4_1,complete_1,unroll_4,unroll_2,pipeline_1,1,2,0.781318417327,False
workload_2826.cpp,xcu200-fsgd2104-2-e,10,292.23545,86,0,0,1,3,block_2_1,block_4_1,complete_1,unroll_4,unroll_2,unroll_4,1,1,0.790979424634,False
workload_3145.cpp,xcu200-fsgd2104-2-e,10,14.27302,1275.5,0,0,7,18,block_2_1,block_4_1,cyclic_2_1,unroll_2,pipeline_1,unroll_2,2,6.25,0.9026222061,False
workload_3044.cpp,xcu200-fsgd2104-2-e,10,14.27302,1189.5,0,0,7,18,block_2_1,block_4_1,cyclic_2_1,unroll_2,pipeline_1,unroll_4,2,6.25,0.9026222061,False
workload_3004.cpp,xcu200-fsgd2104-2-e,10,14.27302,1210,0,0,7,18,block_2_1,block_4_1,cyclic_2_1,unroll_2,pipeline_1,unroll_8,2,6.25,0.9026222061,False
workload_3029.cpp,xcu200-fsgd2104-2-e,10,291.57006,56,0,0,0,1,block_2_1,block_4_1,cyclic_2_1,unroll_2,unroll_2,unroll_4,1,0.25,0.792591162485,False
workload_2955.cpp,xcu200-fsgd2104-2-e,10,288.24206,75,0,0,1,2,block_2_1,block_4_1,cyclic_2_1,unroll_2,unroll_2,unroll_8,1,0.75,0.798177722488,False
workload_3049.cpp,xcu200-fsgd2104-2-e,10,14.2723,3147,0,0,14,34,block_2_1,block_4_1,cyclic_2_1,unroll_4,pipeline_1,pipeline_1,1,12,0.770685490826,False
workload_2906.cpp,xcu200-fsgd2104-2-e,10,286.43252,115,0,0,13,22,block_2_1,block_4_1,cyclic_4_1,unroll_17,unroll_2,pipeline_1,1,8.75,0.646466685231,False
workload_3033.cpp,xcu200-fsgd2104-2-e,10,300.55556,181,0,1,3,6,block_2_1,block_4_1,cyclic_4_1,unroll_17,unroll_2,unroll_2,1,2.5,0.761681593095,False
workload_2919.cpp,xcu200-fsgd2104-2-e,10,428.38452,195,0,1,27,43,block_2_1,block_4_1,cyclic_4_1,unroll_17,unroll_4,pipeline_1,1,17.75,0.382189144799,False
workload_3176.cpp,xcu200-fsgd2104-2-e,10,14.27438,1171,0,0,7,18,block_2_1,block_4_1,cyclic_4_1,unroll_2,pipeline_1,pipeline_1,1,6.25,0.90262245287,False
workload_2970.cpp,xcu200-fsgd2104-2-e,10,14.27438,1062,0,0,7,18,block_2_1,block_4_1,cyclic_4_1,unroll_2,pipeline_1,unroll_64,1,6.25,0.90262245287,False
workload_2992.cpp,xcu200-fsgd2104-2-e,10,286.43262,45,0,0,1,3,block_2_1,block_4_1,cyclic_4_1,unroll_2,unroll_2,pipeline_1,1,1,0.796404043638,False
workload_3035.cpp,xcu200-fsgd2104-2-e,10,285.20526,981,0,3,12,17,block_2_1,block_4_1,cyclic_4_1,unroll_2,unroll_2,unroll_64,1,8,0.664236486413,False
workload_2915.cpp,xcu200-fsgd2104-2-e,10,288.24206,76,0,0,1,2,block_2_1,block_4_1,cyclic_4_1,unroll_2,unroll_2,unroll_8,1,0.75,0.798177722488,False
workload_3448.cpp,xcu200-fsgd2104-2-e,10,14.6239,1220,2,0,10,21,block_2_1,block_64_1,cyclic_2_1,unroll_2,pipeline_1,pipeline_1,1,8.25,0.884902494452,False
workload_3076.cpp,xcu200-fsgd2104-2-e,10,14.62517,1252,1,0,9,19,block_2_1,block_8_1,complete_1,unroll_2,pipeline_1,pipeline_1,1,7.25,0.884649732167,False
workload_3271.cpp,xcu200-fsgd2104-2-e,10,14.65341,3059,1,0,6,37,block_2_1,cyclic_16_1,complete_1,unroll_2,pipeline_1,unroll_2,1,11,0.804949007883,False
workload_2868.cpp,xcu200-fsgd2104-2-e,10,378.94046,87,1,0,1,2,block_2_1,cyclic_16_1,cyclic_2_1,unroll_2,unroll_2,unroll_8,1,1,0.677808424995,False
workload_3109.cpp,xcu200-fsgd2104-2-e,10,14.27166,1160.5,1,0,3,15,block_2_1,cyclic_2_1,block_2_1,unroll_2,pipeline_1,pipeline_1,2,4.75,0.957816291323,False
workload_3178.cpp,xcu200-fsgd2104-2-e,10,14.27166,1091,1,0,3,15,block_2_1,cyclic_2_1,block_2_1,unroll_2,pipeline_1,unroll_4,2,4.75,0.957816291323,False
workload_3373.cpp,xcu200-fsgd2104-2-e,10,14.27166,1171,1,0,3,15,block_2_1,cyclic_2_1,block_2_1,unroll_2,pipeline_1,unroll_64,1,4.75,0.957816291323,False
workload_2968.cpp,xcu200-fsgd2104-2-e,10,14.27166,982,1,0,3,15,block_2_1,cyclic_2_1,block_2_1,unroll_2,pipeline_1,unroll_8,1,4.75,0.957816291323,False
workload_3021.cpp,xcu200-fsgd2104-2-e,10,286.43262,42,1,0,1,2,block_2_1,cyclic_2_1,block_2_1,unroll_2,unroll_2,pipeline_1,1,1,0.796404043638,False
workload_2978.cpp,xcu200-fsgd2104-2-e,10,288.24206,70,1,0,1,2,block_2_1,cyclic_2_1,block_2_1,unroll_2,unroll_2,unroll_8,1,1,0.794892212856,False
workload_3013.cpp,xcu200-fsgd2104-2-e,10,298.22606,45,1,0,0,1,block_2_1,cyclic_2_1,block_4_1,unroll_2,unroll_2,unroll_2,1,0.5,0.785870316839,False
workload_3404.cpp,xcu200-fsgd2104-2-e,10,286.43235,93,1,0,12,20,block_2_1,cyclic_2_1,complete_1,unroll_17,unroll_2,pipeline_1,1,8.25,0.657877129721,False
workload_3318.cpp,xcu200-fsgd2104-2-e,10,300.55539,157,1,0,3,5,block_2_1,cyclic_2_1,complete_1,unroll_17,unroll_2,unroll_2,1,2.25,0.76552441445,False
workload_3002.cpp,xcu200-fsgd2104-2-e,10,14.27157,1170,1,0,3,15,block_2_1,cyclic_2_1,complete_1,unroll_2,pipeline_1,pipeline_1,4,4.75,1,True
workload_3229.cpp,xcu200-fsgd2104-2-e,10,14.27157,1168.5,1,0,3,15,block_2_1,cyclic_2_1,complete_1,unroll_2,pipeline_1,unroll_16,2,4.75,1,True
workload_3107.cpp,xcu200-fsgd2104-2-e,10,14.27157,1219.5,1,0,3,15,block_2_1,cyclic_2_1,complete_1,unroll_2,pipeline_1,unroll_2,2,4.75,1,True
workload_3262.cpp,xcu200-fsgd2104-2-e,10,14.27157,1063,1,0,3,15,block_2_1,cyclic_2_1,complete_1,unroll_2,pipeline_1,unroll_32,2,4.75,1,True
workload_3140.cpp,xcu200-fsgd2104-2-e,10,14.27157,1121,1,0,3,15,block_2_1,cyclic_2_1,complete_1,unroll_2,pipeline_1,unroll_4,2,4.75,1,True
workload_3142.cpp,xcu200-fsgd2104-2-e,10,14.27157,1197.5,1,0,3,15,block_2_1,cyclic_2_1,complete_1,unroll_2,pipeline_1,unroll_64,2,4.75,1,True
workload_3041.cpp,xcu200-fsgd2104-2-e,10,14.27157,1142.5,1,0,3,15,block_2_1,cyclic_2_1,complete_1,unroll_2,pipeline_1,unroll_8,2,4.75,1,True
workload_3158.cpp,xcu200-fsgd2104-2-e,10,286.43245,43,1,0,1,2,block_2_1,cyclic_2_1,complete_1,unroll_2,unroll_2,pipeline_1,1,1,0.796404177052,False
workload_3284.cpp,xcu200-fsgd2104-2-e,10,291.56997,48,1,0,0,1,block_2_1,cyclic_2_1,complete_1,unroll_2,unroll_2,unroll_4,1,0.5,0.795223240437,False
workload_3194.cpp,xcu200-fsgd2104-2-e,10,288.24197,68,1,0,1,2,block_2_1,cyclic_2_1,complete_1,unroll_2,unroll_2,unroll_8,1,1,0.79489229249,False
workload_2923.cpp,xcu200-fsgd2104-2-e,10,14.27145,3182,1,0,7,27,block_2_1,cyclic_2_1,complete_1,unroll_4,pipeline_1,pipeline_1,4,8.75,1,True
workload_3413.cpp,xcu200-fsgd2104-2-e,10,14.27145,2869,1,0,7,27,block_2_1,cyclic_2_1,complete_1,unroll_4,pipeline_1,unroll_16,1,8.75,1,True
workload_3360.cpp,xcu200-fsgd2104-2-e,10,14.27145,3021,1,0,7,27,block_2_1,cyclic_2_1,complete_1,unroll_4,pipeline_1,unroll_32,2,8.75,1,True
workload_3118.cpp,xcu200-fsgd2104-2-e,10,14.27145,2985,1,0,7,27,block_2_1,cyclic_2_1,complete_1,unroll_4,pipeline_1,unroll_4,1,8.75,1,True
workload_3243.cpp,xcu200-fsgd2104-2-e,10,14.27145,3187,1,0,7,27,block_2_1,cyclic_2_1,complete_1,unroll_4,pipeline_1,unroll_64,1,8.75,1,True
workload_3152.cpp,xcu200-fsgd2104-2-e,10,14.27145,3043.5,1,0,7,27,block_2_1,cyclic_2_1,complete_1,unroll_4,pipeline_1,unroll_8,2,8.75,1,True
workload_2866.cpp,xcu200-fsgd2104-2-e,10,286.43241,54,1,0,3,5,block_2_1,cyclic_2_1,complete_1,unroll_4,unroll_2,pipeline_1,1,2.25,0.777313659993,False
workload_3384.cpp,xcu200-fsgd2104-2-e,10,288.57465,110,1,0,2,4,block_2_1,cyclic_2_1,complete_1,unroll_4,unroll_2,unroll_8,1,1.75,0.783601181843,False
workload_3285.cpp,xcu200-fsgd2104-2-e,10,439.19785,58,1,0,6,11,block_2_1,cyclic_2_1,complete_1,unroll_4,unroll_4,pipeline_1,1,4.5,0.586114080679,False
workload_3045.cpp,xcu200-fsgd2104-2-e,10,14.27166,1173.5,1,0,3,15,block_2_1,cyclic_2_1,cyclic_2_1,unroll_2,pipeline_1,pipeline_1,4,4.75,0.957816291323,False
workload_3073.cpp,xcu200-fsgd2104-2-e,10,14.27166,1163,1,0,3,15,block_2_1,cyclic_2_1,cyclic_2_1,unroll_2,pipeline_1,unroll_16,1,4.75,0.957816291323,False
workload_3411.cpp,xcu200-fsgd2104-2-e,10,14.27166,977,1,0,3,15,block_2_1,cyclic_2_1,cyclic_2_1,unroll_2,pipeline_1,unroll_32,1,4.75,0.957816291323,False
workload_3071.cpp,xcu200-fsgd2104-2-e,10,14.27166,1153,1,0,3,15,block_2_1,cyclic_2_1,cyclic_2_1,unroll_2,pipeline_1,unroll_4,1,4.75,0.957816291323,False
workload_3111.cpp,xcu200-fsgd2104-2-e,10,14.27166,1154,1,0,3,15,block_2_1,cyclic_2_1,cyclic_2_1,unroll_2,pipeline_1,unroll_8,2,4.75,0.957816291323,False
workload_3376.cpp,xcu200-fsgd2104-2-e,10,14.27162,3020.5,1,0,7,27,block_2_1,cyclic_2_1,cyclic_2_1,unroll_4,pipeline_1,pipeline_1,2,8.75,0.884965326063,False
workload_3240.cpp,xcu200-fsgd2104-2-e,10,14.27162,3172,1,0,7,27,block_2_1,cyclic_2_1,cyclic_2_1,unroll_4,pipeline_1,unroll_8,1,8.75,0.884965326063,False
workload_2956.cpp,xcu200-fsgd2104-2-e,10,292.73476,342,1,0,5,8,block_2_1,cyclic_2_1,cyclic_4_1,unroll_17,unroll_2,unroll_4,1,3.5,0.751334716246,False
workload_3039.cpp,xcu200-fsgd2104-2-e,10,14.27166,1105,1,0,3,15,block_2_1,cyclic_2_1,cyclic_4_1,unroll_2,pipeline_1,pipeline_1,1,4.75,0.957816291323,False
workload_2980.cpp,xcu200-fsgd2104-2-e,10,286.43262,42,1,0,1,2,block_2_1,cyclic_2_1,cyclic_4_1,unroll_2,unroll_2,pipeline_1,1,1,0.796404043638,False
workload_2940.cpp,xcu200-fsgd2104-2-e,10,286.43258,54,1,0,3,5,block_2_1,cyclic_2_1,cyclic_4_1,unroll_4,unroll_2,pipeline_1,1,2.25,0.777313536639,False
workload_2911.cpp,xcu200-fsgd2104-2-e,10,387.78062,53,1,0,1,3,block_2_1,cyclic_32_1,block_2_1,unroll_2,unroll_2,pipeline_1,1,1.25,0.666329230288,False
workload_2775.cpp,xcu200-fsgd2104-2-e,10,378.94046,110,1,0,1,3,block_2_1,cyclic_32_1,block_2_1,unroll_2,unroll_2,unroll_8,1,1.25,0.677629958125,False
workload_2905.cpp,xcu200-fsgd2104-2-e,10,568.54206,177,1,0,2,6,block_2_1,cyclic_32_1,block_2_1,unroll_2,unroll_4,unroll_8,1,2.25,0.457781418723,False
workload_2869.cpp,xcu200-fsgd2104-2-e,10,387.78052,207,1,0,12,23,block_2_1,cyclic_32_1,cyclic_2_1,unroll_17,unroll_2,pipeline_1,1,9,0.571084516668,False
workload_2812.cpp,xcu200-fsgd2104-2-e,10,387.78062,49,1,0,1,3,block_2_1,cyclic_32_1,cyclic_2_1,unroll_2,unroll_2,pipeline_1,1,1.25,0.666329230288,False
workload_2912.cpp,xcu200-fsgd2104-2-e,10,378.94046,99,1,0,1,3,block_2_1,cyclic_32_1,cyclic_2_1,unroll_2,unroll_2,unroll_8,1,1.25,0.677629958125,False
workload_2694.cpp,xcu200-fsgd2104-2-e,10,890.24782,519,1,0,25,46,block_2_1,cyclic_32_1,cyclic_2_1,unroll_2,unroll_32,pipeline_1,1,18,0.155201625435,False
workload_2752.cpp,xcu200-fsgd2104-2-e,10,677.25262,98,1,0,6,11,block_2_1,cyclic_32_1,cyclic_2_1,unroll_2,unroll_8,pipeline_1,1,4.5,0.35102251291,False
workload_2950.cpp,xcu200-fsgd2104-2-e,10,378.94046,99,1,0,1,3,block_2_1,cyclic_32_1,cyclic_4_1,unroll_2,unroll_2,unroll_8,1,1.25,0.677629958125,False
workload_2867.cpp,xcu200-fsgd2104-2-e,10,568.54206,177,1,0,2,6,block_2_1,cyclic_32_1,cyclic_4_1,unroll_2,unroll_4,unroll_8,1,2.25,0.457781418723,False
workload_3080.cpp,xcu200-fsgd2104-2-e,10,14.27166,1435,0,0,4,15,block_2_1,cyclic_4_1,block_2_1,unroll_2,pipeline_1,pipeline_1,2,4.75,0.957816291323,False
workload_3148.cpp,xcu200-fsgd2104-2-e,10,14.27166,1451,0,0,4,15,block_2_1,cyclic_4_1,block_2_1,unroll_2,pipeline_1,unroll_16,1,4.75,0.957816291323,False
workload_2824.cpp,xcu200-fsgd2104-2-e,10,288.24206,78,0,0,1,2,block_2_1,cyclic_4_1,block_2_1,unroll_2,unroll_2,unroll_8,1,0.75,0.798177722488,False
workload_3017.cpp,xcu200-fsgd2104-2-e,10,288.24206,74,0,0,1,2,block_2_1,cyclic_4_1,block_4_1,unroll_2,unroll_2,unroll_8,1,0.75,0.798177722488,False
workload_3112.cpp,xcu200-fsgd2104-2-e,10,14.27157,1345.5,0,0,4,15,block_2_1,cyclic_4_1,complete_1,unroll_2,pipeline_1,pipeline_1,4,4.75,1,True
workload_3295.cpp,xcu200-fsgd2104-2-e,10,14.27157,1270,0,0,4,15,block_2_1,cyclic_4_1,complete_1,unroll_2,pipeline_1,unroll_16,2,4.75,1,True
workload_3212.cpp,xcu200-fsgd2104-2-e,10,14.27157,1357,0,0,4,15,block_2_1,cyclic_4_1,complete_1,unroll_2,pipeline_1,unroll_2,2,4.75,1,True
workload_3412.cpp,xcu200-fsgd2104-2-e,10,14.27157,1108,0,0,4,15,block_2_1,cyclic_4_1,complete_1,unroll_2,pipeline_1,unroll_32,1,4.75,1,True
workload_3263.cpp,xcu200-fsgd2104-2-e,10,14.27157,1379.5,0,0,4,15,block_2_1,cyclic_4_1,complete_1,unroll_2,pipeline_1,unroll_4,2,4.75,1,True
workload_3298.cpp,xcu200-fsgd2104-2-e,10,14.27157,1388,0,0,4,15,block_2_1,cyclic_4_1,complete_1,unroll_2,pipeline_1,unroll_64,2,4.75,1,True
workload_3147.cpp,xcu200-fsgd2104-2-e,10,14.27157,1400,0,0,4,15,block_2_1,cyclic_4_1,complete_1,unroll_2,pipeline_1,unroll_8,2,4.75,1,True
workload_3314.cpp,xcu200-fsgd2104-2-e,10,286.43245,48,0,0,1,2,block_2_1,cyclic_4_1,complete_1,unroll_2,unroll_2,pipeline_1,1,0.75,0.799902606318,False
workload_3340.cpp,xcu200-fsgd2104-2-e,10,298.22597,42,0,0,0,1,block_2_1,cyclic_4_1,complete_1,unroll_2,unroll_2,unroll_2,1,0.25,0.784021302543,False
workload_3440.cpp,xcu200-fsgd2104-2-e,10,285.57957,268,0,0,5,7,block_2_1,cyclic_4_1,complete_1,unroll_2,unroll_2,unroll_32,1,3,0.765362765388,False
workload_3160.cpp,xcu200-fsgd2104-2-e,10,291.56997,54,0,0,0,1,block_2_1,cyclic_4_1,complete_1,unroll_2,unroll_2,unroll_4,1,0.25,0.792591271728,False
workload_3232.cpp,xcu200-fsgd2104-2-e,10,288.24197,70,0,0,1,2,block_2_1,cyclic_4_1,complete_1,unroll_2,unroll_2,unroll_8,1,0.75,0.798177815668,False
workload_3315.cpp,xcu200-fsgd2104-2-e,10,441.73221,59,0,0,0,1,block_2_1,cyclic_4_1,complete_1,unroll_2,unroll_4,unroll_2,1,0.25,0.598374481868,False
workload_3216.cpp,xcu200-fsgd2104-2-e,10,14.27145,3280,0,0,7,28,block_2_1,cyclic_4_1,complete_1,unroll_4,pipeline_1,pipeline_1,4,8.75,1,True
workload_3397.cpp,xcu200-fsgd2104-2-e,10,14.27145,2970,0,0,7,28,block_2_1,cyclic_4_1,complete_1,unroll_4,pipeline_1,unroll_16,1,8.75,1,True
workload_3433.cpp,xcu200-fsgd2104-2-e,10,14.27145,3112,0,0,7,28,block_2_1,cyclic_4_1,complete_1,unroll_4,pipeline_1,unroll_2,1,8.75,1,True
workload_3217.cpp,xcu200-fsgd2104-2-e,10,14.27145,3211,0,0,7,28,block_2_1,cyclic_4_1,complete_1,unroll_4,pipeline_1,unroll_4,2,8.75,1,True
workload_3281.cpp,xcu200-fsgd2104-2-e,10,14.27145,3498,0,0,7,28,block_2_1,cyclic_4_1,complete_1,unroll_4,pipeline_1,unroll_64,1,8.75,1,True
workload_3310.cpp,xcu200-fsgd2104-2-e,10,14.27145,3499,0,0,7,28,block_2_1,cyclic_4_1,complete_1,unroll_4,pipeline_1,unroll_8,1,8.75,1,True
workload_3252.cpp,xcu200-fsgd2104-2-e,10,286.43241,54,0,0,3,5,block_2_1,cyclic_4_1,complete_1,unroll_4,unroll_2,pipeline_1,1,2,0.781318417327,False
workload_3163.cpp,xcu200-fsgd2104-2-e,10,292.23545,72,0,0,1,2,block_2_1,cyclic_4_1,complete_1,unroll_4,unroll_2,unroll_4,1,0.75,0.793559196132,False
workload_3077.cpp,xcu200-fsgd2104-2-e,10,14.27166,1413.5,0,0,4,15,block_2_1,cyclic_4_1,cyclic_2_1,unroll_2,pipeline_1,pipeline_1,2,4.75,0.957816291323,False
workload_3359.cpp,xcu200-fsgd2104-2-e,10,14.27166,1426,0,0,4,15,block_2_1,cyclic_4_1,cyclic_2_1,unroll_2,pipeline_1,unroll_16,1,4.75,0.957816291323,False
workload_3047.cpp,xcu200-fsgd2104-2-e,10,14.27166,1346.5,0,0,4,15,block_2_1,cyclic_4_1,cyclic_2_1,unroll_2,pipeline_1,unroll_4,2,4.75,0.957816291323,False
workload_3236.cpp,xcu200-fsgd2104-2-e,10,14.27166,1522.5,0,0,4,15,block_2_1,cyclic_4_1,cyclic_2_1,unroll_2,pipeline_1,unroll_8,2,4.75,0.957816291323,False
workload_3051.cpp,xcu200-fsgd2104-2-e,10,286.43262,44,0,0,1,2,block_2_1,cyclic_4_1,cyclic_2_1,unroll_2,unroll_2,pipeline_1,1,0.75,0.799902459701,False
workload_2977.cpp,xcu200-fsgd2104-2-e,10,288.24206,70,0,0,1,2,block_2_1,cyclic_4_1,cyclic_2_1,unroll_2,unroll_2,unroll_8,1,0.75,0.798177722488,False
workload_3083.cpp,xcu200-fsgd2104-2-e,10,14.27162,2997,0,0,7,28,block_2_1,cyclic_4_1,cyclic_2_1,unroll_4,pipeline_1,pipeline_1,1,8.75,0.884965326063,False
workload_3184.cpp,xcu200-fsgd2104-2-e,10,14.27162,3213.5,0,0,7,28,block_2_1,cyclic_4_1,cyclic_2_1,unroll_4,pipeline_1,unroll_4,2,8.75,0.884965326063,False
workload_3102.cpp,xcu200-fsgd2104-2-e,10,286.43258,55,0,0,3,5,block_2_1,cyclic_4_1,cyclic_2_1,unroll_4,unroll_2,pipeline_1,1,2,0.781318293126,False
workload_2895.cpp,xcu200-fsgd2104-2-e,10,288.24206,71,0,0,1,2,block_2_1,cyclic_4_1,cyclic_4_1,unroll_2,unroll_2,unroll_8,1,0.75,0.798177722488,False
workload_2693.cpp,xcu200-fsgd2104-2-e,10,378.94046,139,2,0,1,4,block_2_1,cyclic_64_1,block_2_1,unroll_2,unroll_2,unroll_8,1,1.75,0.676360015636,False
workload_2857.cpp,xcu200-fsgd2104-2-e,10,387.78062,61,2,0,1,3,block_2_1,cyclic_64_1,cyclic_2_1,unroll_2,unroll_2,pipeline_1,1,1.5,0.665909113311,False
workload_2781.cpp,xcu200-fsgd2104-2-e,10,883.69422,1246.5,2,0,25,49,block_2_1,cyclic_64_1,cyclic_2_1,unroll_2,unroll_32,pipeline_1,2,19,0.152661475948,False
workload_3269.cpp,xcu200-fsgd2104-2-e,10,14.64309,1844,1,0,4,24,block_2_1,cyclic_8_1,complete_1,unroll_2,pipeline_1,unroll_32,1,7.25,0.884652083494,False
workload_3450.cpp,xcu200-fsgd2104-2-e,10,14.64309,1665,1,0,4,24,block_2_1,cyclic_8_1,complete_1,unroll_2,pipeline_1,unroll_4,1,7.25,0.884652083494,False
workload_3332.cpp,xcu200-fsgd2104-2-e,10,14.64318,1883.5,1,0,4,24,block_2_1,cyclic_8_1,cyclic_2_1,unroll_2,pipeline_1,pipeline_1,2,7.25,0.884652095281,False
workload_3019.cpp,xcu200-fsgd2104-2-e,10,382.92383,91,0,3,1,2,block_32_1,block_16_1,cyclic_4_1,unroll_2,unroll_2,unroll_4,1,1.5,0.672071535153,False
workload_2836.cpp,xcu200-fsgd2104-2-e,10,293.39013,1607,0,28,7,13,block_32_1,block_2_1,block_2_1,unroll_17,unroll_2,unroll_4,1,12,0.567212641232,False
workload_2834.cpp,xcu200-fsgd2104-2-e,10,301.21093,520,0,14,3,7,block_32_1,block_2_1,cyclic_4_1,unroll_17,unroll_2,unroll_2,1,6,0.697112961123,False
workload_2804.cpp,xcu200-fsgd2104-2-e,10,293.39013,1199,0,28,7,13,block_32_1,block_2_1,cyclic_4_1,unroll_17,unroll_2,unroll_4,1,12,0.567212641232,False
workload_2885.cpp,xcu200-fsgd2104-2-e,10,443.57029,1374,0,28,7,14,block_32_1,block_2_1,cyclic_4_1,unroll_17,unroll_4,unroll_2,1,12.25,0.471079320853,False
workload_2945.cpp,xcu200-fsgd2104-2-e,10,288.56463,148,0,7,1,3,block_32_1,block_2_1,cyclic_4_1,unroll_2,unroll_2,unroll_8,1,2.75,0.767476346441,False
workload_2909.cpp,xcu200-fsgd2104-2-e,10,442.38767,83,0,3,1,2,block_32_1,block_2_1,cyclic_4_1,unroll_2,unroll_4,unroll_2,1,1.5,0.598561796596,False
workload_2995.cpp,xcu200-fsgd2104-2-e,10,431.06735,371,0,14,3,6,block_32_1,block_2_1,cyclic_4_1,unroll_2,unroll_4,unroll_8,1,5.75,0.581473347493,False
workload_3005.cpp,xcu200-fsgd2104-2-e,10,293.39013,1360,0,30,7,13,block_32_1,block_4_1,block_2_1,unroll_17,unroll_2,unroll_4,1,12.5,0.555516988176,False
workload_2934.cpp,xcu200-fsgd2104-2-e,10,287.08799,50,0,1,1,3,block_32_1,block_4_1,block_2_1,unroll_2,unroll_2,pipeline_1,1,1.25,0.792272856171,False
workload_2884.cpp,xcu200-fsgd2104-2-e,10,293.39013,1294,0,30,7,13,block_32_1,block_4_1,block_4_1,unroll_17,unroll_2,unroll_4,1,12.5,0.555516988176,False
workload_2984.cpp,xcu200-fsgd2104-2-e,10,287.08782,48,0,1,1,3,block_32_1,block_4_1,complete_1,unroll_2,unroll_2,pipeline_1,1,1.25,0.792272989364,False
workload_2979.cpp,xcu200-fsgd2104-2-e,10,512.83382,86,0,3,6,11,block_32_1,block_4_1,complete_1,unroll_2,unroll_8,pipeline_1,1,5,0.503574580529,False
workload_2877.cpp,xcu200-fsgd2104-2-e,10,287.08789,155,0,7,13,23,block_32_1,block_4_1,cyclic_4_1,unroll_17,unroll_2,pipeline_1,1,10.75,0.599537765464,False
workload_2963.cpp,xcu200-fsgd2104-2-e,10,301.21093,470,0,15,3,7,block_32_1,block_4_1,cyclic_4_1,unroll_17,unroll_2,unroll_2,1,6.25,0.691981919537,False
workload_2757.cpp,xcu200-fsgd2104-2-e,10,293.39013,1514,0,30,7,13,block_32_1,block_4_1,cyclic_4_1,unroll_17,unroll_2,unroll_4,1,12.5,0.555516988176,False
workload_2954.cpp,xcu200-fsgd2104-2-e,10,429.03989,320,0,15,27,45,block_32_1,block_4_1,cyclic_4_1,unroll_17,unroll_4,pipeline_1,1,21.75,0.318436060485,False
workload_2819.cpp,xcu200-fsgd2104-2-e,10,292.22543,86,0,3,1,2,block_32_1,block_4_1,cyclic_4_1,unroll_2,unroll_2,unroll_4,1,1.5,0.784267806461,False
workload_2718.cpp,xcu200-fsgd2104-2-e,10,287.23339,1481,0,30,6,12,block_32_1,block_4_1,cyclic_4_1,unroll_4,unroll_2,unroll_16,1,12,0.569988492773,False
workload_2898.cpp,xcu200-fsgd2104-2-e,10,292.22543,78,0,3,0,2,block_32_1,cyclic_2_1,block_2_1,unroll_2,unroll_2,unroll_4,1,1.25,0.787771528654,False
workload_3024.cpp,xcu200-fsgd2104-2-e,10,288.56463,149,0,7,1,3,block_32_1,cyclic_2_1,block_2_1,unroll_2,unroll_2,unroll_8,1,2.75,0.767476346441,False
workload_2991.cpp,xcu200-fsgd2104-2-e,10,442.38767,79,0,3,0,2,block_32_1,cyclic_2_1,block_2_1,unroll_2,unroll_4,unroll_2,1,1.25,0.598751665209,False
workload_2987.cpp,xcu200-fsgd2104-2-e,10,287.08789,159,0,7,12,22,block_32_1,cyclic_2_1,cyclic_4_1,unroll_17,unroll_2,pipeline_1,1,10.25,0.611283087889,False
workload_2962.cpp,xcu200-fsgd2104-2-e,10,301.21093,421,0,14,3,6,block_32_1,cyclic_2_1,cyclic_4_1,unroll_17,unroll_2,unroll_2,1,5.75,0.702183021358,False
workload_2907.cpp,xcu200-fsgd2104-2-e,10,379.26303,199,0,7,1,4,block_32_1,cyclic_32_1,block_2_1,unroll_2,unroll_2,unroll_8,1,3,0.668047920672,False
workload_2916.cpp,xcu200-fsgd2104-2-e,10,572.91455,202,0,7,1,4,block_32_1,cyclic_32_1,cyclic_4_1,unroll_2,unroll_4,unroll_4,1,3,0.451781263414,False
workload_2986.cpp,xcu200-fsgd2104-2-e,10,287.08799,51,0,1,1,3,block_32_1,cyclic_4_1,block_2_1,unroll_2,unroll_2,pipeline_1,1,1.25,0.792272856171,False
workload_3015.cpp,xcu200-fsgd2104-2-e,10,297.08205,45,2,0,1,3,block_4_1,block_2_1,complete_1,unroll_2,unroll_2,pipeline_1,1,1.5,0.779603375266,False
workload_3438.cpp,xcu200-fsgd2104-2-e,10,286.43262,46,2,0,1,3,block_4_1,block_2_1,cyclic_2_1,unroll_2,unroll_2,pipeline_1,1,1.5,0.789052097884,False
workload_2859.cpp,xcu200-fsgd2104-2-e,10,377.13102,91,1,0,1,5,block_4_1,cyclic_128_1,cyclic_4_1,unroll_2,unroll_2,pipeline_1,1,1.75,0.678649574474,False
workload_2901.cpp,xcu200-fsgd2104-2-e,10,382.26846,131,1,0,1,5,block_4_1,cyclic_128_1,cyclic_4_1,unroll_2,unroll_2,unroll_4,1,1.75,0.672155534166,False
workload_2827.cpp,xcu200-fsgd2104-2-e,10,890.24773,314,2,0,25,46,block_4_1,cyclic_16_1,complete_1,unroll_2,unroll_32,pipeline_1,1,18.25,0.154022594319,False
workload_2870.cpp,xcu200-fsgd2104-2-e,10,387.78052,219,2,0,13,24,block_4_1,cyclic_32_1,block_2_1,unroll_17,unroll_2,pipeline_1,1,9.75,0.557173252019,False
workload_2862.cpp,xcu200-fsgd2104-2-e,10,387.78045,53,2,0,1,3,block_4_1,cyclic_32_1,complete_1,unroll_2,unroll_2,pipeline_1,1,1.5,0.665909328571,False
workload_2695.cpp,xcu200-fsgd2104-2-e,10,878.88121,1706,2,0,51,92,block_4_1,cyclic_32_1,complete_1,unroll_4,unroll_32,pipeline_1,1,36.25,0.1,False
workload_2813.cpp,xcu200-fsgd2104-2-e,10,387.78062,52,2,0,1,3,block_4_1,cyclic_32_1,cyclic_2_1,unroll_2,unroll_2,pipeline_1,1,1.5,0.665909113311,False
workload_2832.cpp,xcu200-fsgd2104-2-e,10,574.28676,597,2,0,25,48,block_4_1,cyclic_32_1,cyclic_4_1,unroll_17,unroll_4,pipeline_1,1,18.75,0.292967438914,False
workload_2873.cpp,xcu200-fsgd2104-2-e,10,377.13102,65,3,0,1,3,block_4_1,cyclic_64_1,cyclic_2_1,unroll_2,unroll_2,pipeline_1,1,1.75,0.678649574474,False
workload_2830.cpp,xcu200-fsgd2104-2-e,10,891.98841,576,2,0,51,89,block_4_1,cyclic_8_1,complete_1,unroll_4,unroll_32,pipeline_1,1,35.5,0.100019255459,False
workload_2797.cpp,xcu200-fsgd2104-2-e,10,377.13092,106,2,0,13,22,block_4_1,cyclic_8_1,cyclic_4_1,unroll_17,unroll_2,pipeline_1,1,9.25,0.574781908508,False
workload_2734.cpp,xcu200-fsgd2104-2-e,10,379.52276,1184,2,0,10,21,block_4_1,cyclic_8_1,cyclic_4_1,unroll_17,unroll_2,unroll_8,1,8.25,0.591500049194,False
workload_2872.cpp,xcu200-fsgd2104-2-e,10,287.08772,235,6,7,13,24,block_64_1,block_2_1,complete_1,unroll_17,unroll_2,pipeline_1,1,12.5,0.560010895567,False
workload_2855.cpp,xcu200-fsgd2104-2-e,10,297.73759,58,6,1,1,3,block_64_1,block_2_1,cyclic_4_1,unroll_2,unroll_2,pipeline_1,1,2.75,0.76015214276,False
workload_2863.cpp,xcu200-fsgd2104-2-e,10,388.43599,68,6,1,1,3,block_64_1,block_32_1,cyclic_2_1,unroll_2,unroll_2,pipeline_1,1,2.75,0.659067508734,False
workload_2692.cpp,xcu200-fsgd2104-2-e,10,297.73759,66,6,1,1,3,block_64_1,block_4_1,cyclic_4_1,unroll_2,unroll_2,pipeline_1,1,2.75,0.76015214276,False
workload_2817.cpp,xcu200-fsgd2104-2-e,10,388.43599,63,6,1,1,3,block_64_1,block_8_1,cyclic_4_1,unroll_2,unroll_2,pipeline_1,1,2.75,0.659067508734,False
workload_3363.cpp,xcu200-fsgd2104-2-e,10,287.08778,70,6,1,3,6,block_64_1,cyclic_2_1,complete_1,unroll_4,unroll_2,pipeline_1,1,4,0.746344874218,False
workload_2828.cpp,xcu200-fsgd2104-2-e,10,592.16319,243,6,7,12,23,block_64_1,cyclic_2_1,cyclic_4_1,unroll_2,unroll_16,pipeline_1,1,12,0.365172096557,False
workload_2772.cpp,xcu200-fsgd2104-2-e,10,297.73759,61,6,1,1,3,block_64_1,cyclic_2_1,cyclic_4_1,unroll_2,unroll_2,pipeline_1,1,2.75,0.76015214276,False
workload_2883.cpp,xcu200-fsgd2104-2-e,10,388.43572,353,6,7,12,25,block_64_1,cyclic_32_1,complete_1,unroll_17,unroll_2,pipeline_1,1,12.5,0.503584270495,False
workload_3253.cpp,xcu200-fsgd2104-2-e,10,287.08782,60,6,1,1,3,block_64_1,cyclic_4_1,complete_1,unroll_2,unroll_2,pipeline_1,1,2.75,0.768560540602,False
workload_2777.cpp,xcu200-fsgd2104-2-e,10,390.91099,247,7,3,0,3,block_64_1,cyclic_64_1,block_2_1,unroll_4,unroll_2,unroll_2,1,3.25,0.652137472205,False
workload_2833.cpp,xcu200-fsgd2104-2-e,10,377.78612,698,7,7,12,26,block_64_1,cyclic_64_1,complete_1,unroll_17,unroll_2,pipeline_1,1,13,0.500161226219,False
workload_2779.cpp,xcu200-fsgd2104-2-e,10,377.78629,659,7,7,12,26,block_64_1,cyclic_64_1,cyclic_2_1,unroll_17,unroll_2,pipeline_1,1,13,0.500161124852,False
workload_2874.cpp,xcu200-fsgd2104-2-e,10,666.76687,231,7,3,6,13,block_64_1,cyclic_64_1,cyclic_2_1,unroll_2,unroll_8,pipeline_1,1,7.25,0.347313978477,False
workload_2990.cpp,xcu200-fsgd2104-2-e,10,434.95343,95,3,0,1,5,block_8_1,block_2_1,cyclic_4_1,unroll_2,unroll_4,unroll_4,1,2.25,0.605699348901,False
workload_3342.cpp,xcu200-fsgd2104-2-e,10,35.60822,307,1,0,2,8,cyclic_16_1,cyclic_2_1,complete_1,unroll_2,pipeline_1,unroll_2,1,2.75,0.998937677172,False
workload_3105.cpp,xcu200-fsgd2104-2-e,10,35.30654,558,0,0,8,16,cyclic_2_1,block_128_1,block_2_1,unroll_2,pipeline_1,unroll_8,1,6,0.908759100263,False
workload_2924.cpp,xcu200-fsgd2104-2-e,10,875.86053,3104,0,1,3,24,cyclic_2_1,block_128_1,complete_1,unroll_2,unroll_32,pipeline_1,1,7,0.205913935061,False
workload_3215.cpp,xcu200-fsgd2104-2-e,10,35.30633,1664,0,0,17,31,cyclic_2_1,block_128_1,complete_1,unroll_4,pipeline_1,pipeline_1,1,12,0.769419075608,False
workload_3386.cpp,xcu200-fsgd2104-2-e,10,34.9543,363,1,0,2,8,cyclic_2_1,block_2_1,block_4_1,unroll_2,pipeline_1,pipeline_1,2,2.75,0.999997648928,False
workload_3135.cpp,xcu200-fsgd2104-2-e,10,285.37025,88,1,0,1,4,cyclic_2_1,block_2_1,complete_1,unroll_17,unroll_2,pipeline_1,1,1.5,0.789827332773,False
workload_2965.cpp,xcu200-fsgd2104-2-e,10,34.95421,371,1,0,2,8,cyclic_2_1,block_2_1,complete_1,unroll_2,pipeline_1,pipeline_1,2,2.75,0.999997794857,False
workload_3323.cpp,xcu200-fsgd2104-2-e,10,34.95421,392,1,0,2,8,cyclic_2_1,block_2_1,complete_1,unroll_2,pipeline_1,unroll_16,1,2.75,0.999997794857,False
workload_2997.cpp,xcu200-fsgd2104-2-e,10,34.95421,362.5,1,0,2,8,cyclic_2_1,block_2_1,complete_1,unroll_2,pipeline_1,unroll_4,2,2.75,0.999997794857,False
workload_3387.cpp,xcu200-fsgd2104-2-e,10,34.95421,400,1,0,2,8,cyclic_2_1,block_2_1,complete_1,unroll_2,pipeline_1,unroll_64,2,2.75,0.999997794857,False
workload_3420.cpp,xcu200-fsgd2104-2-e,10,34.95421,356,1,0,2,8,cyclic_2_1,block_2_1,complete_1,unroll_2,pipeline_1,unroll_8,1,2.75,0.999997794857,False
workload_3156.cpp,xcu200-fsgd2104-2-e,10,285.39245,40,1,0,0,0,cyclic_2_1,block_2_1,complete_1,unroll_2,unroll_2,pipeline_1,1,0.25,0.798899566951,False
workload_3032.cpp,xcu200-fsgd2104-2-e,10,289.57317,53,1,0,0,1,cyclic_2_1,block_2_1,complete_1,unroll_2,unroll_2,unroll_8,1,0.5,0.798040433775,False
workload_3369.cpp,xcu200-fsgd2104-2-e,10,34.95477,1005,1,0,4,15,cyclic_2_1,block_2_1,complete_1,unroll_4,pipeline_1,pipeline_1,1,5,0.939416894058,False
workload_3173.cpp,xcu200-fsgd2104-2-e,10,34.95477,1092,1,0,4,15,cyclic_2_1,block_2_1,complete_1,unroll_4,pipeline_1,unroll_4,1,5,0.939416894058,False
workload_2983.cpp,xcu200-fsgd2104-2-e,10,285.39241,47,1,0,0,1,cyclic_2_1,block_2_1,complete_1,unroll_4,unroll_2,pipeline_1,1,0.5,0.803955755254,False
workload_3346.cpp,xcu200-fsgd2104-2-e,10,34.95294,376,1,0,2,8,cyclic_2_1,block_2_1,cyclic_2_1,unroll_2,pipeline_1,pipeline_1,4,2.75,0.999999854071,False
workload_3259.cpp,xcu200-fsgd2104-2-e,10,34.95294,392,1,0,2,8,cyclic_2_1,block_2_1,cyclic_2_1,unroll_2,pipeline_1,unroll_2,1,2.75,0.999999854071,False
workload_3366.cpp,xcu200-fsgd2104-2-e,10,34.95294,399,1,0,2,8,cyclic_2_1,block_2_1,cyclic_2_1,unroll_2,pipeline_1,unroll_32,1,2.75,0.999999854071,False
workload_3289.cpp,xcu200-fsgd2104-2-e,10,34.95294,389,1,0,2,8,cyclic_2_1,block_2_1,cyclic_2_1,unroll_2,pipeline_1,unroll_4,2,2.75,0.999999854071,False
workload_3320.cpp,xcu200-fsgd2104-2-e,10,34.95294,360,1,0,2,8,cyclic_2_1,block_2_1,cyclic_2_1,unroll_2,pipeline_1,unroll_64,1,2.75,0.999999854071,False
workload_3226.cpp,xcu200-fsgd2104-2-e,10,34.95294,406.5,1,0,2,8,cyclic_2_1,block_2_1,cyclic_2_1,unroll_2,pipeline_1,unroll_8,2,2.75,0.999999854071,False
workload_3418.cpp,xcu200-fsgd2104-2-e,10,285.39262,42,1,0,0,0,cyclic_2_1,block_2_1,cyclic_2_1,unroll_2,unroll_2,pipeline_1,1,0.25,0.798899441815,False
workload_3393.cpp,xcu200-fsgd2104-2-e,10,34.9529,1034,1,0,4,15,cyclic_2_1,block_2_1,cyclic_2_1,unroll_4,pipeline_1,pipeline_1,1,5,0.939418299261,False
workload_3391.cpp,xcu200-fsgd2104-2-e,10,34.9529,981,1,0,4,15,cyclic_2_1,block_2_1,cyclic_2_1,unroll_4,pipeline_1,unroll_32,1,5,0.939418299261,False
workload_3446.cpp,xcu200-fsgd2104-2-e,10,34.9529,906,1,0,4,15,cyclic_2_1,block_2_1,cyclic_2_1,unroll_4,pipeline_1,unroll_8,1,5,0.939418299261,False
workload_2989.cpp,xcu200-fsgd2104-2-e,10,511.09054,60,0,0,0,2,cyclic_2_1,block_4_1,block_2_1,unroll_2,unroll_8,pipeline_1,1,0.5,0.51902499989,False
workload_3027.cpp,xcu200-fsgd2104-2-e,10,34.95566,430,0,0,5,12,cyclic_2_1,block_4_1,block_4_1,unroll_2,pipeline_1,unroll_4,1,4.25,0.95369465892,False
workload_3052.cpp,xcu200-fsgd2104-2-e,10,285.39262,44,0,0,0,0,cyclic_2_1,block_4_1,block_4_1,unroll_2,unroll_2,pipeline_1,1,0,0.801918152113,False
workload_3063.cpp,xcu200-fsgd2104-2-e,10,34.95557,439.5,0,0,5,12,cyclic_2_1,block_4_1,complete_1,unroll_2,pipeline_1,pipeline_1,2,4.25,0.953694727128,False
workload_3064.cpp,xcu200-fsgd2104-2-e,10,34.95557,447,0,0,5,12,cyclic_2_1,block_4_1,complete_1,unroll_2,pipeline_1,unroll_4,1,4.25,0.953694727128,False
workload_2943.cpp,xcu200-fsgd2104-2-e,10,285.39245,41,0,0,0,0,cyclic_2_1,block_4_1,complete_1,unroll_2,unroll_2,pipeline_1,1,0,0.801918391454,False
workload_2823.cpp,xcu200-fsgd2104-2-e,10,663.46933,161,0,1,3,7,cyclic_2_1,block_4_1,complete_1,unroll_2,unroll_32,pipeline_1,1,2.75,0.367044725277,False
workload_2871.cpp,xcu200-fsgd2104-2-e,10,511.09045,60,0,0,0,2,cyclic_2_1,block_4_1,complete_1,unroll_2,unroll_8,pipeline_1,1,0.5,0.519025099139,False
workload_3192.cpp,xcu200-fsgd2104-2-e,10,285.39241,50,0,0,0,1,cyclic_2_1,block_4_1,complete_1,unroll_4,unroll_2,pipeline_1,1,0.25,0.798899596395,False
workload_3090.cpp,xcu200-fsgd2104-2-e,10,285.39252,99,0,0,1,4,cyclic_2_1,block_4_1,cyclic_2_1,unroll_17,unroll_2,pipeline_1,1,1.25,0.793546064493,False
workload_3322.cpp,xcu200-fsgd2104-2-e,10,34.9543,463,0,0,5,12,cyclic_2_1,block_4_1,cyclic_2_1,unroll_2,pipeline_1,unroll_4,1,4.25,0.953695689588,False
workload_3067.cpp,xcu200-fsgd2104-2-e,10,285.39262,46,0,0,0,0,cyclic_2_1,block_4_1,cyclic_2_1,unroll_2,unroll_2,pipeline_1,1,0,0.801918152113,False
workload_3023.cpp,xcu200-fsgd2104-2-e,10,285.39252,98,0,0,1,4,cyclic_2_1,block_4_1,cyclic_4_1,unroll_17,unroll_2,pipeline_1,1,1.25,0.793546064493,False
workload_3104.cpp,xcu200-fsgd2104-2-e,10,34.95566,424,0,0,5,12,cyclic_2_1,block_4_1,cyclic_4_1,unroll_2,pipeline_1,pipeline_1,2,4.25,0.95369465892,False
workload_3011.cpp,xcu200-fsgd2104-2-e,10,285.39262,42,0,0,0,0,cyclic_2_1,block_4_1,cyclic_4_1,unroll_2,unroll_2,pipeline_1,1,0,0.801918152113,False
workload_2982.cpp,xcu200-fsgd2104-2-e,10,294.23246,47,0,0,0,1,cyclic_2_1,block_4_1,cyclic_4_1,unroll_2,unroll_2,unroll_4,1,0.25,0.789256519042,False
workload_3195.cpp,xcu200-fsgd2104-2-e,10,376.09085,42,1,0,0,0,cyclic_2_1,block_8_1,complete_1,unroll_2,unroll_2,pipeline_1,1,0.25,0.680114508101,False
workload_3177.cpp,xcu200-fsgd2104-2-e,10,35.30633,1311,1,0,15,26,cyclic_2_1,block_8_1,complete_1,unroll_4,pipeline_1,unroll_8,1,10.5,0.819595983913,False
workload_3129.cpp,xcu200-fsgd2104-2-e,10,34.95285,383,1,0,2,9,cyclic_2_1,cyclic_2_1,complete_1,unroll_2,pipeline_1,pipeline_1,4,3,0.990211886427,False
workload_3365.cpp,xcu200-fsgd2104-2-e,10,34.95285,392,1,0,2,9,cyclic_2_1,cyclic_2_1,complete_1,unroll_2,pipeline_1,unroll_16,1,3,0.990211886427,False
workload_3421.cpp,xcu200-fsgd2104-2-e,10,34.95285,387,1,0,2,9,cyclic_2_1,cyclic_2_1,complete_1,unroll_2,pipeline_1,unroll_2,1,3,0.990211886427,False
workload_3202.cpp,xcu200-fsgd2104-2-e,10,34.95285,397,1,0,2,9,cyclic_2_1,cyclic_2_1,complete_1,unroll_2,pipeline_1,unroll_4,1,3,0.990211886427,False
workload_3223.cpp,xcu200-fsgd2104-2-e,10,34.95285,423.5,1,0,2,9,cyclic_2_1,cyclic_2_1,complete_1,unroll_2,pipeline_1,unroll_64,2,3,0.990211886427,False
workload_3257.cpp,xcu200-fsgd2104-2-e,10,34.95285,393,1,0,2,9,cyclic_2_1,cyclic_2_1,complete_1,unroll_2,pipeline_1,unroll_8,1,3,0.990211886427,False
workload_3157.cpp,xcu200-fsgd2104-2-e,10,285.03885,40,1,0,0,0,cyclic_2_1,cyclic_2_1,complete_1,unroll_2,unroll_2,pipeline_1,1,0.25,0.79915250093,False
workload_3070.cpp,xcu200-fsgd2104-2-e,10,34.95273,1144,1,0,4,16,cyclic_2_1,cyclic_2_1,complete_1,unroll_4,pipeline_1,pipeline_1,3,5.25,0.932801108318,False
workload_3174.cpp,xcu200-fsgd2104-2-e,10,34.95273,1152,1,0,4,16,cyclic_2_1,cyclic_2_1,complete_1,unroll_4,pipeline_1,unroll_2,1,5.25,0.932801108318,False
workload_3261.cpp,xcu200-fsgd2104-2-e,10,34.95273,1114,1,0,4,16,cyclic_2_1,cyclic_2_1,complete_1,unroll_4,pipeline_1,unroll_8,2,5.25,0.932801108318,False
workload_3133.cpp,xcu200-fsgd2104-2-e,10,285.03881,45,1,0,0,1,cyclic_2_1,cyclic_2_1,complete_1,unroll_4,unroll_2,pipeline_1,1,0.5,1,True
workload_3094.cpp,xcu200-fsgd2104-2-e,10,34.95294,402,1,0,2,9,cyclic_2_1,cyclic_2_1,cyclic_2_1,unroll_2,pipeline_1,pipeline_1,2,3,0.990211886426,False
workload_3423.cpp,xcu200-fsgd2104-2-e,10,34.95294,414,1,0,2,9,cyclic_2_1,cyclic_2_1,cyclic_2_1,unroll_2,pipeline_1,unroll_32,1,3,0.990211886426,False
workload_3324.cpp,xcu200-fsgd2104-2-e,10,34.95294,413,1,0,2,9,cyclic_2_1,cyclic_2_1,cyclic_2_1,unroll_2,pipeline_1,unroll_4,1,3,0.990211886426,False
workload_3367.cpp,xcu200-fsgd2104-2-e,10,34.95294,408,1,0,2,9,cyclic_2_1,cyclic_2_1,cyclic_2_1,unroll_2,pipeline_1,unroll_64,1,3,0.990211886426,False
workload_3408.cpp,xcu200-fsgd2104-2-e,10,34.95294,342,1,0,2,9,cyclic_2_1,cyclic_2_1,cyclic_2_1,unroll_2,pipeline_1,unroll_8,1,3,0.990211886426,False
workload_3188.cpp,xcu200-fsgd2104-2-e,10,322.18766,40,1,0,0,0,cyclic_2_1,cyclic_2_1,cyclic_2_1,unroll_2,unroll_2,unroll_2,1,0.25,0.751530160435,False
workload_2973.cpp,xcu200-fsgd2104-2-e,10,314.20042,50,1,0,0,1,cyclic_2_1,cyclic_2_1,cyclic_2_1,unroll_4,unroll_2,unroll_4,1,0.5,0.763663466009,False
workload_2935.cpp,xcu200-fsgd2104-2-e,10,310.20682,61,1,0,0,1,cyclic_2_1,cyclic_2_1,cyclic_2_1,unroll_4,unroll_2,unroll_8,1,0.5,0.769183244975,False
workload_3210.cpp,xcu200-fsgd2104-2-e,10,34.9529,1159,1,0,4,16,cyclic_2_1,cyclic_2_1,cyclic_4_1,unroll_4,pipeline_1,pipeline_1,1,5.25,0.932800993904,False
workload_2918.cpp,xcu200-fsgd2104-2-e,10,702.85301,207,1,0,0,6,cyclic_2_1,cyclic_32_1,complete_1,unroll_2,unroll_8,unroll_8,1,1.75,0.334371551527,False
workload_2896.cpp,xcu200-fsgd2104-2-e,10,400.90526,72,1,0,0,1,cyclic_2_1,cyclic_32_1,cyclic_2_1,unroll_2,unroll_2,unroll_8,1,0.5,0.649209166215,False
workload_3100.cpp,xcu200-fsgd2104-2-e,10,34.95294,464,0,0,2,9,cyclic_2_1,cyclic_4_1,block_2_1,unroll_2,pipeline_1,unroll_16,1,2.75,0.999999854071,False
workload_3028.cpp,xcu200-fsgd2104-2-e,10,34.95294,476,0,0,2,9,cyclic_2_1,cyclic_4_1,block_2_1,unroll_2,pipeline_1,unroll_8,2,2.75,0.999999854071,False
workload_2933.cpp,xcu200-fsgd2104-2-e,10,310.20686,49,0,0,0,1,cyclic_2_1,cyclic_4_1,block_2_1,unroll_2,unroll_2,unroll_8,1,0.25,0.767816862154,False
workload_3349.cpp,xcu200-fsgd2104-2-e,10,34.95294,492,0,0,2,9,cyclic_2_1,cyclic_4_1,block_4_1,unroll_2,pipeline_1,unroll_4,1,2.75,0.999999854071,False
workload_2972.cpp,xcu200-fsgd2104-2-e,10,322.18766,41,0,0,0,0,cyclic_2_1,cyclic_4_1,block_4_1,unroll_2,unroll_2,unroll_2,1,0,0.750966173068,False
workload_3130.cpp,xcu200-fsgd2104-2-e,10,34.95285,439,0,0,2,9,cyclic_2_1,cyclic_4_1,complete_1,unroll_2,pipeline_1,pipeline_1,3,2.75,1,True
workload_3224.cpp,xcu200-fsgd2104-2-e,10,34.95285,407,0,0,2,9,cyclic_2_1,cyclic_4_1,complete_1,unroll_2,pipeline_1,unroll_4,2,2.75,1,True
workload_3258.cpp,xcu200-fsgd2104-2-e,10,34.95285,492,0,0,2,9,cyclic_2_1,cyclic_4_1,complete_1,unroll_2,pipeline_1,unroll_64,1,2.75,1,True
workload_3189.cpp,xcu200-fsgd2104-2-e,10,285.03885,40,0,0,0,0,cyclic_2_1,cyclic_4_1,complete_1,unroll_2,unroll_2,pipeline_1,1,0,1,True
workload_3124.cpp,xcu200-fsgd2104-2-e,10,322.18749,41,0,0,0,0,cyclic_2_1,cyclic_4_1,complete_1,unroll_2,unroll_2,unroll_2,1,0,0.750966404466,False
workload_3313.cpp,xcu200-fsgd2104-2-e,10,314.20037,41,0,0,0,0,cyclic_2_1,cyclic_4_1,complete_1,unroll_2,unroll_2,unroll_4,1,0,0.761879630688,False
workload_3294.cpp,xcu200-fsgd2104-2-e,10,34.95273,1123,0,0,4,16,cyclic_2_1,cyclic_4_1,complete_1,unroll_4,pipeline_1,pipeline_1,2,5,0.939418427003,False
workload_3150.cpp,xcu200-fsgd2104-2-e,10,34.95273,1129.5,0,0,4,16,cyclic_2_1,cyclic_4_1,complete_1,unroll_4,pipeline_1,unroll_16,2,5,0.939418427003,False
workload_3326.cpp,xcu200-fsgd2104-2-e,10,34.95273,1183,0,0,4,16,cyclic_2_1,cyclic_4_1,complete_1,unroll_4,pipeline_1,unroll_2,1,5,0.939418427003,False
workload_3328.cpp,xcu200-fsgd2104-2-e,10,34.95273,1199,0,0,4,16,cyclic_2_1,cyclic_4_1,complete_1,unroll_4,pipeline_1,unroll_64,1,5,0.939418427003,False
workload_3066.cpp,xcu200-fsgd2104-2-e,10,290.36361,50,0,0,0,1,cyclic_2_1,cyclic_4_1,complete_1,unroll_4,unroll_2,pipeline_1,2,0.25,0.794026453801,False
workload_3341.cpp,xcu200-fsgd2104-2-e,10,310.20665,57,0,0,0,1,cyclic_2_1,cyclic_4_1,complete_1,unroll_4,unroll_2,unroll_8,1,0.25,0.767817147974,False
workload_3316.cpp,xcu200-fsgd2104-2-e,10,295.68852,94,0,0,0,2,cyclic_2_1,cyclic_4_1,cyclic_2_1,unroll_17,unroll_2,pipeline_1,1,0.5,0.789429101437,False
workload_3225.cpp,xcu200-fsgd2104-2-e,10,34.95294,468,0,0,2,9,cyclic_2_1,cyclic_4_1,cyclic_2_1,unroll_2,pipeline_1,pipeline_1,2,2.75,0.999999854071,False
workload_3445.cpp,xcu200-fsgd2104-2-e,10,34.95294,466,0,0,2,9,cyclic_2_1,cyclic_4_1,cyclic_2_1,unroll_2,pipeline_1,unroll_16,1,2.75,0.999999854071,False
workload_3170.cpp,xcu200-fsgd2104-2-e,10,34.95294,439,0,0,2,9,cyclic_2_1,cyclic_4_1,cyclic_2_1,unroll_2,pipeline_1,unroll_4,1,2.75,0.999999854071,False
workload_3362.cpp,xcu200-fsgd2104-2-e,10,285.03902,44,0,0,0,0,cyclic_2_1,cyclic_4_1,cyclic_2_1,unroll_2,unroll_2,pipeline_1,1,0,0.802416057609,False
workload_3203.cpp,xcu200-fsgd2104-2-e,10,34.95294,451,0,0,2,9,cyclic_2_1,cyclic_4_1,cyclic_4_1,unroll_2,pipeline_1,pipeline_1,1,2.75,0.999999854071,False
workload_3088.cpp,xcu200-fsgd2104-2-e,10,295.68858,45,0,0,0,1,cyclic_2_1,cyclic_4_1,cyclic_4_1,unroll_4,unroll_2,pipeline_1,1,0.25,0.787370202468,False
workload_2876.cpp,xcu200-fsgd2104-2-e,10,412.88585,96,2,0,0,2,cyclic_2_1,cyclic_64_1,complete_1,unroll_4,unroll_2,unroll_2,1,1,0.634822046711,False
workload_2820.cpp,xcu200-fsgd2104-2-e,10,412.88602,96,2,0,0,2,cyclic_2_1,cyclic_64_1,cyclic_4_1,unroll_4,unroll_2,unroll_2,1,1,0.63482183536,False
workload_3325.cpp,xcu200-fsgd2104-2-e,10,35.32437,735,1,1,4,19,cyclic_2_1,cyclic_8_1,complete_1,unroll_2,pipeline_1,pipeline_1,1,6.25,0.90019348668,False
workload_3390.cpp,xcu200-fsgd2104-2-e,10,35.32437,636,1,1,4,19,cyclic_2_1,cyclic_8_1,complete_1,unroll_2,pipeline_1,unroll_8,1,6.25,0.90019348668,False
workload_3439.cpp,xcu200-fsgd2104-2-e,10,397.90997,104,1,0,0,2,cyclic_2_1,cyclic_8_1,complete_1,unroll_2,unroll_2,unroll_32,1,0.75,0.653425594153,False
workload_3419.cpp,xcu200-fsgd2104-2-e,10,412.88585,52,1,0,0,1,cyclic_2_1,cyclic_8_1,complete_1,unroll_4,unroll_2,unroll_2,1,0.5,0.634218170799,False
workload_3146.cpp,xcu200-fsgd2104-2-e,10,35.32446,715,1,1,4,19,cyclic_2_1,cyclic_8_1,cyclic_2_1,unroll_2,pipeline_1,unroll_8,1,6.25,0.900193451876,False
workload_2920.cpp,xcu200-fsgd2104-2-e,10,35.60958,339,3,0,2,8,cyclic_32_1,block_2_1,complete_1,unroll_2,pipeline_1,unroll_8,1,3.25,0.980448744785,False
workload_2858.cpp,xcu200-fsgd2104-2-e,10,289.89574,64,3,0,0,1,cyclic_32_1,block_2_1,complete_1,unroll_2,unroll_2,unroll_8,1,1,0.793359693025,False
workload_2778.cpp,xcu200-fsgd2104-2-e,10,35.61103,524,3,0,5,11,cyclic_32_1,block_4_1,block_4_1,unroll_2,pipeline_1,unroll_64,1,4.75,0.944325390742,False
workload_2853.cpp,xcu200-fsgd2104-2-e,10,286.04799,49,3,0,0,1,cyclic_32_1,block_4_1,block_4_1,unroll_2,unroll_2,pipeline_1,1,1,0.796701639815,False
workload_2860.cpp,xcu200-fsgd2104-2-e,10,294.22223,61,3,0,0,1,cyclic_32_1,block_4_1,block_4_1,unroll_2,unroll_2,unroll_4,1,1,0.788798878027,False
workload_2814.cpp,xcu200-fsgd2104-2-e,10,427.98399,56,3,0,0,1,cyclic_32_1,block_4_1,block_4_1,unroll_2,unroll_4,pipeline_1,1,1,0.616209547197,False
workload_2875.cpp,xcu200-fsgd2104-2-e,10,432.08111,93,3,1,0,3,cyclic_32_1,block_4_1,block_4_1,unroll_2,unroll_4,unroll_8,1,1.75,0.610561035432,False
workload_2917.cpp,xcu200-fsgd2104-2-e,10,35.61094,400,3,0,5,11,cyclic_32_1,block_4_1,complete_1,unroll_2,pipeline_1,unroll_4,1,4.75,0.944325462374,False
workload_2864.cpp,xcu200-fsgd2104-2-e,10,427.98399,59,3,0,0,1,cyclic_32_1,block_4_1,cyclic_4_1,unroll_2,unroll_4,pipeline_1,1,1,0.616209547197,False
workload_2732.cpp,xcu200-fsgd2104-2-e,10,380.59423,78,3,0,0,2,cyclic_32_1,block_8_1,block_2_1,unroll_2,unroll_2,unroll_8,1,1.25,0.67550881753,False
workload_2960.cpp,xcu200-fsgd2104-2-e,10,35.96191,448,3,0,7,13,cyclic_32_1,block_8_1,block_4_1,unroll_2,pipeline_1,unroll_64,1,5.75,0.916769535624,False
workload_2816.cpp,xcu200-fsgd2104-2-e,10,384.92063,63,3,0,0,1,cyclic_32_1,block_8_1,block_4_1,unroll_2,unroll_2,unroll_4,1,1,0.670123489346,False
workload_2821.cpp,xcu200-fsgd2104-2-e,10,378.09814,104,3,1,0,2,cyclic_32_1,block_8_1,complete_1,unroll_2,unroll_2,unroll_16,1,1.5,0.67821852448,False
workload_2773.cpp,xcu200-fsgd2104-2-e,10,380.59414,73,3,0,0,2,cyclic_32_1,block_8_1,complete_1,unroll_2,unroll_2,unroll_8,1,1.25,0.675508932878,False
workload_2829.cpp,xcu200-fsgd2104-2-e,10,35.60831,449,3,0,2,8,cyclic_32_1,cyclic_2_1,block_2_1,unroll_2,pipeline_1,unroll_64,1,3.25,0.980448855001,False
workload_2733.cpp,xcu200-fsgd2104-2-e,10,35.60831,430,3,0,2,8,cyclic_32_1,cyclic_2_1,block_4_1,unroll_2,pipeline_1,unroll_64,1,3.25,0.980448855001,False
workload_2902.cpp,xcu200-fsgd2104-2-e,10,307.36783,138,3,0,0,3,cyclic_32_1,cyclic_2_1,block_4_1,unroll_2,unroll_2,unroll_64,1,1.5,0.768298035237,False
workload_2976.cpp,xcu200-fsgd2104-2-e,10,285.69435,53,3,0,0,1,cyclic_32_1,cyclic_2_1,block_4_1,unroll_4,unroll_2,pipeline_1,1,1,0.796967694364,False
workload_2988.cpp,xcu200-fsgd2104-2-e,10,310.86223,57,3,0,0,1,cyclic_32_1,cyclic_2_1,cyclic_2_1,unroll_2,unroll_2,unroll_8,1,1,0.767853572731,False
workload_2782.cpp,xcu200-fsgd2104-2-e,10,877.82155,2831,3,0,2,21,cyclic_32_1,cyclic_32_1,cyclic_4_1,unroll_4,unroll_32,pipeline_1,1,6.5,0.206062711319,False
workload_2957.cpp,xcu200-fsgd2104-2-e,10,307.36783,156,3,0,0,3,cyclic_32_1,cyclic_4_1,block_2_1,unroll_2,unroll_2,unroll_64,1,1.5,0.768298035237,False
workload_2881.cpp,xcu200-fsgd2104-2-e,10,35.60831,479,3,0,2,9,cyclic_32_1,cyclic_4_1,cyclic_4_1,unroll_2,pipeline_1,unroll_64,1,3.5,0.970777351956,False
workload_2967.cpp,xcu200-fsgd2104-2-e,10,35.60831,443,3,0,2,9,cyclic_32_1,cyclic_4_1,cyclic_4_1,unroll_2,pipeline_1,unroll_8,1,3.5,0.970777351956,False
workload_2944.cpp,xcu200-fsgd2104-2-e,10,310.86223,59,3,0,0,1,cyclic_32_1,cyclic_4_1,cyclic_4_1,unroll_2,unroll_2,unroll_8,1,1,0.767853572731,False
workload_2904.cpp,xcu200-fsgd2104-2-e,10,308.86539,103,3,0,0,3,cyclic_32_1,cyclic_4_1,cyclic_4_1,unroll_4,unroll_2,unroll_16,1,1.5,0.7665376369,False
workload_2696.cpp,xcu200-fsgd2104-2-e,10,562.71348,1684,4,0,1,14,cyclic_32_1,cyclic_64_1,complete_1,unroll_17,unroll_4,pipeline_1,1,4.75,0.454859363604,False
workload_2837.cpp,xcu200-fsgd2104-2-e,10,562.71365,1591,4,0,1,14,cyclic_32_1,cyclic_64_1,cyclic_2_1,unroll_17,unroll_4,pipeline_1,1,4.75,0.454859196277,False
workload_3410.cpp,xcu200-fsgd2104-2-e,10,35.30645,497,1,0,9,16,cyclic_4_1,block_128_1,complete_1,unroll_2,pipeline_1,pipeline_1,1,6.5,0.891518080537,False
workload_3239.cpp,xcu200-fsgd2104-2-e,10,35.30633,1457,1,0,17,31,cyclic_4_1,block_128_1,complete_1,unroll_4,pipeline_1,unroll_2,1,12.25,0.761114057549,False
workload_3095.cpp,xcu200-fsgd2104-2-e,10,34.9543,364,2,0,2,8,cyclic_4_1,block_2_1,block_2_1,unroll_2,pipeline_1,pipeline_1,1,3,0.990211886147,False
workload_2716.cpp,xcu200-fsgd2104-2-e,10,34.95421,359.5,2,0,2,8,cyclic_4_1,block_2_1,complete_1,unroll_2,pipeline_1,pipeline_1,2,3,0.990211886181,False
workload_3405.cpp,xcu200-fsgd2104-2-e,10,34.95421,295,2,0,2,8,cyclic_4_1,block_2_1,complete_1,unroll_2,pipeline_1,unroll_2,1,3,0.990211886181,False
workload_3385.cpp,xcu200-fsgd2104-2-e,10,34.95421,327,2,0,2,8,cyclic_4_1,block_2_1,complete_1,unroll_2,pipeline_1,unroll_32,1,3,0.990211886181,False
workload_3442.cpp,xcu200-fsgd2104-2-e,10,34.95421,333,2,0,2,8,cyclic_4_1,block_2_1,complete_1,unroll_2,pipeline_1,unroll_64,1,3,0.990211886181,False
workload_2999.cpp,xcu200-fsgd2104-2-e,10,34.95477,887.5,2,0,4,16,cyclic_4_1,block_2_1,complete_1,unroll_4,pipeline_1,pipeline_1,2,5.5,0.925321082506,False
workload_2852.cpp,xcu200-fsgd2104-2-e,10,285.39241,49,2,0,0,1,cyclic_4_1,block_2_1,complete_1,unroll_4,unroll_2,pipeline_1,1,0.75,0.800738785612,False
workload_2948.cpp,xcu200-fsgd2104-2-e,10,294.56505,55,2,0,0,1,cyclic_4_1,block_2_1,complete_1,unroll_4,unroll_2,unroll_4,1,0.75,0.790592782285,False
workload_2959.cpp,xcu200-fsgd2104-2-e,10,34.95294,353.5,2,0,2,8,cyclic_4_1,block_2_1,cyclic_2_1,unroll_2,pipeline_1,pipeline_1,2,3,0.990211886426,False
workload_3345.cpp,xcu200-fsgd2104-2-e,10,34.95294,365,2,0,2,8,cyclic_4_1,block_2_1,cyclic_2_1,unroll_2,pipeline_1,unroll_2,1,3,0.990211886426,False
workload_3091.cpp,xcu200-fsgd2104-2-e,10,34.95294,339,2,0,2,8,cyclic_4_1,block_2_1,cyclic_2_1,unroll_2,pipeline_1,unroll_4,1,3,0.990211886426,False
workload_3231.cpp,xcu200-fsgd2104-2-e,10,34.95294,369,2,0,2,8,cyclic_4_1,block_2_1,cyclic_2_1,unroll_2,pipeline_1,unroll_64,2,3,0.990211886426,False
workload_3164.cpp,xcu200-fsgd2104-2-e,10,34.95294,343.5,2,0,2,8,cyclic_4_1,block_2_1,cyclic_2_1,unroll_2,pipeline_1,unroll_8,2,3,0.990211886426,False
workload_3059.cpp,xcu200-fsgd2104-2-e,10,285.39262,45,2,0,0,0,cyclic_4_1,block_2_1,cyclic_2_1,unroll_2,unroll_2,pipeline_1,1,0.5,0.803955457554,False
workload_2998.cpp,xcu200-fsgd2104-2-e,10,34.95566,433,1,0,5,12,cyclic_4_1,block_4_1,block_2_1,unroll_2,pipeline_1,pipeline_1,1,4.5,0.949605047896,False
workload_3014.cpp,xcu200-fsgd2104-2-e,10,293.56686,45,1,0,0,1,cyclic_4_1,block_4_1,block_2_1,unroll_2,unroll_2,unroll_4,1,0.5,0.792411150747,False
workload_2985.cpp,xcu200-fsgd2104-2-e,10,520.89326,85,1,1,1,2,cyclic_4_1,block_4_1,block_2_1,unroll_2,unroll_8,unroll_4,1,1.25,0.508825062493,False
workload_3093.cpp,xcu200-fsgd2104-2-e,10,34.95566,400,1,0,5,12,cyclic_4_1,block_4_1,block_4_1,unroll_2,pipeline_1,pipeline_1,1,4.5,0.949605047896,False
workload_2981.cpp,xcu200-fsgd2104-2-e,10,285.39235,105,1,0,1,4,cyclic_4_1,block_4_1,complete_1,unroll_17,unroll_2,pipeline_1,1,1.5,0.789811538429,False
workload_2780.cpp,xcu200-fsgd2104-2-e,10,34.95557,482,1,0,5,12,cyclic_4_1,block_4_1,complete_1,unroll_2,pipeline_1,pipeline_1,1,4.5,0.949605118793,False
workload_3131.cpp,xcu200-fsgd2104-2-e,10,34.95557,442,1,0,5,12,cyclic_4_1,block_4_1,complete_1,unroll_2,pipeline_1,unroll_64,1,4.5,0.949605118793,False
workload_2897.cpp,xcu200-fsgd2104-2-e,10,286.91077,78,1,1,0,2,cyclic_4_1,block_4_1,complete_1,unroll_2,unroll_2,unroll_16,1,1,0.796022266192,False
workload_3072.cpp,xcu200-fsgd2104-2-e,10,34.95545,1161,1,0,11,23,cyclic_4_1,block_4_1,complete_1,unroll_4,pipeline_1,unroll_8,1,8.75,0.870481307816,False
workload_2900.cpp,xcu200-fsgd2104-2-e,10,285.39241,52,1,0,0,1,cyclic_4_1,block_4_1,complete_1,unroll_4,unroll_2,pipeline_1,1,0.5,0.803955755254,False
workload_3061.cpp,xcu200-fsgd2104-2-e,10,34.9543,420,1,0,5,12,cyclic_4_1,block_4_1,cyclic_2_1,unroll_2,pipeline_1,unroll_4,1,4.5,0.949606119209,False
workload_2893.cpp,xcu200-fsgd2104-2-e,10,285.39262,43,1,0,0,0,cyclic_4_1,block_4_1,cyclic_2_1,unroll_2,unroll_2,pipeline_1,1,0.25,0.798899441815,False
workload_3126.cpp,xcu200-fsgd2104-2-e,10,285.39252,100,1,0,1,4,cyclic_4_1,block_4_1,cyclic_4_1,unroll_17,unroll_2,pipeline_1,1,1.5,0.789811416879,False
workload_2993.cpp,xcu200-fsgd2104-2-e,10,295.31396,165,1,2,2,4,cyclic_4_1,block_4_1,cyclic_4_1,unroll_17,unroll_2,unroll_4,1,2.25,0.770245194648,False
workload_3159.cpp,xcu200-fsgd2104-2-e,10,285.39262,43,1,0,0,0,cyclic_4_1,block_4_1,cyclic_4_1,unroll_2,unroll_2,pipeline_1,1,0.25,0.798899441815,False
workload_2910.cpp,xcu200-fsgd2104-2-e,10,286.91086,83,1,1,0,2,cyclic_4_1,block_4_1,cyclic_4_1,unroll_2,unroll_2,unroll_16,1,1,0.79602219311,False
workload_3030.cpp,xcu200-fsgd2104-2-e,10,35.30654,451.5,2,0,7,13,cyclic_4_1,block_8_1,block_2_1,unroll_2,pipeline_1,unroll_16,2,5.5,0.925114391674,False
workload_2932.cpp,xcu200-fsgd2104-2-e,10,375.73725,47,2,0,0,0,cyclic_4_1,cyclic_16_1,complete_1,unroll_2,unroll_2,pipeline_1,1,0.5,0.681358283878,False
workload_3057.cpp,xcu200-fsgd2104-2-e,10,34.95294,350,2,0,2,8,cyclic_4_1,cyclic_2_1,block_2_1,unroll_2,pipeline_1,pipeline_1,1,3,0.990211886426,False
workload_2964.cpp,xcu200-fsgd2104-2-e,10,34.95294,352,2,0,2,8,cyclic_4_1,cyclic_2_1,block_2_1,unroll_2,pipeline_1,unroll_16,2,3,0.990211886426,False
workload_3031.cpp,xcu200-fsgd2104-2-e,10,34.95294,365,2,0,2,8,cyclic_4_1,cyclic_2_1,block_2_1,unroll_2,pipeline_1,unroll_64,2,3,0.990211886426,False
workload_2815.cpp,xcu200-fsgd2104-2-e,10,308.21006,59,2,0,0,1,cyclic_4_1,cyclic_2_1,block_2_1,unroll_2,unroll_2,unroll_16,1,0.75,0.772190977658,False
workload_3053.cpp,xcu200-fsgd2104-2-e,10,306.71246,140,2,0,0,3,cyclic_4_1,cyclic_2_1,block_2_1,unroll_2,unroll_2,unroll_64,1,1.25,0.771499085349,False
workload_2922.cpp,xcu200-fsgd2104-2-e,10,34.9529,961,2,0,4,16,cyclic_4_1,cyclic_2_1,block_2_1,unroll_4,pipeline_1,pipeline_1,1,5.5,0.925322173461,False
workload_3036.cpp,xcu200-fsgd2104-2-e,10,34.9529,1067,2,0,4,16,cyclic_4_1,cyclic_2_1,block_2_1,unroll_4,pipeline_1,unroll_64,1,5.5,0.925322173461,False
workload_2854.cpp,xcu200-fsgd2104-2-e,10,290.36378,48,2,0,0,1,cyclic_4_1,cyclic_2_1,block_2_1,unroll_4,unroll_2,pipeline_1,2,0.75,0.795824897398,False
workload_3268.cpp,xcu200-fsgd2104-2-e,10,34.95294,398,2,0,2,8,cyclic_4_1,cyclic_2_1,block_4_1,unroll_2,pipeline_1,unroll_8,1,3,0.990211886426,False
workload_3101.cpp,xcu200-fsgd2104-2-e,10,290.36355,87.5,2,0,0,3,cyclic_4_1,cyclic_2_1,complete_1,unroll_17,unroll_2,pipeline_1,2,1.25,0.789508430021,False
workload_3286.cpp,xcu200-fsgd2104-2-e,10,314.20019,105,2,0,0,3,cyclic_4_1,cyclic_2_1,complete_1,unroll_17,unroll_2,unroll_4,1,1.25,0.762077827443,False
workload_3054.cpp,xcu200-fsgd2104-2-e,10,310.20659,140,2,0,1,4,cyclic_4_1,cyclic_2_1,complete_1,unroll_17,unroll_2,unroll_8,1,1.75,0.762267678261,False
workload_3165.cpp,xcu200-fsgd2104-2-e,10,34.95285,368,2,0,2,8,cyclic_4_1,cyclic_2_1,complete_1,unroll_2,pipeline_1,pipeline_1,4,3,0.990211886427,False
workload_3025.cpp,xcu200-fsgd2104-2-e,10,34.95285,334,2,0,2,8,cyclic_4_1,cyclic_2_1,complete_1,unroll_2,pipeline_1,unroll_16,2,3,0.990211886427,False
workload_3256.cpp,xcu200-fsgd2104-2-e,10,34.95285,339,2,0,2,8,cyclic_4_1,cyclic_2_1,complete_1,unroll_2,pipeline_1,unroll_2,2,3,0.990211886427,False
workload_3288.cpp,xcu200-fsgd2104-2-e,10,34.95285,397,2,0,2,8,cyclic_4_1,cyclic_2_1,complete_1,unroll_2,pipeline_1,unroll_32,1,3,0.990211886427,False
workload_3287.cpp,xcu200-fsgd2104-2-e,10,34.95285,379,2,0,2,8,cyclic_4_1,cyclic_2_1,complete_1,unroll_2,pipeline_1,unroll_4,1,3,0.990211886427,False
workload_2996.cpp,xcu200-fsgd2104-2-e,10,34.95285,371,2,0,2,8,cyclic_4_1,cyclic_2_1,complete_1,unroll_2,pipeline_1,unroll_64,2,3,0.990211886427,False
workload_3092.cpp,xcu200-fsgd2104-2-e,10,34.95285,352.5,2,0,2,8,cyclic_4_1,cyclic_2_1,complete_1,unroll_2,pipeline_1,unroll_8,2,3,0.990211886427,False
workload_2947.cpp,xcu200-fsgd2104-2-e,10,290.36365,40.5,2,0,0,0,cyclic_4_1,cyclic_2_1,complete_1,unroll_2,unroll_2,pipeline_1,2,0.5,0.796924557299,False
workload_2856.cpp,xcu200-fsgd2104-2-e,10,308.20997,61,2,0,0,1,cyclic_4_1,cyclic_2_1,complete_1,unroll_2,unroll_2,unroll_16,1,0.75,0.772191100758,False
workload_3166.cpp,xcu200-fsgd2104-2-e,10,310.20677,47,2,0,0,0,cyclic_4_1,cyclic_2_1,complete_1,unroll_2,unroll_2,unroll_8,1,0.5,0.769183314217,False
workload_3065.cpp,xcu200-fsgd2104-2-e,10,34.95273,997,2,0,4,16,cyclic_4_1,cyclic_2_1,complete_1,unroll_4,pipeline_1,pipeline_1,2,5.5,0.925322272635,False
workload_3171.cpp,xcu200-fsgd2104-2-e,10,34.95273,1012,2,0,4,16,cyclic_4_1,cyclic_2_1,complete_1,unroll_4,pipeline_1,unroll_16,2,5.5,0.925322272635,False
workload_3138.cpp,xcu200-fsgd2104-2-e,10,34.95273,1000.5,2,0,4,16,cyclic_4_1,cyclic_2_1,complete_1,unroll_4,pipeline_1,unroll_8,2,5.5,0.925322272635,False
workload_2713.cpp,xcu200-fsgd2104-2-e,10,285.03881,50,2,0,0,1,cyclic_4_1,cyclic_2_1,complete_1,unroll_4,unroll_2,pipeline_1,1,0.75,0.800994535693,False
workload_3254.cpp,xcu200-fsgd2104-2-e,10,306.71225,233,2,0,1,6,cyclic_4_1,cyclic_2_1,complete_1,unroll_4,unroll_2,unroll_64,1,2.25,0.759528378965,False
workload_2952.cpp,xcu200-fsgd2104-2-e,10,663.03401,287,2,0,2,10,cyclic_4_1,cyclic_2_1,complete_1,unroll_4,unroll_32,pipeline_1,1,3.5,0.365982969458,False
workload_3197.cpp,xcu200-fsgd2104-2-e,10,34.95294,356,2,0,2,8,cyclic_4_1,cyclic_2_1,cyclic_2_1,unroll_2,pipeline_1,pipeline_1,1,3,0.990211886426,False
workload_3037.cpp,xcu200-fsgd2104-2-e,10,34.9529,951,2,0,4,16,cyclic_4_1,cyclic_2_1,cyclic_4_1,unroll_4,pipeline_1,pipeline_1,1,5.5,0.925322173461,False
workload_2936.cpp,xcu200-fsgd2104-2-e,10,375.73738,61,2,0,0,1,cyclic_4_1,cyclic_32_1,block_2_1,unroll_4,unroll_2,pipeline_1,1,0.75,0.681815537915,False
workload_2942.cpp,xcu200-fsgd2104-2-e,10,400.90505,114,2,0,0,3,cyclic_4_1,cyclic_32_1,complete_1,unroll_4,unroll_2,unroll_8,1,1.25,0.649729243805,False
workload_3020.cpp,xcu200-fsgd2104-2-e,10,285.03892,91,1,0,0,3,cyclic_4_1,cyclic_4_1,block_2_1,unroll_17,unroll_2,pipeline_1,1,1,0.797441479256,False
workload_3167.cpp,xcu200-fsgd2104-2-e,10,34.95294,427,1,0,2,9,cyclic_4_1,cyclic_4_1,block_2_1,unroll_2,pipeline_1,pipeline_1,1,3,0.990211886426,False
workload_3103.cpp,xcu200-fsgd2104-2-e,10,34.95294,439,1,0,2,9,cyclic_4_1,cyclic_4_1,block_2_1,unroll_2,pipeline_1,unroll_16,1,3,0.990211886426,False
workload_2892.cpp,xcu200-fsgd2104-2-e,10,314.20046,43,1,0,0,0,cyclic_4_1,cyclic_4_1,block_2_1,unroll_2,unroll_2,unroll_4,1,0.25,0.762381362435,False
workload_2865.cpp,xcu200-fsgd2104-2-e,10,310.20686,54,1,0,0,1,cyclic_4_1,cyclic_4_1,block_2_1,unroll_2,unroll_2,unroll_8,1,0.5,0.769183189582,False
workload_3168.cpp,xcu200-fsgd2104-2-e,10,34.95285,441,1,0,2,9,cyclic_4_1,cyclic_4_1,complete_1,unroll_2,pipeline_1,pipeline_1,2,3,0.990211886427,False
workload_3348.cpp,xcu200-fsgd2104-2-e,10,34.95285,451,1,0,2,9,cyclic_4_1,cyclic_4_1,complete_1,unroll_2,pipeline_1,unroll_2,1,3,0.990211886427,False
workload_3098.cpp,xcu200-fsgd2104-2-e,10,34.95285,440,1,0,2,9,cyclic_4_1,cyclic_4_1,complete_1,unroll_2,pipeline_1,unroll_64,2,3,0.990211886427,False
workload_3169.cpp,xcu200-fsgd2104-2-e,10,34.95285,449,1,0,2,9,cyclic_4_1,cyclic_4_1,complete_1,unroll_2,pipeline_1,unroll_8,1,3,0.990211886427,False
workload_3128.cpp,xcu200-fsgd2104-2-e,10,290.36365,41.5,1,0,0,0,cyclic_4_1,cyclic_4_1,complete_1,unroll_2,unroll_2,pipeline_1,2,0.25,0.794026407283,False
workload_3191.cpp,xcu200-fsgd2104-2-e,10,314.20037,43,1,0,0,0,cyclic_4_1,cyclic_4_1,complete_1,unroll_2,unroll_2,unroll_4,1,0.25,0.762381484899,False
workload_3079.cpp,xcu200-fsgd2104-2-e,10,34.95273,981.5,1,0,4,16,cyclic_4_1,cyclic_4_1,complete_1,unroll_4,pipeline_1,pipeline_1,2,5.25,0.932801108318,False
workload_3425.cpp,xcu200-fsgd2104-2-e,10,34.95273,930,1,0,4,16,cyclic_4_1,cyclic_4_1,complete_1,unroll_4,pipeline_1,unroll_4,1,5.25,0.932801108318,False
workload_3016.cpp,xcu200-fsgd2104-2-e,10,285.03881,48,1,0,0,1,cyclic_4_1,cyclic_4_1,complete_1,unroll_4,unroll_2,pipeline_1,1,0.5,1,True
workload_2880.cpp,xcu200-fsgd2104-2-e,10,663.03401,312,1,0,2,10,cyclic_4_1,cyclic_4_1,complete_1,unroll_4,unroll_32,pipeline_1,1,3.25,0.366530684244,False
workload_2774.cpp,xcu200-fsgd2104-2-e,10,510.72041,95,1,0,0,3,cyclic_4_1,cyclic_4_1,complete_1,unroll_4,unroll_8,pipeline_1,1,1,0.51993225885,False
workload_3097.cpp,xcu200-fsgd2104-2-e,10,34.95294,429,1,0,2,9,cyclic_4_1,cyclic_4_1,cyclic_2_1,unroll_2,pipeline_1,pipeline_1,1,3,0.990211886426,False
workload_3139.cpp,xcu200-fsgd2104-2-e,10,34.9529,987,1,0,4,16,cyclic_4_1,cyclic_4_1,cyclic_2_1,unroll_4,pipeline_1,pipeline_1,1,5.25,0.932800993904,False
workload_3096.cpp,xcu200-fsgd2104-2-e,10,34.95294,426,1,0,2,9,cyclic_4_1,cyclic_4_1,cyclic_4_1,unroll_2,pipeline_1,pipeline_1,1,3,0.990211886426,False
workload_3123.cpp,xcu200-fsgd2104-2-e,10,322.18766,41,1,0,0,0,cyclic_4_1,cyclic_4_1,cyclic_4_1,unroll_2,unroll_2,unroll_2,1,0.25,0.751530160435,False
workload_2941.cpp,xcu200-fsgd2104-2-e,10,412.88606,46,2,0,0,0,cyclic_4_1,cyclic_8_1,block_2_1,unroll_2,unroll_2,unroll_2,1,0.5,0.634217909807,False
workload_2758.cpp,xcu200-fsgd2104-2-e,10,686.80756,2483,3,0,2,22,cyclic_64_1,cyclic_16_1,complete_1,unroll_17,unroll_8,pipeline_1,1,6.75,0.333922263131,False
workload_2831.cpp,xcu200-fsgd2104-2-e,10,671.22763,293,3,0,0,5,cyclic_64_1,cyclic_16_1,cyclic_4_1,unroll_4,unroll_8,pipeline_1,1,2,0.361081998902,False
workload_2838.cpp,xcu200-fsgd2104-2-e,10,675.66661,3518,3,0,2,26,cyclic_64_1,cyclic_32_1,cyclic_2_1,unroll_17,unroll_8,pipeline_1,1,7.75,0.337250673469,False
workload_2861.cpp,xcu200-fsgd2104-2-e,10,384.92063,56,3,0,0,1,cyclic_8_1,block_16_1,block_2_1,unroll_2,unroll_2,unroll_4,1,1,0.670123489346,False
workload_2966.cpp,xcu200-fsgd2104-2-e,10,35.60958,321,3,0,2,8,cyclic_8_1,block_2_1,complete_1,unroll_2,pipeline_1,unroll_64,1,3.25,0.980448744785,False
workload_2800.cpp,xcu200-fsgd2104-2-e,10,35.60958,389,3,0,2,8,cyclic_8_1,block_2_1,complete_1,unroll_2,pipeline_1,unroll_8,1,3.25,0.980448744785,False
workload_2894.cpp,xcu200-fsgd2104-2-e,10,289.89574,56,3,0,0,1,cyclic_8_1,block_2_1,complete_1,unroll_2,unroll_2,unroll_8,1,1,0.793359693025,False
workload_3260.cpp,xcu200-fsgd2104-2-e,10,35.60831,359,3,0,2,8,cyclic_8_1,block_2_1,cyclic_2_1,unroll_2,pipeline_1,unroll_4,1,3.25,0.980448855001,False
workload_2921.cpp,xcu200-fsgd2104-2-e,10,288.43973,736,3,0,5,12,cyclic_8_1,block_2_1,cyclic_4_1,unroll_17,unroll_2,unroll_16,1,5,0.72618803375,False
workload_2961.cpp,xcu200-fsgd2104-2-e,10,35.61094,375,3,0,5,11,cyclic_8_1,block_4_1,complete_1,unroll_2,pipeline_1,unroll_8,1,4.75,0.944325462374,False
workload_2818.cpp,xcu200-fsgd2104-2-e,10,287.56623,83,3,1,0,2,cyclic_8_1,block_4_1,cyclic_4_1,unroll_2,unroll_2,unroll_16,1,1.5,0.788189069683,False
workload_2908.cpp,xcu200-fsgd2104-2-e,10,295.22059,64,3,0,0,1,cyclic_8_1,block_4_1,cyclic_4_1,unroll_4,unroll_2,unroll_4,1,1,0.787658388751,False
workload_2879.cpp,xcu200-fsgd2104-2-e,10,35.96182,422,3,0,7,13,cyclic_8_1,block_8_1,complete_1,unroll_2,pipeline_1,unroll_8,1,5.75,0.916769582969,False
workload_2715.cpp,xcu200-fsgd2104-2-e,10,399.56383,90,3,0,0,2,cyclic_8_1,cyclic_16_1,block_2_1,unroll_2,unroll_2,unroll_16,1,1.25,0.65141561672,False
workload_2886.cpp,xcu200-fsgd2104-2-e,10,35.97962,1838,3,1,9,36,cyclic_8_1,cyclic_16_1,complete_1,unroll_4,pipeline_1,pipeline_1,1,12.25,0.760998261524,False
workload_2822.cpp,xcu200-fsgd2104-2-e,10,376.39258,58,3,0,0,1,cyclic_8_1,cyclic_16_1,complete_1,unroll_4,unroll_2,pipeline_1,1,1,0.681096773934,False
workload_3162.cpp,xcu200-fsgd2104-2-e,10,285.69412,96,3,0,0,3,cyclic_8_1,cyclic_2_1,complete_1,unroll_17,unroll_2,pipeline_1,1,1.5,0.789594455226,False
workload_3255.cpp,xcu200-fsgd2104-2-e,10,35.60822,359,3,0,2,8,cyclic_8_1,cyclic_2_1,complete_1,unroll_2,pipeline_1,pipeline_1,1,3.25,0.980448862804,False
workload_3222.cpp,xcu200-fsgd2104-2-e,10,35.60822,322,3,0,2,8,cyclic_8_1,cyclic_2_1,complete_1,unroll_2,pipeline_1,unroll_8,1,3.25,0.980448862804,False
workload_3125.cpp,xcu200-fsgd2104-2-e,10,285.69422,44,3,0,0,0,cyclic_8_1,cyclic_2_1,complete_1,unroll_2,unroll_2,pipeline_1,1,0.75,0.800508896616,False
workload_2974.cpp,xcu200-fsgd2104-2-e,10,285.69435,50,3,0,0,1,cyclic_8_1,cyclic_4_1,block_2_1,unroll_4,unroll_2,pipeline_1,1,1,0.796967694364,False
workload_3099.cpp,xcu200-fsgd2104-2-e,10,35.60831,452,3,0,2,9,cyclic_8_1,cyclic_4_1,block_4_1,unroll_2,pipeline_1,unroll_8,1,3.5,0.970777351956,False
workload_2284.cpp,xczu7ev-ffvc1156-2-e,3.33,43.56753219,1422,25,1,14,44,block_1024_1,block_256_1,block_2_1,unroll_2,pipeline_1,unroll_16,1,21,0.70703546152,False
workload_2195.cpp,xczu7ev-ffvc1156-2-e,3.33,116.47385955,40,25,0,1,4,block_1024_1,block_256_1,block_2_1,unroll_2,unroll_2,pipeline_1,1,7.5,0.941882535811,False
workload_2440.cpp,xczu7ev-ffvc1156-2-e,3.33,136.32481539,56,25,0,2,7,block_1024_1,block_256_1,block_2_1,unroll_2,unroll_2,unroll_16,1,8.5,0.860863013104,False
workload_2153.cpp,xczu7ev-ffvc1156-2-e,3.33,333.32388579,1535,25,1,24,80,block_1024_1,block_256_1,block_2_1,unroll_2,unroll_64,unroll_8,1,32.5,0.116880628951,False
workload_2309.cpp,xczu7ev-ffvc1156-2-e,3.33,43.56753219,1308,25,1,14,44,block_1024_1,block_256_1,block_4_1,unroll_2,pipeline_1,pipeline_1,1,21,0.70703546152,False
workload_2272.cpp,xczu7ev-ffvc1156-2-e,3.33,116.47385955,40,25,0,1,5,block_1024_1,block_256_1,block_4_1,unroll_2,unroll_2,pipeline_1,1,7.75,0.937466111545,False
workload_2207.cpp,xczu7ev-ffvc1156-2-e,3.33,43.56744894,1321.5,25,1,14,44,block_1024_1,block_256_1,complete_1,unroll_2,pipeline_1,pipeline_1,2,21,0.707035365638,False
workload_2635.cpp,xczu7ev-ffvc1156-2-e,3.33,43.56744894,1269,25,1,14,44,block_1024_1,block_256_1,complete_1,unroll_2,pipeline_1,unroll_4,1,21,0.707035365638,False
workload_2216.cpp,xczu7ev-ffvc1156-2-e,3.33,116.47374966,35,25,0,1,4,block_1024_1,block_256_1,complete_1,unroll_2,unroll_2,pipeline_1,1,7.5,0.941882877468,False
workload_2422.cpp,xczu7ev-ffvc1156-2-e,3.33,136.32473214,56,25,0,2,7,block_1024_1,block_256_1,complete_1,unroll_2,unroll_2,unroll_16,1,8.5,0.860863339588,False
workload_2447.cpp,xczu7ev-ffvc1156-2-e,3.33,138.54118014,46,25,1,2,6,block_1024_1,block_256_1,complete_1,unroll_2,unroll_2,unroll_8,1,8.5,0.85182180897,False
workload_2178.cpp,xczu7ev-ffvc1156-2-e,3.33,43.56753219,1341,25,1,14,44,block_1024_1,block_256_1,cyclic_2_1,unroll_2,pipeline_1,unroll_16,1,21,0.70703546152,False
workload_2439.cpp,xczu7ev-ffvc1156-2-e,3.33,136.32481539,55,25,0,2,7,block_1024_1,block_256_1,cyclic_2_1,unroll_2,unroll_2,unroll_16,1,8.5,0.860863013104,False
workload_2220.cpp,xczu7ev-ffvc1156-2-e,3.33,134.60706819,146,25,0,4,18,block_1024_1,block_256_1,cyclic_2_1,unroll_2,unroll_2,unroll_64,1,11.75,0.790934545468,False
workload_2108.cpp,xczu7ev-ffvc1156-2-e,3.33,300.70224675,357,25,0,18,65,block_1024_1,block_256_1,cyclic_2_1,unroll_2,unroll_64,pipeline_1,1,27,0.170675275315,False
workload_2431.cpp,xczu7ev-ffvc1156-2-e,3.33,43.56798507,1212,32,1,14,43,block_1024_1,block_2_1,block_2_1,unroll_2,pipeline_1,pipeline_1,1,22.5,0.663610170758,False
workload_1868.cpp,xczu7ev-ffvc1156-2-e,3.33,43.458865965,1374.5,28,0.5,14,42,block_1024_1,block_2_1,block_2_1,unroll_2,pipeline_1,unroll_16,2,21.125,0.70325078574,False
workload_2360.cpp,xczu7ev-ffvc1156-2-e,3.33,43.56798507,1457,32,1,14,43,block_1024_1,block_2_1,block_2_1,unroll_2,pipeline_1,unroll_8,1,22.5,0.663610170758,False
workload_2408.cpp,xczu7ev-ffvc1156-2-e,3.33,130.78380195,40,25,0,2,5,block_1024_1,block_2_1,block_2_1,unroll_2,unroll_2,pipeline_1,1,8,0.889393583251,False
workload_1793.cpp,xczu7ev-ffvc1156-2-e,3.33,95.49016758,71,24,0,6,10,block_1024_1,block_2_1,block_2_1,unroll_2,unroll_2,unroll_16,1,10,1,True
workload_2641.cpp,xczu7ev-ffvc1156-2-e,3.33,98.42355459,42,25,0,2,6,block_1024_1,block_2_1,block_2_1,unroll_2,unroll_2,unroll_4,1,8.25,0.982215258082,False
workload_1873.cpp,xczu7ev-ffvc1156-2-e,3.33,96.21051318,53,24,0,3,7,block_1024_1,block_2_1,block_2_1,unroll_2,unroll_2,unroll_8,1,8.5,1,True
workload_2331.cpp,xczu7ev-ffvc1156-2-e,3.33,43.56798507,1342,32,1,14,43,block_1024_1,block_2_1,block_4_1,unroll_2,pipeline_1,unroll_16,1,22.5,0.663610170758,False
workload_2243.cpp,xczu7ev-ffvc1156-2-e,3.33,43.56790182,1259.5,32,1,14,43,block_1024_1,block_2_1,complete_1,unroll_2,pipeline_1,pipeline_1,2,22.5,0.66361008326,False
workload_2277.cpp,xczu7ev-ffvc1156-2-e,3.33,43.56790182,1413,32,1,14,43,block_1024_1,block_2_1,complete_1,unroll_2,pipeline_1,unroll_16,1,22.5,0.66361008326,False
workload_2418.cpp,xczu7ev-ffvc1156-2-e,3.33,43.56790182,1307,32,1,14,43,block_1024_1,block_2_1,complete_1,unroll_2,pipeline_1,unroll_2,1,22.5,0.66361008326,False
workload_2328.cpp,xczu7ev-ffvc1156-2-e,3.33,116.59149846,38,25,0,2,5,block_1024_1,block_2_1,complete_1,unroll_2,unroll_2,pipeline_1,1,8,0.932298085382,False
workload_2442.cpp,xczu7ev-ffvc1156-2-e,3.33,95.87455614,71,25,0,6,10,block_1024_1,block_2_1,complete_1,unroll_2,unroll_2,unroll_16,1,10.25,0.947558907055,False
workload_2577.cpp,xczu7ev-ffvc1156-2-e,3.33,98.42347134,47,25,0,2,6,block_1024_1,block_2_1,complete_1,unroll_2,unroll_2,unroll_4,1,8.25,0.982215504871,False
workload_2330.cpp,xczu7ev-ffvc1156-2-e,3.33,43.56753219,1301,32,1,14,43,block_1024_1,block_2_1,cyclic_2_1,unroll_2,pipeline_1,pipeline_1,2,22.5,0.663609694758,False
workload_2224.cpp,xczu7ev-ffvc1156-2-e,3.33,43.56753219,1293,32,1,14,43,block_1024_1,block_2_1,cyclic_2_1,unroll_2,pipeline_1,unroll_16,2,22.5,0.663609694758,False
workload_2659.cpp,xczu7ev-ffvc1156-2-e,3.33,130.78380195,37,25,0,2,5,block_1024_1,block_2_1,cyclic_2_1,unroll_2,unroll_2,pipeline_1,1,8,0.889393583251,False
workload_1899.cpp,xczu7ev-ffvc1156-2-e,3.33,95.49016758,74,24,0,6,10,block_1024_1,block_2_1,cyclic_2_1,unroll_2,unroll_2,unroll_16,1,10,1,True
workload_2354.cpp,xczu7ev-ffvc1156-2-e,3.33,101.30493699,37,25,0,2,5,block_1024_1,block_2_1,cyclic_2_1,unroll_2,unroll_2,unroll_2,1,8,0.976617316128,False
workload_2475.cpp,xczu7ev-ffvc1156-2-e,3.33,96.76121859,50,25,0,3,7,block_1024_1,block_2_1,cyclic_2_1,unroll_2,unroll_2,unroll_8,1,8.75,0.975755178792,False
workload_2504.cpp,xczu7ev-ffvc1156-2-e,3.33,101.30492367,46,25,0,3,7,block_1024_1,block_2_1,cyclic_2_1,unroll_4,unroll_2,unroll_2,1,8.75,0.96305352999,False
workload_2208.cpp,xczu7ev-ffvc1156-2-e,3.33,43.56798507,1232,32,1,14,43,block_1024_1,block_2_1,cyclic_4_1,unroll_2,pipeline_1,unroll_16,1,22.5,0.663610170758,False
workload_2235.cpp,xczu7ev-ffvc1156-2-e,3.33,43.56798507,1319,32,1,14,43,block_1024_1,block_2_1,cyclic_4_1,unroll_2,pipeline_1,unroll_2,1,22.5,0.663610170758,False
workload_2281.cpp,xczu7ev-ffvc1156-2-e,3.33,43.56843795,1670,35,1,33,61,block_1024_1,block_4_1,block_2_1,unroll_2,pipeline_1,unroll_2,1,32.5,0.492367166942,False
workload_2165.cpp,xczu7ev-ffvc1156-2-e,3.33,116.59160835,42,26,0,2,5,block_1024_1,block_4_1,block_2_1,unroll_2,unroll_2,pipeline_1,1,8.25,0.927084612005,False
workload_2092.cpp,xczu7ev-ffvc1156-2-e,3.33,95.87463939,73,26,4,6,10,block_1024_1,block_4_1,block_2_1,unroll_2,unroll_2,unroll_16,1,11.5,0.90172872406,False
workload_2258.cpp,xczu7ev-ffvc1156-2-e,3.33,95.87455614,84,26,4,6,10,block_1024_1,block_4_1,complete_1,unroll_2,unroll_2,unroll_16,1,11.5,0.901728717833,False
workload_2313.cpp,xczu7ev-ffvc1156-2-e,3.33,95.87463939,75,26,4,6,10,block_1024_1,block_4_1,cyclic_2_1,unroll_2,unroll_2,unroll_16,1,11.5,0.90172872406,False
workload_2315.cpp,xczu7ev-ffvc1156-2-e,3.33,136.32473214,53,26,1,2,8,block_1024_1,block_512_1,complete_1,unroll_2,unroll_2,unroll_16,1,9.25,0.846412579882,False
workload_2275.cpp,xczu7ev-ffvc1156-2-e,3.33,116.47373634,48,26,0,2,7,block_1024_1,block_512_1,complete_1,unroll_4,unroll_2,pipeline_1,1,8.75,0.915873836405,False
workload_2638.cpp,xczu7ev-ffvc1156-2-e,3.33,43.56753219,1530,26,2,16,47,block_1024_1,block_512_1,cyclic_2_1,unroll_2,pipeline_1,pipeline_1,1,22.75,0.656480350243,False
workload_2227.cpp,xczu7ev-ffvc1156-2-e,3.33,43.56753219,1467,26,2,16,47,block_1024_1,block_512_1,cyclic_2_1,unroll_2,pipeline_1,unroll_16,1,22.75,0.656480350243,False
workload_2276.cpp,xczu7ev-ffvc1156-2-e,3.33,192.02260851,61,26,2,4,10,block_1024_1,block_8_1,block_2_1,unroll_2,unroll_4,unroll_4,1,10.5,0.596619941222,False
workload_1855.cpp,xczu7ev-ffvc1156-2-e,3.33,116.25210486,35,24,0,1,4,block_1024_1,cyclic_2_1,block_2_1,unroll_2,unroll_2,pipeline_1,1,7.25,1,True
workload_1959.cpp,xczu7ev-ffvc1156-2-e,3.33,166.52738259,74,26,1,2,11,block_1024_1,cyclic_2_1,block_2_1,unroll_2,unroll_2,unroll_16,1,10,0.708795237066,False
workload_1895.cpp,xczu7ev-ffvc1156-2-e,3.33,151.62171318,36,24,1,1,4,block_1024_1,cyclic_2_1,block_2_1,unroll_2,unroll_2,unroll_2,1,7.5,0.797318301947,False
workload_1976.cpp,xczu7ev-ffvc1156-2-e,3.33,164.80963539,281,26,1,5,28,block_1024_1,cyclic_2_1,block_2_1,unroll_2,unroll_2,unroll_64,1,15,0.629284015541,False
workload_2019.cpp,xczu7ev-ffvc1156-2-e,3.33,230.16938355,120,26,1,3,17,block_1024_1,cyclic_2_1,block_2_1,unroll_2,unroll_4,unroll_16,1,11.75,0.445307598587,False
workload_2063.cpp,xczu7ev-ffvc1156-2-e,3.33,228.42520947,836,26,1,8,51,block_1024_1,cyclic_2_1,block_2_1,unroll_2,unroll_4,unroll_64,1,21.5,0.35507746203,False
workload_2152.cpp,xczu7ev-ffvc1156-2-e,3.33,160.86168063,50,26,0,2,8,block_1024_1,cyclic_2_1,block_2_1,unroll_4,unroll_2,pipeline_1,1,9,0.744130589162,False
workload_1906.cpp,xczu7ev-ffvc1156-2-e,3.33,116.25210486,37,24,0,1,4,block_1024_1,cyclic_2_1,cyclic_2_1,unroll_2,unroll_2,pipeline_1,1,7.25,1,True
workload_1732.cpp,xczu7ev-ffvc1156-2-e,3.33,199.65136212,180,25,1,7,25,block_1024_1,cyclic_4_1,block_2_1,unroll_17,unroll_4,unroll_2,1,14.5,0.524710304795,False
workload_2117.cpp,xczu7ev-ffvc1156-2-e,3.33,278.99070003,259,31,0,5,38,block_1024_1,cyclic_8_1,block_2_1,unroll_2,unroll_16,pipeline_1,1,18.5,0.262322456786,False
workload_2161.cpp,xczu7ev-ffvc1156-2-e,3.33,166.52738259,105,31,0,2,25,block_1024_1,cyclic_8_1,block_2_1,unroll_2,unroll_2,unroll_16,1,14.5,0.634408887044,False
workload_2672.cpp,xczu7ev-ffvc1156-2-e,3.33,96.6469896,1057,46,28,10,30,block_128_1,block_256_1,cyclic_4_1,unroll_2,unroll_2,unroll_8,1,28.5,0.509091836457,False
workload_1600.cpp,xczu7ev-ffvc1156-2-e,3.33,189.99021627,211,34,60,20,33,block_16_1,block_16_1,complete_1,unroll_2,unroll_4,unroll_8,1,36.75,0.253659907756,False
workload_1923.cpp,xczu7ev-ffvc1156-2-e,3.33,126.8495568,1039,29,30,21,98,block_16_1,block_512_1,block_2_1,unroll_2,unroll_2,unroll_8,1,44.5,0.228916318323,False
workload_1569.cpp,xczu7ev-ffvc1156-2-e,3.33,161.54735427,42,34,1,10,17,block_16_1,block_8_1,complete_1,unroll_2,unroll_2,pipeline_1,1,15.5,0.627716898641,False
workload_1518.cpp,xczu7ev-ffvc1156-2-e,3.33,161.54745084,107,50,1,25,43,block_16_1,cyclic_128_1,block_4_1,unroll_4,unroll_2,pipeline_1,1,29.75,0.409296466137,False
workload_1881.cpp,xczu7ev-ffvc1156-2-e,3.33,96.75779868,179,33,56,17,26,block_16_1,cyclic_2_1,block_2_1,unroll_4,unroll_2,unroll_8,1,33,0.407592728764,False
workload_1696.cpp,xczu7ev-ffvc1156-2-e,3.33,131.34489696,43,33,1,9,16,block_16_1,cyclic_2_1,block_4_1,unroll_2,unroll_2,pipeline_1,1,14.75,0.751663029826,False
workload_1912.cpp,xczu7ev-ffvc1156-2-e,3.33,100.636596,44,33,7,3,6,block_16_1,cyclic_2_1,cyclic_2_1,unroll_2,unroll_2,unroll_2,1,12.25,0.872240893318,False
workload_1735.cpp,xczu7ev-ffvc1156-2-e,3.33,96.6469896,85,33,28,9,14,block_16_1,cyclic_2_1,cyclic_2_1,unroll_2,unroll_2,unroll_8,1,21,0.726467765554,False
workload_1772.cpp,xczu7ev-ffvc1156-2-e,3.33,144.04924656,179,33,56,17,25,block_16_1,cyclic_2_1,cyclic_2_1,unroll_2,unroll_4,unroll_8,1,32.75,0.376725663977,False
workload_1635.cpp,xczu7ev-ffvc1156-2-e,3.33,96.6469896,82,34,28,9,14,block_16_1,cyclic_4_1,block_2_1,unroll_2,unroll_2,unroll_8,1,21.25,0.718492763797,False
workload_1616.cpp,xczu7ev-ffvc1156-2-e,3.33,131.34488364,51,34,1,18,30,block_16_1,cyclic_4_1,block_4_1,unroll_4,unroll_2,pipeline_1,1,20.75,0.661447130651,False
workload_1733.cpp,xczu7ev-ffvc1156-2-e,3.33,164.75076099,48,34,1,18,30,block_16_1,cyclic_4_1,complete_1,unroll_2,unroll_4,pipeline_1,1,20.75,0.556864770559,False
workload_1425.cpp,xczu7ev-ffvc1156-2-e,3.33,161.54745084,2356,34,1,18,31,block_16_1,cyclic_8_1,block_4_1,unroll_4,unroll_2,pipeline_1,1,21,0.563687539713,False
workload_1597.cpp,xczu7ev-ffvc1156-2-e,3.33,225.0989424,47,34,1,17,30,block_16_1,cyclic_8_1,cyclic_2_1,unroll_2,unroll_4,pipeline_1,1,20.5,0.371496326776,False
workload_1467.cpp,xczu7ev-ffvc1156-2-e,3.33,161.54745084,53,34,1,18,31,block_16_1,cyclic_8_1,cyclic_2_1,unroll_4,unroll_2,pipeline_1,1,21,0.563687539713,False
workload_2660.cpp,xczu7ev-ffvc1156-2-e,3.33,43.46704278,1844,41,1,49,82,block_256_1,block_128_1,block_2_1,unroll_2,pipeline_1,unroll_16,1,43.25,0.316510493936,False
workload_2603.cpp,xczu7ev-ffvc1156-2-e,3.33,126.85628673,109,41,2,4,26,block_256_1,block_128_1,complete_1,unroll_2,unroll_2,unroll_8,1,18.25,0.716934886427,False
workload_2358.cpp,xczu7ev-ffvc1156-2-e,3.33,146.57581413,88,41,1,3,20,block_256_1,block_128_1,complete_1,unroll_4,unroll_2,pipeline_1,1,16.25,0.674266684768,False
workload_2675.cpp,xczu7ev-ffvc1156-2-e,3.33,43.4665899,1849,41,1,49,82,block_256_1,block_128_1,cyclic_2_1,unroll_2,pipeline_1,pipeline_1,1,43.25,0.316510675277,False
workload_2583.cpp,xczu7ev-ffvc1156-2-e,3.33,43.4665899,2095,41,1,49,82,block_256_1,block_128_1,cyclic_2_1,unroll_2,pipeline_1,unroll_4,1,43.25,0.316510675277,False
workload_2388.cpp,xczu7ev-ffvc1156-2-e,3.33,43.4665899,1907,41,1,49,82,block_256_1,block_128_1,cyclic_2_1,unroll_2,pipeline_1,unroll_64,1,43.25,0.316510675277,False
workload_2415.cpp,xczu7ev-ffvc1156-2-e,3.33,43.4665899,1873,41,1,49,82,block_256_1,block_128_1,cyclic_2_1,unroll_2,pipeline_1,unroll_8,1,43.25,0.316510675277,False
workload_2344.cpp,xczu7ev-ffvc1156-2-e,3.33,43.34929398,1422,24,1,13,47,block_256_1,block_256_1,block_2_1,unroll_2,pipeline_1,pipeline_1,3,21.25,0.699470734273,False
workload_2471.cpp,xczu7ev-ffvc1156-2-e,3.33,43.34929398,1378.5,24,1,13,47,block_256_1,block_256_1,block_2_1,unroll_2,pipeline_1,unroll_16,2,21.25,0.699470734273,False
workload_2451.cpp,xczu7ev-ffvc1156-2-e,3.33,43.34929398,1445.5,24,1,13,47,block_256_1,block_256_1,block_2_1,unroll_2,pipeline_1,unroll_2,2,21.25,0.699470734273,False
workload_2553.cpp,xczu7ev-ffvc1156-2-e,3.33,43.34929398,1415,24,1,13,47,block_256_1,block_256_1,block_2_1,unroll_2,pipeline_1,unroll_4,1,21.25,0.699470734273,False
workload_2322.cpp,xczu7ev-ffvc1156-2-e,3.33,43.34929398,1401,24,1,13,47,block_256_1,block_256_1,block_2_1,unroll_2,pipeline_1,unroll_64,2,21.25,0.699470734273,False
workload_2374.cpp,xczu7ev-ffvc1156-2-e,3.33,43.34929398,1359.5,24,1,13,47,block_256_1,block_256_1,block_2_1,unroll_2,pipeline_1,unroll_8,2,21.25,0.699470734273,False
workload_2512.cpp,xczu7ev-ffvc1156-2-e,3.33,116.25562134,39,24,0,1,4,block_256_1,block_256_1,block_2_1,unroll_2,unroll_2,pipeline_1,1,7.25,0.946546554884,False
workload_2671.cpp,xczu7ev-ffvc1156-2-e,3.33,151.62171318,34,24,0,1,4,block_256_1,block_256_1,block_2_1,unroll_2,unroll_2,unroll_2,1,7.25,0.797621648992,False
workload_2576.cpp,xczu7ev-ffvc1156-2-e,3.33,134.38882998,152,24,0,4,18,block_256_1,block_256_1,block_2_1,unroll_2,unroll_2,unroll_64,1,11.5,0.798074598345,False
workload_2478.cpp,xczu7ev-ffvc1156-2-e,3.33,138.32302518,45,24,0,1,5,block_256_1,block_256_1,block_2_1,unroll_2,unroll_2,unroll_8,1,7.5,0.864586136559,False
workload_2534.cpp,xczu7ev-ffvc1156-2-e,3.33,43.34929398,1350.5,24,1,14,47,block_256_1,block_256_1,block_4_1,unroll_2,pipeline_1,pipeline_1,2,21.5,0.692192348468,False
workload_2604.cpp,xczu7ev-ffvc1156-2-e,3.33,43.34929398,1339,24,1,14,47,block_256_1,block_256_1,block_4_1,unroll_2,pipeline_1,unroll_16,1,21.5,0.692192348468,False
workload_2021.cpp,xczu7ev-ffvc1156-2-e,3.33,43.34921073,1536,24,1,14,47,block_256_1,block_256_1,complete_1,unroll_2,pipeline_1,pipeline_1,3,21.5,0.692192251175,False
workload_2552.cpp,xczu7ev-ffvc1156-2-e,3.33,43.34921073,1427,24,1,14,47,block_256_1,block_256_1,complete_1,unroll_2,pipeline_1,unroll_16,2,21.5,0.692192251175,False
workload_2373.cpp,xczu7ev-ffvc1156-2-e,3.33,43.34921073,1457,24,1,14,47,block_256_1,block_256_1,complete_1,unroll_2,pipeline_1,unroll_2,2,21.5,0.692192251175,False
workload_2530.cpp,xczu7ev-ffvc1156-2-e,3.33,43.34921073,1398,24,1,14,47,block_256_1,block_256_1,complete_1,unroll_2,pipeline_1,unroll_32,1,21.5,0.692192251175,False
workload_2285.cpp,xczu7ev-ffvc1156-2-e,3.33,43.34921073,1368,24,1,14,47,block_256_1,block_256_1,complete_1,unroll_2,pipeline_1,unroll_64,2,21.5,0.692192251175,False
workload_2318.cpp,xczu7ev-ffvc1156-2-e,3.33,43.34921073,1415.5,24,1,14,47,block_256_1,block_256_1,complete_1,unroll_2,pipeline_1,unroll_8,2,21.5,0.692192251175,False
workload_2289.cpp,xczu7ev-ffvc1156-2-e,3.33,116.25551145,36,24,0,1,4,block_256_1,block_256_1,complete_1,unroll_2,unroll_2,pipeline_1,1,7.25,0.946547158301,False
workload_2654.cpp,xczu7ev-ffvc1156-2-e,3.33,136.10649393,53,24,0,2,7,block_256_1,block_256_1,complete_1,unroll_2,unroll_2,unroll_16,1,8.25,0.865970267158,False
workload_2467.cpp,xczu7ev-ffvc1156-2-e,3.33,151.62160329,35,24,0,1,4,block_256_1,block_256_1,complete_1,unroll_2,unroll_2,unroll_2,1,7.25,0.79762219973,False
workload_2538.cpp,xczu7ev-ffvc1156-2-e,3.33,134.88744753,78,24,0,3,11,block_256_1,block_256_1,complete_1,unroll_2,unroll_2,unroll_32,1,9.5,0.845778083131,False
workload_2304.cpp,xczu7ev-ffvc1156-2-e,3.33,138.32294193,43,24,0,1,5,block_256_1,block_256_1,complete_1,unroll_2,unroll_2,unroll_8,1,7.5,0.864586556659,False
workload_2292.cpp,xczu7ev-ffvc1156-2-e,3.33,43.34929398,1394,24,1,13,47,block_256_1,block_256_1,cyclic_2_1,unroll_2,pipeline_1,pipeline_1,3,21.25,0.699470734273,False
workload_2435.cpp,xczu7ev-ffvc1156-2-e,3.33,43.34929398,1441.5,24,1,13,47,block_256_1,block_256_1,cyclic_2_1,unroll_2,pipeline_1,unroll_16,2,21.25,0.699470734273,False
workload_2536.cpp,xczu7ev-ffvc1156-2-e,3.33,43.34929398,1376.5,24,1,13,47,block_256_1,block_256_1,cyclic_2_1,unroll_2,pipeline_1,unroll_2,2,21.25,0.699470734273,False
workload_2474.cpp,xczu7ev-ffvc1156-2-e,3.33,43.34929398,1405,24,1,13,47,block_256_1,block_256_1,cyclic_2_1,unroll_2,pipeline_1,unroll_4,1,21.25,0.699470734273,False
workload_2126.cpp,xczu7ev-ffvc1156-2-e,3.33,43.34929398,1378,24,1,13,47,block_256_1,block_256_1,cyclic_2_1,unroll_2,pipeline_1,unroll_64,2,21.25,0.699470734273,False
workload_2412.cpp,xczu7ev-ffvc1156-2-e,3.33,43.34929398,1349,24,1,13,47,block_256_1,block_256_1,cyclic_2_1,unroll_2,pipeline_1,unroll_8,2,21.25,0.699470734273,False
workload_2427.cpp,xczu7ev-ffvc1156-2-e,3.33,116.25562134,34,24,0,1,4,block_256_1,block_256_1,cyclic_2_1,unroll_2,unroll_2,pipeline_1,1,7.25,0.946546554884,False
workload_2619.cpp,xczu7ev-ffvc1156-2-e,3.33,136.10657718,52,24,0,2,7,block_256_1,block_256_1,cyclic_2_1,unroll_2,unroll_2,unroll_16,1,8.25,0.865969926514,False
workload_2618.cpp,xczu7ev-ffvc1156-2-e,3.33,151.62171318,34,24,0,1,4,block_256_1,block_256_1,cyclic_2_1,unroll_2,unroll_2,unroll_2,1,7.25,0.797621648992,False
workload_2640.cpp,xczu7ev-ffvc1156-2-e,3.33,134.38882998,139,24,0,4,18,block_256_1,block_256_1,cyclic_2_1,unroll_2,unroll_2,unroll_64,1,11.5,0.798074598345,False
workload_2180.cpp,xczu7ev-ffvc1156-2-e,3.33,43.34929398,1347,24,1,13,47,block_256_1,block_256_1,cyclic_4_1,unroll_2,pipeline_1,pipeline_1,3,21.25,0.699470734273,False
workload_2554.cpp,xczu7ev-ffvc1156-2-e,3.33,43.34929398,1404,24,1,13,47,block_256_1,block_256_1,cyclic_4_1,unroll_2,pipeline_1,unroll_16,2,21.25,0.699470734273,False
workload_2589.cpp,xczu7ev-ffvc1156-2-e,3.33,43.34929398,1437.5,24,1,13,47,block_256_1,block_256_1,cyclic_4_1,unroll_2,pipeline_1,unroll_2,2,21.25,0.699470734273,False
workload_2547.cpp,xczu7ev-ffvc1156-2-e,3.33,43.34929398,1387,24,1,13,47,block_256_1,block_256_1,cyclic_4_1,unroll_2,pipeline_1,unroll_4,1,21.25,0.699470734273,False
workload_2417.cpp,xczu7ev-ffvc1156-2-e,3.33,43.34929398,1380.5,24,1,13,47,block_256_1,block_256_1,cyclic_4_1,unroll_2,pipeline_1,unroll_64,2,21.25,0.699470734273,False
workload_2508.cpp,xczu7ev-ffvc1156-2-e,3.33,43.34929398,1383.5,24,1,13,47,block_256_1,block_256_1,cyclic_4_1,unroll_2,pipeline_1,unroll_8,2,21.25,0.699470734273,False
workload_2385.cpp,xczu7ev-ffvc1156-2-e,3.33,151.62171318,35,24,0,1,4,block_256_1,block_256_1,cyclic_4_1,unroll_2,unroll_2,unroll_2,1,7.25,0.797621648992,False
workload_2673.cpp,xczu7ev-ffvc1156-2-e,3.33,43.34974686,1320,24,1,14,46,block_256_1,block_2_1,block_2_1,unroll_2,pipeline_1,pipeline_1,1,21.25,0.699471274054,False
workload_2623.cpp,xczu7ev-ffvc1156-2-e,3.33,43.34974686,1398,24,1,14,46,block_256_1,block_2_1,block_2_1,unroll_2,pipeline_1,unroll_16,1,21.25,0.699471274054,False
workload_2457.cpp,xczu7ev-ffvc1156-2-e,3.33,43.34974686,1325,24,1,14,46,block_256_1,block_2_1,block_2_1,unroll_2,pipeline_1,unroll_4,1,21.25,0.699471274054,False
workload_2614.cpp,xczu7ev-ffvc1156-2-e,3.33,43.34974686,1450,24,1,14,46,block_256_1,block_2_1,block_2_1,unroll_2,pipeline_1,unroll_64,1,21.25,0.699471274054,False
workload_2307.cpp,xczu7ev-ffvc1156-2-e,3.33,43.34974686,1334,24,1,14,46,block_256_1,block_2_1,block_2_1,unroll_2,pipeline_1,unroll_8,1,21.25,0.699471274054,False
workload_2666.cpp,xczu7ev-ffvc1156-2-e,3.33,95.07458358,341,24,0,20,31,block_256_1,block_2_1,block_2_1,unroll_2,unroll_2,unroll_64,1,18.75,1,True
workload_2600.cpp,xczu7ev-ffvc1156-2-e,3.33,43.34966361,1491,24,1,14,46,block_256_1,block_2_1,complete_1,unroll_2,pipeline_1,unroll_2,1,21.25,0.699471174834,False
workload_2556.cpp,xczu7ev-ffvc1156-2-e,3.33,43.34966361,1396,24,1,14,46,block_256_1,block_2_1,complete_1,unroll_2,pipeline_1,unroll_64,1,21.25,0.699471174834,False
workload_2434.cpp,xczu7ev-ffvc1156-2-e,3.33,43.34966361,1309,24,1,14,46,block_256_1,block_2_1,complete_1,unroll_2,pipeline_1,unroll_8,2,21.25,0.699471174834,False
workload_2369.cpp,xczu7ev-ffvc1156-2-e,3.33,123.46935705,38.5,24,0,2,5,block_256_1,block_2_1,complete_1,unroll_2,unroll_2,pipeline_1,2,7.75,0.90588358772,False
workload_2402.cpp,xczu7ev-ffvc1156-2-e,3.33,95.65631793,72,24,0,6,10,block_256_1,block_2_1,complete_1,unroll_2,unroll_2,unroll_16,1,10,0.956475124539,False
workload_2634.cpp,xczu7ev-ffvc1156-2-e,3.33,101.08658889,35,24,0,2,5,block_256_1,block_2_1,complete_1,unroll_2,unroll_2,unroll_2,1,7.75,0.979875802334,False
workload_2296.cpp,xczu7ev-ffvc1156-2-e,3.33,96.65371953,53,24,0,3,7,block_256_1,block_2_1,complete_1,unroll_2,unroll_2,unroll_8,1,8.5,0.984166191703,False
workload_1795.cpp,xczu7ev-ffvc1156-2-e,3.33,148.43773035,1182,46,14,34,29,block_256_1,block_2_1,complete_1,unroll_2,unroll_4,unroll_2,1,30.75,0.411021536006,False
workload_2366.cpp,xczu7ev-ffvc1156-2-e,3.33,43.34929398,1310,24,1,14,46,block_256_1,block_2_1,cyclic_2_1,unroll_2,pipeline_1,pipeline_1,3,21.25,0.699470734273,False
workload_2362.cpp,xczu7ev-ffvc1156-2-e,3.33,43.34929398,1435,24,1,14,46,block_256_1,block_2_1,cyclic_2_1,unroll_2,pipeline_1,unroll_16,2,21.25,0.699470734273,False
workload_2509.cpp,xczu7ev-ffvc1156-2-e,3.33,43.34929398,1380.5,24,1,14,46,block_256_1,block_2_1,cyclic_2_1,unroll_2,pipeline_1,unroll_2,2,21.25,0.699470734273,False
workload_2456.cpp,xczu7ev-ffvc1156-2-e,3.33,43.34929398,1375.5,24,1,14,46,block_256_1,block_2_1,cyclic_2_1,unroll_2,pipeline_1,unroll_4,2,21.25,0.699470734273,False
workload_2443.cpp,xczu7ev-ffvc1156-2-e,3.33,43.34929398,1392.5,24,1,14,46,block_256_1,block_2_1,cyclic_2_1,unroll_2,pipeline_1,unroll_64,2,21.25,0.699470734273,False
workload_2400.cpp,xczu7ev-ffvc1156-2-e,3.33,43.34929398,1313.5,24,1,14,46,block_256_1,block_2_1,cyclic_2_1,unroll_2,pipeline_1,unroll_8,2,21.25,0.699470734273,False
workload_2303.cpp,xczu7ev-ffvc1156-2-e,3.33,116.37337014,37,24,0,2,5,block_256_1,block_2_1,cyclic_2_1,unroll_2,unroll_2,pipeline_1,1,7.75,0.937756801325,False
workload_2595.cpp,xczu7ev-ffvc1156-2-e,3.33,95.65640118,74,24,0,6,10,block_256_1,block_2_1,cyclic_2_1,unroll_2,unroll_2,unroll_16,1,10,0.956474921383,False
workload_2651.cpp,xczu7ev-ffvc1156-2-e,3.33,101.08669878,37,24,0,2,5,block_256_1,block_2_1,cyclic_2_1,unroll_2,unroll_2,unroll_2,1,7.75,0.97987518225,False
workload_2528.cpp,xczu7ev-ffvc1156-2-e,3.33,98.42696118,40,24,0,2,5,block_256_1,block_2_1,cyclic_2_1,unroll_2,unroll_2,unroll_4,1,7.75,0.99494746219,False
workload_2624.cpp,xczu7ev-ffvc1156-2-e,3.33,95.07458358,313,24,0,20,31,block_256_1,block_2_1,cyclic_2_1,unroll_2,unroll_2,unroll_64,1,18.75,1,True
workload_2570.cpp,xczu7ev-ffvc1156-2-e,3.33,43.34974686,1500,24,1,14,46,block_256_1,block_2_1,cyclic_4_1,unroll_2,pipeline_1,pipeline_1,1,21.25,0.699471274054,False
workload_2685.cpp,xczu7ev-ffvc1156-2-e,3.33,43.34974686,1311,24,1,14,46,block_256_1,block_2_1,cyclic_4_1,unroll_2,pipeline_1,unroll_4,1,21.25,0.699471274054,False
workload_2591.cpp,xczu7ev-ffvc1156-2-e,3.33,43.34974686,1502,24,1,14,46,block_256_1,block_2_1,cyclic_4_1,unroll_2,pipeline_1,unroll_8,1,21.25,0.699471274054,False
workload_2683.cpp,xczu7ev-ffvc1156-2-e,3.33,43.46704278,1967,26,1,47,77,block_256_1,block_32_1,block_2_1,unroll_2,pipeline_1,pipeline_1,1,37.75,0.415542317489,False
workload_2345.cpp,xczu7ev-ffvc1156-2-e,3.33,116.37337014,37,25,0,2,5,block_256_1,block_4_1,block_4_1,unroll_2,unroll_2,pipeline_1,1,8,0.932921651226,False
workload_2359.cpp,xczu7ev-ffvc1156-2-e,3.33,116.37326025,39,25,0,2,5,block_256_1,block_4_1,complete_1,unroll_2,unroll_2,pipeline_1,1,8,0.932921958917,False
workload_2213.cpp,xczu7ev-ffvc1156-2-e,3.33,96.65371953,52,25,2,4,7,block_256_1,block_4_1,complete_1,unroll_2,unroll_2,unroll_8,1,9.5,0.956626024446,False
workload_2267.cpp,xczu7ev-ffvc1156-2-e,3.33,43.34974686,1784,25,1,32,64,block_256_1,block_4_1,cyclic_2_1,unroll_2,pipeline_1,pipeline_1,1,30.5,0.509533389377,False
workload_2314.cpp,xczu7ev-ffvc1156-2-e,3.33,96.65380278,51,25,2,3,7,block_256_1,block_4_1,cyclic_2_1,unroll_2,unroll_2,unroll_8,1,9.25,0.957100327218,False
workload_2452.cpp,xczu7ev-ffvc1156-2-e,3.33,43.34921073,1463,25,1,16,49,block_256_1,block_512_1,complete_1,unroll_2,pipeline_1,pipeline_1,1,22.75,0.656251893276,False
workload_2338.cpp,xczu7ev-ffvc1156-2-e,3.33,43.34921073,1702,25,1,16,49,block_256_1,block_512_1,complete_1,unroll_2,pipeline_1,unroll_4,1,22.75,0.656251893276,False
workload_2503.cpp,xczu7ev-ffvc1156-2-e,3.33,43.34921073,1484,25,1,16,49,block_256_1,block_512_1,complete_1,unroll_2,pipeline_1,unroll_8,1,22.75,0.656251893276,False
workload_2237.cpp,xczu7ev-ffvc1156-2-e,3.33,123.34814505,36,25,0,1,4,block_256_1,block_512_1,complete_1,unroll_2,unroll_2,pipeline_1,2,7.5,0.907877134533,False
workload_2273.cpp,xczu7ev-ffvc1156-2-e,3.33,151.62160329,37,25,0,1,4,block_256_1,block_512_1,complete_1,unroll_2,unroll_2,unroll_2,1,7.5,0.797318850408,False
workload_2658.cpp,xczu7ev-ffvc1156-2-e,3.33,43.34929398,1666,25,1,15,49,block_256_1,block_512_1,cyclic_2_1,unroll_2,pipeline_1,unroll_16,1,22.5,0.663377063997,False
workload_2137.cpp,xczu7ev-ffvc1156-2-e,3.33,123.34825494,36,25,0,1,4,block_256_1,block_512_1,cyclic_2_1,unroll_2,unroll_2,pipeline_1,2,7.5,0.907876549023,False
workload_2199.cpp,xczu7ev-ffvc1156-2-e,3.33,134.38882998,164,25,1,4,19,block_256_1,block_512_1,cyclic_2_1,unroll_2,unroll_2,unroll_64,1,12.25,0.777974186835,False
workload_2245.cpp,xczu7ev-ffvc1156-2-e,3.33,43.4665899,1746,26,1,41,71,block_256_1,block_8_1,cyclic_2_1,unroll_2,pipeline_1,pipeline_1,1,34.75,0.464638206797,False
workload_2177.cpp,xczu7ev-ffvc1156-2-e,3.33,125.23559238,1194,26,0,59,80,block_2_1,block_1024_1,cyclic_2_1,unroll_2,unroll_2,unroll_64,1,41.25,0.267582450669,False
workload_2039.cpp,xczu7ev-ffvc1156-2-e,3.33,262.91739942,75,26,0,33,56,block_2_1,block_1024_1,cyclic_2_1,unroll_2,unroll_8,pipeline_1,1,28.75,0.222058270056,False
workload_2127.cpp,xczu7ev-ffvc1156-2-e,3.33,262.91739942,59,26,0,33,56,block_2_1,block_1024_1,cyclic_4_1,unroll_2,unroll_8,pipeline_1,1,28.75,0.222058270056,False
workload_2223.cpp,xczu7ev-ffvc1156-2-e,3.33,146.92214745,57,41,0,13,23,block_2_1,block_128_1,complete_1,unroll_2,unroll_2,pipeline_1,1,19.25,0.636358050118,False
workload_1594.cpp,xczu7ev-ffvc1156-2-e,3.33,126.41308038,74,26,2,10,16,block_2_1,block_16_1,block_2_1,unroll_2,unroll_2,unroll_8,1,13.5,0.782685785012,False
workload_1725.cpp,xczu7ev-ffvc1156-2-e,3.33,189.5538231,138,26,4,19,29,block_2_1,block_16_1,cyclic_4_1,unroll_2,unroll_4,unroll_8,1,19.5,0.489180148362,False
workload_2513.cpp,xczu7ev-ffvc1156-2-e,3.33,4.8666951,2196,24,0,34,76,block_2_1,block_256_1,block_2_1,unroll_2,pipeline_1,pipeline_1,1,33.5,0.526245300705,False
workload_2584.cpp,xczu7ev-ffvc1156-2-e,3.33,4.8666951,2304.5,24,0,34,76,block_2_1,block_256_1,block_2_1,unroll_2,pipeline_1,unroll_16,2,33.5,0.526245300705,False
workload_2334.cpp,xczu7ev-ffvc1156-2-e,3.33,4.8666951,2349,24,0,34,76,block_2_1,block_256_1,block_2_1,unroll_2,pipeline_1,unroll_2,2,33.5,0.526245300705,False
workload_2353.cpp,xczu7ev-ffvc1156-2-e,3.33,4.8666951,2528,24,0,34,76,block_2_1,block_256_1,block_2_1,unroll_2,pipeline_1,unroll_64,1,33.5,0.526245300705,False
workload_2585.cpp,xczu7ev-ffvc1156-2-e,3.33,4.8666951,2477,24,0,34,76,block_2_1,block_256_1,block_2_1,unroll_2,pipeline_1,unroll_8,1,33.5,0.526245300705,False
workload_2222.cpp,xczu7ev-ffvc1156-2-e,3.33,97.54038198,46,24,0,5,8,block_2_1,block_256_1,block_2_1,unroll_2,unroll_2,unroll_4,1,9.25,0.956783341146,False
workload_2311.cpp,xczu7ev-ffvc1156-2-e,3.33,100.97584308,208,24,0,18,27,block_2_1,block_256_1,block_4_1,unroll_17,unroll_2,unroll_2,1,17.25,0.796696491023,False
workload_2531.cpp,xczu7ev-ffvc1156-2-e,3.33,4.8666951,2170,24,0,34,76,block_2_1,block_256_1,block_4_1,unroll_2,pipeline_1,pipeline_1,1,33.5,0.526245300705,False
workload_2511.cpp,xczu7ev-ffvc1156-2-e,3.33,4.8666951,2241,24,0,34,76,block_2_1,block_256_1,block_4_1,unroll_2,pipeline_1,unroll_16,1,33.5,0.526245300705,False
workload_2278.cpp,xczu7ev-ffvc1156-2-e,3.33,4.8666951,2417,24,0,34,76,block_2_1,block_256_1,block_4_1,unroll_2,pipeline_1,unroll_2,2,33.5,0.526245300705,False
workload_2393.cpp,xczu7ev-ffvc1156-2-e,3.33,4.8666951,2106,24,0,34,76,block_2_1,block_256_1,block_4_1,unroll_2,pipeline_1,unroll_4,1,33.5,0.526245300705,False
workload_2203.cpp,xczu7ev-ffvc1156-2-e,3.33,116.71969014,40,24,0,9,16,block_2_1,block_256_1,block_4_1,unroll_2,unroll_2,pipeline_1,1,12.25,0.83187539929,False
workload_2184.cpp,xczu7ev-ffvc1156-2-e,3.33,100.20011958,40,24,0,3,6,block_2_1,block_256_1,block_4_1,unroll_2,unroll_2,unroll_2,1,8.25,0.975671379111,False
workload_2151.cpp,xczu7ev-ffvc1156-2-e,3.33,95.03302518,1240,24,0,59,76,block_2_1,block_256_1,block_4_1,unroll_2,unroll_2,unroll_64,1,39.75,0.325390423826,False
workload_2111.cpp,xczu7ev-ffvc1156-2-e,3.33,100.64339586,56,24,0,5,9,block_2_1,block_256_1,block_4_1,unroll_4,unroll_2,unroll_2,1,9.5,0.948403456732,False
workload_2228.cpp,xczu7ev-ffvc1156-2-e,3.33,148.22637858,70,24,0,9,15,block_2_1,block_256_1,block_4_1,unroll_4,unroll_4,unroll_2,1,12,0.746161782338,False
workload_2339.cpp,xczu7ev-ffvc1156-2-e,3.33,4.86661185,2153.5,24,0,34,76,block_2_1,block_256_1,complete_1,unroll_2,pipeline_1,pipeline_1,4,33.5,1,True
workload_2372.cpp,xczu7ev-ffvc1156-2-e,3.33,4.86661185,2344,24,0,34,76,block_2_1,block_256_1,complete_1,unroll_2,pipeline_1,unroll_16,2,33.5,1,True
workload_2395.cpp,xczu7ev-ffvc1156-2-e,3.33,4.86661185,2064.5,24,0,34,76,block_2_1,block_256_1,complete_1,unroll_2,pipeline_1,unroll_2,2,33.5,1,True
workload_2564.cpp,xczu7ev-ffvc1156-2-e,3.33,4.86661185,2404,24,0,34,76,block_2_1,block_256_1,complete_1,unroll_2,pipeline_1,unroll_32,1,33.5,1,True
workload_2337.cpp,xczu7ev-ffvc1156-2-e,3.33,4.86661185,2117.5,24,0,34,76,block_2_1,block_256_1,complete_1,unroll_2,pipeline_1,unroll_4,2,33.5,1,True
workload_2288.cpp,xczu7ev-ffvc1156-2-e,3.33,4.86661185,2162,24,0,34,76,block_2_1,block_256_1,complete_1,unroll_2,pipeline_1,unroll_64,1,33.5,1,True
workload_2248.cpp,xczu7ev-ffvc1156-2-e,3.33,4.86661185,2169,24,0,34,76,block_2_1,block_256_1,complete_1,unroll_2,pipeline_1,unroll_8,2,33.5,1,True
workload_2445.cpp,xczu7ev-ffvc1156-2-e,3.33,123.81394545,39,24,0,9,16,block_2_1,block_256_1,complete_1,unroll_2,unroll_2,pipeline_1,2,12.25,0.80565680528,False
workload_2498.cpp,xczu7ev-ffvc1156-2-e,3.33,95.49008433,111,24,0,15,22,block_2_1,block_256_1,complete_1,unroll_2,unroll_2,unroll_16,1,15.25,1,True
workload_2204.cpp,xczu7ev-ffvc1156-2-e,3.33,100.20003633,38,24,0,3,6,block_2_1,block_256_1,complete_1,unroll_2,unroll_2,unroll_2,1,8.25,0.975671669508,False
workload_2586.cpp,xczu7ev-ffvc1156-2-e,3.33,95.18532273,319,24,0,30,40,block_2_1,block_256_1,complete_1,unroll_2,unroll_2,unroll_32,1,23.5,0.648966948452,False
workload_2414.cpp,xczu7ev-ffvc1156-2-e,3.33,95.03294193,1188,24,0,59,76,block_2_1,block_256_1,complete_1,unroll_2,unroll_2,unroll_64,1,39.75,0.325390530155,False
workload_2464.cpp,xczu7ev-ffvc1156-2-e,3.33,96.21042993,61,24,0,8,13,block_2_1,block_256_1,complete_1,unroll_2,unroll_2,unroll_8,1,11.25,0.910810754255,False
workload_2568.cpp,xczu7ev-ffvc1156-2-e,3.33,142.85312721,316,24,0,30,40,block_2_1,block_256_1,complete_1,unroll_2,unroll_4,unroll_16,1,23.5,0.574263109894,False
workload_2349.cpp,xczu7ev-ffvc1156-2-e,3.33,148.00125393,48,24,0,5,9,block_2_1,block_256_1,complete_1,unroll_2,unroll_4,unroll_2,1,9.5,0.795816460661,False
workload_2238.cpp,xczu7ev-ffvc1156-2-e,3.33,116.71956693,46,24,0,17,29,block_2_1,block_256_1,complete_1,unroll_4,unroll_2,pipeline_1,1,17.5,0.757454075485,False
workload_2446.cpp,xczu7ev-ffvc1156-2-e,3.33,4.8666951,2136,24,0,34,76,block_2_1,block_256_1,cyclic_2_1,unroll_2,pipeline_1,pipeline_1,3,33.5,0.526245300705,False
workload_2468.cpp,xczu7ev-ffvc1156-2-e,3.33,4.8666951,2200,24,0,34,76,block_2_1,block_256_1,cyclic_2_1,unroll_2,pipeline_1,unroll_16,1,33.5,0.526245300705,False
workload_2567.cpp,xczu7ev-ffvc1156-2-e,3.33,4.8666951,2303,24,0,34,76,block_2_1,block_256_1,cyclic_2_1,unroll_2,pipeline_1,unroll_2,2,33.5,0.526245300705,False
workload_2572.cpp,xczu7ev-ffvc1156-2-e,3.33,4.8666951,2452,24,0,34,76,block_2_1,block_256_1,cyclic_2_1,unroll_2,pipeline_1,unroll_4,1,33.5,0.526245300705,False
workload_2305.cpp,xczu7ev-ffvc1156-2-e,3.33,4.8666951,2221.5,24,0,34,76,block_2_1,block_256_1,cyclic_2_1,unroll_2,pipeline_1,unroll_64,2,33.5,0.526245300705,False
workload_2454.cpp,xczu7ev-ffvc1156-2-e,3.33,4.8666951,2226.5,24,0,34,76,block_2_1,block_256_1,cyclic_2_1,unroll_2,pipeline_1,unroll_8,2,33.5,0.526245300705,False
workload_2329.cpp,xczu7ev-ffvc1156-2-e,3.33,97.54038198,47,24,0,5,8,block_2_1,block_256_1,cyclic_2_1,unroll_2,unroll_2,unroll_4,1,9.25,0.956783341146,False
workload_2225.cpp,xczu7ev-ffvc1156-2-e,3.33,95.03302518,1105,24,0,59,76,block_2_1,block_256_1,cyclic_2_1,unroll_2,unroll_2,unroll_64,1,39.75,0.325390423826,False
workload_2383.cpp,xczu7ev-ffvc1156-2-e,3.33,95.57327106,295,24,0,30,40,block_2_1,block_256_1,cyclic_2_1,unroll_4,unroll_2,unroll_16,1,23.5,0.648976320598,False
workload_2650.cpp,xczu7ev-ffvc1156-2-e,3.33,4.8666951,2140,24,0,34,76,block_2_1,block_256_1,cyclic_4_1,unroll_2,pipeline_1,unroll_16,1,33.5,0.526245300705,False
workload_2492.cpp,xczu7ev-ffvc1156-2-e,3.33,4.8666951,2138,24,0,34,76,block_2_1,block_256_1,cyclic_4_1,unroll_2,pipeline_1,unroll_2,1,33.5,0.526245300705,False
workload_2295.cpp,xczu7ev-ffvc1156-2-e,3.33,4.8666951,2387,24,0,34,76,block_2_1,block_256_1,cyclic_4_1,unroll_2,pipeline_1,unroll_64,1,33.5,0.526245300705,False
workload_2571.cpp,xczu7ev-ffvc1156-2-e,3.33,4.8666951,2533,24,0,34,76,block_2_1,block_256_1,cyclic_4_1,unroll_2,pipeline_1,unroll_8,1,33.5,0.526245300705,False
workload_2608.cpp,xczu7ev-ffvc1156-2-e,3.33,95.18540598,269,24,0,30,40,block_2_1,block_256_1,cyclic_4_1,unroll_2,unroll_2,unroll_32,1,23.5,0.648966951926,False
workload_1854.cpp,xczu7ev-ffvc1156-2-e,3.33,126.41308038,292,62,2,12,54,block_2_1,block_256_1,cyclic_4_1,unroll_2,unroll_2,unroll_8,1,32.5,0.399303875918,False
workload_2392.cpp,xczu7ev-ffvc1156-2-e,3.33,4.86714798,2179,24,0,34,75,block_2_1,block_2_1,block_2_1,unroll_2,pipeline_1,pipeline_1,1,33.25,0.529164358172,False
workload_2300.cpp,xczu7ev-ffvc1156-2-e,3.33,4.86714798,2335.5,24,0,34,75,block_2_1,block_2_1,block_2_1,unroll_2,pipeline_1,unroll_4,2,33.25,0.529164358172,False
workload_2262.cpp,xczu7ev-ffvc1156-2-e,3.33,4.86714798,2409,24,0,34,75,block_2_1,block_2_1,block_2_1,unroll_2,pipeline_1,unroll_8,1,33.25,0.529164358172,False
workload_2364.cpp,xczu7ev-ffvc1156-2-e,3.33,95.49016758,124,24,0,19,25,block_2_1,block_2_1,block_2_1,unroll_2,unroll_2,unroll_16,1,17,0.800858165582,False
workload_2376.cpp,xczu7ev-ffvc1156-2-e,3.33,100.20011958,41,24,0,3,6,block_2_1,block_2_1,block_2_1,unroll_2,unroll_2,unroll_2,1,8.25,0.975671379111,False
workload_2240.cpp,xczu7ev-ffvc1156-2-e,3.33,97.54038198,48,24,0,5,9,block_2_1,block_2_1,block_2_1,unroll_2,unroll_2,unroll_4,1,9.5,0.955662367506,False
workload_2231.cpp,xczu7ev-ffvc1156-2-e,3.33,95.03302518,1129,24,0,71,90,block_2_1,block_2_1,block_2_1,unroll_2,unroll_2,unroll_64,1,46.25,0.237836120274,False
workload_1726.cpp,xczu7ev-ffvc1156-2-e,3.33,142.85321046,331,24,0,37,48,block_2_1,block_2_1,block_2_1,unroll_2,unroll_4,unroll_16,1,27.25,0.493766520826,False
workload_2325.cpp,xczu7ev-ffvc1156-2-e,3.33,100.20011958,41,24,0,3,6,block_2_1,block_2_1,block_4_1,unroll_2,unroll_2,unroll_2,1,8.25,0.975671379111,False
workload_2333.cpp,xczu7ev-ffvc1156-2-e,3.33,4.86706473,2190,24,0,34,75,block_2_1,block_2_1,complete_1,unroll_2,pipeline_1,pipeline_1,3,33.25,0.529164444335,False
workload_2377.cpp,xczu7ev-ffvc1156-2-e,3.33,4.86706473,2311,24,0,34,75,block_2_1,block_2_1,complete_1,unroll_2,pipeline_1,unroll_16,2,33.25,0.529164444335,False
workload_2502.cpp,xczu7ev-ffvc1156-2-e,3.33,4.86706473,2162,24,0,34,75,block_2_1,block_2_1,complete_1,unroll_2,pipeline_1,unroll_2,1,33.25,0.529164444335,False
workload_2644.cpp,xczu7ev-ffvc1156-2-e,3.33,4.86706473,2338,24,0,34,75,block_2_1,block_2_1,complete_1,unroll_2,pipeline_1,unroll_4,1,33.25,0.529164444335,False
workload_2379.cpp,xczu7ev-ffvc1156-2-e,3.33,4.86706473,2282.5,24,0,34,75,block_2_1,block_2_1,complete_1,unroll_2,pipeline_1,unroll_64,2,33.25,0.529164444335,False
workload_2481.cpp,xczu7ev-ffvc1156-2-e,3.33,4.86706473,2190.5,24,0,34,75,block_2_1,block_2_1,complete_1,unroll_2,pipeline_1,unroll_8,2,33.25,0.529164444335,False
workload_2251.cpp,xczu7ev-ffvc1156-2-e,3.33,130.90831065,36,24,0,9,16,block_2_1,block_2_1,complete_1,unroll_2,unroll_2,pipeline_1,1,12.25,0.785050808159,False
workload_2327.cpp,xczu7ev-ffvc1156-2-e,3.33,95.49008433,116,24,0,19,25,block_2_1,block_2_1,complete_1,unroll_2,unroll_2,unroll_16,1,17,0.80085815869,False
workload_2423.cpp,xczu7ev-ffvc1156-2-e,3.33,95.03294193,1103,24,0,71,90,block_2_1,block_2_1,complete_1,unroll_2,unroll_2,unroll_64,1,46.25,0.237836186683,False
workload_2437.cpp,xczu7ev-ffvc1156-2-e,3.33,142.85312721,296,24,0,37,48,block_2_1,block_2_1,complete_1,unroll_2,unroll_4,unroll_16,1,27.25,0.493766672716,False
workload_2181.cpp,xczu7ev-ffvc1156-2-e,3.33,4.8666951,2148.5,24,0,34,75,block_2_1,block_2_1,cyclic_2_1,unroll_2,pipeline_1,pipeline_1,4,33.25,1,True
workload_2416.cpp,xczu7ev-ffvc1156-2-e,3.33,4.8666951,2237,24,0,34,75,block_2_1,block_2_1,cyclic_2_1,unroll_2,pipeline_1,unroll_16,2,33.25,1,True
workload_2494.cpp,xczu7ev-ffvc1156-2-e,3.33,4.8666951,2185,24,0,34,75,block_2_1,block_2_1,cyclic_2_1,unroll_2,pipeline_1,unroll_2,2,33.25,1,True
workload_2573.cpp,xczu7ev-ffvc1156-2-e,3.33,4.8666951,2359,24,0,34,75,block_2_1,block_2_1,cyclic_2_1,unroll_2,pipeline_1,unroll_32,1,33.25,1,True
workload_2323.cpp,xczu7ev-ffvc1156-2-e,3.33,4.8666951,2209,24,0,34,75,block_2_1,block_2_1,cyclic_2_1,unroll_2,pipeline_1,unroll_4,2,33.25,1,True
workload_2343.cpp,xczu7ev-ffvc1156-2-e,3.33,4.8666951,2200,24,0,34,75,block_2_1,block_2_1,cyclic_2_1,unroll_2,pipeline_1,unroll_64,2,33.25,1,True
workload_2449.cpp,xczu7ev-ffvc1156-2-e,3.33,4.8666951,2340,24,0,34,75,block_2_1,block_2_1,cyclic_2_1,unroll_2,pipeline_1,unroll_8,1,33.25,1,True
workload_2326.cpp,xczu7ev-ffvc1156-2-e,3.33,123.81405534,38,24,0,9,16,block_2_1,block_2_1,cyclic_2_1,unroll_2,unroll_2,pipeline_1,2,12.25,0.805656378649,False
workload_2301.cpp,xczu7ev-ffvc1156-2-e,3.33,95.49016758,119,24,0,19,25,block_2_1,block_2_1,cyclic_2_1,unroll_2,unroll_2,unroll_16,1,17,0.800858165582,False
workload_2542.cpp,xczu7ev-ffvc1156-2-e,3.33,100.20011958,41,24,0,3,6,block_2_1,block_2_1,cyclic_2_1,unroll_2,unroll_2,unroll_2,1,8.25,0.975671379111,False
workload_2312.cpp,xczu7ev-ffvc1156-2-e,3.33,97.54038198,48,24,0,5,9,block_2_1,block_2_1,cyclic_2_1,unroll_2,unroll_2,unroll_4,1,9.5,0.955662367506,False
workload_2615.cpp,xczu7ev-ffvc1156-2-e,3.33,4.86714798,2276,24,0,34,75,block_2_1,block_2_1,cyclic_4_1,unroll_2,pipeline_1,pipeline_1,1,33.25,0.529164358172,False
workload_1896.cpp,xczu7ev-ffvc1156-2-e,3.33,4.86714798,2264,24,0,34,75,block_2_1,block_2_1,cyclic_4_1,unroll_2,pipeline_1,unroll_8,1,33.25,0.529164358172,False
workload_2396.cpp,xczu7ev-ffvc1156-2-e,3.33,95.49016758,122,24,0,19,25,block_2_1,block_2_1,cyclic_4_1,unroll_2,unroll_2,unroll_16,1,17,0.800858165582,False
workload_2678.cpp,xczu7ev-ffvc1156-2-e,3.33,4.86760086,2238,25,0,52,93,block_2_1,block_4_1,block_2_1,unroll_2,pipeline_1,pipeline_1,1,42.5,0.329247008531,False
workload_2302.cpp,xczu7ev-ffvc1156-2-e,3.33,4.86760086,2346,25,0,52,93,block_2_1,block_4_1,block_2_1,unroll_2,pipeline_1,unroll_8,1,42.5,0.329247008531,False
workload_2367.cpp,xczu7ev-ffvc1156-2-e,3.33,100.20011958,44,25,1,3,6,block_2_1,block_4_1,block_2_1,unroll_2,unroll_2,unroll_2,1,8.75,0.967276466543,False
workload_2242.cpp,xczu7ev-ffvc1156-2-e,3.33,4.86760086,2315,25,0,52,93,block_2_1,block_4_1,block_4_1,unroll_2,pipeline_1,pipeline_1,1,42.5,0.329247008531,False
workload_2138.cpp,xczu7ev-ffvc1156-2-e,3.33,116.71969014,42,25,0,9,17,block_2_1,block_4_1,block_4_1,unroll_2,unroll_2,pipeline_1,1,12.75,0.821868138792,False
workload_2209.cpp,xczu7ev-ffvc1156-2-e,3.33,4.86751761,2241,25,0,52,93,block_2_1,block_4_1,complete_1,unroll_2,pipeline_1,unroll_4,1,42.5,0.329246964409,False
workload_2135.cpp,xczu7ev-ffvc1156-2-e,3.33,123.81394545,41.5,25,0.5,9.5,16.5,block_2_1,block_4_1,complete_1,unroll_2,unroll_2,pipeline_1,2,12.875,0.79639920346,False
workload_2274.cpp,xczu7ev-ffvc1156-2-e,3.33,95.49008433,130,25,4,19,25,block_2_1,block_4_1,complete_1,unroll_2,unroll_2,unroll_16,1,18.25,0.800803984136,False
workload_2247.cpp,xczu7ev-ffvc1156-2-e,3.33,97.54029873,49,25,1,5,9,block_2_1,block_4_1,complete_1,unroll_2,unroll_2,unroll_4,1,10,0.95156256484,False
workload_2486.cpp,xczu7ev-ffvc1156-2-e,3.33,95.03294193,1168,25,15,72,89,block_2_1,block_4_1,complete_1,unroll_2,unroll_2,unroll_64,1,50.25,0.190471648011,False
workload_2413.cpp,xczu7ev-ffvc1156-2-e,3.33,4.86714798,2305,25,0,52,93,block_2_1,block_4_1,cyclic_2_1,unroll_2,pipeline_1,unroll_64,1,42.5,0.329246768503,False
workload_2095.cpp,xczu7ev-ffvc1156-2-e,3.33,130.90842054,39,25,1,9,16,block_2_1,block_4_1,cyclic_2_1,unroll_2,unroll_2,pipeline_1,1,12.75,0.770934935173,False
workload_2232.cpp,xczu7ev-ffvc1156-2-e,3.33,100.20011958,41,25,1,3,6,block_2_1,block_4_1,cyclic_2_1,unroll_2,unroll_2,unroll_2,1,8.75,0.967276466543,False
workload_2516.cpp,xczu7ev-ffvc1156-2-e,3.33,4.86760086,2386,25,0,52,93,block_2_1,block_4_1,cyclic_4_1,unroll_2,pipeline_1,pipeline_1,1,42.5,0.329247008531,False
workload_2401.cpp,xczu7ev-ffvc1156-2-e,3.33,4.86760086,2457,25,0,52,93,block_2_1,block_4_1,cyclic_4_1,unroll_2,pipeline_1,unroll_4,1,42.5,0.329247008531,False
workload_2122.cpp,xczu7ev-ffvc1156-2-e,3.33,207.71585622,58,25,1,36,59,block_2_1,block_4_1,cyclic_4_1,unroll_2,unroll_8,pipeline_1,1,30.25,0.312738835858,False
workload_2297.cpp,xczu7ev-ffvc1156-2-e,3.33,4.8666951,2585,25,0,36,78,block_2_1,block_512_1,block_2_1,unroll_2,pipeline_1,unroll_4,1,34.75,0.495614510466,False
workload_2147.cpp,xczu7ev-ffvc1156-2-e,3.33,97.54038198,53,25,0,5,8,block_2_1,block_512_1,block_2_1,unroll_2,unroll_2,unroll_4,1,9.5,0.955662367506,False
workload_2233.cpp,xczu7ev-ffvc1156-2-e,3.33,95.03302518,1149,25,0,59,77,block_2_1,block_512_1,block_2_1,unroll_2,unroll_2,unroll_64,1,40.25,0.318531722871,False
workload_2264.cpp,xczu7ev-ffvc1156-2-e,3.33,96.21051318,73,25,0,8,13,block_2_1,block_512_1,block_2_1,unroll_2,unroll_2,unroll_8,1,11.5,0.901732890467,False
workload_2246.cpp,xczu7ev-ffvc1156-2-e,3.33,4.8666951,2410,25,0,36,78,block_2_1,block_512_1,block_4_1,unroll_2,pipeline_1,unroll_2,1,34.75,0.495614510466,False
workload_2270.cpp,xczu7ev-ffvc1156-2-e,3.33,95.49016758,125,25,0,15,22,block_2_1,block_512_1,block_4_1,unroll_2,unroll_2,unroll_16,1,15.5,0.852662197424,False
workload_2215.cpp,xczu7ev-ffvc1156-2-e,3.33,100.20011958,40,25,0,3,6,block_2_1,block_512_1,block_4_1,unroll_2,unroll_2,unroll_2,1,8.5,0.972534097429,False
workload_2317.cpp,xczu7ev-ffvc1156-2-e,3.33,97.54038198,48,25,0,5,8,block_2_1,block_512_1,block_4_1,unroll_2,unroll_2,unroll_4,1,9.5,0.955662367506,False
workload_2269.cpp,xczu7ev-ffvc1156-2-e,3.33,95.03302518,1243,25,0,59,77,block_2_1,block_512_1,block_4_1,unroll_2,unroll_2,unroll_64,1,40.25,0.318531722871,False
workload_2450.cpp,xczu7ev-ffvc1156-2-e,3.33,4.86661185,2535.5,25,0,36,78,block_2_1,block_512_1,complete_1,unroll_2,pipeline_1,unroll_16,2,34.75,0.495614438975,False
workload_2470.cpp,xczu7ev-ffvc1156-2-e,3.33,4.86661185,2453,25,0,36,78,block_2_1,block_512_1,complete_1,unroll_2,pipeline_1,unroll_2,1,34.75,0.495614438975,False
workload_2593.cpp,xczu7ev-ffvc1156-2-e,3.33,4.86661185,2584,25,0,36,78,block_2_1,block_512_1,complete_1,unroll_2,pipeline_1,unroll_32,1,34.75,0.495614438975,False
workload_2256.cpp,xczu7ev-ffvc1156-2-e,3.33,4.86661185,2369,25,0,36,78,block_2_1,block_512_1,complete_1,unroll_2,pipeline_1,unroll_4,1,34.75,0.495614438975,False
workload_2549.cpp,xczu7ev-ffvc1156-2-e,3.33,4.86661185,2475,25,0,36,78,block_2_1,block_512_1,complete_1,unroll_2,pipeline_1,unroll_8,1,34.75,0.495614438975,False
workload_2105.cpp,xczu7ev-ffvc1156-2-e,3.33,116.71958025,38,25,0,9,16,block_2_1,block_512_1,complete_1,unroll_2,unroll_2,pipeline_1,1,12.5,0.825590427345,False
workload_2290.cpp,xczu7ev-ffvc1156-2-e,3.33,97.54029873,48,25,0,5,8,block_2_1,block_512_1,complete_1,unroll_2,unroll_2,unroll_4,1,9.5,0.955662487922,False
workload_2166.cpp,xczu7ev-ffvc1156-2-e,3.33,95.03294193,1265,25,0,59,77,block_2_1,block_512_1,complete_1,unroll_2,unroll_2,unroll_64,1,40.25,0.318531826044,False
workload_2056.cpp,xczu7ev-ffvc1156-2-e,3.33,192.87215145,74,25,0,33,55,block_2_1,block_512_1,complete_1,unroll_2,unroll_8,pipeline_1,1,28.25,0.370930518,False
workload_2286.cpp,xczu7ev-ffvc1156-2-e,3.33,4.8666951,2555.5,25,0,36,78,block_2_1,block_512_1,cyclic_2_1,unroll_2,pipeline_1,pipeline_1,2,34.75,0.495614510466,False
workload_2461.cpp,xczu7ev-ffvc1156-2-e,3.33,4.8666951,2438,25,0,36,78,block_2_1,block_512_1,cyclic_2_1,unroll_2,pipeline_1,unroll_16,1,34.75,0.495614510466,False
workload_2191.cpp,xczu7ev-ffvc1156-2-e,3.33,4.8666951,2559,25,0,36,78,block_2_1,block_512_1,cyclic_2_1,unroll_2,pipeline_1,unroll_2,1,34.75,0.495614510466,False
workload_2210.cpp,xczu7ev-ffvc1156-2-e,3.33,4.8666951,2620.5,25,0,36,78,block_2_1,block_512_1,cyclic_2_1,unroll_2,pipeline_1,unroll_64,2,34.75,0.495614510466,False
workload_2287.cpp,xczu7ev-ffvc1156-2-e,3.33,4.8666951,2622,25,0,36,78,block_2_1,block_512_1,cyclic_2_1,unroll_2,pipeline_1,unroll_8,1,34.75,0.495614510466,False
workload_2107.cpp,xczu7ev-ffvc1156-2-e,3.33,123.81405534,39,25,0,9,16,block_2_1,block_512_1,cyclic_2_1,unroll_2,unroll_2,pipeline_1,2,12.5,0.800320187914,False
workload_2162.cpp,xczu7ev-ffvc1156-2-e,3.33,100.20011958,43,25,0,3,6,block_2_1,block_512_1,cyclic_2_1,unroll_2,unroll_2,unroll_2,1,8.5,0.972534097429,False
workload_2017.cpp,xczu7ev-ffvc1156-2-e,3.33,95.03302518,1364,25,0,59,77,block_2_1,block_512_1,cyclic_2_1,unroll_2,unroll_2,unroll_64,1,40.25,0.318531722871,False
workload_1996.cpp,xczu7ev-ffvc1156-2-e,3.33,200.29405878,62,25,0,33,55,block_2_1,block_512_1,cyclic_2_1,unroll_2,unroll_8,pipeline_1,2,28.25,0.354586984789,False
workload_2545.cpp,xczu7ev-ffvc1156-2-e,3.33,4.8666951,2535,25,0,36,78,block_2_1,block_512_1,cyclic_4_1,unroll_2,pipeline_1,pipeline_1,1,34.75,0.495614510466,False
workload_2018.cpp,xczu7ev-ffvc1156-2-e,3.33,126.41308038,114,31,2,10,23,block_2_1,block_64_1,block_4_1,unroll_2,unroll_2,unroll_8,1,16.5,0.742820238154,False
workload_2129.cpp,xczu7ev-ffvc1156-2-e,3.33,226.8082647,716,31,8,38,85,block_2_1,block_64_1,block_4_1,unroll_2,unroll_8,unroll_8,1,40.5,0.171684799036,False
workload_2198.cpp,xczu7ev-ffvc1156-2-e,3.33,130.84596306,75,31,1,6,17,block_2_1,block_64_1,block_4_1,unroll_4,unroll_2,unroll_2,1,13.75,0.763588548494,False
workload_2175.cpp,xczu7ev-ffvc1156-2-e,3.33,127.74294918,51,26,1,5,10,block_2_1,block_8_1,block_2_1,unroll_2,unroll_2,unroll_4,1,10.5,0.839083227243,False
workload_1559.cpp,xczu7ev-ffvc1156-2-e,3.33,189.5538231,125,26,4,19,27,block_2_1,block_8_1,block_2_1,unroll_2,unroll_4,unroll_8,1,19,0.493488628396,False
workload_1411.cpp,xczu7ev-ffvc1156-2-e,3.33,262.91739942,60,26,1,36,60,block_2_1,block_8_1,block_2_1,unroll_2,unroll_8,pipeline_1,1,30.75,0.207364048236,False
workload_1634.cpp,xczu7ev-ffvc1156-2-e,3.33,231.50372454,76,26,2,11,18,block_2_1,block_8_1,block_2_1,unroll_2,unroll_8,unroll_2,1,14.25,0.422521926363,False
workload_1542.cpp,xczu7ev-ffvc1156-2-e,3.33,228.37341798,144,26,4,20,29,block_2_1,block_8_1,block_2_1,unroll_2,unroll_8,unroll_4,1,19.75,0.371929692094,False
workload_1608.cpp,xczu7ev-ffvc1156-2-e,3.33,261.74460006,1836,26,4,21,33,block_2_1,block_8_1,block_4_1,unroll_2,unroll_16,unroll_2,1,21,0.280163724893,False
workload_1581.cpp,xczu7ev-ffvc1156-2-e,3.33,231.50372454,76,26,2,11,18,block_2_1,block_8_1,block_4_1,unroll_2,unroll_8,unroll_2,1,14.25,0.422521926363,False
workload_1572.cpp,xczu7ev-ffvc1156-2-e,3.33,226.8082647,351,26,0,32,51,block_2_1,cyclic_16_1,block_2_1,unroll_2,unroll_8,unroll_8,1,27.25,0.307447887486,False
workload_1552.cpp,xczu7ev-ffvc1156-2-e,3.33,300.14690598,1565,26,0,35,62,block_2_1,cyclic_16_1,block_4_1,unroll_2,unroll_32,unroll_2,1,30.75,0.154549911681,False
workload_1857.cpp,xczu7ev-ffvc1156-2-e,3.33,143.61277014,109,24,0,16,22,block_2_1,cyclic_2_1,block_2_1,unroll_2,unroll_4,unroll_8,1,15.5,0.695274371817,False
workload_2100.cpp,xczu7ev-ffvc1156-2-e,3.33,146.92213413,48,26,0,17,31,block_2_1,cyclic_2_1,complete_1,unroll_4,unroll_2,pipeline_1,1,18.5,0.645874726654,False
workload_1707.cpp,xczu7ev-ffvc1156-2-e,3.33,142.85321046,319,25,0,30,41,block_2_1,cyclic_4_1,block_2_1,unroll_2,unroll_4,unroll_16,1,24,0.563867728058,False
workload_1605.cpp,xczu7ev-ffvc1156-2-e,3.33,143.61277014,114,25,0,16,23,block_2_1,cyclic_4_1,block_2_1,unroll_2,unroll_4,unroll_8,1,16,0.688804450779,False
workload_1750.cpp,xczu7ev-ffvc1156-2-e,3.33,116.71969014,41,25,0,9,16,block_2_1,cyclic_4_1,cyclic_4_1,unroll_2,unroll_2,pipeline_1,1,12.5,0.825590062056,False
workload_1689.cpp,xczu7ev-ffvc1156-2-e,3.33,96.21051318,65,25,0,8,13,block_2_1,cyclic_4_1,cyclic_4_1,unroll_2,unroll_2,unroll_8,1,11.5,0.901732890467,False
workload_1736.cpp,xczu7ev-ffvc1156-2-e,3.33,142.85321046,292,25,0,30,41,block_2_1,cyclic_4_1,cyclic_4_1,unroll_2,unroll_4,unroll_16,1,24,0.563867728058,False
workload_1720.cpp,xczu7ev-ffvc1156-2-e,3.33,192.87226134,58,25,0,33,55,block_2_1,cyclic_4_1,cyclic_4_1,unroll_2,unroll_8,pipeline_1,1,28.25,0.370930276319,False
workload_2155.cpp,xczu7ev-ffvc1156-2-e,3.33,127.74294918,65,31,0,5,14,block_2_1,cyclic_8_1,block_2_1,unroll_2,unroll_2,unroll_4,1,12.5,0.785223785373,False
workload_1937.cpp,xczu7ev-ffvc1156-2-e,3.33,126.41308038,117,31,0,8,22,block_2_1,cyclic_8_1,block_2_1,unroll_2,unroll_2,unroll_8,1,15.25,0.763658142908,False
workload_2160.cpp,xczu7ev-ffvc1156-2-e,3.33,126.41308038,92,31,0,8,22,block_2_1,cyclic_8_1,block_4_1,unroll_2,unroll_2,unroll_8,1,15.25,0.763658142908,False
workload_1902.cpp,xczu7ev-ffvc1156-2-e,3.33,126.41308038,71,26,0,8,13,block_2_1,cyclic_8_1,cyclic_4_1,unroll_2,unroll_2,unroll_8,1,11.75,0.80760870881,False
workload_1622.cpp,xczu7ev-ffvc1156-2-e,3.33,131.28243948,76,42,14,5,13,block_32_1,cyclic_16_1,cyclic_2_1,unroll_4,unroll_2,unroll_2,1,18.5,0.69908250639,False
workload_1577.cpp,xczu7ev-ffvc1156-2-e,3.33,194.60390796,164,42,28,10,22,block_32_1,cyclic_16_1,cyclic_2_1,unroll_4,unroll_4,unroll_2,1,25.5,0.40522861311,False
workload_1582.cpp,xczu7ev-ffvc1156-2-e,3.33,144.04916331,347,41,56,17,30,block_32_1,cyclic_4_1,complete_1,unroll_2,unroll_4,unroll_8,1,36,0.31561042292,False
workload_1598.cpp,xczu7ev-ffvc1156-2-e,3.33,194.60390796,136,42,28,10,20,block_32_1,cyclic_8_1,cyclic_2_1,unroll_4,unroll_4,unroll_2,1,25,0.411840308575,False
workload_1627.cpp,xczu7ev-ffvc1156-2-e,3.33,231.83777682,1145,42,4,22,91,block_4_1,block_128_1,complete_1,unroll_4,unroll_8,unroll_2,1,39.75,0.173297131442,False
workload_2680.cpp,xczu7ev-ffvc1156-2-e,3.33,95.70832254,134,25,0,16,29,block_4_1,block_256_1,complete_1,unroll_2,unroll_2,unroll_16,1,17.5,0.800818787007,False
workload_1541.cpp,xczu7ev-ffvc1156-2-e,3.33,231.7218795,938,63,2,13,72,block_4_1,block_256_1,complete_1,unroll_2,unroll_8,unroll_2,1,37.5,0.193669334738,False
workload_2609.cpp,xczu7ev-ffvc1156-2-e,3.33,95.40356094,349,25,0,36,62,block_4_1,block_2_1,complete_1,unroll_2,unroll_2,unroll_32,1,30.75,0.452853917005,False
workload_2146.cpp,xczu7ev-ffvc1156-2-e,3.33,126.63131859,84,27,2,10,22,block_4_1,block_32_1,block_2_1,unroll_2,unroll_2,unroll_8,1,15.25,0.76285758118,False
workload_2054.cpp,xczu7ev-ffvc1156-2-e,3.33,116.93792835,47,26,0,10,17,block_4_1,block_4_1,block_4_1,unroll_2,unroll_2,pipeline_1,1,13.25,0.818572258392,False
workload_2218.cpp,xczu7ev-ffvc1156-2-e,3.33,95.70840579,132,26,4,19,33,block_4_1,block_4_1,block_4_1,unroll_2,unroll_2,unroll_16,1,20.5,0.742729210727,False
workload_2268.cpp,xczu7ev-ffvc1156-2-e,3.33,97.75862019,59,26,1,5,11,block_4_1,block_4_1,block_4_1,unroll_2,unroll_2,unroll_4,1,10.75,0.928014855213,False
workload_2114.cpp,xczu7ev-ffvc1156-2-e,3.33,96.42875139,79,26,2,10,18,block_4_1,block_4_1,block_4_1,unroll_2,unroll_2,unroll_8,1,14,0.861408842413,False
workload_2202.cpp,xczu7ev-ffvc1156-2-e,3.33,96.42866814,76,26,2,10,18,block_4_1,block_4_1,complete_1,unroll_2,unroll_2,unroll_8,1,14,0.861408860848,False
workload_2150.cpp,xczu7ev-ffvc1156-2-e,3.33,116.93780514,52,26,1,19,33,block_4_1,block_4_1,complete_1,unroll_4,unroll_2,pipeline_1,1,19.75,0.722890415565,False
workload_2174.cpp,xczu7ev-ffvc1156-2-e,3.33,95.70840579,126,26,4,19,33,block_4_1,block_4_1,cyclic_2_1,unroll_2,unroll_2,unroll_16,1,20.5,0.742729210727,False
workload_2263.cpp,xczu7ev-ffvc1156-2-e,3.33,95.40364419,378,26,8,36,62,block_4_1,block_4_1,cyclic_2_1,unroll_2,unroll_2,unroll_32,1,33,0.409835994287,False
workload_2347.cpp,xczu7ev-ffvc1156-2-e,3.33,95.70840579,122,26,0,16,30,block_4_1,block_512_1,block_4_1,unroll_2,unroll_2,unroll_16,1,18,0.800782183008,False
workload_2148.cpp,xczu7ev-ffvc1156-2-e,3.33,193.09038966,63,26,0,34,58,block_4_1,block_512_1,complete_1,unroll_2,unroll_8,pipeline_1,1,29.5,0.352306447647,False
workload_2169.cpp,xczu7ev-ffvc1156-2-e,3.33,131.12665875,37,26,0,9,16,block_4_1,block_512_1,cyclic_2_1,unroll_2,unroll_2,pipeline_1,1,12.75,0.770547986579,False
workload_2083.cpp,xczu7ev-ffvc1156-2-e,3.33,126.63131859,160,42,0,9,37,block_4_1,cyclic_16_1,block_2_1,unroll_2,unroll_2,unroll_8,1,22,0.647666135486,False
workload_2134.cpp,xczu7ev-ffvc1156-2-e,3.33,147.14049555,62,42,0,13,23,block_4_1,cyclic_16_1,cyclic_2_1,unroll_2,unroll_2,pipeline_1,1,19.5,0.632193508397,False
workload_1675.cpp,xczu7ev-ffvc1156-2-e,3.33,131.06420127,58,27,0,5,12,block_4_1,cyclic_16_1,cyclic_2_1,unroll_4,unroll_2,unroll_2,1,11,0.818972780504,False
workload_1718.cpp,xczu7ev-ffvc1156-2-e,3.33,143.07144867,311,25,0,30,56,block_4_1,cyclic_2_1,cyclic_2_1,unroll_2,unroll_4,unroll_16,1,27.75,0.48250315867,False
workload_2057.cpp,xczu7ev-ffvc1156-2-e,3.33,127.96118739,74,32,0,5,16,block_4_1,cyclic_8_1,block_2_1,unroll_2,unroll_2,unroll_4,1,13.25,0.778495346828,False
workload_1997.cpp,xczu7ev-ffvc1156-2-e,3.33,126.63131859,126,32,0,8,26,block_4_1,cyclic_8_1,block_2_1,unroll_2,unroll_2,unroll_8,1,16.5,0.742080345894,False
workload_2149.cpp,xczu7ev-ffvc1156-2-e,3.33,161.32911606,49,32,0,9,19,block_4_1,cyclic_8_1,complete_1,unroll_2,unroll_2,pipeline_1,1,15,0.639380561792,False
workload_2123.cpp,xczu7ev-ffvc1156-2-e,3.33,127.96110414,68,32,0,5,16,block_4_1,cyclic_8_1,complete_1,unroll_2,unroll_2,unroll_4,1,13.25,0.778495668204,False
workload_2136.cpp,xczu7ev-ffvc1156-2-e,3.33,248.29204275,118,32,0,34,68,block_4_1,cyclic_8_1,cyclic_2_1,unroll_2,unroll_8,pipeline_1,1,33.5,0.207830505237,False
workload_1928.cpp,xczu7ev-ffvc1156-2-e,3.33,43.34929398,1393,24,0,14,41,block_512_1,block_1024_1,block_2_1,unroll_2,pipeline_1,unroll_8,1,19.75,0.743692273924,False
workload_1917.cpp,xczu7ev-ffvc1156-2-e,3.33,136.10657718,52,24,1,2,7,block_512_1,block_1024_1,block_2_1,unroll_2,unroll_2,unroll_16,1,8.5,0.861715068852,False
workload_2145.cpp,xczu7ev-ffvc1156-2-e,3.33,168.52559238,47,26,1,2,7,block_512_1,block_1024_1,block_4_1,unroll_2,unroll_2,unroll_8,1,9,0.709061119064,False
workload_2205.cpp,xczu7ev-ffvc1156-2-e,3.33,146.45817522,47,26,0,2,7,block_512_1,block_1024_1,block_4_1,unroll_4,unroll_2,pipeline_1,1,8.75,0.813196028172,False
workload_1903.cpp,xczu7ev-ffvc1156-2-e,3.33,130.44077865,37,24,0,1,3,block_512_1,block_1024_1,complete_1,unroll_2,unroll_2,pipeline_1,1,7,1,True
workload_2062.cpp,xczu7ev-ffvc1156-2-e,3.33,146.45806533,54,26,0,2,7,block_512_1,block_1024_1,complete_1,unroll_4,unroll_2,pipeline_1,1,8.75,0.813196529492,False
workload_1890.cpp,xczu7ev-ffvc1156-2-e,3.33,43.34929398,1392,24,0,14,41,block_512_1,block_1024_1,cyclic_4_1,unroll_2,pipeline_1,pipeline_1,1,19.75,0.743692273924,False
workload_1883.cpp,xczu7ev-ffvc1156-2-e,3.33,43.34929398,1323,24,0,14,41,block_512_1,block_1024_1,cyclic_4_1,unroll_2,pipeline_1,unroll_8,1,19.75,0.743692273924,False
workload_2226.cpp,xczu7ev-ffvc1156-2-e,3.33,146.57593734,56,41,0,2,12,block_512_1,block_128_1,block_4_1,unroll_2,unroll_2,pipeline_1,1,13.75,0.709236091096,False
workload_1715.cpp,xczu7ev-ffvc1156-2-e,3.33,126.41308038,60,26,2,3,9,block_512_1,block_16_1,block_4_1,unroll_2,unroll_2,unroll_8,1,10,0.854542888227,False
workload_2565.cpp,xczu7ev-ffvc1156-2-e,3.33,43.46695953,1924,31,1,45,73,block_512_1,block_16_1,complete_1,unroll_2,pipeline_1,unroll_32,1,37.5,0.41996902643,False
workload_2628.cpp,xczu7ev-ffvc1156-2-e,3.33,146.57582745,39,26,0,2,6,block_512_1,block_16_1,complete_1,unroll_2,unroll_2,pipeline_1,1,8.5,0.815572474706,False
workload_2681.cpp,xczu7ev-ffvc1156-2-e,3.33,43.34929398,1261,24,1,14,45,block_512_1,block_256_1,block_2_1,unroll_2,pipeline_1,pipeline_1,1,21,0.706777124423,False
workload_2620.cpp,xczu7ev-ffvc1156-2-e,3.33,43.34929398,1334,24,1,14,45,block_512_1,block_256_1,block_2_1,unroll_2,pipeline_1,unroll_16,1,21,0.706777124423,False
workload_2677.cpp,xczu7ev-ffvc1156-2-e,3.33,43.34929398,1430,24,1,14,45,block_512_1,block_256_1,block_2_1,unroll_2,pipeline_1,unroll_2,1,21,0.706777124423,False
workload_2606.cpp,xczu7ev-ffvc1156-2-e,3.33,43.34929398,1289,24,1,14,45,block_512_1,block_256_1,block_2_1,unroll_2,pipeline_1,unroll_32,1,21,0.706777124423,False
workload_2411.cpp,xczu7ev-ffvc1156-2-e,3.33,43.34929398,1313,24,1,14,45,block_512_1,block_256_1,block_2_1,unroll_2,pipeline_1,unroll_64,1,21,0.706777124423,False
workload_2341.cpp,xczu7ev-ffvc1156-2-e,3.33,136.10657718,60,24,0,2,7,block_512_1,block_256_1,block_2_1,unroll_2,unroll_2,unroll_16,1,8.25,0.865969926514,False
workload_2308.cpp,xczu7ev-ffvc1156-2-e,3.33,142.75592118,40,24,1,1,5,block_512_1,block_256_1,block_2_1,unroll_2,unroll_2,unroll_4,1,7.75,0.840742294282,False
workload_1737.cpp,xczu7ev-ffvc1156-2-e,3.33,146.57592402,240,62,1,3,32,block_512_1,block_256_1,block_2_1,unroll_4,unroll_2,pipeline_1,1,24.5,0.544503191083,False
workload_2391.cpp,xczu7ev-ffvc1156-2-e,3.33,43.34929398,1304,24,1,14,45,block_512_1,block_256_1,block_4_1,unroll_2,pipeline_1,pipeline_1,1,21,0.706777124423,False
workload_2121.cpp,xczu7ev-ffvc1156-2-e,3.33,116.25562134,38,24,0,1,4,block_512_1,block_256_1,block_4_1,unroll_2,unroll_2,pipeline_1,1,7.25,0.946546554884,False
workload_2363.cpp,xczu7ev-ffvc1156-2-e,3.33,151.62171318,34,24,0,1,4,block_512_1,block_256_1,block_4_1,unroll_2,unroll_2,unroll_2,1,7.25,0.797621648992,False
workload_2355.cpp,xczu7ev-ffvc1156-2-e,3.33,142.75592118,38,24,1,1,5,block_512_1,block_256_1,block_4_1,unroll_2,unroll_2,unroll_4,1,7.75,0.840742294282,False
workload_2438.cpp,xczu7ev-ffvc1156-2-e,3.33,163.84318614,41,24,0,2,6,block_512_1,block_256_1,block_4_1,unroll_2,unroll_4,pipeline_1,1,8,0.736312211262,False
workload_2404.cpp,xczu7ev-ffvc1156-2-e,3.33,43.34921073,1286,24,1,14,45,block_512_1,block_256_1,complete_1,unroll_2,pipeline_1,pipeline_1,3,21,0.70677702321,False
workload_2466.cpp,xczu7ev-ffvc1156-2-e,3.33,43.34921073,1393.5,24,1,14,45,block_512_1,block_256_1,complete_1,unroll_2,pipeline_1,unroll_16,2,21,0.70677702321,False
workload_2265.cpp,xczu7ev-ffvc1156-2-e,3.33,43.34921073,1445.5,24,1,14,45,block_512_1,block_256_1,complete_1,unroll_2,pipeline_1,unroll_2,2,21,0.70677702321,False
workload_2527.cpp,xczu7ev-ffvc1156-2-e,3.33,43.34921073,1289,24,1,14,45,block_512_1,block_256_1,complete_1,unroll_2,pipeline_1,unroll_32,1,21,0.70677702321,False
workload_2578.cpp,xczu7ev-ffvc1156-2-e,3.33,43.34921073,1450,24,1,14,45,block_512_1,block_256_1,complete_1,unroll_2,pipeline_1,unroll_4,1,21,0.70677702321,False
workload_2465.cpp,xczu7ev-ffvc1156-2-e,3.33,43.34921073,1312,24,1,14,45,block_512_1,block_256_1,complete_1,unroll_2,pipeline_1,unroll_8,1,21,0.70677702321,False
workload_2139.cpp,xczu7ev-ffvc1156-2-e,3.33,123.34814505,37.5,24,0,1,4,block_512_1,block_256_1,complete_1,unroll_2,unroll_2,pipeline_1,2,7.25,0.907966733899,False
workload_2212.cpp,xczu7ev-ffvc1156-2-e,3.33,151.62160329,34,24,0,1,4,block_512_1,block_256_1,complete_1,unroll_2,unroll_2,unroll_2,1,7.25,0.79762219973,False
workload_2432.cpp,xczu7ev-ffvc1156-2-e,3.33,134.88744753,84,24,0,3,11,block_512_1,block_256_1,complete_1,unroll_2,unroll_2,unroll_32,1,9.5,0.845778083131,False
workload_2597.cpp,xczu7ev-ffvc1156-2-e,3.33,142.75581129,44,24,1,1,5,block_512_1,block_256_1,complete_1,unroll_2,unroll_2,unroll_4,1,7.75,0.840742841937,False
workload_2587.cpp,xczu7ev-ffvc1156-2-e,3.33,134.38874673,157,24,0,4,18,block_512_1,block_256_1,complete_1,unroll_2,unroll_2,unroll_64,1,11.5,0.798074797906,False
workload_2332.cpp,xczu7ev-ffvc1156-2-e,3.33,138.32294193,43,24,1,2,5,block_512_1,block_256_1,complete_1,unroll_2,unroll_2,unroll_8,1,8,0.859866422067,False
workload_2252.cpp,xczu7ev-ffvc1156-2-e,3.33,163.84307625,40,24,0,2,6,block_512_1,block_256_1,complete_1,unroll_2,unroll_4,pipeline_1,1,8,0.736312733292,False
workload_1957.cpp,xczu7ev-ffvc1156-2-e,3.33,116.25549813,50,24,0,2,6,block_512_1,block_256_1,complete_1,unroll_4,unroll_2,pipeline_1,1,8,0.933247946299,False
workload_2241.cpp,xczu7ev-ffvc1156-2-e,3.33,290.59447797,295,24,0,14,49,block_512_1,block_256_1,complete_1,unroll_4,unroll_32,unroll_2,1,21.75,0.217022029359,False
workload_2236.cpp,xczu7ev-ffvc1156-2-e,3.33,43.34929398,1358,24,1,14,45,block_512_1,block_256_1,cyclic_2_1,unroll_2,pipeline_1,pipeline_1,3,21,0.706777124423,False
workload_2676.cpp,xczu7ev-ffvc1156-2-e,3.33,43.34929398,1288,24,1,14,45,block_512_1,block_256_1,cyclic_2_1,unroll_2,pipeline_1,unroll_16,1,21,0.706777124423,False
workload_2321.cpp,xczu7ev-ffvc1156-2-e,3.33,43.34929398,1369,24,1,14,45,block_512_1,block_256_1,cyclic_2_1,unroll_2,pipeline_1,unroll_2,2,21,0.706777124423,False
workload_2501.cpp,xczu7ev-ffvc1156-2-e,3.33,43.34929398,1327.5,24,1,14,45,block_512_1,block_256_1,cyclic_2_1,unroll_2,pipeline_1,unroll_4,2,21,0.706777124423,False
workload_2611.cpp,xczu7ev-ffvc1156-2-e,3.33,43.34929398,1435,24,1,14,45,block_512_1,block_256_1,cyclic_2_1,unroll_2,pipeline_1,unroll_64,1,21,0.706777124423,False
workload_2459.cpp,xczu7ev-ffvc1156-2-e,3.33,43.34929398,1347.5,24,1,14,45,block_512_1,block_256_1,cyclic_2_1,unroll_2,pipeline_1,unroll_8,2,21,0.706777124423,False
workload_2643.cpp,xczu7ev-ffvc1156-2-e,3.33,116.25562134,38,24,0,1,4,block_512_1,block_256_1,cyclic_2_1,unroll_2,unroll_2,pipeline_1,1,7.25,0.946546554884,False
workload_2214.cpp,xczu7ev-ffvc1156-2-e,3.33,136.10657718,52,24,0,2,7,block_512_1,block_256_1,cyclic_2_1,unroll_2,unroll_2,unroll_16,1,8.25,0.865969926514,False
workload_2206.cpp,xczu7ev-ffvc1156-2-e,3.33,151.62171318,37,24,0,1,4,block_512_1,block_256_1,cyclic_2_1,unroll_2,unroll_2,unroll_2,1,7.25,0.797621648992,False
workload_2627.cpp,xczu7ev-ffvc1156-2-e,3.33,134.88753078,80,24,0,3,11,block_512_1,block_256_1,cyclic_2_1,unroll_2,unroll_2,unroll_32,1,9.5,0.845777821725,False
workload_1716.cpp,xczu7ev-ffvc1156-2-e,3.33,126.41308038,266,62,2,5,46,block_512_1,block_256_1,cyclic_2_1,unroll_2,unroll_2,unroll_8,1,28.75,0.484101593041,False
workload_2060.cpp,xczu7ev-ffvc1156-2-e,3.33,247.04310294,154,24,0,7,28,block_512_1,block_256_1,cyclic_2_1,unroll_2,unroll_32,pipeline_1,1,14.75,0.371214573423,False
workload_2112.cpp,xczu7ev-ffvc1156-2-e,3.33,290.59460118,135,24,0,7,26,block_512_1,block_256_1,cyclic_2_1,unroll_2,unroll_32,unroll_2,1,14.25,0.259328481082,False
workload_2221.cpp,xczu7ev-ffvc1156-2-e,3.33,300.48400854,285,24,0,14,54,block_512_1,block_256_1,cyclic_2_1,unroll_2,unroll_64,pipeline_1,1,23,0.192292632903,False
workload_1654.cpp,xczu7ev-ffvc1156-2-e,3.33,43.34929398,1500,24,1,14,45,block_512_1,block_256_1,cyclic_4_1,unroll_2,pipeline_1,pipeline_1,3,21,0.706777124423,False
workload_2436.cpp,xczu7ev-ffvc1156-2-e,3.33,43.34929398,1418,24,1,14,45,block_512_1,block_256_1,cyclic_4_1,unroll_2,pipeline_1,unroll_16,1,21,0.706777124423,False
workload_1685.cpp,xczu7ev-ffvc1156-2-e,3.33,43.46704278,2127,62,0,51,82,block_512_1,block_256_1,cyclic_4_1,unroll_2,pipeline_1,unroll_8,1,48.75,0.229808176634,False
workload_2279.cpp,xczu7ev-ffvc1156-2-e,3.33,116.25562134,36,24,0,1,4,block_512_1,block_256_1,cyclic_4_1,unroll_2,unroll_2,pipeline_1,1,7.25,0.946546554884,False
workload_2299.cpp,xczu7ev-ffvc1156-2-e,3.33,151.62171318,37,24,0,1,4,block_512_1,block_256_1,cyclic_4_1,unroll_2,unroll_2,unroll_2,1,7.25,0.797621648992,False
workload_1882.cpp,xczu7ev-ffvc1156-2-e,3.33,43.34974686,1320,24,0,14,41,block_512_1,block_2_1,block_2_1,unroll_2,pipeline_1,pipeline_1,1,19.75,0.743691789518,False
workload_1835.cpp,xczu7ev-ffvc1156-2-e,3.33,43.34974686,1319,24,0,14,41,block_512_1,block_2_1,block_2_1,unroll_2,pipeline_1,unroll_2,1,19.75,0.743691789518,False
workload_1874.cpp,xczu7ev-ffvc1156-2-e,3.33,43.34974686,1324,24,0,14,41,block_512_1,block_2_1,block_2_1,unroll_2,pipeline_1,unroll_4,1,19.75,0.743691789518,False
workload_2664.cpp,xczu7ev-ffvc1156-2-e,3.33,43.34974686,1282,29,1,14,44,block_512_1,block_2_1,block_2_1,unroll_2,pipeline_1,unroll_8,1,22,0.677723831581,False
workload_1752.cpp,xczu7ev-ffvc1156-2-e,3.33,116.37337014,35,24,0,2,5,block_512_1,block_2_1,block_2_1,unroll_2,unroll_2,pipeline_1,1,7.75,0.937756801325,False
workload_1870.cpp,xczu7ev-ffvc1156-2-e,3.33,101.08669878,39,24,0,2,5,block_512_1,block_2_1,block_2_1,unroll_2,unroll_2,unroll_2,1,7.75,0.97987518225,False
workload_1834.cpp,xczu7ev-ffvc1156-2-e,3.33,97.54038198,43,24,0,2,5,block_512_1,block_2_1,block_2_1,unroll_2,unroll_2,unroll_4,1,7.75,1,True
workload_1721.cpp,xczu7ev-ffvc1156-2-e,3.33,96.21051318,54,24,0,3,7,block_512_1,block_2_1,block_2_1,unroll_2,unroll_2,unroll_8,1,8.5,1,True
workload_1800.cpp,xczu7ev-ffvc1156-2-e,3.33,178.3732815,42,24,0,3,7,block_512_1,block_2_1,block_2_1,unroll_2,unroll_4,pipeline_1,1,8.5,0.66732472535,False
workload_1787.cpp,xczu7ev-ffvc1156-2-e,3.33,143.61277014,67,24,0,6,11,block_512_1,block_2_1,block_2_1,unroll_2,unroll_4,unroll_8,1,10.25,0.799696910214,False
workload_2193.cpp,xczu7ev-ffvc1156-2-e,3.33,300.65791446,310,24,0,32,78,block_512_1,block_2_1,block_2_1,unroll_2,unroll_64,pipeline_1,1,33.5,0.141429186746,False
workload_1864.cpp,xczu7ev-ffvc1156-2-e,3.33,95.57327106,135,24,0,11,18,block_512_1,block_2_1,block_2_1,unroll_4,unroll_2,unroll_16,1,13.25,0.861446602768,False
workload_1792.cpp,xczu7ev-ffvc1156-2-e,3.33,43.34974686,1320,24,0,14,41,block_512_1,block_2_1,block_4_1,unroll_2,pipeline_1,pipeline_1,1,19.75,0.743691789518,False
workload_1754.cpp,xczu7ev-ffvc1156-2-e,3.33,43.34974686,1401,24,0,14,41,block_512_1,block_2_1,block_4_1,unroll_2,pipeline_1,unroll_16,1,19.75,0.743691789518,False
workload_2444.cpp,xczu7ev-ffvc1156-2-e,3.33,116.37337014,36,24,0,2,5,block_512_1,block_2_1,block_4_1,unroll_2,unroll_2,pipeline_1,1,7.75,0.937756801325,False
workload_1637.cpp,xczu7ev-ffvc1156-2-e,3.33,142.85321046,137,24,0,11,18,block_512_1,block_2_1,block_4_1,unroll_2,unroll_4,unroll_16,1,13.25,0.731432444991,False
workload_1876.cpp,xczu7ev-ffvc1156-2-e,3.33,116.37335682,44,24,0,3,7,block_512_1,block_2_1,block_4_1,unroll_4,unroll_2,pipeline_1,1,8.5,0.922088907875,False
workload_1768.cpp,xczu7ev-ffvc1156-2-e,3.33,43.34966361,1293,29,1,14,44,block_512_1,block_2_1,complete_1,unroll_2,pipeline_1,pipeline_1,3,22,0.677723738036,False
workload_1797.cpp,xczu7ev-ffvc1156-2-e,3.33,43.34966361,1305,24,0,14,41,block_512_1,block_2_1,complete_1,unroll_2,pipeline_1,unroll_16,1,19.75,0.743691878563,False
workload_1931.cpp,xczu7ev-ffvc1156-2-e,3.33,43.34966361,1332,26.5,0.5,14,42.5,block_512_1,block_2_1,complete_1,unroll_2,pipeline_1,unroll_2,2,20.875,0.710440966379,False
workload_2352.cpp,xczu7ev-ffvc1156-2-e,3.33,43.34966361,1469,29,1,14,44,block_512_1,block_2_1,complete_1,unroll_2,pipeline_1,unroll_4,2,22,0.677723738036,False
workload_2605.cpp,xczu7ev-ffvc1156-2-e,3.33,43.34966361,1305,29,1,14,44,block_512_1,block_2_1,complete_1,unroll_2,pipeline_1,unroll_8,2,22,0.677723738036,False
workload_2390.cpp,xczu7ev-ffvc1156-2-e,3.33,116.37326025,35,24,0,2,5,block_512_1,block_2_1,complete_1,unroll_2,unroll_2,pipeline_1,1,7.75,0.937757114733,False
workload_2291.cpp,xczu7ev-ffvc1156-2-e,3.33,95.65631793,75,24,0,6,10,block_512_1,block_2_1,complete_1,unroll_2,unroll_2,unroll_16,1,10,0.956475124539,False
workload_2380.cpp,xczu7ev-ffvc1156-2-e,3.33,98.20523313,43,24,0,2,5,block_512_1,block_2_1,complete_1,unroll_2,unroll_2,unroll_4,1,7.75,0.996209737407,False
workload_2441.cpp,xczu7ev-ffvc1156-2-e,3.33,96.65371953,51,24,0,3,7,block_512_1,block_2_1,complete_1,unroll_2,unroll_2,unroll_8,1,8.5,0.984166191703,False
workload_1672.cpp,xczu7ev-ffvc1156-2-e,3.33,163.96263657,42,24,0,3,7,block_512_1,block_2_1,complete_1,unroll_2,unroll_4,pipeline_1,1,8.5,0.733371562705,False
workload_2142.cpp,xczu7ev-ffvc1156-2-e,3.33,43.34929398,1412,29,1,14,44,block_512_1,block_2_1,cyclic_2_1,unroll_2,pipeline_1,pipeline_1,3,22,0.677723322683,False
workload_2350.cpp,xczu7ev-ffvc1156-2-e,3.33,43.34929398,1361,29,1,14,44,block_512_1,block_2_1,cyclic_2_1,unroll_2,pipeline_1,unroll_16,2,22,0.677723322683,False
workload_2477.cpp,xczu7ev-ffvc1156-2-e,3.33,43.34929398,1310,29,1,14,44,block_512_1,block_2_1,cyclic_2_1,unroll_2,pipeline_1,unroll_2,2,22,0.677723322683,False
workload_2574.cpp,xczu7ev-ffvc1156-2-e,3.33,43.34929398,1355,29,1,14,44,block_512_1,block_2_1,cyclic_2_1,unroll_2,pipeline_1,unroll_4,2,22,0.677723322683,False
workload_2368.cpp,xczu7ev-ffvc1156-2-e,3.33,43.34929398,1356.5,29,1,14,44,block_512_1,block_2_1,cyclic_2_1,unroll_2,pipeline_1,unroll_8,2,22,0.677723322683,False
workload_2255.cpp,xczu7ev-ffvc1156-2-e,3.33,123.46946694,39,24,0,2,5,block_512_1,block_2_1,cyclic_2_1,unroll_2,unroll_2,pipeline_1,2,7.75,0.905883022129,False
workload_2283.cpp,xczu7ev-ffvc1156-2-e,3.33,95.65640118,77,24,0,6,10,block_512_1,block_2_1,cyclic_2_1,unroll_2,unroll_2,unroll_16,1,10,0.956474921383,False
workload_2598.cpp,xczu7ev-ffvc1156-2-e,3.33,96.65380278,59,24,0,3,7,block_512_1,block_2_1,cyclic_2_1,unroll_2,unroll_2,unroll_8,1,8.5,0.984165996941,False
workload_2687.cpp,xczu7ev-ffvc1156-2-e,3.33,43.34974686,1371,29,1,14,44,block_512_1,block_2_1,cyclic_4_1,unroll_2,pipeline_1,pipeline_1,1,22,0.677723831581,False
workload_2674.cpp,xczu7ev-ffvc1156-2-e,3.33,43.34974686,1369,29,1,14,44,block_512_1,block_2_1,cyclic_4_1,unroll_2,pipeline_1,unroll_2,1,22,0.677723831581,False
workload_1930.cpp,xczu7ev-ffvc1156-2-e,3.33,96.21051318,53,24,0,3,7,block_512_1,block_2_1,cyclic_4_1,unroll_2,unroll_2,unroll_8,1,8.5,1,True
workload_2324.cpp,xczu7ev-ffvc1156-2-e,3.33,101.08669878,37,25,1,2,5,block_512_1,block_4_1,block_2_1,unroll_2,unroll_2,unroll_2,1,8.25,0.972301942804,False
workload_1850.cpp,xczu7ev-ffvc1156-2-e,3.33,43.35019974,1563,25,0,32,59,block_512_1,block_4_1,block_4_1,unroll_2,pipeline_1,unroll_16,1,29,0.517725116752,False
workload_2183.cpp,xczu7ev-ffvc1156-2-e,3.33,116.37337014,37,25,0,2,5,block_512_1,block_4_1,block_4_1,unroll_2,unroll_2,pipeline_1,1,8,0.932921651226,False
workload_2346.cpp,xczu7ev-ffvc1156-2-e,3.33,43.35011649,1714,31,1,32,62,block_512_1,block_4_1,complete_1,unroll_2,pipeline_1,pipeline_1,1,31.5,0.50205119611,False
workload_2144.cpp,xczu7ev-ffvc1156-2-e,3.33,43.35011649,1739,31,1,32,62,block_512_1,block_4_1,complete_1,unroll_2,pipeline_1,unroll_4,1,31.5,0.50205119611,False
workload_2588.cpp,xczu7ev-ffvc1156-2-e,3.33,43.35011649,1666,31,1,32,62,block_512_1,block_4_1,complete_1,unroll_2,pipeline_1,unroll_8,1,31.5,0.50205119611,False
workload_2097.cpp,xczu7ev-ffvc1156-2-e,3.33,123.46935705,38,25,0.5,2,5,block_512_1,block_4_1,complete_1,unroll_2,unroll_2,pipeline_1,2,8.125,0.901900205871,False
workload_2316.cpp,xczu7ev-ffvc1156-2-e,3.33,95.65631793,73,25,4,6,10,block_512_1,block_4_1,complete_1,unroll_2,unroll_2,unroll_16,1,11.25,0.910787551999,False
workload_2403.cpp,xczu7ev-ffvc1156-2-e,3.33,96.65371953,55,25,2,4,7,block_512_1,block_4_1,complete_1,unroll_2,unroll_2,unroll_8,1,9.5,0.956626024446,False
workload_2185.cpp,xczu7ev-ffvc1156-2-e,3.33,130.56544053,43,25,1,3,8,block_512_1,block_4_1,complete_1,unroll_4,unroll_2,pipeline_1,1,9.25,0.863777496515,False
workload_2253.cpp,xczu7ev-ffvc1156-2-e,3.33,95.94727668,1854,25,30,39,62,block_512_1,block_4_1,cyclic_2_1,unroll_17,unroll_2,unroll_16,1,39,0.334398047146,False
workload_2320.cpp,xczu7ev-ffvc1156-2-e,3.33,43.34974686,1529,31,1,32,62,block_512_1,block_4_1,cyclic_2_1,unroll_2,pipeline_1,pipeline_1,2,31.5,0.502051644015,False
workload_2293.cpp,xczu7ev-ffvc1156-2-e,3.33,43.34974686,1589,31,1,32,62,block_512_1,block_4_1,cyclic_2_1,unroll_2,pipeline_1,unroll_2,1,31.5,0.502051644015,False
workload_2159.cpp,xczu7ev-ffvc1156-2-e,3.33,95.65640118,74,25,4,6,10,block_512_1,block_4_1,cyclic_2_1,unroll_2,unroll_2,unroll_16,1,11.25,0.910787565507,False
workload_2271.cpp,xczu7ev-ffvc1156-2-e,3.33,101.08669878,42,25,1,2,5,block_512_1,block_4_1,cyclic_2_1,unroll_2,unroll_2,unroll_2,1,8.25,0.972301942804,False
workload_1865.cpp,xczu7ev-ffvc1156-2-e,3.33,131.28926598,224,21,1,12,36,block_512_1,block_512_1,block_2_1,unroll_2,unroll_2,unroll_2,1,17.5,0.711050543774,False
workload_1877.cpp,xczu7ev-ffvc1156-2-e,3.33,131.28925266,677,21,1,13,65,block_512_1,block_512_1,block_2_1,unroll_4,unroll_2,unroll_2,1,25,0.566688555822,False
workload_2406.cpp,xczu7ev-ffvc1156-2-e,3.33,43.34921073,1445,25,1,16,48,block_512_1,block_512_1,complete_1,unroll_2,pipeline_1,unroll_4,1,22.5,0.663376974018,False
workload_2653.cpp,xczu7ev-ffvc1156-2-e,3.33,43.34921073,1445,25,1,16,48,block_512_1,block_512_1,complete_1,unroll_2,pipeline_1,unroll_8,1,22.5,0.663376974018,False
workload_2154.cpp,xczu7ev-ffvc1156-2-e,3.33,116.25551145,37,25,0,1,4,block_512_1,block_512_1,complete_1,unroll_2,unroll_2,pipeline_1,1,7.5,0.942522959123,False
workload_2310.cpp,xczu7ev-ffvc1156-2-e,3.33,134.38874673,153,25,1,4,19,block_512_1,block_512_1,complete_1,unroll_2,unroll_2,unroll_64,1,12.25,0.777974368916,False
workload_2192.cpp,xczu7ev-ffvc1156-2-e,3.33,123.34813173,43.5,25,0,2,6.5,block_512_1,block_512_1,complete_1,unroll_4,unroll_2,pipeline_1,2,8.375,0.898775521571,False
workload_2244.cpp,xczu7ev-ffvc1156-2-e,3.33,43.34929398,1551,25,1,16,48,block_512_1,block_512_1,cyclic_2_1,unroll_2,pipeline_1,pipeline_1,2,22.5,0.663377063997,False
workload_2234.cpp,xczu7ev-ffvc1156-2-e,3.33,43.34929398,1499,25,1,16,48,block_512_1,block_512_1,cyclic_2_1,unroll_2,pipeline_1,unroll_2,1,22.5,0.663377063997,False
workload_2657.cpp,xczu7ev-ffvc1156-2-e,3.33,43.34929398,1452,25,1,16,48,block_512_1,block_512_1,cyclic_2_1,unroll_2,pipeline_1,unroll_64,1,22.5,0.663377063997,False
workload_2217.cpp,xczu7ev-ffvc1156-2-e,3.33,116.25562134,35,25,0,1,4,block_512_1,block_512_1,cyclic_2_1,unroll_2,unroll_2,pipeline_1,1,7.5,0.942522656331,False
workload_2336.cpp,xczu7ev-ffvc1156-2-e,3.33,142.75592118,41,25,1,1,5,block_512_1,block_512_1,cyclic_2_1,unroll_2,unroll_2,unroll_4,1,8,0.838782540217,False
workload_2424.cpp,xczu7ev-ffvc1156-2-e,3.33,116.25560802,43,25,0,2,7,block_512_1,block_512_1,cyclic_4_1,unroll_4,unroll_2,pipeline_1,1,8.5,0.922401400057,False
workload_2563.cpp,xczu7ev-ffvc1156-2-e,3.33,43.46695953,1901,62,1,49,78,block_512_1,block_64_1,complete_1,unroll_2,pipeline_1,unroll_2,1,47.5,0.247843239496,False
workload_2116.cpp,xczu7ev-ffvc1156-2-e,3.33,126.85628673,77,31,2,4,15,block_512_1,block_64_1,complete_1,unroll_2,unroll_2,unroll_8,1,13,0.784258177263,False
workload_2140.cpp,xczu7ev-ffvc1156-2-e,3.33,300.14682273,1295,31,8,17,82,block_512_1,block_64_1,complete_1,unroll_2,unroll_32,unroll_2,1,34.5,0.137487087808,False
workload_2254.cpp,xczu7ev-ffvc1156-2-e,3.33,43.4665899,1887,62,1,49,78,block_512_1,block_64_1,cyclic_2_1,unroll_2,pipeline_1,pipeline_1,1,47.5,0.247843316796,False
workload_1655.cpp,xczu7ev-ffvc1156-2-e,3.33,160.76813094,36,26,1,2,5,block_512_1,block_8_1,block_2_1,unroll_2,unroll_2,pipeline_1,1,8.5,0.748372636055,False
workload_1648.cpp,xczu7ev-ffvc1156-2-e,3.33,189.5538231,74,26,4,6,12,block_512_1,block_8_1,block_2_1,unroll_2,unroll_4,unroll_8,1,12,0.592009441429,False
workload_1617.cpp,xczu7ev-ffvc1156-2-e,3.33,231.27184998,62,26,2,4,10,block_512_1,block_8_1,block_2_1,unroll_2,unroll_8,unroll_2,1,10.5,0.447993250309,False
workload_1519.cpp,xczu7ev-ffvc1156-2-e,3.33,226.75029606,142,26,8,12,21,block_512_1,block_8_1,block_2_1,unroll_2,unroll_8,unroll_8,1,16.75,0.412148842994,False
workload_1662.cpp,xczu7ev-ffvc1156-2-e,3.33,231.38777394,108,26,4,8,18,block_512_1,block_8_1,block_2_1,unroll_4,unroll_8,unroll_2,1,14,0.425008033047,False
workload_2179.cpp,xczu7ev-ffvc1156-2-e,3.33,43.46704278,1647,31,1,41,70,block_512_1,block_8_1,block_4_1,unroll_2,pipeline_1,pipeline_1,1,35.75,0.449487636043,False
workload_2133.cpp,xczu7ev-ffvc1156-2-e,3.33,146.57593734,40,26,0,2,5,block_512_1,block_8_1,block_4_1,unroll_2,unroll_2,pipeline_1,1,8.25,0.818073093534,False
workload_2189.cpp,xczu7ev-ffvc1156-2-e,3.33,131.28926598,41,26,1,2,5,block_512_1,block_8_1,block_4_1,unroll_2,unroll_2,unroll_2,1,8.5,0.87811754939,False
workload_1560.cpp,xczu7ev-ffvc1156-2-e,3.33,300.14690598,211,26,8,16,33,block_512_1,block_8_1,block_4_1,unroll_2,unroll_32,unroll_2,1,20.75,0.206245068833,False
workload_1604.cpp,xczu7ev-ffvc1156-2-e,3.33,188.79426342,141,26,8,11,20,block_512_1,block_8_1,block_4_1,unroll_2,unroll_4,unroll_16,1,16.25,0.533304474069,False
workload_1661.cpp,xczu7ev-ffvc1156-2-e,3.33,188.41448358,341,26,15,21,35,block_512_1,block_8_1,block_4_1,unroll_2,unroll_4,unroll_32,1,24.25,0.438387025004,False
workload_1628.cpp,xczu7ev-ffvc1156-2-e,3.33,296.41303026,2072,26,30,51,90,block_512_1,block_8_1,block_4_1,unroll_4,unroll_32,unroll_4,1,49.25,0.1,False
workload_2176.cpp,xczu7ev-ffvc1156-2-e,3.33,146.57582745,38,26,0,2,5,block_512_1,block_8_1,complete_1,unroll_2,unroll_2,pipeline_1,1,8.25,0.818073621262,False
workload_1724.cpp,xczu7ev-ffvc1156-2-e,3.33,127.96458066,60,26,2,4,9,block_512_1,block_8_1,cyclic_4_1,unroll_4,unroll_2,unroll_4,1,10.25,0.845187704181,False
workload_2164.cpp,xczu7ev-ffvc1156-2-e,3.33,168.96879873,135,62,1,3,28,block_512_1,cyclic_16_1,complete_1,unroll_2,unroll_2,unroll_8,1,23.5,0.503481840941,False
workload_1907.cpp,xczu7ev-ffvc1156-2-e,3.33,43.34929398,1423,24,0,13,42,block_512_1,cyclic_2_1,block_2_1,unroll_2,pipeline_1,pipeline_1,1,19.75,0.743692273924,False
workload_1891.cpp,xczu7ev-ffvc1156-2-e,3.33,43.34929398,1408,24,0,13,42,block_512_1,cyclic_2_1,block_2_1,unroll_2,pipeline_1,unroll_2,1,19.75,0.743692273924,False
workload_1809.cpp,xczu7ev-ffvc1156-2-e,3.33,43.34929398,1439,24,0,13,42,block_512_1,cyclic_2_1,block_2_1,unroll_2,pipeline_1,unroll_8,1,19.75,0.743692273924,False
workload_1886.cpp,xczu7ev-ffvc1156-2-e,3.33,116.25210486,36,24,0,1,4,block_512_1,cyclic_2_1,block_2_1,unroll_2,unroll_2,pipeline_1,1,7.25,1,True
workload_2102.cpp,xczu7ev-ffvc1156-2-e,3.33,166.30914438,62,26,1,2,11,block_512_1,cyclic_2_1,block_2_1,unroll_2,unroll_2,unroll_16,1,10,0.7097423365,False
workload_1929.cpp,xczu7ev-ffvc1156-2-e,3.33,151.62171318,37,24,1,1,4,block_512_1,cyclic_2_1,block_2_1,unroll_2,unroll_2,unroll_2,1,7.5,0.797318301947,False
workload_1727.cpp,xczu7ev-ffvc1156-2-e,3.33,138.32302518,2079,24,1,1,5,block_512_1,cyclic_2_1,block_2_1,unroll_2,unroll_2,unroll_8,1,7.75,0.862598582845,False
workload_1763.cpp,xczu7ev-ffvc1156-2-e,3.33,186.26063958,54,24,1,2,8,block_512_1,cyclic_2_1,block_2_1,unroll_2,unroll_4,unroll_8,1,8.75,0.631545324477,False
workload_1894.cpp,xczu7ev-ffvc1156-2-e,3.33,43.34921073,1358,24,0,13,42,block_512_1,cyclic_2_1,complete_1,unroll_2,pipeline_1,unroll_32,1,19.75,1,True
workload_2015.cpp,xczu7ev-ffvc1156-2-e,3.33,146.45806533,54,26,0,2,8,block_512_1,cyclic_2_1,complete_1,unroll_4,unroll_2,pipeline_1,1,9,0.809897071874,False
workload_2163.cpp,xczu7ev-ffvc1156-2-e,3.33,318.92862213,600,26,0,14,73,block_512_1,cyclic_2_1,complete_1,unroll_4,unroll_32,pipeline_1,1,28.25,0.142479042601,False
workload_1871.cpp,xczu7ev-ffvc1156-2-e,3.33,43.34929398,1418,24,0,13,42,block_512_1,cyclic_2_1,cyclic_2_1,unroll_2,pipeline_1,pipeline_1,1,19.75,0.743692273924,False
workload_1824.cpp,xczu7ev-ffvc1156-2-e,3.33,130.43737206,39,24,0,1,4,block_512_1,cyclic_2_1,cyclic_2_1,unroll_2,unroll_2,pipeline_1,1,7.25,0.903563971924,False
workload_1811.cpp,xczu7ev-ffvc1156-2-e,3.33,138.32302518,44,24,1,1,5,block_512_1,cyclic_2_1,cyclic_2_1,unroll_2,unroll_2,unroll_8,1,7.75,0.862598582845,False
workload_2041.cpp,xczu7ev-ffvc1156-2-e,3.33,318.92874534,267,26,0,7,37,block_512_1,cyclic_2_1,cyclic_2_1,unroll_2,unroll_32,pipeline_1,1,17.5,0.189167812026,False
workload_1646.cpp,xczu7ev-ffvc1156-2-e,3.33,186.26063958,54,24,1,2,8,block_512_1,cyclic_2_1,cyclic_2_1,unroll_2,unroll_4,unroll_8,1,8.75,0.631545324477,False
workload_1799.cpp,xczu7ev-ffvc1156-2-e,3.33,138.44776698,48.5,25,0,2,6.5,block_512_1,cyclic_2_1,cyclic_2_1,unroll_4,unroll_2,pipeline_1,2,8.375,0.854156833343,False
workload_1755.cpp,xczu7ev-ffvc1156-2-e,3.33,151.62169986,45,24,1,1,5,block_512_1,cyclic_2_1,cyclic_2_1,unroll_4,unroll_2,unroll_2,1,7.75,0.796560084657,False
workload_1829.cpp,xczu7ev-ffvc1156-2-e,3.33,43.34929398,1394,24,0,13,42,block_512_1,cyclic_2_1,cyclic_4_1,unroll_2,pipeline_1,unroll_2,1,19.75,0.743692273924,False
workload_1781.cpp,xczu7ev-ffvc1156-2-e,3.33,43.34929398,1402,24,0,13,42,block_512_1,cyclic_2_1,cyclic_4_1,unroll_2,pipeline_1,unroll_8,1,19.75,0.743692273924,False
workload_1842.cpp,xczu7ev-ffvc1156-2-e,3.33,116.25210486,37,24,0,1,4,block_512_1,cyclic_2_1,cyclic_4_1,unroll_2,unroll_2,pipeline_1,1,7.25,1,True
workload_1900.cpp,xczu7ev-ffvc1156-2-e,3.33,151.62171318,36,24,1,1,4,block_512_1,cyclic_2_1,cyclic_4_1,unroll_2,unroll_2,unroll_2,1,7.5,0.797318301947,False
workload_1796.cpp,xczu7ev-ffvc1156-2-e,3.33,43.34929398,1498,25,1,15,45,block_512_1,cyclic_4_1,block_2_1,unroll_2,pipeline_1,pipeline_1,1,21.5,0.692192348468,False
workload_1710.cpp,xczu7ev-ffvc1156-2-e,3.33,43.34929398,1548,25,1,15,45,block_512_1,cyclic_4_1,block_2_1,unroll_2,pipeline_1,unroll_2,1,21.5,0.692192348468,False
workload_1729.cpp,xczu7ev-ffvc1156-2-e,3.33,43.34929398,2927,25,1,15,45,block_512_1,cyclic_4_1,block_2_1,unroll_2,pipeline_1,unroll_8,1,21.5,0.692192348468,False
workload_1771.cpp,xczu7ev-ffvc1156-2-e,3.33,123.34825494,37.5,25,0,1,4,block_512_1,cyclic_4_1,block_2_1,unroll_2,unroll_2,pipeline_1,2,7.5,0.907876549023,False
workload_1694.cpp,xczu7ev-ffvc1156-2-e,3.33,151.62171318,39,25,1,1,4,block_512_1,cyclic_4_1,block_2_1,unroll_2,unroll_2,unroll_2,1,7.75,0.796560018694,False
workload_1601.cpp,xczu7ev-ffvc1156-2-e,3.33,138.32302518,46,25,1,2,6,block_512_1,cyclic_4_1,block_2_1,unroll_2,unroll_2,unroll_8,1,8.5,0.852739625595,False
workload_1703.cpp,xczu7ev-ffvc1156-2-e,3.33,186.26063958,55,25,1,2,8,block_512_1,cyclic_4_1,block_2_1,unroll_2,unroll_4,unroll_8,1,9,0.630416259803,False
workload_1580.cpp,xczu7ev-ffvc1156-2-e,3.33,215.48898198,86,25,1,4,14,block_512_1,cyclic_4_1,block_2_1,unroll_2,unroll_8,unroll_8,1,11,0.502076992175,False
workload_1723.cpp,xczu7ev-ffvc1156-2-e,3.33,142.75590786,50,25,1,2,7,block_512_1,cyclic_4_1,block_2_1,unroll_4,unroll_2,unroll_4,1,8.75,0.829814123167,False
workload_1846.cpp,xczu7ev-ffvc1156-2-e,3.33,138.32301186,62,25,1,2,9,block_512_1,cyclic_4_1,block_2_1,unroll_4,unroll_2,unroll_8,1,9.25,0.839253421389,False
workload_1776.cpp,xczu7ev-ffvc1156-2-e,3.33,151.62171318,39,25,1,1,4,block_512_1,cyclic_4_1,block_4_1,unroll_2,unroll_2,unroll_2,1,7.75,0.796560018694,False
workload_1798.cpp,xczu7ev-ffvc1156-2-e,3.33,163.84318614,42,25,0,2,5,block_512_1,cyclic_4_1,block_4_1,unroll_2,unroll_4,pipeline_1,1,8,0.736312211262,False
workload_1778.cpp,xczu7ev-ffvc1156-2-e,3.33,184.01009238,77,25,1,3,12,block_512_1,cyclic_4_1,block_4_1,unroll_2,unroll_4,unroll_16,1,10.25,0.631677714197,False
workload_1863.cpp,xczu7ev-ffvc1156-2-e,3.33,213.17023638,132,25,1,5,22,block_512_1,cyclic_4_1,block_4_1,unroll_2,unroll_8,unroll_16,1,13.25,0.492460611075,False
workload_1843.cpp,xczu7ev-ffvc1156-2-e,3.33,138.32301186,59,25,1,2,9,block_512_1,cyclic_4_1,block_4_1,unroll_4,unroll_2,unroll_8,1,9.25,0.839253421389,False
workload_1830.cpp,xczu7ev-ffvc1156-2-e,3.33,138.32294193,48,25,1,2,6,block_512_1,cyclic_4_1,complete_1,unroll_2,unroll_2,unroll_8,1,8.5,0.852739974803,False
workload_1901.cpp,xczu7ev-ffvc1156-2-e,3.33,136.10657718,59,25,1,2,8,block_512_1,cyclic_4_1,cyclic_2_1,unroll_2,unroll_2,unroll_16,1,9,0.852265601659,False
workload_1673.cpp,xczu7ev-ffvc1156-2-e,3.33,178.24668822,42,25,0,1,5,block_512_1,cyclic_4_1,cyclic_2_1,unroll_2,unroll_4,pipeline_1,1,7.75,0.670043230943,False
workload_1849.cpp,xczu7ev-ffvc1156-2-e,3.33,116.25560802,41,25,0,2,6,block_512_1,cyclic_4_1,cyclic_2_1,unroll_4,unroll_2,pipeline_1,1,8.25,0.928013073448,False
workload_1859.cpp,xczu7ev-ffvc1156-2-e,3.33,151.62169986,42,25,1,2,6,block_512_1,cyclic_4_1,cyclic_2_1,unroll_4,unroll_2,unroll_2,1,8.5,0.791726815015,False
workload_1858.cpp,xczu7ev-ffvc1156-2-e,3.33,43.34929398,1531,25,1,15,45,block_512_1,cyclic_4_1,cyclic_4_1,unroll_2,pipeline_1,pipeline_1,1,21.5,0.692192348468,False
workload_1775.cpp,xczu7ev-ffvc1156-2-e,3.33,116.25562134,38,25,0,1,4,block_512_1,cyclic_4_1,cyclic_4_1,unroll_2,unroll_2,pipeline_1,1,7.5,0.942522656331,False
workload_1911.cpp,xczu7ev-ffvc1156-2-e,3.33,136.10657718,56,25,1,2,8,block_512_1,cyclic_4_1,cyclic_4_1,unroll_2,unroll_2,unroll_16,1,9,0.852265601659,False
workload_1765.cpp,xczu7ev-ffvc1156-2-e,3.33,138.32301186,62,25,1,2,9,block_512_1,cyclic_4_1,cyclic_4_1,unroll_4,unroll_2,unroll_8,1,9.25,0.839253421389,False
workload_1758.cpp,xczu7ev-ffvc1156-2-e,3.33,245.59241508,213,26,1,7,31,block_512_1,cyclic_8_1,block_2_1,unroll_17,unroll_4,unroll_2,1,16.25,0.363204250396,False
workload_1739.cpp,xczu7ev-ffvc1156-2-e,3.33,168.52559238,47,26,1,2,6,block_512_1,cyclic_8_1,block_2_1,unroll_2,unroll_2,unroll_8,1,8.75,0.710726628795,False
workload_2104.cpp,xczu7ev-ffvc1156-2-e,3.33,263.35387584,80,47,1,34,63,block_64_1,block_1024_1,cyclic_4_1,unroll_2,unroll_8,pipeline_1,1,36.25,0.166624686081,False
workload_2229.cpp,xczu7ev-ffvc1156-2-e,3.33,126.1292112,1548,63,60,21,77,block_64_1,block_128_1,cyclic_4_1,unroll_2,unroll_2,unroll_16,1,55.25,0.132186608348,False
workload_2141.cpp,xczu7ev-ffvc1156-2-e,3.33,100.636596,60,46,7,3,8,block_64_1,block_256_1,cyclic_4_1,unroll_2,unroll_2,unroll_2,1,16,0.829506868016,False
workload_1862.cpp,xczu7ev-ffvc1156-2-e,3.33,117.15616656,45,46,1,10,19,block_64_1,block_2_1,block_2_1,unroll_2,unroll_2,pipeline_1,1,19,0.736213171095,False
workload_2382.cpp,xczu7ev-ffvc1156-2-e,3.33,96.64690635,270,46,28,10,22,block_64_1,block_2_1,complete_1,unroll_2,unroll_2,unroll_8,1,26.5,0.56257135245,False
workload_2037.cpp,xczu7ev-ffvc1156-2-e,3.33,131.34489696,53,47,1,10,19,block_64_1,block_4_1,cyclic_2_1,unroll_2,unroll_2,pipeline_1,1,19.25,0.687932614662,False
workload_1936.cpp,xczu7ev-ffvc1156-2-e,3.33,131.34489696,58,47,1,10,19,block_64_1,block_4_1,cyclic_4_1,unroll_2,unroll_2,pipeline_1,1,19.25,0.687932614662,False
workload_2113.cpp,xczu7ev-ffvc1156-2-e,3.33,131.34489696,44,47,1,9,18,block_64_1,block_512_1,cyclic_2_1,unroll_2,unroll_2,pipeline_1,1,18.75,0.695411792698,False
workload_2186.cpp,xczu7ev-ffvc1156-2-e,3.33,100.636596,56,47,7,3,8,block_64_1,block_512_1,cyclic_4_1,unroll_2,unroll_2,unroll_2,1,16.25,0.821954121224,False
workload_1464.cpp,xczu7ev-ffvc1156-2-e,3.33,194.37878331,108,47,15,6,15,block_64_1,block_8_1,complete_1,unroll_2,unroll_4,unroll_2,1,20.75,0.461921863875,False
workload_2082.cpp,xczu7ev-ffvc1156-2-e,3.33,161.54746416,46,47,1,10,19,block_64_1,block_8_1,cyclic_4_1,unroll_2,unroll_2,pipeline_1,1,19.25,0.586425091033,False
workload_2096.cpp,xczu7ev-ffvc1156-2-e,3.33,130.8391632,60,47,8,3,9,block_64_1,block_8_1,cyclic_4_1,unroll_2,unroll_2,unroll_2,1,16.75,0.723076118703,False
workload_2109.cpp,xczu7ev-ffvc1156-2-e,3.33,225.0989424,83,52,1,18,38,block_64_1,cyclic_8_1,cyclic_4_1,unroll_2,unroll_4,pipeline_1,1,27.25,0.311247203557,False
workload_2065.cpp,xczu7ev-ffvc1156-2-e,3.33,194.37886656,235,52,14,5,19,block_64_1,cyclic_8_1,cyclic_4_1,unroll_2,unroll_4,unroll_2,1,22.5,0.443279110847,False
workload_1652.cpp,xczu7ev-ffvc1156-2-e,3.33,126.1292112,2768,45,4,20,85,block_8_1,block_128_1,cyclic_4_1,unroll_2,unroll_2,unroll_16,1,38.5,0.297914008624,False
workload_1630.cpp,xczu7ev-ffvc1156-2-e,3.33,189.99029952,244,29,4,20,52,block_8_1,block_16_1,block_2_1,unroll_2,unroll_4,unroll_8,1,26.25,0.406451172705,False
workload_1595.cpp,xczu7ev-ffvc1156-2-e,3.33,225.10597536,53,29,1,19,36,block_8_1,block_16_1,block_4_1,unroll_2,unroll_4,pipeline_1,1,21.25,0.366124968733,False
workload_1591.cpp,xczu7ev-ffvc1156-2-e,3.33,225.10596204,3070,29,1,38,69,block_8_1,block_16_1,block_4_1,unroll_4,unroll_4,pipeline_1,1,34.25,0.235318683176,False
workload_1473.cpp,xczu7ev-ffvc1156-2-e,3.33,147.36553695,637,29,1,19,36,block_8_1,block_16_1,complete_1,unroll_4,unroll_2,pipeline_1,1,21.25,0.604231437192,False
workload_1660.cpp,xczu7ev-ffvc1156-2-e,3.33,126.8495568,97,29,2,10,27,block_8_1,block_16_1,cyclic_2_1,unroll_2,unroll_2,unroll_8,1,17,0.731584916116,False
workload_1618.cpp,xczu7ev-ffvc1156-2-e,3.33,126.8495568,90,29,2,10,27,block_8_1,block_16_1,cyclic_4_1,unroll_2,unroll_2,unroll_8,1,17,0.731584916116,False
workload_1443.cpp,xczu7ev-ffvc1156-2-e,3.33,147.36564684,2381,29,1,19,36,block_8_1,block_16_1,cyclic_4_1,unroll_4,unroll_2,pipeline_1,1,21.25,0.604231101031,False
workload_1740.cpp,xczu7ev-ffvc1156-2-e,3.33,147.36566016,106,65,0,17,32,block_8_1,block_256_1,cyclic_2_1,unroll_2,unroll_2,pipeline_1,1,28.5,0.459044975191,False
workload_2219.cpp,xczu7ev-ffvc1156-2-e,3.33,100.636596,42,28,0,3,9,block_8_1,block_256_1,cyclic_2_1,unroll_2,unroll_2,unroll_2,1,10,0.942126060371,False
workload_2266.cpp,xczu7ev-ffvc1156-2-e,3.33,96.64690635,92,29,2,10,26,block_8_1,block_4_1,complete_1,unroll_2,unroll_2,unroll_8,1,16.75,0.809268224615,False
workload_1678.cpp,xczu7ev-ffvc1156-2-e,3.33,126.1292112,236,34,4,19,64,block_8_1,block_64_1,cyclic_4_1,unroll_2,unroll_2,unroll_16,1,30.25,0.449448127151,False
workload_1722.cpp,xczu7ev-ffvc1156-2-e,3.33,96.75779868,171,29,0,16,46,block_8_1,cyclic_4_1,block_2_1,unroll_4,unroll_2,unroll_8,1,22.75,0.671654193433,False
workload_1664.cpp,xczu7ev-ffvc1156-2-e,3.33,96.64690635,86,29,0,9,24,block_8_1,cyclic_4_1,complete_1,unroll_2,unroll_2,unroll_8,1,15.5,0.851810709903,False
workload_1813.cpp,xczu7ev-ffvc1156-2-e,3.33,144.04916331,145,29,0,16,45,block_8_1,cyclic_4_1,complete_1,unroll_2,unroll_4,unroll_8,1,22.5,0.591108493737,False
workload_1676.cpp,xczu7ev-ffvc1156-2-e,3.33,96.6469896,84,29,0,8,24,block_8_1,cyclic_4_1,cyclic_2_1,unroll_2,unroll_2,unroll_8,1,15.25,0.858529816674,False
workload_1783.cpp,xczu7ev-ffvc1156-2-e,3.33,125.66162259,218,27,8,12,34,cyclic_128_1,block_16_1,cyclic_4_1,unroll_2,unroll_2,unroll_32,1,20.25,0.687835213397,False
workload_1578.cpp,xczu7ev-ffvc1156-2-e,3.33,125.48153619,594,27,15,22,54,cyclic_128_1,block_16_1,cyclic_4_1,unroll_2,unroll_2,unroll_64,1,29.5,0.467466441733,False
workload_1687.cpp,xczu7ev-ffvc1156-2-e,3.33,125.48153619,2077,27,15,22,73,cyclic_128_1,block_32_1,cyclic_4_1,unroll_2,unroll_2,unroll_64,1,34.25,0.363496597554,False
workload_1714.cpp,xczu7ev-ffvc1156-2-e,3.33,134.60706819,188,27,1,6,31,cyclic_128_1,cyclic_4_1,block_2_1,unroll_2,unroll_2,unroll_64,1,16.25,0.718416424384,False
workload_1919.cpp,xczu7ev-ffvc1156-2-e,3.33,136.32481539,85,27,1,3,19,cyclic_128_1,cyclic_4_1,cyclic_4_1,unroll_2,unroll_2,unroll_16,1,12.5,0.766889385009,False
workload_1713.cpp,xczu7ev-ffvc1156-2-e,3.33,126.96378579,59,28,2,4,10,cyclic_16_1,block_16_1,block_2_1,unroll_2,unroll_2,unroll_8,1,11,0.82702435956,False
workload_2143.cpp,xczu7ev-ffvc1156-2-e,3.33,116.47385955,51,26,0,5,8,cyclic_16_1,block_256_1,block_2_1,unroll_2,unroll_2,pipeline_1,1,9.75,0.889254178578,False
workload_2200.cpp,xczu7ev-ffvc1156-2-e,3.33,116.59160835,53,27,0,5,9,cyclic_16_1,block_4_1,block_2_1,unroll_2,unroll_2,pipeline_1,1,10.25,0.874465022589,False
workload_1826.cpp,xczu7ev-ffvc1156-2-e,3.33,131.50749087,720,22,1,14,68,cyclic_16_1,block_512_1,block_2_1,unroll_4,unroll_2,unroll_2,1,26.25,0.536530231048,False
workload_1619.cpp,xczu7ev-ffvc1156-2-e,3.33,224.53257267,42,28,1,3,8,cyclic_16_1,block_8_1,cyclic_2_1,unroll_2,unroll_4,pipeline_1,1,10,0.47406541024,False
workload_1589.cpp,xczu7ev-ffvc1156-2-e,3.33,190.16590707,83,28,4,7,15,cyclic_16_1,block_8_1,cyclic_2_1,unroll_2,unroll_4,unroll_8,1,13.5,0.571019069899,False
workload_1642.cpp,xczu7ev-ffvc1156-2-e,3.33,262.77695667,660,28,1,5,14,cyclic_16_1,block_8_1,cyclic_2_1,unroll_2,unroll_8,pipeline_1,1,12,0.341188825901,False
workload_1505.cpp,xczu7ev-ffvc1156-2-e,3.33,232.87004019,399,63,1,5,52,cyclic_16_1,cyclic_128_1,block_4_1,unroll_2,unroll_4,unroll_8,1,30.25,0.264287139415,False
workload_1571.cpp,xczu7ev-ffvc1156-2-e,3.33,262.65377331,245,43,0,17,32,cyclic_16_1,cyclic_128_1,block_4_1,unroll_2,unroll_8,pipeline_1,1,23,0.260430232594,False
workload_1444.cpp,xczu7ev-ffvc1156-2-e,3.33,232.86995694,2680,63,1,5,52,cyclic_16_1,cyclic_128_1,complete_1,unroll_2,unroll_4,unroll_8,1,30.25,0.264287295472,False
workload_1623.cpp,xczu7ev-ffvc1156-2-e,3.33,130.65912675,39,27,0,1,4,cyclic_16_1,cyclic_4_1,block_2_1,unroll_2,unroll_2,pipeline_1,1,8,0.88974024002,False
workload_1680.cpp,xczu7ev-ffvc1156-2-e,3.33,151.83995139,38,27,0,1,5,cyclic_16_1,cyclic_4_1,block_2_1,unroll_2,unroll_2,unroll_2,1,8.25,0.79268920067,False
workload_1633.cpp,xczu7ev-ffvc1156-2-e,3.33,207.44498403,54,27,0,2,9,cyclic_16_1,cyclic_4_1,block_2_1,unroll_2,unroll_8,pipeline_1,1,9.5,0.540766931381,False
workload_1540.cpp,xczu7ev-ffvc1156-2-e,3.33,232.08931503,158,27,0,7,29,cyclic_16_1,cyclic_4_1,block_2_1,unroll_4,unroll_16,pipeline_1,1,15.75,0.406894511553,False
workload_1679.cpp,xczu7ev-ffvc1156-2-e,3.33,130.65911343,46,27,0,2,7,cyclic_16_1,cyclic_4_1,block_2_1,unroll_4,unroll_2,pipeline_1,1,9,0.869168329638,False
workload_1719.cpp,xczu7ev-ffvc1156-2-e,3.33,151.83993807,48,27,0,2,8,cyclic_16_1,cyclic_4_1,block_2_1,unroll_4,unroll_2,unroll_2,1,9.25,0.782572869216,False
workload_1683.cpp,xczu7ev-ffvc1156-2-e,3.33,138.54118014,1731,27,1,2,7,cyclic_16_1,cyclic_4_1,complete_1,unroll_2,unroll_2,unroll_8,1,9.25,0.838442816685,False
workload_1536.cpp,xczu7ev-ffvc1156-2-e,3.33,186.47887779,62,27,1,3,11,cyclic_16_1,cyclic_4_1,cyclic_2_1,unroll_2,unroll_4,unroll_8,1,10.5,0.619296062655,False
workload_1606.cpp,xczu7ev-ffvc1156-2-e,3.33,138.54125007,66,27,1,3,12,cyclic_16_1,cyclic_4_1,cyclic_2_1,unroll_4,unroll_2,unroll_8,1,10.75,0.805655676315,False
workload_1625.cpp,xczu7ev-ffvc1156-2-e,3.33,294.70361139,79,28,0,4,17,cyclic_16_1,cyclic_8_1,block_2_1,unroll_2,unroll_16,pipeline_1,1,12.25,0.256802647055,False
workload_1641.cpp,xczu7ev-ffvc1156-2-e,3.33,294.70359807,707,28,0,7,32,cyclic_16_1,cyclic_8_1,block_2_1,unroll_4,unroll_16,pipeline_1,1,16.75,0.238683463267,False
workload_1521.cpp,xczu7ev-ffvc1156-2-e,3.33,43.68528099,2863,84,1,53,85,cyclic_256_1,block_256_1,cyclic_4_1,unroll_2,pipeline_1,pipeline_1,1,55.75,0.149607082541,False
workload_1406.cpp,xczu7ev-ffvc1156-2-e,3.33,43.68528099,2107,84,1,53,85,cyclic_256_1,block_256_1,cyclic_4_1,unroll_2,pipeline_1,unroll_64,1,55.75,0.149607082541,False
workload_1837.cpp,xczu7ev-ffvc1156-2-e,3.33,116.59160835,79,46,0,9,14,cyclic_256_1,block_2_1,block_2_1,unroll_2,unroll_2,pipeline_1,1,17.25,0.760152506706,False
workload_1638.cpp,xczu7ev-ffvc1156-2-e,3.33,160.86862035,106,63,0,12,20,cyclic_256_1,cyclic_128_1,block_2_1,unroll_2,unroll_2,pipeline_1,1,23.75,0.521837804336,False
workload_1905.cpp,xczu7ev-ffvc1156-2-e,3.33,43.56744894,1381,46,1,15,45,cyclic_256_1,cyclic_2_1,complete_1,unroll_2,pipeline_1,unroll_32,1,26.75,0.547320257242,False
workload_1872.cpp,xczu7ev-ffvc1156-2-e,3.33,43.56753219,1551,51,2,18,48,cyclic_256_1,cyclic_4_1,block_2_1,unroll_2,pipeline_1,unroll_2,1,29.75,0.513820983973,False
workload_1934.cpp,xczu7ev-ffvc1156-2-e,3.33,95.81922819,1083,47,0,3,13,cyclic_256_1,cyclic_4_1,block_2_1,unroll_2,unroll_2,unroll_16,1,15.75,0.843888607119,False
workload_1731.cpp,xczu7ev-ffvc1156-2-e,3.33,101.30493699,220,47,0,3,10,cyclic_256_1,cyclic_4_1,block_2_1,unroll_2,unroll_2,unroll_2,1,15,0.849780654139,False
workload_1663.cpp,xczu7ev-ffvc1156-2-e,3.33,96.76121859,563,47,0,2,11,cyclic_256_1,cyclic_4_1,block_2_1,unroll_2,unroll_2,unroll_8,1,15,0.860450628687,False
workload_1766.cpp,xczu7ev-ffvc1156-2-e,3.33,101.30492367,707,47,0,4,16,cyclic_256_1,cyclic_4_1,block_2_1,unroll_4,unroll_2,unroll_2,1,16.75,0.805227066567,False
workload_1621.cpp,xczu7ev-ffvc1156-2-e,3.33,178.46491311,335,47,0,31,37,cyclic_256_1,cyclic_4_1,block_4_1,unroll_4,unroll_4,pipeline_1,1,28.75,0.394111372337,False
workload_1879.cpp,xczu7ev-ffvc1156-2-e,3.33,43.56744894,1603,49,2,18,48,cyclic_256_1,cyclic_4_1,complete_1,unroll_2,pipeline_1,unroll_8,1,29.25,0.516379895777,False
workload_1728.cpp,xczu7ev-ffvc1156-2-e,3.33,96.76113534,2616,47,0,2,11,cyclic_256_1,cyclic_4_1,complete_1,unroll_2,unroll_2,unroll_8,1,15,0.860450756736,False
workload_1761.cpp,xczu7ev-ffvc1156-2-e,3.33,144.1122435,2074,47,0,3,18,cyclic_256_1,cyclic_4_1,complete_1,unroll_2,unroll_4,unroll_8,1,17,0.672193148099,False
workload_1827.cpp,xczu7ev-ffvc1156-2-e,3.33,101.30492367,773,47,0,4,16,cyclic_256_1,cyclic_4_1,cyclic_2_1,unroll_4,unroll_2,unroll_2,1,16.75,0.805227066567,False
workload_1831.cpp,xczu7ev-ffvc1156-2-e,3.33,116.47385955,78,47,0,8,13,cyclic_256_1,cyclic_4_1,cyclic_4_1,unroll_2,unroll_2,pipeline_1,1,17,0.763455151624,False
workload_1866.cpp,xczu7ev-ffvc1156-2-e,3.33,95.81922819,1116,47,0,3,13,cyclic_256_1,cyclic_4_1,cyclic_4_1,unroll_2,unroll_2,unroll_16,1,15.75,0.843888607119,False
workload_1804.cpp,xczu7ev-ffvc1156-2-e,3.33,138.32302518,45,24,0,1,5,cyclic_2_1,block_1024_1,block_2_1,unroll_2,unroll_2,unroll_8,1,7.5,0.864586136559,False
workload_1712.cpp,xczu7ev-ffvc1156-2-e,3.33,186.26063958,56,24,0,2,8,cyclic_2_1,block_1024_1,block_2_1,unroll_2,unroll_4,unroll_8,1,8.5,0.632501521492,False
workload_1897.cpp,xczu7ev-ffvc1156-2-e,3.33,43.34921073,1353,24,1,14,45,cyclic_2_1,block_1024_1,complete_1,unroll_2,pipeline_1,pipeline_1,1,21,0.70677702321,False
workload_1840.cpp,xczu7ev-ffvc1156-2-e,3.33,43.34921073,1482,24,1,14,45,cyclic_2_1,block_1024_1,complete_1,unroll_2,pipeline_1,unroll_4,1,21,0.70677702321,False
workload_1880.cpp,xczu7ev-ffvc1156-2-e,3.33,142.75581129,38,24,0,1,4,cyclic_2_1,block_1024_1,complete_1,unroll_2,unroll_2,unroll_4,1,7.25,0.842702342731,False
workload_1762.cpp,xczu7ev-ffvc1156-2-e,3.33,43.46704278,2059,62,1,51,86,cyclic_2_1,block_256_1,block_2_1,unroll_2,pipeline_1,unroll_8,1,50,0.212855262608,False
workload_1692.cpp,xczu7ev-ffvc1156-2-e,3.33,131.28926598,108,62,1,3,19,cyclic_2_1,block_256_1,block_2_1,unroll_2,unroll_2,unroll_2,1,21.25,0.65162192773,False
workload_2294.cpp,xczu7ev-ffvc1156-2-e,3.33,116.47385955,36,26,0,1,4,cyclic_2_1,block_256_1,block_4_1,unroll_2,unroll_2,pipeline_1,1,7.75,0.937466111545,False
workload_2544.cpp,xczu7ev-ffvc1156-2-e,3.33,43.56744894,1302,26,1,14,44,cyclic_2_1,block_256_1,complete_1,unroll_2,pipeline_1,unroll_4,1,21.25,0.699724919966,False
workload_1704.cpp,xczu7ev-ffvc1156-2-e,3.33,146.57593734,91,62,0,2,19,cyclic_2_1,block_256_1,cyclic_4_1,unroll_2,unroll_2,pipeline_1,1,20.75,0.615035077287,False
workload_1794.cpp,xczu7ev-ffvc1156-2-e,3.33,43.34974686,1444,24,1,14,46,cyclic_2_1,block_2_1,block_2_1,unroll_2,pipeline_1,pipeline_1,1,21.25,0.699471274054,False
workload_1832.cpp,xczu7ev-ffvc1156-2-e,3.33,96.65380278,54,24,0,3,7,cyclic_2_1,block_2_1,block_2_1,unroll_2,unroll_2,unroll_8,1,8.5,0.984165996941,False
workload_1777.cpp,xczu7ev-ffvc1156-2-e,3.33,178.3732815,42,24,0,3,7,cyclic_2_1,block_2_1,block_2_1,unroll_2,unroll_4,pipeline_1,1,8.5,0.66732472535,False
workload_1788.cpp,xczu7ev-ffvc1156-2-e,3.33,144.2879343,78,24,0,6,11,cyclic_2_1,block_2_1,block_2_1,unroll_2,unroll_4,unroll_8,1,10.25,0.79721047134,False
workload_1852.cpp,xczu7ev-ffvc1156-2-e,3.33,95.82262146,138,24,0,11,18,cyclic_2_1,block_2_1,block_2_1,unroll_4,unroll_2,unroll_16,1,13.25,0.861469008065,False
workload_1779.cpp,xczu7ev-ffvc1156-2-e,3.33,96.87543426,78,24,0,6,11,cyclic_2_1,block_2_1,block_2_1,unroll_4,unroll_2,unroll_8,1,10.25,0.946495609959,False
workload_1893.cpp,xczu7ev-ffvc1156-2-e,3.33,43.34966361,1359,24,1,14,46,cyclic_2_1,block_2_1,complete_1,unroll_2,pipeline_1,pipeline_1,1,21.25,0.699471174834,False
workload_2648.cpp,xczu7ev-ffvc1156-2-e,3.33,43.56753219,1381,33,1,14,43,cyclic_2_1,block_2_1,cyclic_2_1,unroll_2,pipeline_1,pipeline_1,1,22.75,0.656480350243,False
workload_1909.cpp,xczu7ev-ffvc1156-2-e,3.33,130.56556374,36,24,0,2,5,cyclic_2_1,block_2_1,cyclic_4_1,unroll_2,unroll_2,pipeline_1,1,7.75,0.894619938339,False
workload_1889.cpp,xczu7ev-ffvc1156-2-e,3.33,96.65380278,53,24,0,3,7,cyclic_2_1,block_2_1,cyclic_4_1,unroll_2,unroll_2,unroll_8,1,8.5,0.984165996941,False
workload_1807.cpp,xczu7ev-ffvc1156-2-e,3.33,178.3732815,42,24,0,3,7,cyclic_2_1,block_2_1,cyclic_4_1,unroll_2,unroll_4,pipeline_1,1,8.5,0.66732472535,False
workload_2239.cpp,xczu7ev-ffvc1156-2-e,3.33,116.59149846,37,27,0,2,5,cyclic_2_1,block_4_1,complete_1,unroll_2,unroll_2,pipeline_1,1,8.5,0.921497947091,False
workload_2230.cpp,xczu7ev-ffvc1156-2-e,3.33,116.47385955,37,27,0,1,4,cyclic_2_1,block_512_1,cyclic_2_1,unroll_2,unroll_2,pipeline_1,1,8,0.932637558992,False
workload_2110.cpp,xczu7ev-ffvc1156-2-e,3.33,146.79051588,352,33,2,11,44,cyclic_2_1,block_64_1,complete_1,unroll_17,unroll_2,pipeline_1,1,22.5,0.583466399284,False
workload_1624.cpp,xczu7ev-ffvc1156-2-e,3.33,262.55871846,55,26,1,5,13,cyclic_2_1,block_8_1,block_2_1,unroll_2,unroll_8,pipeline_1,1,11.25,0.344711213862,False
workload_1674.cpp,xczu7ev-ffvc1156-2-e,3.33,160.76811762,46,26,1,3,8,cyclic_2_1,block_8_1,block_2_1,unroll_4,unroll_2,pipeline_1,1,9.5,0.739653098863,False
workload_1801.cpp,xczu7ev-ffvc1156-2-e,3.33,43.34929398,1485,24,1,13,47,cyclic_2_1,cyclic_2_1,block_2_1,unroll_2,pipeline_1,unroll_2,1,21.25,0.699470734273,False
workload_1847.cpp,xczu7ev-ffvc1156-2-e,3.33,43.34929398,1506,24,1,13,47,cyclic_2_1,cyclic_2_1,block_2_1,unroll_2,pipeline_1,unroll_4,1,21.25,0.699470734273,False
workload_1828.cpp,xczu7ev-ffvc1156-2-e,3.33,138.32302518,44,24,0,1,5,cyclic_2_1,cyclic_2_1,block_2_1,unroll_2,unroll_2,unroll_8,1,7.5,0.864586136559,False
workload_1695.cpp,xczu7ev-ffvc1156-2-e,3.33,186.26063958,54,24,0,2,8,cyclic_2_1,cyclic_2_1,block_2_1,unroll_2,unroll_4,unroll_8,1,8.5,0.632501521492,False
workload_1927.cpp,xczu7ev-ffvc1156-2-e,3.33,43.34921073,1397,24,1,14,47,cyclic_2_1,cyclic_2_1,complete_1,unroll_2,pipeline_1,pipeline_1,1,21.5,0.692192251175,False
workload_1856.cpp,xczu7ev-ffvc1156-2-e,3.33,43.34921073,1381,24,1,14,47,cyclic_2_1,cyclic_2_1,complete_1,unroll_2,pipeline_1,unroll_32,1,21.5,0.692192251175,False
workload_1812.cpp,xczu7ev-ffvc1156-2-e,3.33,134.88744753,88,24,0,3,11,cyclic_2_1,cyclic_2_1,complete_1,unroll_2,unroll_2,unroll_32,1,9.5,0.845778083131,False
workload_1888.cpp,xczu7ev-ffvc1156-2-e,3.33,142.75592118,40,24,0,1,5,cyclic_2_1,cyclic_2_1,cyclic_2_1,unroll_2,unroll_2,unroll_4,1,7.5,0.842069852505,False
workload_1744.cpp,xczu7ev-ffvc1156-2-e,3.33,138.32302518,45,24,0,1,5,cyclic_2_1,cyclic_2_1,cyclic_2_1,unroll_2,unroll_2,unroll_8,1,7.5,0.864586136559,False
workload_1808.cpp,xczu7ev-ffvc1156-2-e,3.33,151.62169986,43,24,0,1,5,cyclic_2_1,cyclic_2_1,cyclic_2_1,unroll_4,unroll_2,unroll_2,1,7.5,0.797318368428,False
workload_1898.cpp,xczu7ev-ffvc1156-2-e,3.33,43.34929398,1528,25,1,15,49,cyclic_2_1,cyclic_4_1,block_2_1,unroll_2,pipeline_1,unroll_2,1,22.5,0.663377063997,False
workload_1769.cpp,xczu7ev-ffvc1156-2-e,3.33,43.34929398,1537,25,1,15,49,cyclic_2_1,cyclic_4_1,block_2_1,unroll_2,pipeline_1,unroll_8,1,22.5,0.663377063997,False
workload_1914.cpp,xczu7ev-ffvc1156-2-e,3.33,116.25562134,37,25,0,1,4,cyclic_2_1,cyclic_4_1,block_2_1,unroll_2,unroll_2,pipeline_1,1,7.5,0.942522656331,False
workload_1825.cpp,xczu7ev-ffvc1156-2-e,3.33,136.10657718,54,25,1,2,8,cyclic_2_1,cyclic_4_1,block_2_1,unroll_2,unroll_2,unroll_16,1,9,0.852265601659,False
workload_1558.cpp,xczu7ev-ffvc1156-2-e,3.33,151.62171318,36,25,0,1,4,cyclic_2_1,cyclic_4_1,block_2_1,unroll_2,unroll_2,unroll_2,1,7.5,0.797318301947,False
workload_1656.cpp,xczu7ev-ffvc1156-2-e,3.33,178.24668822,39,25,0,1,5,cyclic_2_1,cyclic_4_1,block_2_1,unroll_2,unroll_4,pipeline_1,1,7.75,0.670043230943,False
workload_1806.cpp,xczu7ev-ffvc1156-2-e,3.33,199.76392278,41,25,0,1,6,cyclic_2_1,cyclic_4_1,block_2_1,unroll_2,unroll_4,unroll_2,1,8,0.576349197102,False
workload_1522.cpp,xczu7ev-ffvc1156-2-e,3.33,151.62169986,43,25,0,2,6,cyclic_2_1,cyclic_4_1,block_2_1,unroll_4,unroll_2,unroll_2,1,8.25,0.793742958379,False
workload_1701.cpp,xczu7ev-ffvc1156-2-e,3.33,142.75590786,54,25,1,2,7,cyclic_2_1,cyclic_4_1,block_2_1,unroll_4,unroll_2,unroll_4,1,8.75,0.829814123167,False
workload_1742.cpp,xczu7ev-ffvc1156-2-e,3.33,138.32301186,63,25,1,3,9,cyclic_2_1,cyclic_4_1,block_2_1,unroll_4,unroll_2,unroll_8,1,9.5,0.834225932243,False
workload_1607.cpp,xczu7ev-ffvc1156-2-e,3.33,199.76390946,1767,25,0,2,9,cyclic_2_1,cyclic_4_1,block_2_1,unroll_4,unroll_4,unroll_2,1,9,0.573647426533,False
workload_1658.cpp,xczu7ev-ffvc1156-2-e,3.33,151.62169986,42,25,0,2,6,cyclic_2_1,cyclic_4_1,block_4_1,unroll_4,unroll_2,unroll_2,1,8.25,0.793742958379,False
workload_1869.cpp,xczu7ev-ffvc1156-2-e,3.33,43.34921073,1558,25,1,16,49,cyclic_2_1,cyclic_4_1,complete_1,unroll_2,pipeline_1,pipeline_1,1,22.75,0.656251893276,False
workload_1802.cpp,xczu7ev-ffvc1156-2-e,3.33,43.34921073,1633,25,1,16,49,cyclic_2_1,cyclic_4_1,complete_1,unroll_2,pipeline_1,unroll_4,1,22.75,0.656251893276,False
workload_1746.cpp,xczu7ev-ffvc1156-2-e,3.33,142.75581129,38,25,1,1,5,cyclic_2_1,cyclic_4_1,complete_1,unroll_2,unroll_2,unroll_4,1,8,0.838783073354,False
workload_1774.cpp,xczu7ev-ffvc1156-2-e,3.33,138.32294193,45,25,1,2,6,cyclic_2_1,cyclic_4_1,complete_1,unroll_2,unroll_2,unroll_8,1,8.5,0.852739974803,False
workload_1875.cpp,xczu7ev-ffvc1156-2-e,3.33,116.25562134,35,25,0,1,4,cyclic_2_1,cyclic_4_1,cyclic_2_1,unroll_2,unroll_2,pipeline_1,1,7.5,0.942522656331,False
workload_1764.cpp,xczu7ev-ffvc1156-2-e,3.33,138.32302518,45,25,1,2,6,cyclic_2_1,cyclic_4_1,cyclic_2_1,unroll_2,unroll_2,unroll_8,1,8.5,0.852739625595,False
workload_1910.cpp,xczu7ev-ffvc1156-2-e,3.33,43.34929398,1562,25,1,15,49,cyclic_2_1,cyclic_4_1,cyclic_4_1,unroll_2,pipeline_1,pipeline_1,1,22.5,0.663377063997,False
workload_1836.cpp,xczu7ev-ffvc1156-2-e,3.33,138.32302518,47,25,1,2,6,cyclic_2_1,cyclic_4_1,cyclic_4_1,unroll_2,unroll_2,unroll_8,1,8.5,0.852739625595,False
workload_1841.cpp,xczu7ev-ffvc1156-2-e,3.33,116.25560802,45,25,0,2,6,cyclic_2_1,cyclic_4_1,cyclic_4_1,unroll_4,unroll_2,pipeline_1,1,8.25,0.928013073448,False
workload_2103.cpp,xczu7ev-ffvc1156-2-e,3.33,230.16938355,261,43,1,4,47,cyclic_2_1,cyclic_8_1,block_2_1,unroll_2,unroll_4,unroll_16,1,23.75,0.332567286154,False
workload_1922.cpp,xczu7ev-ffvc1156-2-e,3.33,146.45818854,38,26,0,1,4,cyclic_2_1,cyclic_8_1,cyclic_2_1,unroll_2,unroll_2,pipeline_1,1,7.75,0.822255742396,False
workload_1867.cpp,xczu7ev-ffvc1156-2-e,3.33,130.65912675,39,25,0,1,5,cyclic_32_1,block_1024_1,cyclic_2_1,unroll_2,unroll_2,pipeline_1,1,7.75,0.894360585095,False
workload_1925.cpp,xczu7ev-ffvc1156-2-e,3.33,101.30493699,39,25,0,1,5,cyclic_32_1,block_1024_1,cyclic_2_1,unroll_2,unroll_2,unroll_2,1,7.75,0.978644145747,False
workload_1904.cpp,xczu7ev-ffvc1156-2-e,3.33,128.62612179,370,22,1,13,58,cyclic_32_1,block_512_1,block_2_1,unroll_2,unroll_2,unroll_4,1,23.5,0.607876001951,False
workload_1820.cpp,xczu7ev-ffvc1156-2-e,3.33,131.50749087,735,22,1,13,67,cyclic_32_1,block_512_1,block_2_1,unroll_4,unroll_2,unroll_2,1,25.75,0.548428947053,False
workload_1885.cpp,xczu7ev-ffvc1156-2-e,3.33,131.50750419,257,22,1,12,37,cyclic_32_1,block_512_1,cyclic_2_1,unroll_2,unroll_2,unroll_2,1,18,0.704698737478,False
workload_1916.cpp,xczu7ev-ffvc1156-2-e,3.33,128.62612179,369,22,1,13,58,cyclic_32_1,block_512_1,cyclic_2_1,unroll_2,unroll_2,unroll_4,1,23.5,0.607876001951,False
workload_1861.cpp,xczu7ev-ffvc1156-2-e,3.33,142.97415939,42,26,1,1,7,cyclic_32_1,cyclic_2_1,block_2_1,unroll_2,unroll_2,unroll_4,1,8.75,0.828852943309,False
workload_1851.cpp,xczu7ev-ffvc1156-2-e,3.33,101.30492367,53,26,0,2,7,cyclic_32_1,cyclic_2_1,block_2_1,unroll_4,unroll_2,unroll_2,1,8.75,0.96305352999,False
workload_1918.cpp,xczu7ev-ffvc1156-2-e,3.33,101.30492367,53,26,0,2,7,cyclic_32_1,cyclic_2_1,cyclic_2_1,unroll_4,unroll_2,unroll_2,1,8.75,0.96305352999,False
workload_1759.cpp,xczu7ev-ffvc1156-2-e,3.33,136.32481539,63,27,1,3,11,cyclic_32_1,cyclic_4_1,block_2_1,unroll_2,unroll_2,unroll_16,1,10.5,0.818237665621,False
workload_1741.cpp,xczu7ev-ffvc1156-2-e,3.33,101.30492367,55,27,0,2,7,cyclic_32_1,cyclic_4_1,block_2_1,unroll_4,unroll_2,unroll_2,1,9,0.956780730559,False
workload_1665.cpp,xczu7ev-ffvc1156-2-e,3.33,215.70713694,1845,27,1,5,25,cyclic_32_1,cyclic_4_1,complete_1,unroll_2,unroll_8,unroll_8,1,14.5,0.471129009204,False
workload_1643.cpp,xczu7ev-ffvc1156-2-e,3.33,138.54125007,73,27,1,3,14,cyclic_32_1,cyclic_4_1,cyclic_2_1,unroll_4,unroll_2,unroll_8,1,11.25,0.793549905187,False
workload_1700.cpp,xczu7ev-ffvc1156-2-e,3.33,126.85636998,57,26,2,3,9,cyclic_4_1,block_16_1,block_2_1,unroll_2,unroll_2,unroll_8,1,10,0.853730293511,False
workload_1682.cpp,xczu7ev-ffvc1156-2-e,3.33,189.10371366,167,26,8,11,24,cyclic_4_1,block_16_1,cyclic_2_1,unroll_2,unroll_4,unroll_16,1,17.25,0.51524806647,False
workload_1583.cpp,xczu7ev-ffvc1156-2-e,3.33,126.02518866,168,26,8,11,24,cyclic_4_1,block_16_1,cyclic_4_1,unroll_4,unroll_2,unroll_16,1,17.25,0.731000043956,False
workload_1609.cpp,xczu7ev-ffvc1156-2-e,3.33,189.18809586,509,26,15,22,45,cyclic_4_1,block_16_1,cyclic_4_1,unroll_4,unroll_4,unroll_16,1,27,0.397531501706,False
workload_2201.cpp,xczu7ev-ffvc1156-2-e,3.33,43.56753219,1277,26,1,14,44,cyclic_4_1,block_256_1,block_2_1,unroll_2,pipeline_1,pipeline_1,1,21.25,0.699725014735,False
workload_2125.cpp,xczu7ev-ffvc1156-2-e,3.33,116.47385955,40,26,0,1,5,cyclic_4_1,block_256_1,block_2_1,unroll_2,unroll_2,pipeline_1,1,8,0.932637558992,False
workload_2173.cpp,xczu7ev-ffvc1156-2-e,3.33,116.47385955,37,26,0,1,5,cyclic_4_1,block_256_1,block_4_1,unroll_2,unroll_2,pipeline_1,1,8,0.932637558992,False
workload_2016.cpp,xczu7ev-ffvc1156-2-e,3.33,116.47371636,139,26,0,5,21,cyclic_4_1,block_256_1,complete_1,unroll_17,unroll_2,pipeline_1,1,13,0.821504170553,False
workload_2094.cpp,xczu7ev-ffvc1156-2-e,3.33,116.47374966,39,26,0,1,5,cyclic_4_1,block_256_1,complete_1,unroll_2,unroll_2,pipeline_1,1,8,0.932637872629,False
workload_1995.cpp,xczu7ev-ffvc1156-2-e,3.33,116.47373634,63,26,0,2,8,cyclic_4_1,block_256_1,complete_1,unroll_4,unroll_2,pipeline_1,1,9,0.909611054736,False
workload_2156.cpp,xczu7ev-ffvc1156-2-e,3.33,247.26132783,692,26,0,16,72,cyclic_4_1,block_256_1,cyclic_2_1,unroll_4,unroll_32,pipeline_1,1,28.5,0.253136740496,False
workload_2190.cpp,xczu7ev-ffvc1156-2-e,3.33,130.78380195,40,27,1,2,6,cyclic_4_1,block_4_1,block_2_1,unroll_2,unroll_2,pipeline_1,1,9,0.8688427049,False
workload_2098.cpp,xczu7ev-ffvc1156-2-e,3.33,192.6049023,60,27,0,3,12,cyclic_4_1,block_512_1,complete_1,unroll_2,unroll_8,pipeline_1,1,10.5,0.594258100835,False
workload_2058.cpp,xczu7ev-ffvc1156-2-e,3.33,216.37641699,115,27,0,4,20,cyclic_4_1,block_512_1,cyclic_4_1,unroll_2,unroll_16,pipeline_1,1,12.75,0.485836011589,False
workload_2061.cpp,xczu7ev-ffvc1156-2-e,3.33,146.79051588,493,33,2,11,47,cyclic_4_1,block_64_1,complete_1,unroll_17,unroll_2,pipeline_1,1,23.25,0.569061390534,False
workload_1690.cpp,xczu7ev-ffvc1156-2-e,3.33,160.65036882,102,41,0,9,19,cyclic_4_1,cyclic_128_1,block_2_1,unroll_4,unroll_2,pipeline_1,1,17.25,0.609390812164,False
workload_1848.cpp,xczu7ev-ffvc1156-2-e,3.33,160.64345574,38,26,0,1,5,cyclic_4_1,cyclic_16_1,block_2_1,unroll_2,unroll_2,pipeline_1,1,8,0.751587413338,False
workload_2106.cpp,xczu7ev-ffvc1156-2-e,3.33,169.18712019,136,63,1,4,31,cyclic_4_1,cyclic_16_1,cyclic_4_1,unroll_2,unroll_2,unroll_8,1,24.75,0.482593565348,False
workload_2055.cpp,xczu7ev-ffvc1156-2-e,3.33,146.67630354,58,28,0,2,9,cyclic_4_1,cyclic_2_1,complete_1,unroll_4,unroll_2,pipeline_1,1,9.75,0.797241371274,False
workload_1810.cpp,xczu7ev-ffvc1156-2-e,3.33,142.75592118,39,24,1,1,5,cyclic_4_1,cyclic_2_1,cyclic_2_1,unroll_2,unroll_2,unroll_4,1,7.75,0.840742294282,False
workload_1753.cpp,xczu7ev-ffvc1156-2-e,3.33,134.88753078,89,24,0,3,11,cyclic_4_1,cyclic_2_1,cyclic_4_1,unroll_2,unroll_2,unroll_32,1,9.5,0.845777821725,False
workload_1730.cpp,xczu7ev-ffvc1156-2-e,3.33,130.44088854,41,25,0,1,4,cyclic_4_1,cyclic_4_1,block_2_1,unroll_2,unroll_2,pipeline_1,1,7.5,0.899366108621,False
workload_1593.cpp,xczu7ev-ffvc1156-2-e,3.33,151.62171318,38,25,0,1,4,cyclic_4_1,cyclic_4_1,block_2_1,unroll_2,unroll_2,unroll_2,1,7.5,0.797318301947,False
workload_1717.cpp,xczu7ev-ffvc1156-2-e,3.33,138.32302518,45,25,1,2,6,cyclic_4_1,cyclic_4_1,block_2_1,unroll_2,unroll_2,unroll_8,1,8.5,0.852739625595,False
workload_1790.cpp,xczu7ev-ffvc1156-2-e,3.33,186.26063958,53,25,1,2,8,cyclic_4_1,cyclic_4_1,block_2_1,unroll_2,unroll_4,unroll_8,1,9,0.630416259803,False
workload_1639.cpp,xczu7ev-ffvc1156-2-e,3.33,116.25560802,645,25,0,2,7,cyclic_4_1,cyclic_4_1,block_2_1,unroll_4,unroll_2,pipeline_1,1,8.5,0.922401400057,False
workload_1751.cpp,xczu7ev-ffvc1156-2-e,3.33,151.62169986,41,25,0,2,6,cyclic_4_1,cyclic_4_1,block_2_1,unroll_4,unroll_2,unroll_2,1,8.25,0.793742958379,False
workload_1789.cpp,xczu7ev-ffvc1156-2-e,3.33,163.84317282,52,25,0,3,10,cyclic_4_1,cyclic_4_1,block_2_1,unroll_4,unroll_4,pipeline_1,1,9.5,0.725911457007,False
workload_1747.cpp,xczu7ev-ffvc1156-2-e,3.33,43.34929398,1487,25,1,16,48,cyclic_4_1,cyclic_4_1,cyclic_4_1,unroll_2,pipeline_1,pipeline_1,1,22.5,0.663377063997,False
workload_1743.cpp,xczu7ev-ffvc1156-2-e,3.33,134.88753078,83,25,1,3,11,cyclic_4_1,cyclic_4_1,cyclic_4_1,unroll_2,unroll_2,unroll_32,1,10,0.834347467839,False
workload_1657.cpp,xczu7ev-ffvc1156-2-e,3.33,138.32302518,42,25,1,2,6,cyclic_4_1,cyclic_4_1,cyclic_4_1,unroll_2,unroll_2,unroll_8,1,8.5,0.852739625595,False
workload_1940.cpp,xczu7ev-ffvc1156-2-e,3.33,210.00233412,1590,33,0,9,78,cyclic_4_1,cyclic_8_1,complete_1,unroll_17,unroll_4,pipeline_1,1,30,0.311411060864,False
workload_2118.cpp,xczu7ev-ffvc1156-2-e,3.33,230.16938355,290,43,1,5,53,cyclic_4_1,cyclic_8_1,cyclic_4_1,unroll_2,unroll_4,unroll_16,1,25.5,0.316907465874,False
workload_1915.cpp,xczu7ev-ffvc1156-2-e,3.33,98.43053427,285,87,0,6,17,cyclic_512_1,block_2_1,block_2_1,unroll_2,unroll_2,unroll_4,1,27.5,0.535273866952,False
workload_1610.cpp,xczu7ev-ffvc1156-2-e,3.33,227.41059843,3490,89,0,10,57,cyclic_512_1,cyclic_16_1,block_2_1,unroll_2,unroll_8,unroll_8,1,39,0.184560349065,False
workload_1706.cpp,xczu7ev-ffvc1156-2-e,3.33,96.76819827,263,87,0,5,16,cyclic_512_1,cyclic_2_1,block_2_1,unroll_2,unroll_2,unroll_8,1,27,0.548888424313,False
workload_1784.cpp,xczu7ev-ffvc1156-2-e,3.33,98.87382387,261,87,0,5,16,cyclic_512_1,cyclic_2_1,cyclic_2_1,unroll_2,unroll_2,unroll_4,1,27,0.548669904641,False
workload_1666.cpp,xczu7ev-ffvc1156-2-e,3.33,144.11941299,2408,87,0,6,27,cyclic_512_1,cyclic_2_1,cyclic_2_1,unroll_2,unroll_4,unroll_8,1,30,0.4327253595,False
workload_1709.cpp,xczu7ev-ffvc1156-2-e,3.33,96.93441855,905,87,0,6,27,cyclic_512_1,cyclic_2_1,cyclic_4_1,unroll_4,unroll_2,unroll_8,1,30,0.471126059846,False
workload_1528.cpp,xczu7ev-ffvc1156-2-e,3.33,96.76819827,296,88,0,5,16,cyclic_512_1,cyclic_4_1,block_2_1,unroll_2,unroll_2,unroll_8,1,27.25,0.542126835822,False
workload_1565.cpp,xczu7ev-ffvc1156-2-e,3.33,144.11941299,862,88,0,6,28,cyclic_512_1,cyclic_4_1,block_2_1,unroll_2,unroll_4,unroll_8,1,30.5,0.422283282241,False
workload_1839.cpp,xczu7ev-ffvc1156-2-e,3.33,101.31180678,320,88,0,5,16,cyclic_512_1,cyclic_4_1,complete_1,unroll_2,unroll_2,unroll_2,1,27.25,0.541396225757,False
workload_1404.cpp,xczu7ev-ffvc1156-2-e,3.33,96.76811502,326,88,0,5,16,cyclic_512_1,cyclic_4_1,complete_1,unroll_2,unroll_2,unroll_8,1,27.25,0.542126839765,False
workload_1629.cpp,xczu7ev-ffvc1156-2-e,3.33,172.20897198,3360,88,0,9,48,cyclic_512_1,cyclic_4_1,complete_1,unroll_2,unroll_8,unroll_8,1,36.25,0.282277529771,False
workload_1671.cpp,xczu7ev-ffvc1156-2-e,3.33,144.2036853,3493,88,0,9,48,cyclic_512_1,cyclic_4_1,complete_1,unroll_4,unroll_4,unroll_8,1,36.25,0.311044999812,False
workload_1791.cpp,xczu7ev-ffvc1156-2-e,3.33,98.87382387,284,88,0,5,16,cyclic_512_1,cyclic_4_1,cyclic_2_1,unroll_2,unroll_2,unroll_4,1,27.25,0.541916178619,False
workload_1684.cpp,xczu7ev-ffvc1156-2-e,3.33,96.93441855,2405,88,0,6,28,cyclic_512_1,cyclic_4_1,cyclic_2_1,unroll_4,unroll_2,unroll_8,1,30.5,0.458884804444,False
workload_1818.cpp,xczu7ev-ffvc1156-2-e,3.33,43.56753219,1600,92,2,19,50,cyclic_512_1,cyclic_4_1,cyclic_4_1,unroll_2,pipeline_1,pipeline_1,1,40.75,0.360986518591,False
workload_1805.cpp,xczu7ev-ffvc1156-2-e,3.33,95.82620787,335,88,0,6,18,cyclic_512_1,cyclic_4_1,cyclic_4_1,unroll_2,unroll_2,unroll_16,1,28,0.522168786352,False
workload_1760.cpp,xczu7ev-ffvc1156-2-e,3.33,126.97068222,295,89,0,5,17,cyclic_512_1,cyclic_8_1,complete_1,unroll_2,unroll_2,unroll_8,1,27.75,0.507313293302,False
workload_1659.cpp,xczu7ev-ffvc1156-2-e,3.33,126.96370254,68,27,2,4,14,cyclic_64_1,block_16_1,complete_1,unroll_2,unroll_2,unroll_8,1,11.75,0.80613314648,False
workload_1653.cpp,xczu7ev-ffvc1156-2-e,3.33,43.68528099,2914,64,1,51,83,cyclic_64_1,block_256_1,cyclic_4_1,unroll_2,pipeline_1,pipeline_1,1,49.75,0.21612482154,False
workload_1780.cpp,xczu7ev-ffvc1156-2-e,3.33,210.12203763,258,63,1,3,36,cyclic_64_1,block_256_1,cyclic_4_1,unroll_2,unroll_4,pipeline_1,1,25.75,0.362990391152,False
workload_1494.cpp,xczu7ev-ffvc1156-2-e,3.33,262.77695667,79,27,1,5,19,cyclic_64_1,block_8_1,block_2_1,unroll_2,unroll_8,pipeline_1,1,13,0.336635483121,False
workload_1599.cpp,xczu7ev-ffvc1156-2-e,3.33,160.86862035,63,43,0,5,13,cyclic_64_1,cyclic_128_1,block_2_1,unroll_2,unroll_2,pipeline_1,1,15.25,0.635149412948,False
workload_1667.cpp,xczu7ev-ffvc1156-2-e,3.33,231.60601215,2378,43,0,6,74,cyclic_64_1,cyclic_128_1,block_2_1,unroll_4,unroll_8,unroll_2,1,30.75,0.261512854334,False
workload_1632.cpp,xczu7ev-ffvc1156-2-e,3.33,232.86995694,375,63,1,5,60,cyclic_64_1,cyclic_128_1,complete_1,unroll_2,unroll_4,unroll_8,1,32.25,0.243914150766,False
workload_1815.cpp,xczu7ev-ffvc1156-2-e,3.33,168.74381727,100,27,1,4,24,cyclic_64_1,cyclic_16_1,block_2_1,unroll_4,unroll_2,unroll_8,1,14,0.637143678208,False
workload_1853.cpp,xczu7ev-ffvc1156-2-e,3.33,101.30492367,76,26,0,2,8,cyclic_64_1,cyclic_2_1,block_2_1,unroll_4,unroll_2,unroll_2,1,9,0.956780730559,False
workload_1892.cpp,xczu7ev-ffvc1156-2-e,3.33,135.10568574,95,26,1,4,17,cyclic_64_1,cyclic_2_1,complete_1,unroll_2,unroll_2,unroll_32,1,12,0.783102009162,False
workload_1814.cpp,xczu7ev-ffvc1156-2-e,3.33,43.56753219,1425,26,1,14,44,cyclic_64_1,cyclic_2_1,cyclic_4_1,unroll_2,pipeline_1,pipeline_1,1,21.25,0.699725014735,False
workload_1767.cpp,xczu7ev-ffvc1156-2-e,3.33,43.56753219,1483,29,2,16,47,cyclic_64_1,cyclic_4_1,block_2_1,unroll_2,pipeline_1,unroll_8,1,23.5,0.635293642864,False
workload_1564.cpp,xczu7ev-ffvc1156-2-e,3.33,123.56649315,570,27,0,1,6,cyclic_64_1,cyclic_4_1,block_2_1,unroll_2,unroll_2,pipeline_1,2,8.5,0.895727549025,False
workload_1734.cpp,xczu7ev-ffvc1156-2-e,3.33,101.30493699,51,27,0,1,5,cyclic_64_1,cyclic_4_1,block_2_1,unroll_2,unroll_2,unroll_2,1,8.25,0.971400621273,False
workload_1677.cpp,xczu7ev-ffvc1156-2-e,3.33,138.54126339,60,27,1,2,12,cyclic_64_1,cyclic_4_1,block_2_1,unroll_2,unroll_2,unroll_8,1,10.5,0.811524838533,False
workload_1620.cpp,xczu7ev-ffvc1156-2-e,3.33,101.30492367,81,27,0,2,8,cyclic_64_1,cyclic_4_1,block_2_1,unroll_4,unroll_2,unroll_2,1,9.25,0.94948062822,False
workload_1702.cpp,xczu7ev-ffvc1156-2-e,3.33,148.21956207,179,27,0,3,13,cyclic_64_1,cyclic_4_1,block_2_1,unroll_4,unroll_4,unroll_2,1,10.75,0.772672207816,False
workload_1691.cpp,xczu7ev-ffvc1156-2-e,3.33,130.65912675,40,27,0,1,6,cyclic_64_1,cyclic_4_1,block_4_1,unroll_2,unroll_2,pipeline_1,1,8.5,0.87985972692,False
workload_1845.cpp,xczu7ev-ffvc1156-2-e,3.33,136.32473214,66,27,1,3,13,cyclic_64_1,cyclic_4_1,complete_1,unroll_2,unroll_2,unroll_16,1,11,0.80596173097,False
workload_1913.cpp,xczu7ev-ffvc1156-2-e,3.33,138.54118014,54,27,1,2,12,cyclic_64_1,cyclic_4_1,complete_1,unroll_2,unroll_2,unroll_8,1,10.5,0.811525099629,False
workload_1686.cpp,xczu7ev-ffvc1156-2-e,3.33,43.56753219,2405,29,2,16,47,cyclic_64_1,cyclic_4_1,cyclic_4_1,unroll_2,pipeline_1,pipeline_1,1,23.5,0.635293642864,False
workload_1920.cpp,xczu7ev-ffvc1156-2-e,3.33,131.50750419,49,27,0,1,6,cyclic_64_1,cyclic_8_1,block_2_1,unroll_2,unroll_2,unroll_2,1,8.5,0.877490366373,False
workload_1698.cpp,xczu7ev-ffvc1156-2-e,3.33,131.5073943,61,42,1,3,12,cyclic_8_1,block_128_1,complete_1,unroll_2,unroll_2,unroll_2,1,14.5,0.753865033123,False
workload_1708.cpp,xczu7ev-ffvc1156-2-e,3.33,126.96378579,54,26,2,3,9,cyclic_8_1,block_16_1,block_2_1,unroll_2,unroll_2,unroll_8,1,10,0.853529320627,False
workload_1697.cpp,xczu7ev-ffvc1156-2-e,3.33,224.53257267,45,26,1,3,9,cyclic_8_1,block_16_1,block_2_1,unroll_2,unroll_4,pipeline_1,1,9.75,0.475037965834,False
workload_1773.cpp,xczu7ev-ffvc1156-2-e,3.33,126.96378579,57,26,2,4,9,cyclic_8_1,block_16_1,block_4_1,unroll_2,unroll_2,unroll_8,1,10.25,0.847103391674,False
workload_1693.cpp,xczu7ev-ffvc1156-2-e,3.33,127.13000607,97,26,4,6,15,cyclic_8_1,block_16_1,block_4_1,unroll_4,unroll_2,unroll_8,1,12.75,0.784499856579,False
workload_1699.cpp,xczu7ev-ffvc1156-2-e,3.33,160.98625926,38,26,1,2,6,cyclic_8_1,block_16_1,complete_1,unroll_2,unroll_2,pipeline_1,1,8.75,0.745594133871,False
workload_1570.cpp,xczu7ev-ffvc1156-2-e,3.33,126.96370254,56,26,2,4,9,cyclic_8_1,block_16_1,complete_1,unroll_2,unroll_2,unroll_8,1,10.25,0.847103545565,False
workload_1602.cpp,xczu7ev-ffvc1156-2-e,3.33,146.79405234,49,26,1,3,10,cyclic_8_1,block_16_1,complete_1,unroll_4,unroll_2,pipeline_1,1,10,0.792356930365,False
workload_1649.cpp,xczu7ev-ffvc1156-2-e,3.33,189.40633407,477,26,15,22,45,cyclic_8_1,block_16_1,cyclic_2_1,unroll_4,unroll_4,unroll_16,1,27,0.39701654262,False
workload_1705.cpp,xczu7ev-ffvc1156-2-e,3.33,127.13000607,97,26,4,6,15,cyclic_8_1,block_16_1,cyclic_4_1,unroll_4,unroll_2,unroll_8,1,12.75,0.784499856579,False
workload_1908.cpp,xczu7ev-ffvc1156-2-e,3.33,96.76121859,54,25,0,3,7,cyclic_8_1,block_2_1,block_2_1,unroll_2,unroll_2,unroll_8,1,8.75,0.975755178792,False
workload_2405.cpp,xczu7ev-ffvc1156-2-e,3.33,95.81914494,86,26,0,6,16,cyclic_8_1,block_2_1,complete_1,unroll_2,unroll_2,unroll_16,1,12,0.883703071426,False
workload_2378.cpp,xczu7ev-ffvc1156-2-e,3.33,95.81922819,87,26,0,6,16,cyclic_8_1,block_2_1,cyclic_2_1,unroll_2,unroll_2,unroll_16,1,12,0.883703079316,False
workload_1644.cpp,xczu7ev-ffvc1156-2-e,3.33,131.5073943,47,31,1,2,8,cyclic_8_1,block_64_1,complete_1,unroll_2,unroll_2,unroll_2,1,10.5,0.831013937845,False
workload_1596.cpp,xczu7ev-ffvc1156-2-e,3.33,169.18703694,127,62,1,3,28,cyclic_8_1,cyclic_128_1,complete_1,unroll_2,unroll_2,unroll_8,1,23.5,0.502866297128,False
workload_1547.cpp,xczu7ev-ffvc1156-2-e,3.33,232.86995694,350,62,1,4,49,cyclic_8_1,cyclic_128_1,complete_1,unroll_2,unroll_4,unroll_8,1,29,0.276901968138,False
workload_2119.cpp,xczu7ev-ffvc1156-2-e,3.33,228.42520947,668,27,2,8,52,cyclic_8_1,cyclic_2_1,block_2_1,unroll_2,unroll_4,unroll_64,1,22.25,0.349398439629,False
workload_2115.cpp,xczu7ev-ffvc1156-2-e,3.33,210.00244401,515,27,0,9,57,cyclic_8_1,cyclic_2_1,cyclic_4_1,unroll_17,unroll_4,pipeline_1,1,23.25,0.390650219852,False
workload_1838.cpp,xczu7ev-ffvc1156-2-e,3.33,43.56753219,1486,26,2,16,47,cyclic_8_1,cyclic_4_1,block_2_1,unroll_2,pipeline_1,unroll_8,1,22.75,0.656480350243,False
workload_1483.cpp,xczu7ev-ffvc1156-2-e,3.33,232.08932835,79,26,0,5,18,cyclic_8_1,cyclic_4_1,block_2_1,unroll_2,unroll_16,pipeline_1,1,12.25,0.435702585662,False
workload_1651.cpp,xczu7ev-ffvc1156-2-e,3.33,116.47385955,2383,26,0,1,5,cyclic_8_1,cyclic_4_1,block_2_1,unroll_2,unroll_2,pipeline_1,1,8,0.932637558992,False
workload_1756.cpp,xczu7ev-ffvc1156-2-e,3.33,138.54126339,47,26,1,2,6,cyclic_8_1,cyclic_4_1,block_2_1,unroll_2,unroll_2,unroll_8,1,8.75,0.847673062672,False
workload_1636.cpp,xczu7ev-ffvc1156-2-e,3.33,178.46492643,41,26,0,2,7,cyclic_8_1,cyclic_4_1,block_2_1,unroll_2,unroll_4,pipeline_1,1,8.75,0.665790031881,False
workload_1603.cpp,xczu7ev-ffvc1156-2-e,3.33,207.44498403,55,26,0,3,10,cyclic_8_1,cyclic_4_1,block_2_1,unroll_2,unroll_8,pipeline_1,1,9.75,0.539630686953,False
workload_1640.cpp,xczu7ev-ffvc1156-2-e,3.33,215.70722019,660,26,1,4,14,cyclic_8_1,cyclic_4_1,block_2_1,unroll_2,unroll_8,unroll_8,1,11.25,0.499671920006,False
workload_1458.cpp,xczu7ev-ffvc1156-2-e,3.33,232.08931503,1291,26,0,9,34,cyclic_8_1,cyclic_4_1,block_2_1,unroll_4,unroll_16,pipeline_1,1,17.25,0.391373415966,False
workload_1647.cpp,xczu7ev-ffvc1156-2-e,3.33,255.57130287,157,26,0,8,34,cyclic_8_1,cyclic_4_1,block_2_1,unroll_4,unroll_16,unroll_2,1,17,0.329895799142,False
workload_1537.cpp,xczu7ev-ffvc1156-2-e,3.33,207.44497071,84,26,0,5,18,cyclic_8_1,cyclic_4_1,block_2_1,unroll_4,unroll_8,pipeline_1,1,12.25,0.522216150437,False
workload_1416.cpp,xczu7ev-ffvc1156-2-e,3.33,220.34469807,109,26,1,6,22,cyclic_8_1,cyclic_4_1,block_2_1,unroll_4,unroll_8,unroll_4,1,13.75,0.463277572593,False
workload_1539.cpp,xczu7ev-ffvc1156-2-e,3.33,232.08920514,149,26,0,9,34,cyclic_8_1,cyclic_4_1,complete_1,unroll_4,unroll_16,pipeline_1,1,17.25,0.391373724659,False
workload_1626.cpp,xczu7ev-ffvc1156-2-e,3.33,186.47887779,56,26,1,3,9,cyclic_8_1,cyclic_4_1,cyclic_2_1,unroll_2,unroll_4,unroll_8,1,9.75,0.625100233687,False
workload_1645.cpp,xczu7ev-ffvc1156-2-e,3.33,186.47886447,84,26,1,4,14,cyclic_8_1,cyclic_4_1,cyclic_2_1,unroll_4,unroll_4,unroll_8,1,11.25,0.612176073125,False
workload_1816.cpp,xczu7ev-ffvc1156-2-e,3.33,43.69124835,1897,78,5,28,98,cyclic_8_1,cyclic_8_1,block_2_1,unroll_2,pipeline_1,unroll_8,1,52.25,0.185149802635,False
workload_2045.cpp,xczu7ev-ffvc1156-2-e,3.33,210.00244401,1860,33,0,9,90,cyclic_8_1,cyclic_8_1,cyclic_4_1,unroll_17,unroll_4,pipeline_1,1,33,0.273692828419,False
workload_1242.cpp,xczu7ev-ffvc1156-2-e,5,146.11787,318,46,14,6,19,block_128_1,block_2_1,complete_1,unroll_2,unroll_2,unroll_4,1,21.25,0.672629250209,False
workload_1170.cpp,xczu7ev-ffvc1156-2-e,5,144.45387,1086,46,28,12,34,block_128_1,block_2_1,complete_1,unroll_2,unroll_2,unroll_8,1,30,0.413099616632,False
workload_754.cpp,xczu7ev-ffvc1156-2-e,5,180.874875,63,47,1,10,21,block_128_1,block_4_1,block_2_1,unroll_2,unroll_2,pipeline_1,1,19.75,0.677722849739,False
workload_762.cpp,xczu7ev-ffvc1156-2-e,5,226.22399,67,47,1,10,21,block_128_1,block_8_1,complete_1,unroll_2,unroll_2,pipeline_1,1,19.75,0.58424398838,False
workload_1037.cpp,xczu7ev-ffvc1156-2-e,5,164.900475,61,46,1,9,20,block_128_1,cyclic_2_1,block_2_1,unroll_2,unroll_2,pipeline_1,1,19,0.724453189921,False
workload_1040.cpp,xczu7ev-ffvc1156-2-e,5,188.560185,405,41,4,17,62,block_2_1,block_128_1,complete_1,unroll_2,unroll_2,unroll_16,1,31,0.37667025999,False
workload_973.cpp,xczu7ev-ffvc1156-2-e,5,189.475385,153,41,2,9,34,block_2_1,block_128_1,complete_1,unroll_2,unroll_2,unroll_8,1,21.5,0.619741190754,False
workload_1174.cpp,xczu7ev-ffvc1156-2-e,5,7.24491,1783,24,0,29,75,block_2_1,block_2_1,block_2_1,unroll_2,pipeline_1,pipeline_1,1,32,0.497812105104,False
workload_1083.cpp,xczu7ev-ffvc1156-2-e,5,7.24491,1799,24,0,29,75,block_2_1,block_2_1,block_2_1,unroll_2,pipeline_1,unroll_64,1,32,0.497812105104,False
workload_1205.cpp,xczu7ev-ffvc1156-2-e,5,7.24491,2035,24,0,29,75,block_2_1,block_2_1,block_2_1,unroll_2,pipeline_1,unroll_8,1,32,0.497812105104,False
workload_954.cpp,xczu7ev-ffvc1156-2-e,5,164.56751,42,24,0,9,16,block_2_1,block_2_1,block_2_1,unroll_2,unroll_2,pipeline_1,1,12.25,0.852000191002,False
workload_968.cpp,xczu7ev-ffvc1156-2-e,5,143.21103,133,24,0,17,25,block_2_1,block_2_1,block_2_1,unroll_2,unroll_2,unroll_16,1,16.5,0.779554969837,False
workload_1153.cpp,xczu7ev-ffvc1156-2-e,5,149.11823,47,24,0,3,6,block_2_1,block_2_1,block_2_1,unroll_2,unroll_2,unroll_2,1,8.25,0.968477206839,False
workload_976.cpp,xczu7ev-ffvc1156-2-e,5,142.83663,288,24,0,34,47,block_2_1,block_2_1,block_2_1,unroll_2,unroll_2,unroll_32,1,26.25,0.514820594325,False
workload_892.cpp,xczu7ev-ffvc1156-2-e,5,146.12301,84,24,0,9,15,block_2_1,block_2_1,block_2_1,unroll_4,unroll_2,unroll_4,1,12,0.889179313338,False
workload_1112.cpp,xczu7ev-ffvc1156-2-e,5,7.244865,1896,24,0,29,75,block_2_1,block_2_1,complete_1,unroll_2,pipeline_1,pipeline_1,3,32,0.497812136558,False
workload_1233.cpp,xczu7ev-ffvc1156-2-e,5,7.244865,1747,24,0,29,75,block_2_1,block_2_1,complete_1,unroll_2,pipeline_1,unroll_16,2,32,0.497812136558,False
workload_1204.cpp,xczu7ev-ffvc1156-2-e,5,7.244865,1838.5,24,0,29,75,block_2_1,block_2_1,complete_1,unroll_2,pipeline_1,unroll_2,2,32,0.497812136558,False
workload_1286.cpp,xczu7ev-ffvc1156-2-e,5,7.244865,1886,24,0,29,75,block_2_1,block_2_1,complete_1,unroll_2,pipeline_1,unroll_32,1,32,0.497812136558,False
workload_1288.cpp,xczu7ev-ffvc1156-2-e,5,7.244865,1878,24,0,29,75,block_2_1,block_2_1,complete_1,unroll_2,pipeline_1,unroll_4,2,32,0.497812136558,False
workload_1113.cpp,xczu7ev-ffvc1156-2-e,5,7.244865,1788,24,0,29,75,block_2_1,block_2_1,complete_1,unroll_2,pipeline_1,unroll_64,1,32,0.497812136558,False
workload_1149.cpp,xczu7ev-ffvc1156-2-e,5,7.244865,1710,24,0,29,75,block_2_1,block_2_1,complete_1,unroll_2,pipeline_1,unroll_8,1,32,0.497812136558,False
workload_967.cpp,xczu7ev-ffvc1156-2-e,5,143.210985,133,24,0,17,25,block_2_1,block_2_1,complete_1,unroll_2,unroll_2,unroll_16,1,16.5,0.77955496615,False
workload_1012.cpp,xczu7ev-ffvc1156-2-e,5,142.836585,326,24,0,34,47,block_2_1,block_2_1,complete_1,unroll_2,unroll_2,unroll_32,1,26.25,0.514820592086,False
workload_1300.cpp,xczu7ev-ffvc1156-2-e,5,145.790185,65,24,0,5,9,block_2_1,block_2_1,complete_1,unroll_2,unroll_2,unroll_4,1,9.5,0.944704858353,False
workload_1023.cpp,xczu7ev-ffvc1156-2-e,5,142.649385,1120,24,0,66,90,block_2_1,block_2_1,complete_1,unroll_2,unroll_2,unroll_64,1,45,0.20201782506,False
workload_1201.cpp,xczu7ev-ffvc1156-2-e,5,7.24423,1596,24,0,29,75,block_2_1,block_2_1,cyclic_2_1,unroll_2,pipeline_1,pipeline_1,1,32,1,True
workload_1259.cpp,xczu7ev-ffvc1156-2-e,5,7.24423,1942,24,0,29,75,block_2_1,block_2_1,cyclic_2_1,unroll_2,pipeline_1,unroll_2,1,32,1,True
workload_1052.cpp,xczu7ev-ffvc1156-2-e,5,142.64943,1109,24,0,66,90,block_2_1,block_2_1,cyclic_2_1,unroll_2,unroll_2,unroll_64,1,45,0.202017804014,False
workload_916.cpp,xczu7ev-ffvc1156-2-e,5,180.54191,44,25,1,9,16,block_2_1,block_4_1,block_2_1,unroll_2,unroll_2,pipeline_1,1,12.75,0.80360828457,False
workload_1285.cpp,xczu7ev-ffvc1156-2-e,5,7.245545,1739,25,0,47,93,block_2_1,block_4_1,complete_1,unroll_2,pipeline_1,pipeline_1,1,41.25,0.288913155197,False
workload_1367.cpp,xczu7ev-ffvc1156-2-e,5,7.245545,2109,25,0,47,93,block_2_1,block_4_1,complete_1,unroll_2,pipeline_1,unroll_64,1,41.25,0.288913155197,False
workload_1177.cpp,xczu7ev-ffvc1156-2-e,5,7.245545,1876,25,0,47,93,block_2_1,block_4_1,complete_1,unroll_2,pipeline_1,unroll_8,1,41.25,0.288913155197,False
workload_1368.cpp,xczu7ev-ffvc1156-2-e,5,7.24491,2026,25,0,47,93,block_2_1,block_4_1,cyclic_2_1,unroll_2,pipeline_1,pipeline_1,1,41.25,0.288912938391,False
workload_675.cpp,xczu7ev-ffvc1156-2-e,5,189.47543,129,31,2,9,23,block_2_1,block_64_1,block_4_1,unroll_2,unroll_2,unroll_8,1,16.25,0.7153059479,False
workload_804.cpp,xczu7ev-ffvc1156-2-e,5,188.56023,145,26,0,14,24,block_2_1,cyclic_16_1,block_2_1,unroll_2,unroll_2,unroll_16,1,16,0.719423235469,False
workload_766.cpp,xczu7ev-ffvc1156-2-e,5,188.56023,155,26,0,14,24,block_2_1,cyclic_16_1,block_4_1,unroll_2,unroll_2,unroll_16,1,16,0.719423235469,False
workload_1033.cpp,xczu7ev-ffvc1156-2-e,5,188.560185,142,26,0,14,24,block_2_1,cyclic_16_1,complete_1,unroll_2,unroll_2,unroll_16,1,16,0.719423330948,False
workload_849.cpp,xczu7ev-ffvc1156-2-e,5,225.89111,46,26,0,9,16,block_2_1,cyclic_16_1,cyclic_4_1,unroll_2,unroll_2,pipeline_1,1,12.75,0.676078788137,False
workload_864.cpp,xczu7ev-ffvc1156-2-e,5,187.99863,1212,26,0,55,85,block_2_1,cyclic_16_1,cyclic_4_1,unroll_2,unroll_2,unroll_64,1,41.5,0.216729638119,False
workload_1148.cpp,xczu7ev-ffvc1156-2-e,5,7.24423,1807,24,0,29,76,block_2_1,cyclic_2_1,block_2_1,unroll_2,pipeline_1,pipeline_1,1,32.25,0.494693600605,False
workload_1176.cpp,xczu7ev-ffvc1156-2-e,5,7.24423,1941,24,0,29,76,block_2_1,cyclic_2_1,block_2_1,unroll_2,pipeline_1,unroll_4,2,32.25,0.494693600605,False
workload_1147.cpp,xczu7ev-ffvc1156-2-e,5,7.24423,1730,24,0,29,76,block_2_1,cyclic_2_1,block_2_1,unroll_2,pipeline_1,unroll_8,1,32.25,0.494693600605,False
workload_1185.cpp,xczu7ev-ffvc1156-2-e,5,144.12623,67,24,0,8,13,block_2_1,cyclic_2_1,block_2_1,unroll_2,unroll_2,unroll_8,1,11.25,0.890194330676,False
workload_917.cpp,xczu7ev-ffvc1156-2-e,5,164.56749,52,24,0,17,29,block_2_1,cyclic_2_1,block_2_1,unroll_4,unroll_2,pipeline_1,1,17.5,0.751876249435,False
workload_803.cpp,xczu7ev-ffvc1156-2-e,5,144.29261,138,24,0,15,22,block_2_1,cyclic_2_1,block_2_1,unroll_4,unroll_2,unroll_8,1,15.25,0.784245895649,False
workload_1235.cpp,xczu7ev-ffvc1156-2-e,5,7.244185,1928.5,24,0,29,76,block_2_1,cyclic_2_1,complete_1,unroll_2,pipeline_1,pipeline_1,2,32.25,1,True
workload_1210.cpp,xczu7ev-ffvc1156-2-e,5,7.244185,2011.5,24,0,29,76,block_2_1,cyclic_2_1,complete_1,unroll_2,pipeline_1,unroll_16,2,32.25,1,True
workload_1236.cpp,xczu7ev-ffvc1156-2-e,5,7.244185,1902,24,0,29,76,block_2_1,cyclic_2_1,complete_1,unroll_2,pipeline_1,unroll_2,2,32.25,1,True
workload_1234.cpp,xczu7ev-ffvc1156-2-e,5,7.244185,1648.5,24,0,29,76,block_2_1,cyclic_2_1,complete_1,unroll_2,pipeline_1,unroll_4,2,32.25,1,True
workload_1310.cpp,xczu7ev-ffvc1156-2-e,5,7.244185,1960,24,0,29,76,block_2_1,cyclic_2_1,complete_1,unroll_2,pipeline_1,unroll_64,1,32.25,1,True
workload_1057.cpp,xczu7ev-ffvc1156-2-e,5,7.244185,1725,24,0,29,76,block_2_1,cyclic_2_1,complete_1,unroll_2,pipeline_1,unroll_8,2,32.25,1,True
workload_1295.cpp,xczu7ev-ffvc1156-2-e,5,164.567425,48,24,0,9,15,block_2_1,cyclic_2_1,complete_1,unroll_2,unroll_2,pipeline_1,1,12,0.855838509727,False
workload_943.cpp,xczu7ev-ffvc1156-2-e,5,143.210985,124,24,0,14,21,block_2_1,cyclic_2_1,complete_1,unroll_2,unroll_2,unroll_16,1,14.75,0.80289209146,False
workload_1097.cpp,xczu7ev-ffvc1156-2-e,5,142.836585,309,24,0,28,40,block_2_1,cyclic_2_1,complete_1,unroll_2,unroll_2,unroll_32,1,23,0.614563889701,False
workload_1207.cpp,xczu7ev-ffvc1156-2-e,5,142.649385,1206,24,0,55,76,block_2_1,cyclic_2_1,complete_1,unroll_2,unroll_2,unroll_64,1,38.75,0.286420139632,False
workload_1375.cpp,xczu7ev-ffvc1156-2-e,5,144.126185,65,24,0,8,12,block_2_1,cyclic_2_1,complete_1,unroll_2,unroll_2,unroll_8,1,11,0.895220916571,False
workload_928.cpp,xczu7ev-ffvc1156-2-e,5,164.567405,54,24,0,17,29,block_2_1,cyclic_2_1,complete_1,unroll_4,unroll_2,pipeline_1,1,17.5,0.751876405456,False
workload_1306.cpp,xczu7ev-ffvc1156-2-e,5,7.24423,1840,24,0,29,76,block_2_1,cyclic_2_1,cyclic_2_1,unroll_2,pipeline_1,pipeline_1,2,32.25,0.494693600605,False
workload_1336.cpp,xczu7ev-ffvc1156-2-e,5,7.24423,1655,24,0,29,76,block_2_1,cyclic_2_1,cyclic_2_1,unroll_2,pipeline_1,unroll_16,1,32.25,0.494693600605,False
workload_1284.cpp,xczu7ev-ffvc1156-2-e,5,7.24423,1785,24,0,29,76,block_2_1,cyclic_2_1,cyclic_2_1,unroll_2,pipeline_1,unroll_4,2,32.25,0.494693600605,False
workload_774.cpp,xczu7ev-ffvc1156-2-e,5,340.20359,521,26,0,29,62,block_2_1,cyclic_32_1,block_2_1,unroll_2,unroll_8,unroll_8,1,29.25,0.248140456388,False
workload_1114.cpp,xczu7ev-ffvc1156-2-e,5,7.24423,1903,25,0,31,78,block_2_1,cyclic_4_1,block_2_1,unroll_2,pipeline_1,pipeline_1,1,33.5,0.462021901381,False
workload_898.cpp,xczu7ev-ffvc1156-2-e,5,143.21103,119,25,0,14,22,block_2_1,cyclic_4_1,block_2_1,unroll_2,unroll_2,unroll_16,1,15.25,0.784147628911,False
workload_880.cpp,xczu7ev-ffvc1156-2-e,5,144.12623,79,25,0,8,13,block_2_1,cyclic_4_1,block_2_1,unroll_2,unroll_2,unroll_8,1,11.5,0.890221938182,False
workload_1084.cpp,xczu7ev-ffvc1156-2-e,5,7.244185,1939,25,0,31,78,block_2_1,cyclic_4_1,complete_1,unroll_2,pipeline_1,pipeline_1,1,33.5,0.462021875022,False
workload_1024.cpp,xczu7ev-ffvc1156-2-e,5,7.244185,1802,25,0,31,78,block_2_1,cyclic_4_1,complete_1,unroll_2,pipeline_1,unroll_16,1,33.5,0.462021875022,False
workload_1311.cpp,xczu7ev-ffvc1156-2-e,5,7.244185,1979,25,0,31,78,block_2_1,cyclic_4_1,complete_1,unroll_2,pipeline_1,unroll_2,1,33.5,0.462021875022,False
workload_983.cpp,xczu7ev-ffvc1156-2-e,5,7.244185,1812,25,0,31,78,block_2_1,cyclic_4_1,complete_1,unroll_2,pipeline_1,unroll_8,1,33.5,0.462021875022,False
workload_851.cpp,xczu7ev-ffvc1156-2-e,5,172.554625,45,25,0,9,15,block_2_1,cyclic_4_1,complete_1,unroll_2,unroll_2,pipeline_1,2,12.25,0.832716178218,False
workload_893.cpp,xczu7ev-ffvc1156-2-e,5,143.210985,120,25,0,14,22,block_2_1,cyclic_4_1,complete_1,unroll_2,unroll_2,unroll_16,1,15.25,0.784147622855,False
workload_1091.cpp,xczu7ev-ffvc1156-2-e,5,145.790185,54,25,0,4,8,block_2_1,cyclic_4_1,complete_1,unroll_2,unroll_2,unroll_4,1,9.25,0.945357828839,False
workload_1021.cpp,xczu7ev-ffvc1156-2-e,5,142.649385,1078,25,0,55,77,block_2_1,cyclic_4_1,complete_1,unroll_2,unroll_2,unroll_64,1,39.25,0.279346543561,False
workload_856.cpp,xczu7ev-ffvc1156-2-e,5,144.126185,73,25,0,8,13,block_2_1,cyclic_4_1,complete_1,unroll_2,unroll_2,unroll_8,1,11.5,0.890221935649,False
workload_832.cpp,xczu7ev-ffvc1156-2-e,5,235.869185,49,25,0,17,28,block_2_1,cyclic_4_1,complete_1,unroll_2,unroll_4,pipeline_1,1,17.5,0.59308949657,False
workload_1366.cpp,xczu7ev-ffvc1156-2-e,5,7.24423,1923,25,0,31,78,block_2_1,cyclic_4_1,cyclic_2_1,unroll_2,pipeline_1,pipeline_1,1,33.5,0.462021901381,False
workload_1312.cpp,xczu7ev-ffvc1156-2-e,5,7.24423,2008,25,0,31,78,block_2_1,cyclic_4_1,cyclic_2_1,unroll_2,pipeline_1,unroll_2,1,33.5,0.462021901381,False
workload_872.cpp,xczu7ev-ffvc1156-2-e,5,180.54191,43,25,0,9,15,block_2_1,cyclic_4_1,cyclic_2_1,unroll_2,unroll_2,pipeline_1,1,12.25,0.811951642299,False
workload_999.cpp,xczu7ev-ffvc1156-2-e,5,143.21103,126,25,0,14,22,block_2_1,cyclic_4_1,cyclic_2_1,unroll_2,unroll_2,unroll_16,1,15.25,0.784147628911,False
workload_1014.cpp,xczu7ev-ffvc1156-2-e,5,142.83663,304,25,0,28,40,block_2_1,cyclic_4_1,cyclic_2_1,unroll_2,unroll_2,unroll_32,1,23.25,0.606510835126,False
workload_674.cpp,xczu7ev-ffvc1156-2-e,5,142.64943,1107,25,0,55,77,block_2_1,cyclic_4_1,cyclic_2_1,unroll_2,unroll_2,unroll_64,1,39.25,0.279346508938,False
workload_794.cpp,xczu7ev-ffvc1156-2-e,5,235.86927,53,25,0,17,28,block_2_1,cyclic_4_1,cyclic_2_1,unroll_2,unroll_4,pipeline_1,1,17.5,0.593089291566,False
workload_653.cpp,xczu7ev-ffvc1156-2-e,5,295.13327,75,25,0,33,55,block_2_1,cyclic_4_1,cyclic_2_1,unroll_2,unroll_8,pipeline_1,1,28.25,0.319737837994,False
workload_739.cpp,xczu7ev-ffvc1156-2-e,5,188.56023,248,31,0,15,39,block_2_1,cyclic_64_1,block_2_1,unroll_2,unroll_2,unroll_16,1,21.25,0.627563079966,False
workload_592.cpp,xczu7ev-ffvc1156-2-e,5,189.47543,112,31,0,8,22,block_2_1,cyclic_64_1,block_2_1,unroll_2,unroll_2,unroll_8,1,15.25,0.725656157693,False
workload_719.cpp,xczu7ev-ffvc1156-2-e,5,340.20359,840,31,0,29,81,block_2_1,cyclic_64_1,block_2_1,unroll_2,unroll_8,unroll_8,1,35.25,0.183831300072,False
workload_935.cpp,xczu7ev-ffvc1156-2-e,5,188.56023,132,26,0,14,23,block_2_1,cyclic_8_1,block_2_1,unroll_2,unroll_2,unroll_16,1,15.75,0.721385261352,False
workload_905.cpp,xczu7ev-ffvc1156-2-e,5,187.99863,1082,26,0,55,80,block_2_1,cyclic_8_1,block_2_1,unroll_2,unroll_2,unroll_64,1,40.25,0.231069206704,False
workload_901.cpp,xczu7ev-ffvc1156-2-e,5,144.620295,354,41,60,24,37,block_32_1,block_4_1,block_2_1,unroll_4,unroll_2,unroll_8,1,40.5,0.260365518971,False
workload_862.cpp,xczu7ev-ffvc1156-2-e,5,188.887915,374,42,56,20,36,block_32_1,cyclic_16_1,block_4_1,unroll_2,unroll_2,unroll_16,1,38.5,0.250741652694,False
workload_758.cpp,xczu7ev-ffvc1156-2-e,5,189.47543,122,32,2,9,27,block_4_1,block_64_1,cyclic_2_1,unroll_2,unroll_2,unroll_8,1,17.5,0.701263743609,False
workload_759.cpp,xczu7ev-ffvc1156-2-e,5,361.30679,148,32,1,36,71,block_4_1,block_64_1,cyclic_4_1,unroll_2,unroll_8,pipeline_1,1,35,0.16974913259,False
workload_679.cpp,xczu7ev-ffvc1156-2-e,5,342.20551,351,32,4,18,55,block_4_1,block_64_1,cyclic_4_1,unroll_2,unroll_8,unroll_4,1,27.25,0.267577639842,False
workload_825.cpp,xczu7ev-ffvc1156-2-e,5,189.475385,151,42,0,8,36,block_4_1,cyclic_128_1,complete_1,unroll_2,unroll_2,unroll_8,1,21.5,0.619741190754,False
workload_1221.cpp,xczu7ev-ffvc1156-2-e,5,215.295625,140,25,0,15,30,block_4_1,cyclic_2_1,complete_1,unroll_2,unroll_4,unroll_8,1,17.5,0.642297088884,False
workload_713.cpp,xczu7ev-ffvc1156-2-e,5,191.13943,71,32,0,4,16,block_4_1,cyclic_64_1,block_2_1,unroll_2,unroll_2,unroll_4,1,13,0.771032012411,False
workload_654.cpp,xczu7ev-ffvc1156-2-e,5,189.47543,124,32,0,8,26,block_4_1,cyclic_64_1,block_2_1,unroll_2,unroll_2,unroll_8,1,16.5,0.712936326161,False
workload_770.cpp,xczu7ev-ffvc1156-2-e,5,189.475385,128,32,0,8,26,block_4_1,cyclic_64_1,complete_1,unroll_2,unroll_2,unroll_8,1,16.5,0.712936423549,False
workload_716.cpp,xczu7ev-ffvc1156-2-e,5,180.874875,55,47,1,10,19,block_64_1,block_4_1,block_2_1,unroll_2,unroll_2,pipeline_1,1,19.25,0.688927582037,False
workload_767.cpp,xczu7ev-ffvc1156-2-e,5,180.874855,72,47,2,19,35,block_64_1,block_4_1,block_2_1,unroll_4,unroll_2,pipeline_1,1,25.75,0.514428264972,False
workload_828.cpp,xczu7ev-ffvc1156-2-e,5,144.620295,983,47,60,24,45,block_64_1,block_4_1,block_2_1,unroll_4,unroll_2,unroll_8,1,44,0.213547930005,False
workload_591.cpp,xczu7ev-ffvc1156-2-e,5,180.874875,55,47,1,10,19,block_64_1,block_4_1,cyclic_4_1,unroll_2,unroll_2,pipeline_1,1,19.25,0.688927582037,False
workload_822.cpp,xczu7ev-ffvc1156-2-e,5,189.80307,300,47,30,12,25,block_64_1,block_8_1,complete_1,unroll_2,unroll_2,unroll_8,1,28.5,0.435770770532,False
workload_801.cpp,xczu7ev-ffvc1156-2-e,5,378.347595,102,47,2,36,66,block_64_1,block_8_1,cyclic_2_1,unroll_2,unroll_8,pipeline_1,1,37.75,0.137815083252,False
workload_711.cpp,xczu7ev-ffvc1156-2-e,5,226.224075,52,47,1,10,19,block_64_1,block_8_1,cyclic_4_1,unroll_2,unroll_2,pipeline_1,1,19.25,0.592283297933,False
workload_861.cpp,xczu7ev-ffvc1156-2-e,5,189.803115,396,52,28,11,31,block_64_1,cyclic_64_1,block_2_1,unroll_2,unroll_2,unroll_8,1,30.5,0.387559128959,False
workload_764.cpp,xczu7ev-ffvc1156-2-e,5,210.244395,58,34,0,9,21,block_8_1,cyclic_64_1,block_2_1,unroll_2,unroll_2,pipeline_1,1,16,0.670180071056,False
workload_795.cpp,xczu7ev-ffvc1156-2-e,5,210.24431,53,34,0,9,20,block_8_1,cyclic_64_1,complete_1,unroll_2,unroll_2,pipeline_1,1,15.75,0.672258203503,False
workload_1160.cpp,xczu7ev-ffvc1156-2-e,5,147.116315,125,26,0,2,8,cyclic_128_1,block_2_1,block_2_1,unroll_2,unroll_2,unroll_4,1,9,0.950963619736,False
workload_1015.cpp,xczu7ev-ffvc1156-2-e,5,49.54399,885.5,33,1,14,43,cyclic_128_1,block_2_1,complete_1,unroll_2,pipeline_1,unroll_16,2,22.75,0.619862540794,False
workload_1190.cpp,xczu7ev-ffvc1156-2-e,5,49.54399,851,33,1,14,43,cyclic_128_1,block_2_1,complete_1,unroll_2,pipeline_1,unroll_64,1,22.75,0.619862540794,False
workload_1347.cpp,xczu7ev-ffvc1156-2-e,5,150.77703,93,26,0,1,7,cyclic_128_1,block_2_1,complete_1,unroll_2,unroll_2,unroll_2,1,8.5,0.961586113277,False
workload_846.cpp,xczu7ev-ffvc1156-2-e,5,147.11627,124,26,0,2,8,cyclic_128_1,block_2_1,complete_1,unroll_2,unroll_2,unroll_4,1,9,0.950963639589,False
workload_1009.cpp,xczu7ev-ffvc1156-2-e,5,144.95307,187,26,0,3,10,cyclic_128_1,block_2_1,complete_1,unroll_2,unroll_2,unroll_8,1,9.75,0.943283376126,False
workload_1093.cpp,xczu7ev-ffvc1156-2-e,5,150.777115,86,26,0,1,7,cyclic_128_1,block_2_1,cyclic_2_1,unroll_2,unroll_2,unroll_2,1,8.5,0.961585941271,False
workload_1127.cpp,xczu7ev-ffvc1156-2-e,5,144.953115,192,27,2,3,10,cyclic_128_1,block_4_1,block_2_1,unroll_2,unroll_2,unroll_8,1,10.5,0.915348100061,False
workload_1321.cpp,xczu7ev-ffvc1156-2-e,5,147.11627,112,27,1,2,8,cyclic_128_1,block_4_1,complete_1,unroll_2,unroll_2,unroll_4,1,9.5,0.943204444768,False
workload_1349.cpp,xczu7ev-ffvc1156-2-e,5,144.95307,195,27,2,3,10,cyclic_128_1,block_4_1,complete_1,unroll_2,unroll_2,unroll_8,1,10.5,0.915348102392,False
workload_796.cpp,xczu7ev-ffvc1156-2-e,5,180.354875,60,27,1,2,9,cyclic_128_1,block_4_1,cyclic_4_1,unroll_2,unroll_2,pipeline_1,1,9.75,0.851570113458,False
workload_1041.cpp,xczu7ev-ffvc1156-2-e,5,283.885835,535,32,8,11,73,cyclic_128_1,block_64_1,block_2_1,unroll_2,unroll_4,unroll_16,1,31,0.29155990157,False
workload_765.cpp,xczu7ev-ffvc1156-2-e,5,192.46547,141,27,1,2,8,cyclic_128_1,block_8_1,complete_1,unroll_2,unroll_2,unroll_4,1,9.5,0.815539099249,False
workload_697.cpp,xczu7ev-ffvc1156-2-e,5,190.30227,215,27,2,3,10,cyclic_128_1,block_8_1,complete_1,unroll_2,unroll_2,unroll_8,1,10.5,0.809140059089,False
workload_806.cpp,xczu7ev-ffvc1156-2-e,5,225.704075,61,27,1,2,9,cyclic_128_1,block_8_1,cyclic_4_1,unroll_2,unroll_2,pipeline_1,1,9.75,0.706750305111,False
workload_807.cpp,xczu7ev-ffvc1156-2-e,5,192.465515,120,27,1,2,9,cyclic_128_1,block_8_1,cyclic_4_1,unroll_2,unroll_2,unroll_4,1,9.75,0.811849800156,False
workload_763.cpp,xczu7ev-ffvc1156-2-e,5,190.302315,216,27,2,3,10,cyclic_128_1,block_8_1,cyclic_4_1,unroll_2,unroll_2,unroll_8,1,10.5,0.809139918616,False
workload_1095.cpp,xczu7ev-ffvc1156-2-e,5,193.46383,128,27,0,1,8,cyclic_128_1,cyclic_16_1,complete_1,unroll_2,unroll_2,unroll_4,1,9,0.820838904667,False
workload_1106.cpp,xczu7ev-ffvc1156-2-e,5,49.543355,972,26,1,14,44,cyclic_128_1,cyclic_2_1,block_2_1,unroll_2,pipeline_1,unroll_4,1,21.25,0.665698929832,False
workload_884.cpp,xczu7ev-ffvc1156-2-e,5,164.203675,54,26,0,1,8,cyclic_128_1,cyclic_2_1,block_2_1,unroll_2,unroll_2,pipeline_1,1,8.75,0.919890077527,False
workload_942.cpp,xczu7ev-ffvc1156-2-e,5,186.553115,117,26,1,3,22,cyclic_128_1,cyclic_2_1,block_2_1,unroll_2,unroll_2,unroll_32,1,13,0.783286031997,False
workload_1126.cpp,xczu7ev-ffvc1156-2-e,5,148.114715,119,26,0,1,7,cyclic_128_1,cyclic_2_1,block_2_1,unroll_2,unroll_2,unroll_4,1,8.5,0.96645540198,False
workload_1004.cpp,xczu7ev-ffvc1156-2-e,5,144.953115,178,26,0,2,8,cyclic_128_1,cyclic_2_1,block_2_1,unroll_2,unroll_2,unroll_8,1,9,0.950933861278,False
workload_974.cpp,xczu7ev-ffvc1156-2-e,5,187.717895,151,26,1,3,34,cyclic_128_1,cyclic_2_1,block_2_1,unroll_4,unroll_2,unroll_16,1,16,0.721204189112,False
workload_1299.cpp,xczu7ev-ffvc1156-2-e,5,49.54331,903,26,1,14,44,cyclic_128_1,cyclic_2_1,complete_1,unroll_2,pipeline_1,pipeline_1,1,21.25,0.665698893789,False
workload_1246.cpp,xczu7ev-ffvc1156-2-e,5,49.54331,913,26,1,14,44,cyclic_128_1,cyclic_2_1,complete_1,unroll_2,pipeline_1,unroll_4,1,21.25,0.665698893789,False
workload_1361.cpp,xczu7ev-ffvc1156-2-e,5,49.54331,1000,26,1,14,44,cyclic_128_1,cyclic_2_1,complete_1,unroll_2,pipeline_1,unroll_8,1,21.25,0.665698893789,False
workload_1121.cpp,xczu7ev-ffvc1156-2-e,5,164.20359,48,26,0,1,8,cyclic_128_1,cyclic_2_1,complete_1,unroll_2,unroll_2,pipeline_1,1,8.75,0.919890346888,False
workload_963.cpp,xczu7ev-ffvc1156-2-e,5,187.71787,87,26,1,2,18,cyclic_128_1,cyclic_2_1,complete_1,unroll_2,unroll_2,unroll_16,1,11.75,0.798785868784,False
workload_1320.cpp,xczu7ev-ffvc1156-2-e,5,150.77703,91,26,0,1,6,cyclic_128_1,cyclic_2_1,complete_1,unroll_2,unroll_2,unroll_2,1,8.25,0.965715717312,False
workload_1348.cpp,xczu7ev-ffvc1156-2-e,5,186.55307,131,26,1,3,22,cyclic_128_1,cyclic_2_1,complete_1,unroll_2,unroll_2,unroll_32,1,13,0.783286150886,False
workload_1220.cpp,xczu7ev-ffvc1156-2-e,5,148.11463,122,26,0,1,7,cyclic_128_1,cyclic_2_1,complete_1,unroll_2,unroll_2,unroll_4,1,8.5,0.966455541101,False
workload_896.cpp,xczu7ev-ffvc1156-2-e,5,144.95307,190,26,0,2,8,cyclic_128_1,cyclic_2_1,complete_1,unroll_2,unroll_2,unroll_8,1,9,0.950933838877,False
workload_1240.cpp,xczu7ev-ffvc1156-2-e,5,259.38395,154,26,1,3,33,cyclic_128_1,cyclic_2_1,complete_1,unroll_2,unroll_4,unroll_16,1,15.75,0.55028014699,False
workload_1132.cpp,xczu7ev-ffvc1156-2-e,5,216.04571,675,26,0,3,13,cyclic_128_1,cyclic_2_1,complete_1,unroll_2,unroll_4,unroll_8,1,10.5,0.727569387376,False
workload_1272.cpp,xczu7ev-ffvc1156-2-e,5,148.114715,117,26,0,1,7,cyclic_128_1,cyclic_2_1,cyclic_2_1,unroll_2,unroll_2,unroll_4,1,8.5,0.96645540198,False
workload_1034.cpp,xczu7ev-ffvc1156-2-e,5,144.953115,179,26,0,2,8,cyclic_128_1,cyclic_2_1,cyclic_2_1,unroll_2,unroll_2,unroll_8,1,9,0.950933861278,False
workload_1031.cpp,xczu7ev-ffvc1156-2-e,5,148.114715,115,27,0,1,7,cyclic_128_1,cyclic_4_1,block_2_1,unroll_2,unroll_2,unroll_4,1,8.75,0.959451349801,False
workload_1098.cpp,xczu7ev-ffvc1156-2-e,5,144.953115,184,27,0,2,8,cyclic_128_1,cyclic_4_1,block_2_1,unroll_2,unroll_2,unroll_8,1,9.25,0.9455305562,False
workload_1035.cpp,xczu7ev-ffvc1156-2-e,5,144.95307,179,27,0,2,8,cyclic_128_1,cyclic_4_1,complete_1,unroll_2,unroll_2,unroll_8,1,9.25,0.94553055797,False
workload_1003.cpp,xczu7ev-ffvc1156-2-e,5,144.953115,175,27,0,2,8,cyclic_128_1,cyclic_4_1,cyclic_2_1,unroll_2,unroll_2,unroll_8,1,9.25,0.9455305562,False
workload_1217.cpp,xczu7ev-ffvc1156-2-e,5,190.30227,68,28,2,3,10,cyclic_16_1,block_16_1,complete_1,unroll_2,unroll_2,unroll_8,1,10.75,0.805052743974,False
workload_1073.cpp,xczu7ev-ffvc1156-2-e,5,49.544035,953,33,1,13,43,cyclic_16_1,block_2_1,block_2_1,unroll_2,pipeline_1,unroll_16,1,22.5,0.627410901377,False
workload_914.cpp,xczu7ev-ffvc1156-2-e,5,164.380475,41,26,0,2,5,cyclic_16_1,block_2_1,block_2_1,unroll_2,unroll_2,pipeline_1,1,8.25,0.93072279069,False
workload_850.cpp,xczu7ev-ffvc1156-2-e,5,143.247515,142,26,0,9,17,cyclic_16_1,block_2_1,block_2_1,unroll_2,unroll_2,unroll_32,1,13,0.870438354912,False
workload_1039.cpp,xczu7ev-ffvc1156-2-e,5,143.018715,317,26,0,18,31,cyclic_16_1,block_2_1,block_2_1,unroll_2,unroll_2,unroll_64,1,18.75,0.761156991792,False
workload_1158.cpp,xczu7ev-ffvc1156-2-e,5,144.953115,65,26,0,3,8,cyclic_16_1,block_2_1,block_2_1,unroll_2,unroll_2,unroll_8,1,9.25,0.9455305562,False
workload_1296.cpp,xczu7ev-ffvc1156-2-e,5,49.54399,854,33,1,13,43,cyclic_16_1,block_2_1,complete_1,unroll_2,pipeline_1,unroll_16,1,22.5,0.627410865793,False
workload_1102.cpp,xczu7ev-ffvc1156-2-e,5,49.54399,924,33,1,13,43,cyclic_16_1,block_2_1,complete_1,unroll_2,pipeline_1,unroll_8,1,22.5,0.627410865793,False
workload_1372.cpp,xczu7ev-ffvc1156-2-e,5,147.11627,45,26,0,2,7,cyclic_16_1,block_2_1,complete_1,unroll_2,unroll_2,unroll_4,1,8.75,0.9605366326,False
workload_946.cpp,xczu7ev-ffvc1156-2-e,5,143.01867,297,26,0,18,31,cyclic_16_1,block_2_1,complete_1,unroll_2,unroll_2,unroll_64,1,18.75,0.761156991556,False
workload_1186.cpp,xczu7ev-ffvc1156-2-e,5,144.95307,66,26,0,3,8,cyclic_16_1,block_2_1,complete_1,unroll_2,unroll_2,unroll_8,1,9.25,0.94553055797,False
workload_1189.cpp,xczu7ev-ffvc1156-2-e,5,214.04987,826,26,0,35,58,cyclic_16_1,block_2_1,complete_1,unroll_2,unroll_4,unroll_64,1,29.75,0.387131647591,False
workload_1331.cpp,xczu7ev-ffvc1156-2-e,5,49.543355,957,33,1,13,43,cyclic_16_1,block_2_1,cyclic_2_1,unroll_2,pipeline_1,pipeline_1,1,22.5,0.627410363645,False
workload_1324.cpp,xczu7ev-ffvc1156-2-e,5,49.543355,819,33,1,13,43,cyclic_16_1,block_2_1,cyclic_2_1,unroll_2,pipeline_1,unroll_4,1,22.5,0.627410363645,False
workload_1262.cpp,xczu7ev-ffvc1156-2-e,5,49.54467,1168,36,1,32,61,cyclic_16_1,block_4_1,complete_1,unroll_2,pipeline_1,unroll_32,1,32.5,0.459169452119,False
workload_1075.cpp,xczu7ev-ffvc1156-2-e,5,49.543355,978,26,1,13,43,cyclic_16_1,cyclic_2_1,block_2_1,unroll_2,pipeline_1,unroll_8,1,20.75,0.680743959358,False
workload_1374.cpp,xczu7ev-ffvc1156-2-e,5,187.717915,65,26,1,2,7,cyclic_16_1,cyclic_2_1,block_2_1,unroll_2,unroll_2,unroll_16,1,9,0.839797580767,False
workload_1280.cpp,xczu7ev-ffvc1156-2-e,5,49.54331,961,26,1,13,43,cyclic_16_1,cyclic_2_1,complete_1,unroll_2,pipeline_1,unroll_16,1,20.75,0.680743990274,False
workload_1231.cpp,xczu7ev-ffvc1156-2-e,5,49.54331,971,26,1,13,43,cyclic_16_1,cyclic_2_1,complete_1,unroll_2,pipeline_1,unroll_2,1,20.75,0.680743990274,False
workload_1278.cpp,xczu7ev-ffvc1156-2-e,5,49.54331,824,26,1,13,43,cyclic_16_1,cyclic_2_1,complete_1,unroll_2,pipeline_1,unroll_32,1,20.75,0.680743990274,False
workload_1297.cpp,xczu7ev-ffvc1156-2-e,5,49.54331,874,26,1,13,43,cyclic_16_1,cyclic_2_1,complete_1,unroll_2,pipeline_1,unroll_4,2,20.75,0.680743990274,False
workload_1196.cpp,xczu7ev-ffvc1156-2-e,5,49.54331,996.5,26,1,13,43,cyclic_16_1,cyclic_2_1,complete_1,unroll_2,pipeline_1,unroll_8,2,20.75,0.680743990274,False
workload_1241.cpp,xczu7ev-ffvc1156-2-e,5,204.02503,47,26,0,1,5,cyclic_16_1,cyclic_2_1,complete_1,unroll_2,unroll_2,unroll_2,1,8,0.794644383528,False
workload_844.cpp,xczu7ev-ffvc1156-2-e,5,194.70663,48,26,1,1,6,cyclic_16_1,cyclic_2_1,complete_1,unroll_2,unroll_2,unroll_4,1,8.5,0.823174353036,False
workload_1090.cpp,xczu7ev-ffvc1156-2-e,5,190.04747,51,26,1,2,7,cyclic_16_1,cyclic_2_1,complete_1,unroll_2,unroll_2,unroll_8,1,9,0.832140041103,False
workload_1340.cpp,xczu7ev-ffvc1156-2-e,5,49.54325,3132.5,26,1,26,81,cyclic_16_1,cyclic_2_1,complete_1,unroll_4,pipeline_1,unroll_8,2,33.5,0.444174395698,False
workload_1354.cpp,xczu7ev-ffvc1156-2-e,5,49.543355,994,26,1,13,43,cyclic_16_1,cyclic_2_1,cyclic_2_1,unroll_2,pipeline_1,unroll_2,1,20.75,0.680743959358,False
workload_1384.cpp,xczu7ev-ffvc1156-2-e,5,49.543355,993,26,1,13,43,cyclic_16_1,cyclic_2_1,cyclic_2_1,unroll_2,pipeline_1,unroll_8,1,20.75,0.680743959358,False
workload_852.cpp,xczu7ev-ffvc1156-2-e,5,278.021735,89,26,0,4,16,cyclic_16_1,cyclic_2_1,cyclic_2_1,unroll_4,unroll_8,pipeline_1,1,11.5,0.536717871972,False
workload_1255.cpp,xczu7ev-ffvc1156-2-e,5,49.54331,1100,31,2,15,46,cyclic_16_1,cyclic_4_1,complete_1,unroll_2,pipeline_1,unroll_16,1,23.5,0.597455119656,False
workload_1017.cpp,xczu7ev-ffvc1156-2-e,5,49.54331,995.5,31,2,15,46,cyclic_16_1,cyclic_4_1,complete_1,unroll_2,pipeline_1,unroll_8,2,23.5,0.597455119656,False
workload_971.cpp,xczu7ev-ffvc1156-2-e,5,185.97067,165,27,1,4,20,cyclic_16_1,cyclic_4_1,complete_1,unroll_2,unroll_2,unroll_64,1,13,0.784822470599,False
workload_975.cpp,xczu7ev-ffvc1156-2-e,5,185.970715,159,27,1,4,20,cyclic_16_1,cyclic_4_1,cyclic_2_1,unroll_2,unroll_2,unroll_64,1,13,0.784822352077,False
workload_944.cpp,xczu7ev-ffvc1156-2-e,5,327.18179,160,28,1,4,23,cyclic_16_1,cyclic_8_1,complete_1,unroll_2,unroll_4,unroll_32,1,14,0.401585857638,False
workload_1282.cpp,xczu7ev-ffvc1156-2-e,5,49.392425,1449,41,1,48,82,cyclic_2_1,block_128_1,complete_1,unroll_2,pipeline_1,pipeline_1,1,43,0.261777274691,False
workload_969.cpp,xczu7ev-ffvc1156-2-e,5,209.40199,65,41,0,2,12,cyclic_2_1,block_128_1,cyclic_2_1,unroll_2,unroll_2,pipeline_1,1,13.75,0.708638217915,False
workload_1022.cpp,xczu7ev-ffvc1156-2-e,5,49.21635,931,24,1,13,46,cyclic_2_1,block_2_1,block_2_1,unroll_2,pipeline_1,pipeline_1,1,21,0.673179065678,False
workload_1051.cpp,xczu7ev-ffvc1156-2-e,5,49.21635,930,24,1,13,46,cyclic_2_1,block_2_1,block_2_1,unroll_2,pipeline_1,unroll_16,1,21,0.673179065678,False
workload_1016.cpp,xczu7ev-ffvc1156-2-e,5,49.21635,914,24,1,13,46,cyclic_2_1,block_2_1,block_2_1,unroll_2,pipeline_1,unroll_4,1,21,0.673179065678,False
workload_1078.cpp,xczu7ev-ffvc1156-2-e,5,49.21635,1033,24,1,13,46,cyclic_2_1,block_2_1,block_2_1,unroll_2,pipeline_1,unroll_64,1,21,0.673179065678,False
workload_1107.cpp,xczu7ev-ffvc1156-2-e,5,49.21635,1000,24,1,13,46,cyclic_2_1,block_2_1,block_2_1,unroll_2,pipeline_1,unroll_8,1,21,0.673179065678,False
workload_812.cpp,xczu7ev-ffvc1156-2-e,5,143.46063,84,24,0,5,10,cyclic_2_1,block_2_1,block_2_1,unroll_2,unroll_2,unroll_16,1,9.75,0.945532357723,False
workload_1099.cpp,xczu7ev-ffvc1156-2-e,5,150.44943,45,24,0,1,4,cyclic_2_1,block_2_1,block_2_1,unroll_2,unroll_2,unroll_2,1,7.25,0.999999656886,False
workload_1096.cpp,xczu7ev-ffvc1156-2-e,5,142.96143,139,24,0,9,17,cyclic_2_1,block_2_1,block_2_1,unroll_2,unroll_2,unroll_32,1,12.5,0.890229213193,False
workload_1027.cpp,xczu7ev-ffvc1156-2-e,5,147.12143,49,24,0,2,5,cyclic_2_1,block_2_1,block_2_1,unroll_2,unroll_2,unroll_4,1,7.75,0.986745750611,False
workload_1010.cpp,xczu7ev-ffvc1156-2-e,5,142.71183,313,24,0,18,31,cyclic_2_1,block_2_1,block_2_1,unroll_2,unroll_2,unroll_64,1,18.25,0.779584849765,False
workload_919.cpp,xczu7ev-ffvc1156-2-e,5,144.79183,55,24,0,3,7,cyclic_2_1,block_2_1,block_2_1,unroll_2,unroll_2,unroll_8,1,8.5,0.971154701598,False
workload_926.cpp,xczu7ev-ffvc1156-2-e,5,251.56415,48,24,0,3,7,cyclic_2_1,block_2_1,block_2_1,unroll_2,unroll_4,pipeline_1,1,8.5,0.635418729245,False
workload_1215.cpp,xczu7ev-ffvc1156-2-e,5,220.87135,47,24,0,2,6,cyclic_2_1,block_2_1,block_2_1,unroll_2,unroll_4,unroll_2,1,8,0.736659276619,False
workload_1038.cpp,xczu7ev-ffvc1156-2-e,5,142.71183,317,24,0,18,31,cyclic_2_1,block_2_1,block_4_1,unroll_2,unroll_2,unroll_64,1,18.25,0.779584849765,False
workload_1326.cpp,xczu7ev-ffvc1156-2-e,5,49.216305,874.5,24,1,13,46,cyclic_2_1,block_2_1,complete_1,unroll_2,pipeline_1,pipeline_1,2,21,0.673179024351,False
workload_1232.cpp,xczu7ev-ffvc1156-2-e,5,49.216305,1039,24,1,13,46,cyclic_2_1,block_2_1,complete_1,unroll_2,pipeline_1,unroll_32,1,21,0.673179024351,False
workload_1076.cpp,xczu7ev-ffvc1156-2-e,5,49.216305,1000.5,24,1,13,46,cyclic_2_1,block_2_1,complete_1,unroll_2,pipeline_1,unroll_4,2,21,0.673179024351,False
workload_1056.cpp,xczu7ev-ffvc1156-2-e,5,49.216305,1000,24,1,13,46,cyclic_2_1,block_2_1,complete_1,unroll_2,pipeline_1,unroll_64,2,21,0.673179024351,False
workload_1079.cpp,xczu7ev-ffvc1156-2-e,5,49.216305,932.5,24,1,13,46,cyclic_2_1,block_2_1,complete_1,unroll_2,pipeline_1,unroll_8,2,21,0.673179024351,False
workload_965.cpp,xczu7ev-ffvc1156-2-e,5,164.052705,43,24,0,2,5,cyclic_2_1,block_2_1,complete_1,unroll_2,unroll_2,pipeline_1,1,7.75,0.94203198371,False
workload_1124.cpp,xczu7ev-ffvc1156-2-e,5,143.460585,75,24,0,5,10,cyclic_2_1,block_2_1,complete_1,unroll_2,unroll_2,unroll_16,1,9.75,1,True
workload_1213.cpp,xczu7ev-ffvc1156-2-e,5,150.449345,44,24,0,1,4,cyclic_2_1,block_2_1,complete_1,unroll_2,unroll_2,unroll_2,1,7.25,1,True
workload_1005.cpp,xczu7ev-ffvc1156-2-e,5,142.961385,140,24,0,9,17,cyclic_2_1,block_2_1,complete_1,unroll_2,unroll_2,unroll_32,1,12.5,1,True
workload_932.cpp,xczu7ev-ffvc1156-2-e,5,147.121385,50,24,0,2,5,cyclic_2_1,block_2_1,complete_1,unroll_2,unroll_2,unroll_4,1,7.75,0.986745792825,False
workload_899.cpp,xczu7ev-ffvc1156-2-e,5,142.711785,295,24,0,18,31,cyclic_2_1,block_2_1,complete_1,unroll_2,unroll_2,unroll_64,1,18.25,1,True
workload_1007.cpp,xczu7ev-ffvc1156-2-e,5,144.791785,53,24,0,3,7,cyclic_2_1,block_2_1,complete_1,unroll_2,unroll_2,unroll_8,1,8.5,1,True
workload_991.cpp,xczu7ev-ffvc1156-2-e,5,219.181705,57,24,0,3,8,cyclic_2_1,block_2_1,complete_1,unroll_2,unroll_4,unroll_4,1,8.75,0.737751812365,False
workload_1155.cpp,xczu7ev-ffvc1156-2-e,5,143.086125,319,24,0,18,31,cyclic_2_1,block_2_1,complete_1,unroll_4,unroll_2,unroll_32,1,18.25,0.778970952006,False
workload_1307.cpp,xczu7ev-ffvc1156-2-e,5,49.21567,1022,24,1,13,46,cyclic_2_1,block_2_1,cyclic_2_1,unroll_2,pipeline_1,pipeline_1,1,21,0.673178441052,False
workload_1165.cpp,xczu7ev-ffvc1156-2-e,5,49.21567,942,24,1,13,46,cyclic_2_1,block_2_1,cyclic_2_1,unroll_2,pipeline_1,unroll_16,1,21,0.673178441052,False
workload_1077.cpp,xczu7ev-ffvc1156-2-e,5,49.21567,1017,24,1,13,46,cyclic_2_1,block_2_1,cyclic_2_1,unroll_2,pipeline_1,unroll_2,1,21,0.673178441052,False
workload_1309.cpp,xczu7ev-ffvc1156-2-e,5,49.21567,1049,24,1,13,46,cyclic_2_1,block_2_1,cyclic_2_1,unroll_2,pipeline_1,unroll_64,1,21,0.673178441052,False
workload_1251.cpp,xczu7ev-ffvc1156-2-e,5,49.21567,1022,24,1,13,46,cyclic_2_1,block_2_1,cyclic_2_1,unroll_2,pipeline_1,unroll_8,1,21,0.673178441052,False
workload_1275.cpp,xczu7ev-ffvc1156-2-e,5,143.46063,85,24,0,5,10,cyclic_2_1,block_2_1,cyclic_2_1,unroll_2,unroll_2,unroll_16,1,9.75,0.945532357723,False
workload_1061.cpp,xczu7ev-ffvc1156-2-e,5,150.44943,43,24,0,1,4,cyclic_2_1,block_2_1,cyclic_2_1,unroll_2,unroll_2,unroll_2,1,7.25,0.999999656886,False
workload_1154.cpp,xczu7ev-ffvc1156-2-e,5,142.71183,319,24,0,18,31,cyclic_2_1,block_2_1,cyclic_2_1,unroll_2,unroll_2,unroll_64,1,18.25,0.779584849765,False
workload_1216.cpp,xczu7ev-ffvc1156-2-e,5,144.79183,61,24,0,3,7,cyclic_2_1,block_2_1,cyclic_2_1,unroll_2,unroll_2,unroll_8,1,8.5,0.971154701598,False
workload_1120.cpp,xczu7ev-ffvc1156-2-e,5,220.87135,45,24,0,2,6,cyclic_2_1,block_2_1,cyclic_2_1,unroll_2,unroll_4,unroll_2,1,8,0.736659276619,False
workload_1167.cpp,xczu7ev-ffvc1156-2-e,5,49.21635,1030,24,1,13,46,cyclic_2_1,block_2_1,cyclic_4_1,unroll_2,pipeline_1,unroll_64,1,21,0.673179065678,False
workload_829.cpp,xczu7ev-ffvc1156-2-e,5,413.52703,1579,25,30,48,82,cyclic_2_1,block_4_1,block_2_1,unroll_2,unroll_64,unroll_4,1,46.25,0.1,False
workload_1081.cpp,xczu7ev-ffvc1156-2-e,5,49.216985,1116,25,1,31,64,cyclic_2_1,block_4_1,complete_1,unroll_2,pipeline_1,pipeline_1,1,30.25,0.483213804149,False
workload_1194.cpp,xczu7ev-ffvc1156-2-e,5,49.216985,1006,25,1,31,64,cyclic_2_1,block_4_1,complete_1,unroll_2,pipeline_1,unroll_8,1,30.25,0.483213804149,False
workload_1319.cpp,xczu7ev-ffvc1156-2-e,5,150.449345,40,25,1,1,4,cyclic_2_1,block_4_1,complete_1,unroll_2,unroll_2,unroll_2,1,7.75,0.98200450458,False
workload_1152.cpp,xczu7ev-ffvc1156-2-e,5,147.121385,47,25,1,2,5,cyclic_2_1,block_4_1,complete_1,unroll_2,unroll_2,unroll_4,1,8.25,0.970695675733,False
workload_1029.cpp,xczu7ev-ffvc1156-2-e,5,144.791785,58,25,2,3,7,cyclic_2_1,block_4_1,complete_1,unroll_2,unroll_2,unroll_8,1,9.25,0.945531497479,False
workload_1346.cpp,xczu7ev-ffvc1156-2-e,5,216.309385,86,25,4,6,11,cyclic_2_1,block_4_1,complete_1,unroll_2,unroll_4,unroll_8,1,11.5,0.716173075456,False
workload_1359.cpp,xczu7ev-ffvc1156-2-e,5,142.774125,1054,25,30,36,56,cyclic_2_1,block_4_1,complete_1,unroll_4,unroll_2,unroll_64,1,36.75,0.314450856657,False
workload_678.cpp,xczu7ev-ffvc1156-2-e,5,413.52703,2040,25,30,48,82,cyclic_2_1,block_4_1,cyclic_2_1,unroll_2,unroll_64,unroll_4,1,46.25,0.1,False
workload_712.cpp,xczu7ev-ffvc1156-2-e,5,232.73943,71,26,1,2,11,cyclic_2_1,cyclic_16_1,block_2_1,unroll_2,unroll_2,unroll_16,1,10,0.682093966269,False
workload_802.cpp,xczu7ev-ffvc1156-2-e,5,232.73943,69,26,1,2,11,cyclic_2_1,cyclic_16_1,cyclic_2_1,unroll_2,unroll_2,unroll_16,1,10,0.682093966269,False
workload_1206.cpp,xczu7ev-ffvc1156-2-e,5,49.21567,1051,24,1,13,47,cyclic_2_1,cyclic_2_1,block_2_1,unroll_2,pipeline_1,unroll_4,1,21.25,0.665420015797,False
workload_992.cpp,xczu7ev-ffvc1156-2-e,5,187.39023,64,24,0,1,7,cyclic_2_1,cyclic_2_1,block_2_1,unroll_2,unroll_2,unroll_16,1,8,0.853931488507,False
workload_1164.cpp,xczu7ev-ffvc1156-2-e,5,203.69743,42,24,0,1,4,cyclic_2_1,cyclic_2_1,block_2_1,unroll_2,unroll_2,unroll_2,1,7.25,0.79789061228,False
workload_1094.cpp,xczu7ev-ffvc1156-2-e,5,185.64303,161,24,0,3,19,cyclic_2_1,cyclic_2_1,block_2_1,unroll_2,unroll_2,unroll_64,1,11.5,0.807428185986,False
workload_1172.cpp,xczu7ev-ffvc1156-2-e,5,49.215625,992,24,1,13,47,cyclic_2_1,cyclic_2_1,complete_1,unroll_2,pipeline_1,unroll_16,1,21.25,0.665419975231,False
workload_1330.cpp,xczu7ev-ffvc1156-2-e,5,49.215625,1046.5,24,1,13,47,cyclic_2_1,cyclic_2_1,complete_1,unroll_2,pipeline_1,unroll_4,2,21.25,0.665419975231,False
workload_1226.cpp,xczu7ev-ffvc1156-2-e,5,49.215625,859,24,1,13,47,cyclic_2_1,cyclic_2_1,complete_1,unroll_2,pipeline_1,unroll_8,1,21.25,0.665419975231,False
workload_952.cpp,xczu7ev-ffvc1156-2-e,5,163.875905,39,24,0,1,4,cyclic_2_1,cyclic_2_1,complete_1,unroll_2,unroll_2,pipeline_1,1,7.25,0.9466178924,False
workload_1008.cpp,xczu7ev-ffvc1156-2-e,5,187.390185,61,24,0,2,7,cyclic_2_1,cyclic_2_1,complete_1,unroll_2,unroll_2,unroll_16,1,8.25,0.851550381773,False
workload_1247.cpp,xczu7ev-ffvc1156-2-e,5,203.697345,47,24,0,1,4,cyclic_2_1,cyclic_2_1,complete_1,unroll_2,unroll_2,unroll_2,1,7.25,0.797890914422,False
workload_1064.cpp,xczu7ev-ffvc1156-2-e,5,186.225385,90,24,0,2,11,cyclic_2_1,cyclic_2_1,complete_1,unroll_2,unroll_2,unroll_32,1,9.25,0.839958971078,False
workload_1268.cpp,xczu7ev-ffvc1156-2-e,5,194.378945,41,24,0,1,4,cyclic_2_1,cyclic_2_1,complete_1,unroll_2,unroll_2,unroll_4,1,7.25,0.831407180811,False
workload_1254.cpp,xczu7ev-ffvc1156-2-e,5,185.642985,168,24,0,3,19,cyclic_2_1,cyclic_2_1,complete_1,unroll_2,unroll_2,unroll_64,1,11.5,0.807428313705,False
workload_1089.cpp,xczu7ev-ffvc1156-2-e,5,189.719785,48,24,0,1,5,cyclic_2_1,cyclic_2_1,complete_1,unroll_2,unroll_2,unroll_8,1,7.5,0.848131161738,False
workload_1341.cpp,xczu7ev-ffvc1156-2-e,5,49.215565,3181,24,1,25,83,cyclic_2_1,cyclic_2_1,complete_1,unroll_4,pipeline_1,unroll_8,1,33.25,0.448448496988,False
workload_1026.cpp,xczu7ev-ffvc1156-2-e,5,179.85039,41,24,0,1,4,cyclic_2_1,cyclic_2_1,cyclic_2_1,unroll_2,unroll_2,pipeline_1,1,7.25,0.885231407833,False
workload_1239.cpp,xczu7ev-ffvc1156-2-e,5,203.69743,39,24,0,1,4,cyclic_2_1,cyclic_2_1,cyclic_2_1,unroll_2,unroll_2,unroll_2,1,7.25,0.79789061228,False
workload_1020.cpp,xczu7ev-ffvc1156-2-e,5,49.21567,1067,25,1,15,49,cyclic_2_1,cyclic_4_1,block_2_1,unroll_2,pipeline_1,pipeline_1,1,22.5,0.627146475747,False
workload_1054.cpp,xczu7ev-ffvc1156-2-e,5,49.21567,1128,25,1,15,49,cyclic_2_1,cyclic_4_1,block_2_1,unroll_2,pipeline_1,unroll_2,1,22.5,0.627146475747,False
workload_887.cpp,xczu7ev-ffvc1156-2-e,5,163.87599,39,25,0,1,4,cyclic_2_1,cyclic_4_1,block_2_1,unroll_2,unroll_2,pipeline_1,1,7.5,0.945603660528,False
workload_838.cpp,xczu7ev-ffvc1156-2-e,5,187.39023,65,25,1,2,8,cyclic_2_1,cyclic_4_1,block_2_1,unroll_2,unroll_2,unroll_16,1,9,0.840870625077,False
workload_940.cpp,xczu7ev-ffvc1156-2-e,5,186.22541,156,25,1,4,21,cyclic_2_1,cyclic_4_1,block_2_1,unroll_4,unroll_2,unroll_32,1,12.75,0.788583574084,False
workload_1049.cpp,xczu7ev-ffvc1156-2-e,5,49.215625,1098,25,1,15,49,cyclic_2_1,cyclic_4_1,complete_1,unroll_2,pipeline_1,pipeline_1,2,22.5,0.627146438855,False
workload_1111.cpp,xczu7ev-ffvc1156-2-e,5,49.215625,1139,25,1,15,49,cyclic_2_1,cyclic_4_1,complete_1,unroll_2,pipeline_1,unroll_4,1,22.5,0.627146438855,False
workload_1145.cpp,xczu7ev-ffvc1156-2-e,5,49.215625,1095,25,1,15,49,cyclic_2_1,cyclic_4_1,complete_1,unroll_2,pipeline_1,unroll_64,1,22.5,0.627146438855,False
workload_1171.cpp,xczu7ev-ffvc1156-2-e,5,49.215625,1153,25,1,15,49,cyclic_2_1,cyclic_4_1,complete_1,unroll_2,pipeline_1,unroll_8,1,22.5,0.627146438855,False
workload_890.cpp,xczu7ev-ffvc1156-2-e,5,171.863105,40.5,25,0,1,4,cyclic_2_1,cyclic_4_1,complete_1,unroll_2,unroll_2,pipeline_1,2,7.5,0.915008381408,False
workload_1067.cpp,xczu7ev-ffvc1156-2-e,5,185.642985,170,25,1,3,20,cyclic_2_1,cyclic_4_1,complete_1,unroll_2,unroll_2,unroll_64,1,12.25,0.7980838131,False
workload_918.cpp,xczu7ev-ffvc1156-2-e,5,189.719785,52,25,1,1,6,cyclic_2_1,cyclic_4_1,complete_1,unroll_2,unroll_2,unroll_8,1,8.25,0.843294561169,False
workload_923.cpp,xczu7ev-ffvc1156-2-e,5,163.87599,41,25,0,1,4,cyclic_2_1,cyclic_4_1,cyclic_2_1,unroll_2,unroll_2,pipeline_1,1,7.5,0.945603660528,False
workload_761.cpp,xczu7ev-ffvc1156-2-e,5,302.31807,158,25,1,4,22,cyclic_2_1,cyclic_4_1,cyclic_2_1,unroll_2,unroll_8,unroll_16,1,13,0.466023212473,False
workload_900.cpp,xczu7ev-ffvc1156-2-e,5,301.09951,324,25,1,7,38,cyclic_2_1,cyclic_4_1,cyclic_2_1,unroll_2,unroll_8,unroll_32,1,17.75,0.437392701558,False
workload_882.cpp,xczu7ev-ffvc1156-2-e,5,304.75519,85,25,1,3,14,cyclic_2_1,cyclic_4_1,cyclic_2_1,unroll_2,unroll_8,unroll_8,1,10.75,0.473372851344,False
workload_1032.cpp,xczu7ev-ffvc1156-2-e,5,209.225105,41,26,0,1,4,cyclic_2_1,cyclic_8_1,complete_1,unroll_2,unroll_2,pipeline_1,1,7.75,0.77754459999,False
workload_947.cpp,xczu7ev-ffvc1156-2-e,5,209.719145,895,43,2,11,70,cyclic_32_1,block_128_1,block_2_1,unroll_17,unroll_2,pipeline_1,1,31.5,0.352516808692,False
workload_847.cpp,xczu7ev-ffvc1156-2-e,5,209.729655,132,43,1,3,22,cyclic_32_1,block_128_1,block_2_1,unroll_4,unroll_2,pipeline_1,1,17.25,0.658469596101,False
workload_1335.cpp,xczu7ev-ffvc1156-2-e,5,49.72011,1438,51,1,49,79,cyclic_32_1,block_128_1,complete_1,unroll_2,pipeline_1,unroll_4,1,45,0.228888726422,False
workload_1137.cpp,xczu7ev-ffvc1156-2-e,5,49.544035,910,33,1,13,43,cyclic_32_1,block_2_1,block_2_1,unroll_2,pipeline_1,pipeline_1,1,22.5,0.627410901377,False
workload_1138.cpp,xczu7ev-ffvc1156-2-e,5,49.544035,912,33,1,13,43,cyclic_32_1,block_2_1,block_2_1,unroll_2,pipeline_1,unroll_4,1,22.5,0.627410901377,False
workload_842.cpp,xczu7ev-ffvc1156-2-e,5,164.380475,47,26,0,2,6,cyclic_32_1,block_2_1,block_2_1,unroll_2,unroll_2,pipeline_1,1,8.5,0.924062446409,False
workload_993.cpp,xczu7ev-ffvc1156-2-e,5,144.953115,67,26,0,3,10,cyclic_32_1,block_2_1,block_2_1,unroll_2,unroll_2,unroll_8,1,9.75,0.943283306064,False
workload_1048.cpp,xczu7ev-ffvc1156-2-e,5,49.54399,870,33,1,13,43,cyclic_32_1,block_2_1,complete_1,unroll_2,pipeline_1,unroll_8,1,22.5,0.627410865793,False
workload_955.cpp,xczu7ev-ffvc1156-2-e,5,164.38039,42,26,0,2,6,cyclic_32_1,block_2_1,complete_1,unroll_2,unroll_2,pipeline_1,1,8.5,0.924062684301,False
workload_925.cpp,xczu7ev-ffvc1156-2-e,5,143.70507,87,26,0,6,13,cyclic_32_1,block_2_1,complete_1,unroll_2,unroll_2,unroll_16,1,11.25,0.890130240615,False
workload_990.cpp,xczu7ev-ffvc1156-2-e,5,150.77703,42,26,0,1,5,cyclic_32_1,block_2_1,complete_1,unroll_2,unroll_2,unroll_2,1,8,0.974458517537,False
workload_1028.cpp,xczu7ev-ffvc1156-2-e,5,147.11627,55,26,0,2,8,cyclic_32_1,block_2_1,complete_1,unroll_2,unroll_2,unroll_4,1,9,0.950963639589,False
workload_823.cpp,xczu7ev-ffvc1156-2-e,5,143.01867,300,26,0,18,31,cyclic_32_1,block_2_1,complete_1,unroll_2,unroll_2,unroll_64,1,18.75,0.761156991556,False
workload_753.cpp,xczu7ev-ffvc1156-2-e,5,243.78167,53.5,26,0,3,9,cyclic_32_1,block_2_1,complete_1,unroll_2,unroll_4,pipeline_1,2,9.5,0.653146488441,False
workload_1046.cpp,xczu7ev-ffvc1156-2-e,5,49.543355,932,33,1,13,43,cyclic_32_1,block_2_1,cyclic_2_1,unroll_2,pipeline_1,unroll_16,1,22.5,0.627410363645,False
workload_978.cpp,xczu7ev-ffvc1156-2-e,5,49.543355,882,33,1,13,43,cyclic_32_1,block_2_1,cyclic_2_1,unroll_2,pipeline_1,unroll_2,1,22.5,0.627410363645,False
workload_1139.cpp,xczu7ev-ffvc1156-2-e,5,49.543355,973,33,1,13,43,cyclic_32_1,block_2_1,cyclic_2_1,unroll_2,pipeline_1,unroll_32,1,22.5,0.627410363645,False
workload_1069.cpp,xczu7ev-ffvc1156-2-e,5,49.543355,936,33,1,13,43,cyclic_32_1,block_2_1,cyclic_2_1,unroll_2,pipeline_1,unroll_4,1,22.5,0.627410363645,False
workload_1103.cpp,xczu7ev-ffvc1156-2-e,5,49.543355,942,33,1,13,43,cyclic_32_1,block_2_1,cyclic_2_1,unroll_2,pipeline_1,unroll_64,1,22.5,0.627410363645,False
workload_1019.cpp,xczu7ev-ffvc1156-2-e,5,49.543355,872,33,1,13,43,cyclic_32_1,block_2_1,cyclic_2_1,unroll_2,pipeline_1,unroll_8,1,22.5,0.627410363645,False
workload_883.cpp,xczu7ev-ffvc1156-2-e,5,164.380475,45,26,0,2,6,cyclic_32_1,block_2_1,cyclic_2_1,unroll_2,unroll_2,pipeline_1,1,8.5,0.924062446409,False
workload_1065.cpp,xczu7ev-ffvc1156-2-e,5,143.705115,90,26,0,6,13,cyclic_32_1,block_2_1,cyclic_2_1,unroll_2,unroll_2,unroll_16,1,11.25,0.890130249213,False
workload_1001.cpp,xczu7ev-ffvc1156-2-e,5,150.777115,46,26,0,1,5,cyclic_32_1,block_2_1,cyclic_2_1,unroll_2,unroll_2,unroll_2,1,8,0.974458369725,False
workload_879.cpp,xczu7ev-ffvc1156-2-e,5,278.206715,67,26,0,5,15,cyclic_32_1,block_2_1,cyclic_2_1,unroll_2,unroll_8,pipeline_1,1,11.5,0.536227513419,False
workload_1115.cpp,xczu7ev-ffvc1156-2-e,5,49.543335,2944,33,1,26,77,cyclic_32_1,block_2_1,cyclic_2_1,unroll_4,pipeline_1,unroll_2,1,34.25,0.431223938716,False
workload_811.cpp,xczu7ev-ffvc1156-2-e,5,190.302315,75,28,2,3,14,cyclic_32_1,block_32_1,block_2_1,unroll_2,unroll_2,unroll_8,1,11.75,0.791387287818,False
workload_751.cpp,xczu7ev-ffvc1156-2-e,5,196.12623,55,28,1,2,7,cyclic_32_1,block_32_1,complete_1,unroll_2,unroll_2,unroll_2,1,9.5,0.804013293413,False
workload_824.cpp,xczu7ev-ffvc1156-2-e,5,164.36986,141,27,2,11,29,cyclic_32_1,block_4_1,complete_1,unroll_17,unroll_2,pipeline_1,1,17.25,0.754966841147,False
workload_1277.cpp,xczu7ev-ffvc1156-2-e,5,143.01867,354,27,15,18,29,cyclic_32_1,block_4_1,complete_1,unroll_2,unroll_2,unroll_64,1,22.25,0.63911528548,False
workload_843.cpp,xczu7ev-ffvc1156-2-e,5,164.38037,58,27,1,3,10,cyclic_32_1,block_4_1,complete_1,unroll_4,unroll_2,pipeline_1,1,10.25,0.889954775656,False
workload_875.cpp,xczu7ev-ffvc1156-2-e,5,209.729675,46,28,0,2,6,cyclic_32_1,block_8_1,block_2_1,unroll_2,unroll_2,pipeline_1,1,9,0.766727156744,False
workload_860.cpp,xczu7ev-ffvc1156-2-e,5,188.36787,379,28,15,19,34,cyclic_32_1,block_8_1,complete_1,unroll_2,unroll_2,unroll_64,1,24,0.554993482392,False
workload_797.cpp,xczu7ev-ffvc1156-2-e,5,190.30227,63,28,2,3,10,cyclic_32_1,block_8_1,complete_1,unroll_2,unroll_2,unroll_8,1,10.75,0.805052743974,False
workload_809.cpp,xczu7ev-ffvc1156-2-e,5,209.54226,167,28,0,5,24,cyclic_32_1,cyclic_16_1,complete_1,unroll_17,unroll_2,pipeline_1,1,14.25,0.699469000752,False
workload_775.cpp,xczu7ev-ffvc1156-2-e,5,304.46722,455,28,0,8,45,cyclic_32_1,cyclic_16_1,complete_1,unroll_17,unroll_4,pipeline_1,1,20.25,0.40835762559,False
workload_827.cpp,xczu7ev-ffvc1156-2-e,5,360.90402,964,28,0,15,91,cyclic_32_1,cyclic_16_1,complete_1,unroll_17,unroll_8,pipeline_1,1,33.5,0.18334019885,False
workload_792.cpp,xczu7ev-ffvc1156-2-e,5,209.55279,43,28,0,1,5,cyclic_32_1,cyclic_16_1,complete_1,unroll_2,unroll_2,pipeline_1,1,8.5,0.772104483683,False
workload_772.cpp,xczu7ev-ffvc1156-2-e,5,164.193145,142,26,0,5,20,cyclic_32_1,cyclic_2_1,block_2_1,unroll_17,unroll_2,pipeline_1,1,12.75,0.843393037089,False
workload_820.cpp,xczu7ev-ffvc1156-2-e,5,235.486745,244,26,0,8,37,cyclic_32_1,cyclic_2_1,block_2_1,unroll_17,unroll_4,pipeline_1,1,17.75,0.591163164065,False
workload_1383.cpp,xczu7ev-ffvc1156-2-e,5,49.543355,1000,26,1,13,43,cyclic_32_1,cyclic_2_1,block_2_1,unroll_2,pipeline_1,unroll_8,1,20.75,0.680743959358,False
workload_888.cpp,xczu7ev-ffvc1156-2-e,5,164.203675,48,26,0,1,5,cyclic_32_1,cyclic_2_1,block_2_1,unroll_2,unroll_2,pipeline_1,1,8,0.937012961799,False
workload_818.cpp,xczu7ev-ffvc1156-2-e,5,164.203655,56,26,0,2,8,cyclic_32_1,cyclic_2_1,block_2_1,unroll_4,unroll_2,pipeline_1,1,9,0.914888986775,False
workload_854.cpp,xczu7ev-ffvc1156-2-e,5,235.492135,68,26,0,2,12,cyclic_32_1,cyclic_2_1,block_2_1,unroll_4,unroll_4,pipeline_1,1,10,0.6736860113,False
workload_672.cpp,xczu7ev-ffvc1156-2-e,5,164.19306,133,26,0,5,20,cyclic_32_1,cyclic_2_1,complete_1,unroll_17,unroll_2,pipeline_1,1,12.75,0.84339322758,False
workload_1352.cpp,xczu7ev-ffvc1156-2-e,5,49.54331,873,26,1,13,43,cyclic_32_1,cyclic_2_1,complete_1,unroll_2,pipeline_1,unroll_16,1,20.75,0.680743990274,False
workload_1329.cpp,xczu7ev-ffvc1156-2-e,5,49.54331,995,26,1,13,43,cyclic_32_1,cyclic_2_1,complete_1,unroll_2,pipeline_1,unroll_32,1,20.75,0.680743990274,False
workload_1356.cpp,xczu7ev-ffvc1156-2-e,5,49.54331,891,26,1,13,43,cyclic_32_1,cyclic_2_1,complete_1,unroll_2,pipeline_1,unroll_4,2,20.75,0.680743990274,False
workload_1228.cpp,xczu7ev-ffvc1156-2-e,5,49.54331,972,26,1,13,43,cyclic_32_1,cyclic_2_1,complete_1,unroll_2,pipeline_1,unroll_8,1,20.75,0.680743990274,False
workload_913.cpp,xczu7ev-ffvc1156-2-e,5,164.20359,41,26,0,1,5,cyclic_32_1,cyclic_2_1,complete_1,unroll_2,unroll_2,pipeline_1,1,8,0.937013248272,False
workload_1350.cpp,xczu7ev-ffvc1156-2-e,5,185.97067,150,26,0,3,18,cyclic_32_1,cyclic_2_1,complete_1,unroll_2,unroll_2,unroll_64,1,11.75,0.803736760496,False
workload_1342.cpp,xczu7ev-ffvc1156-2-e,5,49.54325,3367,26,1,26,79,cyclic_32_1,cyclic_2_1,complete_1,unroll_4,pipeline_1,unroll_8,1,33,0.452036420175,False
workload_652.cpp,xczu7ev-ffvc1156-2-e,5,164.20357,59,26,0,2,8,cyclic_32_1,cyclic_2_1,complete_1,unroll_4,unroll_2,pipeline_1,1,9,0.914889241478,False
workload_941.cpp,xczu7ev-ffvc1156-2-e,5,186.55301,140,26,1,4,19,cyclic_32_1,cyclic_2_1,complete_1,unroll_4,unroll_2,unroll_32,1,12.5,0.791800522151,False
workload_755.cpp,xczu7ev-ffvc1156-2-e,5,194.70661,72,26,1,2,11,cyclic_32_1,cyclic_2_1,complete_1,unroll_4,unroll_2,unroll_4,1,10,0.801781161861,False
workload_1355.cpp,xczu7ev-ffvc1156-2-e,5,49.543355,997,26,1,13,43,cyclic_32_1,cyclic_2_1,cyclic_2_1,unroll_2,pipeline_1,pipeline_1,1,20.75,0.680743959358,False
workload_1030.cpp,xczu7ev-ffvc1156-2-e,5,180.178075,46,26,0,1,5,cyclic_32_1,cyclic_2_1,cyclic_2_1,unroll_2,unroll_2,pipeline_1,1,8,0.880065112509,False
workload_835.cpp,xczu7ev-ffvc1156-2-e,5,164.203655,56,26,0,2,8,cyclic_32_1,cyclic_2_1,cyclic_2_1,unroll_4,unroll_2,pipeline_1,1,9,0.914888986775,False
workload_1380.cpp,xczu7ev-ffvc1156-2-e,5,49.54331,890,31,2,15,46,cyclic_32_1,cyclic_4_1,complete_1,unroll_2,pipeline_1,unroll_16,1,23.5,0.597455119656,False
workload_1386.cpp,xczu7ev-ffvc1156-2-e,5,49.54331,1123,31,2,15,46,cyclic_32_1,cyclic_4_1,complete_1,unroll_2,pipeline_1,unroll_4,1,23.5,0.597455119656,False
workload_1062.cpp,xczu7ev-ffvc1156-2-e,5,164.20359,43,27,0,1,5,cyclic_32_1,cyclic_4_1,complete_1,unroll_2,unroll_2,pipeline_1,1,8.25,0.931267510253,False
workload_1088.cpp,xczu7ev-ffvc1156-2-e,5,150.77703,41,27,0,1,4,cyclic_32_1,cyclic_4_1,complete_1,unroll_2,unroll_2,unroll_2,1,8,0.974458517537,False
workload_1108.cpp,xczu7ev-ffvc1156-2-e,5,49.543355,1070,29,2,15,46,cyclic_32_1,cyclic_4_1,cyclic_2_1,unroll_2,pipeline_1,unroll_2,1,23,0.612352819713,False
workload_840.cpp,xczu7ev-ffvc1156-2-e,5,164.203675,44,27,0,1,5,cyclic_32_1,cyclic_4_1,cyclic_2_1,unroll_2,unroll_2,pipeline_1,1,8.25,0.931267249072,False
workload_930.cpp,xczu7ev-ffvc1156-2-e,5,150.777115,47,27,0,1,4,cyclic_32_1,cyclic_4_1,cyclic_2_1,unroll_2,unroll_2,unroll_2,1,8,0.974458369725,False
workload_937.cpp,xczu7ev-ffvc1156-2-e,5,164.203655,55,27,0,2,8,cyclic_32_1,cyclic_4_1,cyclic_2_1,unroll_4,unroll_2,pipeline_1,1,9.25,0.909075132764,False
workload_594.cpp,xczu7ev-ffvc1156-2-e,5,304.46722,1617,33,0,8,77,cyclic_32_1,cyclic_64_1,complete_1,unroll_17,unroll_4,pipeline_1,1,29.5,0.289443252496,False
workload_715.cpp,xczu7ev-ffvc1156-2-e,5,304.47261,169,33,0,3,22,cyclic_32_1,cyclic_64_1,complete_1,unroll_4,unroll_4,pipeline_1,1,14.5,0.450815096078,False
workload_1063.cpp,xczu7ev-ffvc1156-2-e,5,196.126315,46,28,0,1,5,cyclic_32_1,cyclic_8_1,cyclic_2_1,unroll_2,unroll_2,unroll_2,1,8.5,0.818255262504,False
workload_994.cpp,xczu7ev-ffvc1156-2-e,5,209.401905,67,41,0,2,12,cyclic_4_1,block_128_1,complete_1,unroll_2,unroll_2,pipeline_1,1,13.75,0.708638447987,False
workload_1173.cpp,xczu7ev-ffvc1156-2-e,5,188.123325,1633,26,30,37,80,cyclic_4_1,block_16_1,complete_1,unroll_4,unroll_2,unroll_64,1,43.25,0.19723811491,False
workload_1110.cpp,xczu7ev-ffvc1156-2-e,5,49.21635,904,29,1,13,44,cyclic_4_1,block_2_1,block_2_1,unroll_2,pipeline_1,pipeline_1,2,21.75,0.65000428496,False
workload_1071.cpp,xczu7ev-ffvc1156-2-e,5,49.21635,945,29,1,13,44,cyclic_4_1,block_2_1,block_2_1,unroll_2,pipeline_1,unroll_16,1,21.75,0.65000428496,False
workload_1193.cpp,xczu7ev-ffvc1156-2-e,5,49.21635,1006,29,1,13,44,cyclic_4_1,block_2_1,block_2_1,unroll_2,pipeline_1,unroll_2,1,21.75,0.65000428496,False
workload_1230.cpp,xczu7ev-ffvc1156-2-e,5,49.21635,989,29,1,13,44,cyclic_4_1,block_2_1,block_2_1,unroll_2,pipeline_1,unroll_32,1,21.75,0.65000428496,False
workload_1141.cpp,xczu7ev-ffvc1156-2-e,5,49.21635,986,29,1,13,44,cyclic_4_1,block_2_1,block_2_1,unroll_2,pipeline_1,unroll_64,1,21.75,0.65000428496,False
workload_1136.cpp,xczu7ev-ffvc1156-2-e,5,49.21635,915,29,1,13,44,cyclic_4_1,block_2_1,block_2_1,unroll_2,pipeline_1,unroll_8,2,21.75,0.65000428496,False
workload_718.cpp,xczu7ev-ffvc1156-2-e,5,172.03999,45.5,24,0,2,5,cyclic_4_1,block_2_1,block_2_1,unroll_2,unroll_2,pipeline_1,2,7.75,0.912495811274,False
workload_895.cpp,xczu7ev-ffvc1156-2-e,5,143.46063,85,24,0,5,10,cyclic_4_1,block_2_1,block_2_1,unroll_2,unroll_2,unroll_16,1,9.75,0.945532357723,False
workload_1156.cpp,xczu7ev-ffvc1156-2-e,5,150.44943,46,24,0,1,5,cyclic_4_1,block_2_1,block_2_1,unroll_2,unroll_2,unroll_2,1,7.5,0.989333996112,False
workload_1100.cpp,xczu7ev-ffvc1156-2-e,5,142.71183,312,24,0,18,31,cyclic_4_1,block_2_1,block_2_1,unroll_2,unroll_2,unroll_64,1,18.25,0.779584849765,False
workload_920.cpp,xczu7ev-ffvc1156-2-e,5,144.79183,59,24,0,3,7,cyclic_4_1,block_2_1,block_2_1,unroll_2,unroll_2,unroll_8,1,8.5,0.971154701598,False
workload_821.cpp,xczu7ev-ffvc1156-2-e,5,214.02847,281,24,0,18,31,cyclic_4_1,block_2_1,block_2_1,unroll_2,unroll_4,unroll_32,1,18.25,0.635150215488,False
workload_921.cpp,xczu7ev-ffvc1156-2-e,5,147.28781,59,24,0,3,8,cyclic_4_1,block_2_1,block_2_1,unroll_4,unroll_2,unroll_4,1,8.75,0.960376631799,False
workload_959.cpp,xczu7ev-ffvc1156-2-e,5,145.12461,81,24,0,6,11,cyclic_4_1,block_2_1,block_2_1,unroll_4,unroll_2,unroll_8,1,10.25,0.925323984638,False
workload_1248.cpp,xczu7ev-ffvc1156-2-e,5,49.21635,961,29,1,13,44,cyclic_4_1,block_2_1,block_4_1,unroll_2,pipeline_1,pipeline_1,1,21.75,0.65000428496,False
workload_1322.cpp,xczu7ev-ffvc1156-2-e,5,164.05279,47,24,0,2,5,cyclic_4_1,block_2_1,block_4_1,unroll_2,unroll_2,pipeline_1,1,7.75,0.942031674474,False
workload_1191.cpp,xczu7ev-ffvc1156-2-e,5,49.216305,951,29,1,13,44,cyclic_4_1,block_2_1,complete_1,unroll_2,pipeline_1,pipeline_1,2,21.75,0.650004245913,False
workload_1351.cpp,xczu7ev-ffvc1156-2-e,5,49.216305,858,29,1,13,44,cyclic_4_1,block_2_1,complete_1,unroll_2,pipeline_1,unroll_16,1,21.75,0.650004245913,False
workload_1068.cpp,xczu7ev-ffvc1156-2-e,5,49.216305,911.5,29,1,13,44,cyclic_4_1,block_2_1,complete_1,unroll_2,pipeline_1,unroll_2,2,21.75,0.650004245913,False
workload_1072.cpp,xczu7ev-ffvc1156-2-e,5,49.216305,945,29,1,13,44,cyclic_4_1,block_2_1,complete_1,unroll_2,pipeline_1,unroll_32,1,21.75,0.650004245913,False
workload_1042.cpp,xczu7ev-ffvc1156-2-e,5,49.216305,945.5,29,1,13,44,cyclic_4_1,block_2_1,complete_1,unroll_2,pipeline_1,unroll_4,2,21.75,0.650004245913,False
workload_1047.cpp,xczu7ev-ffvc1156-2-e,5,49.216305,920,29,1,13,44,cyclic_4_1,block_2_1,complete_1,unroll_2,pipeline_1,unroll_64,2,21.75,0.650004245913,False
workload_1070.cpp,xczu7ev-ffvc1156-2-e,5,49.216305,894,29,1,13,44,cyclic_4_1,block_2_1,complete_1,unroll_2,pipeline_1,unroll_8,2,21.75,0.650004245913,False
workload_1006.cpp,xczu7ev-ffvc1156-2-e,5,172.039905,43.5,24,0,2,5,cyclic_4_1,block_2_1,complete_1,unroll_2,unroll_2,pipeline_1,2,7.75,0.91249612788,False
workload_881.cpp,xczu7ev-ffvc1156-2-e,5,143.460585,85,24,0,5,10,cyclic_4_1,block_2_1,complete_1,unroll_2,unroll_2,unroll_16,1,9.75,1,True
workload_1087.cpp,xczu7ev-ffvc1156-2-e,5,150.449345,41,24,0,1,5,cyclic_4_1,block_2_1,complete_1,unroll_2,unroll_2,unroll_2,1,7.5,0.989333996118,False
workload_813.cpp,xczu7ev-ffvc1156-2-e,5,142.961385,144,24,0,9,17,cyclic_4_1,block_2_1,complete_1,unroll_2,unroll_2,unroll_32,1,12.5,1,True
workload_799.cpp,xczu7ev-ffvc1156-2-e,5,146.788585,46,24,0,2,5,cyclic_4_1,block_2_1,complete_1,unroll_2,unroll_2,unroll_4,1,7.75,1,True
workload_1013.cpp,xczu7ev-ffvc1156-2-e,5,142.711785,314,24,0,18,31,cyclic_4_1,block_2_1,complete_1,unroll_2,unroll_2,unroll_64,1,18.25,1,True
workload_998.cpp,xczu7ev-ffvc1156-2-e,5,144.791785,59,24,0,3,7,cyclic_4_1,block_2_1,complete_1,unroll_2,unroll_2,unroll_8,1,8.5,1,True
workload_934.cpp,xczu7ev-ffvc1156-2-e,5,235.343905,45,24,0,3,7,cyclic_4_1,block_2_1,complete_1,unroll_2,unroll_4,pipeline_1,1,8.5,0.686578291198,False
workload_1273.cpp,xczu7ev-ffvc1156-2-e,5,214.788745,140,24,0,10,18,cyclic_4_1,block_2_1,complete_1,unroll_2,unroll_4,unroll_16,1,13,0.704959829262,False
workload_776.cpp,xczu7ev-ffvc1156-2-e,5,214.028425,314,24,0,18,31,cyclic_4_1,block_2_1,complete_1,unroll_2,unroll_4,unroll_32,1,18.25,0.63515031905,False
workload_837.cpp,xczu7ev-ffvc1156-2-e,5,277.878945,62,24,0,5,12,cyclic_4_1,block_2_1,complete_1,unroll_2,unroll_8,pipeline_1,1,10.25,0.547912703075,False
workload_924.cpp,xczu7ev-ffvc1156-2-e,5,260.451785,87,24,0,6,13,cyclic_4_1,block_2_1,complete_1,unroll_2,unroll_8,unroll_4,1,10.75,0.592383763236,False
workload_945.cpp,xczu7ev-ffvc1156-2-e,5,258.536905,126,24,0,11,19,cyclic_4_1,block_2_1,complete_1,unroll_2,unroll_8,unroll_8,1,13.5,0.57660400291,False
workload_1264.cpp,xczu7ev-ffvc1156-2-e,5,49.216585,3017,29,1,26,83,cyclic_4_1,block_2_1,complete_1,unroll_4,pipeline_1,unroll_8,2,34.75,0.422183281437,False
workload_956.cpp,xczu7ev-ffvc1156-2-e,5,164.052685,45,24,0,3,8,cyclic_4_1,block_2_1,complete_1,unroll_4,unroll_2,pipeline_1,1,8.75,0.920368006503,False
workload_1377.cpp,xczu7ev-ffvc1156-2-e,5,143.086125,263,24,0,18,31,cyclic_4_1,block_2_1,complete_1,unroll_4,unroll_2,unroll_32,1,18.25,0.778970952006,False
workload_1166.cpp,xczu7ev-ffvc1156-2-e,5,142.774125,1009,24,0,35,58,cyclic_4_1,block_2_1,complete_1,unroll_4,unroll_2,unroll_64,1,29.25,0.432266518031,False
workload_1376.cpp,xczu7ev-ffvc1156-2-e,5,145.124525,89,24,0,6,11,cyclic_4_1,block_2_1,complete_1,unroll_4,unroll_2,unroll_8,1,10.25,0.925324006716,False
workload_1101.cpp,xczu7ev-ffvc1156-2-e,5,49.21567,907.5,29,1,13,44,cyclic_4_1,block_2_1,cyclic_2_1,unroll_2,pipeline_1,pipeline_1,2,21.75,0.650003694876,False
workload_1302.cpp,xczu7ev-ffvc1156-2-e,5,49.21567,974,29,1,13,44,cyclic_4_1,block_2_1,cyclic_2_1,unroll_2,pipeline_1,unroll_16,1,21.75,0.650003694876,False
workload_1043.cpp,xczu7ev-ffvc1156-2-e,5,49.21567,899,29,1,13,44,cyclic_4_1,block_2_1,cyclic_2_1,unroll_2,pipeline_1,unroll_2,1,21.75,0.650003694876,False
workload_1195.cpp,xczu7ev-ffvc1156-2-e,5,49.21567,1006,29,1,13,44,cyclic_4_1,block_2_1,cyclic_2_1,unroll_2,pipeline_1,unroll_32,1,21.75,0.650003694876,False
workload_1301.cpp,xczu7ev-ffvc1156-2-e,5,49.21567,965,29,1,13,44,cyclic_4_1,block_2_1,cyclic_2_1,unroll_2,pipeline_1,unroll_4,1,21.75,0.650003694876,False
workload_1382.cpp,xczu7ev-ffvc1156-2-e,5,49.21567,994,29,1,13,44,cyclic_4_1,block_2_1,cyclic_2_1,unroll_2,pipeline_1,unroll_64,1,21.75,0.650003694876,False
workload_1202.cpp,xczu7ev-ffvc1156-2-e,5,49.21567,971,29,1,13,44,cyclic_4_1,block_2_1,cyclic_2_1,unroll_2,pipeline_1,unroll_8,1,21.75,0.650003694876,False
workload_1212.cpp,xczu7ev-ffvc1156-2-e,5,172.03999,44,24,0,2,5,cyclic_4_1,block_2_1,cyclic_2_1,unroll_2,unroll_2,pipeline_1,2,7.75,0.912495811274,False
workload_960.cpp,xczu7ev-ffvc1156-2-e,5,143.46063,81,24,0,5,10,cyclic_4_1,block_2_1,cyclic_2_1,unroll_2,unroll_2,unroll_16,1,9.75,0.945532357723,False
workload_1271.cpp,xczu7ev-ffvc1156-2-e,5,150.44943,47,24,0,1,5,cyclic_4_1,block_2_1,cyclic_2_1,unroll_2,unroll_2,unroll_2,1,7.5,0.989333996112,False
workload_1276.cpp,xczu7ev-ffvc1156-2-e,5,142.71183,274,24,0,18,31,cyclic_4_1,block_2_1,cyclic_2_1,unroll_2,unroll_2,unroll_64,1,18.25,0.779584849765,False
workload_997.cpp,xczu7ev-ffvc1156-2-e,5,144.79183,57,24,0,3,7,cyclic_4_1,block_2_1,cyclic_2_1,unroll_2,unroll_2,unroll_8,1,8.5,0.971154701598,False
workload_1373.cpp,xczu7ev-ffvc1156-2-e,5,218.33695,52,24,0,3,8,cyclic_4_1,block_2_1,cyclic_2_1,unroll_2,unroll_4,unroll_4,1,8.75,0.740550607354,False
workload_836.cpp,xczu7ev-ffvc1156-2-e,5,277.87903,59,24,0,5,12,cyclic_4_1,block_2_1,cyclic_2_1,unroll_2,unroll_8,pipeline_1,1,10.25,0.547912468224,False
workload_1389.cpp,xczu7ev-ffvc1156-2-e,5,49.21565,3196,29,1,26,83,cyclic_4_1,block_2_1,cyclic_2_1,unroll_4,pipeline_1,unroll_8,1,34.75,0.422183865752,False
workload_1360.cpp,xczu7ev-ffvc1156-2-e,5,49.21635,975,29,1,13,44,cyclic_4_1,block_2_1,cyclic_4_1,unroll_2,pipeline_1,pipeline_1,1,21.75,0.65000428496,False
workload_833.cpp,xczu7ev-ffvc1156-2-e,5,195.798545,49,26,1,2,6,cyclic_4_1,block_32_1,complete_1,unroll_2,unroll_2,unroll_2,1,8.75,0.816467881595,False
workload_1168.cpp,xczu7ev-ffvc1156-2-e,5,49.21703,1078,31,1,31,62,cyclic_4_1,block_4_1,block_2_1,unroll_2,pipeline_1,pipeline_1,1,31.25,0.474505704732,False
workload_878.cpp,xczu7ev-ffvc1156-2-e,5,218.33695,57,25,2,3,8,cyclic_4_1,block_4_1,block_2_1,unroll_2,unroll_4,unroll_4,1,9.5,0.732976400028,False
workload_858.cpp,xczu7ev-ffvc1156-2-e,5,216.30943,85,25,4,6,11,cyclic_4_1,block_4_1,block_2_1,unroll_2,unroll_4,unroll_8,1,11.5,0.716172939052,False
workload_939.cpp,xczu7ev-ffvc1156-2-e,5,143.71021,145,25,8,10,18,cyclic_4_1,block_4_1,block_2_1,unroll_4,unroll_2,unroll_16,1,15.25,0.784204733905,False
workload_855.cpp,xczu7ev-ffvc1156-2-e,5,145.12461,85,25,4,6,11,cyclic_4_1,block_4_1,block_2_1,unroll_4,unroll_2,unroll_8,1,11.5,0.89017149217,False
workload_1199.cpp,xczu7ev-ffvc1156-2-e,5,49.216985,1175,31,1,31,62,cyclic_4_1,block_4_1,complete_1,unroll_2,pipeline_1,pipeline_1,1,31.25,0.474505740636,False
workload_1358.cpp,xczu7ev-ffvc1156-2-e,5,49.216985,1026,31,1,31,62,cyclic_4_1,block_4_1,complete_1,unroll_2,pipeline_1,unroll_8,1,31.25,0.474505740636,False
workload_1060.cpp,xczu7ev-ffvc1156-2-e,5,172.039905,42.5,25,0.5,2,5,cyclic_4_1,block_4_1,complete_1,unroll_2,unroll_2,pipeline_1,2,8.125,0.907643709009,False
workload_1218.cpp,xczu7ev-ffvc1156-2-e,5,143.460585,85,25,4,5,10,cyclic_4_1,block_4_1,complete_1,unroll_2,unroll_2,unroll_16,1,11,0.895044099731,False
workload_1222.cpp,xczu7ev-ffvc1156-2-e,5,142.961385,149,25,8,10,17,cyclic_4_1,block_4_1,complete_1,unroll_2,unroll_2,unroll_32,1,15,0.79345140225,False
workload_1187.cpp,xczu7ev-ffvc1156-2-e,5,142.711785,353,25,15,18,30,cyclic_4_1,block_4_1,complete_1,unroll_2,unroll_2,unroll_64,1,22,0.647400480321,False
workload_964.cpp,xczu7ev-ffvc1156-2-e,5,144.791785,62,25,2,3,7,cyclic_4_1,block_4_1,complete_1,unroll_2,unroll_2,unroll_8,1,9.25,0.945531497479,False
workload_970.cpp,xczu7ev-ffvc1156-2-e,5,143.710125,146,25,8,10,18,cyclic_4_1,block_4_1,complete_1,unroll_4,unroll_2,unroll_16,1,15.25,0.784204725897,False
workload_1387.cpp,xczu7ev-ffvc1156-2-e,5,49.21635,1170,31,1,31,62,cyclic_4_1,block_4_1,cyclic_2_1,unroll_2,pipeline_1,pipeline_1,1,31.25,0.474506247281,False
workload_1332.cpp,xczu7ev-ffvc1156-2-e,5,49.21635,1168,31,1,31,62,cyclic_4_1,block_4_1,cyclic_2_1,unroll_2,pipeline_1,unroll_16,1,31.25,0.474506247281,False
workload_1253.cpp,xczu7ev-ffvc1156-2-e,5,49.21635,1050,31,1,31,62,cyclic_4_1,block_4_1,cyclic_2_1,unroll_2,pipeline_1,unroll_8,1,31.25,0.474506247281,False
workload_885.cpp,xczu7ev-ffvc1156-2-e,5,277.87903,57,25,1,5,13,cyclic_4_1,block_4_1,cyclic_2_1,unroll_2,unroll_8,pipeline_1,1,11,0.541815888009,False
workload_1333.cpp,xczu7ev-ffvc1156-2-e,5,49.392425,1383,62,1,48,78,cyclic_4_1,block_64_1,complete_1,unroll_2,pipeline_1,unroll_2,1,47.25,0.196102198797,False
workload_982.cpp,xczu7ev-ffvc1156-2-e,5,188.06103,1397,31,15,19,94,cyclic_4_1,block_64_1,cyclic_2_1,unroll_2,unroll_2,unroll_64,1,39.75,0.236829862896,False
workload_1128.cpp,xczu7ev-ffvc1156-2-e,5,209.401905,47,26,0,2,5,cyclic_4_1,block_8_1,complete_1,unroll_2,unroll_2,pipeline_1,1,8.25,0.774452677422,False
workload_1011.cpp,xczu7ev-ffvc1156-2-e,5,188.310585,147,26,8,10,19,cyclic_4_1,block_8_1,complete_1,unroll_2,unroll_2,unroll_32,1,15.75,0.721910232556,False
workload_1036.cpp,xczu7ev-ffvc1156-2-e,5,192.137785,51,26,1,2,6,cyclic_4_1,block_8_1,complete_1,unroll_2,unroll_2,unroll_4,1,8.75,0.82890409112,False
workload_871.cpp,xczu7ev-ffvc1156-2-e,5,209.22519,43,26,0,1,5,cyclic_4_1,cyclic_16_1,block_2_1,unroll_2,unroll_2,pipeline_1,1,8,0.776505239901,False
workload_752.cpp,xczu7ev-ffvc1156-2-e,5,235.06903,55,26,1,1,8,cyclic_4_1,cyclic_16_1,block_2_1,unroll_2,unroll_2,unroll_8,1,9,0.684277066869,False
workload_798.cpp,xczu7ev-ffvc1156-2-e,5,330.40231,71,26,1,2,13,cyclic_4_1,cyclic_16_1,block_2_1,unroll_2,unroll_4,unroll_8,1,10.5,0.412348752189,False
workload_848.cpp,xczu7ev-ffvc1156-2-e,5,209.225105,46,26,0,1,5,cyclic_4_1,cyclic_16_1,complete_1,unroll_2,unroll_2,pipeline_1,1,8,0.776505534692,False
workload_886.cpp,xczu7ev-ffvc1156-2-e,5,231.574585,117,26,1,3,16,cyclic_4_1,cyclic_16_1,complete_1,unroll_2,unroll_2,unroll_32,1,11.5,0.670082484243,False
workload_1135.cpp,xczu7ev-ffvc1156-2-e,5,49.21567,929,24,1,13,45,cyclic_4_1,cyclic_2_1,block_2_1,unroll_2,pipeline_1,pipeline_1,1,20.75,0.680968773723,False
workload_1018.cpp,xczu7ev-ffvc1156-2-e,5,49.21567,919,24,1,13,45,cyclic_4_1,cyclic_2_1,block_2_1,unroll_2,pipeline_1,unroll_4,1,20.75,0.680968773723,False
workload_1249.cpp,xczu7ev-ffvc1156-2-e,5,49.21567,996,24,1,13,45,cyclic_4_1,cyclic_2_1,block_2_1,unroll_2,pipeline_1,unroll_8,1,20.75,0.680968773723,False
workload_1059.cpp,xczu7ev-ffvc1156-2-e,5,163.87599,42,24,0,1,4,cyclic_4_1,cyclic_2_1,block_2_1,unroll_2,unroll_2,pipeline_1,1,7.25,0.946617559618,False
workload_1159.cpp,xczu7ev-ffvc1156-2-e,5,194.37903,47,24,1,1,4,cyclic_4_1,cyclic_2_1,block_2_1,unroll_2,unroll_2,unroll_4,1,7.5,0.831116267315,False
workload_1345.cpp,xczu7ev-ffvc1156-2-e,5,189.71983,50,24,1,1,5,cyclic_4_1,cyclic_2_1,block_2_1,unroll_2,unroll_2,unroll_8,1,7.75,0.84714955689,False
workload_1244.cpp,xczu7ev-ffvc1156-2-e,5,49.215625,886,24,1,13,45,cyclic_4_1,cyclic_2_1,complete_1,unroll_2,pipeline_1,pipeline_1,1,20.75,1,True
workload_1203.cpp,xczu7ev-ffvc1156-2-e,5,49.215625,992,24,1,13,45,cyclic_4_1,cyclic_2_1,complete_1,unroll_2,pipeline_1,unroll_16,1,20.75,1,True
workload_1281.cpp,xczu7ev-ffvc1156-2-e,5,49.215625,973,24,1,13,45,cyclic_4_1,cyclic_2_1,complete_1,unroll_2,pipeline_1,unroll_2,1,20.75,1,True
workload_1105.cpp,xczu7ev-ffvc1156-2-e,5,49.215625,895.5,24,1,13,45,cyclic_4_1,cyclic_2_1,complete_1,unroll_2,pipeline_1,unroll_4,2,20.75,1,True
workload_1225.cpp,xczu7ev-ffvc1156-2-e,5,49.215625,840,24,1,13,45,cyclic_4_1,cyclic_2_1,complete_1,unroll_2,pipeline_1,unroll_64,1,20.75,1,True
workload_1074.cpp,xczu7ev-ffvc1156-2-e,5,49.215625,972,24,1,13,45,cyclic_4_1,cyclic_2_1,complete_1,unroll_2,pipeline_1,unroll_8,2,20.75,1,True
workload_1151.cpp,xczu7ev-ffvc1156-2-e,5,171.863105,42.5,24,0,1,4,cyclic_4_1,cyclic_2_1,complete_1,unroll_2,unroll_2,pipeline_1,2,7.25,0.915636058634,False
workload_1223.cpp,xczu7ev-ffvc1156-2-e,5,187.390185,66,24,0,2,7,cyclic_4_1,cyclic_2_1,complete_1,unroll_2,unroll_2,unroll_16,1,8.25,0.851550381773,False
workload_962.cpp,xczu7ev-ffvc1156-2-e,5,186.225385,84,24,0,2,11,cyclic_4_1,cyclic_2_1,complete_1,unroll_2,unroll_2,unroll_32,1,9.25,0.839958971078,False
workload_995.cpp,xczu7ev-ffvc1156-2-e,5,194.378945,45,24,1,1,4,cyclic_4_1,cyclic_2_1,complete_1,unroll_2,unroll_2,unroll_4,1,7.5,0.831116576004,False
workload_1323.cpp,xczu7ev-ffvc1156-2-e,5,185.642985,166,24,0,3,19,cyclic_4_1,cyclic_2_1,complete_1,unroll_2,unroll_2,unroll_64,1,11.5,0.807428313705,False
workload_1123.cpp,xczu7ev-ffvc1156-2-e,5,189.719785,51,24,1,1,5,cyclic_4_1,cyclic_2_1,complete_1,unroll_2,unroll_2,unroll_8,1,7.75,0.847149720909,False
workload_1214.cpp,xczu7ev-ffvc1156-2-e,5,235.164385,47,24,0,1,6,cyclic_4_1,cyclic_2_1,complete_1,unroll_2,unroll_4,pipeline_1,1,7.75,0.689978206997,False
workload_1344.cpp,xczu7ev-ffvc1156-2-e,5,266.152545,47,24,1,1,6,cyclic_4_1,cyclic_2_1,complete_1,unroll_2,unroll_4,unroll_4,1,8,0.592727227843,False
workload_1116.cpp,xczu7ev-ffvc1156-2-e,5,49.215565,3184.5,24,1,25,83,cyclic_4_1,cyclic_2_1,complete_1,unroll_4,pipeline_1,unroll_8,2,33.25,0.448448496988,False
workload_612.cpp,xczu7ev-ffvc1156-2-e,5,163.875885,49,24,0,2,6,cyclic_4_1,cyclic_2_1,complete_1,unroll_4,unroll_2,pipeline_1,1,8,0.938114708747,False
workload_1183.cpp,xczu7ev-ffvc1156-2-e,5,203.697325,50,24,0,1,6,cyclic_4_1,cyclic_2_1,complete_1,unroll_4,unroll_2,unroll_2,1,7.75,0.796955899695,False
workload_957.cpp,xczu7ev-ffvc1156-2-e,5,194.378925,49,24,1,2,6,cyclic_4_1,cyclic_2_1,complete_1,unroll_4,unroll_2,unroll_4,1,8.25,0.826825935453,False
workload_972.cpp,xczu7ev-ffvc1156-2-e,5,189.719725,63,24,1,2,8,cyclic_4_1,cyclic_2_1,complete_1,unroll_4,unroll_2,unroll_8,1,8.75,0.837102565366,False
workload_1066.cpp,xczu7ev-ffvc1156-2-e,5,189.71978,210,24,1,6,23,cyclic_4_1,cyclic_2_1,cyclic_2_1,unroll_17,unroll_2,unroll_8,1,13.5,0.765454787999,False
workload_1304.cpp,xczu7ev-ffvc1156-2-e,5,49.21567,937,24,1,13,45,cyclic_4_1,cyclic_2_1,cyclic_2_1,unroll_2,pipeline_1,unroll_16,2,20.75,0.680968773723,False
workload_1298.cpp,xczu7ev-ffvc1156-2-e,5,49.21567,896,24,1,13,45,cyclic_4_1,cyclic_2_1,cyclic_2_1,unroll_2,pipeline_1,unroll_4,1,20.75,0.680968773723,False
workload_911.cpp,xczu7ev-ffvc1156-2-e,5,179.85039,41,24,0,1,4,cyclic_4_1,cyclic_2_1,cyclic_2_1,unroll_2,unroll_2,pipeline_1,1,7.25,0.885231407833,False
workload_768.cpp,xczu7ev-ffvc1156-2-e,5,357.78877,371,24,0,14,53,cyclic_4_1,cyclic_2_1,cyclic_2_1,unroll_4,unroll_32,pipeline_1,1,22.75,0.287419920172,False
workload_951.cpp,xczu7ev-ffvc1156-2-e,5,179.85039,39,24,0,1,4,cyclic_4_1,cyclic_2_1,cyclic_4_1,unroll_2,unroll_2,pipeline_1,1,7.25,0.885231407833,False
workload_989.cpp,xczu7ev-ffvc1156-2-e,5,194.37903,42,24,1,1,4,cyclic_4_1,cyclic_2_1,cyclic_4_1,unroll_2,unroll_2,unroll_4,1,7.5,0.831116267315,False
workload_894.cpp,xczu7ev-ffvc1156-2-e,5,235.06901,98,31,1,2,18,cyclic_4_1,cyclic_32_1,block_2_1,unroll_4,unroll_2,unroll_8,1,13,0.647018104599,False
workload_933.cpp,xczu7ev-ffvc1156-2-e,5,179.85039,45,25,0,1,4,cyclic_4_1,cyclic_4_1,block_2_1,unroll_2,unroll_2,pipeline_1,1,7.5,0.884782028997,False
workload_1092.cpp,xczu7ev-ffvc1156-2-e,5,187.39023,62,25,1,2,8,cyclic_4_1,cyclic_4_1,block_2_1,unroll_2,unroll_2,unroll_16,1,9,0.840870625077,False
workload_1142.cpp,xczu7ev-ffvc1156-2-e,5,49.215625,1054,25,1,15,47,cyclic_4_1,cyclic_4_1,complete_1,unroll_2,pipeline_1,pipeline_1,1,22,0.642347932077,False
workload_1053.cpp,xczu7ev-ffvc1156-2-e,5,49.215625,1064,25,1,15,47,cyclic_4_1,cyclic_4_1,complete_1,unroll_2,pipeline_1,unroll_4,1,22,0.642347932077,False
workload_1143.cpp,xczu7ev-ffvc1156-2-e,5,49.215625,1054,25,1,15,47,cyclic_4_1,cyclic_4_1,complete_1,unroll_2,pipeline_1,unroll_8,1,22,0.642347932077,False
workload_1000.cpp,xczu7ev-ffvc1156-2-e,5,163.875905,42,25,0,1,4,cyclic_4_1,cyclic_4_1,complete_1,unroll_2,unroll_2,pipeline_1,1,7.5,0.945603986816,False
workload_1058.cpp,xczu7ev-ffvc1156-2-e,5,194.378945,42,25,1,1,5,cyclic_4_1,cyclic_4_1,complete_1,unroll_2,unroll_2,unroll_4,1,8,0.828812499963,False
workload_1243.cpp,xczu7ev-ffvc1156-2-e,5,185.642985,168,25,1,3,20,cyclic_4_1,cyclic_4_1,complete_1,unroll_2,unroll_2,unroll_64,1,12.25,0.7980838131,False
workload_958.cpp,xczu7ev-ffvc1156-2-e,5,189.719785,49,25,1,1,6,cyclic_4_1,cyclic_4_1,complete_1,unroll_2,unroll_2,unroll_8,1,8.25,0.843294561169,False
workload_1119.cpp,xczu7ev-ffvc1156-2-e,5,266.152545,45,25,1,2,7,cyclic_4_1,cyclic_4_1,complete_1,unroll_2,unroll_4,unroll_4,1,8.75,0.590296939874,False
workload_931.cpp,xczu7ev-ffvc1156-2-e,5,163.875885,50,25,0,2,6,cyclic_4_1,cyclic_4_1,complete_1,unroll_4,unroll_2,pipeline_1,1,8.25,0.932270218058,False
workload_1050.cpp,xczu7ev-ffvc1156-2-e,5,49.21567,1091,25,1,15,47,cyclic_4_1,cyclic_4_1,cyclic_2_1,unroll_2,pipeline_1,unroll_2,1,22,0.642347970395,False
workload_810.cpp,xczu7ev-ffvc1156-2-e,5,171.86319,43.5,25,0,1,4,cyclic_4_1,cyclic_4_1,cyclic_2_1,unroll_2,unroll_2,pipeline_1,2,7.5,0.915008057369,False
workload_897.cpp,xczu7ev-ffvc1156-2-e,5,257.87359,139,25,1,4,21,cyclic_4_1,cyclic_4_1,cyclic_2_1,unroll_2,unroll_4,unroll_32,1,12.75,0.584966773999,False
workload_816.cpp,xczu7ev-ffvc1156-2-e,5,277.69407,57,25,0,2,9,cyclic_4_1,cyclic_4_1,cyclic_2_1,unroll_2,unroll_8,pipeline_1,1,9,0.555772681409,False
workload_834.cpp,xczu7ev-ffvc1156-2-e,5,209.22519,49,31,0,1,7,cyclic_4_1,cyclic_64_1,block_2_1,unroll_2,unroll_2,pipeline_1,1,9.75,0.758556021282,False
workload_676.cpp,xczu7ev-ffvc1156-2-e,5,235.06903,94,41,1,1,16,cyclic_4_1,cyclic_64_1,block_2_1,unroll_2,unroll_2,unroll_8,1,14.75,0.624118993798,False
workload_756.cpp,xczu7ev-ffvc1156-2-e,5,209.22517,79,31,0,2,12,cyclic_4_1,cyclic_64_1,block_2_1,unroll_4,unroll_2,pipeline_1,1,11.25,0.739528369062,False
workload_805.cpp,xczu7ev-ffvc1156-2-e,5,235.06901,148,41,1,2,27,cyclic_4_1,cyclic_64_1,block_2_1,unroll_4,unroll_2,unroll_8,1,17.75,0.592163037245,False
workload_800.cpp,xczu7ev-ffvc1156-2-e,5,209.225105,49,31,0,1,7,cyclic_4_1,cyclic_64_1,complete_1,unroll_2,unroll_2,pipeline_1,1,9.75,0.758556288844,False
workload_814.cpp,xczu7ev-ffvc1156-2-e,5,249.046545,53,31,0,1,7,cyclic_4_1,cyclic_64_1,complete_1,unroll_2,unroll_2,unroll_2,1,9.75,0.635053206116,False
workload_714.cpp,xczu7ev-ffvc1156-2-e,5,235.068985,87,41,1,1,16,cyclic_4_1,cyclic_64_1,complete_1,unroll_2,unroll_2,unroll_8,1,14.75,0.624119111407,False
workload_839.cpp,xczu7ev-ffvc1156-2-e,5,304.144945,68,31,0,1,11,cyclic_4_1,cyclic_64_1,complete_1,unroll_2,unroll_4,pipeline_1,1,10.75,0.474916930752,False
workload_841.cpp,xczu7ev-ffvc1156-2-e,5,335.133105,93,41,1,2,17,cyclic_4_1,cyclic_64_1,complete_1,unroll_2,unroll_4,unroll_4,1,15.25,0.37640662438,False
workload_819.cpp,xczu7ev-ffvc1156-2-e,5,209.225085,67,31,0,2,12,cyclic_4_1,cyclic_64_1,complete_1,unroll_4,unroll_2,pipeline_1,1,11.25,0.739528628151,False
workload_863.cpp,xczu7ev-ffvc1156-2-e,5,230.99223,821,41,2,5,72,cyclic_4_1,cyclic_64_1,cyclic_2_1,unroll_2,unroll_2,unroll_64,1,30,0.366062597057,False
workload_1002.cpp,xczu7ev-ffvc1156-2-e,5,239.728145,46,26,1,1,5,cyclic_4_1,cyclic_8_1,complete_1,unroll_2,unroll_2,unroll_4,1,8.25,0.673668700227,False
workload_673.cpp,xczu7ev-ffvc1156-2-e,5,465.72517,528,26,0,14,62,cyclic_4_1,cyclic_8_1,cyclic_2_1,unroll_4,unroll_32,pipeline_1,1,25.5,0.140806645769,False
workload_1122.cpp,xczu7ev-ffvc1156-2-e,5,150.77703,48,26,0,1,6,cyclic_64_1,block_2_1,complete_1,unroll_2,unroll_2,unroll_2,1,8.25,0.965715717312,False
workload_1388.cpp,xczu7ev-ffvc1156-2-e,5,49.54467,1219,36,1,32,61,cyclic_64_1,block_4_1,complete_1,unroll_2,pipeline_1,unroll_64,1,32.5,0.459169452119,False
workload_1294.cpp,xczu7ev-ffvc1156-2-e,5,190.04747,65,26,1,2,11,cyclic_64_1,cyclic_2_1,complete_1,unroll_2,unroll_2,unroll_8,1,10,0.816969458331,False
workload_1129.cpp,xczu7ev-ffvc1156-2-e,5,150.77703,53,27,0,1,5,cyclic_64_1,cyclic_4_1,complete_1,unroll_2,unroll_2,unroll_2,1,8.25,0.965715717312,False
workload_1334.cpp,xczu7ev-ffvc1156-2-e,5,49.72011,1438,72,1,49,80,cyclic_8_1,block_128_1,complete_1,unroll_2,pipeline_1,unroll_8,1,50.5,0.156952434479,False
workload_1192.cpp,xczu7ev-ffvc1156-2-e,5,49.544035,996,32,1,13,43,cyclic_8_1,block_2_1,block_2_1,unroll_2,pipeline_1,pipeline_1,1,22.25,0.634997362872,False
workload_1045.cpp,xczu7ev-ffvc1156-2-e,5,49.544035,921,32,1,13,43,cyclic_8_1,block_2_1,block_2_1,unroll_2,pipeline_1,unroll_64,1,22.25,0.634997362872,False
workload_859.cpp,xczu7ev-ffvc1156-2-e,5,214.356155,302,25,0,18,31,cyclic_8_1,block_2_1,block_2_1,unroll_2,unroll_4,unroll_32,1,18.5,0.630702287835,False
workload_1328.cpp,xczu7ev-ffvc1156-2-e,5,49.54399,949,32,1,13,43,cyclic_8_1,block_2_1,complete_1,unroll_2,pipeline_1,unroll_2,1,22.25,0.634997326797,False
workload_1224.cpp,xczu7ev-ffvc1156-2-e,5,49.54399,783,32,1,13,43,cyclic_8_1,block_2_1,complete_1,unroll_2,pipeline_1,unroll_4,1,22.25,0.634997326797,False
workload_1188.cpp,xczu7ev-ffvc1156-2-e,5,49.54399,825,32,1,13,43,cyclic_8_1,block_2_1,complete_1,unroll_2,pipeline_1,unroll_64,1,22.25,0.634997326797,False
workload_1274.cpp,xczu7ev-ffvc1156-2-e,5,143.28907,148,25,0,9,17,cyclic_8_1,block_2_1,complete_1,unroll_2,unroll_2,unroll_32,1,12.75,0.88031818883,False
workload_1130.cpp,xczu7ev-ffvc1156-2-e,5,143.03947,322,25,0,18,31,cyclic_8_1,block_2_1,complete_1,unroll_2,unroll_2,unroll_64,1,18.5,0.770331667608,False
workload_1269.cpp,xczu7ev-ffvc1156-2-e,5,144.95307,61,25,0,3,7,cyclic_8_1,block_2_1,complete_1,unroll_2,unroll_2,unroll_8,1,8.75,0.96111405708,False
workload_1197.cpp,xczu7ev-ffvc1156-2-e,5,49.543355,989,32,1,13,43,cyclic_8_1,block_2_1,cyclic_2_1,unroll_2,pipeline_1,pipeline_1,1,22.25,0.63499681773,False
workload_1200.cpp,xczu7ev-ffvc1156-2-e,5,49.543355,976,32,1,13,43,cyclic_8_1,block_2_1,cyclic_2_1,unroll_2,pipeline_1,unroll_2,1,22.25,0.63499681773,False
workload_1133.cpp,xczu7ev-ffvc1156-2-e,5,49.543355,895,32,1,13,43,cyclic_8_1,block_2_1,cyclic_2_1,unroll_2,pipeline_1,unroll_4,1,22.25,0.63499681773,False
workload_1227.cpp,xczu7ev-ffvc1156-2-e,5,49.543355,957,32,1,13,43,cyclic_8_1,block_2_1,cyclic_2_1,unroll_2,pipeline_1,unroll_8,1,22.25,0.63499681773,False
workload_1270.cpp,xczu7ev-ffvc1156-2-e,5,143.788315,85,25,0,5,10,cyclic_8_1,block_2_1,cyclic_2_1,unroll_2,unroll_2,unroll_16,1,10,0.935456724629,False
workload_1219.cpp,xczu7ev-ffvc1156-2-e,5,150.777115,49,25,0,1,5,cyclic_8_1,block_2_1,cyclic_2_1,unroll_2,unroll_2,unroll_2,1,7.75,0.981329507965,False
workload_1184.cpp,xczu7ev-ffvc1156-2-e,5,144.953115,53,25,0,3,7,cyclic_8_1,block_2_1,cyclic_2_1,unroll_2,unroll_2,unroll_8,1,8.75,0.961114080706,False
workload_902.cpp,xczu7ev-ffvc1156-2-e,5,145.389865,507,26,15,20,36,cyclic_8_1,block_4_1,block_2_1,unroll_17,unroll_2,unroll_8,1,24.25,0.574981657985,False
workload_912.cpp,xczu7ev-ffvc1156-2-e,5,164.380475,41,26,0,2,5,cyclic_8_1,block_4_1,block_2_1,unroll_2,unroll_2,pipeline_1,1,8.25,0.93072279069,False
workload_1109.cpp,xczu7ev-ffvc1156-2-e,5,49.54467,1116,35,1,32,61,cyclic_8_1,block_4_1,complete_1,unroll_2,pipeline_1,unroll_8,1,32.25,0.462442486158,False
workload_889.cpp,xczu7ev-ffvc1156-2-e,5,180.354875,43,26,1,2,5,cyclic_8_1,block_4_1,cyclic_4_1,unroll_2,unroll_2,pipeline_1,1,8.5,0.872805600031,False
workload_769.cpp,xczu7ev-ffvc1156-2-e,5,190.302315,91,31,2,3,15,cyclic_8_1,block_64_1,block_2_1,unroll_2,unroll_2,unroll_8,1,12.75,0.777527927923,False
workload_1157.cpp,xczu7ev-ffvc1156-2-e,5,196.12623,55,31,1,2,8,cyclic_8_1,block_64_1,complete_1,unroll_2,unroll_2,unroll_2,1,10.5,0.790836060329,False
workload_853.cpp,xczu7ev-ffvc1156-2-e,5,192.46547,53,26,1,2,6,cyclic_8_1,block_8_1,complete_1,unroll_2,unroll_2,unroll_4,1,8.75,0.827791734528,False
workload_613.cpp,xczu7ev-ffvc1156-2-e,5,233.067115,71,26,1,2,11,cyclic_8_1,cyclic_16_1,block_2_1,unroll_2,unroll_2,unroll_16,1,10,0.681091459733,False
workload_632.cpp,xczu7ev-ffvc1156-2-e,5,231.319915,261,26,2,4,29,cyclic_8_1,cyclic_16_1,block_2_1,unroll_2,unroll_2,unroll_64,1,15.25,0.625704775619,False
workload_735.cpp,xczu7ev-ffvc1156-2-e,5,235.396715,61,26,1,1,8,cyclic_8_1,cyclic_16_1,block_2_1,unroll_2,unroll_2,unroll_8,1,9,0.683236391949,False
workload_677.cpp,xczu7ev-ffvc1156-2-e,5,328.364555,125,26,1,3,17,cyclic_8_1,cyclic_16_1,block_2_1,unroll_2,unroll_4,unroll_16,1,11.75,0.410027046961,False
workload_717.cpp,xczu7ev-ffvc1156-2-e,5,327.181835,236,26,1,4,29,cyclic_8_1,cyclic_16_1,block_2_1,unroll_2,unroll_4,unroll_32,1,15,0.395266132561,False
workload_742.cpp,xczu7ev-ffvc1156-2-e,5,326.590475,595,26,1,6,53,cyclic_8_1,cyclic_16_1,block_2_1,unroll_2,unroll_4,unroll_64,1,21.5,0.35285071515,False
workload_857.cpp,xczu7ev-ffvc1156-2-e,5,233.067115,75,26,1,2,11,cyclic_8_1,cyclic_16_1,block_4_1,unroll_2,unroll_2,unroll_16,1,10,0.681091459733,False
workload_757.cpp,xczu7ev-ffvc1156-2-e,5,328.36451,122,26,1,3,17,cyclic_8_1,cyclic_16_1,complete_1,unroll_2,unroll_4,unroll_16,1,11.75,0.410027149937,False
workload_771.cpp,xczu7ev-ffvc1156-2-e,5,377.618635,72,26,0,2,12,cyclic_8_1,cyclic_16_1,cyclic_2_1,unroll_2,unroll_8,pipeline_1,1,10,0.312907921907,False
workload_791.cpp,xczu7ev-ffvc1156-2-e,5,225.527275,43,26,0,1,5,cyclic_8_1,cyclic_16_1,cyclic_4_1,unroll_2,unroll_2,pipeline_1,1,8,0.721042604511,False
workload_845.cpp,xczu7ev-ffvc1156-2-e,5,164.193145,117,25,0,4,19,cyclic_8_1,cyclic_2_1,block_2_1,unroll_17,unroll_2,pipeline_1,1,12,0.856695347931,False
workload_815.cpp,xczu7ev-ffvc1156-2-e,5,190.047465,198,25,1,6,23,cyclic_8_1,cyclic_2_1,block_2_1,unroll_17,unroll_2,unroll_8,1,13.75,0.759525393934,False
workload_1104.cpp,xczu7ev-ffvc1156-2-e,5,49.543355,963,25,1,13,44,cyclic_8_1,cyclic_2_1,block_2_1,unroll_2,pipeline_1,pipeline_1,1,20.75,0.680743959358,False
workload_1163.cpp,xczu7ev-ffvc1156-2-e,5,49.543355,906,25,1,13,44,cyclic_8_1,cyclic_2_1,block_2_1,unroll_2,pipeline_1,unroll_2,1,20.75,0.680743959358,False
workload_1044.cpp,xczu7ev-ffvc1156-2-e,5,49.543355,918,25,1,13,44,cyclic_8_1,cyclic_2_1,block_2_1,unroll_2,pipeline_1,unroll_4,1,20.75,0.680743959358,False
workload_1146.cpp,xczu7ev-ffvc1156-2-e,5,49.543355,954,25,1,13,44,cyclic_8_1,cyclic_2_1,block_2_1,unroll_2,pipeline_1,unroll_64,1,20.75,0.680743959358,False
workload_961.cpp,xczu7ev-ffvc1156-2-e,5,164.203675,42,25,0,1,4,cyclic_8_1,cyclic_2_1,block_2_1,unroll_2,unroll_2,pipeline_1,1,7.5,0.944345688787,False
workload_1131.cpp,xczu7ev-ffvc1156-2-e,5,194.706715,48,25,1,1,5,cyclic_8_1,cyclic_2_1,block_2_1,unroll_2,unroll_2,unroll_4,1,8,0.827641241893,False
workload_927.cpp,xczu7ev-ffvc1156-2-e,5,164.203655,51,25,0,2,7,cyclic_8_1,cyclic_2_1,block_2_1,unroll_4,unroll_2,pipeline_1,1,8.5,0.924555890384,False
workload_817.cpp,xczu7ev-ffvc1156-2-e,5,194.70658,154,25,1,5,21,cyclic_8_1,cyclic_2_1,complete_1,unroll_17,unroll_2,unroll_4,1,13,0.761331901248,False
workload_1378.cpp,xczu7ev-ffvc1156-2-e,5,49.54331,785,25,1,13,44,cyclic_8_1,cyclic_2_1,complete_1,unroll_2,pipeline_1,pipeline_1,1,20.75,0.680743990274,False
workload_1325.cpp,xczu7ev-ffvc1156-2-e,5,49.54331,848,25,1,13,44,cyclic_8_1,cyclic_2_1,complete_1,unroll_2,pipeline_1,unroll_16,1,20.75,0.680743990274,False
workload_1303.cpp,xczu7ev-ffvc1156-2-e,5,49.54331,982,25,1,13,44,cyclic_8_1,cyclic_2_1,complete_1,unroll_2,pipeline_1,unroll_2,1,20.75,0.680743990274,False
workload_1162.cpp,xczu7ev-ffvc1156-2-e,5,49.54331,902,25,1,13,44,cyclic_8_1,cyclic_2_1,complete_1,unroll_2,pipeline_1,unroll_4,1,20.75,0.680743990274,False
workload_1357.cpp,xczu7ev-ffvc1156-2-e,5,49.54331,1017,25,1,13,44,cyclic_8_1,cyclic_2_1,complete_1,unroll_2,pipeline_1,unroll_64,1,20.75,0.680743990274,False
workload_873.cpp,xczu7ev-ffvc1156-2-e,5,164.20359,43,25,0,1,4,cyclic_8_1,cyclic_2_1,complete_1,unroll_2,unroll_2,pipeline_1,1,7.5,0.94434601512,False
workload_1125.cpp,xczu7ev-ffvc1156-2-e,5,204.02503,44,25,0,1,4,cyclic_8_1,cyclic_2_1,complete_1,unroll_2,unroll_2,unroll_2,1,7.5,0.796493971642,False
workload_1182.cpp,xczu7ev-ffvc1156-2-e,5,194.70663,43,25,1,1,5,cyclic_8_1,cyclic_2_1,complete_1,unroll_2,unroll_2,unroll_4,1,8,0.827641545546,False
workload_876.cpp,xczu7ev-ffvc1156-2-e,5,164.20357,49,25,0,2,7,cyclic_8_1,cyclic_2_1,complete_1,unroll_4,unroll_2,pipeline_1,1,8.5,0.924556126898,False
workload_1198.cpp,xczu7ev-ffvc1156-2-e,5,49.543355,1014,25,1,13,44,cyclic_8_1,cyclic_2_1,cyclic_2_1,unroll_2,pipeline_1,unroll_4,1,20.75,0.680743959358,False
workload_988.cpp,xczu7ev-ffvc1156-2-e,5,180.178075,42,25,0,1,4,cyclic_8_1,cyclic_2_1,cyclic_2_1,unroll_2,unroll_2,pipeline_1,1,7.5,0.883552268111,False
workload_1140.cpp,xczu7ev-ffvc1156-2-e,5,49.543355,931,25,1,13,44,cyclic_8_1,cyclic_2_1,cyclic_4_1,unroll_2,pipeline_1,unroll_2,1,20.75,0.680743959358,False
workload_773.cpp,xczu7ev-ffvc1156-2-e,5,231.319915,435,31,2,4,42,cyclic_8_1,cyclic_32_1,block_2_1,unroll_2,unroll_2,unroll_64,1,19.75,0.573052273182,False
workload_1169.cpp,xczu7ev-ffvc1156-2-e,5,49.54331,1081,26,2,15,47,cyclic_8_1,cyclic_4_1,complete_1,unroll_2,pipeline_1,unroll_4,1,22.5,0.627410328058,False
workload_1144.cpp,xczu7ev-ffvc1156-2-e,5,49.54331,1078,26,2,15,47,cyclic_8_1,cyclic_4_1,complete_1,unroll_2,pipeline_1,unroll_8,1,22.5,0.627410328058,False
workload_922.cpp,xczu7ev-ffvc1156-2-e,5,187.71787,67,26,1,2,8,cyclic_8_1,cyclic_4_1,complete_1,unroll_2,unroll_2,unroll_16,1,9.25,0.835242285551,False
workload_874.cpp,xczu7ev-ffvc1156-2-e,5,235.49207,46,26,0,1,6,cyclic_8_1,cyclic_4_1,complete_1,unroll_2,unroll_4,pipeline_1,1,8.25,0.68730067901,False
workload_831.cpp,xczu7ev-ffvc1156-2-e,5,172.190875,44.5,26,0,1,4,cyclic_8_1,cyclic_4_1,cyclic_2_1,unroll_2,unroll_2,pipeline_1,2,7.75,0.911933784099,False
workload_793.cpp,xczu7ev-ffvc1156-2-e,5,209.552875,50,31,0,1,8,cyclic_8_1,cyclic_64_1,block_2_1,unroll_2,unroll_2,pipeline_1,1,10,0.753635915784,False
workload_777.cpp,xczu7ev-ffvc1156-2-e,5,327.181835,1009,31,0,5,91,cyclic_8_1,cyclic_64_1,block_2_1,unroll_2,unroll_4,unroll_32,1,31.75,0.234070516491,False
workload_274.cpp,xczu7ev-ffvc1156-2-e,10,301.21348,3299,46,56,20,66,block_128_1,block_2_1,complete_1,unroll_17,unroll_2,unroll_2,1,47,0.117970865727,False
workload_545.cpp,xczu7ev-ffvc1156-2-e,10,298.88406,127,47,8,3,12,block_128_1,block_4_1,complete_1,unroll_2,unroll_2,unroll_2,1,17.5,0.593006706975,False
workload_327.cpp,xczu7ev-ffvc1156-2-e,10,308.44191,58,46,4,9,20,block_128_1,cyclic_2_1,block_2_1,unroll_2,unroll_2,pipeline_1,1,19.75,0.509695011527,False
workload_374.cpp,xczu7ev-ffvc1156-2-e,10,298.88406,123,46,7,2,11,block_128_1,cyclic_2_1,complete_1,unroll_2,unroll_2,unroll_2,1,16.5,0.632128329306,False
workload_405.cpp,xczu7ev-ffvc1156-2-e,10,288.90015,95,33,28,9,16,block_16_1,block_2_1,cyclic_2_1,unroll_2,unroll_2,unroll_8,1,21.5,0.463866320566,False
workload_366.cpp,xczu7ev-ffvc1156-2-e,10,292.22815,57,34,14,4,9,block_16_1,cyclic_4_1,cyclic_4_1,unroll_2,unroll_2,unroll_4,1,15.25,0.683448389632,False
workload_180.cpp,xczu7ev-ffvc1156-2-e,10,379.59855,147,39,28,8,24,block_16_1,cyclic_64_1,block_2_1,unroll_2,unroll_2,unroll_8,1,24.75,0.341121204391,False
workload_129.cpp,xczu7ev-ffvc1156-2-e,10,688.43998,301,41,1,35,81,block_2_1,block_128_1,cyclic_2_1,unroll_2,unroll_8,pipeline_1,1,39.5,0.100354699717,False
workload_184.cpp,xczu7ev-ffvc1156-2-e,10,300.55811,203,24,0,19,31,block_2_1,block_2_1,complete_1,unroll_17,unroll_2,unroll_2,1,18.5,0.555267295088,False
workload_154.cpp,xczu7ev-ffvc1156-2-e,10,14.33757,1079,24,0,27,76,block_2_1,block_2_1,complete_1,unroll_2,pipeline_1,pipeline_1,3,31.75,0.42563992256,False
workload_273.cpp,xczu7ev-ffvc1156-2-e,10,14.33757,1136,24,0,27,76,block_2_1,block_2_1,complete_1,unroll_2,pipeline_1,unroll_16,1,31.75,0.42563992256,False
workload_424.cpp,xczu7ev-ffvc1156-2-e,10,14.33757,1197,24,0,27,76,block_2_1,block_2_1,complete_1,unroll_2,pipeline_1,unroll_2,1,31.75,0.42563992256,False
workload_391.cpp,xczu7ev-ffvc1156-2-e,10,14.33757,1074,24,0,27,76,block_2_1,block_2_1,complete_1,unroll_2,pipeline_1,unroll_4,1,31.75,0.42563992256,False
workload_343.cpp,xczu7ev-ffvc1156-2-e,10,307.77597,41,24,0,9,16,block_2_1,block_2_1,complete_1,unroll_2,unroll_2,pipeline_1,1,12.25,0.81146240719,False
workload_342.cpp,xczu7ev-ffvc1156-2-e,10,298.22869,45,24,0,3,6,block_2_1,block_2_1,complete_1,unroll_2,unroll_2,unroll_2,1,8.25,0.962429495744,False
workload_163.cpp,xczu7ev-ffvc1156-2-e,10,291.57269,56,24,0,5,9,block_2_1,block_2_1,complete_1,unroll_2,unroll_2,unroll_4,1,9.5,0.933866038097,False
workload_475.cpp,xczu7ev-ffvc1156-2-e,10,288.24469,74,24,0,9,14,block_2_1,block_2_1,complete_1,unroll_2,unroll_2,unroll_8,1,11.75,0.838619348214,False
workload_430.cpp,xczu7ev-ffvc1156-2-e,10,14.3363,1211,24,0,27,76,block_2_1,block_2_1,cyclic_2_1,unroll_2,pipeline_1,pipeline_1,1,31.75,1,True
workload_297.cpp,xczu7ev-ffvc1156-2-e,10,298.22878,46,24,0,3,6,block_2_1,block_2_1,cyclic_2_1,unroll_2,unroll_2,unroll_2,1,8.25,0.962429409163,False
workload_364.cpp,xczu7ev-ffvc1156-2-e,10,291.57278,54,24,0,5,9,block_2_1,block_2_1,cyclic_2_1,unroll_2,unroll_2,unroll_4,1,9.5,0.933865986438,False
workload_328.cpp,xczu7ev-ffvc1156-2-e,10,288.24478,75,24,0,9,14,block_2_1,block_2_1,cyclic_2_1,unroll_2,unroll_2,unroll_8,1,11.75,0.838619354822,False
workload_497.cpp,xczu7ev-ffvc1156-2-e,10,14.33766,1217,24,0,27,76,block_2_1,block_2_1,cyclic_4_1,unroll_2,pipeline_1,pipeline_1,1,31.75,0.42563988856,False
workload_440.cpp,xczu7ev-ffvc1156-2-e,10,307.77614,47,24,0,9,16,block_2_1,block_2_1,cyclic_4_1,unroll_2,unroll_2,pipeline_1,1,12.25,0.811462330033,False
workload_261.cpp,xczu7ev-ffvc1156-2-e,10,382.27118,59,26,1,5,12,block_2_1,block_32_1,block_4_1,unroll_2,unroll_2,unroll_4,1,11,0.763705867248,False
workload_429.cpp,xczu7ev-ffvc1156-2-e,10,14.33893,1295,25,0,45,94,block_2_1,block_4_1,complete_1,unroll_2,pipeline_1,unroll_8,1,41,0.210092763904,False
workload_398.cpp,xczu7ev-ffvc1156-2-e,10,291.57269,54,25,1,5,9,block_2_1,block_4_1,complete_1,unroll_2,unroll_2,unroll_4,1,10,0.921507494346,False
workload_367.cpp,xczu7ev-ffvc1156-2-e,10,288.24469,77,25,2,9,14,block_2_1,block_4_1,complete_1,unroll_2,unroll_2,unroll_8,1,12.5,0.803842124961,False
workload_335.cpp,xczu7ev-ffvc1156-2-e,10,450.05629,53,25,1,18,31,block_2_1,block_4_1,complete_1,unroll_2,unroll_4,pipeline_1,1,18.75,0.468174822816,False
workload_326.cpp,xczu7ev-ffvc1156-2-e,10,291.57278,55,25,1,5,9,block_2_1,block_4_1,cyclic_2_1,unroll_2,unroll_2,unroll_4,1,10,0.921507440693,False
workload_263.cpp,xczu7ev-ffvc1156-2-e,10,300.55828,187,25,4,19,32,block_2_1,block_4_1,cyclic_4_1,unroll_17,unroll_2,unroll_2,1,20,0.501615781817,False
workload_224.cpp,xczu7ev-ffvc1156-2-e,10,307.77614,46,25,1,9,16,block_2_1,block_4_1,cyclic_4_1,unroll_2,unroll_2,pipeline_1,1,12.75,0.789218703449,False
workload_162.cpp,xczu7ev-ffvc1156-2-e,10,398.47454,51,31,1,9,20,block_2_1,block_64_1,block_4_1,unroll_2,unroll_2,pipeline_1,1,15.25,0.620059576144,False
workload_122.cpp,xczu7ev-ffvc1156-2-e,10,382.27118,74,31,1,5,14,block_2_1,block_64_1,block_4_1,unroll_2,unroll_2,unroll_4,1,12.75,0.717381955218,False
workload_83.cpp,xczu7ev-ffvc1156-2-e,10,378.94318,117,31,2,9,23,block_2_1,block_64_1,block_4_1,unroll_2,unroll_2,unroll_8,1,16.25,0.604740742692,False
workload_264.cpp,xczu7ev-ffvc1156-2-e,10,382.27109,70,31,1,5,14,block_2_1,block_64_1,complete_1,unroll_2,unroll_2,unroll_4,1,12.75,0.717382075885,False
workload_217.cpp,xczu7ev-ffvc1156-2-e,10,398.47437,46,26,1,9,16,block_2_1,block_8_1,complete_1,unroll_2,unroll_2,pipeline_1,1,13,0.688111118823,False
workload_561.cpp,xczu7ev-ffvc1156-2-e,10,14.3363,1135,24,0,27,77,block_2_1,cyclic_2_1,block_2_1,unroll_2,pipeline_1,unroll_16,1,32,0.422184057076,False
workload_302.cpp,xczu7ev-ffvc1156-2-e,10,300.55811,168,24,0,16,27,block_2_1,cyclic_2_1,complete_1,unroll_17,unroll_2,unroll_2,1,16.75,0.622076667606,False
workload_464.cpp,xczu7ev-ffvc1156-2-e,10,14.33621,1100.5,24,0,27,77,block_2_1,cyclic_2_1,complete_1,unroll_2,pipeline_1,pipeline_1,2,32,1,True
workload_427.cpp,xczu7ev-ffvc1156-2-e,10,14.33621,1206,24,0,27,77,block_2_1,cyclic_2_1,complete_1,unroll_2,pipeline_1,unroll_16,1,32,1,True
workload_425.cpp,xczu7ev-ffvc1156-2-e,10,14.33621,1197,24,0,27,77,block_2_1,cyclic_2_1,complete_1,unroll_2,pipeline_1,unroll_4,1,32,1,True
workload_428.cpp,xczu7ev-ffvc1156-2-e,10,14.33621,1162.5,24,0,27,77,block_2_1,cyclic_2_1,complete_1,unroll_2,pipeline_1,unroll_8,2,32,1,True
workload_294.cpp,xczu7ev-ffvc1156-2-e,10,307.77597,45,24,0,9,15,block_2_1,cyclic_2_1,complete_1,unroll_2,unroll_2,pipeline_1,1,12,0.82261961776,False
workload_401.cpp,xczu7ev-ffvc1156-2-e,10,298.22869,45,24,0,2,6,block_2_1,cyclic_2_1,complete_1,unroll_2,unroll_2,unroll_2,1,8,0.972276919609,False
workload_521.cpp,xczu7ev-ffvc1156-2-e,10,291.57269,51,24,0,4,8,block_2_1,cyclic_2_1,complete_1,unroll_2,unroll_2,unroll_4,1,9,0.941696890989,False
workload_420.cpp,xczu7ev-ffvc1156-2-e,10,285.20789,948,24,0,54,76,block_2_1,cyclic_2_1,complete_1,unroll_2,unroll_2,unroll_64,1,38.5,0.210264015369,False
workload_400.cpp,xczu7ev-ffvc1156-2-e,10,288.24469,71,24,0,7,12,block_2_1,cyclic_2_1,complete_1,unroll_2,unroll_2,unroll_8,1,10.75,0.886228671527,False
workload_447.cpp,xczu7ev-ffvc1156-2-e,10,430.58357,108,24,0,14,22,block_2_1,cyclic_2_1,complete_1,unroll_2,unroll_4,unroll_8,1,15,0.591436397699,False
workload_279.cpp,xczu7ev-ffvc1156-2-e,10,307.77614,41,24,0,8,15,block_2_1,cyclic_2_1,cyclic_2_1,unroll_2,unroll_2,pipeline_1,2,11.75,0.83377119748,False
workload_330.cpp,xczu7ev-ffvc1156-2-e,10,298.22878,43,24,0,2,6,block_2_1,cyclic_2_1,cyclic_2_1,unroll_2,unroll_2,unroll_2,1,8,0.97227685312,False
workload_271.cpp,xczu7ev-ffvc1156-2-e,10,285.20798,854,24,0,53,76,block_2_1,cyclic_2_1,cyclic_2_1,unroll_2,unroll_2,unroll_64,1,38.25,0.213613285119,False
workload_303.cpp,xczu7ev-ffvc1156-2-e,10,288.24478,72,24,0,7,12,block_2_1,cyclic_2_1,cyclic_2_1,unroll_2,unroll_2,unroll_8,1,10.75,0.88622867816,False
workload_414.cpp,xczu7ev-ffvc1156-2-e,10,307.7761,49,24,0,17,29,block_2_1,cyclic_2_1,cyclic_2_1,unroll_4,unroll_2,pipeline_1,1,17.5,0.592106108389,False
workload_380.cpp,xczu7ev-ffvc1156-2-e,10,300.55828,169,24,0,16,27,block_2_1,cyclic_2_1,cyclic_4_1,unroll_17,unroll_2,unroll_2,1,16.75,0.622076652727,False
workload_449.cpp,xczu7ev-ffvc1156-2-e,10,307.77614,42,24,0,9,15,block_2_1,cyclic_2_1,cyclic_4_1,unroll_2,unroll_2,pipeline_1,1,12,0.822619533242,False
workload_486.cpp,xczu7ev-ffvc1156-2-e,10,298.22878,46,24,0,2,6,block_2_1,cyclic_2_1,cyclic_4_1,unroll_2,unroll_2,unroll_2,1,8,0.97227685312,False
workload_498.cpp,xczu7ev-ffvc1156-2-e,10,14.33621,1368,25,0,29,79,block_2_1,cyclic_4_1,complete_1,unroll_2,pipeline_1,unroll_4,1,33.25,0.386474897924,False
workload_446.cpp,xczu7ev-ffvc1156-2-e,10,298.22869,43,25,0,2,6,block_2_1,cyclic_4_1,complete_1,unroll_2,unroll_2,unroll_2,1,8.25,0.962429495744,False
workload_373.cpp,xczu7ev-ffvc1156-2-e,10,288.24469,69,25,0,7,13,block_2_1,cyclic_4_1,complete_1,unroll_2,unroll_2,unroll_8,1,11.25,0.862251097456,False
workload_319.cpp,xczu7ev-ffvc1156-2-e,10,307.77614,42,25,0,8,15,block_2_1,cyclic_4_1,cyclic_2_1,unroll_2,unroll_2,pipeline_1,1,12,0.822619533242,False
workload_87.cpp,xczu7ev-ffvc1156-2-e,10,285.20798,944,25,0,53,77,block_2_1,cyclic_4_1,cyclic_2_1,unroll_2,unroll_2,unroll_64,1,38.75,0.206933258097,False
workload_62.cpp,xczu7ev-ffvc1156-2-e,10,534.50702,69,25,0,33,56,block_2_1,cyclic_4_1,cyclic_2_1,unroll_2,unroll_8,pipeline_1,1,28.5,0.205743435938,False
workload_181.cpp,xczu7ev-ffvc1156-2-e,10,514.6291,263,25,0,28,42,block_2_1,cyclic_4_1,cyclic_2_1,unroll_2,unroll_8,unroll_8,1,23.75,0.301773294846,False
workload_128.cpp,xczu7ev-ffvc1156-2-e,10,377.11278,213,31,0,14,39,block_2_1,cyclic_64_1,block_2_1,unroll_2,unroll_2,unroll_16,1,21,0.448986452521,False
workload_1.cpp,xczu7ev-ffvc1156-2-e,10,378.94318,108,31,0,7,22,block_2_1,cyclic_64_1,block_2_1,unroll_2,unroll_2,unroll_8,1,15,0.647746807274,False
workload_221.cpp,xczu7ev-ffvc1156-2-e,10,378.94309,107,31,0,7,22,block_2_1,cyclic_64_1,complete_1,unroll_2,unroll_2,unroll_8,1,15,0.647746892848,False
workload_170.cpp,xczu7ev-ffvc1156-2-e,10,378.94318,103,31,0,7,22,block_2_1,cyclic_64_1,cyclic_2_1,unroll_2,unroll_2,unroll_8,1,15,0.647746807274,False
workload_205.cpp,xczu7ev-ffvc1156-2-e,10,572.2619,74,26,0,8,15,block_2_1,cyclic_8_1,block_4_1,unroll_2,unroll_4,unroll_4,1,12.25,0.445649072657,False
workload_351.cpp,xczu7ev-ffvc1156-2-e,10,375.90638,939,26,0,53,80,block_2_1,cyclic_8_1,cyclic_2_1,unroll_2,unroll_2,unroll_64,1,39.75,0.164976555314,False
workload_105.cpp,xczu7ev-ffvc1156-2-e,10,688.43998,64,26,0,33,56,block_2_1,cyclic_8_1,cyclic_2_1,unroll_2,unroll_8,pipeline_1,1,28.75,0.144182145166,False
workload_127.cpp,xczu7ev-ffvc1156-2-e,10,684.40334,139,26,0,15,26,block_2_1,cyclic_8_1,cyclic_2_1,unroll_2,unroll_8,unroll_4,1,16.75,0.272221314504,False
workload_166.cpp,xczu7ev-ffvc1156-2-e,10,688.43998,67,26,0,33,56,block_2_1,cyclic_8_1,cyclic_4_1,unroll_2,unroll_8,pipeline_1,1,28.75,0.144182145166,False
workload_123.cpp,xczu7ev-ffvc1156-2-e,10,700.93551,101,42,15,38,65,block_32_1,block_16_1,cyclic_4_1,unroll_2,unroll_8,pipeline_1,1,40,0.1,False
workload_179.cpp,xczu7ev-ffvc1156-2-e,10,378.94318,164,42,0,7,37,block_4_1,cyclic_128_1,block_2_1,unroll_2,unroll_2,unroll_8,1,21.5,0.432954177021,False
workload_231.cpp,xczu7ev-ffvc1156-2-e,10,514.6291,316,26,0,28,58,block_4_1,cyclic_4_1,cyclic_4_1,unroll_2,unroll_8,unroll_8,1,28,0.221606063869,False
workload_63.cpp,xczu7ev-ffvc1156-2-e,10,378.94318,108,32,0,7,26,block_4_1,cyclic_64_1,block_2_1,unroll_2,unroll_2,unroll_8,1,16.25,0.604740742692,False
workload_171.cpp,xczu7ev-ffvc1156-2-e,10,378.94309,113,32,0,8,26,block_4_1,cyclic_64_1,complete_1,unroll_2,unroll_2,unroll_8,1,16.5,0.596140452936,False
workload_228.cpp,xczu7ev-ffvc1156-2-e,10,568.54469,217,32,0,15,49,block_4_1,cyclic_64_1,complete_1,unroll_2,unroll_4,unroll_8,1,24,0.263674978949,False
workload_212.cpp,xczu7ev-ffvc1156-2-e,10,378.94318,99,32,0,7,26,block_4_1,cyclic_64_1,cyclic_2_1,unroll_2,unroll_2,unroll_8,1,16.25,0.604740742692,False
workload_289.cpp,xczu7ev-ffvc1156-2-e,10,378.94309,80,27,0,7,17,block_4_1,cyclic_8_1,complete_1,unroll_2,unroll_2,unroll_8,1,12.75,0.721811666345,False
workload_418.cpp,xczu7ev-ffvc1156-2-e,10,379.59846,491,63,30,9,42,block_64_1,block_128_1,complete_1,unroll_2,unroll_2,unroll_8,1,36,0.202869409059,False
workload_202.cpp,xczu7ev-ffvc1156-2-e,10,308.44191,52,46,4,10,19,block_64_1,block_2_1,block_4_1,unroll_2,unroll_2,pipeline_1,1,19.75,0.509695011527,False
workload_235.cpp,xczu7ev-ffvc1156-2-e,10,301.21348,1071,46,56,20,47,block_64_1,block_2_1,complete_1,unroll_17,unroll_2,unroll_2,1,42.25,0.159678294557,False
workload_172.cpp,xczu7ev-ffvc1156-2-e,10,308.44191,56,46,4,10,19,block_64_1,block_2_1,cyclic_2_1,unroll_2,unroll_2,pipeline_1,1,19.75,0.509695011527,False
workload_287.cpp,xczu7ev-ffvc1156-2-e,10,298.88415,70,46,7,3,9,block_64_1,block_2_1,cyclic_4_1,unroll_2,unroll_2,unroll_2,1,16.25,0.642139425705,False
workload_379.cpp,xczu7ev-ffvc1156-2-e,10,292.22815,122,46,14,5,13,block_64_1,block_2_1,cyclic_4_1,unroll_2,unroll_2,unroll_4,1,19.5,0.519373298219,False
workload_347.cpp,xczu7ev-ffvc1156-2-e,10,288.90015,287,46,28,9,22,block_64_1,block_2_1,cyclic_4_1,unroll_2,unroll_2,unroll_8,1,26.25,0.369841468479,False
workload_126.cpp,xczu7ev-ffvc1156-2-e,10,399.14031,62,47,4,10,20,block_64_1,block_32_1,cyclic_4_1,unroll_2,unroll_2,pipeline_1,1,20.25,0.461040630551,False
workload_85.cpp,xczu7ev-ffvc1156-2-e,10,389.58255,85,47,8,3,10,block_64_1,block_32_1,cyclic_4_1,unroll_2,unroll_2,unroll_2,1,17,0.570998644362,False
workload_215.cpp,xczu7ev-ffvc1156-2-e,10,308.44191,55,47,4,10,19,block_64_1,block_4_1,block_2_1,unroll_2,unroll_2,pipeline_1,1,20,0.501006637198,False
workload_295.cpp,xczu7ev-ffvc1156-2-e,10,300.21514,129,47,15,5,14,block_64_1,block_4_1,complete_1,unroll_4,unroll_2,unroll_2,1,20.25,0.493016505138,False
workload_104.cpp,xczu7ev-ffvc1156-2-e,10,308.44191,52,47,4,10,19,block_64_1,block_4_1,cyclic_2_1,unroll_2,unroll_2,pipeline_1,1,20,0.501006637198,False
workload_175.cpp,xczu7ev-ffvc1156-2-e,10,298.88415,74,47,8,3,9,block_64_1,block_4_1,cyclic_2_1,unroll_2,unroll_2,unroll_2,1,16.75,0.622209357596,False
workload_227.cpp,xczu7ev-ffvc1156-2-e,10,442.39039,118,47,15,5,14,block_64_1,block_4_1,cyclic_2_1,unroll_2,unroll_4,unroll_2,1,20.25,0.43325280548,False
workload_0.cpp,xczu7ev-ffvc1156-2-e,10,308.44191,60,47,4,10,19,block_64_1,block_4_1,cyclic_4_1,unroll_2,unroll_2,pipeline_1,1,20,0.501006637198,False
workload_121.cpp,xczu7ev-ffvc1156-2-e,10,298.88415,74,47,8,3,9,block_64_1,block_4_1,cyclic_4_1,unroll_2,unroll_2,unroll_2,1,16.75,0.622209357596,False
workload_301.cpp,xczu7ev-ffvc1156-2-e,10,292.22815,117,47,15,5,13,block_64_1,block_4_1,cyclic_4_1,unroll_2,unroll_2,unroll_4,1,20,0.501843867269,False
workload_269.cpp,xczu7ev-ffvc1156-2-e,10,288.90015,305,47,30,9,22,block_64_1,block_4_1,cyclic_4_1,unroll_2,unroll_2,unroll_8,1,27,0.354212160071,False
workload_305.cpp,xczu7ev-ffvc1156-2-e,10,442.39039,123,47,15,5,14,block_64_1,block_4_1,cyclic_4_1,unroll_2,unroll_4,unroll_2,1,20.25,0.43325280548,False
workload_164.cpp,xczu7ev-ffvc1156-2-e,10,399.14031,56,47,4,10,19,block_64_1,block_8_1,block_2_1,unroll_2,unroll_2,pipeline_1,1,20,0.468653157246,False
workload_248.cpp,xczu7ev-ffvc1156-2-e,10,389.58255,69,47,7,2,9,block_64_1,cyclic_16_1,cyclic_4_1,unroll_2,unroll_2,unroll_2,1,16.25,0.595905863073,False
workload_230.cpp,xczu7ev-ffvc1156-2-e,10,382.92655,113,47,14,4,14,block_64_1,cyclic_16_1,cyclic_4_1,unroll_2,unroll_2,unroll_4,1,19.75,0.485443166831,False
workload_324.cpp,xczu7ev-ffvc1156-2-e,10,308.44174,49.5,46,4,9,18,block_64_1,cyclic_2_1,complete_1,unroll_2,unroll_2,pipeline_1,2,19.25,0.527347574916,False
workload_267.cpp,xczu7ev-ffvc1156-2-e,10,288.90006,298,46,28,8,20,block_64_1,cyclic_2_1,complete_1,unroll_2,unroll_2,unroll_8,1,25.5,0.38541534484,False
workload_254.cpp,xczu7ev-ffvc1156-2-e,10,308.4417,69,46,7,18,34,block_64_1,cyclic_2_1,complete_1,unroll_4,unroll_2,pipeline_1,1,26.25,0.358789593071,False
workload_338.cpp,xczu7ev-ffvc1156-2-e,10,300.21514,118,46,14,5,13,block_64_1,cyclic_2_1,complete_1,unroll_4,unroll_2,unroll_2,1,19.5,0.519147061698,False
workload_371.cpp,xczu7ev-ffvc1156-2-e,10,450.7169,99,46,14,36,63,block_64_1,cyclic_2_1,complete_1,unroll_4,unroll_4,pipeline_1,1,39.75,0.142195748543,False
workload_370.cpp,xczu7ev-ffvc1156-2-e,10,308.44191,52,46,4,9,18,block_64_1,cyclic_2_1,cyclic_4_1,unroll_2,unroll_2,pipeline_1,1,19.25,0.527347555805,False
workload_204.cpp,xczu7ev-ffvc1156-2-e,10,298.88415,67,46,7,2,8,block_64_1,cyclic_2_1,cyclic_4_1,unroll_2,unroll_2,unroll_2,1,15.75,0.662437318793,False
workload_404.cpp,xczu7ev-ffvc1156-2-e,10,292.22815,116,46,14,4,12,block_64_1,cyclic_2_1,cyclic_4_1,unroll_2,unroll_2,unroll_4,1,19,0.53727649021,False
workload_288.cpp,xczu7ev-ffvc1156-2-e,10,298.88406,70,47,7,3,8,block_64_1,cyclic_4_1,complete_1,unroll_2,unroll_2,unroll_2,1,16.25,0.642139432709,False
workload_340.cpp,xczu7ev-ffvc1156-2-e,10,292.22806,118,47,14,4,12,block_64_1,cyclic_4_1,complete_1,unroll_2,unroll_2,unroll_4,1,19.25,0.528278180174,False
workload_249.cpp,xczu7ev-ffvc1156-2-e,10,308.4417,69,47,7,18,34,block_64_1,cyclic_4_1,complete_1,unroll_4,unroll_2,pipeline_1,1,26.5,0.353786560202,False
workload_168.cpp,xczu7ev-ffvc1156-2-e,10,308.44191,55,47,4,9,18,block_64_1,cyclic_4_1,cyclic_4_1,unroll_2,unroll_2,pipeline_1,1,19.5,0.518475359263,False
workload_177.cpp,xczu7ev-ffvc1156-2-e,10,298.88415,68,47,7,2,8,block_64_1,cyclic_4_1,cyclic_4_1,unroll_2,unroll_2,unroll_2,1,16,0.652242492242,False
workload_339.cpp,xczu7ev-ffvc1156-2-e,10,300.21531,118,47,14,5,13,block_64_1,cyclic_4_1,cyclic_4_1,unroll_4,unroll_2,unroll_2,1,19.75,0.510343814791,False
workload_223.cpp,xczu7ev-ffvc1156-2-e,10,399.14031,58,52,4,9,21,block_64_1,cyclic_64_1,cyclic_2_1,unroll_2,unroll_2,pipeline_1,1,21.5,0.423842498172,False
workload_284.cpp,xczu7ev-ffvc1156-2-e,10,298.88406,48,28,0,3,9,block_8_1,block_2_1,complete_1,unroll_2,unroll_2,unroll_2,1,10,0.915283965255,False
workload_201.cpp,xczu7ev-ffvc1156-2-e,10,308.43151,45,28,0,9,18,block_8_1,block_2_1,cyclic_4_1,unroll_2,unroll_2,pipeline_1,1,13.75,0.74515737622,False
workload_244.cpp,xczu7ev-ffvc1156-2-e,10,298.88415,49,28,0,3,9,block_8_1,block_2_1,cyclic_4_1,unroll_2,unroll_2,unroll_2,1,10,0.915283873438,False
workload_286.cpp,xczu7ev-ffvc1156-2-e,10,308.4313,57,28,0,17,33,block_8_1,cyclic_2_1,complete_1,unroll_4,unroll_2,pipeline_1,1,19.5,0.518476510908,False
workload_333.cpp,xczu7ev-ffvc1156-2-e,10,308.43151,43,28,0,9,17,block_8_1,cyclic_2_1,cyclic_2_1,unroll_2,unroll_2,pipeline_1,1,13.5,0.756014385052,False
workload_345.cpp,xczu7ev-ffvc1156-2-e,10,307.39151,58,26,0,2,9,cyclic_128_1,block_2_1,block_2_1,unroll_2,unroll_2,pipeline_1,1,9.25,0.921562953058,False
workload_290.cpp,xczu7ev-ffvc1156-2-e,10,307.39147,80,26,0,3,15,cyclic_128_1,block_2_1,block_2_1,unroll_4,unroll_2,pipeline_1,1,11,0.8670588472,False
workload_270.cpp,xczu7ev-ffvc1156-2-e,10,46.22126,356,33,1,13,43,cyclic_128_1,block_2_1,complete_1,unroll_2,pipeline_1,pipeline_1,2,22.5,0.537334472035,False
workload_232.cpp,xczu7ev-ffvc1156-2-e,10,46.22126,333,33,1,13,43,cyclic_128_1,block_2_1,complete_1,unroll_2,pipeline_1,unroll_8,1,22.5,0.537334472035,False
workload_378.cpp,xczu7ev-ffvc1156-2-e,10,307.39134,52.5,26,0,2,9,cyclic_128_1,block_2_1,complete_1,unroll_2,unroll_2,pipeline_1,2,9.25,0.921563158082,False
workload_476.cpp,xczu7ev-ffvc1156-2-e,10,287.40246,112,26,0,5,21,cyclic_128_1,block_2_1,complete_1,unroll_2,unroll_2,unroll_16,1,13,0.781052758016,False
workload_543.cpp,xczu7ev-ffvc1156-2-e,10,298.88406,86,26,0,1,7,cyclic_128_1,block_2_1,complete_1,unroll_2,unroll_2,unroll_2,1,8.5,0.957190499345,False
workload_376.cpp,xczu7ev-ffvc1156-2-e,10,294.22486,114,26,0,2,8,cyclic_128_1,block_2_1,complete_1,unroll_2,unroll_2,unroll_4,1,9,0.941250387131,False
workload_445.cpp,xczu7ev-ffvc1156-2-e,10,289.89846,184,26,0,3,10,cyclic_128_1,block_2_1,complete_1,unroll_2,unroll_2,unroll_8,1,9.75,0.932214149992,False
workload_350.cpp,xczu7ev-ffvc1156-2-e,10,46.22262,396,36,1,31,61,cyclic_128_1,block_4_1,complete_1,unroll_2,pipeline_1,unroll_8,1,32.25,0.405995637706,False
workload_150.cpp,xczu7ev-ffvc1156-2-e,10,380.59695,168,27,2,3,11,cyclic_128_1,block_8_1,block_4_1,unroll_2,unroll_2,unroll_8,1,10.75,0.771861676833,False
workload_247.cpp,xczu7ev-ffvc1156-2-e,10,398.08974,57,27,1,2,9,cyclic_128_1,block_8_1,complete_1,unroll_2,unroll_2,pipeline_1,1,9.75,0.756901365525,False
workload_213.cpp,xczu7ev-ffvc1156-2-e,10,384.92326,126,27,1,2,9,cyclic_128_1,block_8_1,complete_1,unroll_2,unroll_2,unroll_4,1,9.75,0.780567126712,False
workload_178.cpp,xczu7ev-ffvc1156-2-e,10,380.59686,211,27,2,3,10,cyclic_128_1,block_8_1,complete_1,unroll_2,unroll_2,unroll_8,1,10.5,0.776785376233,False
workload_229.cpp,xczu7ev-ffvc1156-2-e,10,409.05135,245,27,2,5,40,cyclic_128_1,cyclic_16_1,block_2_1,unroll_2,unroll_2,unroll_64,1,18.5,0.508253070249,False
workload_438.cpp,xczu7ev-ffvc1156-2-e,10,307.03774,53,26,0,1,8,cyclic_128_1,cyclic_2_1,complete_1,unroll_2,unroll_2,pipeline_1,2,8.75,0.939377576551,False
workload_448.cpp,xczu7ev-ffvc1156-2-e,10,294.22486,110,26,0,1,7,cyclic_128_1,cyclic_2_1,complete_1,unroll_2,unroll_2,unroll_4,1,8.5,0.962190124326,False
workload_304.cpp,xczu7ev-ffvc1156-2-e,10,289.89846,180,26,0,1,8,cyclic_128_1,cyclic_2_1,complete_1,unroll_2,unroll_2,unroll_8,1,8.75,0.953965422703,False
workload_567.cpp,xczu7ev-ffvc1156-2-e,10,436.64566,345,26,0,2,11,cyclic_128_1,cyclic_2_1,complete_1,unroll_2,unroll_4,unroll_4,1,9.75,0.690277454698,False
workload_547.cpp,xczu7ev-ffvc1156-2-e,10,289.89846,170,27,0,1,8,cyclic_128_1,cyclic_4_1,complete_1,unroll_2,unroll_2,unroll_8,1,9,0.941534986712,False
workload_323.cpp,xczu7ev-ffvc1156-2-e,10,397.73631,52,27,0,1,8,cyclic_128_1,cyclic_8_1,cyclic_4_1,unroll_2,unroll_2,pipeline_1,1,9,0.773019959827,False
workload_344.cpp,xczu7ev-ffvc1156-2-e,10,301.21365,141,26,0,7,26,cyclic_16_1,block_2_1,block_2_1,unroll_17,unroll_2,unroll_2,1,14.75,0.703842823781,False
workload_258.cpp,xczu7ev-ffvc1156-2-e,10,301.21348,140,26,0,7,26,cyclic_16_1,block_2_1,complete_1,unroll_17,unroll_2,unroll_2,1,14.75,0.703842847447,False
workload_417.cpp,xczu7ev-ffvc1156-2-e,10,46.22135,383,33,1,12,43,cyclic_16_1,block_2_1,cyclic_4_1,unroll_2,pipeline_1,pipeline_1,1,22.25,0.545516023642,False
workload_253.cpp,xczu7ev-ffvc1156-2-e,10,398.08991,44,28,0,2,5,cyclic_16_1,block_8_1,block_4_1,unroll_2,unroll_2,pipeline_1,1,8.75,0.776600407716,False
workload_169.cpp,xczu7ev-ffvc1156-2-e,10,411.54714,103,28,2,3,18,cyclic_16_1,cyclic_16_1,complete_1,unroll_4,unroll_2,unroll_16,1,12.75,0.676177620848,False
workload_255.cpp,xczu7ev-ffvc1156-2-e,10,486.99583,50,26,0,1,7,cyclic_16_1,cyclic_2_1,block_2_1,unroll_2,unroll_4,unroll_2,1,8.5,0.615777426037,False
workload_557.cpp,xczu7ev-ffvc1156-2-e,10,46.2199,369,26,1,12,43,cyclic_16_1,cyclic_2_1,complete_1,unroll_2,pipeline_1,pipeline_1,2,20.5,0.603642586854,False
workload_584.cpp,xczu7ev-ffvc1156-2-e,10,46.2199,377,26,1,12,43,cyclic_16_1,cyclic_2_1,complete_1,unroll_2,pipeline_1,unroll_8,1,20.5,0.603642586854,False
workload_519.cpp,xczu7ev-ffvc1156-2-e,10,330.83278,45,26,1,1,5,cyclic_16_1,cyclic_2_1,complete_1,unroll_2,unroll_2,unroll_4,1,8.25,0.912902331873,False
workload_587.cpp,xczu7ev-ffvc1156-2-e,10,46.21978,1048,26,1,23,80,cyclic_16_1,cyclic_2_1,complete_1,unroll_4,pipeline_1,unroll_8,1,32.5,0.40160919594,False
workload_473.cpp,xczu7ev-ffvc1156-2-e,10,324.17691,64,26,1,2,11,cyclic_16_1,cyclic_2_1,cyclic_2_1,unroll_4,unroll_2,unroll_8,1,10,0.882544255946,False
workload_372.cpp,xczu7ev-ffvc1156-2-e,10,344.14495,42,26,0,1,5,cyclic_16_1,cyclic_2_1,cyclic_4_1,unroll_2,unroll_2,unroll_2,1,8,0.895023316414,False
workload_185.cpp,xczu7ev-ffvc1156-2-e,10,587.25764,555,28,0,8,49,cyclic_16_1,cyclic_32_1,complete_1,unroll_17,unroll_4,pipeline_1,1,21.25,0.297561187794,False
workload_406.cpp,xczu7ev-ffvc1156-2-e,10,397.43454,64,41,0,2,11,cyclic_2_1,block_128_1,block_2_1,unroll_2,unroll_2,pipeline_1,1,13.5,0.675156563998,False
workload_474.cpp,xczu7ev-ffvc1156-2-e,10,397.43437,64,41,0,2,11,cyclic_2_1,block_128_1,complete_1,unroll_2,unroll_2,pipeline_1,1,13.5,0.675156782964,False
workload_381.cpp,xczu7ev-ffvc1156-2-e,10,397.43433,105,41,1,3,20,cyclic_2_1,block_128_1,complete_1,unroll_4,unroll_2,pipeline_1,1,16.25,0.588962808616,False
workload_458.cpp,xczu7ev-ffvc1156-2-e,10,45.56598,415,24,1,12,46,cyclic_2_1,block_2_1,block_2_1,unroll_2,pipeline_1,pipeline_1,1,20.75,0.595323635411,False
workload_492.cpp,xczu7ev-ffvc1156-2-e,10,45.56589,398,24,1,12,46,cyclic_2_1,block_2_1,complete_1,unroll_2,pipeline_1,pipeline_1,1,20.75,0.595323585204,False
workload_453.cpp,xczu7ev-ffvc1156-2-e,10,45.56589,380,24,1,12,46,cyclic_2_1,block_2_1,complete_1,unroll_2,pipeline_1,unroll_2,1,20.75,0.595323585204,False
workload_482.cpp,xczu7ev-ffvc1156-2-e,10,45.56589,410,24,1,12,46,cyclic_2_1,block_2_1,complete_1,unroll_2,pipeline_1,unroll_4,1,20.75,0.595323585204,False
workload_514.cpp,xczu7ev-ffvc1156-2-e,10,45.56589,383,24,1,12,46,cyclic_2_1,block_2_1,complete_1,unroll_2,pipeline_1,unroll_8,1,20.75,0.595323585204,False
workload_415.cpp,xczu7ev-ffvc1156-2-e,10,306.73597,38,24,0,2,4,cyclic_2_1,block_2_1,complete_1,unroll_2,unroll_2,pipeline_1,1,7.5,0.976420909008,False
workload_576.cpp,xczu7ev-ffvc1156-2-e,10,45.56462,433,24,1,12,46,cyclic_2_1,block_2_1,cyclic_2_1,unroll_2,pipeline_1,pipeline_1,1,20.75,0.595322876588,False
workload_252.cpp,xczu7ev-ffvc1156-2-e,10,306.73614,41,25,0,2,5,cyclic_2_1,block_4_1,block_2_1,unroll_2,unroll_2,pipeline_1,1,8,0.961862299025,False
workload_503.cpp,xczu7ev-ffvc1156-2-e,10,298.22878,40,25,1,1,4,cyclic_2_1,block_4_1,block_2_1,unroll_2,unroll_2,unroll_2,1,7.75,0.981672235908,False
workload_489.cpp,xczu7ev-ffvc1156-2-e,10,45.56725,478,25,1,30,64,cyclic_2_1,block_4_1,complete_1,unroll_2,pipeline_1,unroll_2,1,30,0.424911524077,False
workload_566.cpp,xczu7ev-ffvc1156-2-e,10,306.73597,43,25,0,2,5,cyclic_2_1,block_4_1,complete_1,unroll_2,unroll_2,pipeline_1,1,8,0.961862566352,False
workload_443.cpp,xczu7ev-ffvc1156-2-e,10,298.22869,40,25,1,1,4,cyclic_2_1,block_4_1,complete_1,unroll_2,unroll_2,unroll_2,1,7.75,0.981672339947,False
workload_285.cpp,xczu7ev-ffvc1156-2-e,10,380.27429,57,26,2,3,8,cyclic_2_1,block_8_1,complete_1,unroll_2,unroll_2,unroll_8,1,9.75,0.789259252164,False
workload_211.cpp,xczu7ev-ffvc1156-2-e,10,397.08094,44,26,0,1,4,cyclic_2_1,cyclic_16_1,block_2_1,unroll_2,unroll_2,pipeline_1,1,7.75,0.790036826159,False
workload_282.cpp,xczu7ev-ffvc1156-2-e,10,397.0809,48,26,0,1,7,cyclic_2_1,cyclic_16_1,block_2_1,unroll_4,unroll_2,pipeline_1,1,8.5,0.78226367627,False
workload_226.cpp,xczu7ev-ffvc1156-2-e,10,586.6025,63,26,0,2,10,cyclic_2_1,cyclic_16_1,block_2_1,unroll_4,unroll_4,pipeline_1,1,9.5,0.451257922907,False
workload_240.cpp,xczu7ev-ffvc1156-2-e,10,306.38254,42,24,0,1,3,cyclic_2_1,cyclic_2_1,block_2_1,unroll_2,unroll_2,pipeline_1,1,7,0.988512284551,False
workload_528.cpp,xczu7ev-ffvc1156-2-e,10,45.56453,368.5,24,1,11,47,cyclic_2_1,cyclic_2_1,complete_1,unroll_2,pipeline_1,pipeline_1,2,20.75,0.595322826361,False
workload_583.cpp,xczu7ev-ffvc1156-2-e,10,45.56453,354,24,1,11,47,cyclic_2_1,cyclic_2_1,complete_1,unroll_2,pipeline_1,unroll_2,1,20.75,0.595322826361,False
workload_555.cpp,xczu7ev-ffvc1156-2-e,10,45.56453,361,24,1,11,47,cyclic_2_1,cyclic_2_1,complete_1,unroll_2,pipeline_1,unroll_4,1,20.75,0.595322826361,False
workload_577.cpp,xczu7ev-ffvc1156-2-e,10,45.56453,437,24,1,11,47,cyclic_2_1,cyclic_2_1,complete_1,unroll_2,pipeline_1,unroll_8,1,20.75,0.595322826361,False
workload_470.cpp,xczu7ev-ffvc1156-2-e,10,306.38237,41,24,0,1,3,cyclic_2_1,cyclic_2_1,complete_1,unroll_2,unroll_2,pipeline_1,1,7,1,True
workload_413.cpp,xczu7ev-ffvc1156-2-e,10,343.48941,41,24,0,1,3,cyclic_2_1,cyclic_2_1,complete_1,unroll_2,unroll_2,unroll_2,1,7,0.905994076522,False
workload_377.cpp,xczu7ev-ffvc1156-2-e,10,323.52149,46,24,0,1,5,cyclic_2_1,cyclic_2_1,complete_1,unroll_2,unroll_2,unroll_8,1,7.5,0.946710329511,False
workload_337.cpp,xczu7ev-ffvc1156-2-e,10,306.38233,42,24,0,1,5,cyclic_2_1,cyclic_2_1,complete_1,unroll_4,unroll_2,pipeline_1,1,7.5,0.977099148286,False
workload_329.cpp,xczu7ev-ffvc1156-2-e,10,343.48948,78,24,0,3,13,cyclic_2_1,cyclic_2_1,cyclic_2_1,unroll_17,unroll_2,unroll_2,1,10,0.851465622918,False
workload_579.cpp,xczu7ev-ffvc1156-2-e,10,45.56462,443,24,1,11,47,cyclic_2_1,cyclic_2_1,cyclic_2_1,unroll_2,pipeline_1,pipeline_1,1,20.75,0.595322876588,False
workload_292.cpp,xczu7ev-ffvc1156-2-e,10,343.48954,47,25,0,1,5,cyclic_2_1,cyclic_4_1,cyclic_4_1,unroll_4,unroll_2,unroll_2,1,7.75,0.900942529419,False
workload_257.cpp,xczu7ev-ffvc1156-2-e,10,737.67178,81,26,0,3,16,cyclic_2_1,cyclic_8_1,cyclic_2_1,unroll_4,unroll_8,unroll_2,1,11.25,0.260736098267,False
workload_490.cpp,xczu7ev-ffvc1156-2-e,10,46.5735,591,51,1,47,79,cyclic_32_1,block_128_1,complete_1,unroll_2,pipeline_1,unroll_8,1,44.5,0.159446405626,False
workload_580.cpp,xczu7ev-ffvc1156-2-e,10,398.08974,64,43,1,2,12,cyclic_32_1,block_128_1,complete_1,unroll_2,unroll_2,pipeline_1,1,14.5,0.644061783088,False
workload_272.cpp,xczu7ev-ffvc1156-2-e,10,398.08981,972,43,2,11,70,cyclic_32_1,block_128_1,cyclic_2_1,unroll_17,unroll_2,pipeline_1,1,31.5,0.240618263178,False
workload_542.cpp,xczu7ev-ffvc1156-2-e,10,389.58255,76,43,1,1,12,cyclic_32_1,block_128_1,cyclic_2_1,unroll_2,unroll_2,unroll_2,1,14.25,0.661578424856,False
workload_383.cpp,xczu7ev-ffvc1156-2-e,10,46.22126,345,33,1,12,42,cyclic_32_1,block_2_1,complete_1,unroll_2,pipeline_1,pipeline_1,3,22,0.553750838142,False
workload_477.cpp,xczu7ev-ffvc1156-2-e,10,46.22126,368,33,1,12,42,cyclic_32_1,block_2_1,complete_1,unroll_2,pipeline_1,unroll_2,1,22,0.553750838142,False
workload_346.cpp,xczu7ev-ffvc1156-2-e,10,46.22126,329,33,1,12,42,cyclic_32_1,block_2_1,complete_1,unroll_2,pipeline_1,unroll_8,1,22,0.553750838142,False
workload_435.cpp,xczu7ev-ffvc1156-2-e,10,307.39134,43,26,0,2,6,cyclic_32_1,block_2_1,complete_1,unroll_2,unroll_2,pipeline_1,1,8.5,0.945862515986,False
workload_539.cpp,xczu7ev-ffvc1156-2-e,10,294.22486,50,26,0,2,8,cyclic_32_1,block_2_1,complete_1,unroll_2,unroll_2,unroll_4,1,9,0.941250387131,False
workload_507.cpp,xczu7ev-ffvc1156-2-e,10,289.89846,63,26,0,3,10,cyclic_32_1,block_2_1,complete_1,unroll_2,unroll_2,unroll_8,1,9.75,0.932214149992,False
workload_390.cpp,xczu7ev-ffvc1156-2-e,10,46.22182,972,33,1,24,77,cyclic_32_1,block_2_1,complete_1,unroll_4,pipeline_1,unroll_8,1,33.75,0.373894540343,False
workload_456.cpp,xczu7ev-ffvc1156-2-e,10,46.21999,389,33,1,12,42,cyclic_32_1,block_2_1,cyclic_2_1,unroll_2,pipeline_1,unroll_2,1,22,0.553750217013,False
workload_553.cpp,xczu7ev-ffvc1156-2-e,10,46.21999,333,33,1,12,42,cyclic_32_1,block_2_1,cyclic_2_1,unroll_2,pipeline_1,unroll_8,1,22,0.553750217013,False
workload_439.cpp,xczu7ev-ffvc1156-2-e,10,289.89855,64,26,0,3,10,cyclic_32_1,block_2_1,cyclic_2_1,unroll_2,unroll_2,unroll_8,1,9.75,0.932214063898,False
workload_281.cpp,xczu7ev-ffvc1156-2-e,10,298.88415,45,26,0,1,5,cyclic_32_1,block_2_1,cyclic_4_1,unroll_2,unroll_2,unroll_2,1,8,0.971759082355,False
workload_546.cpp,xczu7ev-ffvc1156-2-e,10,294.22495,55,26,0,2,8,cyclic_32_1,block_2_1,cyclic_4_1,unroll_2,unroll_2,unroll_4,1,9,0.941250358318,False
workload_265.cpp,xczu7ev-ffvc1156-2-e,10,307.39141,124,27,2,11,30,cyclic_32_1,block_4_1,block_2_1,unroll_17,unroll_2,pipeline_1,1,17.5,0.592159321571,False
workload_311.cpp,xczu7ev-ffvc1156-2-e,10,46.22262,425,36,1,30,61,cyclic_32_1,block_4_1,complete_1,unroll_2,pipeline_1,unroll_8,1,32,0.409778049905,False
workload_416.cpp,xczu7ev-ffvc1156-2-e,10,307.39134,42,27,0,2,6,cyclic_32_1,block_4_1,complete_1,unroll_2,unroll_2,pipeline_1,1,8.75,0.938893459574,False
workload_125.cpp,xczu7ev-ffvc1156-2-e,10,411.54714,127,28,2,4,23,cyclic_32_1,cyclic_16_1,complete_1,unroll_4,unroll_2,unroll_16,1,14.25,0.635570314371,False
workload_176.cpp,xczu7ev-ffvc1156-2-e,10,307.03781,123,26,0,4,20,cyclic_32_1,cyclic_2_1,block_2_1,unroll_17,unroll_2,pipeline_1,1,12.5,0.800624603227,False
workload_332.cpp,xczu7ev-ffvc1156-2-e,10,307.03791,43,26,0,1,4,cyclic_32_1,cyclic_2_1,block_2_1,unroll_2,unroll_2,pipeline_1,1,7.75,0.967996042831,False
workload_81.cpp,xczu7ev-ffvc1156-2-e,10,307.03764,117,26,0,4,20,cyclic_32_1,cyclic_2_1,complete_1,unroll_17,unroll_2,pipeline_1,1,12.5,0.800624671197,False
workload_268.cpp,xczu7ev-ffvc1156-2-e,10,449.29652,227,26,0,8,36,cyclic_32_1,cyclic_2_1,complete_1,unroll_17,unroll_4,pipeline_1,1,17.5,0.502826405919,False
workload_312.cpp,xczu7ev-ffvc1156-2-e,10,46.2199,370.5,26,1,12,43,cyclic_32_1,cyclic_2_1,complete_1,unroll_2,pipeline_1,pipeline_1,4,20.5,0.603642586854,False
workload_512.cpp,xczu7ev-ffvc1156-2-e,10,46.2199,367,26,1,12,43,cyclic_32_1,cyclic_2_1,complete_1,unroll_2,pipeline_1,unroll_16,1,20.5,0.603642586854,False
workload_510.cpp,xczu7ev-ffvc1156-2-e,10,46.2199,379,26,1,12,43,cyclic_32_1,cyclic_2_1,complete_1,unroll_2,pipeline_1,unroll_2,2,20.5,0.603642586854,False
workload_515.cpp,xczu7ev-ffvc1156-2-e,10,46.2199,392.5,26,1,12,43,cyclic_32_1,cyclic_2_1,complete_1,unroll_2,pipeline_1,unroll_4,2,20.5,0.603642586854,False
workload_384.cpp,xczu7ev-ffvc1156-2-e,10,46.2199,392,26,1,12,43,cyclic_32_1,cyclic_2_1,complete_1,unroll_2,pipeline_1,unroll_8,2,20.5,0.603642586854,False
workload_396.cpp,xczu7ev-ffvc1156-2-e,10,307.03774,43,26,0,1,4,cyclic_32_1,cyclic_2_1,complete_1,unroll_2,unroll_2,pipeline_1,1,7.75,0.96799635894,False
workload_397.cpp,xczu7ev-ffvc1156-2-e,10,330.83278,46,26,1,1,7,cyclic_32_1,cyclic_2_1,complete_1,unroll_2,unroll_2,unroll_4,1,8.75,0.899865876331,False
workload_411.cpp,xczu7ev-ffvc1156-2-e,10,324.17686,54,26,1,1,8,cyclic_32_1,cyclic_2_1,complete_1,unroll_2,unroll_2,unroll_8,1,9,0.905559719556,False
workload_586.cpp,xczu7ev-ffvc1156-2-e,10,46.21978,1096,26,1,23,79,cyclic_32_1,cyclic_2_1,complete_1,unroll_4,pipeline_1,pipeline_1,2,32.25,0.405996744264,False
workload_61.cpp,xczu7ev-ffvc1156-2-e,10,307.0377,55,26,0,1,7,cyclic_32_1,cyclic_2_1,complete_1,unroll_4,unroll_2,pipeline_1,1,8.5,0.946386227753,False
workload_409.cpp,xczu7ev-ffvc1156-2-e,10,46.21999,365,26,1,12,43,cyclic_32_1,cyclic_2_1,cyclic_2_1,unroll_2,pipeline_1,pipeline_1,1,20.5,0.603642559345,False
workload_487.cpp,xczu7ev-ffvc1156-2-e,10,46.21999,396,26,1,12,43,cyclic_32_1,cyclic_2_1,cyclic_2_1,unroll_2,pipeline_1,unroll_2,1,20.5,0.603642559345,False
workload_436.cpp,xczu7ev-ffvc1156-2-e,10,301.54655,43,26,0,1,4,cyclic_32_1,cyclic_2_1,cyclic_2_1,unroll_2,unroll_2,unroll_2,1,7.75,0.977282135993,False
workload_437.cpp,xczu7ev-ffvc1156-2-e,10,324.17695,54,26,1,1,8,cyclic_32_1,cyclic_2_1,cyclic_2_1,unroll_2,unroll_2,unroll_8,1,9,0.905559569686,False
workload_307.cpp,xczu7ev-ffvc1156-2-e,10,307.03781,116,26,0,4,20,cyclic_32_1,cyclic_2_1,cyclic_4_1,unroll_17,unroll_2,pipeline_1,1,12.5,0.800624603227,False
workload_349.cpp,xczu7ev-ffvc1156-2-e,10,46.21999,338,26,1,12,43,cyclic_32_1,cyclic_2_1,cyclic_4_1,unroll_2,pipeline_1,pipeline_1,2,20.5,0.603642559345,False
workload_556.cpp,xczu7ev-ffvc1156-2-e,10,46.21999,345,26,1,12,43,cyclic_32_1,cyclic_2_1,cyclic_4_1,unroll_2,pipeline_1,unroll_2,1,20.5,0.603642559345,False
workload_481.cpp,xczu7ev-ffvc1156-2-e,10,46.21999,410,26,1,12,43,cyclic_32_1,cyclic_2_1,cyclic_4_1,unroll_2,pipeline_1,unroll_4,1,20.5,0.603642559345,False
workload_251.cpp,xczu7ev-ffvc1156-2-e,10,307.03791,43.5,26,0,1,4,cyclic_32_1,cyclic_2_1,cyclic_4_1,unroll_2,unroll_2,pipeline_1,2,7.75,0.967996042831,False
workload_540.cpp,xczu7ev-ffvc1156-2-e,10,320.84895,62,26,1,2,10,cyclic_32_1,cyclic_2_1,cyclic_4_1,unroll_2,unroll_2,unroll_16,1,9.75,0.89363611003,False
workload_471.cpp,xczu7ev-ffvc1156-2-e,10,301.54655,41,26,0,1,4,cyclic_32_1,cyclic_2_1,cyclic_4_1,unroll_2,unroll_2,unroll_2,1,7.75,0.977282135993,False
workload_387.cpp,xczu7ev-ffvc1156-2-e,10,46.2199,433,29,2,14,46,cyclic_32_1,cyclic_4_1,complete_1,unroll_2,pipeline_1,pipeline_1,2,22.75,0.529207035529,False
workload_395.cpp,xczu7ev-ffvc1156-2-e,10,307.03774,43,27,0,1,5,cyclic_32_1,cyclic_4_1,complete_1,unroll_2,unroll_2,pipeline_1,1,8.25,0.952329445378,False
workload_234.cpp,xczu7ev-ffvc1156-2-e,10,689.9577,647,27,0,14,72,cyclic_32_1,cyclic_4_1,complete_1,unroll_4,unroll_32,pipeline_1,1,28.25,0.148023618899,False
workload_578.cpp,xczu7ev-ffvc1156-2-e,10,46.21999,439,31,2,14,46,cyclic_32_1,cyclic_4_1,cyclic_2_1,unroll_2,pipeline_1,unroll_4,1,23.25,0.513122668286,False
workload_461.cpp,xczu7ev-ffvc1156-2-e,10,46.21995,1057,27,1,23,81,cyclic_32_1,cyclic_4_1,cyclic_2_1,unroll_4,pipeline_1,unroll_2,1,33,0.391381901819,False
workload_298.cpp,xczu7ev-ffvc1156-2-e,10,318.35295,142,27,1,3,20,cyclic_32_1,cyclic_4_1,cyclic_4_1,unroll_2,unroll_2,unroll_64,1,12.75,0.783989994678,False
workload_4.cpp,xczu7ev-ffvc1156-2-e,10,587.25764,1574,33,0,8,77,cyclic_32_1,cyclic_64_1,complete_1,unroll_17,unroll_4,pipeline_1,1,29.5,0.172175679036,False
workload_433.cpp,xczu7ev-ffvc1156-2-e,10,397.73614,43,28,0,1,5,cyclic_32_1,cyclic_8_1,complete_1,unroll_2,unroll_2,pipeline_1,1,8.5,0.780996990844,False
workload_299.cpp,xczu7ev-ffvc1156-2-e,10,397.43454,65,41,0,2,12,cyclic_4_1,block_128_1,block_2_1,unroll_2,unroll_2,pipeline_1,1,13.75,0.667741758611,False
workload_214.cpp,xczu7ev-ffvc1156-2-e,10,380.27438,126,41,2,3,26,cyclic_4_1,block_128_1,cyclic_2_1,unroll_2,unroll_2,unroll_8,1,18,0.544224516725,False
workload_585.cpp,xczu7ev-ffvc1156-2-e,10,287.78691,927,24,0,33,63,cyclic_4_1,block_2_1,complete_1,unroll_17,unroll_2,unroll_16,1,30,0.318390668106,False
workload_24.cpp,xczu7ev-ffvc1156-2-e,10,45.56589,373.5,29,1,12,44,cyclic_4_1,block_2_1,complete_1,unroll_2,pipeline_1,pipeline_1,4,21.5,0.570038043301,False
workload_571.cpp,xczu7ev-ffvc1156-2-e,10,45.56589,391,29,1,12,44,cyclic_4_1,block_2_1,complete_1,unroll_2,pipeline_1,unroll_16,1,21.5,0.570038043301,False
workload_382.cpp,xczu7ev-ffvc1156-2-e,10,45.56589,375,29,1,12,44,cyclic_4_1,block_2_1,complete_1,unroll_2,pipeline_1,unroll_2,2,21.5,0.570038043301,False
workload_454.cpp,xczu7ev-ffvc1156-2-e,10,45.56589,380,29,1,12,44,cyclic_4_1,block_2_1,complete_1,unroll_2,pipeline_1,unroll_4,1,21.5,0.570038043301,False
workload_491.cpp,xczu7ev-ffvc1156-2-e,10,45.56589,374.5,29,1,12,44,cyclic_4_1,block_2_1,complete_1,unroll_2,pipeline_1,unroll_8,2,21.5,0.570038043301,False
workload_262.cpp,xczu7ev-ffvc1156-2-e,10,306.73597,43,24,0,2,5,cyclic_4_1,block_2_1,complete_1,unroll_2,unroll_2,pipeline_1,2,7.75,0.968555286286,False
workload_541.cpp,xczu7ev-ffvc1156-2-e,10,286.91349,76,24,0,5,10,cyclic_4_1,block_2_1,complete_1,unroll_2,unroll_2,unroll_16,1,9.75,1,True
workload_434.cpp,xczu7ev-ffvc1156-2-e,10,293.56949,43,24,0,2,5,cyclic_4_1,block_2_1,complete_1,unroll_2,unroll_2,unroll_4,1,7.75,1,True
workload_399.cpp,xczu7ev-ffvc1156-2-e,10,289.57589,55,24,0,3,7,cyclic_4_1,block_2_1,complete_1,unroll_2,unroll_2,unroll_8,1,8.5,1,True
workload_283.cpp,xczu7ev-ffvc1156-2-e,10,449.00029,48,24,0,3,7,cyclic_4_1,block_2_1,complete_1,unroll_2,unroll_4,pipeline_1,1,8.5,0.683931690451,False
workload_314.cpp,xczu7ev-ffvc1156-2-e,10,45.56645,1003,29,1,23,83,cyclic_4_1,block_2_1,complete_1,unroll_4,pipeline_1,pipeline_1,1,34,0.367871303261,False
workload_560.cpp,xczu7ev-ffvc1156-2-e,10,45.56645,1099,29,1,23,83,cyclic_4_1,block_2_1,complete_1,unroll_4,pipeline_1,unroll_16,1,34,0.367871303261,False
workload_389.cpp,xczu7ev-ffvc1156-2-e,10,45.56645,975,29,1,23,83,cyclic_4_1,block_2_1,complete_1,unroll_4,pipeline_1,unroll_2,1,34,0.367871303261,False
workload_422.cpp,xczu7ev-ffvc1156-2-e,10,45.56645,1160,29,1,23,83,cyclic_4_1,block_2_1,complete_1,unroll_4,pipeline_1,unroll_4,2,34,0.367871303261,False
workload_392.cpp,xczu7ev-ffvc1156-2-e,10,45.56645,1043.5,29,1,23,83,cyclic_4_1,block_2_1,complete_1,unroll_4,pipeline_1,unroll_8,2,34,0.367871303261,False
workload_360.cpp,xczu7ev-ffvc1156-2-e,10,299.55977,47,24,0,2,7,cyclic_4_1,block_2_1,complete_1,unroll_4,unroll_2,unroll_2,1,8.25,0.96107808144,False
workload_334.cpp,xczu7ev-ffvc1156-2-e,10,306.73614,39.5,24,0,1,5,cyclic_4_1,block_2_1,cyclic_2_1,unroll_2,unroll_2,pipeline_1,2,7.5,0.97642058093,False
workload_365.cpp,xczu7ev-ffvc1156-2-e,10,289.57598,54,24,0,3,7,cyclic_4_1,block_2_1,cyclic_2_1,unroll_2,unroll_2,unroll_8,1,8.5,0.966332958102,False
workload_465.cpp,xczu7ev-ffvc1156-2-e,10,45.56458,1075,29,1,23,83,cyclic_4_1,block_2_1,cyclic_2_1,unroll_4,pipeline_1,pipeline_1,1,34,0.36787152219,False
workload_423.cpp,xczu7ev-ffvc1156-2-e,10,45.56458,1180,29,1,23,83,cyclic_4_1,block_2_1,cyclic_2_1,unroll_4,pipeline_1,unroll_2,1,34,0.36787152219,False
workload_538.cpp,xczu7ev-ffvc1156-2-e,10,298.22878,43,24,0,1,4,cyclic_4_1,block_2_1,cyclic_4_1,unroll_2,unroll_2,unroll_2,1,7.25,1,True
workload_581.cpp,xczu7ev-ffvc1156-2-e,10,45.91813,532,41,1,45,76,cyclic_4_1,block_32_1,complete_1,unroll_2,pipeline_1,unroll_4,1,40.75,0.217948577522,False
workload_220.cpp,xczu7ev-ffvc1156-2-e,10,306.7361,49,25,1,3,8,cyclic_4_1,block_4_1,block_2_1,unroll_4,unroll_2,pipeline_1,1,9.25,0.922346102924,False
workload_551.cpp,xczu7ev-ffvc1156-2-e,10,45.56725,399,31,1,30,62,cyclic_4_1,block_4_1,complete_1,unroll_2,pipeline_1,unroll_4,1,31,0.421073480294,False
workload_459.cpp,xczu7ev-ffvc1156-2-e,10,45.56725,446,31,1,30,62,cyclic_4_1,block_4_1,complete_1,unroll_2,pipeline_1,unroll_8,1,31,0.421073480294,False
workload_419.cpp,xczu7ev-ffvc1156-2-e,10,45.56598,394,31,1,30,62,cyclic_4_1,block_4_1,cyclic_2_1,unroll_2,pipeline_1,unroll_8,1,31,0.421073879385,False
workload_523.cpp,xczu7ev-ffvc1156-2-e,10,45.91813,460,31,1,39,69,cyclic_4_1,block_8_1,complete_1,unroll_2,pipeline_1,unroll_4,1,35,0.343090145802,False
workload_256.cpp,xczu7ev-ffvc1156-2-e,10,407.7305,50,26,0,1,7,cyclic_4_1,cyclic_16_1,block_2_1,unroll_4,unroll_2,pipeline_1,1,8.5,0.761728708212,False
workload_167.cpp,xczu7ev-ffvc1156-2-e,10,586.6025,67,26,0,2,11,cyclic_4_1,cyclic_16_1,block_2_1,unroll_4,unroll_4,pipeline_1,1,9.75,0.449703102985,False
workload_493.cpp,xczu7ev-ffvc1156-2-e,10,45.56462,359,24,1,11,45,cyclic_4_1,cyclic_2_1,block_2_1,unroll_2,pipeline_1,pipeline_1,1,20.25,1,True
workload_472.cpp,xczu7ev-ffvc1156-2-e,10,306.38254,41,24,0,1,4,cyclic_4_1,cyclic_2_1,block_2_1,unroll_2,unroll_2,pipeline_1,1,7.25,0.984057960369,False
workload_590.cpp,xczu7ev-ffvc1156-2-e,10,45.56458,1167,24,1,23,83,cyclic_4_1,cyclic_2_1,block_2_1,unroll_4,pipeline_1,pipeline_1,1,32.75,0.396912134897,False
workload_457.cpp,xczu7ev-ffvc1156-2-e,10,45.56453,395.5,24,1,12,45,cyclic_4_1,cyclic_2_1,complete_1,unroll_2,pipeline_1,pipeline_1,4,20.5,1,True
workload_524.cpp,xczu7ev-ffvc1156-2-e,10,45.56453,334.5,24,1,12,45,cyclic_4_1,cyclic_2_1,complete_1,unroll_2,pipeline_1,unroll_16,2,20.5,1,True
workload_480.cpp,xczu7ev-ffvc1156-2-e,10,45.56453,381,24,1,12,45,cyclic_4_1,cyclic_2_1,complete_1,unroll_2,pipeline_1,unroll_4,2,20.5,1,True
workload_408.cpp,xczu7ev-ffvc1156-2-e,10,45.56453,361.5,24,1,12,45,cyclic_4_1,cyclic_2_1,complete_1,unroll_2,pipeline_1,unroll_8,2,20.5,1,True
workload_278.cpp,xczu7ev-ffvc1156-2-e,10,311.70717,42,24,0,1,4,cyclic_4_1,cyclic_2_1,complete_1,unroll_2,unroll_2,pipeline_1,2,7.25,0.975439058995,False
workload_441.cpp,xczu7ev-ffvc1156-2-e,10,343.48941,39,24,0,1,4,cyclic_4_1,cyclic_2_1,complete_1,unroll_2,unroll_2,unroll_2,1,7.25,0.905912372638,False
workload_505.cpp,xczu7ev-ffvc1156-2-e,10,330.17741,43,24,1,1,4,cyclic_4_1,cyclic_2_1,complete_1,unroll_2,unroll_2,unroll_4,1,7.5,0.932757549963,False
workload_308.cpp,xczu7ev-ffvc1156-2-e,10,317.69749,132,24,0,3,19,cyclic_4_1,cyclic_2_1,complete_1,unroll_2,unroll_2,unroll_64,1,11.5,0.83749599623,False
workload_160.cpp,xczu7ev-ffvc1156-2-e,10,323.52149,48,24,1,1,5,cyclic_4_1,cyclic_2_1,complete_1,unroll_2,unroll_2,unroll_8,1,7.75,0.940815006369,False
workload_352.cpp,xczu7ev-ffvc1156-2-e,10,45.56441,1100,24,1,23,83,cyclic_4_1,cyclic_2_1,complete_1,unroll_4,pipeline_1,pipeline_1,3,32.75,0.396912189069,False
workload_531.cpp,xczu7ev-ffvc1156-2-e,10,45.56441,1200,24,1,23,83,cyclic_4_1,cyclic_2_1,complete_1,unroll_4,pipeline_1,unroll_16,1,32.75,0.396912189069,False
workload_529.cpp,xczu7ev-ffvc1156-2-e,10,45.56441,1148.5,24,1,23,83,cyclic_4_1,cyclic_2_1,complete_1,unroll_4,pipeline_1,unroll_2,2,32.75,0.396912189069,False
workload_496.cpp,xczu7ev-ffvc1156-2-e,10,45.56441,1091,24,1,23,83,cyclic_4_1,cyclic_2_1,complete_1,unroll_4,pipeline_1,unroll_4,1,32.75,0.396912189069,False
workload_559.cpp,xczu7ev-ffvc1156-2-e,10,45.56441,1017,24,1,23,83,cyclic_4_1,cyclic_2_1,complete_1,unroll_4,pipeline_1,unroll_8,1,32.75,0.396912189069,False
workload_21.cpp,xczu7ev-ffvc1156-2-e,10,311.70713,48,24,0,1,5.5,cyclic_4_1,cyclic_2_1,complete_1,unroll_4,unroll_2,pipeline_1,2,7.625,0.964472372173,False
workload_206.cpp,xczu7ev-ffvc1156-2-e,10,306.38244,87,24,0,4,16,cyclic_4_1,cyclic_2_1,cyclic_2_1,unroll_17,unroll_2,pipeline_1,1,11,0.86780644507,False
workload_525.cpp,xczu7ev-ffvc1156-2-e,10,45.56462,375,24,1,11,45,cyclic_4_1,cyclic_2_1,cyclic_2_1,unroll_2,pipeline_1,pipeline_1,2,20.25,1,True
workload_516.cpp,xczu7ev-ffvc1156-2-e,10,45.56462,406,24,1,11,45,cyclic_4_1,cyclic_2_1,cyclic_2_1,unroll_2,pipeline_1,unroll_8,2,20.25,1,True
workload_291.cpp,xczu7ev-ffvc1156-2-e,10,317.03214,44,24,0,1,4,cyclic_4_1,cyclic_2_1,cyclic_2_1,unroll_2,unroll_2,pipeline_1,1,7.25,0.964368746723,False
workload_358.cpp,xczu7ev-ffvc1156-2-e,10,343.48958,40,24,0,1,4,cyclic_4_1,cyclic_2_1,cyclic_2_1,unroll_2,unroll_2,unroll_2,1,7.25,0.905911998938,False
workload_562.cpp,xczu7ev-ffvc1156-2-e,10,45.56458,1155,24,1,23,83,cyclic_4_1,cyclic_2_1,cyclic_2_1,unroll_4,pipeline_1,unroll_2,1,32.75,0.396912134897,False
workload_363.cpp,xczu7ev-ffvc1156-2-e,10,306.3825,47,24,0,1,6,cyclic_4_1,cyclic_2_1,cyclic_2_1,unroll_4,unroll_2,pipeline_1,1,7.75,0.969204196892,False
workload_452.cpp,xczu7ev-ffvc1156-2-e,10,45.56462,376,24,1,12,45,cyclic_4_1,cyclic_2_1,cyclic_4_1,unroll_2,pipeline_1,pipeline_1,1,20.5,0.603842623658,False
workload_369.cpp,xczu7ev-ffvc1156-2-e,10,306.38254,39,24,0,1,4,cyclic_4_1,cyclic_2_1,cyclic_4_1,unroll_2,unroll_2,pipeline_1,1,7.25,0.984057960369,False
workload_504.cpp,xczu7ev-ffvc1156-2-e,10,343.48958,40,24,0,1,4,cyclic_4_1,cyclic_2_1,cyclic_4_1,unroll_2,unroll_2,unroll_2,1,7.25,0.905911998938,False
workload_233.cpp,xczu7ev-ffvc1156-2-e,10,391.58931,494,26,0,5,21,cyclic_4_1,cyclic_32_1,complete_1,unroll_17,unroll_2,unroll_2,1,13,0.697476657158,False
workload_132.cpp,xczu7ev-ffvc1156-2-e,10,597.41571,500,26,0,7,47,cyclic_4_1,cyclic_32_1,complete_1,unroll_17,unroll_4,pipeline_1,1,20,0.309711501755,False
workload_110.cpp,xczu7ev-ffvc1156-2-e,10,579.52691,1727,26,0,9,39,cyclic_4_1,cyclic_32_1,complete_1,unroll_17,unroll_4,unroll_2,1,18.5,0.350722335797,False
workload_243.cpp,xczu7ev-ffvc1156-2-e,10,407.73037,42,26,0,1,5,cyclic_4_1,cyclic_32_1,complete_1,unroll_2,unroll_2,pipeline_1,1,8,0.766889390598,False
workload_488.cpp,xczu7ev-ffvc1156-2-e,10,45.56453,429.5,25,1,14,47,cyclic_4_1,cyclic_4_1,complete_1,unroll_2,pipeline_1,pipeline_1,2,21.75,0.561705347541,False
workload_460.cpp,xczu7ev-ffvc1156-2-e,10,45.56453,437,25,1,14,47,cyclic_4_1,cyclic_4_1,complete_1,unroll_2,pipeline_1,unroll_4,1,21.75,0.561705347541,False
workload_403.cpp,xczu7ev-ffvc1156-2-e,10,306.38237,42,25,0,1,4,cyclic_4_1,cyclic_4_1,complete_1,unroll_2,unroll_2,pipeline_1,1,7.5,0.977099072065,False
workload_469.cpp,xczu7ev-ffvc1156-2-e,10,330.17741,41,25,1,1,4,cyclic_4_1,cyclic_4_1,complete_1,unroll_2,unroll_2,unroll_4,1,7.75,0.92805765629,False
workload_442.cpp,xczu7ev-ffvc1156-2-e,10,306.38233,49,25,0,1,6,cyclic_4_1,cyclic_4_1,complete_1,unroll_4,unroll_2,pipeline_1,1,8,0.962414927038,False
workload_266.cpp,xczu7ev-ffvc1156-2-e,10,317.69737,258,25,1,6,37,cyclic_4_1,cyclic_4_1,complete_1,unroll_4,unroll_2,unroll_64,1,17.25,0.599825083189,False
workload_250.cpp,xczu7ev-ffvc1156-2-e,10,551.01182,79,25,1,3,14,cyclic_4_1,cyclic_4_1,cyclic_2_1,unroll_2,unroll_8,unroll_8,1,10.75,0.492867765976,False
workload_182.cpp,xczu7ev-ffvc1156-2-e,10,689.3025,340,25,0,13,54,cyclic_4_1,cyclic_4_1,cyclic_2_1,unroll_4,unroll_32,pipeline_1,1,23,0.201529504194,False
workload_402.cpp,xczu7ev-ffvc1156-2-e,10,330.17758,45,25,1,1,4,cyclic_4_1,cyclic_4_1,cyclic_4_1,unroll_2,unroll_2,unroll_4,1,7.75,0.928057320433,False
workload_322.cpp,xczu7ev-ffvc1156-2-e,10,306.3825,45,25,0,1,6,cyclic_4_1,cyclic_4_1,cyclic_4_1,unroll_4,unroll_2,pipeline_1,1,8,0.962414663329,False
workload_310.cpp,xczu7ev-ffvc1156-2-e,10,317.69754,253,25,1,6,37,cyclic_4_1,cyclic_4_1,cyclic_4_1,unroll_4,unroll_2,unroll_64,1,17.25,0.59982504341,False
workload_82.cpp,xczu7ev-ffvc1156-2-e,10,414.21998,77,41,1,1,15,cyclic_4_1,cyclic_64_1,block_2_1,unroll_2,unroll_2,unroll_8,1,14.5,0.62512322644,False
workload_173.cpp,xczu7ev-ffvc1156-2-e,10,397.0809,75,31,0,1,12,cyclic_4_1,cyclic_64_1,block_2_1,unroll_4,unroll_2,pipeline_1,1,11,0.738641694235,False
workload_207.cpp,xczu7ev-ffvc1156-2-e,10,420.87594,87,41,1,2,17,cyclic_4_1,cyclic_64_1,block_2_1,unroll_4,unroll_2,unroll_4,1,15.25,0.595722048401,False
workload_260.cpp,xczu7ev-ffvc1156-2-e,10,397.0809,50,26,0,1,6,cyclic_4_1,cyclic_8_1,block_4_1,unroll_4,unroll_2,pipeline_1,1,8.25,0.785456469574,False
workload_341.cpp,xczu7ev-ffvc1156-2-e,10,397.08077,41,26,0,1,4,cyclic_4_1,cyclic_8_1,complete_1,unroll_2,unroll_2,pipeline_1,1,7.75,0.790037169916,False
workload_241.cpp,xczu7ev-ffvc1156-2-e,10,420.87581,42,26,1,1,5,cyclic_4_1,cyclic_8_1,complete_1,unroll_2,unroll_2,unroll_4,1,8.25,0.739093755816,False
workload_130.cpp,xczu7ev-ffvc1156-2-e,10,397.08073,53,26,0,1,6,cyclic_4_1,cyclic_8_1,complete_1,unroll_4,unroll_2,pipeline_1,1,8.25,0.785456804307,False
workload_200.cpp,xczu7ev-ffvc1156-2-e,10,420.87598,45,26,1,1,5,cyclic_4_1,cyclic_8_1,cyclic_2_1,unroll_2,unroll_2,unroll_4,1,8.25,0.739093428588,False
workload_124.cpp,xczu7ev-ffvc1156-2-e,10,397.0809,53,26,0,1,6,cyclic_4_1,cyclic_8_1,cyclic_2_1,unroll_4,unroll_2,pipeline_1,1,8.25,0.785456469574,False
workload_86.cpp,xczu7ev-ffvc1156-2-e,10,903.4345,474,26,0,13,60,cyclic_4_1,cyclic_8_1,cyclic_2_1,unroll_4,unroll_32,pipeline_1,1,24.75,0.105532717105,False
workload_509.cpp,xczu7ev-ffvc1156-2-e,10,46.22126,359,33,1,12,43,cyclic_64_1,block_2_1,complete_1,unroll_2,pipeline_1,pipeline_1,1,22.25,0.545515980296,False
workload_494.cpp,xczu7ev-ffvc1156-2-e,10,46.2199,391,26,1,12,44,cyclic_64_1,cyclic_2_1,complete_1,unroll_2,pipeline_1,pipeline_1,1,20.75,0.595654982711,False
workload_548.cpp,xczu7ev-ffvc1156-2-e,10,46.2199,347,26,1,12,44,cyclic_64_1,cyclic_2_1,complete_1,unroll_2,pipeline_1,unroll_4,1,20.75,0.595654982711,False
workload_526.cpp,xczu7ev-ffvc1156-2-e,10,46.2199,397,26,1,12,44,cyclic_64_1,cyclic_2_1,complete_1,unroll_2,pipeline_1,unroll_8,1,20.75,0.595654982711,False
workload_444.cpp,xczu7ev-ffvc1156-2-e,10,324.17686,58,27,1,2,11,cyclic_64_1,cyclic_4_1,complete_1,unroll_2,unroll_2,unroll_8,1,10.25,0.875635351003,False
workload_296.cpp,xczu7ev-ffvc1156-2-e,10,381.09611,91,26,4,5,15,cyclic_8_1,block_16_1,block_4_1,unroll_4,unroll_2,unroll_8,1,12.5,0.726419391975,False
workload_549.cpp,xczu7ev-ffvc1156-2-e,10,46.22126,379,32,1,12,43,cyclic_8_1,block_2_1,complete_1,unroll_2,pipeline_1,unroll_16,1,22,0.553750838142,False
workload_570.cpp,xczu7ev-ffvc1156-2-e,10,46.21999,391,32,1,12,43,cyclic_8_1,block_2_1,cyclic_2_1,unroll_2,pipeline_1,pipeline_1,1,22,0.553750217013,False
workload_565.cpp,xczu7ev-ffvc1156-2-e,10,298.88415,43,25,0,1,5,cyclic_8_1,block_2_1,cyclic_4_1,unroll_2,unroll_2,unroll_2,1,7.75,0.980892487143,False
workload_336.cpp,xczu7ev-ffvc1156-2-e,10,300.21531,54,25,0,2,7,cyclic_8_1,block_2_1,cyclic_4_1,unroll_4,unroll_2,unroll_2,1,8.5,0.955601799833,False
workload_225.cpp,xczu7ev-ffvc1156-2-e,10,398.08991,47,26,0,2,7,cyclic_8_1,block_32_1,block_2_1,unroll_2,unroll_2,pipeline_1,1,8.75,0.776600407716,False
workload_203.cpp,xczu7ev-ffvc1156-2-e,10,587.61695,55,26,1,3,11,cyclic_8_1,block_32_1,block_2_1,unroll_2,unroll_4,pipeline_1,1,10.25,0.44473572115,False
workload_293.cpp,xczu7ev-ffvc1156-2-e,10,449.65583,51,26,1,3,8,cyclic_8_1,block_4_1,block_2_1,unroll_2,unroll_4,pipeline_1,1,9.5,0.671420655042,False
workload_300.cpp,xczu7ev-ffvc1156-2-e,10,307.39147,54,26,1,3,9,cyclic_8_1,block_4_1,cyclic_2_1,unroll_4,unroll_2,pipeline_1,1,9.75,0.912540044675,False
workload_216.cpp,xczu7ev-ffvc1156-2-e,10,378.26735,140,31,4,5,26,cyclic_8_1,block_64_1,cyclic_2_1,unroll_2,unroll_2,unroll_16,1,16.5,0.596659509276,False
workload_219.cpp,xczu7ev-ffvc1156-2-e,10,380.59695,55,26,2,3,8,cyclic_8_1,block_8_1,block_4_1,unroll_2,unroll_2,unroll_8,1,9.75,0.788656369387,False
workload_161.cpp,xczu7ev-ffvc1156-2-e,10,397.73631,48,26,0,1,5,cyclic_8_1,cyclic_16_1,block_2_1,unroll_2,unroll_2,pipeline_1,1,8,0.786747117321,False
workload_22.cpp,xczu7ev-ffvc1156-2-e,10,411.54735,66,26,1,2,10,cyclic_8_1,cyclic_16_1,block_2_1,unroll_2,unroll_2,unroll_16,1,9.75,0.73380238829,False
workload_40.cpp,xczu7ev-ffvc1156-2-e,10,409.05135,222,26,2,4,29,cyclic_8_1,cyclic_16_1,block_2_1,unroll_2,unroll_2,unroll_64,1,15.25,0.608842608347,False
workload_84.cpp,xczu7ev-ffvc1156-2-e,10,601.30255,103,26,1,3,17,cyclic_8_1,cyclic_16_1,block_2_1,unroll_2,unroll_4,unroll_16,1,11.75,0.412929398522,False
workload_120.cpp,xczu7ev-ffvc1156-2-e,10,449.29679,54,25,0,1,6,cyclic_8_1,cyclic_2_1,block_2_1,unroll_2,unroll_4,pipeline_1,1,8,0.68690441115,False
workload_183.cpp,xczu7ev-ffvc1156-2-e,10,460.80703,256,25,0,5,34,cyclic_8_1,cyclic_2_1,block_2_1,unroll_2,unroll_4,unroll_64,1,16,0.529859627121,False
workload_325.cpp,xczu7ev-ffvc1156-2-e,10,324.17691,55,25,1,2,8,cyclic_8_1,cyclic_2_1,block_2_1,unroll_4,unroll_2,unroll_8,1,9,0.905559636295,False
workload_485.cpp,xczu7ev-ffvc1156-2-e,10,46.2199,376,25,1,12,44,cyclic_8_1,cyclic_2_1,complete_1,unroll_2,pipeline_1,pipeline_1,2,20.5,0.603642586854,False
workload_451.cpp,xczu7ev-ffvc1156-2-e,10,46.2199,369,25,1,12,44,cyclic_8_1,cyclic_2_1,complete_1,unroll_2,pipeline_1,unroll_16,1,20.5,0.603642586854,False
workload_479.cpp,xczu7ev-ffvc1156-2-e,10,46.2199,389,25,1,12,44,cyclic_8_1,cyclic_2_1,complete_1,unroll_2,pipeline_1,unroll_4,1,20.5,0.603642586854,False
workload_522.cpp,xczu7ev-ffvc1156-2-e,10,46.2199,391,25,1,12,44,cyclic_8_1,cyclic_2_1,complete_1,unroll_2,pipeline_1,unroll_8,1,20.5,0.603642586854,False
workload_331.cpp,xczu7ev-ffvc1156-2-e,10,307.03774,43,25,0,1,4,cyclic_8_1,cyclic_2_1,complete_1,unroll_2,unroll_2,pipeline_1,1,7.5,0.975835617606,False
workload_537.cpp,xczu7ev-ffvc1156-2-e,10,330.83278,43,25,1,1,4,cyclic_8_1,cyclic_2_1,complete_1,unroll_2,unroll_2,unroll_4,1,7.75,0.926759967781,False
workload_321.cpp,xczu7ev-ffvc1156-2-e,10,324.17686,45,25,1,1,5,cyclic_8_1,cyclic_2_1,complete_1,unroll_2,unroll_2,unroll_8,1,8,0.93205688738,False
workload_533.cpp,xczu7ev-ffvc1156-2-e,10,46.21978,963,25,1,23,82,cyclic_8_1,cyclic_2_1,complete_1,unroll_4,pipeline_1,unroll_4,1,32.75,0.396702304807,False
workload_209.cpp,xczu7ev-ffvc1156-2-e,10,307.0377,51,25,0,1,6,cyclic_8_1,cyclic_2_1,complete_1,unroll_4,unroll_2,pipeline_1,1,8,0.961385430443,False
workload_520.cpp,xczu7ev-ffvc1156-2-e,10,46.21999,369,25,1,12,44,cyclic_8_1,cyclic_2_1,cyclic_2_1,unroll_2,pipeline_1,pipeline_1,1,20.5,0.603642559345,False
workload_208.cpp,xczu7ev-ffvc1156-2-e,10,449.29679,45,25,0,1,6,cyclic_8_1,cyclic_2_1,cyclic_2_1,unroll_2,unroll_4,pipeline_1,1,8,0.68690441115,False
workload_246.cpp,xczu7ev-ffvc1156-2-e,10,307.03787,49,25,0,1,6,cyclic_8_1,cyclic_2_1,cyclic_2_1,unroll_4,unroll_2,pipeline_1,1,8,0.96138516013,False
workload_165.cpp,xczu7ev-ffvc1156-2-e,10,449.29675,64,25,0,2,10,cyclic_8_1,cyclic_2_1,cyclic_2_1,unroll_4,unroll_4,pipeline_1,1,9.25,0.675390965848,False
workload_280.cpp,xczu7ev-ffvc1156-2-e,10,307.03791,42,25,0,1,4,cyclic_8_1,cyclic_2_1,cyclic_4_1,unroll_2,unroll_2,pipeline_1,1,7.5,0.975835286284,False
workload_361.cpp,xczu7ev-ffvc1156-2-e,10,307.03787,47,25,0,1,6,cyclic_8_1,cyclic_2_1,cyclic_4_1,unroll_4,unroll_2,pipeline_1,1,8,0.96138516013,False
workload_309.cpp,xczu7ev-ffvc1156-2-e,10,318.35295,132,26,1,3,20,cyclic_8_1,cyclic_4_1,block_2_1,unroll_2,unroll_2,unroll_64,1,12.5,0.794686785086,False
workload_407.cpp,xczu7ev-ffvc1156-2-e,10,324.17686,49,26,1,1,6,cyclic_8_1,cyclic_4_1,complete_1,unroll_2,unroll_2,unroll_8,1,8.5,0.917184603393,False
workload_589.cpp,xczu7ev-ffvc1156-2-e,10,46.21978,1155,26,1,23,83,cyclic_8_1,cyclic_4_1,complete_1,unroll_4,pipeline_1,unroll_16,1,33.25,0.385751371624,False
workload_218.cpp,xczu7ev-ffvc1156-2-e,10,318.35295,142,26,1,3,20,cyclic_8_1,cyclic_4_1,cyclic_2_1,unroll_2,unroll_2,unroll_64,1,12.5,0.794686785086,False
workload_245.cpp,xczu7ev-ffvc1156-2-e,10,449.29679,49,26,0,1,6,cyclic_8_1,cyclic_4_1,cyclic_2_1,unroll_2,unroll_4,pipeline_1,1,8.25,0.685333209524,False
workload_259.cpp,xczu7ev-ffvc1156-2-e,10,414.87531,141,42,1,2,27,cyclic_8_1,cyclic_64_1,block_2_1,unroll_4,unroll_2,unroll_8,1,18,0.519077501206,False
workload_222.cpp,xczu7ev-ffvc1156-2-e,10,397.7361,52,26,0,1,7,cyclic_8_1,cyclic_8_1,complete_1,unroll_4,unroll_2,pipeline_1,1,8.5,0.78099706816,False
workload_242.cpp,xczu7ev-ffvc1156-2-e,10,397.73631,42,26,0,1,4,cyclic_8_1,cyclic_8_1,cyclic_2_1,unroll_2,unroll_2,pipeline_1,1,7.75,0.788712135224,False
workload_174.cpp,xczu7ev-ffvc1156-2-e,10,411.54735,63,26,1,2,8,cyclic_8_1,cyclic_8_1,cyclic_2_1,unroll_2,unroll_2,unroll_16,1,9.25,0.743316837616,False
