Version,Device,Clock_Period_nsec,Latency_msec,Synthesis_Time_sec,BRAM_Utilization_percentage,DSP_Utilization_percentage,FF_Utilization_percentage,LUT_Utilization_percentage,Array_1,Array_2,Array_3,Array_4,Array_5,Array_6,Array_7,Array_8,Array_9,Array_10,Array_11,Array_12,Array_13,Array_14,Array_15,OuterLoop_1,OuterLoop_2,InnerLoop_1_1,Replicate_Count,Area,Weight,is_pareto
workload_146.cpp,xczu7ev-ffvc1156-2-e,10,0.26477,791,9,38,8,58,block_16_1,block_64_1,block_8_1,cyclic_64_1,block_128_1,block_16_1,block_16_1,block_2_1,block_32_1,block_32_1,block_4_1,block_4_1,cyclic_8_1,block_8_1,block_8_1,unroll_8,unroll_4,pipeline_1,1,28.25,0.266109328936,False
workload_439.cpp,xczu7ev-ffvc1156-2-e,10,0.22904,1635,7,62,21,88,block_16_1,cyclic_2_1,cyclic_32_1,block_8_1,cyclic_128_1,cyclic_128_1,cyclic_4_1,cyclic_128_1,cyclic_128_1,block_8_1,block_128_1,block_32_1,complete_1,block_2_1,block_2_1,unroll_16,unroll_4,pipeline_1,1,44.5,0.106612261329,False
workload_186.cpp,xczu7ev-ffvc1156-2-e,10,0.22904,1164,10,62,14,65,block_16_1,cyclic_32_1,cyclic_32_1,block_64_1,block_8_1,block_2_1,cyclic_4_1,block_2_1,cyclic_128_1,cyclic_4_1,block_8_1,block_16_1,block_8_1,complete_1,block_8_1,unroll_16,unroll_4,pipeline_1,1,37.75,0.150593535447,False
workload_49.cpp,xczu7ev-ffvc1156-2-e,10,0.21753,1431,18,1,39,57,block_16_1,cyclic_4_1,block_32_1,block_64_1,cyclic_32_1,block_8_1,cyclic_16_1,block_128_1,block_32_1,cyclic_128_1,cyclic_32_1,block_32_1,block_2_1,cyclic_8_1,cyclic_8_1,unroll_64,unroll_4,pipeline_1,1,28.75,0.273116859388,False
workload_39.cpp,xczu7ev-ffvc1156-2-e,10,0.21449,1309,18,1,43,47,block_16_1,cyclic_4_1,block_32_1,cyclic_128_1,cyclic_32_1,cyclic_8_1,cyclic_16_1,block_128_1,block_64_1,cyclic_128_1,cyclic_32_1,block_4_1,complete_1,complete_1,cyclic_8_1,unroll_64,unroll_4,pipeline_1,1,27.25,0.300484885503,False
workload_177.cpp,xczu7ev-ffvc1156-2-e,10,0.72284,2432,12,1,8,49,block_16_1,cyclic_4_1,block_32_1,cyclic_16_1,block_64_1,block_16_1,cyclic_16_1,cyclic_64_1,block_32_1,cyclic_4_1,cyclic_32_1,block_64_1,cyclic_4_1,cyclic_8_1,cyclic_8_1,unroll_64,unroll_4,unroll_2,1,17.5,0.191467142655,False
workload_148.cpp,xczu7ev-ffvc1156-2-e,10,0.27029,215,12,11,9,27,block_16_1,cyclic_4_1,block_32_1,cyclic_64_1,block_128_1,block_16_1,cyclic_16_1,block_2_1,block_32_1,block_16_1,cyclic_32_1,block_32_1,block_8_1,cyclic_8_1,complete_1,unroll_2,unroll_4,pipeline_1,1,14.75,0.526905198224,False
workload_97.cpp,xczu7ev-ffvc1156-2-e,10,0.2483,1451,8,1,41,50,block_16_1,cyclic_4_1,block_32_1,cyclic_64_1,block_128_1,block_8_1,cyclic_16_1,block_2_1,block_32_1,cyclic_128_1,cyclic_32_1,block_32_1,block_2_1,cyclic_8_1,block_8_1,unroll_64,unroll_4,pipeline_1,1,25,0.3287445534,False
workload_113.cpp,xczu7ev-ffvc1156-2-e,10,0.21449,1355,17,1,44,47,block_16_1,cyclic_4_1,cyclic_16_1,block_64_1,cyclic_32_1,block_128_1,cyclic_16_1,block_4_1,block_64_1,cyclic_4_1,cyclic_32_1,block_16_1,complete_1,complete_1,cyclic_8_1,unroll_64,unroll_4,pipeline_1,1,27.25,0.300484885503,False
workload_127.cpp,xczu7ev-ffvc1156-2-e,10,0.22907,1192,14,62,15,67,block_16_1,cyclic_4_1,cyclic_32_1,block_64_1,block_8_1,block_16_1,cyclic_4_1,block_2_1,cyclic_128_1,block_8_1,block_8_1,block_16_1,block_8_1,complete_1,block_8_1,unroll_16,unroll_4,pipeline_1,1,39.5,0.135300006971,False
workload_176.cpp,xczu7ev-ffvc1156-2-e,10,0.25981,855,4,1,47,93,block_2_1,block_4_1,block_64_1,block_16_1,cyclic_64_1,cyclic_128_1,cyclic_2_1,block_4_1,cyclic_8_1,cyclic_4_1,cyclic_128_1,cyclic_2_1,complete_1,block_2_1,cyclic_8_1,unroll_16,unroll_4,pipeline_1,1,36.25,0.161071139896,False
workload_122.cpp,xczu7ev-ffvc1156-2-e,10,0.22904,684,10,1,43,80,block_2_1,block_4_1,cyclic_16_1,block_16_1,block_16_1,block_4_1,cyclic_2_1,block_4_1,cyclic_8_1,cyclic_4_1,block_16_1,block_16_1,complete_1,cyclic_8_1,cyclic_8_1,unroll_16,unroll_4,pipeline_1,1,33.5,0.198661384009,False
workload_41.cpp,xczu7ev-ffvc1156-2-e,10,0.22904,849,6,1,47,95,block_2_1,block_4_1,cyclic_16_1,block_64_1,cyclic_8_1,block_128_1,cyclic_2_1,block_4_1,cyclic_8_1,cyclic_4_1,cyclic_128_1,block_16_1,complete_1,block_4_1,cyclic_8_1,unroll_16,unroll_4,pipeline_1,1,37.25,0.155451897128,False
workload_109.cpp,xczu7ev-ffvc1156-2-e,10,0.22904,843,6,1,47,95,block_2_1,block_4_1,cyclic_16_1,block_8_1,cyclic_8_1,block_128_1,cyclic_2_1,block_4_1,cyclic_8_1,cyclic_4_1,cyclic_128_1,block_16_1,complete_1,block_4_1,cyclic_8_1,unroll_16,unroll_4,pipeline_1,1,37.25,0.155451897128,False
workload_124.cpp,xczu7ev-ffvc1156-2-e,10,0.25981,864,4,1,47,94,block_2_1,block_4_1,cyclic_16_1,cyclic_4_1,cyclic_64_1,cyclic_128_1,cyclic_2_1,block_4_1,cyclic_8_1,cyclic_4_1,cyclic_128_1,cyclic_2_1,complete_1,block_4_1,cyclic_8_1,unroll_16,unroll_4,pipeline_1,1,36.5,0.158533738753,False
workload_130.cpp,xczu7ev-ffvc1156-2-e,10,0.14286,485,6,1,29,60,block_2_1,block_64_1,block_2_1,cyclic_128_1,block_128_1,block_2_1,cyclic_2_1,block_4_1,block_32_1,block_16_1,block_2_1,cyclic_4_1,cyclic_8_1,block_8_1,block_8_1,unroll_8,unroll_4,pipeline_1,1,24,0.390084267193,False
workload_63.cpp,xczu7ev-ffvc1156-2-e,10,0.26573,484,9,1,29,61,block_2_1,block_64_1,block_8_1,cyclic_128_1,block_128_1,block_16_1,block_16_1,block_2_1,block_32_1,block_16_1,block_4_1,cyclic_4_1,cyclic_8_1,block_8_1,block_8_1,unroll_8,unroll_4,pipeline_1,1,25,0.32087341019,False
workload_219.cpp,xczu7ev-ffvc1156-2-e,10,0.26997,148,9,1,8,16,block_2_1,cyclic_16_1,cyclic_64_1,cyclic_4_1,cyclic_64_1,cyclic_32_1,block_32_1,cyclic_4_1,block_64_1,block_4_1,block_32_1,cyclic_4_1,block_8_1,cyclic_4_1,complete_1,unroll_2,unroll_4,pipeline_1,1,8.5,0.680634629373,False
workload_437.cpp,xczu7ev-ffvc1156-2-e,10,0.0886,220,6,1,19,24,block_2_1,cyclic_2_1,block_2_1,cyclic_4_1,cyclic_64_1,block_64_1,block_4_1,cyclic_128_1,cyclic_4_1,cyclic_4_1,block_32_1,block_32_1,cyclic_8_1,complete_1,complete_1,pipeline_1,unroll_4,pipeline_1,1,12.5,0.724401731925,False
workload_714.cpp,xczu7ev-ffvc1156-2-e,10,0.1471,168,6,1,11,19,block_2_1,cyclic_2_1,block_2_1,cyclic_64_1,cyclic_64_1,cyclic_128_1,block_4_1,cyclic_16_1,block_32_1,block_8_1,block_128_1,block_32_1,cyclic_8_1,complete_1,cyclic_8_1,unroll_2,unroll_4,pipeline_1,1,9.25,0.744164389816,False
workload_449.cpp,xczu7ev-ffvc1156-2-e,10,0.05771,206,6,1,16,24,block_2_1,cyclic_2_1,block_2_1,cyclic_8_1,cyclic_128_1,cyclic_128_1,block_4_1,cyclic_128_1,cyclic_2_1,block_8_1,block_128_1,cyclic_4_1,cyclic_8_1,complete_1,cyclic_8_1,pipeline_1,unroll_4,pipeline_1,1,11.75,0.767386147005,False
workload_900.cpp,xczu7ev-ffvc1156-2-e,10,0.00013,395,22,5,28,43,block_2_1,cyclic_2_1,block_2_1,cyclic_8_1,cyclic_64_1,block_4_1,block_4_1,cyclic_128_1,cyclic_2_1,block_4_1,cyclic_4_1,cyclic_4_1,cyclic_8_1,cyclic_2_1,cyclic_8_1,pipeline_1,unroll_2,pipeline_1,1,24.5,0.397523542876,False
workload_853.cpp,xczu7ev-ffvc1156-2-e,10,0.08851,179,7,1,11,18,block_2_1,cyclic_2_1,block_2_1,cyclic_8_1,cyclic_64_1,block_4_1,block_4_1,cyclic_128_1,cyclic_2_1,block_8_1,cyclic_4_1,cyclic_4_1,cyclic_8_1,complete_1,cyclic_8_1,pipeline_1,unroll_4,pipeline_1,1,9.25,0.807263876326,False
workload_838.cpp,xczu7ev-ffvc1156-2-e,10,0.10094,2268,6,1,36,81,block_2_1,cyclic_2_1,block_2_1,cyclic_8_1,cyclic_64_1,cyclic_128_1,block_4_1,cyclic_128_1,block_64_1,block_8_1,block_128_1,cyclic_4_1,cyclic_8_1,complete_1,cyclic_8_1,unroll_64,unroll_4,pipeline_1,1,31,0.257693707021,False
workload_485.cpp,xczu7ev-ffvc1156-2-e,10,0.05771,197,6,1,15,23,block_2_1,cyclic_2_1,block_2_1,cyclic_8_1,cyclic_64_1,cyclic_128_1,block_4_1,cyclic_128_1,cyclic_2_1,block_8_1,block_128_1,cyclic_4_1,cyclic_8_1,complete_1,cyclic_8_1,pipeline_1,unroll_4,pipeline_1,1,11.25,0.783052113821,False
workload_756.cpp,xczu7ev-ffvc1156-2-e,10,0.05771,199,6,1,15,23,block_2_1,cyclic_2_1,block_2_1,cyclic_8_1,cyclic_64_1,cyclic_128_1,block_4_1,cyclic_128_1,cyclic_2_1,cyclic_2_1,block_128_1,cyclic_4_1,cyclic_8_1,complete_1,cyclic_8_1,pipeline_1,unroll_4,pipeline_1,1,11.25,0.783052113821,False
workload_352.cpp,xczu7ev-ffvc1156-2-e,10,0.26725,224,5,1,15,27,block_2_1,cyclic_2_1,block_64_1,block_8_1,cyclic_64_1,cyclic_8_1,block_4_1,block_2_1,cyclic_4_1,block_4_1,block_32_1,block_32_1,cyclic_4_1,cyclic_4_1,cyclic_8_1,unroll_4,unroll_4,pipeline_1,1,12,0.597722230677,False
workload_537.cpp,xczu7ev-ffvc1156-2-e,10,0.18866,141,37,6,15,23,block_2_1,cyclic_2_1,block_64_1,cyclic_128_1,cyclic_64_1,block_2_1,block_4_1,block_4_1,cyclic_2_1,block_8_1,block_2_1,cyclic_4_1,cyclic_4_1,complete_1,cyclic_8_1,pipeline_1,unroll_4,pipeline_1,1,20.25,0.45671903459,False
workload_922.cpp,xczu7ev-ffvc1156-2-e,10,0.18868,146,36,6,15,23,block_2_1,cyclic_2_1,block_8_1,cyclic_64_1,cyclic_2_1,cyclic_64_1,block_16_1,cyclic_128_1,block_32_1,block_8_1,cyclic_64_1,cyclic_4_1,block_2_1,complete_1,complete_1,pipeline_1,unroll_4,unroll_4,1,20,0.462451389039,False
workload_693.cpp,xczu7ev-ffvc1156-2-e,10,0.18866,165,35,6,19,28,block_2_1,cyclic_2_1,block_8_1,cyclic_8_1,cyclic_64_1,cyclic_128_1,block_4_1,cyclic_128_1,cyclic_2_1,block_8_1,block_128_1,cyclic_4_1,cyclic_8_1,complete_1,cyclic_8_1,pipeline_1,unroll_4,pipeline_1,1,22,0.417164401143,False
workload_791.cpp,xczu7ev-ffvc1156-2-e,10,0.18866,167,35,6,19,28,block_2_1,cyclic_2_1,block_8_1,cyclic_8_1,cyclic_64_1,cyclic_128_1,block_4_1,cyclic_128_1,cyclic_2_1,block_8_1,block_32_1,cyclic_4_1,cyclic_8_1,complete_1,cyclic_8_1,pipeline_1,unroll_4,pipeline_1,1,22,0.417164401143,False
workload_393.cpp,xczu7ev-ffvc1156-2-e,10,0.2284,895,4,1,57,97,block_2_1,cyclic_2_1,cyclic_32_1,block_8_1,cyclic_128_1,cyclic_128_1,cyclic_4_1,cyclic_128_1,cyclic_128_1,block_8_1,block_128_1,block_32_1,complete_1,complete_1,block_2_1,unroll_16,unroll_4,pipeline_1,1,39.75,0.133398437131,False
workload_516.cpp,xczu7ev-ffvc1156-2-e,10,0.18866,144,37,6,16,24,block_2_1,cyclic_2_1,cyclic_32_1,cyclic_8_1,cyclic_128_1,block_2_1,block_4_1,cyclic_128_1,cyclic_2_1,block_8_1,block_128_1,block_32_1,cyclic_8_1,complete_1,cyclic_8_1,pipeline_1,unroll_4,pipeline_1,1,20.75,0.445293714278,False
workload_611.cpp,xczu7ev-ffvc1156-2-e,10,0.18866,144,37,6,15,23,block_2_1,cyclic_2_1,cyclic_32_1,cyclic_8_1,cyclic_64_1,block_2_1,block_4_1,cyclic_128_1,cyclic_4_1,block_8_1,block_32_1,block_32_1,cyclic_8_1,cyclic_4_1,cyclic_8_1,pipeline_1,unroll_4,pipeline_1,1,20.25,0.45671903459,False
workload_126.cpp,xczu7ev-ffvc1156-2-e,10,0.15789,176,35,6,20,29,block_2_1,cyclic_2_1,cyclic_4_1,cyclic_4_1,cyclic_128_1,cyclic_128_1,cyclic_4_1,block_2_1,cyclic_128_1,cyclic_8_1,block_128_1,cyclic_4_1,cyclic_8_1,complete_1,cyclic_8_1,pipeline_1,unroll_4,pipeline_1,1,22.5,0.41913485688,False
workload_947.cpp,xczu7ev-ffvc1156-2-e,10,0.26997,143,4,1,9,15,block_2_1,cyclic_2_1,cyclic_64_1,cyclic_64_1,cyclic_64_1,block_2_1,block_16_1,cyclic_4_1,block_64_1,block_8_1,block_32_1,cyclic_4_1,block_4_1,complete_1,complete_1,unroll_2,unroll_4,pipeline_1,1,7.25,0.708170562327,False
workload_903.cpp,xczu7ev-ffvc1156-2-e,10,0.18866,162,35,6,17,27,block_2_1,cyclic_2_1,cyclic_64_1,cyclic_8_1,cyclic_64_1,cyclic_128_1,block_4_1,cyclic_4_1,cyclic_2_1,block_8_1,block_128_1,cyclic_4_1,cyclic_8_1,cyclic_2_1,cyclic_8_1,pipeline_1,unroll_4,pipeline_1,1,21.25,0.433961740287,False
workload_395.cpp,xczu7ev-ffvc1156-2-e,10,0.2327,1674,4,1,19,72,block_2_1,cyclic_32_1,cyclic_32_1,block_8_1,cyclic_128_1,block_2_1,cyclic_4_1,cyclic_128_1,cyclic_128_1,block_8_1,block_32_1,block_32_1,cyclic_8_1,cyclic_4_1,cyclic_2_1,unroll_32,unroll_4,pipeline_1,1,24,0.354779233249,False
workload_132.cpp,xczu7ev-ffvc1156-2-e,10,0.26573,403,10,1,27,52,block_2_1,cyclic_64_1,block_8_1,block_32_1,block_8_1,block_16_1,block_16_1,block_4_1,block_32_1,block_16_1,block_32_1,cyclic_4_1,block_8_1,block_8_1,cyclic_4_1,unroll_8,unroll_4,pipeline_1,1,22.5,0.366651600815,False
workload_89.cpp,xczu7ev-ffvc1156-2-e,10,0.26573,485,9,1,28,60,block_2_1,cyclic_64_1,block_8_1,cyclic_128_1,block_128_1,block_16_1,block_16_1,block_2_1,block_32_1,block_16_1,block_32_1,cyclic_4_1,block_8_1,block_8_1,cyclic_4_1,unroll_8,unroll_4,pipeline_1,1,24.5,0.329831380414,False
workload_188.cpp,xczu7ev-ffvc1156-2-e,10,0.26725,229,5,1,15,29,block_2_1,cyclic_64_1,cyclic_32_1,block_8_1,block_8_1,cyclic_64_1,block_16_1,block_2_1,cyclic_128_1,block_4_1,cyclic_2_1,block_32_1,block_8_1,cyclic_4_1,block_2_1,unroll_4,unroll_4,pipeline_1,1,12.5,0.585128447632,False
workload_201.cpp,xczu7ev-ffvc1156-2-e,10,0.26725,238,5,1,15,29,block_2_1,cyclic_64_1,cyclic_32_1,block_8_1,block_8_1,cyclic_64_1,block_16_1,block_4_1,cyclic_128_1,block_4_1,block_64_1,block_32_1,block_8_1,cyclic_4_1,block_2_1,unroll_4,unroll_4,pipeline_1,1,12.5,0.585128447632,False
workload_301.cpp,xczu7ev-ffvc1156-2-e,10,0.13694,785,6,1,46,88,block_2_1,cyclic_8_1,block_2_1,cyclic_8_1,cyclic_64_1,cyclic_64_1,cyclic_2_1,block_4_1,block_32_1,cyclic_4_1,block_2_1,cyclic_8_1,complete_1,block_8_1,block_2_1,unroll_16,unroll_4,pipeline_1,1,35.25,0.189490850787,False
workload_312.cpp,xczu7ev-ffvc1156-2-e,10,0.25981,670,7,1,43,77,block_2_1,cyclic_8_1,block_32_1,block_8_1,block_16_1,cyclic_2_1,cyclic_4_1,cyclic_128_1,cyclic_128_1,cyclic_16_1,block_2_1,block_64_1,complete_1,cyclic_4_1,complete_1,unroll_16,unroll_4,pipeline_1,1,32,0.211856708226,False
workload_191.cpp,xczu7ev-ffvc1156-2-e,10,0.26725,234,5,1,15,29,block_2_1,cyclic_8_1,block_8_1,cyclic_4_1,block_8_1,cyclic_64_1,block_16_1,block_2_1,cyclic_128_1,cyclic_4_1,cyclic_2_1,block_32_1,block_4_1,cyclic_4_1,block_2_1,unroll_4,unroll_4,pipeline_1,1,12.5,0.585128447632,False
workload_141.cpp,xczu7ev-ffvc1156-2-e,10,0.22289,1526,14,1,33,43,block_2_1,cyclic_8_1,cyclic_16_1,block_8_1,cyclic_32_1,block_128_1,cyclic_16_1,block_4_1,block_64_1,cyclic_2_1,cyclic_32_1,block_4_1,complete_1,complete_1,cyclic_8_1,unroll_64,unroll_4,pipeline_1,1,22.75,0.384481701679,False
workload_92.cpp,xczu7ev-ffvc1156-2-e,10,0.26725,235,5,1,15,29,block_2_1,cyclic_8_1,cyclic_32_1,block_64_1,block_8_1,cyclic_64_1,cyclic_4_1,block_2_1,cyclic_128_1,block_8_1,cyclic_2_1,block_32_1,block_4_1,cyclic_4_1,block_2_1,unroll_4,unroll_4,pipeline_1,1,12.5,0.585128447632,False
workload_108.cpp,xczu7ev-ffvc1156-2-e,10,0.22904,673,9,1,47,79,block_2_1,cyclic_8_1,cyclic_32_1,block_8_1,block_8_1,block_16_1,cyclic_4_1,block_2_1,cyclic_128_1,block_8_1,block_8_1,block_4_1,block_8_1,complete_1,block_8_1,unroll_16,unroll_4,pipeline_1,1,34,0.192222024529,False
workload_1.cpp,xczu7ev-ffvc1156-2-e,10,0.22419,1573,6,1,29,47,block_2_1,cyclic_8_1,cyclic_32_1,block_8_1,block_8_1,cyclic_64_1,cyclic_4_1,block_2_1,cyclic_128_1,block_8_1,block_8_1,block_32_1,cyclic_8_1,cyclic_4_1,cyclic_2_1,unroll_64,unroll_4,pipeline_1,1,20.75,0.425393691044,False
workload_51.cpp,xczu7ev-ffvc1156-2-e,10,0.26725,229,5,1,15,29,block_2_1,cyclic_8_1,cyclic_32_1,block_8_1,block_8_1,cyclic_64_1,cyclic_4_1,block_2_1,cyclic_128_1,block_8_1,cyclic_2_1,block_32_1,block_4_1,cyclic_4_1,block_2_1,unroll_4,unroll_4,pipeline_1,1,12.5,0.585128447632,False
workload_149.cpp,xczu7ev-ffvc1156-2-e,10,0.22419,1595,6,1,29,46,block_2_1,cyclic_8_1,cyclic_32_1,block_8_1,block_8_1,cyclic_64_1,cyclic_4_1,cyclic_128_1,block_8_1,block_8_1,cyclic_2_1,block_32_1,block_4_1,cyclic_4_1,block_2_1,unroll_64,unroll_4,pipeline_1,1,20.5,0.430671569763,False
workload_356.cpp,xczu7ev-ffvc1156-2-e,10,0.23268,2147,4,1,31,99,block_2_1,cyclic_8_1,cyclic_32_1,block_8_1,cyclic_128_1,cyclic_128_1,cyclic_4_1,cyclic_128_1,cyclic_128_1,block_8_1,block_32_1,block_32_1,complete_1,cyclic_4_1,block_2_1,unroll_32,unroll_4,pipeline_1,1,33.75,0.19471309724,False
workload_288.cpp,xczu7ev-ffvc1156-2-e,10,0.00015,446,22,5,25,51,block_2_1,cyclic_8_1,cyclic_32_1,block_8_1,cyclic_128_1,cyclic_128_1,cyclic_8_1,block_2_1,cyclic_128_1,block_8_1,block_128_1,cyclic_4_1,block_4_1,cyclic_4_1,block_2_1,unroll_4,unroll_2,pipeline_1,1,25.75,0.368290916696,False
workload_328.cpp,xczu7ev-ffvc1156-2-e,10,0.23648,254,4,1,19,32,block_2_1,cyclic_8_1,cyclic_32_1,block_8_1,cyclic_128_1,cyclic_64_1,block_4_1,block_2_1,cyclic_128_1,block_8_1,block_64_1,block_32_1,block_4_1,cyclic_4_1,block_2_1,unroll_4,unroll_4,pipeline_1,1,14,0.563250560476,False
workload_235.cpp,xczu7ev-ffvc1156-2-e,10,0.23648,246,4,1,19,32,block_2_1,cyclic_8_1,cyclic_32_1,block_8_1,cyclic_128_1,cyclic_64_1,cyclic_4_1,block_2_1,cyclic_128_1,block_8_1,block_32_1,block_32_1,block_4_1,cyclic_4_1,block_2_1,unroll_4,unroll_4,pipeline_1,1,14,0.563250560476,False
workload_244.cpp,xczu7ev-ffvc1156-2-e,10,0.22904,798,4,1,48,89,block_2_1,cyclic_8_1,cyclic_32_1,block_8_1,cyclic_128_1,cyclic_64_1,cyclic_4_1,cyclic_128_1,cyclic_128_1,block_8_1,block_32_1,block_32_1,complete_1,cyclic_4_1,block_2_1,unroll_16,unroll_4,pipeline_1,1,35.5,0.1741444232,False
workload_333.cpp,xczu7ev-ffvc1156-2-e,10,0.00015,434,22,5,23,49,block_2_1,cyclic_8_1,cyclic_32_1,block_8_1,cyclic_128_1,cyclic_64_1,cyclic_8_1,block_2_1,cyclic_128_1,block_8_1,block_128_1,cyclic_4_1,block_4_1,cyclic_4_1,block_2_1,unroll_4,unroll_2,pipeline_1,1,24.75,0.391557499998,False
workload_379.cpp,xczu7ev-ffvc1156-2-e,10,0.26725,234,4,1,16,30,block_2_1,cyclic_8_1,cyclic_32_1,block_8_1,cyclic_64_1,cyclic_64_1,block_4_1,block_32_1,cyclic_128_1,cyclic_2_1,block_64_1,block_32_1,block_4_1,cyclic_4_1,block_2_1,unroll_4,unroll_4,pipeline_1,1,12.75,0.578824109506,False
workload_362.cpp,xczu7ev-ffvc1156-2-e,10,0.26997,154,4,1,10,17,block_2_1,cyclic_8_1,cyclic_32_1,block_8_1,cyclic_64_1,cyclic_64_1,cyclic_4_1,block_2_1,cyclic_128_1,block_8_1,block_32_1,block_32_1,cyclic_4_1,cyclic_8_1,complete_1,unroll_2,unroll_4,pipeline_1,1,8,0.691918271606,False
workload_403.cpp,xczu7ev-ffvc1156-2-e,10,0.26725,249,4,1,17,31,block_2_1,cyclic_8_1,cyclic_32_1,cyclic_128_1,cyclic_128_1,cyclic_64_1,cyclic_4_1,cyclic_4_1,cyclic_4_1,block_8_1,block_32_1,cyclic_4_1,block_4_1,cyclic_4_1,block_2_1,unroll_4,unroll_4,pipeline_1,1,13.25,0.566213923484,False
workload_418.cpp,xczu7ev-ffvc1156-2-e,10,0.2392,167,4,1,12,20,block_2_1,cyclic_8_1,cyclic_32_1,cyclic_4_1,cyclic_128_1,cyclic_64_1,block_4_1,cyclic_4_1,cyclic_128_1,block_8_1,block_64_1,block_32_1,block_4_1,cyclic_4_1,complete_1,unroll_2,unroll_4,pipeline_1,1,9.25,0.687886408293,False
workload_184.cpp,xczu7ev-ffvc1156-2-e,10,0.22064,1533,9,1,34,44,block_4_1,block_128_1,cyclic_8_1,block_16_1,block_64_1,cyclic_32_1,block_16_1,cyclic_128_1,block_64_1,cyclic_64_1,cyclic_32_1,cyclic_4_1,block_2_1,complete_1,complete_1,unroll_64,unroll_4,pipeline_1,1,22,0.401137283043,False
workload_37.cpp,xczu7ev-ffvc1156-2-e,10,0.18866,161,40,10,17,23,block_4_1,cyclic_128_1,cyclic_128_1,block_16_1,cyclic_64_1,cyclic_2_1,block_64_1,block_4_1,block_64_1,cyclic_64_1,cyclic_32_1,block_8_1,block_2_1,block_2_1,block_2_1,pipeline_1,unroll_4,pipeline_1,1,22.5,0.406115190583,False
workload_213.cpp,xczu7ev-ffvc1156-2-e,10,0.00015,930,73,19,43,45,block_4_1,cyclic_2_1,cyclic_4_1,block_64_1,cyclic_8_1,block_64_1,block_4_1,cyclic_128_1,cyclic_2_1,cyclic_8_1,block_128_1,block_64_1,cyclic_8_1,complete_1,cyclic_8_1,pipeline_1,unroll_2,unroll_2,1,45,0.108869692203,False
workload_98.cpp,xczu7ev-ffvc1156-2-e,10,0.18866,200,40,10,18,26,block_4_1,cyclic_2_1,cyclic_4_1,cyclic_4_1,cyclic_128_1,cyclic_128_1,block_4_1,block_4_1,cyclic_2_1,cyclic_8_1,block_128_1,cyclic_4_1,cyclic_8_1,complete_1,cyclic_8_1,pipeline_1,unroll_4,pipeline_1,1,23.5,0.384415628237,False
workload_250.cpp,xczu7ev-ffvc1156-2-e,10,0.18866,167,45,10,17,24,block_4_1,cyclic_2_1,cyclic_64_1,block_16_1,cyclic_64_1,cyclic_32_1,block_16_1,block_64_1,block_64_1,cyclic_4_1,cyclic_32_1,cyclic_128_1,block_2_1,cyclic_4_1,cyclic_8_1,pipeline_1,unroll_4,pipeline_1,1,24,0.373781324131,False
workload_223.cpp,xczu7ev-ffvc1156-2-e,10,0.25985,753,5,62,10,48,block_4_1,cyclic_2_1,cyclic_64_1,block_2_1,cyclic_64_1,cyclic_8_1,block_64_1,block_64_1,block_16_1,cyclic_16_1,cyclic_4_1,cyclic_4_1,cyclic_8_1,cyclic_8_1,cyclic_8_1,unroll_16,unroll_4,pipeline_1,1,31.25,0.222249002923,False
workload_443.cpp,xczu7ev-ffvc1156-2-e,10,0.18875,217,40,10,25,29,block_4_1,cyclic_32_1,block_2_1,cyclic_4_1,cyclic_64_1,block_64_1,block_4_1,cyclic_128_1,cyclic_4_1,cyclic_4_1,block_32_1,block_32_1,cyclic_8_1,complete_1,complete_1,pipeline_1,unroll_4,pipeline_1,1,26,0.332806248402,False
workload_281.cpp,xczu7ev-ffvc1156-2-e,10,0.27032,183,4,11,11,21,block_4_1,cyclic_32_1,block_32_1,cyclic_64_1,block_128_1,block_64_1,cyclic_8_1,block_2_1,block_32_1,block_16_1,cyclic_32_1,block_64_1,block_8_1,cyclic_2_1,complete_1,unroll_2,unroll_4,pipeline_1,1,11.75,0.601862268407,False
workload_187.cpp,xczu7ev-ffvc1156-2-e,10,0.25985,759,5,62,10,47,block_4_1,cyclic_32_1,cyclic_64_1,block_2_1,cyclic_64_1,cyclic_8_1,block_64_1,block_64_1,block_16_1,cyclic_32_1,cyclic_4_1,block_128_1,block_2_1,cyclic_8_1,cyclic_8_1,unroll_16,unroll_4,pipeline_1,1,31,0.225807787038,False
workload_210.cpp,xczu7ev-ffvc1156-2-e,10,0.25985,758,5,62,10,47,block_4_1,cyclic_32_1,cyclic_64_1,block_2_1,cyclic_64_1,cyclic_8_1,block_64_1,cyclic_64_1,block_16_1,block_4_1,block_16_1,block_128_1,block_2_1,cyclic_8_1,cyclic_8_1,unroll_16,unroll_4,pipeline_1,1,31,0.225807787038,False
workload_154.cpp,xczu7ev-ffvc1156-2-e,10,0.25985,767,5,62,10,47,block_4_1,cyclic_32_1,cyclic_64_1,block_2_1,cyclic_64_1,cyclic_8_1,block_64_1,cyclic_64_1,block_16_1,cyclic_32_1,cyclic_4_1,block_128_1,block_2_1,cyclic_8_1,cyclic_8_1,unroll_16,unroll_4,pipeline_1,1,31,0.225807787038,False
workload_159.cpp,xczu7ev-ffvc1156-2-e,10,0.25141,1262,4,1,34,35,block_4_1,cyclic_4_1,block_32_1,block_16_1,block_64_1,cyclic_2_1,block_16_1,cyclic_128_1,block_2_1,cyclic_64_1,cyclic_32_1,cyclic_4_1,block_2_1,complete_1,block_2_1,unroll_64,unroll_4,pipeline_1,1,18.5,0.453466895186,False
workload_227.cpp,xczu7ev-ffvc1156-2-e,10,0.25141,1286,4,1,34,35,block_4_1,cyclic_4_1,block_32_1,block_16_1,block_64_1,cyclic_2_1,block_16_1,cyclic_64_1,block_2_1,cyclic_64_1,block_2_1,cyclic_4_1,block_2_1,complete_1,block_2_1,unroll_64,unroll_4,pipeline_1,1,18.5,0.453466895186,False
workload_157.cpp,xczu7ev-ffvc1156-2-e,10,0.72287,2152,4,1,7,31,block_4_1,cyclic_4_1,block_32_1,cyclic_16_1,block_64_1,block_64_1,cyclic_8_1,cyclic_64_1,block_2_1,cyclic_4_1,cyclic_32_1,block_64_1,cyclic_4_1,cyclic_2_1,cyclic_8_1,unroll_64,unroll_4,unroll_2,1,10.75,0.231479882675,False
workload_224.cpp,xczu7ev-ffvc1156-2-e,10,0.71764,1771,4,1,5,30,block_4_1,cyclic_4_1,block_32_1,cyclic_2_1,block_64_1,block_64_1,block_16_1,cyclic_128_1,block_2_1,cyclic_4_1,block_2_1,cyclic_4_1,cyclic_4_1,complete_1,cyclic_2_1,unroll_64,unroll_4,unroll_2,1,10,0.238532574866,False
workload_83.cpp,xczu7ev-ffvc1156-2-e,10,0.71764,1723,4,1,6,32,block_4_1,cyclic_4_1,block_32_1,cyclic_2_1,block_64_1,block_64_1,block_16_1,cyclic_128_1,block_2_1,cyclic_4_1,cyclic_32_1,cyclic_4_1,cyclic_4_1,complete_1,cyclic_4_1,unroll_64,unroll_4,unroll_2,1,10.75,0.235020055249,False
workload_181.cpp,xczu7ev-ffvc1156-2-e,10,0.27029,181,4,11,10,21,block_4_1,cyclic_4_1,block_32_1,cyclic_64_1,block_128_1,block_64_1,cyclic_8_1,block_2_1,block_2_1,block_16_1,cyclic_32_1,block_32_1,block_8_1,cyclic_2_1,complete_1,unroll_2,unroll_4,pipeline_1,1,11.5,0.608107157771,False
workload_195.cpp,xczu7ev-ffvc1156-2-e,10,0.72284,2437,5,1,8,50,block_4_1,cyclic_4_1,block_64_1,cyclic_2_1,block_64_1,cyclic_8_1,cyclic_8_1,cyclic_64_1,block_2_1,cyclic_4_1,cyclic_32_1,cyclic_4_1,cyclic_4_1,cyclic_8_1,cyclic_4_1,unroll_64,unroll_4,unroll_2,1,16,0.201342549156,False
workload_253.cpp,xczu7ev-ffvc1156-2-e,10,0.23984,150,7,11,9,16,block_4_1,cyclic_4_1,cyclic_128_1,cyclic_64_1,cyclic_8_1,block_64_1,cyclic_8_1,block_64_1,block_2_1,block_16_1,cyclic_32_1,block_32_1,block_8_1,cyclic_2_1,block_8_1,unroll_2,unroll_4,pipeline_1,1,10.75,0.64810378312,False
workload_315.cpp,xczu7ev-ffvc1156-2-e,10,0.00015,1065,44,14,15,33,block_4_1,cyclic_64_1,cyclic_4_1,block_128_1,block_128_1,cyclic_16_1,block_8_1,block_2_1,block_2_1,block_16_1,block_32_1,cyclic_128_1,cyclic_4_1,cyclic_8_1,complete_1,unroll_2,unroll_2,pipeline_1,1,26.5,0.351473164845,False
workload_238.cpp,xczu7ev-ffvc1156-2-e,10,0.27029,175,4,11,10,21,block_4_1,cyclic_64_1,cyclic_4_1,cyclic_4_1,block_128_1,block_64_1,cyclic_8_1,block_2_1,block_8_1,block_4_1,cyclic_32_1,block_32_1,block_8_1,cyclic_2_1,complete_1,unroll_2,unroll_4,pipeline_1,1,11.5,0.608107157771,False
workload_175.cpp,xczu7ev-ffvc1156-2-e,10,0.26757,233,10,20,14,25,block_4_1,cyclic_64_1,cyclic_64_1,cyclic_128_1,block_8_1,cyclic_32_1,block_32_1,block_4_1,block_2_1,block_4_1,cyclic_2_1,cyclic_128_1,block_8_1,cyclic_4_1,cyclic_4_1,unroll_4,unroll_4,pipeline_1,1,17.25,0.467057996892,False
workload_222.cpp,xczu7ev-ffvc1156-2-e,10,0.26757,224,8,20,14,25,block_4_1,cyclic_8_1,cyclic_32_1,block_64_1,block_8_1,block_16_1,block_4_1,block_4_1,cyclic_2_1,block_8_1,cyclic_2_1,block_32_1,cyclic_8_1,cyclic_4_1,block_2_1,unroll_4,unroll_4,pipeline_1,1,16.75,0.479117615615,False
workload_137.cpp,xczu7ev-ffvc1156-2-e,10,0.26757,246,5,20,15,27,block_4_1,cyclic_8_1,cyclic_32_1,block_64_1,block_8_1,cyclic_64_1,block_4_1,block_4_1,cyclic_2_1,block_8_1,cyclic_2_1,block_32_1,block_4_1,cyclic_4_1,block_2_1,unroll_4,unroll_4,pipeline_1,1,16.75,0.479117615615,False
workload_290.cpp,xczu7ev-ffvc1156-2-e,10,0.93029,248,4,18,16,26,block_4_1,cyclic_8_1,cyclic_32_1,cyclic_4_1,cyclic_64_1,cyclic_64_1,cyclic_2_1,block_4_1,cyclic_2_1,block_8_1,cyclic_4_1,block_32_1,block_4_1,block_8_1,block_2_1,unroll_4,unroll_4,unroll_2,1,16,0.117986745062,False
workload_262.cpp,xczu7ev-ffvc1156-2-e,10,0.26757,260,4,20,16,28,block_4_1,cyclic_8_1,cyclic_32_1,cyclic_8_1,cyclic_64_1,cyclic_64_1,cyclic_2_1,block_4_1,cyclic_2_1,block_8_1,cyclic_2_1,block_32_1,block_4_1,block_8_1,block_2_1,unroll_4,unroll_4,pipeline_1,1,17,0.473073134535,False
workload_382.cpp,xczu7ev-ffvc1156-2-e,10,0.26501,1145,23,20,6,62,block_64_1,cyclic_8_1,cyclic_128_1,cyclic_8_1,cyclic_128_1,cyclic_8_1,block_4_1,block_64_1,block_32_1,block_8_1,block_128_1,cyclic_128_1,block_4_1,cyclic_4_1,block_2_1,unroll_4,unroll_4,pipeline_1,1,27.75,0.274122784075,False
workload_334.cpp,xczu7ev-ffvc1156-2-e,10,0.94838,171,23,1,2,13,cyclic_128_1,cyclic_16_1,cyclic_4_1,block_128_1,block_64_1,cyclic_8_1,block_8_1,cyclic_4_1,block_32_1,block_8_1,cyclic_4_1,cyclic_128_1,cyclic_4_1,cyclic_8_1,complete_1,unroll_2,unroll_4,unroll_2,1,9.75,0.123971778621,False
workload_143.cpp,xczu7ev-ffvc1156-2-e,10,0.08917,294,21,1,6,20,cyclic_16_1,block_128_1,cyclic_16_1,cyclic_16_1,block_16_1,block_16_1,block_16_1,cyclic_128_1,block_32_1,cyclic_16_1,block_16_1,block_64_1,complete_1,cyclic_2_1,cyclic_2_1,unroll_16,unroll_4,pipeline_1,1,12,0.738328097935,False
workload_273.cpp,xczu7ev-ffvc1156-2-e,10,0.21233,101,8,1,3,9,cyclic_16_1,block_128_1,cyclic_4_1,cyclic_32_1,block_64_1,cyclic_8_1,block_8_1,cyclic_128_1,block_64_1,block_8_1,block_32_1,cyclic_128_1,block_4_1,cyclic_2_1,complete_1,unroll_2,unroll_4,pipeline_1,1,5.25,0.805749649152,False
workload_77.cpp,xczu7ev-ffvc1156-2-e,10,0.0892,288,21,1,6,20,cyclic_16_1,block_128_1,cyclic_8_1,cyclic_16_1,block_16_1,block_16_1,block_16_1,cyclic_128_1,block_16_1,cyclic_16_1,block_16_1,block_64_1,complete_1,cyclic_2_1,cyclic_2_1,unroll_16,unroll_4,pipeline_1,1,12,0.738304649096,False
workload_170.cpp,xczu7ev-ffvc1156-2-e,10,0.08741,302,19,1,7,22,cyclic_16_1,block_128_1,cyclic_8_1,cyclic_16_1,block_16_1,block_16_1,block_16_1,cyclic_128_1,block_32_1,cyclic_16_1,block_16_1,block_64_1,complete_1,block_8_1,cyclic_2_1,unroll_16,unroll_4,pipeline_1,1,12.25,0.732516123283,False
workload_102.cpp,xczu7ev-ffvc1156-2-e,10,0.08917,292,19,1,6,20,cyclic_16_1,block_128_1,cyclic_8_1,cyclic_16_1,block_16_1,block_16_1,block_16_1,cyclic_128_1,block_32_1,cyclic_16_1,block_16_1,block_64_1,complete_1,cyclic_2_1,cyclic_2_1,unroll_16,unroll_4,pipeline_1,1,11.5,0.752282405197,False
workload_121.cpp,xczu7ev-ffvc1156-2-e,10,0.21205,292,16,1,6,20,cyclic_16_1,block_128_1,cyclic_8_1,cyclic_32_1,block_16_1,block_16_1,block_32_1,cyclic_128_1,block_16_1,cyclic_16_1,block_16_1,block_64_1,complete_1,cyclic_2_1,cyclic_2_1,unroll_16,unroll_4,pipeline_1,1,10.75,0.663806036672,False
workload_198.cpp,xczu7ev-ffvc1156-2-e,10,0.76853,266,13,1,2,14,cyclic_16_1,block_128_1,cyclic_8_1,cyclic_32_1,block_16_1,cyclic_8_1,block_32_1,cyclic_128_1,block_64_1,block_4_1,block_16_1,block_128_1,cyclic_4_1,cyclic_2_1,cyclic_2_1,unroll_16,unroll_4,unroll_2,1,7.5,0.212873746412,False
workload_226.cpp,xczu7ev-ffvc1156-2-e,10,0.7993,268,10,1,2,14,cyclic_16_1,block_128_1,cyclic_8_1,cyclic_32_1,block_16_1,cyclic_8_1,block_32_1,cyclic_128_1,block_64_1,cyclic_32_1,cyclic_4_1,block_128_1,cyclic_4_1,cyclic_2_1,cyclic_2_1,unroll_16,unroll_4,unroll_2,1,6.75,0.195348193508,False
workload_161.cpp,xczu7ev-ffvc1156-2-e,10,0.0643,108,10,10,7,11,cyclic_16_1,cyclic_128_1,cyclic_16_1,cyclic_4_1,cyclic_64_1,cyclic_2_1,cyclic_8_1,block_4_1,block_64_1,block_8_1,cyclic_32_1,block_8_1,cyclic_4_1,block_4_1,block_2_1,pipeline_1,unroll_4,pipeline_1,1,9.5,0.826336693159,False
workload_218.cpp,xczu7ev-ffvc1156-2-e,10,0.0643,106,10,10,7,11,cyclic_16_1,cyclic_128_1,cyclic_16_1,cyclic_4_1,cyclic_64_1,cyclic_2_1,cyclic_8_1,block_4_1,block_64_1,block_8_1,cyclic_32_1,cyclic_8_1,block_8_1,block_4_1,cyclic_2_1,pipeline_1,unroll_4,pipeline_1,1,9.5,0.826336693159,False
workload_701.cpp,xczu7ev-ffvc1156-2-e,10,0.86321,99,8,1,3,7,cyclic_16_1,cyclic_2_1,block_8_1,block_2_1,cyclic_64_1,cyclic_8_1,block_4_1,cyclic_4_1,block_32_1,block_8_1,cyclic_64_1,cyclic_4_1,cyclic_4_1,block_8_1,complete_1,unroll_2,unroll_4,unroll_2,1,4.75,0.16293845519,False
workload_252.cpp,xczu7ev-ffvc1156-2-e,10,0.77173,322,12,1,3,24,cyclic_16_1,cyclic_2_1,cyclic_4_1,cyclic_32_1,block_16_1,cyclic_64_1,block_32_1,cyclic_128_1,block_64_1,block_2_1,block_16_1,block_128_1,cyclic_4_1,cyclic_2_1,cyclic_8_1,unroll_16,unroll_4,unroll_2,1,10,0.203324552882,False
workload_308.cpp,xczu7ev-ffvc1156-2-e,10,0.2431,106,8,1,2,8,cyclic_16_1,cyclic_32_1,cyclic_4_1,block_2_1,block_64_1,cyclic_8_1,block_8_1,cyclic_128_1,block_2_1,block_8_1,block_32_1,block_128_1,block_4_1,cyclic_2_1,complete_1,unroll_2,unroll_4,pipeline_1,1,4.75,0.787872179128,False
workload_259.cpp,xczu7ev-ffvc1156-2-e,10,0.0643,105,10,10,7,11,cyclic_16_1,cyclic_8_1,cyclic_16_1,cyclic_4_1,cyclic_64_1,cyclic_2_1,cyclic_8_1,block_4_1,block_64_1,block_8_1,cyclic_32_1,block_8_1,cyclic_4_1,block_4_1,cyclic_8_1,pipeline_1,unroll_4,pipeline_1,1,9.5,0.826336693159,False
workload_685.cpp,xczu7ev-ffvc1156-2-e,10,0.25238,93,6,1,2,5,cyclic_2_1,block_128_1,block_64_1,block_2_1,cyclic_8_1,block_2_1,cyclic_16_1,cyclic_8_1,block_32_1,block_2_1,block_128_1,block_32_1,block_4_1,complete_1,cyclic_8_1,unroll_2,unroll_4,pipeline_1,1,3.5,0.79951649827,False
workload_550.cpp,xczu7ev-ffvc1156-2-e,10,0.18718,124,31,10,9,13,cyclic_2_1,block_128_1,cyclic_32_1,cyclic_4_1,cyclic_64_1,cyclic_128_1,block_4_1,block_4_1,cyclic_2_1,block_8_1,block_128_1,block_32_1,cyclic_4_1,cyclic_2_1,cyclic_8_1,pipeline_1,unroll_4,pipeline_1,1,15.75,0.562259593467,False
workload_590.cpp,xczu7ev-ffvc1156-2-e,10,0.19043,104,11,3,5,8,cyclic_2_1,block_128_1,cyclic_32_1,cyclic_64_1,cyclic_64_1,block_2_1,block_4_1,block_2_1,cyclic_4_1,cyclic_4_1,block_2_1,block_32_1,cyclic_4_1,cyclic_8_1,cyclic_8_1,pipeline_1,unroll_4,pipeline_1,1,6.75,0.782736583195,False
workload_864.cpp,xczu7ev-ffvc1156-2-e,10,0.18718,114,31,10,8,12,cyclic_2_1,block_128_1,cyclic_32_1,cyclic_8_1,cyclic_64_1,cyclic_64_1,block_4_1,block_8_1,cyclic_2_1,block_8_1,block_128_1,block_32_1,cyclic_8_1,cyclic_2_1,cyclic_8_1,pipeline_1,unroll_4,unroll_2,1,15.25,0.573665895205,False
workload_302.cpp,xczu7ev-ffvc1156-2-e,10,0.22161,104,5,1,4,9,cyclic_2_1,block_128_1,cyclic_4_1,cyclic_32_1,block_64_1,cyclic_8_1,block_64_1,cyclic_4_1,block_64_1,block_8_1,block_32_1,cyclic_128_1,block_4_1,cyclic_2_1,complete_1,unroll_2,unroll_4,pipeline_1,1,4.75,0.809702996516,False
workload_682.cpp,xczu7ev-ffvc1156-2-e,10,0.18718,108,33,10,7,11,cyclic_2_1,block_128_1,cyclic_4_1,cyclic_4_1,cyclic_64_1,cyclic_8_1,cyclic_8_1,cyclic_4_1,cyclic_4_1,block_4_1,block_16_1,cyclic_128_1,cyclic_8_1,complete_1,block_8_1,pipeline_1,unroll_4,pipeline_1,1,15.25,0.573665895205,False
workload_241.cpp,xczu7ev-ffvc1156-2-e,10,0.18718,115,34,10,7,11,cyclic_2_1,block_128_1,cyclic_8_1,cyclic_4_1,cyclic_64_1,cyclic_8_1,block_16_1,cyclic_128_1,cyclic_2_1,cyclic_8_1,block_128_1,cyclic_4_1,cyclic_8_1,complete_1,cyclic_2_1,pipeline_1,unroll_4,pipeline_1,1,15.5,0.567979761684,False
workload_237.cpp,xczu7ev-ffvc1156-2-e,10,1.00953,2551,5,1,7,27,cyclic_2_1,block_16_1,block_128_1,cyclic_128_1,block_128_1,cyclic_8_1,block_16_1,cyclic_64_1,block_2_1,cyclic_4_1,cyclic_32_1,cyclic_4_1,cyclic_4_1,cyclic_2_1,cyclic_4_1,unroll_64,unroll_4,unroll_2,1,10,0.109078955574,False
workload_307.cpp,xczu7ev-ffvc1156-2-e,10,0.25316,1136,4,1,11,57,cyclic_2_1,block_16_1,block_2_1,cyclic_128_1,block_128_1,block_2_1,block_16_1,cyclic_64_1,block_2_1,cyclic_4_1,cyclic_64_1,cyclic_4_1,cyclic_4_1,cyclic_2_1,cyclic_4_1,unroll_32,unroll_4,pipeline_1,1,18.25,0.457083143358,False
workload_245.cpp,xczu7ev-ffvc1156-2-e,10,0.25371,1559,4,1,20,32,cyclic_2_1,block_16_1,cyclic_4_1,cyclic_128_1,block_128_1,block_64_1,block_4_1,cyclic_64_1,cyclic_4_1,block_8_1,block_32_1,block_32_1,block_4_1,cyclic_4_1,cyclic_4_1,unroll_64,unroll_4,pipeline_1,1,14.25,0.548303699088,False
workload_115.cpp,xczu7ev-ffvc1156-2-e,10,1.00953,2417,4,1,8,23,cyclic_2_1,block_16_1,cyclic_64_1,cyclic_128_1,block_128_1,block_64_1,block_16_1,block_64_1,block_2_1,cyclic_4_1,cyclic_32_1,cyclic_4_1,cyclic_4_1,cyclic_2_1,cyclic_4_1,unroll_64,unroll_4,unroll_2,1,9,0.109802852653,False
workload_180.cpp,xczu7ev-ffvc1156-2-e,10,1.00953,2442,4,1,7,22,cyclic_2_1,block_16_1,cyclic_64_1,cyclic_128_1,block_128_1,block_64_1,block_16_1,cyclic_64_1,block_2_1,cyclic_4_1,cyclic_32_1,cyclic_4_1,cyclic_4_1,cyclic_2_1,cyclic_4_1,unroll_64,unroll_4,unroll_2,1,8.5,0.110132703557,False
workload_196.cpp,xczu7ev-ffvc1156-2-e,10,0.25198,192,11,1,4,16,cyclic_2_1,block_64_1,block_32_1,block_64_1,cyclic_32_1,block_16_1,block_16_1,block_128_1,block_16_1,block_32_1,block_4_1,block_128_1,cyclic_8_1,block_8_1,cyclic_8_1,unroll_8,unroll_4,pipeline_1,1,8,0.7087895347,False
workload_82.cpp,xczu7ev-ffvc1156-2-e,10,0.25198,189,11,1,4,16,cyclic_2_1,block_64_1,block_32_1,block_64_1,cyclic_32_1,block_16_1,block_16_1,block_128_1,block_16_1,block_32_1,block_4_1,cyclic_4_1,cyclic_8_1,block_8_1,cyclic_8_1,unroll_8,unroll_4,pipeline_1,1,8,0.7087895347,False
workload_392.cpp,xczu7ev-ffvc1156-2-e,10,0.2519,320,4,1,9,31,cyclic_2_1,block_64_1,block_4_1,cyclic_64_1,block_128_1,cyclic_128_1,block_16_1,block_4_1,block_32_1,block_8_1,block_4_1,cyclic_4_1,block_4_1,block_8_1,complete_1,unroll_8,unroll_4,pipeline_1,1,11.25,0.627169529841,False
workload_481.cpp,xczu7ev-ffvc1156-2-e,10,0.25238,99,5,1,2,6,cyclic_2_1,block_64_1,block_64_1,cyclic_128_1,cyclic_64_1,cyclic_8_1,block_32_1,block_4_1,cyclic_4_1,cyclic_2_1,block_4_1,cyclic_4_1,block_8_1,cyclic_4_1,complete_1,unroll_2,unroll_4,pipeline_1,1,3.5,0.79951649827,False
workload_33.cpp,xczu7ev-ffvc1156-2-e,10,0.25198,254,6,1,5,24,cyclic_2_1,block_64_1,block_8_1,cyclic_64_1,block_128_1,block_16_1,block_16_1,block_2_1,block_32_1,block_32_1,block_4_1,cyclic_4_1,cyclic_8_1,block_8_1,block_8_1,unroll_8,unroll_4,pipeline_1,1,9,0.684436383824,False
workload_203.cpp,xczu7ev-ffvc1156-2-e,10,0.25198,300,4,1,7,27,cyclic_2_1,block_64_1,block_8_1,cyclic_64_1,block_128_1,cyclic_64_1,block_16_1,block_4_1,block_32_1,block_32_1,block_4_1,cyclic_4_1,block_4_1,block_8_1,block_8_1,unroll_8,unroll_4,pipeline_1,1,9.75,0.665623110572,False
workload_430.cpp,xczu7ev-ffvc1156-2-e,10,0.91766,126,4,1,4,10,cyclic_2_1,block_64_1,block_8_1,cyclic_64_1,block_128_1,cyclic_64_1,block_16_1,block_4_1,block_32_1,block_8_1,block_4_1,cyclic_4_1,block_4_1,block_8_1,complete_1,unroll_2,unroll_4,unroll_2,1,4.75,0.139163274395,False
workload_331.cpp,xczu7ev-ffvc1156-2-e,10,0.2519,297,4,1,7,27,cyclic_2_1,block_64_1,block_8_1,cyclic_64_1,block_128_1,cyclic_64_1,block_16_1,block_4_1,block_32_1,block_8_1,block_4_1,cyclic_4_1,block_4_1,block_8_1,complete_1,unroll_8,unroll_4,pipeline_1,1,9.75,0.665683614382,False
workload_284.cpp,xczu7ev-ffvc1156-2-e,10,0.25198,300,4,1,8,28,cyclic_2_1,block_64_1,block_8_1,cyclic_64_1,block_128_1,cyclic_64_1,block_16_1,block_4_1,block_32_1,cyclic_64_1,block_4_1,cyclic_4_1,block_4_1,block_8_1,block_8_1,unroll_8,unroll_4,pipeline_1,1,10.25,0.652890800488,False
workload_453.cpp,xczu7ev-ffvc1156-2-e,10,0.00015,602,31,19,17,68,cyclic_2_1,block_64_1,block_8_1,cyclic_64_1,block_128_1,cyclic_64_1,block_16_1,cyclic_128_1,cyclic_4_1,cyclic_2_1,block_4_1,cyclic_4_1,block_4_1,block_8_1,cyclic_8_1,unroll_2,unroll_2,unroll_2,1,33.75,0.216907841774,False
workload_556.cpp,xczu7ev-ffvc1156-2-e,10,0.25238,119,4,1,7,11,cyclic_2_1,block_64_1,block_8_1,cyclic_64_1,cyclic_64_1,cyclic_128_1,block_16_1,cyclic_128_1,block_32_1,block_8_1,block_4_1,cyclic_4_1,block_4_1,cyclic_2_1,complete_1,unroll_2,unroll_4,pipeline_1,1,5.75,0.758121584718,False
workload_325.cpp,xczu7ev-ffvc1156-2-e,10,0.24946,372,4,1,9,31,cyclic_2_1,block_64_1,cyclic_16_1,cyclic_64_1,cyclic_64_1,cyclic_64_1,block_16_1,block_4_1,block_32_1,block_32_1,block_4_1,cyclic_4_1,block_4_1,block_8_1,block_8_1,unroll_16,unroll_4,pipeline_1,1,11.25,0.628769950025,False
workload_521.cpp,xczu7ev-ffvc1156-2-e,10,0.2527,119,4,1,3,10,cyclic_2_1,block_64_1,cyclic_32_1,cyclic_4_1,block_128_1,block_2_1,block_16_1,cyclic_128_1,cyclic_4_1,block_8_1,block_32_1,block_32_1,cyclic_4_1,cyclic_4_1,cyclic_8_1,unroll_2,unroll_4,pipeline_1,1,4.5,0.780454403317,False
workload_166.cpp,xczu7ev-ffvc1156-2-e,10,0.18718,110,36,10,7,11,cyclic_2_1,block_64_1,cyclic_4_1,cyclic_128_1,cyclic_64_1,cyclic_32_1,block_4_1,cyclic_128_1,cyclic_2_1,cyclic_8_1,block_4_1,cyclic_128_1,cyclic_8_1,cyclic_4_1,cyclic_8_1,pipeline_1,unroll_4,pipeline_1,1,16,0.556509686595,False
workload_135.cpp,xczu7ev-ffvc1156-2-e,10,0.25371,1620,6,1,17,40,cyclic_2_1,block_64_1,cyclic_64_1,cyclic_128_1,cyclic_64_1,block_16_1,block_32_1,block_64_1,block_16_1,block_2_1,block_16_1,cyclic_128_1,cyclic_8_1,cyclic_4_1,block_8_1,unroll_64,unroll_4,pipeline_1,1,16,0.503797639506,False
workload_120.cpp,xczu7ev-ffvc1156-2-e,10,0.24946,339,9,1,7,26,cyclic_2_1,block_64_1,cyclic_64_1,cyclic_128_1,cyclic_64_1,cyclic_32_1,block_32_1,block_64_1,block_64_1,block_4_1,block_32_1,cyclic_4_1,block_8_1,cyclic_4_1,cyclic_4_1,unroll_16,unroll_4,pipeline_1,1,10.75,0.641774040269,False
workload_106.cpp,xczu7ev-ffvc1156-2-e,10,0.24946,338,9,1,7,26,cyclic_2_1,block_64_1,cyclic_64_1,cyclic_128_1,cyclic_64_1,cyclic_32_1,block_32_1,block_64_1,block_64_1,block_4_1,block_4_1,cyclic_128_1,cyclic_8_1,cyclic_4_1,block_8_1,unroll_16,unroll_4,pipeline_1,1,10.75,0.641774040269,False
workload_246.cpp,xczu7ev-ffvc1156-2-e,10,0.00015,1703,66,21,26,44,cyclic_2_1,cyclic_128_1,cyclic_32_1,cyclic_4_1,cyclic_64_1,block_64_1,block_2_1,block_32_1,cyclic_2_1,cyclic_2_1,block_128_1,cyclic_4_1,cyclic_8_1,complete_1,block_2_1,pipeline_1,unroll_2,pipeline_1,1,39.25,0.148759874435,False
workload_890.cpp,xczu7ev-ffvc1156-2-e,10,0.00015,263,25,1,12,28,cyclic_2_1,cyclic_16_1,block_2_1,block_32_1,cyclic_2_1,cyclic_8_1,block_8_1,cyclic_128_1,block_2_1,block_8_1,cyclic_32_1,cyclic_32_1,cyclic_8_1,complete_1,cyclic_4_1,unroll_2,unroll_2,unroll_2,1,16.5,0.620026596888,False
workload_478.cpp,xczu7ev-ffvc1156-2-e,10,0.25371,1442,4,1,15,30,cyclic_2_1,cyclic_16_1,block_2_1,block_64_1,block_64_1,block_2_1,cyclic_2_1,block_4_1,block_32_1,cyclic_4_1,cyclic_128_1,cyclic_8_1,block_2_1,cyclic_8_1,cyclic_4_1,unroll_64,unroll_4,pipeline_1,1,12.5,0.593576668326,False
workload_887.cpp,xczu7ev-ffvc1156-2-e,10,0.2527,94,4,1,1,5,cyclic_2_1,cyclic_16_1,block_2_1,cyclic_64_1,cyclic_2_1,block_2_1,block_8_1,cyclic_4_1,block_2_1,cyclic_2_1,block_32_1,cyclic_32_1,cyclic_8_1,cyclic_2_1,cyclic_4_1,unroll_2,unroll_4,pipeline_1,1,2.75,0.812193589846,False
workload_821.cpp,xczu7ev-ffvc1156-2-e,10,0.25238,97,4,1,3,7,cyclic_2_1,cyclic_16_1,block_2_1,cyclic_64_1,cyclic_2_1,cyclic_64_1,block_8_1,cyclic_16_1,block_2_1,cyclic_2_1,block_32_1,cyclic_32_1,block_4_1,cyclic_2_1,complete_1,unroll_2,unroll_4,pipeline_1,1,3.75,0.794978484596,False
workload_531.cpp,xczu7ev-ffvc1156-2-e,10,0.15971,142,11,3,6,14,cyclic_2_1,cyclic_16_1,block_32_1,cyclic_64_1,block_64_1,block_2_1,cyclic_8_1,cyclic_4_1,block_64_1,cyclic_2_1,cyclic_4_1,cyclic_128_1,cyclic_8_1,complete_1,block_8_1,pipeline_1,unroll_4,pipeline_1,1,8.5,0.755187573117,False
workload_885.cpp,xczu7ev-ffvc1156-2-e,10,0.25238,94,4,1,2,5,cyclic_2_1,cyclic_16_1,block_8_1,cyclic_64_1,cyclic_2_1,block_2_1,block_8_1,block_4_1,block_2_1,cyclic_2_1,block_32_1,block_128_1,cyclic_8_1,block_8_1,complete_1,unroll_2,unroll_4,pipeline_1,1,3,0.80825923591,False
workload_950.cpp,xczu7ev-ffvc1156-2-e,10,0.55158,98,4,1,2,6,cyclic_2_1,cyclic_16_1,cyclic_128_1,block_2_1,cyclic_2_1,block_64_1,block_8_1,cyclic_4_1,block_2_1,cyclic_2_1,block_32_1,cyclic_4_1,cyclic_4_1,cyclic_2_1,cyclic_4_1,unroll_2,unroll_4,unroll_2,1,3.25,0.40858604068,False
workload_666.cpp,xczu7ev-ffvc1156-2-e,10,0.1295,101,6,1,3,7,cyclic_2_1,cyclic_16_1,cyclic_2_1,cyclic_128_1,cyclic_2_1,cyclic_64_1,block_32_1,cyclic_4_1,block_32_1,cyclic_2_1,block_32_1,cyclic_128_1,block_4_1,complete_1,cyclic_8_1,unroll_2,unroll_4,pipeline_1,1,4.25,0.892031661905,False
workload_231.cpp,xczu7ev-ffvc1156-2-e,10,0.9633,427,9,1,4,23,cyclic_2_1,cyclic_16_1,cyclic_4_1,block_2_1,block_64_1,cyclic_32_1,cyclic_4_1,cyclic_4_1,block_2_1,block_8_1,cyclic_4_1,block_128_1,block_4_1,cyclic_4_1,cyclic_4_1,unroll_16,unroll_4,unroll_2,1,9.25,0.120313136459,False
workload_532.cpp,xczu7ev-ffvc1156-2-e,10,0.87409,102,5,1,2,7,cyclic_2_1,cyclic_16_1,cyclic_4_1,block_2_1,block_64_1,cyclic_8_1,block_8_1,cyclic_4_1,block_64_1,block_8_1,cyclic_4_1,cyclic_128_1,block_4_1,cyclic_2_1,block_8_1,unroll_2,unroll_4,unroll_2,1,3.75,0.15814882423,False
workload_563.cpp,xczu7ev-ffvc1156-2-e,10,0.00015,183,22,5,6,15,cyclic_2_1,cyclic_16_1,cyclic_4_1,block_2_1,cyclic_8_1,block_2_1,cyclic_16_1,cyclic_4_1,block_64_1,block_8_1,block_128_1,block_32_1,cyclic_8_1,complete_1,complete_1,unroll_2,unroll_2,pipeline_1,1,12,0.771442611014,False
workload_945.cpp,xczu7ev-ffvc1156-2-e,10,0.00015,173,28,2,4,14,cyclic_2_1,cyclic_16_1,cyclic_4_1,block_8_1,block_32_1,cyclic_8_1,block_8_1,cyclic_4_1,block_2_1,block_4_1,cyclic_32_1,cyclic_128_1,block_4_1,cyclic_2_1,block_8_1,unroll_2,unroll_2,unroll_2,1,12,0.771442611014,False
workload_786.cpp,xczu7ev-ffvc1156-2-e,10,0.00015,281,25,11,16,27,cyclic_2_1,cyclic_16_1,cyclic_4_1,block_8_1,block_64_1,block_2_1,block_8_1,cyclic_4_1,block_2_1,block_4_1,cyclic_4_1,cyclic_128_1,block_4_1,cyclic_2_1,block_8_1,pipeline_1,unroll_2,unroll_2,1,19.75,0.522289993241,False
workload_851.cpp,xczu7ev-ffvc1156-2-e,10,0.00015,176,16,1,5,14,cyclic_2_1,cyclic_16_1,cyclic_4_1,block_8_1,block_64_1,block_2_1,block_8_1,cyclic_8_1,block_2_1,block_4_1,cyclic_4_1,cyclic_128_1,block_4_1,cyclic_2_1,block_8_1,unroll_2,unroll_2,unroll_2,1,9,0.88172681621,False
workload_661.cpp,xczu7ev-ffvc1156-2-e,10,0.00015,203,14,1,7,20,cyclic_2_1,cyclic_16_1,cyclic_4_1,block_8_1,block_64_1,cyclic_8_1,block_64_1,cyclic_4_1,block_64_1,block_4_1,cyclic_4_1,cyclic_128_1,block_4_1,complete_1,complete_1,unroll_2,unroll_2,unroll_2,1,10.5,0.82578200913,False
workload_624.cpp,xczu7ev-ffvc1156-2-e,10,0.00015,199,15,1,8,21,cyclic_2_1,cyclic_16_1,cyclic_4_1,block_8_1,block_64_1,cyclic_8_1,block_8_1,cyclic_128_1,cyclic_4_1,block_4_1,cyclic_4_1,cyclic_128_1,block_4_1,complete_1,block_8_1,unroll_2,unroll_2,unroll_2,1,11.25,0.798391386362,False
workload_524.cpp,xczu7ev-ffvc1156-2-e,10,0.00015,191,16,5,7,18,cyclic_2_1,cyclic_16_1,cyclic_4_1,block_8_1,block_64_1,cyclic_8_1,block_8_1,cyclic_4_1,block_2_1,block_4_1,cyclic_4_1,cyclic_128_1,block_4_1,cyclic_2_1,block_8_1,unroll_2,unroll_2,pipeline_1,1,11.5,0.789357959287,False
workload_491.cpp,xczu7ev-ffvc1156-2-e,10,0.00015,173,16,1,5,14,cyclic_2_1,cyclic_16_1,cyclic_4_1,block_8_1,block_64_1,cyclic_8_1,block_8_1,cyclic_4_1,block_2_1,block_4_1,cyclic_4_1,cyclic_128_1,block_4_1,cyclic_2_1,block_8_1,unroll_2,unroll_2,unroll_2,1,9,0.88172681621,False
workload_690.cpp,xczu7ev-ffvc1156-2-e,10,0.00015,199,20,5,8,16,cyclic_2_1,cyclic_16_1,cyclic_4_1,block_8_1,cyclic_8_1,cyclic_8_1,block_64_1,cyclic_4_1,block_32_1,block_2_1,block_128_1,block_128_1,block_4_1,complete_1,complete_1,unroll_2,unroll_2,pipeline_1,1,12.25,0.76256239654,False
workload_506.cpp,xczu7ev-ffvc1156-2-e,10,0.90486,99,5,1,1,6,cyclic_2_1,cyclic_16_1,cyclic_4_1,cyclic_128_1,block_64_1,cyclic_8_1,block_8_1,cyclic_128_1,block_32_1,block_8_1,cyclic_4_1,cyclic_128_1,cyclic_4_1,cyclic_2_1,block_8_1,unroll_2,unroll_4,unroll_2,1,3.25,0.144655647452,False
workload_306.cpp,xczu7ev-ffvc1156-2-e,10,0.25238,103,5,1,2,7,cyclic_2_1,cyclic_16_1,cyclic_4_1,cyclic_128_1,block_64_1,cyclic_8_1,block_8_1,cyclic_4_1,block_32_1,block_8_1,cyclic_2_1,cyclic_128_1,block_4_1,cyclic_2_1,complete_1,unroll_2,unroll_4,pipeline_1,1,3.75,0.794978484596,False
workload_240.cpp,xczu7ev-ffvc1156-2-e,10,0.91766,106,5,1,1,6,cyclic_2_1,cyclic_16_1,cyclic_4_1,cyclic_128_1,block_64_1,cyclic_8_1,block_8_1,cyclic_4_1,block_32_1,block_8_1,cyclic_4_1,cyclic_128_1,block_4_1,cyclic_2_1,complete_1,unroll_2,unroll_4,unroll_2,1,3.25,0.139539493733,False
workload_342.cpp,xczu7ev-ffvc1156-2-e,10,0.90486,98,5,1,1,6,cyclic_2_1,cyclic_16_1,cyclic_4_1,cyclic_128_1,block_64_1,cyclic_8_1,block_8_1,cyclic_4_1,block_32_1,cyclic_64_1,cyclic_4_1,cyclic_128_1,block_4_1,cyclic_2_1,block_8_1,unroll_2,unroll_4,unroll_2,1,3.25,0.144655647452,False
workload_426.cpp,xczu7ev-ffvc1156-2-e,10,0.25198,200,5,1,4,17,cyclic_2_1,cyclic_16_1,cyclic_4_1,cyclic_128_1,block_64_1,cyclic_8_1,block_8_1,cyclic_4_1,block_32_1,cyclic_64_1,cyclic_4_1,cyclic_128_1,block_4_1,cyclic_2_1,block_8_1,unroll_8,unroll_4,pipeline_1,1,6.75,0.737539400067,False
workload_469.cpp,xczu7ev-ffvc1156-2-e,10,0.00015,189,34,1,6,17,cyclic_2_1,cyclic_16_1,cyclic_4_1,cyclic_128_1,block_64_1,cyclic_8_1,block_8_1,cyclic_4_1,block_64_1,block_4_1,cyclic_4_1,cyclic_128_1,block_4_1,cyclic_2_1,block_8_1,unroll_2,unroll_2,unroll_2,1,14.5,0.685073759878,False
workload_360.cpp,xczu7ev-ffvc1156-2-e,10,0.87409,100,5,1,2,7,cyclic_2_1,cyclic_16_1,cyclic_4_1,cyclic_128_1,block_64_1,cyclic_8_1,block_8_1,cyclic_4_1,block_64_1,block_4_1,cyclic_4_1,cyclic_128_1,block_4_1,cyclic_2_1,block_8_1,unroll_2,unroll_4,unroll_2,1,3.75,0.15814882423,False
workload_304.cpp,xczu7ev-ffvc1156-2-e,10,0.18718,105,33,10,7,11,cyclic_2_1,cyclic_16_1,cyclic_4_1,cyclic_128_1,cyclic_64_1,cyclic_8_1,block_32_1,block_64_1,block_64_1,block_8_1,cyclic_4_1,cyclic_128_1,cyclic_4_1,cyclic_4_1,cyclic_8_1,pipeline_1,unroll_4,pipeline_1,1,15.25,0.573665895205,False
workload_633.cpp,xczu7ev-ffvc1156-2-e,10,0.22129,121,7,1,2,7,cyclic_2_1,cyclic_16_1,cyclic_4_1,cyclic_128_1,cyclic_8_1,block_2_1,cyclic_8_1,cyclic_4_1,block_2_1,cyclic_2_1,block_32_1,block_32_1,cyclic_8_1,complete_1,cyclic_8_1,unroll_4,unroll_4,pipeline_1,1,4.25,0.820169932595,False
workload_560.cpp,xczu7ev-ffvc1156-2-e,10,0.22161,96,7,1,2,5,cyclic_2_1,cyclic_16_1,cyclic_4_1,cyclic_128_1,cyclic_8_1,block_2_1,cyclic_8_1,cyclic_4_1,block_2_1,cyclic_2_1,block_32_1,cyclic_128_1,cyclic_8_1,complete_1,cyclic_8_1,unroll_2,unroll_4,pipeline_1,1,3.75,0.829587412538,False
workload_268.cpp,xczu7ev-ffvc1156-2-e,10,0.18718,102,33,10,7,11,cyclic_2_1,cyclic_16_1,cyclic_4_1,cyclic_4_1,cyclic_64_1,cyclic_8_1,block_4_1,cyclic_128_1,block_64_1,block_4_1,block_64_1,cyclic_4_1,cyclic_8_1,complete_1,cyclic_8_1,pipeline_1,unroll_4,pipeline_1,1,15.25,0.573665895205,False
workload_422.cpp,xczu7ev-ffvc1156-2-e,10,1.04817,105,5,1,3,7,cyclic_2_1,cyclic_16_1,cyclic_4_1,cyclic_64_1,block_64_1,cyclic_8_1,block_16_1,cyclic_4_1,block_64_1,block_4_1,cyclic_4_1,cyclic_128_1,block_4_1,cyclic_8_1,block_8_1,unroll_2,unroll_4,unroll_2,1,4,0.105100796454,False
workload_472.cpp,xczu7ev-ffvc1156-2-e,10,0.88689,103,5,1,3,7,cyclic_2_1,cyclic_16_1,cyclic_4_1,cyclic_64_1,block_64_1,cyclic_8_1,block_64_1,cyclic_4_1,block_64_1,block_4_1,cyclic_4_1,cyclic_128_1,block_4_1,cyclic_2_1,complete_1,unroll_2,unroll_4,unroll_2,1,4,0.152224542072,False
workload_722.cpp,xczu7ev-ffvc1156-2-e,10,0.00015,183,36,2,2,17,cyclic_2_1,cyclic_16_1,cyclic_64_1,block_16_1,cyclic_2_1,cyclic_8_1,block_8_1,cyclic_4_1,block_2_1,block_8_1,cyclic_32_1,cyclic_32_1,cyclic_8_1,cyclic_2_1,cyclic_4_1,unroll_2,unroll_2,unroll_2,1,14.25,0.693461835206,False
workload_910.cpp,xczu7ev-ffvc1156-2-e,10,0.55158,89,7,1,1,4,cyclic_2_1,cyclic_16_1,cyclic_64_1,block_16_1,cyclic_2_1,cyclic_8_1,block_8_1,cyclic_4_1,block_2_1,block_8_1,cyclic_32_1,cyclic_4_1,block_4_1,cyclic_2_1,cyclic_4_1,unroll_2,unroll_4,unroll_2,1,3.25,0.40858604068,False
workload_927.cpp,xczu7ev-ffvc1156-2-e,10,0.00015,184,36,2,2,17,cyclic_2_1,cyclic_16_1,cyclic_64_1,block_16_1,cyclic_2_1,cyclic_8_1,block_8_1,cyclic_4_1,block_2_1,block_8_1,cyclic_4_1,cyclic_32_1,cyclic_8_1,cyclic_2_1,cyclic_4_1,unroll_2,unroll_2,unroll_2,1,14.25,0.693461835206,False
workload_841.cpp,xczu7ev-ffvc1156-2-e,10,0.2527,113,4,1,3,8,cyclic_2_1,cyclic_16_1,cyclic_64_1,block_8_1,cyclic_64_1,block_64_1,cyclic_8_1,cyclic_4_1,block_2_1,cyclic_4_1,block_32_1,cyclic_4_1,cyclic_4_1,cyclic_2_1,cyclic_4_1,unroll_2,unroll_4,pipeline_1,1,4,0.790070464578,False
workload_172.cpp,xczu7ev-ffvc1156-2-e,10,0.25238,99,9,1,3,7,cyclic_2_1,cyclic_16_1,cyclic_64_1,cyclic_128_1,cyclic_64_1,cyclic_32_1,block_32_1,cyclic_4_1,block_64_1,block_4_1,block_32_1,cyclic_4_1,block_8_1,cyclic_4_1,complete_1,unroll_2,unroll_4,pipeline_1,1,5,0.772135699688,False
workload_855.cpp,xczu7ev-ffvc1156-2-e,10,0.90998,100,5,1,1,6,cyclic_2_1,cyclic_16_1,cyclic_64_1,cyclic_4_1,cyclic_8_1,block_64_1,cyclic_4_1,cyclic_4_1,block_2_1,cyclic_4_1,cyclic_32_1,cyclic_32_1,cyclic_8_1,complete_1,complete_1,unroll_2,unroll_4,unroll_2,1,3.25,0.142571849988,False
workload_938.cpp,xczu7ev-ffvc1156-2-e,10,0.25238,100,4,1,2,7,cyclic_2_1,cyclic_16_1,cyclic_64_1,cyclic_64_1,block_64_1,block_2_1,block_8_1,block_4_1,block_2_1,cyclic_2_1,block_32_1,block_32_1,cyclic_8_1,cyclic_4_1,complete_1,unroll_2,unroll_4,pipeline_1,1,3.5,0.79951649827,False
workload_829.cpp,xczu7ev-ffvc1156-2-e,10,0.25238,90,4,1,2,4,cyclic_2_1,cyclic_16_1,cyclic_64_1,cyclic_64_1,cyclic_2_1,block_2_1,block_8_1,block_4_1,block_2_1,cyclic_2_1,block_32_1,block_128_1,cyclic_8_1,complete_1,complete_1,unroll_2,unroll_4,pipeline_1,1,2.75,0.812462734934,False
workload_759.cpp,xczu7ev-ffvc1156-2-e,10,0.2527,96,4,1,1,5,cyclic_2_1,cyclic_16_1,cyclic_64_1,cyclic_64_1,cyclic_2_1,block_2_1,block_8_1,cyclic_4_1,block_2_1,cyclic_2_1,block_32_1,cyclic_32_1,cyclic_8_1,cyclic_2_1,cyclic_4_1,unroll_2,unroll_4,pipeline_1,1,2.75,0.812193589846,False
workload_873.cpp,xczu7ev-ffvc1156-2-e,10,0.2527,103,4,1,3,7,cyclic_2_1,cyclic_16_1,cyclic_64_1,cyclic_64_1,cyclic_2_1,cyclic_64_1,block_4_1,cyclic_16_1,block_2_1,cyclic_2_1,block_32_1,cyclic_32_1,cyclic_8_1,cyclic_2_1,cyclic_4_1,unroll_2,unroll_4,pipeline_1,1,3.75,0.7947170202,False
workload_881.cpp,xczu7ev-ffvc1156-2-e,10,0.9023,102,5,1,2,6,cyclic_2_1,cyclic_16_1,cyclic_8_1,block_8_1,block_64_1,cyclic_8_1,block_8_1,cyclic_4_1,block_2_1,block_8_1,cyclic_4_1,cyclic_128_1,block_4_1,complete_1,block_8_1,unroll_2,unroll_4,unroll_2,1,3.5,0.145692018696,False
workload_492.cpp,xczu7ev-ffvc1156-2-e,10,0.87409,103,5,1,2,7,cyclic_2_1,cyclic_16_1,cyclic_8_1,cyclic_128_1,block_64_1,cyclic_8_1,block_8_1,cyclic_4_1,block_64_1,block_4_1,cyclic_4_1,cyclic_128_1,block_4_1,cyclic_2_1,block_8_1,unroll_2,unroll_4,unroll_2,1,3.75,0.15814882423,False
workload_727.cpp,xczu7ev-ffvc1156-2-e,10,0.12982,100,6,1,2,6,cyclic_2_1,cyclic_2_1,block_128_1,cyclic_8_1,cyclic_64_1,block_2_1,block_16_1,cyclic_4_1,block_2_1,cyclic_8_1,block_128_1,cyclic_128_1,cyclic_8_1,cyclic_2_1,cyclic_8_1,unroll_2,unroll_4,pipeline_1,1,3.75,0.895503671807,False
workload_857.cpp,xczu7ev-ffvc1156-2-e,10,0.1295,92,7,1,2,4,cyclic_2_1,cyclic_2_1,block_2_1,block_2_1,cyclic_2_1,block_2_1,block_64_1,cyclic_16_1,block_32_1,block_8_1,cyclic_4_1,block_128_1,block_4_1,complete_1,complete_1,unroll_2,unroll_4,pipeline_1,1,3.5,0.896344469661,False
workload_952.cpp,xczu7ev-ffvc1156-2-e,10,0.1295,93,7,1,2,4,cyclic_2_1,cyclic_2_1,block_2_1,block_2_1,cyclic_2_1,block_2_1,block_64_1,cyclic_16_1,block_32_1,block_8_1,cyclic_4_1,block_128_1,block_4_1,complete_1,cyclic_8_1,unroll_2,unroll_4,pipeline_1,1,3.5,0.896344469661,False
workload_816.cpp,xczu7ev-ffvc1156-2-e,10,0.0987,97,7,1,2,6,cyclic_2_1,cyclic_2_1,block_2_1,block_2_1,cyclic_64_1,block_2_1,block_4_1,cyclic_4_1,block_32_1,block_2_1,cyclic_4_1,block_128_1,block_4_1,complete_1,cyclic_4_1,unroll_2,unroll_4,pipeline_1,1,4,0.940278444922,False
workload_746.cpp,xczu7ev-ffvc1156-2-e,10,0.12982,99,7,1,2,6,cyclic_2_1,cyclic_2_1,block_2_1,block_2_1,cyclic_64_1,cyclic_8_1,block_4_1,cyclic_4_1,cyclic_2_1,block_8_1,block_32_1,cyclic_4_1,block_4_1,cyclic_4_1,cyclic_8_1,unroll_2,unroll_4,pipeline_1,1,4,0.894040795089,False
workload_897.cpp,xczu7ev-ffvc1156-2-e,10,0.77686,96,7,1,1,5,cyclic_2_1,cyclic_2_1,block_2_1,block_2_1,cyclic_64_1,cyclic_8_1,block_64_1,cyclic_4_1,cyclic_2_1,block_4_1,cyclic_4_1,cyclic_128_1,block_4_1,complete_1,complete_1,unroll_2,unroll_4,unroll_2,1,3.5,0.212878929769,False
workload_868.cpp,xczu7ev-ffvc1156-2-e,10,0.1295,94,8,1,2,5,cyclic_2_1,cyclic_2_1,block_2_1,block_2_1,cyclic_8_1,block_2_1,block_4_1,cyclic_4_1,cyclic_4_1,cyclic_8_1,block_128_1,block_128_1,block_4_1,complete_1,cyclic_8_1,unroll_2,unroll_4,pipeline_1,1,4,0.894578923024,False
workload_694.cpp,xczu7ev-ffvc1156-2-e,10,0.00013,291,15,4,19,28,cyclic_2_1,cyclic_2_1,block_2_1,block_2_1,cyclic_8_1,cyclic_64_1,block_4_1,cyclic_128_1,cyclic_4_1,block_2_1,block_128_1,cyclic_4_1,cyclic_4_1,complete_1,complete_1,pipeline_1,unroll_2,pipeline_1,1,16.5,0.620024454577,False
workload_482.cpp,xczu7ev-ffvc1156-2-e,10,0.04461,103,6,1,5,6,cyclic_2_1,cyclic_2_1,block_2_1,cyclic_4_1,cyclic_64_1,block_2_1,block_4_1,cyclic_128_1,cyclic_4_1,block_16_1,cyclic_64_1,block_32_1,cyclic_4_1,block_2_1,cyclic_4_1,pipeline_1,unroll_4,pipeline_1,1,4.5,0.984360203305,False
workload_622.cpp,xczu7ev-ffvc1156-2-e,10,0.04458,117,6,1,7,9,cyclic_2_1,cyclic_2_1,block_2_1,cyclic_4_1,cyclic_64_1,cyclic_128_1,block_4_1,cyclic_128_1,cyclic_2_1,block_8_1,block_128_1,cyclic_4_1,cyclic_4_1,complete_1,cyclic_8_1,pipeline_1,unroll_4,pipeline_1,1,5.75,0.933333258265,False
workload_510.cpp,xczu7ev-ffvc1156-2-e,10,0.04458,120,6,1,7,9,cyclic_2_1,cyclic_2_1,block_2_1,cyclic_4_1,cyclic_64_1,cyclic_128_1,block_4_1,cyclic_128_1,cyclic_4_1,block_8_1,block_32_1,cyclic_4_1,cyclic_4_1,cyclic_4_1,cyclic_8_1,pipeline_1,unroll_4,pipeline_1,1,5.75,0.933333258265,False
workload_587.cpp,xczu7ev-ffvc1156-2-e,10,0.04461,107,6,1,6,8,cyclic_2_1,cyclic_2_1,block_2_1,cyclic_4_1,cyclic_64_1,cyclic_64_1,block_4_1,cyclic_4_1,block_32_1,block_16_1,cyclic_64_1,block_128_1,cyclic_8_1,block_2_1,cyclic_4_1,pipeline_1,unroll_4,pipeline_1,1,5.25,0.953572882802,False
workload_601.cpp,xczu7ev-ffvc1156-2-e,10,0.07538,98,8,1,4,5,cyclic_2_1,cyclic_2_1,block_2_1,cyclic_4_1,cyclic_64_1,cyclic_8_1,block_4_1,cyclic_128_1,block_64_1,block_16_1,cyclic_4_1,cyclic_4_1,cyclic_8_1,block_2_1,cyclic_4_1,pipeline_1,unroll_4,pipeline_1,1,4.5,0.940065602086,False
workload_558.cpp,xczu7ev-ffvc1156-2-e,10,0.04458,111,7,1,7,8,cyclic_2_1,cyclic_2_1,block_2_1,cyclic_4_1,cyclic_8_1,cyclic_128_1,block_4_1,cyclic_128_1,block_2_1,block_8_1,block_32_1,cyclic_4_1,cyclic_4_1,cyclic_4_1,cyclic_8_1,pipeline_1,unroll_4,pipeline_1,1,5.75,0.933333258265,False
workload_588.cpp,xczu7ev-ffvc1156-2-e,10,0.07538,110,7,1,5,7,cyclic_2_1,cyclic_2_1,block_2_1,cyclic_4_1,cyclic_8_1,cyclic_128_1,block_4_1,cyclic_4_1,block_2_1,block_8_1,block_32_1,cyclic_4_1,block_4_1,cyclic_4_1,cyclic_8_1,pipeline_1,unroll_4,pipeline_1,1,5,0.932350312422,False
workload_686.cpp,xczu7ev-ffvc1156-2-e,10,0.74353,95,9,1,1,4,cyclic_2_1,cyclic_2_1,block_2_1,cyclic_64_1,cyclic_8_1,block_2_1,cyclic_8_1,cyclic_16_1,block_2_1,block_8_1,block_32_1,cyclic_4_1,cyclic_8_1,block_8_1,complete_1,unroll_2,unroll_4,unroll_2,1,3.75,0.235654503061,False
workload_505.cpp,xczu7ev-ffvc1156-2-e,10,0.04458,126,6,1,8,10,cyclic_2_1,cyclic_2_1,block_2_1,cyclic_8_1,cyclic_128_1,cyclic_128_1,block_4_1,cyclic_128_1,cyclic_2_1,cyclic_8_1,block_128_1,cyclic_4_1,cyclic_8_1,complete_1,cyclic_8_1,pipeline_1,unroll_4,pipeline_1,1,6.25,0.919313850534,False
workload_926.cpp,xczu7ev-ffvc1156-2-e,10,0.01381,113,7,1,7,8,cyclic_2_1,cyclic_2_1,block_2_1,cyclic_8_1,cyclic_2_1,cyclic_128_1,block_4_1,cyclic_128_1,cyclic_2_1,block_16_1,block_128_1,cyclic_4_1,cyclic_8_1,complete_1,cyclic_8_1,pipeline_1,unroll_4,unroll_2,1,5.75,1,True
workload_754.cpp,xczu7ev-ffvc1156-2-e,10,0.04458,117,11,1,6,10,cyclic_2_1,cyclic_2_1,block_2_1,cyclic_8_1,cyclic_32_1,cyclic_128_1,block_4_1,cyclic_128_1,cyclic_2_1,cyclic_8_1,block_128_1,cyclic_4_1,cyclic_8_1,complete_1,cyclic_8_1,pipeline_1,unroll_4,pipeline_1,1,7,0.896572996889,False
workload_833.cpp,xczu7ev-ffvc1156-2-e,10,0.04458,99,7,1,4,6,cyclic_2_1,cyclic_2_1,block_2_1,cyclic_8_1,cyclic_64_1,block_2_1,block_4_1,block_8_1,cyclic_2_1,block_2_1,block_128_1,cyclic_2_1,block_4_1,cyclic_4_1,complete_1,pipeline_1,unroll_4,pipeline_1,1,4.5,1,True
workload_779.cpp,xczu7ev-ffvc1156-2-e,10,0.77686,97,6,1,1,5,cyclic_2_1,cyclic_2_1,block_2_1,cyclic_8_1,cyclic_64_1,block_2_1,block_4_1,cyclic_128_1,block_32_1,cyclic_8_1,block_128_1,cyclic_128_1,block_4_1,complete_1,complete_1,unroll_2,unroll_4,unroll_2,1,3.25,0.212927277846,False
workload_907.cpp,xczu7ev-ffvc1156-2-e,10,0.1295,96,6,1,3,6,cyclic_2_1,cyclic_2_1,block_2_1,cyclic_8_1,cyclic_64_1,block_2_1,block_4_1,cyclic_128_1,cyclic_4_1,cyclic_8_1,block_128_1,cyclic_4_1,cyclic_8_1,complete_1,complete_1,unroll_2,unroll_4,pipeline_1,1,4,0.894578923024,False
workload_363.cpp,xczu7ev-ffvc1156-2-e,10,0.07538,99,6,1,4,5,cyclic_2_1,cyclic_2_1,block_2_1,cyclic_8_1,cyclic_64_1,block_2_1,block_4_1,cyclic_128_1,cyclic_4_1,cyclic_8_1,block_32_1,cyclic_4_1,cyclic_8_1,complete_1,cyclic_8_1,pipeline_1,unroll_4,pipeline_1,1,4,0.947602116159,False
workload_719.cpp,xczu7ev-ffvc1156-2-e,10,0.09873,100,6,1,3,7,cyclic_2_1,cyclic_2_1,block_2_1,cyclic_8_1,cyclic_64_1,block_2_1,block_4_1,cyclic_128_1,cyclic_4_1,cyclic_8_1,cyclic_64_1,cyclic_4_1,cyclic_8_1,complete_1,complete_1,unroll_2,unroll_4,pipeline_1,1,4.25,0.934432950071,False
workload_951.cpp,xczu7ev-ffvc1156-2-e,10,0.00013,216,14,5,14,25,cyclic_2_1,cyclic_2_1,block_2_1,cyclic_8_1,cyclic_64_1,block_2_1,block_4_1,cyclic_4_1,block_64_1,cyclic_8_1,cyclic_64_1,cyclic_4_1,block_4_1,complete_1,complete_1,unroll_2,unroll_2,pipeline_1,1,14.5,0.685071077558,False
workload_745.cpp,xczu7ev-ffvc1156-2-e,10,0.1295,98,6,1,3,6,cyclic_2_1,cyclic_2_1,block_2_1,cyclic_8_1,cyclic_64_1,block_2_1,block_64_1,cyclic_4_1,cyclic_2_1,cyclic_8_1,block_128_1,cyclic_128_1,cyclic_8_1,complete_1,cyclic_8_1,unroll_2,unroll_4,pipeline_1,1,4,0.894578923024,False
workload_942.cpp,xczu7ev-ffvc1156-2-e,10,0.12982,99,7,1,3,7,cyclic_2_1,cyclic_2_1,block_2_1,cyclic_8_1,cyclic_64_1,block_4_1,block_4_1,cyclic_128_1,cyclic_2_1,block_8_1,cyclic_4_1,cyclic_4_1,cyclic_8_1,block_8_1,cyclic_8_1,unroll_2,unroll_4,pipeline_1,1,4.5,0.888070572064,False
workload_702.cpp,xczu7ev-ffvc1156-2-e,10,0.04458,118,6,1,7,9,cyclic_2_1,cyclic_2_1,block_2_1,cyclic_8_1,cyclic_64_1,cyclic_128_1,block_4_1,cyclic_128_1,block_128_1,cyclic_8_1,block_128_1,cyclic_4_1,cyclic_8_1,complete_1,cyclic_8_1,pipeline_1,unroll_4,pipeline_1,1,5.75,0.933333258265,False
workload_616.cpp,xczu7ev-ffvc1156-2-e,10,0.04458,120,6,1,7,9,cyclic_2_1,cyclic_2_1,block_2_1,cyclic_8_1,cyclic_64_1,cyclic_128_1,block_4_1,cyclic_128_1,block_64_1,cyclic_8_1,block_128_1,block_128_1,cyclic_4_1,complete_1,complete_1,pipeline_1,unroll_4,pipeline_1,1,5.75,0.933333258265,False
workload_214.cpp,xczu7ev-ffvc1156-2-e,10,0.04458,120,6,1,7,9,cyclic_2_1,cyclic_2_1,block_2_1,cyclic_8_1,cyclic_64_1,cyclic_128_1,block_4_1,cyclic_128_1,cyclic_2_1,cyclic_8_1,block_128_1,cyclic_4_1,cyclic_8_1,complete_1,cyclic_8_1,pipeline_1,unroll_4,pipeline_1,1,5.75,0.933333258265,False
workload_522.cpp,xczu7ev-ffvc1156-2-e,10,0.04458,121,6,1,7,9,cyclic_2_1,cyclic_2_1,block_2_1,cyclic_8_1,cyclic_64_1,cyclic_128_1,block_4_1,cyclic_128_1,cyclic_4_1,cyclic_4_1,block_128_1,block_64_1,cyclic_8_1,cyclic_4_1,cyclic_8_1,pipeline_1,unroll_4,pipeline_1,1,5.75,0.933333258265,False
workload_653.cpp,xczu7ev-ffvc1156-2-e,10,0.76142,114,6,1,6,10,cyclic_2_1,cyclic_2_1,block_2_1,cyclic_8_1,cyclic_64_1,cyclic_128_1,block_8_1,cyclic_128_1,cyclic_2_1,cyclic_8_1,block_128_1,cyclic_2_1,cyclic_8_1,complete_1,complete_1,unroll_2,unroll_4,unroll_2,1,5.75,0.221108012881,False
workload_635.cpp,xczu7ev-ffvc1156-2-e,10,0.07538,110,7,1,5,7,cyclic_2_1,cyclic_2_1,block_2_1,cyclic_8_1,cyclic_8_1,cyclic_128_1,block_4_1,block_8_1,cyclic_2_1,cyclic_8_1,cyclic_4_1,cyclic_4_1,cyclic_8_1,complete_1,complete_1,pipeline_1,unroll_4,pipeline_1,1,5,0.932350312422,False
workload_458.cpp,xczu7ev-ffvc1156-2-e,10,0.00013,327,32,14,6,40,cyclic_2_1,cyclic_2_1,block_32_1,block_2_1,block_64_1,block_2_1,cyclic_8_1,block_4_1,block_32_1,cyclic_4_1,block_2_1,block_32_1,cyclic_8_1,cyclic_2_1,cyclic_2_1,unroll_2,unroll_2,pipeline_1,1,23,0.434587397452,False
workload_518.cpp,xczu7ev-ffvc1156-2-e,10,0.00013,319,33,14,6,39,cyclic_2_1,cyclic_2_1,block_32_1,block_2_1,cyclic_64_1,block_2_1,cyclic_16_1,block_4_1,block_32_1,cyclic_4_1,block_2_1,block_32_1,cyclic_8_1,cyclic_2_1,cyclic_2_1,unroll_2,unroll_2,pipeline_1,1,23,0.434587397452,False
workload_557.cpp,xczu7ev-ffvc1156-2-e,10,0.00013,368,19,14,11,44,cyclic_2_1,cyclic_2_1,block_32_1,block_2_1,cyclic_64_1,cyclic_64_1,block_64_1,block_4_1,block_64_1,block_2_1,block_2_1,block_128_1,block_4_1,cyclic_2_1,cyclic_2_1,unroll_2,unroll_2,pipeline_1,1,22,0.460496382916,False
workload_480.cpp,xczu7ev-ffvc1156-2-e,10,0.1295,98,7,1,2,6,cyclic_2_1,cyclic_2_1,block_32_1,cyclic_128_1,cyclic_64_1,cyclic_8_1,block_32_1,cyclic_4_1,cyclic_4_1,cyclic_2_1,block_32_1,cyclic_4_1,cyclic_8_1,cyclic_4_1,complete_1,unroll_2,unroll_4,pipeline_1,1,4,0.894578923024,False
workload_664.cpp,xczu7ev-ffvc1156-2-e,10,0.07538,98,8,1,3,4,cyclic_2_1,cyclic_2_1,block_32_1,cyclic_32_1,cyclic_8_1,block_2_1,block_64_1,cyclic_4_1,block_32_1,cyclic_2_1,block_32_1,block_128_1,cyclic_8_1,complete_1,complete_1,pipeline_1,unroll_4,unroll_2,1,4,0.947602116159,False
workload_793.cpp,xczu7ev-ffvc1156-2-e,10,0.07538,98,6,1,4,5,cyclic_2_1,cyclic_2_1,block_32_1,cyclic_4_1,cyclic_64_1,block_2_1,block_128_1,cyclic_4_1,block_32_1,block_8_1,block_32_1,block_32_1,cyclic_4_1,complete_1,cyclic_8_1,pipeline_1,unroll_4,unroll_2,1,4,0.947602116159,False
workload_705.cpp,xczu7ev-ffvc1156-2-e,10,0.78198,98,6,1,2,6,cyclic_2_1,cyclic_2_1,block_32_1,cyclic_4_1,cyclic_64_1,block_2_1,block_4_1,cyclic_4_1,cyclic_2_1,block_8_1,block_32_1,block_64_1,cyclic_8_1,cyclic_4_1,cyclic_8_1,unroll_2,unroll_4,unroll_2,1,3.75,0.209471617057,False
workload_662.cpp,xczu7ev-ffvc1156-2-e,10,0.07538,102,6,1,4,5,cyclic_2_1,cyclic_2_1,block_32_1,cyclic_4_1,cyclic_64_1,block_2_1,cyclic_8_1,cyclic_4_1,cyclic_4_1,cyclic_2_1,block_32_1,cyclic_128_1,cyclic_8_1,complete_1,cyclic_8_1,pipeline_1,unroll_4,pipeline_1,1,4,0.947602116159,False
workload_684.cpp,xczu7ev-ffvc1156-2-e,10,0.07538,94,8,1,3,4,cyclic_2_1,cyclic_2_1,block_32_1,cyclic_4_1,cyclic_8_1,block_2_1,block_64_1,cyclic_4_1,cyclic_2_1,cyclic_2_1,block_32_1,block_128_1,cyclic_8_1,complete_1,cyclic_8_1,pipeline_1,unroll_4,unroll_2,1,4,0.947602116159,False
workload_329.cpp,xczu7ev-ffvc1156-2-e,10,0.12982,117,6,1,3,10,cyclic_2_1,cyclic_2_1,block_32_1,cyclic_64_1,block_128_1,block_2_1,cyclic_8_1,block_4_1,block_32_1,cyclic_4_1,block_2_1,block_32_1,cyclic_8_1,cyclic_2_1,cyclic_2_1,unroll_2,unroll_4,pipeline_1,1,5,0.879008243047,False
workload_608.cpp,xczu7ev-ffvc1156-2-e,10,0.09905,128,6,1,6,14,cyclic_2_1,cyclic_2_1,block_32_1,cyclic_64_1,block_128_1,cyclic_64_1,block_4_1,block_4_1,cyclic_2_1,cyclic_2_1,block_128_1,block_32_1,cyclic_8_1,cyclic_2_1,cyclic_8_1,unroll_2,unroll_4,pipeline_1,1,6.75,0.857741309883,False
workload_792.cpp,xczu7ev-ffvc1156-2-e,10,0.07538,99,6,1,4,5,cyclic_2_1,cyclic_2_1,block_32_1,cyclic_64_1,cyclic_64_1,block_2_1,block_64_1,cyclic_4_1,cyclic_2_1,block_8_1,block_32_1,block_128_1,cyclic_8_1,complete_1,cyclic_8_1,pipeline_1,unroll_4,pipeline_1,1,4,0.947602116159,False
workload_824.cpp,xczu7ev-ffvc1156-2-e,10,0.07538,98,6,1,4,5,cyclic_2_1,cyclic_2_1,block_32_1,cyclic_64_1,cyclic_64_1,block_2_1,block_64_1,cyclic_4_1,cyclic_2_1,cyclic_2_1,block_32_1,block_128_1,cyclic_8_1,block_8_1,block_2_1,pipeline_1,unroll_4,pipeline_1,1,4,0.947602116159,False
workload_751.cpp,xczu7ev-ffvc1156-2-e,10,0.07538,99,6,1,4,5,cyclic_2_1,cyclic_2_1,block_32_1,cyclic_64_1,cyclic_64_1,block_2_1,cyclic_8_1,cyclic_4_1,cyclic_2_1,cyclic_2_1,block_32_1,cyclic_128_1,cyclic_8_1,complete_1,cyclic_8_1,pipeline_1,unroll_4,pipeline_1,1,4,0.947602116159,False
workload_528.cpp,xczu7ev-ffvc1156-2-e,10,0.10614,150,9,28,13,22,cyclic_2_1,cyclic_2_1,block_32_1,cyclic_64_1,cyclic_8_1,block_2_1,block_4_1,cyclic_4_1,block_4_1,cyclic_2_1,block_32_1,cyclic_128_1,cyclic_8_1,complete_1,cyclic_8_1,unroll_2,unroll_4,unroll_16,1,18,0.555016347145,False
workload_805.cpp,xczu7ev-ffvc1156-2-e,10,0.07538,98,8,1,3,4,cyclic_2_1,cyclic_2_1,block_32_1,cyclic_64_1,cyclic_8_1,block_2_1,block_4_1,cyclic_4_1,cyclic_2_1,cyclic_8_1,block_128_1,block_128_1,cyclic_8_1,complete_1,cyclic_8_1,pipeline_1,unroll_4,pipeline_1,1,4,0.947602116159,False
workload_674.cpp,xczu7ev-ffvc1156-2-e,10,0.0987,94,8,1,2,5,cyclic_2_1,cyclic_2_1,block_32_1,cyclic_64_1,cyclic_8_1,block_2_1,block_64_1,cyclic_4_1,block_2_1,block_2_1,block_32_1,block_128_1,cyclic_8_1,complete_1,cyclic_8_1,unroll_2,unroll_4,pipeline_1,1,4,0.940278444922,False
workload_619.cpp,xczu7ev-ffvc1156-2-e,10,0.07538,96,8,1,3,4,cyclic_2_1,cyclic_2_1,block_32_1,cyclic_64_1,cyclic_8_1,block_2_1,block_64_1,cyclic_4_1,cyclic_2_1,cyclic_2_1,block_32_1,block_128_1,cyclic_8_1,complete_1,cyclic_8_1,pipeline_1,unroll_4,pipeline_1,1,4,0.947602116159,False
workload_525.cpp,xczu7ev-ffvc1156-2-e,10,0.09873,95,9,1,2,5,cyclic_2_1,cyclic_2_1,block_32_1,cyclic_64_1,cyclic_8_1,block_2_1,cyclic_8_1,cyclic_128_1,block_2_1,cyclic_2_1,block_32_1,cyclic_128_1,cyclic_8_1,complete_1,cyclic_8_1,unroll_2,unroll_4,pipeline_1,1,4.25,0.934432950071,False
workload_498.cpp,xczu7ev-ffvc1156-2-e,10,0.04461,96,9,1,3,4,cyclic_2_1,cyclic_2_1,block_32_1,cyclic_64_1,cyclic_8_1,block_2_1,cyclic_8_1,cyclic_4_1,cyclic_2_1,cyclic_2_1,block_32_1,cyclic_128_1,cyclic_8_1,complete_1,cyclic_8_1,pipeline_1,unroll_4,pipeline_1,1,4.25,0.984387628609,False
workload_730.cpp,xczu7ev-ffvc1156-2-e,10,0.04461,95,9,1,3,4,cyclic_2_1,cyclic_2_1,block_32_1,cyclic_64_1,cyclic_8_1,block_2_1,cyclic_8_1,cyclic_8_1,cyclic_2_1,cyclic_2_1,block_32_1,cyclic_128_1,cyclic_8_1,complete_1,cyclic_8_1,pipeline_1,unroll_4,pipeline_1,1,4.25,0.984387628609,False
workload_675.cpp,xczu7ev-ffvc1156-2-e,10,0.04458,121,6,1,7,9,cyclic_2_1,cyclic_2_1,block_32_1,cyclic_8_1,cyclic_64_1,cyclic_128_1,block_4_1,cyclic_128_1,block_32_1,cyclic_2_1,block_128_1,cyclic_4_1,cyclic_8_1,complete_1,cyclic_8_1,pipeline_1,unroll_4,pipeline_1,1,5.75,0.933333258265,False
workload_875.cpp,xczu7ev-ffvc1156-2-e,10,0.74609,102,6,1,2,6,cyclic_2_1,cyclic_2_1,block_64_1,block_2_1,block_64_1,block_2_1,block_64_1,cyclic_4_1,block_32_1,block_4_1,cyclic_4_1,cyclic_128_1,block_4_1,complete_1,complete_1,unroll_2,unroll_4,unroll_2,1,3.75,0.233824196023,False
workload_958.cpp,xczu7ev-ffvc1156-2-e,10,0.00013,472,36,10,7,44,cyclic_2_1,cyclic_2_1,block_64_1,block_2_1,cyclic_64_1,block_2_1,block_4_1,cyclic_4_1,block_32_1,block_4_1,cyclic_4_1,cyclic_128_1,block_4_1,complete_1,cyclic_8_1,unroll_2,unroll_2,unroll_2,1,24.25,0.403550686482,False
workload_672.cpp,xczu7ev-ffvc1156-2-e,10,0.12982,101,6,1,2,6,cyclic_2_1,cyclic_2_1,block_64_1,block_2_1,cyclic_64_1,block_2_1,block_4_1,cyclic_8_1,block_2_1,cyclic_8_1,block_128_1,cyclic_4_1,cyclic_8_1,cyclic_2_1,cyclic_8_1,unroll_2,unroll_4,pipeline_1,1,3.75,0.895503671807,False
workload_598.cpp,xczu7ev-ffvc1156-2-e,10,0.00013,484,35,14,11,47,cyclic_2_1,cyclic_2_1,block_64_1,block_2_1,cyclic_64_1,block_2_1,block_64_1,cyclic_4_1,block_32_1,block_2_1,cyclic_4_1,block_128_1,block_4_1,complete_1,complete_1,unroll_2,unroll_2,pipeline_1,1,26.75,0.345986927261,False
workload_520.cpp,xczu7ev-ffvc1156-2-e,10,0.0987,99,7,1,2,6,cyclic_2_1,cyclic_2_1,block_64_1,block_2_1,cyclic_64_1,block_2_1,block_64_1,cyclic_4_1,block_32_1,block_2_1,cyclic_4_1,block_128_1,block_4_1,complete_1,complete_1,unroll_2,unroll_4,pipeline_1,1,4,0.940278444922,False
workload_901.cpp,xczu7ev-ffvc1156-2-e,10,0.00013,477,41,11,8,46,cyclic_2_1,cyclic_2_1,block_64_1,block_2_1,cyclic_64_1,block_2_1,block_64_1,cyclic_4_1,block_32_1,block_4_1,cyclic_4_1,cyclic_128_1,block_4_1,block_2_1,complete_1,unroll_2,unroll_2,unroll_2,1,26.5,0.351472323119,False
workload_663.cpp,xczu7ev-ffvc1156-2-e,10,0.77686,97,6,1,1,5,cyclic_2_1,cyclic_2_1,block_64_1,block_2_1,cyclic_64_1,block_2_1,block_64_1,cyclic_4_1,block_32_1,block_4_1,cyclic_4_1,cyclic_128_1,block_4_1,complete_1,complete_1,unroll_2,unroll_4,unroll_2,1,3.25,0.212927277846,False
workload_906.cpp,xczu7ev-ffvc1156-2-e,10,0.1295,96,6,1,3,6,cyclic_2_1,cyclic_2_1,block_64_1,block_2_1,cyclic_64_1,block_2_1,cyclic_8_1,cyclic_8_1,block_2_1,cyclic_8_1,block_128_1,cyclic_128_1,cyclic_8_1,complete_1,complete_1,unroll_2,unroll_4,pipeline_1,1,4,0.894578923024,False
workload_766.cpp,xczu7ev-ffvc1156-2-e,10,0.07538,117,6,1,6,8,cyclic_2_1,cyclic_2_1,block_64_1,block_2_1,cyclic_64_1,cyclic_128_1,block_64_1,cyclic_4_1,cyclic_2_1,block_4_1,cyclic_4_1,cyclic_4_1,cyclic_8_1,complete_1,cyclic_8_1,pipeline_1,unroll_4,pipeline_1,1,5.25,0.926700780625,False
workload_668.cpp,xczu7ev-ffvc1156-2-e,10,0.1295,106,6,1,4,8,cyclic_2_1,cyclic_2_1,block_64_1,block_2_1,cyclic_64_1,cyclic_64_1,block_64_1,cyclic_4_1,block_64_1,block_2_1,cyclic_4_1,block_128_1,block_4_1,complete_1,complete_1,unroll_2,unroll_4,pipeline_1,1,4.75,0.884328673077,False
workload_787.cpp,xczu7ev-ffvc1156-2-e,10,0.0987,92,8,1,2,5,cyclic_2_1,cyclic_2_1,block_64_1,block_2_1,cyclic_8_1,block_2_1,block_4_1,cyclic_4_1,block_64_1,block_2_1,block_128_1,cyclic_128_1,block_4_1,complete_1,cyclic_8_1,unroll_2,unroll_4,pipeline_1,1,4,0.940278444922,False
workload_617.cpp,xczu7ev-ffvc1156-2-e,10,0.0987,93,8,1,2,5,cyclic_2_1,cyclic_2_1,block_64_1,block_2_1,cyclic_8_1,block_2_1,block_64_1,block_4_1,block_32_1,block_2_1,cyclic_4_1,block_128_1,block_4_1,complete_1,complete_1,unroll_2,unroll_4,pipeline_1,1,4,0.940278444922,False
workload_797.cpp,xczu7ev-ffvc1156-2-e,10,0.00013,473,36,14,10,46,cyclic_2_1,cyclic_2_1,block_64_1,block_2_1,cyclic_8_1,block_2_1,block_64_1,cyclic_4_1,block_32_1,block_2_1,cyclic_4_1,block_128_1,block_4_1,complete_1,complete_1,unroll_2,unroll_2,pipeline_1,1,26.5,0.351472323119,False
workload_658.cpp,xczu7ev-ffvc1156-2-e,10,0.0987,92,8,1,2,5,cyclic_2_1,cyclic_2_1,block_64_1,block_2_1,cyclic_8_1,block_2_1,cyclic_16_1,cyclic_4_1,block_32_1,block_2_1,block_128_1,block_32_1,block_4_1,complete_1,complete_1,unroll_2,unroll_4,pipeline_1,1,4,0.940278444922,False
workload_800.cpp,xczu7ev-ffvc1156-2-e,10,0.77686,100,6,1,1,5,cyclic_2_1,cyclic_2_1,block_64_1,block_4_1,cyclic_64_1,block_2_1,block_64_1,cyclic_16_1,block_32_1,block_4_1,cyclic_4_1,cyclic_128_1,block_4_1,complete_1,complete_1,unroll_2,unroll_4,unroll_2,1,3.25,0.212927277846,False
workload_509.cpp,xczu7ev-ffvc1156-2-e,10,0.07538,101,6,1,4,5,cyclic_2_1,cyclic_2_1,block_64_1,cyclic_128_1,cyclic_64_1,block_2_1,block_4_1,block_4_1,cyclic_4_1,cyclic_4_1,block_2_1,block_32_1,cyclic_4_1,cyclic_4_1,cyclic_8_1,pipeline_1,unroll_4,pipeline_1,1,4,0.947602116159,False
workload_461.cpp,xczu7ev-ffvc1156-2-e,10,0.1295,99,7,1,2,6,cyclic_2_1,cyclic_2_1,block_64_1,cyclic_128_1,cyclic_64_1,cyclic_8_1,block_32_1,cyclic_16_1,cyclic_4_1,cyclic_2_1,block_32_1,cyclic_4_1,block_8_1,cyclic_4_1,complete_1,unroll_2,unroll_4,pipeline_1,1,4,0.894578923024,False
workload_535.cpp,xczu7ev-ffvc1156-2-e,10,0.1295,102,7,1,2,6,cyclic_2_1,cyclic_2_1,block_64_1,cyclic_128_1,cyclic_64_1,cyclic_8_1,block_32_1,cyclic_16_1,cyclic_4_1,cyclic_4_1,block_32_1,cyclic_4_1,block_8_1,cyclic_4_1,complete_1,unroll_2,unroll_4,pipeline_1,1,4,0.894578923024,False
workload_303.cpp,xczu7ev-ffvc1156-2-e,10,0.1295,96,7,1,2,6,cyclic_2_1,cyclic_2_1,block_64_1,cyclic_128_1,cyclic_64_1,cyclic_8_1,block_32_1,cyclic_4_1,cyclic_4_1,cyclic_2_1,block_32_1,cyclic_4_1,block_8_1,cyclic_4_1,complete_1,unroll_2,unroll_4,pipeline_1,1,4,0.894578923024,False
workload_575.cpp,xczu7ev-ffvc1156-2-e,10,0.07538,94,10,1,3,4,cyclic_2_1,cyclic_2_1,block_64_1,cyclic_128_1,cyclic_8_1,cyclic_8_1,block_8_1,cyclic_4_1,cyclic_4_1,block_4_1,block_32_1,cyclic_128_1,block_4_1,cyclic_2_1,cyclic_8_1,pipeline_1,unroll_4,pipeline_1,1,4.5,0.940065602086,False
workload_713.cpp,xczu7ev-ffvc1156-2-e,10,0.0987,97,7,1,3,6,cyclic_2_1,cyclic_2_1,block_64_1,cyclic_16_1,cyclic_64_1,block_2_1,block_64_1,cyclic_128_1,block_32_1,block_2_1,block_128_1,cyclic_4_1,cyclic_8_1,complete_1,complete_1,unroll_2,unroll_4,pipeline_1,1,4.25,0.934458568604,False
workload_807.cpp,xczu7ev-ffvc1156-2-e,10,0.06793,100,8,1,3,7,cyclic_2_1,cyclic_2_1,block_64_1,cyclic_16_1,cyclic_64_1,cyclic_8_1,block_4_1,cyclic_128_1,cyclic_2_1,cyclic_8_1,cyclic_64_1,cyclic_4_1,cyclic_4_1,complete_1,cyclic_8_1,unroll_2,unroll_4,pipeline_1,1,4.75,0.948508624801,False
workload_842.cpp,xczu7ev-ffvc1156-2-e,10,0.09873,120,6,1,5,12,cyclic_2_1,cyclic_2_1,block_64_1,cyclic_4_1,block_128_1,block_2_1,block_4_1,cyclic_128_1,cyclic_4_1,cyclic_8_1,block_128_1,cyclic_4_1,cyclic_4_1,complete_1,cyclic_8_1,unroll_2,unroll_4,pipeline_1,1,6,0.883111930883,False
workload_720.cpp,xczu7ev-ffvc1156-2-e,10,0.07538,100,6,1,4,5,cyclic_2_1,cyclic_2_1,block_64_1,cyclic_4_1,cyclic_64_1,block_2_1,block_128_1,cyclic_4_1,block_32_1,block_8_1,block_32_1,block_32_1,cyclic_4_1,complete_1,cyclic_8_1,pipeline_1,unroll_4,pipeline_1,1,4,0.947602116159,False
workload_761.cpp,xczu7ev-ffvc1156-2-e,10,0.12982,102,6,1,2,6,cyclic_2_1,cyclic_2_1,block_64_1,cyclic_4_1,cyclic_64_1,block_2_1,block_4_1,cyclic_8_1,block_4_1,block_8_1,block_32_1,block_32_1,cyclic_8_1,cyclic_4_1,cyclic_8_1,unroll_2,unroll_4,pipeline_1,1,3.75,0.895503671807,False
workload_207.cpp,xczu7ev-ffvc1156-2-e,10,0.07538,97,8,1,4,5,cyclic_2_1,cyclic_2_1,block_64_1,cyclic_4_1,cyclic_64_1,cyclic_8_1,block_4_1,cyclic_128_1,cyclic_4_1,cyclic_2_1,block_32_1,cyclic_4_1,cyclic_4_1,complete_1,cyclic_8_1,pipeline_1,unroll_4,pipeline_1,1,4.5,0.940065602086,False
workload_758.cpp,xczu7ev-ffvc1156-2-e,10,0.53878,92,6,1,2,6,cyclic_2_1,cyclic_2_1,block_64_1,cyclic_64_1,cyclic_2_1,cyclic_64_1,block_16_1,cyclic_16_1,block_32_1,block_8_1,block_64_1,cyclic_4_1,block_4_1,block_8_1,complete_1,unroll_2,unroll_4,unroll_2,1,3.75,0.422168260793,False
workload_549.cpp,xczu7ev-ffvc1156-2-e,10,0.1295,100,7,1,2,6,cyclic_2_1,cyclic_2_1,block_64_1,cyclic_64_1,cyclic_64_1,cyclic_8_1,block_32_1,block_4_1,cyclic_4_1,cyclic_2_1,block_32_1,block_32_1,block_8_1,cyclic_4_1,complete_1,unroll_2,unroll_4,pipeline_1,1,4,0.894578923024,False
workload_768.cpp,xczu7ev-ffvc1156-2-e,10,0.1295,93,8,1,2,5,cyclic_2_1,cyclic_2_1,block_64_1,cyclic_64_1,cyclic_8_1,block_2_1,block_4_1,cyclic_128_1,cyclic_4_1,cyclic_8_1,cyclic_64_1,cyclic_4_1,cyclic_8_1,complete_1,complete_1,unroll_2,unroll_4,pipeline_1,1,4,0.894578923024,False
workload_847.cpp,xczu7ev-ffvc1156-2-e,10,0.12982,103,6,1,3,7,cyclic_2_1,cyclic_2_1,block_64_1,cyclic_8_1,cyclic_2_1,cyclic_64_1,block_16_1,cyclic_8_1,block_2_1,block_8_1,block_128_1,cyclic_4_1,cyclic_8_1,cyclic_2_1,cyclic_8_1,unroll_2,unroll_4,pipeline_1,1,4.25,0.891513779862,False
workload_680.cpp,xczu7ev-ffvc1156-2-e,10,0.12982,102,6,1,2,6,cyclic_2_1,cyclic_2_1,block_64_1,cyclic_8_1,cyclic_64_1,block_2_1,block_4_1,cyclic_128_1,cyclic_4_1,cyclic_4_1,block_128_1,block_32_1,cyclic_4_1,cyclic_4_1,cyclic_8_1,unroll_2,unroll_4,pipeline_1,1,3.75,0.895503671807,False
workload_577.cpp,xczu7ev-ffvc1156-2-e,10,0.1295,98,6,1,3,6,cyclic_2_1,cyclic_2_1,block_64_1,cyclic_8_1,cyclic_64_1,block_2_1,block_4_1,cyclic_128_1,cyclic_4_1,cyclic_8_1,block_128_1,cyclic_4_1,cyclic_8_1,complete_1,cyclic_8_1,unroll_2,unroll_4,pipeline_1,1,4,0.894578923024,False
workload_755.cpp,xczu7ev-ffvc1156-2-e,10,0.00013,1242,32,24,10,77,cyclic_2_1,cyclic_2_1,block_64_1,cyclic_8_1,cyclic_64_1,block_2_1,block_4_1,cyclic_4_1,block_2_1,block_2_1,block_128_1,cyclic_4_1,cyclic_8_1,cyclic_2_1,complete_1,unroll_4,unroll_2,pipeline_1,1,35.75,0.188735312288,False
workload_696.cpp,xczu7ev-ffvc1156-2-e,10,0.12918,126,6,1,3,8,cyclic_2_1,cyclic_2_1,block_64_1,cyclic_8_1,cyclic_64_1,block_2_1,block_4_1,cyclic_4_1,block_2_1,cyclic_8_1,block_128_1,cyclic_4_1,cyclic_8_1,cyclic_2_1,complete_1,unroll_4,unroll_4,pipeline_1,1,4.5,0.88905851538,False
workload_934.cpp,xczu7ev-ffvc1156-2-e,10,0.12982,100,6,1,2,6,cyclic_2_1,cyclic_2_1,block_64_1,cyclic_8_1,cyclic_64_1,block_2_1,block_4_1,cyclic_8_1,block_2_1,block_8_1,block_128_1,cyclic_4_1,cyclic_8_1,cyclic_2_1,cyclic_8_1,unroll_2,unroll_4,pipeline_1,1,3.75,0.895503671807,False
workload_602.cpp,xczu7ev-ffvc1156-2-e,10,0.12982,100,6,1,2,6,cyclic_2_1,cyclic_2_1,block_64_1,cyclic_8_1,cyclic_64_1,block_2_1,block_4_1,cyclic_8_1,block_2_1,cyclic_8_1,block_128_1,cyclic_4_1,cyclic_8_1,cyclic_2_1,cyclic_8_1,unroll_2,unroll_4,pipeline_1,1,3.75,0.895503671807,False
workload_645.cpp,xczu7ev-ffvc1156-2-e,10,0.12982,100,6,1,2,6,cyclic_2_1,cyclic_2_1,block_64_1,cyclic_8_1,cyclic_64_1,block_2_1,cyclic_8_1,cyclic_8_1,block_2_1,cyclic_8_1,block_128_1,cyclic_4_1,cyclic_8_1,cyclic_2_1,cyclic_8_1,unroll_2,unroll_4,pipeline_1,1,3.75,0.895503671807,False
workload_743.cpp,xczu7ev-ffvc1156-2-e,10,0.12982,98,6,1,2,6,cyclic_2_1,cyclic_2_1,block_8_1,block_2_1,cyclic_64_1,block_2_1,block_4_1,cyclic_8_1,block_2_1,cyclic_8_1,block_128_1,cyclic_4_1,cyclic_8_1,cyclic_2_1,cyclic_8_1,unroll_2,unroll_4,pipeline_1,1,3.75,0.895503671807,False
workload_389.cpp,xczu7ev-ffvc1156-2-e,10,0.0983,287,6,1,7,27,cyclic_2_1,cyclic_2_1,block_8_1,block_64_1,block_128_1,block_64_1,block_4_1,block_64_1,cyclic_2_1,block_8_1,block_32_1,block_32_1,block_4_1,cyclic_4_1,block_2_1,unroll_8,unroll_4,pipeline_1,1,10.25,0.775374025005,False
workload_523.cpp,xczu7ev-ffvc1156-2-e,10,0.1295,133,6,1,5,13,cyclic_2_1,cyclic_2_1,block_8_1,block_8_1,block_128_1,cyclic_64_1,block_16_1,cyclic_16_1,block_32_1,block_8_1,block_32_1,cyclic_4_1,block_4_1,block_8_1,complete_1,unroll_2,unroll_4,pipeline_1,1,6.25,0.848637867443,False
workload_496.cpp,xczu7ev-ffvc1156-2-e,10,0.79478,123,6,1,4,10,cyclic_2_1,cyclic_2_1,block_8_1,cyclic_64_1,block_128_1,cyclic_64_1,block_16_1,cyclic_16_1,block_32_1,block_8_1,block_32_1,cyclic_4_1,block_4_1,block_8_1,complete_1,unroll_2,unroll_4,unroll_2,1,5.25,0.200268176781,False
workload_877.cpp,xczu7ev-ffvc1156-2-e,10,0.53878,89,7,1,1,4,cyclic_2_1,cyclic_2_1,block_8_1,cyclic_64_1,cyclic_2_1,block_2_1,block_16_1,cyclic_4_1,block_64_1,block_8_1,block_32_1,cyclic_4_1,block_4_1,block_8_1,complete_1,unroll_2,unroll_4,unroll_2,1,3.25,0.422589016571,False
workload_655.cpp,xczu7ev-ffvc1156-2-e,10,0.09905,98,12,1,2,6,cyclic_2_1,cyclic_2_1,block_8_1,cyclic_64_1,cyclic_2_1,cyclic_32_1,block_16_1,cyclic_16_1,cyclic_2_1,block_8_1,block_32_1,cyclic_4_1,block_4_1,block_8_1,cyclic_8_1,unroll_2,unroll_4,pipeline_1,1,5.25,0.906657499007,False
workload_882.cpp,xczu7ev-ffvc1156-2-e,10,0.25206,103,6,1,3,7,cyclic_2_1,cyclic_2_1,block_8_1,cyclic_64_1,cyclic_2_1,cyclic_64_1,block_16_1,cyclic_128_1,block_32_1,block_8_1,cyclic_64_1,cyclic_4_1,block_2_1,block_8_1,complete_1,unroll_2,unroll_4,unroll_4,1,4.25,0.78583142612,False
workload_628.cpp,xczu7ev-ffvc1156-2-e,10,0.7743,98,6,1,2,6,cyclic_2_1,cyclic_2_1,block_8_1,cyclic_64_1,cyclic_2_1,cyclic_64_1,block_16_1,cyclic_16_1,block_32_1,block_8_1,block_32_1,block_32_1,cyclic_8_1,block_8_1,complete_1,unroll_2,unroll_4,unroll_2,1,3.75,0.214477454236,False
workload_580.cpp,xczu7ev-ffvc1156-2-e,10,0.53878,98,6,1,2,6,cyclic_2_1,cyclic_2_1,block_8_1,cyclic_64_1,cyclic_2_1,cyclic_64_1,block_16_1,cyclic_16_1,block_32_1,block_8_1,block_32_1,cyclic_4_1,block_4_1,block_8_1,complete_1,unroll_2,unroll_4,unroll_2,1,3.75,0.422168260793,False
workload_940.cpp,xczu7ev-ffvc1156-2-e,10,0.53878,97,6,1,2,6,cyclic_2_1,cyclic_2_1,block_8_1,cyclic_64_1,cyclic_2_1,cyclic_64_1,block_4_1,cyclic_4_1,block_32_1,block_8_1,block_32_1,cyclic_2_1,block_4_1,block_8_1,complete_1,unroll_2,unroll_4,unroll_2,1,3.75,0.422168260793,False
workload_867.cpp,xczu7ev-ffvc1156-2-e,10,0.79478,98,6,1,2,5,cyclic_2_1,cyclic_2_1,block_8_1,cyclic_64_1,cyclic_64_1,block_2_1,block_4_1,cyclic_16_1,block_32_1,cyclic_8_1,block_32_1,cyclic_4_1,block_4_1,block_8_1,complete_1,unroll_2,unroll_4,unroll_2,1,3.5,0.201452604724,False
workload_777.cpp,xczu7ev-ffvc1156-2-e,10,0.86902,101,6,1,2,6,cyclic_2_1,cyclic_2_1,block_8_1,cyclic_64_1,cyclic_64_1,block_2_1,cyclic_8_1,cyclic_16_1,block_2_1,cyclic_4_1,block_32_1,cyclic_4_1,cyclic_8_1,cyclic_8_1,complete_1,unroll_2,unroll_4,unroll_2,1,3.75,0.160555257038,False
workload_822.cpp,xczu7ev-ffvc1156-2-e,10,0.79478,101,6,1,3,7,cyclic_2_1,cyclic_2_1,block_8_1,cyclic_64_1,cyclic_64_1,cyclic_64_1,block_16_1,cyclic_16_1,block_32_1,block_8_1,block_32_1,block_32_1,block_4_1,block_8_1,complete_1,unroll_2,unroll_4,unroll_2,1,4.25,0.201131790255,False
workload_543.cpp,xczu7ev-ffvc1156-2-e,10,0.07538,109,6,1,5,7,cyclic_2_1,cyclic_2_1,block_8_1,cyclic_64_1,cyclic_64_1,cyclic_64_1,block_4_1,block_4_1,block_32_1,block_8_1,block_4_1,cyclic_4_1,block_4_1,block_8_1,complete_1,pipeline_1,unroll_4,unroll_2,1,4.75,0.936883734165,False
workload_667.cpp,xczu7ev-ffvc1156-2-e,10,0.74353,94,9,1,1,4,cyclic_2_1,cyclic_2_1,block_8_1,cyclic_64_1,cyclic_8_1,block_2_1,cyclic_8_1,cyclic_16_1,block_2_1,block_8_1,block_32_1,cyclic_4_1,cyclic_8_1,block_8_1,complete_1,unroll_2,unroll_4,unroll_2,1,3.75,0.235654503061,False
workload_819.cpp,xczu7ev-ffvc1156-2-e,10,0.74353,93,9,1,1,4,cyclic_2_1,cyclic_2_1,block_8_1,cyclic_64_1,cyclic_8_1,block_2_1,cyclic_8_1,cyclic_4_1,block_2_1,block_8_1,block_32_1,cyclic_4_1,cyclic_8_1,block_8_1,complete_1,unroll_2,unroll_4,unroll_2,1,3.75,0.235654503061,False
workload_487.cpp,xczu7ev-ffvc1156-2-e,10,0.00013,342,45,5,11,29,cyclic_2_1,cyclic_2_1,cyclic_128_1,block_64_1,cyclic_64_1,cyclic_128_1,block_32_1,cyclic_128_1,cyclic_2_1,block_2_1,block_128_1,block_16_1,cyclic_4_1,complete_1,cyclic_8_1,unroll_2,unroll_2,pipeline_1,1,22.5,0.447422068163,False
workload_239.cpp,xczu7ev-ffvc1156-2-e,10,0.00013,2154,46,5,25,93,cyclic_2_1,cyclic_2_1,cyclic_128_1,block_64_1,cyclic_8_1,block_128_1,block_32_1,block_64_1,block_64_1,block_4_1,block_128_1,block_16_1,cyclic_8_1,complete_1,block_8_1,unroll_16,unroll_2,pipeline_1,1,42.25,0.123946737599,False
workload_317.cpp,xczu7ev-ffvc1156-2-e,10,0.00013,2210,46,5,25,91,cyclic_2_1,cyclic_2_1,cyclic_128_1,block_64_1,cyclic_8_1,block_128_1,block_32_1,block_64_1,block_64_1,block_4_1,block_128_1,block_16_1,cyclic_8_1,complete_1,cyclic_4_1,unroll_16,unroll_2,pipeline_1,1,41.75,0.127476133514,False
workload_405.cpp,xczu7ev-ffvc1156-2-e,10,0.00013,307,47,5,10,28,cyclic_2_1,cyclic_2_1,cyclic_128_1,block_64_1,cyclic_8_1,cyclic_64_1,block_32_1,cyclic_128_1,block_64_1,cyclic_8_1,block_32_1,block_16_1,cyclic_8_1,complete_1,cyclic_2_1,unroll_2,unroll_2,pipeline_1,1,22.5,0.447422068163,False
workload_322.cpp,xczu7ev-ffvc1156-2-e,10,0.00013,314,47,5,7,24,cyclic_2_1,cyclic_2_1,cyclic_128_1,block_64_1,cyclic_8_1,cyclic_64_1,block_32_1,cyclic_4_1,block_64_1,block_2_1,block_128_1,block_16_1,cyclic_8_1,complete_1,cyclic_2_1,unroll_2,unroll_2,pipeline_1,1,20.75,0.494228780297,False
workload_527.cpp,xczu7ev-ffvc1156-2-e,10,0.1295,100,7,1,3,7,cyclic_2_1,cyclic_2_1,cyclic_128_1,cyclic_64_1,cyclic_8_1,cyclic_64_1,block_32_1,cyclic_16_1,cyclic_4_1,block_2_1,block_32_1,cyclic_4_1,cyclic_8_1,complete_1,cyclic_2_1,unroll_2,unroll_4,pipeline_1,1,4.5,0.888564901306,False
workload_634.cpp,xczu7ev-ffvc1156-2-e,10,0.77686,97,8,1,1,5,cyclic_2_1,cyclic_2_1,cyclic_16_1,cyclic_128_1,cyclic_8_1,cyclic_8_1,block_8_1,cyclic_4_1,cyclic_2_1,block_4_1,block_32_1,cyclic_128_1,cyclic_4_1,cyclic_4_1,cyclic_8_1,unroll_2,unroll_4,unroll_2,1,3.75,0.212796419468,False
workload_747.cpp,xczu7ev-ffvc1156-2-e,10,0.07538,98,6,1,4,5,cyclic_2_1,cyclic_2_1,cyclic_16_1,cyclic_4_1,cyclic_64_1,block_2_1,block_8_1,cyclic_128_1,cyclic_2_1,block_8_1,block_32_1,cyclic_4_1,cyclic_8_1,complete_1,cyclic_8_1,pipeline_1,unroll_4,unroll_2,1,4,0.947602116159,False
workload_736.cpp,xczu7ev-ffvc1156-2-e,10,0.77942,100,6,1,2,5,cyclic_2_1,cyclic_2_1,cyclic_32_1,block_2_1,cyclic_64_1,block_2_1,block_4_1,cyclic_128_1,cyclic_4_1,block_4_1,cyclic_4_1,cyclic_128_1,block_4_1,cyclic_4_1,complete_1,unroll_2,unroll_4,unroll_2,1,3.5,0.211209298179,False
workload_565.cpp,xczu7ev-ffvc1156-2-e,10,0.1295,92,8,1,2,5,cyclic_2_1,cyclic_2_1,cyclic_32_1,block_2_1,cyclic_8_1,block_2_1,block_64_1,cyclic_128_1,cyclic_2_1,block_8_1,cyclic_64_1,block_32_1,cyclic_4_1,complete_1,cyclic_8_1,unroll_2,unroll_4,pipeline_1,1,4,0.894578923024,False
workload_256.cpp,xczu7ev-ffvc1156-2-e,10,0.1295,107,6,1,4,10,cyclic_2_1,cyclic_2_1,cyclic_32_1,block_8_1,block_64_1,cyclic_64_1,block_8_1,cyclic_4_1,block_2_1,block_8_1,block_8_1,block_32_1,cyclic_8_1,cyclic_4_1,complete_1,unroll_2,unroll_4,pipeline_1,1,5.25,0.874048732764,False
workload_454.cpp,xczu7ev-ffvc1156-2-e,10,0.04461,119,6,1,7,9,cyclic_2_1,cyclic_2_1,cyclic_32_1,block_8_1,cyclic_64_1,cyclic_128_1,block_4_1,cyclic_4_1,cyclic_2_1,block_8_1,block_32_1,cyclic_128_1,cyclic_4_1,cyclic_4_1,cyclic_8_1,pipeline_1,unroll_4,pipeline_1,1,5.75,0.933333252953,False
workload_552.cpp,xczu7ev-ffvc1156-2-e,10,0.07538,102,6,1,4,5,cyclic_2_1,cyclic_2_1,cyclic_32_1,cyclic_128_1,cyclic_64_1,block_2_1,block_4_1,cyclic_4_1,cyclic_4_1,cyclic_4_1,block_2_1,cyclic_4_1,cyclic_4_1,cyclic_4_1,cyclic_8_1,pipeline_1,unroll_4,pipeline_1,1,4,0.947602116159,False
workload_220.cpp,xczu7ev-ffvc1156-2-e,10,0.07538,101,11,1,4,6,cyclic_2_1,cyclic_2_1,cyclic_32_1,cyclic_128_1,cyclic_64_1,cyclic_32_1,block_32_1,block_64_1,block_64_1,cyclic_4_1,block_128_1,block_64_1,block_8_1,cyclic_2_1,block_8_1,pipeline_1,unroll_4,pipeline_1,1,5.5,0.920174151502,False
workload_795.cpp,xczu7ev-ffvc1156-2-e,10,0.0444,183,6,2,7,16,cyclic_2_1,cyclic_2_1,cyclic_32_1,cyclic_4_1,block_128_1,cyclic_64_1,block_4_1,block_4_1,cyclic_2_1,block_8_1,block_128_1,block_32_1,cyclic_4_1,cyclic_2_1,cyclic_8_1,pipeline_1,unroll_4,pipeline_1,1,7.75,0.875069837756,False
workload_559.cpp,xczu7ev-ffvc1156-2-e,10,0.0444,183,6,2,7,16,cyclic_2_1,cyclic_2_1,cyclic_32_1,cyclic_4_1,block_128_1,cyclic_64_1,block_4_1,block_4_1,cyclic_2_1,block_8_1,block_128_1,block_32_1,cyclic_4_1,cyclic_2_1,cyclic_8_1,pipeline_1,unroll_4,unroll_2,1,7.75,0.875069837756,False
workload_748.cpp,xczu7ev-ffvc1156-2-e,10,0.0444,182,6,2,7,16,cyclic_2_1,cyclic_2_1,cyclic_32_1,cyclic_4_1,block_128_1,cyclic_64_1,block_4_1,block_4_1,cyclic_2_1,block_8_1,block_128_1,cyclic_32_1,cyclic_4_1,cyclic_2_1,cyclic_8_1,pipeline_1,unroll_4,unroll_2,1,7.75,0.875069837756,False
workload_665.cpp,xczu7ev-ffvc1156-2-e,10,0.00013,203,25,1,7,20,cyclic_2_1,cyclic_2_1,cyclic_32_1,cyclic_4_1,block_128_1,cyclic_64_1,block_4_1,cyclic_4_1,cyclic_2_1,block_8_1,block_128_1,block_32_1,block_4_1,cyclic_2_1,cyclic_8_1,unroll_2,unroll_2,unroll_2,1,13.25,0.727570769104,False
workload_772.cpp,xczu7ev-ffvc1156-2-e,10,0.07517,180,6,2,6,15,cyclic_2_1,cyclic_2_1,cyclic_32_1,cyclic_4_1,block_128_1,cyclic_64_1,block_4_1,cyclic_4_1,cyclic_2_1,block_8_1,block_32_1,cyclic_4_1,block_4_1,cyclic_2_1,cyclic_8_1,pipeline_1,unroll_4,unroll_2,1,7.25,0.863122805213,False
workload_924.cpp,xczu7ev-ffvc1156-2-e,10,0.04461,97,7,1,3,4,cyclic_2_1,cyclic_2_1,cyclic_32_1,cyclic_4_1,cyclic_2_1,block_2_1,block_4_1,cyclic_128_1,cyclic_2_1,block_8_1,block_32_1,cyclic_8_1,cyclic_8_1,cyclic_4_1,cyclic_8_1,pipeline_1,unroll_4,pipeline_1,1,3.75,1,True
workload_801.cpp,xczu7ev-ffvc1156-2-e,10,0.04461,101,7,1,3,4,cyclic_2_1,cyclic_2_1,cyclic_32_1,cyclic_4_1,cyclic_2_1,block_2_1,block_4_1,cyclic_128_1,cyclic_2_1,block_8_1,cyclic_64_1,cyclic_8_1,cyclic_4_1,cyclic_4_1,cyclic_8_1,pipeline_1,unroll_4,pipeline_1,1,3.75,1,True
workload_948.cpp,xczu7ev-ffvc1156-2-e,10,0.04461,96,7,1,3,4,cyclic_2_1,cyclic_2_1,cyclic_32_1,cyclic_4_1,cyclic_2_1,block_2_1,block_4_1,cyclic_4_1,cyclic_2_1,block_8_1,cyclic_16_1,cyclic_8_1,cyclic_4_1,cyclic_4_1,cyclic_8_1,pipeline_1,unroll_4,unroll_2,1,3.75,1,True
workload_866.cpp,xczu7ev-ffvc1156-2-e,10,0.09905,95,7,1,1,5,cyclic_2_1,cyclic_2_1,cyclic_32_1,cyclic_4_1,cyclic_2_1,block_2_1,block_4_1,cyclic_4_1,cyclic_2_1,block_8_1,cyclic_64_1,cyclic_8_1,cyclic_4_1,cyclic_4_1,cyclic_8_1,unroll_2,unroll_4,pipeline_1,1,3.5,1,True
workload_894.cpp,xczu7ev-ffvc1156-2-e,10,0.09905,92,7,1,1,5,cyclic_2_1,cyclic_2_1,cyclic_32_1,cyclic_4_1,cyclic_2_1,block_2_1,block_4_1,cyclic_4_1,cyclic_2_1,block_8_1,cyclic_64_1,cyclic_8_1,cyclic_8_1,block_2_1,cyclic_8_1,unroll_2,unroll_4,pipeline_1,1,3.5,1,True
workload_414.cpp,xczu7ev-ffvc1156-2-e,10,0.07538,99,6,1,4,5,cyclic_2_1,cyclic_2_1,cyclic_32_1,cyclic_4_1,cyclic_64_1,block_2_1,block_4_1,cyclic_128_1,cyclic_2_1,block_8_1,block_32_1,block_32_1,cyclic_4_1,cyclic_4_1,cyclic_8_1,pipeline_1,unroll_4,pipeline_1,1,4,0.947602116159,False
workload_692.cpp,xczu7ev-ffvc1156-2-e,10,0.07538,99,6,1,4,5,cyclic_2_1,cyclic_2_1,cyclic_32_1,cyclic_4_1,cyclic_64_1,block_2_1,block_4_1,cyclic_128_1,cyclic_2_1,block_8_1,cyclic_4_1,block_32_1,cyclic_4_1,cyclic_4_1,cyclic_8_1,pipeline_1,unroll_4,pipeline_1,1,4,0.947602116159,False
workload_470.cpp,xczu7ev-ffvc1156-2-e,10,0.04461,102,6,1,5,6,cyclic_2_1,cyclic_2_1,cyclic_32_1,cyclic_4_1,cyclic_64_1,block_2_1,block_4_1,cyclic_128_1,cyclic_2_1,block_8_1,cyclic_64_1,block_32_1,cyclic_4_1,cyclic_4_1,cyclic_8_1,pipeline_1,unroll_4,pipeline_1,1,4.5,0.984360203305,False
workload_765.cpp,xczu7ev-ffvc1156-2-e,10,0.00013,201,26,5,9,21,cyclic_2_1,cyclic_2_1,cyclic_32_1,cyclic_4_1,cyclic_64_1,block_2_1,block_4_1,cyclic_128_1,cyclic_2_1,block_8_1,cyclic_64_1,block_32_1,cyclic_4_1,cyclic_4_1,cyclic_8_1,unroll_2,unroll_2,pipeline_1,1,15.25,0.660247724768,False
workload_921.cpp,xczu7ev-ffvc1156-2-e,10,0.07538,102,6,1,4,5,cyclic_2_1,cyclic_2_1,cyclic_32_1,cyclic_4_1,cyclic_64_1,block_2_1,block_4_1,cyclic_128_1,cyclic_4_1,block_8_1,block_32_1,block_128_1,cyclic_4_1,complete_1,cyclic_8_1,pipeline_1,unroll_4,pipeline_1,1,4,0.947602116159,False
workload_631.cpp,xczu7ev-ffvc1156-2-e,10,0.07538,99,6,1,4,5,cyclic_2_1,cyclic_2_1,cyclic_32_1,cyclic_4_1,cyclic_64_1,block_2_1,block_4_1,cyclic_128_1,cyclic_4_1,block_8_1,block_32_1,block_32_1,block_4_1,cyclic_2_1,cyclic_8_1,pipeline_1,unroll_4,pipeline_1,1,4,0.947602116159,False
workload_848.cpp,xczu7ev-ffvc1156-2-e,10,0.07538,101,6,1,4,5,cyclic_2_1,cyclic_2_1,cyclic_32_1,cyclic_4_1,cyclic_64_1,block_2_1,block_4_1,cyclic_128_1,cyclic_4_1,block_8_1,block_32_1,block_32_1,cyclic_4_1,cyclic_2_1,cyclic_8_1,pipeline_1,unroll_4,pipeline_1,1,4,0.947602116159,False
workload_332.cpp,xczu7ev-ffvc1156-2-e,10,0.07538,103,6,1,4,5,cyclic_2_1,cyclic_2_1,cyclic_32_1,cyclic_4_1,cyclic_64_1,block_2_1,block_4_1,cyclic_128_1,cyclic_4_1,block_8_1,block_32_1,block_32_1,cyclic_4_1,cyclic_4_1,cyclic_8_1,pipeline_1,unroll_4,pipeline_1,1,4,0.947602116159,False
workload_699.cpp,xczu7ev-ffvc1156-2-e,10,0.07538,101,6,1,4,5,cyclic_2_1,cyclic_2_1,cyclic_32_1,cyclic_4_1,cyclic_64_1,block_2_1,block_4_1,cyclic_128_1,cyclic_4_1,block_8_1,block_32_1,cyclic_4_1,cyclic_8_1,complete_1,cyclic_8_1,pipeline_1,unroll_4,pipeline_1,1,4,0.947602116159,False
workload_610.cpp,xczu7ev-ffvc1156-2-e,10,0.07538,103,6,1,4,5,cyclic_2_1,cyclic_2_1,cyclic_32_1,cyclic_4_1,cyclic_64_1,block_2_1,block_4_1,cyclic_64_1,cyclic_2_1,block_8_1,block_32_1,block_32_1,block_4_1,cyclic_4_1,cyclic_8_1,pipeline_1,unroll_4,pipeline_1,1,4,0.947602116159,False
workload_468.cpp,xczu7ev-ffvc1156-2-e,10,0.04458,117,6,1,7,9,cyclic_2_1,cyclic_2_1,cyclic_32_1,cyclic_4_1,cyclic_64_1,cyclic_128_1,block_4_1,cyclic_128_1,cyclic_2_1,block_8_1,block_128_1,block_32_1,cyclic_4_1,cyclic_2_1,cyclic_8_1,pipeline_1,unroll_4,pipeline_1,1,5.75,0.933333258265,False
workload_377.cpp,xczu7ev-ffvc1156-2-e,10,0.04458,122,6,1,7,9,cyclic_2_1,cyclic_2_1,cyclic_32_1,cyclic_4_1,cyclic_64_1,cyclic_128_1,block_4_1,cyclic_128_1,cyclic_2_1,block_8_1,block_128_1,block_32_1,cyclic_4_1,cyclic_4_1,cyclic_8_1,pipeline_1,unroll_4,pipeline_1,1,5.75,0.933333258265,False
workload_554.cpp,xczu7ev-ffvc1156-2-e,10,0.04458,125,6,1,7,9,cyclic_2_1,cyclic_2_1,cyclic_32_1,cyclic_4_1,cyclic_64_1,cyclic_128_1,block_4_1,cyclic_128_1,cyclic_2_1,block_8_1,block_128_1,cyclic_4_1,cyclic_4_1,cyclic_4_1,cyclic_8_1,pipeline_1,unroll_4,pipeline_1,1,5.75,0.933333258265,False
workload_247.cpp,xczu7ev-ffvc1156-2-e,10,0.84522,373,6,1,5,27,cyclic_2_1,cyclic_2_1,cyclic_32_1,cyclic_4_1,cyclic_64_1,cyclic_64_1,block_4_1,block_64_1,cyclic_2_1,block_8_1,block_64_1,block_32_1,cyclic_4_1,cyclic_4_1,cyclic_8_1,unroll_16,unroll_4,unroll_2,1,9.75,0.164104733632,False
workload_471.cpp,xczu7ev-ffvc1156-2-e,10,0.00013,691,23,10,23,23,cyclic_2_1,cyclic_2_1,cyclic_32_1,cyclic_4_1,cyclic_64_1,cyclic_64_1,block_4_1,cyclic_128_1,cyclic_2_1,block_2_1,block_128_1,block_32_1,cyclic_4_1,cyclic_4_1,cyclic_8_1,pipeline_1,unroll_2,pipeline_1,1,19.75,0.522288448219,False
workload_340.cpp,xczu7ev-ffvc1156-2-e,10,0.07538,99,8,1,4,5,cyclic_2_1,cyclic_2_1,cyclic_32_1,cyclic_4_1,cyclic_64_1,cyclic_8_1,block_4_1,cyclic_4_1,block_128_1,cyclic_4_1,block_64_1,cyclic_4_1,cyclic_8_1,cyclic_4_1,complete_1,pipeline_1,unroll_4,pipeline_1,1,4.5,0.940065602086,False
workload_309.cpp,xczu7ev-ffvc1156-2-e,10,0.07538,97,8,1,4,5,cyclic_2_1,cyclic_2_1,cyclic_32_1,cyclic_4_1,cyclic_64_1,cyclic_8_1,block_4_1,cyclic_4_1,cyclic_4_1,cyclic_2_1,block_64_1,cyclic_4_1,cyclic_8_1,cyclic_4_1,complete_1,pipeline_1,unroll_4,pipeline_1,1,4.5,0.940065602086,False
workload_753.cpp,xczu7ev-ffvc1156-2-e,10,0.07538,95,8,1,3,4,cyclic_2_1,cyclic_2_1,cyclic_32_1,cyclic_4_1,cyclic_8_1,block_2_1,block_4_1,cyclic_128_1,block_128_1,block_8_1,block_32_1,block_32_1,cyclic_4_1,cyclic_4_1,cyclic_8_1,pipeline_1,unroll_4,pipeline_1,1,4,0.947602116159,False
workload_796.cpp,xczu7ev-ffvc1156-2-e,10,0.07538,94,8,1,3,4,cyclic_2_1,cyclic_2_1,cyclic_32_1,cyclic_4_1,cyclic_8_1,block_2_1,block_4_1,cyclic_128_1,cyclic_4_1,cyclic_2_1,block_32_1,block_32_1,cyclic_4_1,cyclic_4_1,cyclic_8_1,pipeline_1,unroll_4,pipeline_1,1,4,0.947602116159,False
workload_892.cpp,xczu7ev-ffvc1156-2-e,10,0.09905,95,9,1,1,5,cyclic_2_1,cyclic_2_1,cyclic_32_1,cyclic_4_1,cyclic_8_1,block_2_1,cyclic_8_1,cyclic_128_1,cyclic_4_1,block_8_1,block_32_1,block_32_1,block_4_1,cyclic_4_1,cyclic_8_1,unroll_2,unroll_4,pipeline_1,1,4,0.939972282269,False
workload_494.cpp,xczu7ev-ffvc1156-2-e,10,0.07538,103,7,1,4,6,cyclic_2_1,cyclic_2_1,cyclic_32_1,cyclic_4_1,cyclic_8_1,cyclic_64_1,block_4_1,cyclic_4_1,block_64_1,block_8_1,block_128_1,block_32_1,cyclic_8_1,cyclic_4_1,cyclic_2_1,pipeline_1,unroll_4,pipeline_1,1,4.5,0.940065602086,False
workload_695.cpp,xczu7ev-ffvc1156-2-e,10,0.0444,205,6,2,8,17,cyclic_2_1,cyclic_2_1,cyclic_32_1,cyclic_64_1,block_128_1,cyclic_128_1,block_4_1,block_4_1,cyclic_2_1,block_8_1,block_128_1,block_32_1,cyclic_4_1,cyclic_2_1,cyclic_8_1,pipeline_1,unroll_4,pipeline_1,1,8.25,0.868830229482,False
workload_497.cpp,xczu7ev-ffvc1156-2-e,10,0.07538,100,6,1,4,5,cyclic_2_1,cyclic_2_1,cyclic_32_1,cyclic_64_1,cyclic_64_1,block_2_1,block_2_1,cyclic_4_1,block_32_1,cyclic_64_1,block_2_1,block_32_1,block_8_1,cyclic_4_1,cyclic_8_1,pipeline_1,unroll_4,pipeline_1,1,4,0.947602116159,False
workload_500.cpp,xczu7ev-ffvc1156-2-e,10,0.00013,712,30,7,19,18,cyclic_2_1,cyclic_2_1,cyclic_32_1,cyclic_64_1,cyclic_64_1,block_2_1,block_4_1,block_4_1,block_2_1,cyclic_4_1,block_128_1,block_32_1,cyclic_4_1,cyclic_4_1,cyclic_8_1,pipeline_1,unroll_2,pipeline_1,1,18.5,0.558699653647,False
workload_626.cpp,xczu7ev-ffvc1156-2-e,10,0.07538,99,6,1,4,5,cyclic_2_1,cyclic_2_1,cyclic_32_1,cyclic_64_1,cyclic_64_1,block_2_1,block_4_1,block_4_1,block_32_1,cyclic_2_1,block_2_1,block_128_1,cyclic_4_1,complete_1,cyclic_8_1,pipeline_1,unroll_4,pipeline_1,1,4,0.947602116159,False
workload_569.cpp,xczu7ev-ffvc1156-2-e,10,0.07538,99,6,1,4,5,cyclic_2_1,cyclic_2_1,cyclic_32_1,cyclic_64_1,cyclic_64_1,block_2_1,block_4_1,block_4_1,block_32_1,cyclic_2_1,block_2_1,block_32_1,cyclic_4_1,complete_1,cyclic_8_1,pipeline_1,unroll_4,pipeline_1,1,4,0.947602116159,False
workload_460.cpp,xczu7ev-ffvc1156-2-e,10,0.07538,99,6,1,4,5,cyclic_2_1,cyclic_2_1,cyclic_32_1,cyclic_64_1,cyclic_64_1,block_2_1,block_4_1,block_4_1,cyclic_4_1,cyclic_4_1,block_2_1,block_32_1,cyclic_4_1,cyclic_4_1,cyclic_8_1,pipeline_1,unroll_4,pipeline_1,1,4,0.947602116159,False
workload_561.cpp,xczu7ev-ffvc1156-2-e,10,0.07538,101,6,1,4,5,cyclic_2_1,cyclic_2_1,cyclic_32_1,cyclic_64_1,cyclic_64_1,block_2_1,block_4_1,cyclic_128_1,block_2_1,cyclic_4_1,block_2_1,block_32_1,cyclic_4_1,cyclic_4_1,cyclic_8_1,pipeline_1,unroll_4,pipeline_1,1,4,0.947602116159,False
workload_425.cpp,xczu7ev-ffvc1156-2-e,10,0.07538,102,6,1,4,5,cyclic_2_1,cyclic_2_1,cyclic_32_1,cyclic_64_1,cyclic_64_1,block_2_1,block_4_1,cyclic_128_1,block_32_1,block_8_1,block_2_1,block_32_1,cyclic_4_1,cyclic_4_1,cyclic_8_1,pipeline_1,unroll_4,pipeline_1,1,4,0.947602116159,False
workload_526.cpp,xczu7ev-ffvc1156-2-e,10,0.07538,99,6,1,4,5,cyclic_2_1,cyclic_2_1,cyclic_32_1,cyclic_64_1,cyclic_64_1,block_2_1,block_4_1,cyclic_128_1,block_32_1,cyclic_2_1,block_2_1,block_32_1,cyclic_4_1,complete_1,cyclic_8_1,pipeline_1,unroll_4,pipeline_1,1,4,0.947602116159,False
workload_534.cpp,xczu7ev-ffvc1156-2-e,10,0.07538,101,6,1,4,5,cyclic_2_1,cyclic_2_1,cyclic_32_1,cyclic_64_1,cyclic_64_1,block_2_1,block_4_1,cyclic_128_1,cyclic_4_1,cyclic_4_1,block_2_1,block_32_1,cyclic_4_1,cyclic_4_1,cyclic_8_1,pipeline_1,unroll_4,pipeline_1,1,4,0.947602116159,False
workload_515.cpp,xczu7ev-ffvc1156-2-e,10,0.1295,97,7,1,2,6,cyclic_2_1,cyclic_2_1,cyclic_32_1,cyclic_64_1,cyclic_64_1,cyclic_8_1,block_32_1,cyclic_16_1,cyclic_4_1,cyclic_2_1,block_32_1,cyclic_4_1,block_8_1,cyclic_4_1,complete_1,unroll_2,unroll_4,pipeline_1,1,4,0.894578923024,False
workload_647.cpp,xczu7ev-ffvc1156-2-e,10,0.07538,96,8,1,3,4,cyclic_2_1,cyclic_2_1,cyclic_32_1,cyclic_64_1,cyclic_8_1,block_2_1,block_4_1,cyclic_128_1,cyclic_4_1,block_8_1,block_32_1,block_32_1,cyclic_4_1,cyclic_4_1,cyclic_8_1,pipeline_1,unroll_4,pipeline_1,1,4,0.947602116159,False
workload_775.cpp,xczu7ev-ffvc1156-2-e,10,0.07538,98,6,1,4,5,cyclic_2_1,cyclic_2_1,cyclic_32_1,cyclic_8_1,cyclic_64_1,block_2_1,block_4_1,cyclic_128_1,cyclic_4_1,cyclic_8_1,block_128_1,cyclic_4_1,cyclic_4_1,cyclic_2_1,cyclic_8_1,pipeline_1,unroll_4,pipeline_1,1,4,0.947602116159,False
workload_336.cpp,xczu7ev-ffvc1156-2-e,10,0.12654,473,6,1,9,38,cyclic_2_1,cyclic_2_1,cyclic_4_1,block_128_1,cyclic_64_1,block_128_1,block_16_1,block_64_1,cyclic_2_1,cyclic_8_1,block_128_1,cyclic_128_1,cyclic_8_1,complete_1,complete_1,unroll_16,unroll_4,pipeline_1,1,13.5,0.667352926252,False
workload_283.cpp,xczu7ev-ffvc1156-2-e,10,0.1295,105,6,1,4,8,cyclic_2_1,cyclic_2_1,cyclic_4_1,block_128_1,cyclic_64_1,cyclic_64_1,block_16_1,cyclic_4_1,cyclic_2_1,cyclic_8_1,block_128_1,cyclic_128_1,cyclic_8_1,complete_1,complete_1,unroll_2,unroll_4,pipeline_1,1,4.75,0.884328673077,False
workload_783.cpp,xczu7ev-ffvc1156-2-e,10,0.00013,200,17,5,9,23,cyclic_2_1,cyclic_2_1,cyclic_4_1,block_2_1,block_64_1,block_2_1,block_64_1,cyclic_128_1,block_2_1,block_4_1,cyclic_4_1,block_32_1,block_4_1,complete_1,complete_1,unroll_2,unroll_2,pipeline_1,1,13.5,0.718959588836,False
workload_832.cpp,xczu7ev-ffvc1156-2-e,10,0.00013,196,12,1,6,18,cyclic_2_1,cyclic_2_1,cyclic_4_1,block_2_1,block_64_1,block_2_1,block_64_1,cyclic_4_1,block_64_1,block_4_1,cyclic_4_1,cyclic_128_1,block_4_1,block_2_1,complete_1,unroll_2,unroll_2,unroll_2,1,9.25,0.872303595399,False
workload_697.cpp,xczu7ev-ffvc1156-2-e,10,0.00013,195,12,1,7,18,cyclic_2_1,cyclic_2_1,cyclic_4_1,block_2_1,block_64_1,block_2_1,block_64_1,cyclic_4_1,block_64_1,block_4_1,cyclic_4_1,cyclic_128_1,block_4_1,complete_1,complete_1,unroll_2,unroll_2,unroll_2,1,9.5,0.86292006036,False
workload_935.cpp,xczu7ev-ffvc1156-2-e,10,0.00013,180,14,5,8,16,cyclic_2_1,cyclic_2_1,cyclic_4_1,block_2_1,block_64_1,block_2_1,cyclic_8_1,cyclic_4_1,cyclic_4_1,cyclic_2_1,block_32_1,cyclic_128_1,block_4_1,complete_1,cyclic_8_1,unroll_2,unroll_2,pipeline_1,1,10.75,0.816600179631,False
workload_731.cpp,xczu7ev-ffvc1156-2-e,10,0.00013,322,16,7,16,33,cyclic_2_1,cyclic_2_1,cyclic_4_1,block_2_1,block_64_1,cyclic_128_1,block_4_1,cyclic_128_1,block_64_1,block_4_1,cyclic_4_1,cyclic_4_1,block_4_1,complete_1,complete_1,pipeline_1,unroll_2,unroll_2,1,18,0.57367823823,False
workload_826.cpp,xczu7ev-ffvc1156-2-e,10,0.00013,190,13,1,7,18,cyclic_2_1,cyclic_2_1,cyclic_4_1,block_2_1,block_64_1,cyclic_64_1,cyclic_8_1,cyclic_4_1,block_64_1,block_2_1,cyclic_4_1,cyclic_128_1,block_4_1,cyclic_2_1,complete_1,unroll_2,unroll_2,unroll_2,1,9.75,0.853573232632,False
workload_579.cpp,xczu7ev-ffvc1156-2-e,10,0.75121,102,7,1,2,7,cyclic_2_1,cyclic_2_1,cyclic_4_1,block_2_1,block_64_1,cyclic_8_1,block_8_1,cyclic_4_1,block_64_1,cyclic_4_1,cyclic_4_1,cyclic_128_1,block_4_1,cyclic_2_1,block_8_1,unroll_2,unroll_4,unroll_2,1,4.25,0.229899500236,False
workload_594.cpp,xczu7ev-ffvc1156-2-e,10,0.1295,102,7,1,2,7,cyclic_2_1,cyclic_2_1,cyclic_4_1,block_2_1,block_64_1,cyclic_8_1,cyclic_8_1,cyclic_4_1,block_2_1,block_8_1,block_32_1,block_128_1,block_4_1,cyclic_2_1,complete_1,unroll_2,unroll_4,pipeline_1,1,4.25,0.892031661905,False
workload_773.cpp,xczu7ev-ffvc1156-2-e,10,0.06793,102,7,1,3,7,cyclic_2_1,cyclic_2_1,cyclic_4_1,block_2_1,cyclic_64_1,block_2_1,block_128_1,block_4_1,cyclic_4_1,block_2_1,cyclic_64_1,cyclic_4_1,block_4_1,block_2_1,complete_1,unroll_2,unroll_4,pipeline_1,1,4.5,0.952393751025,False
workload_813.cpp,xczu7ev-ffvc1156-2-e,10,0.06793,97,7,1,3,7,cyclic_2_1,cyclic_2_1,cyclic_4_1,block_2_1,cyclic_64_1,block_2_1,block_128_1,block_4_1,cyclic_4_1,block_2_1,cyclic_64_1,cyclic_4_1,block_4_1,complete_1,complete_1,unroll_2,unroll_4,pipeline_1,1,4.5,0.952393751025,False
workload_912.cpp,xczu7ev-ffvc1156-2-e,10,0.00013,189,22,10,14,18,cyclic_2_1,cyclic_2_1,cyclic_4_1,block_2_1,cyclic_64_1,block_2_1,block_4_1,cyclic_4_1,cyclic_4_1,cyclic_2_1,block_32_1,cyclic_128_1,cyclic_4_1,complete_1,cyclic_8_1,pipeline_1,unroll_2,pipeline_1,1,16,0.635940246947,False
workload_770.cpp,xczu7ev-ffvc1156-2-e,10,0.1295,96,6,1,3,6,cyclic_2_1,cyclic_2_1,cyclic_4_1,block_2_1,cyclic_64_1,block_2_1,block_4_1,cyclic_4_1,cyclic_4_1,cyclic_8_1,block_128_1,block_128_1,block_4_1,complete_1,cyclic_8_1,unroll_2,unroll_4,pipeline_1,1,4,0.894578923024,False
workload_709.cpp,xczu7ev-ffvc1156-2-e,10,0.12982,100,6,1,2,6,cyclic_2_1,cyclic_2_1,cyclic_4_1,block_2_1,cyclic_64_1,block_2_1,block_64_1,cyclic_16_1,block_32_1,cyclic_8_1,block_128_1,cyclic_4_1,cyclic_8_1,cyclic_2_1,cyclic_2_1,unroll_2,unroll_4,pipeline_1,1,3.75,0.895503671807,False
workload_629.cpp,xczu7ev-ffvc1156-2-e,10,0.0987,96,7,1,2,6,cyclic_2_1,cyclic_2_1,cyclic_4_1,block_2_1,cyclic_64_1,block_2_1,block_64_1,cyclic_4_1,block_32_1,block_2_1,cyclic_4_1,block_128_1,block_4_1,complete_1,complete_1,unroll_2,unroll_4,pipeline_1,1,4,0.940278444922,False
workload_636.cpp,xczu7ev-ffvc1156-2-e,10,0.0987,95,7,1,3,6,cyclic_2_1,cyclic_2_1,cyclic_4_1,block_2_1,cyclic_64_1,block_2_1,block_64_1,cyclic_64_1,block_32_1,block_2_1,block_128_1,block_128_1,block_4_1,complete_1,cyclic_8_1,unroll_2,unroll_4,pipeline_1,1,4.25,0.934458568604,False
workload_595.cpp,xczu7ev-ffvc1156-2-e,10,0.1295,96,6,1,3,6,cyclic_2_1,cyclic_2_1,cyclic_4_1,block_2_1,cyclic_64_1,block_2_1,cyclic_16_1,cyclic_4_1,block_2_1,cyclic_4_1,block_128_1,block_128_1,cyclic_8_1,complete_1,complete_1,unroll_2,unroll_4,pipeline_1,1,4,0.894578923024,False
workload_776.cpp,xczu7ev-ffvc1156-2-e,10,0.09873,98,7,1,3,7,cyclic_2_1,cyclic_2_1,cyclic_4_1,block_2_1,cyclic_64_1,cyclic_8_1,block_4_1,cyclic_4_1,cyclic_2_1,block_8_1,cyclic_64_1,cyclic_4_1,cyclic_4_1,complete_1,complete_1,unroll_2,unroll_4,pipeline_1,1,4.5,0.928142629341,False
workload_923.cpp,xczu7ev-ffvc1156-2-e,10,0.00013,173,20,5,5,14,cyclic_2_1,cyclic_2_1,cyclic_4_1,block_2_1,cyclic_8_1,block_2_1,block_16_1,cyclic_16_1,cyclic_4_1,cyclic_8_1,block_128_1,cyclic_4_1,block_4_1,complete_1,cyclic_8_1,unroll_2,unroll_2,pipeline_1,1,11,0.807469707111,False
workload_708.cpp,xczu7ev-ffvc1156-2-e,10,0.00013,187,16,5,7,13,cyclic_2_1,cyclic_2_1,cyclic_4_1,block_2_1,cyclic_8_1,block_2_1,block_4_1,cyclic_4_1,cyclic_4_1,cyclic_8_1,block_128_1,block_128_1,block_4_1,complete_1,cyclic_8_1,unroll_2,unroll_2,pipeline_1,1,10.25,0.834999782488,False
workload_891.cpp,xczu7ev-ffvc1156-2-e,10,0.00013,167,16,5,5,13,cyclic_2_1,cyclic_2_1,cyclic_4_1,block_2_1,cyclic_8_1,block_2_1,block_4_1,cyclic_4_1,cyclic_4_1,cyclic_8_1,block_128_1,cyclic_2_1,block_4_1,complete_1,cyclic_8_1,unroll_2,unroll_2,pipeline_1,1,9.75,0.853573232632,False
workload_501.cpp,xczu7ev-ffvc1156-2-e,10,0.0987,93,8,1,2,5,cyclic_2_1,cyclic_2_1,cyclic_4_1,block_2_1,cyclic_8_1,block_2_1,block_64_1,block_4_1,block_32_1,block_2_1,cyclic_4_1,block_128_1,block_4_1,complete_1,complete_1,unroll_2,unroll_4,pipeline_1,1,4,0.940278444922,False
workload_679.cpp,xczu7ev-ffvc1156-2-e,10,0.0987,94,8,1,2,5,cyclic_2_1,cyclic_2_1,cyclic_4_1,block_2_1,cyclic_8_1,block_2_1,block_64_1,block_4_1,block_32_1,block_2_1,cyclic_64_1,block_128_1,block_4_1,complete_1,complete_1,unroll_2,unroll_4,pipeline_1,1,4,0.940278444922,False
workload_643.cpp,xczu7ev-ffvc1156-2-e,10,0.00013,182,19,5,8,16,cyclic_2_1,cyclic_2_1,cyclic_4_1,block_2_1,cyclic_8_1,block_2_1,block_64_1,block_4_1,block_32_1,cyclic_4_1,cyclic_4_1,block_128_1,cyclic_8_1,complete_1,complete_1,unroll_2,unroll_2,pipeline_1,1,12,0.771438908972,False
workload_856.cpp,xczu7ev-ffvc1156-2-e,10,0.74094,93,8,1,1,4,cyclic_2_1,cyclic_2_1,cyclic_4_1,block_2_1,cyclic_8_1,block_2_1,block_64_1,block_4_1,block_64_1,block_2_1,cyclic_4_1,block_128_1,block_4_1,complete_1,complete_1,unroll_2,unroll_4,unroll_2,1,3.5,0.237616850317,False
workload_671.cpp,xczu7ev-ffvc1156-2-e,10,0.00013,196,18,5,7,16,cyclic_2_1,cyclic_2_1,cyclic_4_1,block_2_1,cyclic_8_1,block_2_1,block_64_1,cyclic_4_1,block_32_1,block_2_1,block_128_1,block_128_1,block_4_1,complete_1,complete_1,unroll_2,unroll_2,pipeline_1,1,11.5,0.789353980667,False
workload_812.cpp,xczu7ev-ffvc1156-2-e,10,0.09902,97,8,1,1,5,cyclic_2_1,cyclic_2_1,cyclic_4_1,block_2_1,cyclic_8_1,block_2_1,block_64_1,cyclic_4_1,block_32_1,block_2_1,cyclic_4_1,cyclic_32_1,block_4_1,cyclic_2_1,cyclic_4_1,unroll_2,unroll_4,pipeline_1,1,3.75,0.945318491667,False
workload_898.cpp,xczu7ev-ffvc1156-2-e,10,0.0987,91,8,1,2,5,cyclic_2_1,cyclic_2_1,cyclic_4_1,block_2_1,cyclic_8_1,block_2_1,block_8_1,block_4_1,block_64_1,block_2_1,cyclic_4_1,block_128_1,block_4_1,complete_1,complete_1,unroll_2,unroll_4,pipeline_1,1,4,0.940278444922,False
workload_941.cpp,xczu7ev-ffvc1156-2-e,10,0.09902,94,8,1,1,5,cyclic_2_1,cyclic_2_1,cyclic_4_1,block_2_1,cyclic_8_1,block_2_1,block_8_1,block_4_1,cyclic_2_1,block_2_1,cyclic_4_1,cyclic_32_1,cyclic_8_1,cyclic_2_1,cyclic_4_1,unroll_2,unroll_4,pipeline_1,1,3.75,0.945318491667,False
workload_536.cpp,xczu7ev-ffvc1156-2-e,10,0.00013,171,26,5,5,14,cyclic_2_1,cyclic_2_1,cyclic_4_1,block_2_1,cyclic_8_1,block_2_1,cyclic_16_1,cyclic_4_1,block_32_1,cyclic_4_1,block_128_1,block_32_1,cyclic_8_1,complete_1,complete_1,unroll_2,unroll_2,pipeline_1,1,12.5,0.753731352745,False
workload_604.cpp,xczu7ev-ffvc1156-2-e,10,0.00013,166,26,5,5,14,cyclic_2_1,cyclic_2_1,cyclic_4_1,block_2_1,cyclic_8_1,block_2_1,cyclic_16_1,cyclic_4_1,block_32_1,cyclic_4_1,block_64_1,block_32_1,cyclic_8_1,complete_1,complete_1,unroll_2,unroll_2,pipeline_1,1,12.5,0.753731352745,False
workload_825.cpp,xczu7ev-ffvc1156-2-e,10,0.00013,167,15,5,7,14,cyclic_2_1,cyclic_2_1,cyclic_4_1,block_2_1,cyclic_8_1,block_2_1,cyclic_8_1,cyclic_4_1,cyclic_4_1,cyclic_2_1,block_32_1,cyclic_128_1,block_4_1,complete_1,cyclic_8_1,unroll_2,unroll_2,pipeline_1,1,10.25,0.834999782488,False
workload_859.cpp,xczu7ev-ffvc1156-2-e,10,0.00013,181,24,1,4,13,cyclic_2_1,cyclic_2_1,cyclic_4_1,block_2_1,cyclic_8_1,cyclic_32_1,cyclic_32_1,cyclic_4_1,block_2_1,block_2_1,block_128_1,cyclic_128_1,block_4_1,complete_1,complete_1,unroll_2,unroll_2,unroll_2,1,10.5,0.825777367601,False
workload_644.cpp,xczu7ev-ffvc1156-2-e,10,0.00013,189,19,1,5,14,cyclic_2_1,cyclic_2_1,cyclic_4_1,block_2_1,cyclic_8_1,cyclic_32_1,cyclic_8_1,cyclic_4_1,block_64_1,block_2_1,block_128_1,cyclic_128_1,block_4_1,complete_1,complete_1,unroll_2,unroll_2,unroll_2,1,9.75,0.853573232632,False
workload_943.cpp,xczu7ev-ffvc1156-2-e,10,0.74097,95,14,1,1,5,cyclic_2_1,cyclic_2_1,cyclic_4_1,block_2_1,cyclic_8_1,cyclic_32_1,cyclic_8_1,cyclic_4_1,block_64_1,block_2_1,block_128_1,cyclic_128_1,block_4_1,complete_1,complete_1,unroll_2,unroll_4,unroll_2,1,5.25,0.236073558864,False
workload_865.cpp,xczu7ev-ffvc1156-2-e,10,0.00013,192,20,5,8,16,cyclic_2_1,cyclic_2_1,cyclic_4_1,block_2_1,cyclic_8_1,cyclic_32_1,cyclic_8_1,cyclic_4_1,block_64_1,cyclic_8_1,block_128_1,cyclic_128_1,block_4_1,complete_1,complete_1,unroll_2,unroll_2,pipeline_1,1,12.25,0.762558821553,False
workload_741.cpp,xczu7ev-ffvc1156-2-e,10,0.74097,94,14,1,1,5,cyclic_2_1,cyclic_2_1,cyclic_4_1,block_2_1,cyclic_8_1,cyclic_32_1,cyclic_8_1,cyclic_4_1,block_64_1,cyclic_8_1,block_128_1,cyclic_128_1,block_4_1,complete_1,complete_1,unroll_2,unroll_4,unroll_2,1,5.25,0.236073558864,False
workload_876.cpp,xczu7ev-ffvc1156-2-e,10,0.78961,97,14,1,1,5,cyclic_2_1,cyclic_2_1,cyclic_4_1,block_2_1,cyclic_8_1,cyclic_32_1,cyclic_8_1,cyclic_4_1,block_64_1,cyclic_8_1,block_128_1,cyclic_128_1,cyclic_8_1,complete_1,cyclic_8_1,unroll_2,unroll_4,unroll_2,1,5.25,0.203472561037,False
workload_835.cpp,xczu7ev-ffvc1156-2-e,10,0.74097,93,14,1,1,5,cyclic_2_1,cyclic_2_1,cyclic_4_1,block_2_1,cyclic_8_1,cyclic_32_1,cyclic_8_1,cyclic_4_1,cyclic_2_1,cyclic_8_1,block_128_1,cyclic_128_1,block_4_1,complete_1,complete_1,unroll_2,unroll_4,unroll_2,1,5.25,0.236073558864,False
workload_566.cpp,xczu7ev-ffvc1156-2-e,10,0.00013,242,12,5,12,23,cyclic_2_1,cyclic_2_1,cyclic_4_1,block_2_1,cyclic_8_1,cyclic_64_1,block_64_1,cyclic_128_1,block_64_1,block_2_1,block_128_1,block_128_1,cyclic_4_1,complete_1,complete_1,unroll_2,unroll_2,pipeline_1,1,13,0.736236777813,False
workload_632.cpp,xczu7ev-ffvc1156-2-e,10,0.00013,212,13,5,10,22,cyclic_2_1,cyclic_2_1,cyclic_4_1,block_2_1,cyclic_8_1,cyclic_64_1,block_64_1,cyclic_128_1,cyclic_2_1,block_2_1,block_128_1,cyclic_4_1,cyclic_8_1,complete_1,cyclic_8_1,unroll_2,unroll_2,pipeline_1,1,12.5,0.753731352745,False
workload_870.cpp,xczu7ev-ffvc1156-2-e,10,0.12982,103,7,1,3,7,cyclic_2_1,cyclic_2_1,cyclic_4_1,block_2_1,cyclic_8_1,cyclic_64_1,block_64_1,cyclic_4_1,block_32_1,block_2_1,block_128_1,cyclic_32_1,block_4_1,cyclic_2_1,cyclic_4_1,unroll_2,unroll_4,pipeline_1,1,4.5,0.888070572064,False
workload_374.cpp,xczu7ev-ffvc1156-2-e,10,0.00013,199,13,5,10,19,cyclic_2_1,cyclic_2_1,cyclic_4_1,block_2_1,cyclic_8_1,cyclic_64_1,block_64_1,cyclic_4_1,block_64_1,block_2_1,block_128_1,block_128_1,block_4_1,complete_1,complete_1,unroll_2,unroll_2,pipeline_1,1,11.75,0.780370896804,False
workload_596.cpp,xczu7ev-ffvc1156-2-e,10,0.1295,98,7,1,3,7,cyclic_2_1,cyclic_2_1,cyclic_4_1,block_2_1,cyclic_8_1,cyclic_64_1,block_64_1,cyclic_4_1,block_64_1,block_2_1,cyclic_2_1,block_64_1,block_4_1,complete_1,complete_1,unroll_2,unroll_4,pipeline_1,1,4.5,0.888564901306,False
workload_650.cpp,xczu7ev-ffvc1156-2-e,10,0.00013,220,14,5,10,21,cyclic_2_1,cyclic_2_1,cyclic_4_1,block_2_1,cyclic_8_1,cyclic_64_1,block_8_1,cyclic_128_1,block_2_1,block_2_1,block_128_1,block_128_1,cyclic_4_1,cyclic_2_1,block_8_1,unroll_2,unroll_2,pipeline_1,1,12.5,0.753731352745,False
workload_723.cpp,xczu7ev-ffvc1156-2-e,10,0.00013,198,14,5,9,17,cyclic_2_1,cyclic_2_1,cyclic_4_1,block_2_1,cyclic_8_1,cyclic_64_1,cyclic_8_1,block_4_1,block_64_1,block_2_1,block_128_1,cyclic_128_1,block_4_1,complete_1,complete_1,unroll_2,unroll_2,pipeline_1,1,11.25,0.798387256911,False
workload_781.cpp,xczu7ev-ffvc1156-2-e,10,0.04461,101,8,1,4,6,cyclic_2_1,cyclic_2_1,cyclic_4_1,block_2_1,cyclic_8_1,cyclic_64_1,cyclic_8_1,cyclic_4_1,block_64_1,block_2_1,block_128_1,cyclic_128_1,block_4_1,complete_1,complete_1,pipeline_1,unroll_4,pipeline_1,1,4.75,0.974055319341,False
workload_607.cpp,xczu7ev-ffvc1156-2-e,10,0.00013,193,14,5,9,17,cyclic_2_1,cyclic_2_1,cyclic_4_1,block_2_1,cyclic_8_1,cyclic_64_1,cyclic_8_1,cyclic_4_1,block_64_1,block_2_1,block_128_1,cyclic_128_1,block_4_1,complete_1,complete_1,unroll_2,unroll_2,pipeline_1,1,11.25,0.798387256911,False
workload_869.cpp,xczu7ev-ffvc1156-2-e,10,0.00013,169,16,5,7,14,cyclic_2_1,cyclic_2_1,cyclic_4_1,block_2_1,cyclic_8_1,cyclic_8_1,cyclic_8_1,cyclic_4_1,cyclic_4_1,cyclic_2_1,block_32_1,cyclic_128_1,block_4_1,complete_1,cyclic_8_1,unroll_2,unroll_2,pipeline_1,1,10.5,0.825777367601,False
workload_845.cpp,xczu7ev-ffvc1156-2-e,10,0.74097,99,8,1,2,6,cyclic_2_1,cyclic_2_1,cyclic_4_1,block_4_1,cyclic_8_1,cyclic_64_1,cyclic_8_1,cyclic_4_1,block_64_1,block_2_1,block_128_1,cyclic_128_1,block_4_1,complete_1,complete_1,unroll_2,unroll_4,unroll_2,1,4.25,0.237181307909,False
workload_206.cpp,xczu7ev-ffvc1156-2-e,10,0.12658,366,6,1,9,29,cyclic_2_1,cyclic_2_1,cyclic_4_1,block_64_1,cyclic_64_1,cyclic_64_1,block_4_1,cyclic_128_1,cyclic_4_1,block_8_1,block_32_1,block_32_1,block_4_1,cyclic_4_1,block_2_1,unroll_16,unroll_4,pipeline_1,1,11.25,0.723135046402,False
workload_150.cpp,xczu7ev-ffvc1156-2-e,10,0.00013,933,32,8,36,32,cyclic_2_1,cyclic_2_1,cyclic_4_1,block_64_1,cyclic_8_1,block_128_1,block_4_1,cyclic_128_1,cyclic_2_1,cyclic_8_1,block_128_1,block_16_1,cyclic_8_1,complete_1,cyclic_8_1,pipeline_1,unroll_2,pipeline_1,1,27,0.340561807172,False
workload_296.cpp,xczu7ev-ffvc1156-2-e,10,0.1295,112,6,1,4,9,cyclic_2_1,cyclic_2_1,cyclic_4_1,block_8_1,block_64_1,cyclic_64_1,block_8_1,cyclic_4_1,block_2_1,block_8_1,block_8_1,cyclic_128_1,block_4_1,cyclic_2_1,complete_1,unroll_2,unroll_4,pipeline_1,1,5,0.879453989529,False
workload_712.cpp,xczu7ev-ffvc1156-2-e,10,0.09873,115,6,1,6,11,cyclic_2_1,cyclic_2_1,cyclic_4_1,block_8_1,cyclic_128_1,block_64_1,block_64_1,cyclic_128_1,cyclic_128_1,block_2_1,block_128_1,block_128_1,cyclic_4_1,complete_1,complete_1,unroll_2,unroll_4,pipeline_1,1,6,0.883111930883,False
workload_386.cpp,xczu7ev-ffvc1156-2-e,10,0.00013,629,26,10,23,21,cyclic_2_1,cyclic_2_1,cyclic_4_1,block_8_1,cyclic_64_1,cyclic_64_1,block_4_1,cyclic_128_1,cyclic_4_1,cyclic_2_1,block_128_1,block_32_1,cyclic_8_1,complete_1,cyclic_8_1,pipeline_1,unroll_2,pipeline_1,1,20,0.515184244908,False
workload_448.cpp,xczu7ev-ffvc1156-2-e,10,0.1295,98,7,1,3,7,cyclic_2_1,cyclic_2_1,cyclic_4_1,block_8_1,cyclic_8_1,cyclic_64_1,block_64_1,cyclic_4_1,block_64_1,block_2_1,block_128_1,block_128_1,block_4_1,complete_1,complete_1,unroll_2,unroll_4,pipeline_1,1,4.5,0.888564901306,False
workload_456.cpp,xczu7ev-ffvc1156-2-e,10,0.07538,99,8,1,4,6,cyclic_2_1,cyclic_2_1,cyclic_4_1,cyclic_128_1,cyclic_64_1,cyclic_16_1,block_4_1,cyclic_4_1,cyclic_4_1,cyclic_2_1,block_64_1,cyclic_4_1,cyclic_8_1,complete_1,cyclic_8_1,pipeline_1,unroll_4,pipeline_1,1,4.75,0.936883734165,False
workload_654.cpp,xczu7ev-ffvc1156-2-e,10,0.09873,92,9,1,2,5,cyclic_2_1,cyclic_2_1,cyclic_4_1,cyclic_128_1,cyclic_8_1,block_2_1,cyclic_8_1,cyclic_128_1,block_2_1,cyclic_2_1,cyclic_64_1,cyclic_4_1,cyclic_8_1,complete_1,cyclic_8_1,unroll_2,unroll_4,pipeline_1,1,4.25,0.934432950071,False
workload_548.cpp,xczu7ev-ffvc1156-2-e,10,0.1295,98,8,1,2,5,cyclic_2_1,cyclic_2_1,cyclic_4_1,cyclic_128_1,cyclic_8_1,cyclic_8_1,block_32_1,block_4_1,cyclic_2_1,cyclic_2_1,block_32_1,cyclic_4_1,block_8_1,cyclic_4_1,complete_1,unroll_2,unroll_4,pipeline_1,1,4,0.894578923024,False
workload_366.cpp,xczu7ev-ffvc1156-2-e,10,0.00013,271,16,6,21,30,cyclic_2_1,cyclic_2_1,cyclic_4_1,cyclic_4_1,block_128_1,block_64_1,cyclic_8_1,cyclic_64_1,cyclic_4_1,cyclic_4_1,block_2_1,cyclic_4_1,cyclic_8_1,cyclic_2_1,cyclic_2_1,pipeline_1,unroll_2,pipeline_1,1,18.25,0.566159446208,False
workload_455.cpp,xczu7ev-ffvc1156-2-e,10,0.12982,104,7,1,2,8,cyclic_2_1,cyclic_2_1,cyclic_4_1,cyclic_4_1,block_64_1,block_4_1,block_32_1,cyclic_4_1,cyclic_4_1,cyclic_4_1,block_32_1,block_16_1,cyclic_4_1,cyclic_8_1,cyclic_2_1,unroll_2,unroll_4,pipeline_1,1,4.5,0.888070572064,False
workload_251.cpp,xczu7ev-ffvc1156-2-e,10,0.04461,190,6,1,7,15,cyclic_2_1,cyclic_2_1,cyclic_4_1,cyclic_4_1,block_64_1,cyclic_128_1,block_4_1,cyclic_128_1,cyclic_2_1,block_8_1,block_128_1,cyclic_4_1,cyclic_8_1,cyclic_4_1,cyclic_8_1,pipeline_1,unroll_4,pipeline_1,1,7.25,0.888168957854,False
workload_354.cpp,xczu7ev-ffvc1156-2-e,10,0.1295,98,7,1,2,7,cyclic_2_1,cyclic_2_1,cyclic_4_1,cyclic_4_1,block_64_1,cyclic_8_1,block_4_1,cyclic_128_1,cyclic_4_1,cyclic_2_1,block_128_1,cyclic_4_1,cyclic_8_1,complete_1,complete_1,unroll_2,unroll_4,pipeline_1,1,4.25,0.892031661905,False
workload_474.cpp,xczu7ev-ffvc1156-2-e,10,0.07538,114,6,1,6,8,cyclic_2_1,cyclic_2_1,cyclic_4_1,cyclic_4_1,cyclic_128_1,cyclic_64_1,block_4_1,block_4_1,block_32_1,block_8_1,block_64_1,cyclic_4_1,cyclic_8_1,cyclic_4_1,complete_1,pipeline_1,unroll_4,pipeline_1,1,5.25,0.926700780625,False
workload_361.cpp,xczu7ev-ffvc1156-2-e,10,0.07538,100,8,1,5,7,cyclic_2_1,cyclic_2_1,cyclic_4_1,cyclic_4_1,cyclic_128_1,cyclic_8_1,block_4_1,cyclic_128_1,cyclic_4_1,block_8_1,block_64_1,cyclic_4_1,cyclic_8_1,complete_1,cyclic_8_1,pipeline_1,unroll_4,pipeline_1,1,5.25,0.926700780625,False
workload_583.cpp,xczu7ev-ffvc1156-2-e,10,0.04458,101,7,1,4,6,cyclic_2_1,cyclic_2_1,cyclic_4_1,cyclic_4_1,cyclic_64_1,block_2_1,block_4_1,block_4_1,block_32_1,block_2_1,cyclic_4_1,block_128_1,block_4_1,cyclic_4_1,complete_1,pipeline_1,unroll_4,pipeline_1,1,4.5,1,True
workload_615.cpp,xczu7ev-ffvc1156-2-e,10,0.12982,98,6,1,2,6,cyclic_2_1,cyclic_2_1,cyclic_4_1,cyclic_4_1,cyclic_64_1,block_2_1,block_4_1,cyclic_16_1,block_8_1,cyclic_4_1,cyclic_4_1,block_128_1,cyclic_4_1,cyclic_2_1,cyclic_2_1,unroll_2,unroll_4,pipeline_1,1,3.75,0.895503671807,False
workload_742.cpp,xczu7ev-ffvc1156-2-e,10,0.04458,98,7,1,4,6,cyclic_2_1,cyclic_2_1,cyclic_4_1,cyclic_4_1,cyclic_64_1,block_2_1,block_4_1,cyclic_4_1,block_32_1,block_2_1,cyclic_4_1,block_128_1,block_4_1,cyclic_4_1,complete_1,pipeline_1,unroll_4,pipeline_1,1,4.5,1,True
workload_147.cpp,xczu7ev-ffvc1156-2-e,10,0.04467,146,6,1,13,12,cyclic_2_1,cyclic_2_1,cyclic_4_1,cyclic_4_1,cyclic_64_1,block_64_1,block_4_1,block_64_1,block_2_1,cyclic_4_1,block_128_1,cyclic_4_1,cyclic_4_1,complete_1,cyclic_8_1,pipeline_1,unroll_4,unroll_2,1,8,0.871982406024,False
workload_394.cpp,xczu7ev-ffvc1156-2-e,10,0.00013,261,16,6,21,23,cyclic_2_1,cyclic_2_1,cyclic_4_1,cyclic_4_1,cyclic_64_1,block_64_1,block_4_1,cyclic_128_1,cyclic_2_1,cyclic_8_1,block_128_1,cyclic_4_1,cyclic_8_1,complete_1,cyclic_8_1,pipeline_1,unroll_2,pipeline_1,1,16.5,0.620024454577,False
workload_353.cpp,xczu7ev-ffvc1156-2-e,10,0.07547,139,6,1,12,11,cyclic_2_1,cyclic_2_1,cyclic_4_1,cyclic_4_1,cyclic_64_1,block_64_1,block_4_1,cyclic_128_1,cyclic_2_1,cyclic_8_1,block_32_1,cyclic_4_1,cyclic_8_1,complete_1,cyclic_8_1,pipeline_1,unroll_4,pipeline_1,1,7.5,0.855169018871,False
workload_319.cpp,xczu7ev-ffvc1156-2-e,10,0.00013,258,14,6,21,23,cyclic_2_1,cyclic_2_1,cyclic_4_1,cyclic_4_1,cyclic_64_1,block_64_1,block_4_1,cyclic_128_1,cyclic_4_1,cyclic_2_1,block_128_1,cyclic_4_1,cyclic_8_1,complete_1,cyclic_4_1,pipeline_1,unroll_2,pipeline_1,1,16,0.635940246947,False
workload_50.cpp,xczu7ev-ffvc1156-2-e,10,0.00013,260,14,6,21,23,cyclic_2_1,cyclic_2_1,cyclic_4_1,cyclic_4_1,cyclic_64_1,block_64_1,block_4_1,cyclic_128_1,cyclic_4_1,cyclic_2_1,block_128_1,cyclic_4_1,cyclic_8_1,complete_1,cyclic_8_1,pipeline_1,unroll_2,pipeline_1,1,16,0.635940246947,False
workload_349.cpp,xczu7ev-ffvc1156-2-e,10,0.00013,257,14,6,21,23,cyclic_2_1,cyclic_2_1,cyclic_4_1,cyclic_4_1,cyclic_64_1,block_64_1,cyclic_4_1,cyclic_128_1,cyclic_4_1,cyclic_2_1,block_128_1,cyclic_8_1,cyclic_8_1,complete_1,cyclic_8_1,pipeline_1,unroll_2,pipeline_1,1,16,0.635940246947,False
workload_357.cpp,xczu7ev-ffvc1156-2-e,10,0.07538,114,6,1,6,8,cyclic_2_1,cyclic_2_1,cyclic_4_1,cyclic_4_1,cyclic_64_1,cyclic_128_1,block_4_1,block_32_1,cyclic_2_1,cyclic_8_1,block_32_1,block_32_1,cyclic_8_1,complete_1,cyclic_8_1,pipeline_1,unroll_4,pipeline_1,1,5.25,0.926700780625,False
workload_817.cpp,xczu7ev-ffvc1156-2-e,10,0.04458,119,6,1,7,9,cyclic_2_1,cyclic_2_1,cyclic_4_1,cyclic_4_1,cyclic_64_1,cyclic_128_1,block_4_1,cyclic_128_1,block_32_1,cyclic_8_1,cyclic_4_1,block_128_1,cyclic_8_1,complete_1,cyclic_8_1,pipeline_1,unroll_4,pipeline_1,1,5.75,0.933333258265,False
workload_398.cpp,xczu7ev-ffvc1156-2-e,10,0.06925,2302,6,1,24,81,cyclic_2_1,cyclic_2_1,cyclic_4_1,cyclic_4_1,cyclic_64_1,cyclic_128_1,block_4_1,cyclic_128_1,cyclic_2_1,cyclic_4_1,cyclic_64_1,cyclic_4_1,cyclic_8_1,complete_1,cyclic_8_1,unroll_64,unroll_4,pipeline_1,1,28,0.317547936833,False
workload_20.cpp,xczu7ev-ffvc1156-2-e,10,0.00013,232,16,6,15,20,cyclic_2_1,cyclic_2_1,cyclic_4_1,cyclic_4_1,cyclic_64_1,cyclic_128_1,block_4_1,cyclic_128_1,cyclic_2_1,cyclic_8_1,block_128_1,cyclic_4_1,cyclic_8_1,complete_1,cyclic_8_1,pipeline_1,unroll_2,pipeline_1,1,14.25,0.693459071587,False
workload_396.cpp,xczu7ev-ffvc1156-2-e,10,0.00013,226,14,6,15,20,cyclic_2_1,cyclic_2_1,cyclic_4_1,cyclic_4_1,cyclic_64_1,cyclic_128_1,block_4_1,cyclic_128_1,cyclic_4_1,cyclic_2_1,block_128_1,cyclic_4_1,cyclic_8_1,complete_1,cyclic_8_1,pipeline_1,unroll_2,pipeline_1,1,13.75,0.710403661622,False
workload_194.cpp,xczu7ev-ffvc1156-2-e,10,0.07538,106,6,1,5,7,cyclic_2_1,cyclic_2_1,cyclic_4_1,cyclic_4_1,cyclic_64_1,cyclic_64_1,block_16_1,cyclic_128_1,cyclic_2_1,cyclic_8_1,block_128_1,cyclic_4_1,cyclic_8_1,complete_1,cyclic_8_1,pipeline_1,unroll_4,pipeline_1,1,4.75,0.936883734165,False
workload_297.cpp,xczu7ev-ffvc1156-2-e,10,0.07538,109,6,1,5,7,cyclic_2_1,cyclic_2_1,cyclic_4_1,cyclic_4_1,cyclic_64_1,cyclic_64_1,block_4_1,cyclic_128_1,cyclic_2_1,cyclic_8_1,block_32_1,block_32_1,cyclic_8_1,complete_1,cyclic_8_1,pipeline_1,unroll_4,pipeline_1,1,4.75,0.936883734165,False
workload_358.cpp,xczu7ev-ffvc1156-2-e,10,0.00013,634,19,6,21,19,cyclic_2_1,cyclic_2_1,cyclic_4_1,cyclic_4_1,cyclic_64_1,cyclic_64_1,block_4_1,cyclic_128_1,cyclic_4_1,cyclic_2_1,block_128_1,block_32_1,cyclic_8_1,complete_1,cyclic_8_1,pipeline_1,unroll_2,pipeline_1,1,16.25,0.627953319305,False
workload_402.cpp,xczu7ev-ffvc1156-2-e,10,0.00013,222,14,6,14,19,cyclic_2_1,cyclic_2_1,cyclic_4_1,cyclic_4_1,cyclic_64_1,cyclic_64_1,block_4_1,cyclic_128_1,cyclic_4_1,cyclic_2_1,block_64_1,cyclic_4_1,cyclic_8_1,cyclic_4_1,cyclic_8_1,pipeline_1,unroll_2,pipeline_1,1,13.25,0.727570769104,False
workload_160.cpp,xczu7ev-ffvc1156-2-e,10,0.07538,100,8,1,4,5,cyclic_2_1,cyclic_2_1,cyclic_4_1,cyclic_4_1,cyclic_64_1,cyclic_8_1,block_4_1,cyclic_128_1,cyclic_4_1,cyclic_2_1,block_64_1,cyclic_4_1,cyclic_8_1,complete_1,cyclic_8_1,pipeline_1,unroll_4,pipeline_1,1,4.5,0.940065602086,False
workload_326.cpp,xczu7ev-ffvc1156-2-e,10,0.00013,388,15,6,34,39,cyclic_2_1,cyclic_2_1,cyclic_4_1,cyclic_4_1,cyclic_8_1,block_128_1,block_4_1,block_64_1,block_64_1,block_4_1,block_128_1,cyclic_4_1,cyclic_8_1,complete_1,block_8_1,pipeline_1,unroll_2,pipeline_1,1,23.5,0.421992611586,False
workload_248.cpp,xczu7ev-ffvc1156-2-e,10,0.00013,238,15,6,19,21,cyclic_2_1,cyclic_2_1,cyclic_4_1,cyclic_4_1,cyclic_8_1,block_64_1,block_4_1,cyclic_64_1,cyclic_4_1,cyclic_2_1,block_128_1,cyclic_4_1,cyclic_8_1,complete_1,cyclic_8_1,pipeline_1,unroll_2,pipeline_1,1,15.25,0.660247724768,False
workload_914.cpp,xczu7ev-ffvc1156-2-e,10,0.0444,138,6,2,6,15,cyclic_2_1,cyclic_2_1,cyclic_4_1,cyclic_64_1,block_128_1,block_2_1,block_4_1,block_4_1,block_2_1,block_8_1,block_128_1,block_32_1,cyclic_4_1,cyclic_2_1,cyclic_8_1,pipeline_1,unroll_4,unroll_2,1,7.25,0.8882906573,False
workload_928.cpp,xczu7ev-ffvc1156-2-e,10,0.09905,117,6,1,5,12,cyclic_2_1,cyclic_2_1,cyclic_4_1,cyclic_64_1,block_128_1,block_2_1,block_4_1,block_4_1,block_2_1,block_8_1,block_128_1,block_32_1,cyclic_4_1,cyclic_2_1,cyclic_8_1,unroll_2,unroll_4,pipeline_1,1,6,0.882911339239,False
workload_956.cpp,xczu7ev-ffvc1156-2-e,10,0.0444,139,6,2,6,15,cyclic_2_1,cyclic_2_1,cyclic_4_1,cyclic_64_1,block_128_1,block_2_1,block_4_1,block_4_1,block_2_1,block_8_1,block_128_1,block_32_1,cyclic_8_1,cyclic_2_1,complete_1,pipeline_1,unroll_4,unroll_2,1,7.25,0.8882906573,False
workload_440.cpp,xczu7ev-ffvc1156-2-e,10,0.12982,99,6,1,2,8,cyclic_2_1,cyclic_2_1,cyclic_4_1,cyclic_64_1,block_64_1,block_2_1,block_2_1,cyclic_16_1,block_32_1,cyclic_4_1,block_2_1,block_32_1,cyclic_4_1,cyclic_8_1,cyclic_2_1,unroll_2,unroll_4,pipeline_1,1,4.25,0.891513779862,False
workload_502.cpp,xczu7ev-ffvc1156-2-e,10,0.16438,165,7,14,8,21,cyclic_2_1,cyclic_2_1,cyclic_4_1,cyclic_64_1,block_64_1,block_2_1,block_2_1,cyclic_16_1,block_32_1,cyclic_4_1,block_2_1,block_32_1,cyclic_4_1,cyclic_8_1,cyclic_2_1,unroll_2,unroll_4,unroll_16,1,12.5,0.656353412998,False
workload_627.cpp,xczu7ev-ffvc1156-2-e,10,0.04461,122,7,1,4,11,cyclic_2_1,cyclic_2_1,cyclic_4_1,cyclic_64_1,block_64_1,block_2_1,cyclic_8_1,block_4_1,block_32_1,block_2_1,block_2_1,block_32_1,block_4_1,cyclic_4_1,complete_1,pipeline_1,unroll_4,pipeline_1,1,5.75,0.933333252953,False
workload_507.cpp,xczu7ev-ffvc1156-2-e,10,0.12982,98,6,1,2,8,cyclic_2_1,cyclic_2_1,cyclic_4_1,cyclic_64_1,block_64_1,block_2_1,cyclic_8_1,cyclic_16_1,block_32_1,cyclic_4_1,block_2_1,block_32_1,block_4_1,cyclic_8_1,cyclic_2_1,unroll_2,unroll_4,pipeline_1,1,4.25,0.891513779862,False
workload_493.cpp,xczu7ev-ffvc1156-2-e,10,0.12982,101,6,1,2,7,cyclic_2_1,cyclic_2_1,cyclic_4_1,cyclic_64_1,block_64_1,block_2_1,cyclic_8_1,cyclic_16_1,block_32_1,cyclic_4_1,block_2_1,block_32_1,cyclic_4_1,cyclic_2_1,cyclic_2_1,unroll_2,unroll_4,pipeline_1,1,4,0.894040795089,False
workload_369.cpp,xczu7ev-ffvc1156-2-e,10,0.12982,100,6,1,2,8,cyclic_2_1,cyclic_2_1,cyclic_4_1,cyclic_64_1,block_64_1,block_2_1,cyclic_8_1,cyclic_16_1,block_32_1,cyclic_4_1,block_2_1,block_32_1,cyclic_4_1,cyclic_8_1,cyclic_2_1,unroll_2,unroll_4,pipeline_1,1,4.25,0.891513779862,False
workload_508.cpp,xczu7ev-ffvc1156-2-e,10,0.12982,119,6,1,5,12,cyclic_2_1,cyclic_2_1,cyclic_4_1,cyclic_64_1,block_64_1,cyclic_128_1,block_4_1,block_4_1,block_32_1,cyclic_4_1,block_128_1,block_32_1,cyclic_8_1,cyclic_2_1,cyclic_2_1,unroll_2,unroll_4,pipeline_1,1,6,0.855080066514,False
workload_711.cpp,xczu7ev-ffvc1156-2-e,10,0.04458,101,7,1,4,6,cyclic_2_1,cyclic_2_1,cyclic_4_1,cyclic_64_1,cyclic_64_1,block_2_1,block_4_1,block_4_1,block_2_1,block_2_1,cyclic_4_1,block_128_1,block_4_1,cyclic_4_1,cyclic_8_1,pipeline_1,unroll_4,pipeline_1,1,4.5,1,True
workload_660.cpp,xczu7ev-ffvc1156-2-e,10,0.04458,99,7,1,4,6,cyclic_2_1,cyclic_2_1,cyclic_4_1,cyclic_64_1,cyclic_64_1,block_2_1,block_64_1,cyclic_16_1,block_32_1,block_2_1,block_2_1,block_32_1,block_4_1,cyclic_2_1,cyclic_2_1,pipeline_1,unroll_4,pipeline_1,1,4.5,1,True
workload_625.cpp,xczu7ev-ffvc1156-2-e,10,0.12982,99,6,1,2,6,cyclic_2_1,cyclic_2_1,cyclic_4_1,cyclic_64_1,cyclic_64_1,block_2_1,block_64_1,cyclic_16_1,block_32_1,cyclic_4_1,block_2_1,block_32_1,cyclic_4_1,cyclic_2_1,cyclic_8_1,unroll_2,unroll_4,pipeline_1,1,3.75,0.895503671807,False
workload_749.cpp,xczu7ev-ffvc1156-2-e,10,0.09873,94,9,1,2,5,cyclic_2_1,cyclic_2_1,cyclic_4_1,cyclic_64_1,cyclic_8_1,block_2_1,cyclic_8_1,cyclic_4_1,block_2_1,cyclic_2_1,block_32_1,block_128_1,cyclic_8_1,complete_1,cyclic_8_1,unroll_2,unroll_4,pipeline_1,1,4.25,0.934432950071,False
workload_404.cpp,xczu7ev-ffvc1156-2-e,10,0.1295,101,7,1,3,7,cyclic_2_1,cyclic_2_1,cyclic_4_1,cyclic_64_1,cyclic_8_1,cyclic_64_1,block_64_1,cyclic_4_1,block_64_1,block_2_1,block_128_1,block_128_1,block_4_1,complete_1,complete_1,unroll_2,unroll_4,pipeline_1,1,4.5,0.888564901306,False
workload_488.cpp,xczu7ev-ffvc1156-2-e,10,0.07541,121,6,1,4,11,cyclic_2_1,cyclic_2_1,cyclic_4_1,cyclic_8_1,block_64_1,block_2_1,block_2_1,cyclic_4_1,block_2_1,block_8_1,block_32_1,block_32_1,cyclic_8_1,complete_1,cyclic_8_1,pipeline_1,unroll_4,pipeline_1,1,5.5,0.920136540467,False
workload_321.cpp,xczu7ev-ffvc1156-2-e,10,0.00013,217,31,7,12,20,cyclic_2_1,cyclic_2_1,cyclic_4_1,cyclic_8_1,cyclic_16_1,block_2_1,block_4_1,cyclic_128_1,block_32_1,cyclic_8_1,cyclic_64_1,cyclic_4_1,cyclic_8_1,complete_1,cyclic_8_1,pipeline_1,unroll_2,pipeline_1,1,17.5,0.588892454062,False
workload_313.cpp,xczu7ev-ffvc1156-2-e,10,0.00013,214,31,7,12,19,cyclic_2_1,cyclic_2_1,cyclic_4_1,cyclic_8_1,cyclic_16_1,block_2_1,cyclic_4_1,cyclic_128_1,block_32_1,cyclic_8_1,cyclic_64_1,cyclic_8_1,cyclic_8_1,complete_1,cyclic_8_1,pipeline_1,unroll_2,pipeline_1,1,17.25,0.596587678013,False
workload_442.cpp,xczu7ev-ffvc1156-2-e,10,0.07538,97,6,1,4,5,cyclic_2_1,cyclic_2_1,cyclic_4_1,cyclic_8_1,cyclic_64_1,block_2_1,block_4_1,cyclic_4_1,block_2_1,block_8_1,block_32_1,block_32_1,cyclic_8_1,complete_1,cyclic_8_1,pipeline_1,unroll_4,pipeline_1,1,4,0.947602116159,False
workload_397.cpp,xczu7ev-ffvc1156-2-e,10,0.00013,217,29,7,14,21,cyclic_2_1,cyclic_2_1,cyclic_4_1,cyclic_8_1,cyclic_64_1,block_2_1,cyclic_4_1,cyclic_128_1,block_32_1,cyclic_8_1,cyclic_64_1,cyclic_8_1,cyclic_8_1,complete_1,cyclic_8_1,pipeline_1,unroll_2,pipeline_1,1,17.75,0.581255939662,False
workload_551.cpp,xczu7ev-ffvc1156-2-e,10,0.04458,121,6,1,7,9,cyclic_2_1,cyclic_2_1,cyclic_4_1,cyclic_8_1,cyclic_64_1,cyclic_128_1,block_4_1,cyclic_128_1,block_2_1,cyclic_8_1,block_32_1,block_128_1,cyclic_8_1,complete_1,cyclic_8_1,pipeline_1,unroll_4,pipeline_1,1,5.75,0.933333258265,False
workload_574.cpp,xczu7ev-ffvc1156-2-e,10,0.04458,119,6,1,7,9,cyclic_2_1,cyclic_2_1,cyclic_4_1,cyclic_8_1,cyclic_64_1,cyclic_128_1,block_4_1,cyclic_128_1,cyclic_4_1,cyclic_8_1,block_32_1,block_128_1,cyclic_8_1,complete_1,cyclic_8_1,pipeline_1,unroll_4,pipeline_1,1,5.75,0.933333258265,False
workload_271.cpp,xczu7ev-ffvc1156-2-e,10,0.00013,232,21,8,16,21,cyclic_2_1,cyclic_2_1,cyclic_4_1,cyclic_8_1,cyclic_64_1,cyclic_128_1,cyclic_4_1,cyclic_128_1,cyclic_2_1,cyclic_8_1,block_128_1,cyclic_8_1,cyclic_8_1,complete_1,cyclic_8_1,pipeline_1,unroll_2,pipeline_1,1,16.5,0.620024454577,False
workload_780.cpp,xczu7ev-ffvc1156-2-e,10,0.00013,192,20,1,6,19,cyclic_2_1,cyclic_2_1,cyclic_4_1,cyclic_8_1,cyclic_64_1,cyclic_32_1,cyclic_8_1,cyclic_128_1,cyclic_4_1,cyclic_8_1,block_128_1,cyclic_4_1,cyclic_8_1,complete_1,complete_1,unroll_2,unroll_2,unroll_2,1,11.5,0.789353980667,False
workload_388.cpp,xczu7ev-ffvc1156-2-e,10,0.00013,223,23,7,14,20,cyclic_2_1,cyclic_2_1,cyclic_4_1,cyclic_8_1,cyclic_64_1,cyclic_64_1,block_4_1,cyclic_128_1,block_2_1,cyclic_8_1,block_32_1,block_32_1,cyclic_8_1,complete_1,cyclic_8_1,pipeline_1,unroll_2,pipeline_1,1,16,0.635940246947,False
workload_420.cpp,xczu7ev-ffvc1156-2-e,10,0.00013,624,22,7,20,17,cyclic_2_1,cyclic_2_1,cyclic_4_1,cyclic_8_1,cyclic_64_1,cyclic_64_1,block_4_1,cyclic_4_1,block_2_1,block_2_1,block_128_1,block_32_1,cyclic_8_1,complete_1,cyclic_8_1,pipeline_1,unroll_2,pipeline_1,1,16.5,0.620024454577,False
workload_477.cpp,xczu7ev-ffvc1156-2-e,10,0.00013,623,22,7,19,17,cyclic_2_1,cyclic_2_1,cyclic_4_1,cyclic_8_1,cyclic_64_1,cyclic_64_1,block_4_1,cyclic_4_1,block_2_1,block_4_1,block_128_1,block_32_1,cyclic_8_1,cyclic_2_1,cyclic_8_1,pipeline_1,unroll_2,unroll_2,1,16.25,0.627953319305,False
workload_609.cpp,xczu7ev-ffvc1156-2-e,10,0.00013,229,18,7,12,17,cyclic_2_1,cyclic_2_1,cyclic_4_1,cyclic_8_1,cyclic_64_1,cyclic_64_1,block_4_1,cyclic_4_1,block_2_1,block_4_1,block_128_1,cyclic_4_1,block_4_1,cyclic_2_1,cyclic_8_1,pipeline_1,unroll_2,unroll_2,1,13.5,0.718959588836,False
workload_499.cpp,xczu7ev-ffvc1156-2-e,10,0.07538,104,6,1,5,7,cyclic_2_1,cyclic_2_1,cyclic_4_1,cyclic_8_1,cyclic_64_1,cyclic_64_1,block_4_1,cyclic_4_1,cyclic_2_1,block_4_1,block_2_1,block_32_1,cyclic_8_1,cyclic_2_1,cyclic_8_1,pipeline_1,unroll_4,unroll_2,1,4.75,0.936883734165,False
workload_293.cpp,xczu7ev-ffvc1156-2-e,10,0.00013,228,21,8,15,20,cyclic_2_1,cyclic_2_1,cyclic_4_1,cyclic_8_1,cyclic_64_1,cyclic_64_1,cyclic_4_1,cyclic_128_1,cyclic_2_1,cyclic_8_1,block_128_1,cyclic_8_1,cyclic_8_1,complete_1,cyclic_8_1,pipeline_1,unroll_2,pipeline_1,1,16,0.635940246947,False
workload_330.cpp,xczu7ev-ffvc1156-2-e,10,0.00013,210,21,8,15,20,cyclic_2_1,cyclic_2_1,cyclic_4_1,cyclic_8_1,cyclic_64_1,cyclic_64_1,cyclic_4_1,cyclic_128_1,cyclic_2_1,cyclic_8_1,block_8_1,cyclic_8_1,cyclic_8_1,complete_1,cyclic_8_1,pipeline_1,unroll_2,pipeline_1,1,16,0.635940246947,False
workload_889.cpp,xczu7ev-ffvc1156-2-e,10,0.00013,170,20,1,3,13,cyclic_2_1,cyclic_2_1,cyclic_4_1,cyclic_8_1,cyclic_8_1,cyclic_32_1,block_4_1,cyclic_4_1,block_64_1,block_2_1,block_128_1,cyclic_4_1,block_4_1,cyclic_2_1,cyclic_8_1,unroll_2,unroll_2,unroll_2,1,9.25,0.872303595399,False
workload_933.cpp,xczu7ev-ffvc1156-2-e,10,0.78966,97,12,1,1,5,cyclic_2_1,cyclic_2_1,cyclic_4_1,cyclic_8_1,cyclic_8_1,cyclic_32_1,block_64_1,cyclic_4_1,block_64_1,block_2_1,block_128_1,cyclic_4_1,block_4_1,cyclic_2_1,complete_1,unroll_2,unroll_4,unroll_2,1,4.75,0.203947086281,False
workload_930.cpp,xczu7ev-ffvc1156-2-e,10,0.00013,188,37,1,3,16,cyclic_2_1,cyclic_2_1,cyclic_64_1,block_16_1,cyclic_2_1,cyclic_8_1,block_8_1,cyclic_4_1,block_2_1,block_8_1,cyclic_4_1,cyclic_32_1,cyclic_8_1,complete_1,complete_1,unroll_2,unroll_2,unroll_2,1,14.25,0.693459071587,False
workload_911.cpp,xczu7ev-ffvc1156-2-e,10,0.1295,92,7,1,2,4,cyclic_2_1,cyclic_2_1,cyclic_64_1,block_2_1,cyclic_2_1,block_2_1,block_64_1,cyclic_16_1,block_32_1,block_8_1,cyclic_4_1,block_128_1,block_4_1,complete_1,complete_1,unroll_2,unroll_4,pipeline_1,1,3.5,0.896344469661,False
workload_432.cpp,xczu7ev-ffvc1156-2-e,10,0.00013,1596,37,5,23,89,cyclic_2_1,cyclic_2_1,cyclic_64_1,block_4_1,cyclic_64_1,block_128_1,block_32_1,block_32_1,block_64_1,block_4_1,block_128_1,block_16_1,cyclic_8_1,complete_1,block_8_1,unroll_16,unroll_2,pipeline_1,1,38.5,0.156326341831,False
workload_467.cpp,xczu7ev-ffvc1156-2-e,10,0.12654,471,6,1,9,39,cyclic_2_1,cyclic_2_1,cyclic_64_1,block_4_1,cyclic_64_1,block_128_1,block_32_1,block_32_1,block_64_1,block_4_1,block_128_1,block_16_1,cyclic_8_1,complete_1,block_8_1,unroll_16,unroll_4,pipeline_1,1,13.75,0.660749090453,False
workload_348.cpp,xczu7ev-ffvc1156-2-e,10,0.00013,2138,40,5,27,91,cyclic_2_1,cyclic_2_1,cyclic_64_1,block_64_1,cyclic_64_1,cyclic_128_1,block_32_1,cyclic_128_1,cyclic_2_1,cyclic_8_1,block_128_1,block_16_1,cyclic_8_1,complete_1,cyclic_8_1,unroll_16,unroll_2,pipeline_1,1,40.75,0.13526227983,False
workload_260.cpp,xczu7ev-ffvc1156-2-e,10,0.84522,351,6,1,4,24,cyclic_2_1,cyclic_2_1,cyclic_64_1,block_64_1,cyclic_64_1,cyclic_64_1,block_32_1,cyclic_128_1,block_2_1,cyclic_4_1,cyclic_32_1,cyclic_4_1,cyclic_4_1,cyclic_2_1,block_2_1,unroll_16,unroll_4,unroll_2,1,8.75,0.166371717435,False
workload_544.cpp,xczu7ev-ffvc1156-2-e,10,0.00013,281,41,5,6,22,cyclic_2_1,cyclic_2_1,cyclic_64_1,block_64_1,cyclic_64_1,cyclic_8_1,block_32_1,cyclic_4_1,block_64_1,cyclic_2_1,block_128_1,block_16_1,block_8_1,cyclic_4_1,complete_1,unroll_2,unroll_2,pipeline_1,1,18.5,0.558699653647,False
workload_385.cpp,xczu7ev-ffvc1156-2-e,10,0.00013,2208,42,5,24,95,cyclic_2_1,cyclic_2_1,cyclic_64_1,block_64_1,cyclic_8_1,block_128_1,block_32_1,block_64_1,block_32_1,cyclic_64_1,block_128_1,block_16_1,cyclic_8_1,block_2_1,block_8_1,unroll_16,unroll_2,pipeline_1,1,41.5,0.129331753712,False
workload_197.cpp,xczu7ev-ffvc1156-2-e,10,0.00013,2158,41,5,25,91,cyclic_2_1,cyclic_2_1,cyclic_64_1,block_64_1,cyclic_8_1,block_128_1,block_32_1,block_64_1,block_64_1,block_4_1,block_128_1,block_16_1,cyclic_8_1,complete_1,block_8_1,unroll_16,unroll_2,pipeline_1,1,40.5,0.137360336893,False
workload_173.cpp,xczu7ev-ffvc1156-2-e,10,0.07538,103,11,1,4,6,cyclic_2_1,cyclic_2_1,cyclic_64_1,cyclic_128_1,cyclic_64_1,cyclic_32_1,block_32_1,block_64_1,block_64_1,cyclic_4_1,block_128_1,cyclic_128_1,block_8_1,cyclic_4_1,cyclic_8_1,pipeline_1,unroll_4,pipeline_1,1,5.5,0.920174151502,False
workload_323.cpp,xczu7ev-ffvc1156-2-e,10,0.07538,105,11,1,4,6,cyclic_2_1,cyclic_2_1,cyclic_64_1,cyclic_128_1,cyclic_64_1,cyclic_32_1,block_32_1,block_64_1,block_64_1,cyclic_4_1,block_128_1,cyclic_128_1,cyclic_8_1,cyclic_4_1,cyclic_8_1,pipeline_1,unroll_4,pipeline_1,1,5.5,0.920174151502,False
workload_249.cpp,xczu7ev-ffvc1156-2-e,10,0.1295,102,11,1,3,7,cyclic_2_1,cyclic_2_1,cyclic_64_1,cyclic_128_1,cyclic_64_1,cyclic_32_1,block_32_1,cyclic_4_1,cyclic_4_1,cyclic_2_1,block_32_1,cyclic_4_1,block_8_1,cyclic_4_1,complete_1,unroll_2,unroll_4,pipeline_1,1,5.5,0.868200048474,False
workload_285.cpp,xczu7ev-ffvc1156-2-e,10,0.07538,101,11,1,4,6,cyclic_2_1,cyclic_2_1,cyclic_64_1,cyclic_4_1,cyclic_64_1,cyclic_32_1,block_4_1,cyclic_128_1,cyclic_4_1,cyclic_2_1,block_32_1,cyclic_4_1,cyclic_4_1,complete_1,cyclic_8_1,pipeline_1,unroll_4,pipeline_1,1,5.5,0.920174151502,False
workload_904.cpp,xczu7ev-ffvc1156-2-e,10,0.42358,89,7,1,1,4,cyclic_2_1,cyclic_2_1,cyclic_64_1,cyclic_64_1,cyclic_2_1,block_2_1,block_16_1,cyclic_4_1,block_64_1,block_8_1,block_32_1,cyclic_4_1,block_4_1,complete_1,complete_1,unroll_2,unroll_4,unroll_2,1,3.25,0.562495765612,False
workload_640.cpp,xczu7ev-ffvc1156-2-e,10,0.07538,96,11,1,3,4,cyclic_2_1,cyclic_2_1,cyclic_8_1,block_2_1,cyclic_16_1,cyclic_8_1,block_4_1,cyclic_4_1,cyclic_2_1,block_4_1,block_32_1,cyclic_128_1,block_4_1,cyclic_2_1,cyclic_8_1,pipeline_1,unroll_4,pipeline_1,1,4.75,0.936883734165,False
workload_620.cpp,xczu7ev-ffvc1156-2-e,10,0.79478,93,10,1,1,4,cyclic_2_1,cyclic_2_1,cyclic_8_1,block_2_1,cyclic_16_1,cyclic_8_1,block_8_1,cyclic_4_1,cyclic_2_1,block_4_1,block_32_1,cyclic_128_1,block_4_1,cyclic_2_1,complete_1,unroll_2,unroll_4,unroll_2,1,4,0.201270056244,False
workload_936.cpp,xczu7ev-ffvc1156-2-e,10,0.77942,101,6,1,2,6,cyclic_2_1,cyclic_2_1,cyclic_8_1,block_2_1,cyclic_64_1,block_2_1,block_64_1,cyclic_128_1,cyclic_4_1,block_4_1,cyclic_4_1,cyclic_128_1,cyclic_8_1,block_2_1,complete_1,unroll_2,unroll_4,unroll_2,1,3.75,0.211127806931,False
workload_909.cpp,xczu7ev-ffvc1156-2-e,10,0.0987,96,7,1,2,6,cyclic_2_1,cyclic_2_1,cyclic_8_1,block_2_1,cyclic_64_1,block_2_1,block_64_1,cyclic_4_1,block_64_1,block_2_1,cyclic_4_1,block_128_1,block_4_1,complete_1,complete_1,unroll_2,unroll_4,pipeline_1,1,4,0.940278444922,False
workload_860.cpp,xczu7ev-ffvc1156-2-e,10,0.00013,193,12,1,6,16,cyclic_2_1,cyclic_2_1,cyclic_8_1,block_2_1,cyclic_64_1,block_2_1,block_64_1,cyclic_4_1,block_64_1,block_4_1,cyclic_4_1,cyclic_128_1,block_4_1,block_2_1,complete_1,unroll_2,unroll_2,unroll_2,1,8.75,1,True
workload_949.cpp,xczu7ev-ffvc1156-2-e,10,0.1295,92,8,1,2,5,cyclic_2_1,cyclic_2_1,cyclic_8_1,block_2_1,cyclic_8_1,cyclic_8_1,block_4_1,block_4_1,cyclic_2_1,block_8_1,block_32_1,block_128_1,block_4_1,complete_1,cyclic_8_1,unroll_2,unroll_4,pipeline_1,1,4,0.894578923024,False
workload_564.cpp,xczu7ev-ffvc1156-2-e,10,0.78198,100,6,1,2,6,cyclic_2_1,cyclic_2_1,cyclic_8_1,cyclic_128_1,cyclic_64_1,block_2_1,block_4_1,block_4_1,cyclic_2_1,cyclic_4_1,block_2_1,block_32_1,cyclic_4_1,cyclic_4_1,cyclic_8_1,unroll_2,unroll_4,unroll_2,1,3.75,0.209471617057,False
workload_769.cpp,xczu7ev-ffvc1156-2-e,10,0.12982,102,7,1,2,7,cyclic_2_1,cyclic_2_1,cyclic_8_1,cyclic_128_1,cyclic_8_1,block_64_1,block_8_1,cyclic_4_1,cyclic_2_1,block_4_1,block_64_1,cyclic_128_1,block_4_1,cyclic_2_1,cyclic_8_1,unroll_2,unroll_4,pipeline_1,1,4.25,0.891513779862,False
workload_710.cpp,xczu7ev-ffvc1156-2-e,10,0.07538,103,7,1,4,6,cyclic_2_1,cyclic_2_1,cyclic_8_1,cyclic_128_1,cyclic_8_1,cyclic_64_1,block_8_1,cyclic_128_1,cyclic_2_1,block_4_1,block_32_1,cyclic_128_1,block_4_1,block_2_1,cyclic_8_1,pipeline_1,unroll_4,unroll_2,1,4.5,0.940065602086,False
workload_732.cpp,xczu7ev-ffvc1156-2-e,10,0.12982,94,8,1,2,5,cyclic_2_1,cyclic_2_1,cyclic_8_1,cyclic_128_1,cyclic_8_1,cyclic_8_1,block_4_1,cyclic_4_1,cyclic_4_1,block_4_1,block_32_1,cyclic_128_1,block_4_1,cyclic_2_1,cyclic_8_1,unroll_2,unroll_4,pipeline_1,1,4,0.894040795089,False
workload_648.cpp,xczu7ev-ffvc1156-2-e,10,0.12982,96,8,1,2,5,cyclic_2_1,cyclic_2_1,cyclic_8_1,cyclic_128_1,cyclic_8_1,cyclic_8_1,block_8_1,cyclic_4_1,cyclic_2_1,block_2_1,block_32_1,block_128_1,block_4_1,cyclic_2_1,cyclic_8_1,unroll_2,unroll_4,pipeline_1,1,4,0.894040795089,False
workload_546.cpp,xczu7ev-ffvc1156-2-e,10,0.80758,93,8,1,1,4,cyclic_2_1,cyclic_2_1,cyclic_8_1,cyclic_128_1,cyclic_8_1,cyclic_8_1,block_8_1,cyclic_4_1,cyclic_2_1,block_4_1,block_32_1,cyclic_128_1,block_4_1,cyclic_2_1,cyclic_8_1,unroll_2,unroll_4,unroll_2,1,3.5,0.193663966942,False
workload_863.cpp,xczu7ev-ffvc1156-2-e,10,0.77686,96,8,1,1,5,cyclic_2_1,cyclic_2_1,cyclic_8_1,cyclic_128_1,cyclic_8_1,cyclic_8_1,block_8_1,cyclic_4_1,cyclic_2_1,block_4_1,block_32_1,cyclic_128_1,block_4_1,cyclic_4_1,cyclic_8_1,unroll_2,unroll_4,unroll_2,1,3.75,0.212796419468,False
workload_778.cpp,xczu7ev-ffvc1156-2-e,10,0.0987,98,7,1,2,6,cyclic_2_1,cyclic_2_1,cyclic_8_1,cyclic_4_1,cyclic_64_1,block_2_1,cyclic_8_1,block_4_1,block_32_1,block_2_1,cyclic_4_1,block_32_1,cyclic_8_1,cyclic_4_1,complete_1,unroll_2,unroll_4,pipeline_1,1,4,0.940278444922,False
workload_871.cpp,xczu7ev-ffvc1156-2-e,10,0.77681,93,10,1,1,4,cyclic_2_1,cyclic_2_1,cyclic_8_1,cyclic_64_1,cyclic_8_1,cyclic_8_1,cyclic_8_1,cyclic_16_1,cyclic_2_1,block_8_1,block_32_1,cyclic_4_1,block_4_1,block_8_1,cyclic_8_1,unroll_2,unroll_4,unroll_2,1,4,0.212712500194,False
workload_270.cpp,xczu7ev-ffvc1156-2-e,10,0.25316,574,5,1,10,34,cyclic_2_1,cyclic_32_1,block_2_1,block_64_1,block_8_1,block_2_1,block_4_1,block_4_1,block_32_1,cyclic_4_1,block_2_1,cyclic_8_1,cyclic_8_1,cyclic_4_1,cyclic_2_1,unroll_32,unroll_4,pipeline_1,1,12.5,0.593905324698,False
workload_424.cpp,xczu7ev-ffvc1156-2-e,10,0.22294,1717,4,1,18,44,cyclic_2_1,cyclic_32_1,block_2_1,block_64_1,cyclic_64_1,block_2_1,cyclic_2_1,block_4_1,cyclic_4_1,cyclic_4_1,cyclic_64_1,cyclic_8_1,cyclic_8_1,cyclic_8_1,cyclic_4_1,unroll_64,unroll_4,pipeline_1,1,16.75,0.511225016282,False
workload_209.cpp,xczu7ev-ffvc1156-2-e,10,0.25316,622,4,1,11,42,cyclic_2_1,cyclic_32_1,block_2_1,cyclic_8_1,cyclic_64_1,block_2_1,cyclic_2_1,block_4_1,block_32_1,cyclic_4_1,block_2_1,cyclic_8_1,cyclic_8_1,block_8_1,cyclic_2_1,unroll_32,unroll_4,pipeline_1,1,14.5,0.542159282615,False
workload_511.cpp,xczu7ev-ffvc1156-2-e,10,0.00015,320,30,14,6,40,cyclic_2_1,cyclic_32_1,block_32_1,block_2_1,block_64_1,block_2_1,block_8_1,block_4_1,block_2_1,cyclic_4_1,block_2_1,block_32_1,cyclic_8_1,cyclic_2_1,cyclic_2_1,unroll_2,unroll_2,pipeline_1,1,22.5,0.447423266467,False
workload_431.cpp,xczu7ev-ffvc1156-2-e,10,0.00015,326,34,14,6,40,cyclic_2_1,cyclic_32_1,block_32_1,block_2_1,block_64_1,block_2_1,cyclic_8_1,block_4_1,block_32_1,cyclic_4_1,block_2_1,block_32_1,cyclic_8_1,cyclic_2_1,cyclic_2_1,unroll_2,unroll_2,pipeline_1,1,23.5,0.421993707386,False
workload_459.cpp,xczu7ev-ffvc1156-2-e,10,0.00015,384,35,14,8,45,cyclic_2_1,cyclic_32_1,block_32_1,block_8_1,block_128_1,block_2_1,block_8_1,block_4_1,block_32_1,cyclic_4_1,block_128_1,block_32_1,block_4_1,cyclic_2_1,cyclic_2_1,unroll_2,unroll_2,pipeline_1,1,25.5,0.374017284733,False
workload_272.cpp,xczu7ev-ffvc1156-2-e,10,0.2527,116,4,1,3,10,cyclic_2_1,cyclic_32_1,block_32_1,cyclic_64_1,block_128_1,block_2_1,cyclic_8_1,block_4_1,block_32_1,cyclic_4_1,block_2_1,block_32_1,cyclic_8_1,cyclic_2_1,cyclic_2_1,unroll_2,unroll_4,pipeline_1,1,4.5,0.780454403317,False
workload_346.cpp,xczu7ev-ffvc1156-2-e,10,0.22237,631,5,1,14,43,cyclic_2_1,cyclic_32_1,block_64_1,block_8_1,cyclic_128_1,cyclic_8_1,cyclic_4_1,cyclic_128_1,cyclic_128_1,cyclic_2_1,block_32_1,cyclic_4_1,cyclic_8_1,complete_1,cyclic_2_1,unroll_32,unroll_4,pipeline_1,1,15.75,0.532483728483,False
workload_291.cpp,xczu7ev-ffvc1156-2-e,10,0.22239,651,4,1,13,41,cyclic_2_1,cyclic_32_1,cyclic_32_1,block_8_1,cyclic_128_1,block_2_1,cyclic_4_1,cyclic_128_1,cyclic_128_1,block_8_1,block_32_1,block_32_1,cyclic_8_1,cyclic_4_1,cyclic_2_1,unroll_32,unroll_4,pipeline_1,1,14.75,0.552646647961,False
workload_465.cpp,xczu7ev-ffvc1156-2-e,10,0.00015,227,54,5,10,21,cyclic_2_1,cyclic_32_1,cyclic_32_1,cyclic_128_1,cyclic_64_1,cyclic_16_1,cyclic_4_1,cyclic_128_1,cyclic_128_1,block_8_1,block_8_1,block_32_1,cyclic_8_1,complete_1,complete_1,unroll_2,unroll_2,pipeline_1,1,22.5,0.447423266467,False
workload_423.cpp,xczu7ev-ffvc1156-2-e,10,0.00015,235,54,5,11,21,cyclic_2_1,cyclic_32_1,cyclic_32_1,cyclic_128_1,cyclic_64_1,cyclic_16_1,cyclic_4_1,cyclic_128_1,cyclic_128_1,cyclic_8_1,block_8_1,block_32_1,cyclic_8_1,complete_1,complete_1,unroll_2,unroll_2,pipeline_1,1,22.75,0.440975933347,False
workload_874.cpp,xczu7ev-ffvc1156-2-e,10,0.25238,97,4,1,2,5,cyclic_2_1,cyclic_32_1,cyclic_32_1,cyclic_4_1,cyclic_64_1,block_2_1,block_4_1,cyclic_4_1,block_32_1,block_8_1,block_32_1,cyclic_128_1,cyclic_2_1,complete_1,complete_1,unroll_2,unroll_4,pipeline_1,1,3,0.80825923591,False
workload_739.cpp,xczu7ev-ffvc1156-2-e,10,0.89974,94,5,1,1,4,cyclic_2_1,cyclic_32_1,cyclic_32_1,cyclic_4_1,cyclic_8_1,block_2_1,block_4_1,cyclic_16_1,block_2_1,block_8_1,block_16_1,block_32_1,cyclic_2_1,cyclic_4_1,cyclic_8_1,unroll_2,unroll_4,unroll_2,1,2.75,0.146783585849,False
workload_228.cpp,xczu7ev-ffvc1156-2-e,10,0.18727,155,31,10,16,18,cyclic_2_1,cyclic_32_1,cyclic_4_1,block_2_1,cyclic_64_1,block_64_1,block_4_1,block_64_1,block_2_1,cyclic_4_1,cyclic_4_1,cyclic_4_1,cyclic_4_1,cyclic_8_1,cyclic_8_1,pipeline_1,unroll_4,unroll_2,1,18.75,0.492289197592,False
workload_383.cpp,xczu7ev-ffvc1156-2-e,10,0.22293,1539,4,1,18,39,cyclic_2_1,cyclic_32_1,cyclic_4_1,block_64_1,cyclic_64_1,block_64_1,cyclic_2_1,block_2_1,block_32_1,cyclic_4_1,cyclic_64_1,cyclic_4_1,block_2_1,complete_1,cyclic_4_1,unroll_64,unroll_4,pipeline_1,1,15.5,0.537097976429,False
workload_421.cpp,xczu7ev-ffvc1156-2-e,10,0.22293,1578,4,1,18,40,cyclic_2_1,cyclic_32_1,cyclic_4_1,block_8_1,cyclic_64_1,block_64_1,cyclic_2_1,cyclic_4_1,block_2_1,cyclic_4_1,cyclic_64_1,block_32_1,cyclic_8_1,complete_1,cyclic_4_1,unroll_64,unroll_4,pipeline_1,1,15.75,0.531994431513,False
workload_200.cpp,xczu7ev-ffvc1156-2-e,10,0.18718,116,31,10,8,12,cyclic_2_1,cyclic_32_1,cyclic_4_1,cyclic_4_1,cyclic_64_1,cyclic_64_1,block_16_1,cyclic_128_1,cyclic_2_1,cyclic_32_1,block_128_1,block_128_1,block_2_1,complete_1,cyclic_8_1,pipeline_1,unroll_4,pipeline_1,1,15.25,0.573665895205,False
workload_345.cpp,xczu7ev-ffvc1156-2-e,10,0.18718,111,31,10,8,12,cyclic_2_1,cyclic_32_1,cyclic_4_1,cyclic_4_1,cyclic_64_1,cyclic_64_1,block_16_1,cyclic_128_1,cyclic_2_1,cyclic_8_1,block_128_1,cyclic_4_1,cyclic_8_1,complete_1,cyclic_8_1,pipeline_1,unroll_4,pipeline_1,1,15.25,0.573665895205,False
workload_305.cpp,xczu7ev-ffvc1156-2-e,10,0.24942,291,5,1,6,19,cyclic_2_1,cyclic_4_1,block_32_1,block_64_1,cyclic_8_1,cyclic_2_1,block_16_1,block_64_1,block_2_1,cyclic_64_1,cyclic_32_1,cyclic_4_1,block_2_1,complete_1,block_2_1,unroll_16,unroll_4,pipeline_1,1,7.75,0.717016442582,False
workload_311.cpp,xczu7ev-ffvc1156-2-e,10,0.2537,1389,4,1,16,29,cyclic_2_1,cyclic_4_1,block_32_1,cyclic_128_1,block_64_1,cyclic_2_1,block_32_1,cyclic_128_1,block_2_1,block_32_1,block_128_1,cyclic_4_1,block_8_1,complete_1,block_2_1,unroll_64,unroll_4,pipeline_1,1,12.5,0.593582654288,False
workload_275.cpp,xczu7ev-ffvc1156-2-e,10,0.2537,1397,4,1,16,29,cyclic_2_1,cyclic_4_1,block_32_1,cyclic_128_1,block_64_1,cyclic_2_1,block_32_1,cyclic_128_1,block_2_1,cyclic_64_1,block_128_1,cyclic_4_1,block_8_1,complete_1,block_2_1,unroll_64,unroll_4,pipeline_1,1,12.5,0.593582654288,False
workload_123.cpp,xczu7ev-ffvc1156-2-e,10,0.22229,1440,15,1,17,42,cyclic_2_1,cyclic_4_1,block_32_1,cyclic_128_1,cyclic_32_1,cyclic_8_1,cyclic_16_1,block_128_1,block_64_1,cyclic_128_1,cyclic_32_1,cyclic_4_1,complete_1,complete_1,cyclic_8_1,unroll_64,unroll_4,pipeline_1,1,18.75,0.469185107235,False
workload_444.cpp,xczu7ev-ffvc1156-2-e,10,0.2527,116,4,1,3,10,cyclic_2_1,cyclic_4_1,block_32_1,cyclic_4_1,block_128_1,block_2_1,cyclic_8_1,cyclic_128_1,block_2_1,block_8_1,block_32_1,block_32_1,cyclic_8_1,cyclic_2_1,cyclic_2_1,unroll_2,unroll_4,pipeline_1,1,4.5,0.780454403317,False
workload_294.cpp,xczu7ev-ffvc1156-2-e,10,0.2527,114,4,1,3,10,cyclic_2_1,cyclic_4_1,block_32_1,cyclic_64_1,block_128_1,block_2_1,cyclic_8_1,block_4_1,block_2_1,cyclic_4_1,block_2_1,block_32_1,cyclic_8_1,cyclic_2_1,cyclic_2_1,unroll_2,unroll_4,pipeline_1,1,4.5,0.780454403317,False
workload_364.cpp,xczu7ev-ffvc1156-2-e,10,0.25238,114,6,1,3,11,cyclic_2_1,cyclic_4_1,block_32_1,cyclic_64_1,block_128_1,cyclic_16_1,cyclic_8_1,block_4_1,block_2_1,block_8_1,block_2_1,block_32_1,cyclic_8_1,cyclic_2_1,complete_1,unroll_2,unroll_4,pipeline_1,1,5.25,0.767672267325,False
workload_445.cpp,xczu7ev-ffvc1156-2-e,10,0.25238,93,5,1,2,5,cyclic_2_1,cyclic_4_1,block_32_1,cyclic_64_1,cyclic_8_1,block_2_1,block_4_1,block_4_1,cyclic_128_1,cyclic_2_1,block_128_1,block_32_1,cyclic_8_1,complete_1,cyclic_8_1,unroll_2,unroll_4,pipeline_1,1,3.25,0.803943671673,False
workload_419.cpp,xczu7ev-ffvc1156-2-e,10,0.25238,101,5,1,2,6,cyclic_2_1,cyclic_4_1,block_64_1,block_8_1,cyclic_64_1,cyclic_8_1,block_32_1,block_2_1,cyclic_128_1,cyclic_2_1,block_32_1,block_64_1,block_8_1,cyclic_4_1,complete_1,unroll_2,unroll_4,pipeline_1,1,3.5,0.79951649827,False
workload_593.cpp,xczu7ev-ffvc1156-2-e,10,0.00015,866,25,9,23,33,cyclic_2_1,cyclic_4_1,cyclic_4_1,cyclic_8_1,block_64_1,cyclic_64_1,block_64_1,cyclic_4_1,block_2_1,block_4_1,block_128_1,block_32_1,cyclic_8_1,cyclic_2_1,cyclic_8_1,pipeline_1,unroll_2,unroll_2,1,22.5,0.447423266467,False
workload_879.cpp,xczu7ev-ffvc1156-2-e,10,0.22161,90,5,1,2,4,cyclic_2_1,cyclic_64_1,block_2_1,block_2_1,cyclic_2_1,block_2_1,block_64_1,block_4_1,cyclic_2_1,block_8_1,block_32_1,cyclic_4_1,cyclic_8_1,complete_1,complete_1,unroll_2,unroll_4,pipeline_1,1,3,1,True
workload_919.cpp,xczu7ev-ffvc1156-2-e,10,0.25238,93,4,1,1,4,cyclic_2_1,cyclic_64_1,block_2_1,block_2_1,cyclic_2_1,block_2_1,block_64_1,cyclic_2_1,block_32_1,block_8_1,block_32_1,cyclic_4_1,block_4_1,complete_1,complete_1,unroll_2,unroll_4,pipeline_1,1,2.5,1,True
workload_852.cpp,xczu7ev-ffvc1156-2-e,10,0.22161,91,5,1,2,4,cyclic_2_1,cyclic_64_1,block_2_1,block_2_1,cyclic_2_1,block_2_1,block_8_1,block_4_1,cyclic_2_1,block_8_1,block_32_1,cyclic_4_1,cyclic_8_1,complete_1,complete_1,unroll_2,unroll_4,pipeline_1,1,3,1,True
workload_823.cpp,xczu7ev-ffvc1156-2-e,10,0.25238,96,5,1,2,6,cyclic_2_1,cyclic_64_1,block_2_1,block_2_1,cyclic_64_1,cyclic_8_1,block_4_1,block_4_1,cyclic_2_1,block_8_1,block_32_1,cyclic_4_1,block_4_1,cyclic_2_1,complete_1,unroll_2,unroll_4,pipeline_1,1,3.5,0.79951649827,False
workload_908.cpp,xczu7ev-ffvc1156-2-e,10,0.89974,96,4,1,1,5,cyclic_2_1,cyclic_64_1,block_2_1,cyclic_4_1,cyclic_64_1,block_2_1,block_16_1,cyclic_4_1,block_64_1,block_8_1,block_32_1,cyclic_128_1,cyclic_2_1,complete_1,complete_1,unroll_2,unroll_4,unroll_2,1,2.75,0.146783585849,False
workload_721.cpp,xczu7ev-ffvc1156-2-e,10,0.25238,106,6,1,3,7,cyclic_2_1,cyclic_64_1,block_2_1,cyclic_64_1,cyclic_16_1,cyclic_64_1,block_16_1,cyclic_16_1,cyclic_2_1,block_8_1,block_32_1,cyclic_4_1,block_4_1,cyclic_2_1,complete_1,unroll_2,unroll_4,pipeline_1,1,4.25,0.78557457646,False
workload_789.cpp,xczu7ev-ffvc1156-2-e,10,0.22161,100,4,1,3,7,cyclic_2_1,cyclic_64_1,block_2_1,cyclic_64_1,cyclic_2_1,cyclic_64_1,block_16_1,cyclic_16_1,cyclic_2_1,block_8_1,block_32_1,cyclic_32_1,block_4_1,cyclic_2_1,complete_1,unroll_2,unroll_4,pipeline_1,1,3.75,0.829587412538,False
workload_681.cpp,xczu7ev-ffvc1156-2-e,10,0.22161,103,4,1,3,7,cyclic_2_1,cyclic_64_1,block_2_1,cyclic_64_1,cyclic_2_1,cyclic_64_1,block_16_1,cyclic_16_1,cyclic_2_1,block_8_1,block_32_1,cyclic_4_1,block_4_1,cyclic_2_1,complete_1,unroll_2,unroll_4,pipeline_1,1,3.75,0.829587412538,False
workload_591.cpp,xczu7ev-ffvc1156-2-e,10,0.18721,126,31,10,11,15,cyclic_2_1,cyclic_64_1,block_2_1,cyclic_64_1,cyclic_64_1,cyclic_128_1,block_4_1,cyclic_4_1,cyclic_2_1,cyclic_2_1,block_32_1,cyclic_128_1,block_8_1,complete_1,cyclic_8_1,pipeline_1,unroll_4,pipeline_1,1,16.75,0.539099259249,False
workload_673.cpp,xczu7ev-ffvc1156-2-e,10,0.25238,93,5,1,2,5,cyclic_2_1,cyclic_64_1,block_2_1,cyclic_64_1,cyclic_8_1,block_2_1,block_4_1,cyclic_128_1,cyclic_2_1,cyclic_8_1,block_128_1,block_32_1,cyclic_8_1,complete_1,cyclic_8_1,unroll_2,unroll_4,pipeline_1,1,3.25,0.803943671673,False
workload_785.cpp,xczu7ev-ffvc1156-2-e,10,0.90486,98,4,1,2,6,cyclic_2_1,cyclic_64_1,block_2_1,cyclic_8_1,cyclic_64_1,block_2_1,block_4_1,cyclic_4_1,block_4_1,cyclic_2_1,block_32_1,cyclic_128_1,cyclic_8_1,cyclic_4_1,cyclic_8_1,unroll_2,unroll_4,unroll_2,1,3.25,0.144655647452,False
workload_734.cpp,xczu7ev-ffvc1156-2-e,10,0.00015,333,31,14,8,39,cyclic_2_1,cyclic_64_1,block_32_1,block_2_1,cyclic_8_1,block_2_1,block_4_1,cyclic_4_1,cyclic_4_1,cyclic_8_1,block_128_1,cyclic_128_1,block_4_1,complete_1,cyclic_8_1,unroll_2,unroll_2,pipeline_1,1,23,0.434588543192,False
workload_142.cpp,xczu7ev-ffvc1156-2-e,10,0.25198,194,11,1,4,16,cyclic_2_1,cyclic_64_1,block_32_1,block_64_1,cyclic_32_1,block_16_1,block_16_1,block_128_1,block_16_1,block_32_1,block_4_1,cyclic_128_1,cyclic_8_1,block_8_1,cyclic_8_1,unroll_8,unroll_4,pipeline_1,1,8,0.7087895347,False
workload_600.cpp,xczu7ev-ffvc1156-2-e,10,0.22161,92,7,1,2,5,cyclic_2_1,cyclic_64_1,block_32_1,cyclic_4_1,cyclic_8_1,block_2_1,cyclic_8_1,cyclic_4_1,block_2_1,cyclic_2_1,block_32_1,cyclic_128_1,cyclic_4_1,complete_1,cyclic_8_1,unroll_2,unroll_4,pipeline_1,1,3.75,0.829587412538,False
workload_752.cpp,xczu7ev-ffvc1156-2-e,10,0.22161,91,7,1,2,5,cyclic_2_1,cyclic_64_1,block_32_1,cyclic_4_1,cyclic_8_1,block_2_1,cyclic_8_1,cyclic_4_1,block_32_1,block_8_1,block_32_1,cyclic_128_1,cyclic_8_1,complete_1,complete_1,unroll_2,unroll_4,pipeline_1,1,3.75,0.829587412538,False
workload_718.cpp,xczu7ev-ffvc1156-2-e,10,0.22161,92,7,1,2,5,cyclic_2_1,cyclic_64_1,block_32_1,cyclic_4_1,cyclic_8_1,block_2_1,cyclic_8_1,cyclic_4_1,block_32_1,cyclic_2_1,block_32_1,cyclic_128_1,cyclic_8_1,complete_1,complete_1,unroll_2,unroll_4,pipeline_1,1,3.75,0.829587412538,False
workload_846.cpp,xczu7ev-ffvc1156-2-e,10,0.22193,111,4,1,4,10,cyclic_2_1,cyclic_64_1,block_32_1,cyclic_64_1,block_64_1,block_64_1,block_64_1,cyclic_4_1,cyclic_2_1,block_8_1,block_32_1,cyclic_128_1,cyclic_4_1,cyclic_2_1,cyclic_8_1,unroll_2,unroll_4,pipeline_1,1,4.75,0.80944131529,False
workload_585.cpp,xczu7ev-ffvc1156-2-e,10,0.87409,101,5,1,2,7,cyclic_2_1,cyclic_64_1,block_32_1,cyclic_64_1,block_64_1,cyclic_8_1,block_8_1,cyclic_4_1,block_64_1,block_4_1,cyclic_4_1,cyclic_128_1,block_4_1,cyclic_2_1,block_8_1,unroll_2,unroll_4,unroll_2,1,3.75,0.15814882423,False
workload_539.cpp,xczu7ev-ffvc1156-2-e,10,0.2527,97,5,1,2,5,cyclic_2_1,cyclic_64_1,block_32_1,cyclic_64_1,cyclic_8_1,block_2_1,block_4_1,block_4_1,block_32_1,block_8_1,block_128_1,block_32_1,cyclic_8_1,cyclic_4_1,cyclic_8_1,unroll_2,unroll_4,pipeline_1,1,3.25,0.803679924695,False
workload_373.cpp,xczu7ev-ffvc1156-2-e,10,0.25238,96,5,1,2,5,cyclic_2_1,cyclic_64_1,block_32_1,cyclic_64_1,cyclic_8_1,block_2_1,block_4_1,block_4_1,block_32_1,cyclic_2_1,block_128_1,block_32_1,cyclic_8_1,complete_1,cyclic_8_1,unroll_2,unroll_4,pipeline_1,1,3.25,0.803943671673,False
workload_584.cpp,xczu7ev-ffvc1156-2-e,10,0.25238,94,5,1,2,5,cyclic_2_1,cyclic_64_1,block_32_1,cyclic_64_1,cyclic_8_1,block_2_1,block_4_1,cyclic_128_1,block_32_1,cyclic_2_1,block_128_1,block_32_1,cyclic_8_1,complete_1,cyclic_8_1,unroll_2,unroll_4,pipeline_1,1,3.25,0.803943671673,False
workload_407.cpp,xczu7ev-ffvc1156-2-e,10,0.25238,95,5,1,2,5,cyclic_2_1,cyclic_64_1,block_32_1,cyclic_64_1,cyclic_8_1,block_2_1,block_4_1,cyclic_4_1,block_2_1,cyclic_2_1,block_32_1,cyclic_128_1,cyclic_8_1,complete_1,cyclic_8_1,unroll_2,unroll_4,pipeline_1,1,3.25,0.803943671673,False
workload_514.cpp,xczu7ev-ffvc1156-2-e,10,0.25238,94,5,1,2,5,cyclic_2_1,cyclic_64_1,block_32_1,cyclic_64_1,cyclic_8_1,block_2_1,block_4_1,cyclic_4_1,block_4_1,cyclic_2_1,block_32_1,cyclic_128_1,cyclic_8_1,complete_1,cyclic_8_1,unroll_2,unroll_4,pipeline_1,1,3.25,0.803943671673,False
workload_652.cpp,xczu7ev-ffvc1156-2-e,10,0.25238,93,5,1,2,5,cyclic_2_1,cyclic_64_1,block_32_1,cyclic_64_1,cyclic_8_1,block_2_1,block_4_1,cyclic_4_1,cyclic_2_1,cyclic_2_1,block_32_1,cyclic_128_1,block_4_1,complete_1,cyclic_8_1,unroll_2,unroll_4,pipeline_1,1,3.25,0.803943671673,False
workload_872.cpp,xczu7ev-ffvc1156-2-e,10,0.22161,92,7,1,2,5,cyclic_2_1,cyclic_64_1,block_32_1,cyclic_64_1,cyclic_8_1,block_2_1,cyclic_8_1,cyclic_4_1,block_2_1,cyclic_2_1,block_32_1,cyclic_128_1,block_4_1,complete_1,complete_1,unroll_2,unroll_4,pipeline_1,1,3.75,0.829587412538,False
workload_457.cpp,xczu7ev-ffvc1156-2-e,10,0.22161,96,7,1,2,5,cyclic_2_1,cyclic_64_1,block_32_1,cyclic_64_1,cyclic_8_1,block_2_1,cyclic_8_1,cyclic_4_1,block_2_1,cyclic_2_1,block_32_1,cyclic_128_1,cyclic_8_1,complete_1,cyclic_8_1,unroll_2,unroll_4,pipeline_1,1,3.75,0.829587412538,False
workload_809.cpp,xczu7ev-ffvc1156-2-e,10,0.22161,91,7,1,2,5,cyclic_2_1,cyclic_64_1,block_32_1,cyclic_64_1,cyclic_8_1,block_2_1,cyclic_8_1,cyclic_4_1,block_2_1,cyclic_4_1,block_32_1,cyclic_64_1,cyclic_8_1,complete_1,cyclic_8_1,unroll_2,unroll_4,pipeline_1,1,3.75,0.829587412538,False
workload_489.cpp,xczu7ev-ffvc1156-2-e,10,0.00015,365,51,14,9,44,cyclic_2_1,cyclic_64_1,block_32_1,cyclic_64_1,cyclic_8_1,cyclic_64_1,block_4_1,cyclic_4_1,block_64_1,cyclic_2_1,block_128_1,block_32_1,cyclic_8_1,complete_1,cyclic_8_1,unroll_2,unroll_2,pipeline_1,1,29.5,0.28962919489,False
workload_944.cpp,xczu7ev-ffvc1156-2-e,10,0.25238,98,4,1,2,6,cyclic_2_1,cyclic_64_1,block_64_1,block_2_1,cyclic_64_1,block_2_1,block_64_1,cyclic_4_1,block_32_1,block_2_1,cyclic_32_1,block_128_1,block_4_1,cyclic_2_1,complete_1,unroll_2,unroll_4,pipeline_1,1,3.25,0.803943671673,False
workload_669.cpp,xczu7ev-ffvc1156-2-e,10,0.22161,93,7,1,2,5,cyclic_2_1,cyclic_64_1,block_64_1,block_2_1,cyclic_8_1,block_2_1,cyclic_8_1,block_4_1,block_32_1,cyclic_4_1,cyclic_4_1,cyclic_128_1,block_4_1,complete_1,complete_1,unroll_2,unroll_4,pipeline_1,1,3.75,0.829587412538,False
workload_691.cpp,xczu7ev-ffvc1156-2-e,10,0.22161,91,7,1,2,5,cyclic_2_1,cyclic_64_1,block_64_1,block_2_1,cyclic_8_1,block_2_1,cyclic_8_1,block_4_1,block_32_1,cyclic_4_1,cyclic_4_1,cyclic_128_1,block_4_1,complete_1,cyclic_8_1,unroll_2,unroll_4,pipeline_1,1,3.75,0.829587412538,False
workload_463.cpp,xczu7ev-ffvc1156-2-e,10,0.25238,98,5,1,2,6,cyclic_2_1,cyclic_64_1,block_64_1,block_8_1,cyclic_64_1,cyclic_8_1,block_32_1,block_2_1,block_32_1,cyclic_2_1,block_32_1,block_64_1,block_8_1,cyclic_4_1,complete_1,unroll_2,unroll_4,pipeline_1,1,3.5,0.79951649827,False
workload_689.cpp,xczu7ev-ffvc1156-2-e,10,0.2527,101,4,1,2,7,cyclic_2_1,cyclic_64_1,block_64_1,cyclic_64_1,block_64_1,block_2_1,block_4_1,cyclic_8_1,block_2_1,cyclic_4_1,block_2_1,block_32_1,cyclic_4_1,cyclic_2_1,cyclic_8_1,unroll_2,unroll_4,pipeline_1,1,3.5,0.799253908786,False
workload_529.cpp,xczu7ev-ffvc1156-2-e,10,0.25238,99,4,1,3,6,cyclic_2_1,cyclic_64_1,block_64_1,cyclic_64_1,cyclic_64_1,block_2_1,block_4_1,cyclic_4_1,cyclic_4_1,cyclic_2_1,block_32_1,cyclic_128_1,block_8_1,complete_1,cyclic_8_1,unroll_2,unroll_4,pipeline_1,1,3.5,0.79951649827,False
workload_840.cpp,xczu7ev-ffvc1156-2-e,10,0.25238,109,4,1,4,8,cyclic_2_1,cyclic_64_1,block_64_1,cyclic_64_1,cyclic_64_1,cyclic_64_1,block_16_1,cyclic_2_1,cyclic_8_1,block_2_1,block_32_1,cyclic_4_1,block_4_1,cyclic_2_1,complete_1,unroll_2,unroll_4,pipeline_1,1,4.25,0.78557457646,False
workload_503.cpp,xczu7ev-ffvc1156-2-e,10,0.25238,93,5,1,2,5,cyclic_2_1,cyclic_64_1,block_64_1,cyclic_64_1,cyclic_8_1,block_2_1,block_4_1,cyclic_4_1,block_2_1,cyclic_2_1,block_32_1,cyclic_128_1,block_8_1,complete_1,cyclic_8_1,unroll_2,unroll_4,pipeline_1,1,3.25,0.803943671673,False
workload_568.cpp,xczu7ev-ffvc1156-2-e,10,0.89974,97,5,1,1,4,cyclic_2_1,cyclic_64_1,block_64_1,cyclic_64_1,cyclic_8_1,block_2_1,block_4_1,cyclic_4_1,block_4_1,cyclic_2_1,block_32_1,cyclic_128_1,cyclic_8_1,cyclic_4_1,cyclic_8_1,unroll_2,unroll_4,unroll_2,1,2.75,0.146783585849,False
workload_659.cpp,xczu7ev-ffvc1156-2-e,10,0.2527,96,5,1,2,5,cyclic_2_1,cyclic_64_1,block_64_1,cyclic_64_1,cyclic_8_1,block_2_1,block_4_1,cyclic_4_1,block_4_1,cyclic_2_1,block_32_1,cyclic_128_1,cyclic_8_1,cyclic_8_1,cyclic_8_1,unroll_2,unroll_4,pipeline_1,1,3.25,0.803679924695,False
workload_737.cpp,xczu7ev-ffvc1156-2-e,10,0.89974,95,5,1,1,4,cyclic_2_1,cyclic_64_1,block_64_1,cyclic_64_1,cyclic_8_1,block_2_1,block_4_1,cyclic_8_1,block_4_1,cyclic_2_1,block_32_1,cyclic_4_1,cyclic_8_1,cyclic_4_1,cyclic_8_1,unroll_2,unroll_4,unroll_2,1,2.75,0.146783585849,False
workload_850.cpp,xczu7ev-ffvc1156-2-e,10,0.90486,94,7,1,1,4,cyclic_2_1,cyclic_64_1,block_8_1,cyclic_128_1,cyclic_16_1,block_2_1,block_4_1,cyclic_4_1,block_2_1,block_4_1,block_32_1,cyclic_128_1,cyclic_8_1,complete_1,complete_1,unroll_2,unroll_4,unroll_2,1,3.25,0.144655647452,False
workload_167.cpp,xczu7ev-ffvc1156-2-e,10,0.25198,270,6,1,5,24,cyclic_2_1,cyclic_64_1,block_8_1,cyclic_64_1,block_128_1,block_16_1,block_16_1,block_2_1,block_32_1,block_32_1,block_4_1,cyclic_128_1,cyclic_8_1,block_8_1,block_8_1,unroll_8,unroll_4,pipeline_1,1,9,0.684436383824,False
workload_368.cpp,xczu7ev-ffvc1156-2-e,10,0.2527,101,5,1,2,8,cyclic_2_1,cyclic_64_1,cyclic_128_1,block_64_1,block_64_1,cyclic_8_1,block_32_1,cyclic_4_1,block_2_1,block_8_1,block_32_1,block_16_1,cyclic_8_1,cyclic_2_1,cyclic_2_1,unroll_2,unroll_4,pipeline_1,1,4,0.790070464578,False
workload_282.cpp,xczu7ev-ffvc1156-2-e,10,0.00015,209,36,5,7,23,cyclic_2_1,cyclic_64_1,cyclic_32_1,block_8_1,block_64_1,cyclic_64_1,block_8_1,cyclic_4_1,block_2_1,block_16_1,block_32_1,block_32_1,cyclic_8_1,cyclic_4_1,complete_1,unroll_2,unroll_2,pipeline_1,1,17.75,0.581257820333,False
workload_614.cpp,xczu7ev-ffvc1156-2-e,10,0.90486,100,4,1,2,6,cyclic_2_1,cyclic_64_1,cyclic_32_1,cyclic_32_1,cyclic_64_1,block_2_1,block_4_1,cyclic_128_1,block_2_1,block_8_1,block_32_1,block_32_1,cyclic_8_1,cyclic_4_1,cyclic_8_1,unroll_2,unroll_4,unroll_2,1,3.25,0.144655647452,False
workload_649.cpp,xczu7ev-ffvc1156-2-e,10,0.90486,100,4,1,2,5,cyclic_2_1,cyclic_64_1,cyclic_32_1,cyclic_4_1,cyclic_64_1,block_2_1,block_2_1,cyclic_128_1,block_2_1,block_8_1,block_32_1,block_32_1,cyclic_2_1,cyclic_4_1,cyclic_8_1,unroll_2,unroll_4,unroll_2,1,3,0.144661734558,False
workload_703.cpp,xczu7ev-ffvc1156-2-e,10,0.25238,97,4,1,2,5,cyclic_2_1,cyclic_64_1,cyclic_32_1,cyclic_4_1,cyclic_64_1,block_2_1,block_4_1,cyclic_128_1,block_2_1,block_8_1,block_32_1,block_32_1,cyclic_2_1,complete_1,complete_1,unroll_2,unroll_4,pipeline_1,1,3,0.80825923591,False
workload_597.cpp,xczu7ev-ffvc1156-2-e,10,0.25238,97,4,1,2,6,cyclic_2_1,cyclic_64_1,cyclic_32_1,cyclic_4_1,cyclic_64_1,block_2_1,block_4_1,cyclic_128_1,block_2_1,block_8_1,block_32_1,block_32_1,cyclic_2_1,complete_1,cyclic_8_1,unroll_2,unroll_4,pipeline_1,1,3.25,0.803943671673,False
workload_484.cpp,xczu7ev-ffvc1156-2-e,10,0.2527,101,4,1,2,6,cyclic_2_1,cyclic_64_1,cyclic_32_1,cyclic_4_1,cyclic_64_1,block_2_1,block_4_1,cyclic_128_1,block_2_1,block_8_1,block_32_1,block_32_1,cyclic_2_1,cyclic_4_1,cyclic_8_1,unroll_2,unroll_4,pipeline_1,1,3.25,0.803679924695,False
workload_541.cpp,xczu7ev-ffvc1156-2-e,10,0.90486,99,4,1,2,5,cyclic_2_1,cyclic_64_1,cyclic_32_1,cyclic_4_1,cyclic_64_1,block_2_1,block_4_1,cyclic_128_1,block_2_1,block_8_1,block_32_1,block_32_1,cyclic_2_1,cyclic_4_1,cyclic_8_1,unroll_2,unroll_4,unroll_2,1,3,0.144661734558,False
workload_613.cpp,xczu7ev-ffvc1156-2-e,10,0.25238,98,4,1,2,6,cyclic_2_1,cyclic_64_1,cyclic_32_1,cyclic_4_1,cyclic_64_1,block_2_1,block_4_1,cyclic_128_1,block_2_1,block_8_1,block_32_1,cyclic_128_1,cyclic_4_1,complete_1,cyclic_8_1,unroll_2,unroll_4,pipeline_1,1,3.25,0.803943671673,False
workload_571.cpp,xczu7ev-ffvc1156-2-e,10,0.2527,101,4,1,2,6,cyclic_2_1,cyclic_64_1,cyclic_32_1,cyclic_4_1,cyclic_64_1,block_2_1,block_4_1,cyclic_128_1,cyclic_2_1,block_8_1,block_32_1,cyclic_4_1,cyclic_2_1,cyclic_4_1,cyclic_8_1,unroll_2,unroll_4,pipeline_1,1,3.25,0.803679924695,False
workload_542.cpp,xczu7ev-ffvc1156-2-e,10,0.15641,111,34,10,8,12,cyclic_2_1,cyclic_64_1,cyclic_32_1,cyclic_4_1,cyclic_64_1,block_2_1,block_4_1,cyclic_128_1,cyclic_2_1,block_8_1,cyclic_64_1,block_32_1,cyclic_4_1,cyclic_4_1,cyclic_8_1,pipeline_1,unroll_4,pipeline_1,1,16,0.579888970642,False
workload_760.cpp,xczu7ev-ffvc1156-2-e,10,0.89974,99,4,1,1,5,cyclic_2_1,cyclic_64_1,cyclic_32_1,cyclic_4_1,cyclic_64_1,block_2_1,block_4_1,cyclic_4_1,block_64_1,block_8_1,block_32_1,cyclic_128_1,cyclic_2_1,complete_1,complete_1,unroll_2,unroll_4,unroll_2,1,2.75,0.146783585849,False
workload_946.cpp,xczu7ev-ffvc1156-2-e,10,0.9023,99,4,1,1,5,cyclic_2_1,cyclic_64_1,cyclic_32_1,cyclic_4_1,cyclic_64_1,block_2_1,block_4_1,cyclic_4_1,cyclic_2_1,block_8_1,block_32_1,cyclic_128_1,cyclic_2_1,complete_1,cyclic_4_1,unroll_2,unroll_4,unroll_2,1,2.75,0.14571061672,False
workload_486.cpp,xczu7ev-ffvc1156-2-e,10,0.18718,108,34,10,7,11,cyclic_2_1,cyclic_64_1,cyclic_32_1,cyclic_4_1,cyclic_64_1,block_2_1,cyclic_8_1,cyclic_128_1,cyclic_2_1,block_8_1,block_2_1,block_32_1,cyclic_4_1,cyclic_2_1,cyclic_8_1,pipeline_1,unroll_4,pipeline_1,1,15.5,0.567979761684,False
workload_581.cpp,xczu7ev-ffvc1156-2-e,10,0.18718,111,31,10,8,12,cyclic_2_1,cyclic_64_1,cyclic_32_1,cyclic_4_1,cyclic_64_1,cyclic_64_1,block_4_1,block_4_1,cyclic_2_1,block_32_1,block_128_1,block_32_1,cyclic_4_1,cyclic_2_1,cyclic_8_1,pipeline_1,unroll_4,pipeline_1,1,15.25,0.573665895205,False
workload_638.cpp,xczu7ev-ffvc1156-2-e,10,0.18718,102,35,10,6,10,cyclic_2_1,cyclic_64_1,cyclic_32_1,cyclic_4_1,cyclic_8_1,block_2_1,block_4_1,cyclic_128_1,block_32_1,block_8_1,block_128_1,block_32_1,cyclic_4_1,complete_1,cyclic_8_1,pipeline_1,unroll_4,unroll_2,1,15.25,0.573665895205,False
workload_606.cpp,xczu7ev-ffvc1156-2-e,10,0.19048,144,11,3,5,13,cyclic_2_1,cyclic_64_1,cyclic_32_1,cyclic_64_1,block_64_1,block_2_1,block_4_1,cyclic_128_1,block_2_1,cyclic_4_1,block_2_1,block_32_1,cyclic_4_1,cyclic_4_1,cyclic_2_1,pipeline_1,unroll_4,pipeline_1,1,8,0.750294429116,False
workload_893.cpp,xczu7ev-ffvc1156-2-e,10,0.22161,101,4,1,3,7,cyclic_2_1,cyclic_64_1,cyclic_32_1,cyclic_64_1,cyclic_2_1,cyclic_64_1,block_4_1,cyclic_16_1,cyclic_2_1,block_8_1,block_32_1,cyclic_4_1,block_4_1,cyclic_2_1,complete_1,unroll_2,unroll_4,pipeline_1,1,3.75,0.829587412538,False
workload_803.cpp,xczu7ev-ffvc1156-2-e,10,0.25238,95,4,1,2,5,cyclic_2_1,cyclic_64_1,cyclic_32_1,cyclic_64_1,cyclic_64_1,block_2_1,block_4_1,block_4_1,block_64_1,block_8_1,block_32_1,cyclic_128_1,cyclic_2_1,complete_1,complete_1,unroll_2,unroll_4,pipeline_1,1,3,0.80825923591,False
workload_688.cpp,xczu7ev-ffvc1156-2-e,10,0.15641,104,36,10,6,10,cyclic_2_1,cyclic_64_1,cyclic_32_1,cyclic_64_1,cyclic_8_1,block_2_1,cyclic_8_1,cyclic_128_1,block_2_1,cyclic_2_1,block_32_1,cyclic_128_1,cyclic_2_1,complete_1,cyclic_8_1,pipeline_1,unroll_4,pipeline_1,1,15.5,0.592458722752,False
workload_586.cpp,xczu7ev-ffvc1156-2-e,10,0.25238,99,6,1,2,8,cyclic_2_1,cyclic_64_1,cyclic_4_1,block_2_1,block_64_1,cyclic_16_1,cyclic_8_1,cyclic_4_1,block_2_1,cyclic_4_1,block_32_1,block_32_1,cyclic_4_1,cyclic_2_1,complete_1,unroll_2,unroll_4,pipeline_1,1,4.25,0.78557457646,False
workload_266.cpp,xczu7ev-ffvc1156-2-e,10,0.22161,100,5,1,3,8,cyclic_2_1,cyclic_64_1,cyclic_4_1,block_2_1,block_64_1,cyclic_8_1,block_64_1,cyclic_4_1,block_2_1,block_8_1,block_32_1,block_128_1,block_4_1,cyclic_2_1,complete_1,unroll_2,unroll_4,pipeline_1,1,4.25,0.819907306491,False
workload_415.cpp,xczu7ev-ffvc1156-2-e,10,0.21865,328,5,1,8,27,cyclic_2_1,cyclic_64_1,cyclic_4_1,block_2_1,block_64_1,cyclic_8_1,block_64_1,cyclic_4_1,block_2_1,block_8_1,block_32_1,block_128_1,block_4_1,cyclic_4_1,complete_1,unroll_16,unroll_4,pipeline_1,1,10.25,0.67421087124,False
workload_512.cpp,xczu7ev-ffvc1156-2-e,10,0.22161,101,5,1,3,8,cyclic_2_1,cyclic_64_1,cyclic_4_1,block_2_1,block_64_1,cyclic_8_1,block_64_1,cyclic_4_1,block_2_1,block_8_1,block_32_1,block_128_1,cyclic_4_1,cyclic_2_1,complete_1,unroll_2,unroll_4,pipeline_1,1,4.25,0.819907306491,False
workload_700.cpp,xczu7ev-ffvc1156-2-e,10,0.00015,189,23,5,8,17,cyclic_2_1,cyclic_64_1,cyclic_4_1,block_2_1,cyclic_8_1,cyclic_8_1,block_4_1,cyclic_4_1,block_64_1,block_2_1,block_32_1,cyclic_128_1,block_4_1,complete_1,complete_1,unroll_2,unroll_2,pipeline_1,1,13.25,0.727573898309,False
workload_434.cpp,xczu7ev-ffvc1156-2-e,10,0.00015,201,32,5,5,20,cyclic_2_1,cyclic_64_1,cyclic_4_1,block_8_1,block_64_1,block_2_1,block_8_1,block_4_1,block_32_1,cyclic_4_1,block_128_1,block_32_1,block_4_1,cyclic_2_1,cyclic_2_1,unroll_2,unroll_2,pipeline_1,1,15.5,0.652090022048,False
workload_378.cpp,xczu7ev-ffvc1156-2-e,10,0.00015,192,22,5,7,20,cyclic_2_1,cyclic_64_1,cyclic_4_1,block_8_1,block_64_1,block_2_1,block_8_1,cyclic_4_1,block_2_1,cyclic_4_1,block_32_1,cyclic_128_1,block_4_1,cyclic_2_1,cyclic_2_1,unroll_2,unroll_2,pipeline_1,1,13.5,0.718962620012,False
workload_337.cpp,xczu7ev-ffvc1156-2-e,10,0.00015,195,25,5,7,20,cyclic_2_1,cyclic_64_1,cyclic_4_1,block_8_1,block_64_1,cyclic_16_1,block_8_1,cyclic_4_1,block_2_1,block_8_1,block_32_1,cyclic_128_1,block_4_1,cyclic_2_1,complete_1,unroll_2,unroll_2,pipeline_1,1,14.25,0.693461835206,False
workload_205.cpp,xczu7ev-ffvc1156-2-e,10,0.00015,210,23,5,8,21,cyclic_2_1,cyclic_64_1,cyclic_4_1,block_8_1,block_64_1,cyclic_64_1,block_8_1,cyclic_4_1,block_2_1,block_8_1,block_32_1,cyclic_128_1,block_4_1,cyclic_2_1,complete_1,unroll_2,unroll_2,pipeline_1,1,14.25,0.693461835206,False
workload_299.cpp,xczu7ev-ffvc1156-2-e,10,0.00015,216,48,5,7,21,cyclic_2_1,cyclic_64_1,cyclic_4_1,cyclic_128_1,block_64_1,cyclic_16_1,block_8_1,cyclic_32_1,block_2_1,block_8_1,block_32_1,cyclic_128_1,block_4_1,cyclic_2_1,complete_1,unroll_2,unroll_2,pipeline_1,1,20.25,0.508141003878,False
workload_88.cpp,xczu7ev-ffvc1156-2-e,10,0.00015,205,43,5,7,21,cyclic_2_1,cyclic_64_1,cyclic_4_1,cyclic_128_1,block_64_1,cyclic_16_1,block_8_1,cyclic_4_1,block_2_1,block_8_1,block_32_1,cyclic_128_1,block_4_1,cyclic_2_1,complete_1,unroll_2,unroll_2,pipeline_1,1,19,0.543959059006,False
workload_320.cpp,xczu7ev-ffvc1156-2-e,10,0.00015,214,41,5,8,22,cyclic_2_1,cyclic_64_1,cyclic_4_1,cyclic_128_1,block_64_1,cyclic_64_1,block_8_1,cyclic_4_1,block_2_1,block_8_1,block_32_1,cyclic_128_1,block_4_1,cyclic_2_1,complete_1,unroll_2,unroll_2,pipeline_1,1,19,0.543959059006,False
workload_553.cpp,xczu7ev-ffvc1156-2-e,10,0.22161,105,5,1,3,8,cyclic_2_1,cyclic_64_1,cyclic_4_1,cyclic_128_1,block_64_1,cyclic_8_1,block_64_1,cyclic_4_1,block_2_1,block_4_1,block_32_1,block_128_1,cyclic_4_1,cyclic_2_1,complete_1,unroll_2,unroll_4,pipeline_1,1,4.25,0.819907306491,False
workload_603.cpp,xczu7ev-ffvc1156-2-e,10,0.22193,104,5,1,3,9,cyclic_2_1,cyclic_64_1,cyclic_4_1,cyclic_128_1,block_64_1,cyclic_8_1,block_64_1,cyclic_4_1,block_2_1,block_8_1,block_32_1,block_128_1,block_4_1,cyclic_2_1,cyclic_8_1,unroll_2,unroll_4,pipeline_1,1,4.5,0.814605667883,False
workload_163.cpp,xczu7ev-ffvc1156-2-e,10,0.00015,242,95,24,20,29,cyclic_2_1,cyclic_64_1,cyclic_4_1,cyclic_128_1,cyclic_128_1,cyclic_16_1,block_64_1,block_2_1,cyclic_128_1,block_8_1,block_32_1,cyclic_128_1,block_4_1,cyclic_2_1,block_2_1,pipeline_1,unroll_2,pipeline_1,1,42,0.12568128789,False
workload_391.cpp,xczu7ev-ffvc1156-2-e,10,0.00015,201,52,5,6,20,cyclic_2_1,cyclic_64_1,cyclic_4_1,cyclic_128_1,cyclic_64_1,cyclic_16_1,block_8_1,cyclic_4_1,block_2_1,cyclic_32_1,block_8_1,block_32_1,cyclic_8_1,cyclic_2_1,complete_1,unroll_2,unroll_2,pipeline_1,1,20.75,0.494230186501,False
workload_929.cpp,xczu7ev-ffvc1156-2-e,10,0.89462,93,6,1,1,4,cyclic_2_1,cyclic_64_1,cyclic_4_1,cyclic_128_1,cyclic_8_1,block_2_1,block_64_1,cyclic_4_1,block_32_1,block_2_1,cyclic_4_1,cyclic_128_1,block_4_1,complete_1,complete_1,unroll_2,unroll_4,unroll_2,1,3,0.148979137603,False
workload_651.cpp,xczu7ev-ffvc1156-2-e,10,0.25238,118,4,1,3,10,cyclic_2_1,cyclic_64_1,cyclic_4_1,cyclic_4_1,block_128_1,block_2_1,block_4_1,block_4_1,block_32_1,cyclic_4_1,cyclic_4_1,block_128_1,cyclic_4_1,cyclic_4_1,complete_1,unroll_2,unroll_4,pipeline_1,1,4.5,0.780711772267,False
workload_451.cpp,xczu7ev-ffvc1156-2-e,10,0.00015,218,27,5,8,24,cyclic_2_1,cyclic_64_1,cyclic_4_1,cyclic_4_1,block_64_1,block_2_1,block_8_1,cyclic_128_1,block_2_1,cyclic_4_1,block_128_1,block_32_1,block_4_1,cyclic_2_1,cyclic_2_1,unroll_2,unroll_2,pipeline_1,1,16,0.635942508352,False
workload_289.cpp,xczu7ev-ffvc1156-2-e,10,0.96042,357,4,1,5,25,cyclic_2_1,cyclic_64_1,cyclic_4_1,cyclic_4_1,cyclic_64_1,block_64_1,block_4_1,block_64_1,block_2_1,block_4_1,block_32_1,cyclic_4_1,cyclic_4_1,complete_1,block_8_1,unroll_16,unroll_4,unroll_2,1,8.75,0.12164285277,False
workload_164.cpp,xczu7ev-ffvc1156-2-e,10,0.96042,360,4,1,5,25,cyclic_2_1,cyclic_64_1,cyclic_4_1,cyclic_4_1,cyclic_64_1,block_64_1,block_4_1,block_64_1,block_2_1,block_4_1,block_32_1,cyclic_4_1,cyclic_4_1,complete_1,cyclic_4_1,unroll_16,unroll_4,unroll_2,1,8.75,0.12164285277,False
workload_573.cpp,xczu7ev-ffvc1156-2-e,10,0.22193,101,4,1,3,8,cyclic_2_1,cyclic_64_1,cyclic_4_1,cyclic_64_1,block_64_1,block_2_1,block_64_1,cyclic_16_1,block_32_1,cyclic_4_1,block_2_1,block_32_1,cyclic_4_1,cyclic_2_1,cyclic_2_1,unroll_2,unroll_4,pipeline_1,1,4,0.824546784766,False
workload_479.cpp,xczu7ev-ffvc1156-2-e,10,0.2527,97,4,1,2,7,cyclic_2_1,cyclic_64_1,cyclic_4_1,cyclic_64_1,block_64_1,block_2_1,cyclic_8_1,block_4_1,block_32_1,cyclic_4_1,block_2_1,block_32_1,cyclic_8_1,cyclic_2_1,cyclic_2_1,unroll_2,unroll_4,pipeline_1,1,3.5,0.799253908786,False
workload_716.cpp,xczu7ev-ffvc1156-2-e,10,0.15971,145,11,3,6,14,cyclic_2_1,cyclic_64_1,cyclic_4_1,cyclic_8_1,block_64_1,block_2_1,block_64_1,cyclic_128_1,cyclic_2_1,cyclic_4_1,block_2_1,cyclic_4_1,cyclic_4_1,cyclic_2_1,cyclic_2_1,pipeline_1,unroll_4,pipeline_1,1,8.5,0.755187573117,False
workload_862.cpp,xczu7ev-ffvc1156-2-e,10,0.00015,215,43,1,3,22,cyclic_2_1,cyclic_64_1,cyclic_64_1,block_16_1,block_64_1,cyclic_8_1,block_8_1,cyclic_4_1,block_2_1,block_8_1,cyclic_32_1,cyclic_32_1,cyclic_8_1,cyclic_2_1,complete_1,unroll_2,unroll_2,unroll_2,1,17.25,0.5965896577,False
workload_899.cpp,xczu7ev-ffvc1156-2-e,10,0.00015,203,43,1,2,20,cyclic_2_1,cyclic_64_1,cyclic_64_1,block_16_1,cyclic_2_1,cyclic_8_1,block_8_1,cyclic_4_1,block_2_1,block_8_1,cyclic_32_1,cyclic_32_1,cyclic_8_1,cyclic_2_1,complete_1,unroll_2,unroll_2,unroll_2,1,16.5,0.620026596888,False
workload_837.cpp,xczu7ev-ffvc1156-2-e,10,0.00015,203,48,1,2,21,cyclic_2_1,cyclic_64_1,cyclic_64_1,block_16_1,cyclic_2_1,cyclic_8_1,block_8_1,cyclic_4_1,block_32_1,block_8_1,cyclic_32_1,cyclic_32_1,cyclic_8_1,cyclic_2_1,complete_1,unroll_2,unroll_2,unroll_2,1,18,0.573680071925,False
workload_151.cpp,xczu7ev-ffvc1156-2-e,10,0.24946,334,9,1,7,26,cyclic_2_1,cyclic_64_1,cyclic_64_1,block_2_1,cyclic_64_1,cyclic_32_1,block_32_1,block_64_1,block_2_1,block_4_1,cyclic_4_1,block_128_1,block_8_1,cyclic_4_1,cyclic_4_1,unroll_16,unroll_4,pipeline_1,1,10.75,0.641774040269,False
workload_750.cpp,xczu7ev-ffvc1156-2-e,10,0.87409,102,5,1,2,7,cyclic_2_1,cyclic_64_1,cyclic_64_1,block_8_1,block_64_1,cyclic_8_1,block_64_1,cyclic_4_1,cyclic_2_1,block_4_1,block_32_1,cyclic_4_1,block_4_1,cyclic_2_1,cyclic_4_1,unroll_2,unroll_4,unroll_2,1,3.75,0.15814882423,False
workload_16.cpp,xczu7ev-ffvc1156-2-e,10,0.24946,341,9,1,7,26,cyclic_2_1,cyclic_64_1,cyclic_64_1,cyclic_128_1,cyclic_64_1,cyclic_32_1,block_32_1,block_64_1,block_2_1,block_4_1,block_32_1,cyclic_128_1,block_8_1,cyclic_4_1,cyclic_4_1,unroll_16,unroll_4,pipeline_1,1,10.75,0.641774040269,False
workload_42.cpp,xczu7ev-ffvc1156-2-e,10,0.24946,352,9,1,7,26,cyclic_2_1,cyclic_64_1,cyclic_64_1,cyclic_128_1,cyclic_64_1,cyclic_32_1,block_32_1,block_64_1,block_64_1,block_4_1,block_32_1,cyclic_128_1,block_8_1,cyclic_4_1,cyclic_4_1,unroll_16,unroll_4,pipeline_1,1,10.75,0.641774040269,False
workload_957.cpp,xczu7ev-ffvc1156-2-e,10,0.54646,88,5,1,1,3,cyclic_2_1,cyclic_64_1,cyclic_64_1,cyclic_64_1,cyclic_2_1,block_2_1,block_16_1,cyclic_4_1,block_64_1,block_8_1,block_128_1,cyclic_4_1,block_4_1,complete_1,complete_1,unroll_2,unroll_4,unroll_2,1,2.5,0.41405208779,False
workload_473.cpp,xczu7ev-ffvc1156-2-e,10,0.2527,100,5,1,2,8,cyclic_2_1,cyclic_64_1,cyclic_8_1,block_2_1,block_64_1,cyclic_8_1,block_16_1,cyclic_4_1,block_2_1,block_8_1,block_32_1,block_128_1,block_4_1,cyclic_8_1,block_8_1,unroll_2,unroll_4,pipeline_1,1,4,0.790070464578,False
workload_678.cpp,xczu7ev-ffvc1156-2-e,10,0.9023,95,8,1,1,4,cyclic_2_1,cyclic_64_1,cyclic_8_1,block_2_1,cyclic_16_1,cyclic_8_1,block_8_1,cyclic_4_1,cyclic_2_1,block_4_1,cyclic_64_1,cyclic_4_1,cyclic_4_1,cyclic_2_1,complete_1,unroll_2,unroll_4,unroll_2,1,3.5,0.145692018696,False
workload_814.cpp,xczu7ev-ffvc1156-2-e,10,0.9279,93,6,1,1,4,cyclic_2_1,cyclic_64_1,cyclic_8_1,cyclic_128_1,cyclic_8_1,cyclic_8_1,block_4_1,cyclic_4_1,cyclic_2_1,block_4_1,block_32_1,cyclic_128_1,block_4_1,complete_1,cyclic_8_1,unroll_2,unroll_4,unroll_2,1,3,0.135675707624,False
workload_913.cpp,xczu7ev-ffvc1156-2-e,10,0.93046,91,6,1,1,4,cyclic_2_1,cyclic_64_1,cyclic_8_1,cyclic_128_1,cyclic_8_1,cyclic_8_1,block_4_1,cyclic_4_1,cyclic_2_1,block_4_1,block_32_1,cyclic_4_1,block_4_1,block_8_1,cyclic_8_1,unroll_2,unroll_4,unroll_2,1,3,0.134739494762,False
workload_416.cpp,xczu7ev-ffvc1156-2-e,10,0.24946,392,5,1,9,33,cyclic_2_1,cyclic_8_1,block_2_1,block_64_1,cyclic_8_1,cyclic_128_1,block_8_1,block_64_1,block_2_1,block_8_1,block_2_1,block_32_1,cyclic_8_1,cyclic_4_1,cyclic_2_1,unroll_16,unroll_4,pipeline_1,1,12,0.609173966779,False
workload_372.cpp,xczu7ev-ffvc1156-2-e,10,0.24946,416,4,1,10,37,cyclic_2_1,cyclic_8_1,block_2_1,block_8_1,cyclic_64_1,cyclic_128_1,block_8_1,block_32_1,block_2_1,block_8_1,block_2_1,block_32_1,cyclic_8_1,cyclic_4_1,cyclic_2_1,unroll_16,unroll_4,pipeline_1,1,13,0.583003978569,False
workload_706.cpp,xczu7ev-ffvc1156-2-e,10,0.00015,327,22,10,6,37,cyclic_2_1,cyclic_8_1,block_32_1,block_8_1,block_64_1,block_2_1,block_8_1,cyclic_4_1,block_2_1,cyclic_2_1,cyclic_4_1,cyclic_128_1,block_4_1,cyclic_2_1,cyclic_8_1,unroll_2,unroll_2,unroll_2,1,18.75,0.551300646647,False
workload_540.cpp,xczu7ev-ffvc1156-2-e,10,0.2527,109,4,1,4,8,cyclic_2_1,cyclic_8_1,block_32_1,block_8_1,cyclic_64_1,cyclic_64_1,cyclic_8_1,block_2_1,block_32_1,block_16_1,block_2_1,cyclic_4_1,cyclic_4_1,cyclic_8_1,cyclic_4_1,unroll_2,unroll_4,pipeline_1,1,4.25,0.785315685626,False
workload_229.cpp,xczu7ev-ffvc1156-2-e,10,0.25371,1493,4,1,17,31,cyclic_2_1,cyclic_8_1,block_32_1,cyclic_16_1,block_64_1,block_128_1,cyclic_8_1,cyclic_64_1,block_2_1,cyclic_4_1,cyclic_32_1,block_16_1,cyclic_4_1,cyclic_2_1,cyclic_8_1,unroll_64,unroll_4,pipeline_1,1,13.25,0.574123893532,False
workload_243.cpp,xczu7ev-ffvc1156-2-e,10,0.18718,108,33,10,7,11,cyclic_2_1,cyclic_8_1,block_64_1,cyclic_4_1,cyclic_64_1,cyclic_8_1,block_2_1,cyclic_128_1,cyclic_4_1,cyclic_2_1,block_32_1,cyclic_4_1,cyclic_4_1,complete_1,cyclic_8_1,pipeline_1,unroll_4,pipeline_1,1,15.25,0.573665895205,False
workload_343.cpp,xczu7ev-ffvc1156-2-e,10,0.25198,285,4,1,7,26,cyclic_2_1,cyclic_8_1,block_8_1,block_64_1,block_128_1,cyclic_64_1,block_4_1,block_64_1,cyclic_2_1,block_8_1,block_32_1,block_32_1,block_4_1,cyclic_4_1,block_2_1,unroll_8,unroll_4,pipeline_1,1,9.5,0.67193662991,False
workload_433.cpp,xczu7ev-ffvc1156-2-e,10,0.25198,194,6,1,4,15,cyclic_2_1,cyclic_8_1,block_8_1,block_64_1,cyclic_64_1,cyclic_16_1,block_4_1,block_64_1,cyclic_2_1,block_8_1,block_32_1,block_32_1,block_4_1,cyclic_4_1,block_2_1,unroll_8,unroll_4,pipeline_1,1,6.5,0.742991682996,False
workload_204.cpp,xczu7ev-ffvc1156-2-e,10,0.25222,134,5,1,4,10,cyclic_2_1,cyclic_8_1,block_8_1,cyclic_128_1,block_8_1,cyclic_64_1,block_16_1,block_2_1,cyclic_128_1,cyclic_4_1,cyclic_2_1,block_32_1,block_4_1,cyclic_4_1,block_2_1,unroll_4,unroll_4,pipeline_1,1,5,0.772334197481,False
workload_192.cpp,xczu7ev-ffvc1156-2-e,10,0.24946,330,9,1,7,25,cyclic_2_1,cyclic_8_1,cyclic_128_1,block_2_1,cyclic_64_1,cyclic_32_1,cyclic_4_1,block_64_1,block_2_1,block_8_1,cyclic_4_1,block_128_1,block_4_1,cyclic_4_1,cyclic_4_1,unroll_16,unroll_4,pipeline_1,1,10.5,0.648248075114,False
workload_254.cpp,xczu7ev-ffvc1156-2-e,10,0.25238,99,5,1,2,6,cyclic_2_1,cyclic_8_1,cyclic_128_1,cyclic_8_1,cyclic_64_1,cyclic_8_1,block_4_1,block_64_1,block_32_1,block_8_1,block_128_1,cyclic_128_1,cyclic_4_1,cyclic_8_1,complete_1,unroll_2,unroll_4,pipeline_1,1,3.5,0.79951649827,False
workload_464.cpp,xczu7ev-ffvc1156-2-e,10,0.00015,210,24,5,8,22,cyclic_2_1,cyclic_8_1,cyclic_32_1,block_2_1,cyclic_64_1,cyclic_64_1,block_8_1,block_128_1,block_2_1,block_8_1,block_32_1,block_32_1,cyclic_8_1,cyclic_2_1,complete_1,unroll_2,unroll_2,pipeline_1,1,14.75,0.676742285957,False
workload_286.cpp,xczu7ev-ffvc1156-2-e,10,0.2527,108,4,1,4,10,cyclic_2_1,cyclic_8_1,cyclic_32_1,block_64_1,block_64_1,cyclic_64_1,block_4_1,cyclic_4_1,cyclic_2_1,block_8_1,block_8_1,block_32_1,block_4_1,cyclic_4_1,block_2_1,unroll_2,unroll_4,pipeline_1,1,4.75,0.775932001718,False
workload_428.cpp,xczu7ev-ffvc1156-2-e,10,0.25238,108,4,1,4,9,cyclic_2_1,cyclic_8_1,cyclic_32_1,block_64_1,block_64_1,cyclic_64_1,block_8_1,block_2_1,block_32_1,block_8_1,block_8_1,cyclic_4_1,block_2_1,cyclic_4_1,complete_1,unroll_2,unroll_4,pipeline_1,1,4.5,0.780711772267,False
workload_441.cpp,xczu7ev-ffvc1156-2-e,10,0.25238,109,4,1,4,9,cyclic_2_1,cyclic_8_1,cyclic_32_1,block_64_1,block_64_1,cyclic_64_1,block_8_1,block_2_1,block_32_1,cyclic_8_1,block_8_1,cyclic_4_1,block_2_1,cyclic_4_1,complete_1,unroll_2,unroll_4,pipeline_1,1,4.5,0.780711772267,False
workload_169.cpp,xczu7ev-ffvc1156-2-e,10,0.24946,368,4,1,9,29,cyclic_2_1,cyclic_8_1,cyclic_32_1,block_64_1,cyclic_64_1,cyclic_64_1,block_4_1,block_64_1,cyclic_2_1,block_8_1,block_32_1,block_32_1,block_4_1,cyclic_4_1,block_2_1,unroll_16,unroll_4,pipeline_1,1,10.75,0.641774040269,False
workload_406.cpp,xczu7ev-ffvc1156-2-e,10,0.25222,146,4,1,5,14,cyclic_2_1,cyclic_8_1,cyclic_32_1,block_8_1,block_64_1,cyclic_64_1,block_2_1,block_2_1,block_2_1,block_8_1,block_8_1,block_32_1,cyclic_8_1,cyclic_4_1,block_2_1,unroll_4,unroll_4,pipeline_1,1,6,0.753259315652,False
workload_438.cpp,xczu7ev-ffvc1156-2-e,10,0.25238,106,4,1,4,10,cyclic_2_1,cyclic_8_1,cyclic_32_1,block_8_1,block_64_1,cyclic_64_1,block_8_1,block_32_1,block_2_1,block_8_1,block_8_1,block_32_1,cyclic_8_1,cyclic_4_1,complete_1,unroll_2,unroll_4,pipeline_1,1,4.75,0.776344913681,False
workload_409.cpp,xczu7ev-ffvc1156-2-e,10,0.25238,109,4,1,4,10,cyclic_2_1,cyclic_8_1,cyclic_32_1,block_8_1,block_64_1,cyclic_64_1,block_8_1,cyclic_128_1,block_2_1,block_8_1,block_32_1,block_16_1,block_8_1,cyclic_4_1,complete_1,unroll_2,unroll_4,pipeline_1,1,4.75,0.776344913681,False
workload_341.cpp,xczu7ev-ffvc1156-2-e,10,0.25238,111,4,1,4,10,cyclic_2_1,cyclic_8_1,cyclic_32_1,block_8_1,block_64_1,cyclic_64_1,block_8_1,cyclic_2_1,block_2_1,block_8_1,block_8_1,block_32_1,block_8_1,cyclic_4_1,complete_1,unroll_2,unroll_4,pipeline_1,1,4.75,0.776344913681,False
workload_183.cpp,xczu7ev-ffvc1156-2-e,10,0.25238,106,4,1,4,10,cyclic_2_1,cyclic_8_1,cyclic_32_1,block_8_1,block_64_1,cyclic_64_1,block_8_1,cyclic_4_1,block_2_1,block_8_1,block_8_1,block_32_1,cyclic_8_1,cyclic_4_1,complete_1,unroll_2,unroll_4,pipeline_1,1,4.75,0.776344913681,False
workload_140.cpp,xczu7ev-ffvc1156-2-e,10,0.15641,121,31,10,11,15,cyclic_2_1,cyclic_8_1,cyclic_32_1,block_8_1,cyclic_128_1,cyclic_64_1,block_64_1,block_2_1,cyclic_128_1,block_8_1,block_8_1,block_32_1,cyclic_8_1,cyclic_4_1,block_2_1,pipeline_1,unroll_4,pipeline_1,1,16.75,0.560937775348,False
workload_376.cpp,xczu7ev-ffvc1156-2-e,10,0.00015,324,22,5,12,30,cyclic_2_1,cyclic_8_1,cyclic_32_1,block_8_1,cyclic_128_1,cyclic_64_1,cyclic_8_1,block_2_1,cyclic_128_1,block_8_1,block_128_1,cyclic_4_1,block_4_1,cyclic_4_1,block_2_1,unroll_4,unroll_2,pipeline_1,1,17.25,0.5965896577,False
workload_408.cpp,xczu7ev-ffvc1156-2-e,10,0.25238,106,4,1,4,8,cyclic_2_1,cyclic_8_1,cyclic_32_1,block_8_1,cyclic_64_1,cyclic_64_1,block_8_1,block_32_1,block_2_1,block_8_1,block_32_1,block_32_1,cyclic_8_1,cyclic_2_1,complete_1,unroll_2,unroll_4,pipeline_1,1,4.25,0.78557457646,False
workload_314.cpp,xczu7ev-ffvc1156-2-e,10,0.24942,363,4,1,9,29,cyclic_2_1,cyclic_8_1,cyclic_32_1,block_8_1,cyclic_64_1,cyclic_64_1,block_8_1,block_32_1,block_2_1,block_8_1,block_32_1,block_32_1,cyclic_8_1,cyclic_4_1,complete_1,unroll_16,unroll_4,pipeline_1,1,10.75,0.64180124936,False
workload_338.cpp,xczu7ev-ffvc1156-2-e,10,0.24942,366,4,1,9,29,cyclic_2_1,cyclic_8_1,cyclic_32_1,block_8_1,cyclic_64_1,cyclic_64_1,block_8_1,cyclic_128_1,block_2_1,block_8_1,block_32_1,block_32_1,cyclic_8_1,cyclic_4_1,complete_1,unroll_16,unroll_4,pipeline_1,1,10.75,0.64180124936,False
workload_435.cpp,xczu7ev-ffvc1156-2-e,10,0.24942,367,4,1,9,29,cyclic_2_1,cyclic_8_1,cyclic_32_1,block_8_1,cyclic_64_1,cyclic_64_1,block_8_1,cyclic_2_1,block_2_1,block_8_1,block_8_1,block_32_1,cyclic_8_1,cyclic_4_1,complete_1,unroll_16,unroll_4,pipeline_1,1,10.75,0.64180124936,False
workload_452.cpp,xczu7ev-ffvc1156-2-e,10,0.25222,140,4,1,5,11,cyclic_2_1,cyclic_8_1,cyclic_32_1,block_8_1,cyclic_64_1,cyclic_64_1,cyclic_4_1,block_2_1,cyclic_128_1,cyclic_8_1,block_32_1,block_32_1,block_4_1,cyclic_4_1,block_2_1,unroll_4,unroll_4,pipeline_1,1,5.25,0.767863866579,False
workload_370.cpp,xczu7ev-ffvc1156-2-e,10,0.24942,365,4,1,9,29,cyclic_2_1,cyclic_8_1,cyclic_32_1,block_8_1,cyclic_64_1,cyclic_64_1,cyclic_4_1,cyclic_128_1,cyclic_2_1,block_8_1,block_128_1,cyclic_8_1,cyclic_8_1,cyclic_4_1,complete_1,unroll_16,unroll_4,pipeline_1,1,10.75,0.64180124936,False
workload_417.cpp,xczu7ev-ffvc1156-2-e,10,0.24945,308,6,1,7,23,cyclic_2_1,cyclic_8_1,cyclic_32_1,block_8_1,cyclic_64_1,cyclic_8_1,cyclic_4_1,cyclic_128_1,cyclic_2_1,block_8_1,block_128_1,cyclic_8_1,cyclic_8_1,complete_1,complete_1,unroll_16,unroll_4,pipeline_1,1,9.25,0.680194697382,False
workload_410.cpp,xczu7ev-ffvc1156-2-e,10,0.00015,215,46,5,8,22,cyclic_2_1,cyclic_8_1,cyclic_32_1,cyclic_128_1,block_128_1,cyclic_64_1,block_8_1,cyclic_4_1,block_2_1,cyclic_8_1,block_8_1,block_32_1,cyclic_8_1,complete_1,complete_1,unroll_2,unroll_2,pipeline_1,1,20.25,0.508141003878,False
workload_215.cpp,xczu7ev-ffvc1156-2-e,10,0.25238,102,6,1,2,8,cyclic_2_1,cyclic_8_1,cyclic_32_1,cyclic_128_1,block_64_1,cyclic_16_1,block_8_1,cyclic_4_1,block_2_1,block_8_1,block_8_1,block_32_1,cyclic_8_1,cyclic_4_1,complete_1,unroll_2,unroll_4,pipeline_1,1,4.25,0.78557457646,False
workload_267.cpp,xczu7ev-ffvc1156-2-e,10,0.00015,182,48,5,6,16,cyclic_2_1,cyclic_8_1,cyclic_32_1,cyclic_128_1,cyclic_64_1,cyclic_16_1,block_8_1,cyclic_4_1,block_2_1,cyclic_8_1,block_8_1,block_32_1,cyclic_8_1,complete_1,complete_1,unroll_2,unroll_2,pipeline_1,1,18.75,0.551300646647,False
workload_327.cpp,xczu7ev-ffvc1156-2-e,10,0.25238,98,6,1,3,6,cyclic_2_1,cyclic_8_1,cyclic_32_1,cyclic_128_1,cyclic_64_1,cyclic_16_1,block_8_1,cyclic_4_1,cyclic_2_1,cyclic_8_1,block_8_1,block_32_1,cyclic_8_1,complete_1,cyclic_8_1,unroll_2,unroll_4,pipeline_1,1,4,0.790330713004,False
workload_490.cpp,xczu7ev-ffvc1156-2-e,10,0.00015,185,53,5,6,17,cyclic_2_1,cyclic_8_1,cyclic_32_1,cyclic_128_1,cyclic_64_1,cyclic_16_1,cyclic_8_1,cyclic_4_1,block_32_1,cyclic_8_1,block_8_1,block_32_1,cyclic_8_1,complete_1,complete_1,unroll_2,unroll_2,pipeline_1,1,20.25,0.508141003878,False
workload_365.cpp,xczu7ev-ffvc1156-2-e,10,0.25238,107,4,1,4,10,cyclic_2_1,cyclic_8_1,cyclic_32_1,cyclic_4_1,block_64_1,cyclic_64_1,block_8_1,cyclic_4_1,block_2_1,block_8_1,block_8_1,block_32_1,cyclic_8_1,cyclic_4_1,complete_1,unroll_2,unroll_4,pipeline_1,1,4.75,0.776344913681,False
workload_355.cpp,xczu7ev-ffvc1156-2-e,10,0.15641,122,31,10,11,15,cyclic_2_1,cyclic_8_1,cyclic_32_1,cyclic_4_1,cyclic_128_1,cyclic_64_1,cyclic_4_1,cyclic_128_1,cyclic_128_1,cyclic_2_1,block_32_1,cyclic_8_1,block_4_1,complete_1,block_2_1,pipeline_1,unroll_4,pipeline_1,1,16.75,0.560937775348,False
workload_831.cpp,xczu7ev-ffvc1156-2-e,10,0.25238,97,4,1,2,6,cyclic_2_1,cyclic_8_1,cyclic_32_1,cyclic_4_1,cyclic_64_1,block_2_1,block_8_1,cyclic_128_1,block_2_1,block_8_1,block_32_1,block_32_1,cyclic_2_1,cyclic_2_1,complete_1,unroll_2,unroll_4,pipeline_1,1,3.25,0.803943671673,False
workload_221.cpp,xczu7ev-ffvc1156-2-e,10,0.00015,367,43,21,34,38,cyclic_2_1,cyclic_8_1,cyclic_32_1,cyclic_4_1,cyclic_64_1,block_64_1,block_2_1,block_64_1,cyclic_2_1,cyclic_2_1,block_128_1,cyclic_4_1,cyclic_8_1,complete_1,cyclic_8_1,pipeline_1,unroll_2,pipeline_1,1,34,0.213174471212,False
workload_436.cpp,xczu7ev-ffvc1156-2-e,10,0.2519,217,4,1,6,19,cyclic_2_1,cyclic_8_1,cyclic_32_1,cyclic_4_1,cyclic_64_1,cyclic_64_1,block_8_1,cyclic_2_1,block_2_1,block_8_1,block_32_1,block_32_1,cyclic_8_1,cyclic_4_1,complete_1,unroll_8,unroll_4,pipeline_1,1,7.5,0.720629015166,False
workload_811.cpp,xczu7ev-ffvc1156-2-e,10,0.00015,189,20,1,5,15,cyclic_2_1,cyclic_8_1,cyclic_4_1,block_2_1,cyclic_8_1,cyclic_32_1,cyclic_8_1,cyclic_4_1,block_64_1,block_2_1,cyclic_2_1,cyclic_128_1,block_4_1,complete_1,cyclic_4_1,unroll_2,unroll_2,unroll_2,1,10.25,0.835004617697,False
workload_384.cpp,xczu7ev-ffvc1156-2-e,10,0.00015,718,52,21,28,29,cyclic_2_1,cyclic_8_1,cyclic_4_1,block_32_1,cyclic_64_1,cyclic_64_1,block_4_1,cyclic_128_1,cyclic_4_1,cyclic_2_1,block_128_1,cyclic_4_1,cyclic_8_1,complete_1,cyclic_8_1,pipeline_1,unroll_2,pipeline_1,1,32.5,0.236482309116,False
workload_258.cpp,xczu7ev-ffvc1156-2-e,10,0.18727,152,31,10,16,18,cyclic_2_1,cyclic_8_1,cyclic_4_1,block_64_1,cyclic_64_1,block_64_1,block_4_1,block_64_1,block_2_1,cyclic_4_1,block_32_1,cyclic_4_1,block_4_1,complete_1,block_2_1,pipeline_1,unroll_4,pipeline_1,1,18.75,0.492289197592,False
workload_572.cpp,xczu7ev-ffvc1156-2-e,10,0.2527,109,4,1,3,8,cyclic_2_1,cyclic_8_1,cyclic_4_1,block_8_1,cyclic_64_1,block_64_1,cyclic_8_1,block_2_1,cyclic_2_1,block_4_1,cyclic_4_1,block_32_1,cyclic_4_1,cyclic_8_1,block_8_1,unroll_2,unroll_4,pipeline_1,1,4,0.790070464578,False
workload_295.cpp,xczu7ev-ffvc1156-2-e,10,0.25238,104,6,1,3,8,cyclic_2_1,cyclic_8_1,cyclic_4_1,cyclic_128_1,block_64_1,cyclic_16_1,block_8_1,cyclic_128_1,block_2_1,block_8_1,block_8_1,block_32_1,cyclic_8_1,complete_1,cyclic_8_1,unroll_2,unroll_4,pipeline_1,1,4.5,0.780711772267,False
workload_339.cpp,xczu7ev-ffvc1156-2-e,10,0.18718,105,33,10,7,11,cyclic_2_1,cyclic_8_1,cyclic_4_1,cyclic_4_1,cyclic_64_1,cyclic_8_1,cyclic_4_1,cyclic_128_1,cyclic_4_1,cyclic_2_1,block_32_1,cyclic_4_1,cyclic_8_1,complete_1,cyclic_8_1,pipeline_1,unroll_4,pipeline_1,1,15.25,0.573665895205,False
workload_381.cpp,xczu7ev-ffvc1156-2-e,10,0.00015,1627,39,5,25,84,cyclic_2_1,cyclic_8_1,cyclic_64_1,block_64_1,cyclic_64_1,cyclic_64_1,block_32_1,cyclic_128_1,cyclic_2_1,cyclic_8_1,block_32_1,block_16_1,cyclic_8_1,cyclic_4_1,cyclic_8_1,unroll_16,unroll_2,pipeline_1,1,38.25,0.158970018668,False
workload_387.cpp,xczu7ev-ffvc1156-2-e,10,0.00015,205,25,5,9,21,cyclic_2_1,cyclic_8_1,cyclic_64_1,block_8_1,block_64_1,cyclic_64_1,block_8_1,cyclic_4_1,block_2_1,block_8_1,block_32_1,cyclic_128_1,block_4_1,complete_1,complete_1,unroll_2,unroll_2,pipeline_1,1,15,0.668467679298,False
workload_412.cpp,xczu7ev-ffvc1156-2-e,10,0.25316,644,4,1,11,40,cyclic_2_1,cyclic_8_1,cyclic_64_1,block_8_1,cyclic_128_1,block_2_1,block_8_1,cyclic_4_1,block_4_1,block_8_1,block_32_1,block_32_1,cyclic_8_1,cyclic_4_1,cyclic_2_1,unroll_32,unroll_4,pipeline_1,1,14,0.555027599505,False
workload_735.cpp,xczu7ev-ffvc1156-2-e,10,0.22193,100,4,1,3,7,cyclic_2_1,cyclic_8_1,cyclic_64_1,block_8_1,cyclic_64_1,block_2_1,cyclic_8_1,block_2_1,cyclic_128_1,cyclic_4_1,cyclic_64_1,cyclic_4_1,cyclic_4_1,cyclic_8_1,cyclic_4_1,unroll_2,unroll_4,pipeline_1,1,3.75,0.829318511267,False
workload_513.cpp,xczu7ev-ffvc1156-2-e,10,0.22193,111,4,1,4,9,cyclic_2_1,cyclic_8_1,cyclic_64_1,block_8_1,cyclic_64_1,block_64_1,cyclic_8_1,block_2_1,cyclic_128_1,cyclic_8_1,cyclic_64_1,cyclic_4_1,cyclic_4_1,cyclic_8_1,cyclic_4_1,unroll_2,unroll_4,pipeline_1,1,4.5,0.814605667883,False
workload_351.cpp,xczu7ev-ffvc1156-2-e,10,0.00015,211,60,5,6,20,cyclic_2_1,cyclic_8_1,cyclic_64_1,cyclic_128_1,cyclic_64_1,cyclic_16_1,block_8_1,cyclic_4_1,block_2_1,cyclic_32_1,block_128_1,block_32_1,cyclic_8_1,complete_1,complete_1,unroll_2,unroll_2,pipeline_1,1,22.75,0.440975933347,False
workload_292.cpp,xczu7ev-ffvc1156-2-e,10,0.00015,202,60,5,6,20,cyclic_2_1,cyclic_8_1,cyclic_64_1,cyclic_128_1,cyclic_64_1,cyclic_16_1,block_8_1,cyclic_4_1,block_2_1,cyclic_32_1,block_8_1,block_32_1,cyclic_8_1,complete_1,complete_1,unroll_2,unroll_2,pipeline_1,1,22.75,0.440975933347,False
workload_371.cpp,xczu7ev-ffvc1156-2-e,10,0.00015,195,57,5,6,19,cyclic_2_1,cyclic_8_1,cyclic_64_1,cyclic_128_1,cyclic_64_1,cyclic_16_1,block_8_1,cyclic_4_1,block_4_1,cyclic_8_1,block_8_1,block_32_1,cyclic_8_1,complete_1,complete_1,unroll_2,unroll_2,pipeline_1,1,21.75,0.467124606878,False
workload_462.cpp,xczu7ev-ffvc1156-2-e,10,0.00015,207,37,5,9,22,cyclic_2_1,cyclic_8_1,cyclic_64_1,cyclic_4_1,cyclic_64_1,cyclic_8_1,block_8_1,cyclic_128_1,block_4_1,cyclic_8_1,block_8_1,block_32_1,cyclic_8_1,complete_1,complete_1,unroll_2,unroll_2,pipeline_1,1,18.25,0.566161234506,False
workload_623.cpp,xczu7ev-ffvc1156-2-e,10,0.22193,110,4,1,4,9,cyclic_2_1,cyclic_8_1,cyclic_64_1,cyclic_64_1,cyclic_64_1,block_64_1,cyclic_8_1,block_2_1,cyclic_128_1,cyclic_2_1,cyclic_64_1,cyclic_4_1,cyclic_4_1,cyclic_8_1,cyclic_4_1,unroll_2,unroll_4,pipeline_1,1,4.5,0.814605667883,False
workload_155.cpp,xczu7ev-ffvc1156-2-e,10,0.24282,306,15,1,6,22,cyclic_32_1,block_128_1,cyclic_8_1,cyclic_16_1,block_16_1,cyclic_32_1,block_8_1,cyclic_128_1,block_64_1,cyclic_16_1,block_4_1,block_64_1,complete_1,cyclic_2_1,block_8_1,unroll_16,unroll_4,pipeline_1,1,11,0.639598211599,False
workload_189.cpp,xczu7ev-ffvc1156-2-e,10,0.79802,302,16,1,3,21,cyclic_32_1,block_64_1,cyclic_4_1,block_128_1,block_16_1,cyclic_8_1,block_8_1,block_64_1,block_32_1,block_8_1,cyclic_4_1,cyclic_128_1,cyclic_4_1,cyclic_8_1,cyclic_4_1,unroll_16,unroll_4,unroll_2,1,10.25,0.187202628316,False
workload_47.cpp,xczu7ev-ffvc1156-2-e,10,0.00015,928,26,42,16,84,cyclic_32_1,block_8_1,cyclic_2_1,cyclic_16_1,block_16_1,cyclic_16_1,block_8_1,block_64_1,block_128_1,block_64_1,block_64_1,block_2_1,cyclic_2_1,cyclic_8_1,cyclic_8_1,unroll_8,unroll_2,pipeline_1,1,42,0.12568128789,False
workload_128.cpp,xczu7ev-ffvc1156-2-e,10,0.18586,130,47,29,12,19,cyclic_32_1,cyclic_128_1,block_64_1,block_16_1,cyclic_64_1,cyclic_2_1,cyclic_8_1,block_4_1,block_64_1,block_8_1,cyclic_32_1,block_8_1,cyclic_4_1,block_2_1,block_2_1,pipeline_1,unroll_4,pipeline_1,1,26.75,0.31905851844,False
workload_427.cpp,xczu7ev-ffvc1156-2-e,10,0.9151,126,15,1,3,10,cyclic_32_1,cyclic_16_1,block_32_1,block_128_1,block_128_1,cyclic_32_1,block_8_1,block_4_1,block_32_1,block_8_1,cyclic_4_1,cyclic_128_1,cyclic_8_1,cyclic_2_1,complete_1,unroll_2,unroll_4,unroll_2,1,7.25,0.138227430246,False
workload_380.cpp,xczu7ev-ffvc1156-2-e,10,0.9151,123,11,1,3,9,cyclic_32_1,cyclic_16_1,block_32_1,block_128_1,block_128_1,cyclic_8_1,block_8_1,block_4_1,block_32_1,block_8_1,cyclic_4_1,cyclic_128_1,cyclic_8_1,cyclic_2_1,complete_1,unroll_2,unroll_4,unroll_2,1,6,0.139387621742,False
workload_162.cpp,xczu7ev-ffvc1156-2-e,10,0.64218,340,12,1,4,34,cyclic_32_1,cyclic_16_1,block_32_1,block_64_1,cyclic_2_1,block_64_1,block_16_1,cyclic_128_1,block_16_1,block_4_1,cyclic_4_1,block_4_1,cyclic_4_1,complete_1,cyclic_8_1,unroll_16,unroll_4,unroll_2,1,12.75,0.276425151582,False
workload_48.cpp,xczu7ev-ffvc1156-2-e,10,0.64218,277,13,1,3,21,cyclic_32_1,cyclic_16_1,block_64_1,block_64_1,cyclic_2_1,cyclic_8_1,cyclic_8_1,cyclic_64_1,block_32_1,block_4_1,cyclic_4_1,block_4_1,cyclic_4_1,cyclic_8_1,cyclic_8_1,unroll_16,unroll_4,unroll_2,1,9.5,0.298575597116,False
workload_400.cpp,xczu7ev-ffvc1156-2-e,10,0.89462,103,11,1,2,7,cyclic_32_1,cyclic_16_1,cyclic_4_1,block_128_1,block_64_1,cyclic_8_1,block_8_1,cyclic_4_1,block_32_1,block_8_1,cyclic_4_1,cyclic_128_1,cyclic_4_1,cyclic_2_1,complete_1,unroll_2,unroll_4,unroll_2,1,5.25,0.148246174782,False
workload_144.cpp,xczu7ev-ffvc1156-2-e,10,0.89846,108,13,1,2,8,cyclic_32_1,cyclic_16_1,cyclic_4_1,block_128_1,block_64_1,cyclic_8_1,block_8_1,cyclic_4_1,block_32_1,block_8_1,cyclic_4_1,cyclic_128_1,cyclic_4_1,cyclic_8_1,complete_1,unroll_2,unroll_4,unroll_2,1,6,0.146057123029,False
workload_350.cpp,xczu7ev-ffvc1156-2-e,10,0.00015,676,89,37,30,41,cyclic_32_1,cyclic_16_1,cyclic_4_1,block_128_1,cyclic_8_1,block_64_1,block_8_1,cyclic_4_1,block_32_1,block_8_1,cyclic_8_1,cyclic_128_1,cyclic_4_1,cyclic_8_1,cyclic_8_1,pipeline_1,unroll_2,unroll_2,1,49.25,0.100000318088,False
workload_475.cpp,xczu7ev-ffvc1156-2-e,10,0.24182,100,13,1,2,8,cyclic_32_1,cyclic_16_1,cyclic_4_1,block_64_1,block_64_1,cyclic_8_1,block_8_1,cyclic_4_1,block_32_1,block_8_1,cyclic_4_1,cyclic_128_1,cyclic_4_1,complete_1,complete_1,unroll_2,unroll_4,pipeline_1,1,6,0.764117361493,False
workload_211.cpp,xczu7ev-ffvc1156-2-e,10,0.64218,326,12,1,4,29,cyclic_32_1,cyclic_16_1,cyclic_64_1,block_64_1,cyclic_2_1,block_64_1,cyclic_8_1,cyclic_64_1,block_32_1,block_4_1,cyclic_4_1,block_4_1,cyclic_4_1,cyclic_8_1,cyclic_8_1,unroll_16,unroll_4,unroll_2,1,11.5,0.285676418464,False
workload_99.cpp,xczu7ev-ffvc1156-2-e,10,1.00181,2403,12,1,6,36,cyclic_32_1,cyclic_16_1,cyclic_8_1,cyclic_16_1,block_128_1,cyclic_8_1,cyclic_8_1,cyclic_64_1,block_16_1,cyclic_16_1,cyclic_4_1,block_64_1,cyclic_4_1,cyclic_2_1,cyclic_8_1,unroll_64,unroll_4,unroll_2,1,13.75,0.106999580039,False
workload_133.cpp,xczu7ev-ffvc1156-2-e,10,1.00053,2529,13,1,9,72,cyclic_32_1,cyclic_16_1,cyclic_8_1,cyclic_2_1,block_128_1,cyclic_8_1,block_16_1,cyclic_128_1,block_16_1,cyclic_16_1,cyclic_4_1,cyclic_4_1,cyclic_4_1,complete_1,cyclic_4_1,unroll_64,unroll_4,unroll_2,1,23.75,0.1,False
workload_264.cpp,xczu7ev-ffvc1156-2-e,10,0.18586,153,42,29,15,24,cyclic_32_1,cyclic_2_1,block_2_1,block_128_1,cyclic_64_1,cyclic_128_1,block_8_1,cyclic_128_1,cyclic_2_1,cyclic_8_1,cyclic_4_1,cyclic_4_1,cyclic_8_1,complete_1,cyclic_8_1,pipeline_1,unroll_4,pipeline_1,1,27.5,0.304763614448,False
workload_208.cpp,xczu7ev-ffvc1156-2-e,10,0.64218,294,13,1,3,25,cyclic_32_1,cyclic_2_1,block_32_1,cyclic_4_1,cyclic_2_1,cyclic_8_1,cyclic_8_1,cyclic_64_1,block_32_1,block_2_1,block_128_1,block_128_1,cyclic_4_1,complete_1,cyclic_8_1,unroll_16,unroll_4,unroll_2,1,10.5,0.292447274356,False
workload_287.cpp,xczu7ev-ffvc1156-2-e,10,1.05718,109,17,1,2,8,cyclic_32_1,cyclic_2_1,cyclic_64_1,block_128_1,block_64_1,cyclic_32_1,block_8_1,cyclic_4_1,block_32_1,cyclic_4_1,block_128_1,cyclic_128_1,block_8_1,cyclic_8_1,complete_1,unroll_2,unroll_4,unroll_2,1,7,0.103431363969,False
workload_168.cpp,xczu7ev-ffvc1156-2-e,10,0.11802,295,20,1,6,21,cyclic_32_1,cyclic_32_1,block_64_1,block_2_1,cyclic_2_1,block_16_1,cyclic_8_1,cyclic_64_1,block_16_1,cyclic_16_1,cyclic_4_1,block_128_1,complete_1,cyclic_8_1,cyclic_8_1,unroll_16,unroll_4,pipeline_1,1,12,0.713539912763,False
workload_14.cpp,xczu7ev-ffvc1156-2-e,10,0.5193,281,18,1,3,21,cyclic_32_1,cyclic_32_1,block_64_1,block_2_1,cyclic_2_1,cyclic_8_1,cyclic_8_1,cyclic_64_1,block_32_1,block_4_1,cyclic_4_1,block_128_1,cyclic_4_1,cyclic_8_1,cyclic_8_1,unroll_16,unroll_4,unroll_2,1,10.75,0.39825267567,False
workload_81.cpp,xczu7ev-ffvc1156-2-e,10,0.11866,302,18,1,7,24,cyclic_32_1,cyclic_32_1,block_64_1,block_2_1,cyclic_64_1,cyclic_8_1,cyclic_8_1,cyclic_64_1,block_32_1,block_4_1,cyclic_4_1,block_128_1,cyclic_4_1,cyclic_8_1,cyclic_8_1,unroll_16,unroll_4,pipeline_1,1,12.5,0.700175198548,False
workload_136.cpp,xczu7ev-ffvc1156-2-e,10,0.5193,278,18,1,3,21,cyclic_32_1,cyclic_32_1,block_64_1,cyclic_128_1,cyclic_2_1,cyclic_8_1,cyclic_8_1,cyclic_64_1,block_32_1,block_4_1,block_32_1,cyclic_128_1,cyclic_4_1,cyclic_8_1,cyclic_8_1,unroll_16,unroll_4,unroll_2,1,10.75,0.39825267567,False
workload_233.cpp,xczu7ev-ffvc1156-2-e,10,0.91386,293,18,1,3,17,cyclic_32_1,cyclic_32_1,cyclic_16_1,cyclic_128_1,cyclic_2_1,cyclic_8_1,cyclic_8_1,cyclic_64_1,cyclic_4_1,block_4_1,block_64_1,cyclic_128_1,cyclic_8_1,cyclic_8_1,cyclic_8_1,unroll_16,unroll_4,unroll_2,1,9.75,0.135272738004,False
workload_171.cpp,xczu7ev-ffvc1156-2-e,10,0.11802,313,19,1,7,24,cyclic_32_1,cyclic_32_1,cyclic_8_1,block_2_1,cyclic_64_1,block_16_1,cyclic_8_1,cyclic_64_1,block_32_1,block_4_1,cyclic_4_1,block_128_1,complete_1,cyclic_8_1,cyclic_8_1,unroll_16,unroll_4,pipeline_1,1,12.75,0.694197336524,False
workload_280.cpp,xczu7ev-ffvc1156-2-e,10,0.24294,124,13,1,2,8,cyclic_32_1,cyclic_4_1,block_32_1,cyclic_16_1,block_16_1,cyclic_2_1,block_8_1,block_2_1,block_2_1,cyclic_16_1,block_4_1,block_128_1,block_4_1,cyclic_2_1,block_8_1,unroll_4,unroll_4,pipeline_1,1,6,0.762995804116,False
workload_263.cpp,xczu7ev-ffvc1156-2-e,10,0.24294,124,13,1,2,8,cyclic_32_1,cyclic_4_1,block_32_1,cyclic_16_1,block_16_1,cyclic_2_1,block_8_1,block_2_1,block_2_1,cyclic_16_1,block_4_1,block_64_1,block_4_1,cyclic_2_1,block_8_1,unroll_4,unroll_4,pipeline_1,1,6,0.762995804116,False
workload_165.cpp,xczu7ev-ffvc1156-2-e,10,0.24282,288,10,1,6,18,cyclic_32_1,cyclic_4_1,block_32_1,cyclic_16_1,block_16_1,cyclic_2_1,block_8_1,cyclic_128_1,block_2_1,cyclic_16_1,block_4_1,block_64_1,complete_1,cyclic_2_1,block_8_1,unroll_16,unroll_4,pipeline_1,1,8.75,0.697962949448,False
workload_202.cpp,xczu7ev-ffvc1156-2-e,10,0.21077,290,11,1,6,18,cyclic_32_1,cyclic_4_1,block_32_1,cyclic_16_1,block_4_1,cyclic_2_1,block_8_1,cyclic_128_1,block_2_1,cyclic_16_1,block_4_1,cyclic_128_1,complete_1,cyclic_4_1,cyclic_8_1,unroll_16,unroll_4,pipeline_1,1,9,0.712835989916,False
workload_310.cpp,xczu7ev-ffvc1156-2-e,10,0.2431,108,8,1,3,10,cyclic_32_1,cyclic_4_1,block_32_1,cyclic_64_1,block_64_1,block_64_1,cyclic_8_1,cyclic_8_1,block_2_1,block_8_1,cyclic_32_1,block_32_1,block_8_1,cyclic_2_1,complete_1,unroll_2,unroll_4,pipeline_1,1,5.5,0.773343775062,False
workload_316.cpp,xczu7ev-ffvc1156-2-e,10,0.11994,365,12,1,9,29,cyclic_32_1,cyclic_4_1,cyclic_32_1,cyclic_16_1,cyclic_128_1,cyclic_64_1,block_8_1,cyclic_128_1,block_2_1,block_8_1,block_32_1,block_32_1,complete_1,cyclic_2_1,block_8_1,unroll_16,unroll_4,pipeline_1,1,12.75,0.69255535342,False
workload_257.cpp,xczu7ev-ffvc1156-2-e,10,0.00015,988,51,5,8,23,cyclic_32_1,cyclic_64_1,cyclic_4_1,block_128_1,block_64_1,cyclic_16_1,block_8_1,cyclic_4_1,block_2_1,block_8_1,block_32_1,cyclic_128_1,cyclic_4_1,cyclic_8_1,complete_1,unroll_2,unroll_2,pipeline_1,1,21.75,0.467124606878,False
workload_298.cpp,xczu7ev-ffvc1156-2-e,10,0.00015,643,30,10,17,31,cyclic_32_1,cyclic_64_1,cyclic_4_1,cyclic_4_1,block_64_1,cyclic_16_1,block_8_1,cyclic_128_1,block_2_1,block_8_1,block_32_1,cyclic_4_1,cyclic_4_1,cyclic_8_1,cyclic_8_1,pipeline_1,unroll_2,pipeline_1,1,22,0.460497636619,False
workload_232.cpp,xczu7ev-ffvc1156-2-e,10,0.24182,101,13,1,3,7,cyclic_32_1,cyclic_8_1,cyclic_128_1,block_128_1,cyclic_64_1,cyclic_8_1,block_8_1,block_64_1,block_32_1,block_8_1,cyclic_4_1,cyclic_128_1,cyclic_4_1,cyclic_8_1,complete_1,unroll_2,unroll_4,pipeline_1,1,6,0.764117361493,False
workload_915.cpp,xczu7ev-ffvc1156-2-e,10,0.00015,227,19,1,9,24,cyclic_4_1,cyclic_16_1,block_2_1,block_8_1,block_64_1,cyclic_2_1,block_8_1,cyclic_4_1,block_2_1,cyclic_2_1,block_128_1,cyclic_32_1,cyclic_8_1,cyclic_2_1,complete_1,unroll_2,unroll_2,unroll_2,1,13.25,0.727573898309,False
workload_642.cpp,xczu7ev-ffvc1156-2-e,10,0.06887,110,7,3,6,8,cyclic_4_1,cyclic_16_1,block_2_1,cyclic_4_1,cyclic_64_1,cyclic_64_1,block_4_1,cyclic_4_1,cyclic_4_1,block_16_1,block_32_1,cyclic_128_1,cyclic_8_1,block_2_1,cyclic_4_1,pipeline_1,unroll_4,pipeline_1,1,6,0.911593549952,False
workload_818.cpp,xczu7ev-ffvc1156-2-e,10,0.09233,99,9,1,2,7,cyclic_4_1,cyclic_16_1,block_32_1,cyclic_4_1,cyclic_8_1,block_64_1,cyclic_8_1,cyclic_4_1,block_2_1,cyclic_2_1,block_32_1,cyclic_128_1,cyclic_8_1,complete_1,cyclic_4_1,unroll_2,unroll_4,pipeline_1,1,4.75,0.925900608506,False
workload_810.cpp,xczu7ev-ffvc1156-2-e,10,0.00013,188,17,5,7,14,cyclic_4_1,cyclic_16_1,cyclic_4_1,block_8_1,cyclic_8_1,cyclic_8_1,block_8_1,cyclic_4_1,block_2_1,block_4_1,block_128_1,cyclic_128_1,block_4_1,complete_1,block_8_1,unroll_2,unroll_2,pipeline_1,1,10.75,0.816600179631,False
workload_621.cpp,xczu7ev-ffvc1156-2-e,10,0.77558,107,7,1,3,8,cyclic_4_1,cyclic_16_1,cyclic_4_1,cyclic_128_1,block_64_1,cyclic_64_1,block_8_1,cyclic_4_1,cyclic_4_1,block_4_1,cyclic_32_1,cyclic_128_1,block_4_1,cyclic_2_1,block_8_1,unroll_2,unroll_4,unroll_2,1,4.75,0.212961391823,False
workload_687.cpp,xczu7ev-ffvc1156-2-e,10,0.00015,190,33,1,3,18,cyclic_4_1,cyclic_16_1,cyclic_64_1,block_16_1,block_64_1,cyclic_8_1,block_8_1,cyclic_4_1,block_2_1,cyclic_2_1,cyclic_32_1,cyclic_32_1,block_4_1,cyclic_2_1,cyclic_4_1,unroll_2,unroll_2,unroll_2,1,13.75,0.710406599394,False
workload_656.cpp,xczu7ev-ffvc1156-2-e,10,0.19055,143,9,3,5,13,cyclic_4_1,cyclic_16_1,cyclic_64_1,block_8_1,block_64_1,cyclic_8_1,block_8_1,block_4_1,block_2_1,cyclic_2_1,cyclic_32_1,cyclic_32_1,cyclic_4_1,cyclic_2_1,cyclic_4_1,pipeline_1,unroll_4,unroll_2,1,7.5,0.763544266197,False
workload_729.cpp,xczu7ev-ffvc1156-2-e,10,0.00015,189,33,1,3,18,cyclic_4_1,cyclic_16_1,cyclic_64_1,block_8_1,block_64_1,cyclic_8_1,block_8_1,cyclic_4_1,block_2_1,cyclic_2_1,cyclic_32_1,block_32_1,block_4_1,cyclic_2_1,cyclic_4_1,unroll_2,unroll_2,unroll_2,1,13.75,0.710406599394,False
workload_592.cpp,xczu7ev-ffvc1156-2-e,10,0.00015,185,33,1,3,18,cyclic_4_1,cyclic_16_1,cyclic_64_1,block_8_1,block_64_1,cyclic_8_1,block_8_1,cyclic_4_1,block_2_1,cyclic_2_1,cyclic_32_1,cyclic_32_1,block_4_1,cyclic_2_1,cyclic_4_1,unroll_2,unroll_2,unroll_2,1,13.75,0.710406599394,False
workload_676.cpp,xczu7ev-ffvc1156-2-e,10,0.00015,191,33,1,3,18,cyclic_4_1,cyclic_16_1,cyclic_64_1,block_8_1,block_64_1,cyclic_8_1,block_8_1,cyclic_4_1,block_2_1,cyclic_2_1,cyclic_32_1,cyclic_32_1,block_4_1,cyclic_2_1,cyclic_8_1,unroll_2,unroll_2,unroll_2,1,13.75,0.710406599394,False
workload_888.cpp,xczu7ev-ffvc1156-2-e,10,0.00015,189,43,2,3,19,cyclic_4_1,cyclic_16_1,cyclic_64_1,block_8_1,block_64_1,cyclic_8_1,block_8_1,cyclic_4_1,block_32_1,cyclic_2_1,cyclic_32_1,cyclic_32_1,block_4_1,cyclic_2_1,cyclic_4_1,unroll_2,unroll_2,unroll_2,1,16.75,0.612155888248,False
workload_843.cpp,xczu7ev-ffvc1156-2-e,10,0.00015,180,45,2,2,17,cyclic_4_1,cyclic_16_1,cyclic_64_1,block_8_1,cyclic_2_1,cyclic_8_1,block_8_1,cyclic_4_1,block_32_1,cyclic_2_1,cyclic_32_1,cyclic_32_1,block_4_1,cyclic_2_1,cyclic_4_1,unroll_2,unroll_2,unroll_2,1,16.5,0.620026596888,False
workload_367.cpp,xczu7ev-ffvc1156-2-e,10,0.00013,300,53,12,26,37,cyclic_4_1,cyclic_2_1,block_2_1,cyclic_4_1,cyclic_64_1,block_2_1,block_4_1,cyclic_128_1,cyclic_4_1,cyclic_2_1,block_128_1,cyclic_8_1,cyclic_8_1,cyclic_8_1,cyclic_4_1,pipeline_1,unroll_2,pipeline_1,1,32,0.244735034022,False
workload_375.cpp,xczu7ev-ffvc1156-2-e,10,0.00013,355,55,12,34,43,cyclic_4_1,cyclic_2_1,block_2_1,cyclic_4_1,cyclic_64_1,block_64_1,block_4_1,cyclic_128_1,cyclic_4_1,cyclic_16_1,block_128_1,cyclic_4_1,cyclic_8_1,complete_1,cyclic_4_1,pipeline_1,unroll_2,pipeline_1,1,36,0.185486227978,False
workload_324.cpp,xczu7ev-ffvc1156-2-e,10,0.03819,149,7,3,14,14,cyclic_4_1,cyclic_2_1,block_2_1,cyclic_4_1,cyclic_64_1,block_64_1,block_4_1,cyclic_128_1,cyclic_4_1,cyclic_4_1,cyclic_64_1,cyclic_4_1,cyclic_8_1,complete_1,cyclic_4_1,pipeline_1,unroll_4,pipeline_1,1,9.5,0.848120341043,False
workload_883.cpp,xczu7ev-ffvc1156-2-e,10,0.0381,112,7,3,7,9,cyclic_4_1,cyclic_2_1,block_2_1,cyclic_4_1,cyclic_64_1,cyclic_64_1,block_4_1,cyclic_128_1,cyclic_4_1,block_16_1,cyclic_64_1,cyclic_4_1,cyclic_4_1,cyclic_4_1,cyclic_4_1,pipeline_1,unroll_4,pipeline_1,1,6.5,0.916814292619,False
workload_466.cpp,xczu7ev-ffvc1156-2-e,10,0.0381,109,7,3,7,9,cyclic_4_1,cyclic_2_1,block_2_1,cyclic_4_1,cyclic_64_1,cyclic_64_1,block_4_1,cyclic_128_1,cyclic_4_1,block_16_1,cyclic_64_1,cyclic_4_1,cyclic_8_1,block_2_1,cyclic_4_1,pipeline_1,unroll_4,pipeline_1,1,6.5,0.916814292619,False
workload_744.cpp,xczu7ev-ffvc1156-2-e,10,0.12342,103,7,1,4,8,cyclic_4_1,cyclic_2_1,block_2_1,cyclic_4_1,cyclic_64_1,cyclic_64_1,block_4_1,cyclic_4_1,block_32_1,block_8_1,cyclic_4_1,cyclic_4_1,block_4_1,block_2_1,cyclic_4_1,unroll_2,unroll_4,pipeline_1,1,5,0.887704601014,False
workload_715.cpp,xczu7ev-ffvc1156-2-e,10,0.09265,101,8,1,3,7,cyclic_4_1,cyclic_2_1,block_2_1,cyclic_4_1,cyclic_64_1,cyclic_8_1,block_4_1,cyclic_4_1,cyclic_4_1,block_16_1,cyclic_64_1,cyclic_4_1,cyclic_8_1,cyclic_2_1,cyclic_4_1,unroll_2,unroll_4,pipeline_1,1,4.75,0.925708395441,False
workload_784.cpp,xczu7ev-ffvc1156-2-e,10,0.06887,104,8,3,5,7,cyclic_4_1,cyclic_2_1,block_2_1,cyclic_4_1,cyclic_8_1,cyclic_64_1,block_8_1,cyclic_128_1,block_32_1,block_16_1,cyclic_4_1,block_128_1,cyclic_8_1,complete_1,cyclic_4_1,pipeline_1,unroll_4,pipeline_1,1,5.75,0.919951966021,False
workload_738.cpp,xczu7ev-ffvc1156-2-e,10,0.91126,97,4,1,2,6,cyclic_4_1,cyclic_2_1,block_2_1,cyclic_64_1,block_64_1,block_2_1,cyclic_8_1,cyclic_16_1,block_2_1,cyclic_2_1,block_32_1,cyclic_4_1,block_4_1,block_8_1,complete_1,unroll_2,unroll_4,unroll_2,1,3.25,0.142058678911,False
workload_774.cpp,xczu7ev-ffvc1156-2-e,10,0.89846,99,4,1,2,6,cyclic_4_1,cyclic_2_1,block_2_1,cyclic_64_1,cyclic_64_1,block_2_1,cyclic_8_1,cyclic_128_1,block_2_1,block_8_1,block_128_1,cyclic_4_1,cyclic_8_1,block_8_1,complete_1,unroll_2,unroll_4,unroll_2,1,3.25,0.147330398162,False
workload_429.cpp,xczu7ev-ffvc1156-2-e,10,0.18651,116,29,14,8,14,cyclic_4_1,cyclic_2_1,block_2_1,cyclic_8_1,cyclic_64_1,block_2_1,block_4_1,cyclic_128_1,block_32_1,cyclic_8_1,block_32_1,cyclic_4_1,block_2_1,complete_1,cyclic_8_1,pipeline_1,unroll_4,pipeline_1,1,16.25,0.551255936973,False
workload_567.cpp,xczu7ev-ffvc1156-2-e,10,0.24598,95,5,1,2,6,cyclic_4_1,cyclic_2_1,block_64_1,block_2_1,cyclic_64_1,block_2_1,block_64_1,cyclic_128_1,cyclic_4_1,block_2_1,cyclic_4_1,cyclic_4_1,block_4_1,complete_1,complete_1,unroll_2,unroll_4,pipeline_1,1,3.5,0.804014850995,False
workload_802.cpp,xczu7ev-ffvc1156-2-e,10,0.0381,108,7,3,7,9,cyclic_4_1,cyclic_2_1,block_64_1,cyclic_4_1,cyclic_64_1,cyclic_64_1,block_64_1,cyclic_128_1,cyclic_4_1,block_16_1,cyclic_64_1,cyclic_4_1,cyclic_8_1,block_2_1,complete_1,pipeline_1,unroll_4,pipeline_1,1,6.5,0.916814292619,False
workload_905.cpp,xczu7ev-ffvc1156-2-e,10,0.90102,98,9,1,1,6,cyclic_4_1,cyclic_2_1,block_8_1,cyclic_64_1,cyclic_32_1,block_2_1,cyclic_8_1,cyclic_128_1,block_2_1,block_8_1,block_32_1,cyclic_128_1,cyclic_8_1,complete_1,complete_1,unroll_2,unroll_4,unroll_2,1,4.25,0.146045101331,False
workload_724.cpp,xczu7ev-ffvc1156-2-e,10,0.89846,98,4,1,2,6,cyclic_4_1,cyclic_2_1,block_8_1,cyclic_64_1,cyclic_64_1,block_2_1,cyclic_8_1,cyclic_128_1,block_2_1,block_8_1,block_32_1,cyclic_4_1,cyclic_8_1,block_8_1,complete_1,unroll_2,unroll_4,unroll_2,1,3.25,0.147330398162,False
workload_939.cpp,xczu7ev-ffvc1156-2-e,10,0.86769,101,4,1,3,6,cyclic_4_1,cyclic_2_1,block_8_1,cyclic_64_1,cyclic_64_1,block_2_1,cyclic_8_1,cyclic_128_1,block_2_1,block_8_1,cyclic_64_1,cyclic_4_1,cyclic_4_1,block_8_1,complete_1,unroll_2,unroll_4,unroll_2,1,3.5,0.161246231348,False
workload_834.cpp,xczu7ev-ffvc1156-2-e,10,0.89846,95,5,1,2,6,cyclic_4_1,cyclic_2_1,block_8_1,cyclic_64_1,cyclic_64_1,cyclic_8_1,cyclic_4_1,cyclic_128_1,block_2_1,block_8_1,block_32_1,cyclic_4_1,cyclic_8_1,block_8_1,complete_1,unroll_2,unroll_4,unroll_2,1,3.5,0.147305616176,False
workload_804.cpp,xczu7ev-ffvc1156-2-e,10,0.86513,98,7,1,1,5,cyclic_4_1,cyclic_2_1,block_8_1,cyclic_64_1,cyclic_8_1,block_2_1,cyclic_8_1,cyclic_128_1,block_2_1,block_8_1,block_32_1,cyclic_4_1,cyclic_8_1,complete_1,cyclic_4_1,unroll_2,unroll_4,unroll_2,1,3.5,0.162487045484,False
workload_446.cpp,xczu7ev-ffvc1156-2-e,10,0.00015,316,48,5,7,23,cyclic_4_1,cyclic_2_1,cyclic_128_1,block_64_1,cyclic_8_1,cyclic_64_1,cyclic_8_1,cyclic_16_1,block_64_1,block_2_1,block_128_1,block_32_1,cyclic_8_1,complete_1,cyclic_2_1,unroll_2,unroll_2,pipeline_1,1,20.75,0.494230186501,False
workload_570.cpp,xczu7ev-ffvc1156-2-e,10,0.06889,177,7,3,7,16,cyclic_4_1,cyclic_2_1,cyclic_32_1,cyclic_4_1,block_128_1,cyclic_64_1,block_4_1,cyclic_4_1,cyclic_2_1,block_8_1,cyclic_64_1,cyclic_4_1,cyclic_8_1,cyclic_4_1,cyclic_8_1,pipeline_1,unroll_4,unroll_2,1,8.25,0.846055231295,False
workload_555.cpp,xczu7ev-ffvc1156-2-e,10,0.06887,107,12,3,5,8,cyclic_4_1,cyclic_2_1,cyclic_32_1,cyclic_4_1,cyclic_32_1,cyclic_64_1,block_4_1,cyclic_128_1,cyclic_2_1,block_8_1,cyclic_64_1,block_32_1,cyclic_8_1,cyclic_4_1,cyclic_8_1,pipeline_1,unroll_4,pipeline_1,1,7,0.876136458124,False
workload_576.cpp,xczu7ev-ffvc1156-2-e,10,0.06887,101,7,3,5,7,cyclic_4_1,cyclic_2_1,cyclic_32_1,cyclic_4_1,cyclic_64_1,block_2_1,block_4_1,cyclic_128_1,cyclic_4_1,block_8_1,block_32_1,block_32_1,cyclic_4_1,cyclic_4_1,cyclic_8_1,pipeline_1,unroll_4,pipeline_1,1,5.5,0.927902131885,False
workload_589.cpp,xczu7ev-ffvc1156-2-e,10,0.0381,110,7,3,7,9,cyclic_4_1,cyclic_2_1,cyclic_32_1,cyclic_4_1,cyclic_64_1,cyclic_64_1,block_4_1,cyclic_128_1,block_4_1,block_8_1,cyclic_64_1,block_32_1,cyclic_8_1,cyclic_4_1,cyclic_8_1,pipeline_1,unroll_4,pipeline_1,1,6.5,0.916814292619,False
workload_495.cpp,xczu7ev-ffvc1156-2-e,10,0.0381,109,7,3,7,9,cyclic_4_1,cyclic_2_1,cyclic_32_1,cyclic_4_1,cyclic_64_1,cyclic_64_1,block_4_1,cyclic_128_1,cyclic_2_1,block_8_1,cyclic_64_1,cyclic_4_1,cyclic_8_1,cyclic_4_1,cyclic_8_1,pipeline_1,unroll_4,pipeline_1,1,6.5,0.916814292619,False
workload_401.cpp,xczu7ev-ffvc1156-2-e,10,0.12342,100,10,1,2,8,cyclic_4_1,cyclic_2_1,cyclic_4_1,cyclic_4_1,block_64_1,block_4_1,cyclic_8_1,cyclic_16_1,cyclic_4_1,cyclic_4_1,block_32_1,block_32_1,cyclic_4_1,cyclic_8_1,cyclic_2_1,unroll_2,unroll_4,pipeline_1,1,5.25,0.881849464337,False
workload_504.cpp,xczu7ev-ffvc1156-2-e,10,0.12342,101,10,1,2,8,cyclic_4_1,cyclic_2_1,cyclic_4_1,cyclic_4_1,block_64_1,block_8_1,cyclic_8_1,cyclic_16_1,cyclic_128_1,cyclic_4_1,block_32_1,cyclic_4_1,cyclic_4_1,cyclic_8_1,cyclic_2_1,unroll_2,unroll_4,pipeline_1,1,5.25,0.881849464337,False
workload_707.cpp,xczu7ev-ffvc1156-2-e,10,0.09265,109,9,1,5,9,cyclic_4_1,cyclic_2_1,cyclic_4_1,cyclic_4_1,cyclic_64_1,cyclic_64_1,block_64_1,cyclic_128_1,block_64_1,block_16_1,cyclic_64_1,block_128_1,cyclic_8_1,block_2_1,cyclic_4_1,unroll_2,unroll_4,pipeline_1,1,6,0.886518969505,False
workload_533.cpp,xczu7ev-ffvc1156-2-e,10,0.00015,201,29,5,7,20,cyclic_4_1,cyclic_2_1,cyclic_64_1,block_2_1,block_64_1,block_2_1,cyclic_8_1,block_4_1,cyclic_128_1,cyclic_4_1,block_32_1,block_32_1,cyclic_8_1,cyclic_2_1,cyclic_2_1,unroll_2,unroll_2,pipeline_1,1,15.25,0.660250183474,False
workload_828.cpp,xczu7ev-ffvc1156-2-e,10,0.87281,113,4,1,4,9,cyclic_4_1,cyclic_2_1,cyclic_64_1,cyclic_64_1,cyclic_64_1,block_64_1,cyclic_8_1,block_2_1,cyclic_128_1,cyclic_4_1,cyclic_64_1,cyclic_4_1,cyclic_4_1,cyclic_8_1,complete_1,unroll_2,unroll_4,unroll_2,1,4.5,0.15847425533,False
workload_179.cpp,xczu7ev-ffvc1156-2-e,10,0.67666,1872,5,1,5,39,cyclic_4_1,cyclic_32_1,block_2_1,block_64_1,cyclic_2_1,block_2_1,cyclic_2_1,block_4_1,block_8_1,cyclic_4_1,block_2_1,cyclic_8_1,block_2_1,cyclic_8_1,cyclic_2_1,unroll_64,unroll_4,unroll_2,1,12.5,0.253365931845,False
workload_217.cpp,xczu7ev-ffvc1156-2-e,10,0.67666,1929,5,1,5,39,cyclic_4_1,cyclic_32_1,block_2_1,block_64_1,cyclic_2_1,block_2_1,cyclic_2_1,block_8_1,block_8_1,cyclic_4_1,cyclic_32_1,cyclic_8_1,block_2_1,cyclic_8_1,cyclic_2_1,unroll_64,unroll_4,unroll_2,1,12.5,0.253365931845,False
workload_125.cpp,xczu7ev-ffvc1156-2-e,10,0.24857,1542,4,1,17,46,cyclic_4_1,cyclic_32_1,block_2_1,block_64_1,cyclic_64_1,block_2_1,cyclic_2_1,block_4_1,block_32_1,cyclic_4_1,block_2_1,cyclic_8_1,block_2_1,cyclic_8_1,cyclic_2_1,unroll_64,unroll_4,pipeline_1,1,17,0.485205926411,False
workload_212.cpp,xczu7ev-ffvc1156-2-e,10,0.2178,1583,4,1,17,47,cyclic_4_1,cyclic_32_1,block_2_1,block_64_1,cyclic_64_1,block_2_1,cyclic_2_1,block_4_1,block_32_1,cyclic_4_1,cyclic_64_1,cyclic_8_1,block_2_1,cyclic_8_1,cyclic_4_1,unroll_64,unroll_4,pipeline_1,1,17.25,0.504667674867,False
workload_274.cpp,xczu7ev-ffvc1156-2-e,10,0.12512,585,7,1,11,37,cyclic_4_1,cyclic_32_1,block_2_1,cyclic_4_1,cyclic_64_1,block_2_1,block_4_1,block_4_1,block_32_1,cyclic_4_1,block_2_1,cyclic_4_1,block_8_1,block_4_1,cyclic_2_1,unroll_32,unroll_4,pipeline_1,1,14,0.655187052842,False
workload_216.cpp,xczu7ev-ffvc1156-2-e,10,0.12512,589,7,1,10,36,cyclic_4_1,cyclic_32_1,block_2_1,cyclic_4_1,cyclic_64_1,block_2_1,cyclic_2_1,block_4_1,block_8_1,cyclic_4_1,block_2_1,block_8_1,cyclic_4_1,block_4_1,block_2_1,unroll_32,unroll_4,pipeline_1,1,13.5,0.668506508743,False
workload_69.cpp,xczu7ev-ffvc1156-2-e,10,0.12512,587,7,1,11,37,cyclic_4_1,cyclic_32_1,block_2_1,cyclic_4_1,cyclic_64_1,block_2_1,cyclic_2_1,block_4_1,block_8_1,cyclic_4_1,block_2_1,cyclic_8_1,block_8_1,block_4_1,cyclic_2_1,unroll_32,unroll_4,pipeline_1,1,14,0.655187052842,False
workload_105.cpp,xczu7ev-ffvc1156-2-e,10,0.67671,474,5,1,4,26,cyclic_4_1,cyclic_32_1,block_2_1,cyclic_8_1,cyclic_2_1,block_2_1,cyclic_2_1,block_4_1,block_8_1,cyclic_4_1,block_2_1,cyclic_8_1,block_8_1,block_4_1,cyclic_2_1,unroll_32,unroll_4,unroll_2,1,9,0.273389063008,False
workload_193.cpp,xczu7ev-ffvc1156-2-e,10,0.248,573,4,1,11,37,cyclic_4_1,cyclic_32_1,block_2_1,cyclic_8_1,cyclic_64_1,block_2_1,cyclic_2_1,block_4_1,block_32_1,cyclic_4_1,block_2_1,cyclic_8_1,block_8_1,block_4_1,cyclic_2_1,unroll_32,unroll_4,pipeline_1,1,13.25,0.577262900029,False
workload_344.cpp,xczu7ev-ffvc1156-2-e,10,0.1866,156,25,14,16,19,cyclic_4_1,cyclic_32_1,block_2_1,cyclic_8_1,cyclic_64_1,block_64_1,block_4_1,block_4_1,block_32_1,cyclic_4_1,block_128_1,cyclic_8_1,block_8_1,block_4_1,cyclic_2_1,pipeline_1,unroll_4,pipeline_1,1,18.5,0.49856056387,False
workload_153.cpp,xczu7ev-ffvc1156-2-e,10,0.70748,480,7,1,4,27,cyclic_4_1,cyclic_32_1,block_8_1,cyclic_8_1,cyclic_2_1,block_8_1,block_16_1,block_2_1,block_8_1,cyclic_4_1,block_4_1,cyclic_8_1,block_8_1,block_4_1,cyclic_2_1,unroll_32,unroll_4,unroll_2,1,9.75,0.246842958927,False
workload_174.cpp,xczu7ev-ffvc1156-2-e,10,0.70748,482,8,1,4,27,cyclic_4_1,cyclic_32_1,cyclic_32_1,block_64_1,cyclic_2_1,block_8_1,cyclic_4_1,block_2_1,block_8_1,block_8_1,block_4_1,cyclic_8_1,block_8_1,block_4_1,cyclic_2_1,unroll_32,unroll_4,unroll_2,1,10,0.245687105042,False
workload_399.cpp,xczu7ev-ffvc1156-2-e,10,0.24798,572,4,1,10,36,cyclic_4_1,cyclic_32_1,cyclic_32_1,cyclic_8_1,cyclic_64_1,block_2_1,cyclic_2_1,block_4_1,block_32_1,cyclic_4_1,block_32_1,cyclic_8_1,block_8_1,block_4_1,complete_1,unroll_32,unroll_4,pipeline_1,1,12.75,0.590381100981,False
workload_413.cpp,xczu7ev-ffvc1156-2-e,10,0.24798,917,4,1,13,60,cyclic_4_1,cyclic_32_1,cyclic_32_1,cyclic_8_1,cyclic_64_1,cyclic_128_1,cyclic_2_1,block_4_1,block_32_1,cyclic_4_1,cyclic_2_1,cyclic_8_1,block_8_1,block_4_1,complete_1,unroll_32,unroll_4,pipeline_1,1,19.5,0.435988292139,False
workload_450.cpp,xczu7ev-ffvc1156-2-e,10,0.94966,104,8,1,2,6,cyclic_4_1,cyclic_32_1,cyclic_4_1,cyclic_64_1,cyclic_64_1,cyclic_8_1,block_16_1,cyclic_4_1,block_64_1,block_4_1,cyclic_4_1,cyclic_128_1,block_4_1,cyclic_8_1,block_8_1,unroll_2,unroll_4,unroll_2,1,4.25,0.127960926943,False
workload_277.cpp,xczu7ev-ffvc1156-2-e,10,0.12512,602,7,1,12,39,cyclic_4_1,cyclic_32_1,cyclic_4_1,cyclic_8_1,cyclic_128_1,block_4_1,cyclic_2_1,block_2_1,block_32_1,cyclic_4_1,block_2_1,cyclic_128_1,block_8_1,cyclic_2_1,cyclic_2_1,unroll_32,unroll_4,pipeline_1,1,14.75,0.634919531731,False
workload_318.cpp,xczu7ev-ffvc1156-2-e,10,0.71247,2116,4,1,7,31,cyclic_4_1,cyclic_32_1,cyclic_64_1,cyclic_8_1,cyclic_64_1,block_64_1,cyclic_2_1,block_4_1,block_32_1,cyclic_4_1,block_2_1,cyclic_8_1,block_8_1,block_4_1,cyclic_2_1,unroll_64,unroll_4,unroll_2,1,10.75,0.238562403283,False
workload_178.cpp,xczu7ev-ffvc1156-2-e,10,0.12512,601,12,1,11,40,cyclic_4_1,cyclic_4_1,block_2_1,cyclic_4_1,cyclic_64_1,block_16_1,cyclic_2_1,block_4_1,block_8_1,block_8_1,block_2_1,cyclic_8_1,block_8_1,block_4_1,cyclic_2_1,unroll_32,unroll_4,pipeline_1,1,16,0.600766906755,False
workload_878.cpp,xczu7ev-ffvc1156-2-e,10,0.00015,292,32,14,12,34,cyclic_4_1,cyclic_64_1,block_16_1,block_16_1,cyclic_2_1,cyclic_8_1,block_8_1,cyclic_4_1,block_32_1,block_8_1,block_32_1,cyclic_128_1,cyclic_8_1,cyclic_2_1,cyclic_4_1,unroll_2,unroll_2,pipeline_1,1,23,0.434588543192,False
workload_767.cpp,xczu7ev-ffvc1156-2-e,10,0.06896,140,9,3,12,12,cyclic_4_1,cyclic_64_1,block_32_1,cyclic_4_1,cyclic_16_1,block_64_1,block_4_1,cyclic_4_1,block_32_1,cyclic_2_1,block_32_1,cyclic_128_1,block_4_1,complete_1,complete_1,pipeline_1,unroll_4,pipeline_1,1,9,0.832686447641,False
workload_896.cpp,xczu7ev-ffvc1156-2-e,10,0.09233,113,9,1,4,9,cyclic_4_1,cyclic_64_1,block_32_1,cyclic_4_1,cyclic_8_1,block_128_1,cyclic_8_1,cyclic_4_1,block_32_1,cyclic_2_1,block_32_1,cyclic_128_1,cyclic_8_1,complete_1,complete_1,unroll_2,unroll_4,pipeline_1,1,5.75,0.895013188676,False
workload_725.cpp,xczu7ev-ffvc1156-2-e,10,0.09233,100,9,1,2,7,cyclic_4_1,cyclic_64_1,block_32_1,cyclic_4_1,cyclic_8_1,block_64_1,cyclic_8_1,cyclic_4_1,block_32_1,cyclic_2_1,block_32_1,cyclic_128_1,cyclic_8_1,complete_1,complete_1,unroll_2,unroll_4,pipeline_1,1,4.75,0.925900608506,False
workload_605.cpp,xczu7ev-ffvc1156-2-e,10,0.91126,97,6,1,1,5,cyclic_4_1,cyclic_64_1,block_32_1,cyclic_64_1,cyclic_8_1,block_2_1,block_4_1,cyclic_4_1,block_4_1,cyclic_4_1,block_32_1,cyclic_128_1,cyclic_8_1,complete_1,cyclic_8_1,unroll_2,unroll_4,unroll_2,1,3.25,0.142058678911,False
workload_937.cpp,xczu7ev-ffvc1156-2-e,10,0.15583,153,28,14,16,18,cyclic_4_1,cyclic_64_1,block_32_1,cyclic_64_1,cyclic_8_1,block_64_1,cyclic_8_1,block_4_1,block_32_1,cyclic_2_1,block_32_1,cyclic_128_1,cyclic_8_1,complete_1,block_2_1,pipeline_1,unroll_4,pipeline_1,1,19,0.504555128306,False
workload_618.cpp,xczu7ev-ffvc1156-2-e,10,0.89334,97,6,1,1,5,cyclic_4_1,cyclic_64_1,block_64_1,cyclic_64_1,cyclic_8_1,block_2_1,block_4_1,cyclic_4_1,block_4_1,cyclic_2_1,block_32_1,cyclic_128_1,cyclic_8_1,cyclic_4_1,cyclic_8_1,unroll_2,unroll_4,unroll_2,1,3.25,0.14952620106,False
workload_646.cpp,xczu7ev-ffvc1156-2-e,10,0.89334,99,6,1,1,5,cyclic_4_1,cyclic_64_1,block_64_1,cyclic_64_1,cyclic_8_1,block_2_1,block_4_1,cyclic_4_1,block_4_1,cyclic_2_1,cyclic_64_1,cyclic_128_1,cyclic_8_1,cyclic_4_1,cyclic_8_1,unroll_2,unroll_4,unroll_2,1,3.25,0.14952620106,False
workload_225.cpp,xczu7ev-ffvc1156-2-e,10,0.24558,250,7,1,5,23,cyclic_4_1,cyclic_64_1,block_8_1,cyclic_64_1,block_128_1,block_16_1,block_16_1,block_2_1,block_32_1,block_32_1,block_4_1,cyclic_128_1,block_8_1,block_4_1,block_8_1,unroll_8,unroll_4,pipeline_1,1,9,0.689506169909,False
workload_538.cpp,xczu7ev-ffvc1156-2-e,10,0.0381,113,7,3,7,9,cyclic_4_1,cyclic_64_1,cyclic_32_1,cyclic_4_1,cyclic_64_1,cyclic_64_1,block_4_1,cyclic_4_1,cyclic_2_1,block_8_1,cyclic_64_1,cyclic_4_1,cyclic_8_1,cyclic_4_1,cyclic_8_1,pipeline_1,unroll_4,pipeline_1,1,6.5,0.916814292619,False
workload_808.cpp,xczu7ev-ffvc1156-2-e,10,0.00015,199,46,2,3,22,cyclic_4_1,cyclic_64_1,cyclic_64_1,block_8_1,block_64_1,cyclic_8_1,block_16_1,cyclic_4_1,cyclic_2_1,block_8_1,cyclic_32_1,cyclic_4_1,block_4_1,cyclic_2_1,cyclic_4_1,unroll_2,unroll_2,unroll_2,1,18.25,0.566161234506,False
workload_788.cpp,xczu7ev-ffvc1156-2-e,10,0.86769,102,5,1,2,7,cyclic_4_1,cyclic_64_1,cyclic_64_1,block_8_1,block_64_1,cyclic_8_1,block_64_1,cyclic_2_1,block_2_1,block_8_1,cyclic_32_1,cyclic_32_1,block_4_1,cyclic_2_1,cyclic_4_1,unroll_2,unroll_4,unroll_2,1,3.75,0.161194605029,False
workload_517.cpp,xczu7ev-ffvc1156-2-e,10,0.00015,177,48,5,6,16,cyclic_4_1,cyclic_8_1,cyclic_32_1,cyclic_128_1,cyclic_64_1,cyclic_16_1,block_8_1,cyclic_4_1,block_2_1,cyclic_4_1,block_8_1,block_32_1,cyclic_8_1,complete_1,complete_1,unroll_2,unroll_2,pipeline_1,1,18.75,0.551300646647,False
workload_578.cpp,xczu7ev-ffvc1156-2-e,10,0.21553,110,4,1,4,9,cyclic_4_1,cyclic_8_1,cyclic_64_1,block_16_1,cyclic_64_1,block_64_1,cyclic_8_1,block_2_1,cyclic_128_1,cyclic_4_1,cyclic_64_1,cyclic_4_1,cyclic_4_1,cyclic_8_1,cyclic_4_1,unroll_2,unroll_4,pipeline_1,1,4.5,0.819417932573,False
workload_717.cpp,xczu7ev-ffvc1156-2-e,10,0.00015,199,32,5,7,23,cyclic_4_1,cyclic_8_1,cyclic_64_1,block_2_1,cyclic_8_1,cyclic_64_1,cyclic_8_1,block_2_1,block_64_1,cyclic_4_1,cyclic_64_1,cyclic_4_1,cyclic_4_1,cyclic_8_1,cyclic_4_1,unroll_2,unroll_2,pipeline_1,1,16.75,0.612155888248,False
workload_657.cpp,xczu7ev-ffvc1156-2-e,10,0.21553,111,4,1,4,9,cyclic_4_1,cyclic_8_1,cyclic_64_1,block_8_1,cyclic_64_1,block_64_1,block_4_1,block_2_1,cyclic_128_1,cyclic_4_1,cyclic_64_1,cyclic_4_1,cyclic_4_1,cyclic_8_1,cyclic_4_1,unroll_2,unroll_4,pipeline_1,1,4.5,0.819417932573,False
workload_562.cpp,xczu7ev-ffvc1156-2-e,10,0.21553,112,4,1,4,9,cyclic_4_1,cyclic_8_1,cyclic_64_1,block_8_1,cyclic_64_1,block_64_1,block_64_1,block_2_1,cyclic_4_1,block_8_1,cyclic_64_1,block_128_1,cyclic_4_1,cyclic_8_1,cyclic_4_1,unroll_2,unroll_4,pipeline_1,1,4.5,0.819417932573,False
workload_925.cpp,xczu7ev-ffvc1156-2-e,10,0.86769,108,4,1,3,9,cyclic_4_1,cyclic_8_1,cyclic_64_1,block_8_1,cyclic_64_1,block_64_1,cyclic_8_1,block_2_1,block_64_1,cyclic_4_1,cyclic_64_1,cyclic_4_1,cyclic_4_1,cyclic_2_1,complete_1,unroll_2,unroll_4,unroll_2,1,4.25,0.161025984523,False
workload_447.cpp,xczu7ev-ffvc1156-2-e,10,0.21553,109,4,1,4,9,cyclic_4_1,cyclic_8_1,cyclic_64_1,block_8_1,cyclic_64_1,block_64_1,cyclic_8_1,block_2_1,cyclic_128_1,cyclic_4_1,cyclic_64_1,cyclic_4_1,cyclic_4_1,cyclic_8_1,cyclic_4_1,unroll_2,unroll_4,pipeline_1,1,4.5,0.819417932573,False
workload_683.cpp,xczu7ev-ffvc1156-2-e,10,0.87281,113,4,1,4,9,cyclic_4_1,cyclic_8_1,cyclic_64_1,block_8_1,cyclic_64_1,block_64_1,cyclic_8_1,block_2_1,cyclic_128_1,cyclic_4_1,cyclic_64_1,cyclic_4_1,cyclic_4_1,cyclic_8_1,cyclic_4_1,unroll_2,unroll_4,unroll_2,1,4.5,0.15847425533,False
workload_886.cpp,xczu7ev-ffvc1156-2-e,10,0.86769,106,4,1,3,8,cyclic_4_1,cyclic_8_1,cyclic_64_1,block_8_1,cyclic_64_1,block_64_1,cyclic_8_1,block_2_1,cyclic_2_1,cyclic_4_1,cyclic_64_1,cyclic_4_1,cyclic_4_1,cyclic_2_1,cyclic_4_1,unroll_2,unroll_4,unroll_2,1,4,0.161121170325,False
workload_547.cpp,xczu7ev-ffvc1156-2-e,10,0.2463,107,4,1,3,8,cyclic_4_1,cyclic_8_1,cyclic_64_1,block_8_1,cyclic_64_1,block_64_1,cyclic_8_1,block_2_1,cyclic_4_1,cyclic_2_1,cyclic_32_1,block_32_1,cyclic_4_1,cyclic_8_1,cyclic_4_1,unroll_2,unroll_4,pipeline_1,1,4,0.795616671407,False
workload_483.cpp,xczu7ev-ffvc1156-2-e,10,0.21553,110,4,1,4,9,cyclic_4_1,cyclic_8_1,cyclic_64_1,block_8_1,cyclic_64_1,block_64_1,cyclic_8_1,block_2_1,cyclic_4_1,cyclic_4_1,cyclic_64_1,block_32_1,cyclic_4_1,cyclic_8_1,cyclic_4_1,unroll_2,unroll_4,pipeline_1,1,4.5,0.819417932573,False
workload_599.cpp,xczu7ev-ffvc1156-2-e,10,0.21553,106,4,1,4,9,cyclic_4_1,cyclic_8_1,cyclic_64_1,block_8_1,cyclic_64_1,block_64_1,cyclic_8_1,cyclic_128_1,cyclic_128_1,cyclic_4_1,cyclic_64_1,cyclic_4_1,cyclic_4_1,cyclic_4_1,cyclic_4_1,unroll_2,unroll_4,pipeline_1,1,4.5,0.819417932573,False
workload_476.cpp,xczu7ev-ffvc1156-2-e,10,0.2463,104,4,1,4,8,cyclic_4_1,cyclic_8_1,cyclic_64_1,block_8_1,cyclic_64_1,cyclic_64_1,cyclic_8_1,block_2_1,cyclic_128_1,block_16_1,block_32_1,cyclic_4_1,cyclic_4_1,cyclic_8_1,cyclic_4_1,unroll_2,unroll_4,pipeline_1,1,4.25,0.792135773651,False
workload_411.cpp,xczu7ev-ffvc1156-2-e,10,0.21553,108,4,1,5,9,cyclic_4_1,cyclic_8_1,cyclic_64_1,block_8_1,cyclic_64_1,cyclic_64_1,cyclic_8_1,block_2_1,cyclic_128_1,block_16_1,cyclic_64_1,cyclic_4_1,cyclic_4_1,cyclic_8_1,cyclic_4_1,unroll_2,unroll_4,pipeline_1,1,4.75,0.814279761976,False
workload_790.cpp,xczu7ev-ffvc1156-2-e,10,0.87281,101,5,1,3,7,cyclic_4_1,cyclic_8_1,cyclic_64_1,block_8_1,cyclic_64_1,cyclic_8_1,cyclic_8_1,block_2_1,cyclic_128_1,cyclic_4_1,cyclic_64_1,cyclic_4_1,cyclic_4_1,cyclic_8_1,cyclic_4_1,unroll_2,unroll_4,unroll_2,1,4,0.158680392533,False
workload_815.cpp,xczu7ev-ffvc1156-2-e,10,0.21553,99,5,1,3,7,cyclic_4_1,cyclic_8_1,cyclic_64_1,block_8_1,cyclic_64_1,cyclic_8_1,cyclic_8_1,cyclic_4_1,cyclic_128_1,cyclic_4_1,cyclic_64_1,cyclic_4_1,block_4_1,cyclic_8_1,cyclic_4_1,unroll_2,unroll_4,pipeline_1,1,4,0.829196746358,False
workload_858.cpp,xczu7ev-ffvc1156-2-e,10,0.2463,95,5,1,2,5,cyclic_4_1,cyclic_8_1,cyclic_64_1,cyclic_64_1,cyclic_2_1,block_2_1,block_8_1,block_2_1,cyclic_128_1,cyclic_2_1,cyclic_64_1,cyclic_32_1,cyclic_8_1,cyclic_8_1,cyclic_4_1,unroll_2,unroll_4,pipeline_1,1,3.25,0.808049775704,False
workload_794.cpp,xczu7ev-ffvc1156-2-e,10,0.87281,106,4,1,4,9,cyclic_4_1,cyclic_8_1,cyclic_64_1,cyclic_64_1,cyclic_64_1,block_64_1,block_8_1,block_2_1,cyclic_128_1,cyclic_4_1,cyclic_64_1,cyclic_4_1,cyclic_4_1,cyclic_8_1,block_8_1,unroll_2,unroll_4,unroll_2,1,4.5,0.15847425533,False
workload_698.cpp,xczu7ev-ffvc1156-2-e,10,0.21553,111,4,1,4,9,cyclic_4_1,cyclic_8_1,cyclic_64_1,cyclic_64_1,cyclic_64_1,block_64_1,cyclic_8_1,block_2_1,cyclic_128_1,cyclic_4_1,cyclic_64_1,cyclic_4_1,cyclic_4_1,cyclic_8_1,cyclic_4_1,unroll_2,unroll_4,pipeline_1,1,4.5,0.819417932573,False
workload_545.cpp,xczu7ev-ffvc1156-2-e,10,0.87281,112,4,1,4,9,cyclic_4_1,cyclic_8_1,cyclic_64_1,cyclic_64_1,cyclic_64_1,block_64_1,cyclic_8_1,block_2_1,cyclic_128_1,cyclic_4_1,cyclic_64_1,cyclic_4_1,cyclic_4_1,cyclic_8_1,cyclic_4_1,unroll_2,unroll_4,unroll_2,1,4.5,0.15847425533,False
workload_726.cpp,xczu7ev-ffvc1156-2-e,10,0.87281,109,4,1,4,9,cyclic_4_1,cyclic_8_1,cyclic_64_1,cyclic_64_1,cyclic_64_1,block_64_1,cyclic_8_1,block_2_1,cyclic_128_1,cyclic_4_1,cyclic_64_1,cyclic_8_1,cyclic_4_1,cyclic_8_1,cyclic_4_1,unroll_2,unroll_4,unroll_2,1,4.5,0.15847425533,False
workload_763.cpp,xczu7ev-ffvc1156-2-e,10,0.86257,98,7,1,2,7,cyclic_4_1,cyclic_8_1,cyclic_64_1,cyclic_64_1,cyclic_8_1,block_64_1,cyclic_8_1,block_2_1,cyclic_128_1,block_8_1,cyclic_64_1,cyclic_4_1,cyclic_4_1,block_8_1,cyclic_4_1,unroll_2,unroll_4,unroll_2,1,4.25,0.163513760514,False
workload_190.cpp,xczu7ev-ffvc1156-2-e,10,0.15978,270,25,3,5,11,cyclic_64_1,block_128_1,block_64_1,block_32_1,block_16_1,cyclic_8_1,block_8_1,block_4_1,block_16_1,cyclic_16_1,block_16_1,block_64_1,cyclic_4_1,block_8_1,block_8_1,pipeline_1,unroll_4,unroll_8,1,11,0.691959401569,False
workload_100.cpp,xczu7ev-ffvc1156-2-e,10,0.15978,368,25,3,5,12,cyclic_64_1,block_128_1,cyclic_8_1,block_32_1,block_16_1,block_16_1,block_8_1,block_4_1,block_16_1,cyclic_16_1,block_16_1,block_64_1,complete_1,block_8_1,block_8_1,pipeline_1,unroll_4,unroll_8,1,11.25,0.687130138564,False
workload_156.cpp,xczu7ev-ffvc1156-2-e,10,0.18782,376,27,10,9,22,cyclic_64_1,block_128_1,cyclic_8_1,cyclic_128_1,block_128_1,block_16_1,block_8_1,block_2_1,block_16_1,cyclic_16_1,block_16_1,block_64_1,complete_1,block_8_1,block_8_1,pipeline_1,unroll_4,unroll_8,1,17,0.532824346546,False
workload_0.cpp,xczu7ev-ffvc1156-2-e,10,0.21648,1276,22,1,17,34,cyclic_64_1,block_128_1,cyclic_8_1,cyclic_16_1,block_16_1,block_16_1,block_8_1,cyclic_128_1,block_16_1,cyclic_16_1,block_16_1,block_64_1,complete_1,cyclic_2_1,block_8_1,unroll_64,unroll_4,pipeline_1,1,18.5,0.478600891857,False
workload_80.cpp,xczu7ev-ffvc1156-2-e,10,0.21016,293,23,1,7,22,cyclic_64_1,block_64_1,block_64_1,block_64_1,block_16_1,block_4_1,block_8_1,cyclic_8_1,block_32_1,block_4_1,block_16_1,block_4_1,complete_1,cyclic_8_1,block_8_1,unroll_16,unroll_4,pipeline_1,1,13.25,0.594818640486,False
workload_145.cpp,xczu7ev-ffvc1156-2-e,10,0.24154,437,16,1,10,36,cyclic_64_1,block_64_1,block_64_1,block_64_1,cyclic_8_1,block_128_1,block_8_1,cyclic_8_1,block_32_1,block_4_1,cyclic_128_1,block_4_1,complete_1,block_4_1,block_8_1,unroll_16,unroll_4,pipeline_1,1,15.75,0.515527207356,False
workload_40.cpp,xczu7ev-ffvc1156-2-e,10,0.21648,1216,20,1,16,33,cyclic_64_1,block_64_1,cyclic_8_1,cyclic_16_1,block_16_1,block_4_1,block_8_1,cyclic_8_1,block_16_1,cyclic_16_1,block_16_1,block_64_1,complete_1,cyclic_2_1,block_8_1,unroll_64,unroll_4,pipeline_1,1,17.5,0.500287720885,False
workload_242.cpp,xczu7ev-ffvc1156-2-e,10,0.94946,322,21,1,3,25,cyclic_64_1,cyclic_2_1,cyclic_4_1,cyclic_32_1,cyclic_8_1,cyclic_8_1,block_32_1,cyclic_128_1,block_64_1,cyclic_8_1,cyclic_4_1,block_128_1,cyclic_4_1,complete_1,cyclic_2_1,unroll_16,unroll_4,unroll_2,1,12.5,0.119641816215,False
workload_782.cpp,xczu7ev-ffvc1156-2-e,10,0.24342,97,5,1,2,6,cyclic_8_1,cyclic_16_1,block_2_1,block_2_1,cyclic_64_1,cyclic_8_1,block_4_1,block_4_1,cyclic_2_1,block_8_1,block_128_1,block_32_1,cyclic_4_1,cyclic_2_1,complete_1,unroll_2,unroll_4,pipeline_1,1,3.5,0.805435873849,False
workload_733.cpp,xczu7ev-ffvc1156-2-e,10,0.00015,170,17,1,5,15,cyclic_8_1,cyclic_16_1,cyclic_4_1,block_4_1,block_64_1,cyclic_8_1,block_8_1,cyclic_4_1,block_2_1,block_8_1,cyclic_4_1,cyclic_128_1,block_4_1,cyclic_2_1,block_8_1,unroll_2,unroll_2,unroll_2,1,9.5,0.862925560884,False
workload_771.cpp,xczu7ev-ffvc1156-2-e,10,0.00015,173,45,2,2,18,cyclic_8_1,cyclic_16_1,cyclic_64_1,block_2_1,block_32_1,cyclic_8_1,block_8_1,cyclic_4_1,cyclic_2_1,cyclic_2_1,block_32_1,cyclic_4_1,block_4_1,cyclic_2_1,cyclic_4_1,unroll_2,unroll_2,unroll_2,1,16.75,0.612155888248,False
workload_839.cpp,xczu7ev-ffvc1156-2-e,10,0.21265,100,5,1,3,7,cyclic_8_1,cyclic_16_1,cyclic_64_1,cyclic_64_1,cyclic_64_1,cyclic_8_1,block_4_1,cyclic_4_1,block_2_1,cyclic_2_1,cyclic_64_1,block_128_1,cyclic_4_1,cyclic_2_1,complete_1,unroll_2,unroll_4,pipeline_1,1,4,0.83083815923,False
workload_955.cpp,xczu7ev-ffvc1156-2-e,10,0.24342,99,4,1,2,6,cyclic_8_1,cyclic_2_1,block_2_1,block_2_1,cyclic_64_1,block_2_1,block_4_1,cyclic_4_1,cyclic_4_1,block_8_1,block_32_1,cyclic_4_1,cyclic_8_1,cyclic_2_1,complete_1,unroll_2,unroll_4,pipeline_1,1,3.25,0.809453652082,False
workload_704.cpp,xczu7ev-ffvc1156-2-e,10,0.24342,107,4,1,4,8,cyclic_8_1,cyclic_2_1,block_2_1,block_2_1,cyclic_64_1,cyclic_64_1,cyclic_8_1,cyclic_4_1,cyclic_2_1,block_4_1,block_128_1,cyclic_4_1,block_4_1,cyclic_2_1,complete_1,unroll_2,unroll_4,pipeline_1,1,4.25,0.795955623276,False
workload_677.cpp,xczu7ev-ffvc1156-2-e,10,0.24342,98,5,1,2,6,cyclic_8_1,cyclic_2_1,block_2_1,block_2_1,cyclic_64_1,cyclic_8_1,block_4_1,cyclic_4_1,cyclic_2_1,block_8_1,block_32_1,cyclic_128_1,block_4_1,cyclic_2_1,complete_1,unroll_2,unroll_4,pipeline_1,1,3.5,0.805435873849,False
workload_799.cpp,xczu7ev-ffvc1156-2-e,10,0.08913,100,7,1,3,7,cyclic_8_1,cyclic_2_1,block_2_1,cyclic_8_1,cyclic_64_1,block_2_1,block_4_1,cyclic_128_1,cyclic_4_1,cyclic_8_1,cyclic_64_1,cyclic_4_1,cyclic_8_1,complete_1,complete_1,unroll_2,unroll_4,pipeline_1,1,4.5,0.934359748477,False
workload_806.cpp,xczu7ev-ffvc1156-2-e,10,0.15705,287,7,9,11,21,cyclic_8_1,cyclic_2_1,cyclic_32_1,cyclic_4_1,block_128_1,cyclic_64_1,block_4_1,cyclic_4_1,cyclic_2_1,block_8_1,block_128_1,block_32_1,cyclic_4_1,cyclic_2_1,cyclic_8_1,pipeline_1,unroll_4,unroll_2,1,12,0.67470459158,False
workload_880.cpp,xczu7ev-ffvc1156-2-e,10,0.24342,101,4,1,2,6,cyclic_8_1,cyclic_64_1,block_128_1,block_2_1,cyclic_64_1,block_2_1,block_4_1,cyclic_4_1,cyclic_4_1,block_4_1,block_128_1,cyclic_4_1,cyclic_8_1,cyclic_2_1,cyclic_8_1,unroll_2,unroll_4,pipeline_1,1,3.25,0.809453652082,False
workload_530.cpp,xczu7ev-ffvc1156-2-e,10,0.21265,102,5,1,3,9,cyclic_8_1,cyclic_64_1,block_2_1,block_2_1,block_64_1,cyclic_8_1,block_64_1,cyclic_4_1,cyclic_2_1,block_8_1,block_32_1,cyclic_4_1,block_4_1,cyclic_2_1,complete_1,unroll_2,unroll_4,pipeline_1,1,4.5,0.821273266951,False
workload_932.cpp,xczu7ev-ffvc1156-2-e,10,0.00015,236,23,5,11,27,cyclic_8_1,cyclic_64_1,block_2_1,block_2_1,cyclic_64_1,block_2_1,block_4_1,cyclic_4_1,cyclic_4_1,block_8_1,block_128_1,cyclic_4_1,cyclic_8_1,cyclic_2_1,complete_1,unroll_2,unroll_2,pipeline_1,1,16.5,0.620026596888,False
workload_827.cpp,xczu7ev-ffvc1156-2-e,10,0.24342,100,4,1,2,6,cyclic_8_1,cyclic_64_1,block_2_1,block_2_1,cyclic_64_1,block_2_1,block_4_1,cyclic_4_1,cyclic_4_1,block_8_1,block_128_1,cyclic_4_1,cyclic_8_1,cyclic_2_1,complete_1,unroll_2,unroll_4,pipeline_1,1,3.25,0.809453652082,False
workload_836.cpp,xczu7ev-ffvc1156-2-e,10,0.24342,95,4,1,2,6,cyclic_8_1,cyclic_64_1,block_2_1,block_2_1,cyclic_64_1,block_2_1,block_8_1,cyclic_4_1,cyclic_2_1,block_8_1,block_32_1,cyclic_4_1,block_4_1,cyclic_2_1,complete_1,unroll_2,unroll_4,pipeline_1,1,3.25,0.809453652082,False
workload_582.cpp,xczu7ev-ffvc1156-2-e,10,0.24342,96,5,1,2,6,cyclic_8_1,cyclic_64_1,block_2_1,block_2_1,cyclic_64_1,cyclic_8_1,block_4_1,cyclic_4_1,cyclic_2_1,block_8_1,block_32_1,cyclic_4_1,block_4_1,cyclic_2_1,complete_1,unroll_2,unroll_4,pipeline_1,1,3.5,0.805435873849,False
workload_630.cpp,xczu7ev-ffvc1156-2-e,10,0.21265,101,5,1,3,7,cyclic_8_1,cyclic_64_1,block_2_1,block_2_1,cyclic_64_1,cyclic_8_1,block_4_1,cyclic_4_1,cyclic_2_1,block_8_1,cyclic_64_1,cyclic_4_1,cyclic_4_1,cyclic_2_1,complete_1,unroll_2,unroll_4,pipeline_1,1,4,0.83083815923,False
workload_641.cpp,xczu7ev-ffvc1156-2-e,10,0.24342,101,5,1,2,6,cyclic_8_1,cyclic_64_1,block_2_1,block_2_1,cyclic_64_1,cyclic_8_1,cyclic_8_1,cyclic_4_1,block_2_1,block_8_1,block_32_1,cyclic_4_1,cyclic_8_1,cyclic_2_1,complete_1,unroll_2,unroll_4,pipeline_1,1,3.5,0.805435873849,False
workload_764.cpp,xczu7ev-ffvc1156-2-e,10,0.87281,97,12,1,1,6,cyclic_8_1,cyclic_64_1,block_2_1,block_2_1,cyclic_8_1,cyclic_32_1,cyclic_8_1,cyclic_4_1,block_64_1,cyclic_8_1,block_128_1,cyclic_128_1,block_4_1,cyclic_2_1,complete_1,unroll_2,unroll_4,unroll_2,1,5,0.158184145978,False
workload_670.cpp,xczu7ev-ffvc1156-2-e,10,0.08977,101,8,1,3,7,cyclic_8_1,cyclic_64_1,block_2_1,cyclic_8_1,cyclic_64_1,cyclic_8_1,block_4_1,cyclic_4_1,cyclic_2_1,block_8_1,cyclic_64_1,cyclic_4_1,cyclic_4_1,cyclic_2_1,complete_1,unroll_2,unroll_4,pipeline_1,1,4.75,0.927322859198,False
workload_920.cpp,xczu7ev-ffvc1156-2-e,10,0.24342,96,9,1,1,5,cyclic_8_1,cyclic_64_1,block_64_1,block_2_1,cyclic_32_1,block_2_1,block_4_1,cyclic_4_1,block_64_1,cyclic_8_1,cyclic_64_1,cyclic_4_1,cyclic_4_1,cyclic_2_1,complete_1,unroll_2,unroll_4,pipeline_1,1,4,0.799640377419,False
workload_884.cpp,xczu7ev-ffvc1156-2-e,10,0.21265,96,4,1,3,7,cyclic_8_1,cyclic_64_1,block_64_1,block_2_1,cyclic_64_1,block_2_1,block_4_1,cyclic_4_1,block_64_1,block_8_1,cyclic_64_1,cyclic_4_1,cyclic_4_1,cyclic_2_1,complete_1,unroll_2,unroll_4,pipeline_1,1,3.75,0.835208220141,False
workload_740.cpp,xczu7ev-ffvc1156-2-e,10,0.24345,96,6,1,2,6,cyclic_8_1,cyclic_64_1,block_64_1,block_2_1,cyclic_64_1,cyclic_4_1,block_4_1,cyclic_4_1,cyclic_2_1,block_8_1,block_128_1,cyclic_4_1,cyclic_4_1,cyclic_2_1,cyclic_8_1,unroll_2,unroll_4,pipeline_1,1,3.75,0.802754056655,False
workload_902.cpp,xczu7ev-ffvc1156-2-e,10,0.21233,110,4,1,4,11,cyclic_8_1,cyclic_64_1,cyclic_128_1,block_2_1,block_64_1,block_64_1,block_64_1,block_2_1,cyclic_128_1,block_8_1,block_32_1,cyclic_2_1,cyclic_4_1,cyclic_8_1,cyclic_4_1,unroll_2,unroll_4,pipeline_1,1,5,0.811147722795,False
workload_830.cpp,xczu7ev-ffvc1156-2-e,10,0.86449,110,4,1,3,9,cyclic_8_1,cyclic_64_1,cyclic_128_1,block_2_1,block_64_1,block_64_1,block_64_1,block_2_1,cyclic_2_1,block_8_1,block_32_1,cyclic_4_1,cyclic_4_1,cyclic_2_1,cyclic_4_1,unroll_2,unroll_4,unroll_2,1,4.25,0.162575025522,False
workload_861.cpp,xczu7ev-ffvc1156-2-e,10,0.86193,97,7,1,1,5,cyclic_8_1,cyclic_64_1,cyclic_128_1,block_2_1,cyclic_8_1,block_2_1,cyclic_8_1,block_2_1,block_2_1,cyclic_2_1,block_32_1,cyclic_4_1,cyclic_8_1,complete_1,cyclic_4_1,unroll_2,unroll_4,unroll_2,1,3.5,0.164055556459,False
workload_953.cpp,xczu7ev-ffvc1156-2-e,10,0.2431,104,5,1,3,8,cyclic_8_1,cyclic_64_1,cyclic_128_1,block_2_1,cyclic_8_1,block_64_1,block_64_1,block_2_1,cyclic_128_1,block_8_1,block_32_1,cyclic_2_1,cyclic_4_1,cyclic_8_1,cyclic_4_1,unroll_2,unroll_4,pipeline_1,1,4.25,0.7963736927,False
workload_895.cpp,xczu7ev-ffvc1156-2-e,10,0.18586,127,25,29,18,19,cyclic_8_1,cyclic_64_1,cyclic_32_1,cyclic_4_1,cyclic_64_1,cyclic_64_1,block_4_1,block_4_1,cyclic_2_1,block_2_1,cyclic_4_1,block_128_1,block_4_1,cyclic_2_1,complete_1,pipeline_1,unroll_4,pipeline_1,1,22.75,0.401873164062,False
workload_849.cpp,xczu7ev-ffvc1156-2-e,10,0.00015,190,23,5,5,18,cyclic_8_1,cyclic_64_1,cyclic_4_1,block_2_1,cyclic_64_1,block_2_1,block_4_1,cyclic_4_1,cyclic_4_1,block_8_1,block_128_1,cyclic_4_1,cyclic_8_1,cyclic_2_1,complete_1,unroll_2,unroll_2,pipeline_1,1,12.75,0.744960486219,False
workload_820.cpp,xczu7ev-ffvc1156-2-e,10,0.19057,105,5,3,5,8,cyclic_8_1,cyclic_64_1,cyclic_4_1,cyclic_4_1,cyclic_64_1,block_2_1,block_4_1,cyclic_4_1,block_2_1,block_2_1,cyclic_4_1,block_128_1,block_4_1,cyclic_2_1,complete_1,pipeline_1,unroll_4,unroll_2,1,5.25,0.816751355362,False
workload_954.cpp,xczu7ev-ffvc1156-2-e,10,0.24342,98,5,1,2,6,cyclic_8_1,cyclic_64_1,cyclic_4_1,cyclic_4_1,cyclic_64_1,block_2_1,block_4_1,cyclic_4_1,block_4_1,block_2_1,cyclic_4_1,block_128_1,block_4_1,cyclic_2_1,complete_1,unroll_2,unroll_4,pipeline_1,1,3.5,0.805435873849,False
workload_728.cpp,xczu7ev-ffvc1156-2-e,10,0.19057,105,5,3,5,8,cyclic_8_1,cyclic_64_1,cyclic_4_1,cyclic_64_1,cyclic_64_1,block_2_1,block_4_1,block_4_1,block_2_1,block_2_1,cyclic_4_1,block_128_1,block_4_1,cyclic_2_1,complete_1,pipeline_1,unroll_4,pipeline_1,1,5.25,0.816751355362,False
workload_844.cpp,xczu7ev-ffvc1156-2-e,10,0.19057,106,5,3,5,8,cyclic_8_1,cyclic_64_1,cyclic_4_1,cyclic_64_1,cyclic_64_1,block_2_1,block_4_1,block_4_1,block_64_1,block_2_1,cyclic_8_1,block_128_1,block_4_1,cyclic_2_1,complete_1,pipeline_1,unroll_4,pipeline_1,1,5.25,0.816751355362,False
workload_762.cpp,xczu7ev-ffvc1156-2-e,10,0.24342,102,5,1,2,6,cyclic_8_1,cyclic_64_1,cyclic_4_1,cyclic_64_1,cyclic_64_1,cyclic_8_1,block_4_1,block_4_1,block_2_1,block_2_1,cyclic_4_1,block_128_1,block_4_1,cyclic_2_1,complete_1,unroll_2,unroll_4,pipeline_1,1,3.5,0.805435873849,False
workload_854.cpp,xczu7ev-ffvc1156-2-e,10,0.15986,153,7,3,6,14,cyclic_8_1,cyclic_64_1,cyclic_64_1,block_2_1,block_64_1,cyclic_8_1,block_64_1,cyclic_128_1,cyclic_2_1,block_8_1,block_32_1,cyclic_4_1,block_4_1,cyclic_2_1,cyclic_4_1,pipeline_1,unroll_4,unroll_2,1,7.5,0.782012780092,False
workload_916.cpp,xczu7ev-ffvc1156-2-e,10,0.00015,203,47,1,4,25,cyclic_8_1,cyclic_64_1,cyclic_64_1,block_2_1,block_64_1,cyclic_8_1,block_64_1,cyclic_4_1,cyclic_2_1,block_8_1,block_32_1,cyclic_32_1,cyclic_8_1,cyclic_2_1,cyclic_4_1,unroll_2,unroll_2,unroll_2,1,19.25,0.536676708845,False
workload_612.cpp,xczu7ev-ffvc1156-2-e,10,0.86513,104,5,1,2,7,cyclic_8_1,cyclic_64_1,cyclic_64_1,block_2_1,block_64_1,cyclic_8_1,block_64_1,cyclic_4_1,cyclic_2_1,block_8_1,block_32_1,cyclic_4_1,block_4_1,cyclic_2_1,cyclic_4_1,unroll_2,unroll_4,unroll_2,1,3.75,0.162434676312,False
workload_917.cpp,xczu7ev-ffvc1156-2-e,10,0.24374,96,4,1,2,6,cyclic_8_1,cyclic_64_1,cyclic_64_1,block_2_1,cyclic_64_1,block_2_1,block_4_1,cyclic_4_1,cyclic_4_1,block_8_1,cyclic_32_1,cyclic_4_1,block_4_1,cyclic_2_1,cyclic_4_1,unroll_2,unroll_4,pipeline_1,1,3.25,0.809312373555,False
workload_931.cpp,xczu7ev-ffvc1156-2-e,10,0.21265,103,5,1,3,9,cyclic_8_1,cyclic_64_1,cyclic_64_1,cyclic_64_1,block_64_1,block_2_1,block_64_1,block_2_1,cyclic_2_1,block_8_1,block_32_1,cyclic_32_1,cyclic_8_1,cyclic_2_1,cyclic_4_1,unroll_2,unroll_4,pipeline_1,1,4.5,0.821273266951,False
