Version,Device,Clock_Period_nsec,Latency_msec,Synthesis_Time_sec,BRAM_Utilization_percentage,DSP_Utilization_percentage,FF_Utilization_percentage,LUT_Utilization_percentage,Array_1,Array_2,Array_3,OuterLoop_1,OuterLoop_2,OuterLoop_3,OuterLoop_4,InnerLoop_1_1,Replicate_Count,Area,Weight,is_pareto
workload_4087.cpp,xcu200-fsgd2104-2-e,3.33,24.65031834,78,0,0,0,1,block_128_1,block_2_1,complete_1,unroll_2,pipeline_1,unroll_2,unroll_2,unroll_2,1,0.25,0.803472970446,False
workload_3998.cpp,xcu200-fsgd2104-2-e,3.33,22.9044393,107,0,0,0,1,block_128_1,block_2_1,complete_1,unroll_2,pipeline_1,unroll_4,unroll_2,unroll_2,1,0.25,0.821037485715,False
workload_4047.cpp,xcu200-fsgd2104-2-e,3.33,10.78249338,199,0,0,0,1,block_128_1,block_2_1,complete_1,unroll_2,pipeline_1,unroll_4,unroll_64,unroll_2,1,0.25,0.936260639532,False
workload_4031.cpp,xcu200-fsgd2104-2-e,3.33,14.29610625,138,0,0,0,2,block_128_1,block_4_1,complete_1,pipeline_1,pipeline_1,unroll_32,unroll_4,pipeline_1,1,0.5,0.874165667828,False
workload_4080.cpp,xcu200-fsgd2104-2-e,3.33,81.24136065,114,0,0,0,3,block_128_1,cyclic_16_1,complete_1,unroll_16,unroll_4,pipeline_1,unroll_2,pipeline_1,1,0.75,0.336042198875,False
workload_4084.cpp,xcu200-fsgd2104-2-e,3.33,21.27280257,138,0,0,0,2,block_128_1,cyclic_32_1,complete_1,unroll_2,pipeline_1,unroll_32,unroll_4,pipeline_1,1,0.5,0.818031694694,False
workload_4107.cpp,xcu200-fsgd2104-2-e,3.33,15.05480346,79,0,0,0,1,block_128_1,cyclic_8_1,complete_1,pipeline_1,pipeline_1,unroll_4,unroll_2,pipeline_1,1,0.25,0.899503954012,False
workload_4043.cpp,xcu200-fsgd2104-2-e,3.33,14.24325249,87,0,0,0,1,block_128_1,cyclic_8_1,complete_1,pipeline_1,pipeline_1,unroll_64,unroll_2,pipeline_1,1,0.25,0.907194034417,False
workload_4303.cpp,xcu200-fsgd2104-2-e,3.33,3.76455834,485,0,1,1,7,block_16_1,block_128_1,complete_1,unroll_4,unroll_2,unroll_2,pipeline_1,unroll_2,1,2.25,0.697238139527,False
workload_4164.cpp,xcu200-fsgd2104-2-e,3.33,4.63067802,496,0,1,1,6,block_16_1,block_2_1,complete_1,unroll_2,unroll_2,unroll_8,pipeline_1,pipeline_1,1,2,0.739772877421,False
workload_4175.cpp,xcu200-fsgd2104-2-e,3.33,12.87245466,59,0,0,0,0,block_16_1,block_2_1,complete_1,unroll_32,pipeline_1,unroll_8,unroll_2,pipeline_1,1,0,0.936775122015,False
workload_4089.cpp,xcu200-fsgd2104-2-e,3.33,5.55817626,434,0,9,5,12,block_16_1,block_32_1,complete_1,unroll_64,pipeline_1,pipeline_1,pipeline_1,pipeline_1,1,6.5,0.198960071634,False
workload_4118.cpp,xcu200-fsgd2104-2-e,3.33,10.81051866,87,0,0,0,1,block_16_1,block_32_1,complete_1,unroll_64,pipeline_1,pipeline_1,unroll_32,pipeline_1,1,0.25,0.936065718229,False
workload_4097.cpp,xcu200-fsgd2104-2-e,3.33,5.55817626,437.5,0,9,5,12,block_16_1,block_32_1,complete_1,unroll_64,pipeline_1,unroll_8,pipeline_1,pipeline_1,2,6.5,0.198960071634,False
workload_4074.cpp,xcu200-fsgd2104-2-e,3.33,5.8036905,1080,0,3,3,9,block_16_1,block_32_1,complete_1,unroll_64,unroll_16,pipeline_1,pipeline_1,pipeline_1,1,3.75,0.473601430876,False
workload_4144.cpp,xcu200-fsgd2104-2-e,3.33,5.8036905,692,0,3,3,9,block_16_1,block_32_1,complete_1,unroll_64,unroll_16,unroll_16,pipeline_1,pipeline_1,1,3.75,0.473601430876,False
workload_4033.cpp,xcu200-fsgd2104-2-e,3.33,5.8036905,1097,0,3,3,9,block_16_1,block_32_1,complete_1,unroll_64,unroll_16,unroll_8,pipeline_1,pipeline_1,1,3.75,0.473601430876,False
workload_4154.cpp,xcu200-fsgd2104-2-e,3.33,5.8036905,1460,0,3,3,8,block_16_1,block_32_1,complete_1,unroll_8,unroll_16,pipeline_1,pipeline_1,pipeline_1,1,3.5,0.5072812783,False
workload_4233.cpp,xcu200-fsgd2104-2-e,3.33,5.4967977,523,0,1,2,6,block_16_1,block_4_1,complete_1,pipeline_1,pipeline_1,unroll_32,pipeline_1,pipeline_1,1,2.25,0.69735281892,False
workload_4054.cpp,xcu200-fsgd2104-2-e,3.33,78.94307457,94,0,0,0,3,block_16_1,block_4_1,complete_1,unroll_32,unroll_32,unroll_8,unroll_2,pipeline_1,1,0.75,0.349795041382,False
workload_4007.cpp,xcu200-fsgd2104-2-e,3.33,77.03042913,121,0,0,0,3,block_16_1,block_4_1,complete_1,unroll_32,unroll_32,unroll_8,unroll_64,pipeline_1,1,0.75,0.361525787227,False
workload_4213.cpp,xcu200-fsgd2104-2-e,3.33,3.77819802,503,0,1,1,6,block_16_1,block_64_1,complete_1,unroll_2,pipeline_1,pipeline_1,pipeline_1,pipeline_1,1,2,0.739569311247,False
workload_4146.cpp,xcu200-fsgd2104-2-e,3.33,3.77819802,481,0,1,1,6,block_16_1,block_64_1,complete_1,unroll_2,pipeline_1,unroll_8,pipeline_1,pipeline_1,1,2,0.739569311247,False
workload_4306.cpp,xcu200-fsgd2104-2-e,3.33,10.92325914,106,0,0,0,1,block_16_1,cyclic_128_1,complete_1,unroll_32,pipeline_1,unroll_64,unroll_16,unroll_2,1,0.25,0.935271966769,False
workload_4010.cpp,xcu200-fsgd2104-2-e,3.33,77.14732545,150,0,0,1,6,block_16_1,cyclic_16_1,complete_1,unroll_4,unroll_64,unroll_16,unroll_16,pipeline_1,1,1.75,0.335576088372,False
workload_4040.cpp,xcu200-fsgd2104-2-e,3.33,77.38047873,121,0,0,1,6,block_16_1,cyclic_16_1,complete_1,unroll_4,unroll_64,unroll_16,unroll_8,pipeline_1,1,1.75,0.334245241844,False
workload_4121.cpp,xcu200-fsgd2104-2-e,3.33,3.75774849,491,0,4,3,8,block_16_1,cyclic_64_1,complete_1,unroll_2,pipeline_1,pipeline_1,pipeline_1,pipeline_1,1,3.75,0.473495269145,False
workload_4027.cpp,xcu200-fsgd2104-2-e,3.33,3.75774849,536,0,4,3,8,block_16_1,cyclic_64_1,complete_1,unroll_2,pipeline_1,unroll_8,pipeline_1,pipeline_1,2,3.75,0.473495269145,False
workload_4252.cpp,xcu200-fsgd2104-2-e,3.33,5.53090689,450,0,10,6,13,block_16_1,cyclic_64_1,complete_1,unroll_32,pipeline_1,unroll_8,pipeline_1,pipeline_1,1,7.25,0.154594994848,False
workload_4060.cpp,xcu200-fsgd2104-2-e,3.33,11.58948225,49.5,0,0,0,0,block_2_1,block_16_1,complete_1,pipeline_1,pipeline_1,unroll_2,unroll_8,pipeline_1,2,0,0.951318148321,False
workload_4061.cpp,xcu200-fsgd2104-2-e,3.33,85.26570561,61,0,0,0,1,block_2_1,block_4_1,complete_1,unroll_8,unroll_8,unroll_32,unroll_32,pipeline_1,1,0.25,0.318452979442,False
workload_4042.cpp,xcu200-fsgd2104-2-e,3.33,78.84035073,79,0,0,0,1,block_2_1,block_64_1,complete_1,pipeline_1,unroll_4,unroll_8,unroll_16,pipeline_1,1,0.25,0.35700932584,False
workload_4066.cpp,xcu200-fsgd2104-2-e,3.33,78.67443681,111,0,0,0,1,block_2_1,block_64_1,complete_1,pipeline_1,unroll_4,unroll_8,unroll_64,pipeline_1,1,0.25,0.358046232122,False
workload_4029.cpp,xcu200-fsgd2104-2-e,3.33,79.06156929,79,0,0,0,1,block_2_1,block_64_1,complete_1,pipeline_1,unroll_4,unroll_8,unroll_8,pipeline_1,1,0.25,0.35563001744,False
workload_3999.cpp,xcu200-fsgd2104-2-e,3.33,85.82151258,138,0,0,0,1,block_2_1,cyclic_128_1,complete_1,unroll_8,unroll_8,unroll_8,unroll_32,pipeline_1,1,0.25,0.315264458747,False
workload_4028.cpp,xcu200-fsgd2104-2-e,3.33,87.77901978,67,0,0,0,1,block_2_1,cyclic_4_1,complete_1,unroll_32,unroll_16,pipeline_1,unroll_8,pipeline_1,1,0.25,0.3042208746,False
workload_4241.cpp,xcu200-fsgd2104-2-e,3.33,3.70999962,473,0,0,1,6,block_32_1,block_128_1,complete_1,pipeline_1,pipeline_1,pipeline_1,pipeline_1,pipeline_1,1,1.75,0.783276302771,False
workload_4232.cpp,xcu200-fsgd2104-2-e,3.33,3.70999962,498,0,0,1,6,block_32_1,block_128_1,complete_1,pipeline_1,unroll_2,pipeline_1,pipeline_1,pipeline_1,1,1.75,0.783276302771,False
workload_4206.cpp,xcu200-fsgd2104-2-e,3.33,3.70999962,483,0,0,1,6,block_32_1,block_128_1,complete_1,unroll_2,unroll_2,pipeline_1,pipeline_1,pipeline_1,1,1.75,0.783276302771,False
workload_4242.cpp,xcu200-fsgd2104-2-e,3.33,3.80547738,488,0,0,1,6,block_32_1,block_16_1,complete_1,pipeline_1,pipeline_1,unroll_4,pipeline_1,pipeline_1,1,1.75,0.783327708956,False
workload_4095.cpp,xcu200-fsgd2104-2-e,3.33,3.80547738,481,0,0,1,6,block_32_1,block_16_1,complete_1,pipeline_1,pipeline_1,unroll_8,pipeline_1,pipeline_1,1,1.75,0.783327708956,False
workload_4204.cpp,xcu200-fsgd2104-2-e,3.33,3.80547738,465,0,0,1,6,block_32_1,block_16_1,complete_1,unroll_2,pipeline_1,pipeline_1,pipeline_1,pipeline_1,1,1.75,0.783327708956,False
workload_4228.cpp,xcu200-fsgd2104-2-e,3.33,3.80547738,459,0,0,1,6,block_32_1,block_16_1,complete_1,unroll_2,unroll_2,unroll_8,pipeline_1,pipeline_1,1,1.75,0.783327708956,False
workload_4202.cpp,xcu200-fsgd2104-2-e,3.33,5.55817626,435,0,6,4,10,block_32_1,block_16_1,complete_1,unroll_32,pipeline_1,pipeline_1,pipeline_1,pipeline_1,1,5,0.326969812744,False
workload_4209.cpp,xcu200-fsgd2104-2-e,3.33,5.55817626,421,0,6,4,10,block_32_1,block_16_1,complete_1,unroll_32,unroll_2,unroll_8,pipeline_1,pipeline_1,1,5,0.326969812744,False
workload_4143.cpp,xcu200-fsgd2104-2-e,3.33,3.80547738,471,0,0,1,6,block_32_1,block_16_1,complete_1,unroll_4,pipeline_1,pipeline_1,pipeline_1,pipeline_1,1,1.75,0.783327708956,False
workload_4271.cpp,xcu200-fsgd2104-2-e,3.33,4.57612929,474,0,6,4,9,block_32_1,block_2_1,complete_1,pipeline_1,pipeline_1,unroll_8,pipeline_1,pipeline_1,1,4.75,0.353380181546,False
workload_4194.cpp,xcu200-fsgd2104-2-e,3.33,4.5761193,477,0,0,1,6,block_32_1,block_2_1,complete_1,pipeline_1,unroll_2,unroll_8,pipeline_1,pipeline_1,1,1.75,0.783494119742,False
workload_4012.cpp,xcu200-fsgd2104-2-e,3.33,10.7629929,122,0,0,1,1,block_32_1,block_32_1,complete_1,pipeline_1,pipeline_1,unroll_64,unroll_64,unroll_2,2,0.5,0.893549647563,False
workload_4161.cpp,xcu200-fsgd2104-2-e,3.33,4.1328297,464,0,0,1,6,block_32_1,block_4_1,complete_1,pipeline_1,unroll_2,unroll_8,pipeline_1,pipeline_1,1,1.75,0.783452354386,False
workload_4009.cpp,xcu200-fsgd2104-2-e,3.33,80.52357249,200,0,0,1,7,block_32_1,block_4_1,complete_1,pipeline_1,unroll_64,unroll_32,unroll_4,pipeline_1,1,2,0.309790330781,False
workload_4227.cpp,xcu200-fsgd2104-2-e,3.33,10.92326913,108,0,0,0,2,block_32_1,block_4_1,complete_1,unroll_64,pipeline_1,unroll_64,unroll_16,pipeline_1,1,0.5,0.892900078101,False
workload_4155.cpp,xcu200-fsgd2104-2-e,3.33,5.57864577,1382,0,6,4,10,block_32_1,block_64_1,complete_1,pipeline_1,unroll_8,unroll_8,pipeline_1,pipeline_1,1,5,0.326969299839,False
workload_4063.cpp,xcu200-fsgd2104-2-e,3.33,77.18802138,185,0,0,0,4,block_32_1,block_64_1,complete_1,unroll_8,unroll_32,pipeline_1,unroll_32,pipeline_1,1,1,0.354687363111,False
workload_4011.cpp,xcu200-fsgd2104-2-e,3.33,77.07891393,370,0,0,1,8,block_32_1,block_64_1,complete_1,unroll_8,unroll_64,pipeline_1,unroll_32,pipeline_1,1,2.25,0.319905201424,False
workload_4265.cpp,xcu200-fsgd2104-2-e,3.33,10.98122778,56,0,0,0,0,block_32_1,block_8_1,complete_1,pipeline_1,pipeline_1,unroll_8,unroll_16,unroll_2,1,0,0.958256746908,False
workload_4235.cpp,xcu200-fsgd2104-2-e,3.33,5.66730369,619,0,9,5,11,block_32_1,block_8_1,complete_1,unroll_32,pipeline_1,unroll_64,pipeline_1,pipeline_1,1,6.25,0.216657034673,False
workload_4251.cpp,xcu200-fsgd2104-2-e,3.33,10.93349889,95,0,0,1,2,block_32_1,block_8_1,complete_1,unroll_32,pipeline_1,unroll_64,unroll_16,unroll_2,1,0.75,0.859779922729,False
workload_4239.cpp,xcu200-fsgd2104-2-e,3.33,10.97441793,76,0,0,0,1,block_32_1,block_8_1,complete_1,unroll_32,pipeline_1,unroll_8,unroll_16,pipeline_1,1,0.25,0.934906814307,False
workload_4272.cpp,xcu200-fsgd2104-2-e,3.33,3.70317978,465,0,0,1,6,block_32_1,cyclic_128_1,complete_1,pipeline_1,pipeline_1,pipeline_1,pipeline_1,pipeline_1,1,1.75,0.78327237072,False
workload_4217.cpp,xcu200-fsgd2104-2-e,3.33,3.70317978,482,0,0,1,6,block_32_1,cyclic_128_1,complete_1,pipeline_1,pipeline_1,unroll_8,pipeline_1,pipeline_1,1,1.75,0.78327237072,False
workload_4188.cpp,xcu200-fsgd2104-2-e,3.33,3.70317978,483,0,0,1,6,block_32_1,cyclic_128_1,complete_1,unroll_2,unroll_2,pipeline_1,pipeline_1,pipeline_1,1,1.75,0.78327237072,False
workload_4299.cpp,xcu200-fsgd2104-2-e,3.33,3.70317978,493,0,0,1,6,block_32_1,cyclic_128_1,complete_1,unroll_4,pipeline_1,pipeline_1,pipeline_1,pipeline_1,1,1.75,0.78327237072,False
workload_4308.cpp,xcu200-fsgd2104-2-e,3.33,3.70317978,488,0,0,1,6,block_32_1,cyclic_128_1,complete_1,unroll_4,pipeline_1,unroll_8,pipeline_1,pipeline_1,1,1.75,0.78327237072,False
workload_4282.cpp,xcu200-fsgd2104-2-e,3.33,3.70317978,484,0,0,1,6,block_32_1,cyclic_128_1,complete_1,unroll_8,pipeline_1,pipeline_1,pipeline_1,pipeline_1,1,1.75,0.78327237072,False
workload_4038.cpp,xcu200-fsgd2104-2-e,3.33,83.84483457,58,0,0,0,0,block_32_1,cyclic_4_1,complete_1,unroll_8,unroll_2,unroll_2,unroll_4,pipeline_1,1,0,0.327444956217,False
workload_4126.cpp,xcu200-fsgd2104-2-e,3.33,3.70317978,485,0,0,1,6,block_32_1,cyclic_64_1,complete_1,pipeline_1,pipeline_1,pipeline_1,pipeline_1,pipeline_1,2,1.75,0.78327237072,False
workload_4226.cpp,xcu200-fsgd2104-2-e,3.33,5.44223898,740,0,0,2,6,block_32_1,cyclic_64_1,complete_1,pipeline_1,pipeline_1,unroll_32,pipeline_1,pipeline_1,1,2,0.739620657898,False
workload_4225.cpp,xcu200-fsgd2104-2-e,3.33,10.93007898,75,0,0,0,0,block_32_1,cyclic_64_1,complete_1,pipeline_1,pipeline_1,unroll_64,unroll_16,pipeline_1,1,0,0.958841505078,False
workload_4096.cpp,xcu200-fsgd2104-2-e,3.33,3.703184775,473.5,0,2.5,2,7.5,block_32_1,cyclic_64_1,complete_1,pipeline_1,pipeline_1,unroll_8,pipeline_1,pipeline_1,2,3,0.578850993364,False
workload_4291.cpp,xcu200-fsgd2104-2-e,3.33,5.44223898,750,0,0,2,6,block_32_1,cyclic_64_1,complete_1,pipeline_1,unroll_2,unroll_16,pipeline_1,pipeline_1,1,2,0.739620657898,False
workload_4262.cpp,xcu200-fsgd2104-2-e,3.33,3.70317978,492,0,0,1,6,block_32_1,cyclic_64_1,complete_1,unroll_2,unroll_2,pipeline_1,pipeline_1,pipeline_1,1,1.75,0.78327237072,False
workload_4270.cpp,xcu200-fsgd2104-2-e,3.33,3.70317978,455,0,0,1,6,block_32_1,cyclic_64_1,complete_1,unroll_4,pipeline_1,pipeline_1,pipeline_1,pipeline_1,1,1.75,0.78327237072,False
workload_4236.cpp,xcu200-fsgd2104-2-e,3.33,10.92753153,57,0,0,0,0,block_32_1,cyclic_8_1,complete_1,pipeline_1,pipeline_1,pipeline_1,unroll_16,pipeline_1,1,0,0.958870633982,False
workload_4173.cpp,xcu200-fsgd2104-2-e,3.33,4.19420826,498.5,0,5,3,8,block_4_1,block_16_1,complete_1,unroll_2,pipeline_1,unroll_8,pipeline_1,pipeline_1,2,4,0.441335712966,False
workload_4190.cpp,xcu200-fsgd2104-2-e,3.33,4.19420826,498,0,5,3,8,block_4_1,block_16_1,complete_1,unroll_2,unroll_2,pipeline_1,pipeline_1,pipeline_1,1,4,0.441335712966,False
workload_4168.cpp,xcu200-fsgd2104-2-e,3.33,4.19420826,502,0,5,3,8,block_4_1,block_16_1,complete_1,unroll_4,pipeline_1,pipeline_1,pipeline_1,pipeline_1,1,4,0.441335712966,False
workload_4123.cpp,xcu200-fsgd2104-2-e,3.33,4.96485018,499,0,4,2,7,block_4_1,block_2_1,complete_1,unroll_2,unroll_2,unroll_8,pipeline_1,pipeline_1,1,3.25,0.54245716071,False
workload_4053.cpp,xcu200-fsgd2104-2-e,3.33,105.4490121,54,0,0,0,0,block_4_1,block_2_1,complete_1,unroll_2,unroll_8,unroll_2,unroll_32,unroll_2,1,0,0.218082660768,False
workload_4023.cpp,xcu200-fsgd2104-2-e,3.33,103.2666633,55,0,0,0,0,block_4_1,block_2_1,complete_1,unroll_8,unroll_2,unroll_2,unroll_32,unroll_2,1,0,0.227516771733,False
workload_4110.cpp,xcu200-fsgd2104-2-e,3.33,4.52156058,505,0,5,3,8,block_4_1,block_4_1,complete_1,unroll_2,unroll_2,unroll_8,pipeline_1,pipeline_1,1,4,0.441369276465,False
workload_4004.cpp,xcu200-fsgd2104-2-e,3.33,24.17123457,192,0,0,0,2,block_4_1,block_64_1,complete_1,pipeline_1,unroll_32,unroll_16,unroll_32,unroll_2,1,0.5,0.791965322183,False
workload_4082.cpp,xcu200-fsgd2104-2-e,3.33,24.22472769,146,0,0,0,1,block_4_1,block_64_1,complete_1,pipeline_1,unroll_32,unroll_4,unroll_32,unroll_2,1,0.25,0.807745827102,False
workload_4125.cpp,xcu200-fsgd2104-2-e,3.33,4.3033257,487,0,5,3,8,block_4_1,block_8_1,complete_1,unroll_2,unroll_2,pipeline_1,pipeline_1,pipeline_1,1,4,0.441348404093,False
workload_4229.cpp,xcu200-fsgd2104-2-e,3.33,4.09191066,522,0,5,3,9,block_4_1,cyclic_128_1,complete_1,pipeline_1,pipeline_1,unroll_8,pipeline_1,pipeline_1,1,4.25,0.410543007122,False
workload_4208.cpp,xcu200-fsgd2104-2-e,3.33,4.09191066,514,0,5,3,9,block_4_1,cyclic_128_1,complete_1,unroll_2,pipeline_1,pipeline_1,pipeline_1,pipeline_1,1,4.25,0.410543007122,False
workload_4016.cpp,xcu200-fsgd2104-2-e,3.33,4.09191066,579,0,5,3,9,block_4_1,cyclic_128_1,complete_1,unroll_2,unroll_2,pipeline_1,pipeline_1,pipeline_1,1,4.25,0.410543007122,False
workload_4072.cpp,xcu200-fsgd2104-2-e,3.33,4.09191066,502,0,5,3,9,block_4_1,cyclic_128_1,complete_1,unroll_2,unroll_2,unroll_8,pipeline_1,pipeline_1,1,4.25,0.410543007122,False
workload_4062.cpp,xcu200-fsgd2104-2-e,3.33,13.15122561,75,0,0,0,1,block_4_1,cyclic_32_1,complete_1,unroll_16,unroll_32,unroll_32,unroll_8,unroll_2,1,0.25,0.917173536901,False
workload_4174.cpp,xcu200-fsgd2104-2-e,3.33,4.09192065,508,0,4,2,8,block_4_1,cyclic_64_1,complete_1,unroll_2,pipeline_1,unroll_8,pipeline_1,pipeline_1,2,3.5,0.507235712727,False
workload_4310.cpp,xcu200-fsgd2104-2-e,3.33,3.68272026,474,0,0,1,6,block_64_1,block_128_1,complete_1,pipeline_1,unroll_2,pipeline_1,pipeline_1,pipeline_1,1,1.75,0.783260366437,False
workload_4219.cpp,xcu200-fsgd2104-2-e,3.33,3.68273025,510,0,9,5,11,block_64_1,block_128_1,complete_1,pipeline_1,unroll_2,unroll_8,pipeline_1,unroll_2,1,6.25,0.216602634674,False
workload_4342.cpp,xcu200-fsgd2104-2-e,3.33,3.68272026,476,0,0,1,6,block_64_1,block_128_1,complete_1,unroll_4,pipeline_1,unroll_8,pipeline_1,pipeline_1,1,1.75,0.783260366437,False
workload_4015.cpp,xcu200-fsgd2104-2-e,3.33,3.68272026,562,0,0,1,6,block_64_1,block_128_1,complete_1,unroll_4,unroll_2,pipeline_1,pipeline_1,pipeline_1,1,1.75,0.783260366437,False
workload_4122.cpp,xcu200-fsgd2104-2-e,3.33,3.682725255,501,0,4.5,3,8.5,block_64_1,block_128_1,complete_1,unroll_4,unroll_2,pipeline_1,pipeline_1,unroll_2,2,4,0.441256190518,False
workload_4301.cpp,xcu200-fsgd2104-2-e,3.33,3.68272026,485,0,0,1,6,block_64_1,block_128_1,complete_1,unroll_8,unroll_2,pipeline_1,pipeline_1,unroll_2,1,1.75,0.783260366437,False
workload_4048.cpp,xcu200-fsgd2104-2-e,3.33,30.63814785,89,0,0,1,2,block_64_1,block_16_1,complete_1,unroll_2,unroll_8,unroll_2,unroll_2,unroll_2,1,0.75,0.714510086034,False
workload_4220.cpp,xcu200-fsgd2104-2-e,3.33,4.54883994,488,0,0,1,6,block_64_1,block_2_1,complete_1,pipeline_1,unroll_2,unroll_8,pipeline_1,pipeline_1,1,1.75,0.783495752618,False
workload_4134.cpp,xcu200-fsgd2104-2-e,3.33,10.78249338,106,0,0,0,0,block_64_1,block_2_1,complete_1,unroll_2,pipeline_1,unroll_4,unroll_64,unroll_2,1,0,0.96052989233,False
workload_4330.cpp,xcu200-fsgd2104-2-e,3.33,4.54883994,479,0,0,1,6,block_64_1,block_2_1,complete_1,unroll_4,pipeline_1,unroll_4,pipeline_1,pipeline_1,1,1.75,0.783495752618,False
workload_4223.cpp,xcu200-fsgd2104-2-e,3.33,4.54883994,487,0,0,1,6,block_64_1,block_2_1,complete_1,unroll_4,unroll_2,unroll_8,pipeline_1,pipeline_1,1,1.75,0.783495752618,False
workload_4185.cpp,xcu200-fsgd2104-2-e,3.33,5.4967977,435,0,9,4,11,block_64_1,block_32_1,complete_1,unroll_64,pipeline_1,pipeline_1,pipeline_1,pipeline_1,1,6,0.235812405693,False
workload_4025.cpp,xcu200-fsgd2104-2-e,3.33,77.40605313,104,0,0,0,1,block_64_1,block_4_1,complete_1,unroll_2,unroll_8,pipeline_1,unroll_32,pipeline_1,1,0.25,0.366041875145,False
workload_4331.cpp,xcu200-fsgd2104-2-e,3.33,4.10555034,480,0,0,1,6,block_64_1,block_4_1,complete_1,unroll_4,unroll_2,pipeline_1,pipeline_1,pipeline_1,1,1.75,0.78344501697,False
workload_4358.cpp,xcu200-fsgd2104-2-e,3.33,4.10555034,490,0,0,1,6,block_64_1,block_4_1,complete_1,unroll_8,pipeline_1,pipeline_1,pipeline_1,pipeline_1,1,1.75,0.78344501697,False
workload_4039.cpp,xcu200-fsgd2104-2-e,3.33,78.71546241,87,0,0,0,1,block_64_1,block_4_1,complete_1,unroll_8,unroll_2,pipeline_1,unroll_32,pipeline_1,1,0.25,0.357789642469,False
workload_4145.cpp,xcu200-fsgd2104-2-e,3.33,5.54453658,853,0,13,9,14,block_64_1,block_64_1,complete_1,pipeline_1,unroll_64,unroll_16,pipeline_1,unroll_2,1,9,0.102009249527,False
workload_4115.cpp,xcu200-fsgd2104-2-e,3.33,5.54453658,800,0,13,9,14,block_64_1,block_64_1,complete_1,pipeline_1,unroll_8,unroll_16,pipeline_1,pipeline_1,1,9,0.102009249527,False
workload_4216.cpp,xcu200-fsgd2104-2-e,3.33,3.88732545,500,0,10,5,11,block_64_1,block_8_1,complete_1,unroll_4,pipeline_1,pipeline_1,pipeline_1,pipeline_1,1,6.5,0.198922206618,False
workload_4352.cpp,xcu200-fsgd2104-2-e,3.33,3.67590042,455,0,0,1,6,block_64_1,cyclic_128_1,complete_1,pipeline_1,pipeline_1,pipeline_1,pipeline_1,pipeline_1,1,1.75,0.783256295635,False
workload_4376.cpp,xcu200-fsgd2104-2-e,3.33,14.19550362,89,0,0,0,1,block_64_1,cyclic_128_1,complete_1,pipeline_1,pipeline_1,pipeline_1,unroll_2,pipeline_1,1,0.25,0.907640177336,False
workload_4518.cpp,xcu200-fsgd2104-2-e,3.33,3.67590042,490,0,0,1,6,block_64_1,cyclic_128_1,complete_1,pipeline_1,unroll_2,pipeline_1,pipeline_1,pipeline_1,1,1.75,0.783256295635,False
workload_4230.cpp,xcu200-fsgd2104-2-e,3.33,3.675905415,500,0,4,3,8,block_64_1,cyclic_128_1,complete_1,unroll_4,pipeline_1,pipeline_1,pipeline_1,pipeline_1,2,3.75,0.473478531911,False
workload_4346.cpp,xcu200-fsgd2104-2-e,3.33,3.67590042,493,0,0,1,6,block_64_1,cyclic_128_1,complete_1,unroll_4,pipeline_1,unroll_4,pipeline_1,pipeline_1,1,1.75,0.783256295635,False
workload_4289.cpp,xcu200-fsgd2104-2-e,3.33,3.67590042,484,0,0,1,6,block_64_1,cyclic_128_1,complete_1,unroll_4,pipeline_1,unroll_8,pipeline_1,pipeline_1,1,1.75,0.783256295635,False
workload_4215.cpp,xcu200-fsgd2104-2-e,3.33,3.675905415,508,0,4,3,8,block_64_1,cyclic_128_1,complete_1,unroll_4,unroll_2,pipeline_1,pipeline_1,pipeline_1,2,3.75,0.473478531911,False
workload_4274.cpp,xcu200-fsgd2104-2-e,3.33,5.41496961,992,0,10,6,12,block_64_1,cyclic_128_1,complete_1,unroll_4,unroll_2,unroll_64,pipeline_1,pipeline_1,1,7,0.167928819505,False
workload_4172.cpp,xcu200-fsgd2104-2-e,3.33,3.67590042,481.5,0,0,1,6,block_64_1,cyclic_128_1,complete_1,unroll_8,pipeline_1,pipeline_1,pipeline_1,pipeline_1,2,1.75,0.783256295635,False
workload_4246.cpp,xcu200-fsgd2104-2-e,3.33,3.67590042,490.5,0,0,1,6,block_64_1,cyclic_128_1,complete_1,unroll_8,pipeline_1,unroll_4,pipeline_1,pipeline_1,2,1.75,0.783256295635,False
workload_4218.cpp,xcu200-fsgd2104-2-e,3.33,3.675905415,497.5,0,4,3,8,block_64_1,cyclic_128_1,complete_1,unroll_8,pipeline_1,unroll_8,pipeline_1,pipeline_1,2,3.75,0.473478531911,False
workload_4341.cpp,xcu200-fsgd2104-2-e,3.33,3.67590042,476,0,0,1,6,block_64_1,cyclic_128_1,complete_1,unroll_8,unroll_2,pipeline_1,pipeline_1,pipeline_1,1,1.75,0.783256295635,False
workload_4314.cpp,xcu200-fsgd2104-2-e,3.33,5.41495962,530,0,0,1,6,block_64_1,cyclic_16_1,complete_1,pipeline_1,pipeline_1,unroll_16,pipeline_1,pipeline_1,1,1.75,0.783178105403,False
workload_4283.cpp,xcu200-fsgd2104-2-e,3.33,3.67591041,491,0,9,5,10,block_64_1,cyclic_16_1,complete_1,unroll_4,unroll_2,pipeline_1,pipeline_1,unroll_2,1,6,0.235748928717,False
workload_4260.cpp,xcu200-fsgd2104-2-e,3.33,3.68272026,471,0,0,1,6,block_64_1,cyclic_2_1,complete_1,unroll_4,unroll_2,pipeline_1,pipeline_1,unroll_2,1,1.75,0.783260366437,False
workload_4101.cpp,xcu200-fsgd2104-2-e,3.33,27.58285953,81,0,0,1,2,block_64_1,cyclic_4_1,complete_1,unroll_2,unroll_8,unroll_2,unroll_2,unroll_2,1,0.75,0.740058473136,False
workload_4152.cpp,xcu200-fsgd2104-2-e,3.33,5.52408705,845,0,13,9,14,block_64_1,cyclic_64_1,complete_1,pipeline_1,unroll_8,unroll_16,pipeline_1,pipeline_1,1,9,0.102009261864,False
workload_4328.cpp,xcu200-fsgd2104-2-e,3.33,3.67590042,472,0,0,1,6,block_64_1,cyclic_8_1,complete_1,unroll_4,pipeline_1,pipeline_1,pipeline_1,pipeline_1,1,1.75,0.783256295635,False
workload_4296.cpp,xcu200-fsgd2104-2-e,3.33,3.67590042,484,0,0,1,6,block_64_1,cyclic_8_1,complete_1,unroll_4,unroll_2,pipeline_1,pipeline_1,pipeline_1,1,1.75,0.783256295635,False
workload_4051.cpp,xcu200-fsgd2104-2-e,3.33,77.13293985,73,0,0,0,1,block_8_1,block_2_1,complete_1,unroll_16,unroll_16,pipeline_1,unroll_64,pipeline_1,1,0.25,0.367779416371,False
workload_4006.cpp,xcu200-fsgd2104-2-e,3.33,77.52923649,75,0,0,0,1,block_8_1,block_2_1,complete_1,unroll_16,unroll_8,unroll_32,unroll_16,pipeline_1,1,0.25,0.365260027153,False
workload_4000.cpp,xcu200-fsgd2104-2-e,3.33,98.84932506,150,0,0,1,1,block_8_1,block_2_1,complete_1,unroll_2,unroll_64,unroll_8,unroll_8,unroll_2,1,0.5,0.245750394646,False
workload_4068.cpp,xcu200-fsgd2104-2-e,3.33,77.84421786,54,0,0,0,0,block_8_1,block_2_1,complete_1,unroll_2,unroll_8,unroll_8,unroll_8,pipeline_1,2,0,0.364124920726,False
workload_3997.cpp,xcu200-fsgd2104-2-e,3.33,11.16665217,71,0,0,0,0,block_8_1,block_8_1,complete_1,unroll_16,pipeline_1,unroll_32,unroll_8,unroll_2,1,0,0.95613855384,False
workload_4017.cpp,xcu200-fsgd2104-2-e,3.33,77.35798458,200,0,0,0,2,block_8_1,cyclic_128_1,complete_1,pipeline_1,unroll_16,pipeline_1,unroll_64,pipeline_1,1,0.5,0.363756181973,False
workload_4041.cpp,xcu200-fsgd2104-2-e,3.33,77.96569626,124,0,0,0,1,block_8_1,cyclic_128_1,complete_1,pipeline_1,unroll_8,unroll_32,unroll_16,pipeline_1,1,0.25,0.362499023602,False
workload_4105.cpp,xcu200-fsgd2104-2-e,3.33,103.10351994,162,0,0,0,1,block_8_1,cyclic_128_1,complete_1,unroll_2,unroll_2,unroll_64,unroll_64,unroll_2,1,0.25,0.227795866068,False
workload_4092.cpp,xcu200-fsgd2104-2-e,3.33,14.29610625,54,0,0,0,0,block_8_1,cyclic_4_1,complete_1,pipeline_1,pipeline_1,unroll_32,unroll_4,unroll_2,1,0,0.920784090722,False
workload_4124.cpp,xcu200-fsgd2104-2-e,3.33,6.46521498,529,0,1,2,7,block_8_1,cyclic_4_1,complete_1,pipeline_1,unroll_32,unroll_16,pipeline_1,pipeline_1,1,2.5,0.656157501438,False
workload_4050.cpp,xcu200-fsgd2104-2-e,3.33,9.80949402,102,0,6,3,4,block_8_1,cyclic_4_1,complete_1,unroll_2,unroll_64,unroll_8,unroll_8,unroll_2,1,3.25,0.540350919547,False
workload_4361.cpp,xcu200-fsgd2104-2-e,3.33,3.66226074,498.5,0,0,1,6,cyclic_128_1,block_128_1,complete_1,pipeline_1,pipeline_1,pipeline_1,pipeline_1,pipeline_1,2,1.75,0.783248049973,False
workload_4309.cpp,xcu200-fsgd2104-2-e,3.33,5.3945001,1011,0,0,1,7,cyclic_128_1,block_128_1,complete_1,pipeline_1,pipeline_1,unroll_64,pipeline_1,pipeline_1,1,2,0.739638889706,False
workload_4305.cpp,xcu200-fsgd2104-2-e,3.33,3.66226074,488,0,0,1,6,cyclic_128_1,block_128_1,complete_1,pipeline_1,pipeline_1,unroll_8,pipeline_1,pipeline_1,1,1.75,0.783248049973,False
workload_4347.cpp,xcu200-fsgd2104-2-e,3.33,3.662265735,496,0,5,3.5,9,cyclic_128_1,block_128_1,complete_1,pipeline_1,unroll_2,pipeline_1,pipeline_1,pipeline_1,2,4.375,0.395637987541,False
workload_4086.cpp,xcu200-fsgd2104-2-e,3.33,80.4132729,280,0,0,0,2,cyclic_128_1,block_128_1,complete_1,pipeline_1,unroll_2,pipeline_1,unroll_64,pipeline_1,1,0.5,0.344889183569,False
workload_4411.cpp,xcu200-fsgd2104-2-e,3.33,5.3945001,1011,0,0,1,7,cyclic_128_1,block_128_1,complete_1,pipeline_1,unroll_2,unroll_16,pipeline_1,pipeline_1,1,2,0.739638889706,False
workload_4323.cpp,xcu200-fsgd2104-2-e,3.33,3.66226074,511,0,0,1,6,cyclic_128_1,block_128_1,complete_1,pipeline_1,unroll_2,unroll_8,pipeline_1,pipeline_1,1,1.75,0.783248049973,False
workload_4292.cpp,xcu200-fsgd2104-2-e,3.33,10.97376858,358,0,0,1,2,cyclic_128_1,block_128_1,complete_1,unroll_32,pipeline_1,unroll_8,unroll_64,pipeline_1,1,0.75,0.859584177228,False
workload_4329.cpp,xcu200-fsgd2104-2-e,3.33,3.66226074,492,0,0,1,6,cyclic_128_1,block_128_1,complete_1,unroll_4,pipeline_1,pipeline_1,pipeline_1,pipeline_1,1,1.75,0.783248049973,False
workload_4166.cpp,xcu200-fsgd2104-2-e,3.33,3.66226074,510,0,0,1,6,cyclic_128_1,block_128_1,complete_1,unroll_4,pipeline_1,unroll_4,pipeline_1,pipeline_1,1,1.75,0.783248049973,False
workload_4261.cpp,xcu200-fsgd2104-2-e,3.33,3.66226074,511,0,0,1,6,cyclic_128_1,block_128_1,complete_1,unroll_4,pipeline_1,unroll_8,pipeline_1,pipeline_1,1,1.75,0.783248049973,False
workload_4073.cpp,xcu200-fsgd2104-2-e,3.33,3.66226074,490,0,0,1,6,cyclic_128_1,block_128_1,complete_1,unroll_4,unroll_2,pipeline_1,pipeline_1,pipeline_1,1,1.75,0.783248049973,False
workload_4313.cpp,xcu200-fsgd2104-2-e,3.33,5.3945001,975,0,0,1,7,cyclic_128_1,block_128_1,complete_1,unroll_4,unroll_2,unroll_32,pipeline_1,pipeline_1,1,2,0.739638889706,False
workload_4326.cpp,xcu200-fsgd2104-2-e,3.33,3.66226074,509,0,0,1,6,cyclic_128_1,block_128_1,complete_1,unroll_4,unroll_2,unroll_8,pipeline_1,pipeline_1,1,1.75,0.783248049973,False
workload_4371.cpp,xcu200-fsgd2104-2-e,3.33,3.66226074,509,0,0,1,6,cyclic_128_1,block_128_1,complete_1,unroll_4,unroll_2,unroll_8,pipeline_1,unroll_2,1,1.75,0.783248049973,False
workload_4005.cpp,xcu200-fsgd2104-2-e,3.33,161.08804737,97,0,0,0,1,cyclic_128_1,block_16_1,complete_1,unroll_2,unroll_8,unroll_2,unroll_2,unroll_2,1,0.25,0.1,False
workload_4409.cpp,xcu200-fsgd2104-2-e,3.33,4.52838042,493,0,0,1,6,cyclic_128_1,block_2_1,complete_1,pipeline_1,pipeline_1,pipeline_1,pipeline_1,pipeline_1,1,1.75,0.783496616577,False
workload_4463.cpp,xcu200-fsgd2104-2-e,3.33,6.32199834,428,0,0,1,7,cyclic_128_1,block_2_1,complete_1,unroll_32,pipeline_1,pipeline_1,pipeline_1,pipeline_1,1,2,0.739079587222,False
workload_4098.cpp,xcu200-fsgd2104-2-e,3.33,11.08288602,151,0,0,0,1,cyclic_128_1,block_2_1,complete_1,unroll_32,pipeline_1,unroll_4,unroll_32,unroll_2,1,0.25,0.93412267871,False
workload_4529.cpp,xcu200-fsgd2104-2-e,3.33,4.52838042,503,0,0,1,6,cyclic_128_1,block_2_1,complete_1,unroll_4,pipeline_1,pipeline_1,pipeline_1,pipeline_1,1,1.75,0.783496616577,False
workload_4366.cpp,xcu200-fsgd2104-2-e,3.33,10.86775137,156,0,0,0,1,cyclic_128_1,block_2_1,complete_1,unroll_64,pipeline_1,unroll_32,unroll_64,pipeline_1,1,0.25,0.935664676488,False
workload_4344.cpp,xcu200-fsgd2104-2-e,3.33,4.08509082,493,0,0,1,6,cyclic_128_1,block_4_1,complete_1,pipeline_1,pipeline_1,unroll_8,pipeline_1,pipeline_1,1,1.75,0.78343915031,False
workload_4392.cpp,xcu200-fsgd2104-2-e,3.33,4.08509082,463,0,0,1,6,cyclic_128_1,block_4_1,complete_1,pipeline_1,unroll_2,unroll_8,pipeline_1,pipeline_1,1,1.75,0.78343915031,False
workload_4430.cpp,xcu200-fsgd2104-2-e,3.33,3.67590042,462,0,0,1,6,cyclic_128_1,block_64_1,complete_1,pipeline_1,pipeline_1,unroll_8,pipeline_1,pipeline_1,1,1.75,0.783256295635,False
workload_4401.cpp,xcu200-fsgd2104-2-e,3.33,3.67590042,499,0,0,1,6,cyclic_128_1,block_64_1,complete_1,pipeline_1,unroll_2,pipeline_1,pipeline_1,pipeline_1,1,1.75,0.783256295635,False
workload_4362.cpp,xcu200-fsgd2104-2-e,3.33,3.86685594,486,0,0,1,6,cyclic_128_1,block_8_1,complete_1,pipeline_1,pipeline_1,pipeline_1,pipeline_1,pipeline_1,2,1.75,0.783357165282,False
workload_4372.cpp,xcu200-fsgd2104-2-e,3.33,3.6554409,502,0,0,1,6,cyclic_128_1,cyclic_128_1,complete_1,pipeline_1,pipeline_1,pipeline_1,pipeline_1,pipeline_1,3,1.75,0.783243875114,False
workload_4481.cpp,xcu200-fsgd2104-2-e,3.33,3.6554409,521,0,0,1,6,cyclic_128_1,cyclic_128_1,complete_1,pipeline_1,pipeline_1,pipeline_1,pipeline_1,unroll_2,1,1.75,0.783243875114,False
workload_4429.cpp,xcu200-fsgd2104-2-e,3.33,3.6554409,491,0,0,1,6,cyclic_128_1,cyclic_128_1,complete_1,pipeline_1,unroll_2,pipeline_1,pipeline_1,pipeline_1,1,1.75,0.783243875114,False
workload_4324.cpp,xcu200-fsgd2104-2-e,3.33,3.6554409,503,0,0,1,6,cyclic_128_1,cyclic_128_1,complete_1,unroll_4,pipeline_1,pipeline_1,pipeline_1,pipeline_1,3,1.75,0.783243875114,False
workload_4410.cpp,xcu200-fsgd2104-2-e,3.33,3.6554409,499.5,0,0,1,6,cyclic_128_1,cyclic_128_1,complete_1,unroll_4,pipeline_1,pipeline_1,pipeline_1,unroll_2,2,1.75,0.783243875114,False
workload_4468.cpp,xcu200-fsgd2104-2-e,3.33,3.6554409,465,0,0,1,6,cyclic_128_1,cyclic_128_1,complete_1,unroll_4,pipeline_1,unroll_8,pipeline_1,pipeline_1,1,1.75,0.783243875114,False
workload_4284.cpp,xcu200-fsgd2104-2-e,3.33,3.6554409,492,0,0,1,6,cyclic_128_1,cyclic_128_1,complete_1,unroll_4,unroll_2,pipeline_1,pipeline_1,pipeline_1,1,1.75,0.783243875114,False
workload_4484.cpp,xcu200-fsgd2104-2-e,3.33,3.6554409,492,0,0,1,6,cyclic_128_1,cyclic_128_1,complete_1,unroll_8,pipeline_1,pipeline_1,pipeline_1,pipeline_1,2,1.75,0.783243875114,False
workload_4003.cpp,xcu200-fsgd2104-2-e,3.33,80.84952954,191,0,0,0,1,cyclic_128_1,cyclic_16_1,complete_1,unroll_16,unroll_2,unroll_8,unroll_64,pipeline_1,1,0.25,0.344617657058,False
workload_4067.cpp,xcu200-fsgd2104-2-e,3.33,81.28141722,89,0,0,0,1,cyclic_128_1,cyclic_16_1,complete_1,unroll_16,unroll_2,unroll_8,unroll_8,pipeline_1,1,0.25,0.341993799073,False
workload_4509.cpp,xcu200-fsgd2104-2-e,3.33,3.66226074,461,0,0,1,6,cyclic_128_1,cyclic_2_1,complete_1,pipeline_1,pipeline_1,pipeline_1,pipeline_1,pipeline_1,1,1.75,0.783248049973,False
workload_4491.cpp,xcu200-fsgd2104-2-e,3.33,3.6554409,491,0,0,1,6,cyclic_128_1,cyclic_32_1,complete_1,pipeline_1,pipeline_1,pipeline_1,pipeline_1,pipeline_1,1,1.75,0.783243875114,False
workload_4019.cpp,xcu200-fsgd2104-2-e,3.33,29.02014081,211,0,0,0,1,cyclic_128_1,cyclic_32_1,complete_1,unroll_2,pipeline_1,unroll_4,unroll_4,unroll_2,1,0.25,0.760055744302,False
workload_4045.cpp,xcu200-fsgd2104-2-e,3.33,14.3151705,172,0,0,0,1,cyclic_128_1,cyclic_32_1,complete_1,unroll_2,pipeline_1,unroll_4,unroll_64,unroll_2,1,0.25,0.906520615233,False
workload_4111.cpp,xcu200-fsgd2104-2-e,3.33,14.24782458,170,0,0,0,1,cyclic_128_1,cyclic_32_1,complete_1,unroll_2,pipeline_1,unroll_64,unroll_64,unroll_2,1,0.25,0.907151274282,False
workload_4540.cpp,xcu200-fsgd2104-2-e,3.33,5.4967977,446,0,9,5,11,cyclic_128_1,cyclic_32_1,complete_1,unroll_32,pipeline_1,pipeline_1,pipeline_1,pipeline_1,1,6.25,0.216659063202,False
workload_4533.cpp,xcu200-fsgd2104-2-e,3.33,3.6554409,479,0,0,1,6,cyclic_128_1,cyclic_32_1,complete_1,unroll_8,pipeline_1,unroll_4,pipeline_1,pipeline_1,1,1.75,0.783243875114,False
workload_4821.cpp,xcu200-fsgd2104-2-e,3.33,3.6554409,474,0,0,1,6,cyclic_128_1,cyclic_4_1,complete_1,unroll_4,pipeline_1,pipeline_1,pipeline_1,unroll_2,1,1.75,0.783243875114,False
workload_4420.cpp,xcu200-fsgd2104-2-e,3.33,3.6554409,477,0,0,1,6,cyclic_128_1,cyclic_64_1,complete_1,pipeline_1,pipeline_1,pipeline_1,pipeline_1,pipeline_1,1,1.75,0.783243875114,False
workload_4492.cpp,xcu200-fsgd2104-2-e,3.33,3.6554409,492,0,0,1,6,cyclic_128_1,cyclic_64_1,complete_1,unroll_4,pipeline_1,pipeline_1,pipeline_1,pipeline_1,1,1.75,0.783243875114,False
workload_4128.cpp,xcu200-fsgd2104-2-e,3.33,10.94648922,114,0,0,0,1,cyclic_128_1,cyclic_8_1,complete_1,unroll_64,pipeline_1,unroll_4,unroll_32,unroll_2,1,0.25,0.935106537285,False
workload_4576.cpp,xcu200-fsgd2104-2-e,3.33,12.50130618,68,0,0,0,0,cyclic_16_1,block_16_1,complete_1,unroll_4,pipeline_1,pipeline_1,unroll_64,pipeline_1,1,0,0.940969364545,False
workload_4542.cpp,xcu200-fsgd2104-2-e,3.33,6.32199834,415,0,2,1,7,cyclic_16_1,block_2_1,complete_1,unroll_16,pipeline_1,pipeline_1,pipeline_1,pipeline_1,1,2.5,0.656224627749,False
workload_4600.cpp,xcu200-fsgd2104-2-e,3.33,12.50131617,59,0,0,0,0,cyclic_16_1,block_2_1,complete_1,unroll_4,pipeline_1,pipeline_1,unroll_64,pipeline_1,1,0,0.94096925151,False
workload_4687.cpp,xcu200-fsgd2104-2-e,3.33,7.3727865,66,0,0,0,0,cyclic_16_1,block_2_1,complete_1,unroll_64,pipeline_1,pipeline_1,unroll_64,pipeline_1,1,0,0.999998752692,False
workload_4664.cpp,xcu200-fsgd2104-2-e,3.33,11.62836666,61,0,0,0,0,cyclic_16_1,block_2_1,complete_1,unroll_8,pipeline_1,pipeline_1,unroll_64,pipeline_1,1,0,0.950875536223,False
workload_4058.cpp,xcu200-fsgd2104-2-e,3.33,79.21415322,128,0,0,1,6,cyclic_16_1,block_4_1,complete_1,pipeline_1,unroll_64,unroll_32,unroll_4,pipeline_1,1,1.75,0.323897566325,False
workload_4591.cpp,xcu200-fsgd2104-2-e,3.33,3.86685594,489,0,0,0,5,cyclic_16_1,block_8_1,complete_1,pipeline_1,pipeline_1,pipeline_1,pipeline_1,pipeline_1,1,1.25,0.873912679749,False
workload_4520.cpp,xcu200-fsgd2104-2-e,3.33,7.48190394,63,0,0,0,0,cyclic_16_1,block_8_1,complete_1,unroll_32,pipeline_1,pipeline_1,unroll_64,pipeline_1,1,0,0.998721963223,False
workload_4442.cpp,xcu200-fsgd2104-2-e,3.33,3.86685594,463,0,0,0,5,cyclic_16_1,block_8_1,complete_1,unroll_4,pipeline_1,pipeline_1,pipeline_1,pipeline_1,1,1.25,0.873912679749,False
workload_4488.cpp,xcu200-fsgd2104-2-e,3.33,3.6554409,484,0,0,1,6,cyclic_16_1,cyclic_128_1,complete_1,unroll_4,pipeline_1,pipeline_1,pipeline_1,pipeline_1,1,1.75,0.783243875114,False
workload_4565.cpp,xcu200-fsgd2104-2-e,3.33,7.3727865,162,0,0,0,1,cyclic_16_1,cyclic_128_1,complete_1,unroll_64,pipeline_1,pipeline_1,unroll_64,pipeline_1,1,0.25,0.949539428938,False
workload_4624.cpp,xcu200-fsgd2104-2-e,3.33,5.44905882,412,0,2,2,8,cyclic_16_1,cyclic_128_1,complete_1,unroll_64,unroll_2,pipeline_1,pipeline_1,pipeline_1,1,3,0.579023606716,False
workload_4735.cpp,xcu200-fsgd2104-2-e,3.33,3.6554409,468,0,0,0,5,cyclic_16_1,cyclic_16_1,complete_1,pipeline_1,pipeline_1,pipeline_1,pipeline_1,pipeline_1,1,1.25,1,True
workload_4751.cpp,xcu200-fsgd2104-2-e,3.33,3.6554409,475,0,0,0.5,5,cyclic_16_1,cyclic_16_1,complete_1,pipeline_1,pipeline_1,unroll_4,pipeline_1,pipeline_1,2,1.375,0.851457505941,False
workload_4838.cpp,xcu200-fsgd2104-2-e,3.33,3.6554409,437,0,0,0,5,cyclic_16_1,cyclic_16_1,complete_1,pipeline_1,unroll_2,unroll_4,pipeline_1,pipeline_1,1,1.25,1,True
workload_4775.cpp,xcu200-fsgd2104-2-e,3.33,3.6554409,458,0,0,1,5,cyclic_16_1,cyclic_16_1,complete_1,unroll_8,pipeline_1,unroll_4,pipeline_1,pipeline_1,1,1.5,0.828376556046,False
workload_4831.cpp,xcu200-fsgd2104-2-e,3.33,3.6554409,493,0,0,0,5,cyclic_16_1,cyclic_16_1,complete_1,unroll_8,pipeline_1,unroll_4,pipeline_1,unroll_2,1,1.25,1,True
workload_4608.cpp,xcu200-fsgd2104-2-e,3.33,3.662265735,479,0,6,3,8.5,cyclic_16_1,cyclic_2_1,complete_1,pipeline_1,pipeline_1,pipeline_1,pipeline_1,pipeline_1,2,4.375,0.395637987541,False
workload_4528.cpp,xcu200-fsgd2104-2-e,3.33,3.662265735,480.5,0,6,3,8.5,cyclic_16_1,cyclic_2_1,complete_1,pipeline_1,pipeline_1,pipeline_1,pipeline_1,unroll_2,2,4.375,0.395637987541,False
workload_4550.cpp,xcu200-fsgd2104-2-e,3.33,6.32199834,405,0,0,0,6,cyclic_16_1,cyclic_2_1,complete_1,unroll_32,pipeline_1,pipeline_1,pipeline_1,pipeline_1,1,1.5,0.825704934718,False
workload_4413.cpp,xcu200-fsgd2104-2-e,3.33,3.66226074,477,0,0,0,5,cyclic_16_1,cyclic_2_1,complete_1,unroll_4,pipeline_1,pipeline_1,pipeline_1,pipeline_1,3,1.25,0.874842553945,False
workload_4611.cpp,xcu200-fsgd2104-2-e,3.33,3.66226074,465,0,0,0,5,cyclic_16_1,cyclic_2_1,complete_1,unroll_4,pipeline_1,pipeline_1,pipeline_1,unroll_2,1,1.25,0.874842553945,False
workload_4672.cpp,xcu200-fsgd2104-2-e,3.33,3.66226074,479,0,0,0,5,cyclic_16_1,cyclic_2_1,complete_1,unroll_4,pipeline_1,unroll_4,pipeline_1,pipeline_1,1,1.25,0.874842553945,False
workload_4877.cpp,xcu200-fsgd2104-2-e,3.33,3.66226074,492,0,0,0,5,cyclic_16_1,cyclic_2_1,complete_1,unroll_4,pipeline_1,unroll_4,pipeline_1,unroll_2,1,1.25,0.874842553945,False
workload_4610.cpp,xcu200-fsgd2104-2-e,3.33,12.52837242,58,0,0,0,0,cyclic_16_1,cyclic_2_1,complete_1,unroll_4,pipeline_1,unroll_4,unroll_64,pipeline_1,1,0,0.940663142286,False
workload_4666.cpp,xcu200-fsgd2104-2-e,3.33,7.3727865,63,0,0,0,0,cyclic_16_1,cyclic_2_1,complete_1,unroll_64,pipeline_1,pipeline_1,unroll_64,unroll_2,1,0,0.999998752692,False
workload_4568.cpp,xcu200-fsgd2104-2-e,3.33,3.66226074,474.5,0,0,0,5,cyclic_16_1,cyclic_2_1,complete_1,unroll_8,pipeline_1,pipeline_1,pipeline_1,pipeline_1,2,1.25,0.874842553945,False
workload_4632.cpp,xcu200-fsgd2104-2-e,3.33,3.66226074,471,0,0,0,5,cyclic_16_1,cyclic_2_1,complete_1,unroll_8,pipeline_1,unroll_2,pipeline_1,pipeline_1,1,1.25,0.874842553945,False
workload_4590.cpp,xcu200-fsgd2104-2-e,3.33,3.66226074,451,0,0,0,5,cyclic_16_1,cyclic_2_1,complete_1,unroll_8,pipeline_1,unroll_4,pipeline_1,pipeline_1,1,1.25,0.874842553945,False
workload_4790.cpp,xcu200-fsgd2104-2-e,3.33,3.66226074,456,0,0,0,5,cyclic_16_1,cyclic_2_1,complete_1,unroll_8,pipeline_1,unroll_4,pipeline_1,unroll_2,1,1.25,0.874842553945,False
workload_4669.cpp,xcu200-fsgd2104-2-e,3.33,3.66226074,462,0,0,0,5,cyclic_16_1,cyclic_2_1,complete_1,unroll_8,unroll_2,pipeline_1,pipeline_1,pipeline_1,1,1.25,0.874842553945,False
workload_4655.cpp,xcu200-fsgd2104-2-e,3.33,3.6554409,450,0,0,1,5,cyclic_16_1,cyclic_32_1,complete_1,unroll_8,pipeline_1,pipeline_1,pipeline_1,pipeline_1,1,1.5,0.828376556046,False
workload_4633.cpp,xcu200-fsgd2104-2-e,3.33,3.6554409,482,0,0,1,5,cyclic_16_1,cyclic_32_1,complete_1,unroll_8,unroll_2,pipeline_1,pipeline_1,pipeline_1,1,1.5,0.828376556046,False
workload_4598.cpp,xcu200-fsgd2104-2-e,3.33,81.27939258,77,0,0,0,0,cyclic_16_1,cyclic_32_1,complete_1,unroll_8,unroll_2,pipeline_1,unroll_64,pipeline_1,1,0,0.342791327716,False
workload_4681.cpp,xcu200-fsgd2104-2-e,3.33,3.6554409,459,0,0,1,5,cyclic_16_1,cyclic_32_1,complete_1,unroll_8,unroll_4,pipeline_1,pipeline_1,pipeline_1,1,1.5,0.828376556046,False
workload_4718.cpp,xcu200-fsgd2104-2-e,3.33,76.91469498,83,0,0,0,1,cyclic_16_1,cyclic_32_1,complete_1,unroll_8,unroll_8,pipeline_1,unroll_64,pipeline_1,1,0.25,0.369171932051,False
workload_4864.cpp,xcu200-fsgd2104-2-e,3.33,3.6554409,483,0,0,0,5,cyclic_16_1,cyclic_4_1,complete_1,pipeline_1,pipeline_1,pipeline_1,pipeline_1,unroll_2,1,1.25,1,True
workload_4822.cpp,xcu200-fsgd2104-2-e,3.33,3.6554409,473,0,0,0,5,cyclic_16_1,cyclic_4_1,complete_1,pipeline_1,pipeline_1,unroll_4,pipeline_1,pipeline_1,1,1.25,1,True
workload_4861.cpp,xcu200-fsgd2104-2-e,3.33,3.6554409,477,0,0,0,5,cyclic_16_1,cyclic_4_1,complete_1,unroll_2,pipeline_1,pipeline_1,pipeline_1,pipeline_1,1,1.25,1,True
workload_4794.cpp,xcu200-fsgd2104-2-e,3.33,3.6554409,466,0,0,0,5,cyclic_16_1,cyclic_4_1,complete_1,unroll_2,pipeline_1,unroll_8,pipeline_1,unroll_2,1,1.25,1,True
workload_4722.cpp,xcu200-fsgd2104-2-e,3.33,3.6554409,464,0,0,0,5,cyclic_16_1,cyclic_4_1,complete_1,unroll_4,pipeline_1,pipeline_1,pipeline_1,pipeline_1,2,1.25,1,True
workload_4738.cpp,xcu200-fsgd2104-2-e,3.33,3.6554409,457,0,0,0,5,cyclic_16_1,cyclic_4_1,complete_1,unroll_4,pipeline_1,pipeline_1,pipeline_1,unroll_2,2,1.25,1,True
workload_4678.cpp,xcu200-fsgd2104-2-e,3.33,3.6554409,464.5,0,0,0,5,cyclic_16_1,cyclic_4_1,complete_1,unroll_4,pipeline_1,unroll_4,pipeline_1,pipeline_1,4,1.25,1,True
workload_4651.cpp,xcu200-fsgd2104-2-e,3.33,3.6554409,468,0,0,0,5,cyclic_16_1,cyclic_4_1,complete_1,unroll_4,pipeline_1,unroll_4,pipeline_1,unroll_2,3,1.25,1,True
workload_4803.cpp,xcu200-fsgd2104-2-e,3.33,5.87870874,407,0,1,1,6,cyclic_16_1,cyclic_4_1,complete_1,unroll_64,pipeline_1,pipeline_1,pipeline_1,unroll_2,1,2,0.739400645617,False
workload_4787.cpp,xcu200-fsgd2104-2-e,3.33,7.37267994,65,0,0,0,0,cyclic_16_1,cyclic_4_1,complete_1,unroll_64,pipeline_1,pipeline_1,unroll_64,unroll_2,1,0,1,True
workload_4765.cpp,xcu200-fsgd2104-2-e,3.33,8.13811041,64,0,0,0,0,cyclic_16_1,cyclic_4_1,complete_1,unroll_64,pipeline_1,unroll_4,unroll_64,pipeline_1,1,0,0.991062767004,False
workload_4829.cpp,xcu200-fsgd2104-2-e,3.33,8.13810042,67,0,0,0,0,cyclic_16_1,cyclic_4_1,complete_1,unroll_64,pipeline_1,unroll_4,unroll_64,unroll_2,1,0,0.991062883358,False
workload_4851.cpp,xcu200-fsgd2104-2-e,3.33,5.87870874,407,0,1,1,6,cyclic_16_1,cyclic_4_1,complete_1,unroll_64,unroll_2,pipeline_1,pipeline_1,unroll_2,1,2,0.739400645617,False
workload_4804.cpp,xcu200-fsgd2104-2-e,3.33,3.6554409,449.5,0,0,0,5,cyclic_16_1,cyclic_4_1,complete_1,unroll_8,pipeline_1,pipeline_1,pipeline_1,pipeline_1,2,1.25,1,True
workload_4771.cpp,xcu200-fsgd2104-2-e,3.33,3.6554409,471.5,0,0,0,5,cyclic_16_1,cyclic_4_1,complete_1,unroll_8,pipeline_1,pipeline_1,pipeline_1,unroll_2,2,1.25,1,True
workload_4743.cpp,xcu200-fsgd2104-2-e,3.33,3.6554409,479,0,0,0,5,cyclic_16_1,cyclic_4_1,complete_1,unroll_8,pipeline_1,unroll_4,pipeline_1,pipeline_1,2,1.25,1,True
workload_4699.cpp,xcu200-fsgd2104-2-e,3.33,3.6554409,453,0,0,0,5,cyclic_16_1,cyclic_4_1,complete_1,unroll_8,pipeline_1,unroll_4,pipeline_1,unroll_2,1,1.25,1,True
workload_4866.cpp,xcu200-fsgd2104-2-e,3.33,3.6554409,480,0,0,0,5,cyclic_16_1,cyclic_4_1,complete_1,unroll_8,unroll_2,pipeline_1,pipeline_1,pipeline_1,1,1.25,1,True
workload_3996.cpp,xcu200-fsgd2104-2-e,3.33,84.7177641,56,0,0,0,0,cyclic_16_1,cyclic_4_1,complete_1,unroll_8,unroll_2,unroll_2,unroll_4,pipeline_1,1,0,0.322337358844,False
workload_4826.cpp,xcu200-fsgd2104-2-e,3.33,3.6554409,463,0,0,0,5,cyclic_16_1,cyclic_4_1,complete_1,unroll_8,unroll_2,unroll_4,pipeline_1,pipeline_1,2,1.25,1,True
workload_4523.cpp,xcu200-fsgd2104-2-e,3.33,3.6554409,476,0,0,1,5,cyclic_16_1,cyclic_64_1,complete_1,pipeline_1,pipeline_1,pipeline_1,pipeline_1,pipeline_1,4,1.5,0.828376556046,False
workload_4583.cpp,xcu200-fsgd2104-2-e,3.33,5.44905882,396,0,2,1,7,cyclic_16_1,cyclic_64_1,complete_1,unroll_32,pipeline_1,pipeline_1,pipeline_1,pipeline_1,1,2.5,0.656495603887,False
workload_4454.cpp,xcu200-fsgd2104-2-e,3.33,3.6554409,475.5,0,0,1,5,cyclic_16_1,cyclic_64_1,complete_1,unroll_4,pipeline_1,pipeline_1,pipeline_1,pipeline_1,4,1.5,0.828376556046,False
workload_4730.cpp,xcu200-fsgd2104-2-e,3.33,3.6554409,457,0,0,1,5,cyclic_16_1,cyclic_64_1,complete_1,unroll_4,pipeline_1,unroll_2,pipeline_1,pipeline_1,1,1.5,0.828376556046,False
workload_4621.cpp,xcu200-fsgd2104-2-e,3.33,3.6554409,462.5,0,0,1,5,cyclic_16_1,cyclic_64_1,complete_1,unroll_4,pipeline_1,unroll_4,pipeline_1,pipeline_1,2,1.5,0.828376556046,False
workload_4701.cpp,xcu200-fsgd2104-2-e,3.33,3.6554409,479,0,0,1,5,cyclic_16_1,cyclic_64_1,complete_1,unroll_4,unroll_2,pipeline_1,pipeline_1,pipeline_1,1,1.5,0.828376556046,False
workload_4574.cpp,xcu200-fsgd2104-2-e,3.33,3.6554409,472,0,0,1,5,cyclic_16_1,cyclic_64_1,complete_1,unroll_8,pipeline_1,pipeline_1,pipeline_1,pipeline_1,5,1.5,0.828376556046,False
workload_4623.cpp,xcu200-fsgd2104-2-e,3.33,3.6554409,455,0,0,1,5,cyclic_16_1,cyclic_64_1,complete_1,unroll_8,pipeline_1,unroll_2,pipeline_1,pipeline_1,1,1.5,0.828376556046,False
workload_4643.cpp,xcu200-fsgd2104-2-e,3.33,3.6554409,471,0,0,1,5,cyclic_16_1,cyclic_64_1,complete_1,unroll_8,pipeline_1,unroll_4,pipeline_1,pipeline_1,1,1.5,0.828376556046,False
workload_4545.cpp,xcu200-fsgd2104-2-e,3.33,3.6554409,462,0,0,1,5,cyclic_16_1,cyclic_64_1,complete_1,unroll_8,unroll_2,pipeline_1,pipeline_1,pipeline_1,1,1.5,0.828376556046,False
workload_4834.cpp,xcu200-fsgd2104-2-e,3.33,3.6554409,449,0,0,0,5,cyclic_16_1,cyclic_8_1,complete_1,pipeline_1,pipeline_1,pipeline_1,pipeline_1,pipeline_1,1,1.25,1,True
workload_4863.cpp,xcu200-fsgd2104-2-e,3.33,3.6554409,449,0,0,0,5,cyclic_16_1,cyclic_8_1,complete_1,pipeline_1,pipeline_1,pipeline_1,pipeline_1,unroll_2,1,1.25,1,True
workload_4870.cpp,xcu200-fsgd2104-2-e,3.33,3.6554409,472,0,0,0,5,cyclic_16_1,cyclic_8_1,complete_1,pipeline_1,pipeline_1,unroll_4,pipeline_1,pipeline_1,1,1.25,1,True
workload_4824.cpp,xcu200-fsgd2104-2-e,3.33,3.6554409,482,0,0,0,5,cyclic_16_1,cyclic_8_1,complete_1,unroll_4,pipeline_1,unroll_4,pipeline_1,pipeline_1,1,1.25,1,True
workload_4793.cpp,xcu200-fsgd2104-2-e,3.33,3.6554409,468,0,0,0,5,cyclic_16_1,cyclic_8_1,complete_1,unroll_8,pipeline_1,unroll_4,pipeline_1,pipeline_1,1,1.25,1,True
workload_4298.cpp,xcu200-fsgd2104-2-e,3.33,5.40813978,517,0,0,0,5,cyclic_2_1,block_128_1,complete_1,pipeline_1,pipeline_1,pipeline_1,pipeline_1,pipeline_1,1,1.25,0.866602840354,False
workload_4247.cpp,xcu200-fsgd2104-2-e,3.33,5.40813978,517,0,0,0,5,cyclic_2_1,block_128_1,complete_1,pipeline_1,unroll_2,pipeline_1,pipeline_1,pipeline_1,1,1.25,0.866602840354,False
workload_4334.cpp,xcu200-fsgd2104-2-e,3.33,5.40813978,496,0,0,0,5,cyclic_2_1,block_128_1,complete_1,pipeline_1,unroll_2,pipeline_1,pipeline_1,unroll_2,1,1.25,0.866602840354,False
workload_4294.cpp,xcu200-fsgd2104-2-e,3.33,5.46270849,418,0,0,0,6,cyclic_2_1,block_128_1,complete_1,unroll_16,unroll_4,unroll_8,pipeline_1,pipeline_1,1,1.5,0.827502024232,False
workload_4200.cpp,xcu200-fsgd2104-2-e,3.33,53.074563975,132.5,0,0,1,5,cyclic_2_1,block_128_1,complete_1,unroll_32,unroll_2,unroll_64,unroll_16,unroll_2,2,1.5,0.500810440642,False
workload_4277.cpp,xcu200-fsgd2104-2-e,3.33,7.64761473,115,0,0,1,5,cyclic_2_1,block_128_1,complete_1,unroll_64,pipeline_1,unroll_64,unroll_16,unroll_2,1,1.5,0.82161298057,False
workload_4119.cpp,xcu200-fsgd2104-2-e,3.33,58.81483962,146,0,0,0,1,cyclic_2_1,block_16_1,complete_1,pipeline_1,unroll_64,pipeline_1,unroll_64,unroll_2,1,0.25,0.497129438645,False
workload_4081.cpp,xcu200-fsgd2104-2-e,3.33,77.80127418,64,0,0,0,1,cyclic_2_1,block_16_1,complete_1,pipeline_1,unroll_8,pipeline_1,unroll_64,pipeline_1,1,0.25,0.363537454184,False
workload_4234.cpp,xcu200-fsgd2104-2-e,3.33,6.32882817,426,0,0,0,6,cyclic_2_1,block_2_1,complete_1,unroll_32,pipeline_1,pipeline_1,pipeline_1,pipeline_1,1,1.5,0.825687662264,False
workload_4196.cpp,xcu200-fsgd2104-2-e,3.33,10.94031873,54,0,0,0,0,cyclic_2_1,block_4_1,complete_1,pipeline_1,pipeline_1,unroll_32,unroll_16,pipeline_1,1,0,0.958724423291,False
workload_4013.cpp,xcu200-fsgd2104-2-e,3.33,84.17389185,69,0,0,0,1,cyclic_2_1,block_4_1,complete_1,unroll_2,unroll_16,unroll_32,unroll_2,pipeline_1,1,0.25,0.324784469342,False
workload_4147.cpp,xcu200-fsgd2104-2-e,3.33,8.91353754,1456,0,0,0,6,cyclic_2_1,block_64_1,complete_1,unroll_16,unroll_32,pipeline_1,pipeline_1,pipeline_1,1,1.5,0.816583129922,False
workload_4077.cpp,xcu200-fsgd2104-2-e,3.33,78.61998465,55,0,0,0,1,cyclic_2_1,block_8_1,complete_1,unroll_16,unroll_8,pipeline_1,unroll_8,pipeline_1,1,0.25,0.358386992841,False
workload_4201.cpp,xcu200-fsgd2104-2-e,3.33,5.66730369,418,0,0,0,5,cyclic_2_1,block_8_1,complete_1,unroll_32,pipeline_1,pipeline_1,pipeline_1,unroll_2,1,1.25,0.865320569247,False
workload_4159.cpp,xcu200-fsgd2104-2-e,3.33,7.87821057,58,0,0,0,0,cyclic_2_1,block_8_1,complete_1,unroll_32,pipeline_1,unroll_32,unroll_16,pipeline_1,1,0,0.994092379766,False
workload_4100.cpp,xcu200-fsgd2104-2-e,3.33,7.19494785,605,0,0,1,6,cyclic_2_1,block_8_1,complete_1,unroll_32,pipeline_1,unroll_64,pipeline_1,unroll_2,1,1.75,0.780876239238,False
workload_4133.cpp,xcu200-fsgd2104-2-e,3.33,7.87821057,68.5,0,0,0,0,cyclic_2_1,block_8_1,complete_1,unroll_32,pipeline_1,unroll_64,unroll_16,pipeline_1,2,0,0.994092379766,False
workload_4046.cpp,xcu200-fsgd2104-2-e,3.33,7.878205575,69.5,0,0,0,0,cyclic_2_1,block_8_1,complete_1,unroll_32,pipeline_1,unroll_64,unroll_16,unroll_2,2,0,0.994092438042,False
workload_4243.cpp,xcu200-fsgd2104-2-e,3.33,5.61274497,494,0,4,3,8,cyclic_2_1,block_8_1,complete_1,unroll_4,pipeline_1,pipeline_1,pipeline_1,unroll_2,1,3.75,0.47361692798,False
workload_4264.cpp,xcu200-fsgd2104-2-e,3.33,5.61273498,484,0,0,0,5,cyclic_2_1,block_8_1,complete_1,unroll_8,pipeline_1,pipeline_1,pipeline_1,pipeline_1,1,1.25,0.865591834899,False
workload_4210.cpp,xcu200-fsgd2104-2-e,3.33,9.18760986,67,0,0,0,0,cyclic_2_1,block_8_1,complete_1,unroll_8,pipeline_1,unroll_64,unroll_16,unroll_2,1,0,0.978881213226,False
workload_4453.cpp,xcu200-fsgd2104-2-e,3.33,5.40131994,512,0,0,0,5,cyclic_2_1,cyclic_128_1,complete_1,pipeline_1,pipeline_1,pipeline_1,pipeline_1,pipeline_1,1,1.25,0.866636375931,False
workload_4499.cpp,xcu200-fsgd2104-2-e,3.33,5.40131994,499,0,0,0,5,cyclic_2_1,cyclic_128_1,complete_1,pipeline_1,pipeline_1,pipeline_1,pipeline_1,unroll_2,1,1.25,0.866636375931,False
workload_4311.cpp,xcu200-fsgd2104-2-e,3.33,5.45587866,401,0,0,0,6,cyclic_2_1,cyclic_128_1,complete_1,unroll_16,unroll_4,unroll_8,pipeline_1,pipeline_1,1,1.5,0.827513114436,False
workload_4049.cpp,xcu200-fsgd2104-2-e,3.33,88.21122714,90,0,0,0,2,cyclic_2_1,cyclic_128_1,complete_1,unroll_2,unroll_16,unroll_8,unroll_2,pipeline_1,1,0.5,0.299866525089,False
workload_4224.cpp,xcu200-fsgd2104-2-e,3.33,84.0634857,80,0,0,0,1,cyclic_2_1,cyclic_128_1,complete_1,unroll_2,unroll_2,pipeline_1,unroll_16,pipeline_1,1,0.25,0.325429740296,False
workload_4267.cpp,xcu200-fsgd2104-2-e,3.33,5.45588865,420,0,0,0,6,cyclic_2_1,cyclic_128_1,complete_1,unroll_32,pipeline_1,pipeline_1,pipeline_1,pipeline_1,1,1.5,0.827513098254,False
workload_4275.cpp,xcu200-fsgd2104-2-e,3.33,7.19493786,1037,0,0,1,7,cyclic_2_1,cyclic_128_1,complete_1,unroll_32,pipeline_1,unroll_64,pipeline_1,pipeline_1,1,2,0.738165044475,False
workload_4149.cpp,xcu200-fsgd2104-2-e,3.33,7.19494785,1067,0,0,1,7,cyclic_2_1,cyclic_128_1,complete_1,unroll_32,pipeline_1,unroll_64,pipeline_1,unroll_2,1,2,0.738165031901,False
workload_4177.cpp,xcu200-fsgd2104-2-e,3.33,7.14037914,1044,0,0,1,6,cyclic_2_1,cyclic_128_1,complete_1,unroll_4,pipeline_1,unroll_64,pipeline_1,unroll_2,1,1.75,0.780977896922,False
workload_4165.cpp,xcu200-fsgd2104-2-e,3.33,5.40132993,499,0,6,3,9,cyclic_2_1,cyclic_16_1,complete_1,pipeline_1,unroll_4,unroll_8,pipeline_1,pipeline_1,1,4.5,0.381276609063,False
workload_4024.cpp,xcu200-fsgd2104-2-e,3.33,78.62254209,55,0,0,0,0,cyclic_2_1,cyclic_16_1,complete_1,unroll_16,unroll_4,pipeline_1,unroll_2,pipeline_1,1,0,0.359212563162,False
workload_4070.cpp,xcu200-fsgd2104-2-e,3.33,5.455883655,419.5,0,0,0,5,cyclic_2_1,cyclic_16_1,complete_1,unroll_16,unroll_4,unroll_8,pipeline_1,pipeline_1,2,1.25,0.866367769381,False
workload_4684.cpp,xcu200-fsgd2104-2-e,3.33,5.40813978,487,0,0,0,5,cyclic_2_1,cyclic_2_1,complete_1,unroll_8,pipeline_1,unroll_4,pipeline_1,pipeline_1,1,1.25,0.866602840354,False
workload_4238.cpp,xcu200-fsgd2104-2-e,3.33,7.86798081,62,0,0,0,0,cyclic_2_1,cyclic_32_1,complete_1,unroll_32,pipeline_1,unroll_64,unroll_16,unroll_2,1,0,0.994211731688,False
workload_4083.cpp,xcu200-fsgd2104-2-e,3.33,12.83623425,64,0,0,0,0,cyclic_2_1,cyclic_32_1,complete_1,unroll_32,unroll_32,unroll_4,unroll_16,unroll_2,1,0,0.937183976779,False
workload_4021.cpp,xcu200-fsgd2104-2-e,3.33,8.88413697,76,0,0,0,1,cyclic_2_1,cyclic_32_1,complete_1,unroll_32,unroll_32,unroll_64,unroll_16,unroll_2,1,0.25,0.946655225647,False
workload_4675.cpp,xcu200-fsgd2104-2-e,3.33,5.40131994,503,0,0,0,5,cyclic_2_1,cyclic_32_1,complete_1,unroll_8,pipeline_1,pipeline_1,pipeline_1,pipeline_1,1,1.25,0.866636375931,False
workload_4207.cpp,xcu200-fsgd2104-2-e,3.33,9.17483265,54,0,0,0,0,cyclic_2_1,cyclic_32_1,complete_1,unroll_8,pipeline_1,pipeline_1,unroll_16,pipeline_1,1,0,0.979029014325,False
workload_4069.cpp,xcu200-fsgd2104-2-e,3.33,10.31203098,72,0,0,0,1,cyclic_2_1,cyclic_4_1,complete_1,pipeline_1,unroll_64,pipeline_1,unroll_64,unroll_2,1,0.25,0.939380014855,False
workload_4132.cpp,xcu200-fsgd2104-2-e,3.33,8.9067177,501,0,0,0,6,cyclic_2_1,cyclic_4_1,complete_1,pipeline_1,unroll_64,unroll_8,pipeline_1,unroll_2,1,1.5,0.816612588682,False
workload_4056.cpp,xcu200-fsgd2104-2-e,3.33,80.79636609,52,0,0,0,0,cyclic_2_1,cyclic_4_1,complete_1,pipeline_1,unroll_8,pipeline_1,unroll_4,pipeline_1,1,0,0.345736814315,False
workload_4022.cpp,xcu200-fsgd2104-2-e,3.33,77.364702855,57,0,0,0,0,cyclic_2_1,cyclic_4_1,complete_1,pipeline_1,unroll_8,pipeline_1,unroll_64,pipeline_1,2,0,0.367174312966,False
workload_4178.cpp,xcu200-fsgd2104-2-e,3.33,8.90672769,559,0,0,0,6,cyclic_2_1,cyclic_4_1,complete_1,unroll_32,unroll_64,pipeline_1,pipeline_1,unroll_2,1,1.5,0.816612545547,False
workload_4112.cpp,xcu200-fsgd2104-2-e,3.33,8.9067177,469,0,0,0,6,cyclic_2_1,cyclic_4_1,complete_1,unroll_4,unroll_64,pipeline_1,pipeline_1,unroll_2,1,1.5,0.816612588682,False
workload_4268.cpp,xcu200-fsgd2104-2-e,3.33,7.19493786,803,0,0,1,6,cyclic_2_1,cyclic_64_1,complete_1,unroll_64,pipeline_1,unroll_64,pipeline_1,unroll_2,1,1.75,0.78087625802,False
workload_4093.cpp,xcu200-fsgd2104-2-e,3.33,14.25007233,52,0,0,0,0,cyclic_2_1,cyclic_8_1,complete_1,pipeline_1,pipeline_1,unroll_64,unroll_2,pipeline_1,1,0,0.921298748769,False
workload_4189.cpp,xcu200-fsgd2104-2-e,3.33,7.64974593,59,0,0,0,0,cyclic_2_1,cyclic_8_1,complete_1,unroll_64,pipeline_1,unroll_64,unroll_16,unroll_2,1,0,0.996759803588,False
workload_4741.cpp,xcu200-fsgd2104-2-e,3.33,4.52838042,488,0,0,0,5,cyclic_32_1,block_2_1,complete_1,unroll_8,pipeline_1,pipeline_1,pipeline_1,pipeline_1,1,1.25,0.870841379781,False
workload_4502.cpp,xcu200-fsgd2104-2-e,3.33,3.6554409,481,0,0,1,6,cyclic_32_1,cyclic_128_1,complete_1,pipeline_1,pipeline_1,pipeline_1,pipeline_1,unroll_2,1,1.75,0.783243875114,False
workload_4710.cpp,xcu200-fsgd2104-2-e,3.33,3.6554409,471,0,0,0,5,cyclic_32_1,cyclic_16_1,complete_1,pipeline_1,pipeline_1,pipeline_1,pipeline_1,pipeline_1,2,1.25,1,True
workload_4776.cpp,xcu200-fsgd2104-2-e,3.33,10.76224698,74,0,0,0,0,cyclic_32_1,cyclic_16_1,complete_1,pipeline_1,pipeline_1,pipeline_1,unroll_64,pipeline_1,1,0,0.960761641566,False
workload_4690.cpp,xcu200-fsgd2104-2-e,3.33,3.6554409,461,0,0,0,5,cyclic_32_1,cyclic_16_1,complete_1,pipeline_1,pipeline_1,unroll_4,pipeline_1,pipeline_1,1,1.25,1,True
workload_4881.cpp,xcu200-fsgd2104-2-e,3.33,3.6554409,500,0,0,0,5,cyclic_32_1,cyclic_16_1,complete_1,pipeline_1,unroll_2,unroll_4,pipeline_1,pipeline_1,1,1.25,1,True
workload_4802.cpp,xcu200-fsgd2104-2-e,3.33,3.6554409,442,0,0,0,5,cyclic_32_1,cyclic_16_1,complete_1,unroll_4,pipeline_1,pipeline_1,pipeline_1,unroll_2,1,1.25,1,True
workload_4055.cpp,xcu200-fsgd2104-2-e,3.33,82.97871489,53,0,0,0,0,cyclic_32_1,cyclic_2_1,complete_1,pipeline_1,unroll_2,unroll_8,unroll_4,pipeline_1,1,0,0.332570033782,False
workload_4014.cpp,xcu200-fsgd2104-2-e,3.33,80.19622017,180,0,0,1,7,cyclic_32_1,cyclic_2_1,complete_1,pipeline_1,unroll_64,unroll_64,unroll_4,pipeline_1,1,2,0.311539827649,False
workload_4719.cpp,xcu200-fsgd2104-2-e,3.33,3.6554409,469,0,0,1,5,cyclic_32_1,cyclic_32_1,complete_1,unroll_8,pipeline_1,pipeline_1,pipeline_1,pipeline_1,1,1.5,0.828376556046,False
workload_4749.cpp,xcu200-fsgd2104-2-e,3.33,3.6554409,491,0,0,1,5,cyclic_32_1,cyclic_32_1,complete_1,unroll_8,pipeline_1,unroll_4,pipeline_1,pipeline_1,1,1.5,0.828376556046,False
workload_4694.cpp,xcu200-fsgd2104-2-e,3.33,3.6554409,469,0,0,1,5,cyclic_32_1,cyclic_32_1,complete_1,unroll_8,unroll_2,pipeline_1,pipeline_1,pipeline_1,2,1.5,0.828376556046,False
workload_4773.cpp,xcu200-fsgd2104-2-e,3.33,3.6554409,488.5,0,0,0,5,cyclic_32_1,cyclic_4_1,complete_1,pipeline_1,pipeline_1,pipeline_1,pipeline_1,unroll_2,2,1.25,1,True
workload_4002.cpp,xcu200-fsgd2104-2-e,3.33,10.81712538,64,0,0,0,0,cyclic_32_1,cyclic_4_1,complete_1,pipeline_1,pipeline_1,pipeline_1,unroll_32,pipeline_1,1,0,0.960133551496,False
workload_4848.cpp,xcu200-fsgd2104-2-e,3.33,3.6554409,478,0,0,0,5,cyclic_32_1,cyclic_4_1,complete_1,pipeline_1,pipeline_1,unroll_4,pipeline_1,pipeline_1,1,1.25,1,True
workload_4135.cpp,xcu200-fsgd2104-2-e,3.33,10.83056193,61,0,0,0,0,cyclic_32_1,cyclic_4_1,complete_1,pipeline_1,pipeline_1,unroll_8,unroll_32,pipeline_1,1,0,0.959979803456,False
workload_4085.cpp,xcu200-fsgd2104-2-e,3.33,75.88521882,73,0,0,0,2,cyclic_32_1,cyclic_4_1,complete_1,pipeline_1,unroll_16,pipeline_1,unroll_32,pipeline_1,1,0.5,0.37309627064,False
workload_4057.cpp,xcu200-fsgd2104-2-e,3.33,80.09307009,155,0,0,1,6,cyclic_32_1,cyclic_4_1,complete_1,pipeline_1,unroll_64,pipeline_1,unroll_8,pipeline_1,1,1.75,0.319013131727,False
workload_4734.cpp,xcu200-fsgd2104-2-e,3.33,3.6554409,473,0,0,0,5,cyclic_32_1,cyclic_4_1,complete_1,unroll_4,pipeline_1,pipeline_1,pipeline_1,unroll_2,4,1.25,1,True
workload_4823.cpp,xcu200-fsgd2104-2-e,3.33,12.50119962,66,0,0,0,0,cyclic_32_1,cyclic_4_1,complete_1,unroll_4,pipeline_1,pipeline_1,unroll_64,unroll_2,1,0,0.940970570255,False
workload_4880.cpp,xcu200-fsgd2104-2-e,3.33,3.6554409,499,0,0,0,5,cyclic_32_1,cyclic_4_1,complete_1,unroll_4,pipeline_1,unroll_4,pipeline_1,pipeline_1,1,1.25,1,True
workload_4731.cpp,xcu200-fsgd2104-2-e,3.33,3.6554409,446,0,0,0,5,cyclic_32_1,cyclic_4_1,complete_1,unroll_4,pipeline_1,unroll_4,pipeline_1,unroll_2,3,1.25,1,True
workload_4807.cpp,xcu200-fsgd2104-2-e,3.33,3.6554409,471,0,0,0,5,cyclic_32_1,cyclic_4_1,complete_1,unroll_8,pipeline_1,pipeline_1,pipeline_1,pipeline_1,3,1.25,1,True
workload_4885.cpp,xcu200-fsgd2104-2-e,3.33,3.6554409,467,0,0,0,5,cyclic_32_1,cyclic_4_1,complete_1,unroll_8,pipeline_1,pipeline_1,pipeline_1,unroll_2,1,1.25,1,True
workload_4814.cpp,xcu200-fsgd2104-2-e,3.33,3.6554409,464,0,0,0,5,cyclic_32_1,cyclic_4_1,complete_1,unroll_8,pipeline_1,unroll_4,pipeline_1,pipeline_1,1,1.25,1,True
workload_4860.cpp,xcu200-fsgd2104-2-e,3.33,3.6554409,465,0,0,0,5,cyclic_32_1,cyclic_4_1,complete_1,unroll_8,unroll_2,pipeline_1,pipeline_1,pipeline_1,1,1.25,1,True
workload_4784.cpp,xcu200-fsgd2104-2-e,3.33,3.6554409,481,0,0,1,5,cyclic_32_1,cyclic_64_1,complete_1,unroll_4,pipeline_1,unroll_2,pipeline_1,unroll_2,1,1.5,0.828376556046,False
workload_4797.cpp,xcu200-fsgd2104-2-e,3.33,3.6554409,481,0,0,0,5,cyclic_32_1,cyclic_8_1,complete_1,pipeline_1,pipeline_1,unroll_4,pipeline_1,pipeline_1,2,1.25,1,True
workload_4841.cpp,xcu200-fsgd2104-2-e,3.33,3.6554409,461,0,0,0,5,cyclic_32_1,cyclic_8_1,complete_1,unroll_4,pipeline_1,unroll_4,pipeline_1,unroll_2,1,1.25,1,True
workload_4886.cpp,xcu200-fsgd2104-2-e,3.33,3.6554409,466,0,0,0,5,cyclic_32_1,cyclic_8_1,complete_1,unroll_8,pipeline_1,pipeline_1,pipeline_1,unroll_2,1,1.25,1,True
workload_4381.cpp,xcu200-fsgd2104-2-e,3.33,3.66908058,476,0,0,0,6,cyclic_4_1,block_128_1,complete_1,pipeline_1,unroll_2,unroll_8,pipeline_1,pipeline_1,1,1.5,0.828386499284,False
workload_4343.cpp,xcu200-fsgd2104-2-e,3.33,3.66908058,491,0,0,0,6,cyclic_4_1,block_128_1,complete_1,unroll_4,unroll_2,pipeline_1,pipeline_1,pipeline_1,1,1.5,0.828386499284,False
workload_4312.cpp,xcu200-fsgd2104-2-e,3.33,3.66908058,449,0,0,0,6,cyclic_4_1,block_128_1,complete_1,unroll_4,unroll_2,pipeline_1,pipeline_1,unroll_2,1,1.5,0.828386499284,False
workload_4065.cpp,xcu200-fsgd2104-2-e,3.33,75.71643777,140,0,0,1,6,cyclic_4_1,block_16_1,complete_1,unroll_32,unroll_64,unroll_4,unroll_8,pipeline_1,1,1.75,0.343817713239,False
workload_4504.cpp,xcu200-fsgd2104-2-e,3.33,10.76906682,52,0,0,0,0,cyclic_4_1,block_2_1,complete_1,pipeline_1,pipeline_1,pipeline_1,unroll_64,pipeline_1,1,0,0.96068357518,False
workload_4471.cpp,xcu200-fsgd2104-2-e,3.33,7.70013882,57,0,0,0,0,cyclic_4_1,block_2_1,complete_1,unroll_32,pipeline_1,pipeline_1,unroll_64,pipeline_1,1,0,0.996171103204,False
workload_4037.cpp,xcu200-fsgd2104-2-e,3.33,9.07785306,52,0,0,0,0,cyclic_4_1,block_2_1,complete_1,unroll_32,pipeline_1,unroll_4,unroll_32,pipeline_1,1,0,0.980151236315,False
workload_4139.cpp,xcu200-fsgd2104-2-e,3.33,6.98353281,560,0,1,1,7,cyclic_4_1,block_2_1,complete_1,unroll_32,pipeline_1,unroll_64,pipeline_1,pipeline_1,1,2.25,0.696521648341,False
workload_4106.cpp,xcu200-fsgd2104-2-e,3.33,7.75822401,58.5,0,0,0,0,cyclic_4_1,block_2_1,complete_1,unroll_32,pipeline_1,unroll_64,unroll_32,pipeline_1,2,0,0.995492779555,False
workload_4167.cpp,xcu200-fsgd2104-2-e,3.33,75.66037722,50,0,0,0,0,cyclic_4_1,block_2_1,complete_1,unroll_32,unroll_2,pipeline_1,unroll_32,pipeline_1,1,0,0.378154329697,False
workload_4353.cpp,xcu200-fsgd2104-2-e,3.33,75.66337089,61,0,0,0,0,cyclic_4_1,block_2_1,complete_1,unroll_32,unroll_2,unroll_64,unroll_32,pipeline_1,1,0,0.378134849313,False
workload_4026.cpp,xcu200-fsgd2104-2-e,3.33,75.66187905,116,0,0,1,5,cyclic_4_1,block_2_1,complete_1,unroll_32,unroll_64,unroll_4,unroll_8,pipeline_1,1,1.5,0.350504994924,False
workload_4686.cpp,xcu200-fsgd2104-2-e,3.33,6.32881818,411,0,0,0,6,cyclic_4_1,block_2_1,complete_1,unroll_64,pipeline_1,pipeline_1,pipeline_1,pipeline_1,1,1.5,0.82568768756,False
workload_4564.cpp,xcu200-fsgd2104-2-e,3.33,7.48191393,57,0,0,0,0,cyclic_4_1,block_2_1,complete_1,unroll_64,pipeline_1,pipeline_1,unroll_64,pipeline_1,1,0,0.998721846371,False
workload_4697.cpp,xcu200-fsgd2104-2-e,3.33,7.48190394,58,0,0,0,0,cyclic_4_1,block_2_1,complete_1,unroll_64,pipeline_1,pipeline_1,unroll_64,unroll_2,1,0,0.998721963223,False
workload_4536.cpp,xcu200-fsgd2104-2-e,3.33,6.32881818,406,0,0,0,6,cyclic_4_1,block_2_1,complete_1,unroll_64,pipeline_1,unroll_4,pipeline_1,unroll_2,1,1.5,0.82568768756,False
workload_4721.cpp,xcu200-fsgd2104-2-e,3.33,4.53520026,483,0,0,0,5,cyclic_4_1,block_2_1,complete_1,unroll_8,pipeline_1,pipeline_1,pipeline_1,pipeline_1,1,1.25,0.87080920042,False
workload_4244.cpp,xcu200-fsgd2104-2-e,3.33,5.40131994,496,0,0,0,6,cyclic_4_1,block_4_1,complete_1,pipeline_1,pipeline_1,unroll_64,pipeline_1,pipeline_1,1,1.5,0.827599776759,False
workload_4279.cpp,xcu200-fsgd2104-2-e,3.33,5.88552858,406,0,0,0,6,cyclic_4_1,block_4_1,complete_1,unroll_32,pipeline_1,pipeline_1,pipeline_1,pipeline_1,1,1.5,0.82671423673,False
workload_4548.cpp,xcu200-fsgd2104-2-e,3.33,7.70003226,54,0,0,0,0,cyclic_4_1,block_4_1,complete_1,unroll_32,pipeline_1,pipeline_1,unroll_64,pipeline_1,1,0,0.996172347856,False
workload_4127.cpp,xcu200-fsgd2104-2-e,3.33,8.20491354,52,0,0,0,0,cyclic_4_1,block_4_1,complete_1,unroll_32,pipeline_1,unroll_4,unroll_32,pipeline_1,1,0,0.990284883743,False
workload_4336.cpp,xcu200-fsgd2104-2-e,3.33,6.54023322,578,0,0,1,6,cyclic_4_1,block_4_1,complete_1,unroll_32,pipeline_1,unroll_64,pipeline_1,pipeline_1,1,1.75,0.781970054822,False
workload_4255.cpp,xcu200-fsgd2104-2-e,3.33,7.75651905,67,0,0,0,0,cyclic_4_1,block_4_1,complete_1,unroll_32,pipeline_1,unroll_64,unroll_32,pipeline_1,1,0,0.99551268656,False
workload_4211.cpp,xcu200-fsgd2104-2-e,3.33,76.11006042,53,0,0,0,0,cyclic_4_1,block_4_1,complete_1,unroll_32,unroll_2,unroll_4,unroll_32,pipeline_1,1,0,0.375235799846,False
workload_4280.cpp,xcu200-fsgd2104-2-e,3.33,4.09191066,473,0,0,0,5,cyclic_4_1,block_4_1,complete_1,unroll_4,pipeline_1,unroll_4,pipeline_1,pipeline_1,1,1.25,0.872878917389,False
workload_4415.cpp,xcu200-fsgd2104-2-e,3.33,4.09191066,466,0,0,0,5,cyclic_4_1,block_4_1,complete_1,unroll_4,unroll_2,unroll_4,pipeline_1,pipeline_1,1,1.25,0.872878917389,False
workload_4160.cpp,xcu200-fsgd2104-2-e,3.33,21.33992538,76,0,0,0,0,cyclic_4_1,block_64_1,complete_1,unroll_2,pipeline_1,unroll_4,unroll_32,pipeline_1,1,0,0.843935022616,False
workload_4425.cpp,xcu200-fsgd2104-2-e,3.33,3.87367578,466,0,0,0,5,cyclic_4_1,block_8_1,complete_1,pipeline_1,pipeline_1,pipeline_1,pipeline_1,pipeline_1,1,1.25,0.873881521559,False
workload_4414.cpp,xcu200-fsgd2104-2-e,3.33,3.87367578,479,0,0,0,5,cyclic_4_1,block_8_1,complete_1,unroll_4,pipeline_1,pipeline_1,pipeline_1,pipeline_1,1,1.25,0.873881521559,False
workload_4407.cpp,xcu200-fsgd2104-2-e,3.33,3.87367578,465,0,0,0,5,cyclic_4_1,block_8_1,complete_1,unroll_4,pipeline_1,pipeline_1,pipeline_1,unroll_2,1,1.25,0.873881521559,False
workload_4378.cpp,xcu200-fsgd2104-2-e,3.33,3.87367578,473,0,0,0,5,cyclic_4_1,block_8_1,complete_1,unroll_4,unroll_2,pipeline_1,pipeline_1,unroll_2,1,1.25,0.873881521559,False
workload_4546.cpp,xcu200-fsgd2104-2-e,3.33,3.66226074,446,0,0,0,6,cyclic_4_1,cyclic_128_1,complete_1,pipeline_1,pipeline_1,pipeline_1,pipeline_1,pipeline_1,1,1.5,0.828381560185,False
workload_4538.cpp,xcu200-fsgd2104-2-e,3.33,5.45587866,421,0,0,0,6,cyclic_4_1,cyclic_128_1,complete_1,unroll_32,pipeline_1,pipeline_1,pipeline_1,pipeline_1,1,1.5,0.827513114436,False
workload_4394.cpp,xcu200-fsgd2104-2-e,3.33,5.45587866,423,0,0,0,6,cyclic_4_1,cyclic_128_1,complete_1,unroll_32,pipeline_1,unroll_4,pipeline_1,pipeline_1,1,1.5,0.827513114436,False
workload_4398.cpp,xcu200-fsgd2104-2-e,3.33,3.66226074,490,0,0,0,6,cyclic_4_1,cyclic_128_1,complete_1,unroll_4,pipeline_1,pipeline_1,pipeline_1,pipeline_1,1,1.5,0.828381560185,False
workload_4408.cpp,xcu200-fsgd2104-2-e,3.33,3.66226074,478,0,0,0,6,cyclic_4_1,cyclic_128_1,complete_1,unroll_4,pipeline_1,pipeline_1,pipeline_1,unroll_2,1,1.5,0.828381560185,False
workload_4474.cpp,xcu200-fsgd2104-2-e,3.33,3.66226074,477,0,0,0,6,cyclic_4_1,cyclic_128_1,complete_1,unroll_4,pipeline_1,unroll_2,pipeline_1,unroll_2,1,1.5,0.828381560185,False
workload_4374.cpp,xcu200-fsgd2104-2-e,3.33,3.66226074,467,0,0,0,6,cyclic_4_1,cyclic_128_1,complete_1,unroll_4,pipeline_1,unroll_4,pipeline_1,pipeline_1,1,1.5,0.828381560185,False
workload_4319.cpp,xcu200-fsgd2104-2-e,3.33,3.662265735,473,0,2,1.5,7,cyclic_4_1,cyclic_128_1,complete_1,unroll_4,unroll_2,pipeline_1,pipeline_1,pipeline_1,2,2.625,0.636398489439,False
workload_4364.cpp,xcu200-fsgd2104-2-e,3.33,83.85847425,72,0,0,0,1,cyclic_4_1,cyclic_128_1,complete_1,unroll_4,unroll_2,pipeline_1,unroll_4,pipeline_1,1,0.25,0.326630378882,False
workload_4385.cpp,xcu200-fsgd2104-2-e,3.33,3.66226074,482,0,0,0,6,cyclic_4_1,cyclic_128_1,complete_1,unroll_4,unroll_2,unroll_4,pipeline_1,pipeline_1,1,1.5,0.828381560185,False
workload_4388.cpp,xcu200-fsgd2104-2-e,3.33,3.662265735,482,0,2,1.5,7,cyclic_4_1,cyclic_128_1,complete_1,unroll_8,pipeline_1,pipeline_1,pipeline_1,pipeline_1,2,2.625,0.636398489439,False
workload_4490.cpp,xcu200-fsgd2104-2-e,3.33,3.66226074,487,0,0,0,6,cyclic_4_1,cyclic_128_1,complete_1,unroll_8,pipeline_1,unroll_2,pipeline_1,pipeline_1,1,1.5,0.828381560185,False
workload_4320.cpp,xcu200-fsgd2104-2-e,3.33,3.66226074,487,0,0,0,6,cyclic_4_1,cyclic_128_1,complete_1,unroll_8,pipeline_1,unroll_4,pipeline_1,pipeline_1,3,1.5,0.828381560185,False
workload_4505.cpp,xcu200-fsgd2104-2-e,3.33,3.66226074,475,0,0,0,6,cyclic_4_1,cyclic_128_1,complete_1,unroll_8,pipeline_1,unroll_8,pipeline_1,pipeline_1,1,1.5,0.828381560185,False
workload_4758.cpp,xcu200-fsgd2104-2-e,3.33,3.66226074,446,0,0,0,5,cyclic_4_1,cyclic_16_1,complete_1,unroll_4,pipeline_1,pipeline_1,pipeline_1,unroll_2,1,1.25,0.874842553945,False
workload_4434.cpp,xcu200-fsgd2104-2-e,3.33,3.66908058,460.5,0,0,0,5,cyclic_4_1,cyclic_2_1,complete_1,unroll_4,pipeline_1,pipeline_1,pipeline_1,pipeline_1,2,1.25,0.874811709901,False
workload_4473.cpp,xcu200-fsgd2104-2-e,3.33,3.66908058,461,0,0,0,5,cyclic_4_1,cyclic_2_1,complete_1,unroll_4,pipeline_1,pipeline_1,pipeline_1,unroll_2,1,1.25,0.874811709901,False
workload_4485.cpp,xcu200-fsgd2104-2-e,3.33,3.66908058,477,0,0,0,5,cyclic_4_1,cyclic_2_1,complete_1,unroll_4,unroll_2,pipeline_1,pipeline_1,unroll_2,1,1.25,0.874811709901,False
workload_4554.cpp,xcu200-fsgd2104-2-e,3.33,3.66908058,476,0,0,0,5,cyclic_4_1,cyclic_2_1,complete_1,unroll_8,pipeline_1,pipeline_1,pipeline_1,pipeline_1,1,1.25,0.874811709901,False
workload_4622.cpp,xcu200-fsgd2104-2-e,3.33,3.66908058,461,0,0,0,5,cyclic_4_1,cyclic_2_1,complete_1,unroll_8,pipeline_1,unroll_4,pipeline_1,pipeline_1,1,1.25,0.874811709901,False
workload_4483.cpp,xcu200-fsgd2104-2-e,3.33,3.66908058,485,0,0,0,5,cyclic_4_1,cyclic_2_1,complete_1,unroll_8,unroll_2,unroll_4,pipeline_1,unroll_2,1,1.25,0.874811709901,False
workload_4512.cpp,xcu200-fsgd2104-2-e,3.33,3.66226074,472,0,0,0,5,cyclic_4_1,cyclic_32_1,complete_1,pipeline_1,pipeline_1,pipeline_1,pipeline_1,pipeline_1,2,1.25,0.874842553945,False
workload_4644.cpp,xcu200-fsgd2104-2-e,3.33,3.66226074,467,0,0,0,5,cyclic_4_1,cyclic_32_1,complete_1,pipeline_1,pipeline_1,unroll_4,pipeline_1,pipeline_1,1,1.25,0.874842553945,False
workload_4078.cpp,xcu200-fsgd2104-2-e,3.33,29.02014081,55,0,0,0,0,cyclic_4_1,cyclic_32_1,complete_1,unroll_2,pipeline_1,unroll_4,unroll_4,pipeline_1,1,0,0.764446627164,False
workload_4256.cpp,xcu200-fsgd2104-2-e,3.33,11.15129754,58,0,0,0,0,cyclic_4_1,cyclic_32_1,complete_1,unroll_32,pipeline_1,pipeline_1,unroll_8,pipeline_1,1,0,0.956313857867,False
workload_4205.cpp,xcu200-fsgd2104-2-e,3.33,7.86798081,63,0,0,0,0,cyclic_4_1,cyclic_32_1,complete_1,unroll_32,pipeline_1,unroll_64,unroll_16,pipeline_1,1,0,0.994211731688,False
workload_4612.cpp,xcu200-fsgd2104-2-e,3.33,14.18868378,49,0,0,0,0,cyclic_4_1,cyclic_32_1,complete_1,unroll_4,pipeline_1,pipeline_1,unroll_2,pipeline_1,1,0,0.921985322165,False
workload_4572.cpp,xcu200-fsgd2104-2-e,3.33,3.66226074,469,0,0,0,5,cyclic_4_1,cyclic_32_1,complete_1,unroll_8,pipeline_1,pipeline_1,pipeline_1,pipeline_1,2,1.25,0.874842553945,False
workload_4477.cpp,xcu200-fsgd2104-2-e,3.33,3.66226074,496,0,0,0,5,cyclic_4_1,cyclic_32_1,complete_1,unroll_8,pipeline_1,unroll_4,pipeline_1,pipeline_1,1,1.25,0.874842553945,False
workload_4566.cpp,xcu200-fsgd2104-2-e,3.33,78.66057402,68,0,0,0,0,cyclic_4_1,cyclic_32_1,complete_1,unroll_8,unroll_2,pipeline_1,unroll_64,pipeline_1,1,0,0.358973708025,False
workload_4712.cpp,xcu200-fsgd2104-2-e,3.33,3.66226074,465,0,0,0,5,cyclic_4_1,cyclic_4_1,complete_1,pipeline_1,pipeline_1,pipeline_1,pipeline_1,pipeline_1,1,1.25,0.874842553945,False
workload_4760.cpp,xcu200-fsgd2104-2-e,3.33,3.66226074,466,0,0,0,5,cyclic_4_1,cyclic_4_1,complete_1,pipeline_1,pipeline_1,pipeline_1,pipeline_1,unroll_2,1,1.25,0.874842553945,False
workload_4157.cpp,xcu200-fsgd2104-2-e,3.33,10.82544705,57,0,0,0,0,cyclic_4_1,cyclic_4_1,complete_1,pipeline_1,pipeline_1,unroll_64,unroll_32,unroll_2,1,0,0.960038328971,False
workload_4618.cpp,xcu200-fsgd2104-2-e,3.33,3.66226074,464,0,0,0,5,cyclic_4_1,cyclic_4_1,complete_1,unroll_4,pipeline_1,pipeline_1,pipeline_1,pipeline_1,1,1.25,0.874842553945,False
workload_4569.cpp,xcu200-fsgd2104-2-e,3.33,3.66226074,457,0,0,0,5,cyclic_4_1,cyclic_4_1,complete_1,unroll_4,pipeline_1,pipeline_1,pipeline_1,unroll_2,1,1.25,0.874842553945,False
workload_4836.cpp,xcu200-fsgd2104-2-e,3.33,3.66226074,438,0,0,0,5,cyclic_4_1,cyclic_4_1,complete_1,unroll_4,pipeline_1,unroll_4,pipeline_1,pipeline_1,1,1.25,0.874842553945,False
workload_4692.cpp,xcu200-fsgd2104-2-e,3.33,3.66226074,440,0,0,0,5,cyclic_4_1,cyclic_4_1,complete_1,unroll_4,unroll_2,pipeline_1,pipeline_1,pipeline_1,1,1.25,0.874842553945,False
workload_4602.cpp,xcu200-fsgd2104-2-e,3.33,3.66226074,458,0,0,0,5,cyclic_4_1,cyclic_4_1,complete_1,unroll_4,unroll_2,pipeline_1,pipeline_1,unroll_2,1,1.25,0.874842553945,False
workload_4641.cpp,xcu200-fsgd2104-2-e,3.33,3.66226074,473,0,0,0,5,cyclic_4_1,cyclic_4_1,complete_1,unroll_8,pipeline_1,pipeline_1,pipeline_1,pipeline_1,3,1.25,0.874842553945,False
workload_4603.cpp,xcu200-fsgd2104-2-e,3.33,3.66226074,468,0,0,0,5,cyclic_4_1,cyclic_64_1,complete_1,pipeline_1,pipeline_1,pipeline_1,pipeline_1,pipeline_1,3,1.25,0.874842553945,False
workload_4656.cpp,xcu200-fsgd2104-2-e,3.33,3.66226074,476.5,0,0,0,5,cyclic_4_1,cyclic_64_1,complete_1,pipeline_1,pipeline_1,pipeline_1,pipeline_1,unroll_2,2,1.25,0.874842553945,False
workload_4579.cpp,xcu200-fsgd2104-2-e,3.33,3.66226074,465,0,0,0,5,cyclic_4_1,cyclic_64_1,complete_1,pipeline_1,pipeline_1,unroll_4,pipeline_1,pipeline_1,1,1.25,0.874842553945,False
workload_4640.cpp,xcu200-fsgd2104-2-e,3.33,5.45587866,414,0,0,0,6,cyclic_4_1,cyclic_64_1,complete_1,unroll_16,unroll_2,pipeline_1,pipeline_1,pipeline_1,1,1.5,0.827513114436,False
workload_4459.cpp,xcu200-fsgd2104-2-e,3.33,3.66226074,466.5,0,0,0,5,cyclic_4_1,cyclic_64_1,complete_1,unroll_4,pipeline_1,unroll_4,pipeline_1,pipeline_1,2,1.25,0.874842553945,False
workload_4659.cpp,xcu200-fsgd2104-2-e,3.33,5.45587866,397,0,0,0,6,cyclic_4_1,cyclic_64_1,complete_1,unroll_64,pipeline_1,unroll_4,pipeline_1,unroll_2,1,1.5,0.827513114436,False
workload_4555.cpp,xcu200-fsgd2104-2-e,3.33,3.66226074,476,0,0,0,5,cyclic_4_1,cyclic_64_1,complete_1,unroll_8,pipeline_1,pipeline_1,pipeline_1,pipeline_1,3,1.25,0.874842553945,False
workload_4495.cpp,xcu200-fsgd2104-2-e,3.33,3.66226074,485,0,0,0,5,cyclic_4_1,cyclic_64_1,complete_1,unroll_8,pipeline_1,unroll_4,pipeline_1,pipeline_1,2,1.25,0.874842553945,False
workload_4513.cpp,xcu200-fsgd2104-2-e,3.33,3.662265735,486,0,2.5,1.5,7,cyclic_4_1,cyclic_64_1,complete_1,unroll_8,unroll_2,pipeline_1,pipeline_1,pipeline_1,2,2.75,0.616851565409,False
workload_4354.cpp,xcu200-fsgd2104-2-e,3.33,14.2091433,97,0,0,1,2,cyclic_64_1,block_128_1,complete_1,pipeline_1,pipeline_1,unroll_8,unroll_2,pipeline_1,1,0.75,0.840925732697,False
workload_4349.cpp,xcu200-fsgd2104-2-e,3.33,5.45587866,445,0,7,5,11,cyclic_64_1,block_128_1,complete_1,unroll_32,unroll_2,pipeline_1,pipeline_1,pipeline_1,1,5.75,0.256420890771,False
workload_4339.cpp,xcu200-fsgd2104-2-e,3.33,5.50362753,1093,0,9,6,12,cyclic_64_1,block_128_1,complete_1,unroll_32,unroll_2,unroll_64,pipeline_1,pipeline_1,1,6.75,0.182716983195,False
workload_4375.cpp,xcu200-fsgd2104-2-e,3.33,3.66226074,503,0,0,1,6,cyclic_64_1,block_128_1,complete_1,unroll_4,pipeline_1,pipeline_1,pipeline_1,pipeline_1,1,1.75,0.783248049973,False
workload_4426.cpp,xcu200-fsgd2104-2-e,3.33,3.66226074,485,0,0,1,6,cyclic_64_1,block_128_1,complete_1,unroll_4,pipeline_1,unroll_2,pipeline_1,pipeline_1,1,1.75,0.783248049973,False
workload_4170.cpp,xcu200-fsgd2104-2-e,3.33,3.66226074,505,0,0,1,6,cyclic_64_1,block_128_1,complete_1,unroll_4,unroll_2,pipeline_1,pipeline_1,pipeline_1,1,1.75,0.783248049973,False
workload_4001.cpp,xcu200-fsgd2104-2-e,3.33,10.92603969,85,0,0,0,0,cyclic_64_1,block_16_1,complete_1,pipeline_1,pipeline_1,unroll_2,unroll_32,pipeline_1,1,0,0.958887692707,False
workload_4079.cpp,xcu200-fsgd2104-2-e,3.33,10.87148097,79,0,0,0,0,cyclic_64_1,block_16_1,complete_1,pipeline_1,pipeline_1,unroll_4,unroll_32,pipeline_1,1,0,0.959511671026,False
workload_4278.cpp,xcu200-fsgd2104-2-e,3.33,12.66659073,62,0,0,0,0,cyclic_64_1,block_16_1,complete_1,unroll_4,pipeline_1,pipeline_1,unroll_16,unroll_2,1,0,0.93910023625,False
workload_4064.cpp,xcu200-fsgd2104-2-e,3.33,10.92603969,70,0,0,0,0,cyclic_64_1,block_2_1,complete_1,pipeline_1,pipeline_1,unroll_2,unroll_32,pipeline_1,1,0,0.958887692707,False
workload_4099.cpp,xcu200-fsgd2104-2-e,3.33,14.41097793,71,0,0,0,0,cyclic_64_1,block_2_1,complete_1,unroll_2,pipeline_1,unroll_2,unroll_32,pipeline_1,1,0,0.919500531744,False
workload_4470.cpp,xcu200-fsgd2104-2-e,3.33,6.97671297,497,0,10,6,11,cyclic_64_1,block_2_1,complete_1,unroll_4,pipeline_1,unroll_64,pipeline_1,pipeline_1,1,6.75,0.182671865376,False
workload_4151.cpp,xcu200-fsgd2104-2-e,3.33,5.4967977,426,0,6,4,10,cyclic_64_1,block_32_1,complete_1,unroll_64,pipeline_1,pipeline_1,pipeline_1,pipeline_1,1,5,0.326971153953,False
workload_4416.cpp,xcu200-fsgd2104-2-e,3.33,4.08509082,474,0,0,0,5,cyclic_64_1,block_4_1,complete_1,pipeline_1,pipeline_1,pipeline_1,pipeline_1,pipeline_1,1,1.25,0.872910411612,False
workload_4325.cpp,xcu200-fsgd2104-2-e,3.33,5.3945001,531,0,0,1,6,cyclic_64_1,block_4_1,complete_1,pipeline_1,pipeline_1,unroll_32,pipeline_1,pipeline_1,1,1.75,0.783191872838,False
workload_4447.cpp,xcu200-fsgd2104-2-e,3.33,4.08509082,474,0,0,0,5,cyclic_64_1,block_4_1,complete_1,unroll_4,unroll_2,unroll_2,pipeline_1,pipeline_1,1,1.25,0.872910411612,False
workload_4373.cpp,xcu200-fsgd2104-2-e,3.33,4.08509082,468.5,0,0,0.5,5,cyclic_64_1,block_4_1,complete_1,unroll_4,unroll_2,unroll_8,pipeline_1,pipeline_1,2,1.375,0.851564984414,False
workload_4117.cpp,xcu200-fsgd2104-2-e,3.33,9.06763329,76,0,0,0,0,cyclic_64_1,block_4_1,complete_1,unroll_64,pipeline_1,unroll_2,unroll_32,pipeline_1,1,0,0.980269538468,False
workload_4435.cpp,xcu200-fsgd2104-2-e,3.33,4.08509082,478,0,0,0,5,cyclic_64_1,block_4_1,complete_1,unroll_8,pipeline_1,unroll_4,pipeline_1,pipeline_1,1,1.25,0.872910411612,False
workload_4304.cpp,xcu200-fsgd2104-2-e,3.33,3.86685594,476,0,0,0,5,cyclic_64_1,block_8_1,complete_1,pipeline_1,pipeline_1,pipeline_1,pipeline_1,pipeline_1,3,1.25,0.873912679749,False
workload_4266.cpp,xcu200-fsgd2104-2-e,3.33,3.86685594,485,0,0,0,5,cyclic_64_1,block_8_1,complete_1,unroll_4,pipeline_1,pipeline_1,pipeline_1,pipeline_1,1,1.25,0.873912679749,False
workload_4351.cpp,xcu200-fsgd2104-2-e,3.33,3.86685594,449,0,0,0,5,cyclic_64_1,block_8_1,complete_1,unroll_4,unroll_2,pipeline_1,pipeline_1,pipeline_1,1,1.25,0.873912679749,False
workload_4318.cpp,xcu200-fsgd2104-2-e,3.33,3.6554409,469,0,0,1,6,cyclic_64_1,cyclic_128_1,complete_1,pipeline_1,pipeline_1,pipeline_1,pipeline_1,pipeline_1,1,1.75,0.783243875114,False
workload_4417.cpp,xcu200-fsgd2104-2-e,3.33,3.6554409,490,0,0,1,6,cyclic_64_1,cyclic_128_1,complete_1,pipeline_1,pipeline_1,pipeline_1,pipeline_1,unroll_2,1,1.75,0.783243875114,False
workload_4422.cpp,xcu200-fsgd2104-2-e,3.33,3.6554409,493,0,0,1,6,cyclic_64_1,cyclic_128_1,complete_1,unroll_4,pipeline_1,pipeline_1,pipeline_1,pipeline_1,1,1.75,0.783243875114,False
workload_4386.cpp,xcu200-fsgd2104-2-e,3.33,3.6554409,486,0,0,1,6,cyclic_64_1,cyclic_128_1,complete_1,unroll_8,pipeline_1,pipeline_1,pipeline_1,pipeline_1,1,1.75,0.783243875114,False
workload_4052.cpp,xcu200-fsgd2104-2-e,3.33,76.64254074,260,0,0,1,8,cyclic_64_1,cyclic_16_1,complete_1,unroll_16,unroll_64,unroll_64,unroll_64,pipeline_1,1,2.25,0.322237664649,False
workload_4489.cpp,xcu200-fsgd2104-2-e,3.33,3.66226074,485,0,0,1,6,cyclic_64_1,cyclic_2_1,complete_1,unroll_4,pipeline_1,pipeline_1,pipeline_1,pipeline_1,1,1.75,0.783248049973,False
workload_4332.cpp,xcu200-fsgd2104-2-e,3.33,5.49680769,436,0,9,5,11,cyclic_64_1,cyclic_32_1,complete_1,unroll_32,pipeline_1,pipeline_1,pipeline_1,unroll_2,1,6.25,0.21665906312,False
workload_4705.cpp,xcu200-fsgd2104-2-e,3.33,3.6554409,491,0,0,1,5,cyclic_64_1,cyclic_32_1,complete_1,unroll_8,unroll_2,pipeline_1,pipeline_1,pipeline_1,1,1.5,0.828376556046,False
workload_4044.cpp,xcu200-fsgd2104-2-e,3.33,76.09663386,99,0,0,0,2,cyclic_64_1,cyclic_4_1,complete_1,unroll_32,unroll_16,pipeline_1,unroll_32,pipeline_1,1,0.5,0.371745708635,False
workload_4867.cpp,xcu200-fsgd2104-2-e,3.33,3.6554409,490,0,0,0,5,cyclic_64_1,cyclic_4_1,complete_1,unroll_8,pipeline_1,unroll_4,pipeline_1,pipeline_1,1,1.25,1,True
workload_4400.cpp,xcu200-fsgd2104-2-e,3.33,3.66226074,493,0,0,1,6,cyclic_8_1,block_128_1,complete_1,pipeline_1,pipeline_1,pipeline_1,pipeline_1,pipeline_1,1,1.75,0.783248049973,False
workload_4391.cpp,xcu200-fsgd2104-2-e,3.33,3.66226074,464,0,0,1,6,cyclic_8_1,block_128_1,complete_1,pipeline_1,pipeline_1,unroll_4,pipeline_1,unroll_2,1,1.75,0.783248049973,False
workload_4359.cpp,xcu200-fsgd2104-2-e,3.33,3.66226074,493,0,0,1,6,cyclic_8_1,block_128_1,complete_1,pipeline_1,unroll_2,pipeline_1,pipeline_1,pipeline_1,2,1.75,0.783248049973,False
workload_4348.cpp,xcu200-fsgd2104-2-e,3.33,3.66226074,490,0,0,1,6,cyclic_8_1,block_128_1,complete_1,pipeline_1,unroll_2,unroll_8,pipeline_1,pipeline_1,1,1.75,0.783248049973,False
workload_4257.cpp,xcu200-fsgd2104-2-e,3.33,5.45587866,413,0,1,1,7,cyclic_8_1,block_128_1,complete_1,unroll_32,unroll_4,pipeline_1,pipeline_1,unroll_2,1,2.25,0.697363629846,False
workload_4515.cpp,xcu200-fsgd2104-2-e,3.33,3.66226074,470,0,0,1,6,cyclic_8_1,block_128_1,complete_1,unroll_4,pipeline_1,pipeline_1,pipeline_1,pipeline_1,2,1.75,0.783248049973,False
workload_4517.cpp,xcu200-fsgd2104-2-e,3.33,3.66226074,480.5,0,0,1,6,cyclic_8_1,block_128_1,complete_1,unroll_4,pipeline_1,pipeline_1,pipeline_1,unroll_2,2,1.75,0.783248049973,False
workload_4356.cpp,xcu200-fsgd2104-2-e,3.33,3.66226074,482,0,0,1,6,cyclic_8_1,block_128_1,complete_1,unroll_4,pipeline_1,unroll_4,pipeline_1,pipeline_1,1,1.75,0.783248049973,False
workload_4369.cpp,xcu200-fsgd2104-2-e,3.33,3.66226074,466,0,0,1,6,cyclic_8_1,block_128_1,complete_1,unroll_4,unroll_2,pipeline_1,pipeline_1,pipeline_1,1,1.75,0.783248049973,False
workload_4163.cpp,xcu200-fsgd2104-2-e,3.33,3.66226074,491,0,0,1,6,cyclic_8_1,block_128_1,complete_1,unroll_4,unroll_2,pipeline_1,pipeline_1,unroll_2,1,1.75,0.783248049973,False
workload_4423.cpp,xcu200-fsgd2104-2-e,3.33,62.0162217,73,0,0,0,1,cyclic_8_1,block_128_1,complete_1,unroll_4,unroll_2,pipeline_1,unroll_2,unroll_2,1,0.25,0.472708991599,False
workload_4231.cpp,xcu200-fsgd2104-2-e,3.33,5.3945001,1002,0,0,1,6,cyclic_8_1,block_128_1,complete_1,unroll_4,unroll_2,unroll_32,pipeline_1,unroll_2,1,1.75,0.783191872838,False
workload_4321.cpp,xcu200-fsgd2104-2-e,3.33,3.66226074,486.5,0,0,1,6,cyclic_8_1,block_128_1,complete_1,unroll_4,unroll_2,unroll_8,pipeline_1,pipeline_1,2,1.75,0.783248049973,False
workload_4360.cpp,xcu200-fsgd2104-2-e,3.33,3.66226074,493,0,0,1,6,cyclic_8_1,block_128_1,complete_1,unroll_8,unroll_2,unroll_8,pipeline_1,pipeline_1,1,1.75,0.783248049973,False
workload_4113.cpp,xcu200-fsgd2104-2-e,3.33,5.3945001,521,0,0,1,6,cyclic_8_1,block_16_1,complete_1,pipeline_1,pipeline_1,unroll_16,pipeline_1,pipeline_1,1,1.75,0.783191872838,False
workload_4129.cpp,xcu200-fsgd2104-2-e,3.33,14.29610625,66,0,0,1,0,cyclic_8_1,block_16_1,complete_1,pipeline_1,pipeline_1,unroll_32,unroll_4,pipeline_1,1,0.25,0.906699295036,False
workload_4036.cpp,xcu200-fsgd2104-2-e,3.33,11.1402153,50,0,0,0,0,cyclic_8_1,block_16_1,complete_1,unroll_16,pipeline_1,pipeline_1,unroll_2,pipeline_1,1,0,0.956440395108,False
workload_4030.cpp,xcu200-fsgd2104-2-e,3.33,5.55135642,431,0,1,1,7,cyclic_8_1,block_16_1,complete_1,unroll_16,pipeline_1,unroll_8,pipeline_1,pipeline_1,2,2.25,0.697337391797,False
workload_4443.cpp,xcu200-fsgd2104-2-e,3.33,17.7895593,66,0,0,1,1,cyclic_8_1,block_16_1,complete_1,unroll_2,pipeline_1,unroll_64,unroll_2,pipeline_1,1,0.5,0.847829431828,False
workload_4587.cpp,xcu200-fsgd2104-2-e,3.33,5.55135642,421,0,1,1,7,cyclic_8_1,block_16_1,complete_1,unroll_32,pipeline_1,pipeline_1,pipeline_1,pipeline_1,1,2.25,0.697337391797,False
workload_4191.cpp,xcu200-fsgd2104-2-e,3.33,5.96055681,617,0,1,1,7,cyclic_8_1,block_16_1,complete_1,unroll_64,pipeline_1,unroll_64,pipeline_1,pipeline_1,1,2.25,0.697184877383,False
workload_4670.cpp,xcu200-fsgd2104-2-e,3.33,4.52838042,467,0,0,0,5,cyclic_8_1,block_2_1,complete_1,pipeline_1,pipeline_1,pipeline_1,pipeline_1,unroll_2,1,1.25,0.870841379781,False
workload_4316.cpp,xcu200-fsgd2104-2-e,3.33,10.76224698,53,0,0,0,0,cyclic_8_1,block_2_1,complete_1,pipeline_1,pipeline_1,pipeline_1,unroll_64,pipeline_1,1,0,0.960761641566,False
workload_4259.cpp,xcu200-fsgd2104-2-e,3.33,10.8237321,53,0,0,0,0,cyclic_8_1,block_2_1,complete_1,pipeline_1,pipeline_1,unroll_32,unroll_32,pipeline_1,1,0,0.96005795223,False
workload_4617.cpp,xcu200-fsgd2104-2-e,3.33,4.52838042,469,0,0,0,5,cyclic_8_1,block_2_1,complete_1,pipeline_1,unroll_2,pipeline_1,pipeline_1,pipeline_1,1,1.25,0.870841379781,False
workload_4506.cpp,xcu200-fsgd2104-2-e,3.33,6.32199834,393,0,1,1,7,cyclic_8_1,block_2_1,complete_1,unroll_16,pipeline_1,pipeline_1,pipeline_1,pipeline_1,1,2.25,0.69699635245,False
workload_4427.cpp,xcu200-fsgd2104-2-e,3.33,4.52838042,471,0,0,0,5,cyclic_8_1,block_2_1,complete_1,unroll_2,pipeline_1,pipeline_1,pipeline_1,unroll_2,1,1.25,0.870841379781,False
workload_4237.cpp,xcu200-fsgd2104-2-e,3.33,14.30527041,59,0,0,0,0,cyclic_8_1,block_2_1,complete_1,unroll_2,pipeline_1,unroll_64,unroll_32,pipeline_1,1,0,0.9206816549,False
workload_4580.cpp,xcu200-fsgd2104-2-e,3.33,6.32199834,408,0,1,1,7,cyclic_8_1,block_2_1,complete_1,unroll_32,pipeline_1,pipeline_1,pipeline_1,pipeline_1,1,2.25,0.69699635245,False
workload_4300.cpp,xcu200-fsgd2104-2-e,3.33,7.48190394,56,0,0,0,0,cyclic_8_1,block_2_1,complete_1,unroll_32,pipeline_1,pipeline_1,unroll_64,pipeline_1,2,0,0.998721963223,False
workload_4561.cpp,xcu200-fsgd2104-2-e,3.33,7.48190394,56,0,0,0,0,cyclic_8_1,block_2_1,complete_1,unroll_32,pipeline_1,pipeline_1,unroll_64,unroll_2,1,0,0.998721963223,False
workload_4249.cpp,xcu200-fsgd2104-2-e,3.33,7.48511073,62,0,0,0,0,cyclic_8_1,block_2_1,complete_1,unroll_32,pipeline_1,unroll_32,unroll_64,pipeline_1,1,0,0.998684454097,False
workload_4116.cpp,xcu200-fsgd2104-2-e,3.33,9.21703041,58,0,0,0,0,cyclic_8_1,block_2_1,complete_1,unroll_32,pipeline_1,unroll_64,unroll_2,pipeline_1,1,0,0.978540936602,False
workload_4197.cpp,xcu200-fsgd2104-2-e,3.33,7.53998913,61.5,0,0,0,0,cyclic_8_1,block_2_1,complete_1,unroll_32,pipeline_1,unroll_64,unroll_32,pipeline_1,2,0,0.998042674688,False
workload_4424.cpp,xcu200-fsgd2104-2-e,3.33,7.48340577,65,0,0,0,0,cyclic_8_1,block_2_1,complete_1,unroll_32,pipeline_1,unroll_64,unroll_64,pipeline_1,1,0,0.998704396547,False
workload_4588.cpp,xcu200-fsgd2104-2-e,3.33,6.32199834,427,0,1,1,7,cyclic_8_1,block_2_1,complete_1,unroll_32,unroll_2,pipeline_1,pipeline_1,unroll_2,1,2.25,0.69699635245,False
workload_4452.cpp,xcu200-fsgd2104-2-e,3.33,75.38854266,67,0,0,0,0,cyclic_8_1,block_2_1,complete_1,unroll_32,unroll_2,unroll_64,unroll_64,pipeline_1,1,0,0.379926052538,False
workload_4195.cpp,xcu200-fsgd2104-2-e,3.33,8.68166298,2972,0,0,2,7,cyclic_8_1,block_2_1,complete_1,unroll_32,unroll_64,unroll_8,pipeline_1,pipeline_1,1,2.25,0.694551424945,False
workload_4315.cpp,xcu200-fsgd2104-2-e,3.33,12.5563977,49,0,0,0,0,cyclic_8_1,block_2_1,complete_1,unroll_4,pipeline_1,pipeline_1,unroll_32,pipeline_1,1,0,0.940346128393,False
workload_4562.cpp,xcu200-fsgd2104-2-e,3.33,12.50131617,55,0,0,0,0,cyclic_8_1,block_2_1,complete_1,unroll_4,pipeline_1,pipeline_1,unroll_64,unroll_2,1,0,0.94096925151,False
workload_4286.cpp,xcu200-fsgd2104-2-e,3.33,6.97671297,516,0,7,5,10,cyclic_8_1,block_2_1,complete_1,unroll_4,pipeline_1,unroll_32,pipeline_1,pipeline_1,1,5.5,0.278394787994,False
workload_4338.cpp,xcu200-fsgd2104-2-e,3.33,12.50451297,57,0,0,0,0,cyclic_8_1,block_2_1,complete_1,unroll_4,pipeline_1,unroll_32,unroll_64,pipeline_1,1,0,0.940933080625,False
workload_4798.cpp,xcu200-fsgd2104-2-e,3.33,4.52838042,471,0,0,0,5,cyclic_8_1,block_2_1,complete_1,unroll_4,pipeline_1,unroll_4,pipeline_1,pipeline_1,1,1.25,0.870841379781,False
workload_4547.cpp,xcu200-fsgd2104-2-e,3.33,80.40645306,54,0,0,0,0,cyclic_8_1,block_2_1,complete_1,unroll_4,unroll_2,pipeline_1,unroll_64,pipeline_1,1,0,0.348127450895,False
workload_4725.cpp,xcu200-fsgd2104-2-e,3.33,6.32199834,409,0,1,1,7,cyclic_8_1,block_2_1,complete_1,unroll_64,pipeline_1,pipeline_1,pipeline_1,pipeline_1,2,2.25,0.69699635245,False
workload_4654.cpp,xcu200-fsgd2104-2-e,3.33,6.32200833,422,0,1,1,7,cyclic_8_1,block_2_1,complete_1,unroll_64,pipeline_1,pipeline_1,pipeline_1,unroll_2,1,2.25,0.696996346545,False
workload_4482.cpp,xcu200-fsgd2104-2-e,3.33,7.3727865,60,0,0,0,0,cyclic_8_1,block_2_1,complete_1,unroll_64,pipeline_1,pipeline_1,unroll_64,pipeline_1,3,0,0.999998752692,False
workload_4432.cpp,xcu200-fsgd2104-2-e,3.33,7.372791495,60.5,0,0,0,0,cyclic_8_1,block_2_1,complete_1,unroll_64,pipeline_1,pipeline_1,unroll_64,unroll_2,4,0,0.999998694225,False
workload_4653.cpp,xcu200-fsgd2104-2-e,3.33,9.01103994,61,0,0,0,0,cyclic_8_1,block_2_1,complete_1,unroll_64,pipeline_1,unroll_4,unroll_64,unroll_2,1,0,0.980924796446,False
workload_4103.cpp,xcu200-fsgd2104-2-e,3.33,73.83671937,68,0,0,0,1,cyclic_8_1,block_2_1,complete_1,unroll_64,unroll_16,unroll_32,unroll_4,pipeline_1,1,0.25,0.389193649376,False
workload_4667.cpp,xcu200-fsgd2104-2-e,3.33,75.27794337,59,0,0,0,0,cyclic_8_1,block_2_1,complete_1,unroll_64,unroll_2,pipeline_1,unroll_64,pipeline_1,1,0,0.380648509906,False
workload_4649.cpp,xcu200-fsgd2104-2-e,3.33,99.72023994,61,0,0,0,0,cyclic_8_1,block_2_1,complete_1,unroll_64,unroll_2,pipeline_1,unroll_64,unroll_2,1,0,0.243620892707,False
workload_4785.cpp,xcu200-fsgd2104-2-e,3.33,4.52838042,471,0,0,0,5,cyclic_8_1,block_2_1,complete_1,unroll_8,pipeline_1,pipeline_1,pipeline_1,pipeline_1,1,1.25,0.870841379781,False
workload_4674.cpp,xcu200-fsgd2104-2-e,3.33,4.52838042,489,0,0,0,5,cyclic_8_1,block_2_1,complete_1,unroll_8,pipeline_1,pipeline_1,pipeline_1,unroll_2,1,1.25,0.870841379781,False
workload_4402.cpp,xcu200-fsgd2104-2-e,3.33,8.13660858,55,0,0,0,0,cyclic_8_1,block_2_1,complete_1,unroll_8,pipeline_1,pipeline_1,unroll_64,pipeline_1,2,0,0.991080258838,False
workload_4530.cpp,xcu200-fsgd2104-2-e,3.33,76.04175546,56,0,0,0,0,cyclic_8_1,block_2_1,complete_1,unroll_8,unroll_2,pipeline_1,unroll_64,pipeline_1,1,0,0.375678120646,False
workload_4104.cpp,xcu200-fsgd2104-2-e,3.33,6.32881818,637.5,0,1,2,7,cyclic_8_1,block_32_1,complete_1,pipeline_1,unroll_8,unroll_16,pipeline_1,pipeline_1,2,2.5,0.656221575706,False
workload_4180.cpp,xcu200-fsgd2104-2-e,3.33,5.3945001,505,0,0,1,5,cyclic_8_1,block_4_1,complete_1,pipeline_1,pipeline_1,unroll_32,pipeline_1,pipeline_1,1,1.5,0.827610367298,False
workload_4102.cpp,xcu200-fsgd2104-2-e,3.33,11.15301249,58,0,0,0,0,cyclic_8_1,block_4_1,complete_1,pipeline_1,pipeline_1,unroll_64,unroll_8,unroll_2,1,0,0.956294277369,False
workload_4370.cpp,xcu200-fsgd2104-2-e,3.33,4.08510081,495,0,6,3,9,cyclic_8_1,block_4_1,complete_1,pipeline_1,pipeline_1,unroll_8,pipeline_1,pipeline_1,1,4.5,0.381215221126,False
workload_4221.cpp,xcu200-fsgd2104-2-e,3.33,4.085095815,481.5,0,3,1.5,7,cyclic_8_1,block_4_1,complete_1,pipeline_1,unroll_2,unroll_8,pipeline_1,pipeline_1,2,2.875,0.597778482172,False
workload_4384.cpp,xcu200-fsgd2104-2-e,3.33,4.08509082,464,0,0,0,5,cyclic_8_1,block_4_1,complete_1,unroll_2,unroll_2,pipeline_1,pipeline_1,unroll_2,1,1.25,0.872910411612,False
workload_4273.cpp,xcu200-fsgd2104-2-e,3.33,6.20607105,556,0,2,2,8,cyclic_8_1,block_4_1,complete_1,unroll_32,pipeline_1,unroll_64,pipeline_1,pipeline_1,1,3,0.578889981401,False
workload_4383.cpp,xcu200-fsgd2104-2-e,3.33,4.08509082,462,0,0,0,5,cyclic_8_1,block_4_1,complete_1,unroll_4,pipeline_1,unroll_8,pipeline_1,pipeline_1,1,1.25,0.872910411612,False
workload_4307.cpp,xcu200-fsgd2104-2-e,3.33,4.08509082,473,0,0,0,5,cyclic_8_1,block_4_1,complete_1,unroll_4,unroll_2,unroll_8,pipeline_1,pipeline_1,1,1.25,0.872910411612,False
workload_4199.cpp,xcu200-fsgd2104-2-e,3.33,10.80434817,55,0,0,0,0,cyclic_8_1,block_4_1,complete_1,unroll_64,pipeline_1,pipeline_1,unroll_4,pipeline_1,1,0,0.96027976777,False
workload_4059.cpp,xcu200-fsgd2104-2-e,3.33,8.20257921,61,0,0,0,0,cyclic_8_1,block_4_1,complete_1,unroll_64,pipeline_1,unroll_32,unroll_4,pipeline_1,1,0,0.990312059919,False
workload_4114.cpp,xcu200-fsgd2104-2-e,3.33,6.30835866,726,0,1,2,8,cyclic_8_1,block_64_1,complete_1,pipeline_1,unroll_64,unroll_16,pipeline_1,unroll_2,1,2.75,0.616839766759,False
workload_4032.cpp,xcu200-fsgd2104-2-e,3.33,6.30835866,791,0,1,2,8,cyclic_8_1,block_64_1,complete_1,pipeline_1,unroll_8,unroll_16,pipeline_1,pipeline_1,3,2.75,0.616839766759,False
workload_4088.cpp,xcu200-fsgd2104-2-e,3.33,77.08807809,92,0,0,1,2,cyclic_8_1,block_64_1,complete_1,pipeline_1,unroll_8,unroll_16,unroll_16,pipeline_1,1,0.75,0.361168435804,False
workload_4150.cpp,xcu200-fsgd2104-2-e,3.33,6.30154881,780,0,1,2,8,cyclic_8_1,block_64_1,complete_1,pipeline_1,unroll_8,unroll_32,pipeline_1,pipeline_1,1,2.75,0.616842130885,False
workload_4091.cpp,xcu200-fsgd2104-2-e,3.33,11.1402153,58,0,0,0,0,cyclic_8_1,block_64_1,complete_1,unroll_16,pipeline_1,pipeline_1,unroll_2,pipeline_1,1,0,0.956440395108,False
workload_4130.cpp,xcu200-fsgd2104-2-e,3.33,22.74333057,79,0,0,0,1,cyclic_8_1,block_64_1,complete_1,unroll_4,unroll_8,unroll_8,unroll_8,unroll_2,1,0.25,0.822662538136,False
workload_4109.cpp,xcu200-fsgd2104-2-e,3.33,74.36355201,91,0,0,1,3,cyclic_8_1,block_64_1,complete_1,unroll_64,unroll_8,unroll_32,unroll_4,pipeline_1,1,1,0.372011097301,False
workload_4203.cpp,xcu200-fsgd2104-2-e,3.33,3.86685594,470,0,0,0,5,cyclic_8_1,block_8_1,complete_1,pipeline_1,pipeline_1,pipeline_1,pipeline_1,pipeline_1,2,1.25,0.873912679749,False
workload_4446.cpp,xcu200-fsgd2104-2-e,3.33,3.86685594,475,0,0,0,5,cyclic_8_1,block_8_1,complete_1,pipeline_1,pipeline_1,pipeline_1,pipeline_1,unroll_2,1,1.25,0.873912679749,False
workload_4531.cpp,xcu200-fsgd2104-2-e,3.33,10.76224698,58,0,0,0,0,cyclic_8_1,block_8_1,complete_1,pipeline_1,pipeline_1,pipeline_1,unroll_64,pipeline_1,1,0,0.960761641566,False
workload_4288.cpp,xcu200-fsgd2104-2-e,3.33,10.82374209,71,0,0,0,0,cyclic_8_1,block_8_1,complete_1,pipeline_1,pipeline_1,unroll_64,unroll_32,pipeline_1,1,0,0.960057837919,False
workload_4322.cpp,xcu200-fsgd2104-2-e,3.33,3.86685594,452,0,0,0,5,cyclic_8_1,block_8_1,complete_1,pipeline_1,unroll_2,pipeline_1,pipeline_1,pipeline_1,1,1.25,0.873912679749,False
workload_4419.cpp,xcu200-fsgd2104-2-e,3.33,3.86685594,468,0,0,0,5,cyclic_8_1,block_8_1,complete_1,pipeline_1,unroll_2,pipeline_1,pipeline_1,unroll_2,1,1.25,0.873912679749,False
workload_4448.cpp,xcu200-fsgd2104-2-e,3.33,3.86685594,477,0,0,0,5,cyclic_8_1,block_8_1,complete_1,pipeline_1,unroll_2,unroll_4,pipeline_1,unroll_2,1,1.25,0.873912679749,False
workload_4368.cpp,xcu200-fsgd2104-2-e,3.33,3.86685594,475,0,0,0,5,cyclic_8_1,block_8_1,complete_1,unroll_2,pipeline_1,pipeline_1,pipeline_1,unroll_2,1,1.25,0.873912679749,False
workload_4464.cpp,xcu200-fsgd2104-2-e,3.33,7.48190394,60,0,0,0,0,cyclic_8_1,block_8_1,complete_1,unroll_32,pipeline_1,pipeline_1,unroll_64,pipeline_1,1,0,0.998721963223,False
workload_4198.cpp,xcu200-fsgd2104-2-e,3.33,7.659970695,71,0,0,0,0,cyclic_8_1,block_8_1,complete_1,unroll_32,pipeline_1,unroll_64,unroll_16,pipeline_1,2,0,0.996640340093,False
workload_4184.cpp,xcu200-fsgd2104-2-e,3.33,9.27158913,68,0,0,0,0,cyclic_8_1,block_8_1,complete_1,unroll_32,pipeline_1,unroll_64,unroll_2,pipeline_1,1,0,0.977910087527,False
workload_4281.cpp,xcu200-fsgd2104-2-e,3.33,7.54339905,73.5,0,0,0,1,cyclic_8_1,block_8_1,complete_1,unroll_32,pipeline_1,unroll_64,unroll_32,pipeline_1,2,0.25,0.949501547909,False
workload_4395.cpp,xcu200-fsgd2104-2-e,3.33,3.86685594,472,0,0,0,5,cyclic_8_1,block_8_1,complete_1,unroll_4,pipeline_1,pipeline_1,pipeline_1,pipeline_1,1,1.25,0.873912679749,False
workload_4327.cpp,xcu200-fsgd2104-2-e,3.33,3.86685594,464.5,0,0,0,5,cyclic_8_1,block_8_1,complete_1,unroll_4,pipeline_1,pipeline_1,pipeline_1,unroll_2,2,1.25,0.873912679749,False
workload_4560.cpp,xcu200-fsgd2104-2-e,3.33,12.50130618,57,0,0,0,0,cyclic_8_1,block_8_1,complete_1,unroll_4,pipeline_1,pipeline_1,unroll_64,pipeline_1,2,0,0.940969364545,False
workload_4337.cpp,xcu200-fsgd2104-2-e,3.33,12.67936794,68,0,0,0,0,cyclic_8_1,block_8_1,complete_1,unroll_4,pipeline_1,unroll_64,unroll_16,pipeline_1,1,0,0.938955831144,False
workload_4466.cpp,xcu200-fsgd2104-2-e,3.33,3.86685594,454,0,0,0,5,cyclic_8_1,block_8_1,complete_1,unroll_4,unroll_2,pipeline_1,pipeline_1,pipeline_1,1,1.25,0.873912679749,False
workload_4428.cpp,xcu200-fsgd2104-2-e,3.33,3.86685594,458,0,0,0,5,cyclic_8_1,block_8_1,complete_1,unroll_4,unroll_2,pipeline_1,pipeline_1,unroll_2,1,1.25,0.873912679749,False
workload_4462.cpp,xcu200-fsgd2104-2-e,3.33,3.86685594,468,0,0,0,5,cyclic_8_1,block_8_1,complete_1,unroll_4,unroll_2,unroll_8,pipeline_1,pipeline_1,1,1.25,0.873912679749,False
workload_4433.cpp,xcu200-fsgd2104-2-e,3.33,3.86685594,464,0,0,0,5,cyclic_8_1,block_8_1,complete_1,unroll_8,pipeline_1,pipeline_1,pipeline_1,pipeline_1,1,1.25,0.873912679749,False
workload_4458.cpp,xcu200-fsgd2104-2-e,3.33,3.6554409,479,0,0,1,6,cyclic_8_1,cyclic_128_1,complete_1,pipeline_1,pipeline_1,pipeline_1,pipeline_1,pipeline_1,4,1.75,0.783243875114,False
workload_4297.cpp,xcu200-fsgd2104-2-e,3.33,3.6554409,487,0,0,1,6,cyclic_8_1,cyclic_128_1,complete_1,pipeline_1,pipeline_1,pipeline_1,pipeline_1,unroll_2,3,1.75,0.783243875114,False
workload_4455.cpp,xcu200-fsgd2104-2-e,3.33,10.76224698,143,0,0,0,1,cyclic_8_1,cyclic_128_1,complete_1,pipeline_1,pipeline_1,pipeline_1,unroll_64,pipeline_1,1,0.25,0.936400853469,False
workload_4516.cpp,xcu200-fsgd2104-2-e,3.33,3.6554409,483,0,0,1,6,cyclic_8_1,cyclic_128_1,complete_1,pipeline_1,pipeline_1,unroll_2,pipeline_1,pipeline_1,1,1.75,0.783243875114,False
workload_4399.cpp,xcu200-fsgd2104-2-e,3.33,3.6554409,484.5,0,0,1,6,cyclic_8_1,cyclic_128_1,complete_1,pipeline_1,pipeline_1,unroll_4,pipeline_1,pipeline_1,2,1.75,0.783243875114,False
workload_4295.cpp,xcu200-fsgd2104-2-e,3.33,3.6554409,487,0,0,1,6,cyclic_8_1,cyclic_128_1,complete_1,pipeline_1,pipeline_1,unroll_8,pipeline_1,pipeline_1,3,1.75,0.783243875114,False
workload_4365.cpp,xcu200-fsgd2104-2-e,3.33,3.6554409,479,0,0,1,6,cyclic_8_1,cyclic_128_1,complete_1,pipeline_1,unroll_2,pipeline_1,pipeline_1,pipeline_1,3,1.75,0.783243875114,False
workload_4397.cpp,xcu200-fsgd2104-2-e,3.33,3.6554409,492,0,0,1,6,cyclic_8_1,cyclic_128_1,complete_1,pipeline_1,unroll_2,pipeline_1,pipeline_1,unroll_2,2,1.75,0.783243875114,False
workload_4393.cpp,xcu200-fsgd2104-2-e,3.33,7.48340577,181,0,0,0,1,cyclic_8_1,cyclic_128_1,complete_1,unroll_32,pipeline_1,unroll_32,unroll_64,pipeline_1,1,0.25,0.949523490208,False
workload_4176.cpp,xcu200-fsgd2104-2-e,3.33,5.87870874,1041,0,1,1,7,cyclic_8_1,cyclic_128_1,complete_1,unroll_32,pipeline_1,unroll_64,pipeline_1,unroll_2,1,2.25,0.697220571053,False
workload_4240.cpp,xcu200-fsgd2104-2-e,3.33,7.64973594,91,0,0,0,1,cyclic_8_1,cyclic_128_1,complete_1,unroll_32,pipeline_1,unroll_64,unroll_16,unroll_2,1,0.25,0.949439724372,False
workload_4475.cpp,xcu200-fsgd2104-2-e,3.33,5.44905882,432,0,1,1,7,cyclic_8_1,cyclic_128_1,complete_1,unroll_32,pipeline_1,unroll_8,pipeline_1,pipeline_1,1,2.25,0.697365368356,False
workload_4436.cpp,xcu200-fsgd2104-2-e,3.33,3.6554409,481.5,0,0,1,6,cyclic_8_1,cyclic_128_1,complete_1,unroll_4,pipeline_1,pipeline_1,pipeline_1,pipeline_1,4,1.75,0.783243875114,False
workload_4507.cpp,xcu200-fsgd2104-2-e,3.33,3.6554409,465.5,0,0,1,6,cyclic_8_1,cyclic_128_1,complete_1,unroll_4,pipeline_1,pipeline_1,pipeline_1,unroll_2,2,1.75,0.783243875114,False
workload_4472.cpp,xcu200-fsgd2104-2-e,3.33,15.93456282,72,0,0,0,1,cyclic_8_1,cyclic_128_1,complete_1,unroll_4,pipeline_1,pipeline_1,unroll_2,pipeline_1,1,0.25,0.890983152983,False
workload_4582.cpp,xcu200-fsgd2104-2-e,3.33,3.6554409,463,0,0,1,6,cyclic_8_1,cyclic_128_1,complete_1,unroll_4,pipeline_1,unroll_4,pipeline_1,pipeline_1,1,1.75,0.783243875114,False
workload_4363.cpp,xcu200-fsgd2104-2-e,3.33,3.6554409,477,0,0,1,6,cyclic_8_1,cyclic_128_1,complete_1,unroll_4,pipeline_1,unroll_8,pipeline_1,pipeline_1,1,1.75,0.783243875114,False
workload_4418.cpp,xcu200-fsgd2104-2-e,3.33,3.6554409,473,0,0,1,6,cyclic_8_1,cyclic_128_1,complete_1,unroll_4,unroll_2,pipeline_1,pipeline_1,pipeline_1,2,1.75,0.783243875114,False
workload_4500.cpp,xcu200-fsgd2104-2-e,3.33,3.6554409,482,0,0,1,6,cyclic_8_1,cyclic_128_1,complete_1,unroll_4,unroll_2,pipeline_1,pipeline_1,unroll_2,1,1.75,0.783243875114,False
workload_4357.cpp,xcu200-fsgd2104-2-e,3.33,3.6554409,488,0,0,1,6,cyclic_8_1,cyclic_128_1,complete_1,unroll_4,unroll_2,unroll_8,pipeline_1,pipeline_1,1,1.75,0.783243875114,False
workload_4148.cpp,xcu200-fsgd2104-2-e,3.33,5.44905882,415,0,1,1,7,cyclic_8_1,cyclic_128_1,complete_1,unroll_64,pipeline_1,pipeline_1,pipeline_1,pipeline_1,3,2.25,0.697365368356,False
workload_4497.cpp,xcu200-fsgd2104-2-e,3.33,5.44906881,417,0,1,1,7,cyclic_8_1,cyclic_128_1,complete_1,unroll_64,pipeline_1,pipeline_1,pipeline_1,unroll_2,1,2.25,0.697365365823,False
workload_4090.cpp,xcu200-fsgd2104-2-e,3.33,3.6554409,472,0,0,1,6,cyclic_8_1,cyclic_128_1,complete_1,unroll_8,pipeline_1,pipeline_1,pipeline_1,pipeline_1,5,1.75,0.783243875114,False
workload_4431.cpp,xcu200-fsgd2104-2-e,3.33,5.3945001,969,0,0,1,6,cyclic_8_1,cyclic_128_1,complete_1,unroll_8,pipeline_1,unroll_16,pipeline_1,pipeline_1,1,1.75,0.783191872838,False
workload_4521.cpp,xcu200-fsgd2104-2-e,3.33,3.6554409,479,0,0,1,6,cyclic_8_1,cyclic_128_1,complete_1,unroll_8,pipeline_1,unroll_2,pipeline_1,pipeline_1,1,1.75,0.783243875114,False
workload_4212.cpp,xcu200-fsgd2104-2-e,3.33,8.30444058,89,0,0,0,1,cyclic_8_1,cyclic_128_1,complete_1,unroll_8,pipeline_1,unroll_64,unroll_16,pipeline_1,1,0.25,0.948423473479,False
workload_4437.cpp,xcu200-fsgd2104-2-e,3.33,3.6554409,483,0,0,1,6,cyclic_8_1,cyclic_128_1,complete_1,unroll_8,unroll_2,pipeline_1,pipeline_1,pipeline_1,1,1.75,0.783243875114,False
workload_4552.cpp,xcu200-fsgd2104-2-e,3.33,3.6554409,466,0,0,0,5,cyclic_8_1,cyclic_16_1,complete_1,pipeline_1,pipeline_1,pipeline_1,pipeline_1,pipeline_1,4,1.25,1,True
workload_4872.cpp,xcu200-fsgd2104-2-e,3.33,3.6554409,445,0,0,0,5,cyclic_8_1,cyclic_16_1,complete_1,pipeline_1,pipeline_1,pipeline_1,pipeline_1,unroll_2,1,1.25,1,True
workload_4816.cpp,xcu200-fsgd2104-2-e,3.33,3.6554409,467.5,0,0,0,5,cyclic_8_1,cyclic_16_1,complete_1,pipeline_1,pipeline_1,unroll_4,pipeline_1,pipeline_1,2,1.25,1,True
workload_4820.cpp,xcu200-fsgd2104-2-e,3.33,3.6554409,469,0,0,0,5,cyclic_8_1,cyclic_16_1,complete_1,pipeline_1,unroll_2,unroll_4,pipeline_1,pipeline_1,1,1.25,1,True
workload_4596.cpp,xcu200-fsgd2104-2-e,3.33,7.48190394,65,0,0,0,0,cyclic_8_1,cyclic_16_1,complete_1,unroll_32,pipeline_1,pipeline_1,unroll_64,pipeline_1,1,0,0.998721963223,False
workload_4302.cpp,xcu200-fsgd2104-2-e,3.33,5.87870874,616,0,1,1,7,cyclic_8_1,cyclic_16_1,complete_1,unroll_32,pipeline_1,unroll_64,pipeline_1,pipeline_1,1,2.25,0.697220571053,False
workload_4761.cpp,xcu200-fsgd2104-2-e,3.33,3.6554409,462,0,0,0,5,cyclic_8_1,cyclic_16_1,complete_1,unroll_4,pipeline_1,pipeline_1,pipeline_1,pipeline_1,2,1.25,1,True
workload_4724.cpp,xcu200-fsgd2104-2-e,3.33,3.6554409,468,0,0,0,5,cyclic_8_1,cyclic_16_1,complete_1,unroll_4,pipeline_1,pipeline_1,pipeline_1,unroll_2,1,1.25,1,True
workload_4795.cpp,xcu200-fsgd2104-2-e,3.33,3.6554409,466,0,0,0,5,cyclic_8_1,cyclic_16_1,complete_1,unroll_4,pipeline_1,unroll_4,pipeline_1,unroll_2,1,1.25,1,True
workload_4846.cpp,xcu200-fsgd2104-2-e,3.33,3.6554409,474,0,0,0,5,cyclic_8_1,cyclic_16_1,complete_1,unroll_4,unroll_2,pipeline_1,pipeline_1,pipeline_1,1,1.25,1,True
workload_4639.cpp,xcu200-fsgd2104-2-e,3.33,7.37279649,68,0,0,0,0,cyclic_8_1,cyclic_16_1,complete_1,unroll_64,pipeline_1,pipeline_1,unroll_64,unroll_2,1,0,0.999998635757,False
workload_4679.cpp,xcu200-fsgd2104-2-e,3.33,5.44906881,404,0,1,1,6,cyclic_8_1,cyclic_16_1,complete_1,unroll_64,pipeline_1,unroll_4,pipeline_1,unroll_2,1,2,0.739617955198,False
workload_4888.cpp,xcu200-fsgd2104-2-e,3.33,3.6554409,467,0,0,0,5,cyclic_8_1,cyclic_16_1,complete_1,unroll_8,unroll_2,pipeline_1,pipeline_1,pipeline_1,1,1.25,1,True
workload_4465.cpp,xcu200-fsgd2104-2-e,3.33,3.66226074,461,0,0,0,6,cyclic_8_1,cyclic_2_1,complete_1,pipeline_1,pipeline_1,pipeline_1,pipeline_1,pipeline_1,1,1.5,0.828381560185,False
workload_4498.cpp,xcu200-fsgd2104-2-e,3.33,3.66226074,466,0,0,0,5,cyclic_8_1,cyclic_2_1,complete_1,pipeline_1,pipeline_1,pipeline_1,pipeline_1,unroll_2,1,1.25,0.874842553945,False
workload_4695.cpp,xcu200-fsgd2104-2-e,3.33,3.66226074,446,0,0,0,5,cyclic_8_1,cyclic_2_1,complete_1,pipeline_1,pipeline_1,unroll_4,pipeline_1,unroll_2,1,1.25,0.874842553945,False
workload_4444.cpp,xcu200-fsgd2104-2-e,3.33,3.66226074,475,0,0,0,6,cyclic_8_1,cyclic_2_1,complete_1,pipeline_1,unroll_2,pipeline_1,pipeline_1,unroll_2,1,1.5,0.828381560185,False
workload_4551.cpp,xcu200-fsgd2104-2-e,3.33,3.66226074,463,0,0,0,5,cyclic_8_1,cyclic_2_1,complete_1,unroll_2,pipeline_1,pipeline_1,pipeline_1,unroll_2,1,1.25,0.874842553945,False
workload_4607.cpp,xcu200-fsgd2104-2-e,3.33,3.66226074,467,0,0,0,5,cyclic_8_1,cyclic_2_1,complete_1,unroll_2,unroll_2,pipeline_1,pipeline_1,unroll_2,1,1.25,0.874842553945,False
workload_4018.cpp,xcu200-fsgd2104-2-e,3.33,76.45298049,57,0,0,0,0,cyclic_8_1,cyclic_2_1,complete_1,unroll_32,unroll_2,unroll_8,unroll_8,pipeline_1,1,0,0.373020527499,False
workload_4355.cpp,xcu200-fsgd2104-2-e,3.33,3.66226074,469,0,0,0,5,cyclic_8_1,cyclic_2_1,complete_1,unroll_4,pipeline_1,pipeline_1,pipeline_1,pipeline_1,5,1.25,0.874842553945,False
workload_4406.cpp,xcu200-fsgd2104-2-e,3.33,3.66226074,463,0,0,0,5.5,cyclic_8_1,cyclic_2_1,complete_1,unroll_4,pipeline_1,pipeline_1,pipeline_1,unroll_2,4,1.375,0.851463014589,False
workload_4503.cpp,xcu200-fsgd2104-2-e,3.33,12.50130618,53,0,0,0,0,cyclic_8_1,cyclic_2_1,complete_1,unroll_4,pipeline_1,pipeline_1,unroll_64,pipeline_1,1,0,0.940969364545,False
workload_4556.cpp,xcu200-fsgd2104-2-e,3.33,3.66226074,479,0,0,0,5.5,cyclic_8_1,cyclic_2_1,complete_1,unroll_4,pipeline_1,unroll_4,pipeline_1,pipeline_1,2,1.375,0.851463014589,False
workload_4693.cpp,xcu200-fsgd2104-2-e,3.33,3.66226074,452,0,0,0,5,cyclic_8_1,cyclic_2_1,complete_1,unroll_4,pipeline_1,unroll_4,pipeline_1,unroll_2,1,1.25,0.874842553945,False
workload_4625.cpp,xcu200-fsgd2104-2-e,3.33,17.66680218,49,0,0,0,0,cyclic_8_1,cyclic_2_1,complete_1,unroll_4,pipeline_1,unroll_4,unroll_2,pipeline_1,1,0,0.883538112025,False
workload_4514.cpp,xcu200-fsgd2104-2-e,3.33,3.66226074,477,0,0,0,5,cyclic_8_1,cyclic_2_1,complete_1,unroll_4,unroll_2,pipeline_1,pipeline_1,pipeline_1,3,1.25,0.874842553945,False
workload_4293.cpp,xcu200-fsgd2104-2-e,3.33,3.66226074,466,0,0,0,6,cyclic_8_1,cyclic_2_1,complete_1,unroll_4,unroll_2,pipeline_1,pipeline_1,unroll_2,3,1.5,0.828381560185,False
workload_4716.cpp,xcu200-fsgd2104-2-e,3.33,3.66226074,466,0,0,0,5,cyclic_8_1,cyclic_2_1,complete_1,unroll_4,unroll_2,unroll_4,pipeline_1,pipeline_1,1,1.25,0.874842553945,False
workload_4573.cpp,xcu200-fsgd2104-2-e,3.33,6.32199834,411,0,0,0,6,cyclic_8_1,cyclic_2_1,complete_1,unroll_64,pipeline_1,pipeline_1,pipeline_1,pipeline_1,1,1.5,0.825704934718,False
workload_4567.cpp,xcu200-fsgd2104-2-e,3.33,6.32200833,423,0,2,2,8,cyclic_8_1,cyclic_2_1,complete_1,unroll_64,pipeline_1,pipeline_1,pipeline_1,unroll_2,1,3,0.578858410437,False
workload_4486.cpp,xcu200-fsgd2104-2-e,3.33,3.66226074,464,0,0,0,5,cyclic_8_1,cyclic_2_1,complete_1,unroll_8,pipeline_1,pipeline_1,pipeline_1,pipeline_1,3,1.25,0.874842553945,False
workload_4696.cpp,xcu200-fsgd2104-2-e,3.33,8.13661857,56,0,0,0,0,cyclic_8_1,cyclic_2_1,complete_1,unroll_8,pipeline_1,pipeline_1,unroll_64,pipeline_1,1,0,0.991080142484,False
workload_4511.cpp,xcu200-fsgd2104-2-e,3.33,3.66226074,474,0,0,0,5,cyclic_8_1,cyclic_2_1,complete_1,unroll_8,pipeline_1,unroll_4,pipeline_1,pipeline_1,1,1.25,0.874842553945,False
workload_4833.cpp,xcu200-fsgd2104-2-e,3.33,3.66226074,488,0,0,0,5,cyclic_8_1,cyclic_2_1,complete_1,unroll_8,unroll_2,unroll_4,pipeline_1,pipeline_1,1,1.25,0.874842553945,False
workload_4592.cpp,xcu200-fsgd2104-2-e,3.33,3.6554409,467,0,0,1,5,cyclic_8_1,cyclic_32_1,complete_1,pipeline_1,pipeline_1,pipeline_1,pipeline_1,pipeline_1,3,1.5,0.828376556046,False
workload_4711.cpp,xcu200-fsgd2104-2-e,3.33,3.6554409,469,0,0,1,5,cyclic_8_1,cyclic_32_1,complete_1,pipeline_1,pipeline_1,pipeline_1,pipeline_1,unroll_2,1,1.5,0.828376556046,False
workload_4449.cpp,xcu200-fsgd2104-2-e,3.33,3.6554409,482,0,0,1,5,cyclic_8_1,cyclic_32_1,complete_1,pipeline_1,unroll_2,pipeline_1,pipeline_1,pipeline_1,1,1.5,0.828376556046,False
workload_4792.cpp,xcu200-fsgd2104-2-e,3.33,3.6554409,466,0,0,1,5,cyclic_8_1,cyclic_32_1,complete_1,pipeline_1,unroll_2,pipeline_1,pipeline_1,unroll_2,1,1.5,0.828376556046,False
workload_4254.cpp,xcu200-fsgd2104-2-e,3.33,7.86798081,60,0,0,0,0,cyclic_8_1,cyclic_32_1,complete_1,unroll_16,pipeline_1,unroll_64,unroll_16,pipeline_1,1,0,0.994211731688,False
workload_4008.cpp,xcu200-fsgd2104-2-e,3.33,14.63795073,66,0,0,0,0,cyclic_8_1,cyclic_32_1,complete_1,unroll_2,pipeline_1,unroll_64,unroll_8,unroll_2,1,0,0.916967324581,False
workload_4537.cpp,xcu200-fsgd2104-2-e,3.33,5.44905882,398,0,1,0,6,cyclic_8_1,cyclic_32_1,complete_1,unroll_32,pipeline_1,pipeline_1,pipeline_1,pipeline_1,1,1.75,0.783154495165,False
workload_4187.cpp,xcu200-fsgd2104-2-e,3.33,7.64974593,62,0,0,0,0,cyclic_8_1,cyclic_32_1,complete_1,unroll_32,pipeline_1,unroll_64,unroll_16,pipeline_1,1,0,0.996759803588,False
workload_4136.cpp,xcu200-fsgd2104-2-e,3.33,7.649740935,61.5,0,0,0,0,cyclic_8_1,cyclic_32_1,complete_1,unroll_32,pipeline_1,unroll_64,unroll_16,unroll_2,2,0,0.99675986195,False
workload_4248.cpp,xcu200-fsgd2104-2-e,3.33,7.87266945,58,0,0,0,0,cyclic_8_1,cyclic_32_1,complete_1,unroll_32,pipeline_1,unroll_64,unroll_8,pipeline_1,1,0,0.994157027735,False
workload_4637.cpp,xcu200-fsgd2104-2-e,3.33,3.6554409,472,0,0,1,5,cyclic_8_1,cyclic_32_1,complete_1,unroll_4,pipeline_1,pipeline_1,pipeline_1,pipeline_1,1,1.5,0.828376556046,False
workload_4747.cpp,xcu200-fsgd2104-2-e,3.33,3.6554409,483,0,0,1,5,cyclic_8_1,cyclic_32_1,complete_1,unroll_4,pipeline_1,pipeline_1,pipeline_1,unroll_2,1,1.5,0.828376556046,False
workload_4593.cpp,xcu200-fsgd2104-2-e,3.33,3.6554409,485.5,0,0,1,5,cyclic_8_1,cyclic_32_1,complete_1,unroll_4,pipeline_1,unroll_4,pipeline_1,pipeline_1,2,1.5,0.828376556046,False
workload_4619.cpp,xcu200-fsgd2104-2-e,3.33,3.6554409,467,0,0,1,5,cyclic_8_1,cyclic_32_1,complete_1,unroll_4,unroll_2,pipeline_1,pipeline_1,unroll_2,1,1.5,0.828376556046,False
workload_4720.cpp,xcu200-fsgd2104-2-e,3.33,7.3727865,77,0,0,0,0,cyclic_8_1,cyclic_32_1,complete_1,unroll_64,pipeline_1,pipeline_1,unroll_64,pipeline_1,2,0,0.999998752692,False
workload_4613.cpp,xcu200-fsgd2104-2-e,3.33,7.37279649,78,0,0,0,0,cyclic_8_1,cyclic_32_1,complete_1,unroll_64,pipeline_1,pipeline_1,unroll_64,unroll_2,1,0,0.999998635757,False
workload_4733.cpp,xcu200-fsgd2104-2-e,3.33,99.72023994,78,0,0,0,0,cyclic_8_1,cyclic_32_1,complete_1,unroll_64,unroll_2,pipeline_1,unroll_64,unroll_2,1,0,0.243620892707,False
workload_4594.cpp,xcu200-fsgd2104-2-e,3.33,3.6554409,473,0,0,1,5,cyclic_8_1,cyclic_32_1,complete_1,unroll_8,pipeline_1,pipeline_1,pipeline_1,pipeline_1,3,1.5,0.828376556046,False
workload_4646.cpp,xcu200-fsgd2104-2-e,3.33,3.6554409,468,0,0,1,5,cyclic_8_1,cyclic_32_1,complete_1,unroll_8,pipeline_1,pipeline_1,pipeline_1,unroll_2,1,1.5,0.828376556046,False
workload_4169.cpp,xcu200-fsgd2104-2-e,3.33,8.30189313,53,0,0,0,0,cyclic_8_1,cyclic_32_1,complete_1,unroll_8,pipeline_1,pipeline_1,unroll_16,pipeline_1,1,0,0.989156217819,False
workload_4599.cpp,xcu200-fsgd2104-2-e,3.33,8.136613575,70,0,0,0,0,cyclic_8_1,cyclic_32_1,complete_1,unroll_8,pipeline_1,pipeline_1,unroll_64,pipeline_1,2,0,0.991080200661,False
workload_4630.cpp,xcu200-fsgd2104-2-e,3.33,3.6554409,461,0,0,1,5,cyclic_8_1,cyclic_32_1,complete_1,unroll_8,pipeline_1,unroll_4,pipeline_1,pipeline_1,1,1.5,0.828376556046,False
workload_4405.cpp,xcu200-fsgd2104-2-e,3.33,3.6554409,465,0,0,1,5,cyclic_8_1,cyclic_32_1,complete_1,unroll_8,unroll_2,pipeline_1,pipeline_1,pipeline_1,3,1.5,0.828376556046,False
workload_4746.cpp,xcu200-fsgd2104-2-e,3.33,3.6554409,455,0,0,0,5,cyclic_8_1,cyclic_4_1,complete_1,pipeline_1,pipeline_1,pipeline_1,pipeline_1,pipeline_1,2,1.25,1,True
workload_4805.cpp,xcu200-fsgd2104-2-e,3.33,3.6554409,466,0,0,0,5,cyclic_8_1,cyclic_4_1,complete_1,pipeline_1,pipeline_1,pipeline_1,pipeline_1,unroll_2,3,1.25,1,True
workload_4609.cpp,xcu200-fsgd2104-2-e,3.33,14.18868378,47,0,0,0,0,cyclic_8_1,cyclic_4_1,complete_1,pipeline_1,pipeline_1,pipeline_1,unroll_2,unroll_2,1,0,0.921985322165,False
workload_4137.cpp,xcu200-fsgd2104-2-e,3.33,5.3945001,518,0,0,1,6,cyclic_8_1,cyclic_4_1,complete_1,pipeline_1,pipeline_1,unroll_16,pipeline_1,pipeline_1,1,1.75,0.783191872838,False
workload_4728.cpp,xcu200-fsgd2104-2-e,3.33,3.6554409,476,0,0,0,5,cyclic_8_1,cyclic_4_1,complete_1,pipeline_1,pipeline_1,unroll_4,pipeline_1,pipeline_1,4,1.25,1,True
workload_4858.cpp,xcu200-fsgd2104-2-e,3.33,3.6554409,470,0,0,0,5,cyclic_8_1,cyclic_4_1,complete_1,pipeline_1,pipeline_1,unroll_4,pipeline_1,unroll_2,1,1.25,1,True
workload_4839.cpp,xcu200-fsgd2104-2-e,3.33,10.77567354,54,0,0,0,0,cyclic_8_1,cyclic_4_1,complete_1,pipeline_1,pipeline_1,unroll_4,unroll_64,pipeline_1,1,0,0.960607951746,False
workload_4854.cpp,xcu200-fsgd2104-2-e,3.33,3.6554409,467.5,0,0,0,5,cyclic_8_1,cyclic_4_1,complete_1,pipeline_1,unroll_2,pipeline_1,pipeline_1,pipeline_1,2,1.25,1,True
workload_4810.cpp,xcu200-fsgd2104-2-e,3.33,3.6554409,473,0,0,0,5,cyclic_8_1,cyclic_4_1,complete_1,pipeline_1,unroll_2,unroll_4,pipeline_1,pipeline_1,3,1.25,1,True
workload_4606.cpp,xcu200-fsgd2104-2-e,3.33,3.6554409,473,0,0,0,5,cyclic_8_1,cyclic_4_1,complete_1,unroll_4,pipeline_1,pipeline_1,pipeline_1,pipeline_1,4,1.25,1,True
workload_4494.cpp,xcu200-fsgd2104-2-e,3.33,3.6554409,464,0,0,0,5,cyclic_8_1,cyclic_4_1,complete_1,unroll_4,pipeline_1,pipeline_1,pipeline_1,unroll_2,3,1.25,1,True
workload_4732.cpp,xcu200-fsgd2104-2-e,3.33,12.50119962,56,0,0,0,0,cyclic_8_1,cyclic_4_1,complete_1,unroll_4,pipeline_1,pipeline_1,unroll_64,pipeline_1,1,0,0.940970570255,False
workload_4642.cpp,xcu200-fsgd2104-2-e,3.33,12.50119962,56,0,0,0,0,cyclic_8_1,cyclic_4_1,complete_1,unroll_4,pipeline_1,pipeline_1,unroll_64,unroll_2,1,0,0.940970570255,False
workload_4768.cpp,xcu200-fsgd2104-2-e,3.33,3.6554409,465,0,0,0,5,cyclic_8_1,cyclic_4_1,complete_1,unroll_4,pipeline_1,unroll_4,pipeline_1,pipeline_1,4,1.25,1,True
workload_4702.cpp,xcu200-fsgd2104-2-e,3.33,3.6554409,463.5,0,0,0,5,cyclic_8_1,cyclic_4_1,complete_1,unroll_4,pipeline_1,unroll_4,pipeline_1,unroll_2,2,1.25,1,True
workload_4782.cpp,xcu200-fsgd2104-2-e,3.33,3.655445895,454,0,4,2,7.5,cyclic_8_1,cyclic_4_1,complete_1,unroll_4,unroll_2,pipeline_1,pipeline_1,pipeline_1,2,3.375,0.524526981891,False
workload_4629.cpp,xcu200-fsgd2104-2-e,3.33,3.6554409,460,0,0,0,5,cyclic_8_1,cyclic_4_1,complete_1,unroll_4,unroll_2,unroll_4,pipeline_1,pipeline_1,1,1.25,1,True
workload_4850.cpp,xcu200-fsgd2104-2-e,3.33,84.69900954,50,0,0,0,0,cyclic_8_1,cyclic_4_1,complete_1,unroll_4,unroll_2,unroll_4,unroll_2,pipeline_1,1,0,0.322446483945,False
workload_4825.cpp,xcu200-fsgd2104-2-e,3.33,5.87870874,422,0,1,1,6,cyclic_8_1,cyclic_4_1,complete_1,unroll_64,pipeline_1,pipeline_1,pipeline_1,unroll_2,1,2,0.739400645617,False
workload_4663.cpp,xcu200-fsgd2104-2-e,3.33,7.37268993,61,0,0,0,0,cyclic_8_1,cyclic_4_1,complete_1,unroll_64,pipeline_1,pipeline_1,unroll_64,pipeline_1,1,0,0.999999883065,False
workload_4786.cpp,xcu200-fsgd2104-2-e,3.33,7.37267994,62,0,0,0,0,cyclic_8_1,cyclic_4_1,complete_1,unroll_64,pipeline_1,pipeline_1,unroll_64,unroll_2,1,0,1,True
workload_4156.cpp,xcu200-fsgd2104-2-e,3.33,8.31169665,57,0,0,0,0,cyclic_8_1,cyclic_4_1,complete_1,unroll_64,pipeline_1,unroll_16,unroll_4,pipeline_1,1,0,0.989042162531,False
workload_4892.cpp,xcu200-fsgd2104-2-e,3.33,8.13810042,61,0,0,0,0,cyclic_8_1,cyclic_4_1,complete_1,unroll_64,pipeline_1,unroll_4,unroll_64,pipeline_1,1,0,0.991062883358,False
workload_4597.cpp,xcu200-fsgd2104-2-e,3.33,3.6554409,462,0,0,0,5,cyclic_8_1,cyclic_4_1,complete_1,unroll_8,pipeline_1,pipeline_1,pipeline_1,pipeline_1,7,1.25,1,True
workload_4818.cpp,xcu200-fsgd2104-2-e,3.33,3.6554409,479.5,0,0,0,5,cyclic_8_1,cyclic_4_1,complete_1,unroll_8,pipeline_1,pipeline_1,pipeline_1,unroll_2,2,1.25,1,True
workload_4742.cpp,xcu200-fsgd2104-2-e,3.33,3.6554409,454,0,0,0,5,cyclic_8_1,cyclic_4_1,complete_1,unroll_8,pipeline_1,unroll_4,pipeline_1,pipeline_1,4,1.25,1,True
workload_4844.cpp,xcu200-fsgd2104-2-e,3.33,3.6554409,472,0,0,0,5,cyclic_8_1,cyclic_4_1,complete_1,unroll_8,pipeline_1,unroll_8,pipeline_1,pipeline_1,1,1.25,1,True
workload_4874.cpp,xcu200-fsgd2104-2-e,3.33,3.6554409,486,0,0,0,5,cyclic_8_1,cyclic_4_1,complete_1,unroll_8,pipeline_1,unroll_8,pipeline_1,unroll_2,1,1.25,1,True
workload_4726.cpp,xcu200-fsgd2104-2-e,3.33,3.6554409,472,0,0,0,5,cyclic_8_1,cyclic_4_1,complete_1,unroll_8,unroll_2,pipeline_1,pipeline_1,pipeline_1,3,1.25,1,True
workload_4871.cpp,xcu200-fsgd2104-2-e,3.33,3.6554409,428,0,0,0,5,cyclic_8_1,cyclic_4_1,complete_1,unroll_8,unroll_2,pipeline_1,pipeline_1,unroll_2,1,1.25,1,True
workload_4788.cpp,xcu200-fsgd2104-2-e,3.33,3.6554409,459,0,0,0,5,cyclic_8_1,cyclic_4_1,complete_1,unroll_8,unroll_2,unroll_4,pipeline_1,pipeline_1,2,1.25,1,True
workload_4508.cpp,xcu200-fsgd2104-2-e,3.33,3.6554409,471,0,0,1,5,cyclic_8_1,cyclic_64_1,complete_1,pipeline_1,pipeline_1,pipeline_1,pipeline_1,pipeline_1,3,1.5,0.828376556046,False
workload_4153.cpp,xcu200-fsgd2104-2-e,3.33,5.39451009,733.5,0,8,5,11,cyclic_8_1,cyclic_64_1,complete_1,pipeline_1,pipeline_1,unroll_16,pipeline_1,pipeline_1,2,6,0.235813145961,False
workload_4704.cpp,xcu200-fsgd2104-2-e,3.33,3.6554409,489,0,0,1,5,cyclic_8_1,cyclic_64_1,complete_1,pipeline_1,pipeline_1,unroll_4,pipeline_1,pipeline_1,1,1.5,0.828376556046,False
workload_4269.cpp,xcu200-fsgd2104-2-e,3.33,5.39451009,765,0,8,5,11,cyclic_8_1,cyclic_64_1,complete_1,pipeline_1,pipeline_1,unroll_64,pipeline_1,pipeline_1,1,6,0.235813145961,False
workload_4404.cpp,xcu200-fsgd2104-2-e,3.33,3.65545089,491,0,7,4,10,cyclic_8_1,cyclic_64_1,complete_1,pipeline_1,pipeline_1,unroll_8,pipeline_1,pipeline_1,1,5.25,0.30191184273,False
workload_4757.cpp,xcu200-fsgd2104-2-e,3.33,3.6554409,474,0,0,1,5,cyclic_8_1,cyclic_64_1,complete_1,pipeline_1,unroll_2,pipeline_1,pipeline_1,pipeline_1,1,1.5,0.828376556046,False
workload_4549.cpp,xcu200-fsgd2104-2-e,3.33,5.44905882,404,0,1,1,7,cyclic_8_1,cyclic_64_1,complete_1,unroll_32,pipeline_1,pipeline_1,pipeline_1,pipeline_1,1,2.25,0.697365368356,False
workload_4476.cpp,xcu200-fsgd2104-2-e,3.33,3.6554409,468,0,0,1,5,cyclic_8_1,cyclic_64_1,complete_1,unroll_4,pipeline_1,pipeline_1,pipeline_1,pipeline_1,5,1.5,0.828376556046,False
workload_4739.cpp,xcu200-fsgd2104-2-e,3.33,3.6554409,473,0,0,1,6,cyclic_8_1,cyclic_64_1,complete_1,unroll_4,pipeline_1,pipeline_1,pipeline_1,unroll_2,1,1.75,0.783243875114,False
workload_4534.cpp,xcu200-fsgd2104-2-e,3.33,12.50130618,93,0,0,0,0,cyclic_8_1,cyclic_64_1,complete_1,unroll_4,pipeline_1,pipeline_1,unroll_64,pipeline_1,3,0,0.940969364545,False
workload_4532.cpp,xcu200-fsgd2104-2-e,3.33,3.6554409,466,0,0,1,5.5,cyclic_8_1,cyclic_64_1,complete_1,unroll_4,pipeline_1,unroll_4,pipeline_1,pipeline_1,2,1.625,0.805637102822,False
workload_4727.cpp,xcu200-fsgd2104-2-e,3.33,3.6554409,475,0,0,1,5,cyclic_8_1,cyclic_64_1,complete_1,unroll_4,pipeline_1,unroll_4,pipeline_1,unroll_2,1,1.5,0.828376556046,False
workload_4764.cpp,xcu200-fsgd2104-2-e,3.33,3.6554409,466,0,0,1,5,cyclic_8_1,cyclic_64_1,complete_1,unroll_4,unroll_2,pipeline_1,pipeline_1,pipeline_1,1,1.5,0.828376556046,False
workload_4671.cpp,xcu200-fsgd2104-2-e,3.33,5.44905882,409.5,0,1,1,7,cyclic_8_1,cyclic_64_1,complete_1,unroll_64,pipeline_1,pipeline_1,pipeline_1,pipeline_1,2,2.25,0.697365368356,False
workload_4601.cpp,xcu200-fsgd2104-2-e,3.33,5.44905882,413,0,1,1,7,cyclic_8_1,cyclic_64_1,complete_1,unroll_64,pipeline_1,pipeline_1,pipeline_1,unroll_2,1,2.25,0.697365368356,False
workload_4510.cpp,xcu200-fsgd2104-2-e,3.33,7.372791495,98,0,0,0,0,cyclic_8_1,cyclic_64_1,complete_1,unroll_64,pipeline_1,pipeline_1,unroll_64,pipeline_1,2,0,0.999998694225,False
workload_4709.cpp,xcu200-fsgd2104-2-e,3.33,5.44905882,414,0,1,1,7,cyclic_8_1,cyclic_64_1,complete_1,unroll_64,unroll_2,unroll_4,pipeline_1,pipeline_1,1,2.25,0.697365368356,False
workload_4585.cpp,xcu200-fsgd2104-2-e,3.33,3.6554409,464.5,0,0,1,5,cyclic_8_1,cyclic_64_1,complete_1,unroll_8,pipeline_1,pipeline_1,pipeline_1,pipeline_1,4,1.5,0.828376556046,False
workload_4676.cpp,xcu200-fsgd2104-2-e,3.33,8.13660858,93,0,0,0,0,cyclic_8_1,cyclic_64_1,complete_1,unroll_8,pipeline_1,pipeline_1,unroll_64,unroll_2,1,0,0.991080258838,False
workload_4677.cpp,xcu200-fsgd2104-2-e,3.33,3.6554409,476,0,0,1,5,cyclic_8_1,cyclic_64_1,complete_1,unroll_8,pipeline_1,unroll_4,pipeline_1,pipeline_1,1,1.5,0.828376556046,False
workload_4501.cpp,xcu200-fsgd2104-2-e,3.33,3.6554409,470,0,0,1,5,cyclic_8_1,cyclic_64_1,complete_1,unroll_8,unroll_2,pipeline_1,pipeline_1,pipeline_1,2,1.5,0.828376556046,False
workload_4755.cpp,xcu200-fsgd2104-2-e,3.33,77.7876345,93,0,0,0,0,cyclic_8_1,cyclic_64_1,complete_1,unroll_8,unroll_2,pipeline_1,unroll_64,pipeline_1,1,0,0.364483841975,False
workload_4688.cpp,xcu200-fsgd2104-2-e,3.33,3.6554409,475,0,0,1,5,cyclic_8_1,cyclic_64_1,complete_1,unroll_8,unroll_2,unroll_4,pipeline_1,pipeline_1,1,1.5,0.828376556046,False
workload_4896.cpp,xcu200-fsgd2104-2-e,3.33,3.6554409,453,0,0,0,5,cyclic_8_1,cyclic_8_1,complete_1,pipeline_1,pipeline_1,pipeline_1,pipeline_1,pipeline_1,1,1.25,1,True
workload_4859.cpp,xcu200-fsgd2104-2-e,3.33,3.6554409,459,0,0,0,5,cyclic_8_1,cyclic_8_1,complete_1,pipeline_1,pipeline_1,unroll_4,pipeline_1,pipeline_1,1,1.25,1,True
workload_4883.cpp,xcu200-fsgd2104-2-e,3.33,3.6554409,468,0,0,0,5,cyclic_8_1,cyclic_8_1,complete_1,pipeline_1,unroll_2,unroll_4,pipeline_1,pipeline_1,1,1.25,1,True
workload_4158.cpp,xcu200-fsgd2104-2-e,3.33,9.59893146,48,0,0,0,0,cyclic_8_1,cyclic_8_1,complete_1,unroll_16,pipeline_1,unroll_8,unroll_2,pipeline_1,1,0,0.974129866425,False
workload_4855.cpp,xcu200-fsgd2104-2-e,3.33,3.6554409,457,0,0,0,5,cyclic_8_1,cyclic_8_1,complete_1,unroll_4,pipeline_1,pipeline_1,pipeline_1,pipeline_1,1,1.25,1,True
workload_4817.cpp,xcu200-fsgd2104-2-e,3.33,3.6554409,469,0,0,0,5,cyclic_8_1,cyclic_8_1,complete_1,unroll_4,pipeline_1,unroll_4,pipeline_1,pipeline_1,2,1.25,1,True
workload_4668.cpp,xcu200-fsgd2104-2-e,3.33,3.6554409,454.5,0,0,0,5,cyclic_8_1,cyclic_8_1,complete_1,unroll_4,unroll_2,unroll_4,pipeline_1,pipeline_1,2,1.25,1,True
workload_4020.cpp,xcu200-fsgd2104-2-e,3.33,9.08063361,64,0,0,0,0,cyclic_8_1,cyclic_8_1,complete_1,unroll_64,pipeline_1,unroll_64,unroll_2,pipeline_1,1,0,0.980119050562,False
workload_4806.cpp,xcu200-fsgd2104-2-e,3.33,3.6554409,466,0,0,0,5,cyclic_8_1,cyclic_8_1,complete_1,unroll_8,pipeline_1,unroll_4,pipeline_1,unroll_2,1,1.25,1,True
workload_3535.cpp,xcu200-fsgd2104-2-e,5,21.240345,127,0,0,0,2,block_128_1,block_16_1,complete_1,pipeline_1,pipeline_1,pipeline_1,unroll_4,pipeline_1,1,0.5,0.86518954855,False
workload_3522.cpp,xcu200-fsgd2104-2-e,5,8.06913,540,0,0,1,6,block_128_1,block_16_1,complete_1,pipeline_1,pipeline_1,unroll_32,pipeline_1,pipeline_1,1,1.75,0.786719342695,False
workload_3654.cpp,xcu200-fsgd2104-2-e,5,5.61153,464,0,0,1,6,block_128_1,block_16_1,complete_1,pipeline_1,pipeline_1,unroll_8,pipeline_1,pipeline_1,1,1.75,0.786907379361,False
workload_3673.cpp,xcu200-fsgd2104-2-e,5,8.27393,639,0,6,4,12,block_128_1,block_16_1,complete_1,unroll_16,pipeline_1,unroll_16,pipeline_1,pipeline_1,1,5.5,0.287937181367,False
workload_3538.cpp,xcu200-fsgd2104-2-e,5,16.251865,173,0,0,0,1,block_128_1,block_16_1,complete_1,unroll_2,pipeline_1,unroll_2,unroll_32,unroll_2,1,0.25,0.930633089697,False
workload_3540.cpp,xcu200-fsgd2104-2-e,5,16.08769,195,0,0,0,1,block_128_1,block_2_1,complete_1,unroll_2,pipeline_1,pipeline_1,unroll_64,unroll_2,1,0.25,0.931700696642,False
workload_3451.cpp,xcu200-fsgd2104-2-e,5,33.01889,82,0,0,0,1,block_128_1,block_2_1,complete_1,unroll_2,pipeline_1,unroll_4,unroll_2,unroll_2,1,0.25,0.795375402611,False
workload_3500.cpp,xcu200-fsgd2104-2-e,5,16.10801,201,0,0,0,1,block_128_1,block_2_1,complete_1,unroll_2,pipeline_1,unroll_4,unroll_64,unroll_2,1,0.25,0.931569478872,False
workload_3574.cpp,xcu200-fsgd2104-2-e,5,16.175065,119,0,0,0,1,block_128_1,block_4_1,complete_1,pipeline_1,pipeline_1,unroll_32,unroll_32,pipeline_1,1,0.25,0.931134607284,False
workload_3484.cpp,xcu200-fsgd2104-2-e,5,21.393945,122,0,0,0,2,block_128_1,block_4_1,complete_1,pipeline_1,pipeline_1,unroll_32,unroll_4,pipeline_1,1,0.5,0.864228652303,False
workload_3563.cpp,xcu200-fsgd2104-2-e,5,6.09281,441,0,0,1,6,block_128_1,block_4_1,complete_1,pipeline_1,pipeline_1,unroll_8,pipeline_1,pipeline_1,1,1.75,0.787113836803,False
workload_3533.cpp,xcu200-fsgd2104-2-e,5,33.01889,108,0,0,0,2,block_128_1,block_64_1,complete_1,unroll_2,pipeline_1,unroll_4,unroll_2,unroll_2,1,0.5,0.780813619125,False
workload_3685.cpp,xcu200-fsgd2104-2-e,5,8.06913,1067,0,0,1,7,block_128_1,cyclic_128_1,complete_1,unroll_2,pipeline_1,unroll_32,pipeline_1,pipeline_1,1,2,0.744155182968,False
workload_3573.cpp,xcu200-fsgd2104-2-e,5,16.73601,82,0,0,0,1,block_128_1,cyclic_4_1,complete_1,unroll_2,pipeline_1,unroll_8,unroll_8,unroll_2,1,0.25,0.927392147949,False
workload_3640.cpp,xcu200-fsgd2104-2-e,5,8.069145,538,0,14,6,14,block_128_1,cyclic_8_1,complete_1,pipeline_1,pipeline_1,unroll_64,pipeline_1,pipeline_1,1,8.5,0.113618507531,False
workload_3619.cpp,xcu200-fsgd2104-2-e,5,8.24321,441,0,12,5,15,block_16_1,block_128_1,complete_1,unroll_64,pipeline_1,unroll_8,pipeline_1,pipeline_1,1,8,0.128732148021,False
workload_3564.cpp,xcu200-fsgd2104-2-e,5,8.386585,421,0,11,5,13,block_16_1,block_16_1,complete_1,unroll_16,pipeline_1,unroll_8,pipeline_1,unroll_2,1,7.25,0.161858277583,False
workload_3548.cpp,xcu200-fsgd2104-2-e,5,16.170265,54,0,0,0,0,block_16_1,block_2_1,complete_1,unroll_2,pipeline_1,pipeline_1,unroll_32,pipeline_1,1,0,0.951499877759,False
workload_3571.cpp,xcu200-fsgd2104-2-e,5,16.087705,60,0,0,0,0,block_16_1,block_2_1,complete_1,unroll_2,pipeline_1,pipeline_1,unroll_64,pipeline_1,1,0,0.952275942027,False
workload_3624.cpp,xcu200-fsgd2104-2-e,5,5.67297,446,0,1,1,6,block_16_1,block_32_1,complete_1,unroll_2,unroll_2,unroll_8,pipeline_1,pipeline_1,1,2,0.744069250959,False
workload_3511.cpp,xcu200-fsgd2104-2-e,5,95.09569,124,0,0,1,4,block_16_1,block_32_1,complete_1,unroll_4,unroll_32,unroll_16,unroll_16,pipeline_1,1,1.25,0.350950141945,False
workload_3486.cpp,xcu200-fsgd2104-2-e,5,8.67329,1063,0,3,2,8,block_16_1,block_32_1,complete_1,unroll_64,unroll_16,unroll_8,pipeline_1,pipeline_1,1,3.25,0.550193019139,False
workload_3605.cpp,xcu200-fsgd2104-2-e,5,8.67329,1947,0,3,2,8,block_16_1,block_32_1,complete_1,unroll_64,unroll_64,unroll_8,pipeline_1,pipeline_1,1,3.25,0.550193019139,False
workload_3505.cpp,xcu200-fsgd2104-2-e,5,97.561625,90,0,0,0,3,block_16_1,block_4_1,complete_1,unroll_32,unroll_32,unroll_8,unroll_2,pipeline_1,1,0.75,0.351237081375,False
workload_3459.cpp,xcu200-fsgd2104-2-e,5,94.689785,104,0,0,0,4,block_16_1,block_4_1,complete_1,unroll_32,unroll_32,unroll_8,unroll_64,pipeline_1,1,1,0.360121067563,False
workload_3588.cpp,xcu200-fsgd2104-2-e,5,16.170265,81,0,0,0,1,block_16_1,block_64_1,complete_1,unroll_16,pipeline_1,pipeline_1,unroll_32,pipeline_1,1,0.25,0.931165830731,False
workload_3491.cpp,xcu200-fsgd2104-2-e,5,16.170265,79,0,0,0,0,block_16_1,block_64_1,complete_1,unroll_2,pipeline_1,pipeline_1,unroll_32,pipeline_1,1,0,0.951499877759,False
workload_3674.cpp,xcu200-fsgd2104-2-e,5,5.632025,494,0,7,3,9,block_16_1,block_64_1,complete_1,unroll_2,unroll_2,unroll_8,pipeline_1,pipeline_1,1,4.75,0.362720690739,False
workload_3519.cpp,xcu200-fsgd2104-2-e,5,99.934745,116,0,0,1,6,block_16_1,cyclic_16_1,complete_1,pipeline_1,unroll_64,unroll_32,unroll_4,pipeline_1,1,1.75,0.313654531209,False
workload_3461.cpp,xcu200-fsgd2104-2-e,5,94.865305,124,0,0,1,6,block_16_1,cyclic_16_1,complete_1,unroll_4,unroll_64,unroll_16,unroll_16,pipeline_1,1,1.75,0.337121361531,False
workload_3558.cpp,xcu200-fsgd2104-2-e,5,33.026585,59,0,0,0,0,block_16_1,cyclic_32_1,complete_1,unroll_2,pipeline_1,unroll_4,unroll_4,unroll_2,1,0,0.800454323532,False
workload_3477.cpp,xcu200-fsgd2104-2-e,5,5.601305,467,0,5,2,8,block_16_1,cyclic_64_1,complete_1,unroll_2,pipeline_1,unroll_8,pipeline_1,pipeline_1,3,3.75,0.482033326786,False
workload_3627.cpp,xcu200-fsgd2104-2-e,5,5.6012975,455.5,0,3.5,1.5,7.5,block_16_1,cyclic_64_1,complete_1,unroll_2,pipeline_1,unroll_8,pipeline_1,unroll_2,2,3.125,0.5678710798,False
workload_3645.cpp,xcu200-fsgd2104-2-e,5,8.693785,2319,0,3,2,9,block_16_1,cyclic_64_1,complete_1,unroll_2,unroll_64,unroll_8,pipeline_1,pipeline_1,1,3.5,0.51550614441,False
workload_3672.cpp,xcu200-fsgd2104-2-e,5,16.339865,85,0,0,0,1,block_16_1,cyclic_64_1,complete_1,unroll_32,pipeline_1,unroll_64,unroll_16,unroll_2,1,0.25,0.930054017933,False
workload_3515.cpp,xcu200-fsgd2104-2-e,5,95.768345,64,0,0,0,1,block_2_1,block_4_1,complete_1,unroll_32,unroll_16,unroll_32,unroll_8,pipeline_1,1,0.25,0.366905618096,False
workload_3508.cpp,xcu200-fsgd2104-2-e,5,102.351385,73,0,0,0,1,block_2_1,block_64_1,complete_1,pipeline_1,unroll_4,unroll_8,unroll_4,pipeline_1,1,0.25,0.333448417373,False
workload_3483.cpp,xcu200-fsgd2104-2-e,5,97.729305,71,0,0,0,1,block_2_1,block_64_1,complete_1,pipeline_1,unroll_4,unroll_8,unroll_8,pipeline_1,1,0.25,0.356706087552,False
workload_3453.cpp,xcu200-fsgd2104-2-e,5,97.24001,118,0,0,0,1,block_2_1,cyclic_128_1,complete_1,unroll_8,unroll_8,unroll_8,unroll_32,pipeline_1,1,0.25,0.359232530028,False
workload_3482.cpp,xcu200-fsgd2104-2-e,5,100.34305,59,0,0,0,1,block_2_1,cyclic_4_1,complete_1,unroll_32,unroll_16,pipeline_1,unroll_8,pipeline_1,1,0.25,0.343418926629,False
workload_3504.cpp,xcu200-fsgd2104-2-e,5,97.88161,53,0,0,0,0,block_2_1,cyclic_4_1,complete_1,unroll_8,unroll_8,unroll_8,unroll_4,pipeline_1,1,0,0.356720281194,False
workload_3613.cpp,xcu200-fsgd2104-2-e,5,8.304665,410,0,11,5,13,block_32_1,block_16_1,complete_1,unroll_16,pipeline_1,pipeline_1,pipeline_1,unroll_2,1,7.25,0.161858822962,False
workload_3585.cpp,xcu200-fsgd2104-2-e,5,8.30465,603,0,8,4,12,block_32_1,block_16_1,complete_1,unroll_16,pipeline_1,unroll_64,pipeline_1,pipeline_1,1,6,0.24494757048,False
workload_3577.cpp,xcu200-fsgd2104-2-e,5,8.304665,428,0,11,5,13,block_32_1,block_16_1,complete_1,unroll_16,pipeline_1,unroll_8,pipeline_1,unroll_2,1,7.25,0.161858822962,False
workload_3705.cpp,xcu200-fsgd2104-2-e,5,8.30465,431,0,8,4,12,block_32_1,block_16_1,complete_1,unroll_16,unroll_2,pipeline_1,pipeline_1,pipeline_1,1,6,0.24494757048,False
workload_3465.cpp,xcu200-fsgd2104-2-e,5,16.09921,113,0,0,1,1,block_32_1,block_32_1,complete_1,pipeline_1,pipeline_1,unroll_64,unroll_64,unroll_2,1,0.5,0.892117269337,False
workload_3542.cpp,xcu200-fsgd2104-2-e,5,32.37121,72,0,0,0,1,block_32_1,block_32_1,complete_1,unroll_2,pipeline_1,unroll_8,unroll_4,unroll_2,1,0.25,0.800734409211,False
workload_3463.cpp,xcu200-fsgd2104-2-e,5,99.934745,171,0,0,1,7,block_32_1,block_4_1,complete_1,pipeline_1,unroll_64,unroll_32,unroll_4,pipeline_1,1,2,0.307152878171,False
workload_3524.cpp,xcu200-fsgd2104-2-e,5,94.865305,175,0,0,1,7,block_32_1,block_4_1,complete_1,unroll_4,unroll_64,unroll_16,unroll_16,pipeline_1,1,2,0.329919796369,False
workload_3464.cpp,xcu200-fsgd2104-2-e,5,94.762265,321,0,0,1,8,block_32_1,block_64_1,complete_1,unroll_8,unroll_64,pipeline_1,unroll_32,pipeline_1,1,2.25,0.322041551415,False
workload_3550.cpp,xcu200-fsgd2104-2-e,5,16.69505,60,0,0,0,0,block_32_1,block_8_1,complete_1,pipeline_1,pipeline_1,unroll_32,unroll_8,unroll_2,1,0,0.94657516182,False
workload_3641.cpp,xcu200-fsgd2104-2-e,5,5.51937,449,0,1,1,6,block_32_1,cyclic_128_1,complete_1,unroll_2,unroll_2,pipeline_1,pipeline_1,pipeline_1,1,2,0.743993800181,False
workload_3492.cpp,xcu200-fsgd2104-2-e,5,16.099065,84,0,0,0,0,block_32_1,cyclic_16_1,complete_1,pipeline_1,pipeline_1,unroll_64,unroll_64,unroll_2,1,0,0.952169137017,False
workload_3506.cpp,xcu200-fsgd2104-2-e,5,99.76065,154,0,0,1,7,block_32_1,cyclic_4_1,complete_1,pipeline_1,unroll_64,pipeline_1,unroll_4,pipeline_1,1,2,0.307917249204,False
workload_3621.cpp,xcu200-fsgd2104-2-e,5,97.479705,118,0,0,0,4,block_32_1,cyclic_64_1,complete_1,unroll_64,unroll_16,unroll_32,unroll_2,pipeline_1,1,1,0.346233208036,False
workload_3606.cpp,xcu200-fsgd2104-2-e,5,8.366105,1505,0,6,3,11,block_32_1,cyclic_64_1,complete_1,unroll_8,unroll_16,unroll_8,pipeline_1,pipeline_1,1,5,0.336494401408,False
workload_3526.cpp,xcu200-fsgd2104-2-e,5,8.366105,2276,0,6,3,11,block_32_1,cyclic_64_1,complete_1,unroll_8,unroll_64,unroll_8,pipeline_1,pipeline_1,1,5,0.336494401408,False
workload_3545.cpp,xcu200-fsgd2104-2-e,5,95.256345,165,0,0,1,7,block_32_1,cyclic_64_1,complete_1,unroll_8,unroll_64,unroll_8,unroll_8,pipeline_1,1,2,0.328126522051,False
workload_3665.cpp,xcu200-fsgd2104-2-e,5,5.51937,444,0,0,1,6,block_32_1,cyclic_8_1,complete_1,unroll_2,unroll_2,pipeline_1,pipeline_1,pipeline_1,1,1.75,0.786854139065,False
workload_3552.cpp,xcu200-fsgd2104-2-e,5,18.626585,83,0,0,1,3,block_4_1,block_128_1,complete_1,unroll_16,pipeline_1,unroll_32,unroll_2,unroll_2,1,1,0.833375058186,False
workload_3623.cpp,xcu200-fsgd2104-2-e,5,6.10305,477,0,4,2,8,block_4_1,block_128_1,complete_1,unroll_4,unroll_2,pipeline_1,pipeline_1,pipeline_1,1,3.5,0.515434134779,False
workload_3618.cpp,xcu200-fsgd2104-2-e,5,7.39329,488,0,5,2,9,block_4_1,block_2_1,complete_1,unroll_2,pipeline_1,unroll_8,pipeline_1,pipeline_1,1,4,0.450318306403,False
workload_3514.cpp,xcu200-fsgd2104-2-e,5,97.219865,49,0,0,0,0,block_4_1,block_2_1,complete_1,unroll_8,unroll_2,pipeline_1,unroll_32,pipeline_1,1,0,0.360146375643,False
workload_3489.cpp,xcu200-fsgd2104-2-e,5,131.118105,48,0,0,0,0,block_4_1,block_2_1,complete_1,unroll_8,unroll_2,unroll_2,unroll_2,unroll_2,1,0,0.213857867262,False
workload_3476.cpp,xcu200-fsgd2104-2-e,5,123.51585,48,0,0,0,0,block_4_1,block_2_1,complete_1,unroll_8,unroll_2,unroll_2,unroll_32,unroll_2,1,0,0.241481778462,False
workload_3559.cpp,xcu200-fsgd2104-2-e,5,94.937625,133,0,0,1,4,block_4_1,block_64_1,complete_1,pipeline_1,unroll_32,unroll_16,unroll_32,pipeline_1,1,1.25,0.351721233429,False
workload_3456.cpp,xcu200-fsgd2104-2-e,5,31.367705,152,0,0,0,2,block_4_1,block_64_1,complete_1,pipeline_1,unroll_32,unroll_16,unroll_32,unroll_2,1,0.5,0.793322778425,False
workload_3587.cpp,xcu200-fsgd2104-2-e,5,16.17025,102,0,0,0,1,block_4_1,cyclic_128_1,complete_1,unroll_2,pipeline_1,pipeline_1,unroll_32,pipeline_1,1,0.25,0.931165928282,False
workload_3616.cpp,xcu200-fsgd2104-2-e,5,6.09281,481,0,6,3,9,block_4_1,cyclic_128_1,complete_1,unroll_2,pipeline_1,unroll_4,pipeline_1,pipeline_1,1,4.5,0.390529328633,False
workload_3597.cpp,xcu200-fsgd2104-2-e,5,6.09281,468,0,6,3,9,block_4_1,cyclic_128_1,complete_1,unroll_2,pipeline_1,unroll_4,pipeline_1,unroll_2,1,4.5,0.390529328633,False
workload_3469.cpp,xcu200-fsgd2104-2-e,5,6.09281,505,0,6,3,9,block_4_1,cyclic_128_1,complete_1,unroll_2,unroll_2,pipeline_1,pipeline_1,pipeline_1,2,4.5,0.390529328633,False
workload_3594.cpp,xcu200-fsgd2104-2-e,5,99.75873,141,0,0,0,1,block_4_1,cyclic_128_1,complete_1,unroll_2,unroll_2,pipeline_1,unroll_64,pipeline_1,1,0.25,0.346358833451,False
workload_3562.cpp,xcu200-fsgd2104-2-e,5,6.09281,474,0,6,3,9,block_4_1,cyclic_128_1,complete_1,unroll_2,unroll_2,unroll_4,pipeline_1,pipeline_1,1,4.5,0.390529328633,False
workload_3639.cpp,xcu200-fsgd2104-2-e,5,10.64961,1903,0,0,1,8,block_4_1,cyclic_128_1,complete_1,unroll_64,unroll_64,pipeline_1,pipeline_1,pipeline_1,1,2.25,0.701208631417,False
workload_3543.cpp,xcu200-fsgd2104-2-e,5,17.76001,80,0,1,0,1,block_4_1,cyclic_4_1,complete_1,unroll_2,unroll_64,unroll_8,unroll_8,unroll_2,1,0.5,0.884753932871,False
workload_3648.cpp,xcu200-fsgd2104-2-e,5,10.639385,2224,0,0,1,7,block_4_1,cyclic_64_1,complete_1,unroll_8,unroll_64,unroll_8,pipeline_1,pipeline_1,1,2,0.742030408442,False
workload_3512.cpp,xcu200-fsgd2104-2-e,5,18.693145,51,0,0,0,0,block_4_1,cyclic_8_1,complete_1,unroll_16,pipeline_1,unroll_32,unroll_2,unroll_2,1,0,0.927955245312,False
workload_3468.cpp,xcu200-fsgd2104-2-e,5,5.48865,486,0,0,1,6,block_64_1,block_128_1,complete_1,unroll_4,unroll_2,pipeline_1,pipeline_1,pipeline_1,1,1.75,0.786835412966,False
workload_3634.cpp,xcu200-fsgd2104-2-e,5,8.151065,1074,0,9,4,12,block_64_1,block_128_1,complete_1,unroll_64,unroll_2,unroll_64,pipeline_1,pipeline_1,1,6.25,0.225544072316,False
workload_3536.cpp,xcu200-fsgd2104-2-e,5,108.835865,73,0,0,0,2,block_64_1,block_16_1,complete_1,unroll_2,unroll_8,unroll_2,unroll_2,pipeline_1,1,0.5,0.30079374647,False
workload_3497.cpp,xcu200-fsgd2104-2-e,5,39.449625,87,0,0,1,2,block_64_1,block_16_1,complete_1,unroll_2,unroll_8,unroll_2,unroll_2,unroll_2,1,0.75,0.714539528077,False
workload_3589.cpp,xcu200-fsgd2104-2-e,5,16.17025,84,0,0,0,0,block_64_1,block_2_1,complete_1,unroll_2,pipeline_1,pipeline_1,unroll_32,unroll_2,1,0,0.951500018727,False
workload_3596.cpp,xcu200-fsgd2104-2-e,5,115.75345,160,0,0,1,3,block_64_1,block_2_1,complete_1,unroll_2,unroll_32,unroll_4,unroll_64,unroll_2,1,1,0.264269759448,False
workload_3516.cpp,xcu200-fsgd2104-2-e,5,95.338265,291,0,0,1,10,block_64_1,block_2_1,complete_1,unroll_32,unroll_64,unroll_4,unroll_8,pipeline_1,1,2.75,0.30013653751,False
workload_3479.cpp,xcu200-fsgd2104-2-e,5,95.253785,90,0,0,0,1,block_64_1,block_4_1,complete_1,unroll_2,unroll_8,pipeline_1,unroll_32,pipeline_1,1,0.25,0.369614760322,False
workload_3721.cpp,xcu200-fsgd2104-2-e,5,5.79585,483,0,0,1,6,block_64_1,block_8_1,complete_1,pipeline_1,unroll_2,pipeline_1,pipeline_1,pipeline_1,1,1.75,0.787000638948,False
workload_3707.cpp,xcu200-fsgd2104-2-e,5,5.79585,480,0,0,1,6,block_64_1,block_8_1,complete_1,unroll_4,pipeline_1,pipeline_1,pipeline_1,pipeline_1,1,1.75,0.787000638948,False
workload_3663.cpp,xcu200-fsgd2104-2-e,5,8.468505,617,0,9,4,11,block_64_1,cyclic_8_1,complete_1,unroll_32,pipeline_1,unroll_64,pipeline_1,pipeline_1,1,6,0.24494490923,False
workload_3647.cpp,xcu200-fsgd2104-2-e,5,9.14433,3480,0,3,5,10,block_64_1,cyclic_8_1,complete_1,unroll_32,unroll_32,unroll_64,pipeline_1,pipeline_1,1,4.5,0.390567709261,False
workload_3683.cpp,xcu200-fsgd2104-2-e,5,5.47841,499,0,0,1,6,block_64_1,cyclic_8_1,complete_1,unroll_4,pipeline_1,pipeline_1,pipeline_1,pipeline_1,1,1.75,0.786829062127,False
workload_3582.cpp,xcu200-fsgd2104-2-e,5,8.08961,505,0,0,1,6,block_64_1,cyclic_8_1,complete_1,unroll_4,pipeline_1,unroll_64,pipeline_1,pipeline_1,1,1.75,0.786705054565,False
workload_3652.cpp,xcu200-fsgd2104-2-e,5,5.90849,461,0,3,1,7,block_8_1,block_16_1,complete_1,pipeline_1,unroll_2,pipeline_1,pipeline_1,pipeline_1,1,2.75,0.623608138793,False
workload_3598.cpp,xcu200-fsgd2104-2-e,5,9.31841,549,0,1,2,7,block_8_1,block_16_1,complete_1,pipeline_1,unroll_64,unroll_32,pipeline_1,pipeline_1,1,2.5,0.662208775257,False
workload_3460.cpp,xcu200-fsgd2104-2-e,5,95.428505,59,0,0,0,1,block_8_1,block_2_1,complete_1,unroll_16,unroll_8,unroll_32,unroll_16,pipeline_1,1,0.25,0.368693338091,False
workload_3494.cpp,xcu200-fsgd2104-2-e,5,95.258585,63,0,0,0,1,block_8_1,block_2_1,complete_1,unroll_16,unroll_8,unroll_32,unroll_32,pipeline_1,1,0.25,0.369589425551,False
workload_3452.cpp,xcu200-fsgd2104-2-e,5,111.64033,112,0,0,1,1,block_8_1,block_2_1,complete_1,unroll_2,unroll_64,unroll_8,unroll_8,unroll_2,1,0.5,0.288266362888,False
workload_3537.cpp,xcu200-fsgd2104-2-e,5,28.325785,97,0,0,0,1,block_8_1,block_32_1,complete_1,unroll_2,unroll_8,unroll_32,unroll_64,unroll_2,1,0.25,0.834421673115,False
workload_3529.cpp,xcu200-fsgd2104-2-e,5,16.838425,47,0,0,0,0,block_8_1,block_8_1,complete_1,pipeline_1,pipeline_1,unroll_4,unroll_8,unroll_2,1,0,0.945232178438,False
workload_3450.cpp,xcu200-fsgd2104-2-e,5,16.684825,60,0,0,0,0,block_8_1,block_8_1,complete_1,unroll_16,pipeline_1,unroll_32,unroll_8,unroll_2,1,0,0.94667097939,False
workload_3520.cpp,xcu200-fsgd2104-2-e,5,28.921625,59,0,0,0,0,block_8_1,block_8_1,complete_1,unroll_2,unroll_8,unroll_32,unroll_8,unroll_2,1,0,0.835880603294,False
workload_3496.cpp,xcu200-fsgd2104-2-e,5,95.26401,129,0,0,0,2,block_8_1,cyclic_128_1,complete_1,pipeline_1,unroll_16,pipeline_1,unroll_32,pipeline_1,1,0.5,0.367044668466,False
workload_3470.cpp,xcu200-fsgd2104-2-e,5,95.18145,172,0,0,0,2,block_8_1,cyclic_128_1,complete_1,pipeline_1,unroll_16,pipeline_1,unroll_64,pipeline_1,1,0.5,0.367476087173,False
workload_3554.cpp,xcu200-fsgd2104-2-e,5,5.75489,483,0,3,2,8,block_8_1,cyclic_128_1,complete_1,unroll_2,unroll_2,pipeline_1,pipeline_1,pipeline_1,2,3.25,0.550050980299,False
workload_3617.cpp,xcu200-fsgd2104-2-e,5,8.39681,436,0,10,4,13,block_8_1,cyclic_128_1,complete_1,unroll_64,unroll_2,unroll_4,pipeline_1,pipeline_1,1,6.75,0.190912446009,False
workload_3595.cpp,xcu200-fsgd2104-2-e,5,14.04289,95,0,6,3,4,block_8_1,cyclic_4_1,complete_1,pipeline_1,unroll_64,unroll_16,unroll_8,unroll_2,1,3.25,0.547530542545,False
workload_3501.cpp,xcu200-fsgd2104-2-e,5,14.07361,102,0,6,3,4,block_8_1,cyclic_4_1,complete_1,unroll_2,unroll_64,unroll_8,unroll_8,unroll_2,1,3.25,0.547504611232,False
workload_3576.cpp,xcu200-fsgd2104-2-e,5,5.45793,469,0,0,1,6,cyclic_128_1,block_128_1,complete_1,pipeline_1,pipeline_1,pipeline_1,pipeline_1,pipeline_1,1,1.75,0.78681619725,False
workload_3649.cpp,xcu200-fsgd2104-2-e,5,16.34561,128,0,0,0,1,cyclic_128_1,block_128_1,complete_1,pipeline_1,pipeline_1,pipeline_1,unroll_16,pipeline_1,1,0.25,0.930016052665,False
workload_3777.cpp,xcu200-fsgd2104-2-e,5,5.45793,543,0,0,1,6,cyclic_128_1,block_128_1,complete_1,pipeline_1,unroll_2,unroll_2,pipeline_1,pipeline_1,1,1.75,0.78681619725,False
workload_3651.cpp,xcu200-fsgd2104-2-e,5,8.130585,434,0,9,5,12,cyclic_128_1,block_128_1,complete_1,unroll_32,unroll_2,pipeline_1,pipeline_1,pipeline_1,1,6.5,0.20753248462,False
workload_3711.cpp,xcu200-fsgd2104-2-e,5,5.45793,497,0,0,1,6,cyclic_128_1,block_128_1,complete_1,unroll_4,pipeline_1,pipeline_1,pipeline_1,pipeline_1,1,1.75,0.78681619725,False
workload_3808.cpp,xcu200-fsgd2104-2-e,5,5.45793,455,0,0,1,6,cyclic_128_1,block_128_1,complete_1,unroll_4,pipeline_1,unroll_8,pipeline_1,pipeline_1,1,1.75,0.78681619725,False
workload_3525.cpp,xcu200-fsgd2104-2-e,5,5.457945,488,0,9,4,12,cyclic_128_1,block_128_1,complete_1,unroll_4,unroll_2,pipeline_1,pipeline_1,pipeline_1,3,6.25,0.225448422183,False
workload_3669.cpp,xcu200-fsgd2104-2-e,5,8.058905,1001,0,8,4,12,cyclic_128_1,block_128_1,complete_1,unroll_4,unroll_2,unroll_64,pipeline_1,unroll_2,1,6,0.244949789433,False
workload_3656.cpp,xcu200-fsgd2104-2-e,5,5.60129,468,0,0,0,6,cyclic_128_1,block_16_1,complete_1,pipeline_1,unroll_2,pipeline_1,pipeline_1,pipeline_1,1,1.5,0.831072568766,False
workload_3706.cpp,xcu200-fsgd2104-2-e,5,8.27393,447,0,6,4,11,cyclic_128_1,block_16_1,complete_1,unroll_16,pipeline_1,pipeline_1,pipeline_1,pipeline_1,1,5.25,0.311520882807,False
workload_3521.cpp,xcu200-fsgd2104-2-e,5,24.509465,85,0,0,0,1,cyclic_128_1,block_16_1,complete_1,unroll_16,pipeline_1,unroll_2,unroll_2,unroll_2,1,0.25,0.866290671519,False
workload_3725.cpp,xcu200-fsgd2104-2-e,5,8.27393,443,0,6,4,11,cyclic_128_1,block_16_1,complete_1,unroll_16,unroll_2,pipeline_1,pipeline_1,pipeline_1,1,5.25,0.311520882807,False
workload_3458.cpp,xcu200-fsgd2104-2-e,5,197.309465,82,0,0,0,1,cyclic_128_1,block_16_1,complete_1,unroll_2,unroll_8,unroll_2,unroll_2,unroll_2,1,0.25,0.1,False
workload_3722.cpp,xcu200-fsgd2104-2-e,5,5.60129,484,0,0,0,6,cyclic_128_1,block_16_1,complete_1,unroll_4,pipeline_1,pipeline_1,pipeline_1,pipeline_1,1,1.5,0.831072568766,False
workload_3759.cpp,xcu200-fsgd2104-2-e,5,5.60129,486,0,0,0,6,cyclic_128_1,block_16_1,complete_1,unroll_4,unroll_2,pipeline_1,pipeline_1,pipeline_1,1,1.5,0.831072568766,False
workload_3646.cpp,xcu200-fsgd2104-2-e,5,8.32513,1928,0,13,9,15,cyclic_128_1,block_32_1,complete_1,pipeline_1,unroll_16,pipeline_1,pipeline_1,pipeline_1,1,9.25,0.101404999903,False
workload_3551.cpp,xcu200-fsgd2104-2-e,5,95.84129,114,0,0,0,3,cyclic_128_1,block_4_1,complete_1,unroll_16,unroll_16,unroll_32,unroll_2,pipeline_1,1,0.75,0.359951834453,False
workload_3828.cpp,xcu200-fsgd2104-2-e,5,5.47841,492,0,0,1,6,cyclic_128_1,block_64_1,complete_1,unroll_4,pipeline_1,pipeline_1,pipeline_1,pipeline_1,1,1.75,0.786829062127,False
workload_3774.cpp,xcu200-fsgd2104-2-e,5,5.47841,504.5,0,0,1,6,cyclic_128_1,block_64_1,complete_1,unroll_4,unroll_2,pipeline_1,pipeline_1,pipeline_1,2,1.75,0.786829062127,False
workload_3764.cpp,xcu200-fsgd2104-2-e,5,5.76513,484,0,0,0,6,cyclic_128_1,block_8_1,complete_1,pipeline_1,pipeline_1,pipeline_1,pipeline_1,pipeline_1,1,1.5,0.831159330751,False
workload_3632.cpp,xcu200-fsgd2104-2-e,5,5.44769,481,0,0,1,6,cyclic_128_1,cyclic_128_1,complete_1,unroll_2,unroll_2,pipeline_1,pipeline_1,pipeline_1,2,1.75,0.786809683215,False
workload_3754.cpp,xcu200-fsgd2104-2-e,5,8.12033,475,0,9,5,12,cyclic_128_1,cyclic_128_1,complete_1,unroll_32,unroll_2,pipeline_1,pipeline_1,pipeline_1,1,6.5,0.207532533497,False
workload_3625.cpp,xcu200-fsgd2104-2-e,5,5.44769,504,0,0,1,6,cyclic_128_1,cyclic_128_1,complete_1,unroll_4,pipeline_1,pipeline_1,pipeline_1,pipeline_1,3,1.75,0.786809683215,False
workload_3748.cpp,xcu200-fsgd2104-2-e,5,5.44769,508,0,0,1,6,cyclic_128_1,cyclic_128_1,complete_1,unroll_4,pipeline_1,unroll_8,pipeline_1,pipeline_1,1,1.75,0.786809683215,False
workload_3715.cpp,xcu200-fsgd2104-2-e,5,5.44769,498,0,0,1,6,cyclic_128_1,cyclic_128_1,complete_1,unroll_8,unroll_2,pipeline_1,pipeline_1,pipeline_1,1,1.75,0.786809683215,False
workload_3502.cpp,xcu200-fsgd2104-2-e,5,100.45489,169,0,0,0,1,cyclic_128_1,cyclic_16_1,complete_1,unroll_16,unroll_2,unroll_2,unroll_64,pipeline_1,1,0.25,0.342858227364,False
workload_3457.cpp,xcu200-fsgd2104-2-e,5,100.42417,167,0,0,0,1,cyclic_128_1,cyclic_16_1,complete_1,unroll_16,unroll_2,unroll_8,unroll_64,pipeline_1,1,0.25,0.343012175012,False
workload_3738.cpp,xcu200-fsgd2104-2-e,5,5.44769,535,0,0,1,6,cyclic_128_1,cyclic_2_1,complete_1,pipeline_1,pipeline_1,pipeline_1,pipeline_1,pipeline_1,1,1.75,0.786809683215,False
workload_3876.cpp,xcu200-fsgd2104-2-e,5,5.44769,522,0,0,1,6,cyclic_128_1,cyclic_2_1,complete_1,pipeline_1,unroll_2,pipeline_1,pipeline_1,pipeline_1,1,1.75,0.786809683215,False
workload_3816.cpp,xcu200-fsgd2104-2-e,5,5.44769,489,0,0,1,6,cyclic_128_1,cyclic_2_1,complete_1,unroll_8,unroll_2,pipeline_1,pipeline_1,pipeline_1,1,1.75,0.786809683215,False
workload_3546.cpp,xcu200-fsgd2104-2-e,5,17.989145,110,0,0,0,1,cyclic_128_1,cyclic_32_1,complete_1,unroll_16,pipeline_1,unroll_32,unroll_4,unroll_2,1,0.25,0.918474853061,False
workload_3471.cpp,xcu200-fsgd2104-2-e,5,38.269465,189.5,0,0,0,1,cyclic_128_1,cyclic_32_1,complete_1,unroll_2,pipeline_1,unroll_4,unroll_4,unroll_2,2,0.25,0.75243991057,False
workload_3793.cpp,xcu200-fsgd2104-2-e,5,18.78145,109,0,0,0,1,cyclic_128_1,cyclic_4_1,complete_1,unroll_4,pipeline_1,pipeline_1,unroll_32,pipeline_1,1,0.25,0.912535176369,False
workload_3770.cpp,xcu200-fsgd2104-2-e,5,16.32385,115,0,0,0,1,cyclic_128_1,cyclic_4_1,complete_1,unroll_64,pipeline_1,pipeline_1,unroll_32,pipeline_1,1,0.25,0.930159748033,False
workload_3839.cpp,xcu200-fsgd2104-2-e,5,5.43745,475,0,0,0,6,cyclic_128_1,cyclic_4_1,complete_1,unroll_8,unroll_2,pipeline_1,pipeline_1,pipeline_1,1,1.5,0.830959732508,False
workload_3789.cpp,xcu200-fsgd2104-2-e,5,5.43745,480,0,0,0,6,cyclic_128_1,cyclic_4_1,complete_1,unroll_8,unroll_2,unroll_8,pipeline_1,pipeline_1,1,1.5,0.830959732508,False
workload_3561.cpp,xcu200-fsgd2104-2-e,5,44.815385,110,0,0,0,1,cyclic_128_1,cyclic_64_1,complete_1,unroll_2,pipeline_1,unroll_2,unroll_2,pipeline_1,1,0.25,0.700442666141,False
workload_3768.cpp,xcu200-fsgd2104-2-e,5,5.44769,484,0,0,1,6,cyclic_128_1,cyclic_64_1,complete_1,unroll_2,unroll_2,pipeline_1,pipeline_1,pipeline_1,1,1.75,0.786809683215,False
workload_3842.cpp,xcu200-fsgd2104-2-e,5,5.44769,477,0,0,0,6,cyclic_128_1,cyclic_8_1,complete_1,pipeline_1,pipeline_1,pipeline_1,pipeline_1,pipeline_1,1,1.5,0.830967549432,False
workload_3848.cpp,xcu200-fsgd2104-2-e,5,5.44769,465,0,0,0,6,cyclic_128_1,cyclic_8_1,complete_1,unroll_2,unroll_2,pipeline_1,pipeline_1,pipeline_1,1,1.5,0.830967549432,False
workload_3603.cpp,xcu200-fsgd2104-2-e,5,5.44769,482,0,0,0,6,cyclic_128_1,cyclic_8_1,complete_1,unroll_4,pipeline_1,pipeline_1,pipeline_1,pipeline_1,5,1.5,0.830967549432,False
workload_3735.cpp,xcu200-fsgd2104-2-e,5,5.44769,529,0,0,1,6,cyclic_128_1,cyclic_8_1,complete_1,unroll_4,pipeline_1,unroll_2,pipeline_1,pipeline_1,1,1.75,0.786809683215,False
workload_3708.cpp,xcu200-fsgd2104-2-e,5,5.44769,487,0,0,0,6,cyclic_128_1,cyclic_8_1,complete_1,unroll_4,pipeline_1,unroll_8,pipeline_1,pipeline_1,2,1.5,0.830967549432,False
workload_3556.cpp,xcu200-fsgd2104-2-e,5,5.44769,481,0,0,0,6,cyclic_128_1,cyclic_8_1,complete_1,unroll_4,unroll_2,pipeline_1,pipeline_1,pipeline_1,4,1.5,0.830967549432,False
workload_3817.cpp,xcu200-fsgd2104-2-e,5,5.44769,491.5,0,0,0.5,6,cyclic_128_1,cyclic_8_1,complete_1,unroll_4,unroll_2,unroll_2,pipeline_1,pipeline_1,2,1.625,0.808728193103,False
workload_3709.cpp,xcu200-fsgd2104-2-e,5,5.44769,487,0,0,0,6,cyclic_128_1,cyclic_8_1,complete_1,unroll_8,pipeline_1,pipeline_1,pipeline_1,pipeline_1,1,1.5,0.830967549432,False
workload_3760.cpp,xcu200-fsgd2104-2-e,5,5.44769,477,0,0,0,6,cyclic_128_1,cyclic_8_1,complete_1,unroll_8,unroll_2,pipeline_1,pipeline_1,pipeline_1,1,1.5,0.830967549432,False
workload_3730.cpp,xcu200-fsgd2104-2-e,5,103.60321,84,0,0,0,1,cyclic_128_1,cyclic_8_1,complete_1,unroll_8,unroll_2,pipeline_1,unroll_2,pipeline_1,1,0.25,0.327338777911,False
workload_3765.cpp,xcu200-fsgd2104-2-e,5,5.45793,475,0,0,1,6,cyclic_16_1,block_128_1,complete_1,unroll_4,unroll_2,unroll_2,pipeline_1,pipeline_1,1,1.75,0.78681619725,False
workload_3961.cpp,xcu200-fsgd2104-2-e,5,11.091225,123,0,0,0,1,cyclic_16_1,block_128_1,complete_1,unroll_64,pipeline_1,pipeline_1,unroll_32,pipeline_1,1,0.25,0.950591140003,False
workload_3703.cpp,xcu200-fsgd2104-2-e,5,8.048665,546,0,8,4,10,cyclic_16_1,block_4_1,complete_1,unroll_8,pipeline_1,unroll_64,pipeline_1,pipeline_1,1,5.5,0.287939874199,False
workload_3803.cpp,xcu200-fsgd2104-2-e,5,5.47841,498,0,0,0,5,cyclic_16_1,block_64_1,complete_1,unroll_4,unroll_2,pipeline_1,pipeline_1,pipeline_1,1,1.25,0.876176506661,False
workload_3493.cpp,xcu200-fsgd2104-2-e,5,98.61217,111,0,0,0,1,cyclic_16_1,cyclic_128_1,complete_1,unroll_8,unroll_2,unroll_2,unroll_32,pipeline_1,1,0.25,0.352178645982,False
workload_3995.cpp,xcu200-fsgd2104-2-e,5,5.44769,484,0,0,0,5,cyclic_16_1,cyclic_2_1,complete_1,pipeline_1,pipeline_1,unroll_2,pipeline_1,pipeline_1,1,1.25,0.876285146882,False
workload_3495.cpp,xcu200-fsgd2104-2-e,5,92.409625,123,0,0,1,6,cyclic_16_1,cyclic_2_1,complete_1,pipeline_1,unroll_64,unroll_64,unroll_8,pipeline_1,1,1.75,0.348885407899,False
workload_3862.cpp,xcu200-fsgd2104-2-e,5,5.44769,502,0,0,0,5,cyclic_16_1,cyclic_2_1,complete_1,unroll_4,unroll_2,pipeline_1,pipeline_1,pipeline_1,1,1.25,0.876285146882,False
workload_3924.cpp,xcu200-fsgd2104-2-e,5,94.59201,65,0,0,0,0,cyclic_16_1,cyclic_2_1,complete_1,unroll_64,unroll_2,pipeline_1,unroll_2,pipeline_1,1,0,0.373975896338,False
workload_3921.cpp,xcu200-fsgd2104-2-e,5,5.44769,509,0,0,0,5,cyclic_16_1,cyclic_2_1,complete_1,unroll_8,unroll_2,unroll_4,pipeline_1,pipeline_1,1,1.25,0.876285146882,False
workload_3973.cpp,xcu200-fsgd2104-2-e,5,5.43745,455,0,0,0,5,cyclic_16_1,cyclic_4_1,complete_1,pipeline_1,pipeline_1,pipeline_1,pipeline_1,pipeline_1,1,1.25,0.876321328111,False
workload_3950.cpp,xcu200-fsgd2104-2-e,5,5.43745,547,0,0,0,5,cyclic_16_1,cyclic_4_1,complete_1,pipeline_1,unroll_2,unroll_8,pipeline_1,pipeline_1,1,1.25,0.876321328111,False
workload_3449.cpp,xcu200-fsgd2104-2-e,5,103.61089,50,0,0,0,0,cyclic_16_1,cyclic_4_1,complete_1,unroll_8,unroll_2,unroll_2,unroll_4,pipeline_1,1,0,0.328007192038,False
workload_3755.cpp,xcu200-fsgd2104-2-e,5,16.68481,57,0,0,0,0,cyclic_16_1,cyclic_8_1,complete_1,pipeline_1,pipeline_1,unroll_64,unroll_8,pipeline_1,1,0,0.946671119958,False
workload_3899.cpp,xcu200-fsgd2104-2-e,5,5.44769,522,0,0,0,5,cyclic_16_1,cyclic_8_1,complete_1,pipeline_1,unroll_2,pipeline_1,pipeline_1,pipeline_1,1,1.25,0.876285146882,False
workload_3934.cpp,xcu200-fsgd2104-2-e,5,5.44769,517,0,0,0,5,cyclic_16_1,cyclic_8_1,complete_1,unroll_8,pipeline_1,unroll_8,pipeline_1,pipeline_1,1,1.25,0.876285146882,False
workload_3891.cpp,xcu200-fsgd2104-2-e,5,5.44769,478,0,0,0,5,cyclic_16_1,cyclic_8_1,complete_1,unroll_8,unroll_2,unroll_2,pipeline_1,pipeline_1,1,1.25,0.876285146882,False
workload_3466.cpp,xcu200-fsgd2104-2-e,5,100.172825,59,0,0,0,1,cyclic_2_1,block_4_1,complete_1,unroll_2,unroll_16,unroll_32,unroll_2,pipeline_1,1,0.25,0.344273569887,False
workload_3503.cpp,xcu200-fsgd2104-2-e,5,94.93089,64,0,0,0,1,cyclic_2_1,block_4_1,complete_1,unroll_2,unroll_16,unroll_32,unroll_32,pipeline_1,1,0.25,0.371321745812,False
workload_3837.cpp,xcu200-fsgd2104-2-e,5,8.08961,500,0,0,0,5,cyclic_2_1,block_64_1,complete_1,unroll_4,pipeline_1,pipeline_1,pipeline_1,pipeline_1,1,1.25,0.866405713127,False
workload_3659.cpp,xcu200-fsgd2104-2-e,5,11.767705,51,0,0,0,0,cyclic_2_1,block_8_1,complete_1,unroll_32,pipeline_1,unroll_8,unroll_16,unroll_2,1,0,0.993377132822,False
workload_3668.cpp,xcu200-fsgd2104-2-e,5,8.058905,518,0,6,3,10,cyclic_2_1,cyclic_128_1,complete_1,unroll_2,pipeline_1,unroll_8,pipeline_1,pipeline_1,1,4.75,0.362869028098,False
workload_3599.cpp,xcu200-fsgd2104-2-e,5,11.424665,89,0,0,0,1,cyclic_2_1,cyclic_128_1,complete_1,unroll_32,pipeline_1,unroll_64,unroll_16,unroll_2,1,0.25,0.950484381224,False
workload_3677.cpp,xcu200-fsgd2104-2-e,5,90.344345,82,0,0,0,3,cyclic_2_1,cyclic_16_1,complete_1,unroll_16,unroll_32,unroll_64,unroll_16,pipeline_1,1,0.75,0.388750773128,False
workload_3480.cpp,xcu200-fsgd2104-2-e,5,96.414745,49,0,0,0,0,cyclic_2_1,cyclic_16_1,complete_1,unroll_16,unroll_4,pipeline_1,unroll_2,pipeline_1,2,0,0.364345398764,False
workload_3678.cpp,xcu200-fsgd2104-2-e,5,13.301785,752,0,0,1,6,cyclic_2_1,cyclic_16_1,complete_1,unroll_32,unroll_32,unroll_64,pipeline_1,unroll_2,1,1.75,0.777205024496,False
workload_3590.cpp,xcu200-fsgd2104-2-e,5,12.028825,66,0,0,0,0,cyclic_2_1,cyclic_16_1,complete_1,unroll_32,unroll_32,unroll_64,unroll_16,unroll_2,1,0,0.990865311445,False
workload_3798.cpp,xcu200-fsgd2104-2-e,5,8.05889,486,0,0,0,5,cyclic_2_1,cyclic_2_1,complete_1,pipeline_1,unroll_2,pipeline_1,pipeline_1,pipeline_1,1,1.25,0.866526892258,False
workload_3701.cpp,xcu200-fsgd2104-2-e,5,90.344345,81,0,0,0,3,cyclic_2_1,cyclic_32_1,complete_1,unroll_16,unroll_32,unroll_64,unroll_16,pipeline_1,1,0.75,0.388750773128,False
workload_3661.cpp,xcu200-fsgd2104-2-e,5,90.01217,72,0,0,0,3,cyclic_2_1,cyclic_32_1,complete_1,unroll_32,unroll_32,pipeline_1,unroll_16,pipeline_1,1,0.75,0.390537230761,False
workload_3474.cpp,xcu200-fsgd2104-2-e,5,12.028825,69,0,0,0,1,cyclic_2_1,cyclic_32_1,complete_1,unroll_32,unroll_32,unroll_64,unroll_16,unroll_2,1,0.25,0.949784497065,False
workload_3532.cpp,xcu200-fsgd2104-2-e,5,116.737945,59,0,0,0,0,cyclic_2_1,cyclic_32_1,complete_1,unroll_32,unroll_8,unroll_16,unroll_16,unroll_2,1,0,0.268637685748,False
workload_3475.cpp,xcu200-fsgd2104-2-e,5,95.18145,55,0,0,0,1,cyclic_2_1,cyclic_4_1,complete_1,pipeline_1,unroll_8,pipeline_1,unroll_64,pipeline_1,1,0.25,0.36999669351,False
workload_3518.cpp,xcu200-fsgd2104-2-e,5,95.3456175,52,0,0,0,0,cyclic_2_1,cyclic_4_1,complete_1,pipeline_1,unroll_8,unroll_2,unroll_32,pipeline_1,2,0,0.369973286795,False
workload_3620.cpp,xcu200-fsgd2104-2-e,5,13.708185,54,0,0,0,0,cyclic_2_1,cyclic_4_1,complete_1,unroll_4,pipeline_1,unroll_64,unroll_16,unroll_2,1,0,0.974795354306,False
workload_3740.cpp,xcu200-fsgd2104-2-e,5,10.670105,574,0,3,2,7,cyclic_2_1,cyclic_8_1,complete_1,pipeline_1,pipeline_1,unroll_64,pipeline_1,pipeline_1,1,3,0.58558924338,False
workload_3753.cpp,xcu200-fsgd2104-2-e,5,16.674585,58,0,0,0,0,cyclic_2_1,cyclic_8_1,complete_1,unroll_2,pipeline_1,unroll_64,unroll_8,pipeline_1,1,0,0.946766942958,False
workload_3782.cpp,xcu200-fsgd2104-2-e,5,11.420185,53,0,0,0,0,cyclic_2_1,cyclic_8_1,complete_1,unroll_32,pipeline_1,pipeline_1,unroll_16,unroll_2,1,0,0.99672555628,False
workload_3752.cpp,xcu200-fsgd2104-2-e,5,10.731545,627,0,0,0,6,cyclic_2_1,cyclic_8_1,complete_1,unroll_32,pipeline_1,unroll_64,pipeline_1,pipeline_1,1,1.5,0.823462190335,False
workload_3611.cpp,xcu200-fsgd2104-2-e,5,11.424665,57,0,0,0,0,cyclic_2_1,cyclic_8_1,complete_1,unroll_32,pipeline_1,unroll_64,unroll_16,unroll_2,1,0,0.996682350749,False
workload_3689.cpp,xcu200-fsgd2104-2-e,5,11.759385,59,0,0,0,0,cyclic_2_1,cyclic_8_1,complete_1,unroll_32,pipeline_1,unroll_64,unroll_8,pipeline_1,1,0,0.993457224476,False
workload_3739.cpp,xcu200-fsgd2104-2-e,5,5.45793,468.5,0,0,1,6,cyclic_32_1,block_128_1,complete_1,unroll_4,unroll_2,pipeline_1,pipeline_1,pipeline_1,2,1.75,0.78681619725,False
workload_3744.cpp,xcu200-fsgd2104-2-e,5,5.60129,497,0,0,0,5,cyclic_32_1,block_16_1,complete_1,pipeline_1,pipeline_1,unroll_8,pipeline_1,pipeline_1,1,1.25,0.875740496351,False
workload_3681.cpp,xcu200-fsgd2104-2-e,5,103.603225,59,0,0,0,0,cyclic_32_1,block_16_1,complete_1,pipeline_1,unroll_2,pipeline_1,unroll_2,pipeline_1,1,0,0.32804446904,False
workload_3769.cpp,xcu200-fsgd2104-2-e,5,18.79169,88,0,0,0,0,cyclic_32_1,block_64_1,complete_1,unroll_4,pipeline_1,pipeline_1,unroll_32,pipeline_1,1,0,0.927042278394,False
workload_3644.cpp,xcu200-fsgd2104-2-e,5,5.7651375,475.5,0,5.5,1.5,7.5,cyclic_32_1,block_8_1,complete_1,pipeline_1,unroll_2,pipeline_1,pipeline_1,pipeline_1,2,3.625,0.498543929699,False
workload_3743.cpp,xcu200-fsgd2104-2-e,5,11.091225,70,0,0,0,0,cyclic_32_1,block_8_1,complete_1,unroll_64,pipeline_1,pipeline_1,unroll_32,pipeline_1,1,0,0.999900920968,False
workload_3713.cpp,xcu200-fsgd2104-2-e,5,11.769625,79,0,0,0,1,cyclic_32_1,block_8_1,complete_1,unroll_64,pipeline_1,unroll_64,unroll_8,pipeline_1,1,0.25,0.950163691069,False
workload_3746.cpp,xcu200-fsgd2104-2-e,5,5.44769,493,0,0,1,6,cyclic_32_1,cyclic_128_1,complete_1,pipeline_1,unroll_2,pipeline_1,pipeline_1,pipeline_1,1,1.75,0.786809683215,False
workload_3666.cpp,xcu200-fsgd2104-2-e,5,5.44769,455,0,0,1,6,cyclic_32_1,cyclic_128_1,complete_1,unroll_2,unroll_2,pipeline_1,pipeline_1,pipeline_1,1,1.75,0.786809683215,False
workload_3728.cpp,xcu200-fsgd2104-2-e,5,5.44769,439,0,0,1,6,cyclic_32_1,cyclic_128_1,complete_1,unroll_4,unroll_2,pipeline_1,pipeline_1,pipeline_1,1,1.75,0.786809683215,False
workload_3650.cpp,xcu200-fsgd2104-2-e,5,16.180505,56,0,0,0,0,cyclic_32_1,cyclic_2_1,complete_1,pipeline_1,pipeline_1,pipeline_1,unroll_32,pipeline_1,1,0,0.951403646367,False
workload_3575.cpp,xcu200-fsgd2104-2-e,5,5.44769,489,0,0,0,5,cyclic_32_1,cyclic_2_1,complete_1,pipeline_1,unroll_2,pipeline_1,pipeline_1,pipeline_1,3,1.25,0.876285146882,False
workload_3612.cpp,xcu200-fsgd2104-2-e,5,94.60865,57,0,0,0,0,cyclic_32_1,cyclic_2_1,complete_1,pipeline_1,unroll_2,pipeline_1,unroll_32,pipeline_1,1,0,0.373887198888,False
workload_3720.cpp,xcu200-fsgd2104-2-e,5,5.44769,476,0,0,0,5,cyclic_32_1,cyclic_2_1,complete_1,pipeline_1,unroll_2,unroll_2,pipeline_1,pipeline_1,3,1.25,0.876285146882,False
workload_3467.cpp,xcu200-fsgd2104-2-e,5,96.739865,158,0,0,1,7,cyclic_32_1,cyclic_2_1,complete_1,pipeline_1,unroll_64,unroll_64,unroll_4,pipeline_1,1,2,0.321379155549,False
workload_3737.cpp,xcu200-fsgd2104-2-e,5,94.77249,59,0,0,0,0,cyclic_32_1,cyclic_2_1,complete_1,unroll_32,unroll_2,pipeline_1,unroll_8,pipeline_1,1,0,0.373014636917,False
workload_3883.cpp,xcu200-fsgd2104-2-e,5,5.44769,533,0,0,0,5,cyclic_32_1,cyclic_2_1,complete_1,unroll_4,unroll_2,unroll_2,pipeline_1,pipeline_1,1,1.25,0.876285146882,False
workload_3904.cpp,xcu200-fsgd2104-2-e,5,11.0912175,67,0,0,0,0,cyclic_32_1,cyclic_2_1,complete_1,unroll_64,pipeline_1,pipeline_1,unroll_32,pipeline_1,2,0,0.999900993428,False
workload_3454.cpp,xcu200-fsgd2104-2-e,5,16.17025,58,0,0,0,0,cyclic_32_1,cyclic_4_1,complete_1,pipeline_1,pipeline_1,pipeline_1,unroll_32,pipeline_1,3,0,0.951500018727,False
workload_3553.cpp,xcu200-fsgd2104-2-e,5,16.17025,57,0,0,0,0,cyclic_32_1,cyclic_4_1,complete_1,pipeline_1,pipeline_1,pipeline_1,unroll_32,unroll_2,1,0,0.951500018727,False
workload_3936.cpp,xcu200-fsgd2104-2-e,5,16.25185,65,0,0,0,0,cyclic_32_1,cyclic_4_1,complete_1,pipeline_1,pipeline_1,unroll_2,unroll_32,pipeline_1,1,0,0.950733325752,False
workload_3854.cpp,xcu200-fsgd2104-2-e,5,5.43745,491,0,0,0,5,cyclic_32_1,cyclic_4_1,complete_1,pipeline_1,unroll_2,unroll_2,pipeline_1,pipeline_1,1,1.25,0.876321328111,False
workload_3608.cpp,xcu200-fsgd2104-2-e,5,10.362905,3410,0,1,3,7,cyclic_32_1,cyclic_4_1,complete_1,pipeline_1,unroll_8,pipeline_1,pipeline_1,pipeline_1,1,2.75,0.623034204379,False
workload_3881.cpp,xcu200-fsgd2104-2-e,5,11.244825,67,0,0,0,0,cyclic_32_1,cyclic_4_1,complete_1,unroll_32,pipeline_1,pipeline_1,unroll_32,pipeline_1,1,0,0.998417561963,False
workload_3945.cpp,xcu200-fsgd2104-2-e,5,89.683225,73,0,0,0,0,cyclic_32_1,cyclic_4_1,complete_1,unroll_32,unroll_2,pipeline_1,unroll_32,pipeline_1,1,0,0.400768511776,False
workload_3802.cpp,xcu200-fsgd2104-2-e,5,5.43745,478,0,0,0,5,cyclic_32_1,cyclic_4_1,complete_1,unroll_4,pipeline_1,pipeline_1,pipeline_1,pipeline_1,3,1.25,0.876321328111,False
workload_3982.cpp,xcu200-fsgd2104-2-e,5,34.32961,55,0,0,0,0,cyclic_32_1,cyclic_4_1,complete_1,unroll_4,pipeline_1,pipeline_1,unroll_2,pipeline_1,1,0,0.789391793631,False
workload_3882.cpp,xcu200-fsgd2104-2-e,5,18.78145,69,0,0,0,0,cyclic_32_1,cyclic_4_1,complete_1,unroll_4,pipeline_1,pipeline_1,unroll_32,pipeline_1,1,0,0.92713712309,False
workload_3963.cpp,xcu200-fsgd2104-2-e,5,5.43745,470,0,0,0,5,cyclic_32_1,cyclic_4_1,complete_1,unroll_4,unroll_2,pipeline_1,pipeline_1,pipeline_1,1,1.25,0.876321328111,False
workload_3988.cpp,xcu200-fsgd2104-2-e,5,112.76801,54,0,0,0,0,cyclic_32_1,cyclic_4_1,complete_1,unroll_4,unroll_2,pipeline_1,unroll_2,pipeline_1,1,0,0.285649780869,False
workload_3626.cpp,xcu200-fsgd2104-2-e,5,8.75521,412,0,1,0,7,cyclic_32_1,cyclic_4_1,complete_1,unroll_64,pipeline_1,pipeline_1,pipeline_1,pipeline_1,3,2,0.743807006208,False
workload_3600.cpp,xcu200-fsgd2104-2-e,5,11.08097,70,0,0,0,0,cyclic_32_1,cyclic_4_1,complete_1,unroll_64,pipeline_1,pipeline_1,unroll_32,pipeline_1,5,0,1,True
workload_3960.cpp,xcu200-fsgd2104-2-e,5,89.51937,75,0,0,0,0,cyclic_32_1,cyclic_4_1,complete_1,unroll_64,unroll_2,pipeline_1,unroll_32,pipeline_1,1,0,0.401684400931,False
workload_3984.cpp,xcu200-fsgd2104-2-e,5,17.47073,58,0,0,0,0,cyclic_32_1,cyclic_4_1,complete_1,unroll_8,pipeline_1,pipeline_1,unroll_32,pipeline_1,1,0,0.939322140792,False
workload_3888.cpp,xcu200-fsgd2104-2-e,5,95.90913,65,0,0,0,0,cyclic_32_1,cyclic_4_1,complete_1,unroll_8,unroll_2,pipeline_1,unroll_32,pipeline_1,1,0,0.366999568362,False
workload_3820.cpp,xcu200-fsgd2104-2-e,5,5.44769,494,0,0,0,5,cyclic_32_1,cyclic_8_1,complete_1,pipeline_1,unroll_2,pipeline_1,pipeline_1,pipeline_1,3,1.25,0.876285146882,False
workload_3977.cpp,xcu200-fsgd2104-2-e,5,5.44769,462,0,0,0,5,cyclic_32_1,cyclic_8_1,complete_1,pipeline_1,unroll_4,unroll_2,pipeline_1,pipeline_1,1,1.25,0.876285146882,False
workload_3794.cpp,xcu200-fsgd2104-2-e,5,11.424665,65,0,0,0,0,cyclic_32_1,cyclic_8_1,complete_1,unroll_32,pipeline_1,unroll_64,unroll_16,unroll_2,1,0,0.996682350749,False
workload_3790.cpp,xcu200-fsgd2104-2-e,5,5.44769,482.5,0,0,0,5,cyclic_32_1,cyclic_8_1,complete_1,unroll_4,unroll_2,pipeline_1,pipeline_1,pipeline_1,2,1.25,0.876285146882,False
workload_3787.cpp,xcu200-fsgd2104-2-e,5,8.43777,414,0,3,1,8,cyclic_32_1,cyclic_8_1,complete_1,unroll_64,pipeline_1,pipeline_1,pipeline_1,pipeline_1,1,3,0.5862895212,False
workload_3867.cpp,xcu200-fsgd2104-2-e,5,8.437785,464,0,6,3,10,cyclic_32_1,cyclic_8_1,complete_1,unroll_64,unroll_2,pipeline_1,pipeline_1,pipeline_1,1,4.75,0.362859046058,False
workload_3630.cpp,xcu200-fsgd2104-2-e,5,14.10561,62,0,0,0,0,cyclic_4_1,block_16_1,complete_1,unroll_16,pipeline_1,unroll_32,unroll_2,pipeline_1,1,0,0.971013758602,False
workload_3586.cpp,xcu200-fsgd2104-2-e,5,12.746265,64,0,0,0,0,cyclic_4_1,block_16_1,complete_1,unroll_16,pipeline_1,unroll_32,unroll_4,pipeline_1,1,0,0.983982163912,False
workload_3478.cpp,xcu200-fsgd2104-2-e,5,88.661785,99,0,0,0,6,cyclic_4_1,block_2_1,complete_1,unroll_32,unroll_64,unroll_4,unroll_8,pipeline_1,1,1.5,0.374076870733,False
workload_3544.cpp,xcu200-fsgd2104-2-e,5,88.006425,101,0,0,0,6,cyclic_4_1,block_2_1,complete_1,unroll_32,unroll_64,unroll_8,unroll_8,pipeline_1,1,1.5,0.377451508413,False
workload_3490.cpp,xcu200-fsgd2104-2-e,5,97.875225,52,0,0,0,0,cyclic_4_1,block_4_1,complete_1,unroll_2,unroll_8,pipeline_1,unroll_32,pipeline_1,1,0,0.356753230154,False
workload_3762.cpp,xcu200-fsgd2104-2-e,5,5.47841,475,0,0,0,5,cyclic_4_1,block_64_1,complete_1,unroll_4,pipeline_1,pipeline_1,pipeline_1,pipeline_1,1,1.25,0.876176506661,False
workload_3796.cpp,xcu200-fsgd2104-2-e,5,11.09121,79,0,0,0,0,cyclic_4_1,block_64_1,complete_1,unroll_64,pipeline_1,pipeline_1,unroll_32,pipeline_1,1,0,0.999901065887,False
workload_3783.cpp,xcu200-fsgd2104-2-e,5,8.437785,402,0,0,0,6,cyclic_4_1,block_8_1,complete_1,unroll_64,pipeline_1,pipeline_1,pipeline_1,pipeline_1,1,1.5,0.829154425995,False
workload_3809.cpp,xcu200-fsgd2104-2-e,5,5.44769,469,0,0,0,5,cyclic_4_1,cyclic_16_1,complete_1,unroll_4,pipeline_1,pipeline_1,pipeline_1,pipeline_1,1,1.25,0.876285146882,False
workload_3914.cpp,xcu200-fsgd2104-2-e,5,5.44769,511,0,0,0,5,cyclic_4_1,cyclic_2_1,complete_1,pipeline_1,unroll_2,pipeline_1,pipeline_1,pipeline_1,1,1.25,0.876285146882,False
workload_3906.cpp,xcu200-fsgd2104-2-e,5,5.44769,573,0,0,0,5,cyclic_4_1,cyclic_2_1,complete_1,unroll_4,unroll_2,pipeline_1,pipeline_1,pipeline_1,1,1.25,0.876285146882,False
workload_3902.cpp,xcu200-fsgd2104-2-e,5,5.43745,572,0,0,0,5,cyclic_4_1,cyclic_4_1,complete_1,unroll_4,pipeline_1,pipeline_1,pipeline_1,pipeline_1,1,1.25,0.876321328111,False
workload_3801.cpp,xcu200-fsgd2104-2-e,5,5.44769,458.5,0,0,0,5,cyclic_4_1,cyclic_8_1,complete_1,unroll_4,pipeline_1,pipeline_1,pipeline_1,pipeline_1,2,1.25,0.876285146882,False
workload_3838.cpp,xcu200-fsgd2104-2-e,5,5.45793,491,0,0,1,6,cyclic_64_1,block_128_1,complete_1,pipeline_1,pipeline_1,pipeline_1,pipeline_1,pipeline_1,1,1.75,0.78681619725,False
workload_3786.cpp,xcu200-fsgd2104-2-e,5,5.45793,487,0,0,1,6,cyclic_64_1,block_128_1,complete_1,unroll_2,pipeline_1,pipeline_1,pipeline_1,pipeline_1,1,1.75,0.78681619725,False
workload_3517.cpp,xcu200-fsgd2104-2-e,5,16.09793,98,0,0,0,0,cyclic_64_1,block_16_1,complete_1,pipeline_1,pipeline_1,pipeline_1,unroll_64,pipeline_1,1,0,0.952179807815,False
workload_3455.cpp,xcu200-fsgd2104-2-e,5,16.262105,81,0,0,0,0,cyclic_64_1,block_16_1,complete_1,pipeline_1,pipeline_1,unroll_2,unroll_32,pipeline_1,1,0,0.95063699679,False
workload_3513.cpp,xcu200-fsgd2104-2-e,5,16.200665,78,0,0,0,0,cyclic_64_1,block_16_1,complete_1,pipeline_1,pipeline_1,unroll_8,unroll_32,pipeline_1,1,0,0.951214206706,False
workload_3541.cpp,xcu200-fsgd2104-2-e,5,16.200665,81,0,0,0,0,cyclic_64_1,block_16_1,complete_1,pipeline_1,pipeline_1,unroll_8,unroll_32,unroll_2,1,0,0.951214206706,False
workload_3767.cpp,xcu200-fsgd2104-2-e,5,5.60129,474,0,0,0,5,cyclic_64_1,block_16_1,complete_1,pipeline_1,unroll_2,pipeline_1,pipeline_1,pipeline_1,1,1.25,0.875740496351,False
workload_3555.cpp,xcu200-fsgd2104-2-e,5,21.34065,100,0,0,0,0,cyclic_64_1,block_16_1,complete_1,unroll_2,pipeline_1,unroll_8,unroll_64,pipeline_1,1,0,0.903602512189,False
workload_3547.cpp,xcu200-fsgd2104-2-e,5,16.175065,74,0,0,0,0,cyclic_64_1,block_4_1,complete_1,pipeline_1,pipeline_1,unroll_32,unroll_32,pipeline_1,1,0,0.951454768617,False
workload_3601.cpp,xcu200-fsgd2104-2-e,5,6.08257,475,0,0,0,5,cyclic_64_1,block_4_1,complete_1,pipeline_1,pipeline_1,unroll_8,pipeline_1,pipeline_1,1,1.25,0.874010378745,False
workload_3710.cpp,xcu200-fsgd2104-2-e,5,16.74625,61,0,0,0,0,cyclic_64_1,block_4_1,complete_1,pipeline_1,pipeline_1,unroll_8,unroll_8,pipeline_1,1,0,0.946095452701,False
workload_3671.cpp,xcu200-fsgd2104-2-e,5,8.75521,408,0,2,1,7,cyclic_64_1,block_4_1,complete_1,unroll_64,pipeline_1,unroll_8,pipeline_1,pipeline_1,1,2.5,0.662420571244,False
workload_3723.cpp,xcu200-fsgd2104-2-e,5,5.47841,484,0,0,1,5,cyclic_64_1,block_64_1,complete_1,unroll_4,pipeline_1,pipeline_1,pipeline_1,pipeline_1,1,1.5,0.830990388417,False
workload_3581.cpp,xcu200-fsgd2104-2-e,5,5.76513,456,0,0,0,5,cyclic_64_1,block_8_1,complete_1,pipeline_1,pipeline_1,pipeline_1,pipeline_1,pipeline_1,2,1.25,0.875155535115,False
workload_3712.cpp,xcu200-fsgd2104-2-e,5,5.76513,489,0,0,0,5,cyclic_64_1,block_8_1,complete_1,pipeline_1,unroll_2,pipeline_1,pipeline_1,pipeline_1,1,1.25,0.875155535115,False
workload_3560.cpp,xcu200-fsgd2104-2-e,5,179.654425,69,0,0,0,0,cyclic_64_1,block_8_1,complete_1,unroll_2,unroll_8,unroll_32,unroll_8,unroll_2,1,0,0.108148835998,False
workload_3719.cpp,xcu200-fsgd2104-2-e,5,5.76513,502.5,0,0,0,5,cyclic_64_1,block_8_1,complete_1,unroll_4,pipeline_1,pipeline_1,pipeline_1,pipeline_1,2,1.25,0.875155535115,False
workload_3732.cpp,xcu200-fsgd2104-2-e,5,5.76513,475,0,0,0,5,cyclic_64_1,block_8_1,complete_1,unroll_8,pipeline_1,pipeline_1,pipeline_1,pipeline_1,1,1.25,0.875155535115,False
workload_3702.cpp,xcu200-fsgd2104-2-e,5,5.44769,505,0,0,1,6,cyclic_64_1,cyclic_128_1,complete_1,pipeline_1,pipeline_1,pipeline_1,pipeline_1,pipeline_1,3,1.75,0.786809683215,False
workload_3773.cpp,xcu200-fsgd2104-2-e,5,5.44769,492,0,0,1,6,cyclic_64_1,cyclic_128_1,complete_1,pipeline_1,unroll_2,pipeline_1,pipeline_1,pipeline_1,1,1.75,0.786809683215,False
workload_3698.cpp,xcu200-fsgd2104-2-e,5,5.44769,506,0,0,1,6,cyclic_64_1,cyclic_128_1,complete_1,unroll_8,pipeline_1,pipeline_1,pipeline_1,pipeline_1,1,1.75,0.786809683215,False
workload_3682.cpp,xcu200-fsgd2104-2-e,5,5.44769,496,0,0,1,6,cyclic_64_1,cyclic_128_1,complete_1,unroll_8,unroll_2,pipeline_1,pipeline_1,pipeline_1,1,1.75,0.786809683215,False
workload_3836.cpp,xcu200-fsgd2104-2-e,5,5.44769,486.5,0,0,0,5,cyclic_64_1,cyclic_16_1,complete_1,unroll_8,unroll_2,pipeline_1,pipeline_1,pipeline_1,2,1.25,0.876285146882,False
workload_3696.cpp,xcu200-fsgd2104-2-e,5,5.44769,473.5,0,0,0,5,cyclic_64_1,cyclic_2_1,complete_1,pipeline_1,pipeline_1,pipeline_1,pipeline_1,pipeline_1,2,1.25,0.876285146882,False
workload_3875.cpp,xcu200-fsgd2104-2-e,5,5.44769,542.5,0,0,0,5,cyclic_64_1,cyclic_2_1,complete_1,pipeline_1,unroll_2,pipeline_1,pipeline_1,pipeline_1,2,1.25,0.876285146882,False
workload_3791.cpp,xcu200-fsgd2104-2-e,5,5.4476975,493,0,4.5,2,8.5,cyclic_64_1,cyclic_2_1,complete_1,pipeline_1,unroll_2,unroll_2,pipeline_1,pipeline_1,2,3.75,0.481999788505,False
workload_3814.cpp,xcu200-fsgd2104-2-e,5,5.44769,485,0,0,0,5,cyclic_64_1,cyclic_2_1,complete_1,unroll_2,pipeline_1,pipeline_1,pipeline_1,pipeline_1,1,1.25,0.876285146882,False
workload_3826.cpp,xcu200-fsgd2104-2-e,5,5.44769,495,0,0,0,5,cyclic_64_1,cyclic_2_1,complete_1,unroll_4,pipeline_1,pipeline_1,pipeline_1,pipeline_1,3,1.25,0.876285146882,False
workload_3731.cpp,xcu200-fsgd2104-2-e,5,5.44769,475,0,0,0,5,cyclic_64_1,cyclic_2_1,complete_1,unroll_4,unroll_2,pipeline_1,pipeline_1,pipeline_1,2,1.25,0.876285146882,False
workload_3805.cpp,xcu200-fsgd2104-2-e,5,5.44769,489,0,0,0,5,cyclic_64_1,cyclic_2_1,complete_1,unroll_4,unroll_2,unroll_2,pipeline_1,pipeline_1,1,1.25,0.876285146882,False
workload_3780.cpp,xcu200-fsgd2104-2-e,5,8.05889,562,0,0,1,6,cyclic_64_1,cyclic_2_1,complete_1,unroll_4,unroll_2,unroll_64,pipeline_1,pipeline_1,1,1.75,0.786726410499,False
workload_3846.cpp,xcu200-fsgd2104-2-e,5,5.44769,469,0,0,0,5,cyclic_64_1,cyclic_2_1,complete_1,unroll_8,unroll_2,pipeline_1,pipeline_1,pipeline_1,1,1.25,0.876285146882,False
workload_3894.cpp,xcu200-fsgd2104-2-e,5,5.44769,490,0,0,0,6,cyclic_64_1,cyclic_2_1,complete_1,unroll_8,unroll_2,unroll_2,pipeline_1,pipeline_1,1,1.5,0.830967549432,False
workload_3643.cpp,xcu200-fsgd2104-2-e,5,8.222745,1554,0,13,7,14,cyclic_64_1,cyclic_32_1,complete_1,unroll_2,unroll_16,pipeline_1,pipeline_1,pipeline_1,1,8.5,0.113618376902,False
workload_3567.cpp,xcu200-fsgd2104-2-e,5,8.222745,1150,0,13,7,14,cyclic_64_1,cyclic_32_1,complete_1,unroll_64,unroll_16,unroll_4,pipeline_1,pipeline_1,1,8.5,0.113618376902,False
workload_3741.cpp,xcu200-fsgd2104-2-e,5,5.43745,516,0,0,0,5,cyclic_64_1,cyclic_4_1,complete_1,pipeline_1,pipeline_1,pipeline_1,pipeline_1,pipeline_1,8,1.25,0.876321328111,False
workload_3811.cpp,xcu200-fsgd2104-2-e,5,5.43745,544,0,0,0,5,cyclic_64_1,cyclic_4_1,complete_1,pipeline_1,unroll_2,pipeline_1,pipeline_1,pipeline_1,2,1.25,0.876321328111,False
workload_3778.cpp,xcu200-fsgd2104-2-e,5,102.29249,61,0,0,0,1,cyclic_64_1,cyclic_4_1,complete_1,pipeline_1,unroll_2,pipeline_1,unroll_2,pipeline_1,1,0.25,0.333737848235,False
workload_3572.cpp,xcu200-fsgd2104-2-e,5,97.23009,71,0,0,0,0,cyclic_64_1,cyclic_4_1,complete_1,pipeline_1,unroll_2,pipeline_1,unroll_32,pipeline_1,1,0,0.360093264356,False
workload_3962.cpp,xcu200-fsgd2104-2-e,5,36.95105,68,0,0,0,0,cyclic_64_1,cyclic_4_1,complete_1,unroll_2,pipeline_1,pipeline_1,unroll_2,pipeline_1,1,0,0.767402842673,False
workload_3851.cpp,xcu200-fsgd2104-2-e,5,5.43745,549,0,0,0,5,cyclic_64_1,cyclic_4_1,complete_1,unroll_4,pipeline_1,pipeline_1,pipeline_1,pipeline_1,3,1.25,0.876321328111,False
workload_3584.cpp,xcu200-fsgd2104-2-e,5,99.84129,73,0,0,0,0,cyclic_64_1,cyclic_4_1,complete_1,unroll_4,unroll_2,pipeline_1,unroll_32,pipeline_1,1,0,0.346707515174,False
workload_3900.cpp,xcu200-fsgd2104-2-e,5,8.75521,519,0,1,0,7,cyclic_64_1,cyclic_4_1,complete_1,unroll_64,pipeline_1,pipeline_1,pipeline_1,pipeline_1,1,2,0.743807006208,False
workload_3872.cpp,xcu200-fsgd2104-2-e,5,92.30593,73,0,0,0,0,cyclic_64_1,cyclic_4_1,complete_1,unroll_64,unroll_2,pipeline_1,unroll_16,pipeline_1,1,0,0.386298065611,False
workload_3909.cpp,xcu200-fsgd2104-2-e,5,5.43745,478,0,0,0,5,cyclic_64_1,cyclic_4_1,complete_1,unroll_8,pipeline_1,pipeline_1,pipeline_1,pipeline_1,3,1.25,0.876321328111,False
workload_3849.cpp,xcu200-fsgd2104-2-e,5,17.47073,79,0,0,0,0,cyclic_64_1,cyclic_4_1,complete_1,unroll_8,pipeline_1,pipeline_1,unroll_32,pipeline_1,1,0,0.939322140792,False
workload_3830.cpp,xcu200-fsgd2104-2-e,5,5.43745,508,0,0,0,5,cyclic_64_1,cyclic_4_1,complete_1,unroll_8,unroll_2,pipeline_1,pipeline_1,pipeline_1,3,1.25,0.876321328111,False
workload_3957.cpp,xcu200-fsgd2104-2-e,5,5.43745,573,0,0,0,5,cyclic_64_1,cyclic_4_1,complete_1,unroll_8,unroll_4,pipeline_1,pipeline_1,pipeline_1,1,1.25,0.876321328111,False
workload_3812.cpp,xcu200-fsgd2104-2-e,5,5.44769,484,0,0,0,5,cyclic_64_1,cyclic_8_1,complete_1,pipeline_1,pipeline_1,pipeline_1,pipeline_1,pipeline_1,1,1.25,0.876285146882,False
workload_3840.cpp,xcu200-fsgd2104-2-e,5,5.44769,490,0,0,0,5,cyclic_64_1,cyclic_8_1,complete_1,pipeline_1,unroll_2,pipeline_1,pipeline_1,pipeline_1,2,1.25,0.876285146882,False
workload_3930.cpp,xcu200-fsgd2104-2-e,5,5.44769,563,0,0,0,5,cyclic_64_1,cyclic_8_1,complete_1,unroll_2,unroll_2,pipeline_1,pipeline_1,pipeline_1,1,1.25,0.876285146882,False
workload_3700.cpp,xcu200-fsgd2104-2-e,5,5.44769,478,0,0,0,5,cyclic_64_1,cyclic_8_1,complete_1,unroll_4,pipeline_1,pipeline_1,pipeline_1,pipeline_1,5,1.25,0.876285146882,False
workload_3742.cpp,xcu200-fsgd2104-2-e,5,34.33985,65.5,0,0,0,0,cyclic_64_1,cyclic_8_1,complete_1,unroll_4,pipeline_1,pipeline_1,unroll_2,pipeline_1,2,0,0.78930520594,False
workload_3695.cpp,xcu200-fsgd2104-2-e,5,5.44769,496,0,0,0,5,cyclic_64_1,cyclic_8_1,complete_1,unroll_4,unroll_2,pipeline_1,pipeline_1,pipeline_1,2,1.25,0.876285146882,False
workload_3821.cpp,xcu200-fsgd2104-2-e,5,5.44769,493,0,0,0,5,cyclic_64_1,cyclic_8_1,complete_1,unroll_4,unroll_2,unroll_2,pipeline_1,pipeline_1,2,1.25,0.876285146882,False
workload_3771.cpp,xcu200-fsgd2104-2-e,5,5.44769,461,0,0,0,5,cyclic_64_1,cyclic_8_1,complete_1,unroll_8,pipeline_1,pipeline_1,pipeline_1,pipeline_1,3,1.25,0.876285146882,False
workload_3615.cpp,xcu200-fsgd2104-2-e,5,5.44769,474.5,0,0,0,5,cyclic_64_1,cyclic_8_1,complete_1,unroll_8,unroll_2,pipeline_1,pipeline_1,pipeline_1,4,1.25,0.876285146882,False
workload_3729.cpp,xcu200-fsgd2104-2-e,5,177.33889,63,0,0,0,0,cyclic_64_1,cyclic_8_1,complete_1,unroll_8,unroll_2,pipeline_1,unroll_16,unroll_2,1,0,0.1104166737,False
workload_3818.cpp,xcu200-fsgd2104-2-e,5,5.44769,502,0,0,1,6,cyclic_8_1,block_128_1,complete_1,pipeline_1,pipeline_1,pipeline_1,pipeline_1,pipeline_1,1,1.75,0.786809683215,False
workload_3971.cpp,xcu200-fsgd2104-2-e,5,5.44769,498,0,0,1,6,cyclic_8_1,block_128_1,complete_1,pipeline_1,pipeline_1,unroll_2,pipeline_1,pipeline_1,1,1.75,0.786809683215,False
workload_3726.cpp,xcu200-fsgd2104-2-e,5,5.44769,488,0,0,1,6,cyclic_8_1,block_128_1,complete_1,unroll_2,unroll_2,pipeline_1,pipeline_1,pipeline_1,3,1.75,0.786809683215,False
workload_3763.cpp,xcu200-fsgd2104-2-e,5,5.44769,484,0,0,1,6,cyclic_8_1,block_128_1,complete_1,unroll_4,pipeline_1,pipeline_1,pipeline_1,pipeline_1,1,1.75,0.786809683215,False
workload_3653.cpp,xcu200-fsgd2104-2-e,5,5.44769,473.5,0,0,1,6,cyclic_8_1,block_128_1,complete_1,unroll_4,unroll_2,pipeline_1,pipeline_1,pipeline_1,2,1.75,0.786809683215,False
workload_3734.cpp,xcu200-fsgd2104-2-e,5,5.44769,529,0,0,1,6,cyclic_8_1,block_128_1,complete_1,unroll_4,unroll_2,unroll_2,pipeline_1,pipeline_1,1,1.75,0.786809683215,False
workload_3591.cpp,xcu200-fsgd2104-2-e,5,98.524185,83,0,0,0,1,cyclic_8_1,block_128_1,complete_1,unroll_64,unroll_2,pipeline_1,unroll_2,pipeline_1,1,0.25,0.352628044112,False
workload_3691.cpp,xcu200-fsgd2104-2-e,5,92.638745,114,0,0,1,5,cyclic_8_1,block_128_1,complete_1,unroll_64,unroll_2,unroll_64,unroll_8,pipeline_1,1,1.5,0.35419145245,False
workload_3797.cpp,xcu200-fsgd2104-2-e,5,5.59105,462,0,0,0,5,cyclic_8_1,block_16_1,complete_1,pipeline_1,pipeline_1,pipeline_1,pipeline_1,pipeline_1,1,1.25,0.875776919194,False
workload_3727.cpp,xcu200-fsgd2104-2-e,5,5.59105,457,0,0,0,5,cyclic_8_1,block_16_1,complete_1,pipeline_1,pipeline_1,unroll_8,pipeline_1,pipeline_1,1,1.25,0.875776919194,False
workload_3694.cpp,xcu200-fsgd2104-2-e,5,5.59105,474,0,0,0,5,cyclic_8_1,block_16_1,complete_1,pipeline_1,unroll_2,pipeline_1,pipeline_1,pipeline_1,1,1.25,0.875776919194,False
workload_3557.cpp,xcu200-fsgd2104-2-e,5,8.26369,404,0,1,0,6,cyclic_8_1,block_16_1,complete_1,unroll_16,pipeline_1,pipeline_1,pipeline_1,pipeline_1,1,1.75,0.786575424676,False
workload_3534.cpp,xcu200-fsgd2104-2-e,5,12.746265,67,0,0,0,0,cyclic_8_1,block_16_1,complete_1,unroll_16,pipeline_1,unroll_32,unroll_4,pipeline_1,1,0,0.983982163912,False
workload_3629.cpp,xcu200-fsgd2104-2-e,5,8.878105,585,0,1,1,7,cyclic_8_1,block_16_1,complete_1,unroll_16,pipeline_1,unroll_64,pipeline_1,pipeline_1,1,2.25,0.702442109754,False
workload_3635.cpp,xcu200-fsgd2104-2-e,5,12.098585,67,0,0,0,1,cyclic_8_1,block_16_1,complete_1,unroll_16,pipeline_1,unroll_64,unroll_8,pipeline_1,1,0.25,0.949662565709,False
workload_3481.cpp,xcu200-fsgd2104-2-e,5,8.26369,383,0,1,0,6,cyclic_8_1,block_16_1,complete_1,unroll_16,pipeline_1,unroll_8,pipeline_1,pipeline_1,1,1.75,0.786575424676,False
workload_3628.cpp,xcu200-fsgd2104-2-e,5,14.35137,52,0,0,0,0,cyclic_8_1,block_16_1,complete_1,unroll_16,pipeline_1,unroll_8,unroll_2,pipeline_1,1,0,0.968679391163,False
workload_3670.cpp,xcu200-fsgd2104-2-e,5,12.869145,60,0,0,0,0,cyclic_8_1,block_16_1,complete_1,unroll_16,pipeline_1,unroll_8,unroll_4,pipeline_1,1,0,0.982805925928,False
workload_3633.cpp,xcu200-fsgd2104-2-e,5,8.26369,376,0,1,0,6,cyclic_8_1,block_16_1,complete_1,unroll_16,unroll_2,pipeline_1,pipeline_1,pipeline_1,1,1.75,0.786575424676,False
workload_3636.cpp,xcu200-fsgd2104-2-e,5,8.87809,609,0,1,1,7,cyclic_8_1,block_16_1,complete_1,unroll_32,pipeline_1,unroll_32,pipeline_1,pipeline_1,1,2.25,0.702442116688,False
workload_3675.cpp,xcu200-fsgd2104-2-e,5,12.418585,72,0,0,0,0,cyclic_8_1,block_16_1,complete_1,unroll_32,pipeline_1,unroll_32,unroll_4,unroll_2,1,0,0.987122626925,False
workload_3690.cpp,xcu200-fsgd2104-2-e,5,11.770905,76,0,0,0,1,cyclic_8_1,block_16_1,complete_1,unroll_32,pipeline_1,unroll_64,unroll_8,unroll_2,1,0.25,0.95016210739,False
workload_3657.cpp,xcu200-fsgd2104-2-e,5,12.076825,61,0,0,0,0,cyclic_8_1,block_4_1,complete_1,unroll_16,pipeline_1,unroll_64,unroll_8,pipeline_1,1,0,0.990403964327,False
workload_3509.cpp,xcu200-fsgd2104-2-e,5,12.858905,52,0,0,0,0,cyclic_8_1,block_4_1,complete_1,unroll_16,pipeline_1,unroll_8,unroll_4,pipeline_1,1,0,0.982903915851,False
workload_3569.cpp,xcu200-fsgd2104-2-e,5,27.118105,50,0,0,0,0,cyclic_8_1,block_4_1,complete_1,unroll_2,pipeline_1,unroll_8,unroll_4,pipeline_1,1,0,0.851721508294,False
workload_3676.cpp,xcu200-fsgd2104-2-e,5,13.432345,56,0,0,0,0,cyclic_8_1,block_4_1,complete_1,unroll_8,pipeline_1,unroll_16,unroll_4,pipeline_1,1,0,0.977424854784,False
workload_3566.cpp,xcu200-fsgd2104-2-e,5,9.40033,733,0,1,1,7,cyclic_8_1,block_64_1,complete_1,pipeline_1,unroll_32,unroll_64,pipeline_1,pipeline_1,1,2.25,0.702164388339,False
workload_3485.cpp,xcu200-fsgd2104-2-e,5,9.40033,743,0,1,1,7,cyclic_8_1,block_64_1,complete_1,pipeline_1,unroll_8,unroll_16,pipeline_1,pipeline_1,1,2.25,0.702164388339,False
workload_3592.cpp,xcu200-fsgd2104-2-e,5,21.45377,80,0,0,0,0,cyclic_8_1,block_64_1,complete_1,unroll_2,pipeline_1,unroll_4,unroll_32,pipeline_1,1,0,0.902570090141,False
workload_3568.cpp,xcu200-fsgd2104-2-e,5,9.40033,1353,0,1,1,7,cyclic_8_1,block_64_1,complete_1,unroll_2,unroll_8,unroll_2,pipeline_1,pipeline_1,1,2.25,0.702164388339,False
workload_3593.cpp,xcu200-fsgd2104-2-e,5,104.90369,74,0,0,0,2,cyclic_8_1,block_64_1,complete_1,unroll_2,unroll_8,unroll_2,unroll_2,pipeline_1,1,0.5,0.319030763997,False
workload_3607.cpp,xcu200-fsgd2104-2-e,5,9.40033,1342,0,1,1,7,cyclic_8_1,block_64_1,complete_1,unroll_2,unroll_8,unroll_8,pipeline_1,pipeline_1,1,2.25,0.702164388339,False
workload_3602.cpp,xcu200-fsgd2104-2-e,5,16.715545,62,0,0,0,0,cyclic_8_1,block_8_1,complete_1,pipeline_1,pipeline_1,unroll_64,unroll_8,pipeline_1,1,0,0.946383121315,False
workload_3750.cpp,xcu200-fsgd2104-2-e,5,5.75489,489,0,0,0,5,cyclic_8_1,block_8_1,complete_1,pipeline_1,unroll_2,pipeline_1,pipeline_1,pipeline_1,1,1.25,0.875192216394,False
workload_3580.cpp,xcu200-fsgd2104-2-e,5,9.000985,552,0,1,1,7,cyclic_8_1,block_8_1,complete_1,unroll_32,unroll_2,unroll_64,pipeline_1,pipeline_1,1,2.25,0.702383291607,False
workload_3609.cpp,xcu200-fsgd2104-2-e,5,23.88097,51,0,0,0,0,cyclic_8_1,block_8_1,complete_1,unroll_4,pipeline_1,pipeline_1,unroll_8,pipeline_1,1,0,0.880577439779,False
workload_3570.cpp,xcu200-fsgd2104-2-e,5,13.614105,60,0,0,0,0,cyclic_8_1,block_8_1,complete_1,unroll_64,pipeline_1,unroll_32,unroll_2,pipeline_1,1,0,0.975691747482,False
workload_3565.cpp,xcu200-fsgd2104-2-e,5,9.000985,573,0,1,1,7,cyclic_8_1,block_8_1,complete_1,unroll_64,pipeline_1,unroll_64,pipeline_1,pipeline_1,1,2.25,0.702383291607,False
workload_3498.cpp,xcu200-fsgd2104-2-e,5,11.769625,72,0,0,0,1,cyclic_8_1,block_8_1,complete_1,unroll_64,pipeline_1,unroll_64,unroll_8,pipeline_1,1,0.25,0.950163691069,False
workload_3614.cpp,xcu200-fsgd2104-2-e,5,5.754905,446,0,1,1,6,cyclic_8_1,block_8_1,complete_1,unroll_8,pipeline_1,unroll_8,pipeline_1,pipeline_1,1,2,0.744106040076,False
workload_3622.cpp,xcu200-fsgd2104-2-e,5,94.604825,66,0,0,0,1,cyclic_8_1,cyclic_128_1,complete_1,unroll_16,unroll_2,unroll_4,unroll_4,pipeline_1,1,0.25,0.373050930156,False
workload_3704.cpp,xcu200-fsgd2104-2-e,5,11.424665,94,0,0,0,1,cyclic_8_1,cyclic_128_1,complete_1,unroll_32,pipeline_1,unroll_64,unroll_16,unroll_2,1,0.25,0.950484381224,False
workload_3807.cpp,xcu200-fsgd2104-2-e,5,5.43745,436,0,0,1,6,cyclic_8_1,cyclic_128_1,complete_1,unroll_4,unroll_2,unroll_2,pipeline_1,pipeline_1,1,1.75,0.786803114785,False
workload_3583.cpp,xcu200-fsgd2104-2-e,5,16.097945,61,0,0,0,0,cyclic_8_1,cyclic_16_1,complete_1,pipeline_1,pipeline_1,pipeline_1,unroll_64,unroll_2,1,0,0.952179666791,False
workload_3781.cpp,xcu200-fsgd2104-2-e,5,5.43745,473,0,0,0,5,cyclic_8_1,cyclic_2_1,complete_1,pipeline_1,pipeline_1,pipeline_1,pipeline_1,pipeline_1,7,1.25,0.876321328111,False
workload_3953.cpp,xcu200-fsgd2104-2-e,5,5.43745,580,0,0,0,5,cyclic_8_1,cyclic_2_1,complete_1,pipeline_1,pipeline_1,unroll_2,pipeline_1,pipeline_1,1,1.25,0.876321328111,False
workload_3757.cpp,xcu200-fsgd2104-2-e,5,5.43745,500,0,0,0,5,cyclic_8_1,cyclic_2_1,complete_1,pipeline_1,unroll_2,pipeline_1,pipeline_1,pipeline_1,5,1.25,0.876321328111,False
workload_3733.cpp,xcu200-fsgd2104-2-e,5,5.43745,505,0,0,0,5,cyclic_8_1,cyclic_2_1,complete_1,pipeline_1,unroll_2,unroll_2,pipeline_1,pipeline_1,3,1.25,0.876321328111,False
workload_3792.cpp,xcu200-fsgd2104-2-e,5,5.43745,462,0,0,0,5,cyclic_8_1,cyclic_2_1,complete_1,pipeline_1,unroll_2,unroll_8,pipeline_1,pipeline_1,1,1.25,0.876321328111,False
workload_3928.cpp,xcu200-fsgd2104-2-e,5,5.43745,523,0,0,0,5,cyclic_8_1,cyclic_2_1,complete_1,pipeline_1,unroll_4,pipeline_1,pipeline_1,pipeline_1,1,1.25,0.876321328111,False
workload_3890.cpp,xcu200-fsgd2104-2-e,5,9.41057,441,0,0,0,6,cyclic_8_1,cyclic_2_1,complete_1,unroll_16,pipeline_1,unroll_8,pipeline_1,pipeline_1,1,1.5,0.827088393647,False
workload_3873.cpp,xcu200-fsgd2104-2-e,5,5.43745,516,0,0,0,5,cyclic_8_1,cyclic_2_1,complete_1,unroll_2,unroll_2,pipeline_1,pipeline_1,pipeline_1,1,1.25,0.876321328111,False
workload_3901.cpp,xcu200-fsgd2104-2-e,5,5.43745,530,0,0,0,5,cyclic_8_1,cyclic_2_1,complete_1,unroll_2,unroll_2,unroll_8,pipeline_1,pipeline_1,1,1.25,0.876321328111,False
workload_3717.cpp,xcu200-fsgd2104-2-e,5,11.759385,57,0,0,0,0,cyclic_8_1,cyclic_2_1,complete_1,unroll_32,pipeline_1,unroll_64,unroll_8,pipeline_1,1,0,0.993457224476,False
workload_3756.cpp,xcu200-fsgd2104-2-e,5,9.410585,426,0,2,1,8,cyclic_8_1,cyclic_2_1,complete_1,unroll_32,unroll_2,pipeline_1,pipeline_1,pipeline_1,1,2.75,0.62345839225,False
workload_3472.cpp,xcu200-fsgd2104-2-e,5,90.545945,52,0,0,0,0,cyclic_8_1,cyclic_2_1,complete_1,unroll_32,unroll_2,unroll_8,unroll_8,pipeline_1,1,0,0.395969189843,False
workload_3784.cpp,xcu200-fsgd2104-2-e,5,5.43745,490,0,0,0,5,cyclic_8_1,cyclic_2_1,complete_1,unroll_4,pipeline_1,pipeline_1,pipeline_1,pipeline_1,3,1.25,0.876321328111,False
workload_3859.cpp,xcu200-fsgd2104-2-e,5,23.85409,53,0,0,0,0,cyclic_8_1,cyclic_2_1,complete_1,unroll_4,pipeline_1,pipeline_1,unroll_2,pipeline_1,1,0,0.880819324084,False
workload_3979.cpp,xcu200-fsgd2104-2-e,5,5.43745,475,0,0,0,5,cyclic_8_1,cyclic_2_1,complete_1,unroll_4,pipeline_1,unroll_2,pipeline_1,pipeline_1,1,1.25,0.876321328111,False
workload_3833.cpp,xcu200-fsgd2104-2-e,5,5.43745,467.5,0,0,0,5,cyclic_8_1,cyclic_2_1,complete_1,unroll_4,unroll_2,pipeline_1,pipeline_1,pipeline_1,4,1.25,0.876321328111,False
workload_3919.cpp,xcu200-fsgd2104-2-e,5,5.43745,510,0,0,0,5,cyclic_8_1,cyclic_2_1,complete_1,unroll_4,unroll_2,unroll_2,pipeline_1,pipeline_1,1,1.25,0.876321328111,False
workload_3917.cpp,xcu200-fsgd2104-2-e,5,9.41057,450,0,0,0,6,cyclic_8_1,cyclic_2_1,complete_1,unroll_64,pipeline_1,pipeline_1,pipeline_1,pipeline_1,1,1.5,0.827088393647,False
workload_3530.cpp,xcu200-fsgd2104-2-e,5,90.525465,53,0,0,0,0,cyclic_8_1,cyclic_2_1,complete_1,unroll_64,unroll_2,unroll_8,unroll_8,pipeline_1,1,0,0.396082673054,False
workload_3844.cpp,xcu200-fsgd2104-2-e,5,5.43745,470,0,0,0,5,cyclic_8_1,cyclic_2_1,complete_1,unroll_8,pipeline_1,pipeline_1,pipeline_1,pipeline_1,1,1.25,0.876321328111,False
workload_3853.cpp,xcu200-fsgd2104-2-e,5,5.43745,507.5,0,0,0,5,cyclic_8_1,cyclic_2_1,complete_1,unroll_8,unroll_2,pipeline_1,pipeline_1,pipeline_1,2,1.25,0.876321328111,False
workload_3886.cpp,xcu200-fsgd2104-2-e,5,5.43745,443,0,0,0,5,cyclic_8_1,cyclic_2_1,complete_1,unroll_8,unroll_2,unroll_8,pipeline_1,pipeline_1,1,1.25,0.876321328111,False
workload_3911.cpp,xcu200-fsgd2104-2-e,5,93.43489,51,0,0,0,0,cyclic_8_1,cyclic_2_1,complete_1,unroll_8,unroll_2,unroll_8,unroll_2,pipeline_1,1,0,0.380178999078,False
workload_3462.cpp,xcu200-fsgd2104-2-e,5,21.917465,58,0,0,0,0,cyclic_8_1,cyclic_32_1,complete_1,unroll_2,pipeline_1,unroll_64,unroll_8,unroll_2,1,0,0.89834498062,False
workload_3863.cpp,xcu200-fsgd2104-2-e,5,5.42721,513.5,0,0,0,5,cyclic_8_1,cyclic_4_1,complete_1,pipeline_1,pipeline_1,pipeline_1,pipeline_1,pipeline_1,6,1.25,1,True
workload_3974.cpp,xcu200-fsgd2104-2-e,5,5.42721,453,0,0,0,5,cyclic_8_1,cyclic_4_1,complete_1,pipeline_1,pipeline_1,unroll_2,pipeline_1,pipeline_1,1,1.25,1,True
workload_3903.cpp,xcu200-fsgd2104-2-e,5,5.42721,495,0,0,0,5,cyclic_8_1,cyclic_4_1,complete_1,pipeline_1,unroll_2,pipeline_1,pipeline_1,pipeline_1,3,1.25,1,True
workload_3922.cpp,xcu200-fsgd2104-2-e,5,5.42721,509,0,0,0,5,cyclic_8_1,cyclic_4_1,complete_1,pipeline_1,unroll_2,unroll_8,pipeline_1,pipeline_1,2,1.25,1,True
workload_3926.cpp,xcu200-fsgd2104-2-e,5,5.42721,512,0,0,0,5,cyclic_8_1,cyclic_4_1,complete_1,unroll_4,pipeline_1,pipeline_1,pipeline_1,pipeline_1,3,1.25,1,True
workload_3929.cpp,xcu200-fsgd2104-2-e,5,5.42721,518,0,0,0,5,cyclic_8_1,cyclic_4_1,complete_1,unroll_4,unroll_2,pipeline_1,pipeline_1,pipeline_1,3,1.25,1,True
workload_3976.cpp,xcu200-fsgd2104-2-e,5,8.744985,398,0,1,0,6,cyclic_8_1,cyclic_4_1,complete_1,unroll_64,pipeline_1,pipeline_1,pipeline_1,pipeline_1,1,1.75,0.786141799692,False
workload_3870.cpp,xcu200-fsgd2104-2-e,5,5.42721,512,0,0,0,5,cyclic_8_1,cyclic_4_1,complete_1,unroll_8,pipeline_1,pipeline_1,pipeline_1,pipeline_1,3,1.25,1,True
workload_3910.cpp,xcu200-fsgd2104-2-e,5,12.22785,55,0,0,0,0,cyclic_8_1,cyclic_4_1,complete_1,unroll_8,pipeline_1,pipeline_1,unroll_32,pipeline_1,1,0,0.988953182317,False
workload_3967.cpp,xcu200-fsgd2104-2-e,5,5.42721,506,0,0,0,5,cyclic_8_1,cyclic_4_1,complete_1,unroll_8,unroll_2,pipeline_1,pipeline_1,pipeline_1,1,1.25,1,True
workload_3897.cpp,xcu200-fsgd2104-2-e,5,8.03841,574,0,0,1,5,cyclic_8_1,cyclic_4_1,complete_1,unroll_8,unroll_2,unroll_16,pipeline_1,pipeline_1,1,1.5,0.829823731926,False
workload_3937.cpp,xcu200-fsgd2104-2-e,5,5.42721,504,0,0,0,5,cyclic_8_1,cyclic_4_1,complete_1,unroll_8,unroll_2,unroll_2,pipeline_1,pipeline_1,1,1.25,1,True
workload_3860.cpp,xcu200-fsgd2104-2-e,5,5.42721,492.5,0,0,0,5,cyclic_8_1,cyclic_4_1,complete_1,unroll_8,unroll_2,unroll_8,pipeline_1,pipeline_1,2,1.25,1,True
workload_3850.cpp,xcu200-fsgd2104-2-e,5,5.43745,486,0,0,0,5,cyclic_8_1,cyclic_8_1,complete_1,pipeline_1,pipeline_1,pipeline_1,pipeline_1,pipeline_1,5,1.25,0.876321328111,False
workload_3983.cpp,xcu200-fsgd2104-2-e,5,16.18049,53,0,0,0,0,cyclic_8_1,cyclic_8_1,complete_1,pipeline_1,pipeline_1,pipeline_1,unroll_32,pipeline_1,1,0,0.951403787327,False
workload_3819.cpp,xcu200-fsgd2104-2-e,5,5.43745,522,0,0,0,5,cyclic_8_1,cyclic_8_1,complete_1,pipeline_1,unroll_2,pipeline_1,pipeline_1,pipeline_1,6,1.25,0.876321328111,False
workload_3939.cpp,xcu200-fsgd2104-2-e,5,5.43745,533,0,0,0,5,cyclic_8_1,cyclic_8_1,complete_1,pipeline_1,unroll_2,unroll_2,pipeline_1,pipeline_1,1,1.25,0.876321328111,False
workload_3935.cpp,xcu200-fsgd2104-2-e,5,5.43745,545,0,0,0,5,cyclic_8_1,cyclic_8_1,complete_1,pipeline_1,unroll_2,unroll_8,pipeline_1,pipeline_1,1,1.25,0.876321328111,False
workload_3718.cpp,xcu200-fsgd2104-2-e,5,8.11009,403,0,1,0,6,cyclic_8_1,cyclic_8_1,complete_1,unroll_16,unroll_2,pipeline_1,pipeline_1,pipeline_1,1,1.75,0.786690563256,False
workload_3693.cpp,xcu200-fsgd2104-2-e,5,5.43745,508.5,0,0,0,5,cyclic_8_1,cyclic_8_1,complete_1,unroll_2,unroll_2,pipeline_1,pipeline_1,pipeline_1,2,1.25,0.876321328111,False
workload_3987.cpp,xcu200-fsgd2104-2-e,5,104.90369,50,0,0,0,0,cyclic_8_1,cyclic_8_1,complete_1,unroll_2,unroll_2,pipeline_1,unroll_2,pipeline_1,1,0,0.32176354607,False
workload_3631.cpp,xcu200-fsgd2104-2-e,5,12.418585,55,0,0,0,0,cyclic_8_1,cyclic_8_1,complete_1,unroll_32,pipeline_1,unroll_32,unroll_4,pipeline_1,1,0,0.987122626925,False
workload_3604.cpp,xcu200-fsgd2104-2-e,5,8.755225,540,0,1,1,6,cyclic_8_1,cyclic_8_1,complete_1,unroll_32,pipeline_1,unroll_64,pipeline_1,pipeline_1,1,2,0.743806996818,False
workload_3549.cpp,xcu200-fsgd2104-2-e,5,13.736985,54,0,0,0,0,cyclic_8_1,cyclic_8_1,complete_1,unroll_32,pipeline_1,unroll_64,unroll_2,pipeline_1,1,0,0.974521039999,False
workload_3578.cpp,xcu200-fsgd2104-2-e,5,11.759385,55,0,0,0,0,cyclic_8_1,cyclic_8_1,complete_1,unroll_32,pipeline_1,unroll_64,unroll_8,pipeline_1,1,0,0.993457224476,False
workload_3610.cpp,xcu200-fsgd2104-2-e,5,12.11777,51,0,0,0,0,cyclic_8_1,cyclic_8_1,complete_1,unroll_32,pipeline_1,unroll_8,unroll_8,pipeline_1,1,0,0.99001052006,False
workload_3810.cpp,xcu200-fsgd2104-2-e,5,5.43745,488,0,0,0,5,cyclic_8_1,cyclic_8_1,complete_1,unroll_4,pipeline_1,pipeline_1,pipeline_1,pipeline_1,2,1.25,0.876321328111,False
workload_3662.cpp,xcu200-fsgd2104-2-e,5,19.32673,47,0,0,0,0,cyclic_8_1,cyclic_8_1,complete_1,unroll_4,pipeline_1,unroll_16,unroll_8,pipeline_1,1,0,0.922094208193,False
workload_3871.cpp,xcu200-fsgd2104-2-e,5,5.43745,507,0,0,0,5,cyclic_8_1,cyclic_8_1,complete_1,unroll_4,pipeline_1,unroll_2,pipeline_1,pipeline_1,1,1.25,0.876321328111,False
workload_3660.cpp,xcu200-fsgd2104-2-e,5,19.95521,51,0,0,0,0,cyclic_8_1,cyclic_8_1,complete_1,unroll_4,pipeline_1,unroll_32,unroll_4,pipeline_1,1,0,0.916300963102,False
workload_3958.cpp,xcu200-fsgd2104-2-e,5,5.43745,469,0,0,0,5,cyclic_8_1,cyclic_8_1,complete_1,unroll_4,unroll_2,pipeline_1,pipeline_1,pipeline_1,1,1.25,0.876321328111,False
workload_3985.cpp,xcu200-fsgd2104-2-e,5,102.28225,50,0,0,0,0,cyclic_8_1,cyclic_8_1,complete_1,unroll_4,unroll_2,pipeline_1,unroll_2,pipeline_1,1,0,0.334514244379,False
workload_3775.cpp,xcu200-fsgd2104-2-e,5,5.43745,509,0,0,0,5,cyclic_8_1,cyclic_8_1,complete_1,unroll_4,unroll_2,unroll_2,pipeline_1,pipeline_1,2,1.25,0.876321328111,False
workload_3885.cpp,xcu200-fsgd2104-2-e,5,8.11009,388,0,1,0,6,cyclic_8_1,cyclic_8_1,complete_1,unroll_64,pipeline_1,pipeline_1,pipeline_1,pipeline_1,1,1.75,0.786690563256,False
workload_3637.cpp,xcu200-fsgd2104-2-e,5,8.755225,586,0,1,1,6,cyclic_8_1,cyclic_8_1,complete_1,unroll_64,pipeline_1,unroll_64,pipeline_1,pipeline_1,1,2,0.743806996818,False
workload_3473.cpp,xcu200-fsgd2104-2-e,5,13.573145,59,0,0,0,0,cyclic_8_1,cyclic_8_1,complete_1,unroll_64,pipeline_1,unroll_64,unroll_2,pipeline_1,1,0,0.976082157328,False
workload_3684.cpp,xcu200-fsgd2104-2-e,5,8.048665,547,0,1,1,6,cyclic_8_1,cyclic_8_1,complete_1,unroll_8,pipeline_1,unroll_64,pipeline_1,pipeline_1,1,2,0.744163056382,False
workload_3968.cpp,xcu200-fsgd2104-2-e,5,5.43745,507,0,0,0,5,cyclic_8_1,cyclic_8_1,complete_1,unroll_8,unroll_2,unroll_8,pipeline_1,pipeline_1,1,1.25,0.876321328111,False
workload_2728.cpp,xcu200-fsgd2104-2-e,10,15.97442,972,0,0,1,7,block_128_1,block_128_1,complete_1,pipeline_1,pipeline_1,unroll_32,pipeline_1,pipeline_1,1,2,0.757493168262,False
workload_2884.cpp,xcu200-fsgd2104-2-e,10,10.7725,442,0,0,0,6,block_128_1,block_128_1,complete_1,pipeline_1,unroll_2,pipeline_1,pipeline_1,pipeline_1,1,1.5,0.838832031915,False
workload_2885.cpp,xcu200-fsgd2104-2-e,10,10.7725,431,0,0,0,6,block_128_1,block_128_1,complete_1,unroll_2,pipeline_1,pipeline_1,pipeline_1,pipeline_1,1,1.5,0.838832031915,False
workload_2696.cpp,xcu200-fsgd2104-2-e,10,10.7725,489,0,0,0,6,block_128_1,block_128_1,complete_1,unroll_4,unroll_2,pipeline_1,pipeline_1,pipeline_1,2,1.5,0.838832031915,False
workload_2571.cpp,xcu200-fsgd2104-2-e,10,65.87394,91,0,0,0,1,block_128_1,block_2_1,complete_1,unroll_2,pipeline_1,unroll_4,unroll_2,unroll_2,1,0.25,0.68817076685,False
workload_2623.cpp,xcu200-fsgd2104-2-e,10,32.05218,226,0,0,0,1,block_128_1,block_2_1,complete_1,unroll_2,pipeline_1,unroll_4,unroll_64,unroll_2,1,0.25,0.905168896563,False
workload_2791.cpp,xcu200-fsgd2104-2-e,10,13.37346,433,0,0,0,6,block_128_1,block_2_1,complete_1,unroll_2,pipeline_1,unroll_8,pipeline_1,unroll_2,1,1.5,0.839013032873,False
workload_2667.cpp,xcu200-fsgd2104-2-e,10,136.20613,312,0,0,1,8,block_128_1,block_2_1,complete_1,unroll_32,unroll_32,unroll_64,unroll_16,unroll_2,1,2.25,0.291410755195,False
workload_2680.cpp,xcu200-fsgd2104-2-e,10,15.97442,526,0,0,1,6,block_128_1,block_4_1,complete_1,pipeline_1,pipeline_1,unroll_32,pipeline_1,pipeline_1,2,1.75,0.796939791414,False
workload_2604.cpp,xcu200-fsgd2104-2-e,10,42.62405,138,0,0,0,2,block_128_1,block_4_1,complete_1,pipeline_1,pipeline_1,unroll_32,unroll_4,pipeline_1,1,0.5,0.819801784959,False
workload_2819.cpp,xcu200-fsgd2104-2-e,10,147.25378,173,0,0,0,2,block_128_1,block_64_1,complete_1,unroll_2,unroll_2,pipeline_1,unroll_32,pipeline_1,1,0.5,0.294731581189,False
workload_2757.cpp,xcu200-fsgd2104-2-e,10,10.81346,429.5,0,0,0,6,block_128_1,block_64_1,complete_1,unroll_4,unroll_2,pipeline_1,pipeline_1,pipeline_1,2,1.5,0.838867115197,False
workload_2871.cpp,xcu200-fsgd2104-2-e,10,10.75202,439,0,0,1,6,block_128_1,cyclic_128_1,complete_1,pipeline_1,pipeline_1,pipeline_1,pipeline_1,pipeline_1,1,1.75,0.797559057687,False
workload_2846.cpp,xcu200-fsgd2104-2-e,10,10.75202,444,0,0,0,6,block_128_1,cyclic_128_1,complete_1,unroll_2,pipeline_1,pipeline_1,pipeline_1,pipeline_1,1,1.5,0.838814089425,False
workload_2814.cpp,xcu200-fsgd2104-2-e,10,10.75202,449,0,0,1,6,block_128_1,cyclic_128_1,complete_1,unroll_4,unroll_2,pipeline_1,pipeline_1,pipeline_1,1,1.75,0.797559057687,False
workload_2635.cpp,xcu200-fsgd2104-2-e,10,26.04421,409,0,3,12,7,block_128_1,cyclic_32_1,complete_1,pipeline_1,unroll_32,unroll_64,unroll_16,unroll_2,1,5.5,0.315665991807,False
workload_2914.cpp,xcu200-fsgd2104-2-e,10,10.75202,458,0,0,0,6,block_128_1,cyclic_32_1,complete_1,unroll_2,pipeline_1,unroll_8,pipeline_1,pipeline_1,1,1.5,0.838814089425,False
workload_2727.cpp,xcu200-fsgd2104-2-e,10,24.70405,463,0,3,12,10,block_128_1,cyclic_32_1,complete_1,unroll_32,unroll_32,pipeline_1,unroll_16,unroll_2,1,6.25,0.252890647342,False
workload_2677.cpp,xcu200-fsgd2104-2-e,10,24.71301,585,0,3,12,10,block_128_1,cyclic_32_1,complete_1,unroll_32,unroll_32,unroll_64,unroll_16,unroll_2,1,6.25,0.252888722166,False
workload_2868.cpp,xcu200-fsgd2104-2-e,10,10.75202,449,0,0,0,6,block_128_1,cyclic_4_1,complete_1,unroll_4,unroll_2,unroll_8,pipeline_1,unroll_2,1,1.5,0.838814089425,False
workload_2803.cpp,xcu200-fsgd2104-2-e,10,10.752035,453.5,0,4.5,1.5,8.5,block_128_1,cyclic_64_1,complete_1,pipeline_1,pipeline_1,pipeline_1,pipeline_1,pipeline_1,2,3.625,0.523847541757,False
workload_2805.cpp,xcu200-fsgd2104-2-e,10,15.97445,712,0,10,4,12,block_128_1,cyclic_64_1,complete_1,pipeline_1,pipeline_1,unroll_32,pipeline_1,pipeline_1,1,6.5,0.235141802024,False
workload_2870.cpp,xcu200-fsgd2104-2-e,10,10.75202,454,0,0,0,6,block_128_1,cyclic_64_1,complete_1,pipeline_1,pipeline_1,unroll_8,pipeline_1,pipeline_1,1,1.5,0.838814089425,False
workload_2758.cpp,xcu200-fsgd2104-2-e,10,10.75202,446,0,0,0,6,block_128_1,cyclic_64_1,complete_1,unroll_2,pipeline_1,pipeline_1,pipeline_1,pipeline_1,1,1.5,0.838814089425,False
workload_2830.cpp,xcu200-fsgd2104-2-e,10,10.75202,444,0,0,0,6,block_128_1,cyclic_64_1,complete_1,unroll_2,pipeline_1,unroll_8,pipeline_1,pipeline_1,1,1.5,0.838814089425,False
workload_2724.cpp,xcu200-fsgd2104-2-e,10,10.75202,446,0,0,0,6,block_128_1,cyclic_64_1,complete_1,unroll_2,pipeline_1,unroll_8,pipeline_1,unroll_2,2,1.5,0.838814089425,False
workload_2793.cpp,xcu200-fsgd2104-2-e,10,32.19653,212,0,0,0,1,block_128_1,cyclic_64_1,complete_1,unroll_2,pipeline_1,unroll_8,unroll_32,unroll_2,1,0.25,0.904261059166,False
workload_2861.cpp,xcu200-fsgd2104-2-e,10,15.97442,691,0,0,1,7,block_128_1,cyclic_64_1,complete_1,unroll_4,pipeline_1,unroll_16,pipeline_1,pipeline_1,1,2,0.757493168262,False
workload_2776.cpp,xcu200-fsgd2104-2-e,10,10.75202,426,0,0,0,6,block_128_1,cyclic_64_1,complete_1,unroll_4,unroll_2,pipeline_1,pipeline_1,pipeline_1,1,1.5,0.838814089425,False
workload_2882.cpp,xcu200-fsgd2104-2-e,10,166.55362,108,0,0,0,2,block_128_1,cyclic_64_1,complete_1,unroll_4,unroll_2,unroll_8,unroll_2,pipeline_1,1,0.5,0.232894103255,False
workload_2797.cpp,xcu200-fsgd2104-2-e,10,11.05922,441,0,2,1,7,block_16_1,block_128_1,complete_1,unroll_2,pipeline_1,pipeline_1,pipeline_1,pipeline_1,1,2.5,0.680390678454,False
workload_2746.cpp,xcu200-fsgd2104-2-e,10,11.34597,429,0,1,1,6,block_16_1,block_16_1,complete_1,unroll_2,pipeline_1,unroll_8,pipeline_1,unroll_2,1,2,0.757682587228,False
workload_2689.cpp,xcu200-fsgd2104-2-e,10,32.03173,104,0,0,0,0,block_16_1,block_32_1,complete_1,pipeline_1,pipeline_1,unroll_8,unroll_64,pipeline_1,1,0,0.916723569409,False
workload_2732.cpp,xcu200-fsgd2104-2-e,10,11.1821,439,0,2,1,6,block_16_1,block_32_1,complete_1,unroll_2,unroll_2,unroll_8,pipeline_1,pipeline_1,1,2.25,0.718450884961,False
workload_2647.cpp,xcu200-fsgd2104-2-e,10,17.18274,711,0,3,2,8,block_16_1,block_32_1,complete_1,unroll_64,unroll_16,unroll_64,pipeline_1,unroll_2,1,3.25,0.573647530252,False
workload_2606.cpp,xcu200-fsgd2104-2-e,10,17.18274,1071,0,3,1,8,block_16_1,block_32_1,complete_1,unroll_64,unroll_16,unroll_8,pipeline_1,pipeline_1,1,3,0.608084314288,False
workload_2659.cpp,xcu200-fsgd2104-2-e,10,140.71301,128,0,0,0,3,block_16_1,block_32_1,complete_1,unroll_64,unroll_16,unroll_8,unroll_4,pipeline_1,1,0.75,0.315395147822,False
workload_2799.cpp,xcu200-fsgd2104-2-e,10,16.26114,460,0,2,1,6,block_16_1,block_4_1,complete_1,unroll_2,pipeline_1,unroll_32,pipeline_1,pipeline_1,1,2.25,0.71854884118,False
workload_2785.cpp,xcu200-fsgd2104-2-e,10,12.32898,416,0,1,1,6,block_16_1,block_4_1,complete_1,unroll_2,pipeline_1,unroll_8,pipeline_1,pipeline_1,1,2,0.758058627325,False
workload_2688.cpp,xcu200-fsgd2104-2-e,10,20.9101,1947,0,1,2,8,block_16_1,block_4_1,complete_1,unroll_32,unroll_32,unroll_8,pipeline_1,pipeline_1,1,2.75,0.641554102029,False
workload_2624.cpp,xcu200-fsgd2104-2-e,10,142.69445,101,0,0,0,3,block_16_1,block_4_1,complete_1,unroll_32,unroll_32,unroll_8,unroll_2,pipeline_1,1,0.75,0.308198236697,False
workload_2579.cpp,xcu200-fsgd2104-2-e,10,136.95077,119,0,0,0,4,block_16_1,block_4_1,complete_1,unroll_32,unroll_32,unroll_8,unroll_64,pipeline_1,1,1,0.325071769561,False
workload_2617.cpp,xcu200-fsgd2104-2-e,10,33.18533,72,0,0,0,0,block_16_1,block_8_1,complete_1,unroll_16,pipeline_1,unroll_32,unroll_8,pipeline_1,1,0,0.908419975711,False
workload_2675.cpp,xcu200-fsgd2104-2-e,10,33.18533,66,0,0,0,0,block_16_1,block_8_1,complete_1,unroll_16,pipeline_1,unroll_32,unroll_8,unroll_2,1,0,0.908419975711,False
workload_2663.cpp,xcu200-fsgd2104-2-e,10,43.46626,103,0,0,1,1,block_16_1,block_8_1,complete_1,unroll_16,unroll_16,unroll_64,unroll_8,unroll_2,1,0.5,0.81482334723,False
workload_2642.cpp,xcu200-fsgd2104-2-e,10,137.36325,126,0,0,0,6,block_16_1,cyclic_16_1,complete_1,pipeline_1,unroll_64,unroll_8,unroll_16,pipeline_1,1,1.5,0.311731593211,False
workload_2581.cpp,xcu200-fsgd2104-2-e,10,137.30181,128,0,0,0,6,block_16_1,cyclic_16_1,complete_1,unroll_4,unroll_64,unroll_16,unroll_16,pipeline_1,1,1.5,0.311946743866,False
workload_2713.cpp,xcu200-fsgd2104-2-e,10,25.5421,118,0,3,2,3,block_16_1,cyclic_32_1,complete_1,pipeline_1,unroll_32,unroll_64,unroll_64,unroll_2,1,2,0.743150659293,False
workload_2765.cpp,xcu200-fsgd2104-2-e,10,11.03877,426,0,1,1,6,block_16_1,cyclic_32_1,complete_1,unroll_2,pipeline_1,unroll_8,pipeline_1,pipeline_1,1,2,0.757518341754,False
workload_2628.cpp,xcu200-fsgd2104-2-e,10,137.46562,91,0,0,0,3,block_16_1,cyclic_4_1,complete_1,unroll_4,unroll_32,unroll_16,unroll_16,pipeline_1,1,0.75,0.327448328541,False
workload_2722.cpp,xcu200-fsgd2104-2-e,10,11.038755,426.5,0,1.5,1,6,block_16_1,cyclic_64_1,complete_1,unroll_2,pipeline_1,pipeline_1,pipeline_1,pipeline_1,2,2.125,0.737809115953,False
workload_2597.cpp,xcu200-fsgd2104-2-e,10,11.03877,512,0,1,1,6,block_16_1,cyclic_64_1,complete_1,unroll_2,pipeline_1,unroll_8,pipeline_1,pipeline_1,1,2,0.757518341754,False
workload_2699.cpp,xcu200-fsgd2104-2-e,10,13.37346,598,0,7,3,10,block_2_1,block_128_1,complete_1,unroll_4,unroll_2,pipeline_1,pipeline_1,pipeline_1,1,5,0.365968472149,False
workload_2603.cpp,xcu200-fsgd2104-2-e,10,143.02981,79,0,0,0,1,block_2_1,block_64_1,complete_1,pipeline_1,unroll_4,unroll_8,unroll_8,pipeline_1,1,0.25,0.311541173483,False
workload_2632.cpp,xcu200-fsgd2104-2-e,10,147.35877,253,0,0,1,7,block_2_1,block_64_1,complete_1,pipeline_1,unroll_64,unroll_8,unroll_4,pipeline_1,1,2,0.264827763751,False
workload_2636.cpp,xcu200-fsgd2104-2-e,10,148.25477,86,0,0,0,1,block_2_1,block_64_1,complete_1,unroll_4,unroll_4,unroll_16,unroll_8,pipeline_1,1,0.25,0.292809406564,False
workload_2639.cpp,xcu200-fsgd2104-2-e,10,142.42178,103,0,0,0,1,block_2_1,cyclic_128_1,complete_1,unroll_8,unroll_8,unroll_8,unroll_16,pipeline_1,1,0.25,0.313777259051,False
workload_2573.cpp,xcu200-fsgd2104-2-e,10,142.05122,135,0,0,0,1,block_2_1,cyclic_128_1,complete_1,unroll_8,unroll_8,unroll_8,unroll_32,pipeline_1,1,0.25,0.315145778517,False
workload_2626.cpp,xcu200-fsgd2104-2-e,10,149.57061,57,0,0,0,0,block_2_1,cyclic_2_1,complete_1,pipeline_1,unroll_8,unroll_8,unroll_4,pipeline_1,1,0,0.288743868041,False
workload_2601.cpp,xcu200-fsgd2104-2-e,10,148.2573,64,0,0,0,1,block_2_1,cyclic_4_1,complete_1,unroll_32,unroll_16,pipeline_1,unroll_8,pipeline_1,1,0.25,0.292800546236,False
workload_2620.cpp,xcu200-fsgd2104-2-e,10,148.2573,69,0,0,0,1,block_2_1,cyclic_8_1,complete_1,unroll_32,unroll_16,pipeline_1,unroll_8,pipeline_1,1,0.25,0.292800546236,False
workload_2653.cpp,xcu200-fsgd2104-2-e,10,32.09314,112,0,0,0,0,block_32_1,block_32_1,complete_1,pipeline_1,pipeline_1,unroll_2,unroll_64,pipeline_1,1,0,0.916280472092,False
workload_2586.cpp,xcu200-fsgd2104-2-e,10,32.0141,124,0,0,1,1,block_32_1,block_32_1,complete_1,pipeline_1,pipeline_1,unroll_64,unroll_64,unroll_2,1,0.5,0.87977227372,False
workload_2619.cpp,xcu200-fsgd2104-2-e,10,32.0317,110,0,0,0,0,block_32_1,block_32_1,complete_1,pipeline_1,pipeline_1,unroll_8,unroll_64,pipeline_1,1,0,0.9167237859,False
workload_2691.cpp,xcu200-fsgd2104-2-e,10,139.24738,155,0,0,1,3,block_32_1,block_32_1,complete_1,pipeline_1,unroll_8,unroll_64,unroll_64,pipeline_1,1,1,0.316639533082,False
workload_2633.cpp,xcu200-fsgd2104-2-e,10,140.43909,69,0,0,0,0,block_32_1,block_4_1,complete_1,pipeline_1,unroll_4,unroll_32,unroll_8,pipeline_1,1,0,0.321751292867,False
workload_2583.cpp,xcu200-fsgd2104-2-e,10,147.44069,195,0,0,0,7,block_32_1,block_4_1,complete_1,pipeline_1,unroll_64,unroll_32,unroll_4,pipeline_1,1,1.75,0.271550141393,False
workload_2703.cpp,xcu200-fsgd2104-2-e,10,17.42853,457,0,11,4,13,block_32_1,block_4_1,complete_1,unroll_32,pipeline_1,unroll_8,pipeline_1,pipeline_1,1,7,0.201231537444,False
workload_2584.cpp,xcu200-fsgd2104-2-e,10,137.09573,348,0,0,1,8,block_32_1,block_64_1,complete_1,unroll_8,unroll_64,pipeline_1,unroll_32,pipeline_1,1,2.25,0.288529311636,False
workload_2665.cpp,xcu200-fsgd2104-2-e,10,32.01381,111,0,0,0,0,block_32_1,cyclic_32_1,complete_1,pipeline_1,pipeline_1,unroll_64,unroll_64,unroll_2,1,0,0.916852891922,False
workload_2690.cpp,xcu200-fsgd2104-2-e,10,32.07266,140,0,0,0,2,block_32_1,cyclic_4_1,complete_1,unroll_64,pipeline_1,unroll_2,unroll_64,pipeline_1,1,0.5,0.879426848721,False
workload_2815.cpp,xcu200-fsgd2104-2-e,10,10.8749,455,0,1,1,6,block_32_1,cyclic_64_1,complete_1,unroll_4,unroll_2,unroll_8,pipeline_1,pipeline_1,1,2,0.757421625985,False
workload_2631.cpp,xcu200-fsgd2104-2-e,10,141.95717,175,0,0,1,7,block_32_1,cyclic_8_1,complete_1,unroll_8,unroll_64,unroll_64,unroll_2,pipeline_1,1,2,0.281488984529,False
workload_2767.cpp,xcu200-fsgd2104-2-e,10,21.13538,1521,0,0,1,7,block_4_1,block_128_1,complete_1,unroll_2,unroll_8,pipeline_1,pipeline_1,pipeline_1,1,2,0.751809240146,False
workload_2733.cpp,xcu200-fsgd2104-2-e,10,12.34946,458,0,6,2,9,block_4_1,block_16_1,complete_1,pipeline_1,pipeline_1,pipeline_1,pipeline_1,pipeline_1,1,4.25,0.447703481607,False
workload_2693.cpp,xcu200-fsgd2104-2-e,10,12.34946,533,0,6,2,9,block_4_1,block_16_1,complete_1,unroll_2,pipeline_1,pipeline_1,pipeline_1,pipeline_1,1,4.25,0.447703481607,False
workload_2698.cpp,xcu200-fsgd2104-2-e,10,32.05221,57,0,0,0,0,block_4_1,block_2_1,complete_1,unroll_2,pipeline_1,unroll_4,unroll_64,pipeline_1,1,0,0.916575784787,False
workload_2596.cpp,xcu200-fsgd2104-2-e,10,163.14562,55,0,0,0,0,block_4_1,block_2_1,complete_1,unroll_8,unroll_2,unroll_2,unroll_32,unroll_2,1,0,0.244588227714,False
workload_2674.cpp,xcu200-fsgd2104-2-e,10,13.3325,499,0,6,2,9,block_4_1,block_4_1,complete_1,unroll_2,pipeline_1,pipeline_1,pipeline_1,pipeline_1,1,4.25,0.447811736025,False
workload_2740.cpp,xcu200-fsgd2104-2-e,10,18.59589,548,0,6,3,10,block_4_1,block_4_1,complete_1,unroll_32,pipeline_1,unroll_32,pipeline_1,pipeline_1,1,4.75,0.391813171167,False
workload_2669.cpp,xcu200-fsgd2104-2-e,10,137.44645,149,0,0,1,4,block_4_1,block_64_1,complete_1,pipeline_1,unroll_32,unroll_16,unroll_32,pipeline_1,1,1.25,0.317851496971,False
workload_2576.cpp,xcu200-fsgd2104-2-e,10,50.28357,182,0,0,0,2,block_4_1,block_64_1,complete_1,pipeline_1,unroll_32,unroll_16,unroll_32,unroll_2,1,0.5,0.773894379935,False
workload_2737.cpp,xcu200-fsgd2104-2-e,10,12.04226,479,0,6,2,10,block_4_1,cyclic_128_1,complete_1,unroll_2,pipeline_1,pipeline_1,pipeline_1,pipeline_1,1,4.5,0.419176054817,False
workload_2714.cpp,xcu200-fsgd2104-2-e,10,12.04226,476,0,6,2,10,block_4_1,cyclic_128_1,complete_1,unroll_2,pipeline_1,pipeline_1,pipeline_1,unroll_2,1,4.5,0.419176054817,False
workload_2588.cpp,xcu200-fsgd2104-2-e,10,12.04226,517,0,6,2,10,block_4_1,cyclic_128_1,complete_1,unroll_2,unroll_2,pipeline_1,pipeline_1,pipeline_1,1,4.5,0.419176054817,False
workload_2736.cpp,xcu200-fsgd2104-2-e,10,12.04226,478,0,6,2,10,block_4_1,cyclic_128_1,complete_1,unroll_2,unroll_4,pipeline_1,pipeline_1,pipeline_1,1,4.5,0.419176054817,False
workload_2648.cpp,xcu200-fsgd2104-2-e,10,21.15586,1596,0,0,1,7,block_4_1,cyclic_128_1,complete_1,unroll_2,unroll_8,pipeline_1,pipeline_1,pipeline_1,1,2,0.751776449342,False
workload_2658.cpp,xcu200-fsgd2104-2-e,10,138.09922,60,0,0,0,0,block_4_1,cyclic_4_1,complete_1,pipeline_1,unroll_8,pipeline_1,unroll_32,pipeline_1,1,0,0.33063701783,False
workload_2739.cpp,xcu200-fsgd2104-2-e,10,32.1965,60,0,0,0,0,block_4_1,cyclic_4_1,complete_1,unroll_64,pipeline_1,unroll_8,unroll_32,pipeline_1,1,0,0.915534960494,False
workload_2712.cpp,xcu200-fsgd2104-2-e,10,12.04229,475,0,5,2,9,block_4_1,cyclic_64_1,complete_1,unroll_2,pipeline_1,pipeline_1,pipeline_1,unroll_2,1,4,0.477352585414,False
workload_2672.cpp,xcu200-fsgd2104-2-e,10,55.38309,69,0,0,0,0,block_4_1,cyclic_64_1,complete_1,unroll_2,pipeline_1,unroll_4,unroll_4,unroll_2,1,0,0.756903607595,False
workload_2686.cpp,xcu200-fsgd2104-2-e,10,12.04229,515,0,5,2,9,block_4_1,cyclic_64_1,complete_1,unroll_2,pipeline_1,unroll_8,pipeline_1,pipeline_1,1,4,0.477352585414,False
workload_2645.cpp,xcu200-fsgd2104-2-e,10,12.04229,479.5,0,7,2.5,9.5,block_4_1,cyclic_64_1,complete_1,unroll_2,pipeline_1,unroll_8,pipeline_1,unroll_2,2,4.75,0.391905491396,False
workload_2735.cpp,xcu200-fsgd2104-2-e,10,10.81349,476,0,5,2,9,block_64_1,block_128_1,complete_1,unroll_4,pipeline_1,pipeline_1,pipeline_1,pipeline_1,1,4,0.477100347777,False
workload_2589.cpp,xcu200-fsgd2104-2-e,10,10.81346,520,0,0,0,6,block_64_1,block_128_1,complete_1,unroll_4,unroll_2,pipeline_1,pipeline_1,pipeline_1,1,1.5,0.838867115197,False
workload_2784.cpp,xcu200-fsgd2104-2-e,10,31.50082,253,0,0,0,3,block_64_1,block_128_1,complete_1,unroll_64,pipeline_1,pipeline_1,unroll_32,pipeline_1,1,0.75,0.860886478404,False
workload_2684.cpp,xcu200-fsgd2104-2-e,10,17.03941,622,0,6,4,11,block_64_1,block_16_1,complete_1,unroll_16,unroll_8,unroll_2,pipeline_1,unroll_2,1,5.25,0.341099172001,False
workload_2618.cpp,xcu200-fsgd2104-2-e,10,65.79205,97,0,0,1,2,block_64_1,block_16_1,complete_1,unroll_2,unroll_8,unroll_2,unroll_2,unroll_2,1,0.75,0.668892940723,False
workload_2638.cpp,xcu200-fsgd2104-2-e,10,138.24773,310,0,0,1,10,block_64_1,block_2_1,complete_1,unroll_32,unroll_64,unroll_4,unroll_8,pipeline_1,1,2.75,0.270154884633,False
workload_2706.cpp,xcu200-fsgd2104-2-e,10,16.19973,792,0,18,6,16,block_64_1,block_32_1,complete_1,unroll_32,pipeline_1,unroll_32,pipeline_1,pipeline_1,1,10,0.100474860325,False
workload_2678.cpp,xcu200-fsgd2104-2-e,10,16.19973,820,0,18,6,16,block_64_1,block_32_1,complete_1,unroll_64,pipeline_1,unroll_32,pipeline_1,pipeline_1,1,10,0.100474860325,False
workload_2598.cpp,xcu200-fsgd2104-2-e,10,138.07877,103,0,0,0,1,block_64_1,block_4_1,complete_1,unroll_2,unroll_8,pipeline_1,unroll_32,pipeline_1,1,0.25,0.330090051656,False
workload_2838.cpp,xcu200-fsgd2104-2-e,10,10.79298,439,0,0,0,6,block_64_1,cyclic_128_1,complete_1,pipeline_1,unroll_2,pipeline_1,pipeline_1,pipeline_1,1,1.5,0.838849707173,False
workload_2695.cpp,xcu200-fsgd2104-2-e,10,10.79298,450,0,0,1,6,block_64_1,cyclic_128_1,complete_1,unroll_2,pipeline_1,pipeline_1,pipeline_1,pipeline_1,3,1.75,0.797589322034,False
workload_2715.cpp,xcu200-fsgd2104-2-e,10,10.79298,460,0,0,1,6,block_64_1,cyclic_128_1,complete_1,unroll_2,unroll_2,pipeline_1,pipeline_1,pipeline_1,1,1.75,0.797589322034,False
workload_2777.cpp,xcu200-fsgd2104-2-e,10,10.79301,441,0,5,2,9,block_64_1,cyclic_128_1,complete_1,unroll_4,unroll_2,pipeline_1,pipeline_1,pipeline_1,1,4,0.477095371553,False
workload_2759.cpp,xcu200-fsgd2104-2-e,10,16.22018,1117,0,13,4,15,block_64_1,cyclic_128_1,complete_1,unroll_64,unroll_16,pipeline_1,pipeline_1,pipeline_1,1,8,0.14814453494,False
workload_2774.cpp,xcu200-fsgd2104-2-e,10,17.34658,395,0,1,0,7,block_64_1,cyclic_4_1,complete_1,unroll_64,pipeline_1,unroll_8,pipeline_1,pipeline_1,1,2,0.756510605422,False
workload_2796.cpp,xcu200-fsgd2104-2-e,10,10.79301,440,0,6,2,9,block_64_1,cyclic_64_1,complete_1,unroll_4,unroll_2,unroll_2,pipeline_1,pipeline_1,1,4.25,0.447425768189,False
workload_2580.cpp,xcu200-fsgd2104-2-e,10,138.42821,66,0,0,0,1,block_8_1,block_2_1,complete_1,unroll_16,unroll_8,unroll_32,unroll_16,pipeline_1,1,0.25,0.328755393935,False
workload_2614.cpp,xcu200-fsgd2104-2-e,10,138.08837,67,0,0,0,1,block_8_1,block_2_1,complete_1,unroll_16,unroll_8,unroll_32,unroll_32,pipeline_1,1,0.25,0.330053333521,False
workload_2572.cpp,xcu200-fsgd2104-2-e,10,139.39458,124,0,0,1,1,block_8_1,block_2_1,complete_1,unroll_2,unroll_64,unroll_8,unroll_8,unroll_2,1,0.5,0.323259392082,False
workload_2627.cpp,xcu200-fsgd2104-2-e,10,140.87682,122,0,0,1,1,block_8_1,block_2_1,complete_1,unroll_8,unroll_64,unroll_8,unroll_4,unroll_2,1,0.5,0.31773139032,False
workload_2662.cpp,xcu200-fsgd2104-2-e,10,33.18533,68,0,0,0,0,block_8_1,block_8_1,complete_1,unroll_16,pipeline_1,unroll_32,unroll_8,pipeline_1,1,0,0.908419975711,False
workload_2570.cpp,xcu200-fsgd2104-2-e,10,33.18533,65,0,0,0,0,block_8_1,block_8_1,complete_1,unroll_16,pipeline_1,unroll_32,unroll_8,unroll_2,1,0,0.908419975711,False
workload_2615.cpp,xcu200-fsgd2104-2-e,10,138.09922,145,0,0,0,2,block_8_1,cyclic_128_1,complete_1,pipeline_1,unroll_16,pipeline_1,unroll_32,pipeline_1,1,0.5,0.328146551205,False
workload_2591.cpp,xcu200-fsgd2104-2-e,10,137.9341,187,0,0,0,2,block_8_1,cyclic_128_1,complete_1,pipeline_1,unroll_16,pipeline_1,unroll_64,pipeline_1,1,0.5,0.328773278818,False
workload_2792.cpp,xcu200-fsgd2104-2-e,10,16.69125,409,0,7,3,11,block_8_1,cyclic_32_1,complete_1,unroll_64,pipeline_1,unroll_8,pipeline_1,pipeline_1,1,5.25,0.341120862569,False
workload_2807.cpp,xcu200-fsgd2104-2-e,10,10.75205,429,0,5,2,10,cyclic_128_1,block_128_1,complete_1,pipeline_1,pipeline_1,unroll_8,pipeline_1,unroll_2,1,4.25,0.447416701978,False
workload_2829.cpp,xcu200-fsgd2104-2-e,10,10.75205,470,0,5,2,10,cyclic_128_1,block_128_1,complete_1,unroll_2,pipeline_1,pipeline_1,pipeline_1,pipeline_1,1,4.25,0.447416701978,False
workload_2874.cpp,xcu200-fsgd2104-2-e,10,10.75202,469,0,0,1,6,cyclic_128_1,block_128_1,complete_1,unroll_2,pipeline_1,unroll_8,pipeline_1,pipeline_1,1,1.75,0.797559057687,False
workload_2738.cpp,xcu200-fsgd2104-2-e,10,10.75205,472.5,0,6,2,9.5,cyclic_128_1,block_128_1,complete_1,unroll_2,pipeline_1,unroll_8,pipeline_1,unroll_2,2,4.375,0.433035271998,False
workload_2730.cpp,xcu200-fsgd2104-2-e,10,216.39941,219,0,0,1,6,cyclic_128_1,block_128_1,complete_1,unroll_32,unroll_2,unroll_64,unroll_16,unroll_2,1,1.75,0.122112694824,False
workload_2685.cpp,xcu200-fsgd2104-2-e,10,10.752035,486,0,2.5,1.5,8,cyclic_128_1,block_128_1,complete_1,unroll_4,pipeline_1,pipeline_1,pipeline_1,pipeline_1,2,3,0.60777558702,False
workload_2841.cpp,xcu200-fsgd2104-2-e,10,37.39909,184,0,0,0,1,cyclic_128_1,block_128_1,complete_1,unroll_4,pipeline_1,pipeline_1,unroll_32,unroll_2,1,0.25,0.870617118184,False
workload_2644.cpp,xcu200-fsgd2104-2-e,10,10.75202,492,0,0,1,6,cyclic_128_1,block_128_1,complete_1,unroll_4,unroll_2,pipeline_1,pipeline_1,pipeline_1,1,1.75,0.797559057687,False
workload_2723.cpp,xcu200-fsgd2104-2-e,10,11.03877,450,0,5,2,9,cyclic_128_1,block_16_1,complete_1,pipeline_1,pipeline_1,unroll_8,pipeline_1,unroll_2,1,4,0.477153416168,False
workload_2801.cpp,xcu200-fsgd2104-2-e,10,11.03877,446,0,5,2,9,cyclic_128_1,block_16_1,complete_1,unroll_2,pipeline_1,unroll_8,pipeline_1,unroll_2,1,4,0.477153416168,False
workload_2578.cpp,xcu200-fsgd2104-2-e,10,258.30405,94,0,0,0,1,cyclic_128_1,block_16_1,complete_1,unroll_2,unroll_8,unroll_2,unroll_2,unroll_2,1,0.25,0.1,False
workload_2834.cpp,xcu200-fsgd2104-2-e,10,11.03874,436,0,0,0,6,cyclic_128_1,block_16_1,complete_1,unroll_4,pipeline_1,pipeline_1,pipeline_1,pipeline_1,1,1.5,0.839040972286,False
workload_2726.cpp,xcu200-fsgd2104-2-e,10,11.03874,429,0,0,0,6,cyclic_128_1,block_16_1,complete_1,unroll_4,pipeline_1,unroll_4,pipeline_1,pipeline_1,1,1.5,0.839040972286,False
workload_2927.cpp,xcu200-fsgd2104-2-e,10,11.03874,416,0,0,0,6,cyclic_128_1,block_16_1,complete_1,unroll_4,pipeline_1,unroll_8,pipeline_1,unroll_2,1,1.5,0.839040972286,False
workload_2782.cpp,xcu200-fsgd2104-2-e,10,11.03874,446,0,0,0,6,cyclic_128_1,block_16_1,complete_1,unroll_8,pipeline_1,unroll_4,pipeline_1,pipeline_1,1,1.5,0.839040972286,False
workload_2837.cpp,xcu200-fsgd2104-2-e,10,10.8749,441,0,0,0,6,cyclic_128_1,block_32_1,complete_1,unroll_4,pipeline_1,pipeline_1,pipeline_1,pipeline_1,1,1.5,0.838917735921,False
workload_2694.cpp,xcu200-fsgd2104-2-e,10,12.02181,504,0,5,2,8.5,cyclic_128_1,block_4_1,complete_1,unroll_4,pipeline_1,pipeline_1,pipeline_1,pipeline_1,2,3.875,0.492649103653,False
workload_2661.cpp,xcu200-fsgd2104-2-e,10,134.33029,193,0,0,0,2,cyclic_128_1,block_64_1,complete_1,pipeline_1,unroll_4,unroll_2,unroll_32,pipeline_1,1,0.5,0.342663406945,False
workload_2854.cpp,xcu200-fsgd2104-2-e,10,16.0973,426,0,13,4,14,cyclic_128_1,block_64_1,complete_1,unroll_64,pipeline_1,unroll_8,pipeline_1,pipeline_1,1,7.75,0.159595511664,False
workload_2577.cpp,xcu200-fsgd2104-2-e,10,143.17666,207,0,0,0,1,cyclic_128_1,cyclic_16_1,complete_1,unroll_16,unroll_2,unroll_8,unroll_64,pipeline_1,1,0.25,0.311002877539,False
workload_2836.cpp,xcu200-fsgd2104-2-e,10,10.73157,446,0,6,2,9,cyclic_128_1,cyclic_32_1,complete_1,pipeline_1,pipeline_1,pipeline_1,pipeline_1,pipeline_1,1,4.25,0.4474121351,False
workload_2820.cpp,xcu200-fsgd2104-2-e,10,15.95397,631,0,6,3,10,cyclic_128_1,cyclic_32_1,complete_1,unroll_2,pipeline_1,unroll_16,pipeline_1,unroll_2,1,4.75,0.39207288879,False
workload_2594.cpp,xcu200-fsgd2104-2-e,10,76.35461,224,0,0,0,1,cyclic_128_1,cyclic_32_1,complete_1,unroll_2,pipeline_1,unroll_4,unroll_4,unroll_2,2,0.25,0.626196839042,False
workload_2900.cpp,xcu200-fsgd2104-2-e,10,15.95397,600,0,6,3,10,cyclic_128_1,cyclic_32_1,complete_1,unroll_2,pipeline_1,unroll_64,pipeline_1,unroll_2,1,4.75,0.39207288879,False
workload_2673.cpp,xcu200-fsgd2104-2-e,10,10.73157,544,0,6,2,10,cyclic_128_1,cyclic_32_1,complete_1,unroll_2,pipeline_1,unroll_8,pipeline_1,unroll_2,1,4.5,0.418952008398,False
workload_2889.cpp,xcu200-fsgd2104-2-e,10,128.60162,200,0,0,0,6,cyclic_128_1,cyclic_32_1,complete_1,unroll_32,unroll_32,unroll_64,unroll_8,pipeline_1,1,1.5,0.343394863634,False
workload_2754.cpp,xcu200-fsgd2104-2-e,10,10.73157,459,0,6,2,10,cyclic_128_1,cyclic_32_1,complete_1,unroll_4,pipeline_1,pipeline_1,pipeline_1,pipeline_1,1,4.5,0.418952008398,False
workload_2941.cpp,xcu200-fsgd2104-2-e,10,10.73157,433,0,6,2,10,cyclic_128_1,cyclic_32_1,complete_1,unroll_4,pipeline_1,unroll_8,pipeline_1,unroll_2,1,4.5,0.418952008398,False
workload_2939.cpp,xcu200-fsgd2104-2-e,10,10.73154,437,0,0,0,6,cyclic_128_1,cyclic_4_1,complete_1,pipeline_1,pipeline_1,unroll_8,pipeline_1,pipeline_1,1,1.5,0.838795879719,False
workload_2949.cpp,xcu200-fsgd2104-2-e,10,10.73154,426,0,0,0,6,cyclic_128_1,cyclic_4_1,complete_1,unroll_2,pipeline_1,pipeline_1,pipeline_1,pipeline_1,1,1.5,0.838795879719,False
workload_2827.cpp,xcu200-fsgd2104-2-e,10,10.731555,431,0,3,1,7.5,cyclic_128_1,cyclic_4_1,complete_1,unroll_2,pipeline_1,unroll_8,pipeline_1,pipeline_1,2,2.875,0.625444933437,False
workload_2790.cpp,xcu200-fsgd2104-2-e,10,10.73154,439,0,0,0,6,cyclic_128_1,cyclic_4_1,complete_1,unroll_2,pipeline_1,unroll_8,pipeline_1,unroll_2,2,1.5,0.838795879719,False
workload_2961.cpp,xcu200-fsgd2104-2-e,10,10.73154,437,0,0,0,6,cyclic_128_1,cyclic_4_1,complete_1,unroll_4,pipeline_1,unroll_8,pipeline_1,pipeline_1,1,1.5,0.838795879719,False
workload_2855.cpp,xcu200-fsgd2104-2-e,10,10.73154,440,0,0,0,6,cyclic_128_1,cyclic_4_1,complete_1,unroll_4,pipeline_1,unroll_8,pipeline_1,unroll_2,1,1.5,0.838795879719,False
workload_2729.cpp,xcu200-fsgd2104-2-e,10,32.48386,117,0,0,0,1,cyclic_128_1,cyclic_4_1,complete_1,unroll_64,pipeline_1,pipeline_1,unroll_32,pipeline_1,1,0.25,0.902447850965,False
workload_2764.cpp,xcu200-fsgd2104-2-e,10,10.73157,452.5,0,6,2,10,cyclic_128_1,cyclic_64_1,complete_1,pipeline_1,pipeline_1,unroll_8,pipeline_1,pipeline_1,2,4.5,0.418952008398,False
workload_2964.cpp,xcu200-fsgd2104-2-e,10,10.73154,419,0,0,0,6,cyclic_128_1,cyclic_64_1,complete_1,unroll_2,pipeline_1,pipeline_1,pipeline_1,pipeline_1,1,1.5,0.838795879719,False
workload_2806.cpp,xcu200-fsgd2104-2-e,10,10.73157,446,0,6,2,10,cyclic_128_1,cyclic_64_1,complete_1,unroll_2,pipeline_1,unroll_8,pipeline_1,pipeline_1,2,4.5,0.418952008398,False
workload_2957.cpp,xcu200-fsgd2104-2-e,10,10.73154,439.5,0,0,0,6,cyclic_128_1,cyclic_64_1,complete_1,unroll_2,unroll_2,pipeline_1,pipeline_1,pipeline_1,2,1.5,0.838795879719,False
workload_2705.cpp,xcu200-fsgd2104-2-e,10,138.09029,175,0,0,0,1,cyclic_128_1,cyclic_64_1,complete_1,unroll_32,unroll_32,unroll_64,unroll_16,unroll_2,1,0.25,0.330045990244,False
workload_2887.cpp,xcu200-fsgd2104-2-e,10,10.73154,419,0,0,0,6,cyclic_128_1,cyclic_64_1,complete_1,unroll_4,pipeline_1,pipeline_1,pipeline_1,pipeline_1,1,1.5,0.838795879719,False
workload_2817.cpp,xcu200-fsgd2104-2-e,10,10.73157,473,0,6,2,10,cyclic_128_1,cyclic_64_1,complete_1,unroll_4,pipeline_1,unroll_8,pipeline_1,pipeline_1,1,4.5,0.418952008398,False
workload_3399.cpp,xcu200-fsgd2104-2-e,10,10.73154,448,0,0,0,6,cyclic_128_1,cyclic_8_1,complete_1,pipeline_1,pipeline_1,unroll_8,pipeline_1,pipeline_1,1,1.5,0.838795879719,False
workload_2891.cpp,xcu200-fsgd2104-2-e,10,11.03874,436,0,0,0,5,cyclic_16_1,block_16_1,complete_1,unroll_2,pipeline_1,unroll_8,pipeline_1,pipeline_1,1,1.25,0.880234041993,False
workload_2910.cpp,xcu200-fsgd2104-2-e,10,75.04898,53,0,0,0,0,cyclic_16_1,block_16_1,complete_1,unroll_2,pipeline_1,unroll_8,unroll_2,unroll_2,1,0,0.635792767422,False
workload_2924.cpp,xcu200-fsgd2104-2-e,10,11.03874,407,0,0,0,5,cyclic_16_1,block_16_1,complete_1,unroll_2,unroll_2,pipeline_1,pipeline_1,pipeline_1,1,1.25,0.880234041993,False
workload_2794.cpp,xcu200-fsgd2104-2-e,10,15.95394,1004,0,0,1,6,cyclic_16_1,cyclic_128_1,complete_1,pipeline_1,pipeline_1,unroll_32,pipeline_1,pipeline_1,1,1.75,0.796958841239,False
workload_3146.cpp,xcu200-fsgd2104-2-e,10,10.73154,418,0,0,1,5,cyclic_16_1,cyclic_128_1,complete_1,pipeline_1,pipeline_1,unroll_8,pipeline_1,pipeline_1,1,1.5,0.838795879719,False
workload_2960.cpp,xcu200-fsgd2104-2-e,10,10.73154,438,0,0,1,5,cyclic_16_1,cyclic_128_1,complete_1,unroll_4,unroll_2,unroll_8,pipeline_1,pipeline_1,1,1.5,0.838795879719,False
workload_2621.cpp,xcu200-fsgd2104-2-e,10,130.38274,211,0,0,1,7,cyclic_16_1,cyclic_128_1,complete_1,unroll_8,unroll_64,unroll_64,unroll_32,pipeline_1,1,2,0.319469410661,False
workload_3347.cpp,xcu200-fsgd2104-2-e,10,19.4701,66,0,1,0,1,cyclic_16_1,cyclic_16_1,complete_1,unroll_64,unroll_16,unroll_64,unroll_16,unroll_2,1,0.5,0.940196617129,False
workload_3167.cpp,xcu200-fsgd2104-2-e,10,15.97442,458,0,0,1,5,cyclic_16_1,cyclic_2_1,complete_1,unroll_4,unroll_4,unroll_16,pipeline_1,pipeline_1,1,1.5,0.835719546113,False
workload_3219.cpp,xcu200-fsgd2104-2-e,10,10.73154,417,0,0,0,5,cyclic_16_1,cyclic_32_1,complete_1,pipeline_1,pipeline_1,pipeline_1,pipeline_1,pipeline_1,3,1.25,1,True
workload_3318.cpp,xcu200-fsgd2104-2-e,10,10.73154,421,0,0,0,5,cyclic_16_1,cyclic_32_1,complete_1,pipeline_1,pipeline_1,pipeline_1,pipeline_1,unroll_2,1,1.25,1,True
workload_3004.cpp,xcu200-fsgd2104-2-e,10,15.95394,565,0,0,1,5,cyclic_16_1,cyclic_32_1,complete_1,pipeline_1,pipeline_1,unroll_64,pipeline_1,unroll_2,1,1.5,0.835755822713,False
workload_3199.cpp,xcu200-fsgd2104-2-e,10,10.73154,420,0,0,0,5,cyclic_16_1,cyclic_32_1,complete_1,pipeline_1,pipeline_1,unroll_8,pipeline_1,pipeline_1,3,1.25,1,True
workload_3119.cpp,xcu200-fsgd2104-2-e,10,10.73154,436,0,0,0,5,cyclic_16_1,cyclic_32_1,complete_1,pipeline_1,pipeline_1,unroll_8,pipeline_1,unroll_2,1,1.25,1,True
workload_3123.cpp,xcu200-fsgd2104-2-e,10,15.95394,565,0,0,1,5,cyclic_16_1,cyclic_32_1,complete_1,pipeline_1,unroll_2,unroll_64,pipeline_1,pipeline_1,1,1.5,0.835755822713,False
workload_3176.cpp,xcu200-fsgd2104-2-e,10,10.73154,424,0,0,0,5,cyclic_16_1,cyclic_32_1,complete_1,pipeline_1,unroll_2,unroll_8,pipeline_1,pipeline_1,1,1.25,1,True
workload_3183.cpp,xcu200-fsgd2104-2-e,10,10.73154,401,0,0,0,5,cyclic_16_1,cyclic_32_1,complete_1,pipeline_1,unroll_4,unroll_4,pipeline_1,pipeline_1,1,1.25,1,True
workload_3391.cpp,xcu200-fsgd2104-2-e,10,16.03586,357,0,2,0,6,cyclic_16_1,cyclic_32_1,complete_1,unroll_16,unroll_2,pipeline_1,pipeline_1,pipeline_1,1,2,0.757457885892,False
workload_3071.cpp,xcu200-fsgd2104-2-e,10,10.73154,425,0,0,0,5,cyclic_16_1,cyclic_32_1,complete_1,unroll_2,pipeline_1,pipeline_1,pipeline_1,pipeline_1,4,1.25,1,True
workload_3029.cpp,xcu200-fsgd2104-2-e,10,10.73154,410,0,0,0,5,cyclic_16_1,cyclic_32_1,complete_1,unroll_2,pipeline_1,pipeline_1,pipeline_1,unroll_2,1,1.25,1,True
workload_3165.cpp,xcu200-fsgd2104-2-e,10,10.73154,446,0,0,0,5,cyclic_16_1,cyclic_32_1,complete_1,unroll_2,pipeline_1,unroll_2,pipeline_1,pipeline_1,1,1.25,1,True
workload_3023.cpp,xcu200-fsgd2104-2-e,10,10.73154,428,0,0,0,5,cyclic_16_1,cyclic_32_1,complete_1,unroll_2,pipeline_1,unroll_8,pipeline_1,pipeline_1,1,1.25,1,True
workload_3024.cpp,xcu200-fsgd2104-2-e,10,10.73154,427,0,0,0,5,cyclic_16_1,cyclic_32_1,complete_1,unroll_2,unroll_2,pipeline_1,pipeline_1,pipeline_1,3,1.25,1,True
workload_2866.cpp,xcu200-fsgd2104-2-e,10,10.73154,411,0,0,0,5,cyclic_16_1,cyclic_32_1,complete_1,unroll_2,unroll_2,pipeline_1,pipeline_1,unroll_2,1,1.25,1,True
workload_3228.cpp,xcu200-fsgd2104-2-e,10,10.73154,445,0,0,0,5,cyclic_16_1,cyclic_32_1,complete_1,unroll_2,unroll_2,unroll_4,pipeline_1,pipeline_1,1,1.25,1,True
workload_3070.cpp,xcu200-fsgd2104-2-e,10,10.73154,419,0,0,0,5,cyclic_16_1,cyclic_32_1,complete_1,unroll_2,unroll_2,unroll_8,pipeline_1,unroll_2,1,1.25,1,True
workload_3187.cpp,xcu200-fsgd2104-2-e,10,138.73666,78,0,0,0,3,cyclic_16_1,cyclic_32_1,complete_1,unroll_2,unroll_32,pipeline_1,unroll_16,pipeline_1,1,0.75,0.322692543236,False
workload_3032.cpp,xcu200-fsgd2104-2-e,10,22.66501,63,0,0,0,0,cyclic_16_1,cyclic_32_1,complete_1,unroll_32,pipeline_1,unroll_64,unroll_16,unroll_2,1,0,0.985715859056,False
workload_2809.cpp,xcu200-fsgd2104-2-e,10,22.33026,74,0,0,0,0,cyclic_16_1,cyclic_32_1,complete_1,unroll_32,pipeline_1,unroll_64,unroll_32,pipeline_1,1,0,0.988233289363,False
workload_3089.cpp,xcu200-fsgd2104-2-e,10,205.92002,62,0,0,0,0,cyclic_16_1,cyclic_32_1,complete_1,unroll_32,unroll_2,unroll_64,unroll_16,unroll_2,1,0,0.143876947558,False
workload_3291.cpp,xcu200-fsgd2104-2-e,10,16.18434,66,0,1,0,1,cyclic_16_1,cyclic_32_1,complete_1,unroll_32,unroll_32,pipeline_1,unroll_16,unroll_2,1,0.5,0.949485845678,False
workload_3010.cpp,xcu200-fsgd2104-2-e,10,26.03266,67,0,1,0,1,cyclic_16_1,cyclic_32_1,complete_1,unroll_32,unroll_32,pipeline_1,unroll_8,unroll_2,1,0.5,0.912736334419,False
workload_3265.cpp,xcu200-fsgd2104-2-e,10,16.1933,70,0,1,0,1,cyclic_16_1,cyclic_32_1,complete_1,unroll_32,unroll_32,unroll_64,unroll_16,unroll_2,1,0.5,0.949464322256,False
workload_2951.cpp,xcu200-fsgd2104-2-e,10,16.86274,67,0,1,0,1,cyclic_16_1,cyclic_32_1,complete_1,unroll_32,unroll_32,unroll_64,unroll_8,unroll_2,1,0.5,0.947800398165,False
workload_3091.cpp,xcu200-fsgd2104-2-e,10,10.73154,429,0,0,0,5,cyclic_16_1,cyclic_32_1,complete_1,unroll_4,pipeline_1,pipeline_1,pipeline_1,pipeline_1,3,1.25,1,True
workload_2942.cpp,xcu200-fsgd2104-2-e,10,10.73154,431,0,0,0,5,cyclic_16_1,cyclic_32_1,complete_1,unroll_4,pipeline_1,pipeline_1,pipeline_1,unroll_2,1,1.25,1,True
workload_3220.cpp,xcu200-fsgd2104-2-e,10,10.73154,408,0,0,0,5,cyclic_16_1,cyclic_32_1,complete_1,unroll_4,unroll_2,pipeline_1,pipeline_1,pipeline_1,1,1.25,1,True
workload_2893.cpp,xcu200-fsgd2104-2-e,10,10.73154,441,0,0,0,5,cyclic_16_1,cyclic_32_1,complete_1,unroll_4,unroll_2,pipeline_1,pipeline_1,unroll_2,1,1.25,1,True
workload_3266.cpp,xcu200-fsgd2104-2-e,10,220.98434,55,0,0,0,0,cyclic_16_1,cyclic_32_1,complete_1,unroll_4,unroll_2,pipeline_1,unroll_16,unroll_2,1,0,0.122297374849,False
workload_2973.cpp,xcu200-fsgd2104-2-e,10,10.73154,427.5,0,0,0,5,cyclic_16_1,cyclic_32_1,complete_1,unroll_4,unroll_2,unroll_8,pipeline_1,pipeline_1,2,1.25,1,True
workload_2995.cpp,xcu200-fsgd2104-2-e,10,10.73154,411,0,0,0,5,cyclic_16_1,cyclic_32_1,complete_1,unroll_4,unroll_2,unroll_8,pipeline_1,unroll_2,1,1.25,1,True
workload_3001.cpp,xcu200-fsgd2104-2-e,10,17.22373,864,0,3,1,7,cyclic_16_1,cyclic_32_1,complete_1,unroll_4,unroll_32,pipeline_1,pipeline_1,unroll_2,1,2.75,0.64365451955,False
workload_3359.cpp,xcu200-fsgd2104-2-e,10,139.7197,57,0,0,0,0,cyclic_16_1,cyclic_32_1,complete_1,unroll_4,unroll_4,pipeline_1,unroll_16,pipeline_1,1,0,0.324464614707,False
workload_3430.cpp,xcu200-fsgd2104-2-e,10,16.03586,376,0,2,0,6,cyclic_16_1,cyclic_32_1,complete_1,unroll_64,pipeline_1,pipeline_1,pipeline_1,pipeline_1,1,2,0.757457885892,False
workload_3214.cpp,xcu200-fsgd2104-2-e,10,16.03586,373,0,2,0,6,cyclic_16_1,cyclic_32_1,complete_1,unroll_64,unroll_2,pipeline_1,pipeline_1,pipeline_1,1,2,0.757457885892,False
workload_3233.cpp,xcu200-fsgd2104-2-e,10,132.18306,61,0,0,0,0,cyclic_16_1,cyclic_32_1,complete_1,unroll_64,unroll_2,pipeline_1,unroll_16,pipeline_1,1,0,0.353882408208,False
workload_3078.cpp,xcu200-fsgd2104-2-e,10,206.58565,62,0,0,0,0,cyclic_16_1,cyclic_32_1,complete_1,unroll_64,unroll_2,unroll_8,unroll_16,unroll_2,1,0,0.142770658243,False
workload_3320.cpp,xcu200-fsgd2104-2-e,10,118.09282,80,0,0,0,3,cyclic_16_1,cyclic_32_1,complete_1,unroll_64,unroll_32,pipeline_1,unroll_16,pipeline_1,1,0.75,0.405935962638,False
workload_3135.cpp,xcu200-fsgd2104-2-e,10,15.85666,69,0,1,0,1,cyclic_16_1,cyclic_32_1,complete_1,unroll_64,unroll_32,pipeline_1,unroll_16,unroll_2,1,0.5,1,True
workload_3378.cpp,xcu200-fsgd2104-2-e,10,17.24418,444,0,3,1,8,cyclic_16_1,cyclic_32_1,complete_1,unroll_64,unroll_32,unroll_8,pipeline_1,unroll_2,1,3,0.608066810289,False
workload_3212.cpp,xcu200-fsgd2104-2-e,10,16.03586,372,0,2,0,6,cyclic_16_1,cyclic_32_1,complete_1,unroll_64,unroll_4,pipeline_1,pipeline_1,unroll_2,1,2,0.757457885892,False
workload_3365.cpp,xcu200-fsgd2104-2-e,10,10.73154,440,0,0,0,5,cyclic_16_1,cyclic_4_1,complete_1,pipeline_1,pipeline_1,pipeline_1,pipeline_1,pipeline_1,1,1.25,1,True
workload_3014.cpp,xcu200-fsgd2104-2-e,10,10.73154,435.5,0,0,0,5,cyclic_16_1,cyclic_4_1,complete_1,pipeline_1,pipeline_1,unroll_8,pipeline_1,pipeline_1,2,1.25,1,True
workload_3312.cpp,xcu200-fsgd2104-2-e,10,10.73154,422,0,0,0,5,cyclic_16_1,cyclic_4_1,complete_1,pipeline_1,unroll_2,unroll_8,pipeline_1,pipeline_1,2,1.25,1,True
workload_3082.cpp,xcu200-fsgd2104-2-e,10,10.73154,419.5,0,0,0,5,cyclic_16_1,cyclic_4_1,complete_1,unroll_2,pipeline_1,pipeline_1,pipeline_1,pipeline_1,2,1.25,1,True
workload_3364.cpp,xcu200-fsgd2104-2-e,10,10.73154,429,0,0,0,5,cyclic_16_1,cyclic_4_1,complete_1,unroll_2,pipeline_1,pipeline_1,pipeline_1,unroll_2,2,1.25,1,True
workload_2878.cpp,xcu200-fsgd2104-2-e,10,10.73154,416.5,0,0,0,5,cyclic_16_1,cyclic_4_1,complete_1,unroll_2,pipeline_1,unroll_8,pipeline_1,pipeline_1,2,1.25,1,True
workload_2940.cpp,xcu200-fsgd2104-2-e,10,75.04898,48,0,0,0,0,cyclic_16_1,cyclic_4_1,complete_1,unroll_2,pipeline_1,unroll_8,unroll_2,pipeline_1,1,0,0.635792767422,False
workload_3274.cpp,xcu200-fsgd2104-2-e,10,10.73154,427,0,0,0,5,cyclic_16_1,cyclic_4_1,complete_1,unroll_2,unroll_2,pipeline_1,pipeline_1,pipeline_1,1,1.25,1,True
workload_2983.cpp,xcu200-fsgd2104-2-e,10,10.73154,416,0,0,0,5,cyclic_16_1,cyclic_4_1,complete_1,unroll_2,unroll_2,pipeline_1,pipeline_1,unroll_2,1,1.25,1,True
workload_2609.cpp,xcu200-fsgd2104-2-e,10,148.8973,56,0,0,0,0,cyclic_16_1,cyclic_4_1,complete_1,unroll_2,unroll_2,unroll_2,unroll_8,pipeline_1,1,0,0.291086879729,False
workload_3185.cpp,xcu200-fsgd2104-2-e,10,10.73154,420.5,0,0,0,5,cyclic_16_1,cyclic_4_1,complete_1,unroll_2,unroll_2,unroll_8,pipeline_1,pipeline_1,2,1.25,1,True
workload_2944.cpp,xcu200-fsgd2104-2-e,10,10.73154,424,0,0,0,5,cyclic_16_1,cyclic_4_1,complete_1,unroll_2,unroll_2,unroll_8,pipeline_1,unroll_2,1,1.25,1,True
workload_2862.cpp,xcu200-fsgd2104-2-e,10,179.66082,49,0,0,0,0,cyclic_16_1,cyclic_4_1,complete_1,unroll_2,unroll_2,unroll_8,unroll_2,pipeline_1,1,0,0.198790567667,False
workload_2990.cpp,xcu200-fsgd2104-2-e,10,226.84674,48,0,0,0,0,cyclic_16_1,cyclic_4_1,complete_1,unroll_2,unroll_2,unroll_8,unroll_2,unroll_2,1,0,0.115855109624,False
workload_3279.cpp,xcu200-fsgd2104-2-e,10,10.73154,426,0,0,0,5,cyclic_16_1,cyclic_4_1,complete_1,unroll_2,unroll_4,pipeline_1,pipeline_1,pipeline_1,1,1.25,1,True
workload_3049.cpp,xcu200-fsgd2104-2-e,10,10.73154,422.5,0,0,0,5,cyclic_16_1,cyclic_4_1,complete_1,unroll_4,pipeline_1,pipeline_1,pipeline_1,pipeline_1,2,1.25,1,True
workload_3037.cpp,xcu200-fsgd2104-2-e,10,10.73154,430,0,0,0,5,cyclic_16_1,cyclic_4_1,complete_1,unroll_4,pipeline_1,pipeline_1,pipeline_1,unroll_2,3,1.25,1,True
workload_3026.cpp,xcu200-fsgd2104-2-e,10,10.73154,429,0,0,0,5,cyclic_16_1,cyclic_4_1,complete_1,unroll_4,pipeline_1,unroll_8,pipeline_1,pipeline_1,3,1.25,1,True
workload_3013.cpp,xcu200-fsgd2104-2-e,10,10.73154,432,0,0,0,5,cyclic_16_1,cyclic_4_1,complete_1,unroll_4,pipeline_1,unroll_8,pipeline_1,unroll_2,1,1.25,1,True
workload_2968.cpp,xcu200-fsgd2104-2-e,10,10.73154,407,0,0,0,5,cyclic_16_1,cyclic_4_1,complete_1,unroll_4,unroll_2,pipeline_1,pipeline_1,pipeline_1,3,1.25,1,True
workload_3022.cpp,xcu200-fsgd2104-2-e,10,142.3501,54,0,0,0,0,cyclic_16_1,cyclic_4_1,complete_1,unroll_4,unroll_2,unroll_64,unroll_16,pipeline_1,1,0,0.314623668831,False
workload_2775.cpp,xcu200-fsgd2104-2-e,10,10.73154,421,0,0,0,5,cyclic_16_1,cyclic_4_1,complete_1,unroll_4,unroll_2,unroll_8,pipeline_1,pipeline_1,4,1.25,1,True
workload_2898.cpp,xcu200-fsgd2104-2-e,10,142.42178,52,0,0,0,0,cyclic_16_1,cyclic_4_1,complete_1,unroll_4,unroll_2,unroll_8,unroll_16,pipeline_1,1,0,0.314358584513,False
workload_3115.cpp,xcu200-fsgd2104-2-e,10,10.73154,420.5,0,0,0,5,cyclic_16_1,cyclic_4_1,complete_1,unroll_4,unroll_4,unroll_8,pipeline_1,pipeline_1,2,1.25,1,True
workload_2762.cpp,xcu200-fsgd2104-2-e,10,22.99074,58,0,0,0,0,cyclic_16_1,cyclic_4_1,complete_1,unroll_64,pipeline_1,unroll_8,unroll_32,pipeline_1,1,0,0.983269691537,False
workload_3418.cpp,xcu200-fsgd2104-2-e,10,17.3261,368,0,1,0,6,cyclic_16_1,cyclic_4_1,complete_1,unroll_64,unroll_2,pipeline_1,pipeline_1,unroll_2,1,1.75,0.795425716279,False
workload_3210.cpp,xcu200-fsgd2104-2-e,10,17.3261,543,0,1,1,6,cyclic_16_1,cyclic_4_1,complete_1,unroll_64,unroll_2,unroll_64,pipeline_1,unroll_2,1,2,0.756528223472,False
workload_3288.cpp,xcu200-fsgd2104-2-e,10,20.68482,2008,0,1,2,7,cyclic_16_1,cyclic_4_1,complete_1,unroll_64,unroll_32,pipeline_1,pipeline_1,pipeline_1,1,2.5,0.67795345221,False
workload_3074.cpp,xcu200-fsgd2104-2-e,10,10.73154,413,0,0,0,5,cyclic_16_1,cyclic_4_1,complete_1,unroll_8,pipeline_1,pipeline_1,pipeline_1,pipeline_1,1,1.25,1,True
workload_3019.cpp,xcu200-fsgd2104-2-e,10,10.73154,416,0,0,0,5,cyclic_16_1,cyclic_4_1,complete_1,unroll_8,unroll_2,pipeline_1,pipeline_1,pipeline_1,1,1.25,1,True
workload_2569.cpp,xcu200-fsgd2104-2-e,10,154.79298,57,0,0,0,0,cyclic_16_1,cyclic_4_1,complete_1,unroll_8,unroll_2,unroll_2,unroll_4,pipeline_1,1,0,0.271061650987,False
workload_3128.cpp,xcu200-fsgd2104-2-e,10,10.73154,427,0,0,0,5,cyclic_16_1,cyclic_64_1,complete_1,pipeline_1,pipeline_1,pipeline_1,pipeline_1,pipeline_1,3,1.25,1,True
workload_2996.cpp,xcu200-fsgd2104-2-e,10,10.73154,429,0,0,0,5,cyclic_16_1,cyclic_64_1,complete_1,pipeline_1,pipeline_1,pipeline_1,pipeline_1,unroll_2,1,1.25,1,True
workload_3292.cpp,xcu200-fsgd2104-2-e,10,10.73154,416,0,0,0,5,cyclic_16_1,cyclic_64_1,complete_1,pipeline_1,pipeline_1,unroll_4,pipeline_1,pipeline_1,1,1.25,1,True
workload_3018.cpp,xcu200-fsgd2104-2-e,10,10.73154,419,0,0,0,5,cyclic_16_1,cyclic_64_1,complete_1,pipeline_1,pipeline_1,unroll_8,pipeline_1,pipeline_1,5,1.25,1,True
workload_3062.cpp,xcu200-fsgd2104-2-e,10,10.73154,435,0,0,0,5,cyclic_16_1,cyclic_64_1,complete_1,pipeline_1,pipeline_1,unroll_8,pipeline_1,unroll_2,3,1.25,1,True
workload_3397.cpp,xcu200-fsgd2104-2-e,10,10.73154,437,0,0,0,5,cyclic_16_1,cyclic_64_1,complete_1,pipeline_1,unroll_2,pipeline_1,pipeline_1,pipeline_1,1,1.25,1,True
workload_3090.cpp,xcu200-fsgd2104-2-e,10,10.73154,417,0,0,0,5,cyclic_16_1,cyclic_64_1,complete_1,pipeline_1,unroll_2,unroll_8,pipeline_1,pipeline_1,1,1.25,1,True
workload_3160.cpp,xcu200-fsgd2104-2-e,10,10.73154,449,0,0,0,5,cyclic_16_1,cyclic_64_1,complete_1,pipeline_1,unroll_4,unroll_8,pipeline_1,pipeline_1,1,1.25,1,True
workload_2904.cpp,xcu200-fsgd2104-2-e,10,10.73154,434,0,0,0,5,cyclic_16_1,cyclic_64_1,complete_1,unroll_2,pipeline_1,pipeline_1,pipeline_1,pipeline_1,3,1.25,1,True
workload_2831.cpp,xcu200-fsgd2104-2-e,10,10.73154,428.5,0,0,0,5,cyclic_16_1,cyclic_64_1,complete_1,unroll_2,pipeline_1,pipeline_1,pipeline_1,unroll_2,2,1.25,1,True
workload_3059.cpp,xcu200-fsgd2104-2-e,10,10.73154,418,0,0,0,5,cyclic_16_1,cyclic_64_1,complete_1,unroll_2,pipeline_1,unroll_2,pipeline_1,unroll_2,1,1.25,1,True
workload_2852.cpp,xcu200-fsgd2104-2-e,10,10.73154,419.5,0,0,0,5,cyclic_16_1,cyclic_64_1,complete_1,unroll_2,pipeline_1,unroll_8,pipeline_1,pipeline_1,2,1.25,1,True
workload_2933.cpp,xcu200-fsgd2104-2-e,10,10.73154,422,0,0,0,5,cyclic_16_1,cyclic_64_1,complete_1,unroll_2,unroll_2,pipeline_1,pipeline_1,pipeline_1,2,1.25,1,True
workload_3042.cpp,xcu200-fsgd2104-2-e,10,10.73154,407,0,0,0,5,cyclic_16_1,cyclic_64_1,complete_1,unroll_2,unroll_2,pipeline_1,pipeline_1,unroll_2,1,1.25,1,True
workload_3008.cpp,xcu200-fsgd2104-2-e,10,15.95394,650,0,0,1,6,cyclic_16_1,cyclic_64_1,complete_1,unroll_2,unroll_2,unroll_16,pipeline_1,unroll_2,1,1.75,0.796958841239,False
workload_3153.cpp,xcu200-fsgd2104-2-e,10,10.73154,431,0,0,0,5,cyclic_16_1,cyclic_64_1,complete_1,unroll_2,unroll_2,unroll_4,pipeline_1,pipeline_1,1,1.25,1,True
workload_3015.cpp,xcu200-fsgd2104-2-e,10,10.73154,439,0,0,0,5,cyclic_16_1,cyclic_64_1,complete_1,unroll_2,unroll_2,unroll_8,pipeline_1,pipeline_1,1,1.25,1,True
workload_2974.cpp,xcu200-fsgd2104-2-e,10,10.73154,431,0,0,0,5,cyclic_16_1,cyclic_64_1,complete_1,unroll_2,unroll_2,unroll_8,pipeline_1,unroll_2,1,1.25,1,True
workload_3203.cpp,xcu200-fsgd2104-2-e,10,10.73154,439,0,0,0,5,cyclic_16_1,cyclic_64_1,complete_1,unroll_2,unroll_4,unroll_8,pipeline_1,pipeline_1,1,1.25,1,True
workload_3099.cpp,xcu200-fsgd2104-2-e,10,127.60453,80,0,0,0,1,cyclic_16_1,cyclic_64_1,complete_1,unroll_32,unroll_32,unroll_64,unroll_16,unroll_2,1,0.25,0.371891629846,False
workload_2880.cpp,xcu200-fsgd2104-2-e,10,10.73154,417,0,0,0,5,cyclic_16_1,cyclic_64_1,complete_1,unroll_4,pipeline_1,pipeline_1,pipeline_1,pipeline_1,4,1.25,1,True
workload_2999.cpp,xcu200-fsgd2104-2-e,10,10.73154,426.5,0,0,0,5,cyclic_16_1,cyclic_64_1,complete_1,unroll_4,pipeline_1,pipeline_1,pipeline_1,unroll_2,4,1.25,1,True
workload_2956.cpp,xcu200-fsgd2104-2-e,10,10.73154,428,0,0,0,5,cyclic_16_1,cyclic_64_1,complete_1,unroll_4,pipeline_1,unroll_8,pipeline_1,pipeline_1,3,1.25,1,True
workload_2987.cpp,xcu200-fsgd2104-2-e,10,10.73154,429.5,0,0,0,5,cyclic_16_1,cyclic_64_1,complete_1,unroll_4,pipeline_1,unroll_8,pipeline_1,unroll_2,2,1.25,1,True
workload_3006.cpp,xcu200-fsgd2104-2-e,10,10.73154,416,0,0,0,5,cyclic_16_1,cyclic_64_1,complete_1,unroll_4,unroll_2,pipeline_1,pipeline_1,pipeline_1,5,1.25,1,True
workload_3387.cpp,xcu200-fsgd2104-2-e,10,10.73154,416,0,0,0,5,cyclic_16_1,cyclic_64_1,complete_1,unroll_4,unroll_2,pipeline_1,pipeline_1,unroll_2,1,1.25,1,True
workload_3254.cpp,xcu200-fsgd2104-2-e,10,10.73154,424,0,0,0,5,cyclic_16_1,cyclic_64_1,complete_1,unroll_4,unroll_2,unroll_4,pipeline_1,pipeline_1,1,1.25,1,True
workload_3403.cpp,xcu200-fsgd2104-2-e,10,10.73154,427,0,0,0,5,cyclic_16_1,cyclic_64_1,complete_1,unroll_4,unroll_2,unroll_4,pipeline_1,unroll_2,1,1.25,1,True
workload_3069.cpp,xcu200-fsgd2104-2-e,10,10.73154,430,0,0,0,5,cyclic_16_1,cyclic_64_1,complete_1,unroll_4,unroll_2,unroll_8,pipeline_1,pipeline_1,3,1.25,1,True
workload_3067.cpp,xcu200-fsgd2104-2-e,10,17.24418,938,0,3,1,8,cyclic_16_1,cyclic_64_1,complete_1,unroll_4,unroll_32,pipeline_1,pipeline_1,unroll_2,1,3,0.608066810289,False
workload_3209.cpp,xcu200-fsgd2104-2-e,10,142.74946,76,0,0,0,0,cyclic_16_1,cyclic_64_1,complete_1,unroll_4,unroll_32,unroll_8,unroll_16,unroll_2,1,0,0.313148856504,False
workload_3111.cpp,xcu200-fsgd2104-2-e,10,10.73154,407,0,0,0,5,cyclic_16_1,cyclic_64_1,complete_1,unroll_4,unroll_4,pipeline_1,pipeline_1,unroll_2,1,1.25,1,True
workload_3355.cpp,xcu200-fsgd2104-2-e,10,10.73154,443,0,0,0,5,cyclic_16_1,cyclic_64_1,complete_1,unroll_4,unroll_4,unroll_8,pipeline_1,pipeline_1,1,1.25,1,True
workload_3326.cpp,xcu200-fsgd2104-2-e,10,128.2701,83,0,0,0,1,cyclic_16_1,cyclic_64_1,complete_1,unroll_64,unroll_32,unroll_8,unroll_16,unroll_2,1,0.25,0.369132045087,False
workload_3154.cpp,xcu200-fsgd2104-2-e,10,10.73154,434,0,0,0,5,cyclic_16_1,cyclic_64_1,complete_1,unroll_8,pipeline_1,pipeline_1,pipeline_1,pipeline_1,1,1.25,1,True
workload_3142.cpp,xcu200-fsgd2104-2-e,10,10.73154,428,0,0,0,5,cyclic_16_1,cyclic_64_1,complete_1,unroll_8,pipeline_1,pipeline_1,pipeline_1,unroll_2,1,1.25,1,True
workload_3335.cpp,xcu200-fsgd2104-2-e,10,10.73154,434,0,0,0,5,cyclic_16_1,cyclic_8_1,complete_1,pipeline_1,pipeline_1,pipeline_1,pipeline_1,pipeline_1,1,1.25,1,True
workload_3381.cpp,xcu200-fsgd2104-2-e,10,10.73154,441,0,0,0,5,cyclic_16_1,cyclic_8_1,complete_1,pipeline_1,pipeline_1,unroll_8,pipeline_1,pipeline_1,3,1.25,1,True
workload_3270.cpp,xcu200-fsgd2104-2-e,10,10.73154,417.5,0,0,0,5,cyclic_16_1,cyclic_8_1,complete_1,pipeline_1,unroll_2,unroll_8,pipeline_1,pipeline_1,2,1.25,1,True
workload_3151.cpp,xcu200-fsgd2104-2-e,10,10.73154,420,0,0,0,5,cyclic_16_1,cyclic_8_1,complete_1,unroll_2,pipeline_1,pipeline_1,pipeline_1,pipeline_1,2,1.25,1,True
workload_3384.cpp,xcu200-fsgd2104-2-e,10,10.73154,399,0,0,0,5,cyclic_16_1,cyclic_8_1,complete_1,unroll_2,pipeline_1,pipeline_1,pipeline_1,unroll_2,1,1.25,1,True
workload_3201.cpp,xcu200-fsgd2104-2-e,10,10.73154,421,0,0,0,5,cyclic_16_1,cyclic_8_1,complete_1,unroll_2,pipeline_1,unroll_2,pipeline_1,pipeline_1,1,1.25,1,True
workload_3261.cpp,xcu200-fsgd2104-2-e,10,10.73154,451,0,0,0,5,cyclic_16_1,cyclic_8_1,complete_1,unroll_2,pipeline_1,unroll_4,pipeline_1,pipeline_1,1,1.25,1,True
workload_3250.cpp,xcu200-fsgd2104-2-e,10,10.73154,421.5,0,0,0,5,cyclic_16_1,cyclic_8_1,complete_1,unroll_2,pipeline_1,unroll_8,pipeline_1,pipeline_1,2,1.25,1,True
workload_3106.cpp,xcu200-fsgd2104-2-e,10,10.73154,421,0,0,0,5,cyclic_16_1,cyclic_8_1,complete_1,unroll_2,pipeline_1,unroll_8,pipeline_1,unroll_2,1,1.25,1,True
workload_3427.cpp,xcu200-fsgd2104-2-e,10,10.73154,420,0,0,0,5,cyclic_16_1,cyclic_8_1,complete_1,unroll_2,unroll_2,unroll_8,pipeline_1,unroll_2,1,1.25,1,True
workload_3221.cpp,xcu200-fsgd2104-2-e,10,10.73154,402,0,0,0,5,cyclic_16_1,cyclic_8_1,complete_1,unroll_2,unroll_4,unroll_8,pipeline_1,pipeline_1,1,1.25,1,True
workload_3409.cpp,xcu200-fsgd2104-2-e,10,10.73154,413,0,0,0,5,cyclic_16_1,cyclic_8_1,complete_1,unroll_4,pipeline_1,unroll_4,pipeline_1,pipeline_1,1,1.25,1,True
workload_3305.cpp,xcu200-fsgd2104-2-e,10,10.73154,412,0,0,0,5,cyclic_16_1,cyclic_8_1,complete_1,unroll_4,pipeline_1,unroll_8,pipeline_1,unroll_2,1,1.25,1,True
workload_3227.cpp,xcu200-fsgd2104-2-e,10,10.73154,439,0,0,0,5,cyclic_16_1,cyclic_8_1,complete_1,unroll_4,unroll_2,pipeline_1,pipeline_1,pipeline_1,1,1.25,1,True
workload_3055.cpp,xcu200-fsgd2104-2-e,10,10.73154,421,0,0,0,5,cyclic_16_1,cyclic_8_1,complete_1,unroll_4,unroll_2,unroll_8,pipeline_1,pipeline_1,2,1.25,1,True
workload_3223.cpp,xcu200-fsgd2104-2-e,10,153.44642,49,0,0,0,0,cyclic_16_1,cyclic_8_1,complete_1,unroll_4,unroll_2,unroll_8,unroll_2,pipeline_1,1,0,0.275537721692,False
workload_3246.cpp,xcu200-fsgd2104-2-e,10,10.73154,435.5,0,0,0,5,cyclic_16_1,cyclic_8_1,complete_1,unroll_4,unroll_4,pipeline_1,pipeline_1,pipeline_1,2,1.25,1,True
workload_3173.cpp,xcu200-fsgd2104-2-e,10,10.73154,415.5,0,0,0,5,cyclic_16_1,cyclic_8_1,complete_1,unroll_4,unroll_4,unroll_8,pipeline_1,pipeline_1,2,1.25,1,True
workload_3374.cpp,xcu200-fsgd2104-2-e,10,10.73154,420,0,0,0,5,cyclic_16_1,cyclic_8_1,complete_1,unroll_4,unroll_4,unroll_8,pipeline_1,unroll_2,1,1.25,1,True
workload_3114.cpp,xcu200-fsgd2104-2-e,10,23.33058,57,0,0,0,0,cyclic_16_1,cyclic_8_1,complete_1,unroll_64,pipeline_1,unroll_8,unroll_16,unroll_2,1,0,0.98072116627,False
workload_2857.cpp,xcu200-fsgd2104-2-e,10,15.9949,464,0,0,0,5,cyclic_2_1,block_128_1,complete_1,unroll_4,unroll_2,pipeline_1,pipeline_1,pipeline_1,1,1.25,0.866791794028,False
workload_2630.cpp,xcu200-fsgd2104-2-e,10,42.62917,68,0,0,0,0,cyclic_2_1,block_16_1,complete_1,pipeline_1,pipeline_1,unroll_32,unroll_2,pipeline_1,2,0,0.842038708578,False
workload_2585.cpp,xcu200-fsgd2104-2-e,10,147.91685,64,0,0,0,1,cyclic_2_1,block_4_1,complete_1,unroll_2,unroll_16,unroll_32,unroll_2,pipeline_1,1,0.25,0.293994664046,False
workload_2629.cpp,xcu200-fsgd2104-2-e,10,24.65285,62,0,0,0,0,cyclic_2_1,block_4_1,complete_1,unroll_32,pipeline_1,unroll_32,unroll_4,pipeline_1,1,0,0.970840243654,False
workload_2771.cpp,xcu200-fsgd2104-2-e,10,29.24037,51,0,0,0,0,cyclic_2_1,block_4_1,complete_1,unroll_4,pipeline_1,unroll_32,unroll_4,pipeline_1,1,0,0.936991266468,False
workload_2702.cpp,xcu200-fsgd2104-2-e,10,24.32517,61,0,0,0,0,cyclic_2_1,block_4_1,complete_1,unroll_64,pipeline_1,unroll_32,unroll_4,pipeline_1,1,0,0.973283701762,False
workload_2845.cpp,xcu200-fsgd2104-2-e,10,116.12677,865,0,0,0,1,cyclic_2_1,block_64_1,complete_1,unroll_64,unroll_32,pipeline_1,unroll_16,unroll_2,1,0.25,0.421684086715,False
workload_2655.cpp,xcu200-fsgd2104-2-e,10,139.81189,117,0,0,0,1,cyclic_2_1,cyclic_128_1,complete_1,unroll_32,unroll_2,unroll_32,unroll_4,pipeline_1,1,0.25,0.323508556283,False
workload_3321.cpp,xcu200-fsgd2104-2-e,10,15.97442,415,0,0,0,5,cyclic_2_1,cyclic_16_1,complete_1,pipeline_1,pipeline_1,pipeline_1,pipeline_1,pipeline_1,1,1.25,0.866852450424,False
workload_2637.cpp,xcu200-fsgd2104-2-e,10,148.92034,56,0,0,0,0,cyclic_2_1,cyclic_16_1,complete_1,pipeline_1,unroll_8,unroll_16,unroll_2,pipeline_1,1,0,0.29100646537,False
workload_2599.cpp,xcu200-fsgd2104-2-e,10,140.40069,57,0,0,0,0,cyclic_2_1,cyclic_16_1,complete_1,unroll_16,unroll_4,pipeline_1,unroll_2,pipeline_1,2,0,0.321895709226,False
workload_2656.cpp,xcu200-fsgd2104-2-e,10,150.88133,58,0,0,0,0,cyclic_2_1,cyclic_16_1,complete_1,unroll_16,unroll_4,pipeline_1,unroll_4,unroll_2,1,0,0.28422422443,False
workload_3325.cpp,xcu200-fsgd2104-2-e,10,30.9389,63,0,0,0,0,cyclic_2_1,cyclic_16_1,complete_1,unroll_2,unroll_32,unroll_64,unroll_16,unroll_2,1,0,0.924628875117,False
workload_3044.cpp,xcu200-fsgd2104-2-e,10,21.27874,562,0,0,0,6,cyclic_2_1,cyclic_16_1,complete_1,unroll_32,pipeline_1,unroll_64,pipeline_1,pipeline_1,1,1.5,0.822721150169,False
workload_2930.cpp,xcu200-fsgd2104-2-e,10,37.09189,52,0,0,0,0,cyclic_2_1,cyclic_16_1,complete_1,unroll_4,pipeline_1,pipeline_1,unroll_8,unroll_2,1,0,0.880615731056,False
workload_3244.cpp,xcu200-fsgd2104-2-e,10,21.19682,531,0,0,0,5,cyclic_2_1,cyclic_16_1,complete_1,unroll_4,unroll_2,unroll_64,pipeline_1,unroll_2,1,1.25,0.849969593031,False
workload_2981.cpp,xcu200-fsgd2104-2-e,10,26.41925,600,0,0,0,6,cyclic_2_1,cyclic_16_1,complete_1,unroll_4,unroll_32,unroll_64,pipeline_1,unroll_2,1,1.5,0.805652230276,False
workload_3311.cpp,xcu200-fsgd2104-2-e,10,142.67778,60,0,0,0,0,cyclic_2_1,cyclic_16_1,complete_1,unroll_64,unroll_2,unroll_64,unroll_16,unroll_2,1,0,0.313413191996,False
workload_3389.cpp,xcu200-fsgd2104-2-e,10,20.77186,63,0,0,0,0,cyclic_2_1,cyclic_16_1,complete_1,unroll_64,unroll_32,pipeline_1,unroll_16,unroll_2,1,0,1,True
workload_3370.cpp,xcu200-fsgd2104-2-e,10,127.27682,77,0,0,0,3,cyclic_2_1,cyclic_16_1,complete_1,unroll_64,unroll_32,unroll_64,unroll_16,pipeline_1,1,0.75,0.367332531578,False
workload_3256.cpp,xcu200-fsgd2104-2-e,10,20.78082,68,0,0,0,0,cyclic_2_1,cyclic_16_1,complete_1,unroll_64,unroll_32,unroll_64,unroll_16,unroll_2,1,0,0.999932126152,False
workload_3280.cpp,xcu200-fsgd2104-2-e,10,15.97442,449,0,0,0,5,cyclic_2_1,cyclic_32_1,complete_1,pipeline_1,pipeline_1,pipeline_1,pipeline_1,pipeline_1,1,1.25,0.866852450424,False
workload_2952.cpp,xcu200-fsgd2104-2-e,10,15.97445,451,0,5,2,9,cyclic_2_1,cyclic_32_1,complete_1,unroll_2,unroll_2,pipeline_1,pipeline_1,unroll_2,1,4,0.477546177425,False
workload_3139.cpp,xcu200-fsgd2104-2-e,10,26.4397,657,0,0,0,6,cyclic_2_1,cyclic_32_1,complete_1,unroll_2,unroll_32,unroll_64,pipeline_1,pipeline_1,1,1.5,0.805578095949,False
workload_3211.cpp,xcu200-fsgd2104-2-e,10,30.9389,66,0,0,0,0,cyclic_2_1,cyclic_32_1,complete_1,unroll_2,unroll_32,unroll_64,unroll_16,unroll_2,1,0,0.924628875117,False
workload_3188.cpp,xcu200-fsgd2104-2-e,10,137.50658,68,0,0,0,3,cyclic_2_1,cyclic_32_1,complete_1,unroll_2,unroll_32,unroll_8,unroll_16,pipeline_1,1,0.75,0.327294306904,False
workload_2800.cpp,xcu200-fsgd2104-2-e,10,22.32581,60,0,0,0,0,cyclic_2_1,cyclic_32_1,complete_1,unroll_32,pipeline_1,pipeline_1,unroll_32,unroll_2,1,0,0.988266778891,False
workload_2593.cpp,xcu200-fsgd2104-2-e,10,21.108515,71,0,0,0,0,cyclic_2_1,cyclic_32_1,complete_1,unroll_32,unroll_32,unroll_64,unroll_16,unroll_2,2,0,0.997451527507,False
workload_2858.cpp,xcu200-fsgd2104-2-e,10,21.77797,65,0,0,0,0,cyclic_2_1,cyclic_32_1,complete_1,unroll_32,unroll_32,unroll_64,unroll_8,unroll_2,1,0,0.992394501474,False
workload_3181.cpp,xcu200-fsgd2104-2-e,10,26.4397,525,0,0,0,6,cyclic_2_1,cyclic_32_1,complete_1,unroll_32,unroll_32,unroll_8,pipeline_1,unroll_2,1,1.5,0.805578095949,False
workload_3134.cpp,xcu200-fsgd2104-2-e,10,27.24354,52,0,0,0,0,cyclic_2_1,cyclic_32_1,complete_1,unroll_4,pipeline_1,pipeline_1,unroll_16,pipeline_1,1,0,0.951642396549,False
workload_2768.cpp,xcu200-fsgd2104-2-e,10,26.4397,1261,0,0,0,6,cyclic_2_1,cyclic_32_1,complete_1,unroll_4,unroll_32,pipeline_1,pipeline_1,pipeline_1,1,1.5,0.805578095949,False
workload_2769.cpp,xcu200-fsgd2104-2-e,10,25.69602,65,0,0,0,0,cyclic_2_1,cyclic_32_1,complete_1,unroll_4,unroll_32,unroll_64,unroll_16,unroll_2,1,0,0.963084284831,False
workload_2932.cpp,xcu200-fsgd2104-2-e,10,20.780835,71.5,0,0,0,1,cyclic_2_1,cyclic_32_1,complete_1,unroll_64,unroll_32,unroll_64,unroll_16,unroll_2,2,0.25,0.953724390829,False
workload_3056.cpp,xcu200-fsgd2104-2-e,10,22.78917,68,0,0,0,1,cyclic_2_1,cyclic_32_1,complete_1,unroll_64,unroll_32,unroll_64,unroll_4,unroll_2,1,0.25,0.951361718517,False
workload_3039.cpp,xcu200-fsgd2104-2-e,10,26.41925,514,0,0,0,6,cyclic_2_1,cyclic_32_1,complete_1,unroll_64,unroll_32,unroll_8,pipeline_1,unroll_2,1,1.5,0.805652230276,False
workload_3137.cpp,xcu200-fsgd2104-2-e,10,21.7741,66,0,0,0,0,cyclic_2_1,cyclic_32_1,complete_1,unroll_64,unroll_32,unroll_8,unroll_16,unroll_2,1,0,0.99242369418,False
workload_2610.cpp,xcu200-fsgd2104-2-e,10,141.86626,61,0,0,0,0,cyclic_2_1,cyclic_4_1,complete_1,pipeline_1,unroll_2,pipeline_1,unroll_64,pipeline_1,1,0,0.316417272517,False
workload_2634.cpp,xcu200-fsgd2104-2-e,10,138.09922,58,0,0,0,0,cyclic_2_1,cyclic_4_1,complete_1,pipeline_1,unroll_8,pipeline_1,unroll_32,pipeline_1,1,0,0.33063701783,False
workload_2595.cpp,xcu200-fsgd2104-2-e,10,137.9341,63,0,0,0,1,cyclic_2_1,cyclic_4_1,complete_1,pipeline_1,unroll_8,pipeline_1,unroll_64,pipeline_1,1,0.25,0.330643740068,False
workload_2909.cpp,xcu200-fsgd2104-2-e,10,22.49474,57,0,0,0,0,cyclic_2_1,cyclic_4_1,complete_1,unroll_32,unroll_32,unroll_8,unroll_8,unroll_2,1,0,0.986995899133,False
workload_2650.cpp,xcu200-fsgd2104-2-e,10,128.24834,63,0,0,0,0,cyclic_2_1,cyclic_4_1,complete_1,unroll_32,unroll_8,pipeline_1,unroll_32,pipeline_1,1,0,0.369960315894,False
workload_3104.cpp,xcu200-fsgd2104-2-e,10,26.4397,1316,0,0,0,6,cyclic_2_1,cyclic_4_1,complete_1,unroll_4,unroll_32,unroll_8,pipeline_1,pipeline_1,1,1.5,0.805578095949,False
workload_3428.cpp,xcu200-fsgd2104-2-e,10,132.2637,67,0,0,0,3,cyclic_2_1,cyclic_4_1,complete_1,unroll_4,unroll_32,unroll_8,unroll_16,pipeline_1,1,0.75,0.347421262425,False
workload_2872.cpp,xcu200-fsgd2104-2-e,10,21.9981,58,0,0,0,0,cyclic_2_1,cyclic_4_1,complete_1,unroll_64,pipeline_1,pipeline_1,unroll_32,pipeline_1,1,0,0.990734773177,False
workload_2720.cpp,xcu200-fsgd2104-2-e,10,138.74565,79,0,0,0,0,cyclic_2_1,cyclic_64_1,complete_1,unroll_16,unroll_32,unroll_64,unroll_16,unroll_2,1,0,0.328164730996,False
workload_2741.cpp,xcu200-fsgd2104-2-e,10,42.27589,67,0,0,0,0,cyclic_2_1,cyclic_64_1,complete_1,unroll_2,pipeline_1,pipeline_1,unroll_4,unroll_2,1,0,0.844470739767,False
workload_3034.cpp,xcu200-fsgd2104-2-e,10,21.19682,731,0,0,0,5,cyclic_2_1,cyclic_64_1,complete_1,unroll_2,pipeline_1,unroll_64,pipeline_1,pipeline_1,1,1.25,0.849969593031,False
workload_3045.cpp,xcu200-fsgd2104-2-e,10,26.4397,1287,0,0,0,6,cyclic_2_1,cyclic_64_1,complete_1,unroll_2,unroll_32,unroll_8,pipeline_1,pipeline_1,1,1.5,0.805578095949,False
workload_2969.cpp,xcu200-fsgd2104-2-e,10,22.66498,67,0,0,0,0,cyclic_2_1,cyclic_64_1,complete_1,unroll_32,pipeline_1,unroll_64,unroll_16,pipeline_1,2,0,0.985716084505,False
workload_3217.cpp,xcu200-fsgd2104-2-e,10,26.4397,868,0,0,1,6,cyclic_2_1,cyclic_64_1,complete_1,unroll_32,unroll_32,unroll_64,pipeline_1,unroll_2,1,1.75,0.774916004086,False
workload_3125.cpp,xcu200-fsgd2104-2-e,10,138.77634,76,0,0,0,0,cyclic_2_1,cyclic_64_1,complete_1,unroll_32,unroll_32,unroll_8,unroll_16,unroll_2,1,0,0.328047687622,False
workload_3308.cpp,xcu200-fsgd2104-2-e,10,26.4397,459,0,0,0,6,cyclic_2_1,cyclic_64_1,complete_1,unroll_4,unroll_32,unroll_8,pipeline_1,unroll_2,1,1.5,0.805578095949,False
workload_3172.cpp,xcu200-fsgd2104-2-e,10,137.76258,84,0,0,0,1,cyclic_2_1,cyclic_64_1,complete_1,unroll_64,unroll_32,unroll_64,unroll_16,unroll_2,1,0.25,0.331301049799,False
workload_3357.cpp,xcu200-fsgd2104-2-e,10,15.97442,422,0,0,0,5,cyclic_2_1,cyclic_8_1,complete_1,unroll_2,unroll_4,unroll_8,pipeline_1,pipeline_1,1,1.25,0.866852450424,False
workload_3222.cpp,xcu200-fsgd2104-2-e,10,21.19682,463,0,0,0,5,cyclic_2_1,cyclic_8_1,complete_1,unroll_4,unroll_4,unroll_64,pipeline_1,unroll_2,1,1.25,0.849969593031,False
workload_2833.cpp,xcu200-fsgd2104-2-e,10,21.9981,128,0,0,0,1,cyclic_32_1,block_128_1,complete_1,unroll_64,pipeline_1,pipeline_1,unroll_32,unroll_2,1,0.25,0.952837067266,False
workload_2810.cpp,xcu200-fsgd2104-2-e,10,11.03874,417,0,0,0,5,cyclic_32_1,block_16_1,complete_1,pipeline_1,pipeline_1,pipeline_1,pipeline_1,pipeline_1,1,1.25,0.880234041993,False
workload_2897.cpp,xcu200-fsgd2104-2-e,10,11.03877,450,0,1,1,6,cyclic_32_1,block_16_1,complete_1,pipeline_1,pipeline_1,unroll_8,pipeline_1,pipeline_1,1,2,0.757518341754,False
workload_2718.cpp,xcu200-fsgd2104-2-e,10,16.87557,470,0,6,3,10,cyclic_32_1,block_16_1,complete_1,unroll_16,unroll_8,unroll_2,pipeline_1,unroll_2,1,4.75,0.392016374238,False
workload_2892.cpp,xcu200-fsgd2104-2-e,10,11.03874,439,0,0,0,5,cyclic_32_1,block_16_1,complete_1,unroll_2,pipeline_1,pipeline_1,pipeline_1,pipeline_1,1,1.25,0.880234041993,False
workload_2850.cpp,xcu200-fsgd2104-2-e,10,11.03874,411,0,0,0,5,cyclic_32_1,block_16_1,complete_1,unroll_2,pipeline_1,pipeline_1,pipeline_1,unroll_2,1,1.25,0.880234041993,False
workload_2894.cpp,xcu200-fsgd2104-2-e,10,11.03874,442,0,0,0,5,cyclic_32_1,block_16_1,complete_1,unroll_2,pipeline_1,unroll_4,pipeline_1,pipeline_1,1,1.25,0.880234041993,False
workload_2766.cpp,xcu200-fsgd2104-2-e,10,11.03874,426,0,0,0,5,cyclic_32_1,block_16_1,complete_1,unroll_2,pipeline_1,unroll_8,pipeline_1,pipeline_1,2,1.25,0.880234041993,False
workload_2925.cpp,xcu200-fsgd2104-2-e,10,11.03874,407,0,0,0,5,cyclic_32_1,block_16_1,complete_1,unroll_2,pipeline_1,unroll_8,pipeline_1,unroll_2,1,1.25,0.880234041993,False
workload_2901.cpp,xcu200-fsgd2104-2-e,10,11.03874,436,0,0,0,5,cyclic_32_1,block_16_1,complete_1,unroll_2,unroll_2,pipeline_1,pipeline_1,unroll_2,1,1.25,0.880234041993,False
workload_2919.cpp,xcu200-fsgd2104-2-e,10,16.34306,413,0,5,1,10,cyclic_32_1,block_16_1,complete_1,unroll_32,pipeline_1,pipeline_1,pipeline_1,unroll_2,1,4,0.477516399896,False
workload_2787.cpp,xcu200-fsgd2104-2-e,10,16.34309,373,0,6,2,9,cyclic_32_1,block_16_1,complete_1,unroll_32,pipeline_1,unroll_4,pipeline_1,pipeline_1,1,4.25,0.447819612527,False
workload_2824.cpp,xcu200-fsgd2104-2-e,10,11.03874,429,0,0,0,5,cyclic_32_1,block_16_1,complete_1,unroll_4,pipeline_1,pipeline_1,pipeline_1,pipeline_1,1,1.25,0.880234041993,False
workload_2752.cpp,xcu200-fsgd2104-2-e,10,11.03874,409,0,0,0,5,cyclic_32_1,block_16_1,complete_1,unroll_4,pipeline_1,unroll_4,pipeline_1,pipeline_1,1,1.25,0.880234041993,False
workload_2847.cpp,xcu200-fsgd2104-2-e,10,11.03874,417,0,0,0,5,cyclic_32_1,block_16_1,complete_1,unroll_4,pipeline_1,unroll_8,pipeline_1,pipeline_1,1,1.25,0.880234041993,False
workload_2926.cpp,xcu200-fsgd2104-2-e,10,16.34306,374,0,5,1,10,cyclic_32_1,block_16_1,complete_1,unroll_64,pipeline_1,unroll_8,pipeline_1,pipeline_1,1,4,0.477516399896,False
workload_2913.cpp,xcu200-fsgd2104-2-e,10,10.8749,440,0,0,0,5,cyclic_32_1,block_32_1,complete_1,pipeline_1,pipeline_1,pipeline_1,pipeline_1,unroll_2,1,1.25,0.880637219963,False
workload_2936.cpp,xcu200-fsgd2104-2-e,10,10.8749,435,0,0,0,5,cyclic_32_1,block_32_1,complete_1,unroll_2,pipeline_1,pipeline_1,pipeline_1,unroll_2,1,1.25,0.880637219963,False
workload_2915.cpp,xcu200-fsgd2104-2-e,10,10.8749,440,0,0,0,5,cyclic_32_1,block_32_1,complete_1,unroll_4,pipeline_1,unroll_8,pipeline_1,pipeline_1,1,1.25,0.880637219963,False
workload_2788.cpp,xcu200-fsgd2104-2-e,10,10.79301,421,0,1,1,6,cyclic_32_1,block_64_1,complete_1,pipeline_1,pipeline_1,unroll_8,pipeline_1,pipeline_1,1,2,0.757370922743,False
workload_2918.cpp,xcu200-fsgd2104-2-e,10,11.36642,440,0,0,0,5,cyclic_32_1,block_8_1,complete_1,unroll_2,pipeline_1,unroll_8,pipeline_1,pipeline_1,1,1.25,0.879420024199,False
workload_2917.cpp,xcu200-fsgd2104-2-e,10,10.73154,454,0,0,1,5,cyclic_32_1,cyclic_128_1,complete_1,pipeline_1,pipeline_1,pipeline_1,pipeline_1,pipeline_1,1,1.5,0.838795879719,False
workload_2683.cpp,xcu200-fsgd2104-2-e,10,10.731555,436.5,0,1,1,6,cyclic_32_1,cyclic_128_1,complete_1,unroll_2,pipeline_1,pipeline_1,pipeline_1,pipeline_1,4,2,0.75733183424,False
workload_2798.cpp,xcu200-fsgd2104-2-e,10,10.73154,424.5,0,0,1,5,cyclic_32_1,cyclic_128_1,complete_1,unroll_2,pipeline_1,pipeline_1,pipeline_1,unroll_2,2,1.5,0.838795879719,False
workload_2783.cpp,xcu200-fsgd2104-2-e,10,42.64194,122,0,0,0,1,cyclic_32_1,cyclic_128_1,complete_1,unroll_2,pipeline_1,pipeline_1,unroll_32,pipeline_1,1,0.25,0.836054805366,False
workload_3148.cpp,xcu200-fsgd2104-2-e,10,10.73154,422,0,0,1,5,cyclic_32_1,cyclic_128_1,complete_1,unroll_2,pipeline_1,unroll_8,pipeline_1,pipeline_1,1,1.5,0.838795879719,False
workload_2745.cpp,xcu200-fsgd2104-2-e,10,10.73154,449,0,0,1,5,cyclic_32_1,cyclic_128_1,complete_1,unroll_2,pipeline_1,unroll_8,pipeline_1,unroll_2,1,1.5,0.838795879719,False
workload_2821.cpp,xcu200-fsgd2104-2-e,10,75.04898,80,0,0,0,1,cyclic_32_1,cyclic_128_1,complete_1,unroll_2,pipeline_1,unroll_8,unroll_2,unroll_2,1,0.25,0.633738787989,False
workload_2982.cpp,xcu200-fsgd2104-2-e,10,148.5901,138,0,0,0,1,cyclic_32_1,cyclic_128_1,complete_1,unroll_2,unroll_32,unroll_64,unroll_8,unroll_2,1,0.25,0.291636816524,False
workload_2953.cpp,xcu200-fsgd2104-2-e,10,16.58882,1083,0,6,3,11,cyclic_32_1,cyclic_128_1,complete_1,unroll_32,unroll_32,unroll_64,pipeline_1,pipeline_1,1,5,0.365975133447,False
workload_2822.cpp,xcu200-fsgd2104-2-e,10,10.73154,441.5,0,0,1,5,cyclic_32_1,cyclic_128_1,complete_1,unroll_4,pipeline_1,pipeline_1,pipeline_1,pipeline_1,2,1.5,0.838795879719,False
workload_2905.cpp,xcu200-fsgd2104-2-e,10,10.731555,444.5,0,1,1,6,cyclic_32_1,cyclic_128_1,complete_1,unroll_4,pipeline_1,pipeline_1,pipeline_1,unroll_2,2,2,0.75733183424,False
workload_3063.cpp,xcu200-fsgd2104-2-e,10,10.73154,432,0,0,1,5,cyclic_32_1,cyclic_128_1,complete_1,unroll_4,pipeline_1,unroll_8,pipeline_1,pipeline_1,1,1.5,0.838795879719,False
workload_2881.cpp,xcu200-fsgd2104-2-e,10,10.73154,447,0,0,1,5,cyclic_32_1,cyclic_128_1,complete_1,unroll_4,pipeline_1,unroll_8,pipeline_1,unroll_2,2,1.5,0.838795879719,False
workload_3170.cpp,xcu200-fsgd2104-2-e,10,10.73154,456,0,0,1,5,cyclic_32_1,cyclic_128_1,complete_1,unroll_4,unroll_2,unroll_8,pipeline_1,pipeline_1,1,1.5,0.838795879719,False
workload_2612.cpp,xcu200-fsgd2104-2-e,10,32.17669,72,0,0,0,0,cyclic_32_1,cyclic_16_1,complete_1,pipeline_1,pipeline_1,pipeline_1,unroll_32,pipeline_1,1,0,0.915677819025,False
workload_2652.cpp,xcu200-fsgd2104-2-e,10,32.17669,71,0,0,0,0,cyclic_32_1,cyclic_16_1,complete_1,pipeline_1,pipeline_1,pipeline_1,unroll_32,unroll_2,1,0,0.915677819025,False
workload_3157.cpp,xcu200-fsgd2104-2-e,10,10.73154,442,0,0,0,5,cyclic_32_1,cyclic_16_1,complete_1,unroll_4,unroll_2,unroll_4,pipeline_1,pipeline_1,1,1.25,1,True
workload_2587.cpp,xcu200-fsgd2104-2-e,10,141.05093,163,0,0,0,7,cyclic_32_1,cyclic_2_1,complete_1,pipeline_1,unroll_64,unroll_64,unroll_4,pipeline_1,1,1.75,0.292070004326,False
workload_2975.cpp,xcu200-fsgd2104-2-e,10,10.75202,432,0,0,0,5,cyclic_32_1,cyclic_2_1,complete_1,unroll_4,pipeline_1,pipeline_1,pipeline_1,pipeline_1,1,1.25,0.880937935638,False
workload_3002.cpp,xcu200-fsgd2104-2-e,10,10.73154,425,0,0,0,5,cyclic_32_1,cyclic_32_1,complete_1,pipeline_1,pipeline_1,pipeline_1,pipeline_1,unroll_2,1,1.25,1,True
workload_3048.cpp,xcu200-fsgd2104-2-e,10,10.73154,430,0,0,0,5,cyclic_32_1,cyclic_32_1,complete_1,unroll_2,pipeline_1,pipeline_1,pipeline_1,pipeline_1,2,1.25,1,True
workload_3240.cpp,xcu200-fsgd2104-2-e,10,10.73154,420,0,0,0,5,cyclic_32_1,cyclic_32_1,complete_1,unroll_2,pipeline_1,unroll_8,pipeline_1,pipeline_1,1,1.25,1,True
workload_3242.cpp,xcu200-fsgd2104-2-e,10,10.73154,427,0,0,0,5,cyclic_32_1,cyclic_32_1,complete_1,unroll_2,unroll_2,pipeline_1,pipeline_1,pipeline_1,1,1.25,1,True
workload_3207.cpp,xcu200-fsgd2104-2-e,10,10.73154,421,0,0,0,5,cyclic_32_1,cyclic_32_1,complete_1,unroll_2,unroll_2,pipeline_1,pipeline_1,unroll_2,1,1.25,1,True
workload_3150.cpp,xcu200-fsgd2104-2-e,10,16.58882,882,0,6,2,10,cyclic_32_1,cyclic_32_1,complete_1,unroll_2,unroll_32,pipeline_1,pipeline_1,unroll_2,1,4.5,0.419313098265,False
workload_3224.cpp,xcu200-fsgd2104-2-e,10,119.7709,93,0,0,0,3,cyclic_32_1,cyclic_32_1,complete_1,unroll_32,unroll_32,unroll_4,unroll_16,pipeline_1,1,0.75,0.398696896418,False
workload_2869.cpp,xcu200-fsgd2104-2-e,10,16.535075,73,0,2,0,1,cyclic_32_1,cyclic_32_1,complete_1,unroll_32,unroll_32,unroll_64,unroll_8,unroll_2,2,0.75,0.906824677993,False
workload_3110.cpp,xcu200-fsgd2104-2-e,10,10.73154,404,0,0,0,5,cyclic_32_1,cyclic_32_1,complete_1,unroll_4,pipeline_1,pipeline_1,pipeline_1,pipeline_1,1,1.25,1,True
workload_3035.cpp,xcu200-fsgd2104-2-e,10,10.73154,429,0,0,0,5,cyclic_32_1,cyclic_32_1,complete_1,unroll_4,pipeline_1,pipeline_1,pipeline_1,unroll_2,1,1.25,1,True
workload_3120.cpp,xcu200-fsgd2104-2-e,10,10.73154,438,0,0,0,5,cyclic_32_1,cyclic_32_1,complete_1,unroll_4,pipeline_1,unroll_8,pipeline_1,pipeline_1,1,1.25,1,True
workload_3345.cpp,xcu200-fsgd2104-2-e,10,10.73154,421,0,0,0,5,cyclic_32_1,cyclic_32_1,complete_1,unroll_4,pipeline_1,unroll_8,pipeline_1,unroll_2,1,1.25,1,True
workload_3339.cpp,xcu200-fsgd2104-2-e,10,10.73154,423,0,0,0,5,cyclic_32_1,cyclic_32_1,complete_1,unroll_4,unroll_2,pipeline_1,pipeline_1,unroll_2,1,1.25,1,True
workload_2911.cpp,xcu200-fsgd2104-2-e,10,133.51685,88,0,0,0,3,cyclic_32_1,cyclic_32_1,complete_1,unroll_4,unroll_32,unroll_64,unroll_8,pipeline_1,1,0.75,0.342535108302,False
workload_2770.cpp,xcu200-fsgd2104-2-e,10,21.99813,74,0,0,0,0,cyclic_32_1,cyclic_32_1,complete_1,unroll_64,pipeline_1,pipeline_1,unroll_32,pipeline_1,1,0,0.990734547089,False
workload_2823.cpp,xcu200-fsgd2104-2-e,10,16.03589,379,0,6,2,9,cyclic_32_1,cyclic_32_1,complete_1,unroll_64,pipeline_1,unroll_8,pipeline_1,pipeline_1,1,4.25,0.447841153312,False
workload_3133.cpp,xcu200-fsgd2104-2-e,10,20.22402,70,0,2,0,1,cyclic_32_1,cyclic_32_1,complete_1,unroll_64,unroll_32,unroll_64,unroll_2,unroll_2,1,0.75,0.903673600262,False
workload_2574.cpp,xcu200-fsgd2104-2-e,10,32.17666,64,0,0,0,0,cyclic_32_1,cyclic_4_1,complete_1,pipeline_1,pipeline_1,pipeline_1,unroll_32,pipeline_1,1,0,0.915678035378,False
workload_2641.cpp,xcu200-fsgd2104-2-e,10,32.33989,65,0,0,0,0,cyclic_32_1,cyclic_4_1,complete_1,pipeline_1,pipeline_1,unroll_2,unroll_32,pipeline_1,1,0,0.914501285832,False
workload_3197.cpp,xcu200-fsgd2104-2-e,10,44.90242,52,0,0,0,0,cyclic_32_1,cyclic_4_1,complete_1,pipeline_1,pipeline_1,unroll_4,unroll_2,pipeline_1,1,0,0.826484500177,False
workload_3081.cpp,xcu200-fsgd2104-2-e,10,10.73154,417,0,0,0,5,cyclic_32_1,cyclic_4_1,complete_1,pipeline_1,pipeline_1,unroll_8,pipeline_1,unroll_2,1,1.25,1,True
workload_3149.cpp,xcu200-fsgd2104-2-e,10,10.73154,427,0,0,0,5,cyclic_32_1,cyclic_4_1,complete_1,unroll_2,pipeline_1,pipeline_1,pipeline_1,pipeline_1,2,1.25,1,True
workload_3442.cpp,xcu200-fsgd2104-2-e,10,10.73154,415,0,0,0,5,cyclic_32_1,cyclic_4_1,complete_1,unroll_2,pipeline_1,pipeline_1,pipeline_1,unroll_2,1,1.25,1,True
workload_3005.cpp,xcu200-fsgd2104-2-e,10,10.73154,405,0,0,0,5,cyclic_32_1,cyclic_4_1,complete_1,unroll_2,pipeline_1,unroll_8,pipeline_1,pipeline_1,1,1.25,1,True
workload_3025.cpp,xcu200-fsgd2104-2-e,10,10.73154,429,0,0,0,5,cyclic_32_1,cyclic_4_1,complete_1,unroll_2,pipeline_1,unroll_8,pipeline_1,unroll_2,1,1.25,1,True
workload_3236.cpp,xcu200-fsgd2104-2-e,10,10.73154,418,0,0,0,5,cyclic_32_1,cyclic_4_1,complete_1,unroll_2,unroll_2,pipeline_1,pipeline_1,pipeline_1,1,1.25,1,True
workload_2985.cpp,xcu200-fsgd2104-2-e,10,10.73154,421,0,0,0,5,cyclic_32_1,cyclic_4_1,complete_1,unroll_2,unroll_2,pipeline_1,pipeline_1,unroll_2,1,1.25,1,True
workload_3040.cpp,xcu200-fsgd2104-2-e,10,10.73154,428.5,0,0,0,5,cyclic_32_1,cyclic_4_1,complete_1,unroll_2,unroll_2,unroll_8,pipeline_1,pipeline_1,2,1.25,1,True
workload_3447.cpp,xcu200-fsgd2104-2-e,10,10.73154,421,0,0,0,5,cyclic_32_1,cyclic_4_1,complete_1,unroll_2,unroll_4,unroll_4,pipeline_1,unroll_2,1,1.25,1,True
workload_3408.cpp,xcu200-fsgd2104-2-e,10,10.73154,422,0,0,0,5,cyclic_32_1,cyclic_4_1,complete_1,unroll_2,unroll_4,unroll_8,pipeline_1,unroll_2,1,1.25,1,True
workload_2931.cpp,xcu200-fsgd2104-2-e,10,18.17346,68,0,1,0,1,cyclic_32_1,cyclic_4_1,complete_1,unroll_32,unroll_32,unroll_64,unroll_8,unroll_2,1,0.5,0.9442091881,False
workload_2954.cpp,xcu200-fsgd2104-2-e,10,10.73154,424,0,0,0,5,cyclic_32_1,cyclic_4_1,complete_1,unroll_4,pipeline_1,pipeline_1,pipeline_1,pipeline_1,2,1.25,1,True
workload_2991.cpp,xcu200-fsgd2104-2-e,10,10.73154,423,0,0,0,5,cyclic_32_1,cyclic_4_1,complete_1,unroll_4,pipeline_1,pipeline_1,pipeline_1,unroll_2,1,1.25,1,True
workload_2967.cpp,xcu200-fsgd2104-2-e,10,10.73154,410,0,0,0,5,cyclic_32_1,cyclic_4_1,complete_1,unroll_4,pipeline_1,unroll_8,pipeline_1,pipeline_1,1,1.25,1,True
workload_3189.cpp,xcu200-fsgd2104-2-e,10,10.73154,416,0,0,0,5,cyclic_32_1,cyclic_4_1,complete_1,unroll_4,unroll_2,pipeline_1,pipeline_1,pipeline_1,1,1.25,1,True
workload_3302.cpp,xcu200-fsgd2104-2-e,10,10.73154,416,0,0,0,5,cyclic_32_1,cyclic_4_1,complete_1,unroll_4,unroll_2,unroll_8,pipeline_1,pipeline_1,1,1.25,1,True
workload_3281.cpp,xcu200-fsgd2104-2-e,10,10.73154,425,0,0,0,5,cyclic_32_1,cyclic_4_1,complete_1,unroll_4,unroll_2,unroll_8,pipeline_1,unroll_2,1,1.25,1,True
workload_3324.cpp,xcu200-fsgd2104-2-e,10,20.68482,3311,0,1,3,7,cyclic_32_1,cyclic_4_1,complete_1,unroll_4,unroll_32,unroll_8,pipeline_1,unroll_2,1,2.75,0.641727528849,False
workload_3441.cpp,xcu200-fsgd2104-2-e,10,10.73154,424,0,0,0,5,cyclic_32_1,cyclic_4_1,complete_1,unroll_4,unroll_4,pipeline_1,pipeline_1,pipeline_1,1,1.25,1,True
workload_3348.cpp,xcu200-fsgd2104-2-e,10,10.73154,433,0,0,0,5,cyclic_32_1,cyclic_4_1,complete_1,unroll_4,unroll_4,unroll_8,pipeline_1,pipeline_1,1,1.25,1,True
workload_2679.cpp,xcu200-fsgd2104-2-e,10,21.9981,75,0,0,0,0,cyclic_32_1,cyclic_4_1,complete_1,unroll_64,pipeline_1,pipeline_1,unroll_32,pipeline_1,1,0,0.990734773177,False
workload_2978.cpp,xcu200-fsgd2104-2-e,10,23.33058,60,0,0,0,0,cyclic_32_1,cyclic_4_1,complete_1,unroll_64,pipeline_1,unroll_8,unroll_16,pipeline_1,1,0,0.98072116627,False
workload_2719.cpp,xcu200-fsgd2104-2-e,10,22.99074,65,0,0,0,0,cyclic_32_1,cyclic_4_1,complete_1,unroll_64,pipeline_1,unroll_8,unroll_32,pipeline_1,1,0,0.983269691537,False
workload_2920.cpp,xcu200-fsgd2104-2-e,10,10.73154,431,0,0,0,5,cyclic_32_1,cyclic_64_1,complete_1,pipeline_1,pipeline_1,pipeline_1,pipeline_1,pipeline_1,1,1.25,1,True
workload_2950.cpp,xcu200-fsgd2104-2-e,10,10.73154,426.5,0,0,0,5,cyclic_32_1,cyclic_64_1,complete_1,pipeline_1,pipeline_1,pipeline_1,pipeline_1,unroll_2,2,1.25,1,True
workload_3144.cpp,xcu200-fsgd2104-2-e,10,10.73154,441.5,0,0,0,5,cyclic_32_1,cyclic_64_1,complete_1,pipeline_1,pipeline_1,unroll_4,pipeline_1,pipeline_1,2,1.25,1,True
workload_3208.cpp,xcu200-fsgd2104-2-e,10,10.73154,434,0,0,0,5,cyclic_32_1,cyclic_64_1,complete_1,pipeline_1,pipeline_1,unroll_4,pipeline_1,unroll_2,1,1.25,1,True
workload_2763.cpp,xcu200-fsgd2104-2-e,10,10.73157,416,0,1,1,6,cyclic_32_1,cyclic_64_1,complete_1,pipeline_1,pipeline_1,unroll_8,pipeline_1,pipeline_1,1,2,0.757331843889,False
workload_2997.cpp,xcu200-fsgd2104-2-e,10,10.73154,419,0,0,0,5,cyclic_32_1,cyclic_64_1,complete_1,pipeline_1,pipeline_1,unroll_8,pipeline_1,unroll_2,1,1.25,1,True
workload_3238.cpp,xcu200-fsgd2104-2-e,10,10.73154,424,0,0,0,5,cyclic_32_1,cyclic_64_1,complete_1,pipeline_1,unroll_2,pipeline_1,pipeline_1,pipeline_1,1,1.25,1,True
workload_3057.cpp,xcu200-fsgd2104-2-e,10,154.77762,63,0,0,0,1,cyclic_32_1,cyclic_64_1,complete_1,pipeline_1,unroll_2,pipeline_1,unroll_2,pipeline_1,2,0.25,0.270640838512,False
workload_3121.cpp,xcu200-fsgd2104-2-e,10,10.73154,442,0,0,0,5,cyclic_32_1,cyclic_64_1,complete_1,pipeline_1,unroll_2,unroll_4,pipeline_1,pipeline_1,1,1.25,1,True
workload_3050.cpp,xcu200-fsgd2104-2-e,10,10.73154,434,0,0,0,5,cyclic_32_1,cyclic_64_1,complete_1,pipeline_1,unroll_2,unroll_8,pipeline_1,pipeline_1,1,1.25,1,True
workload_2906.cpp,xcu200-fsgd2104-2-e,10,10.73154,437,0,0,0,5,cyclic_32_1,cyclic_64_1,complete_1,unroll_2,pipeline_1,pipeline_1,pipeline_1,pipeline_1,5,1.25,1,True
workload_2853.cpp,xcu200-fsgd2104-2-e,10,10.73154,427.5,0,0,0,5,cyclic_32_1,cyclic_64_1,complete_1,unroll_2,pipeline_1,pipeline_1,pipeline_1,unroll_2,2,1.25,1,True
workload_3229.cpp,xcu200-fsgd2104-2-e,10,10.73154,446,0,0,0,5,cyclic_32_1,cyclic_64_1,complete_1,unroll_2,pipeline_1,unroll_2,pipeline_1,unroll_2,1,1.25,1,True
workload_2828.cpp,xcu200-fsgd2104-2-e,10,10.731555,438,0,0.5,0.5,5.5,cyclic_32_1,cyclic_64_1,complete_1,unroll_2,pipeline_1,unroll_8,pipeline_1,pipeline_1,2,1.625,0.818044706974,False
workload_2896.cpp,xcu200-fsgd2104-2-e,10,10.73154,449,0,0,0,5,cyclic_32_1,cyclic_64_1,complete_1,unroll_2,pipeline_1,unroll_8,pipeline_1,unroll_2,1,1.25,1,True
workload_2864.cpp,xcu200-fsgd2104-2-e,10,10.73154,442,0,0,0,5,cyclic_32_1,cyclic_64_1,complete_1,unroll_2,unroll_2,pipeline_1,pipeline_1,pipeline_1,4,1.25,1,True
workload_2946.cpp,xcu200-fsgd2104-2-e,10,10.73154,430,0,0,0,5,cyclic_32_1,cyclic_64_1,complete_1,unroll_2,unroll_2,pipeline_1,pipeline_1,unroll_2,1,1.25,1,True
workload_3124.cpp,xcu200-fsgd2104-2-e,10,15.95394,687,0,0,1,6,cyclic_32_1,cyclic_64_1,complete_1,unroll_2,unroll_2,unroll_16,pipeline_1,unroll_2,1,1.75,0.796958841239,False
workload_3016.cpp,xcu200-fsgd2104-2-e,10,10.73154,440,0,0,0,5,cyclic_32_1,cyclic_64_1,complete_1,unroll_2,unroll_2,unroll_2,pipeline_1,unroll_2,1,1.25,1,True
workload_3094.cpp,xcu200-fsgd2104-2-e,10,10.73154,437,0,0,0,5,cyclic_32_1,cyclic_64_1,complete_1,unroll_2,unroll_2,unroll_4,pipeline_1,pipeline_1,1,1.25,1,True
workload_3054.cpp,xcu200-fsgd2104-2-e,10,10.73154,446,0,0,0,5,cyclic_32_1,cyclic_64_1,complete_1,unroll_2,unroll_2,unroll_8,pipeline_1,pipeline_1,1,1.25,1,True
workload_3083.cpp,xcu200-fsgd2104-2-e,10,10.73154,433,0,0,0,5,cyclic_32_1,cyclic_64_1,complete_1,unroll_2,unroll_2,unroll_8,pipeline_1,unroll_2,1,1.25,1,True
workload_2988.cpp,xcu200-fsgd2104-2-e,10,10.73154,437,0,0,0,5,cyclic_32_1,cyclic_64_1,complete_1,unroll_4,pipeline_1,pipeline_1,pipeline_1,pipeline_1,2,1.25,1,True
workload_2921.cpp,xcu200-fsgd2104-2-e,10,10.73154,441,0,0,0,5,cyclic_32_1,cyclic_64_1,complete_1,unroll_4,pipeline_1,pipeline_1,pipeline_1,unroll_2,2,1.25,1,True
workload_3033.cpp,xcu200-fsgd2104-2-e,10,15.95394,684,0,0,1,6,cyclic_32_1,cyclic_64_1,complete_1,unroll_4,pipeline_1,unroll_64,pipeline_1,unroll_2,1,1.75,0.796958841239,False
workload_2938.cpp,xcu200-fsgd2104-2-e,10,10.73154,422,0,0,0,5,cyclic_32_1,cyclic_64_1,complete_1,unroll_4,pipeline_1,unroll_8,pipeline_1,pipeline_1,3,1.25,1,True
workload_3414.cpp,xcu200-fsgd2104-2-e,10,10.73154,419,0,0,0,5,cyclic_32_1,cyclic_64_1,complete_1,unroll_4,pipeline_1,unroll_8,pipeline_1,unroll_2,1,1.25,1,True
workload_3066.cpp,xcu200-fsgd2104-2-e,10,10.73154,436.5,0,0,0,5,cyclic_32_1,cyclic_64_1,complete_1,unroll_4,unroll_2,pipeline_1,pipeline_1,pipeline_1,2,1.25,1,True
workload_3158.cpp,xcu200-fsgd2104-2-e,10,10.73154,446,0,0,0,5,cyclic_32_1,cyclic_64_1,complete_1,unroll_4,unroll_2,pipeline_1,pipeline_1,unroll_2,1,1.25,1,True
workload_3195.cpp,xcu200-fsgd2104-2-e,10,10.73154,445,0,0,0,5,cyclic_32_1,cyclic_64_1,complete_1,unroll_4,unroll_2,unroll_4,pipeline_1,pipeline_1,1,1.25,1,True
workload_3138.cpp,xcu200-fsgd2104-2-e,10,10.73154,435,0,0,0,5,cyclic_32_1,cyclic_64_1,complete_1,unroll_4,unroll_2,unroll_8,pipeline_1,pipeline_1,1,1.25,1,True
workload_3231.cpp,xcu200-fsgd2104-2-e,10,10.73154,447,0,0,0,5,cyclic_32_1,cyclic_64_1,complete_1,unroll_4,unroll_2,unroll_8,pipeline_1,unroll_2,1,1.25,1,True
workload_3435.cpp,xcu200-fsgd2104-2-e,10,10.73154,441,0,0,0,5,cyclic_32_1,cyclic_64_1,complete_1,unroll_4,unroll_4,pipeline_1,pipeline_1,pipeline_1,1,1.25,1,True
workload_3416.cpp,xcu200-fsgd2104-2-e,10,16.58882,1356,0,6,2,10,cyclic_32_1,cyclic_64_1,complete_1,unroll_64,unroll_32,pipeline_1,pipeline_1,pipeline_1,1,4.5,0.419313098265,False
workload_3086.cpp,xcu200-fsgd2104-2-e,10,10.73154,438,0,0,0,5,cyclic_32_1,cyclic_64_1,complete_1,unroll_8,pipeline_1,pipeline_1,pipeline_1,pipeline_1,1,1.25,1,True
workload_3213.cpp,xcu200-fsgd2104-2-e,10,10.73154,434,0,0,0,5,cyclic_32_1,cyclic_64_1,complete_1,unroll_8,pipeline_1,pipeline_1,pipeline_1,unroll_2,1,1.25,1,True
workload_3424.cpp,xcu200-fsgd2104-2-e,10,10.73154,448,0,0,0,5,cyclic_32_1,cyclic_8_1,complete_1,pipeline_1,unroll_4,pipeline_1,pipeline_1,pipeline_1,1,1.25,1,True
workload_3411.cpp,xcu200-fsgd2104-2-e,10,10.73154,406,0,0,0,5,cyclic_32_1,cyclic_8_1,complete_1,pipeline_1,unroll_4,pipeline_1,pipeline_1,unroll_2,1,1.25,1,True
workload_3410.cpp,xcu200-fsgd2104-2-e,10,10.73154,411,0,0,0,5,cyclic_32_1,cyclic_8_1,complete_1,unroll_2,pipeline_1,pipeline_1,pipeline_1,unroll_2,1,1.25,1,True
workload_3283.cpp,xcu200-fsgd2104-2-e,10,10.73154,427,0,0,0,5,cyclic_32_1,cyclic_8_1,complete_1,unroll_2,pipeline_1,unroll_8,pipeline_1,pipeline_1,1,1.25,1,True
workload_3371.cpp,xcu200-fsgd2104-2-e,10,10.73154,411,0,0,0,5,cyclic_32_1,cyclic_8_1,complete_1,unroll_2,unroll_2,unroll_8,pipeline_1,unroll_2,1,1.25,1,True
workload_3329.cpp,xcu200-fsgd2104-2-e,10,10.73154,435.5,0,0,0,5,cyclic_32_1,cyclic_8_1,complete_1,unroll_2,unroll_4,pipeline_1,pipeline_1,unroll_2,2,1.25,1,True
workload_3309.cpp,xcu200-fsgd2104-2-e,10,10.73154,420,0,0,0,5,cyclic_32_1,cyclic_8_1,complete_1,unroll_2,unroll_4,unroll_8,pipeline_1,pipeline_1,1,1.25,1,True
workload_3340.cpp,xcu200-fsgd2104-2-e,10,10.73154,422,0,0,0,5,cyclic_32_1,cyclic_8_1,complete_1,unroll_2,unroll_4,unroll_8,pipeline_1,unroll_2,1,1.25,1,True
workload_3065.cpp,xcu200-fsgd2104-2-e,10,10.73154,415,0,0,0,5,cyclic_32_1,cyclic_8_1,complete_1,unroll_4,pipeline_1,pipeline_1,pipeline_1,unroll_2,2,1.25,1,True
workload_3155.cpp,xcu200-fsgd2104-2-e,10,10.73154,437,0,0,0,5,cyclic_32_1,cyclic_8_1,complete_1,unroll_4,pipeline_1,unroll_8,pipeline_1,pipeline_1,1,1.25,1,True
workload_3323.cpp,xcu200-fsgd2104-2-e,10,18.22722,1877,0,3,3,8,cyclic_32_1,cyclic_8_1,complete_1,unroll_4,unroll_16,unroll_8,pipeline_1,pipeline_1,1,3.5,0.540136288345,False
workload_3429.cpp,xcu200-fsgd2104-2-e,10,10.73154,436,0,0,0,5,cyclic_32_1,cyclic_8_1,complete_1,unroll_4,unroll_2,pipeline_1,pipeline_1,unroll_2,1,1.25,1,True
workload_3252.cpp,xcu200-fsgd2104-2-e,10,10.73154,427,0,0,0,5,cyclic_32_1,cyclic_8_1,complete_1,unroll_4,unroll_2,unroll_8,pipeline_1,pipeline_1,1,1.25,1,True
workload_3417.cpp,xcu200-fsgd2104-2-e,10,31.66594,65,0,1,0,1,cyclic_32_1,cyclic_8_1,complete_1,unroll_4,unroll_32,unroll_8,unroll_16,unroll_2,1,0.5,0.881819240484,False
workload_3319.cpp,xcu200-fsgd2104-2-e,10,10.73154,434,0,0,0,5,cyclic_32_1,cyclic_8_1,complete_1,unroll_4,unroll_4,pipeline_1,pipeline_1,unroll_2,1,1.25,1,True
workload_3327.cpp,xcu200-fsgd2104-2-e,10,10.73154,415,0,0,0,5,cyclic_32_1,cyclic_8_1,complete_1,unroll_4,unroll_4,unroll_4,pipeline_1,unroll_2,1,1.25,1,True
workload_3432.cpp,xcu200-fsgd2104-2-e,10,10.73154,433,0,0,0,5,cyclic_32_1,cyclic_8_1,complete_1,unroll_4,unroll_4,unroll_8,pipeline_1,pipeline_1,1,1.25,1,True
workload_3225.cpp,xcu200-fsgd2104-2-e,10,10.73154,410,0,0,0,5,cyclic_32_1,cyclic_8_1,complete_1,unroll_4,unroll_4,unroll_8,pipeline_1,unroll_2,1,1.25,1,True
workload_2600.cpp,xcu200-fsgd2104-2-e,10,124.89477,114,0,0,0,5,cyclic_4_1,block_2_1,complete_1,unroll_32,unroll_64,unroll_4,unroll_8,pipeline_1,1,1.25,0.365218545646,False
workload_2611.cpp,xcu200-fsgd2104-2-e,10,143.32165,61,0,0,0,0,cyclic_4_1,block_4_1,complete_1,unroll_2,unroll_8,pipeline_1,unroll_32,pipeline_1,1,0,0.311044654959,False
workload_3272.cpp,xcu200-fsgd2104-2-e,10,10.75202,425,0,0,0,5,cyclic_4_1,cyclic_4_1,complete_1,unroll_2,pipeline_1,pipeline_1,pipeline_1,pipeline_1,1,1.25,0.880937935638,False
workload_3204.cpp,xcu200-fsgd2104-2-e,10,10.75202,436,0,0,0,5,cyclic_4_1,cyclic_64_1,complete_1,pipeline_1,pipeline_1,pipeline_1,pipeline_1,unroll_2,1,1.25,0.880937935638,False
workload_3145.cpp,xcu200-fsgd2104-2-e,10,10.75202,416,0,0,0,5,cyclic_4_1,cyclic_64_1,complete_1,pipeline_1,pipeline_1,unroll_8,pipeline_1,unroll_2,1,1.25,0.880937935638,False
workload_2668.cpp,xcu200-fsgd2104-2-e,10,144.49157,107,0,0,0,6,cyclic_4_1,cyclic_64_1,complete_1,pipeline_1,unroll_64,unroll_4,unroll_4,pipeline_1,1,1.5,0.287448107726,False
workload_2963.cpp,xcu200-fsgd2104-2-e,10,10.75202,422,0,0,0,5,cyclic_4_1,cyclic_64_1,complete_1,unroll_2,pipeline_1,pipeline_1,pipeline_1,pipeline_1,1,1.25,0.880937935638,False
workload_3003.cpp,xcu200-fsgd2104-2-e,10,10.75202,420,0,0,0,5,cyclic_4_1,cyclic_64_1,complete_1,unroll_4,pipeline_1,unroll_8,pipeline_1,pipeline_1,1,1.25,0.880937935638,False
workload_3337.cpp,xcu200-fsgd2104-2-e,10,10.75202,416,0,0,0,5,cyclic_4_1,cyclic_64_1,complete_1,unroll_4,unroll_4,unroll_8,pipeline_1,unroll_2,1,1.25,0.880937935638,False
workload_3421.cpp,xcu200-fsgd2104-2-e,10,10.75202,438,0,0,0,5,cyclic_4_1,cyclic_8_1,complete_1,unroll_4,unroll_4,unroll_8,pipeline_1,unroll_2,1,1.25,0.880937935638,False
workload_2839.cpp,xcu200-fsgd2104-2-e,10,10.75202,440,0,0,1,6,cyclic_64_1,block_128_1,complete_1,unroll_2,pipeline_1,unroll_4,pipeline_1,pipeline_1,1,1.75,0.797559057687,False
workload_2888.cpp,xcu200-fsgd2104-2-e,10,10.75202,415,0,0,1,6,cyclic_64_1,block_128_1,complete_1,unroll_2,unroll_2,unroll_4,pipeline_1,pipeline_1,1,1.75,0.797559057687,False
workload_2804.cpp,xcu200-fsgd2104-2-e,10,10.75202,440,0,0,1,6,cyclic_64_1,block_128_1,complete_1,unroll_4,pipeline_1,unroll_4,pipeline_1,pipeline_1,1,1.75,0.797559057687,False
workload_2643.cpp,xcu200-fsgd2104-2-e,10,32.17666,84,0,0,0,0,cyclic_64_1,block_16_1,complete_1,pipeline_1,pipeline_1,pipeline_1,unroll_32,pipeline_1,1,0,0.915678035378,False
workload_2575.cpp,xcu200-fsgd2104-2-e,10,32.33989,91,0,0,0,0,cyclic_64_1,block_16_1,complete_1,pipeline_1,pipeline_1,unroll_2,unroll_32,pipeline_1,1,0,0.914501285832,False
workload_2640.cpp,xcu200-fsgd2104-2-e,10,32.09317,113,0,0,0,0,cyclic_64_1,block_16_1,complete_1,pipeline_1,pipeline_1,unroll_2,unroll_64,pipeline_1,1,0,0.91628025566,False
workload_2666.cpp,xcu200-fsgd2104-2-e,10,32.03173,125,0,0,0,0,cyclic_64_1,block_16_1,complete_1,pipeline_1,pipeline_1,unroll_8,unroll_64,pipeline_1,1,0,0.916723569409,False
workload_2654.cpp,xcu200-fsgd2104-2-e,10,76.35458,112,0,0,0,1,cyclic_64_1,block_32_1,complete_1,unroll_2,pipeline_1,unroll_4,unroll_4,unroll_2,1,0.25,0.626197011746,False
workload_2616.cpp,xcu200-fsgd2104-2-e,10,138.24197,102,0,0,0,2,cyclic_64_1,block_4_1,complete_1,unroll_2,unroll_16,unroll_2,unroll_32,pipeline_1,1,0.5,0.327605415938,False
workload_2711.cpp,xcu200-fsgd2104-2-e,10,32.09317,150,0,0,0,1,cyclic_64_1,block_64_1,complete_1,pipeline_1,pipeline_1,unroll_2,unroll_64,pipeline_1,1,0.25,0.904911322148,False
workload_2707.cpp,xcu200-fsgd2104-2-e,10,32.0317,92,0,0,0,0,cyclic_64_1,block_8_1,complete_1,pipeline_1,pipeline_1,unroll_8,unroll_64,pipeline_1,1,0,0.9167237859,False
workload_2907.cpp,xcu200-fsgd2104-2-e,10,10.73154,456,0,0,1,6,cyclic_64_1,cyclic_128_1,complete_1,unroll_2,pipeline_1,pipeline_1,pipeline_1,unroll_2,1,1.75,0.797543711495,False
workload_3255.cpp,xcu200-fsgd2104-2-e,10,10.73154,388,0,0,0,5,cyclic_64_1,cyclic_32_1,complete_1,pipeline_1,pipeline_1,unroll_8,pipeline_1,pipeline_1,1,1.25,1,True
workload_3298.cpp,xcu200-fsgd2104-2-e,10,10.73154,450,0,0,0,5,cyclic_64_1,cyclic_32_1,complete_1,pipeline_1,unroll_2,unroll_8,pipeline_1,pipeline_1,1,1.25,1,True
workload_3243.cpp,xcu200-fsgd2104-2-e,10,16.26114,976,0,13,4,13,cyclic_64_1,cyclic_32_1,complete_1,pipeline_1,unroll_32,unroll_2,pipeline_1,unroll_2,1,7.5,0.172263533243,False
workload_2660.cpp,xcu200-fsgd2104-2-e,10,43.65058,76,0,0,0,0,cyclic_64_1,cyclic_32_1,complete_1,unroll_2,pipeline_1,unroll_64,unroll_8,pipeline_1,1,0,0.835029555202,False
workload_3434.cpp,xcu200-fsgd2104-2-e,10,10.73154,438,0,0,0,5,cyclic_64_1,cyclic_32_1,complete_1,unroll_4,unroll_2,unroll_8,pipeline_1,pipeline_1,1,1.25,1,True
workload_3333.cpp,xcu200-fsgd2104-2-e,10,10.73154,448,0,0,0,5,cyclic_64_1,cyclic_4_1,complete_1,pipeline_1,unroll_2,unroll_8,pipeline_1,pipeline_1,1,1.25,1,True
workload_3258.cpp,xcu200-fsgd2104-2-e,10,10.73154,426,0,0,0,5,cyclic_64_1,cyclic_64_1,complete_1,pipeline_1,unroll_2,pipeline_1,pipeline_1,pipeline_1,1,1.25,1,True
workload_3191.cpp,xcu200-fsgd2104-2-e,10,10.73154,429,0,0,0,5,cyclic_64_1,cyclic_64_1,complete_1,pipeline_1,unroll_2,unroll_2,pipeline_1,pipeline_1,1,1.25,1,True
workload_3060.cpp,xcu200-fsgd2104-2-e,10,10.73154,430,0,0,0,5,cyclic_64_1,cyclic_64_1,complete_1,unroll_2,pipeline_1,pipeline_1,pipeline_1,unroll_2,1,1.25,1,True
workload_3287.cpp,xcu200-fsgd2104-2-e,10,10.73154,429.5,0,0,0,5,cyclic_64_1,cyclic_64_1,complete_1,unroll_2,pipeline_1,unroll_2,pipeline_1,pipeline_1,2,1.25,1,True
workload_2848.cpp,xcu200-fsgd2104-2-e,10,10.731555,438,0,2,1,6.5,cyclic_64_1,cyclic_64_1,complete_1,unroll_2,pipeline_1,unroll_8,pipeline_1,pipeline_1,2,2.375,0.699085171292,False
workload_3100.cpp,xcu200-fsgd2104-2-e,10,147.91173,85,0,0,0,1,cyclic_64_1,cyclic_64_1,complete_1,unroll_2,unroll_32,pipeline_1,unroll_16,unroll_2,1,0.25,0.294012650367,False
workload_3368.cpp,xcu200-fsgd2104-2-e,10,10.73154,448,0,0,0,5,cyclic_64_1,cyclic_64_1,complete_1,unroll_4,unroll_2,unroll_8,pipeline_1,pipeline_1,1,1.25,1,True
workload_3376.cpp,xcu200-fsgd2104-2-e,10,10.73154,428,0,0,0,5,cyclic_64_1,cyclic_8_1,complete_1,pipeline_1,pipeline_1,unroll_8,pipeline_1,pipeline_1,1,1.25,1,True
workload_3294.cpp,xcu200-fsgd2104-2-e,10,10.73154,439,0,0,0,5,cyclic_64_1,cyclic_8_1,complete_1,pipeline_1,unroll_2,unroll_8,pipeline_1,pipeline_1,1,1.25,1,True
workload_3241.cpp,xcu200-fsgd2104-2-e,10,10.73154,424,0,0,0,5,cyclic_64_1,cyclic_8_1,complete_1,unroll_4,pipeline_1,unroll_8,pipeline_1,pipeline_1,2,1.25,1,True
workload_2786.cpp,xcu200-fsgd2104-2-e,10,16.05634,389,0,1,0,7,cyclic_8_1,block_128_1,complete_1,unroll_16,pipeline_1,pipeline_1,pipeline_1,pipeline_1,1,2,0.757445941123,False
workload_2725.cpp,xcu200-fsgd2104-2-e,10,16.05634,365,0,1,0,7,cyclic_8_1,block_128_1,complete_1,unroll_16,unroll_2,pipeline_1,pipeline_1,pipeline_1,1,2,0.757445941123,False
workload_2742.cpp,xcu200-fsgd2104-2-e,10,16.05637,378,0,1,0,7,cyclic_8_1,block_128_1,complete_1,unroll_16,unroll_4,pipeline_1,pipeline_1,pipeline_1,1,2,0.757445923558,False
workload_2863.cpp,xcu200-fsgd2104-2-e,10,10.75202,421.5,0,0,1,5,cyclic_8_1,block_128_1,complete_1,unroll_2,pipeline_1,pipeline_1,pipeline_1,pipeline_1,2,1.5,0.838814089425,False
workload_2813.cpp,xcu200-fsgd2104-2-e,10,10.75205,441,0,0,1,6,cyclic_8_1,block_128_1,complete_1,unroll_2,pipeline_1,unroll_8,pipeline_1,pipeline_1,1,1.75,0.797559080062,False
workload_2811.cpp,xcu200-fsgd2104-2-e,10,10.75202,433,0,0,1,5,cyclic_8_1,block_128_1,complete_1,unroll_2,unroll_2,pipeline_1,pipeline_1,pipeline_1,1,1.5,0.838814089425,False
workload_2649.cpp,xcu200-fsgd2104-2-e,10,32.15621,61,0,0,0,0,cyclic_8_1,block_16_1,complete_1,pipeline_1,pipeline_1,pipeline_1,unroll_32,unroll_2,1,0,0.915825522371,False
workload_2704.cpp,xcu200-fsgd2104-2-e,10,18.80066,618,0,1,1,7,cyclic_8_1,block_16_1,complete_1,pipeline_1,unroll_8,unroll_16,pipeline_1,pipeline_1,1,2.25,0.716903530525,False
workload_2671.cpp,xcu200-fsgd2104-2-e,10,16.343075,414.5,0,1,0,6,cyclic_8_1,block_16_1,complete_1,unroll_16,pipeline_1,pipeline_1,pipeline_1,pipeline_1,2,1.75,0.79657658093,False
workload_2602.cpp,xcu200-fsgd2104-2-e,10,16.343075,401.5,0,1,0,6,cyclic_8_1,block_16_1,complete_1,unroll_16,pipeline_1,unroll_8,pipeline_1,pipeline_1,2,1.75,0.79657658093,False
workload_2721.cpp,xcu200-fsgd2104-2-e,10,11.03874,417.5,0,0,0,5,cyclic_8_1,block_16_1,complete_1,unroll_2,pipeline_1,pipeline_1,pipeline_1,pipeline_1,2,1.25,0.880234041993,False
workload_2890.cpp,xcu200-fsgd2104-2-e,10,11.03874,410,0,0,0,5,cyclic_8_1,block_16_1,complete_1,unroll_2,pipeline_1,pipeline_1,pipeline_1,unroll_2,1,1.25,0.880234041993,False
workload_2670.cpp,xcu200-fsgd2104-2-e,10,11.03874,424.5,0,0,0,5,cyclic_8_1,block_16_1,complete_1,unroll_2,pipeline_1,unroll_8,pipeline_1,pipeline_1,4,1.25,0.880234041993,False
workload_2842.cpp,xcu200-fsgd2104-2-e,10,11.03874,434,0,0,0,5,cyclic_8_1,block_16_1,complete_1,unroll_2,unroll_2,pipeline_1,pipeline_1,pipeline_1,2,1.25,0.880234041993,False
workload_2781.cpp,xcu200-fsgd2104-2-e,10,22.30533,56,0,0,0,0,cyclic_8_1,block_16_1,complete_1,unroll_32,pipeline_1,pipeline_1,unroll_32,pipeline_1,1,0,0.988420914114,False
workload_2710.cpp,xcu200-fsgd2104-2-e,10,16.34306,369,0,1,0,6,cyclic_8_1,block_16_1,complete_1,unroll_32,pipeline_1,unroll_8,pipeline_1,pipeline_1,3,1.75,0.796576596485,False
workload_2876.cpp,xcu200-fsgd2104-2-e,10,11.03874,442,0,0,0,5,cyclic_8_1,block_16_1,complete_1,unroll_4,unroll_2,pipeline_1,pipeline_1,pipeline_1,1,1.25,0.880234041993,False
workload_2708.cpp,xcu200-fsgd2104-2-e,10,42.46533,69,0,0,0,1,cyclic_8_1,block_32_1,complete_1,pipeline_1,pipeline_1,unroll_64,unroll_2,pipeline_1,1,0.25,0.837219098092,False
workload_2922.cpp,xcu200-fsgd2104-2-e,10,10.8749,422,0,0,0,5,cyclic_8_1,block_32_1,complete_1,unroll_2,pipeline_1,unroll_8,pipeline_1,pipeline_1,2,1.25,0.880637219963,False
workload_2716.cpp,xcu200-fsgd2104-2-e,10,17.32613,382,0,1,0,6,cyclic_8_1,block_4_1,complete_1,unroll_16,pipeline_1,pipeline_1,pipeline_1,pipeline_1,1,1.75,0.795425677234,False
workload_2753.cpp,xcu200-fsgd2104-2-e,10,17.3261,376,0,1,0,6,cyclic_8_1,block_4_1,complete_1,unroll_16,unroll_2,pipeline_1,pipeline_1,pipeline_1,1,1.75,0.795425716279,False
workload_2835.cpp,xcu200-fsgd2104-2-e,10,12.02178,415,0,0,0,5,cyclic_8_1,block_4_1,complete_1,unroll_2,pipeline_1,unroll_8,pipeline_1,pipeline_1,1,1.25,0.877761068009,False
workload_2859.cpp,xcu200-fsgd2104-2-e,10,42.66178,50,0,0,0,0,cyclic_8_1,block_4_1,complete_1,unroll_2,pipeline_1,unroll_8,unroll_32,pipeline_1,1,0,0.841814417162,False
workload_2877.cpp,xcu200-fsgd2104-2-e,10,12.02178,408,0,0,0,5,cyclic_8_1,block_4_1,complete_1,unroll_4,unroll_2,pipeline_1,pipeline_1,pipeline_1,1,1.25,0.877761068009,False
workload_2682.cpp,xcu200-fsgd2104-2-e,10,32.15621,79,0,0,0,0,cyclic_8_1,block_64_1,complete_1,pipeline_1,pipeline_1,pipeline_1,unroll_32,pipeline_1,1,0,0.915825522371,False
workload_2692.cpp,xcu200-fsgd2104-2-e,10,32.15813,109,0,0,0,1,cyclic_8_1,block_64_1,complete_1,pipeline_1,pipeline_1,unroll_8,unroll_32,pipeline_1,1,0.25,0.904502769758,False
workload_2605.cpp,xcu200-fsgd2104-2-e,10,18.61634,815,0,1,1,7,cyclic_8_1,block_64_1,complete_1,pipeline_1,unroll_8,unroll_16,pipeline_1,pipeline_1,1,2.25,0.717059407092,False
workload_2657.cpp,xcu200-fsgd2104-2-e,10,131.38181,151,0,0,1,2,cyclic_8_1,block_64_1,complete_1,pipeline_1,unroll_8,unroll_16,unroll_64,pipeline_1,1,0.75,0.350888154076,False
workload_2687.cpp,xcu200-fsgd2104-2-e,10,18.61634,1482,0,1,0,7,cyclic_8_1,block_64_1,complete_1,pipeline_1,unroll_8,unroll_8,pipeline_1,pipeline_1,1,2,0.755248967921,False
workload_2709.cpp,xcu200-fsgd2104-2-e,10,141.7933,79,0,0,0,2,cyclic_8_1,block_64_1,complete_1,pipeline_1,unroll_8,unroll_8,unroll_2,pipeline_1,1,0.5,0.314347700783,False
workload_2773.cpp,xcu200-fsgd2104-2-e,10,16.0973,363,0,1,0,7,cyclic_8_1,block_64_1,complete_1,unroll_16,pipeline_1,unroll_8,pipeline_1,pipeline_1,1,2,0.75742177595,False
workload_2744.cpp,xcu200-fsgd2104-2-e,10,16.09733,384,0,1,0,7,cyclic_8_1,block_64_1,complete_1,unroll_16,unroll_2,unroll_8,pipeline_1,pipeline_1,1,2,0.757421758116,False
workload_2646.cpp,xcu200-fsgd2104-2-e,10,16.09733,388,0,1,0,7,cyclic_8_1,block_64_1,complete_1,unroll_16,unroll_4,pipeline_1,pipeline_1,pipeline_1,1,2,0.757421758116,False
workload_2697.cpp,xcu200-fsgd2104-2-e,10,16.09733,428,0,1,0,7,cyclic_8_1,block_64_1,complete_1,unroll_16,unroll_4,unroll_8,pipeline_1,pipeline_1,1,2,0.757421758116,False
workload_2840.cpp,xcu200-fsgd2104-2-e,10,16.09733,365,0,1,0,7,cyclic_8_1,block_64_1,complete_1,unroll_32,pipeline_1,pipeline_1,pipeline_1,pipeline_1,1,2,0.757421758116,False
workload_2780.cpp,xcu200-fsgd2104-2-e,10,16.0973,359,0,1,0,7,cyclic_8_1,block_64_1,complete_1,unroll_32,pipeline_1,pipeline_1,pipeline_1,unroll_2,1,2,0.75742177595,False
workload_2717.cpp,xcu200-fsgd2104-2-e,10,22.30533,76,0,0,0,0,cyclic_8_1,block_64_1,complete_1,unroll_32,pipeline_1,pipeline_1,unroll_32,pipeline_1,1,0,0.988420914114,False
workload_2748.cpp,xcu200-fsgd2104-2-e,10,22.30533,77,0,0,0,0,cyclic_8_1,block_64_1,complete_1,unroll_32,pipeline_1,pipeline_1,unroll_32,unroll_2,1,0,0.988420914114,False
workload_2808.cpp,xcu200-fsgd2104-2-e,10,106.95685,842,0,0,1,3,cyclic_8_1,block_64_1,complete_1,unroll_32,unroll_32,unroll_64,unroll_16,unroll_2,1,1,0.448889911539,False
workload_2849.cpp,xcu200-fsgd2104-2-e,10,16.097315,380,0,1,0,7,cyclic_8_1,block_64_1,complete_1,unroll_64,pipeline_1,pipeline_1,pipeline_1,pipeline_1,2,2,0.757421767033,False
workload_2613.cpp,xcu200-fsgd2104-2-e,10,21.977635,86.5,0,0,0,0,cyclic_8_1,block_64_1,complete_1,unroll_64,pipeline_1,pipeline_1,unroll_32,pipeline_1,2,0,0.990889009316,False
workload_2832.cpp,xcu200-fsgd2104-2-e,10,26.90245,83,0,0,0,0,cyclic_8_1,block_64_1,complete_1,unroll_64,pipeline_1,unroll_2,unroll_32,pipeline_1,1,0,0.954157751855,False
workload_2761.cpp,xcu200-fsgd2104-2-e,10,16.03586,364,0,1,0,7,cyclic_8_1,cyclic_128_1,complete_1,unroll_16,unroll_2,pipeline_1,pipeline_1,pipeline_1,1,2,0.757457885892,False
workload_2916.cpp,xcu200-fsgd2104-2-e,10,10.73154,434,0,0,1,5,cyclic_8_1,cyclic_128_1,complete_1,unroll_2,pipeline_1,unroll_8,pipeline_1,unroll_2,1,1.5,0.838795879719,False
workload_3072.cpp,xcu200-fsgd2104-2-e,10,10.73154,433,0,0,1,5,cyclic_8_1,cyclic_128_1,complete_1,unroll_2,unroll_2,pipeline_1,pipeline_1,unroll_2,1,1.5,0.838795879719,False
workload_3061.cpp,xcu200-fsgd2104-2-e,10,10.73154,430,0,0,1,5,cyclic_8_1,cyclic_128_1,complete_1,unroll_2,unroll_2,unroll_8,pipeline_1,pipeline_1,1,1.5,0.838795879719,False
workload_2945.cpp,xcu200-fsgd2104-2-e,10,10.73154,435,0,0,1,5,cyclic_8_1,cyclic_128_1,complete_1,unroll_4,pipeline_1,pipeline_1,pipeline_1,pipeline_1,1,1.5,0.838795879719,False
workload_3307.cpp,xcu200-fsgd2104-2-e,10,10.73154,423,0,0,0,5,cyclic_8_1,cyclic_16_1,complete_1,pipeline_1,pipeline_1,pipeline_1,pipeline_1,pipeline_1,1,1.25,1,True
workload_3216.cpp,xcu200-fsgd2104-2-e,10,10.73154,430.5,0,0,0,5,cyclic_8_1,cyclic_16_1,complete_1,unroll_2,pipeline_1,pipeline_1,pipeline_1,pipeline_1,2,1.25,1,True
workload_3336.cpp,xcu200-fsgd2104-2-e,10,15.95394,526,0,0,1,5,cyclic_8_1,cyclic_16_1,complete_1,unroll_2,pipeline_1,unroll_16,pipeline_1,pipeline_1,1,1.5,0.835755822713,False
workload_3314.cpp,xcu200-fsgd2104-2-e,10,10.73154,408.5,0,0,0,5,cyclic_8_1,cyclic_16_1,complete_1,unroll_2,pipeline_1,unroll_8,pipeline_1,unroll_2,2,1.25,1,True
workload_3198.cpp,xcu200-fsgd2104-2-e,10,10.73154,428,0,0,0,5,cyclic_8_1,cyclic_16_1,complete_1,unroll_2,unroll_2,pipeline_1,pipeline_1,pipeline_1,1,1.25,1,True
workload_3237.cpp,xcu200-fsgd2104-2-e,10,10.73154,413,0,0,0,5,cyclic_8_1,cyclic_16_1,complete_1,unroll_4,pipeline_1,pipeline_1,pipeline_1,unroll_2,1,1.25,1,True
workload_3290.cpp,xcu200-fsgd2104-2-e,10,129.57058,61,0,0,0,0,cyclic_8_1,cyclic_16_1,complete_1,unroll_64,unroll_4,unroll_64,unroll_16,unroll_2,1,0,0.364502363807,False
workload_2664.cpp,xcu200-fsgd2104-2-e,10,137.94053,54,0,0,0,0,cyclic_8_1,cyclic_2_1,complete_1,pipeline_1,unroll_2,unroll_8,unroll_8,pipeline_1,1,0,0.331245968125,False
workload_2590.cpp,xcu200-fsgd2104-2-e,10,128.66309,56,0,0,0,0,cyclic_8_1,cyclic_2_1,complete_1,unroll_32,unroll_2,unroll_8,unroll_8,pipeline_1,1,0,0.368242308044,False
workload_2923.cpp,xcu200-fsgd2104-2-e,10,10.75202,412,0,0,0,5,cyclic_8_1,cyclic_2_1,complete_1,unroll_4,unroll_2,pipeline_1,pipeline_1,pipeline_1,1,1.25,0.880937935638,False
workload_2929.cpp,xcu200-fsgd2104-2-e,10,142.0109,51,0,0,0,0,cyclic_8_1,cyclic_2_1,complete_1,unroll_4,unroll_2,pipeline_1,unroll_32,pipeline_1,1,0,0.315880307332,False
workload_2676.cpp,xcu200-fsgd2104-2-e,10,131.57378,67,0,0,0,0,cyclic_8_1,cyclic_2_1,complete_1,unroll_64,unroll_2,unroll_64,unroll_2,pipeline_1,1,0,0.356339728169,False
workload_3317.cpp,xcu200-fsgd2104-2-e,10,10.73154,421,0,0,0,5,cyclic_8_1,cyclic_32_1,complete_1,pipeline_1,pipeline_1,pipeline_1,pipeline_1,pipeline_1,1,1.25,1,True
workload_3322.cpp,xcu200-fsgd2104-2-e,10,10.73154,415,0,0,0,5,cyclic_8_1,cyclic_32_1,complete_1,pipeline_1,pipeline_1,pipeline_1,pipeline_1,unroll_2,2,1.25,1,True
workload_3177.cpp,xcu200-fsgd2104-2-e,10,10.73154,439,0,0,0,5,cyclic_8_1,cyclic_32_1,complete_1,pipeline_1,pipeline_1,unroll_8,pipeline_1,pipeline_1,2,1.25,1,True
workload_3293.cpp,xcu200-fsgd2104-2-e,10,10.73154,436,0,0,0,5,cyclic_8_1,cyclic_32_1,complete_1,pipeline_1,pipeline_1,unroll_8,pipeline_1,unroll_2,1,1.25,1,True
workload_3186.cpp,xcu200-fsgd2104-2-e,10,32.56706,54,0,0,0,0,cyclic_8_1,cyclic_32_1,complete_1,pipeline_1,pipeline_1,unroll_8,unroll_16,unroll_2,1,0,0.912864996961,False
workload_3366.cpp,xcu200-fsgd2104-2-e,10,10.73154,442,0,0,0,5,cyclic_8_1,cyclic_32_1,complete_1,pipeline_1,unroll_2,pipeline_1,pipeline_1,unroll_2,1,1.25,1,True
workload_3400.cpp,xcu200-fsgd2104-2-e,10,15.95394,592,0,0,1,6,cyclic_8_1,cyclic_32_1,complete_1,pipeline_1,unroll_2,unroll_64,pipeline_1,unroll_2,1,1.75,0.796958841239,False
workload_3161.cpp,xcu200-fsgd2104-2-e,10,142.37058,62,0,0,0,0,cyclic_8_1,cyclic_32_1,complete_1,pipeline_1,unroll_2,unroll_64,unroll_16,pipeline_1,1,0,0.31454791374,False
workload_3330.cpp,xcu200-fsgd2104-2-e,10,10.73154,440,0,0,0,5,cyclic_8_1,cyclic_32_1,complete_1,pipeline_1,unroll_2,unroll_8,pipeline_1,unroll_2,1,1.25,1,True
workload_2976.cpp,xcu200-fsgd2104-2-e,10,10.73154,432,0,0,0,5,cyclic_8_1,cyclic_32_1,complete_1,unroll_2,pipeline_1,pipeline_1,pipeline_1,pipeline_1,1,1.25,1,True
workload_2700.cpp,xcu200-fsgd2104-2-e,10,42.62149,67,0,0,0,0,cyclic_8_1,cyclic_32_1,complete_1,unroll_2,pipeline_1,pipeline_1,unroll_32,unroll_2,1,0,0.842091536511,False
workload_2582.cpp,xcu200-fsgd2104-2-e,10,43.63013,63,0,0,0,0,cyclic_8_1,cyclic_32_1,complete_1,unroll_2,pipeline_1,unroll_64,unroll_8,unroll_2,1,0,0.83516956157,False
workload_3282.cpp,xcu200-fsgd2104-2-e,10,10.73154,429,0,0,0,5,cyclic_8_1,cyclic_32_1,complete_1,unroll_2,pipeline_1,unroll_8,pipeline_1,pipeline_1,1,1.25,1,True
workload_3021.cpp,xcu200-fsgd2104-2-e,10,10.73154,417,0,0,0,5,cyclic_8_1,cyclic_32_1,complete_1,unroll_2,unroll_2,pipeline_1,pipeline_1,unroll_2,1,1.25,1,True
workload_3046.cpp,xcu200-fsgd2104-2-e,10,22.6445,62,0,0,0,0,cyclic_8_1,cyclic_32_1,complete_1,unroll_32,pipeline_1,unroll_64,unroll_16,unroll_2,1,0,0.985869998276,False
workload_2971.cpp,xcu200-fsgd2104-2-e,10,16.03586,361,0,1,0,6,cyclic_8_1,cyclic_32_1,complete_1,unroll_32,pipeline_1,unroll_8,pipeline_1,unroll_2,1,1.75,0.796881924982,False
workload_2899.cpp,xcu200-fsgd2104-2-e,10,18.53445,659,0,1,1,7,cyclic_8_1,cyclic_32_1,complete_1,unroll_32,unroll_32,unroll_64,pipeline_1,unroll_2,1,2.25,0.717126860942,False
workload_3440.cpp,xcu200-fsgd2104-2-e,10,10.73154,424,0,0,0,5,cyclic_8_1,cyclic_32_1,complete_1,unroll_4,unroll_2,pipeline_1,pipeline_1,pipeline_1,1,1.25,1,True
workload_3373.cpp,xcu200-fsgd2104-2-e,10,10.73154,412,0,0,0,5,cyclic_8_1,cyclic_32_1,complete_1,unroll_4,unroll_2,unroll_8,pipeline_1,pipeline_1,1,1.25,1,True
workload_3107.cpp,xcu200-fsgd2104-2-e,10,16.03586,367,0,1,0,6,cyclic_8_1,cyclic_32_1,complete_1,unroll_64,pipeline_1,pipeline_1,pipeline_1,unroll_2,1,1.75,0.796881924982,False
workload_3200.cpp,xcu200-fsgd2104-2-e,10,16.03586,366,0,1,0,6,cyclic_8_1,cyclic_32_1,complete_1,unroll_64,unroll_2,pipeline_1,pipeline_1,unroll_2,1,1.75,0.796881924982,False
workload_3009.cpp,xcu200-fsgd2104-2-e,10,16.512035,67.5,0,1,0,1,cyclic_8_1,cyclic_32_1,complete_1,unroll_64,unroll_32,pipeline_1,unroll_16,unroll_2,2,0.5,0.948685938798,False
workload_3401.cpp,xcu200-fsgd2104-2-e,10,10.73154,419,0,0,0,5,cyclic_8_1,cyclic_4_1,complete_1,pipeline_1,pipeline_1,pipeline_1,pipeline_1,pipeline_1,1,1.25,1,True
workload_3445.cpp,xcu200-fsgd2104-2-e,10,10.73154,419,0,0,0,5,cyclic_8_1,cyclic_4_1,complete_1,pipeline_1,pipeline_1,pipeline_1,pipeline_1,unroll_2,1,1.25,1,True
workload_2984.cpp,xcu200-fsgd2104-2-e,10,10.73154,419,0,0,0,5,cyclic_8_1,cyclic_4_1,complete_1,pipeline_1,pipeline_1,unroll_8,pipeline_1,pipeline_1,3,1.25,1,True
workload_3064.cpp,xcu200-fsgd2104-2-e,10,10.73154,416,0,0,0,5,cyclic_8_1,cyclic_4_1,complete_1,pipeline_1,pipeline_1,unroll_8,pipeline_1,unroll_2,1,1.25,1,True
workload_3286.cpp,xcu200-fsgd2104-2-e,10,10.73154,396,0,0,0,5,cyclic_8_1,cyclic_4_1,complete_1,pipeline_1,unroll_2,pipeline_1,pipeline_1,pipeline_1,1,1.25,1,True
workload_3358.cpp,xcu200-fsgd2104-2-e,10,10.73154,385,0,0,0,5,cyclic_8_1,cyclic_4_1,complete_1,pipeline_1,unroll_2,unroll_8,pipeline_1,pipeline_1,1,1.25,1,True
workload_3385.cpp,xcu200-fsgd2104-2-e,10,10.73154,414,0,0,0,5,cyclic_8_1,cyclic_4_1,complete_1,pipeline_1,unroll_4,unroll_8,pipeline_1,pipeline_1,1,1.25,1,True
workload_3174.cpp,xcu200-fsgd2104-2-e,10,10.73154,424,0,0,0,5,cyclic_8_1,cyclic_4_1,complete_1,unroll_2,pipeline_1,pipeline_1,pipeline_1,pipeline_1,2,1.25,1,True
workload_3303.cpp,xcu200-fsgd2104-2-e,10,10.73154,408,0,0,0,5,cyclic_8_1,cyclic_4_1,complete_1,unroll_2,pipeline_1,pipeline_1,pipeline_1,unroll_2,1,1.25,1,True
workload_2860.cpp,xcu200-fsgd2104-2-e,10,42.62146,49,0,0,0,0,cyclic_8_1,cyclic_4_1,complete_1,unroll_2,pipeline_1,pipeline_1,unroll_32,unroll_2,1,0,0.842091742874,False
workload_3047.cpp,xcu200-fsgd2104-2-e,10,10.731555,422.5,0,0,0,5,cyclic_8_1,cyclic_4_1,complete_1,unroll_2,pipeline_1,unroll_2,pipeline_1,unroll_2,2,1.25,0.880987879689,False
workload_2908.cpp,xcu200-fsgd2104-2-e,10,10.73154,427.5,0,0,0,5,cyclic_8_1,cyclic_4_1,complete_1,unroll_2,pipeline_1,unroll_8,pipeline_1,pipeline_1,2,1.25,1,True
workload_2972.cpp,xcu200-fsgd2104-2-e,10,10.73154,416,0,0,0,5,cyclic_8_1,cyclic_4_1,complete_1,unroll_2,pipeline_1,unroll_8,pipeline_1,unroll_2,2,1.25,1,True
workload_3116.cpp,xcu200-fsgd2104-2-e,10,10.73154,420.5,0,0,0,5,cyclic_8_1,cyclic_4_1,complete_1,unroll_2,unroll_2,pipeline_1,pipeline_1,pipeline_1,2,1.25,1,True
workload_3168.cpp,xcu200-fsgd2104-2-e,10,10.73154,434,0,0,0,5,cyclic_8_1,cyclic_4_1,complete_1,unroll_2,unroll_4,unroll_8,pipeline_1,pipeline_1,2,1.25,1,True
workload_3068.cpp,xcu200-fsgd2104-2-e,10,10.73154,411,0,0,0,5,cyclic_8_1,cyclic_4_1,complete_1,unroll_4,pipeline_1,pipeline_1,pipeline_1,pipeline_1,2,1.25,1,True
workload_3164.cpp,xcu200-fsgd2104-2-e,10,10.73154,418.5,0,0,0,5,cyclic_8_1,cyclic_4_1,complete_1,unroll_4,pipeline_1,pipeline_1,pipeline_1,unroll_2,2,1.25,1,True
workload_3395.cpp,xcu200-fsgd2104-2-e,10,10.73154,428,0,0,0,5,cyclic_8_1,cyclic_4_1,complete_1,unroll_4,pipeline_1,unroll_8,pipeline_1,pipeline_1,2,1.25,1,True
workload_2959.cpp,xcu200-fsgd2104-2-e,10,10.73154,418,0,0,0,5,cyclic_8_1,cyclic_4_1,complete_1,unroll_4,pipeline_1,unroll_8,pipeline_1,unroll_2,2,1.25,1,True
workload_3342.cpp,xcu200-fsgd2104-2-e,10,10.73154,422,0,0,0,5,cyclic_8_1,cyclic_4_1,complete_1,unroll_4,unroll_2,pipeline_1,pipeline_1,pipeline_1,1,1.25,1,True
workload_3415.cpp,xcu200-fsgd2104-2-e,10,15.95394,460,0,0,1,6,cyclic_8_1,cyclic_4_1,complete_1,unroll_4,unroll_2,unroll_16,pipeline_1,pipeline_1,1,1.75,0.796958841239,False
workload_3103.cpp,xcu200-fsgd2104-2-e,10,10.73154,440,0,0,0,5,cyclic_8_1,cyclic_4_1,complete_1,unroll_4,unroll_2,unroll_8,pipeline_1,pipeline_1,3,1.25,1,True
workload_3113.cpp,xcu200-fsgd2104-2-e,10,18.5549,1605,0,1,0,6,cyclic_8_1,cyclic_4_1,complete_1,unroll_4,unroll_32,pipeline_1,pipeline_1,pipeline_1,1,1.75,0.793636122505,False
workload_3095.cpp,xcu200-fsgd2104-2-e,10,10.73154,408,0,0,0,5,cyclic_8_1,cyclic_4_1,complete_1,unroll_4,unroll_4,unroll_8,pipeline_1,pipeline_1,1,1.25,1,True
workload_3073.cpp,xcu200-fsgd2104-2-e,10,10.73154,416,0,0,0,5,cyclic_8_1,cyclic_4_1,complete_1,unroll_4,unroll_4,unroll_8,pipeline_1,unroll_2,1,1.25,1,True
workload_3182.cpp,xcu200-fsgd2104-2-e,10,18.5549,752,0,1,0,6,cyclic_8_1,cyclic_4_1,complete_1,unroll_4,unroll_8,unroll_8,pipeline_1,unroll_2,1,1.75,0.793636122505,False
workload_3332.cpp,xcu200-fsgd2104-2-e,10,17.3261,362,0,1,0,6,cyclic_8_1,cyclic_4_1,complete_1,unroll_64,pipeline_1,pipeline_1,pipeline_1,unroll_2,1,1.75,0.795425716279,False
workload_2651.cpp,xcu200-fsgd2104-2-e,10,26.94149,67,0,0,0,0,cyclic_8_1,cyclic_4_1,complete_1,unroll_64,pipeline_1,unroll_64,unroll_2,pipeline_1,1,0,0.95386966488,False
workload_3235.cpp,xcu200-fsgd2104-2-e,10,10.73154,437.5,0,0,0,5,cyclic_8_1,cyclic_64_1,complete_1,pipeline_1,pipeline_1,pipeline_1,pipeline_1,pipeline_1,6,1.25,1,True
workload_3412.cpp,xcu200-fsgd2104-2-e,10,10.73154,411,0,0,0,5,cyclic_8_1,cyclic_64_1,complete_1,pipeline_1,pipeline_1,pipeline_1,pipeline_1,unroll_2,1,1.25,1,True
workload_3276.cpp,xcu200-fsgd2104-2-e,10,15.95394,711,0,0,1,6,cyclic_8_1,cyclic_64_1,complete_1,pipeline_1,pipeline_1,unroll_16,pipeline_1,unroll_2,1,1.75,0.796958841239,False
workload_2947.cpp,xcu200-fsgd2104-2-e,10,10.73154,419.5,0,0,0,5,cyclic_8_1,cyclic_64_1,complete_1,pipeline_1,pipeline_1,unroll_8,pipeline_1,pipeline_1,4,1.25,1,True
workload_2979.cpp,xcu200-fsgd2104-2-e,10,10.73154,418,0,0,0,5,cyclic_8_1,cyclic_64_1,complete_1,pipeline_1,pipeline_1,unroll_8,pipeline_1,unroll_2,3,1.25,1,True
workload_3080.cpp,xcu200-fsgd2104-2-e,10,10.73154,417,0,0,0,5,cyclic_8_1,cyclic_64_1,complete_1,pipeline_1,unroll_2,pipeline_1,pipeline_1,pipeline_1,3,1.25,1,True
workload_3112.cpp,xcu200-fsgd2104-2-e,10,10.73154,408.5,0,0,0,5,cyclic_8_1,cyclic_64_1,complete_1,pipeline_1,unroll_2,unroll_8,pipeline_1,pipeline_1,2,1.25,1,True
workload_3126.cpp,xcu200-fsgd2104-2-e,10,10.73154,437,0,0,0,5,cyclic_8_1,cyclic_64_1,complete_1,pipeline_1,unroll_2,unroll_8,pipeline_1,unroll_2,2,1.25,1,True
workload_2895.cpp,xcu200-fsgd2104-2-e,10,10.73154,433,0,0,0,5,cyclic_8_1,cyclic_64_1,complete_1,unroll_2,pipeline_1,pipeline_1,pipeline_1,pipeline_1,6,1.25,1,True
workload_3105.cpp,xcu200-fsgd2104-2-e,10,10.73154,428,0,0,0,5,cyclic_8_1,cyclic_64_1,complete_1,unroll_2,pipeline_1,unroll_2,pipeline_1,pipeline_1,3,1.25,1,True
workload_2902.cpp,xcu200-fsgd2104-2-e,10,10.73154,435,0,0,0,5,cyclic_8_1,cyclic_64_1,complete_1,unroll_2,pipeline_1,unroll_8,pipeline_1,pipeline_1,3,1.25,1,True
workload_3251.cpp,xcu200-fsgd2104-2-e,10,10.73154,407,0,0,0,5,cyclic_8_1,cyclic_64_1,complete_1,unroll_2,pipeline_1,unroll_8,pipeline_1,unroll_2,1,1.25,1,True
workload_2912.cpp,xcu200-fsgd2104-2-e,10,10.73154,427,0,0,0,5,cyclic_8_1,cyclic_64_1,complete_1,unroll_2,unroll_2,pipeline_1,pipeline_1,pipeline_1,2,1.25,1,True
workload_3043.cpp,xcu200-fsgd2104-2-e,10,10.73154,414,0,0,0,5,cyclic_8_1,cyclic_64_1,complete_1,unroll_2,unroll_2,unroll_8,pipeline_1,pipeline_1,1,1.25,1,True
workload_3141.cpp,xcu200-fsgd2104-2-e,10,10.73154,419,0,0,0,5,cyclic_8_1,cyclic_64_1,complete_1,unroll_2,unroll_2,unroll_8,pipeline_1,unroll_2,1,1.25,1,True
workload_3108.cpp,xcu200-fsgd2104-2-e,10,10.73154,436,0,0,0,5,cyclic_8_1,cyclic_64_1,complete_1,unroll_2,unroll_4,pipeline_1,pipeline_1,unroll_2,1,1.25,1,True
workload_3263.cpp,xcu200-fsgd2104-2-e,10,10.73154,457,0,0,0,5,cyclic_8_1,cyclic_64_1,complete_1,unroll_2,unroll_4,unroll_8,pipeline_1,unroll_2,1,1.25,1,True
workload_3011.cpp,xcu200-fsgd2104-2-e,10,128.27394,74,0,0,0,0,cyclic_8_1,cyclic_64_1,complete_1,unroll_32,unroll_32,unroll_64,unroll_8,unroll_2,1,0,0.369854114894,False
workload_2993.cpp,xcu200-fsgd2104-2-e,10,121.12642,80,0,0,0,3,cyclic_8_1,cyclic_64_1,complete_1,unroll_32,unroll_32,unroll_8,unroll_8,pipeline_1,1,0.75,0.392909597894,False
workload_3194.cpp,xcu200-fsgd2104-2-e,10,10.73154,430,0,0,0,5,cyclic_8_1,cyclic_64_1,complete_1,unroll_4,pipeline_1,pipeline_1,pipeline_1,pipeline_1,3,1.25,1,True
workload_3175.cpp,xcu200-fsgd2104-2-e,10,10.73154,431.5,0,0,0,5,cyclic_8_1,cyclic_64_1,complete_1,unroll_4,pipeline_1,pipeline_1,pipeline_1,unroll_2,2,1.25,1,True
workload_3338.cpp,xcu200-fsgd2104-2-e,10,10.73154,419,0,0,0,5,cyclic_8_1,cyclic_64_1,complete_1,unroll_4,pipeline_1,unroll_2,pipeline_1,pipeline_1,1,1.25,1,True
workload_3444.cpp,xcu200-fsgd2104-2-e,10,10.73154,431,0,0,0,5,cyclic_8_1,cyclic_64_1,complete_1,unroll_4,pipeline_1,unroll_8,pipeline_1,pipeline_1,1,1.25,1,True
workload_3017.cpp,xcu200-fsgd2104-2-e,10,10.73154,440,0,0,0,5,cyclic_8_1,cyclic_64_1,complete_1,unroll_4,unroll_2,pipeline_1,pipeline_1,pipeline_1,3,1.25,1,True
workload_3102.cpp,xcu200-fsgd2104-2-e,10,10.73154,428,0,0,0,5,cyclic_8_1,cyclic_64_1,complete_1,unroll_4,unroll_2,pipeline_1,pipeline_1,unroll_2,1,1.25,1,True
workload_3130.cpp,xcu200-fsgd2104-2-e,10,10.73154,431,0,0,0,5,cyclic_8_1,cyclic_64_1,complete_1,unroll_4,unroll_2,unroll_8,pipeline_1,pipeline_1,2,1.25,1,True
workload_3122.cpp,xcu200-fsgd2104-2-e,10,10.73154,414,0,0,0,5,cyclic_8_1,cyclic_64_1,complete_1,unroll_4,unroll_2,unroll_8,pipeline_1,unroll_2,1,1.25,1,True
workload_3169.cpp,xcu200-fsgd2104-2-e,10,10.73154,448,0,0,0,5,cyclic_8_1,cyclic_64_1,complete_1,unroll_4,unroll_4,unroll_8,pipeline_1,pipeline_1,1,1.25,1,True
workload_3085.cpp,xcu200-fsgd2104-2-e,10,10.73154,437,0,0,0,5,cyclic_8_1,cyclic_64_1,complete_1,unroll_4,unroll_4,unroll_8,pipeline_1,unroll_2,1,1.25,1,True
workload_3000.cpp,xcu200-fsgd2104-2-e,10,132.18309,65,0,0,0,0,cyclic_8_1,cyclic_64_1,complete_1,unroll_64,unroll_2,pipeline_1,unroll_16,unroll_2,1,0,0.353882287504,False
workload_3446.cpp,xcu200-fsgd2104-2-e,10,10.73154,421,0,0,0,5,cyclic_8_1,cyclic_64_1,complete_1,unroll_8,unroll_2,unroll_8,pipeline_1,pipeline_1,1,1.25,1,True
workload_3406.cpp,xcu200-fsgd2104-2-e,10,10.73154,422,0,0,0,5,cyclic_8_1,cyclic_8_1,complete_1,pipeline_1,unroll_2,unroll_8,pipeline_1,pipeline_1,1,1.25,1,True
workload_3404.cpp,xcu200-fsgd2104-2-e,10,10.73154,421,0,0,0,5,cyclic_8_1,cyclic_8_1,complete_1,pipeline_1,unroll_2,unroll_8,pipeline_1,unroll_2,1,1.25,1,True
workload_3351.cpp,xcu200-fsgd2104-2-e,10,10.73154,429.5,0,0,0,5,cyclic_8_1,cyclic_8_1,complete_1,pipeline_1,unroll_4,pipeline_1,pipeline_1,unroll_2,2,1.25,1,True
workload_3438.cpp,xcu200-fsgd2104-2-e,10,10.73154,434,0,0,0,5,cyclic_8_1,cyclic_8_1,complete_1,pipeline_1,unroll_4,unroll_8,pipeline_1,pipeline_1,1,1.25,1,True
workload_3362.cpp,xcu200-fsgd2104-2-e,10,10.73154,422,0,0,0,5,cyclic_8_1,cyclic_8_1,complete_1,unroll_2,pipeline_1,pipeline_1,pipeline_1,unroll_2,2,1.25,1,True
workload_3147.cpp,xcu200-fsgd2104-2-e,10,15.95394,483,0,0,1,5,cyclic_8_1,cyclic_8_1,complete_1,unroll_2,pipeline_1,unroll_64,pipeline_1,pipeline_1,1,1.5,0.835755822713,False
workload_3079.cpp,xcu200-fsgd2104-2-e,10,10.73154,421.5,0,0,0,5,cyclic_8_1,cyclic_8_1,complete_1,unroll_2,pipeline_1,unroll_8,pipeline_1,pipeline_1,2,1.25,1,True
workload_3343.cpp,xcu200-fsgd2104-2-e,10,10.73154,416,0,0,0,5,cyclic_8_1,cyclic_8_1,complete_1,unroll_2,unroll_2,unroll_8,pipeline_1,pipeline_1,1,1.25,1,True
workload_3386.cpp,xcu200-fsgd2104-2-e,10,10.73154,398,0,0,0,5,cyclic_8_1,cyclic_8_1,complete_1,unroll_2,unroll_4,pipeline_1,pipeline_1,unroll_2,1,1.25,1,True
workload_3300.cpp,xcu200-fsgd2104-2-e,10,10.73154,413,0,0,0,5,cyclic_8_1,cyclic_8_1,complete_1,unroll_2,unroll_4,unroll_8,pipeline_1,unroll_2,1,1.25,1,True
workload_3184.cpp,xcu200-fsgd2104-2-e,10,10.73154,389,0,0,0,5,cyclic_8_1,cyclic_8_1,complete_1,unroll_4,unroll_2,pipeline_1,pipeline_1,pipeline_1,1,1.25,1,True
workload_3206.cpp,xcu200-fsgd2104-2-e,10,142.3501,55,0,0,0,0,cyclic_8_1,cyclic_8_1,complete_1,unroll_4,unroll_2,unroll_64,unroll_16,pipeline_1,1,0,0.314623668831,False
workload_3129.cpp,xcu200-fsgd2104-2-e,10,10.73154,417,0,0,0,5,cyclic_8_1,cyclic_8_1,complete_1,unroll_4,unroll_2,unroll_8,pipeline_1,pipeline_1,2,1.25,1,True
workload_3443.cpp,xcu200-fsgd2104-2-e,10,10.73154,425,0,0,0,5,cyclic_8_1,cyclic_8_1,complete_1,unroll_4,unroll_2,unroll_8,pipeline_1,unroll_2,1,1.25,1,True
workload_3388.cpp,xcu200-fsgd2104-2-e,10,10.73157,411,0,0,0,5,cyclic_8_1,cyclic_8_1,complete_1,unroll_4,unroll_4,pipeline_1,pipeline_1,pipeline_1,1,1.25,0.880987843097,False
workload_3353.cpp,xcu200-fsgd2104-2-e,10,10.73154,436,0,0,0,5,cyclic_8_1,cyclic_8_1,complete_1,unroll_4,unroll_4,unroll_8,pipeline_1,unroll_2,1,1.25,1,True
workload_2701.cpp,xcu200-fsgd2104-2-e,10,17.32613,654,0,1,1,6,cyclic_8_1,cyclic_8_1,complete_1,unroll_64,pipeline_1,unroll_64,pipeline_1,pipeline_1,1,2,0.756528197729,False
workload_2592.cpp,xcu200-fsgd2104-2-e,10,26.94149,64,0,0,0,0,cyclic_8_1,cyclic_8_1,complete_1,unroll_64,pipeline_1,unroll_64,unroll_2,pipeline_1,1,0,0.95386966488,False
workload_2001.cpp,xczu7ev-ffvc1156-2-e,3.33,4.58976231,2645,0,45,37,64,block_128_1,block_2_1,complete_1,pipeline_1,unroll_2,unroll_2,pipeline_1,pipeline_1,1,36.5,0.274469538888,False
workload_1807.cpp,xczu7ev-ffvc1156-2-e,3.33,139.8822777,801,2,0,3,34,block_128_1,cyclic_16_1,complete_1,pipeline_1,unroll_32,pipeline_1,unroll_64,pipeline_1,1,9.75,0.230126846882,False
workload_1851.cpp,xczu7ev-ffvc1156-2-e,3.33,139.87547451,1981,0,0,4,40,block_128_1,cyclic_4_1,complete_1,unroll_8,unroll_32,pipeline_1,unroll_64,pipeline_1,1,11,0.225341696824,False
workload_1786.cpp,xczu7ev-ffvc1156-2-e,3.33,12.10097691,90,6,25,29,29,block_16_1,block_4_1,complete_1,unroll_8,unroll_64,unroll_4,unroll_8,unroll_2,1,22.25,0.553791403744,False
workload_1864.cpp,xczu7ev-ffvc1156-2-e,3.33,168.62994459,44,5,0,0,3,block_16_1,cyclic_4_1,complete_1,unroll_4,unroll_8,unroll_8,unroll_8,pipeline_1,1,2,0.172012604707,False
workload_1809.cpp,xczu7ev-ffvc1156-2-e,3.33,142.33264155,912,0,0,9,74,block_256_1,cyclic_256_1,complete_1,unroll_8,unroll_32,unroll_2,unroll_8,pipeline_1,1,20.75,0.181134300509,False
workload_2169.cpp,xczu7ev-ffvc1156-2-e,3.33,6.32200167,517,0,10,17,37,block_2_1,block_128_1,complete_1,pipeline_1,pipeline_1,unroll_16,pipeline_1,pipeline_1,1,16,0.572216514387,False
workload_1972.cpp,xczu7ev-ffvc1156-2-e,3.33,6.32200167,867,0,44,44,67,block_2_1,block_16_1,complete_1,pipeline_1,pipeline_1,unroll_16,pipeline_1,pipeline_1,1,38.75,0.235154762531,False
workload_2372.cpp,xczu7ev-ffvc1156-2-e,3.33,6.32200167,478,0,10,17,37,block_2_1,block_16_1,complete_1,pipeline_1,pipeline_1,unroll_16,pipeline_1,unroll_2,1,16,0.572216514387,False
workload_1930.cpp,xczu7ev-ffvc1156-2-e,3.33,8.9271972,1172,0,1,9,30,block_2_1,block_16_1,complete_1,pipeline_1,unroll_64,unroll_2,pipeline_1,pipeline_1,1,10,0.769434952784,False
workload_1957.cpp,xczu7ev-ffvc1156-2-e,3.33,4.58977896,867,0,18,16,43,block_2_1,block_16_1,complete_1,unroll_2,pipeline_1,unroll_2,pipeline_1,pipeline_1,1,19.25,0.560886904554,False
workload_1823.cpp,xczu7ev-ffvc1156-2-e,3.33,8.9271972,954,0,1,9,30,block_2_1,block_16_1,complete_1,unroll_2,unroll_64,unroll_2,pipeline_1,pipeline_1,2,10,0.769434952784,False
workload_1784.cpp,xczu7ev-ffvc1156-2-e,3.33,176.92455834,64,5,0,1,7,block_2_1,block_16_1,complete_1,unroll_64,unroll_16,pipeline_1,unroll_8,pipeline_1,1,3.25,0.153366194348,False
workload_1874.cpp,xczu7ev-ffvc1156-2-e,3.33,22.90529178,80,5,1,1,8,block_2_1,block_16_1,complete_1,unroll_64,unroll_64,pipeline_1,unroll_8,unroll_2,1,3.75,0.833548507418,False
workload_2320.cpp,xczu7ev-ffvc1156-2-e,3.33,4.58976231,571,0,18,16,43,block_2_1,block_256_1,complete_1,pipeline_1,pipeline_1,pipeline_1,pipeline_1,unroll_2,1,19.25,0.560886904217,False
workload_2083.cpp,xczu7ev-ffvc1156-2-e,3.33,11.257013385,277.5,0,0,0,1,block_2_1,block_2_1,complete_1,pipeline_1,pipeline_1,pipeline_1,unroll_8,unroll_2,2,0.25,0.985986891672,False
workload_1776.cpp,xczu7ev-ffvc1156-2-e,3.33,11.30985882,38,0,0,0,1,block_2_1,block_2_1,complete_1,pipeline_1,pipeline_1,unroll_16,unroll_8,pipeline_1,3,0.25,0.98557945108,False
workload_1977.cpp,xczu7ev-ffvc1156-2-e,3.33,11.30985882,38,0,0,0,1,block_2_1,block_2_1,complete_1,pipeline_1,pipeline_1,unroll_16,unroll_8,unroll_2,2,0.25,0.98557945108,False
workload_1899.cpp,xczu7ev-ffvc1156-2-e,3.33,11.28259611,1172,0,0,0,1,block_2_1,block_2_1,complete_1,pipeline_1,pipeline_1,unroll_32,unroll_8,pipeline_1,1,0.25,0.985789704566,False
workload_1958.cpp,xczu7ev-ffvc1156-2-e,3.33,5.47634151,867,1,20,17,44,block_2_1,block_2_1,complete_1,pipeline_1,unroll_2,pipeline_1,pipeline_1,pipeline_1,1,20.5,0.560814125904,False
workload_1835.cpp,xczu7ev-ffvc1156-2-e,3.33,175.7242665,1497,0,0,1,4,block_2_1,block_2_1,complete_1,unroll_16,unroll_16,pipeline_1,unroll_8,pipeline_1,1,1.25,0.156991340923,False
workload_1869.cpp,xczu7ev-ffvc1156-2-e,3.33,175.50603162,58,0,0,1,4,block_2_1,block_2_1,complete_1,unroll_32,unroll_16,pipeline_1,unroll_8,pipeline_1,1,1.25,0.15743732762,False
workload_1978.cpp,xczu7ev-ffvc1156-2-e,3.33,20.02561434,39,0,0,0,1,block_2_1,block_2_1,complete_1,unroll_4,pipeline_1,unroll_16,unroll_8,pipeline_1,1,0.25,0.91762430291,False
workload_1910.cpp,xczu7ev-ffvc1156-2-e,3.33,19.15267482,1172,0,0,0,1,block_2_1,block_2_1,complete_1,unroll_8,pipeline_1,unroll_16,unroll_8,pipeline_1,1,0.25,0.924362385923,False
workload_1918.cpp,xczu7ev-ffvc1156-2-e,3.33,162.84840858,1172,0,0,0,1,block_2_1,block_2_1,complete_1,unroll_8,unroll_4,pipeline_1,unroll_8,unroll_2,1,0.25,0.186444594527,False
workload_1917.cpp,xczu7ev-ffvc1156-2-e,3.33,10.48212072,1172,1,1,8,33,block_2_1,block_4_1,complete_1,unroll_8,unroll_64,unroll_64,pipeline_1,pipeline_1,1,10.75,0.74129904382,False
workload_2271.cpp,xczu7ev-ffvc1156-2-e,3.33,4.58976231,453,0,18,16,43,block_2_1,block_8_1,complete_1,pipeline_1,pipeline_1,pipeline_1,pipeline_1,pipeline_1,1,19.25,0.560886904217,False
workload_2406.cpp,xczu7ev-ffvc1156-2-e,3.33,4.58976231,473.5,0,18,16,43,block_2_1,block_8_1,complete_1,pipeline_1,pipeline_1,pipeline_1,pipeline_1,unroll_2,2,19.25,0.560886904217,False
workload_2347.cpp,xczu7ev-ffvc1156-2-e,3.33,11.25700506,155,1,0,0,1,block_2_1,block_8_1,complete_1,pipeline_1,pipeline_1,pipeline_1,unroll_8,pipeline_1,1,0.5,0.98271270987,False
workload_2241.cpp,xczu7ev-ffvc1156-2-e,3.33,11.25700506,36,1,0,0,1,block_2_1,block_8_1,complete_1,pipeline_1,pipeline_1,pipeline_1,unroll_8,unroll_2,1,0.5,0.98271270987,False
workload_2200.cpp,xczu7ev-ffvc1156-2-e,3.33,6.32200167,685,0,44,44,67,block_2_1,block_8_1,complete_1,pipeline_1,pipeline_1,unroll_16,pipeline_1,unroll_2,1,38.75,0.235154762531,False
workload_1979.cpp,xczu7ev-ffvc1156-2-e,3.33,150.6272553,42,2,0,0,1,block_2_1,block_8_1,complete_1,unroll_4,unroll_2,pipeline_1,unroll_8,pipeline_1,1,0.75,0.219846759523,False
workload_2064.cpp,xczu7ev-ffvc1156-2-e,3.33,6.32200167,515,0,10,17,37,block_2_1,complete_1,complete_1,pipeline_1,pipeline_1,unroll_16,pipeline_1,pipeline_1,1,16,0.572216514387,False
workload_1995.cpp,xczu7ev-ffvc1156-2-e,3.33,4.58976231,1547.5,0,18,16,43,block_2_1,cyclic_128_1,complete_1,pipeline_1,pipeline_1,pipeline_1,pipeline_1,pipeline_1,2,19.25,0.560886904217,False
workload_2409.cpp,xczu7ev-ffvc1156-2-e,3.33,6.32200167,506,0,7,15,35,block_2_1,cyclic_128_1,complete_1,pipeline_1,pipeline_1,unroll_16,pipeline_1,pipeline_1,1,14.25,0.62713271546,False
workload_2069.cpp,xczu7ev-ffvc1156-2-e,3.33,11.89807002,515,0,0,2,3,block_2_1,cyclic_128_1,complete_1,pipeline_1,pipeline_1,unroll_16,unroll_8,pipeline_1,1,1.25,0.961463199466,False
workload_1974.cpp,xczu7ev-ffvc1156-2-e,3.33,8.94765672,867,1,1,5,33,block_2_1,cyclic_2_1,complete_1,unroll_2,unroll_64,unroll_2,pipeline_1,pipeline_1,1,10,0.769401978265,False
workload_1905.cpp,xczu7ev-ffvc1156-2-e,3.33,19.09982106,1172,0,0,0,1,block_2_1,cyclic_2_1,complete_1,unroll_8,pipeline_1,pipeline_1,unroll_8,pipeline_1,1,0.25,0.924771129189,False
workload_2096.cpp,xczu7ev-ffvc1156-2-e,3.33,82.55162907,41,0,0,0,3,block_2_1,cyclic_32_1,complete_1,pipeline_1,unroll_2,pipeline_1,unroll_8,unroll_2,1,0.75,0.505831607041,False
workload_2023.cpp,xczu7ev-ffvc1156-2-e,3.33,18.27771066,43,0,0,1,2,block_2_1,cyclic_32_1,complete_1,unroll_16,pipeline_1,pipeline_1,unroll_64,pipeline_1,1,0.75,0.929378351392,False
workload_1912.cpp,xczu7ev-ffvc1156-2-e,3.33,149.42506203,1172,0,0,0,3,block_2_1,cyclic_32_1,complete_1,unroll_8,unroll_2,unroll_64,unroll_32,pipeline_1,1,0.75,0.22342990308,False
workload_1817.cpp,xczu7ev-ffvc1156-2-e,3.33,53.40043611,1456,0,0,0,2,block_2_1,cyclic_32_1,complete_1,unroll_8,unroll_4,pipeline_1,unroll_32,unroll_2,1,0.5,0.680201368303,False
workload_2181.cpp,xczu7ev-ffvc1156-2-e,3.33,4.61022183,685,1,15,15,42,block_2_1,cyclic_4_1,complete_1,pipeline_1,unroll_2,pipeline_1,pipeline_1,pipeline_1,1,18.25,0.56088234807,False
workload_2410.cpp,xczu7ev-ffvc1156-2-e,3.33,4.61022183,515,1,29,26,54,block_2_1,cyclic_4_1,complete_1,unroll_4,pipeline_1,pipeline_1,pipeline_1,unroll_2,1,27.5,0.481616560386,False
workload_1969.cpp,xczu7ev-ffvc1156-2-e,3.33,4.58976231,867,0,18,16,43,block_2_1,cyclic_64_1,complete_1,pipeline_1,pipeline_1,pipeline_1,pipeline_1,pipeline_1,1,19.25,0.560886904217,False
workload_2234.cpp,xczu7ev-ffvc1156-2-e,3.33,4.58976231,465.5,0,18,16,43,block_2_1,cyclic_64_1,complete_1,pipeline_1,pipeline_1,pipeline_1,pipeline_1,unroll_2,2,19.25,0.560886904217,False
workload_1946.cpp,xczu7ev-ffvc1156-2-e,3.33,11.25702171,47,0,0,1,5,block_2_1,cyclic_64_1,complete_1,pipeline_1,pipeline_1,pipeline_1,unroll_8,unroll_2,1,1.5,0.958676552112,False
workload_2053.cpp,xczu7ev-ffvc1156-2-e,3.33,6.32200167,507.5,0,9,16,36,block_2_1,cyclic_64_1,complete_1,pipeline_1,pipeline_1,unroll_16,pipeline_1,pipeline_1,2,15.25,0.595386504284,False
workload_2107.cpp,xczu7ev-ffvc1156-2-e,3.33,4.58976231,1505,0,18,16,43,block_2_1,cyclic_64_1,complete_1,pipeline_1,pipeline_1,unroll_2,pipeline_1,pipeline_1,1,19.25,0.560886904217,False
workload_2077.cpp,xczu7ev-ffvc1156-2-e,3.33,6.32200167,515,0,9,16,36,block_2_1,cyclic_64_1,complete_1,pipeline_1,pipeline_1,unroll_64,pipeline_1,pipeline_1,1,15.25,0.595386504284,False
workload_2105.cpp,xczu7ev-ffvc1156-2-e,3.33,6.32200167,1505,0,9,16,36,block_2_1,cyclic_64_1,complete_1,pipeline_1,unroll_2,unroll_64,pipeline_1,unroll_2,1,15.25,0.595386504284,False
workload_2345.cpp,xczu7ev-ffvc1156-2-e,3.33,19.97276058,155,0,0,1,5,block_2_1,cyclic_64_1,complete_1,unroll_4,pipeline_1,pipeline_1,unroll_8,unroll_2,1,1.5,0.905908152021,False
workload_2235.cpp,xczu7ev-ffvc1156-2-e,3.33,4.58976231,457,0,18,16,43,block_2_1,cyclic_64_1,complete_1,unroll_4,unroll_2,pipeline_1,pipeline_1,unroll_2,1,19.25,0.560886904217,False
workload_2052.cpp,xczu7ev-ffvc1156-2-e,3.33,4.58977896,472,0,40,33,62,block_2_1,cyclic_64_1,complete_1,unroll_8,unroll_4,pipeline_1,pipeline_1,pipeline_1,1,33.75,0.329283096216,False
workload_1932.cpp,xczu7ev-ffvc1156-2-e,3.33,175.72428315,1197,1,0,1,4,block_2_1,cyclic_8_1,complete_1,unroll_16,unroll_16,pipeline_1,unroll_8,pipeline_1,1,1.5,0.156908124705,False
workload_1787.cpp,xczu7ev-ffvc1156-2-e,3.33,185.14844955,112,1,0,2,10,block_2_1,cyclic_8_1,complete_1,unroll_4,unroll_64,unroll_2,unroll_2,pipeline_1,1,3.25,0.138416042926,False
workload_1779.cpp,xczu7ev-ffvc1156-2-e,3.33,162.84842523,47,1,0,0,2,block_2_1,cyclic_8_1,complete_1,unroll_8,unroll_4,pipeline_1,unroll_8,unroll_2,1,0.75,0.186416548986,False
workload_1876.cpp,xczu7ev-ffvc1156-2-e,3.33,151.37660187,86,12,0,0,8,block_32_1,block_16_1,complete_1,unroll_64,unroll_2,unroll_8,unroll_2,pipeline_1,1,5,0.211803186267,False
workload_1827.cpp,xczu7ev-ffvc1156-2-e,3.33,150.52412187,1456,12,0,1,10,block_32_1,block_16_1,complete_1,unroll_64,unroll_8,unroll_8,unroll_2,pipeline_1,1,5.75,0.212179182518,False
workload_1789.cpp,xczu7ev-ffvc1156-2-e,3.33,10.18950363,131,10,25,45,39,block_32_1,cyclic_64_1,complete_1,unroll_32,unroll_64,unroll_16,unroll_32,unroll_2,1,29.75,0.42053353994,False
workload_1883.cpp,xczu7ev-ffvc1156-2-e,3.33,10.08006651,142,10,25,45,40,block_32_1,cyclic_64_1,complete_1,unroll_32,unroll_64,unroll_16,unroll_64,unroll_2,1,30,0.414421600668,False
workload_1840.cpp,xczu7ev-ffvc1156-2-e,3.33,140.91411483,1522,10,0,3,14,block_32_1,cyclic_64_1,complete_1,unroll_8,unroll_32,unroll_16,unroll_8,pipeline_1,1,6.75,0.236983155155,False
workload_1781.cpp,xczu7ev-ffvc1156-2-e,3.33,176.37643035,55,3,0,1,4,block_4_1,block_8_1,complete_1,unroll_4,unroll_16,unroll_2,unroll_4,pipeline_1,1,2,0.155362319095,False
workload_1866.cpp,xczu7ev-ffvc1156-2-e,3.33,170.27267355,47,3,0,0,2,block_4_1,block_8_1,complete_1,unroll_4,unroll_8,pipeline_1,unroll_4,pipeline_1,1,1.25,0.168652748319,False
workload_1810.cpp,xczu7ev-ffvc1156-2-e,3.33,139.73172507,1057,0,0,12,77,block_512_1,block_32_1,complete_1,unroll_8,unroll_16,unroll_32,unroll_4,pipeline_1,1,22.25,0.181844690834,False
workload_1804.cpp,xczu7ev-ffvc1156-2-e,3.33,25.2572841,508,0,3,65,45,block_512_1,cyclic_2_1,complete_1,unroll_64,unroll_8,unroll_32,unroll_2,unroll_2,1,28.25,0.43377889685,False
workload_1871.cpp,xczu7ev-ffvc1156-2-e,3.33,171.16094106,71,1,0,1,11,block_64_1,block_4_1,complete_1,pipeline_1,unroll_16,pipeline_1,unroll_2,pipeline_1,1,3.25,0.165300851757,False
workload_1796.cpp,xczu7ev-ffvc1156-2-e,3.33,13.21344666,182,1,25,73,42,block_64_1,block_4_1,complete_1,pipeline_1,unroll_64,pipeline_1,unroll_2,unroll_2,1,35.25,0.296856101459,False
workload_1953.cpp,xczu7ev-ffvc1156-2-e,3.33,140.64132123,121,2,0,4,12,block_8_1,block_2_1,complete_1,unroll_16,unroll_64,unroll_2,unroll_8,pipeline_1,1,4.5,0.245504637931,False
workload_2000.cpp,xczu7ev-ffvc1156-2-e,3.33,3.70318311,2645,0,27,24,48,cyclic_128_1,block_128_1,complete_1,pipeline_1,unroll_2,pipeline_1,pipeline_1,unroll_2,1,24.75,1,True
workload_2027.cpp,xczu7ev-ffvc1156-2-e,3.33,8.2939977,103,0,0,4,6,cyclic_128_1,block_128_1,complete_1,unroll_8,pipeline_1,pipeline_1,unroll_32,unroll_2,1,2.5,0.927620366496,False
workload_2562.cpp,xczu7ev-ffvc1156-2-e,3.33,3.70318311,2424,0,27,24,48,cyclic_128_1,block_16_1,complete_1,unroll_4,pipeline_1,pipeline_1,pipeline_1,unroll_2,1,24.75,1,True
workload_1896.cpp,xczu7ev-ffvc1156-2-e,3.33,11.17518363,1172,5,8,6,12,cyclic_128_1,block_16_1,complete_1,unroll_8,unroll_32,pipeline_1,unroll_8,unroll_2,1,7.75,0.830048711427,False
workload_2024.cpp,xczu7ev-ffvc1156-2-e,3.33,222.32252826,48,0,0,2,3,cyclic_128_1,block_2_1,complete_1,pipeline_1,unroll_2,unroll_8,unroll_8,unroll_2,1,1.25,0.1015721867,False
workload_2056.cpp,xczu7ev-ffvc1156-2-e,3.33,8.18809371,515,0,0,2,4,cyclic_128_1,block_2_1,complete_1,unroll_16,pipeline_1,pipeline_1,unroll_8,unroll_2,1,1.5,0.968517560907,False
workload_2179.cpp,xczu7ev-ffvc1156-2-e,3.33,4.15329255,684,1,41,34,60,cyclic_128_1,block_4_1,complete_1,unroll_4,unroll_2,pipeline_1,pipeline_1,unroll_2,1,34,0.323983651612,False
workload_2414.cpp,xczu7ev-ffvc1156-2-e,3.33,3.70318311,567,0,27,24,48,cyclic_128_1,block_8_1,complete_1,pipeline_1,unroll_2,pipeline_1,pipeline_1,pipeline_1,1,24.75,1,True
workload_2465.cpp,xczu7ev-ffvc1156-2-e,3.33,3.70318311,388,0,27,24,48,cyclic_128_1,block_8_1,complete_1,pipeline_1,unroll_2,pipeline_1,pipeline_1,unroll_2,1,24.75,1,True
workload_1947.cpp,xczu7ev-ffvc1156-2-e,3.33,7.96984218,47,1,0,2,4,cyclic_128_1,block_8_1,complete_1,unroll_32,pipeline_1,pipeline_1,unroll_8,unroll_2,1,1.75,0.958257549367,False
workload_2138.cpp,xczu7ev-ffvc1156-2-e,3.33,3.70318311,399,0,27,24,48,cyclic_128_1,block_8_1,complete_1,unroll_4,unroll_2,pipeline_1,pipeline_1,unroll_2,1,24.75,1,True
workload_2496.cpp,xczu7ev-ffvc1156-2-e,3.33,3.70318311,402,0,27,24,48,cyclic_128_1,block_8_1,complete_1,unroll_8,unroll_2,pipeline_1,pipeline_1,pipeline_1,1,24.75,1,True
workload_1950.cpp,xczu7ev-ffvc1156-2-e,3.33,13.13757594,56,0,2,3,5,cyclic_128_1,cyclic_2_1,complete_1,unroll_4,unroll_32,unroll_2,unroll_8,unroll_2,1,2.5,0.917134729578,False
workload_1948.cpp,xczu7ev-ffvc1156-2-e,3.33,8.62454682,46,0,0,2,3,cyclic_128_1,cyclic_2_1,complete_1,unroll_8,pipeline_1,pipeline_1,unroll_8,unroll_2,2,1.25,0.978018922751,False
workload_1904.cpp,xczu7ev-ffvc1156-2-e,3.33,218.06184987,1172,0,0,2,4,cyclic_128_1,cyclic_2_1,complete_1,unroll_8,unroll_16,pipeline_1,unroll_8,unroll_2,1,1.5,0.103331088755,False
workload_1867.cpp,xczu7ev-ffvc1156-2-e,3.33,10.302235785,613.5,0,2,3,6,cyclic_128_1,cyclic_2_1,complete_1,unroll_8,unroll_32,pipeline_1,unroll_8,unroll_2,2,2.75,0.915634975249,False
workload_1831.cpp,xczu7ev-ffvc1156-2-e,3.33,16.84671642,1456,0,2,3,5,cyclic_128_1,cyclic_2_1,complete_1,unroll_8,unroll_32,unroll_2,unroll_4,unroll_2,1,2.5,0.899905180839,False
workload_1799.cpp,xczu7ev-ffvc1156-2-e,3.33,87.94898298,345,0,4,6,30,cyclic_128_1,cyclic_2_1,complete_1,unroll_8,unroll_32,unroll_2,unroll_64,pipeline_1,1,10,0.424313786013,False
workload_2461.cpp,xczu7ev-ffvc1156-2-e,3.33,3.70318311,388,0,27,24,48,cyclic_128_1,cyclic_64_1,complete_1,pipeline_1,unroll_2,pipeline_1,pipeline_1,unroll_2,1,24.75,1,True
workload_2497.cpp,xczu7ev-ffvc1156-2-e,3.33,3.70318311,402,0,27,24,48,cyclic_128_1,cyclic_64_1,complete_1,unroll_4,unroll_2,pipeline_1,pipeline_1,unroll_2,1,24.75,1,True
workload_2485.cpp,xczu7ev-ffvc1156-2-e,3.33,9.16693722,60,1,0,2,3,cyclic_128_1,cyclic_8_1,complete_1,unroll_4,pipeline_1,pipeline_1,unroll_32,unroll_2,1,1.5,0.96700751714,False
workload_2296.cpp,xczu7ev-ffvc1156-2-e,3.33,3.70318311,430,0,27,24,48,cyclic_16_1,block_128_1,complete_1,pipeline_1,pipeline_1,pipeline_1,pipeline_1,pipeline_1,1,24.75,1,True
workload_2110.cpp,xczu7ev-ffvc1156-2-e,3.33,3.70318311,1505,0,27,24,48,cyclic_16_1,block_128_1,complete_1,pipeline_1,pipeline_1,pipeline_1,pipeline_1,unroll_2,3,24.75,1,True
workload_2159.cpp,xczu7ev-ffvc1156-2-e,3.33,3.70318311,449,0,27,24,48,cyclic_16_1,block_128_1,complete_1,pipeline_1,unroll_2,pipeline_1,pipeline_1,pipeline_1,1,24.75,1,True
workload_2066.cpp,xczu7ev-ffvc1156-2-e,3.33,3.70318311,599.5,0,27,24,48,cyclic_16_1,block_128_1,complete_1,pipeline_1,unroll_2,pipeline_1,pipeline_1,unroll_2,2,24.75,1,True
workload_2311.cpp,xczu7ev-ffvc1156-2-e,3.33,219.20383674,84,2,0,2,5,cyclic_16_1,block_128_1,complete_1,unroll_16,unroll_2,pipeline_1,unroll_64,unroll_2,1,2.25,0.102726527925,False
workload_2291.cpp,xczu7ev-ffvc1156-2-e,3.33,3.70318311,427,0,27,24,48,cyclic_16_1,block_128_1,complete_1,unroll_2,pipeline_1,pipeline_1,pipeline_1,unroll_2,1,24.75,1,True
workload_1798.cpp,xczu7ev-ffvc1156-2-e,3.33,147.05964315,259,2,0,6,18,cyclic_16_1,block_128_1,complete_1,unroll_32,unroll_32,unroll_32,unroll_4,unroll_2,1,6.5,0.219644969431,False
workload_1846.cpp,xczu7ev-ffvc1156-2-e,3.33,154.93549275,1604,2,0,7,26,cyclic_16_1,block_128_1,complete_1,unroll_32,unroll_32,unroll_32,unroll_64,pipeline_1,1,8.75,0.191431382884,False
workload_2353.cpp,xczu7ev-ffvc1156-2-e,3.33,3.70318311,377,0,27,24,48,cyclic_16_1,block_128_1,complete_1,unroll_4,pipeline_1,pipeline_1,pipeline_1,unroll_2,1,24.75,1,True
workload_2293.cpp,xczu7ev-ffvc1156-2-e,3.33,3.70318311,430,0,27,24,48,cyclic_16_1,block_128_1,complete_1,unroll_4,unroll_2,pipeline_1,pipeline_1,unroll_2,1,24.75,1,True
workload_2385.cpp,xczu7ev-ffvc1156-2-e,3.33,3.70318311,394,0,27,24,48,cyclic_16_1,block_128_1,complete_1,unroll_8,pipeline_1,pipeline_1,pipeline_1,unroll_2,2,24.75,1,True
workload_1822.cpp,xczu7ev-ffvc1156-2-e,3.33,159.79398939,1456,2,0,6,11,cyclic_16_1,block_128_1,complete_1,unroll_8,unroll_64,unroll_8,unroll_8,unroll_2,1,4.75,0.18984147921,False
workload_1844.cpp,xczu7ev-ffvc1156-2-e,3.33,125.63616474,1578,6,1,3,18,cyclic_16_1,block_16_1,complete_1,unroll_64,unroll_64,pipeline_1,unroll_32,pipeline_1,1,7,0.286282445967,False
workload_1782.cpp,xczu7ev-ffvc1156-2-e,3.33,75.23308827,55,7,1,1,6,cyclic_16_1,block_16_1,complete_1,unroll_64,unroll_8,unroll_8,unroll_2,pipeline_1,1,3.75,0.533681309864,False
workload_2312.cpp,xczu7ev-ffvc1156-2-e,3.33,10.92645594,116,2,0,4,6,cyclic_16_1,block_256_1,complete_1,pipeline_1,pipeline_1,pipeline_1,unroll_32,unroll_2,1,3,0.904801817544,False
workload_2148.cpp,xczu7ev-ffvc1156-2-e,3.33,4.58976231,430,0,45,37,64,cyclic_16_1,block_2_1,complete_1,pipeline_1,pipeline_1,pipeline_1,pipeline_1,unroll_2,1,36.5,0.274469538888,False
workload_2170.cpp,xczu7ev-ffvc1156-2-e,3.33,11.26384155,37,2,0,0,1,cyclic_16_1,block_2_1,complete_1,pipeline_1,pipeline_1,pipeline_1,unroll_8,unroll_2,1,0.75,0.976419038566,False
workload_2011.cpp,xczu7ev-ffvc1156-2-e,3.33,6.99036264,2645,0,38,34,60,cyclic_16_1,block_2_1,complete_1,pipeline_1,pipeline_1,unroll_16,pipeline_1,pipeline_1,1,33,0.345357636497,False
workload_1973.cpp,xczu7ev-ffvc1156-2-e,3.33,6.99034599,867,0,38,34,60,cyclic_16_1,block_2_1,complete_1,pipeline_1,pipeline_1,unroll_32,pipeline_1,pipeline_1,1,33,0.345357638916,False
workload_2167.cpp,xczu7ev-ffvc1156-2-e,3.33,4.58976231,449,0,45,37,64,cyclic_16_1,block_2_1,complete_1,pipeline_1,unroll_2,pipeline_1,pipeline_1,unroll_2,2,36.5,0.274469538888,False
workload_2055.cpp,xczu7ev-ffvc1156-2-e,3.33,189.48499866,515,2,0,0,1,cyclic_16_1,block_2_1,complete_1,pipeline_1,unroll_2,unroll_2,unroll_8,unroll_2,1,0.75,0.132451992468,False
workload_1945.cpp,xczu7ev-ffvc1156-2-e,3.33,154.62197658,47,2,0,0,2,cyclic_16_1,block_2_1,complete_1,pipeline_1,unroll_8,unroll_16,unroll_8,unroll_2,1,1,0.208253675197,False
workload_2020.cpp,xczu7ev-ffvc1156-2-e,3.33,8.631374985,38,2,0,0,2,cyclic_16_1,block_2_1,complete_1,unroll_16,pipeline_1,pipeline_1,unroll_8,unroll_2,2,1,0.98605773644,False
workload_1790.cpp,xczu7ev-ffvc1156-2-e,3.33,163.88182746,131,2,0,2,14,cyclic_16_1,block_2_1,complete_1,unroll_16,unroll_64,pipeline_1,unroll_32,pipeline_1,1,4.5,0.180229561897,False
workload_1931.cpp,xczu7ev-ffvc1156-2-e,3.33,136.03110939,1189,2,0,1,5,cyclic_16_1,block_2_1,complete_1,unroll_32,unroll_16,unroll_32,unroll_8,pipeline_1,1,2,0.265985584816,False
workload_2042.cpp,xczu7ev-ffvc1156-2-e,3.33,4.58976231,413,0,45,37,64,cyclic_16_1,block_2_1,complete_1,unroll_4,pipeline_1,pipeline_1,pipeline_1,pipeline_1,1,36.5,0.274469538888,False
workload_1777.cpp,xczu7ev-ffvc1156-2-e,3.33,11.029827465,38,2,0,0,1,cyclic_16_1,block_2_1,complete_1,unroll_4,pipeline_1,pipeline_1,unroll_16,pipeline_1,2,0.75,0.977315482865,False
workload_2433.cpp,xczu7ev-ffvc1156-2-e,3.33,11.25018522,568,2,0,0,1,cyclic_16_1,block_2_1,complete_1,unroll_4,pipeline_1,pipeline_1,unroll_8,unroll_2,1,0.75,0.976473960467,False
workload_1843.cpp,xczu7ev-ffvc1156-2-e,3.33,139.33787931,1570,2,0,3,13,cyclic_16_1,block_2_1,complete_1,unroll_4,unroll_64,pipeline_1,unroll_4,pipeline_1,1,4.5,0.249727787725,False
workload_2495.cpp,xczu7ev-ffvc1156-2-e,3.33,3.70318311,402,0,27,24,48,cyclic_16_1,block_32_1,complete_1,pipeline_1,pipeline_1,pipeline_1,pipeline_1,pipeline_1,1,24.75,1,True
workload_2561.cpp,xczu7ev-ffvc1156-2-e,3.33,3.70318311,2424,0,27,24,48,cyclic_16_1,block_32_1,complete_1,pipeline_1,unroll_2,pipeline_1,pipeline_1,unroll_2,1,24.75,1,True
workload_2261.cpp,xczu7ev-ffvc1156-2-e,3.33,4.15329255,406,1,41,34,60,cyclic_16_1,block_4_1,complete_1,pipeline_1,pipeline_1,pipeline_1,pipeline_1,unroll_2,1,34,0.323983651612,False
workload_2243.cpp,xczu7ev-ffvc1156-2-e,3.33,11.25700506,36,3,0,0,1,cyclic_16_1,block_4_1,complete_1,pipeline_1,pipeline_1,pipeline_1,unroll_8,unroll_2,1,1,0.970258218413,False
workload_2229.cpp,xczu7ev-ffvc1156-2-e,3.33,4.15329255,410,1,41,34,60,cyclic_16_1,block_4_1,complete_1,pipeline_1,unroll_2,pipeline_1,pipeline_1,pipeline_1,1,34,0.323983651612,False
workload_2065.cpp,xczu7ev-ffvc1156-2-e,3.33,4.15329255,515,1,41,34,60,cyclic_16_1,block_4_1,complete_1,unroll_4,unroll_2,pipeline_1,pipeline_1,unroll_2,1,34,0.323983651612,False
workload_2368.cpp,xczu7ev-ffvc1156-2-e,3.33,4.15329255,410,1,41,34,60,cyclic_16_1,block_4_1,complete_1,unroll_4,unroll_4,pipeline_1,pipeline_1,unroll_2,1,34,0.323983651612,False
workload_2018.cpp,xczu7ev-ffvc1156-2-e,3.33,19.09983771,40,3,0,0,1,cyclic_16_1,block_4_1,complete_1,unroll_8,pipeline_1,pipeline_1,unroll_8,pipeline_1,1,1,0.920413878824,False
workload_1914.cpp,xczu7ev-ffvc1156-2-e,3.33,4.1533092,1172,1,55,45,73,cyclic_16_1,block_4_1,complete_1,unroll_8,unroll_4,unroll_8,pipeline_1,pipeline_1,1,43.5,0.168669207706,False
workload_1859.cpp,xczu7ev-ffvc1156-2-e,3.33,19.10154267,41,2,0,5,5,cyclic_16_1,block_64_1,complete_1,unroll_8,pipeline_1,unroll_8,unroll_8,unroll_2,1,3,0.873912732328,False
workload_2030.cpp,xczu7ev-ffvc1156-2-e,3.33,3.70318311,391.5,0,27,24,48,cyclic_16_1,block_8_1,complete_1,pipeline_1,pipeline_1,pipeline_1,pipeline_1,pipeline_1,4,24.75,1,True
workload_2068.cpp,xczu7ev-ffvc1156-2-e,3.33,3.70318311,417.5,0,27,24,48,cyclic_16_1,block_8_1,complete_1,pipeline_1,pipeline_1,pipeline_1,pipeline_1,unroll_2,6,24.75,1,True
workload_2084.cpp,xczu7ev-ffvc1156-2-e,3.33,10.87136442,516,3,0,0,2,cyclic_16_1,block_8_1,complete_1,pipeline_1,pipeline_1,pipeline_1,unroll_64,pipeline_1,1,1.25,0.967818691326,False
workload_2085.cpp,xczu7ev-ffvc1156-2-e,3.33,11.25700506,516,3,0,0,2,cyclic_16_1,block_8_1,complete_1,pipeline_1,pipeline_1,pipeline_1,unroll_8,unroll_2,1,1.25,0.965506309907,False
workload_2071.cpp,xczu7ev-ffvc1156-2-e,3.33,3.70318311,402,0,27,24,48,cyclic_16_1,block_8_1,complete_1,pipeline_1,unroll_2,pipeline_1,pipeline_1,pipeline_1,5,24.75,1,True
workload_1897.cpp,xczu7ev-ffvc1156-2-e,3.33,3.70318311,809,0,27,24,48,cyclic_16_1,block_8_1,complete_1,pipeline_1,unroll_2,pipeline_1,pipeline_1,unroll_2,4,24.75,1,True
workload_2021.cpp,xczu7ev-ffvc1156-2-e,3.33,222.22193562,40,3,0,0,1,cyclic_16_1,block_8_1,complete_1,pipeline_1,unroll_2,pipeline_1,unroll_8,unroll_2,1,1,0.101614653126,False
workload_2280.cpp,xczu7ev-ffvc1156-2-e,3.33,3.70318311,393,0,27,24,48,cyclic_16_1,block_8_1,complete_1,pipeline_1,unroll_4,pipeline_1,pipeline_1,unroll_2,1,24.75,1,True
workload_2450.cpp,xczu7ev-ffvc1156-2-e,3.33,8.2939977,38,3,0,0,1,cyclic_16_1,block_8_1,complete_1,unroll_16,pipeline_1,pipeline_1,unroll_32,unroll_2,1,1,0.987503113029,False
workload_2376.cpp,xczu7ev-ffvc1156-2-e,3.33,8.23890618,41,3,0,0,2,cyclic_16_1,block_8_1,complete_1,unroll_16,pipeline_1,pipeline_1,unroll_64,unroll_2,1,1.25,0.978741145537,False
workload_1924.cpp,xczu7ev-ffvc1156-2-e,3.33,8.62456347,1172,3,0,0,2,cyclic_16_1,block_8_1,complete_1,unroll_16,pipeline_1,pipeline_1,unroll_8,unroll_2,1,1.25,0.978018881505,False
workload_2010.cpp,xczu7ev-ffvc1156-2-e,3.33,3.70318311,2075,0,32,28,52.5,cyclic_16_1,block_8_1,complete_1,unroll_2,pipeline_1,pipeline_1,pipeline_1,unroll_2,2,28.125,0.464648535815,False
workload_2177.cpp,xczu7ev-ffvc1156-2-e,3.33,3.70318311,684,0,27,24,48,cyclic_16_1,block_8_1,complete_1,unroll_2,unroll_2,pipeline_1,pipeline_1,pipeline_1,1,24.75,1,True
workload_2072.cpp,xczu7ev-ffvc1156-2-e,3.33,3.70318311,457,0,32,28,52.5,cyclic_16_1,block_8_1,complete_1,unroll_2,unroll_2,pipeline_1,pipeline_1,unroll_2,2,28.125,0.464648535815,False
workload_2109.cpp,xczu7ev-ffvc1156-2-e,3.33,3.70318311,948,0,27,24,48,cyclic_16_1,block_8_1,complete_1,unroll_4,pipeline_1,pipeline_1,pipeline_1,pipeline_1,2,24.75,1,True
workload_1886.cpp,xczu7ev-ffvc1156-2-e,3.33,3.70318311,456,0,27,24,48,cyclic_16_1,block_8_1,complete_1,unroll_4,pipeline_1,pipeline_1,pipeline_1,unroll_2,7,24.75,1,True
workload_1857.cpp,xczu7ev-ffvc1156-2-e,3.33,14.3114409,38,3,0,1,2,cyclic_16_1,block_8_1,complete_1,unroll_4,pipeline_1,pipeline_1,unroll_2,unroll_2,1,1.5,0.940352043118,False
workload_1936.cpp,xczu7ev-ffvc1156-2-e,3.33,11.24338203,38,3,0,0,2,cyclic_16_1,block_8_1,complete_1,unroll_4,pipeline_1,pipeline_1,unroll_8,unroll_2,1,1.25,0.965589690914,False
workload_1954.cpp,xczu7ev-ffvc1156-2-e,3.33,3.70318311,407,0,27,24,48,cyclic_16_1,block_8_1,complete_1,unroll_4,unroll_2,pipeline_1,pipeline_1,pipeline_1,3,24.75,1,True
workload_2080.cpp,xczu7ev-ffvc1156-2-e,3.33,3.70318311,685,0,27,24,48,cyclic_16_1,block_8_1,complete_1,unroll_4,unroll_2,pipeline_1,pipeline_1,unroll_2,3,24.75,1,True
workload_1778.cpp,xczu7ev-ffvc1156-2-e,3.33,85.57196571,38,5,0,0,2,cyclic_16_1,block_8_1,complete_1,unroll_4,unroll_2,unroll_4,unroll_2,pipeline_1,1,1.75,0.487895614891,False
workload_1923.cpp,xczu7ev-ffvc1156-2-e,3.33,92.6410329,1172,5,0,0,2,cyclic_16_1,block_8_1,complete_1,unroll_4,unroll_2,unroll_8,unroll_64,pipeline_1,1,1.75,0.451325105568,False
workload_1863.cpp,xczu7ev-ffvc1156-2-e,3.33,81.21408795,44,5,1,1,4,cyclic_16_1,block_8_1,complete_1,unroll_4,unroll_8,unroll_4,unroll_2,pipeline_1,1,2.75,0.507479501419,False
workload_2153.cpp,xczu7ev-ffvc1156-2-e,3.33,3.70318311,446,0,27,24,48,cyclic_16_1,block_8_1,complete_1,unroll_8,pipeline_1,pipeline_1,pipeline_1,unroll_2,1,24.75,1,True
workload_2117.cpp,xczu7ev-ffvc1156-2-e,3.33,3.70318311,955,0,32,28,52.5,cyclic_16_1,complete_1,complete_1,pipeline_1,pipeline_1,pipeline_1,pipeline_1,unroll_2,2,28.125,0.464648535815,False
workload_2249.cpp,xczu7ev-ffvc1156-2-e,3.33,3.70318311,385,0,27,24,48,cyclic_16_1,complete_1,complete_1,pipeline_1,unroll_2,pipeline_1,pipeline_1,unroll_2,1,24.75,1,True
workload_2332.cpp,xczu7ev-ffvc1156-2-e,3.33,3.70318311,571,0,27,24,48,cyclic_16_1,complete_1,complete_1,pipeline_1,unroll_4,pipeline_1,pipeline_1,unroll_2,1,24.75,1,True
workload_2393.cpp,xczu7ev-ffvc1156-2-e,3.33,3.70318311,428,0,27,24,48,cyclic_16_1,complete_1,complete_1,unroll_2,pipeline_1,pipeline_1,pipeline_1,unroll_2,1,24.75,1,True
workload_2317.cpp,xczu7ev-ffvc1156-2-e,3.33,3.70318311,443,0,27,24,48,cyclic_16_1,complete_1,complete_1,unroll_4,pipeline_1,pipeline_1,pipeline_1,unroll_2,3,24.75,1,True
workload_2182.cpp,xczu7ev-ffvc1156-2-e,3.33,3.70318311,544,0,32,28,52.5,cyclic_16_1,complete_1,complete_1,unroll_4,unroll_2,pipeline_1,pipeline_1,unroll_2,2,28.125,0.464648535815,False
workload_2059.cpp,xczu7ev-ffvc1156-2-e,3.33,3.70318311,541.5,0,27,24,48,cyclic_16_1,cyclic_128_1,complete_1,pipeline_1,pipeline_1,pipeline_1,pipeline_1,unroll_2,2,24.75,1,True
workload_2356.cpp,xczu7ev-ffvc1156-2-e,3.33,3.70318311,399,0,27,24,48,cyclic_16_1,cyclic_128_1,complete_1,pipeline_1,unroll_2,pipeline_1,pipeline_1,unroll_2,3,24.75,1,True
workload_1788.cpp,xczu7ev-ffvc1156-2-e,3.33,81.40216635,121.5,2,1,4,11,cyclic_16_1,cyclic_128_1,complete_1,pipeline_1,unroll_32,pipeline_1,unroll_64,pipeline_1,2,4.5,0.495176342484,False
workload_2135.cpp,xczu7ev-ffvc1156-2-e,3.33,8.23890618,96,2,0,2,4,cyclic_16_1,cyclic_128_1,complete_1,unroll_16,pipeline_1,pipeline_1,unroll_64,unroll_2,1,2,0.947961488236,False
workload_2180.cpp,xczu7ev-ffvc1156-2-e,3.33,3.70318311,684,0,27,24,48,cyclic_16_1,cyclic_128_1,complete_1,unroll_2,pipeline_1,pipeline_1,pipeline_1,unroll_2,1,24.75,1,True
workload_1986.cpp,xczu7ev-ffvc1156-2-e,3.33,3.70318311,1505,0,27,24,48,cyclic_16_1,cyclic_128_1,complete_1,unroll_4,pipeline_1,pipeline_1,pipeline_1,unroll_2,4,24.75,1,True
workload_2298.cpp,xczu7ev-ffvc1156-2-e,3.33,3.70318311,500.5,0,27,24,48,cyclic_16_1,cyclic_128_1,complete_1,unroll_4,unroll_2,pipeline_1,pipeline_1,unroll_2,2,24.75,1,True
workload_2076.cpp,xczu7ev-ffvc1156-2-e,3.33,3.70318311,515,0,37,32,57,cyclic_16_1,cyclic_16_1,complete_1,pipeline_1,unroll_2,pipeline_1,pipeline_1,pipeline_1,1,31.5,0.379661485809,False
workload_2111.cpp,xczu7ev-ffvc1156-2-e,3.33,3.70318311,1505,0,27,24,48,cyclic_16_1,cyclic_256_1,complete_1,unroll_4,pipeline_1,pipeline_1,pipeline_1,unroll_2,1,24.75,1,True
workload_1987.cpp,xczu7ev-ffvc1156-2-e,3.33,3.72364263,2645,0,20,18,44,cyclic_16_1,cyclic_2_1,complete_1,pipeline_1,pipeline_1,pipeline_1,pipeline_1,unroll_2,1,20.5,0.560839628771,False
workload_1937.cpp,xczu7ev-ffvc1156-2-e,3.33,11.31667866,38,2,0,0,1,cyclic_16_1,cyclic_2_1,complete_1,pipeline_1,pipeline_1,unroll_16,unroll_8,unroll_2,1,0.75,0.976203551025,False
workload_1818.cpp,xczu7ev-ffvc1156-2-e,3.33,11.056254345,748.5,2,0,0,1.5,cyclic_16_1,cyclic_2_1,complete_1,pipeline_1,pipeline_1,unroll_32,unroll_16,pipeline_1,2,0.875,0.973304640197,False
workload_2227.cpp,xczu7ev-ffvc1156-2-e,3.33,3.72364263,407,0,20,18,44,cyclic_16_1,cyclic_2_1,complete_1,pipeline_1,unroll_2,pipeline_1,pipeline_1,pipeline_1,1,20.5,0.560839628771,False
workload_1927.cpp,xczu7ev-ffvc1156-2-e,3.33,3.72364263,795.5,0,20,18,44,cyclic_16_1,cyclic_2_1,complete_1,pipeline_1,unroll_2,pipeline_1,pipeline_1,unroll_2,2,20.5,0.560839628771,False
workload_2034.cpp,xczu7ev-ffvc1156-2-e,3.33,3.72364263,401,0,20,18,44,cyclic_16_1,cyclic_2_1,complete_1,pipeline_1,unroll_2,unroll_2,pipeline_1,unroll_2,1,20.5,0.560839628771,False
workload_1791.cpp,xczu7ev-ffvc1156-2-e,3.33,91.60922907,131,3,1,3,15,cyclic_16_1,cyclic_2_1,complete_1,pipeline_1,unroll_64,unroll_32,unroll_4,pipeline_1,1,5.5,0.436823124629,False
workload_1816.cpp,xczu7ev-ffvc1156-2-e,3.33,14.31827739,1456,2,0,1,2,cyclic_16_1,cyclic_2_1,complete_1,unroll_4,pipeline_1,pipeline_1,unroll_2,pipeline_1,1,1.25,0.946741788239,False
workload_1861.cpp,xczu7ev-ffvc1156-2-e,3.33,19.13223195,44,2,0,0,1,cyclic_16_1,cyclic_2_1,complete_1,unroll_8,pipeline_1,unroll_32,unroll_8,pipeline_1,1,0.75,0.92294139139,False
workload_1901.cpp,xczu7ev-ffvc1156-2-e,3.33,3.70318311,1019.5,0,27,24,48,cyclic_16_1,cyclic_32_1,complete_1,pipeline_1,pipeline_1,pipeline_1,pipeline_1,unroll_2,4,24.75,1,True
workload_1982.cpp,xczu7ev-ffvc1156-2-e,3.33,11.25700506,45,2,0,1,3,cyclic_16_1,cyclic_32_1,complete_1,pipeline_1,pipeline_1,pipeline_1,unroll_8,unroll_2,1,1.5,0.958676637407,False
workload_2032.cpp,xczu7ev-ffvc1156-2-e,3.33,3.70318311,451.5,0,27,24,48,cyclic_16_1,cyclic_32_1,complete_1,pipeline_1,unroll_2,pipeline_1,pipeline_1,unroll_2,2,24.75,1,True
workload_2194.cpp,xczu7ev-ffvc1156-2-e,3.33,3.70318311,685,0,27,24,48,cyclic_16_1,cyclic_32_1,complete_1,unroll_4,pipeline_1,pipeline_1,pipeline_1,unroll_2,1,24.75,1,True
workload_2287.cpp,xczu7ev-ffvc1156-2-e,3.33,3.70318311,424,0,27,24,48,cyclic_16_1,cyclic_32_1,complete_1,unroll_4,unroll_2,pipeline_1,pipeline_1,unroll_2,1,24.75,1,True
workload_2188.cpp,xczu7ev-ffvc1156-2-e,3.33,3.72364263,685,0,11,12,36,cyclic_16_1,cyclic_4_1,complete_1,pipeline_1,pipeline_1,pipeline_1,pipeline_1,pipeline_1,1,14.75,0.611081496194,False
workload_2063.cpp,xczu7ev-ffvc1156-2-e,3.33,3.72364263,2424,0,11,12,36,cyclic_16_1,cyclic_4_1,complete_1,pipeline_1,pipeline_1,pipeline_1,pipeline_1,unroll_2,3,14.75,0.611081496194,False
workload_2542.cpp,xczu7ev-ffvc1156-2-e,3.33,10.87136442,2424,3,0,0,2,cyclic_16_1,cyclic_4_1,complete_1,pipeline_1,pipeline_1,pipeline_1,unroll_64,unroll_2,1,1.25,0.967818691326,False
workload_1926.cpp,xczu7ev-ffvc1156-2-e,3.33,11.06306586,605,3,0,0,1,cyclic_16_1,cyclic_4_1,complete_1,pipeline_1,pipeline_1,unroll_16,unroll_16,pipeline_1,2,1,0.971604301101,False
workload_1962.cpp,xczu7ev-ffvc1156-2-e,3.33,3.72364263,867,0,11,12,36,cyclic_16_1,cyclic_4_1,complete_1,pipeline_1,unroll_2,pipeline_1,pipeline_1,pipeline_1,3,14.75,0.611081496194,False
workload_2074.cpp,xczu7ev-ffvc1156-2-e,3.33,3.72364263,456,0,11,12,36,cyclic_16_1,cyclic_4_1,complete_1,pipeline_1,unroll_2,pipeline_1,pipeline_1,unroll_2,2,14.75,0.611081496194,False
workload_2144.cpp,xczu7ev-ffvc1156-2-e,3.33,3.72364263,411,0,11,12,36,cyclic_16_1,cyclic_4_1,complete_1,pipeline_1,unroll_4,pipeline_1,pipeline_1,pipeline_1,1,14.75,0.611081496194,False
workload_2273.cpp,xczu7ev-ffvc1156-2-e,3.33,8.2939977,38,3,0,0,1,cyclic_16_1,cyclic_4_1,complete_1,unroll_16,pipeline_1,pipeline_1,unroll_32,unroll_2,1,1,0.987503113029,False
workload_2206.cpp,xczu7ev-ffvc1156-2-e,3.33,8.23890618,38.5,3,0,0,2,cyclic_16_1,cyclic_4_1,complete_1,unroll_16,pipeline_1,pipeline_1,unroll_64,unroll_2,2,1.25,0.978741145537,False
workload_2242.cpp,xczu7ev-ffvc1156-2-e,3.33,186.0872265,36,3,0,0,1,cyclic_16_1,cyclic_4_1,complete_1,unroll_16,unroll_2,pipeline_1,unroll_32,unroll_2,1,1,0.137862013572,False
workload_2245.cpp,xczu7ev-ffvc1156-2-e,3.33,186.03213498,39.5,3,0,0,2,cyclic_16_1,cyclic_4_1,complete_1,unroll_16,unroll_2,pipeline_1,unroll_64,unroll_2,2,1.25,0.137905712295,False
workload_2186.cpp,xczu7ev-ffvc1156-2-e,3.33,3.72364263,560.5,0,11,12,36,cyclic_16_1,cyclic_4_1,complete_1,unroll_2,pipeline_1,pipeline_1,pipeline_1,pipeline_1,2,14.75,0.611081496194,False
workload_2257.cpp,xczu7ev-ffvc1156-2-e,3.33,3.72364263,398,0,11,12,36,cyclic_16_1,cyclic_4_1,complete_1,unroll_2,pipeline_1,pipeline_1,pipeline_1,unroll_2,1,14.75,0.611081496194,False
workload_2285.cpp,xczu7ev-ffvc1156-2-e,3.33,3.72364263,402,0,11,12,36,cyclic_16_1,cyclic_4_1,complete_1,unroll_2,unroll_2,pipeline_1,pipeline_1,unroll_2,1,14.75,0.611081496194,False
workload_2365.cpp,xczu7ev-ffvc1156-2-e,3.33,3.72364263,401,0,11,12,36,cyclic_16_1,cyclic_4_1,complete_1,unroll_4,pipeline_1,pipeline_1,pipeline_1,pipeline_1,1,14.75,0.611081496194,False
workload_2260.cpp,xczu7ev-ffvc1156-2-e,3.33,3.72364263,450,0,11,12,36,cyclic_16_1,cyclic_4_1,complete_1,unroll_4,pipeline_1,pipeline_1,pipeline_1,unroll_2,3,14.75,0.611081496194,False
workload_2324.cpp,xczu7ev-ffvc1156-2-e,3.33,3.72364263,571,0,11,12,36,cyclic_16_1,cyclic_4_1,complete_1,unroll_4,unroll_2,pipeline_1,pipeline_1,pipeline_1,1,14.75,0.611081496194,False
workload_2302.cpp,xczu7ev-ffvc1156-2-e,3.33,3.72364263,505,0,19.5,18.5,43,cyclic_16_1,cyclic_4_1,complete_1,unroll_8,pipeline_1,pipeline_1,pipeline_1,unroll_2,2,20.25,0.560835950256,False
workload_2022.cpp,xczu7ev-ffvc1156-2-e,3.33,19.09982106,40,3,0,0,1,cyclic_16_1,cyclic_4_1,complete_1,unroll_8,pipeline_1,pipeline_1,unroll_8,pipeline_1,1,1,0.920413999512,False
workload_1830.cpp,xczu7ev-ffvc1156-2-e,3.33,3.70318311,571,0,27,24,48,cyclic_16_1,cyclic_64_1,complete_1,pipeline_1,pipeline_1,pipeline_1,pipeline_1,unroll_2,3,24.75,1,True
workload_1862.cpp,xczu7ev-ffvc1156-2-e,3.33,11.03665563,44,2,0,1,2,cyclic_16_1,cyclic_64_1,complete_1,pipeline_1,pipeline_1,pipeline_1,unroll_16,pipeline_1,1,1.25,0.966840156295,False
workload_2306.cpp,xczu7ev-ffvc1156-2-e,3.33,5.43542247,460,0,45,44,64,cyclic_16_1,cyclic_64_1,complete_1,pipeline_1,pipeline_1,unroll_64,pipeline_1,pipeline_1,1,38.25,0.243477011204,False
workload_1802.cpp,xczu7ev-ffvc1156-2-e,3.33,5.43542247,473,0,45,44,64,cyclic_16_1,cyclic_64_1,complete_1,pipeline_1,pipeline_1,unroll_64,pipeline_1,unroll_2,1,38.25,0.243477011204,False
workload_2089.cpp,xczu7ev-ffvc1156-2-e,3.33,3.70318311,543.5,0,27,24,48,cyclic_16_1,cyclic_64_1,complete_1,pipeline_1,unroll_2,pipeline_1,pipeline_1,pipeline_1,4,24.75,1,True
workload_1887.cpp,xczu7ev-ffvc1156-2-e,3.33,3.70318311,480.5,0,27,24,48,cyclic_16_1,cyclic_64_1,complete_1,pipeline_1,unroll_2,pipeline_1,pipeline_1,unroll_2,6,24.75,1,True
workload_1998.cpp,xczu7ev-ffvc1156-2-e,3.33,3.70318311,2645,0,27,24,48,cyclic_16_1,cyclic_64_1,complete_1,pipeline_1,unroll_2,unroll_8,pipeline_1,unroll_2,1,24.75,1,True
workload_2007.cpp,xczu7ev-ffvc1156-2-e,3.33,3.70319976,2645,0,27,24,48,cyclic_16_1,cyclic_64_1,complete_1,pipeline_1,unroll_4,pipeline_1,pipeline_1,unroll_2,1,24.75,0.560888422388,False
workload_2209.cpp,xczu7ev-ffvc1156-2-e,3.33,8.2939977,49,2,0,1,3,cyclic_16_1,cyclic_64_1,complete_1,unroll_16,pipeline_1,pipeline_1,unroll_32,unroll_2,1,1.5,0.968451750389,False
workload_2350.cpp,xczu7ev-ffvc1156-2-e,3.33,8.23890618,155,2,0,1,3,cyclic_16_1,cyclic_64_1,complete_1,unroll_16,pipeline_1,pipeline_1,unroll_64,unroll_2,1,1.5,0.968489110449,False
workload_2087.cpp,xczu7ev-ffvc1156-2-e,3.33,8.62454682,516,2,0,1,5,cyclic_16_1,cyclic_64_1,complete_1,unroll_16,pipeline_1,pipeline_1,unroll_8,unroll_2,1,2,0.947752646039,False
workload_2122.cpp,xczu7ev-ffvc1156-2-e,3.33,3.70318311,1505,0,27,24,48,cyclic_16_1,cyclic_64_1,complete_1,unroll_2,pipeline_1,pipeline_1,pipeline_1,pipeline_1,1,24.75,1,True
workload_2248.cpp,xczu7ev-ffvc1156-2-e,3.33,3.70318311,389,0,27,24,48,cyclic_16_1,cyclic_64_1,complete_1,unroll_2,pipeline_1,pipeline_1,pipeline_1,unroll_2,2,24.75,1,True
workload_1913.cpp,xczu7ev-ffvc1156-2-e,3.33,14.51477403,1172,2,0,1,2,cyclic_16_1,cyclic_64_1,complete_1,unroll_2,pipeline_1,pipeline_1,unroll_16,pipeline_1,1,1.25,0.945668478766,False
workload_2314.cpp,xczu7ev-ffvc1156-2-e,3.33,3.70318311,571,0,27,24,48,cyclic_16_1,cyclic_64_1,complete_1,unroll_2,unroll_2,pipeline_1,pipeline_1,pipeline_1,1,24.75,1,True
workload_1900.cpp,xczu7ev-ffvc1156-2-e,3.33,3.70318311,685,0,27,24,48,cyclic_16_1,cyclic_64_1,complete_1,unroll_4,pipeline_1,pipeline_1,pipeline_1,unroll_2,5,24.75,1,True
workload_2252.cpp,xczu7ev-ffvc1156-2-e,3.33,3.70318311,409,0,27,24,48,cyclic_16_1,cyclic_64_1,complete_1,unroll_4,unroll_2,pipeline_1,pipeline_1,pipeline_1,2,24.75,1,True
workload_2031.cpp,xczu7ev-ffvc1156-2-e,3.33,3.70318311,397,0,27,24,48,cyclic_16_1,cyclic_64_1,complete_1,unroll_4,unroll_2,pipeline_1,pipeline_1,unroll_2,3,24.75,1,True
workload_2102.cpp,xczu7ev-ffvc1156-2-e,3.33,3.70318311,1505,0,27,24,48,cyclic_16_1,cyclic_64_1,complete_1,unroll_4,unroll_2,unroll_8,pipeline_1,unroll_2,1,24.75,1,True
workload_2043.cpp,xczu7ev-ffvc1156-2-e,3.33,3.70319976,413,0,37,32,57,cyclic_16_1,cyclic_64_1,complete_1,unroll_4,unroll_4,pipeline_1,pipeline_1,pipeline_1,1,31.5,0.37966148688,False
workload_2221.cpp,xczu7ev-ffvc1156-2-e,3.33,3.70318311,394,0,27,24,48,cyclic_16_1,cyclic_8_1,complete_1,pipeline_1,pipeline_1,pipeline_1,pipeline_1,pipeline_1,1,24.75,1,True
workload_2012.cpp,xczu7ev-ffvc1156-2-e,3.33,3.70318311,1664.5,0,27,24,48,cyclic_16_1,cyclic_8_1,complete_1,pipeline_1,pipeline_1,pipeline_1,pipeline_1,unroll_2,2,24.75,1,True
workload_2344.cpp,xczu7ev-ffvc1156-2-e,3.33,10.87136442,155,3,0,0,2,cyclic_16_1,cyclic_8_1,complete_1,pipeline_1,pipeline_1,pipeline_1,unroll_64,unroll_2,1,1.25,0.967818691326,False
workload_2278.cpp,xczu7ev-ffvc1156-2-e,3.33,3.70318311,393,0,27,24,48,cyclic_16_1,cyclic_8_1,complete_1,pipeline_1,unroll_2,pipeline_1,pipeline_1,pipeline_1,1,24.75,1,True
workload_2544.cpp,xczu7ev-ffvc1156-2-e,3.33,3.70318311,2424,0,27,24,48,cyclic_16_1,cyclic_8_1,complete_1,pipeline_1,unroll_2,pipeline_1,pipeline_1,unroll_2,1,24.75,1,True
workload_2416.cpp,xczu7ev-ffvc1156-2-e,3.33,221.83629498,567,3,0,0,2,cyclic_16_1,cyclic_8_1,complete_1,pipeline_1,unroll_2,pipeline_1,unroll_64,unroll_2,1,1.25,0.101741245891,False
workload_2515.cpp,xczu7ev-ffvc1156-2-e,3.33,8.2939977,35,3,0,0,1,cyclic_16_1,cyclic_8_1,complete_1,unroll_16,pipeline_1,pipeline_1,unroll_32,unroll_2,1,1,0.987503113029,False
workload_2172.cpp,xczu7ev-ffvc1156-2-e,3.33,8.23890618,40,3,0,0,2,cyclic_16_1,cyclic_8_1,complete_1,unroll_16,pipeline_1,pipeline_1,unroll_64,pipeline_1,1,1.25,0.978741145537,False
workload_2097.cpp,xczu7ev-ffvc1156-2-e,3.33,8.23890618,44,3,0,0,2,cyclic_16_1,cyclic_8_1,complete_1,unroll_16,pipeline_1,pipeline_1,unroll_64,unroll_2,1,1.25,0.978741145537,False
workload_2469.cpp,xczu7ev-ffvc1156-2-e,3.33,3.70318311,391,0,27,24,48,cyclic_16_1,cyclic_8_1,complete_1,unroll_4,pipeline_1,pipeline_1,pipeline_1,pipeline_1,1,24.75,1,True
workload_2154.cpp,xczu7ev-ffvc1156-2-e,3.33,3.70318311,507,0,27,24,48,cyclic_16_1,cyclic_8_1,complete_1,unroll_4,pipeline_1,pipeline_1,pipeline_1,unroll_2,2,24.75,1,True
workload_2151.cpp,xczu7ev-ffvc1156-2-e,3.33,3.703191435,446,0,27,24,48,cyclic_256_1,block_128_1,complete_1,pipeline_1,unroll_2,pipeline_1,pipeline_1,unroll_2,2,24.75,0.560888445663,False
workload_2360.cpp,xczu7ev-ffvc1156-2-e,3.33,3.70318311,391,0,27,24,48,cyclic_256_1,block_128_1,complete_1,unroll_4,unroll_2,pipeline_1,pipeline_1,unroll_2,1,24.75,1,True
workload_1985.cpp,xczu7ev-ffvc1156-2-e,3.33,11.24338203,60,2,0,4,7,cyclic_256_1,block_16_1,complete_1,unroll_2,pipeline_1,pipeline_1,unroll_8,pipeline_1,1,3.25,0.894578421842,False
workload_1800.cpp,xczu7ev-ffvc1156-2-e,3.33,3.70319976,402,0,37,32,57,cyclic_256_1,block_16_1,complete_1,unroll_2,pipeline_1,unroll_2,pipeline_1,pipeline_1,1,31.5,0.37966148688,False
workload_1889.cpp,xczu7ev-ffvc1156-2-e,3.33,5.43543912,408,0,46,45,65,cyclic_256_1,block_16_1,complete_1,unroll_2,pipeline_1,unroll_32,pipeline_1,pipeline_1,1,39,0.231123293916,False
workload_1960.cpp,xczu7ev-ffvc1156-2-e,3.33,3.70319976,867,0,37,32,57,cyclic_256_1,block_16_1,complete_1,unroll_2,unroll_2,unroll_2,pipeline_1,pipeline_1,1,31.5,0.37966148688,False
workload_2494.cpp,xczu7ev-ffvc1156-2-e,3.33,3.70318311,1413,0,27,24,48,cyclic_256_1,block_16_1,complete_1,unroll_4,pipeline_1,pipeline_1,pipeline_1,unroll_2,2,24.75,1,True
workload_2355.cpp,xczu7ev-ffvc1156-2-e,3.33,3.70318311,380,0,27,24,48,cyclic_256_1,block_256_1,complete_1,unroll_4,unroll_2,pipeline_1,pipeline_1,unroll_2,1,24.75,1,True
workload_2472.cpp,xczu7ev-ffvc1156-2-e,3.33,3.70318311,397,0,27,24,48,cyclic_256_1,block_32_1,complete_1,pipeline_1,pipeline_1,pipeline_1,pipeline_1,pipeline_1,1,24.75,1,True
workload_1877.cpp,xczu7ev-ffvc1156-2-e,3.33,92.80270107,103,0,0,10,16,cyclic_256_1,block_32_1,complete_1,pipeline_1,unroll_2,unroll_64,unroll_16,pipeline_1,1,6.5,0.424183543778,False
workload_1832.cpp,xczu7ev-ffvc1156-2-e,3.33,76.43338011,1457,0,0,10,17,cyclic_256_1,block_32_1,complete_1,unroll_8,unroll_2,unroll_64,unroll_8,pipeline_1,1,6.75,0.503994414469,False
workload_1922.cpp,xczu7ev-ffvc1156-2-e,3.33,218.71655451,1172,0,0,4,8,cyclic_256_1,block_32_1,complete_1,unroll_8,unroll_4,pipeline_1,unroll_8,unroll_2,1,3,0.102847661148,False
workload_2389.cpp,xczu7ev-ffvc1156-2-e,3.33,4.15329255,416,1,41,34,60,cyclic_256_1,block_4_1,complete_1,pipeline_1,pipeline_1,pipeline_1,pipeline_1,unroll_2,1,34,0.323983651612,False
workload_2405.cpp,xczu7ev-ffvc1156-2-e,3.33,4.15329255,453,1,41,34,60,cyclic_256_1,block_4_1,complete_1,unroll_4,pipeline_1,pipeline_1,pipeline_1,unroll_2,1,34,0.323983651612,False
workload_2255.cpp,xczu7ev-ffvc1156-2-e,3.33,3.70318311,398,0,27,24,48,cyclic_256_1,block_8_1,complete_1,pipeline_1,pipeline_1,pipeline_1,pipeline_1,unroll_2,1,24.75,1,True
workload_2313.cpp,xczu7ev-ffvc1156-2-e,3.33,10.86454458,155,1,0,4,6,cyclic_256_1,block_8_1,complete_1,pipeline_1,pipeline_1,pipeline_1,unroll_64,unroll_2,1,2.75,0.914585285989,False
workload_2560.cpp,xczu7ev-ffvc1156-2-e,3.33,3.70318311,2424,0,27,24,48,cyclic_256_1,block_8_1,complete_1,pipeline_1,unroll_2,pipeline_1,pipeline_1,pipeline_1,1,24.75,1,True
workload_2185.cpp,xczu7ev-ffvc1156-2-e,3.33,3.70318311,685,0,27,24,48,cyclic_256_1,block_8_1,complete_1,pipeline_1,unroll_2,pipeline_1,pipeline_1,unroll_2,1,24.75,1,True
workload_2215.cpp,xczu7ev-ffvc1156-2-e,3.33,3.70318311,391,0,27,24,48,cyclic_256_1,block_8_1,complete_1,unroll_4,pipeline_1,pipeline_1,pipeline_1,unroll_2,3,24.75,1,True
workload_2380.cpp,xczu7ev-ffvc1156-2-e,3.33,9.1118457,160,1,0,4,6,cyclic_256_1,block_8_1,complete_1,unroll_4,pipeline_1,pipeline_1,unroll_64,unroll_2,1,2.75,0.917124247566,False
workload_2112.cpp,xczu7ev-ffvc1156-2-e,3.33,3.70318311,1095,0,27,24,48,cyclic_256_1,block_8_1,complete_1,unroll_4,unroll_2,pipeline_1,pipeline_1,unroll_2,2,24.75,1,True
workload_2192.cpp,xczu7ev-ffvc1156-2-e,3.33,3.70318311,685,0,27,24,48,cyclic_256_1,block_8_1,complete_1,unroll_4,unroll_4,pipeline_1,pipeline_1,unroll_2,1,24.75,1,True
workload_2295.cpp,xczu7ev-ffvc1156-2-e,3.33,3.70318311,410.5,0,27,24,48,cyclic_256_1,complete_1,complete_1,pipeline_1,pipeline_1,pipeline_1,pipeline_1,unroll_2,2,24.75,1,True
workload_2322.cpp,xczu7ev-ffvc1156-2-e,3.33,3.70318311,571,0,27,24,48,cyclic_256_1,complete_1,complete_1,unroll_4,pipeline_1,pipeline_1,pipeline_1,unroll_2,1,24.75,1,True
workload_1819.cpp,xczu7ev-ffvc1156-2-e,3.33,19.52181531,1456,2,0,4,9,cyclic_256_1,cyclic_16_1,complete_1,unroll_4,pipeline_1,unroll_2,unroll_2,pipeline_1,1,3.75,0.849590324738,False
workload_1906.cpp,xczu7ev-ffvc1156-2-e,3.33,3.72365928,1172,0,31,26,53,cyclic_256_1,cyclic_2_1,complete_1,unroll_2,pipeline_1,unroll_2,pipeline_1,pipeline_1,1,27.5,0.481623614543,False
workload_2502.cpp,xczu7ev-ffvc1156-2-e,3.33,3.72364263,417,0,20,18,44,cyclic_256_1,cyclic_2_1,complete_1,unroll_4,pipeline_1,pipeline_1,pipeline_1,unroll_2,1,20.5,0.560839628771,False
workload_1850.cpp,xczu7ev-ffvc1156-2-e,3.33,88.01751771,1960,0,4,8,51,cyclic_256_1,cyclic_2_1,complete_1,unroll_8,unroll_32,unroll_2,unroll_32,pipeline_1,1,15.75,0.358745821247,False
workload_1885.cpp,xczu7ev-ffvc1156-2-e,3.33,75.51270171,325,0,4,11,56,cyclic_256_1,cyclic_32_1,complete_1,pipeline_1,unroll_32,unroll_32,unroll_2,pipeline_1,1,17.75,0.388396301087,False
workload_2225.cpp,xczu7ev-ffvc1156-2-e,3.33,3.70318311,403,0,37,32,57,cyclic_256_1,cyclic_32_1,complete_1,unroll_4,pipeline_1,pipeline_1,pipeline_1,unroll_2,1,31.5,0.379661485809,False
workload_2500.cpp,xczu7ev-ffvc1156-2-e,3.33,3.72364263,405,0,11,12,36,cyclic_256_1,cyclic_4_1,complete_1,pipeline_1,pipeline_1,pipeline_1,pipeline_1,pipeline_1,1,14.75,0.611081496194,False
workload_2501.cpp,xczu7ev-ffvc1156-2-e,3.33,3.72364263,413,0,11,12,36,cyclic_256_1,cyclic_4_1,complete_1,pipeline_1,pipeline_1,pipeline_1,pipeline_1,unroll_2,1,14.75,0.611081496194,False
workload_2518.cpp,xczu7ev-ffvc1156-2-e,3.33,10.9196361,102,0,0,4,6,cyclic_256_1,cyclic_4_1,complete_1,pipeline_1,pipeline_1,pipeline_1,unroll_32,pipeline_1,1,2.5,0.924085843682,False
workload_2363.cpp,xczu7ev-ffvc1156-2-e,3.33,3.72364263,401,0,11,12,36,cyclic_256_1,cyclic_4_1,complete_1,pipeline_1,unroll_2,pipeline_1,pipeline_1,pipeline_1,1,14.75,0.611081496194,False
workload_2531.cpp,xczu7ev-ffvc1156-2-e,3.33,3.72364263,405,0,11,12,36,cyclic_256_1,cyclic_4_1,complete_1,unroll_4,pipeline_1,pipeline_1,pipeline_1,pipeline_1,1,14.75,0.611081496194,False
workload_2476.cpp,xczu7ev-ffvc1156-2-e,3.33,3.72364263,405,0,11,12,36,cyclic_256_1,cyclic_4_1,complete_1,unroll_4,pipeline_1,pipeline_1,pipeline_1,unroll_2,1,14.75,0.611081496194,False
workload_2456.cpp,xczu7ev-ffvc1156-2-e,3.33,9.16693722,105,0,0,4,6,cyclic_256_1,cyclic_4_1,complete_1,unroll_4,pipeline_1,pipeline_1,unroll_32,unroll_2,1,2.5,0.927078268987,False
workload_1795.cpp,xczu7ev-ffvc1156-2-e,3.33,138.89490939,173,0,0,5,11,cyclic_256_1,cyclic_4_1,complete_1,unroll_8,unroll_2,unroll_64,unroll_64,pipeline_1,1,4,0.252512651044,False
workload_2396.cpp,xczu7ev-ffvc1156-2-e,3.33,3.70318311,431,0,27,24,48,cyclic_256_1,cyclic_64_1,complete_1,pipeline_1,pipeline_1,pipeline_1,pipeline_1,pipeline_1,1,24.75,1,True
workload_2435.cpp,xczu7ev-ffvc1156-2-e,3.33,3.70318311,568,0,27,24,48,cyclic_256_1,cyclic_64_1,complete_1,pipeline_1,unroll_2,pipeline_1,pipeline_1,pipeline_1,1,24.75,1,True
workload_2175.cpp,xczu7ev-ffvc1156-2-e,3.33,3.70318311,684,0,27,24,48,cyclic_256_1,cyclic_64_1,complete_1,pipeline_1,unroll_2,pipeline_1,pipeline_1,unroll_2,1,24.75,1,True
workload_2202.cpp,xczu7ev-ffvc1156-2-e,3.33,3.70318311,571,0,27,24,48,cyclic_256_1,cyclic_64_1,complete_1,unroll_4,pipeline_1,pipeline_1,pipeline_1,unroll_2,3,24.75,1,True
workload_2486.cpp,xczu7ev-ffvc1156-2-e,3.33,9.1118457,186,0,0,5,8,cyclic_256_1,cyclic_64_1,complete_1,unroll_4,pipeline_1,pipeline_1,unroll_64,unroll_2,1,3.25,0.89724583519,False
workload_2142.cpp,xczu7ev-ffvc1156-2-e,3.33,3.70318311,486.5,0,27,24,48,cyclic_256_1,cyclic_64_1,complete_1,unroll_4,unroll_2,pipeline_1,pipeline_1,unroll_2,2,24.75,1,True
workload_2397.cpp,xczu7ev-ffvc1156-2-e,3.33,3.70318311,434,0,27,24,48,cyclic_256_1,cyclic_8_1,complete_1,pipeline_1,pipeline_1,pipeline_1,pipeline_1,pipeline_1,1,24.75,1,True
workload_2457.cpp,xczu7ev-ffvc1156-2-e,3.33,10.86454458,154,1,0,4,6,cyclic_256_1,cyclic_8_1,complete_1,pipeline_1,pipeline_1,pipeline_1,unroll_64,unroll_2,1,2.75,0.914585285989,False
workload_2463.cpp,xczu7ev-ffvc1156-2-e,3.33,3.70318311,388,0,27,24,48,cyclic_256_1,cyclic_8_1,complete_1,unroll_4,pipeline_1,pipeline_1,pipeline_1,unroll_2,1,24.75,1,True
workload_2537.cpp,xczu7ev-ffvc1156-2-e,3.33,5.46270183,418,0,1,2,26,cyclic_2_1,block_16_1,complete_1,pipeline_1,pipeline_1,pipeline_1,pipeline_1,unroll_2,1,7.25,1,True
workload_2545.cpp,xczu7ev-ffvc1156-2-e,3.33,5.46270183,2424,0,1,2,26,cyclic_2_1,block_256_1,complete_1,pipeline_1,pipeline_1,pipeline_1,pipeline_1,unroll_2,1,7.25,1,True
workload_2482.cpp,xczu7ev-ffvc1156-2-e,3.33,5.46270183,446,0,1,2,26,cyclic_2_1,block_8_1,complete_1,pipeline_1,pipeline_1,pipeline_1,pipeline_1,pipeline_1,1,7.25,1,True
workload_2413.cpp,xczu7ev-ffvc1156-2-e,3.33,11.24336538,567,1,0,0,1,cyclic_2_1,block_8_1,complete_1,unroll_4,pipeline_1,pipeline_1,unroll_8,unroll_2,1,0.5,0.982776896979,False
workload_2508.cpp,xczu7ev-ffvc1156-2-e,3.33,5.46270183,457,0,1,2,26,cyclic_2_1,cyclic_64_1,complete_1,unroll_4,unroll_4,pipeline_1,pipeline_1,pipeline_1,1,7.25,1,True
workload_2157.cpp,xczu7ev-ffvc1156-2-e,3.33,3.70318311,417,0,27,24,48,cyclic_32_1,block_128_1,complete_1,pipeline_1,unroll_2,pipeline_1,pipeline_1,unroll_2,2,24.75,1,True
workload_1838.cpp,xczu7ev-ffvc1156-2-e,3.33,97.84254618,1515,10,2,6,16,cyclic_32_1,block_16_1,complete_1,unroll_16,unroll_32,unroll_32,unroll_4,pipeline_1,1,8.5,0.39137998032,False
workload_1845.cpp,xczu7ev-ffvc1156-2-e,3.33,137.81192346,1581,10,2,7,25,cyclic_32_1,block_16_1,complete_1,unroll_16,unroll_64,unroll_32,unroll_2,pipeline_1,1,11,0.231382029777,False
workload_2384.cpp,xczu7ev-ffvc1156-2-e,3.33,3.70318311,391,0,27,24,48,cyclic_32_1,block_16_1,complete_1,unroll_4,pipeline_1,pipeline_1,pipeline_1,unroll_2,1,24.75,1,True
workload_1941.cpp,xczu7ev-ffvc1156-2-e,3.33,11.03665563,41,5,0,0,1,cyclic_32_1,block_2_1,complete_1,pipeline_1,pipeline_1,pipeline_1,unroll_16,unroll_2,1,1.5,0.959785085883,False
workload_2364.cpp,xczu7ev-ffvc1156-2-e,3.33,4.58976231,401,0,45,37,64,cyclic_32_1,block_2_1,complete_1,pipeline_1,unroll_2,pipeline_1,pipeline_1,unroll_2,1,36.5,0.274469538888,False
workload_1865.cpp,xczu7ev-ffvc1156-2-e,3.33,75.66186906,44,5,0,1,5,cyclic_32_1,block_32_1,complete_1,unroll_8,unroll_4,unroll_8,unroll_8,pipeline_1,1,2.75,0.537835344054,False
workload_2190.cpp,xczu7ev-ffvc1156-2-e,3.33,3.70318311,538.5,0,27,24,48,cyclic_32_1,block_8_1,complete_1,pipeline_1,pipeline_1,pipeline_1,pipeline_1,pipeline_1,2,24.75,1,True
workload_2213.cpp,xczu7ev-ffvc1156-2-e,3.33,3.70318311,384,0,27,24,48,cyclic_32_1,block_8_1,complete_1,pipeline_1,pipeline_1,pipeline_1,pipeline_1,unroll_2,1,24.75,1,True
workload_2279.cpp,xczu7ev-ffvc1156-2-e,3.33,3.70318311,482,0,27,24,48,cyclic_32_1,block_8_1,complete_1,pipeline_1,unroll_2,pipeline_1,pipeline_1,pipeline_1,2,24.75,1,True
workload_2442.cpp,xczu7ev-ffvc1156-2-e,3.33,3.70318311,568,0,27,24,48,cyclic_32_1,block_8_1,complete_1,pipeline_1,unroll_2,pipeline_1,pipeline_1,unroll_2,1,24.75,1,True
workload_2259.cpp,xczu7ev-ffvc1156-2-e,3.33,3.70318311,406,0,37,32,57,cyclic_32_1,block_8_1,complete_1,unroll_2,pipeline_1,pipeline_1,pipeline_1,unroll_2,1,31.5,0.379661485809,False
workload_2392.cpp,xczu7ev-ffvc1156-2-e,3.33,3.70318311,428,0,27,24,48,cyclic_32_1,block_8_1,complete_1,unroll_2,unroll_2,pipeline_1,pipeline_1,unroll_2,1,24.75,1,True
workload_2036.cpp,xczu7ev-ffvc1156-2-e,3.33,3.70318311,477.5,0,27,24,48,cyclic_32_1,block_8_1,complete_1,unroll_4,pipeline_1,pipeline_1,pipeline_1,unroll_2,4,24.75,1,True
workload_1915.cpp,xczu7ev-ffvc1156-2-e,3.33,10.30224411,1172,5,2,2,4,cyclic_32_1,cyclic_2_1,complete_1,unroll_32,unroll_32,pipeline_1,unroll_8,unroll_2,1,3.25,0.896071799006,False
workload_2449.cpp,xczu7ev-ffvc1156-2-e,3.33,18.33280218,38,5,0,0,2,cyclic_32_1,cyclic_4_1,complete_1,unroll_16,pipeline_1,pipeline_1,unroll_32,unroll_2,1,1.75,0.91049470102,False
workload_2517.cpp,xczu7ev-ffvc1156-2-e,3.33,18.27771066,41,5,0,0,2,cyclic_32_1,cyclic_4_1,complete_1,unroll_16,pipeline_1,pipeline_1,unroll_64,unroll_2,1,1.75,0.910817065426,False
workload_2058.cpp,xczu7ev-ffvc1156-2-e,3.33,3.70318311,515,0,27,24,48,cyclic_32_1,cyclic_64_1,complete_1,pipeline_1,pipeline_1,pipeline_1,pipeline_1,unroll_2,1,24.75,1,True
workload_2129.cpp,xczu7ev-ffvc1156-2-e,3.33,3.70318311,1505,0,27,24,48,cyclic_32_1,cyclic_64_1,complete_1,pipeline_1,unroll_2,pipeline_1,pipeline_1,unroll_2,1,24.75,1,True
workload_2038.cpp,xczu7ev-ffvc1156-2-e,3.33,3.70318311,404,0,27,24,48,cyclic_32_1,cyclic_64_1,complete_1,unroll_2,pipeline_1,pipeline_1,pipeline_1,unroll_2,1,24.75,1,True
workload_2121.cpp,xczu7ev-ffvc1156-2-e,3.33,3.70318311,948,0,27,24,48,cyclic_32_1,cyclic_64_1,complete_1,unroll_4,pipeline_1,pipeline_1,pipeline_1,unroll_2,2,24.75,1,True
workload_2160.cpp,xczu7ev-ffvc1156-2-e,3.33,3.70318311,452,0,37,32,57,cyclic_32_1,cyclic_64_1,complete_1,unroll_4,unroll_2,pipeline_1,pipeline_1,unroll_2,1,31.5,0.379661485809,False
workload_2455.cpp,xczu7ev-ffvc1156-2-e,3.33,18.27771066,49,6,0,0,2,cyclic_32_1,cyclic_8_1,complete_1,unroll_16,pipeline_1,pipeline_1,unroll_64,unroll_2,1,2,0.904121534548,False
workload_2268.cpp,xczu7ev-ffvc1156-2-e,3.33,3.72364263,415,1,1,2,28,cyclic_4_1,block_128_1,complete_1,pipeline_1,pipeline_1,pipeline_1,pipeline_1,pipeline_1,1,8,1,True
workload_2183.cpp,xczu7ev-ffvc1156-2-e,3.33,3.72364263,545.5,1,1,2,28,cyclic_4_1,block_128_1,complete_1,pipeline_1,pipeline_1,pipeline_1,pipeline_1,unroll_2,4,8,1,True
workload_2212.cpp,xczu7ev-ffvc1156-2-e,3.33,5.54453991,380,1,2,2,29,cyclic_4_1,block_128_1,complete_1,unroll_16,pipeline_1,pipeline_1,pipeline_1,unroll_2,1,8.5,0.827196480527,False
workload_2438.cpp,xczu7ev-ffvc1156-2-e,3.33,3.72364263,568,1,1,2,28,cyclic_4_1,block_16_1,complete_1,pipeline_1,pipeline_1,pipeline_1,pipeline_1,pipeline_1,1,8,1,True
workload_2303.cpp,xczu7ev-ffvc1156-2-e,3.33,3.72364263,568,1,1,2,28,cyclic_4_1,block_16_1,complete_1,pipeline_1,pipeline_1,pipeline_1,pipeline_1,unroll_2,3,8,1,True
workload_2448.cpp,xczu7ev-ffvc1156-2-e,3.33,8.2939977,38,3,0,0,1,cyclic_4_1,block_16_1,complete_1,unroll_16,pipeline_1,pipeline_1,unroll_32,unroll_2,1,1,0.987503113029,False
workload_2540.cpp,xczu7ev-ffvc1156-2-e,3.33,8.23890618,2424,3,0,0,2,cyclic_4_1,block_16_1,complete_1,unroll_16,pipeline_1,pipeline_1,unroll_64,unroll_2,1,1.25,0.978741145537,False
workload_2145.cpp,xczu7ev-ffvc1156-2-e,3.33,3.72364263,419,1,1,2,28,cyclic_4_1,block_16_1,complete_1,unroll_4,pipeline_1,pipeline_1,pipeline_1,unroll_2,3,8,1,True
workload_2452.cpp,xczu7ev-ffvc1156-2-e,3.33,11.24336538,38,3,0,0,2,cyclic_4_1,block_16_1,complete_1,unroll_4,pipeline_1,pipeline_1,unroll_8,unroll_2,1,1.25,0.96558979275,False
workload_2543.cpp,xczu7ev-ffvc1156-2-e,3.33,3.72364263,2424,1,1,2,28,cyclic_4_1,block_16_1,complete_1,unroll_4,unroll_2,pipeline_1,pipeline_1,unroll_2,1,8,1,True
workload_2481.cpp,xczu7ev-ffvc1156-2-e,3.33,4.61022183,429,1,1,2,29,cyclic_4_1,block_2_1,complete_1,pipeline_1,pipeline_1,pipeline_1,pipeline_1,pipeline_1,1,8.25,0.837527918014,False
workload_1990.cpp,xczu7ev-ffvc1156-2-e,3.33,4.61023848,2645,1,1,2,30,cyclic_4_1,block_2_1,complete_1,pipeline_1,pipeline_1,unroll_8,pipeline_1,pipeline_1,1,8.5,0.828490847669,False
workload_2040.cpp,xczu7ev-ffvc1156-2-e,3.33,6.43111911,407,1,3,4,33,cyclic_4_1,block_2_1,complete_1,unroll_16,pipeline_1,unroll_2,pipeline_1,pipeline_1,1,10.25,0.763461030038,False
workload_2015.cpp,xczu7ev-ffvc1156-2-e,3.33,4.61022183,2645,1,1,2,29,cyclic_4_1,block_2_1,complete_1,unroll_4,pipeline_1,pipeline_1,pipeline_1,pipeline_1,1,8.25,0.837527918014,False
workload_2057.cpp,xczu7ev-ffvc1156-2-e,3.33,4.61022183,515,1,1,2,29,cyclic_4_1,block_2_1,complete_1,unroll_4,pipeline_1,pipeline_1,pipeline_1,unroll_2,1,8.25,0.837527918014,False
workload_2549.cpp,xczu7ev-ffvc1156-2-e,3.33,11.0229993,2424,0,0,0,1,cyclic_4_1,block_2_1,complete_1,unroll_4,pipeline_1,pipeline_1,unroll_16,unroll_2,1,0.25,1,True
workload_2375.cpp,xczu7ev-ffvc1156-2-e,3.33,11.24336538,36.5,0,0,0,1,cyclic_4_1,block_2_1,complete_1,unroll_4,pipeline_1,pipeline_1,unroll_8,unroll_2,2,0.25,0.986092043451,False
workload_1888.cpp,xczu7ev-ffvc1156-2-e,3.33,4.610230155,780,1,1,2,29.5,cyclic_4_1,block_2_1,complete_1,unroll_4,pipeline_1,unroll_2,pipeline_1,pipeline_1,2,8.375,0.833069091805,False
workload_1961.cpp,xczu7ev-ffvc1156-2-e,3.33,4.61023848,867,1,1,2,30,cyclic_4_1,block_2_1,complete_1,unroll_4,pipeline_1,unroll_8,pipeline_1,pipeline_1,1,8.5,0.828490847669,False
workload_1964.cpp,xczu7ev-ffvc1156-2-e,3.33,7.71326568,867,1,3,7,35,cyclic_4_1,block_2_1,complete_1,unroll_4,unroll_32,unroll_2,pipeline_1,pipeline_1,1,11.5,0.718644777331,False
workload_1970.cpp,xczu7ev-ffvc1156-2-e,3.33,4.61022183,867,1,1,2,29,cyclic_4_1,block_2_1,complete_1,unroll_8,pipeline_1,pipeline_1,pipeline_1,pipeline_1,1,8.25,0.837527918014,False
workload_2556.cpp,xczu7ev-ffvc1156-2-e,3.33,3.72364263,2424,1,1,2,28,cyclic_4_1,block_32_1,complete_1,pipeline_1,pipeline_1,pipeline_1,pipeline_1,unroll_2,1,8,1,True
workload_1806.cpp,xczu7ev-ffvc1156-2-e,3.33,8.73624168,574,2,3,9,35,cyclic_4_1,block_4_1,complete_1,pipeline_1,unroll_32,unroll_32,pipeline_1,pipeline_1,1,12.25,0.692267859813,False
workload_1933.cpp,xczu7ev-ffvc1156-2-e,3.33,90.01082907,1245,1,0,3,12,cyclic_4_1,block_4_1,complete_1,unroll_32,unroll_64,unroll_16,unroll_8,pipeline_1,1,4,0.455144996312,False
workload_2507.cpp,xczu7ev-ffvc1156-2-e,3.33,4.17375207,432,2,1,2,29,cyclic_4_1,block_4_1,complete_1,unroll_4,unroll_2,pipeline_1,pipeline_1,unroll_2,1,8.5,0.828737195958,False
workload_2147.cpp,xczu7ev-ffvc1156-2-e,3.33,3.72364263,509,1,1,2,28,cyclic_4_1,block_8_1,complete_1,pipeline_1,pipeline_1,pipeline_1,pipeline_1,unroll_2,6,8,1,True
workload_2266.cpp,xczu7ev-ffvc1156-2-e,3.33,3.72364263,415,1,1,2,28,cyclic_4_1,block_8_1,complete_1,unroll_4,pipeline_1,pipeline_1,pipeline_1,pipeline_1,1,8,1,True
workload_1992.cpp,xczu7ev-ffvc1156-2-e,3.33,3.72364263,965.5,1,1,2,28,cyclic_4_1,block_8_1,complete_1,unroll_4,pipeline_1,pipeline_1,pipeline_1,unroll_2,4,8,1,True
workload_2106.cpp,xczu7ev-ffvc1156-2-e,3.33,3.72364263,1505,1,1,2,28,cyclic_4_1,block_8_1,complete_1,unroll_8,pipeline_1,pipeline_1,pipeline_1,unroll_2,1,8,1,True
workload_2165.cpp,xczu7ev-ffvc1156-2-e,3.33,3.72364263,462,1,1,2,28,cyclic_4_1,complete_1,complete_1,unroll_4,pipeline_1,pipeline_1,pipeline_1,unroll_2,1,8,1,True
workload_2477.cpp,xczu7ev-ffvc1156-2-e,3.33,3.72364263,414,1,1,2,28,cyclic_4_1,cyclic_128_1,complete_1,pipeline_1,pipeline_1,pipeline_1,pipeline_1,unroll_2,1,8,1,True
workload_2081.cpp,xczu7ev-ffvc1156-2-e,3.33,3.72364263,515,1,1,2,28,cyclic_4_1,cyclic_128_1,complete_1,unroll_4,pipeline_1,pipeline_1,pipeline_1,unroll_2,3,8,1,True
workload_2088.cpp,xczu7ev-ffvc1156-2-e,3.33,3.74410215,516,1,1,2,31,cyclic_4_1,cyclic_2_1,complete_1,pipeline_1,pipeline_1,unroll_2,pipeline_1,pipeline_1,1,8.75,0.819282557495,False
workload_2407.cpp,xczu7ev-ffvc1156-2-e,3.33,3.74410215,465,1,1,2,31,cyclic_4_1,cyclic_2_1,complete_1,pipeline_1,unroll_2,pipeline_1,pipeline_1,unroll_2,1,8.75,0.819282557495,False
workload_1842.cpp,xczu7ev-ffvc1156-2-e,3.33,91.82746395,1555,0,0,3,11,cyclic_4_1,cyclic_2_1,complete_1,pipeline_1,unroll_64,unroll_32,unroll_4,pipeline_1,1,3.5,0.448931102159,False
workload_2555.cpp,xczu7ev-ffvc1156-2-e,3.33,6.43111911,2424,1,3,4,34,cyclic_4_1,cyclic_2_1,complete_1,unroll_16,pipeline_1,pipeline_1,pipeline_1,pipeline_1,1,10.5,0.754543202447,False
workload_1785.cpp,xczu7ev-ffvc1156-2-e,3.33,87.99705819,79,0,0,2,7,cyclic_4_1,cyclic_32_1,complete_1,unroll_32,unroll_32,unroll_16,unroll_32,pipeline_1,1,2.25,0.473686857251,False
workload_2128.cpp,xczu7ev-ffvc1156-2-e,3.33,3.72364263,1505,1,1,2,28,cyclic_4_1,cyclic_32_1,complete_1,unroll_4,pipeline_1,pipeline_1,pipeline_1,unroll_2,1,8,1,True
workload_2391.cpp,xczu7ev-ffvc1156-2-e,3.33,3.74410215,428,1,1,2,29,cyclic_4_1,cyclic_4_1,complete_1,pipeline_1,pipeline_1,pipeline_1,pipeline_1,pipeline_1,1,8.25,0.838208037388,False
workload_2427.cpp,xczu7ev-ffvc1156-2-e,3.33,3.74410215,568,1,1,2,29,cyclic_4_1,cyclic_4_1,complete_1,pipeline_1,pipeline_1,pipeline_1,pipeline_1,unroll_2,2,8.25,0.838208037388,False
workload_2270.cpp,xczu7ev-ffvc1156-2-e,3.33,3.74410215,1424.5,1,1,2,29,cyclic_4_1,cyclic_4_1,complete_1,pipeline_1,unroll_2,pipeline_1,pipeline_1,pipeline_1,2,8.25,0.838208037388,False
workload_2013.cpp,xczu7ev-ffvc1156-2-e,3.33,5.56499943,2645,2,3,4,33,cyclic_4_1,cyclic_4_1,complete_1,unroll_16,pipeline_1,pipeline_1,pipeline_1,pipeline_1,1,10.5,0.754926741074,False
workload_2152.cpp,xczu7ev-ffvc1156-2-e,3.33,5.56499943,443,2,3,4,33,cyclic_4_1,cyclic_4_1,complete_1,unroll_16,pipeline_1,pipeline_1,pipeline_1,unroll_2,3,10.5,0.754926741074,False
workload_2513.cpp,xczu7ev-ffvc1156-2-e,3.33,8.2939977,35,1,0,0,1,cyclic_4_1,cyclic_4_1,complete_1,unroll_16,pipeline_1,pipeline_1,unroll_32,pipeline_1,1,0.5,1,True
workload_2309.cpp,xczu7ev-ffvc1156-2-e,3.33,8.2939977,37.5,1,0,0,1,cyclic_4_1,cyclic_4_1,complete_1,unroll_16,pipeline_1,pipeline_1,unroll_32,unroll_2,2,0.5,1,True
workload_2454.cpp,xczu7ev-ffvc1156-2-e,3.33,8.23890618,41,1,0,0,2,cyclic_4_1,cyclic_4_1,complete_1,unroll_16,pipeline_1,pipeline_1,unroll_64,unroll_2,1,0.75,0.993188185243,False
workload_2437.cpp,xczu7ev-ffvc1156-2-e,3.33,152.91552474,568,1,0,0,1,cyclic_4_1,cyclic_4_1,complete_1,unroll_16,unroll_2,pipeline_1,unroll_32,unroll_2,1,0.5,0.213206506042,False
workload_2189.cpp,xczu7ev-ffvc1156-2-e,3.33,3.74410215,685,1,1,2,29,cyclic_4_1,cyclic_4_1,complete_1,unroll_2,pipeline_1,pipeline_1,pipeline_1,pipeline_1,1,8.25,0.838208037388,False
workload_2436.cpp,xczu7ev-ffvc1156-2-e,3.33,3.74410215,568,1,1,2,29,cyclic_4_1,cyclic_4_1,complete_1,unroll_2,unroll_2,pipeline_1,pipeline_1,unroll_2,1,8.25,0.838208037388,False
workload_2191.cpp,xczu7ev-ffvc1156-2-e,3.33,3.74410215,554.5,1,1,2,29,cyclic_4_1,cyclic_4_1,complete_1,unroll_4,pipeline_1,pipeline_1,pipeline_1,unroll_2,2,8.25,0.838208037388,False
workload_2539.cpp,xczu7ev-ffvc1156-2-e,3.33,10.85772474,2424,1,0,0,2,cyclic_4_1,cyclic_4_1,complete_1,unroll_4,pipeline_1,pipeline_1,unroll_64,unroll_2,1,0.75,0.977912967546,False
workload_2361.cpp,xczu7ev-ffvc1156-2-e,3.33,3.72364263,414,1,1,2,28,cyclic_4_1,cyclic_64_1,complete_1,pipeline_1,pipeline_1,pipeline_1,pipeline_1,pipeline_1,3,8,1,True
workload_2267.cpp,xczu7ev-ffvc1156-2-e,3.33,3.72364263,418,1,1,2,28,cyclic_4_1,cyclic_64_1,complete_1,pipeline_1,pipeline_1,pipeline_1,pipeline_1,unroll_2,5,8,1,True
workload_2327.cpp,xczu7ev-ffvc1156-2-e,3.33,5.45588199,571,1,2,9,29,cyclic_4_1,cyclic_64_1,complete_1,pipeline_1,pipeline_1,unroll_16,pipeline_1,pipeline_1,1,10.25,0.763935900371,False
workload_2100.cpp,xczu7ev-ffvc1156-2-e,3.33,3.72364263,1505,1,1,2,28,cyclic_4_1,cyclic_64_1,complete_1,pipeline_1,unroll_2,pipeline_1,pipeline_1,unroll_2,3,8,1,True
workload_2458.cpp,xczu7ev-ffvc1156-2-e,3.33,5.54453991,376,1,2,2,29,cyclic_4_1,cyclic_64_1,complete_1,unroll_16,pipeline_1,pipeline_1,pipeline_1,unroll_2,2,8.5,0.827196480527,False
workload_2079.cpp,xczu7ev-ffvc1156-2-e,3.33,3.72364263,600,1,1,2,28,cyclic_4_1,cyclic_64_1,complete_1,unroll_2,pipeline_1,pipeline_1,pipeline_1,unroll_2,2,8,1,True
workload_2208.cpp,xczu7ev-ffvc1156-2-e,3.33,21.71863962,46,0,0,1,5,cyclic_4_1,cyclic_64_1,complete_1,unroll_2,pipeline_1,pipeline_1,unroll_8,unroll_2,1,1.5,0.894185708722,False
workload_2535.cpp,xczu7ev-ffvc1156-2-e,3.33,3.72364263,411,1,1,2,28,cyclic_4_1,cyclic_64_1,complete_1,unroll_2,unroll_2,pipeline_1,pipeline_1,unroll_2,1,8,1,True
workload_2480.cpp,xczu7ev-ffvc1156-2-e,3.33,3.72364263,414,1,1,2,28,cyclic_4_1,cyclic_64_1,complete_1,unroll_4,pipeline_1,pipeline_1,pipeline_1,pipeline_1,1,8,1,True
workload_2146.cpp,xczu7ev-ffvc1156-2-e,3.33,3.72364263,568,1,1,2,28,cyclic_4_1,cyclic_64_1,complete_1,unroll_4,pipeline_1,pipeline_1,pipeline_1,unroll_2,3,8,1,True
workload_2132.cpp,xczu7ev-ffvc1156-2-e,3.33,3.72364263,446,1,1,2,28,cyclic_4_1,cyclic_64_1,complete_1,unroll_4,unroll_2,pipeline_1,pipeline_1,unroll_2,3,8,1,True
workload_2262.cpp,xczu7ev-ffvc1156-2-e,3.33,3.72364263,406,1,1,2,28,cyclic_4_1,cyclic_64_1,complete_1,unroll_8,pipeline_1,pipeline_1,pipeline_1,unroll_2,1,8,1,True
workload_2367.cpp,xczu7ev-ffvc1156-2-e,3.33,3.72364263,412,1,1,2,28,cyclic_4_1,cyclic_8_1,complete_1,pipeline_1,pipeline_1,pipeline_1,pipeline_1,unroll_2,4,8,1,True
workload_2453.cpp,xczu7ev-ffvc1156-2-e,3.33,10.87136442,41,1,0,0,2,cyclic_4_1,cyclic_8_1,complete_1,pipeline_1,pipeline_1,pipeline_1,unroll_64,unroll_2,1,0.75,0.977867557587,False
workload_1870.cpp,xczu7ev-ffvc1156-2-e,3.33,91.44299547,71,1,0,1,6,cyclic_4_1,cyclic_8_1,complete_1,pipeline_1,unroll_32,unroll_16,unroll_8,pipeline_1,1,2,0.456765203436,False
workload_2460.cpp,xczu7ev-ffvc1156-2-e,3.33,5.54453991,379,1,2,2,29,cyclic_4_1,cyclic_8_1,complete_1,unroll_16,pipeline_1,pipeline_1,pipeline_1,pipeline_1,1,8.5,0.827196480527,False
workload_2487.cpp,xczu7ev-ffvc1156-2-e,3.33,5.54453991,377,1,2,2,29,cyclic_4_1,cyclic_8_1,complete_1,unroll_16,pipeline_1,pipeline_1,pipeline_1,unroll_2,1,8.5,0.827196480527,False
workload_2439.cpp,xczu7ev-ffvc1156-2-e,3.33,8.23890618,38,1,0,0,2,cyclic_4_1,cyclic_8_1,complete_1,unroll_16,pipeline_1,pipeline_1,unroll_64,unroll_2,3,0.75,0.993188185243,False
workload_1836.cpp,xczu7ev-ffvc1156-2-e,3.33,88.37406747,1501,1,0,1,6,cyclic_4_1,cyclic_8_1,complete_1,unroll_32,unroll_32,unroll_16,unroll_8,pipeline_1,1,2,0.47251522211,False
workload_2401.cpp,xczu7ev-ffvc1156-2-e,3.33,3.72364263,411,1,1,2,28,cyclic_4_1,cyclic_8_1,complete_1,unroll_4,pipeline_1,pipeline_1,pipeline_1,unroll_2,3,8,1,True
workload_1934.cpp,xczu7ev-ffvc1156-2-e,3.33,77.75642907,1408,5,2,13,64,cyclic_512_1,block_16_1,complete_1,pipeline_1,unroll_16,pipeline_1,unroll_2,pipeline_1,1,21,0.363229129338,False
workload_1997.cpp,xczu7ev-ffvc1156-2-e,3.33,3.70319976,2645,0,27,24,48,cyclic_512_1,block_16_1,complete_1,unroll_2,unroll_2,unroll_2,pipeline_1,pipeline_1,1,24.75,0.560888422388,False
workload_2366.cpp,xczu7ev-ffvc1156-2-e,3.33,4.58976231,404,0,45,37,64,cyclic_512_1,block_2_1,complete_1,pipeline_1,pipeline_1,pipeline_1,pipeline_1,unroll_2,1,36.5,0.274469538888,False
workload_1994.cpp,xczu7ev-ffvc1156-2-e,3.33,4.15329255,2645,1,41,34,60,cyclic_512_1,block_4_1,complete_1,pipeline_1,unroll_2,unroll_2,pipeline_1,unroll_2,1,34,0.323983651612,False
workload_2299.cpp,xczu7ev-ffvc1156-2-e,3.33,3.70318311,433,0,27,24,48,cyclic_512_1,block_8_1,complete_1,pipeline_1,unroll_2,pipeline_1,pipeline_1,unroll_2,1,24.75,1,True
workload_1826.cpp,xczu7ev-ffvc1156-2-e,3.33,228.74767002,1456,2,0,7,20,cyclic_512_1,block_8_1,complete_1,pipeline_1,unroll_2,unroll_4,unroll_2,unroll_2,1,7.25,0.1,False
workload_2283.cpp,xczu7ev-ffvc1156-2-e,3.33,3.70318311,396,0,27,24,48,cyclic_512_1,block_8_1,complete_1,unroll_4,pipeline_1,pipeline_1,pipeline_1,unroll_2,1,24.75,1,True
workload_2218.cpp,xczu7ev-ffvc1156-2-e,3.33,3.70318311,391,0,27,24,48,cyclic_512_1,block_8_1,complete_1,unroll_4,unroll_2,pipeline_1,pipeline_1,unroll_2,1,24.75,1,True
workload_2094.cpp,xczu7ev-ffvc1156-2-e,3.33,3.70318311,800,0,27,24,48,cyclic_512_1,cyclic_128_1,complete_1,pipeline_1,pipeline_1,unroll_2,pipeline_1,unroll_2,1,24.75,1,True
workload_1792.cpp,xczu7ev-ffvc1156-2-e,3.33,12.572390025,130,0,0,8,21,cyclic_512_1,cyclic_2_1,complete_1,pipeline_1,pipeline_1,pipeline_1,unroll_2,unroll_2,2,7.25,0.835973239837,False
workload_1884.cpp,xczu7ev-ffvc1156-2-e,3.33,83.83972635,145,0,0,11,27,cyclic_512_1,cyclic_2_1,complete_1,pipeline_1,unroll_2,unroll_4,unroll_2,pipeline_1,1,9.5,0.447430234046,False
workload_1805.cpp,xczu7ev-ffvc1156-2-e,3.33,6.99034599,525.5,0,38.5,35,62,cyclic_512_1,cyclic_2_1,complete_1,unroll_4,pipeline_1,unroll_16,pipeline_1,pipeline_1,2,33.875,0.326485509105,False
workload_1814.cpp,xczu7ev-ffvc1156-2-e,3.33,92.81868507,3466,0,0,69,92,cyclic_512_1,cyclic_2_1,complete_1,unroll_8,unroll_32,unroll_2,unroll_32,pipeline_1,1,40.25,0.145981092754,False
workload_2033.cpp,xczu7ev-ffvc1156-2-e,3.33,3.70318311,949.5,0,27,24,48,cyclic_512_1,cyclic_64_1,complete_1,pipeline_1,pipeline_1,pipeline_1,pipeline_1,unroll_2,2,24.75,1,True
workload_1916.cpp,xczu7ev-ffvc1156-2-e,3.33,12.5723817,1172,0,0,8,24,cyclic_512_1,cyclic_64_1,complete_1,pipeline_1,pipeline_1,pipeline_1,unroll_2,unroll_2,1,8,0.818200661438,False
workload_2116.cpp,xczu7ev-ffvc1156-2-e,3.33,5.43542247,1505,0,45,44,64,cyclic_512_1,cyclic_64_1,complete_1,pipeline_1,pipeline_1,unroll_16,pipeline_1,pipeline_1,1,38.25,0.243477011204,False
workload_2093.cpp,xczu7ev-ffvc1156-2-e,3.33,3.70318311,791,0,27,24,48,cyclic_512_1,cyclic_64_1,complete_1,pipeline_1,pipeline_1,unroll_2,pipeline_1,pipeline_1,1,24.75,1,True
workload_2161.cpp,xczu7ev-ffvc1156-2-e,3.33,3.70318311,452,0,27,24,48,cyclic_512_1,cyclic_64_1,complete_1,pipeline_1,pipeline_1,unroll_2,pipeline_1,unroll_2,1,24.75,1,True
workload_1892.cpp,xczu7ev-ffvc1156-2-e,3.33,5.43543912,463,0,45,44,64,cyclic_512_1,cyclic_64_1,complete_1,pipeline_1,pipeline_1,unroll_64,pipeline_1,unroll_2,1,38.25,0.243477010931,False
workload_1849.cpp,xczu7ev-ffvc1156-2-e,3.33,3.70318311,643,0,27,24,48,cyclic_512_1,cyclic_64_1,complete_1,pipeline_1,unroll_2,pipeline_1,pipeline_1,unroll_2,3,24.75,1,True
workload_1797.cpp,xczu7ev-ffvc1156-2-e,3.33,222.65586459,182,0,0,8,30,cyclic_512_1,cyclic_64_1,complete_1,pipeline_1,unroll_2,pipeline_1,unroll_4,unroll_2,1,9.5,0.100258861896,False
workload_1935.cpp,xczu7ev-ffvc1156-2-e,3.33,3.703191435,1166.5,0,27,24,48,cyclic_512_1,cyclic_64_1,complete_1,pipeline_1,unroll_2,unroll_2,pipeline_1,unroll_2,2,24.75,0.560888445663,False
workload_2037.cpp,xczu7ev-ffvc1156-2-e,3.33,3.70319976,404,0,27,24,48,cyclic_512_1,cyclic_64_1,complete_1,pipeline_1,unroll_2,unroll_4,pipeline_1,unroll_2,1,24.75,0.560888422388,False
workload_1820.cpp,xczu7ev-ffvc1156-2-e,3.33,220.96454427,1456,0,0,10,31,cyclic_512_1,cyclic_64_1,complete_1,pipeline_1,unroll_64,pipeline_1,unroll_4,unroll_2,1,10.25,0.100393180014,False
workload_2108.cpp,xczu7ev-ffvc1156-2-e,3.33,3.70318311,1505,0,37,32,57,cyclic_512_1,cyclic_64_1,complete_1,unroll_2,pipeline_1,pipeline_1,pipeline_1,unroll_2,1,31.5,0.379661485809,False
workload_2335.cpp,xczu7ev-ffvc1156-2-e,3.33,3.70318311,571,0,27,24,48,cyclic_512_1,cyclic_64_1,complete_1,unroll_4,pipeline_1,pipeline_1,pipeline_1,unroll_2,1,24.75,1,True
workload_2123.cpp,xczu7ev-ffvc1156-2-e,3.33,3.70318311,1505,0,27,24,48,cyclic_512_1,cyclic_64_1,complete_1,unroll_4,pipeline_1,unroll_2,pipeline_1,pipeline_1,1,24.75,1,True
workload_1955.cpp,xczu7ev-ffvc1156-2-e,3.33,3.70319976,867,0,27,24,48,cyclic_512_1,cyclic_64_1,complete_1,unroll_4,unroll_2,pipeline_1,pipeline_1,unroll_2,1,24.75,0.560888422388,False
workload_2073.cpp,xczu7ev-ffvc1156-2-e,3.33,3.70318311,515,0,27,24,48,cyclic_512_1,cyclic_64_1,complete_1,unroll_4,unroll_2,unroll_4,pipeline_1,unroll_2,1,24.75,1,True
workload_1967.cpp,xczu7ev-ffvc1156-2-e,3.33,3.70319976,867,0,37,32,57,cyclic_512_1,cyclic_64_1,complete_1,unroll_8,unroll_4,unroll_8,pipeline_1,pipeline_1,1,31.5,0.37966148688,False
workload_2506.cpp,xczu7ev-ffvc1156-2-e,3.33,9.1118457,432,1,0,7,11,cyclic_512_1,cyclic_8_1,complete_1,unroll_4,pipeline_1,pipeline_1,unroll_64,unroll_2,1,4.75,0.861308501762,False
workload_2203.cpp,xczu7ev-ffvc1156-2-e,3.33,3.70318311,685,0,27,24,48,cyclic_64_1,block_128_1,complete_1,pipeline_1,unroll_2,pipeline_1,pipeline_1,unroll_2,1,24.75,1,True
workload_1794.cpp,xczu7ev-ffvc1156-2-e,3.33,89.5758345,163,0,0,7,14,cyclic_64_1,block_128_1,complete_1,unroll_16,unroll_2,unroll_16,unroll_64,pipeline_1,1,5.25,0.448499325502,False
workload_1821.cpp,xczu7ev-ffvc1156-2-e,3.33,89.57412954,1456,0,0,7,19,cyclic_64_1,block_128_1,complete_1,unroll_16,unroll_2,unroll_32,unroll_64,pipeline_1,1,6.5,0.439560863882,False
workload_2326.cpp,xczu7ev-ffvc1156-2-e,3.33,3.70318311,571,0,27,24,48,cyclic_64_1,block_128_1,complete_1,unroll_4,pipeline_1,pipeline_1,pipeline_1,unroll_2,1,24.75,1,True
workload_2381.cpp,xczu7ev-ffvc1156-2-e,3.33,3.70318311,391,0,27,24,48,cyclic_64_1,block_128_1,complete_1,unroll_4,unroll_2,pipeline_1,pipeline_1,pipeline_1,1,24.75,1,True
workload_2251.cpp,xczu7ev-ffvc1156-2-e,3.33,3.70318311,388,0,27,24,48,cyclic_64_1,block_128_1,complete_1,unroll_4,unroll_2,pipeline_1,pipeline_1,unroll_2,1,24.75,1,True
workload_2462.cpp,xczu7ev-ffvc1156-2-e,3.33,3.70318311,1406,0,27,24,48,cyclic_64_1,block_16_1,complete_1,pipeline_1,pipeline_1,pipeline_1,pipeline_1,unroll_2,2,24.75,1,True
workload_2174.cpp,xczu7ev-ffvc1156-2-e,3.33,7.85752794,48,2,0,1,3,cyclic_64_1,block_16_1,complete_1,unroll_16,pipeline_1,pipeline_1,unroll_32,unroll_2,1,1.5,0.968559972394,False
workload_2526.cpp,xczu7ev-ffvc1156-2-e,3.33,3.70318311,392,0,27,24,48,cyclic_64_1,block_16_1,complete_1,unroll_4,pipeline_1,pipeline_1,pipeline_1,unroll_2,3,24.75,1,True
workload_2524.cpp,xczu7ev-ffvc1156-2-e,3.33,3.70318311,386,0,27,24,48,cyclic_64_1,block_16_1,complete_1,unroll_4,unroll_2,pipeline_1,pipeline_1,unroll_2,1,24.75,1,True
workload_2377.cpp,xczu7ev-ffvc1156-2-e,3.33,11.25018522,42,0,0,1,2,cyclic_64_1,block_2_1,complete_1,pipeline_1,pipeline_1,pipeline_1,unroll_8,unroll_2,1,0.75,0.976473960467,False
workload_2045.cpp,xczu7ev-ffvc1156-2-e,3.33,4.58976231,416,0,45,37,64,cyclic_64_1,block_2_1,complete_1,pipeline_1,unroll_2,pipeline_1,pipeline_1,unroll_2,1,36.5,0.274469538888,False
workload_2244.cpp,xczu7ev-ffvc1156-2-e,3.33,8.18807706,39,0,0,1,2,cyclic_64_1,block_2_1,complete_1,unroll_16,pipeline_1,pipeline_1,unroll_8,unroll_2,1,0.75,0.99338080727,False
workload_1980.cpp,xczu7ev-ffvc1156-2-e,3.33,8.2939977,45,0,0,1,2,cyclic_64_1,block_2_1,complete_1,unroll_8,pipeline_1,pipeline_1,unroll_32,unroll_2,1,0.75,0.992970402996,False
workload_2519.cpp,xczu7ev-ffvc1156-2-e,3.33,3.70318311,364,0,27,24,48,cyclic_64_1,block_32_1,complete_1,pipeline_1,pipeline_1,pipeline_1,pipeline_1,pipeline_1,1,24.75,1,True
workload_2136.cpp,xczu7ev-ffvc1156-2-e,3.33,3.70318311,399,0,27,24,48,cyclic_64_1,block_32_1,complete_1,unroll_2,pipeline_1,pipeline_1,pipeline_1,unroll_2,1,24.75,1,True
workload_1872.cpp,xczu7ev-ffvc1156-2-e,3.33,88.21207962,71,0,2,3,15,cyclic_64_1,block_32_1,complete_1,unroll_4,unroll_16,pipeline_1,unroll_8,pipeline_1,1,5,0.457074685227,False
workload_1873.cpp,xczu7ev-ffvc1156-2-e,3.33,88.2171945,74,0,2,7,16,cyclic_64_1,block_32_1,complete_1,unroll_4,unroll_16,unroll_16,unroll_8,pipeline_1,1,6.25,0.447108019039,False
workload_1783.cpp,xczu7ev-ffvc1156-2-e,3.33,88.75596186,55,0,1,2,9,cyclic_64_1,block_32_1,complete_1,unroll_4,unroll_8,unroll_8,unroll_8,pipeline_1,1,3,0.466796478884,False
workload_2523.cpp,xczu7ev-ffvc1156-2-e,3.33,4.15329255,386,1,41,34,60,cyclic_64_1,block_4_1,complete_1,pipeline_1,pipeline_1,pipeline_1,pipeline_1,pipeline_1,1,34,0.323983651612,False
workload_1875.cpp,xczu7ev-ffvc1156-2-e,3.33,9.38442618,83,1,17,10,15,cyclic_64_1,block_4_1,complete_1,unroll_8,unroll_64,unroll_4,unroll_64,unroll_2,1,10.75,0.742910152835,False
workload_2379.cpp,xczu7ev-ffvc1156-2-e,3.33,7.80243642,76,0,0,2,4,cyclic_64_1,block_64_1,complete_1,unroll_16,pipeline_1,pipeline_1,unroll_64,unroll_2,1,1.5,0.9685428062,False
workload_2250.cpp,xczu7ev-ffvc1156-2-e,3.33,3.70318311,395.5,0,27,24,48,cyclic_64_1,block_8_1,complete_1,pipeline_1,pipeline_1,pipeline_1,pipeline_1,unroll_2,4,24.75,1,True
workload_2297.cpp,xczu7ev-ffvc1156-2-e,3.33,3.70318311,430,0,27,24,48,cyclic_64_1,block_8_1,complete_1,pipeline_1,unroll_2,pipeline_1,pipeline_1,unroll_2,1,24.75,1,True
workload_2412.cpp,xczu7ev-ffvc1156-2-e,3.33,7.80243642,567,1,0,1,3,cyclic_64_1,block_8_1,complete_1,unroll_16,pipeline_1,pipeline_1,unroll_64,unroll_2,1,1.25,0.97890469531,False
workload_1780.cpp,xczu7ev-ffvc1156-2-e,3.33,8.188085385,44,1,0,1,3,cyclic_64_1,block_8_1,complete_1,unroll_16,pipeline_1,pipeline_1,unroll_8,unroll_2,2,1.25,0.978798281832,False
workload_2567.cpp,xczu7ev-ffvc1156-2-e,3.33,3.70318311,2424,0,27,24,48,cyclic_64_1,block_8_1,complete_1,unroll_4,pipeline_1,pipeline_1,pipeline_1,pipeline_1,1,24.75,1,True
workload_2282.cpp,xczu7ev-ffvc1156-2-e,3.33,3.70318311,394,0,27,24,48,cyclic_64_1,block_8_1,complete_1,unroll_4,pipeline_1,pipeline_1,pipeline_1,unroll_2,4,24.75,1,True
workload_2095.cpp,xczu7ev-ffvc1156-2-e,3.33,9.27712026,41,1,0,1,2,cyclic_64_1,block_8_1,complete_1,unroll_4,pipeline_1,pipeline_1,unroll_16,unroll_2,1,1,0.982828398063,False
workload_2547.cpp,xczu7ev-ffvc1156-2-e,3.33,9.16693722,2424,1,0,1,2,cyclic_64_1,block_8_1,complete_1,unroll_4,pipeline_1,pipeline_1,unroll_32,unroll_2,1,1,0.983419533637,False
workload_2421.cpp,xczu7ev-ffvc1156-2-e,3.33,9.1118457,568,1,0,1,3,cyclic_64_1,block_8_1,complete_1,unroll_4,pipeline_1,pipeline_1,unroll_64,unroll_2,1,1.25,0.976507151245,False
workload_1903.cpp,xczu7ev-ffvc1156-2-e,3.33,88.75596186,1172,2,1,2,6,cyclic_64_1,block_8_1,complete_1,unroll_4,unroll_8,unroll_8,unroll_8,pipeline_1,1,2.75,0.467891033846,False
workload_2464.cpp,xczu7ev-ffvc1156-2-e,3.33,3.70318311,388,0,27,24,48,cyclic_64_1,cyclic_128_1,complete_1,pipeline_1,pipeline_1,pipeline_1,pipeline_1,unroll_2,1,24.75,1,True
workload_2422.cpp,xczu7ev-ffvc1156-2-e,3.33,3.70318311,486,0,27,24,48,cyclic_64_1,cyclic_128_1,complete_1,unroll_4,pipeline_1,pipeline_1,pipeline_1,unroll_2,2,24.75,1,True
workload_2310.cpp,xczu7ev-ffvc1156-2-e,3.33,7.85752794,43,2,0,1,3,cyclic_64_1,cyclic_16_1,complete_1,unroll_16,pipeline_1,pipeline_1,unroll_32,unroll_2,1,1.5,0.968559972394,False
workload_2281.cpp,xczu7ev-ffvc1156-2-e,3.33,3.70318311,396,0,27,24,48,cyclic_64_1,cyclic_16_1,complete_1,unroll_4,pipeline_1,pipeline_1,pipeline_1,unroll_2,1,24.75,1,True
workload_1944.cpp,xczu7ev-ffvc1156-2-e,3.33,11.25020187,44,0,0,1,2,cyclic_64_1,cyclic_2_1,complete_1,pipeline_1,pipeline_1,pipeline_1,unroll_8,unroll_2,1,0.75,0.9764738937,False
workload_2378.cpp,xczu7ev-ffvc1156-2-e,3.33,7.85752794,56,0,0,1,2,cyclic_64_1,cyclic_2_1,complete_1,unroll_16,pipeline_1,pipeline_1,unroll_32,unroll_2,1,0.75,1,True
workload_2275.cpp,xczu7ev-ffvc1156-2-e,3.33,7.80243642,51,0,0,1,3,cyclic_64_1,cyclic_2_1,complete_1,unroll_16,pipeline_1,pipeline_1,unroll_64,unroll_2,1,1,1,True
workload_1911.cpp,xczu7ev-ffvc1156-2-e,3.33,14.31145755,1172,0,0,1,3,cyclic_64_1,cyclic_2_1,complete_1,unroll_4,pipeline_1,pipeline_1,unroll_2,pipeline_1,1,1,0.953352406578,False
workload_1828.cpp,xczu7ev-ffvc1156-2-e,3.33,9.49750299,1456,0,0,1,2,cyclic_64_1,cyclic_2_1,complete_1,unroll_4,pipeline_1,pipeline_1,unroll_8,unroll_2,1,0.75,0.986219635269,False
workload_1949.cpp,xczu7ev-ffvc1156-2-e,3.33,11.17518363,50,0,1,2,3,cyclic_64_1,cyclic_2_1,complete_1,unroll_4,unroll_32,pipeline_1,unroll_8,unroll_2,1,1.5,0.959093038969,False
workload_1868.cpp,xczu7ev-ffvc1156-2-e,3.33,10.871159625,57,0,0,1,3,cyclic_64_1,cyclic_2_1,complete_1,unroll_8,pipeline_1,unroll_2,unroll_64,pipeline_1,2,1,0.972919043596,False
workload_2521.cpp,xczu7ev-ffvc1156-2-e,3.33,3.70318311,364,0,27,24,48,cyclic_64_1,cyclic_32_1,complete_1,pipeline_1,pipeline_1,pipeline_1,pipeline_1,unroll_2,1,24.75,1,True
workload_2247.cpp,xczu7ev-ffvc1156-2-e,3.33,3.70318311,385,0,27,24,48,cyclic_64_1,cyclic_32_1,complete_1,unroll_4,pipeline_1,pipeline_1,pipeline_1,unroll_2,1,24.75,1,True
workload_2417.cpp,xczu7ev-ffvc1156-2-e,3.33,9.1118457,567,0,0,2,3,cyclic_64_1,cyclic_32_1,complete_1,unroll_4,pipeline_1,pipeline_1,unroll_64,unroll_2,1,1.25,0.976507151245,False
workload_2551.cpp,xczu7ev-ffvc1156-2-e,3.33,3.72364263,2424,0,11,12,36,cyclic_64_1,cyclic_4_1,complete_1,pipeline_1,pipeline_1,pipeline_1,pipeline_1,pipeline_1,1,14.75,0.611081496194,False
workload_2044.cpp,xczu7ev-ffvc1156-2-e,3.33,3.72364263,456,0,11,12,36,cyclic_64_1,cyclic_4_1,complete_1,pipeline_1,pipeline_1,pipeline_1,pipeline_1,unroll_2,3,14.75,0.611081496194,False
workload_2207.cpp,xczu7ev-ffvc1156-2-e,3.33,10.9196361,42,0,0,1,2,cyclic_64_1,cyclic_4_1,complete_1,pipeline_1,pipeline_1,pipeline_1,unroll_32,unroll_2,1,0.75,0.977704152593,False
workload_2210.cpp,xczu7ev-ffvc1156-2-e,3.33,10.86454458,309.5,0,0,1,3,cyclic_64_1,cyclic_4_1,complete_1,pipeline_1,pipeline_1,pipeline_1,unroll_64,unroll_2,2,1,0.972964031855,False
workload_2237.cpp,xczu7ev-ffvc1156-2-e,3.33,6.99034599,543,1,35,33,58,cyclic_64_1,cyclic_4_1,complete_1,pipeline_1,pipeline_1,unroll_16,pipeline_1,pipeline_1,1,31.75,0.373616112294,False
workload_1898.cpp,xczu7ev-ffvc1156-2-e,3.33,10.91889018,1172,0,0,1,3,cyclic_64_1,cyclic_4_1,complete_1,pipeline_1,pipeline_1,unroll_2,unroll_64,pipeline_1,1,1,0.972593759221,False
workload_2337.cpp,xczu7ev-ffvc1156-2-e,3.33,3.72364263,571,0,11,12,36,cyclic_64_1,cyclic_4_1,complete_1,pipeline_1,unroll_2,pipeline_1,pipeline_1,unroll_2,1,14.75,0.611081496194,False
workload_2346.cpp,xczu7ev-ffvc1156-2-e,3.33,7.96771098,155,0,0,1,2,cyclic_64_1,cyclic_4_1,complete_1,unroll_16,pipeline_1,pipeline_1,unroll_16,unroll_2,1,0.75,0.994125698785,False
workload_1943.cpp,xczu7ev-ffvc1156-2-e,3.33,7.85752794,44,0,0,1,2,cyclic_64_1,cyclic_4_1,complete_1,unroll_16,pipeline_1,pipeline_1,unroll_32,unroll_2,1,0.75,1,True
workload_1928.cpp,xczu7ev-ffvc1156-2-e,3.33,7.80243642,155,0,0,1,3,cyclic_64_1,cyclic_4_1,complete_1,unroll_16,pipeline_1,pipeline_1,unroll_64,unroll_2,4,1,1,True
workload_2173.cpp,xczu7ev-ffvc1156-2-e,3.33,10.9260297,40,0,0,1,2,cyclic_64_1,cyclic_4_1,complete_1,unroll_16,pipeline_1,unroll_2,unroll_32,unroll_2,1,0.75,0.977682194924,False
workload_2070.cpp,xczu7ev-ffvc1156-2-e,3.33,7.86392154,515,0,0,1,3,cyclic_64_1,cyclic_4_1,complete_1,unroll_16,pipeline_1,unroll_32,unroll_32,pipeline_1,1,1,0.989093142739,False
workload_2336.cpp,xczu7ev-ffvc1156-2-e,3.33,3.72364263,571,0,11,12,36,cyclic_64_1,cyclic_4_1,complete_1,unroll_2,pipeline_1,pipeline_1,pipeline_1,unroll_2,1,14.75,0.611081496194,False
workload_2386.cpp,xczu7ev-ffvc1156-2-e,3.33,3.72364263,402,0,11,12,36,cyclic_64_1,cyclic_4_1,complete_1,unroll_2,unroll_2,pipeline_1,pipeline_1,unroll_2,1,14.75,0.611081496194,False
workload_2445.cpp,xczu7ev-ffvc1156-2-e,3.33,3.72364263,568,0,11,12,36,cyclic_64_1,cyclic_4_1,complete_1,unroll_2,unroll_2,unroll_4,pipeline_1,unroll_2,1,14.75,0.611081496194,False
workload_2532.cpp,xczu7ev-ffvc1156-2-e,3.33,3.72364263,405,0,11,12,36,cyclic_64_1,cyclic_4_1,complete_1,unroll_4,pipeline_1,pipeline_1,pipeline_1,pipeline_1,1,14.75,0.611081496194,False
workload_2219.cpp,xczu7ev-ffvc1156-2-e,3.33,3.72364263,420.5,0,11,12,36,cyclic_64_1,cyclic_4_1,complete_1,unroll_4,pipeline_1,pipeline_1,pipeline_1,unroll_2,4,14.75,0.611081496194,False
workload_2026.cpp,xczu7ev-ffvc1156-2-e,3.33,9.1118457,56,0,0,1,3,cyclic_64_1,cyclic_4_1,complete_1,unroll_4,pipeline_1,pipeline_1,unroll_64,unroll_2,1,1,0.983709224397,False
workload_2330.cpp,xczu7ev-ffvc1156-2-e,3.33,3.72364263,571,0,11,12,36,cyclic_64_1,cyclic_4_1,complete_1,unroll_4,unroll_2,pipeline_1,pipeline_1,unroll_2,1,14.75,0.611081496194,False
workload_1921.cpp,xczu7ev-ffvc1156-2-e,3.33,80.77761819,1172,0,0,2,6,cyclic_64_1,cyclic_4_1,complete_1,unroll_4,unroll_8,unroll_4,unroll_2,pipeline_1,1,2,0.512929448984,False
workload_1824.cpp,xczu7ev-ffvc1156-2-e,3.33,87.83986554,1456,0,0,2,7,cyclic_64_1,cyclic_4_1,complete_1,unroll_4,unroll_8,unroll_8,unroll_64,pipeline_1,1,2.25,0.474502228711,False
workload_2432.cpp,xczu7ev-ffvc1156-2-e,3.33,3.70318311,568,0,27,24,48,cyclic_64_1,cyclic_64_1,complete_1,pipeline_1,pipeline_1,pipeline_1,pipeline_1,unroll_2,1,24.75,1,True
workload_1952.cpp,xczu7ev-ffvc1156-2-e,3.33,12.65805594,74,0,0,2,4,cyclic_64_1,cyclic_64_1,complete_1,pipeline_1,pipeline_1,unroll_2,unroll_64,unroll_2,1,1.5,0.950824711544,False
workload_2490.cpp,xczu7ev-ffvc1156-2-e,3.33,3.70318311,378,0,27,24,48,cyclic_64_1,cyclic_64_1,complete_1,pipeline_1,unroll_2,pipeline_1,pipeline_1,unroll_2,2,24.75,1,True
workload_2134.cpp,xczu7ev-ffvc1156-2-e,3.33,10.91281626,59,0,0,2,3,cyclic_64_1,cyclic_64_1,complete_1,unroll_2,pipeline_1,pipeline_1,unroll_32,unroll_2,1,1.25,0.967575167499,False
workload_2294.cpp,xczu7ev-ffvc1156-2-e,3.33,3.70318311,410.5,0,27,24,48,cyclic_64_1,cyclic_64_1,complete_1,unroll_4,pipeline_1,pipeline_1,pipeline_1,unroll_2,2,24.75,1,True
workload_1983.cpp,xczu7ev-ffvc1156-2-e,3.33,9.49750299,52,0,0,2,6,cyclic_64_1,cyclic_64_1,complete_1,unroll_4,pipeline_1,pipeline_1,unroll_8,unroll_2,1,2,0.946612586663,False
workload_2440.cpp,xczu7ev-ffvc1156-2-e,3.33,3.70318311,485,0,27,24,48,cyclic_64_1,cyclic_64_1,complete_1,unroll_4,unroll_2,pipeline_1,pipeline_1,unroll_2,2,24.75,1,True
workload_2470.cpp,xczu7ev-ffvc1156-2-e,3.33,3.70318311,1409,0,27,24,48,cyclic_64_1,cyclic_64_1,complete_1,unroll_4,unroll_4,pipeline_1,pipeline_1,unroll_2,2,24.75,1,True
workload_2550.cpp,xczu7ev-ffvc1156-2-e,3.33,3.70318311,2424,0,27,24,48,cyclic_64_1,cyclic_8_1,complete_1,pipeline_1,pipeline_1,pipeline_1,pipeline_1,pipeline_1,1,24.75,1,True
workload_2061.cpp,xczu7ev-ffvc1156-2-e,3.33,3.70318311,2424,0,27,24,48,cyclic_64_1,cyclic_8_1,complete_1,pipeline_1,pipeline_1,pipeline_1,pipeline_1,unroll_2,3,24.75,1,True
workload_2423.cpp,xczu7ev-ffvc1156-2-e,3.33,7.85752794,568,1,0,1,2,cyclic_64_1,cyclic_8_1,complete_1,unroll_16,pipeline_1,pipeline_1,unroll_32,unroll_2,1,1,0.989114673994,False
workload_2211.cpp,xczu7ev-ffvc1156-2-e,3.33,7.80243642,1238,1,0,1,3,cyclic_64_1,cyclic_8_1,complete_1,unroll_16,pipeline_1,pipeline_1,unroll_64,unroll_2,2,1.25,0.97890469531,False
workload_2331.cpp,xczu7ev-ffvc1156-2-e,3.33,3.70318311,501,0,27,24,48,cyclic_64_1,cyclic_8_1,complete_1,unroll_4,pipeline_1,pipeline_1,pipeline_1,unroll_2,2,24.75,1,True
workload_2025.cpp,xczu7ev-ffvc1156-2-e,3.33,9.16693722,48,1,0,1,2,cyclic_64_1,cyclic_8_1,complete_1,unroll_4,pipeline_1,pipeline_1,unroll_32,unroll_2,1,1,0.983419533637,False
workload_1929.cpp,xczu7ev-ffvc1156-2-e,3.33,10.14824826,1172,2,4,4,6,cyclic_64_1,cyclic_8_1,complete_1,unroll_8,unroll_32,unroll_4,unroll_64,unroll_2,1,4,0.867094054743,False
workload_2351.cpp,xczu7ev-ffvc1156-2-e,3.33,8.23890618,155,1,0,2,4,cyclic_8_1,block_128_1,complete_1,unroll_16,pipeline_1,pipeline_1,unroll_64,unroll_2,1,1.75,0.958206462296,False
workload_2265.cpp,xczu7ev-ffvc1156-2-e,3.33,3.72364263,415,1,1,5,29,cyclic_8_1,block_128_1,complete_1,unroll_2,unroll_2,pipeline_1,pipeline_1,unroll_2,1,9,0.809901991973,False
workload_1825.cpp,xczu7ev-ffvc1156-2-e,3.33,147.05964315,1456,1,0,6,18,cyclic_8_1,block_128_1,complete_1,unroll_32,unroll_32,unroll_32,unroll_4,unroll_2,1,6.25,0.2204987788,False
workload_1971.cpp,xczu7ev-ffvc1156-2-e,3.33,3.72365928,867,1,1,5,29,cyclic_8_1,block_16_1,complete_1,unroll_2,pipeline_1,unroll_2,pipeline_1,pipeline_1,1,9,0.809901998135,False
workload_1907.cpp,xczu7ev-ffvc1156-2-e,3.33,3.72365928,1172,1,1,5,29,cyclic_8_1,block_16_1,complete_1,unroll_2,unroll_2,unroll_2,pipeline_1,pipeline_1,1,9,0.809901998135,False
workload_1895.cpp,xczu7ev-ffvc1156-2-e,3.33,6.38339688,742,2,6,18,36,cyclic_8_1,block_16_1,complete_1,unroll_4,unroll_16,unroll_2,pipeline_1,pipeline_1,1,15.5,0.587594352611,False
workload_1829.cpp,xczu7ev-ffvc1156-2-e,3.33,6.37657704,1456,2,6,18,37,cyclic_8_1,block_16_1,complete_1,unroll_4,unroll_16,unroll_32,pipeline_1,pipeline_1,1,15.75,0.57987221989,False
workload_1999.cpp,xczu7ev-ffvc1156-2-e,3.33,3.72365928,2645,1,1,5,29,cyclic_8_1,block_16_1,complete_1,unroll_4,unroll_2,unroll_2,pipeline_1,pipeline_1,1,9,0.809901998135,False
workload_1793.cpp,xczu7ev-ffvc1156-2-e,3.33,117.12800475,153,6,0,8,17,cyclic_8_1,block_16_1,complete_1,unroll_4,unroll_64,unroll_32,unroll_32,pipeline_1,1,7.75,0.31519649912,False
workload_2474.cpp,xczu7ev-ffvc1156-2-e,3.33,3.72364263,405,1,1,5,29,cyclic_8_1,block_16_1,complete_1,unroll_8,pipeline_1,pipeline_1,pipeline_1,unroll_2,1,9,0.809901991973,False
workload_2204.cpp,xczu7ev-ffvc1156-2-e,3.33,11.69176986,36,1,0,0,1,cyclic_8_1,block_2_1,complete_1,pipeline_1,pipeline_1,unroll_2,unroll_8,unroll_2,1,0.5,0.980402636128,False
workload_2223.cpp,xczu7ev-ffvc1156-2-e,3.33,6.43111911,397,3,5,7,37,cyclic_8_1,block_2_1,complete_1,unroll_16,pipeline_1,pipeline_1,pipeline_1,unroll_2,1,13,0.668149541407,False
workload_2019.cpp,xczu7ev-ffvc1156-2-e,3.33,8.624555145,39.5,1,0,0,1,cyclic_8_1,block_2_1,complete_1,unroll_16,pipeline_1,pipeline_1,unroll_8,unroll_2,2,0.5,0.997321705222,False
workload_2067.cpp,xczu7ev-ffvc1156-2-e,3.33,4.61023848,515,1,1,5,30,cyclic_8_1,block_2_1,complete_1,unroll_4,pipeline_1,pipeline_1,pipeline_1,unroll_2,1,9.25,0.800660230456,False
workload_1908.cpp,xczu7ev-ffvc1156-2-e,3.33,19.7523945,605.5,1,0,0,1,cyclic_8_1,block_2_1,complete_1,unroll_4,pipeline_1,pipeline_1,unroll_16,pipeline_1,2,0.5,0.919642462238,False
workload_2171.cpp,xczu7ev-ffvc1156-2-e,3.33,19.97276058,37,1,0,0,1,cyclic_8_1,block_2_1,complete_1,unroll_4,pipeline_1,pipeline_1,unroll_8,unroll_2,1,0.5,0.91794724417,False
workload_2002.cpp,xczu7ev-ffvc1156-2-e,3.33,4.61022183,2645,1,1,5,29,cyclic_8_1,block_2_1,complete_1,unroll_8,unroll_4,unroll_2,pipeline_1,pipeline_1,1,9,0.809928553914,False
workload_2048.cpp,xczu7ev-ffvc1156-2-e,3.33,4.17376872,426,2,1,5,30,cyclic_8_1,block_4_1,complete_1,pipeline_1,unroll_2,pipeline_1,pipeline_1,pipeline_1,1,9.5,0.791438071937,False
workload_1963.cpp,xczu7ev-ffvc1156-2-e,3.33,4.17376872,867,2,1,5,30,cyclic_8_1,block_4_1,complete_1,pipeline_1,unroll_2,unroll_2,pipeline_1,unroll_2,1,9.5,0.791438071937,False
workload_1938.cpp,xczu7ev-ffvc1156-2-e,3.33,9.49750299,38,1,0,0,1,cyclic_8_1,block_4_1,complete_1,unroll_8,pipeline_1,pipeline_1,unroll_8,pipeline_1,1,0.5,0.990267956064,False
workload_1894.cpp,xczu7ev-ffvc1156-2-e,3.33,6.99036264,543,2,1,8,30,cyclic_8_1,block_4_1,complete_1,unroll_8,unroll_2,unroll_64,pipeline_1,pipeline_1,1,10.25,0.763040675887,False
workload_2005.cpp,xczu7ev-ffvc1156-2-e,3.33,4.17375207,2645,2,1,5,29,cyclic_8_1,block_4_1,complete_1,unroll_8,unroll_4,pipeline_1,pipeline_1,pipeline_1,1,9.25,0.800686420738,False
workload_1959.cpp,xczu7ev-ffvc1156-2-e,3.33,4.17375207,867,2,1,5,29,cyclic_8_1,block_4_1,complete_1,unroll_8,unroll_4,unroll_2,pipeline_1,pipeline_1,1,9.25,0.800686420738,False
workload_2004.cpp,xczu7ev-ffvc1156-2-e,3.33,4.17375207,2645,2,1,5,29,cyclic_8_1,block_4_1,complete_1,unroll_8,unroll_4,unroll_4,pipeline_1,pipeline_1,1,9.25,0.800686420738,False
workload_1801.cpp,xczu7ev-ffvc1156-2-e,3.33,4.17376872,440,2,1,5,29,cyclic_8_1,block_4_1,complete_1,unroll_8,unroll_4,unroll_8,pipeline_1,pipeline_1,3,9.25,0.800686421994,False
workload_1847.cpp,xczu7ev-ffvc1156-2-e,3.33,156.74040603,1620,1,0,7,19,cyclic_8_1,block_64_1,complete_1,unroll_8,unroll_64,unroll_16,unroll_8,pipeline_1,1,6.75,0.192616436925,False
workload_1803.cpp,xczu7ev-ffvc1156-2-e,3.33,150.13794843,497,1,0,5,7,cyclic_8_1,block_64_1,complete_1,unroll_8,unroll_64,unroll_8,unroll_8,unroll_2,1,3.25,0.218984051334,False
workload_2263.cpp,xczu7ev-ffvc1156-2-e,3.33,3.72364263,406,1,1,5,29,cyclic_8_1,block_8_1,complete_1,pipeline_1,pipeline_1,pipeline_1,pipeline_1,pipeline_1,1,9,0.809901991973,False
workload_2164.cpp,xczu7ev-ffvc1156-2-e,3.33,3.72364263,441,1,1,5,29,cyclic_8_1,block_8_1,complete_1,pipeline_1,pipeline_1,pipeline_1,pipeline_1,unroll_2,2,9,0.809901991973,False
workload_2568.cpp,xczu7ev-ffvc1156-2-e,3.33,5.54453991,2424,1,2,2,29,cyclic_8_1,block_8_1,complete_1,unroll_16,pipeline_1,pipeline_1,pipeline_1,unroll_2,1,8.5,0.827196480527,False
workload_2017.cpp,xczu7ev-ffvc1156-2-e,3.33,19.7523945,37,2,0,0,1,cyclic_8_1,block_8_1,complete_1,unroll_4,pipeline_1,pipeline_1,unroll_16,unroll_2,1,0.75,0.918263134211,False
workload_2041.cpp,xczu7ev-ffvc1156-2-e,3.33,3.72364263,410,1,1,5,29,cyclic_8_1,cyclic_128_1,complete_1,pipeline_1,pipeline_1,unroll_8,pipeline_1,pipeline_1,1,9,0.809901991973,False
workload_1841.cpp,xczu7ev-ffvc1156-2-e,3.33,75.29158971,1532,1,0,4,10,cyclic_8_1,cyclic_128_1,complete_1,pipeline_1,unroll_32,pipeline_1,unroll_64,pipeline_1,1,3.75,0.533363341149,False
workload_1878.cpp,xczu7ev-ffvc1156-2-e,3.33,75.29819643,116,1,0,4,10,cyclic_8_1,cyclic_128_1,complete_1,pipeline_1,unroll_32,unroll_8,unroll_64,pipeline_1,1,3.75,0.533327438243,False
workload_1880.cpp,xczu7ev-ffvc1156-2-e,3.33,72.22266171,119,1,0,4,10,cyclic_8_1,cyclic_128_1,complete_1,unroll_32,unroll_32,pipeline_1,unroll_64,pipeline_1,1,3.75,0.550173618168,False
workload_2388.cpp,xczu7ev-ffvc1156-2-e,3.33,3.72364263,412,1,1,5,29,cyclic_8_1,cyclic_128_1,complete_1,unroll_4,pipeline_1,pipeline_1,pipeline_1,unroll_2,1,9,0.809901991973,False
workload_1919.cpp,xczu7ev-ffvc1156-2-e,3.33,19.58713659,1172,1,0,2,4,cyclic_8_1,cyclic_128_1,complete_1,unroll_4,pipeline_1,pipeline_1,unroll_64,pipeline_1,1,1.75,0.902955366099,False
workload_2075.cpp,xczu7ev-ffvc1156-2-e,3.33,6.43113576,515,1,3,4,34,cyclic_8_1,cyclic_2_1,complete_1,unroll_16,pipeline_1,pipeline_1,pipeline_1,unroll_2,1,10.5,0.754543192776,False
workload_2003.cpp,xczu7ev-ffvc1156-2-e,3.33,3.7441188,2645,1,1,5,31,cyclic_8_1,cyclic_2_1,complete_1,unroll_4,pipeline_1,unroll_2,pipeline_1,pipeline_1,1,9.5,0.791343335019,False
workload_1925.cpp,xczu7ev-ffvc1156-2-e,3.33,3.744110475,1908.5,1,1,5,31,cyclic_8_1,cyclic_2_1,complete_1,unroll_4,pipeline_1,unroll_2,pipeline_1,unroll_2,2,9.5,0.791343332236,False
workload_1879.cpp,xczu7ev-ffvc1156-2-e,3.33,89.15238171,116,1,0,4,11,cyclic_8_1,cyclic_2_1,complete_1,unroll_4,unroll_64,pipeline_1,unroll_2,pipeline_1,1,4,0.459412886148,False
workload_2166.cpp,xczu7ev-ffvc1156-2-e,3.33,3.72364263,465,1,1,5,29,cyclic_8_1,cyclic_32_1,complete_1,pipeline_1,unroll_2,pipeline_1,pipeline_1,unroll_2,1,9,0.809901991973,False
workload_2304.cpp,xczu7ev-ffvc1156-2-e,3.33,3.72364263,446,1,1,5,29,cyclic_8_1,cyclic_32_1,complete_1,unroll_4,pipeline_1,pipeline_1,pipeline_1,unroll_2,1,9,0.809901991973,False
workload_2232.cpp,xczu7ev-ffvc1156-2-e,3.33,3.72364263,414,1,1,5,29,cyclic_8_1,cyclic_32_1,complete_1,unroll_4,unroll_2,pipeline_1,pipeline_1,unroll_2,1,9,0.809901991973,False
workload_2316.cpp,xczu7ev-ffvc1156-2-e,3.33,3.74410215,571,1,1,5,30,cyclic_8_1,cyclic_4_1,complete_1,pipeline_1,pipeline_1,pipeline_1,pipeline_1,unroll_2,1,9.25,0.800596274809,False
workload_2352.cpp,xczu7ev-ffvc1156-2-e,3.33,10.92645594,155,1,0,0,1,cyclic_8_1,cyclic_4_1,complete_1,pipeline_1,pipeline_1,pipeline_1,unroll_32,unroll_2,1,0.5,0.984109910843,False
workload_2168.cpp,xczu7ev-ffvc1156-2-e,3.33,3.74410215,452,1,1,5,30,cyclic_8_1,cyclic_4_1,complete_1,pipeline_1,unroll_2,pipeline_1,pipeline_1,pipeline_1,2,9.25,0.800596274809,False
workload_2082.cpp,xczu7ev-ffvc1156-2-e,3.33,3.74410215,516,1,1,5,30,cyclic_8_1,cyclic_4_1,complete_1,pipeline_1,unroll_2,pipeline_1,pipeline_1,unroll_2,1,9.25,0.800596274809,False
workload_2525.cpp,xczu7ev-ffvc1156-2-e,3.33,5.99464935,386,3,6,7,37,cyclic_8_1,cyclic_4_1,complete_1,unroll_16,pipeline_1,pipeline_1,pipeline_1,unroll_2,1,13.25,0.659905842413,False
workload_2240.cpp,xczu7ev-ffvc1156-2-e,3.33,8.2939977,36,1,0,0,1,cyclic_8_1,cyclic_4_1,complete_1,unroll_16,pipeline_1,pipeline_1,unroll_32,unroll_2,1,0.5,1,True
workload_2516.cpp,xczu7ev-ffvc1156-2-e,3.33,8.23890618,38,1,0,0,2,cyclic_8_1,cyclic_4_1,complete_1,unroll_16,pipeline_1,pipeline_1,unroll_64,unroll_2,1,0.75,0.993188185243,False
workload_2274.cpp,xczu7ev-ffvc1156-2-e,3.33,152.91552474,41,1,0,0,1,cyclic_8_1,cyclic_4_1,complete_1,unroll_16,unroll_2,pipeline_1,unroll_32,unroll_2,1,0.5,0.213206506042,False
workload_2424.cpp,xczu7ev-ffvc1156-2-e,3.33,3.72364263,568,1,1,5,29,cyclic_8_1,cyclic_64_1,complete_1,pipeline_1,pipeline_1,pipeline_1,pipeline_1,unroll_2,1,9,0.809901991973,False
workload_2050.cpp,xczu7ev-ffvc1156-2-e,3.33,3.72364263,419.5,1,1,5,28.5,cyclic_8_1,cyclic_64_1,complete_1,pipeline_1,unroll_2,pipeline_1,pipeline_1,unroll_2,2,8.875,0.814580961308,False
workload_2429.cpp,xczu7ev-ffvc1156-2-e,3.33,82.2210633,568,1,0,1,2,cyclic_8_1,cyclic_64_1,complete_1,pipeline_1,unroll_2,pipeline_1,unroll_32,unroll_2,1,1,0.507377200527,False
workload_2323.cpp,xczu7ev-ffvc1156-2-e,3.33,5.54453991,571,1,2,2,29,cyclic_8_1,cyclic_64_1,complete_1,unroll_16,unroll_2,pipeline_1,pipeline_1,pipeline_1,1,8.5,0.827196480527,False
workload_2226.cpp,xczu7ev-ffvc1156-2-e,3.33,3.72364263,404,1,1,5,29,cyclic_8_1,cyclic_64_1,complete_1,unroll_4,pipeline_1,pipeline_1,pipeline_1,unroll_2,1,9,0.809901991973,False
workload_2006.cpp,xczu7ev-ffvc1156-2-e,3.33,3.723650955,1529.5,1,1,5,29,cyclic_8_1,cyclic_64_1,complete_1,unroll_4,unroll_2,pipeline_1,pipeline_1,unroll_2,2,9,0.809901995054,False
workload_2049.cpp,xczu7ev-ffvc1156-2-e,3.33,3.72364263,426,1,1,5,29,cyclic_8_1,cyclic_64_1,complete_1,unroll_8,pipeline_1,unroll_8,pipeline_1,unroll_2,1,9,0.809901991973,False
workload_1991.cpp,xczu7ev-ffvc1156-2-e,3.33,3.72365928,2645,1,1,5,28,cyclic_8_1,cyclic_64_1,complete_1,unroll_8,unroll_4,unroll_8,pipeline_1,pipeline_1,1,8.75,0.819274925199,False
workload_2404.cpp,xczu7ev-ffvc1156-2-e,3.33,3.72364263,453,1,1,5,29,cyclic_8_1,cyclic_8_1,complete_1,pipeline_1,pipeline_1,pipeline_1,pipeline_1,unroll_2,1,9,0.809901991973,False
workload_1082.cpp,xczu7ev-ffvc1156-2-e,5,5.539865,473,0,53,38,76,block_128_1,block_128_1,complete_1,unroll_2,pipeline_1,unroll_4,pipeline_1,pipeline_1,1,41.75,0.151498434035,False
workload_890.cpp,xczu7ev-ffvc1156-2-e,5,33.12129,59,0,0,15,6,block_128_1,block_2_1,complete_1,unroll_2,pipeline_1,unroll_4,unroll_2,unroll_2,1,5.25,0.798772682156,False
workload_972.cpp,xczu7ev-ffvc1156-2-e,5,179.81953,105,0,0,9,29,block_128_1,block_2_1,complete_1,unroll_2,unroll_32,unroll_4,unroll_2,unroll_2,1,9.5,0.198852518211,False
workload_1004.cpp,xczu7ev-ffvc1156-2-e,5,120.085785,550,0,0,7,75,block_128_1,block_2_1,complete_1,unroll_32,unroll_64,pipeline_1,unroll_8,pipeline_1,1,20.5,0.286196418382,False
workload_974.cpp,xczu7ev-ffvc1156-2-e,5,118.272985,115,0,0,2,12,block_128_1,block_2_1,complete_1,unroll_8,unroll_2,unroll_2,unroll_32,pipeline_1,1,3.5,0.406095357773,False
workload_923.cpp,xczu7ev-ffvc1156-2-e,5,21.506585,102.5,1,0,15,10,block_128_1,block_4_1,complete_1,pipeline_1,pipeline_1,unroll_32,unroll_4,pipeline_1,2,6.5,0.83909737944,False
workload_1101.cpp,xczu7ev-ffvc1156-2-e,5,5.560345,459,0,50,36,74,block_128_1,block_64_1,complete_1,unroll_2,pipeline_1,unroll_4,pipeline_1,pipeline_1,1,40,0.167855384334,False
workload_1148.cpp,xczu7ev-ffvc1156-2-e,5,16.442265,146,0,0,4,10,block_128_1,cyclic_128_1,complete_1,unroll_2,pipeline_1,unroll_64,unroll_16,unroll_2,1,3.5,0.88462843201,False
workload_1140.cpp,xczu7ev-ffvc1156-2-e,5,5.529625,468,2,54,37,76,block_128_1,cyclic_16_1,complete_1,unroll_2,pipeline_1,unroll_4,pipeline_1,pipeline_1,1,42.25,0.147238576439,False
workload_1022.cpp,xczu7ev-ffvc1156-2-e,5,33.007385,86,0,3,17,15,block_128_1,cyclic_2_1,complete_1,pipeline_1,unroll_8,unroll_8,unroll_8,unroll_2,1,8.75,0.757895874569,False
workload_1751.cpp,xczu7ev-ffvc1156-2-e,5,5.52961,487,0,1,7,30,block_128_1,cyclic_32_1,complete_1,pipeline_1,pipeline_1,pipeline_1,pipeline_1,pipeline_1,1,9.5,0.813957682544,False
workload_1199.cpp,xczu7ev-ffvc1156-2-e,5,32.473625,106,0,0,16,12,block_128_1,cyclic_32_1,complete_1,unroll_2,pipeline_1,unroll_8,unroll_4,unroll_2,1,7,0.78662407899,False
workload_1567.cpp,xczu7ev-ffvc1156-2-e,5,5.52961,442,0,1,7,30,block_128_1,cyclic_32_1,complete_1,unroll_4,pipeline_1,unroll_4,pipeline_1,pipeline_1,1,9.5,0.813957682544,False
workload_1384.cpp,xczu7ev-ffvc1156-2-e,5,5.52961,488,0,1,7,30,block_128_1,cyclic_32_1,complete_1,unroll_4,unroll_4,pipeline_1,pipeline_1,pipeline_1,1,9.5,0.813957682544,False
workload_1301.cpp,xczu7ev-ffvc1156-2-e,5,8.14081,699,0,1,10,33,block_128_1,cyclic_32_1,complete_1,unroll_8,pipeline_1,unroll_32,pipeline_1,pipeline_1,1,11,0.766288679968,False
workload_1579.cpp,xczu7ev-ffvc1156-2-e,5,5.52961,445.5,0,1,6,30,block_128_1,cyclic_4_1,complete_1,pipeline_1,pipeline_1,pipeline_1,pipeline_1,pipeline_1,2,9.25,0.822053593854,False
workload_1609.cpp,xczu7ev-ffvc1156-2-e,5,5.52961,499,0,1,6,30,block_128_1,cyclic_4_1,complete_1,unroll_2,pipeline_1,pipeline_1,pipeline_1,pipeline_1,1,9.25,0.822053593854,False
workload_933.cpp,xczu7ev-ffvc1156-2-e,5,116.412185,87,0,0,3,20,block_128_1,cyclic_4_1,complete_1,unroll_2,unroll_16,unroll_32,unroll_8,pipeline_1,1,5.75,0.403906385567,False
workload_1657.cpp,xczu7ev-ffvc1156-2-e,5,16.27265,148,0,0,2,9,block_128_1,cyclic_4_1,complete_1,unroll_4,pipeline_1,pipeline_1,unroll_32,pipeline_1,1,2.75,0.909170579746,False
workload_1685.cpp,xczu7ev-ffvc1156-2-e,5,5.52961,428,0,1,6,30,block_128_1,cyclic_4_1,complete_1,unroll_8,pipeline_1,pipeline_1,pipeline_1,pipeline_1,1,9.25,0.822053593854,False
workload_1215.cpp,xczu7ev-ffvc1156-2-e,5,8.253465,481,0,74,38,91,block_128_1,cyclic_64_1,complete_1,unroll_16,pipeline_1,unroll_4,pipeline_1,unroll_2,1,50.75,0.102959371785,False
workload_1200.cpp,xczu7ev-ffvc1156-2-e,5,16.519065,129,0,0,3,16,block_128_1,cyclic_64_1,complete_1,unroll_16,pipeline_1,unroll_4,unroll_16,pipeline_1,1,4.75,0.86390372117,False
workload_1160.cpp,xczu7ev-ffvc1156-2-e,5,5.529625,480,0,53,37,75,block_128_1,cyclic_64_1,complete_1,unroll_2,pipeline_1,unroll_4,pipeline_1,pipeline_1,3,41.25,0.155941671785,False
workload_1115.cpp,xczu7ev-ffvc1156-2-e,5,5.52961,413,0,1,7,30,block_128_1,cyclic_64_1,complete_1,unroll_2,pipeline_1,unroll_8,pipeline_1,pipeline_1,1,9.5,0.813957682544,False
workload_1578.cpp,xczu7ev-ffvc1156-2-e,5,5.52961,429,0,1,7,30,block_128_1,cyclic_64_1,complete_1,unroll_4,unroll_2,unroll_4,pipeline_1,pipeline_1,1,9.5,0.813957682544,False
workload_1122.cpp,xczu7ev-ffvc1156-2-e,5,6.973465,445,5,22,17,48,block_16_1,block_2_1,complete_1,unroll_2,pipeline_1,unroll_8,pipeline_1,pipeline_1,1,23,0.443992614501,False
workload_928.cpp,xczu7ev-ffvc1156-2-e,5,32.47617,48,2,0,0,1,block_16_1,block_2_1,complete_1,unroll_2,pipeline_1,unroll_8,unroll_2,unroll_2,1,0.75,0.85856945543,False
workload_1009.cpp,xczu7ev-ffvc1156-2-e,5,186.16833,53,5,0,0,1,block_16_1,block_2_1,complete_1,unroll_2,unroll_2,pipeline_1,unroll_2,unroll_2,1,1.5,0.195965313683,False
workload_1031.cpp,xczu7ev-ffvc1156-2-e,5,8.37633,502,5,34,27,65,block_16_1,block_32_1,complete_1,unroll_64,pipeline_1,unroll_8,pipeline_1,pipeline_1,1,32.75,0.259664432232,False
workload_925.cpp,xczu7ev-ffvc1156-2-e,5,8.74497,991,5,12,14,47,block_16_1,block_32_1,complete_1,unroll_64,unroll_16,unroll_8,pipeline_1,pipeline_1,1,19.5,0.527176952379,False
workload_957.cpp,xczu7ev-ffvc1156-2-e,5,115.661305,87,6,0,3,20,block_16_1,block_4_1,complete_1,unroll_16,unroll_32,unroll_8,unroll_64,pipeline_1,1,7.25,0.402886570714,False
workload_971.cpp,xczu7ev-ffvc1156-2-e,5,16.191225,76,6,0,1,6,block_16_1,block_4_1,complete_1,unroll_32,pipeline_1,unroll_64,unroll_64,pipeline_1,1,3.25,0.893232174495,False
workload_940.cpp,xczu7ev-ffvc1156-2-e,5,16.191225,74,6,0,1,6,block_16_1,block_4_1,complete_1,unroll_32,pipeline_1,unroll_64,unroll_64,unroll_2,1,3.25,0.893232174495,False
workload_899.cpp,xczu7ev-ffvc1156-2-e,5,115.661305,86,6,0,3,21,block_16_1,block_4_1,complete_1,unroll_32,unroll_32,unroll_8,unroll_64,pipeline_1,1,7.5,0.402012336816,False
workload_992.cpp,xczu7ev-ffvc1156-2-e,5,16.782105,61,5,0,5,5,block_16_1,block_64_1,complete_1,pipeline_1,pipeline_1,unroll_8,unroll_8,pipeline_1,1,3.75,0.875892093096,False
workload_900.cpp,xczu7ev-ffvc1156-2-e,5,115.836825,102,7,0,5,34,block_16_1,cyclic_16_1,complete_1,unroll_4,unroll_64,unroll_16,unroll_16,pipeline_1,1,11.5,0.379960951484,False
workload_930.cpp,xczu7ev-ffvc1156-2-e,5,125.893145,49,5,0,0,2,block_16_1,cyclic_4_1,complete_1,unroll_8,unroll_2,unroll_2,unroll_4,pipeline_1,1,1.75,0.38024719979,False
workload_1069.cpp,xczu7ev-ffvc1156-2-e,5,5.672985,443,5,19,16,45,block_16_1,cyclic_64_1,complete_1,pipeline_1,pipeline_1,unroll_4,pipeline_1,pipeline_1,1,21.25,0.484369881572,False
workload_1005.cpp,xczu7ev-ffvc1156-2-e,5,5.672985,562,5,19,16,45,block_16_1,cyclic_64_1,complete_1,pipeline_1,pipeline_1,unroll_8,pipeline_1,pipeline_1,1,21.25,0.484369881572,False
workload_1041.cpp,xczu7ev-ffvc1156-2-e,5,8.284185,866,5,23,22,52,block_16_1,cyclic_64_1,complete_1,unroll_2,pipeline_1,unroll_64,pipeline_1,unroll_2,1,25.5,0.39008111367,False
workload_919.cpp,xczu7ev-ffvc1156-2-e,5,5.672985,440,5,19,16,45,block_16_1,cyclic_64_1,complete_1,unroll_2,pipeline_1,unroll_8,pipeline_1,pipeline_1,1,21.25,0.484369881572,False
workload_1079.cpp,xczu7ev-ffvc1156-2-e,5,8.335385,393,5,35,28,68,block_16_1,cyclic_64_1,complete_1,unroll_32,pipeline_1,unroll_2,pipeline_1,pipeline_1,1,34,0.24108392919,False
workload_1124.cpp,xczu7ev-ffvc1156-2-e,5,6.83009,467,0,37,28,62,block_2_1,block_128_1,complete_1,unroll_4,pipeline_1,unroll_8,pipeline_1,pipeline_1,1,31.75,0.275341909694,False
workload_1090.cpp,xczu7ev-ffvc1156-2-e,5,18.89473,93,0,0,6,8,block_2_1,block_128_1,complete_1,unroll_4,pipeline_1,unroll_8,unroll_32,pipeline_1,1,3.5,0.878850596794,False
workload_1039.cpp,xczu7ev-ffvc1156-2-e,5,118.21153,48,0,0,0,2,block_2_1,block_2_1,complete_1,pipeline_1,unroll_2,unroll_16,unroll_32,pipeline_1,1,0.5,0.411807758782,False
workload_1110.cpp,xczu7ev-ffvc1156-2-e,5,116.809465,57,0,0,0,4,block_2_1,block_2_1,complete_1,pipeline_1,unroll_4,unroll_64,unroll_64,pipeline_1,1,1,0.417283341401,False
workload_1092.cpp,xczu7ev-ffvc1156-2-e,5,117.454585,58,0,0,0,4,block_2_1,block_2_1,complete_1,unroll_16,unroll_4,unroll_64,unroll_64,pipeline_1,1,1,0.41463640463,False
workload_1096.cpp,xczu7ev-ffvc1156-2-e,5,175.227865,50,0,0,0,2,block_2_1,block_2_1,complete_1,unroll_16,unroll_4,unroll_8,unroll_32,unroll_2,1,0.5,0.222619445235,False
workload_1125.cpp,xczu7ev-ffvc1156-2-e,5,8.12033,482,1,33,22,56,block_2_1,block_2_1,complete_1,unroll_2,pipeline_1,unroll_8,pipeline_1,unroll_2,1,28,0.340748083734,False
workload_1061.cpp,xczu7ev-ffvc1156-2-e,5,21.72097,49,0,0,0,1,block_2_1,block_2_1,complete_1,unroll_2,pipeline_1,unroll_8,unroll_16,pipeline_1,1,0.25,0.92961729772,False
workload_1196.cpp,xczu7ev-ffvc1156-2-e,5,123.68065,49,0,0,0,1,block_2_1,block_2_1,complete_1,unroll_2,unroll_2,unroll_4,unroll_16,pipeline_1,1,0.25,0.389931013888,False
workload_979.cpp,xczu7ev-ffvc1156-2-e,5,185.53345,54,0,0,0,1,block_2_1,block_2_1,complete_1,unroll_2,unroll_4,unroll_8,unroll_2,unroll_2,1,0.25,0.19768835625,False
workload_1112.cpp,xczu7ev-ffvc1156-2-e,5,16.769945,57,0,0,0,2,block_2_1,block_2_1,complete_1,unroll_32,pipeline_1,unroll_64,unroll_16,unroll_2,1,0.5,0.961819666658,False
workload_977.cpp,xczu7ev-ffvc1156-2-e,5,25.306585,81,0,0,4,8,block_2_1,block_32_1,complete_1,pipeline_1,unroll_32,unroll_16,unroll_32,unroll_2,1,3,0.868619796696,False
workload_1036.cpp,xczu7ev-ffvc1156-2-e,5,25.474585,95,0,0,5,11,block_2_1,block_32_1,complete_1,pipeline_1,unroll_32,unroll_64,unroll_16,unroll_2,1,4,0.842768508563,False
workload_1011.cpp,xczu7ev-ffvc1156-2-e,5,117.05537,60,1,0,0,5,block_2_1,block_4_1,complete_1,unroll_16,unroll_8,unroll_32,unroll_16,pipeline_1,1,1.5,0.41573814581,False
workload_948.cpp,xczu7ev-ffvc1156-2-e,5,121.31841,60,0,0,1,8,block_2_1,block_4_1,complete_1,unroll_32,unroll_16,pipeline_1,unroll_2,pipeline_1,1,2.25,0.397299984428,False
workload_990.cpp,xczu7ev-ffvc1156-2-e,5,117.74145,63,1,0,0,4,block_2_1,block_4_1,complete_1,unroll_8,unroll_8,unroll_8,unroll_16,pipeline_1,1,1.25,0.413231318204,False
workload_936.cpp,xczu7ev-ffvc1156-2-e,5,118.368665,63,0,0,5,7,block_2_1,block_64_1,complete_1,pipeline_1,unroll_4,unroll_8,unroll_16,pipeline_1,1,3,0.407259968254,False
workload_952.cpp,xczu7ev-ffvc1156-2-e,5,123.325465,57,0,0,5,7,block_2_1,block_64_1,complete_1,pipeline_1,unroll_4,unroll_8,unroll_2,pipeline_1,1,3,0.387684692963,False
workload_921.cpp,xczu7ev-ffvc1156-2-e,5,118.700825,57,0,0,5,7,block_2_1,block_64_1,complete_1,pipeline_1,unroll_4,unroll_8,unroll_8,pipeline_1,1,3,0.405928560566,False
workload_1026.cpp,xczu7ev-ffvc1156-2-e,5,22.030105,61,3,0,0,2,block_2_1,block_8_1,complete_1,unroll_2,pipeline_1,unroll_32,unroll_8,unroll_2,1,1.25,0.920411008239,False
workload_1181.cpp,xczu7ev-ffvc1156-2-e,5,9.45153,453,0,56,41,84,block_2_1,cyclic_128_1,complete_1,unroll_32,unroll_2,unroll_4,pipeline_1,pipeline_1,1,45.25,0.12555580588,False
workload_891.cpp,xczu7ev-ffvc1156-2-e,5,118.21153,92,0,0,2,7,block_2_1,cyclic_128_1,complete_1,unroll_8,unroll_8,unroll_8,unroll_32,pipeline_1,1,2.25,0.40974388648,False
workload_942.cpp,xczu7ev-ffvc1156-2-e,5,117.55617,58,2,0,0,5,block_2_1,cyclic_16_1,complete_1,unroll_8,unroll_8,unroll_8,unroll_32,pipeline_1,1,1.75,0.413325699072,False
workload_1056.cpp,xczu7ev-ffvc1156-2-e,5,115.949465,69,0,0,3,16,block_2_1,cyclic_32_1,complete_1,pipeline_1,unroll_32,unroll_8,unroll_16,pipeline_1,1,4.75,0.410398844115,False
workload_1051.cpp,xczu7ev-ffvc1156-2-e,5,116.23105,79,0,0,3,17,block_2_1,cyclic_32_1,complete_1,unroll_32,unroll_32,unroll_64,unroll_16,pipeline_1,1,5,0.40811068868,False
workload_987.cpp,xczu7ev-ffvc1156-2-e,5,20.220825,72,0,2,2,5,block_2_1,cyclic_32_1,complete_1,unroll_32,unroll_32,unroll_64,unroll_16,unroll_2,1,2.25,0.909923812921,False
workload_1072.cpp,xczu7ev-ffvc1156-2-e,5,16.28289,50,1,0,0,1,block_2_1,cyclic_4_1,complete_1,pipeline_1,pipeline_1,pipeline_1,unroll_32,pipeline_1,1,0.5,0.96502354806,False
workload_1037.cpp,xczu7ev-ffvc1156-2-e,5,116.809465,60,0,0,0,4,block_2_1,cyclic_4_1,complete_1,pipeline_1,unroll_4,unroll_64,unroll_64,pipeline_1,2,1,0.417283341401,False
workload_988.cpp,xczu7ev-ffvc1156-2-e,5,116.818425,56,0,0,0,3,block_2_1,cyclic_4_1,complete_1,pipeline_1,unroll_4,unroll_8,unroll_64,pipeline_1,1,0.75,0.417414532829,False
workload_1025.cpp,xczu7ev-ffvc1156-2-e,5,16.85553,62,1,0,0,2,block_2_1,cyclic_4_1,complete_1,unroll_16,pipeline_1,unroll_8,unroll_64,pipeline_1,1,0.75,0.958951706526,False
workload_922.cpp,xczu7ev-ffvc1156-2-e,5,121.31457,57,0,0,1,9,block_2_1,cyclic_4_1,complete_1,unroll_32,unroll_16,pipeline_1,unroll_8,pipeline_1,1,2.5,0.396787517166,False
workload_1032.cpp,xczu7ev-ffvc1156-2-e,5,5.60129,492,10,3,8,32,block_32_1,block_128_1,complete_1,unroll_4,unroll_2,unroll_2,pipeline_1,pipeline_1,1,13.25,0.697888617865,False
workload_904.cpp,xczu7ev-ffvc1156-2-e,5,16.20161,85,10,0,5,9,block_32_1,block_32_1,complete_1,pipeline_1,pipeline_1,unroll_64,unroll_64,unroll_2,1,6,0.860809861995,False
workload_937.cpp,xczu7ev-ffvc1156-2-e,5,115.83537,126,5,0,3,23,block_32_1,block_32_1,complete_1,pipeline_1,unroll_32,unroll_8,unroll_64,pipeline_1,1,7.75,0.400404999596,False
workload_943.cpp,xczu7ev-ffvc1156-2-e,5,115.743705,142,6,0,5,37,block_32_1,block_4_1,complete_1,pipeline_1,unroll_64,unroll_2,unroll_32,pipeline_1,1,12,0.376732552486,False
workload_902.cpp,xczu7ev-ffvc1156-2-e,5,120.906265,142,6,0,5,38,block_32_1,block_4_1,complete_1,pipeline_1,unroll_64,unroll_32,unroll_4,pipeline_1,1,12.25,0.357028232721,False
workload_955.cpp,xczu7ev-ffvc1156-2-e,5,126.049305,263,10,0,6,42,block_32_1,block_64_1,complete_1,unroll_2,unroll_64,pipeline_1,unroll_2,pipeline_1,1,14.5,0.323778238314,False
workload_958.cpp,xczu7ev-ffvc1156-2-e,5,116.14273,114,10,0,2,16,block_32_1,block_64_1,complete_1,unroll_8,unroll_16,pipeline_1,unroll_64,pipeline_1,1,7,0.401818496401,False
workload_903.cpp,xczu7ev-ffvc1156-2-e,5,115.733785,278,10,0,6,43,block_32_1,block_64_1,complete_1,unroll_8,unroll_64,pipeline_1,unroll_32,pipeline_1,1,14.75,0.354336920327,False
workload_1194.cpp,xczu7ev-ffvc1156-2-e,5,8.37633,391,15,19,17,52,block_32_1,cyclic_16_1,complete_1,unroll_16,pipeline_1,pipeline_1,pipeline_1,pipeline_1,1,25.75,0.384939751452,False
workload_949.cpp,xczu7ev-ffvc1156-2-e,5,21.342745,56,5,0,0,3,block_32_1,cyclic_4_1,complete_1,pipeline_1,pipeline_1,pipeline_1,unroll_4,pipeline_1,1,2,0.910580013008,False
workload_1111.cpp,xczu7ev-ffvc1156-2-e,5,5.59105,418,10,3,7,31,block_32_1,cyclic_64_1,complete_1,unroll_4,unroll_2,pipeline_1,pipeline_1,pipeline_1,1,12.75,0.712780277047,False
workload_1063.cpp,xczu7ev-ffvc1156-2-e,5,5.59105,449,10,3,7,31,block_32_1,cyclic_64_1,complete_1,unroll_4,unroll_2,unroll_2,pipeline_1,pipeline_1,1,12.75,0.712780277047,False
workload_1081.cpp,xczu7ev-ffvc1156-2-e,5,6.17473,451,1,21,18,48,block_4_1,block_128_1,complete_1,unroll_4,unroll_2,pipeline_1,pipeline_1,pipeline_1,1,22,0.466798844944,False
workload_1038.cpp,xczu7ev-ffvc1156-2-e,5,16.43777,49,1,0,0,1,block_4_1,block_2_1,complete_1,unroll_16,pipeline_1,pipeline_1,unroll_16,pipeline_1,1,0.5,0.964006113072,False
workload_1067.cpp,xczu7ev-ffvc1156-2-e,5,10.096665,535,1,26,24,59,block_4_1,block_2_1,complete_1,unroll_16,pipeline_1,unroll_64,pipeline_1,unroll_2,1,27.5,0.350177970111,False
workload_956.cpp,xczu7ev-ffvc1156-2-e,5,175.944665,52,1,0,0,1,block_4_1,block_2_1,complete_1,unroll_16,unroll_2,unroll_2,unroll_32,unroll_2,1,0.5,0.220792917461,False
workload_995.cpp,xczu7ev-ffvc1156-2-e,5,8.77569,512,1,24,20,52,block_4_1,block_2_1,complete_1,unroll_8,pipeline_1,unroll_32,pipeline_1,unroll_2,1,24.25,0.416456613348,False
workload_914.cpp,xczu7ev-ffvc1156-2-e,5,175.94465,50,1,0,0,1,block_4_1,block_2_1,complete_1,unroll_8,unroll_2,unroll_2,unroll_32,unroll_2,1,0.5,0.22079295554,False
workload_947.cpp,xczu7ev-ffvc1156-2-e,5,177.05729,49,1,0,0,1,block_4_1,block_2_1,complete_1,unroll_8,unroll_2,unroll_32,unroll_4,unroll_2,1,0.5,0.217984908555,False
workload_1034.cpp,xczu7ev-ffvc1156-2-e,5,175.90369,65,1,0,0,1,block_4_1,block_2_1,complete_1,unroll_8,unroll_2,unroll_4,unroll_32,unroll_2,1,0.5,0.220896959358,False
workload_893.cpp,xczu7ev-ffvc1156-2-e,5,39.559705,111,1,0,5,11,block_4_1,block_64_1,complete_1,pipeline_1,unroll_32,unroll_16,unroll_32,unroll_2,1,4.25,0.774509311562,False
workload_1085.cpp,xczu7ev-ffvc1156-2-e,5,6.16449,431,1,22,19,49,block_4_1,cyclic_128_1,complete_1,pipeline_1,unroll_2,pipeline_1,pipeline_1,pipeline_1,1,22.75,0.449590431877,False
workload_910.cpp,xczu7ev-ffvc1156-2-e,5,6.16449,454,1,22,19,49,block_4_1,cyclic_128_1,complete_1,unroll_2,unroll_2,pipeline_1,pipeline_1,pipeline_1,1,22.75,0.449590431877,False
workload_1017.cpp,xczu7ev-ffvc1156-2-e,5,176.191385,75,1,0,2,4,block_4_1,cyclic_128_1,complete_1,unroll_32,unroll_2,unroll_2,unroll_16,unroll_2,1,1.75,0.219704795435,False
workload_962.cpp,xczu7ev-ffvc1156-2-e,5,173.57505,142,1,0,2,7,block_4_1,cyclic_128_1,complete_1,unroll_32,unroll_32,unroll_64,unroll_16,unroll_2,1,2.5,0.225781444481,False
workload_1108.cpp,xczu7ev-ffvc1156-2-e,5,6.164505,447,1,22,17,50,block_4_1,cyclic_2_1,complete_1,pipeline_1,pipeline_1,unroll_4,pipeline_1,pipeline_1,1,22.5,0.455280430922,False
workload_1029.cpp,xczu7ev-ffvc1156-2-e,5,6.164505,505,1,22,17,50,block_4_1,cyclic_2_1,complete_1,unroll_2,pipeline_1,unroll_4,pipeline_1,pipeline_1,1,22.5,0.455280430922,False
workload_970.cpp,xczu7ev-ffvc1156-2-e,5,116.15297,73,0,0,1,5,block_4_1,cyclic_32_1,complete_1,pipeline_1,unroll_8,pipeline_1,unroll_64,pipeline_1,1,1.5,0.419445616947,False
workload_1001.cpp,xczu7ev-ffvc1156-2-e,5,6.16449,499,1,26,21,53,block_4_1,cyclic_64_1,complete_1,unroll_2,pipeline_1,unroll_4,pipeline_1,unroll_2,1,25.25,0.39521381244,False
workload_1040.cpp,xczu7ev-ffvc1156-2-e,5,5.56033,557,0,1,7,30,block_64_1,block_128_1,complete_1,unroll_4,pipeline_1,unroll_8,pipeline_1,pipeline_1,1,9.5,0.813968638232,False
workload_1065.cpp,xczu7ev-ffvc1156-2-e,5,5.5603375,447.5,0,21,18.5,46.5,block_64_1,block_128_1,complete_1,unroll_4,unroll_2,pipeline_1,pipeline_1,pipeline_1,2,21.5,0.478438838537,False
workload_1098.cpp,xczu7ev-ffvc1156-2-e,5,5.56033,429,0,1,7,30,block_64_1,block_128_1,complete_1,unroll_4,unroll_2,unroll_2,pipeline_1,pipeline_1,1,9.5,0.813968638232,False
workload_998.cpp,xczu7ev-ffvc1156-2-e,5,5.56033,565,0,1,7,30,block_64_1,block_128_1,complete_1,unroll_4,unroll_2,unroll_4,pipeline_1,pipeline_1,1,9.5,0.813968638232,False
workload_1119.cpp,xczu7ev-ffvc1156-2-e,5,8.16129,440,0,1,7,32,block_64_1,block_2_1,complete_1,pipeline_1,unroll_2,unroll_16,pipeline_1,pipeline_1,1,10,0.797604720803,False
workload_1116.cpp,xczu7ev-ffvc1156-2-e,5,118.12401,68,0,0,1,4,block_64_1,block_2_1,complete_1,pipeline_1,unroll_2,unroll_16,unroll_64,pipeline_1,1,1.25,0.411671217249,False
workload_1252.cpp,xczu7ev-ffvc1156-2-e,5,9.52321,404,0,3,7,37,block_64_1,block_2_1,complete_1,unroll_16,pipeline_1,pipeline_1,pipeline_1,pipeline_1,1,11.75,0.742653969925,False
workload_1018.cpp,xczu7ev-ffvc1156-2-e,5,115.903385,151,0,0,4,32,block_64_1,block_2_1,complete_1,unroll_32,unroll_32,unroll_64,unroll_16,pipeline_1,1,9,0.394646677087,False
workload_1007.cpp,xczu7ev-ffvc1156-2-e,5,6.195225,440,1,38,28,63,block_64_1,block_4_1,complete_1,unroll_2,pipeline_1,pipeline_1,pipeline_1,pipeline_1,1,32.5,0.263485221169,False
workload_932.cpp,xczu7ev-ffvc1156-2-e,5,116.390425,63,0,0,1,8,block_64_1,block_4_1,complete_1,unroll_2,unroll_8,pipeline_1,unroll_16,pipeline_1,1,2.25,0.417154876876,False
workload_916.cpp,xczu7ev-ffvc1156-2-e,5,116.225305,77,0,0,1,8,block_64_1,block_4_1,complete_1,unroll_2,unroll_8,pipeline_1,unroll_32,pipeline_1,2,2.25,0.417831102782,False
workload_1066.cpp,xczu7ev-ffvc1156-2-e,5,8.25345,393,0,37,25,62,block_64_1,block_64_1,complete_1,unroll_16,unroll_2,unroll_4,pipeline_1,pipeline_1,1,31,0.287608025909,False
workload_1097.cpp,xczu7ev-ffvc1156-2-e,5,8.25345,382,0,37,25,62,block_64_1,block_64_1,complete_1,unroll_32,unroll_2,unroll_4,pipeline_1,pipeline_1,1,31,0.287608025909,False
workload_1178.cpp,xczu7ev-ffvc1156-2-e,5,16.210425,151,0,0,3,6,block_64_1,cyclic_128_1,complete_1,pipeline_1,pipeline_1,unroll_8,unroll_64,pipeline_1,1,2.25,0.925124678001,False
workload_1152.cpp,xczu7ev-ffvc1156-2-e,5,16.787225,103,0,0,3,11,block_64_1,cyclic_128_1,complete_1,unroll_16,pipeline_1,unroll_32,unroll_8,pipeline_1,1,3.5,0.883932018124,False
workload_1136.cpp,xczu7ev-ffvc1156-2-e,5,16.29281,149,0,0,3,11,block_64_1,cyclic_128_1,complete_1,unroll_16,pipeline_1,unroll_8,unroll_32,pipeline_1,1,3.5,0.884917680289,False
workload_1099.cpp,xczu7ev-ffvc1156-2-e,5,5.550105,448,0,42,31,65,block_64_1,cyclic_128_1,complete_1,unroll_2,pipeline_1,unroll_4,pipeline_1,pipeline_1,1,34.5,0.233920004278,False
workload_1062.cpp,xczu7ev-ffvc1156-2-e,5,5.55009,433,0,1,7,30,block_64_1,cyclic_128_1,complete_1,unroll_2,pipeline_1,unroll_8,pipeline_1,pipeline_1,1,9.5,0.813965033928,False
workload_1121.cpp,xczu7ev-ffvc1156-2-e,5,5.55009,418,0,1,7,30,block_64_1,cyclic_128_1,complete_1,unroll_2,unroll_2,unroll_8,pipeline_1,pipeline_1,1,9.5,0.813965033928,False
workload_984.cpp,xczu7ev-ffvc1156-2-e,5,116.880665,147,0,0,3,10,block_64_1,cyclic_128_1,complete_1,unroll_2,unroll_8,pipeline_1,unroll_32,pipeline_1,1,3.25,0.412499240872,False
workload_1282.cpp,xczu7ev-ffvc1156-2-e,5,5.55009,465,0,1,6,30,block_64_1,cyclic_32_1,complete_1,unroll_4,pipeline_1,pipeline_1,pipeline_1,pipeline_1,1,9.25,0.822061160609,False
workload_1211.cpp,xczu7ev-ffvc1156-2-e,5,5.55009,436,0,1,6,30,block_64_1,cyclic_32_1,complete_1,unroll_8,pipeline_1,pipeline_1,pipeline_1,pipeline_1,1,9.25,0.822061160609,False
workload_1130.cpp,xczu7ev-ffvc1156-2-e,5,16.28289,63,0,0,1,3,block_64_1,cyclic_4_1,complete_1,pipeline_1,pipeline_1,pipeline_1,unroll_32,pipeline_1,1,1,0.95854152988,False
workload_1162.cpp,xczu7ev-ffvc1156-2-e,5,5.550105,449,0,44,31,66,block_64_1,cyclic_64_1,complete_1,unroll_2,pipeline_1,unroll_8,pipeline_1,pipeline_1,1,35.25,0.223601646741,False
workload_994.cpp,xczu7ev-ffvc1156-2-e,5,16.787225,64,7,0,4,4,block_8_1,block_16_1,complete_1,unroll_16,pipeline_1,unroll_32,unroll_8,pipeline_1,1,3.75,0.875882232389,False
workload_1033.cpp,xczu7ev-ffvc1156-2-e,5,16.20017,73,7,0,0,3,block_8_1,block_16_1,complete_1,unroll_16,pipeline_1,unroll_8,unroll_64,pipeline_1,1,2.5,0.91731189392,False
workload_967.cpp,xczu7ev-ffvc1156-2-e,5,9.390105,579,7,6,12,39,block_8_1,block_16_1,complete_1,unroll_16,unroll_8,unroll_32,pipeline_1,pipeline_1,1,16,0.619214388952,False
workload_1046.cpp,xczu7ev-ffvc1156-2-e,5,9.390105,1296,7,6,9,38,block_8_1,block_16_1,complete_1,unroll_8,unroll_8,unroll_8,pipeline_1,pipeline_1,1,15,0.647149021539,False
workload_1068.cpp,xczu7ev-ffvc1156-2-e,5,9.768985,384,3,20,19,53,block_8_1,block_2_1,complete_1,unroll_16,unroll_2,unroll_2,pipeline_1,unroll_2,1,23.75,0.427273295495,False
workload_951.cpp,xczu7ev-ffvc1156-2-e,5,118.519705,49,2,0,0,2,block_8_1,block_2_1,complete_1,unroll_16,unroll_2,unroll_2,unroll_16,pipeline_1,1,1,0.410290418406,False
workload_898.cpp,xczu7ev-ffvc1156-2-e,5,116.400025,57,2,0,1,6,block_8_1,block_2_1,complete_1,unroll_16,unroll_8,unroll_32,unroll_16,pipeline_1,1,2.25,0.417115583244,False
workload_896.cpp,xczu7ev-ffvc1156-2-e,5,169.31201,123,2,0,8,7,block_8_1,block_2_1,complete_1,unroll_2,unroll_64,unroll_8,unroll_8,unroll_2,1,4.25,0.2344815955,False
workload_889.cpp,xczu7ev-ffvc1156-2-e,5,16.787225,54,5,0,0,3,block_8_1,block_8_1,complete_1,unroll_16,pipeline_1,unroll_32,unroll_8,unroll_2,1,2,0.930762044104,False
workload_907.cpp,xczu7ev-ffvc1156-2-e,5,116.15297,121,1,0,3,11,block_8_1,cyclic_128_1,complete_1,pipeline_1,unroll_16,pipeline_1,unroll_64,pipeline_1,1,3.75,0.413715822312,False
workload_991.cpp,xczu7ev-ffvc1156-2-e,5,115.744025,167,1,0,4,18,block_8_1,cyclic_128_1,complete_1,pipeline_1,unroll_32,pipeline_1,unroll_32,pipeline_1,1,5.75,0.406549377466,False
workload_963.cpp,xczu7ev-ffvc1156-2-e,5,115.662105,132,1,0,7,34,block_8_1,cyclic_128_1,complete_1,pipeline_1,unroll_64,pipeline_1,unroll_32,pipeline_1,1,10.5,0.387170457253,False
workload_1084.cpp,xczu7ev-ffvc1156-2-e,5,5.836825,422,3,21,16,48,block_8_1,cyclic_2_1,complete_1,unroll_2,pipeline_1,unroll_8,pipeline_1,pipeline_1,1,22,0.466768807663,False
workload_1003.cpp,xczu7ev-ffvc1156-2-e,5,9.768985,416,3,18,17,53,block_8_1,cyclic_2_1,complete_1,unroll_32,unroll_2,unroll_4,pipeline_1,pipeline_1,1,22.75,0.449567937101,False
workload_961.cpp,xczu7ev-ffvc1156-2-e,5,95.174425,48,2,0,0,2,block_8_1,cyclic_2_1,complete_1,unroll_32,unroll_2,unroll_8,unroll_8,unroll_2,1,1,0.512454413853,False
workload_996.cpp,xczu7ev-ffvc1156-2-e,5,16.20033,68,2,0,1,2,block_8_1,cyclic_32_1,complete_1,pipeline_1,pipeline_1,pipeline_1,unroll_64,pipeline_1,1,1.25,0.953567041058,False
workload_946.cpp,xczu7ev-ffvc1156-2-e,5,116.15297,65,1,0,1,6,block_8_1,cyclic_32_1,complete_1,pipeline_1,unroll_8,pipeline_1,unroll_64,pipeline_1,1,2,0.41863371133,False
workload_897.cpp,xczu7ev-ffvc1156-2-e,5,270.709785,67,5,0,2,5,cyclic_128_1,block_16_1,complete_1,unroll_2,unroll_8,unroll_2,unroll_2,unroll_2,1,3,0.1,False
workload_954.cpp,xczu7ev-ffvc1156-2-e,5,248.689625,96,5,0,2,5,cyclic_128_1,block_16_1,complete_1,unroll_8,unroll_8,unroll_2,unroll_32,unroll_2,1,3,0.10644599294,False
workload_944.cpp,xczu7ev-ffvc1156-2-e,5,121.39569,208,0,0,4,8,cyclic_128_1,cyclic_128_1,complete_1,unroll_16,unroll_2,unroll_8,unroll_64,pipeline_1,1,3,0.395230915283,False
workload_1027.cpp,xczu7ev-ffvc1156-2-e,5,18.091545,106,2,0,2,6,cyclic_128_1,cyclic_16_1,complete_1,unroll_16,pipeline_1,unroll_32,unroll_4,unroll_2,1,2.5,0.911476414753,False
workload_895.cpp,xczu7ev-ffvc1156-2-e,5,121.39569,122,2,0,3,6,cyclic_128_1,cyclic_16_1,complete_1,unroll_16,unroll_2,unroll_8,unroll_64,pipeline_1,1,2.75,0.395878919483,False
workload_964.cpp,xczu7ev-ffvc1156-2-e,5,121.06801,142,2,0,3,6,cyclic_128_1,cyclic_16_1,complete_1,unroll_32,unroll_2,unroll_8,unroll_64,pipeline_1,1,2.75,0.397173090867,False
workload_912.cpp,xczu7ev-ffvc1156-2-e,5,38.371865,168,0,0,3,7,cyclic_128_1,cyclic_32_1,complete_1,unroll_2,pipeline_1,unroll_4,unroll_4,unroll_2,1,2.5,0.808107937632,False
workload_939.cpp,xczu7ev-ffvc1156-2-e,5,140.948505,67,0,0,3,8,cyclic_128_1,cyclic_32_1,complete_1,unroll_2,unroll_4,unroll_4,unroll_2,pipeline_1,1,2.75,0.323694635018,False
workload_1753.cpp,xczu7ev-ffvc1156-2-e,5,5.51937,491,1,1,6,29,cyclic_128_1,cyclic_8_1,complete_1,unroll_2,unroll_2,pipeline_1,pipeline_1,pipeline_1,1,9.25,0.822049726031,False
workload_1106.cpp,xczu7ev-ffvc1156-2-e,5,11.85281,61,2,0,5,6,cyclic_16_1,block_64_1,complete_1,unroll_16,pipeline_1,unroll_16,unroll_16,pipeline_1,1,3.25,0.898332900517,False
workload_1347.cpp,xczu7ev-ffvc1156-2-e,5,22.09153,63,5,0,0,1,cyclic_16_1,block_8_1,complete_1,unroll_2,pipeline_1,unroll_8,unroll_8,unroll_2,1,1.5,0.916276590763,False
workload_1401.cpp,xczu7ev-ffvc1156-2-e,5,5.83681,477,5,1,4,28,cyclic_16_1,block_8_1,complete_1,unroll_2,unroll_2,unroll_4,pipeline_1,pipeline_1,1,9.5,0.814047969254,False
workload_945.cpp,xczu7ev-ffvc1156-2-e,5,117.96673,108,5,0,5,34,cyclic_16_1,cyclic_16_1,complete_1,unroll_4,unroll_64,unroll_16,unroll_16,pipeline_1,1,11,0.375657263073,False
workload_1164.cpp,xczu7ev-ffvc1156-2-e,5,8.816665,625,5,12,17,47,cyclic_16_1,cyclic_32_1,complete_1,unroll_16,unroll_8,unroll_32,pipeline_1,unroll_2,1,20.25,0.508592017574,False
workload_1767.cpp,xczu7ev-ffvc1156-2-e,5,5.51937,509,2,1,5,28,cyclic_16_1,cyclic_32_1,complete_1,unroll_2,pipeline_1,pipeline_1,pipeline_1,pipeline_1,1,9,0.830189459902,False
workload_1604.cpp,xczu7ev-ffvc1156-2-e,5,5.51937,481.5,2,1,5,28.5,cyclic_16_1,cyclic_32_1,complete_1,unroll_4,pipeline_1,unroll_4,pipeline_1,pipeline_1,2,9.125,0.826114110645,False
workload_1721.cpp,xczu7ev-ffvc1156-2-e,5,5.51937,467,2,1,5,28,cyclic_16_1,cyclic_32_1,complete_1,unroll_8,pipeline_1,unroll_4,pipeline_1,pipeline_1,1,9,0.830189459902,False
workload_1704.cpp,xczu7ev-ffvc1156-2-e,5,5.51937,464,3,1,4,28,cyclic_16_1,cyclic_4_1,complete_1,pipeline_1,pipeline_1,unroll_4,pipeline_1,pipeline_1,1,9,0.830189459902,False
workload_1733.cpp,xczu7ev-ffvc1156-2-e,5,5.51937,484.5,3,1,4,28,cyclic_16_1,cyclic_4_1,complete_1,unroll_4,pipeline_1,pipeline_1,pipeline_1,pipeline_1,2,9,0.830189459902,False
workload_1353.cpp,xczu7ev-ffvc1156-2-e,5,18.89409,63,3,0,0,1,cyclic_16_1,cyclic_4_1,complete_1,unroll_4,pipeline_1,pipeline_1,unroll_32,pipeline_1,1,1,0.943008353007,False
workload_1671.cpp,xczu7ev-ffvc1156-2-e,5,5.51937,463,3,1,4,28,cyclic_16_1,cyclic_4_1,complete_1,unroll_4,pipeline_1,unroll_2,pipeline_1,pipeline_1,1,9,0.830189459902,False
workload_1541.cpp,xczu7ev-ffvc1156-2-e,5,5.51937,472,3,1,4,28.5,cyclic_16_1,cyclic_4_1,complete_1,unroll_4,pipeline_1,unroll_4,pipeline_1,pipeline_1,2,9.125,0.826114110645,False
workload_1759.cpp,xczu7ev-ffvc1156-2-e,5,5.51937,492,3,1,4,28,cyclic_16_1,cyclic_4_1,complete_1,unroll_8,pipeline_1,pipeline_1,pipeline_1,pipeline_1,1,9,0.830189459902,False
workload_888.cpp,xczu7ev-ffvc1156-2-e,5,127.20385,47,3,0,0,2,cyclic_16_1,cyclic_4_1,complete_1,unroll_8,unroll_2,unroll_2,unroll_4,pipeline_1,1,1.25,0.375782940943,False
workload_959.cpp,xczu7ev-ffvc1156-2-e,5,117.41953,55,3,0,0,5,cyclic_16_1,cyclic_4_1,complete_1,unroll_8,unroll_8,unroll_32,unroll_4,pipeline_1,1,2,0.413452390705,False
workload_1752.cpp,xczu7ev-ffvc1156-2-e,5,5.51937,487,2,1,5,29,cyclic_16_1,cyclic_64_1,complete_1,pipeline_1,pipeline_1,pipeline_1,pipeline_1,pipeline_1,1,9.25,0.822049726031,False
workload_1075.cpp,xczu7ev-ffvc1156-2-e,5,8.222745,374,5,12,14,42,cyclic_16_1,cyclic_64_1,complete_1,unroll_32,unroll_2,unroll_8,pipeline_1,pipeline_1,1,18.25,0.559089610578,False
workload_1719.cpp,xczu7ev-ffvc1156-2-e,5,5.51937,476,2,1,5,29,cyclic_16_1,cyclic_64_1,complete_1,unroll_4,pipeline_1,pipeline_1,pipeline_1,pipeline_1,1,9.25,0.822049726031,False
workload_1729.cpp,xczu7ev-ffvc1156-2-e,5,5.51937,505,2,1,5,29,cyclic_16_1,cyclic_64_1,complete_1,unroll_4,unroll_2,pipeline_1,pipeline_1,pipeline_1,1,9.25,0.822049726031,False
workload_1728.cpp,xczu7ev-ffvc1156-2-e,5,5.51937,496,2,1,5,29,cyclic_16_1,cyclic_64_1,complete_1,unroll_8,pipeline_1,unroll_4,pipeline_1,pipeline_1,2,9.25,0.822049726031,False
workload_1748.cpp,xczu7ev-ffvc1156-2-e,5,5.51937,414,3,1,4,28,cyclic_16_1,cyclic_8_1,complete_1,pipeline_1,pipeline_1,pipeline_1,pipeline_1,pipeline_1,1,9,0.830189459902,False
workload_1691.cpp,xczu7ev-ffvc1156-2-e,5,5.51937,455,3,1,4,28,cyclic_16_1,cyclic_8_1,complete_1,unroll_4,pipeline_1,pipeline_1,pipeline_1,pipeline_1,1,9,0.830189459902,False
workload_1650.cpp,xczu7ev-ffvc1156-2-e,5,5.51937,493,3,1,4,28.5,cyclic_16_1,cyclic_8_1,complete_1,unroll_4,pipeline_1,unroll_4,pipeline_1,pipeline_1,2,9.125,0.826114110645,False
workload_1698.cpp,xczu7ev-ffvc1156-2-e,5,5.51937,461,3,1,4,28,cyclic_16_1,cyclic_8_1,complete_1,unroll_4,unroll_2,pipeline_1,pipeline_1,pipeline_1,1,9,0.830189459902,False
workload_1668.cpp,xczu7ev-ffvc1156-2-e,5,5.51937,510,3,1,4,28,cyclic_16_1,cyclic_8_1,complete_1,unroll_4,unroll_2,unroll_4,pipeline_1,pipeline_1,1,9,0.830189459902,False
workload_1188.cpp,xczu7ev-ffvc1156-2-e,5,12.8153775,103.5,0,0,6,25,cyclic_2_1,block_128_1,complete_1,unroll_16,pipeline_1,unroll_64,unroll_4,pipeline_1,2,7.75,0.853125987995,False
workload_1159.cpp,xczu7ev-ffvc1156-2-e,5,91.997145,133,0,0,2,6,cyclic_2_1,block_128_1,complete_1,unroll_16,unroll_2,unroll_2,unroll_32,unroll_2,1,2,0.525445462087,False
workload_1044.cpp,xczu7ev-ffvc1156-2-e,5,8.14081,422,0,1,3,27,cyclic_2_1,block_128_1,complete_1,unroll_4,unroll_2,pipeline_1,pipeline_1,pipeline_1,1,7.75,0.86409492165,False
workload_1052.cpp,xczu7ev-ffvc1156-2-e,5,118.19137,81,0,0,2,5,cyclic_2_1,block_128_1,complete_1,unroll_4,unroll_2,pipeline_1,unroll_32,pipeline_1,1,1.75,0.410740972143,False
workload_1393.cpp,xczu7ev-ffvc1156-2-e,5,8.28417,486.5,5,1,1,27,cyclic_2_1,block_16_1,complete_1,pipeline_1,pipeline_1,unroll_2,pipeline_1,pipeline_1,2,8.5,0.843748303904,False
workload_1502.cpp,xczu7ev-ffvc1156-2-e,5,16.24113,55,5,0,0,2,cyclic_2_1,block_16_1,complete_1,pipeline_1,pipeline_1,unroll_2,unroll_64,unroll_2,1,1.75,0.940055463716,False
workload_1476.cpp,xczu7ev-ffvc1156-2-e,5,8.28417,450,5,1,1,27,cyclic_2_1,block_16_1,complete_1,pipeline_1,pipeline_1,unroll_4,pipeline_1,pipeline_1,1,8.5,0.843748303904,False
workload_1428.cpp,xczu7ev-ffvc1156-2-e,5,8.28417,500,5,1,1,27,cyclic_2_1,block_16_1,complete_1,pipeline_1,unroll_2,pipeline_1,pipeline_1,pipeline_1,1,8.5,0.843748303904,False
workload_1280.cpp,xczu7ev-ffvc1156-2-e,5,8.28417,446,5,1,1,27,cyclic_2_1,block_16_1,complete_1,pipeline_1,unroll_2,unroll_2,pipeline_1,pipeline_1,1,8.5,0.843748303904,False
workload_1432.cpp,xczu7ev-ffvc1156-2-e,5,8.28417,499,5,1,1,27,cyclic_2_1,block_16_1,complete_1,pipeline_1,unroll_2,unroll_4,pipeline_1,pipeline_1,1,8.5,0.843748303904,False
workload_1381.cpp,xczu7ev-ffvc1156-2-e,5,8.28417,475,5,1,1,27,cyclic_2_1,block_16_1,complete_1,unroll_2,pipeline_1,pipeline_1,pipeline_1,pipeline_1,1,8.5,0.843748303904,False
workload_1435.cpp,xczu7ev-ffvc1156-2-e,5,8.28417,502,5,1,1,27,cyclic_2_1,block_16_1,complete_1,unroll_2,pipeline_1,unroll_8,pipeline_1,pipeline_1,1,8.5,0.843748303904,False
workload_1281.cpp,xczu7ev-ffvc1156-2-e,5,10.833945,703,5,3,6,35,cyclic_2_1,block_16_1,complete_1,unroll_32,pipeline_1,unroll_64,pipeline_1,unroll_2,2,12.25,0.726805635782,False
workload_1412.cpp,xczu7ev-ffvc1156-2-e,5,8.28417,515,5,1,1,27,cyclic_2_1,block_16_1,complete_1,unroll_4,pipeline_1,unroll_2,pipeline_1,pipeline_1,1,8.5,0.843748303904,False
workload_1452.cpp,xczu7ev-ffvc1156-2-e,5,8.28417,539,5,1,1,27,cyclic_2_1,block_16_1,complete_1,unroll_4,pipeline_1,unroll_8,pipeline_1,pipeline_1,1,8.5,0.843748303904,False
workload_1262.cpp,xczu7ev-ffvc1156-2-e,5,13.671385,56,5,0,0,2,cyclic_2_1,block_16_1,complete_1,unroll_4,pipeline_1,unroll_8,unroll_32,pipeline_1,1,1.75,0.947918396205,False
workload_1422.cpp,xczu7ev-ffvc1156-2-e,5,8.28417,495.5,5,1,1,27,cyclic_2_1,block_16_1,complete_1,unroll_4,unroll_2,pipeline_1,pipeline_1,pipeline_1,2,8.5,0.843748303904,False
workload_1505.cpp,xczu7ev-ffvc1156-2-e,5,8.28417,498,5,1,1,27,cyclic_2_1,block_16_1,complete_1,unroll_4,unroll_2,unroll_2,pipeline_1,pipeline_1,1,8.5,0.843748303904,False
workload_1459.cpp,xczu7ev-ffvc1156-2-e,5,8.28417,494,5,1,1,27,cyclic_2_1,block_16_1,complete_1,unroll_8,pipeline_1,pipeline_1,pipeline_1,pipeline_1,2,8.5,0.843748303904,False
workload_1501.cpp,xczu7ev-ffvc1156-2-e,5,8.28417,497,5,1,1,27,cyclic_2_1,block_16_1,complete_1,unroll_8,pipeline_1,unroll_2,pipeline_1,pipeline_1,1,8.5,0.843748303904,False
workload_1175.cpp,xczu7ev-ffvc1156-2-e,5,16.28289,52,0,0,0,1,cyclic_2_1,block_2_1,complete_1,pipeline_1,pipeline_1,pipeline_1,unroll_32,pipeline_1,1,0.25,0.966192165348,False
workload_1137.cpp,xczu7ev-ffvc1156-2-e,5,118.20161,49,0,0,0,1,cyclic_2_1,block_2_1,complete_1,pipeline_1,unroll_2,pipeline_1,unroll_32,pipeline_1,1,0.25,0.411881118114,False
workload_1374.cpp,xczu7ev-ffvc1156-2-e,5,16.774425,54,0,0,0,1,cyclic_2_1,block_2_1,complete_1,unroll_16,pipeline_1,pipeline_1,unroll_8,pipeline_1,1,0.25,0.962853818806,False
workload_1189.cpp,xczu7ev-ffvc1156-2-e,5,12.54593,52,0,0,0,1,cyclic_2_1,block_2_1,complete_1,unroll_16,pipeline_1,unroll_4,unroll_16,pipeline_1,1,0.25,0.991783163948,False
workload_1028.cpp,xczu7ev-ffvc1156-2-e,5,11.687385,66,0,0,0,2,cyclic_2_1,block_2_1,complete_1,unroll_16,pipeline_1,unroll_64,unroll_32,unroll_2,1,0.5,0.993325391063,False
workload_1257.cpp,xczu7ev-ffvc1156-2-e,5,12.189465,56,0,0,0,2,cyclic_2_1,block_2_1,complete_1,unroll_16,pipeline_1,unroll_64,unroll_8,pipeline_1,1,0.5,0.990901357916,False
workload_1267.cpp,xczu7ev-ffvc1156-2-e,5,11.612665,54,0,0,0,2,cyclic_2_1,block_2_1,complete_1,unroll_16,pipeline_1,unroll_8,unroll_64,unroll_2,1,0.5,0.993639431475,False
workload_1239.cpp,xczu7ev-ffvc1156-2-e,5,12.261145,49,0,0,0,1,cyclic_2_1,block_2_1,complete_1,unroll_16,pipeline_1,unroll_8,unroll_8,unroll_2,1,0.25,0.993748671625,False
workload_975.cpp,xczu7ev-ffvc1156-2-e,5,173.261785,56,0,0,0,1,cyclic_2_1,block_2_1,complete_1,unroll_16,unroll_2,unroll_2,unroll_32,unroll_2,1,0.25,0.227713595411,False
workload_1336.cpp,xczu7ev-ffvc1156-2-e,5,9.523225,483,1,3,3,33,cyclic_2_1,block_2_1,complete_1,unroll_16,unroll_2,unroll_4,pipeline_1,pipeline_1,1,10,0.796557904389,False
workload_1285.cpp,xczu7ev-ffvc1156-2-e,5,171.851545,53,0,0,0,1,cyclic_2_1,block_2_1,complete_1,unroll_16,unroll_2,unroll_8,unroll_8,unroll_2,1,0.25,0.231421417286,False
workload_1210.cpp,xczu7ev-ffvc1156-2-e,5,16.442265,57,0,0,0,2,cyclic_2_1,block_2_1,complete_1,unroll_2,pipeline_1,unroll_64,unroll_16,pipeline_1,1,0.5,0.963976563696,False
workload_1287.cpp,xczu7ev-ffvc1156-2-e,5,11.52705,62,0,0,0,2,cyclic_2_1,block_2_1,complete_1,unroll_32,pipeline_1,unroll_64,unroll_16,pipeline_1,1,0.5,0.993982239912,False
workload_1212.cpp,xczu7ev-ffvc1156-2-e,5,9.52321,383,1,1,1,30,cyclic_2_1,block_2_1,complete_1,unroll_32,unroll_2,pipeline_1,pipeline_1,unroll_2,1,8.25,0.84695540378,False
workload_1308.cpp,xczu7ev-ffvc1156-2-e,5,9.43105,466,1,1,1,27,cyclic_2_1,block_2_1,complete_1,unroll_4,pipeline_1,pipeline_1,pipeline_1,pipeline_1,1,7.5,0.86859543347,False
workload_1161.cpp,xczu7ev-ffvc1156-2-e,5,9.43105,459,1,1,1,27,cyclic_2_1,block_2_1,complete_1,unroll_4,unroll_2,pipeline_1,pipeline_1,pipeline_1,1,7.5,0.86859543347,False
workload_1331.cpp,xczu7ev-ffvc1156-2-e,5,9.43105,644,1,1,1,27,cyclic_2_1,block_2_1,complete_1,unroll_8,pipeline_1,pipeline_1,pipeline_1,pipeline_1,1,7.5,0.86859543347,False
workload_905.cpp,xczu7ev-ffvc1156-2-e,5,121.144345,58,1,0,1,9,cyclic_2_1,block_4_1,complete_1,unroll_2,unroll_16,unroll_32,unroll_2,pipeline_1,1,2.75,0.396871358504,False
workload_960.cpp,xczu7ev-ffvc1156-2-e,5,116.412185,61,1,0,1,9,cyclic_2_1,block_4_1,complete_1,unroll_2,unroll_16,unroll_32,unroll_8,pipeline_1,1,2.75,0.415860064559,False
workload_978.cpp,xczu7ev-ffvc1156-2-e,5,117.05601,73,0,0,1,8,cyclic_2_1,block_64_1,complete_1,pipeline_1,unroll_8,pipeline_1,unroll_16,pipeline_1,1,2.25,0.414436262718,False
workload_1288.cpp,xczu7ev-ffvc1156-2-e,5,118.19137,64,0,0,1,3,cyclic_2_1,block_64_1,complete_1,unroll_4,unroll_2,pipeline_1,unroll_32,pipeline_1,1,1,0.411626900498,False
workload_1074.cpp,xczu7ev-ffvc1156-2-e,5,16.79745,53,2,0,0,1,cyclic_2_1,block_8_1,complete_1,pipeline_1,pipeline_1,unroll_32,unroll_8,pipeline_1,1,0.75,0.959320577197,False
workload_1167.cpp,xczu7ev-ffvc1156-2-e,5,11.85985,55,2,0,0,2,cyclic_2_1,block_8_1,complete_1,unroll_16,pipeline_1,unroll_32,unroll_16,pipeline_1,1,1,0.976932968077,False
workload_1300.cpp,xczu7ev-ffvc1156-2-e,5,12.360665,55,2,0,0,1,cyclic_2_1,block_8_1,complete_1,unroll_16,pipeline_1,unroll_4,unroll_32,unroll_2,1,0.75,0.984052591176,False
workload_1451.cpp,xczu7ev-ffvc1156-2-e,5,8.44801,536,3,1,1,27,cyclic_2_1,block_8_1,complete_1,unroll_2,unroll_2,pipeline_1,pipeline_1,pipeline_1,1,8,0.855761511659,False
workload_1482.cpp,xczu7ev-ffvc1156-2-e,5,8.44801,462,3,1,1,27,cyclic_2_1,block_8_1,complete_1,unroll_2,unroll_2,unroll_8,pipeline_1,pipeline_1,2,8,0.855761511659,False
workload_1403.cpp,xczu7ev-ffvc1156-2-e,5,11.357465,54,1,0,0,1,cyclic_2_1,block_8_1,complete_1,unroll_32,pipeline_1,pipeline_1,unroll_32,pipeline_1,1,0.5,0.994605631993,False
workload_1195.cpp,xczu7ev-ffvc1156-2-e,5,10.833945,582,3,3,5,34,cyclic_2_1,block_8_1,complete_1,unroll_32,pipeline_1,unroll_64,pipeline_1,unroll_2,1,11.25,0.756995622616,False
workload_1049.cpp,xczu7ev-ffvc1156-2-e,5,11.542425,62,2,0,4,4,cyclic_2_1,block_8_1,complete_1,unroll_32,pipeline_1,unroll_64,unroll_16,unroll_2,1,2.5,0.924299053731,False
workload_1277.cpp,xczu7ev-ffvc1156-2-e,5,11.367385,62,2,0,4,4,cyclic_2_1,block_8_1,complete_1,unroll_32,pipeline_1,unroll_64,unroll_32,pipeline_1,1,2.5,0.924322832536,False
workload_1107.cpp,xczu7ev-ffvc1156-2-e,5,11.367385,59,2,0,4,4,cyclic_2_1,block_8_1,complete_1,unroll_32,pipeline_1,unroll_64,unroll_32,unroll_2,1,2.5,0.924322832536,False
workload_1467.cpp,xczu7ev-ffvc1156-2-e,5,8.44801,477,3,1,1,27,cyclic_2_1,block_8_1,complete_1,unroll_8,pipeline_1,pipeline_1,pipeline_1,pipeline_1,1,8,0.855761511659,False
workload_1515.cpp,xczu7ev-ffvc1156-2-e,5,8.44801,463,3,1,1,27,cyclic_2_1,block_8_1,complete_1,unroll_8,pipeline_1,unroll_4,pipeline_1,pipeline_1,1,8,0.855761511659,False
workload_1186.cpp,xczu7ev-ffvc1156-2-e,5,12.350425,68,2,0,4,4,cyclic_2_1,block_8_1,complete_1,unroll_8,pipeline_1,unroll_64,unroll_32,unroll_2,1,2.5,0.923953498643,False
workload_1450.cpp,xczu7ev-ffvc1156-2-e,5,8.44801,526,3,1,1,27,cyclic_2_1,block_8_1,complete_1,unroll_8,unroll_2,pipeline_1,pipeline_1,pipeline_1,1,8,0.855761511659,False
workload_1635.cpp,xczu7ev-ffvc1156-2-e,5,8.13057,535,0,1,3,27,cyclic_2_1,cyclic_128_1,complete_1,pipeline_1,pipeline_1,pipeline_1,pipeline_1,pipeline_1,1,7.75,0.864092383817,False
workload_1095.cpp,xczu7ev-ffvc1156-2-e,5,180.29057,57,0,0,2,3,cyclic_2_1,cyclic_128_1,complete_1,unroll_2,unroll_4,unroll_8,unroll_2,unroll_2,1,1.25,0.209827011322,False
workload_1320.cpp,xczu7ev-ffvc1156-2-e,5,8.22273,422,0,1,3,30,cyclic_2_1,cyclic_128_1,complete_1,unroll_32,pipeline_1,pipeline_1,pipeline_1,pipeline_1,1,8.5,0.843874055543,False
workload_1321.cpp,xczu7ev-ffvc1156-2-e,5,10.833945,1236,0,2,7,36,cyclic_2_1,cyclic_128_1,complete_1,unroll_32,pipeline_1,unroll_64,pipeline_1,unroll_2,1,11.25,0.756995622616,False
workload_986.cpp,xczu7ev-ffvc1156-2-e,5,11.527065,80,0,0,2,5,cyclic_2_1,cyclic_128_1,complete_1,unroll_32,pipeline_1,unroll_64,unroll_16,unroll_2,1,1.75,0.950609301431,False
workload_1220.cpp,xczu7ev-ffvc1156-2-e,5,11.359705,93,0,0,2,5,cyclic_2_1,cyclic_128_1,complete_1,unroll_32,pipeline_1,unroll_64,unroll_32,unroll_2,1,1.75,0.950643953302,False
workload_938.cpp,xczu7ev-ffvc1156-2-e,5,168.659865,139,0,0,2,6,cyclic_2_1,cyclic_128_1,complete_1,unroll_32,unroll_32,unroll_64,unroll_16,unroll_2,1,2,0.239276842085,False
workload_1613.cpp,xczu7ev-ffvc1156-2-e,5,8.13057,495,0,1,3,27,cyclic_2_1,cyclic_128_1,complete_1,unroll_4,pipeline_1,pipeline_1,pipeline_1,pipeline_1,1,7.75,0.864092383817,False
workload_1255.cpp,xczu7ev-ffvc1156-2-e,5,8.22273,368,3,1,1,30,cyclic_2_1,cyclic_16_1,complete_1,unroll_16,pipeline_1,pipeline_1,pipeline_1,pipeline_1,1,8.75,0.836590553194,False
workload_931.cpp,xczu7ev-ffvc1156-2-e,5,16.755225,51,2,0,0,1,cyclic_2_1,cyclic_16_1,complete_1,unroll_16,pipeline_1,pipeline_1,unroll_4,unroll_2,1,0.75,0.959588515425,False
workload_968.cpp,xczu7ev-ffvc1156-2-e,5,12.848665,57,2,0,0,2,cyclic_2_1,cyclic_16_1,complete_1,unroll_16,pipeline_1,unroll_32,unroll_4,unroll_2,1,1,0.97468004162,False
workload_917.cpp,xczu7ev-ffvc1156-2-e,5,117.386265,49,2,0,0,2,cyclic_2_1,cyclic_16_1,complete_1,unroll_16,unroll_4,pipeline_1,unroll_2,pipeline_1,1,1,0.414916198726,False
workload_1053.cpp,xczu7ev-ffvc1156-2-e,5,22.643225,50,2,0,0,1,cyclic_2_1,cyclic_16_1,complete_1,unroll_2,pipeline_1,unroll_4,unroll_4,unroll_2,1,0.75,0.921496065897,False
workload_1633.cpp,xczu7ev-ffvc1156-2-e,5,8.13057,531,3,1,1,27,cyclic_2_1,cyclic_16_1,complete_1,unroll_4,pipeline_1,pipeline_1,pipeline_1,pipeline_1,1,8,0.855792321164,False
workload_1272.cpp,xczu7ev-ffvc1156-2-e,5,8.13057,511,3,1,1,27,cyclic_2_1,cyclic_16_1,complete_1,unroll_4,pipeline_1,unroll_2,pipeline_1,pipeline_1,1,8,0.855792321164,False
workload_1681.cpp,xczu7ev-ffvc1156-2-e,5,8.13057,508,3,1,1,27,cyclic_2_1,cyclic_16_1,complete_1,unroll_4,pipeline_1,unroll_8,pipeline_1,pipeline_1,1,8,0.855792321164,False
workload_1105.cpp,xczu7ev-ffvc1156-2-e,5,8.13057,438,3,1,1,27,cyclic_2_1,cyclic_16_1,complete_1,unroll_4,unroll_2,pipeline_1,pipeline_1,pipeline_1,1,8,0.855792321164,False
workload_1127.cpp,xczu7ev-ffvc1156-2-e,5,123.281945,48,2,0,0,2,cyclic_2_1,cyclic_16_1,complete_1,unroll_4,unroll_2,pipeline_1,unroll_4,pipeline_1,1,1,0.391228152995,False
workload_1638.cpp,xczu7ev-ffvc1156-2-e,5,11.19361,67,2,0,0,2,cyclic_2_1,cyclic_16_1,complete_1,unroll_64,pipeline_1,pipeline_1,unroll_32,pipeline_1,1,1,0.97738412681,False
workload_1689.cpp,xczu7ev-ffvc1156-2-e,5,13.57105,64,2,0,0,3,cyclic_2_1,cyclic_16_1,complete_1,unroll_64,pipeline_1,unroll_2,unroll_64,pipeline_1,1,1.25,0.964522203935,False
workload_1594.cpp,xczu7ev-ffvc1156-2-e,5,8.13057,502,3,1,1,27,cyclic_2_1,cyclic_16_1,complete_1,unroll_8,pipeline_1,pipeline_1,pipeline_1,pipeline_1,1,8,0.855792321164,False
workload_950.cpp,xczu7ev-ffvc1156-2-e,5,118.04161,48,2,0,0,2,cyclic_2_1,cyclic_16_1,complete_1,unroll_8,unroll_4,pipeline_1,unroll_2,pipeline_1,1,1,0.412237447968,False
workload_1694.cpp,xczu7ev-ffvc1156-2-e,5,8.13057,511,1,1,1,28,cyclic_2_1,cyclic_2_1,complete_1,pipeline_1,unroll_4,pipeline_1,pipeline_1,pipeline_1,1,7.75,0.864092383817,False
workload_1695.cpp,xczu7ev-ffvc1156-2-e,5,8.13057,512,1,1,1,28,cyclic_2_1,cyclic_2_1,complete_1,unroll_4,pipeline_1,pipeline_1,pipeline_1,pipeline_1,1,7.75,0.864092383817,False
workload_1410.cpp,xczu7ev-ffvc1156-2-e,5,8.13057,485,0,1,2,27,cyclic_2_1,cyclic_32_1,complete_1,pipeline_1,pipeline_1,pipeline_1,pipeline_1,pipeline_1,9,7.5,1,True
workload_1387.cpp,xczu7ev-ffvc1156-2-e,5,21.34529,53,0,0,0,1,cyclic_2_1,cyclic_32_1,complete_1,pipeline_1,pipeline_1,pipeline_1,unroll_2,pipeline_1,1,0.25,0.932118638472,False
workload_1552.cpp,xczu7ev-ffvc1156-2-e,5,16.282905,54,0,0,0,2,cyclic_2_1,cyclic_32_1,complete_1,pipeline_1,pipeline_1,pipeline_1,unroll_32,pipeline_1,1,0.5,0.965023449593,False
workload_1480.cpp,xczu7ev-ffvc1156-2-e,5,21.34273,54,0,0,1,2,cyclic_2_1,cyclic_32_1,complete_1,pipeline_1,pipeline_1,pipeline_1,unroll_4,pipeline_1,1,0.75,0.929905910493,False
workload_1690.cpp,xczu7ev-ffvc1156-2-e,5,16.20033,65,0,0,1,2,cyclic_2_1,cyclic_32_1,complete_1,pipeline_1,pipeline_1,pipeline_1,unroll_64,pipeline_1,1,0.75,0.963088612465,False
workload_1370.cpp,xczu7ev-ffvc1156-2-e,5,8.13057,499,0,1,2,27,cyclic_2_1,cyclic_32_1,complete_1,pipeline_1,pipeline_1,unroll_2,pipeline_1,pipeline_1,4,7.5,1,True
workload_1758.cpp,xczu7ev-ffvc1156-2-e,5,8.13057,520,0,1,2,27,cyclic_2_1,cyclic_32_1,complete_1,pipeline_1,unroll_2,pipeline_1,pipeline_1,pipeline_1,1,7.5,1,True
workload_1126.cpp,xczu7ev-ffvc1156-2-e,5,13.41441,899,0,1,2,32,cyclic_2_1,cyclic_32_1,complete_1,pipeline_1,unroll_8,pipeline_1,pipeline_1,pipeline_1,1,8.75,0.82538998663,False
workload_1146.cpp,xczu7ev-ffvc1156-2-e,5,179.151385,54,0,0,0,2,cyclic_2_1,cyclic_32_1,complete_1,pipeline_1,unroll_8,unroll_32,unroll_4,unroll_2,1,0.5,0.212789459563,False
workload_1139.cpp,xczu7ev-ffvc1156-2-e,5,8.22273,385.5,0,1,2,30,cyclic_2_1,cyclic_32_1,complete_1,unroll_16,pipeline_1,pipeline_1,pipeline_1,pipeline_1,2,8.25,0.850417040718,False
workload_1508.cpp,xczu7ev-ffvc1156-2-e,5,8.22273,376,0,1,2,30,cyclic_2_1,cyclic_32_1,complete_1,unroll_16,pipeline_1,unroll_2,pipeline_1,pipeline_1,1,8.25,0.850417040718,False
workload_1150.cpp,xczu7ev-ffvc1156-2-e,5,10.83393,637,0,1,5,33,cyclic_2_1,cyclic_32_1,complete_1,unroll_16,pipeline_1,unroll_32,pipeline_1,unroll_2,1,9.75,0.802566422923,False
workload_1070.cpp,xczu7ev-ffvc1156-2-e,5,12.848665,52,0,0,1,2,cyclic_2_1,cyclic_32_1,complete_1,unroll_16,pipeline_1,unroll_32,unroll_4,unroll_2,1,0.75,0.98208219378,False
workload_1170.cpp,xczu7ev-ffvc1156-2-e,5,12.199705,60,0,0,0,2,cyclic_2_1,cyclic_32_1,complete_1,unroll_16,pipeline_1,unroll_32,unroll_8,unroll_2,1,0.5,0.99084707991,False
workload_1129.cpp,xczu7ev-ffvc1156-2-e,5,12.828185,56,0,0,1,2,cyclic_2_1,cyclic_32_1,complete_1,unroll_16,pipeline_1,unroll_64,unroll_4,unroll_2,1,0.75,0.982172637566,False
workload_1104.cpp,xczu7ev-ffvc1156-2-e,5,13.994905,61,0,3,2,5,cyclic_2_1,cyclic_32_1,complete_1,unroll_16,unroll_32,unroll_64,unroll_16,unroll_2,1,2.5,0.92208147127,False
workload_1274.cpp,xczu7ev-ffvc1156-2-e,5,8.13057,490,0,1,2,27,cyclic_2_1,cyclic_32_1,complete_1,unroll_2,pipeline_1,pipeline_1,pipeline_1,pipeline_1,7,7.5,1,True
workload_1430.cpp,xczu7ev-ffvc1156-2-e,5,21.33505,55,0,0,0,1,cyclic_2_1,cyclic_32_1,complete_1,unroll_2,pipeline_1,pipeline_1,unroll_2,pipeline_1,1,0.25,0.93218687083,False
workload_1349.cpp,xczu7ev-ffvc1156-2-e,5,16.27265,59,0,0,0,2,cyclic_2_1,cyclic_32_1,complete_1,unroll_2,pipeline_1,pipeline_1,unroll_32,pipeline_1,1,0.5,0.96509076484,False
workload_1385.cpp,xczu7ev-ffvc1156-2-e,5,16.19009,66,0,0,1,2,cyclic_2_1,cyclic_32_1,complete_1,unroll_2,pipeline_1,pipeline_1,unroll_64,pipeline_1,1,0.75,0.963152791591,False
workload_1572.cpp,xczu7ev-ffvc1156-2-e,5,8.13057,508,0,1,2,27,cyclic_2_1,cyclic_32_1,complete_1,unroll_2,pipeline_1,unroll_2,pipeline_1,pipeline_1,4,7.5,1,True
workload_1663.cpp,xczu7ev-ffvc1156-2-e,5,8.13057,524,0,1,2,27,cyclic_2_1,cyclic_32_1,complete_1,unroll_2,pipeline_1,unroll_4,pipeline_1,pipeline_1,4,7.5,1,True
workload_1010.cpp,xczu7ev-ffvc1156-2-e,5,22.643225,59,0,0,1,2,cyclic_2_1,cyclic_32_1,complete_1,unroll_2,pipeline_1,unroll_4,unroll_4,unroll_2,1,0.75,0.921496065897,False
workload_1386.cpp,xczu7ev-ffvc1156-2-e,5,8.13057,508,0,1,2,27,cyclic_2_1,cyclic_32_1,complete_1,unroll_2,pipeline_1,unroll_8,pipeline_1,unroll_2,1,7.5,1,True
workload_1309.cpp,xczu7ev-ffvc1156-2-e,5,16.20017,59,0,0,1,2,cyclic_2_1,cyclic_32_1,complete_1,unroll_2,pipeline_1,unroll_8,unroll_64,pipeline_1,1,0.75,0.963089615391,False
workload_1774.cpp,xczu7ev-ffvc1156-2-e,5,8.13057,461,0,1,2,27,cyclic_2_1,cyclic_32_1,complete_1,unroll_2,unroll_2,pipeline_1,pipeline_1,pipeline_1,1,7.5,1,True
workload_1048.cpp,xczu7ev-ffvc1156-2-e,5,18.65921,60,0,3,2,4,cyclic_2_1,cyclic_32_1,complete_1,unroll_2,unroll_32,unroll_4,unroll_16,unroll_2,1,2.25,0.916507338299,False
workload_1376.cpp,xczu7ev-ffvc1156-2-e,5,8.2227375,415,0,1,2,30,cyclic_2_1,cyclic_32_1,complete_1,unroll_32,pipeline_1,pipeline_1,pipeline_1,pipeline_1,2,8.25,0.850417021139,False
workload_1499.cpp,xczu7ev-ffvc1156-2-e,5,11.35745,57,0,0,1,2,cyclic_2_1,cyclic_32_1,complete_1,unroll_32,pipeline_1,pipeline_1,unroll_32,pipeline_1,3,0.75,0.986326828198,False
workload_1335.cpp,xczu7ev-ffvc1156-2-e,5,11.2748975,71,0,0,1,3,cyclic_2_1,cyclic_32_1,complete_1,unroll_32,pipeline_1,pipeline_1,unroll_64,pipeline_1,2,1,0.977379788451,False
workload_1337.cpp,xczu7ev-ffvc1156-2-e,5,13.661145,65,0,0,1,2,cyclic_2_1,cyclic_32_1,complete_1,unroll_32,pipeline_1,unroll_2,unroll_32,pipeline_1,1,0.75,0.978094622959,False
workload_1304.cpp,xczu7ev-ffvc1156-2-e,5,11.36225,58,0,0,1,2,cyclic_2_1,cyclic_32_1,complete_1,unroll_32,pipeline_1,unroll_32,unroll_32,unroll_2,1,0.75,0.986323740053,False
workload_1736.cpp,xczu7ev-ffvc1156-2-e,5,12.35041,61,0,0,1,2,cyclic_2_1,cyclic_32_1,complete_1,unroll_32,pipeline_1,unroll_4,unroll_32,pipeline_1,1,0.75,0.984089331361,False
workload_1354.cpp,xczu7ev-ffvc1156-2-e,5,8.222745,464,0,1,2,30,cyclic_2_1,cyclic_32_1,complete_1,unroll_32,pipeline_1,unroll_8,pipeline_1,unroll_2,1,8.25,0.850417001559,False
workload_913.cpp,xczu7ev-ffvc1156-2-e,5,13.667225,64,0,3,2,5,cyclic_2_1,cyclic_32_1,complete_1,unroll_32,unroll_32,unroll_64,unroll_16,unroll_2,1,2.5,0.922575892011,False
workload_1035.cpp,xczu7ev-ffvc1156-2-e,5,14.010265,78,0,3,2,4,cyclic_2_1,cyclic_32_1,complete_1,unroll_32,unroll_32,unroll_8,unroll_16,unroll_2,1,2.25,0.930476894346,False
workload_1242.cpp,xczu7ev-ffvc1156-2-e,5,8.13057,472,0,1,2,27,cyclic_2_1,cyclic_32_1,complete_1,unroll_4,pipeline_1,pipeline_1,pipeline_1,pipeline_1,12,7.5,1,True
workload_1225.cpp,xczu7ev-ffvc1156-2-e,5,8.130585,555,0,25,20,51,cyclic_2_1,cyclic_32_1,complete_1,unroll_4,pipeline_1,pipeline_1,pipeline_1,unroll_2,1,24,0.421887058308,False
workload_1598.cpp,xczu7ev-ffvc1156-2-e,5,13.6512175,58,0,0,1,2,cyclic_2_1,cyclic_32_1,complete_1,unroll_4,pipeline_1,pipeline_1,unroll_32,pipeline_1,2,0.75,0.978147199413,False
workload_1373.cpp,xczu7ev-ffvc1156-2-e,5,13.56865,64,0,0,1,2,cyclic_2_1,cyclic_32_1,complete_1,unroll_4,pipeline_1,pipeline_1,unroll_64,pipeline_1,2,0.75,0.978581399324,False
workload_1629.cpp,xczu7ev-ffvc1156-2-e,5,18.74049,55,0,0,0,2,cyclic_2_1,cyclic_32_1,complete_1,unroll_4,pipeline_1,pipeline_1,unroll_8,pipeline_1,1,0.5,0.948785844656,False
workload_1536.cpp,xczu7ev-ffvc1156-2-e,5,8.13057,484,0,1,2,27,cyclic_2_1,cyclic_32_1,complete_1,unroll_4,pipeline_1,unroll_2,pipeline_1,pipeline_1,1,7.5,1,True
workload_1586.cpp,xczu7ev-ffvc1156-2-e,5,8.13057,513,0,1,2,27,cyclic_2_1,cyclic_32_1,complete_1,unroll_4,pipeline_1,unroll_4,pipeline_1,pipeline_1,3,7.5,1,True
workload_1283.cpp,xczu7ev-ffvc1156-2-e,5,8.13057,456,0,1,2,27,cyclic_2_1,cyclic_32_1,complete_1,unroll_4,pipeline_1,unroll_8,pipeline_1,pipeline_1,4,7.5,1,True
workload_1333.cpp,xczu7ev-ffvc1156-2-e,5,19.36897,61,0,0,0,1,cyclic_2_1,cyclic_32_1,complete_1,unroll_4,pipeline_1,unroll_8,unroll_2,pipeline_1,1,0.25,0.945339313049,False
workload_1293.cpp,xczu7ev-ffvc1156-2-e,5,8.13057,491.5,0,1,2,27,cyclic_2_1,cyclic_32_1,complete_1,unroll_4,unroll_2,pipeline_1,pipeline_1,pipeline_1,4,7.5,1,True
workload_1431.cpp,xczu7ev-ffvc1156-2-e,5,8.13057,493,0,1,2,27,cyclic_2_1,cyclic_32_1,complete_1,unroll_4,unroll_2,unroll_4,pipeline_1,pipeline_1,1,7.5,1,True
workload_1434.cpp,xczu7ev-ffvc1156-2-e,5,8.13057,506,0,1,2,27,cyclic_2_1,cyclic_32_1,complete_1,unroll_4,unroll_2,unroll_8,pipeline_1,unroll_2,1,7.5,1,True
workload_1358.cpp,xczu7ev-ffvc1156-2-e,5,8.13057,569,0,1,2,27,cyclic_2_1,cyclic_32_1,complete_1,unroll_4,unroll_4,pipeline_1,pipeline_1,pipeline_1,1,7.5,1,True
workload_1673.cpp,xczu7ev-ffvc1156-2-e,5,8.22273,396,0,1,2,30,cyclic_2_1,cyclic_32_1,complete_1,unroll_64,pipeline_1,pipeline_1,pipeline_1,pipeline_1,2,8.25,0.850417040718,False
workload_1573.cpp,xczu7ev-ffvc1156-2-e,5,11.19361,57,0,0,1,2,cyclic_2_1,cyclic_32_1,complete_1,unroll_64,pipeline_1,pipeline_1,unroll_32,pipeline_1,1,0.75,0.98637916889,False
workload_1526.cpp,xczu7ev-ffvc1156-2-e,5,11.11105,66,0,0,1,3,cyclic_2_1,cyclic_32_1,complete_1,unroll_64,pipeline_1,pipeline_1,unroll_64,pipeline_1,3,1,0.977373876667,False
workload_1616.cpp,xczu7ev-ffvc1156-2-e,5,8.22273,400,0,1,2,30,cyclic_2_1,cyclic_32_1,complete_1,unroll_64,pipeline_1,unroll_2,pipeline_1,pipeline_1,1,8.25,0.850417040718,False
workload_1684.cpp,xczu7ev-ffvc1156-2-e,5,8.22273,367,0,1,2,30,cyclic_2_1,cyclic_32_1,complete_1,unroll_64,pipeline_1,unroll_8,pipeline_1,pipeline_1,1,8.25,0.850417040718,False
workload_1149.cpp,xczu7ev-ffvc1156-2-e,5,8.13057,478,0,1,2,27,cyclic_2_1,cyclic_32_1,complete_1,unroll_8,pipeline_1,pipeline_1,pipeline_1,pipeline_1,10,7.5,1,True
workload_1246.cpp,xczu7ev-ffvc1156-2-e,5,8.1305775,468.5,0,13,11,39,cyclic_2_1,cyclic_32_1,complete_1,unroll_8,pipeline_1,pipeline_1,pipeline_1,unroll_2,2,15.75,0.626289543528,False
workload_1260.cpp,xczu7ev-ffvc1156-2-e,5,12.34049,56.5,0,0,1,2,cyclic_2_1,cyclic_32_1,complete_1,unroll_8,pipeline_1,pipeline_1,unroll_32,pipeline_1,2,0.75,0.984124664351,False
workload_1371.cpp,xczu7ev-ffvc1156-2-e,5,8.13057,538,0,1,2,27,cyclic_2_1,cyclic_32_1,complete_1,unroll_8,pipeline_1,unroll_2,pipeline_1,pipeline_1,1,7.5,1,True
workload_1726.cpp,xczu7ev-ffvc1156-2-e,5,8.13057,513,0,1,2,27,cyclic_2_1,cyclic_32_1,complete_1,unroll_8,pipeline_1,unroll_4,pipeline_1,pipeline_1,3,7.5,1,True
workload_1256.cpp,xczu7ev-ffvc1156-2-e,5,12.58689,54,0,0,0,1,cyclic_2_1,cyclic_32_1,complete_1,unroll_8,pipeline_1,unroll_4,unroll_16,pipeline_1,1,0.25,0.991500647277,False
workload_1303.cpp,xczu7ev-ffvc1156-2-e,5,10.741785,755,0,16,17,44,cyclic_2_1,cyclic_32_1,complete_1,unroll_8,pipeline_1,unroll_64,pipeline_1,pipeline_1,1,19.25,0.533197172276,False
workload_1419.cpp,xczu7ev-ffvc1156-2-e,5,8.13057,493,0,1,2,27,cyclic_2_1,cyclic_32_1,complete_1,unroll_8,pipeline_1,unroll_8,pipeline_1,pipeline_1,3,7.5,1,True
workload_1369.cpp,xczu7ev-ffvc1156-2-e,5,8.13057,526,0,1,2,27,cyclic_2_1,cyclic_32_1,complete_1,unroll_8,pipeline_1,unroll_8,pipeline_1,unroll_2,1,7.5,1,True
workload_1367.cpp,xczu7ev-ffvc1156-2-e,5,8.13057,491,1,1,1,27,cyclic_2_1,cyclic_4_1,complete_1,pipeline_1,pipeline_1,pipeline_1,pipeline_1,pipeline_1,5,7.5,1,True
workload_1114.cpp,xczu7ev-ffvc1156-2-e,5,16.2828975,50.5,0,0,0,1,cyclic_2_1,cyclic_4_1,complete_1,pipeline_1,pipeline_1,pipeline_1,unroll_32,pipeline_1,2,0.25,0.966192114362,False
workload_1454.cpp,xczu7ev-ffvc1156-2-e,5,16.20033,55,0,0,0,1,cyclic_2_1,cyclic_4_1,complete_1,pipeline_1,pipeline_1,pipeline_1,unroll_64,pipeline_1,1,0.25,0.966753518357,False
workload_1424.cpp,xczu7ev-ffvc1156-2-e,5,8.13057,496,1,1,1,27,cyclic_2_1,cyclic_4_1,complete_1,pipeline_1,pipeline_1,unroll_2,pipeline_1,pipeline_1,1,7.5,1,True
workload_1504.cpp,xczu7ev-ffvc1156-2-e,5,8.13057,484,1,1,1,27,cyclic_2_1,cyclic_4_1,complete_1,pipeline_1,pipeline_1,unroll_4,pipeline_1,pipeline_1,1,7.5,1,True
workload_1089.cpp,xczu7ev-ffvc1156-2-e,5,16.201465,58,0,0,0,2,cyclic_2_1,cyclic_4_1,complete_1,pipeline_1,pipeline_1,unroll_64,unroll_64,pipeline_1,2,0.5,0.965557844421,False
workload_1456.cpp,xczu7ev-ffvc1156-2-e,5,8.13057,473,1,1,1,27,cyclic_2_1,cyclic_4_1,complete_1,pipeline_1,pipeline_1,unroll_8,pipeline_1,pipeline_1,1,7.5,1,True
workload_1583.cpp,xczu7ev-ffvc1156-2-e,5,8.13057,440,1,1,1,27,cyclic_2_1,cyclic_4_1,complete_1,pipeline_1,unroll_2,pipeline_1,pipeline_1,pipeline_1,1,7.5,1,True
workload_915.cpp,xczu7ev-ffvc1156-2-e,5,116.15297,55,0,0,1,5,cyclic_2_1,cyclic_4_1,complete_1,pipeline_1,unroll_8,pipeline_1,unroll_64,pipeline_1,1,1.5,0.419445616947,False
workload_1683.cpp,xczu7ev-ffvc1156-2-e,5,8.22273,370,1,1,1,30,cyclic_2_1,cyclic_4_1,complete_1,unroll_16,pipeline_1,pipeline_1,pipeline_1,pipeline_1,1,8.25,0.850417040718,False
workload_1128.cpp,xczu7ev-ffvc1156-2-e,5,13.6713775,55.5,0,0,0,1,cyclic_2_1,cyclic_4_1,complete_1,unroll_16,pipeline_1,unroll_2,unroll_32,unroll_2,2,0.25,0.984036805735,False
workload_1224.cpp,xczu7ev-ffvc1156-2-e,5,12.54593,51,0,0,0,1,cyclic_2_1,cyclic_4_1,complete_1,unroll_16,pipeline_1,unroll_4,unroll_16,pipeline_1,1,0.25,0.991783163948,False
workload_1392.cpp,xczu7ev-ffvc1156-2-e,5,12.261145,51,0,0,0,1,cyclic_2_1,cyclic_4_1,complete_1,unroll_16,pipeline_1,unroll_8,unroll_8,unroll_2,1,0.25,0.993748671625,False
workload_1093.cpp,xczu7ev-ffvc1156-2-e,5,173.261785,49,0,0,0,1,cyclic_2_1,cyclic_4_1,complete_1,unroll_16,unroll_2,unroll_2,unroll_32,unroll_2,1,0.25,0.227713595411,False
workload_1630.cpp,xczu7ev-ffvc1156-2-e,5,115.49745,60,0,0,0,2,cyclic_2_1,cyclic_4_1,complete_1,unroll_16,unroll_2,unroll_2,unroll_64,pipeline_1,1,0.5,0.422975331422,False
workload_1765.cpp,xczu7ev-ffvc1156-2-e,5,8.22273,457,1,1,1,30,cyclic_2_1,cyclic_4_1,complete_1,unroll_16,unroll_2,unroll_4,pipeline_1,pipeline_1,1,8.25,0.850417040718,False
workload_1071.cpp,xczu7ev-ffvc1156-2-e,5,49.297145,58,1,1,0,3,cyclic_2_1,cyclic_4_1,complete_1,unroll_16,unroll_4,unroll_64,unroll_64,unroll_2,1,1.25,0.754153530805,False
workload_1399.cpp,xczu7ev-ffvc1156-2-e,5,8.13057,505,1,1,1,27,cyclic_2_1,cyclic_4_1,complete_1,unroll_2,pipeline_1,pipeline_1,pipeline_1,pipeline_1,7,7.5,1,True
workload_1490.cpp,xczu7ev-ffvc1156-2-e,5,16.272665,51,0,0,0,1,cyclic_2_1,cyclic_4_1,complete_1,unroll_2,pipeline_1,pipeline_1,unroll_32,pipeline_1,1,0.25,0.966261678672,False
workload_1620.cpp,xczu7ev-ffvc1156-2-e,5,8.13057,485,1,1,1,27,cyclic_2_1,cyclic_4_1,complete_1,unroll_2,pipeline_1,unroll_2,pipeline_1,pipeline_1,1,7.5,1,True
workload_1708.cpp,xczu7ev-ffvc1156-2-e,5,8.13057,494,1,1,1,27,cyclic_2_1,cyclic_4_1,complete_1,unroll_2,pipeline_1,unroll_4,pipeline_1,pipeline_1,3,7.5,1,True
workload_1203.cpp,xczu7ev-ffvc1156-2-e,5,10.74177,506,1,1,4,29,cyclic_2_1,cyclic_4_1,complete_1,unroll_2,pipeline_1,unroll_64,pipeline_1,pipeline_1,1,8.75,0.831401628187,False
workload_1375.cpp,xczu7ev-ffvc1156-2-e,5,16.191225,60,0,0,0,2,cyclic_2_1,cyclic_4_1,complete_1,unroll_2,pipeline_1,unroll_64,unroll_64,pipeline_1,1,0.5,0.965625006255,False
workload_1720.cpp,xczu7ev-ffvc1156-2-e,5,8.13057,476,1,1,1,27,cyclic_2_1,cyclic_4_1,complete_1,unroll_2,pipeline_1,unroll_8,pipeline_1,pipeline_1,1,7.5,1,True
workload_1727.cpp,xczu7ev-ffvc1156-2-e,5,8.13057,496,1,1,1,27,cyclic_2_1,cyclic_4_1,complete_1,unroll_2,unroll_2,pipeline_1,pipeline_1,pipeline_1,1,7.5,1,True
workload_1738.cpp,xczu7ev-ffvc1156-2-e,5,8.13057,483,1,1,1,27,cyclic_2_1,cyclic_4_1,complete_1,unroll_2,unroll_2,unroll_4,pipeline_1,pipeline_1,1,7.5,1,True
workload_1481.cpp,xczu7ev-ffvc1156-2-e,5,8.22273,401.5,1,1,1,30,cyclic_2_1,cyclic_4_1,complete_1,unroll_32,pipeline_1,pipeline_1,pipeline_1,pipeline_1,6,8.25,0.850417040718,False
workload_1299.cpp,xczu7ev-ffvc1156-2-e,5,11.3574575,52,0,0,0,1,cyclic_2_1,cyclic_4_1,complete_1,unroll_32,pipeline_1,pipeline_1,unroll_32,pipeline_1,4,0.25,1,True
workload_1388.cpp,xczu7ev-ffvc1156-2-e,5,11.27489,57,0,0,0,2,cyclic_2_1,cyclic_4_1,complete_1,unroll_32,pipeline_1,pipeline_1,unroll_64,pipeline_1,3,0.5,0.994881941372,False
workload_1323.cpp,xczu7ev-ffvc1156-2-e,5,10.833945,646,1,2,5,34,cyclic_2_1,cyclic_4_1,complete_1,unroll_32,pipeline_1,unroll_16,pipeline_1,unroll_2,1,10.5,0.779837832785,False
workload_1173.cpp,xczu7ev-ffvc1156-2-e,5,13.661145,55,0,0,0,1,cyclic_2_1,cyclic_4_1,complete_1,unroll_32,pipeline_1,unroll_2,unroll_32,unroll_2,1,0.25,0.984107082936,False
workload_1233.cpp,xczu7ev-ffvc1156-2-e,5,11.362265,55,0,0,0,2,cyclic_2_1,cyclic_4_1,complete_1,unroll_32,pipeline_1,unroll_32,unroll_32,pipeline_1,1,0.5,0.994589020463,False
workload_1266.cpp,xczu7ev-ffvc1156-2-e,5,11.362265,56,0,0,0,2,cyclic_2_1,cyclic_4_1,complete_1,unroll_32,pipeline_1,unroll_32,unroll_32,unroll_2,1,0.5,0.994589020463,False
workload_1528.cpp,xczu7ev-ffvc1156-2-e,5,12.3504175,51.5,0,0,0,1,cyclic_2_1,cyclic_4_1,complete_1,unroll_32,pipeline_1,unroll_4,unroll_32,pipeline_1,2,0.25,0.99313230459,False
workload_1313.cpp,xczu7ev-ffvc1156-2-e,5,10.833945,680,1,2,5,34,cyclic_2_1,cyclic_4_1,complete_1,unroll_32,pipeline_1,unroll_64,pipeline_1,pipeline_1,1,10.5,0.779837832785,False
workload_1395.cpp,xczu7ev-ffvc1156-2-e,5,10.833945,571,1,2,5,34,cyclic_2_1,cyclic_4_1,complete_1,unroll_32,pipeline_1,unroll_64,pipeline_1,unroll_2,1,10.5,0.779837832785,False
workload_1191.cpp,xczu7ev-ffvc1156-2-e,5,11.276025,58,0,0,0,3,cyclic_2_1,cyclic_4_1,complete_1,unroll_32,pipeline_1,unroll_64,unroll_64,pipeline_1,1,0.75,0.986365803905,False
workload_1275.cpp,xczu7ev-ffvc1156-2-e,5,11.276025,60,0,0,0,3,cyclic_2_1,cyclic_4_1,complete_1,unroll_32,pipeline_1,unroll_64,unroll_64,unroll_2,1,0.75,0.986365803905,False
workload_1542.cpp,xczu7ev-ffvc1156-2-e,5,8.22273,378,1,1,1,30,cyclic_2_1,cyclic_4_1,complete_1,unroll_32,pipeline_1,unroll_8,pipeline_1,pipeline_1,1,8.25,0.850417040718,False
workload_1351.cpp,xczu7ev-ffvc1156-2-e,5,11.607545,61,0,0,0,2,cyclic_2_1,cyclic_4_1,complete_1,unroll_32,pipeline_1,unroll_8,unroll_64,pipeline_1,1,0.5,0.993660449231,False
workload_1248.cpp,xczu7ev-ffvc1156-2-e,5,11.607545,60,0,0,0,2,cyclic_2_1,cyclic_4_1,complete_1,unroll_32,pipeline_1,unroll_8,unroll_64,unroll_2,1,0.5,0.993660449231,False
workload_1261.cpp,xczu7ev-ffvc1156-2-e,5,8.13057,481,1,1,1,27,cyclic_2_1,cyclic_4_1,complete_1,unroll_4,pipeline_1,pipeline_1,pipeline_1,pipeline_1,11,7.5,1,True
workload_1332.cpp,xczu7ev-ffvc1156-2-e,5,8.13057,647,1,1,1,27,cyclic_2_1,cyclic_4_1,complete_1,unroll_4,pipeline_1,unroll_2,pipeline_1,pipeline_1,1,7.5,1,True
workload_1227.cpp,xczu7ev-ffvc1156-2-e,5,13.732825,49,0,0,0,1,cyclic_2_1,cyclic_4_1,complete_1,unroll_4,pipeline_1,unroll_2,unroll_32,pipeline_1,1,0.25,0.983614840709,False
workload_1559.cpp,xczu7ev-ffvc1156-2-e,5,8.13057,501,1,1,1,27,cyclic_2_1,cyclic_4_1,complete_1,unroll_4,pipeline_1,unroll_4,pipeline_1,pipeline_1,3,7.5,1,True
workload_1334.cpp,xczu7ev-ffvc1156-2-e,5,10.74177,711,1,1,4,29,cyclic_2_1,cyclic_4_1,complete_1,unroll_4,pipeline_1,unroll_64,pipeline_1,unroll_2,1,8.75,0.831401628187,False
workload_1216.cpp,xczu7ev-ffvc1156-2-e,5,13.56977,62,0,0,0,2,cyclic_2_1,cyclic_4_1,complete_1,unroll_4,pipeline_1,unroll_64,unroll_64,pipeline_1,1,0.5,0.982652110045,False
workload_1423.cpp,xczu7ev-ffvc1156-2-e,5,8.13057,490.5,1,1,1,27,cyclic_2_1,cyclic_4_1,complete_1,unroll_4,pipeline_1,unroll_8,pipeline_1,pipeline_1,2,7.5,1,True
workload_1624.cpp,xczu7ev-ffvc1156-2-e,5,8.22273,371,1,1,1,30,cyclic_2_1,cyclic_4_1,complete_1,unroll_64,pipeline_1,pipeline_1,pipeline_1,pipeline_1,1,8.25,0.850417040718,False
workload_1656.cpp,xczu7ev-ffvc1156-2-e,5,11.19361,65,0,0,0,2,cyclic_2_1,cyclic_4_1,complete_1,unroll_64,pipeline_1,pipeline_1,unroll_32,pipeline_1,1,0.5,0.995136550883,False
workload_1702.cpp,xczu7ev-ffvc1156-2-e,5,11.11105,62,0,0,0,2,cyclic_2_1,cyclic_4_1,complete_1,unroll_64,pipeline_1,pipeline_1,unroll_64,pipeline_1,2,0.5,1,True
workload_1713.cpp,xczu7ev-ffvc1156-2-e,5,13.65601,58,0,0,0,2,cyclic_2_1,cyclic_4_1,complete_1,unroll_64,pipeline_1,unroll_2,unroll_32,pipeline_1,1,0.5,0.982100550419,False
workload_1750.cpp,xczu7ev-ffvc1156-2-e,5,8.22273,405,1,1,1,30,cyclic_2_1,cyclic_4_1,complete_1,unroll_64,unroll_2,unroll_4,pipeline_1,pipeline_1,1,8.25,0.850417040718,False
workload_1366.cpp,xczu7ev-ffvc1156-2-e,5,8.13057,481.5,1,1,1,27,cyclic_2_1,cyclic_4_1,complete_1,unroll_8,pipeline_1,pipeline_1,pipeline_1,pipeline_1,6,7.5,1,True
workload_1769.cpp,xczu7ev-ffvc1156-2-e,5,17.41313,55,0,0,0,1,cyclic_2_1,cyclic_4_1,complete_1,unroll_8,pipeline_1,pipeline_1,unroll_2,pipeline_1,1,0.25,0.958525570451,False
workload_1527.cpp,xczu7ev-ffvc1156-2-e,5,12.3404975,51,0,0,0,1,cyclic_2_1,cyclic_4_1,complete_1,unroll_8,pipeline_1,pipeline_1,unroll_32,pipeline_1,2,0.25,0.993200785069,False
workload_1551.cpp,xczu7ev-ffvc1156-2-e,5,12.25793,55.5,0,0,0,2,cyclic_2_1,cyclic_4_1,complete_1,unroll_8,pipeline_1,pipeline_1,unroll_64,pipeline_1,2,0.5,0.990535416019,False
workload_1575.cpp,xczu7ev-ffvc1156-2-e,5,8.13057,441,1,1,1,27,cyclic_2_1,cyclic_4_1,complete_1,unroll_8,pipeline_1,unroll_8,pipeline_1,pipeline_1,1,7.5,1,True
workload_1705.cpp,xczu7ev-ffvc1156-2-e,5,8.13057,484,1,1,1,27,cyclic_2_1,cyclic_4_1,complete_1,unroll_8,unroll_2,unroll_4,pipeline_1,pipeline_1,1,7.5,1,True
workload_1724.cpp,xczu7ev-ffvc1156-2-e,5,114.29985,56,0,0,0,2,cyclic_2_1,cyclic_4_1,complete_1,unroll_8,unroll_2,unroll_4,unroll_32,pipeline_1,1,0.5,0.4279655361,False
workload_1619.cpp,xczu7ev-ffvc1156-2-e,5,8.13057,508,0,1,2,27,cyclic_2_1,cyclic_64_1,complete_1,pipeline_1,pipeline_1,pipeline_1,pipeline_1,pipeline_1,2,7.5,1,True
workload_1571.cpp,xczu7ev-ffvc1156-2-e,5,8.13057,450,0,1,2,27,cyclic_2_1,cyclic_64_1,complete_1,pipeline_1,pipeline_1,unroll_2,pipeline_1,pipeline_1,1,7.5,1,True
workload_1561.cpp,xczu7ev-ffvc1156-2-e,5,8.13057,487,0,1,2,27,cyclic_2_1,cyclic_64_1,complete_1,pipeline_1,unroll_2,pipeline_1,pipeline_1,pipeline_1,1,7.5,1,True
workload_1524.cpp,xczu7ev-ffvc1156-2-e,5,8.13057,476,0,1,2,27,cyclic_2_1,cyclic_64_1,complete_1,pipeline_1,unroll_2,unroll_2,pipeline_1,pipeline_1,1,7.5,1,True
workload_1206.cpp,xczu7ev-ffvc1156-2-e,5,10.83393,727,0,1,6,33,cyclic_2_1,cyclic_64_1,complete_1,unroll_16,pipeline_1,unroll_32,pipeline_1,pipeline_1,1,10,0.79503277853,False
workload_1615.cpp,xczu7ev-ffvc1156-2-e,5,8.13057,505,0,1,2,27,cyclic_2_1,cyclic_64_1,complete_1,unroll_2,pipeline_1,pipeline_1,pipeline_1,pipeline_1,3,7.5,1,True
workload_1678.cpp,xczu7ev-ffvc1156-2-e,5,8.13057,529,0,1,2,27,cyclic_2_1,cyclic_64_1,complete_1,unroll_2,pipeline_1,unroll_2,pipeline_1,pipeline_1,1,7.5,1,True
workload_1059.cpp,xczu7ev-ffvc1156-2-e,5,16.31329,61,0,0,1,2,cyclic_2_1,cyclic_64_1,complete_1,unroll_2,pipeline_1,unroll_4,unroll_32,unroll_2,1,0.75,0.962379562346,False
workload_1050.cpp,xczu7ev-ffvc1156-2-e,5,16.274905,63,0,0,1,3,cyclic_2_1,cyclic_64_1,complete_1,unroll_2,pipeline_1,unroll_64,unroll_32,unroll_2,1,1,0.958586718945,False
workload_1699.cpp,xczu7ev-ffvc1156-2-e,5,8.13057,486,0,1,2,27,cyclic_2_1,cyclic_64_1,complete_1,unroll_2,unroll_2,pipeline_1,pipeline_1,pipeline_1,1,7.5,1,True
workload_1023.cpp,xczu7ev-ffvc1156-2-e,5,173.896985,73,0,0,1,2,cyclic_2_1,cyclic_64_1,complete_1,unroll_2,unroll_8,pipeline_1,unroll_32,unroll_2,1,0.75,0.226005859287,False
workload_1516.cpp,xczu7ev-ffvc1156-2-e,5,8.22273,376,0,1,2,30,cyclic_2_1,cyclic_64_1,complete_1,unroll_32,pipeline_1,pipeline_1,pipeline_1,pipeline_1,1,8.25,0.850417040718,False
workload_1163.cpp,xczu7ev-ffvc1156-2-e,5,13.404185,829,0,1,6,35,cyclic_2_1,cyclic_64_1,complete_1,unroll_32,unroll_32,unroll_64,pipeline_1,unroll_2,1,10.5,0.77626727017,False
workload_1368.cpp,xczu7ev-ffvc1156-2-e,5,8.13057,496,0,1,2,27,cyclic_2_1,cyclic_64_1,complete_1,unroll_4,pipeline_1,pipeline_1,pipeline_1,pipeline_1,8,7.5,1,True
workload_1670.cpp,xczu7ev-ffvc1156-2-e,5,13.56865,74,0,0,1,3,cyclic_2_1,cyclic_64_1,complete_1,unroll_4,pipeline_1,pipeline_1,unroll_64,pipeline_1,1,1,0.972109096169,False
workload_1675.cpp,xczu7ev-ffvc1156-2-e,5,8.13057,486,0,1,2,27,cyclic_2_1,cyclic_64_1,complete_1,unroll_4,pipeline_1,unroll_2,pipeline_1,pipeline_1,1,7.5,1,True
workload_1548.cpp,xczu7ev-ffvc1156-2-e,5,8.13057,458.5,0,1,2,27,cyclic_2_1,cyclic_64_1,complete_1,unroll_4,pipeline_1,unroll_4,pipeline_1,pipeline_1,2,7.5,1,True
workload_1585.cpp,xczu7ev-ffvc1156-2-e,5,8.13057,429,0,1,2,27,cyclic_2_1,cyclic_64_1,complete_1,unroll_4,pipeline_1,unroll_8,pipeline_1,pipeline_1,1,7.5,1,True
workload_1557.cpp,xczu7ev-ffvc1156-2-e,5,8.13057,488,0,1,2,27,cyclic_2_1,cyclic_64_1,complete_1,unroll_4,unroll_2,pipeline_1,pipeline_1,pipeline_1,3,7.5,1,True
workload_1540.cpp,xczu7ev-ffvc1156-2-e,5,10.74177,756,0,1,6,30,cyclic_2_1,cyclic_64_1,complete_1,unroll_4,unroll_2,unroll_16,pipeline_1,pipeline_1,1,9.25,0.817498506353,False
workload_1556.cpp,xczu7ev-ffvc1156-2-e,5,8.13057,462,0,1,2,27,cyclic_2_1,cyclic_64_1,complete_1,unroll_4,unroll_2,unroll_2,pipeline_1,pipeline_1,1,7.5,1,True
workload_1472.cpp,xczu7ev-ffvc1156-2-e,5,8.13057,493,0,1,2,27,cyclic_2_1,cyclic_64_1,complete_1,unroll_4,unroll_2,unroll_4,pipeline_1,pipeline_1,1,7.5,1,True
workload_1717.cpp,xczu7ev-ffvc1156-2-e,5,8.22273,391,0,1,2,30,cyclic_2_1,cyclic_64_1,complete_1,unroll_64,pipeline_1,unroll_4,pipeline_1,pipeline_1,1,8.25,0.850417040718,False
workload_1587.cpp,xczu7ev-ffvc1156-2-e,5,8.22273,394,0,1,2,30,cyclic_2_1,cyclic_64_1,complete_1,unroll_64,unroll_2,pipeline_1,pipeline_1,pipeline_1,1,8.25,0.850417040718,False
workload_1326.cpp,xczu7ev-ffvc1156-2-e,5,8.13057,478,0,1,2,27,cyclic_2_1,cyclic_64_1,complete_1,unroll_8,pipeline_1,pipeline_1,pipeline_1,pipeline_1,5,7.5,1,True
workload_1626.cpp,xczu7ev-ffvc1156-2-e,5,8.13057,451,0,1,2,27,cyclic_2_1,cyclic_64_1,complete_1,unroll_8,pipeline_1,unroll_2,pipeline_1,pipeline_1,1,7.5,1,True
workload_1487.cpp,xczu7ev-ffvc1156-2-e,5,8.13057,527.5,0,1,2,27,cyclic_2_1,cyclic_64_1,complete_1,unroll_8,pipeline_1,unroll_4,pipeline_1,pipeline_1,2,7.5,1,True
workload_1614.cpp,xczu7ev-ffvc1156-2-e,5,8.13057,497,0,1,2,27,cyclic_2_1,cyclic_64_1,complete_1,unroll_8,unroll_2,pipeline_1,pipeline_1,pipeline_1,1,7.5,1,True
workload_1607.cpp,xczu7ev-ffvc1156-2-e,5,8.13057,490.5,0,1,2,27,cyclic_2_1,cyclic_64_1,complete_1,unroll_8,unroll_2,unroll_2,pipeline_1,pipeline_1,2,7.5,1,True
workload_1643.cpp,xczu7ev-ffvc1156-2-e,5,8.13057,505,0,1,2,27,cyclic_2_1,cyclic_64_1,complete_1,unroll_8,unroll_2,unroll_4,pipeline_1,pipeline_1,1,7.5,1,True
workload_1756.cpp,xczu7ev-ffvc1156-2-e,5,8.13057,510,1,1,1,27,cyclic_2_1,cyclic_8_1,complete_1,pipeline_1,pipeline_1,unroll_4,pipeline_1,pipeline_1,1,7.5,1,True
workload_1773.cpp,xczu7ev-ffvc1156-2-e,5,8.13057,462,1,1,1,27,cyclic_2_1,cyclic_8_1,complete_1,unroll_2,pipeline_1,pipeline_1,pipeline_1,pipeline_1,1,7.5,1,True
workload_1648.cpp,xczu7ev-ffvc1156-2-e,5,8.13057,498,1,1,1,27,cyclic_2_1,cyclic_8_1,complete_1,unroll_2,pipeline_1,unroll_4,pipeline_1,pipeline_1,1,7.5,1,True
workload_1666.cpp,xczu7ev-ffvc1156-2-e,5,8.22273,401,1,1,1,30,cyclic_2_1,cyclic_8_1,complete_1,unroll_32,pipeline_1,pipeline_1,pipeline_1,pipeline_1,1,8.25,0.850417040718,False
workload_1723.cpp,xczu7ev-ffvc1156-2-e,5,11.35745,56,1,0,0,1,cyclic_2_1,cyclic_8_1,complete_1,unroll_32,pipeline_1,pipeline_1,unroll_32,pipeline_1,1,0.5,0.994605683809,False
workload_1735.cpp,xczu7ev-ffvc1156-2-e,5,8.13057,503,1,1,1,27,cyclic_2_1,cyclic_8_1,complete_1,unroll_4,pipeline_1,unroll_4,pipeline_1,pipeline_1,1,7.5,1,True
workload_1768.cpp,xczu7ev-ffvc1156-2-e,5,8.13057,530,1,1,1,27,cyclic_2_1,cyclic_8_1,complete_1,unroll_4,pipeline_1,unroll_8,pipeline_1,pipeline_1,1,7.5,1,True
workload_1294.cpp,xczu7ev-ffvc1156-2-e,5,8.1305775,497,1,13,9.5,38.5,cyclic_2_1,cyclic_8_1,complete_1,unroll_8,pipeline_1,pipeline_1,pipeline_1,pipeline_1,2,15.5,0.633259087504,False
workload_976.cpp,xczu7ev-ffvc1156-2-e,5,16.364505,59,10,0,0,2,cyclic_32_1,block_16_1,complete_1,pipeline_1,pipeline_1,unroll_2,unroll_32,pipeline_1,1,3,0.90093570555,False
workload_1054.cpp,xczu7ev-ffvc1156-2-e,5,118.21153,55,5,0,0,2,cyclic_32_1,block_2_1,complete_1,pipeline_1,unroll_2,unroll_16,unroll_32,pipeline_1,1,1.75,0.410659111898,False
workload_935.cpp,xczu7ev-ffvc1156-2-e,5,16.28769,57,6,0,0,2,cyclic_32_1,block_4_1,complete_1,pipeline_1,pipeline_1,unroll_32,unroll_32,pipeline_1,1,2,0.932522495025,False
workload_906.cpp,xczu7ev-ffvc1156-2-e,5,120.332825,123,5,0,5,39,cyclic_32_1,cyclic_2_1,complete_1,pipeline_1,unroll_64,unroll_64,unroll_4,pipeline_1,1,12.25,0.358988340566,False
workload_1495.cpp,xczu7ev-ffvc1156-2-e,5,5.51937,446,5,1,5,28,cyclic_32_1,cyclic_32_1,complete_1,pipeline_1,pipeline_1,unroll_2,pipeline_1,unroll_2,1,9.75,0.805902246713,False
workload_1338.cpp,xczu7ev-ffvc1156-2-e,5,5.51937,502,5,1,5,28,cyclic_32_1,cyclic_32_1,complete_1,unroll_2,pipeline_1,unroll_8,pipeline_1,unroll_2,2,9.75,0.805902246713,False
workload_1372.cpp,xczu7ev-ffvc1156-2-e,5,5.51937,539,5,1,5,29,cyclic_32_1,cyclic_32_1,complete_1,unroll_4,pipeline_1,unroll_8,pipeline_1,pipeline_1,1,10,0.797894802299,False
workload_1545.cpp,xczu7ev-ffvc1156-2-e,5,5.51937,468,5,1,5,28,cyclic_32_1,cyclic_32_1,complete_1,unroll_8,pipeline_1,unroll_8,pipeline_1,pipeline_1,1,9.75,0.805902246713,False
workload_1024.cpp,xczu7ev-ffvc1156-2-e,5,16.28289,55.5,5,0,0,1,cyclic_32_1,cyclic_4_1,complete_1,pipeline_1,pipeline_1,pipeline_1,unroll_32,pipeline_1,2,1.5,0.946837576137,False
workload_941.cpp,xczu7ev-ffvc1156-2-e,5,120.332825,130,5,0,5,39,cyclic_32_1,cyclic_4_1,complete_1,pipeline_1,unroll_64,unroll_64,unroll_4,pipeline_1,1,12.25,0.358988340566,False
workload_999.cpp,xczu7ev-ffvc1156-2-e,5,114.92481,64,5,0,1,6,cyclic_32_1,cyclic_4_1,complete_1,pipeline_1,unroll_8,pipeline_1,unroll_32,pipeline_1,1,3,0.421229859515,False
workload_1427.cpp,xczu7ev-ffvc1156-2-e,5,5.51937,480,5,1,5,29,cyclic_32_1,cyclic_64_1,complete_1,unroll_2,pipeline_1,unroll_8,pipeline_1,unroll_2,1,10,0.797894802299,False
workload_1258.cpp,xczu7ev-ffvc1156-2-e,5,5.52961,465,1,1,3,30,cyclic_4_1,block_128_1,complete_1,unroll_2,unroll_2,pipeline_1,pipeline_1,pipeline_1,1,8.75,0.83837708264,False
workload_1254.cpp,xczu7ev-ffvc1156-2-e,5,5.52961,432,1,1,3,30,cyclic_4_1,block_128_1,complete_1,unroll_4,pipeline_1,pipeline_1,pipeline_1,pipeline_1,1,8.75,0.83837708264,False
workload_1463.cpp,xczu7ev-ffvc1156-2-e,5,8.13057,551,6,1,5,31,cyclic_4_1,block_16_1,complete_1,pipeline_1,pipeline_1,unroll_16,pipeline_1,unroll_2,1,10.75,0.774078250007,False
workload_1478.cpp,xczu7ev-ffvc1156-2-e,5,5.67297,423,6,1,1,29,cyclic_4_1,block_16_1,complete_1,pipeline_1,unroll_2,unroll_4,pipeline_1,pipeline_1,1,9.25,0.822101832548,False
workload_1509.cpp,xczu7ev-ffvc1156-2-e,5,5.67297,447,6,1,1,29,cyclic_4_1,block_16_1,complete_1,unroll_2,pipeline_1,unroll_4,pipeline_1,pipeline_1,1,9.25,0.822101832548,False
workload_1209.cpp,xczu7ev-ffvc1156-2-e,5,8.376345,373,6,3,3,33,cyclic_4_1,block_16_1,complete_1,unroll_32,pipeline_1,unroll_8,pipeline_1,pipeline_1,1,11.25,0.75846582743,False
workload_1378.cpp,xczu7ev-ffvc1156-2-e,5,5.67297,499,6,1,1,29,cyclic_4_1,block_16_1,complete_1,unroll_4,pipeline_1,pipeline_1,pipeline_1,pipeline_1,1,9.25,0.822101832548,False
workload_1184.cpp,xczu7ev-ffvc1156-2-e,5,5.67297,466.5,6,1,1,29,cyclic_4_1,block_16_1,complete_1,unroll_4,pipeline_1,unroll_8,pipeline_1,pipeline_1,2,9.25,0.822101832548,False
workload_1330.cpp,xczu7ev-ffvc1156-2-e,5,5.672985,644,6,13,12,42,cyclic_4_1,block_16_1,complete_1,unroll_4,pipeline_1,unroll_8,pipeline_1,unroll_2,1,18.25,0.55896296221,False
workload_1518.cpp,xczu7ev-ffvc1156-2-e,5,5.67297,449,6,1,1,29,cyclic_4_1,block_16_1,complete_1,unroll_8,pipeline_1,pipeline_1,pipeline_1,pipeline_1,1,9.25,0.822101832548,False
workload_1400.cpp,xczu7ev-ffvc1156-2-e,5,6.81985,415,1,1,1,29,cyclic_4_1,block_2_1,complete_1,pipeline_1,unroll_2,unroll_4,pipeline_1,pipeline_1,1,8,0.859563556389,False
workload_1223.cpp,xczu7ev-ffvc1156-2-e,5,13.671385,54,0,0,0,1,cyclic_4_1,block_2_1,complete_1,unroll_16,pipeline_1,unroll_2,unroll_32,unroll_2,1,0.25,0.984036754226,False
workload_1168.cpp,xczu7ev-ffvc1156-2-e,5,11.687385,57,0,0,0,2,cyclic_4_1,block_2_1,complete_1,unroll_16,pipeline_1,unroll_64,unroll_32,unroll_2,1,0.5,0.993325391063,False
workload_1253.cpp,xczu7ev-ffvc1156-2-e,5,9.52321,408,1,3,3,33,cyclic_4_1,block_2_1,complete_1,unroll_16,pipeline_1,unroll_8,pipeline_1,unroll_2,1,10,0.796557919039,False
workload_1238.cpp,xczu7ev-ffvc1156-2-e,5,11.612665,55,0,0,0,2,cyclic_4_1,block_2_1,complete_1,unroll_16,pipeline_1,unroll_8,unroll_64,unroll_2,1,0.5,0.993639431475,False
workload_918.cpp,xczu7ev-ffvc1156-2-e,5,112.254745,98,0,0,5,31,cyclic_4_1,block_2_1,complete_1,unroll_32,unroll_64,unroll_4,unroll_8,pipeline_1,1,9,0.408624836763,False
workload_1394.cpp,xczu7ev-ffvc1156-2-e,5,6.81985,511,1,1,1,29,cyclic_4_1,block_2_1,complete_1,unroll_4,pipeline_1,pipeline_1,pipeline_1,pipeline_1,1,8,0.859563556389,False
workload_1318.cpp,xczu7ev-ffvc1156-2-e,5,6.81985,437,1,1,1,29,cyclic_4_1,block_2_1,complete_1,unroll_4,unroll_2,pipeline_1,pipeline_1,pipeline_1,1,8,0.859563556389,False
workload_1477.cpp,xczu7ev-ffvc1156-2-e,5,5.59105,418,1,1,2,30,cyclic_4_1,block_32_1,complete_1,unroll_2,pipeline_1,unroll_2,pipeline_1,pipeline_1,1,8.5,0.846626969826,False
workload_1269.cpp,xczu7ev-ffvc1156-2-e,5,8.294425,376,1,3,3,33,cyclic_4_1,block_32_1,complete_1,unroll_32,pipeline_1,unroll_8,pipeline_1,pipeline_1,1,10,0.797528086979,False
workload_1517.cpp,xczu7ev-ffvc1156-2-e,5,5.83681,436,3,1,1,29,cyclic_4_1,block_8_1,complete_1,unroll_2,unroll_2,unroll_4,pipeline_1,pipeline_1,1,8.5,0.846669903432,False
workload_1270.cpp,xczu7ev-ffvc1156-2-e,5,11.367385,71,3,0,4,4,cyclic_4_1,block_8_1,complete_1,unroll_32,pipeline_1,unroll_64,unroll_32,unroll_2,1,2.75,0.915640461204,False
workload_1165.cpp,xczu7ev-ffvc1156-2-e,5,10.79297,1209,3,3,3,33,cyclic_4_1,cyclic_16_1,complete_1,pipeline_1,unroll_8,pipeline_1,pipeline_1,pipeline_1,1,10.5,0.779882733818,False
workload_1273.cpp,xczu7ev-ffvc1156-2-e,5,8.222745,421,4,3,4,32,cyclic_4_1,cyclic_16_1,complete_1,unroll_32,pipeline_1,pipeline_1,pipeline_1,pipeline_1,1,10.75,0.774044149493,False
workload_1157.cpp,xczu7ev-ffvc1156-2-e,5,5.51937,482,3,1,1,29,cyclic_4_1,cyclic_16_1,complete_1,unroll_4,pipeline_1,pipeline_1,pipeline_1,pipeline_1,3,8.5,0.846600029398,False
workload_1302.cpp,xczu7ev-ffvc1156-2-e,5,18.71361,51,3,0,0,1,cyclic_4_1,cyclic_16_1,complete_1,unroll_4,pipeline_1,pipeline_1,unroll_2,pipeline_1,1,1,0.944116456071,False
workload_1251.cpp,xczu7ev-ffvc1156-2-e,5,13.568665,55,3,0,0,2,cyclic_4_1,cyclic_16_1,complete_1,unroll_4,pipeline_1,pipeline_1,unroll_64,pipeline_1,1,1.25,0.964529637524,False
workload_1236.cpp,xczu7ev-ffvc1156-2-e,5,5.51937,462,3,1,1,29,cyclic_4_1,cyclic_16_1,complete_1,unroll_4,pipeline_1,unroll_2,pipeline_1,pipeline_1,2,8.5,0.846600029398,False
workload_1574.cpp,xczu7ev-ffvc1156-2-e,5,5.51937,434,1,1,1,30,cyclic_4_1,cyclic_2_1,complete_1,unroll_4,pipeline_1,unroll_2,pipeline_1,pipeline_1,1,8.25,0.854870445287,False
workload_1113.cpp,xczu7ev-ffvc1156-2-e,5,5.51937,460,1,1,2,29,cyclic_4_1,cyclic_32_1,complete_1,pipeline_1,pipeline_1,unroll_2,pipeline_1,pipeline_1,3,8.25,0.854870445287,False
workload_1307.cpp,xczu7ev-ffvc1156-2-e,5,5.51937,428,1,1,2,29,cyclic_4_1,cyclic_32_1,complete_1,pipeline_1,pipeline_1,unroll_2,pipeline_1,unroll_2,1,8.25,0.854870445287,False
workload_1618.cpp,xczu7ev-ffvc1156-2-e,5,5.51937,478,1,1,2,29,cyclic_4_1,cyclic_32_1,complete_1,pipeline_1,pipeline_1,unroll_4,pipeline_1,pipeline_1,2,8.25,0.854870445287,False
workload_1343.cpp,xczu7ev-ffvc1156-2-e,5,5.51937,555,1,1,2,29,cyclic_4_1,cyclic_32_1,complete_1,pipeline_1,pipeline_1,unroll_8,pipeline_1,pipeline_1,1,8.25,0.854870445287,False
workload_1348.cpp,xczu7ev-ffvc1156-2-e,5,22.00065,57,0,0,1,1,cyclic_4_1,cyclic_32_1,complete_1,pipeline_1,pipeline_1,unroll_8,unroll_2,pipeline_1,1,0.5,0.927221618396,False
workload_1601.cpp,xczu7ev-ffvc1156-2-e,5,5.51937,441,1,1,2,29,cyclic_4_1,cyclic_32_1,complete_1,pipeline_1,unroll_2,unroll_4,pipeline_1,pipeline_1,1,8.25,0.854870445287,False
workload_1045.cpp,xczu7ev-ffvc1156-2-e,5,10.79297,1253.5,1,3,4,34,cyclic_4_1,cyclic_32_1,complete_1,pipeline_1,unroll_8,pipeline_1,pipeline_1,pipeline_1,2,10.5,0.779882733818,False
workload_1156.cpp,xczu7ev-ffvc1156-2-e,5,26.57537,56,0,0,1,2,cyclic_4_1,cyclic_32_1,complete_1,unroll_2,pipeline_1,pipeline_1,unroll_4,pipeline_1,1,0.75,0.896168379341,False
workload_1600.cpp,xczu7ev-ffvc1156-2-e,5,5.51937,430,1,1,2,29,cyclic_4_1,cyclic_32_1,complete_1,unroll_2,pipeline_1,unroll_4,pipeline_1,pipeline_1,1,8.25,0.854870445287,False
workload_1312.cpp,xczu7ev-ffvc1156-2-e,5,5.51937,511,1,1,2,29,cyclic_4_1,cyclic_32_1,complete_1,unroll_2,pipeline_1,unroll_8,pipeline_1,pipeline_1,1,8.25,0.854870445287,False
workload_1306.cpp,xczu7ev-ffvc1156-2-e,5,5.51937,520.5,1,1,2,29,cyclic_4_1,cyclic_32_1,complete_1,unroll_4,pipeline_1,unroll_8,pipeline_1,pipeline_1,2,8.25,0.854870445287,False
workload_1342.cpp,xczu7ev-ffvc1156-2-e,5,5.51937,562,1,1,2,29,cyclic_4_1,cyclic_32_1,complete_1,unroll_4,unroll_2,pipeline_1,pipeline_1,pipeline_1,1,8.25,0.854870445287,False
workload_1498.cpp,xczu7ev-ffvc1156-2-e,5,5.51937,457,1,1,2,29,cyclic_4_1,cyclic_32_1,complete_1,unroll_8,pipeline_1,pipeline_1,pipeline_1,pipeline_1,1,8.25,0.854870445287,False
workload_1438.cpp,xczu7ev-ffvc1156-2-e,5,5.51937,461.5,1,1,2,29,cyclic_4_1,cyclic_32_1,complete_1,unroll_8,pipeline_1,unroll_2,pipeline_1,pipeline_1,2,8.25,0.854870445287,False
workload_1588.cpp,xczu7ev-ffvc1156-2-e,5,5.51937,465,1,1,1,29,cyclic_4_1,cyclic_4_1,complete_1,pipeline_1,pipeline_1,pipeline_1,pipeline_1,pipeline_1,2,8,1,True
workload_1519.cpp,xczu7ev-ffvc1156-2-e,5,5.51937,469,1,1,1,29,cyclic_4_1,cyclic_4_1,complete_1,pipeline_1,pipeline_1,unroll_2,pipeline_1,pipeline_1,2,8,1,True
workload_1554.cpp,xczu7ev-ffvc1156-2-e,5,5.51937,463.5,1,1,1,29,cyclic_4_1,cyclic_4_1,complete_1,pipeline_1,pipeline_1,unroll_4,pipeline_1,pipeline_1,2,8,1,True
workload_1555.cpp,xczu7ev-ffvc1156-2-e,5,5.51937,449,1,1,1,29,cyclic_4_1,cyclic_4_1,complete_1,pipeline_1,pipeline_1,unroll_8,pipeline_1,pipeline_1,1,8,1,True
workload_1637.cpp,xczu7ev-ffvc1156-2-e,5,123.26401,56,1,0,0,2,cyclic_4_1,cyclic_4_1,complete_1,pipeline_1,unroll_2,pipeline_1,unroll_2,pipeline_1,1,0.75,0.391450557792,False
workload_1444.cpp,xczu7ev-ffvc1156-2-e,5,5.51937,492,1,1,1,29,cyclic_4_1,cyclic_4_1,complete_1,pipeline_1,unroll_2,unroll_2,pipeline_1,pipeline_1,1,8,1,True
workload_1359.cpp,xczu7ev-ffvc1156-2-e,5,5.51937,495,1,1,1,29,cyclic_4_1,cyclic_4_1,complete_1,pipeline_1,unroll_2,unroll_4,pipeline_1,pipeline_1,2,8,1,True
workload_1405.cpp,xczu7ev-ffvc1156-2-e,5,5.51937,475,1,1,1,29,cyclic_4_1,cyclic_4_1,complete_1,unroll_2,pipeline_1,pipeline_1,pipeline_1,pipeline_1,3,8,1,True
workload_1404.cpp,xczu7ev-ffvc1156-2-e,5,5.51937,463.5,1,1,1,29,cyclic_4_1,cyclic_4_1,complete_1,unroll_2,pipeline_1,unroll_4,pipeline_1,pipeline_1,2,8,1,True
workload_1483.cpp,xczu7ev-ffvc1156-2-e,5,5.51937,479,1,1,1,29,cyclic_4_1,cyclic_4_1,complete_1,unroll_2,pipeline_1,unroll_8,pipeline_1,pipeline_1,1,8,1,True
workload_1569.cpp,xczu7ev-ffvc1156-2-e,5,5.51937,432,1,1,1,29,cyclic_4_1,cyclic_4_1,complete_1,unroll_2,unroll_2,unroll_2,pipeline_1,pipeline_1,1,8,1,True
workload_1725.cpp,xczu7ev-ffvc1156-2-e,5,5.51937,489,1,1,1,29,cyclic_4_1,cyclic_4_1,complete_1,unroll_2,unroll_4,unroll_4,pipeline_1,pipeline_1,1,8,1,True
workload_1263.cpp,xczu7ev-ffvc1156-2-e,5,9.52321,549,2,3,5,34,cyclic_4_1,cyclic_4_1,complete_1,unroll_32,pipeline_1,unroll_32,pipeline_1,pipeline_1,1,11,0.765625725303,False
workload_1544.cpp,xczu7ev-ffvc1156-2-e,5,5.51937,458,1,1,1,29,cyclic_4_1,cyclic_4_1,complete_1,unroll_4,pipeline_1,pipeline_1,pipeline_1,pipeline_1,1,8,1,True
workload_1669.cpp,xczu7ev-ffvc1156-2-e,5,13.56865,58,1,0,0,2,cyclic_4_1,cyclic_4_1,complete_1,unroll_4,pipeline_1,pipeline_1,unroll_64,pipeline_1,1,0.75,0.978581399324,False
workload_1496.cpp,xczu7ev-ffvc1156-2-e,5,5.51937,455,1,1,1,29,cyclic_4_1,cyclic_4_1,complete_1,unroll_4,pipeline_1,unroll_2,pipeline_1,pipeline_1,2,8,1,True
workload_1644.cpp,xczu7ev-ffvc1156-2-e,5,5.51937,495,1,1,1,29,cyclic_4_1,cyclic_4_1,complete_1,unroll_4,pipeline_1,unroll_4,pipeline_1,pipeline_1,2,8,1,True
workload_1380.cpp,xczu7ev-ffvc1156-2-e,5,5.51937,438,1,1,1,29,cyclic_4_1,cyclic_4_1,complete_1,unroll_4,unroll_2,unroll_4,pipeline_1,pipeline_1,1,8,1,True
workload_1433.cpp,xczu7ev-ffvc1156-2-e,5,5.51937,444,1,1,1,29,cyclic_4_1,cyclic_4_1,complete_1,unroll_8,pipeline_1,pipeline_1,pipeline_1,pipeline_1,2,8,1,True
workload_1425.cpp,xczu7ev-ffvc1156-2-e,5,5.51937,463,1,1,1,29,cyclic_4_1,cyclic_4_1,complete_1,unroll_8,unroll_4,unroll_4,pipeline_1,pipeline_1,1,8,1,True
workload_1692.cpp,xczu7ev-ffvc1156-2-e,5,5.51937,470,1,1,2,30,cyclic_4_1,cyclic_64_1,complete_1,pipeline_1,pipeline_1,pipeline_1,pipeline_1,pipeline_1,1,8.5,0.846600029398,False
workload_1535.cpp,xczu7ev-ffvc1156-2-e,5,5.51937,432.5,1,1,2,30,cyclic_4_1,cyclic_64_1,complete_1,unroll_2,pipeline_1,pipeline_1,pipeline_1,pipeline_1,2,8.5,0.846600029398,False
workload_1153.cpp,xczu7ev-ffvc1156-2-e,5,8.2227375,370,1,3,4,32.5,cyclic_4_1,cyclic_64_1,complete_1,unroll_32,pipeline_1,unroll_4,pipeline_1,pipeline_1,2,10.125,0.79363437298,False
workload_1763.cpp,xczu7ev-ffvc1156-2-e,5,5.51937,485,1,1,2,30,cyclic_4_1,cyclic_64_1,complete_1,unroll_4,unroll_2,pipeline_1,pipeline_1,pipeline_1,1,8.5,0.846600029398,False
workload_1142.cpp,xczu7ev-ffvc1156-2-e,5,5.52961,441,0,1,7,29,cyclic_64_1,block_128_1,complete_1,unroll_4,pipeline_1,unroll_8,pipeline_1,pipeline_1,1,9.25,0.822053593854,False
workload_1192.cpp,xczu7ev-ffvc1156-2-e,5,34.47297,96,0,0,7,9,cyclic_64_1,block_128_1,complete_1,unroll_4,pipeline_1,unroll_8,unroll_2,pipeline_1,1,4,0.803835473092,False
workload_1284.cpp,xczu7ev-ffvc1156-2-e,5,5.52961,455,0,1,7,29,cyclic_64_1,block_128_1,complete_1,unroll_8,pipeline_1,pipeline_1,pipeline_1,pipeline_1,1,9.25,0.822053593854,False
workload_894.cpp,xczu7ev-ffvc1156-2-e,5,16.364505,61,5,0,1,3,cyclic_64_1,block_16_1,complete_1,pipeline_1,pipeline_1,unroll_2,unroll_32,pipeline_1,1,2.25,0.924656675285,False
workload_1083.cpp,xczu7ev-ffvc1156-2-e,5,8.37633,375,5,19,22,52,cyclic_64_1,block_16_1,complete_1,unroll_16,pipeline_1,unroll_8,pipeline_1,pipeline_1,1,24.5,0.411098474316,False
workload_1521.cpp,xczu7ev-ffvc1156-2-e,5,5.67297,455,5,1,5,29,cyclic_64_1,block_16_1,complete_1,unroll_2,unroll_2,pipeline_1,pipeline_1,pipeline_1,1,10,0.797943779947,False
workload_1339.cpp,xczu7ev-ffvc1156-2-e,5,5.67297,548,5,1,5,29,cyclic_64_1,block_16_1,complete_1,unroll_4,pipeline_1,unroll_8,pipeline_1,unroll_2,1,10,0.797943779947,False
workload_1013.cpp,xczu7ev-ffvc1156-2-e,5,114.47489,73,0,0,2,7,cyclic_64_1,block_2_1,complete_1,pipeline_1,unroll_8,unroll_8,unroll_16,pipeline_1,1,2.25,0.425043296565,False
workload_980.cpp,xczu7ev-ffvc1156-2-e,5,114.28961,67,0,0,2,7,cyclic_64_1,block_2_1,complete_1,pipeline_1,unroll_8,unroll_8,unroll_32,pipeline_1,1,2.25,0.425811364036,False
workload_934.cpp,xczu7ev-ffvc1156-2-e,5,114.92609,101,0,0,6,15,cyclic_64_1,block_64_1,complete_1,pipeline_1,unroll_8,unroll_16,unroll_32,pipeline_1,1,5.25,0.412031362375,False
workload_1000.cpp,xczu7ev-ffvc1156-2-e,5,16.364505,69,2,0,1,2,cyclic_64_1,block_8_1,complete_1,pipeline_1,pipeline_1,unroll_2,unroll_32,unroll_2,1,1.25,0.952747595422,False
workload_1305.cpp,xczu7ev-ffvc1156-2-e,5,5.83681,516,2,1,5,29,cyclic_64_1,block_8_1,complete_1,unroll_2,pipeline_1,unroll_4,pipeline_1,pipeline_1,1,9.25,0.822143460336,False
workload_1091.cpp,xczu7ev-ffvc1156-2-e,5,16.44801,53,2,0,1,2,cyclic_64_1,cyclic_16_1,complete_1,pipeline_1,pipeline_1,pipeline_1,unroll_16,pipeline_1,1,1.25,0.952326481513,False
workload_1265.cpp,xczu7ev-ffvc1156-2-e,5,5.51937,475,2,1,5,29,cyclic_64_1,cyclic_16_1,complete_1,unroll_4,pipeline_1,unroll_8,pipeline_1,pipeline_1,1,9.25,0.822049726031,False
workload_1232.cpp,xczu7ev-ffvc1156-2-e,5,5.51937,432,2,1,5,29,cyclic_64_1,cyclic_16_1,complete_1,unroll_4,unroll_2,unroll_8,pipeline_1,pipeline_1,1,9.25,0.822049726031,False
workload_1625.cpp,xczu7ev-ffvc1156-2-e,5,5.51937,442,0,1,6,29,cyclic_64_1,cyclic_32_1,complete_1,unroll_2,pipeline_1,pipeline_1,pipeline_1,pipeline_1,1,9,0.830189459902,False
workload_1661.cpp,xczu7ev-ffvc1156-2-e,5,21.43297,90,0,0,2,3,cyclic_64_1,cyclic_32_1,complete_1,unroll_2,pipeline_1,pipeline_1,unroll_64,pipeline_1,1,1.25,0.924029337538,False
workload_1296.cpp,xczu7ev-ffvc1156-2-e,5,5.51937,521.5,0,1,6,29.5,cyclic_64_1,cyclic_32_1,complete_1,unroll_2,pipeline_1,unroll_2,pipeline_1,pipeline_1,2,9.125,0.826114110645,False
workload_1243.cpp,xczu7ev-ffvc1156-2-e,5,5.51937,502,0,1,6,29,cyclic_64_1,cyclic_32_1,complete_1,unroll_2,pipeline_1,unroll_8,pipeline_1,pipeline_1,1,9,0.830189459902,False
workload_1363.cpp,xczu7ev-ffvc1156-2-e,5,8.29441,449,0,25,27,58,cyclic_64_1,cyclic_32_1,complete_1,unroll_32,pipeline_1,unroll_8,pipeline_1,pipeline_1,1,27.5,0.350246354314,False
workload_1290.cpp,xczu7ev-ffvc1156-2-e,5,5.51937,444,0,1,6,29,cyclic_64_1,cyclic_32_1,complete_1,unroll_4,pipeline_1,pipeline_1,pipeline_1,unroll_2,1,9,0.830189459902,False
workload_1292.cpp,xczu7ev-ffvc1156-2-e,5,5.5193775,509,0,20,17.5,46.5,cyclic_64_1,cyclic_32_1,complete_1,unroll_4,pipeline_1,unroll_8,pipeline_1,pipeline_1,2,21,0.490315981105,False
workload_1183.cpp,xczu7ev-ffvc1156-2-e,5,5.5193775,454.5,0,20,17.5,46.5,cyclic_64_1,cyclic_32_1,complete_1,unroll_4,pipeline_1,unroll_8,pipeline_1,unroll_2,2,21,0.490315981105,False
workload_1396.cpp,xczu7ev-ffvc1156-2-e,5,5.51937,504,0,1,6,29,cyclic_64_1,cyclic_32_1,complete_1,unroll_8,pipeline_1,pipeline_1,pipeline_1,pipeline_1,1,9,0.830189459902,False
workload_1414.cpp,xczu7ev-ffvc1156-2-e,5,22.65601,58,0,0,2,3,cyclic_64_1,cyclic_32_1,complete_1,unroll_8,pipeline_1,pipeline_1,unroll_2,pipeline_1,1,1.25,0.916593668129,False
workload_1012.cpp,xczu7ev-ffvc1156-2-e,5,16.28289,64.5,0,0,1,2,cyclic_64_1,cyclic_4_1,complete_1,pipeline_1,pipeline_1,pipeline_1,unroll_32,pipeline_1,2,0.75,0.962570573475,False
workload_1533.cpp,xczu7ev-ffvc1156-2-e,5,5.51937,456,0,1,5,29,cyclic_64_1,cyclic_4_1,complete_1,pipeline_1,unroll_2,unroll_4,pipeline_1,pipeline_1,1,8.75,0.838372960284,False
workload_1057.cpp,xczu7ev-ffvc1156-2-e,5,16.928025,62,0,0,1,3,cyclic_64_1,cyclic_4_1,complete_1,unroll_16,pipeline_1,pipeline_1,unroll_32,unroll_2,1,1,0.954830853121,False
workload_1327.cpp,xczu7ev-ffvc1156-2-e,5,5.51937,453,0,1,5,29,cyclic_64_1,cyclic_4_1,complete_1,unroll_2,pipeline_1,pipeline_1,pipeline_1,pipeline_1,3,8.75,0.838372960284,False
workload_1688.cpp,xczu7ev-ffvc1156-2-e,5,37.06369,58,0,0,1,2,cyclic_64_1,cyclic_4_1,complete_1,unroll_2,pipeline_1,pipeline_1,unroll_2,pipeline_1,1,0.75,0.829844872833,False
workload_1076.cpp,xczu7ev-ffvc1156-2-e,5,21.51553,58,0,0,1,2,cyclic_64_1,cyclic_4_1,complete_1,unroll_2,pipeline_1,pipeline_1,unroll_32,pipeline_1,1,0.75,0.928779621201,False
workload_1631.cpp,xczu7ev-ffvc1156-2-e,5,5.51937,516,0,1,5,29,cyclic_64_1,cyclic_4_1,complete_1,unroll_2,unroll_2,pipeline_1,pipeline_1,pipeline_1,1,8.75,0.838372960284,False
workload_1636.cpp,xczu7ev-ffvc1156-2-e,5,16.60033,71,0,0,1,3,cyclic_64_1,cyclic_4_1,complete_1,unroll_32,pipeline_1,pipeline_1,unroll_32,pipeline_1,1,1,0.956729736362,False
workload_1322.cpp,xczu7ev-ffvc1156-2-e,5,8.867865,656,1,25,29,59,cyclic_64_1,cyclic_4_1,complete_1,unroll_32,pipeline_1,unroll_64,pipeline_1,pipeline_1,1,28.5,0.331421234515,False
workload_1445.cpp,xczu7ev-ffvc1156-2-e,5,5.51937,511,0,1,5,29,cyclic_64_1,cyclic_4_1,complete_1,unroll_4,pipeline_1,pipeline_1,pipeline_1,pipeline_1,1,8.75,0.838372960284,False
workload_1649.cpp,xczu7ev-ffvc1156-2-e,5,5.51937,500,0,1,5,29,cyclic_64_1,cyclic_4_1,complete_1,unroll_4,unroll_2,pipeline_1,pipeline_1,pipeline_1,1,8.75,0.838372960284,False
workload_1707.cpp,xczu7ev-ffvc1156-2-e,5,11.19361,67,0,0,1,3,cyclic_64_1,cyclic_4_1,complete_1,unroll_64,pipeline_1,pipeline_1,unroll_32,pipeline_1,1,1,0.97738412681,False
workload_1687.cpp,xczu7ev-ffvc1156-2-e,5,5.51937,434,0,1,5,29,cyclic_64_1,cyclic_4_1,complete_1,unroll_8,pipeline_1,pipeline_1,pipeline_1,pipeline_1,1,8.75,0.838372960284,False
workload_1603.cpp,xczu7ev-ffvc1156-2-e,5,5.51937,447,0,1,6,29,cyclic_64_1,cyclic_64_1,complete_1,unroll_4,pipeline_1,pipeline_1,pipeline_1,pipeline_1,1,9,0.830189459902,False
workload_1654.cpp,xczu7ev-ffvc1156-2-e,5,5.51937,423,1,1,5,29,cyclic_64_1,cyclic_8_1,complete_1,unroll_2,pipeline_1,pipeline_1,pipeline_1,pipeline_1,1,9,0.830189459902,False
workload_1131.cpp,xczu7ev-ffvc1156-2-e,5,12.18305,65,1,0,6,10,cyclic_8_1,block_128_1,complete_1,unroll_16,pipeline_1,unroll_16,unroll_8,pipeline_1,1,4.25,0.871346515485,False
workload_1197.cpp,xczu7ev-ffvc1156-2-e,5,8.23297,367,2,6,7,37,cyclic_8_1,block_128_1,complete_1,unroll_16,pipeline_1,unroll_8,pipeline_1,pipeline_1,1,13,0.705410768984,False
workload_1073.cpp,xczu7ev-ffvc1156-2-e,5,19.06049,74,1,0,6,10,cyclic_8_1,block_128_1,complete_1,unroll_4,pipeline_1,unroll_16,unroll_16,pipeline_1,1,4.25,0.858324307883,False
workload_1100.cpp,xczu7ev-ffvc1156-2-e,5,5.5296175,471,1,21.5,18,46.5,cyclic_8_1,block_128_1,complete_1,unroll_4,pipeline_1,unroll_8,pipeline_1,pipeline_1,2,21.75,0.472563026273,False
workload_1102.cpp,xczu7ev-ffvc1156-2-e,5,5.52961,418.5,1,1,6,29,cyclic_8_1,block_128_1,complete_1,unroll_4,unroll_4,unroll_4,pipeline_1,pipeline_1,2,9.25,0.822053593854,False
workload_1138.cpp,xczu7ev-ffvc1156-2-e,5,124.59521,69,1,0,5,11,cyclic_8_1,block_128_1,complete_1,unroll_4,unroll_4,unroll_4,unroll_2,pipeline_1,1,4.25,0.378844359309,False
workload_1245.cpp,xczu7ev-ffvc1156-2-e,5,5.67297,471.5,6,1,4,28,cyclic_8_1,block_16_1,complete_1,pipeline_1,pipeline_1,pipeline_1,pipeline_1,pipeline_1,2,9.75,0.805952381191,False
workload_1080.cpp,xczu7ev-ffvc1156-2-e,5,5.67297,425,6,1,4,28,cyclic_8_1,block_16_1,complete_1,pipeline_1,pipeline_1,unroll_2,pipeline_1,pipeline_1,3,9.75,0.805952381191,False
workload_1407.cpp,xczu7ev-ffvc1156-2-e,5,5.67297,484,6,1,4,28,cyclic_8_1,block_16_1,complete_1,pipeline_1,pipeline_1,unroll_2,pipeline_1,unroll_2,1,9.75,0.805952381191,False
workload_1310.cpp,xczu7ev-ffvc1156-2-e,5,23.95649,56,6,0,0,1,cyclic_8_1,block_16_1,complete_1,pipeline_1,pipeline_1,unroll_2,unroll_2,unroll_2,1,1.75,0.901395502575,False
workload_1087.cpp,xczu7ev-ffvc1156-2-e,5,17.10465,47,6,0,0,1,cyclic_8_1,block_16_1,complete_1,pipeline_1,pipeline_1,unroll_2,unroll_8,pipeline_1,1,1.75,0.936576068373,False
workload_1222.cpp,xczu7ev-ffvc1156-2-e,5,8.13057,543,6,1,8,31,cyclic_8_1,block_16_1,complete_1,pipeline_1,pipeline_1,unroll_64,pipeline_1,pipeline_1,1,11.5,0.750830278476,False
workload_1176.cpp,xczu7ev-ffvc1156-2-e,5,16.458265,62,6,0,4,5,cyclic_8_1,block_16_1,complete_1,pipeline_1,pipeline_1,unroll_64,unroll_16,unroll_2,1,3.75,0.876499011285,False
workload_1317.cpp,xczu7ev-ffvc1156-2-e,5,5.67297,526,6,1,4,28,cyclic_8_1,block_16_1,complete_1,pipeline_1,pipeline_1,unroll_8,pipeline_1,pipeline_1,1,9.75,0.805952381191,False
workload_1198.cpp,xczu7ev-ffvc1156-2-e,5,5.67297,438,6,1,4,28,cyclic_8_1,block_16_1,complete_1,pipeline_1,unroll_2,unroll_2,pipeline_1,pipeline_1,1,9.75,0.805952381191,False
workload_1217.cpp,xczu7ev-ffvc1156-2-e,5,129.80737,56,6,0,0,3,cyclic_8_1,block_16_1,complete_1,pipeline_1,unroll_2,unroll_2,unroll_2,pipeline_1,1,2.25,0.364585737619,False
workload_981.cpp,xczu7ev-ffvc1156-2-e,5,128.504345,52,6,0,0,2,cyclic_8_1,block_16_1,complete_1,pipeline_1,unroll_2,unroll_2,unroll_4,pipeline_1,1,2,0.369901768393,False
workload_1286.cpp,xczu7ev-ffvc1156-2-e,5,120.78129,62,6,0,0,3,cyclic_8_1,block_16_1,complete_1,pipeline_1,unroll_2,unroll_2,unroll_64,pipeline_1,1,2.25,0.399433290006,False
workload_1365.cpp,xczu7ev-ffvc1156-2-e,5,5.67297,502,6,1,4,28,cyclic_8_1,block_16_1,complete_1,pipeline_1,unroll_2,unroll_4,pipeline_1,pipeline_1,1,9.75,0.805952381191,False
workload_1123.cpp,xczu7ev-ffvc1156-2-e,5,9.60513,1278,7,6,7,38,cyclic_8_1,block_16_1,complete_1,pipeline_1,unroll_8,pipeline_1,pipeline_1,pipeline_1,1,14.5,0.661329162515,False
workload_1145.cpp,xczu7ev-ffvc1156-2-e,5,8.99073,573,7,6,9,39,cyclic_8_1,block_16_1,complete_1,unroll_16,pipeline_1,unroll_16,pipeline_1,pipeline_1,1,15.25,0.64017194931,False
workload_1249.cpp,xczu7ev-ffvc1156-2-e,5,11.60513,70,6,0,4,6,cyclic_8_1,block_16_1,complete_1,unroll_16,pipeline_1,unroll_64,unroll_64,pipeline_1,1,4,0.872895143186,False
workload_920.cpp,xczu7ev-ffvc1156-2-e,5,8.37633,346,7,6,6,37,cyclic_8_1,block_16_1,complete_1,unroll_16,pipeline_1,unroll_8,pipeline_1,pipeline_1,1,14,0.675993808685,False
workload_969.cpp,xczu7ev-ffvc1156-2-e,5,111.496985,65,6,0,4,8,cyclic_8_1,block_16_1,complete_1,unroll_16,unroll_8,unroll_32,unroll_8,pipeline_1,1,4.5,0.429525904925,False
workload_1530.cpp,xczu7ev-ffvc1156-2-e,5,5.67297,459,6,1,4,28,cyclic_8_1,block_16_1,complete_1,unroll_2,pipeline_1,unroll_2,pipeline_1,unroll_2,1,9.75,0.805952381191,False
workload_1325.cpp,xczu7ev-ffvc1156-2-e,5,5.67297,559,6,1,4.5,28.5,cyclic_8_1,block_16_1,complete_1,unroll_2,pipeline_1,unroll_8,pipeline_1,pipeline_1,2,10,0.797943779947,False
workload_1506.cpp,xczu7ev-ffvc1156-2-e,5,5.67297,442,6,1,4,28,cyclic_8_1,block_16_1,complete_1,unroll_2,pipeline_1,unroll_8,pipeline_1,unroll_2,1,9.75,0.805952381191,False
workload_1389.cpp,xczu7ev-ffvc1156-2-e,5,5.67297,489,6,1,4,28,cyclic_8_1,block_16_1,complete_1,unroll_4,pipeline_1,unroll_2,pipeline_1,pipeline_1,2,9.75,0.805952381191,False
workload_1314.cpp,xczu7ev-ffvc1156-2-e,5,5.67297,493,6,1,4,28,cyclic_8_1,block_16_1,complete_1,unroll_4,pipeline_1,unroll_4,pipeline_1,pipeline_1,2,9.75,0.805952381191,False
workload_1244.cpp,xczu7ev-ffvc1156-2-e,5,8.13057,521,6,1,8,31,cyclic_8_1,block_16_1,complete_1,unroll_4,pipeline_1,unroll_64,pipeline_1,pipeline_1,1,11.5,0.750830278476,False
workload_1361.cpp,xczu7ev-ffvc1156-2-e,5,8.13057,655,6,1,8,31,cyclic_8_1,block_16_1,complete_1,unroll_4,pipeline_1,unroll_64,pipeline_1,unroll_2,1,11.5,0.750830278476,False
workload_1154.cpp,xczu7ev-ffvc1156-2-e,5,5.67297,480,6,1,4,28,cyclic_8_1,block_16_1,complete_1,unroll_4,pipeline_1,unroll_8,pipeline_1,pipeline_1,2,9.75,0.805952381191,False
workload_1469.cpp,xczu7ev-ffvc1156-2-e,5,5.67297,444,6,1,4,28,cyclic_8_1,block_16_1,complete_1,unroll_4,unroll_2,unroll_2,pipeline_1,pipeline_1,1,9.75,0.805952381191,False
workload_1377.cpp,xczu7ev-ffvc1156-2-e,5,5.67297,446,6,1,4,28,cyclic_8_1,block_16_1,complete_1,unroll_4,unroll_2,unroll_8,pipeline_1,pipeline_1,1,9.75,0.805952381191,False
workload_1406.cpp,xczu7ev-ffvc1156-2-e,5,5.67297,455.5,6,1,4,28,cyclic_8_1,block_16_1,complete_1,unroll_8,pipeline_1,pipeline_1,pipeline_1,pipeline_1,2,9.75,0.805952381191,False
workload_1447.cpp,xczu7ev-ffvc1156-2-e,5,5.67297,517,6,1,4,28,cyclic_8_1,block_16_1,complete_1,unroll_8,pipeline_1,unroll_2,pipeline_1,pipeline_1,1,9.75,0.805952381191,False
workload_1379.cpp,xczu7ev-ffvc1156-2-e,5,5.67297,447,6,1,4,28,cyclic_8_1,block_16_1,complete_1,unroll_8,pipeline_1,unroll_8,pipeline_1,pipeline_1,1,9.75,0.805952381191,False
workload_1446.cpp,xczu7ev-ffvc1156-2-e,5,5.67297,490.5,6,1,4,28,cyclic_8_1,block_16_1,complete_1,unroll_8,unroll_2,pipeline_1,pipeline_1,pipeline_1,2,9.75,0.805952381191,False
workload_1346.cpp,xczu7ev-ffvc1156-2-e,5,11.68513,63,1,0,0,1,cyclic_8_1,block_2_1,complete_1,unroll_16,pipeline_1,pipeline_1,unroll_32,pipeline_1,1,0.5,0.993335066368,False
workload_1208.cpp,xczu7ev-ffvc1156-2-e,5,11.8598575,58.5,1,0,0,2,cyclic_8_1,block_2_1,complete_1,unroll_16,pipeline_1,unroll_32,unroll_16,unroll_2,2,0.75,0.985559372816,False
workload_1134.cpp,xczu7ev-ffvc1156-2-e,5,11.689945,53,1,0,0,2,cyclic_8_1,block_2_1,complete_1,unroll_16,pipeline_1,unroll_32,unroll_32,unroll_2,1,0.75,0.985914226449,False
workload_1078.cpp,xczu7ev-ffvc1156-2-e,5,9.52321,374,3,6,6,37,cyclic_8_1,block_2_1,complete_1,unroll_16,pipeline_1,unroll_8,pipeline_1,pipeline_1,1,13,0.7050813955,False
workload_929.cpp,xczu7ev-ffvc1156-2-e,5,11.89057,48,1,0,0,1,cyclic_8_1,block_2_1,complete_1,unroll_16,pipeline_1,unroll_8,unroll_16,pipeline_1,1,0.5,0.992405763048,False
workload_1020.cpp,xczu7ev-ffvc1156-2-e,5,11.7052975,58,1,0,0,1.5,cyclic_8_1,block_2_1,complete_1,unroll_16,pipeline_1,unroll_8,unroll_32,pipeline_1,2,0.625,0.990031203482,False
workload_1118.cpp,xczu7ev-ffvc1156-2-e,5,113.78177,52,1,0,0,2,cyclic_8_1,block_2_1,complete_1,unroll_16,unroll_4,unroll_8,unroll_2,pipeline_1,1,0.75,0.43003023878,False
workload_1015.cpp,xczu7ev-ffvc1156-2-e,5,172.76417,52,1,0,0,1,cyclic_8_1,block_2_1,complete_1,unroll_16,unroll_4,unroll_8,unroll_2,unroll_2,1,0.5,0.229001866536,False
workload_1008.cpp,xczu7ev-ffvc1156-2-e,5,27.87841,49,1,0,0,1,cyclic_8_1,block_2_1,complete_1,unroll_2,pipeline_1,unroll_4,unroll_2,unroll_2,1,0.5,0.888818709897,False
workload_1177.cpp,xczu7ev-ffvc1156-2-e,5,21.685145,54,1,0,0,2,cyclic_8_1,block_2_1,complete_1,unroll_2,pipeline_1,unroll_64,unroll_16,unroll_2,1,0.75,0.927674114584,False
workload_1214.cpp,xczu7ev-ffvc1156-2-e,5,6.81985,456,1,1,5,29,cyclic_8_1,block_2_1,complete_1,unroll_2,pipeline_1,unroll_8,pipeline_1,pipeline_1,1,9,0.830149681277,False
workload_1362.cpp,xczu7ev-ffvc1156-2-e,5,6.81985,561,1,1,5,29,cyclic_8_1,block_2_1,complete_1,unroll_4,unroll_2,pipeline_1,pipeline_1,pipeline_1,1,9,0.830149681277,False
workload_1532.cpp,xczu7ev-ffvc1156-2-e,5,5.59105,429,1,1,5,29,cyclic_8_1,block_32_1,complete_1,pipeline_1,unroll_2,unroll_2,pipeline_1,pipeline_1,1,9,0.83021595943,False
workload_1002.cpp,xczu7ev-ffvc1156-2-e,5,111.00257,70,1,0,1,8,cyclic_8_1,block_32_1,complete_1,unroll_16,unroll_8,unroll_8,unroll_32,pipeline_1,1,2.5,0.438964162541,False
workload_1426.cpp,xczu7ev-ffvc1156-2-e,5,5.59105,476,1,1,5,29,cyclic_8_1,block_32_1,complete_1,unroll_2,unroll_2,unroll_8,pipeline_1,pipeline_1,1,9,0.83021595943,False
workload_1207.cpp,xczu7ev-ffvc1156-2-e,5,11.70529,54,2,0,0,2,cyclic_8_1,block_4_1,complete_1,unroll_16,pipeline_1,unroll_8,unroll_32,pipeline_1,1,1,0.977120625327,False
workload_1417.cpp,xczu7ev-ffvc1156-2-e,5,6.16449,487,2,1,4,29,cyclic_8_1,block_4_1,complete_1,unroll_2,unroll_2,unroll_4,pipeline_1,pipeline_1,1,9,0.830306204209,False
workload_1014.cpp,xczu7ev-ffvc1156-2-e,5,117.058585,76,1,0,5,9,cyclic_8_1,block_64_1,complete_1,pipeline_1,unroll_4,unroll_16,unroll_16,pipeline_1,1,3.75,0.410076567304,False
workload_924.cpp,xczu7ev-ffvc1156-2-e,5,9.51297,698,2,6,11,41,cyclic_8_1,block_64_1,complete_1,pipeline_1,unroll_8,unroll_16,pipeline_1,pipeline_1,1,15,0.647121881849,False
workload_1144.cpp,xczu7ev-ffvc1156-2-e,5,11.8528175,65,1,0,5,6,cyclic_8_1,block_64_1,complete_1,unroll_16,pipeline_1,unroll_16,unroll_16,pipeline_1,2,3,0.906915486776,False
workload_1344.cpp,xczu7ev-ffvc1156-2-e,5,5.83681,514,3,1,4,28,cyclic_8_1,block_8_1,complete_1,pipeline_1,unroll_2,unroll_2,pipeline_1,pipeline_1,2,9,0.830281072434,False
workload_1120.cpp,xczu7ev-ffvc1156-2-e,5,9.113625,534,5,6,9,38,cyclic_8_1,block_8_1,complete_1,unroll_16,pipeline_1,unroll_32,pipeline_1,pipeline_1,1,14.5,0.661443621222,False
workload_1133.cpp,xczu7ev-ffvc1156-2-e,5,11.859865,53,3,0,0,2,cyclic_8_1,block_8_1,complete_1,unroll_16,pipeline_1,unroll_32,unroll_16,pipeline_1,1,1.25,0.968119059293,False
workload_953.cpp,xczu7ev-ffvc1156-2-e,5,12.199705,53,3,0,0,2,cyclic_8_1,block_8_1,complete_1,unroll_16,pipeline_1,unroll_32,unroll_8,pipeline_1,1,1.25,0.96770982859,False
workload_982.cpp,xczu7ev-ffvc1156-2-e,5,12.199705,59,3,0,0,2,cyclic_8_1,block_8_1,complete_1,unroll_16,pipeline_1,unroll_32,unroll_8,unroll_2,1,1.25,0.96770982859,False
workload_1042.cpp,xczu7ev-ffvc1156-2-e,5,9.113625,604,5,6,9,38,cyclic_8_1,block_8_1,complete_1,unroll_16,pipeline_1,unroll_64,pipeline_1,pipeline_1,1,14.5,0.661443621222,False
workload_1204.cpp,xczu7ev-ffvc1156-2-e,5,8.13057,551,3,1,8,30,cyclic_8_1,block_8_1,complete_1,unroll_2,pipeline_1,unroll_32,pipeline_1,pipeline_1,1,10.5,0.781898167565,False
workload_1213.cpp,xczu7ev-ffvc1156-2-e,5,5.83681,441,3,1,4,28,cyclic_8_1,block_8_1,complete_1,unroll_2,unroll_2,unroll_4,pipeline_1,pipeline_1,1,9,0.830281072434,False
workload_1311.cpp,xczu7ev-ffvc1156-2-e,5,126.09633,57,3,0,0,2,cyclic_8_1,block_8_1,complete_1,unroll_2,unroll_2,unroll_4,unroll_32,pipeline_1,1,1.25,0.380043256444,False
workload_1155.cpp,xczu7ev-ffvc1156-2-e,5,5.8368175,483,3.5,14,12,40,cyclic_8_1,block_8_1,complete_1,unroll_2,unroll_2,unroll_8,pipeline_1,pipeline_1,2,17.375,0.581984291195,False
workload_1491.cpp,xczu7ev-ffvc1156-2-e,5,5.83681,477,3,1,4,28,cyclic_8_1,block_8_1,complete_1,unroll_4,pipeline_1,unroll_4,pipeline_1,pipeline_1,1,9,0.830281072434,False
workload_1383.cpp,xczu7ev-ffvc1156-2-e,5,5.83681,467,3,1,4,28,cyclic_8_1,block_8_1,complete_1,unroll_4,unroll_2,pipeline_1,pipeline_1,pipeline_1,2,9,0.830281072434,False
workload_1531.cpp,xczu7ev-ffvc1156-2-e,5,5.83681,431,3,1,4,28,cyclic_8_1,block_8_1,complete_1,unroll_8,pipeline_1,pipeline_1,pipeline_1,pipeline_1,1,9,0.830281072434,False
workload_1539.cpp,xczu7ev-ffvc1156-2-e,5,5.83681,449,3,1,4,28,cyclic_8_1,block_8_1,complete_1,unroll_8,unroll_2,pipeline_1,pipeline_1,pipeline_1,1,9,0.830281072434,False
workload_1132.cpp,xczu7ev-ffvc1156-2-e,5,16.28289,81,1,0,2,3,cyclic_8_1,cyclic_128_1,complete_1,pipeline_1,pipeline_1,pipeline_1,unroll_32,pipeline_1,1,1.5,0.946837576137,False
workload_1060.cpp,xczu7ev-ffvc1156-2-e,5,12.199705,87,1,0,2,4,cyclic_8_1,cyclic_128_1,complete_1,unroll_16,pipeline_1,unroll_32,unroll_8,pipeline_1,1,1.75,0.950206591099,False
workload_1043.cpp,xczu7ev-ffvc1156-2-e,5,5.51937,427,1,1,6,29,cyclic_8_1,cyclic_128_1,complete_1,unroll_2,unroll_2,unroll_4,pipeline_1,pipeline_1,1,9.25,0.822049726031,False
workload_1172.cpp,xczu7ev-ffvc1156-2-e,5,126.26113,77,1,0,2,4,cyclic_8_1,cyclic_128_1,complete_1,unroll_2,unroll_2,unroll_8,unroll_16,pipeline_1,1,1.75,0.378829389989,False
workload_1250.cpp,xczu7ev-ffvc1156-2-e,5,18.91425,91,1,0,2,4,cyclic_8_1,cyclic_128_1,complete_1,unroll_4,pipeline_1,unroll_8,unroll_32,pipeline_1,1,1.75,0.928335191007,False
workload_1391.cpp,xczu7ev-ffvc1156-2-e,5,5.51937,452,3,1,4,29,cyclic_8_1,cyclic_16_1,complete_1,pipeline_1,pipeline_1,unroll_8,pipeline_1,pipeline_1,1,9.25,0.822049726031,False
workload_1218.cpp,xczu7ev-ffvc1156-2-e,5,11.689945,62,3,0,0,2,cyclic_8_1,cyclic_16_1,complete_1,unroll_16,pipeline_1,unroll_32,unroll_32,unroll_2,1,1.25,0.968260965641,False
workload_1030.cpp,xczu7ev-ffvc1156-2-e,5,8.222745,476,5,6,8,35,cyclic_8_1,cyclic_16_1,complete_1,unroll_32,pipeline_1,unroll_2,pipeline_1,pipeline_1,1,13.5,0.69062454402,False
workload_1202.cpp,xczu7ev-ffvc1156-2-e,5,5.51937,484,3,1,4,29,cyclic_8_1,cyclic_16_1,complete_1,unroll_4,pipeline_1,pipeline_1,pipeline_1,pipeline_1,1,9.25,0.822049726031,False
workload_1064.cpp,xczu7ev-ffvc1156-2-e,5,5.519385,453,4,31,22,55,cyclic_8_1,cyclic_16_1,complete_1,unroll_4,pipeline_1,unroll_8,pipeline_1,pipeline_1,1,28,0.340660739194,False
workload_1185.cpp,xczu7ev-ffvc1156-2-e,5,5.51937,451,3,1,4,29,cyclic_8_1,cyclic_16_1,complete_1,unroll_4,unroll_2,pipeline_1,pipeline_1,pipeline_1,1,9.25,0.822049726031,False
workload_1234.cpp,xczu7ev-ffvc1156-2-e,5,5.51937,434,3,1,4,29,cyclic_8_1,cyclic_16_1,complete_1,unroll_8,unroll_2,pipeline_1,pipeline_1,pipeline_1,1,9.25,0.822049726031,False
workload_1179.cpp,xczu7ev-ffvc1156-2-e,5,16.28289,52,1,0,0,1,cyclic_8_1,cyclic_2_1,complete_1,pipeline_1,pipeline_1,pipeline_1,unroll_32,pipeline_1,1,0.5,0.96502354806,False
workload_1166.cpp,xczu7ev-ffvc1156-2-e,5,12.87169,2286,3,3,14,38,cyclic_8_1,cyclic_2_1,complete_1,pipeline_1,unroll_8,pipeline_1,pipeline_1,pipeline_1,1,14.5,0.659868895897,False
workload_983.cpp,xczu7ev-ffvc1156-2-e,5,33.539865,57,1,1,0,2,cyclic_8_1,cyclic_2_1,complete_1,pipeline_1,unroll_8,unroll_16,unroll_8,unroll_2,1,1,0.850650434093,False
workload_1103.cpp,xczu7ev-ffvc1156-2-e,5,9.52321,357,1,3,3,33,cyclic_8_1,cyclic_2_1,complete_1,unroll_16,pipeline_1,pipeline_1,pipeline_1,pipeline_1,1,10,0.796557919039,False
workload_1151.cpp,xczu7ev-ffvc1156-2-e,5,9.52321,379,1,3,3,33,cyclic_8_1,cyclic_2_1,complete_1,unroll_16,unroll_2,pipeline_1,pipeline_1,pipeline_1,1,10,0.796557919039,False
workload_909.cpp,xczu7ev-ffvc1156-2-e,5,114.138905,50,1,0,0,2,cyclic_8_1,cyclic_2_1,complete_1,unroll_32,unroll_2,unroll_8,unroll_8,pipeline_1,1,0.75,0.428533786476,False
workload_1174.cpp,xczu7ev-ffvc1156-2-e,5,23.95649,56,1,0,0,1,cyclic_8_1,cyclic_2_1,complete_1,unroll_4,pipeline_1,pipeline_1,unroll_2,pipeline_1,1,0.5,0.914360986504,False
workload_1364.cpp,xczu7ev-ffvc1156-2-e,5,5.51937,491,1,1,5,29,cyclic_8_1,cyclic_32_1,complete_1,pipeline_1,pipeline_1,pipeline_1,pipeline_1,pipeline_1,1,9,0.830189459902,False
workload_1019.cpp,xczu7ev-ffvc1156-2-e,5,16.858905,61,1,0,1,1,cyclic_8_1,cyclic_32_1,complete_1,pipeline_1,pipeline_1,unroll_8,unroll_8,pipeline_1,1,0.75,0.958930260299,False
workload_1193.cpp,xczu7ev-ffvc1156-2-e,5,8.867865,659,2,6,9,38,cyclic_8_1,cyclic_32_1,complete_1,unroll_16,pipeline_1,unroll_32,pipeline_1,unroll_2,1,13.75,0.683188608822,False
workload_1240.cpp,xczu7ev-ffvc1156-2-e,5,11.85985,61,1,0,1,2,cyclic_8_1,cyclic_32_1,complete_1,unroll_16,pipeline_1,unroll_32,unroll_16,pipeline_1,1,1,0.976932968077,False
workload_1117.cpp,xczu7ev-ffvc1156-2-e,5,12.848665,57,1,0,1,2,cyclic_8_1,cyclic_32_1,complete_1,unroll_16,pipeline_1,unroll_32,unroll_4,unroll_2,1,1,0.97468004162,False
workload_1221.cpp,xczu7ev-ffvc1156-2-e,5,11.89057,54,1,0,1,2,cyclic_8_1,cyclic_32_1,complete_1,unroll_16,pipeline_1,unroll_8,unroll_16,pipeline_1,1,1,0.97688991493,False
workload_1352.cpp,xczu7ev-ffvc1156-2-e,5,34.43201,65,1,0,1,1,cyclic_8_1,cyclic_32_1,complete_1,unroll_2,pipeline_1,unroll_2,unroll_2,unroll_2,1,0.75,0.846264008614,False
workload_1016.cpp,xczu7ev-ffvc1156-2-e,5,22.03009,58,1,0,1,2,cyclic_8_1,cyclic_32_1,complete_1,unroll_2,pipeline_1,unroll_32,unroll_8,pipeline_1,1,1,0.92337706912,False
workload_1006.cpp,xczu7ev-ffvc1156-2-e,5,8.13057,718,1,1,8,31,cyclic_8_1,cyclic_32_1,complete_1,unroll_2,pipeline_1,unroll_64,pipeline_1,pipeline_1,1,10.25,0.789747835226,False
workload_1077.cpp,xczu7ev-ffvc1156-2-e,5,8.130585,594,1,30,25,56,cyclic_8_1,cyclic_32_1,complete_1,unroll_2,pipeline_1,unroll_64,pipeline_1,unroll_2,1,28,0.340748035355,False
workload_901.cpp,xczu7ev-ffvc1156-2-e,5,22.019865,52,1,0,1,2,cyclic_8_1,cyclic_32_1,complete_1,unroll_2,pipeline_1,unroll_64,unroll_8,unroll_2,1,1,0.923441805209,False
workload_1409.cpp,xczu7ev-ffvc1156-2-e,5,5.51937,488,1,1,5,29,cyclic_8_1,cyclic_32_1,complete_1,unroll_2,pipeline_1,unroll_8,pipeline_1,pipeline_1,1,9,0.830189459902,False
workload_1276.cpp,xczu7ev-ffvc1156-2-e,5,5.51937,494,1,1,5,29,cyclic_8_1,cyclic_32_1,complete_1,unroll_2,unroll_2,unroll_4,pipeline_1,pipeline_1,1,9,0.830189459902,False
workload_1357.cpp,xczu7ev-ffvc1156-2-e,5,5.51937,509.5,1,1,5,29,cyclic_8_1,cyclic_32_1,complete_1,unroll_4,pipeline_1,pipeline_1,pipeline_1,pipeline_1,2,9,0.830189459902,False
workload_1341.cpp,xczu7ev-ffvc1156-2-e,5,5.51937,552,1,1,5,29,cyclic_8_1,cyclic_32_1,complete_1,unroll_4,pipeline_1,unroll_8,pipeline_1,pipeline_1,1,9,0.830189459902,False
workload_1382.cpp,xczu7ev-ffvc1156-2-e,5,5.51937,502,1,1,5,29,cyclic_8_1,cyclic_32_1,complete_1,unroll_4,unroll_2,pipeline_1,pipeline_1,pipeline_1,1,9,0.830189459902,False
workload_1471.cpp,xczu7ev-ffvc1156-2-e,5,5.51937,464,1,1,5,29,cyclic_8_1,cyclic_32_1,complete_1,unroll_4,unroll_2,unroll_2,pipeline_1,pipeline_1,1,9,0.830189459902,False
workload_1413.cpp,xczu7ev-ffvc1156-2-e,5,5.51937,478,1,1,5,29,cyclic_8_1,cyclic_32_1,complete_1,unroll_4,unroll_2,unroll_4,pipeline_1,pipeline_1,1,9,0.830189459902,False
workload_1437.cpp,xczu7ev-ffvc1156-2-e,5,5.51937,443,1,1,5,29,cyclic_8_1,cyclic_32_1,complete_1,unroll_8,pipeline_1,pipeline_1,pipeline_1,pipeline_1,1,9,0.830189459902,False
workload_1415.cpp,xczu7ev-ffvc1156-2-e,5,5.51937,471,1,1,5,29,cyclic_8_1,cyclic_32_1,complete_1,unroll_8,pipeline_1,unroll_2,pipeline_1,pipeline_1,1,9,0.830189459902,False
workload_1458.cpp,xczu7ev-ffvc1156-2-e,5,5.51937,460,1,1,5,29,cyclic_8_1,cyclic_32_1,complete_1,unroll_8,pipeline_1,unroll_8,pipeline_1,pipeline_1,1,9,0.830189459902,False
workload_1466.cpp,xczu7ev-ffvc1156-2-e,5,5.51937,448,1,1,4,29,cyclic_8_1,cyclic_4_1,complete_1,pipeline_1,pipeline_1,pipeline_1,pipeline_1,pipeline_1,1,8.75,0.838372960284,False
workload_1055.cpp,xczu7ev-ffvc1156-2-e,5,16.28289,47,1,0,0,1,cyclic_8_1,cyclic_4_1,complete_1,pipeline_1,pipeline_1,pipeline_1,unroll_32,pipeline_1,1,0.5,0.96502354806,False
workload_1289.cpp,xczu7ev-ffvc1156-2-e,5,16.20033,56,1,0,0,2,cyclic_8_1,cyclic_4_1,complete_1,pipeline_1,pipeline_1,pipeline_1,unroll_64,pipeline_1,1,0.75,0.963088612465,False
workload_1511.cpp,xczu7ev-ffvc1156-2-e,5,5.51937,457,1,1,4,29,cyclic_8_1,cyclic_4_1,complete_1,pipeline_1,pipeline_1,unroll_2,pipeline_1,pipeline_1,2,8.75,0.838372960284,False
workload_1264.cpp,xczu7ev-ffvc1156-2-e,5,5.519385,451,2,33,24,58,cyclic_8_1,cyclic_4_1,complete_1,pipeline_1,pipeline_1,unroll_2,pipeline_1,unroll_2,1,29.25,0.317722397854,False
workload_1479.cpp,xczu7ev-ffvc1156-2-e,5,5.51937,421,1,1,4,29,cyclic_8_1,cyclic_4_1,complete_1,pipeline_1,pipeline_1,unroll_4,pipeline_1,unroll_2,1,8.75,0.838372960284,False
workload_1484.cpp,xczu7ev-ffvc1156-2-e,5,5.51937,488,1,1,4,29,cyclic_8_1,cyclic_4_1,complete_1,pipeline_1,pipeline_1,unroll_8,pipeline_1,pipeline_1,1,8.75,0.838372960284,False
workload_1109.cpp,xczu7ev-ffvc1156-2-e,5,16.48833,46,1,0,0,1,cyclic_8_1,cyclic_4_1,complete_1,pipeline_1,pipeline_1,unroll_8,unroll_16,pipeline_1,1,0.5,0.963673675873,False
workload_1088.cpp,xczu7ev-ffvc1156-2-e,5,16.30305,48,1,0,0,1,cyclic_8_1,cyclic_4_1,complete_1,pipeline_1,pipeline_1,unroll_8,unroll_32,pipeline_1,1,0.5,0.964891195619,False
workload_1473.cpp,xczu7ev-ffvc1156-2-e,5,125.87521,52,1,0,0,2,cyclic_8_1,cyclic_4_1,complete_1,pipeline_1,unroll_2,unroll_2,unroll_2,pipeline_1,1,0.75,0.381247208252,False
workload_1507.cpp,xczu7ev-ffvc1156-2-e,5,8.86785,378,3,6,6,36,cyclic_8_1,cyclic_4_1,complete_1,unroll_16,pipeline_1,pipeline_1,pipeline_1,pipeline_1,1,12.75,0.712728683238,False
workload_1298.cpp,xczu7ev-ffvc1156-2-e,5,11.60257,56,1,0,0,2,cyclic_8_1,cyclic_4_1,complete_1,unroll_16,pipeline_1,pipeline_1,unroll_64,unroll_2,1,0.75,0.986060410057,False
workload_1169.cpp,xczu7ev-ffvc1156-2-e,5,11.689945,59,1,0,0,2,cyclic_8_1,cyclic_4_1,complete_1,unroll_16,pipeline_1,unroll_32,unroll_32,unroll_2,1,0.75,0.985914226449,False
workload_1268.cpp,xczu7ev-ffvc1156-2-e,5,11.603705,65,1,0,0,3,cyclic_8_1,cyclic_4_1,complete_1,unroll_16,pipeline_1,unroll_64,unroll_64,pipeline_1,1,1,0.977217171392,False
workload_1228.cpp,xczu7ev-ffvc1156-2-e,5,11.603705,61,1,0,0,3,cyclic_8_1,cyclic_4_1,complete_1,unroll_16,pipeline_1,unroll_64,unroll_64,unroll_2,1,1,0.977217171392,False
workload_1180.cpp,xczu7ev-ffvc1156-2-e,5,5.51937,443,1,1,4,29,cyclic_8_1,cyclic_4_1,complete_1,unroll_2,pipeline_1,unroll_8,pipeline_1,pipeline_1,1,8.75,0.838372960284,False
workload_1143.cpp,xczu7ev-ffvc1156-2-e,5,5.51937,461.5,1,1,4,29,cyclic_8_1,cyclic_4_1,complete_1,unroll_2,unroll_2,unroll_4,pipeline_1,pipeline_1,2,8.75,0.838372960284,False
workload_1297.cpp,xczu7ev-ffvc1156-2-e,5,5.51937,502,1,1,4,29,cyclic_8_1,cyclic_4_1,complete_1,unroll_2,unroll_2,unroll_8,pipeline_1,pipeline_1,1,8.75,0.838372960284,False
workload_1493.cpp,xczu7ev-ffvc1156-2-e,5,11.357465,54,1,0,0,2,cyclic_8_1,cyclic_4_1,complete_1,unroll_32,pipeline_1,pipeline_1,unroll_32,pipeline_1,2,0.75,0.986326818684,False
workload_1529.cpp,xczu7ev-ffvc1156-2-e,5,11.27489,54,1,0,0,2,cyclic_8_1,cyclic_4_1,complete_1,unroll_32,pipeline_1,pipeline_1,unroll_64,pipeline_1,1,0.75,0.986366167033,False
workload_1420.cpp,xczu7ev-ffvc1156-2-e,5,5.51937,452,1,1,4,29,cyclic_8_1,cyclic_4_1,complete_1,unroll_4,pipeline_1,pipeline_1,pipeline_1,pipeline_1,2,8.75,0.838372960284,False
workload_1278.cpp,xczu7ev-ffvc1156-2-e,5,5.51937,476.5,1,1,4,29,cyclic_8_1,cyclic_4_1,complete_1,unroll_4,pipeline_1,unroll_8,pipeline_1,pipeline_1,2,8.75,0.838372960284,False
workload_1094.cpp,xczu7ev-ffvc1156-2-e,5,11.7052975,64.5,1,0,1,3,cyclic_8_1,cyclic_64_1,complete_1,unroll_16,pipeline_1,unroll_8,unroll_32,pipeline_1,2,1.25,0.968249891867,False
workload_1141.cpp,xczu7ev-ffvc1156-2-e,5,5.519385,444,1,31,24,56,cyclic_8_1,cyclic_64_1,complete_1,unroll_2,pipeline_1,unroll_4,pipeline_1,pipeline_1,1,28,0.340660739194,False
workload_1513.cpp,xczu7ev-ffvc1156-2-e,5,5.51937,443,1,1,5,29,cyclic_8_1,cyclic_64_1,complete_1,unroll_2,unroll_2,pipeline_1,pipeline_1,pipeline_1,1,9,0.830189459902,False
workload_1021.cpp,xczu7ev-ffvc1156-2-e,5,171.810585,63,1,0,1,2,cyclic_8_1,cyclic_64_1,complete_1,unroll_32,unroll_2,unroll_8,unroll_8,unroll_2,1,1,0.231401903534,False
workload_1457.cpp,xczu7ev-ffvc1156-2-e,5,5.51937,457,1,1,5,29,cyclic_8_1,cyclic_64_1,complete_1,unroll_4,pipeline_1,unroll_2,pipeline_1,pipeline_1,1,9,0.830189459902,False
workload_1147.cpp,xczu7ev-ffvc1156-2-e,5,5.519385,437,1,31,24,56,cyclic_8_1,cyclic_64_1,complete_1,unroll_4,pipeline_1,unroll_8,pipeline_1,pipeline_1,1,28,0.340660739194,False
workload_985.cpp,xczu7ev-ffvc1156-2-e,5,16.266265,54,2,0,0,2,cyclic_8_1,cyclic_8_1,complete_1,unroll_64,pipeline_1,pipeline_1,unroll_2,pipeline_1,1,1,0.958635592456,False
workload_911.cpp,xczu7ev-ffvc1156-2-e,5,13.675545,56,2,0,0,2,cyclic_8_1,cyclic_8_1,complete_1,unroll_64,pipeline_1,unroll_64,unroll_2,pipeline_1,1,1,0.97167544838,False
workload_445.cpp,xczu7ev-ffvc1156-2-e,10,16.13826,374,0,74,30,84,block_128_1,block_128_1,complete_1,unroll_16,pipeline_1,unroll_8,pipeline_1,pipeline_1,1,47,0.102531887988,False
workload_729.cpp,xczu7ev-ffvc1156-2-e,10,16.13826,374,0,74,30,84,block_128_1,block_128_1,complete_1,unroll_32,pipeline_1,pipeline_1,pipeline_1,unroll_2,1,47,0.102531887988,False
workload_358.cpp,xczu7ev-ffvc1156-2-e,10,16.03589,824,0,39,26,62,block_128_1,block_128_1,complete_1,unroll_4,pipeline_1,unroll_64,pipeline_1,pipeline_1,1,31.75,0.23665909288,False
workload_288.cpp,xczu7ev-ffvc1156-2-e,10,11.14114,373,5,1,2,29,block_128_1,block_16_1,complete_1,pipeline_1,pipeline_1,unroll_4,pipeline_1,pipeline_1,1,9.25,0.804841839376,False
workload_275.cpp,xczu7ev-ffvc1156-2-e,10,11.14117,391,5,33,19,57,block_128_1,block_16_1,complete_1,unroll_2,pipeline_1,unroll_4,pipeline_1,pipeline_1,1,28.5,0.291402616018,False
workload_247.cpp,xczu7ev-ffvc1156-2-e,10,32.29893,138,5,0,2,6,block_128_1,block_16_1,complete_1,unroll_2,pipeline_1,unroll_8,unroll_32,pipeline_1,1,3.25,0.896072542513,False
workload_248.cpp,xczu7ev-ffvc1156-2-e,10,30.94786,217,2,0,2,18,block_128_1,block_16_1,complete_1,unroll_32,pipeline_1,pipeline_1,unroll_32,pipeline_1,1,5.5,0.853820003727,False
workload_440.cpp,xczu7ev-ffvc1156-2-e,10,32.58882,106,0,0,2,14,block_128_1,block_2_1,complete_1,unroll_16,pipeline_1,pipeline_1,unroll_16,pipeline_1,1,4,0.881689643917,False
workload_769.cpp,xczu7ev-ffvc1156-2-e,10,32.25858,158,0,0,2,15,block_128_1,block_2_1,complete_1,unroll_16,pipeline_1,pipeline_1,unroll_32,unroll_2,1,4.25,0.878249035327,False
workload_418.cpp,xczu7ev-ffvc1156-2-e,10,32.75138,108,0,0,2,15,block_128_1,block_2_1,complete_1,unroll_16,pipeline_1,unroll_4,unroll_16,pipeline_1,1,4.25,0.876490054107,False
workload_404.cpp,xczu7ev-ffvc1156-2-e,10,163.3933,91,0,0,2,15,block_128_1,block_2_1,complete_1,unroll_16,unroll_2,unroll_8,unroll_16,pipeline_1,1,4.25,0.361426570461,False
workload_2.cpp,xczu7ev-ffvc1156-2-e,10,65.95586,66,0,0,15,6,block_128_1,block_2_1,complete_1,unroll_2,pipeline_1,unroll_4,unroll_2,unroll_2,1,5.25,0.723489113857,False
workload_140.cpp,xczu7ev-ffvc1156-2-e,10,64.66562,63,0,0,15,6,block_128_1,block_2_1,complete_1,unroll_2,pipeline_1,unroll_8,unroll_2,unroll_2,1,5.25,0.729008758328,False
workload_86.cpp,xczu7ev-ffvc1156-2-e,10,213.1661,84,0,0,9,19,block_128_1,block_2_1,complete_1,unroll_2,unroll_16,unroll_4,unroll_2,unroll_2,1,7,0.222943886244,False
workload_379.cpp,xczu7ev-ffvc1156-2-e,10,10.95682,371,0,1,3,29,block_128_1,block_32_1,complete_1,unroll_4,pipeline_1,unroll_8,pipeline_1,pipeline_1,1,8.25,0.839980217144,False
workload_336.cpp,xczu7ev-ffvc1156-2-e,10,10.95682,354,0,1,3,29,block_128_1,block_32_1,complete_1,unroll_4,unroll_2,pipeline_1,pipeline_1,pipeline_1,1,8.25,0.839980217144,False
workload_105.cpp,xczu7ev-ffvc1156-2-e,10,32.29893,90,1,0,2,5,block_128_1,block_4_1,complete_1,pipeline_1,pipeline_1,unroll_16,unroll_32,pipeline_1,1,2,0.927949308858,False
workload_35.cpp,xczu7ev-ffvc1156-2-e,10,42.72645,102,1,0,15,10,block_128_1,block_4_1,complete_1,pipeline_1,pipeline_1,unroll_32,unroll_4,pipeline_1,1,6.5,0.794165945755,False
workload_131.cpp,xczu7ev-ffvc1156-2-e,10,10.87493,407,0,30,19,54,block_128_1,block_64_1,complete_1,pipeline_1,pipeline_1,unroll_4,pipeline_1,pipeline_1,1,25.75,0.345040453292,False
workload_225.cpp,xczu7ev-ffvc1156-2-e,10,10.87493,374,0,30,19,54,block_128_1,block_64_1,complete_1,pipeline_1,pipeline_1,unroll_4,pipeline_1,unroll_2,1,25.75,0.345040453292,False
workload_196.cpp,xczu7ev-ffvc1156-2-e,10,10.8749,347.5,0,1,3,29,block_128_1,block_64_1,complete_1,unroll_2,pipeline_1,unroll_4,pipeline_1,pipeline_1,2,8.25,0.839946147388,False
workload_297.cpp,xczu7ev-ffvc1156-2-e,10,10.87493,384,0,30,19,54,block_128_1,block_64_1,complete_1,unroll_2,pipeline_1,unroll_4,pipeline_1,unroll_2,1,25.75,0.345040453292,False
workload_425.cpp,xczu7ev-ffvc1156-2-e,10,10.8749,366,0,1,3,29,block_128_1,block_64_1,complete_1,unroll_2,unroll_2,unroll_4,pipeline_1,pipeline_1,1,8.25,0.839946147388,False
workload_421.cpp,xczu7ev-ffvc1156-2-e,10,10.81346,386,0,1,4,29,block_128_1,cyclic_128_1,complete_1,unroll_4,pipeline_1,unroll_8,pipeline_1,pipeline_1,1,8.5,0.831036955413,False
workload_235.cpp,xczu7ev-ffvc1156-2-e,10,10.83394,346,2,1,2,29,block_128_1,cyclic_16_1,complete_1,pipeline_1,pipeline_1,unroll_8,pipeline_1,pipeline_1,1,8.5,0.831048220809,False
workload_621.cpp,xczu7ev-ffvc1156-2-e,10,10.83394,422,2,1,2,29,block_128_1,cyclic_16_1,complete_1,pipeline_1,unroll_2,pipeline_1,pipeline_1,pipeline_1,1,8.5,0.831048220809,False
workload_341.cpp,xczu7ev-ffvc1156-2-e,10,10.83394,367,2,1,2,29,block_128_1,cyclic_16_1,complete_1,pipeline_1,unroll_2,unroll_8,pipeline_1,pipeline_1,1,8.5,0.831048220809,False
workload_143.cpp,xczu7ev-ffvc1156-2-e,10,42.40389,80,2,0,2,16,block_128_1,cyclic_16_1,complete_1,unroll_16,pipeline_1,pipeline_1,unroll_2,unroll_2,1,5,0.825277636602,False
workload_305.cpp,xczu7ev-ffvc1156-2-e,10,16.44546,332,5,25,14,58,block_128_1,cyclic_16_1,complete_1,unroll_16,unroll_2,pipeline_1,pipeline_1,pipeline_1,1,25.5,0.350509398869,False
workload_279.cpp,xczu7ev-ffvc1156-2-e,10,10.83394,342,2,1,2,29,block_128_1,cyclic_16_1,complete_1,unroll_4,pipeline_1,pipeline_1,pipeline_1,pipeline_1,1,8.5,0.831048220809,False
workload_315.cpp,xczu7ev-ffvc1156-2-e,10,10.83394,362.5,2,1,2,29,block_128_1,cyclic_16_1,complete_1,unroll_4,pipeline_1,unroll_4,pipeline_1,pipeline_1,2,8.5,0.831048220809,False
workload_130.cpp,xczu7ev-ffvc1156-2-e,10,10.83394,392,2,1,2,29,block_128_1,cyclic_16_1,complete_1,unroll_4,unroll_2,pipeline_1,pipeline_1,pipeline_1,4,8.5,0.831048220809,False
workload_330.cpp,xczu7ev-ffvc1156-2-e,10,10.83394,366,2,1,2,29,block_128_1,cyclic_16_1,complete_1,unroll_8,unroll_2,pipeline_1,pipeline_1,pipeline_1,1,8.5,0.831048220809,False
workload_851.cpp,xczu7ev-ffvc1156-2-e,10,10.83394,365,0,1,2,30,block_128_1,cyclic_2_1,complete_1,pipeline_1,pipeline_1,pipeline_1,pipeline_1,pipeline_1,1,8.25,0.839925120967,False
workload_531.cpp,xczu7ev-ffvc1156-2-e,10,114.48578,255,0,0,2,19,block_128_1,cyclic_2_1,complete_1,unroll_32,unroll_2,pipeline_1,unroll_32,unroll_2,1,5.25,0.526205998184,False
workload_756.cpp,xczu7ev-ffvc1156-2-e,10,156.59266,420,0,0,6,78,block_128_1,cyclic_2_1,complete_1,unroll_32,unroll_64,pipeline_1,unroll_32,pipeline_1,1,21,0.25070104175,False
workload_468.cpp,xczu7ev-ffvc1156-2-e,10,10.83394,396,0,1,2,30,block_128_1,cyclic_2_1,complete_1,unroll_4,pipeline_1,pipeline_1,pipeline_1,pipeline_1,1,8.25,0.839925120967,False
workload_447.cpp,xczu7ev-ffvc1156-2-e,10,10.83394,388,0,1,2,30,block_128_1,cyclic_2_1,complete_1,unroll_4,pipeline_1,unroll_8,pipeline_1,pipeline_1,1,8.25,0.839925120967,False
workload_519.cpp,xczu7ev-ffvc1156-2-e,10,10.83394,396,0,1,2,30,block_128_1,cyclic_2_1,complete_1,unroll_8,pipeline_1,pipeline_1,pipeline_1,pipeline_1,1,8.25,0.839925120967,False
workload_641.cpp,xczu7ev-ffvc1156-2-e,10,10.81346,394.5,0,1,3,29,block_128_1,cyclic_32_1,complete_1,pipeline_1,pipeline_1,pipeline_1,pipeline_1,pipeline_1,2,8.25,0.83991360725,False
workload_414.cpp,xczu7ev-ffvc1156-2-e,10,32.59778,80,0,0,2,5,block_128_1,cyclic_32_1,complete_1,pipeline_1,pipeline_1,unroll_64,unroll_16,unroll_2,1,1.75,0.930619550147,False
workload_511.cpp,xczu7ev-ffvc1156-2-e,10,10.81346,380,0,1,3,29,block_128_1,cyclic_32_1,complete_1,pipeline_1,pipeline_1,unroll_8,pipeline_1,pipeline_1,1,8.25,0.83991360725,False
workload_559.cpp,xczu7ev-ffvc1156-2-e,10,32.66946,80,0,0,2,5,block_128_1,cyclic_32_1,complete_1,pipeline_1,pipeline_1,unroll_8,unroll_16,pipeline_1,1,1.75,0.930282438201,False
workload_544.cpp,xczu7ev-ffvc1156-2-e,10,10.81346,456,0,1,3,29,block_128_1,cyclic_32_1,complete_1,pipeline_1,unroll_2,pipeline_1,pipeline_1,pipeline_1,1,8.25,0.83991360725,False
workload_592.cpp,xczu7ev-ffvc1156-2-e,10,10.81346,465,0,1,3,29,block_128_1,cyclic_32_1,complete_1,unroll_2,pipeline_1,pipeline_1,pipeline_1,pipeline_1,1,8.25,0.83991360725,False
workload_849.cpp,xczu7ev-ffvc1156-2-e,10,10.81346,365,0,1,3,29,block_128_1,cyclic_32_1,complete_1,unroll_2,pipeline_1,unroll_4,pipeline_1,pipeline_1,1,8.25,0.83991360725,False
workload_562.cpp,xczu7ev-ffvc1156-2-e,10,10.81346,447,0,1,3,29,block_128_1,cyclic_32_1,complete_1,unroll_2,unroll_2,pipeline_1,pipeline_1,pipeline_1,1,8.25,0.83991360725,False
workload_796.cpp,xczu7ev-ffvc1156-2-e,10,191.4573,66,0,0,2,8,block_128_1,cyclic_32_1,complete_1,unroll_2,unroll_2,pipeline_1,unroll_2,pipeline_1,1,2.5,0.284832185032,False
workload_610.cpp,xczu7ev-ffvc1156-2-e,10,10.81346,401,0,1,3,29,block_128_1,cyclic_32_1,complete_1,unroll_2,unroll_4,pipeline_1,pipeline_1,pipeline_1,1,8.25,0.83991360725,False
workload_673.cpp,xczu7ev-ffvc1156-2-e,10,16.26114,399,0,40,20,67,block_128_1,cyclic_32_1,complete_1,unroll_32,pipeline_1,pipeline_1,pipeline_1,pipeline_1,1,31.75,0.236658925711,False
workload_536.cpp,xczu7ev-ffvc1156-2-e,10,16.26114,420,0,40,20,67,block_128_1,cyclic_32_1,complete_1,unroll_32,pipeline_1,pipeline_1,pipeline_1,unroll_2,1,31.75,0.236658925711,False
workload_828.cpp,xczu7ev-ffvc1156-2-e,10,31.25762,186,0,0,2,18,block_128_1,cyclic_32_1,complete_1,unroll_32,pipeline_1,pipeline_1,unroll_16,unroll_2,1,5,0.864321566321,False
workload_611.cpp,xczu7ev-ffvc1156-2-e,10,30.92738,256,0,0,2,18,block_128_1,cyclic_32_1,complete_1,unroll_32,pipeline_1,pipeline_1,unroll_32,pipeline_1,1,5,0.865321973363,False
workload_407.cpp,xczu7ev-ffvc1156-2-e,10,16.26117,366,0,74,29,86,block_128_1,cyclic_32_1,complete_1,unroll_32,pipeline_1,unroll_4,pipeline_1,unroll_2,1,47.25,0.102032398496,False
workload_352.cpp,xczu7ev-ffvc1156-2-e,10,31.26658,175,0,0,2,19,block_128_1,cyclic_32_1,complete_1,unroll_32,pipeline_1,unroll_64,unroll_16,pipeline_1,1,5.25,0.857594293087,False
workload_774.cpp,xczu7ev-ffvc1156-2-e,10,193.45925,188,0,0,2,19,block_128_1,cyclic_32_1,complete_1,unroll_32,unroll_2,pipeline_1,unroll_16,unroll_2,1,5.25,0.273825932501,False
workload_755.cpp,xczu7ev-ffvc1156-2-e,10,26.34245,305.5,0,12,64,50,block_128_1,cyclic_32_1,complete_1,unroll_32,unroll_32,pipeline_1,unroll_16,unroll_2,2,31.5,0.239897792829,False
workload_171.cpp,xczu7ev-ffvc1156-2-e,10,36.19077,294,0,12,64,51,block_128_1,cyclic_32_1,complete_1,unroll_32,unroll_32,pipeline_1,unroll_8,unroll_2,1,31.75,0.234205097937,False
workload_695.cpp,xczu7ev-ffvc1156-2-e,10,162.00197,191,0,0,2,20,block_128_1,cyclic_32_1,complete_1,unroll_32,unroll_4,pipeline_1,unroll_16,pipeline_1,1,5.5,0.36074962863,False
workload_607.cpp,xczu7ev-ffvc1156-2-e,10,156.59266,489,0,0,7,77,block_128_1,cyclic_32_1,complete_1,unroll_32,unroll_64,pipeline_1,unroll_32,pipeline_1,1,21,0.25070104175,False
workload_471.cpp,xczu7ev-ffvc1156-2-e,10,156.93189,380,0,0,7,77,block_128_1,cyclic_32_1,complete_1,unroll_32,unroll_64,unroll_64,unroll_16,pipeline_1,1,21,0.25007914658,False
workload_371.cpp,xczu7ev-ffvc1156-2-e,10,10.81346,371,0,1,3,29,block_128_1,cyclic_32_1,complete_1,unroll_4,pipeline_1,pipeline_1,pipeline_1,pipeline_1,5,8.25,0.83991360725,False
workload_420.cpp,xczu7ev-ffvc1156-2-e,10,10.81346,375,0,1,3,29,block_128_1,cyclic_32_1,complete_1,unroll_4,pipeline_1,pipeline_1,pipeline_1,unroll_2,1,8.25,0.83991360725,False
workload_490.cpp,xczu7ev-ffvc1156-2-e,10,10.81346,433,0,1,3,29,block_128_1,cyclic_32_1,complete_1,unroll_4,pipeline_1,unroll_4,pipeline_1,pipeline_1,3,8.25,0.83991360725,False
workload_534.cpp,xczu7ev-ffvc1156-2-e,10,10.81346,376.5,0,1,3,29,block_128_1,cyclic_32_1,complete_1,unroll_4,pipeline_1,unroll_8,pipeline_1,pipeline_1,2,8.25,0.83991360725,False
workload_285.cpp,xczu7ev-ffvc1156-2-e,10,10.81346,362,0,1,3,29,block_128_1,cyclic_32_1,complete_1,unroll_4,unroll_2,pipeline_1,pipeline_1,pipeline_1,2,8.25,0.83991360725,False
workload_783.cpp,xczu7ev-ffvc1156-2-e,10,194.76997,100,0,0,2,10,block_128_1,cyclic_32_1,complete_1,unroll_4,unroll_2,pipeline_1,unroll_16,unroll_2,1,3,0.275361640708,False
workload_573.cpp,xczu7ev-ffvc1156-2-e,10,10.81346,454,0,1,3,29,block_128_1,cyclic_32_1,complete_1,unroll_4,unroll_2,unroll_4,pipeline_1,pipeline_1,2,8.25,0.83991360725,False
workload_455.cpp,xczu7ev-ffvc1156-2-e,10,10.81346,382,0,1,3,29,block_128_1,cyclic_32_1,complete_1,unroll_4,unroll_2,unroll_8,pipeline_1,pipeline_1,1,8.25,0.83991360725,False
workload_199.cpp,xczu7ev-ffvc1156-2-e,10,16.54786,3579,0,51,39,81,block_128_1,cyclic_32_1,complete_1,unroll_4,unroll_32,pipeline_1,pipeline_1,pipeline_1,1,42.75,0.11941214171,False
workload_475.cpp,xczu7ev-ffvc1156-2-e,10,16.54786,2845,0,51,39,81,block_128_1,cyclic_32_1,complete_1,unroll_4,unroll_32,pipeline_1,pipeline_1,unroll_2,1,42.75,0.11941214171,False
workload_578.cpp,xczu7ev-ffvc1156-2-e,10,10.81346,440.5,0,1,3,29,block_128_1,cyclic_32_1,complete_1,unroll_4,unroll_4,pipeline_1,pipeline_1,pipeline_1,2,8.25,0.83991360725,False
workload_643.cpp,xczu7ev-ffvc1156-2-e,10,10.81346,447,0,1,3,29,block_128_1,cyclic_32_1,complete_1,unroll_4,unroll_4,pipeline_1,pipeline_1,unroll_2,1,8.25,0.83991360725,False
workload_706.cpp,xczu7ev-ffvc1156-2-e,10,175.74914,71,0,0,2,12,block_128_1,cyclic_32_1,complete_1,unroll_4,unroll_4,pipeline_1,unroll_2,pipeline_1,1,3.5,0.326415863946,False
workload_671.cpp,xczu7ev-ffvc1156-2-e,10,10.81346,387,0,1,3,29,block_128_1,cyclic_32_1,complete_1,unroll_4,unroll_4,unroll_8,pipeline_1,pipeline_1,1,8.25,0.83991360725,False
workload_759.cpp,xczu7ev-ffvc1156-2-e,10,16.54786,2853,0,51,39,81,block_128_1,cyclic_32_1,complete_1,unroll_4,unroll_64,pipeline_1,pipeline_1,unroll_2,1,42.75,0.11941214171,False
workload_375.cpp,xczu7ev-ffvc1156-2-e,10,158.23362,311,0,0,7,68,block_128_1,cyclic_32_1,complete_1,unroll_4,unroll_64,pipeline_1,unroll_16,pipeline_1,1,18.75,0.269950112731,False
workload_508.cpp,xczu7ev-ffvc1156-2-e,10,156.10114,633,0,0,5,54,block_128_1,cyclic_32_1,complete_1,unroll_64,unroll_32,pipeline_1,unroll_32,pipeline_1,1,14.75,0.312029171098,False
workload_802.cpp,xczu7ev-ffvc1156-2-e,10,10.81346,370,0,1,3,29,block_128_1,cyclic_32_1,complete_1,unroll_8,pipeline_1,pipeline_1,pipeline_1,pipeline_1,1,8.25,0.83991360725,False
workload_422.cpp,xczu7ev-ffvc1156-2-e,10,10.83394,402,0,1,2,29,block_128_1,cyclic_4_1,complete_1,pipeline_1,pipeline_1,pipeline_1,pipeline_1,pipeline_1,3,8,0.848795080076,False
workload_303.cpp,xczu7ev-ffvc1156-2-e,10,10.83394,393,0,1,2,29,block_128_1,cyclic_4_1,complete_1,pipeline_1,pipeline_1,unroll_4,pipeline_1,pipeline_1,2,8,0.848795080076,False
workload_478.cpp,xczu7ev-ffvc1156-2-e,10,10.83394,406,0,1,2,29,block_128_1,cyclic_4_1,complete_1,pipeline_1,pipeline_1,unroll_8,pipeline_1,pipeline_1,2,8,0.848795080076,False
workload_590.cpp,xczu7ev-ffvc1156-2-e,10,157.92386,439,0,0,6,65,block_128_1,cyclic_4_1,complete_1,pipeline_1,unroll_64,pipeline_1,unroll_32,pipeline_1,1,17.75,0.280264761547,False
workload_296.cpp,xczu7ev-ffvc1156-2-e,10,17.4285,317,1,6,5,42,block_128_1,cyclic_4_1,complete_1,unroll_16,pipeline_1,pipeline_1,pipeline_1,pipeline_1,1,13.5,0.664200736216,False
workload_367.cpp,xczu7ev-ffvc1156-2-e,10,17.4285,323,1,6,5,42,block_128_1,cyclic_4_1,complete_1,unroll_16,pipeline_1,unroll_8,pipeline_1,pipeline_1,1,13.5,0.664200736216,False
workload_499.cpp,xczu7ev-ffvc1156-2-e,10,10.83394,387,0,1,2,29,block_128_1,cyclic_4_1,complete_1,unroll_2,pipeline_1,pipeline_1,pipeline_1,pipeline_1,1,8,0.848795080076,False
workload_470.cpp,xczu7ev-ffvc1156-2-e,10,17.4285,336,1,6,5,42,block_128_1,cyclic_4_1,complete_1,unroll_32,pipeline_1,pipeline_1,pipeline_1,pipeline_1,3,13.5,0.664200736216,False
workload_724.cpp,xczu7ev-ffvc1156-2-e,10,162.32837,164,0,0,2,18,block_128_1,cyclic_4_1,complete_1,unroll_32,unroll_2,unroll_2,unroll_16,pipeline_1,1,5,0.361925589787,False
workload_227.cpp,xczu7ev-ffvc1156-2-e,10,10.83394,391,0,1,2,29,block_128_1,cyclic_4_1,complete_1,unroll_4,pipeline_1,pipeline_1,pipeline_1,pipeline_1,5,8,0.848795080076,False
workload_498.cpp,xczu7ev-ffvc1156-2-e,10,10.83394,396,0,1,2,29,block_128_1,cyclic_4_1,complete_1,unroll_4,pipeline_1,pipeline_1,pipeline_1,unroll_2,1,8,0.848795080076,False
workload_555.cpp,xczu7ev-ffvc1156-2-e,10,10.83394,434.5,0,1,2,29,block_128_1,cyclic_4_1,complete_1,unroll_4,pipeline_1,unroll_4,pipeline_1,pipeline_1,2,8,0.848795080076,False
workload_577.cpp,xczu7ev-ffvc1156-2-e,10,16.05637,475,1,35,22,58,block_128_1,cyclic_4_1,complete_1,unroll_4,pipeline_1,unroll_64,pipeline_1,pipeline_1,1,29,0.282541630133,False
workload_260.cpp,xczu7ev-ffvc1156-2-e,10,10.83394,416.5,0,1,2,29,block_128_1,cyclic_4_1,complete_1,unroll_4,pipeline_1,unroll_8,pipeline_1,pipeline_1,2,8,0.848795080076,False
workload_308.cpp,xczu7ev-ffvc1156-2-e,10,10.83394,418.5,0,1,2,29,block_128_1,cyclic_4_1,complete_1,unroll_4,unroll_2,pipeline_1,pipeline_1,pipeline_1,2,8,0.848795080076,False
workload_510.cpp,xczu7ev-ffvc1156-2-e,10,10.83394,397,0,1,2,29,block_128_1,cyclic_4_1,complete_1,unroll_4,unroll_2,unroll_4,pipeline_1,pipeline_1,1,8,0.848795080076,False
workload_408.cpp,xczu7ev-ffvc1156-2-e,10,10.83394,377,0,1,2,29,block_128_1,cyclic_4_1,complete_1,unroll_8,pipeline_1,pipeline_1,pipeline_1,pipeline_1,3,8,0.848795080076,False
workload_705.cpp,xczu7ev-ffvc1156-2-e,10,10.83394,423,0,1,2,29,block_128_1,cyclic_4_1,complete_1,unroll_8,unroll_2,unroll_2,pipeline_1,pipeline_1,1,8,0.848795080076,False
workload_542.cpp,xczu7ev-ffvc1156-2-e,10,10.83394,382,0,1,2,29,block_128_1,cyclic_4_1,complete_1,unroll_8,unroll_2,unroll_4,pipeline_1,pipeline_1,1,8,0.848795080076,False
workload_520.cpp,xczu7ev-ffvc1156-2-e,10,10.81346,399,0,1,3,29,block_128_1,cyclic_64_1,complete_1,pipeline_1,pipeline_1,pipeline_1,pipeline_1,pipeline_1,3,8.25,0.83991360725,False
workload_318.cpp,xczu7ev-ffvc1156-2-e,10,10.81349,365,0,32,20,55,block_128_1,cyclic_64_1,complete_1,pipeline_1,pipeline_1,unroll_8,pipeline_1,pipeline_1,1,26.75,0.32475700781,False
workload_658.cpp,xczu7ev-ffvc1156-2-e,10,180.99202,76,0,0,3,7,block_128_1,cyclic_64_1,complete_1,pipeline_1,unroll_2,pipeline_1,unroll_2,pipeline_1,1,2.5,0.3133422817,False
workload_602.cpp,xczu7ev-ffvc1156-2-e,10,10.81346,438,0,1,3,29,block_128_1,cyclic_64_1,complete_1,pipeline_1,unroll_2,unroll_4,pipeline_1,pipeline_1,1,8.25,0.83991360725,False
workload_210.cpp,xczu7ev-ffvc1156-2-e,10,16.17922,343,0,44,23,70,block_128_1,cyclic_64_1,complete_1,unroll_16,pipeline_1,unroll_8,pipeline_1,pipeline_1,1,34.25,0.200697320546,False
workload_648.cpp,xczu7ev-ffvc1156-2-e,10,10.81346,412,0,1,3,29,block_128_1,cyclic_64_1,complete_1,unroll_2,pipeline_1,pipeline_1,pipeline_1,pipeline_1,1,8.25,0.83991360725,False
workload_482.cpp,xczu7ev-ffvc1156-2-e,10,10.81346,452,0,1,3,29,block_128_1,cyclic_64_1,complete_1,unroll_2,pipeline_1,pipeline_1,pipeline_1,unroll_2,1,8.25,0.83991360725,False
workload_345.cpp,xczu7ev-ffvc1156-2-e,10,10.81346,409,0,1,3,29,block_128_1,cyclic_64_1,complete_1,unroll_2,pipeline_1,unroll_4,pipeline_1,pipeline_1,3,8.25,0.83991360725,False
workload_387.cpp,xczu7ev-ffvc1156-2-e,10,76.42117,83,0,0,16,7,block_128_1,cyclic_64_1,complete_1,unroll_2,pipeline_1,unroll_4,unroll_2,pipeline_1,1,5.75,0.672842575936,False
workload_307.cpp,xczu7ev-ffvc1156-2-e,10,32.31941,165,0,0,3,7,block_128_1,cyclic_64_1,complete_1,unroll_2,pipeline_1,unroll_4,unroll_32,pipeline_1,1,2.5,0.916984770539,False
workload_568.cpp,xczu7ev-ffvc1156-2-e,10,10.81346,404,0,1,3,29,block_128_1,cyclic_64_1,complete_1,unroll_2,pipeline_1,unroll_8,pipeline_1,pipeline_1,1,8.25,0.83991360725,False
workload_596.cpp,xczu7ev-ffvc1156-2-e,10,10.81346,462,0,1,3,29,block_128_1,cyclic_64_1,complete_1,unroll_2,pipeline_1,unroll_8,pipeline_1,unroll_2,1,8.25,0.83991360725,False
workload_700.cpp,xczu7ev-ffvc1156-2-e,10,10.81346,424,0,1,3,29,block_128_1,cyclic_64_1,complete_1,unroll_2,unroll_2,unroll_2,pipeline_1,pipeline_1,1,8.25,0.83991360725,False
workload_355.cpp,xczu7ev-ffvc1156-2-e,10,10.813475,384,0,16.5,11.5,42,block_128_1,cyclic_64_1,complete_1,unroll_2,unroll_2,unroll_4,pipeline_1,pipeline_1,2,17.5,0.545581485527,False
workload_603.cpp,xczu7ev-ffvc1156-2-e,10,16.17922,367,0,44,23,70,block_128_1,cyclic_64_1,complete_1,unroll_32,pipeline_1,pipeline_1,pipeline_1,pipeline_1,1,34.25,0.200697320546,False
workload_530.cpp,xczu7ev-ffvc1156-2-e,10,31.26661,239,0,0,3,19,block_128_1,cyclic_64_1,complete_1,unroll_32,pipeline_1,unroll_64,unroll_16,unroll_2,1,5.5,0.852785735049,False
workload_810.cpp,xczu7ev-ffvc1156-2-e,10,167.24482,174,0,0,3,19,block_128_1,cyclic_64_1,complete_1,unroll_32,unroll_2,pipeline_1,unroll_16,pipeline_1,1,5.5,0.344949040645,False
workload_377.cpp,xczu7ev-ffvc1156-2-e,10,10.81346,377,0,1,3,29,block_128_1,cyclic_64_1,complete_1,unroll_4,pipeline_1,pipeline_1,pipeline_1,pipeline_1,5,8.25,0.83991360725,False
workload_467.cpp,xczu7ev-ffvc1156-2-e,10,10.81346,390,0,1,3,29,block_128_1,cyclic_64_1,complete_1,unroll_4,pipeline_1,pipeline_1,pipeline_1,unroll_2,1,8.25,0.83991360725,False
workload_300.cpp,xczu7ev-ffvc1156-2-e,10,10.81346,405,0,1,3,29,block_128_1,cyclic_64_1,complete_1,unroll_4,pipeline_1,unroll_4,pipeline_1,pipeline_1,3,8.25,0.83991360725,False
workload_681.cpp,xczu7ev-ffvc1156-2-e,10,10.81346,382,0,1,3,29,block_128_1,cyclic_64_1,complete_1,unroll_4,pipeline_1,unroll_4,pipeline_1,unroll_2,1,8.25,0.83991360725,False
workload_444.cpp,xczu7ev-ffvc1156-2-e,10,10.81346,366,0,1,3,29,block_128_1,cyclic_64_1,complete_1,unroll_4,pipeline_1,unroll_8,pipeline_1,pipeline_1,1,8.25,0.83991360725,False
workload_366.cpp,xczu7ev-ffvc1156-2-e,10,10.81346,383,0,1,3,29,block_128_1,cyclic_64_1,complete_1,unroll_4,unroll_2,pipeline_1,pipeline_1,pipeline_1,2,8.25,0.83991360725,False
workload_417.cpp,xczu7ev-ffvc1156-2-e,10,10.81349,389,0,32,20,55,block_128_1,cyclic_64_1,complete_1,unroll_4,unroll_2,pipeline_1,pipeline_1,unroll_2,1,26.75,0.32475700781,False
workload_464.cpp,xczu7ev-ffvc1156-2-e,10,186.21442,90,0,0,3,11,block_128_1,cyclic_64_1,complete_1,unroll_4,unroll_2,pipeline_1,unroll_2,pipeline_1,1,3.5,0.297067783021,False
workload_487.cpp,xczu7ev-ffvc1156-2-e,10,168.2253,142.5,0,0,3,10,block_128_1,cyclic_64_1,complete_1,unroll_4,unroll_2,pipeline_1,unroll_32,pipeline_1,2,3.25,0.34933394052,False
workload_497.cpp,xczu7ev-ffvc1156-2-e,10,10.81346,467,0,1,3,29,block_128_1,cyclic_64_1,complete_1,unroll_4,unroll_2,unroll_4,pipeline_1,pipeline_1,1,8.25,0.83991360725,False
workload_340.cpp,xczu7ev-ffvc1156-2-e,10,10.81346,398.5,0,1,3,29,block_128_1,cyclic_64_1,complete_1,unroll_4,unroll_2,unroll_8,pipeline_1,pipeline_1,4,8.25,0.83991360725,False
workload_477.cpp,xczu7ev-ffvc1156-2-e,10,10.81346,369,0,1,3,29,block_128_1,cyclic_64_1,complete_1,unroll_8,pipeline_1,pipeline_1,pipeline_1,pipeline_1,1,8.25,0.83991360725,False
workload_483.cpp,xczu7ev-ffvc1156-2-e,10,10.81346,462,0,1,3,29,block_128_1,cyclic_64_1,complete_1,unroll_8,unroll_2,pipeline_1,pipeline_1,pipeline_1,1,8.25,0.83991360725,False
workload_644.cpp,xczu7ev-ffvc1156-2-e,10,10.81346,419.5,0,1,3,29,block_128_1,cyclic_64_1,complete_1,unroll_8,unroll_2,unroll_2,pipeline_1,pipeline_1,2,8.25,0.83991360725,False
workload_605.cpp,xczu7ev-ffvc1156-2-e,10,10.81346,394,0,1,3,29,block_128_1,cyclic_64_1,complete_1,unroll_8,unroll_2,unroll_4,pipeline_1,pipeline_1,1,8.25,0.83991360725,False
workload_613.cpp,xczu7ev-ffvc1156-2-e,10,10.83394,420,1,1,2,29,block_128_1,cyclic_8_1,complete_1,pipeline_1,pipeline_1,pipeline_1,pipeline_1,pipeline_1,1,8.25,0.839925120967,False
workload_767.cpp,xczu7ev-ffvc1156-2-e,10,10.83394,418,1,1,2,29,block_128_1,cyclic_8_1,complete_1,pipeline_1,unroll_2,pipeline_1,pipeline_1,pipeline_1,1,8.25,0.839925120967,False
workload_842.cpp,xczu7ev-ffvc1156-2-e,10,10.83394,366,1,1,2,29,block_128_1,cyclic_8_1,complete_1,unroll_4,pipeline_1,pipeline_1,pipeline_1,pipeline_1,1,8.25,0.839925120967,False
workload_786.cpp,xczu7ev-ffvc1156-2-e,10,10.83394,402,1,1,2,29,block_128_1,cyclic_8_1,complete_1,unroll_4,pipeline_1,unroll_4,pipeline_1,pipeline_1,1,8.25,0.839925120967,False
workload_504.cpp,xczu7ev-ffvc1156-2-e,10,10.83394,465,1,1,2,29,block_128_1,cyclic_8_1,complete_1,unroll_4,unroll_2,pipeline_1,pipeline_1,pipeline_1,1,8.25,0.839925120967,False
workload_175.cpp,xczu7ev-ffvc1156-2-e,10,11.44837,419,10,22,15,47,block_16_1,block_16_1,complete_1,unroll_2,pipeline_1,unroll_4,pipeline_1,pipeline_1,1,23.5,0.393926053079,False
workload_103.cpp,xczu7ev-ffvc1156-2-e,10,64.665635,50.5,2,0,0,1,block_16_1,block_2_1,complete_1,unroll_2,pipeline_1,unroll_8,unroll_2,unroll_2,2,0.75,0.773497453731,False
workload_80.cpp,xczu7ev-ffvc1156-2-e,10,224.26626,52,5,0,0,1,block_16_1,block_2_1,complete_1,unroll_2,unroll_4,unroll_8,unroll_2,unroll_2,1,1.5,0.209458343889,False
workload_112.cpp,xczu7ev-ffvc1156-2-e,10,16.52738,372,5,56,32,79,block_16_1,block_32_1,complete_1,unroll_64,pipeline_1,unroll_8,pipeline_1,pipeline_1,1,43,0.117980610547,False
workload_192.cpp,xczu7ev-ffvc1156-2-e,10,17.26466,1034,5,12,11,44,block_16_1,block_32_1,complete_1,unroll_64,unroll_16,pipeline_1,pipeline_1,pipeline_1,1,18,0.532098285905,False
workload_37.cpp,xczu7ev-ffvc1156-2-e,10,17.26466,1021,5,12,11,44,block_16_1,block_32_1,complete_1,unroll_64,unroll_16,unroll_8,pipeline_1,pipeline_1,1,18,0.532098285905,False
workload_139.cpp,xczu7ev-ffvc1156-2-e,10,164.64898,87,5,0,2,16,block_16_1,block_32_1,complete_1,unroll_64,unroll_16,unroll_8,unroll_2,pipeline_1,1,5.75,0.351573557256,False
workload_55.cpp,xczu7ev-ffvc1156-2-e,10,32.09573,78,6,0,1,6,block_16_1,block_4_1,complete_1,unroll_32,pipeline_1,unroll_64,unroll_64,unroll_2,1,3.25,0.896686118461,False
workload_97.cpp,xczu7ev-ffvc1156-2-e,10,33.26725,67,6,0,1,5,block_16_1,block_4_1,complete_1,unroll_32,pipeline_1,unroll_64,unroll_8,unroll_2,1,3,0.900221362349,False
workload_10.cpp,xczu7ev-ffvc1156-2-e,10,157.92229,87,6,0,3,20,block_16_1,block_4_1,complete_1,unroll_32,unroll_32,unroll_8,unroll_64,pipeline_1,1,7.25,0.363443291336,False
workload_151.cpp,xczu7ev-ffvc1156-2-e,10,11.12069,421,5,18,14,43,block_16_1,cyclic_128_1,complete_1,unroll_2,pipeline_1,pipeline_1,pipeline_1,pipeline_1,1,20,0.478609027409,False
workload_229.cpp,xczu7ev-ffvc1156-2-e,10,11.14117,387,7,18,12,42,block_16_1,cyclic_16_1,complete_1,unroll_2,pipeline_1,unroll_8,pipeline_1,pipeline_1,1,19.75,0.485071827236,False
workload_69.cpp,xczu7ev-ffvc1156-2-e,10,157.92229,90,7,0,3,20,block_16_1,cyclic_16_1,complete_1,unroll_32,unroll_32,unroll_8,unroll_64,pipeline_1,1,7.5,0.361801468946,False
workload_12.cpp,xczu7ev-ffvc1156-2-e,10,158.27333,104,7,0,4,33,block_16_1,cyclic_16_1,complete_1,unroll_4,unroll_64,unroll_16,unroll_16,pipeline_1,1,11,0.336121007564,False
workload_111.cpp,xczu7ev-ffvc1156-2-e,10,11.12069,407,5,17,12,42,block_16_1,cyclic_32_1,complete_1,unroll_2,pipeline_1,unroll_8,pipeline_1,pipeline_1,1,19,0.50477261681,False
workload_91.cpp,xczu7ev-ffvc1156-2-e,10,42.39877,58,3,0,0,2,block_16_1,cyclic_4_1,complete_1,pipeline_1,pipeline_1,pipeline_1,unroll_4,pipeline_1,1,1.25,0.884859062677,False
workload_63.cpp,xczu7ev-ffvc1156-2-e,10,158.76485,71,5,0,2,11,block_16_1,cyclic_4_1,complete_1,unroll_32,unroll_16,unroll_16,unroll_16,pipeline_1,1,4.5,0.375036232817,False
workload_29.cpp,xczu7ev-ffvc1156-2-e,10,11.12069,416,5,17,12,42,block_16_1,cyclic_64_1,complete_1,unroll_2,pipeline_1,unroll_8,pipeline_1,pipeline_1,1,19,0.50477261681,False
workload_68.cpp,xczu7ev-ffvc1156-2-e,10,179.37413,60,1,0,1,8,block_2_1,block_4_1,complete_1,unroll_2,unroll_16,unroll_32,unroll_2,pipeline_1,1,2.5,0.317930681903,False
workload_96.cpp,xczu7ev-ffvc1156-2-e,10,32.59269,61,0,0,4,4,block_2_1,block_64_1,complete_1,pipeline_1,pipeline_1,unroll_8,unroll_16,pipeline_1,1,2,0.926635143391,False
workload_48.cpp,xczu7ev-ffvc1156-2-e,10,163.33701,67,0,0,4,7,block_2_1,block_64_1,complete_1,pipeline_1,unroll_4,unroll_8,unroll_16,pipeline_1,1,2.75,0.365480533107,False
workload_106.cpp,xczu7ev-ffvc1156-2-e,10,71.58661,65,0,0,4,6,block_2_1,block_64_1,complete_1,pipeline_1,unroll_4,unroll_8,unroll_16,unroll_2,1,2.5,0.731316770081,False
workload_147.cpp,xczu7ev-ffvc1156-2-e,10,71.08837,88,0,0,4,7,block_2_1,block_64_1,complete_1,pipeline_1,unroll_4,unroll_8,unroll_64,unroll_2,1,2.75,0.73184562051,False
workload_33.cpp,xczu7ev-ffvc1156-2-e,10,164.00133,61,0,0,4,7,block_2_1,block_64_1,complete_1,pipeline_1,unroll_4,unroll_8,unroll_8,pipeline_1,1,2.75,0.363393056117,False
workload_230.cpp,xczu7ev-ffvc1156-2-e,10,173.79845,53,0,0,1,3,block_2_1,block_64_1,complete_1,unroll_4,unroll_2,pipeline_1,unroll_16,pipeline_1,1,1,0.336178681323,False
workload_93.cpp,xczu7ev-ffvc1156-2-e,10,162.98242,93,0,0,2,7,block_2_1,cyclic_128_1,complete_1,unroll_8,unroll_8,pipeline_1,unroll_32,pipeline_1,1,2.25,0.367698284892,False
workload_145.cpp,xczu7ev-ffvc1156-2-e,10,163.32162,82,0,0,2,8,block_2_1,cyclic_128_1,complete_1,unroll_8,unroll_8,unroll_64,unroll_16,pipeline_1,1,2.5,0.366071206853,False
workload_4.cpp,xczu7ev-ffvc1156-2-e,10,163.02274,102,0,0,2,7,block_2_1,cyclic_128_1,complete_1,unroll_8,unroll_8,unroll_8,unroll_32,pipeline_1,1,2.25,0.36757088851,False
workload_234.cpp,xczu7ev-ffvc1156-2-e,10,18.6573,502,5,39,25,60,block_2_1,cyclic_16_1,complete_1,unroll_2,unroll_2,unroll_64,pipeline_1,pipeline_1,1,32.25,0.22899049786,False
workload_53.cpp,xczu7ev-ffvc1156-2-e,10,173.32482,94,2,0,4,30,block_2_1,cyclic_16_1,complete_1,unroll_4,unroll_64,pipeline_1,unroll_8,pipeline_1,1,9,0.308635368114,False
workload_56.cpp,xczu7ev-ffvc1156-2-e,10,161.71202,59,2,0,0,5,block_2_1,cyclic_16_1,complete_1,unroll_8,unroll_8,unroll_8,unroll_32,pipeline_1,1,1.75,0.372666056619,False
workload_34.cpp,xczu7ev-ffvc1156-2-e,10,169.22882,63,0,0,1,8,block_2_1,cyclic_4_1,complete_1,unroll_32,unroll_16,pipeline_1,unroll_8,pipeline_1,1,2.25,0.348319654932,False
workload_187.cpp,xczu7ev-ffvc1156-2-e,10,13.41445,431,0,25,16,48,block_2_1,cyclic_64_1,complete_1,unroll_2,pipeline_1,pipeline_1,pipeline_1,pipeline_1,1,22.25,0.423147990308,False
workload_134.cpp,xczu7ev-ffvc1156-2-e,10,37.89189,56,0,0,1,2,block_2_1,cyclic_64_1,complete_1,unroll_4,pipeline_1,unroll_8,unroll_16,pipeline_1,1,0.75,0.913704271698,False
workload_15.cpp,xczu7ev-ffvc1156-2-e,10,32.09602,93,10,0,5,9,block_32_1,block_32_1,complete_1,pipeline_1,pipeline_1,unroll_64,unroll_64,unroll_2,1,6,0.840369044828,False
workload_49.cpp,xczu7ev-ffvc1156-2-e,10,158.27042,136,5,0,3,23,block_32_1,block_32_1,complete_1,pipeline_1,unroll_32,unroll_8,unroll_64,pipeline_1,1,7.75,0.359077111784,False
workload_13.cpp,xczu7ev-ffvc1156-2-e,10,168.41221,143,6,0,4,37,block_32_1,block_4_1,complete_1,pipeline_1,unroll_64,unroll_32,unroll_4,pipeline_1,1,11.75,0.303833169182,False
workload_198.cpp,xczu7ev-ffvc1156-2-e,10,16.58885,1408,10,25,18,56,block_32_1,block_64_1,complete_1,pipeline_1,unroll_8,unroll_4,pipeline_1,pipeline_1,1,27.25,0.315183448314,False
workload_16.cpp,xczu7ev-ffvc1156-2-e,10,158.06725,288,10,0,5,42,block_32_1,block_64_1,complete_1,unroll_8,unroll_64,pipeline_1,unroll_32,pipeline_1,1,14.25,0.311357757793,False
workload_207.cpp,xczu7ev-ffvc1156-2-e,10,10.95682,371,10,4,6,31,block_32_1,cyclic_32_1,complete_1,unroll_2,pipeline_1,unroll_4,pipeline_1,pipeline_1,1,12.75,0.687808445033,False
workload_137.cpp,xczu7ev-ffvc1156-2-e,10,10.956835,392.5,10,14.5,11,39.5,block_32_1,cyclic_32_1,complete_1,unroll_2,pipeline_1,unroll_4,pipeline_1,unroll_2,2,18.75,0.511419531357,False
workload_61.cpp,xczu7ev-ffvc1156-2-e,10,42.39877,58,5,0,0,3,block_32_1,cyclic_4_1,complete_1,pipeline_1,pipeline_1,pipeline_1,unroll_4,pipeline_1,1,2,0.879403584109,False
workload_43.cpp,xczu7ev-ffvc1156-2-e,10,178.38597,57,10,0,0,4,block_32_1,cyclic_4_1,complete_1,unroll_8,unroll_2,unroll_2,unroll_4,pipeline_1,1,3.5,0.318831792874,False
workload_684.cpp,xczu7ev-ffvc1156-2-e,10,16.67074,2499,10,25,18,57,block_32_1,cyclic_64_1,complete_1,unroll_4,unroll_64,unroll_8,pipeline_1,pipeline_1,1,27.5,0.310354816668,False
workload_60.cpp,xczu7ev-ffvc1156-2-e,10,220.29314,53,1,0,0,1,block_4_1,block_2_1,complete_1,unroll_8,unroll_2,unroll_2,unroll_2,unroll_2,1,0.5,0.21803897111,False
workload_27.cpp,xczu7ev-ffvc1156-2-e,10,205.08866,53,1,0,0,1,block_4_1,block_2_1,complete_1,unroll_8,unroll_2,unroll_2,unroll_32,unroll_2,1,0.5,0.252269762195,False
workload_5.cpp,xczu7ev-ffvc1156-2-e,10,55.85413,120,1,0,5,11,block_4_1,block_64_1,complete_1,pipeline_1,unroll_32,unroll_16,unroll_32,unroll_2,1,4.25,0.78134292202,False
workload_21.cpp,xczu7ev-ffvc1156-2-e,10,12.1037,446,1,24,17,48,block_4_1,cyclic_128_1,complete_1,unroll_2,unroll_2,pipeline_1,pipeline_1,pipeline_1,1,22.5,0.417119191808,False
workload_166.cpp,xczu7ev-ffvc1156-2-e,10,168.63618,73,1,0,2,4,block_4_1,cyclic_128_1,complete_1,unroll_4,unroll_2,unroll_8,unroll_16,pipeline_1,1,1.75,0.350985119901,False
workload_62.cpp,xczu7ev-ffvc1156-2-e,10,168.2253,53,3,0,0,2,block_4_1,cyclic_16_1,complete_1,unroll_8,unroll_2,pipeline_1,unroll_32,pipeline_1,1,1.25,0.352864666774,False
workload_133.cpp,xczu7ev-ffvc1156-2-e,10,12.1037,432,1,26,16,49,block_4_1,cyclic_32_1,complete_1,unroll_2,unroll_2,unroll_8,pipeline_1,pipeline_1,1,23,0.40544729764,False
workload_189.cpp,xczu7ev-ffvc1156-2-e,10,168.08034,59,1,0,0,3,block_4_1,cyclic_32_1,complete_1,unroll_2,unroll_2,unroll_8,unroll_64,pipeline_1,1,1,0.353528746061,False
workload_66.cpp,xczu7ev-ffvc1156-2-e,10,168.57346,66,1,0,1,9,block_4_1,cyclic_4_1,complete_1,unroll_32,unroll_16,pipeline_1,unroll_8,pipeline_1,1,2.75,0.349247543845,False
workload_194.cpp,xczu7ev-ffvc1156-2-e,10,12.10373,392,1,26,17,49,block_4_1,cyclic_64_1,complete_1,pipeline_1,unroll_2,pipeline_1,pipeline_1,pipeline_1,1,23.25,0.39969317142,False
workload_180.cpp,xczu7ev-ffvc1156-2-e,10,37.79589,55,2,0,1,3,block_4_1,cyclic_8_1,complete_1,unroll_64,pipeline_1,unroll_8,unroll_2,pipeline_1,1,1.5,0.907512738216,False
workload_208.cpp,xczu7ev-ffvc1156-2-e,10,10.8749,380,0,2,6,31,block_64_1,block_128_1,complete_1,pipeline_1,pipeline_1,pipeline_1,pipeline_1,pipeline_1,1,9.75,0.787407206052,False
workload_251.cpp,xczu7ev-ffvc1156-2-e,10,10.8749,371,0,2,6,31,block_64_1,block_128_1,complete_1,pipeline_1,pipeline_1,unroll_4,pipeline_1,pipeline_1,1,9.75,0.787407206052,False
workload_273.cpp,xczu7ev-ffvc1156-2-e,10,10.8749,370,0,2,6,31,block_64_1,block_128_1,complete_1,pipeline_1,unroll_2,unroll_8,pipeline_1,pipeline_1,1,9.75,0.787407206052,False
workload_114.cpp,xczu7ev-ffvc1156-2-e,10,42.37829,100,0,0,3,14,block_64_1,block_128_1,complete_1,unroll_16,pipeline_1,pipeline_1,unroll_4,unroll_2,1,4.25,0.838950134597,False
workload_156.cpp,xczu7ev-ffvc1156-2-e,10,10.8749,393.5,0,2,6,31,block_64_1,block_128_1,complete_1,unroll_4,unroll_2,pipeline_1,pipeline_1,pipeline_1,2,9.75,0.787407206052,False
workload_167.cpp,xczu7ev-ffvc1156-2-e,10,120.73218,94,0,0,3,13,block_64_1,block_128_1,complete_1,unroll_4,unroll_2,pipeline_1,unroll_8,unroll_2,1,4,0.510779819345,False
workload_236.cpp,xczu7ev-ffvc1156-2-e,10,11.1821,342,5,2,3,29,block_64_1,block_16_1,complete_1,pipeline_1,pipeline_1,unroll_8,pipeline_1,pipeline_1,1,9.75,0.787535951625,False
workload_254.cpp,xczu7ev-ffvc1156-2-e,10,11.1821,373,5,2,3,29,block_64_1,block_16_1,complete_1,pipeline_1,pipeline_1,unroll_8,pipeline_1,unroll_2,1,9.75,0.787535951625,False
workload_286.cpp,xczu7ev-ffvc1156-2-e,10,11.1821,365,5,2,3,29,block_64_1,block_16_1,complete_1,pipeline_1,unroll_2,unroll_8,pipeline_1,pipeline_1,1,9.75,0.787535951625,False
workload_261.cpp,xczu7ev-ffvc1156-2-e,10,18.73925,343,0,51,25,73,block_64_1,block_2_1,complete_1,unroll_16,pipeline_1,unroll_4,pipeline_1,pipeline_1,1,37.25,0.164752455666,False
workload_299.cpp,xczu7ev-ffvc1156-2-e,10,13.47586,369,0,2,4,29,block_64_1,block_2_1,complete_1,unroll_2,pipeline_1,unroll_2,pipeline_1,pipeline_1,1,8.75,0.821796620107,False
workload_116.cpp,xczu7ev-ffvc1156-2-e,10,16.09733,449,1,23,16,48,block_64_1,block_4_1,complete_1,pipeline_1,pipeline_1,unroll_32,pipeline_1,pipeline_1,1,22,0.429192073714,False
workload_124.cpp,xczu7ev-ffvc1156-2-e,10,32.28357,72,1,0,1,4,block_64_1,block_4_1,complete_1,pipeline_1,pipeline_1,unroll_64,unroll_32,unroll_2,1,1.5,0.935098697123,False
workload_155.cpp,xczu7ev-ffvc1156-2-e,10,17.42853,508,1,51,27,74,block_64_1,block_4_1,complete_1,unroll_16,pipeline_1,unroll_32,pipeline_1,pipeline_1,1,38.25,0.154549335441,False
workload_73.cpp,xczu7ev-ffvc1156-2-e,10,32.26821,86,1,0,1,10,block_64_1,block_4_1,complete_1,unroll_16,pipeline_1,unroll_32,unroll_32,pipeline_1,1,3,0.903609313127,False
workload_85.cpp,xczu7ev-ffvc1156-2-e,10,32.66946,73,1,0,1,9,block_64_1,block_4_1,complete_1,unroll_16,pipeline_1,unroll_8,unroll_16,pipeline_1,1,2.75,0.909202057377,False
workload_149.cpp,xczu7ev-ffvc1156-2-e,10,158.06725,105,0,0,3,23,block_64_1,block_4_1,complete_1,unroll_2,unroll_32,pipeline_1,unroll_32,pipeline_1,1,6.5,0.367597912838,False
workload_44.cpp,xczu7ev-ffvc1156-2-e,10,159.38053,68,0,0,1,8,block_64_1,block_4_1,complete_1,unroll_2,unroll_8,pipeline_1,unroll_16,pipeline_1,1,2.25,0.379199808114,False
workload_28.cpp,xczu7ev-ffvc1156-2-e,10,159.05029,75,0,0,1,8,block_64_1,block_4_1,complete_1,unroll_2,unroll_8,pipeline_1,unroll_32,pipeline_1,1,2.25,0.380266284587,False
workload_84.cpp,xczu7ev-ffvc1156-2-e,10,159.46117,67,1,0,1,8,block_64_1,block_4_1,complete_1,unroll_2,unroll_8,unroll_8,unroll_16,pipeline_1,1,2.5,0.37835480466,False
workload_316.cpp,xczu7ev-ffvc1156-2-e,10,10.91586,364,0,2,5,30,block_64_1,block_64_1,complete_1,pipeline_1,pipeline_1,unroll_8,pipeline_1,pipeline_1,1,9.25,0.804744739913,False
workload_195.cpp,xczu7ev-ffvc1156-2-e,10,16.26114,745,0,51,32,77,block_64_1,block_64_1,complete_1,pipeline_1,unroll_8,unroll_16,pipeline_1,pipeline_1,1,40,0.138777244341,False
workload_224.cpp,xczu7ev-ffvc1156-2-e,10,10.91586,379,0,2,5,30,block_64_1,block_64_1,complete_1,unroll_4,unroll_2,pipeline_1,pipeline_1,pipeline_1,1,9.25,0.804744739913,False
workload_298.cpp,xczu7ev-ffvc1156-2-e,10,10.8749,365,2,2,4,30,block_64_1,cyclic_16_1,complete_1,unroll_4,pipeline_1,pipeline_1,pipeline_1,pipeline_1,1,9.5,0.796041388739,False
workload_135.cpp,xczu7ev-ffvc1156-2-e,10,47.62117,67,0,0,1,10,block_64_1,cyclic_2_1,complete_1,unroll_16,pipeline_1,unroll_2,unroll_4,unroll_2,1,2.75,0.843973994365,False
workload_545.cpp,xczu7ev-ffvc1156-2-e,10,10.85442,383,0,2,5,30,block_64_1,cyclic_32_1,complete_1,pipeline_1,pipeline_1,pipeline_1,pipeline_1,pipeline_1,1,9.25,0.804715253925,False
workload_259.cpp,xczu7ev-ffvc1156-2-e,10,168.57602,54,0,0,1,3,block_64_1,cyclic_32_1,complete_1,pipeline_1,unroll_2,pipeline_1,unroll_16,pipeline_1,1,1,0.352000430287,False
workload_517.cpp,xczu7ev-ffvc1156-2-e,10,16.26114,357,0,38,18,64,block_64_1,cyclic_32_1,complete_1,unroll_32,pipeline_1,pipeline_1,pipeline_1,pipeline_1,1,30,0.265090317201,False
workload_456.cpp,xczu7ev-ffvc1156-2-e,10,10.85442,397,0,2,5,30,block_64_1,cyclic_32_1,complete_1,unroll_4,pipeline_1,pipeline_1,pipeline_1,pipeline_1,2,9.25,0.804715253925,False
workload_507.cpp,xczu7ev-ffvc1156-2-e,10,168.2253,79,0,0,1,6,block_64_1,cyclic_32_1,complete_1,unroll_4,unroll_2,pipeline_1,unroll_32,pipeline_1,1,1.75,0.352246750307,False
workload_474.cpp,xczu7ev-ffvc1156-2-e,10,16.38405,645,0,51,33,77,block_64_1,cyclic_32_1,complete_1,unroll_4,unroll_64,unroll_32,pipeline_1,pipeline_1,1,40.25,0.136742692423,False
workload_662.cpp,xczu7ev-ffvc1156-2-e,10,10.85442,422,0,2,5,30,block_64_1,cyclic_32_1,complete_1,unroll_8,pipeline_1,pipeline_1,pipeline_1,pipeline_1,1,9.25,0.804715253925,False
workload_368.cpp,xczu7ev-ffvc1156-2-e,10,10.87493,377,0,21,13,44,block_64_1,cyclic_4_1,complete_1,unroll_2,pipeline_1,unroll_4,pipeline_1,pipeline_1,1,19.5,0.491540163927,False
workload_416.cpp,xczu7ev-ffvc1156-2-e,10,10.85445,396,0,21,14,45,block_64_1,cyclic_64_1,complete_1,pipeline_1,pipeline_1,pipeline_1,pipeline_1,pipeline_1,1,20,0.478565187579,False
workload_620.cpp,xczu7ev-ffvc1156-2-e,10,16.17922,378,0,40,20,66,block_64_1,cyclic_64_1,complete_1,unroll_16,pipeline_1,pipeline_1,pipeline_1,pipeline_1,1,31.5,0.240556445867,False
workload_272.cpp,xczu7ev-ffvc1156-2-e,10,16.17925,332,0,51,26,74,block_64_1,cyclic_64_1,complete_1,unroll_16,pipeline_1,unroll_4,pipeline_1,unroll_2,1,37.75,0.159554432577,False
workload_304.cpp,xczu7ev-ffvc1156-2-e,10,32.56837,69,0,0,2,4,block_64_1,cyclic_64_1,complete_1,unroll_2,pipeline_1,pipeline_1,unroll_16,pipeline_1,1,1.5,0.933722178955,False
workload_172.cpp,xczu7ev-ffvc1156-2-e,10,10.85445,371,0,21,14,45,block_64_1,cyclic_64_1,complete_1,unroll_2,pipeline_1,unroll_4,pipeline_1,pipeline_1,3,20,0.478565187579,False
workload_509.cpp,xczu7ev-ffvc1156-2-e,10,10.85442,396,0,2,5,30,block_64_1,cyclic_64_1,complete_1,unroll_2,unroll_2,unroll_4,pipeline_1,unroll_2,1,9.25,0.804715253925,False
workload_645.cpp,xczu7ev-ffvc1156-2-e,10,32.2381,121,0,0,2,12,block_64_1,cyclic_64_1,complete_1,unroll_32,pipeline_1,pipeline_1,unroll_32,pipeline_1,1,3.5,0.890555529631,False
workload_588.cpp,xczu7ev-ffvc1156-2-e,10,10.85442,385,0,2,5,30,block_64_1,cyclic_64_1,complete_1,unroll_4,pipeline_1,pipeline_1,pipeline_1,pipeline_1,1,9.25,0.804715253925,False
workload_495.cpp,xczu7ev-ffvc1156-2-e,10,10.8749,471,1,2,4,30,block_64_1,cyclic_8_1,complete_1,pipeline_1,unroll_2,pipeline_1,pipeline_1,pipeline_1,1,9.25,0.804725225686,False
workload_231.cpp,xczu7ev-ffvc1156-2-e,10,178.35013,54,1,0,1,6,block_64_1,cyclic_8_1,complete_1,unroll_4,unroll_2,pipeline_1,unroll_2,pipeline_1,1,2,0.321723049843,False
workload_119.cpp,xczu7ev-ffvc1156-2-e,10,18.59586,496,7,6,10,36,block_8_1,block_16_1,complete_1,pipeline_1,unroll_8,unroll_32,pipeline_1,pipeline_1,1,14.75,0.625550031014,False
workload_78.cpp,xczu7ev-ffvc1156-2-e,10,18.57541,586,7,6,10,37,block_8_1,block_16_1,complete_1,unroll_16,unroll_8,unroll_32,pipeline_1,pipeline_1,1,15,0.618043976233,False
workload_11.cpp,xczu7ev-ffvc1156-2-e,10,159.39973,64,2,0,1,6,block_8_1,block_2_1,complete_1,unroll_16,unroll_8,unroll_32,unroll_16,pipeline_1,1,2.25,0.37913786541,False
workload_3.cpp,xczu7ev-ffvc1156-2-e,10,181.33762,99,2,0,7,7,block_8_1,block_2_1,complete_1,unroll_2,unroll_64,unroll_8,unroll_8,unroll_2,1,4,0.309366657155,False
workload_99.cpp,xczu7ev-ffvc1156-2-e,10,33.28773,54,3,0,0,2,block_8_1,block_4_1,complete_1,unroll_16,pipeline_1,unroll_32,unroll_8,unroll_2,1,1.25,0.932003401364,False
workload_88.cpp,xczu7ev-ffvc1156-2-e,10,54.54085,59,3,1,1,3,block_8_1,block_4_1,complete_1,unroll_2,unroll_16,pipeline_1,unroll_8,unroll_2,1,2,0.818208890822,False
workload_1.cpp,xczu7ev-ffvc1156-2-e,10,33.28773,60,5,0,0,3,block_8_1,block_8_1,complete_1,unroll_16,pipeline_1,unroll_32,unroll_8,unroll_2,1,2,0.923489876529,False
workload_72.cpp,xczu7ev-ffvc1156-2-e,10,61.74981,52,5,0,0,2,block_8_1,block_8_1,complete_1,unroll_2,unroll_8,pipeline_1,unroll_8,unroll_2,1,1.75,0.783500001025,False
workload_65.cpp,xczu7ev-ffvc1156-2-e,10,33.41061,58,5,0,1,3,block_8_1,block_8_1,complete_1,unroll_32,pipeline_1,unroll_8,unroll_8,pipeline_1,1,2.25,0.91817933262,False
workload_19.cpp,xczu7ev-ffvc1156-2-e,10,158.90562,129,1,0,3,11,block_8_1,cyclic_128_1,complete_1,pipeline_1,unroll_16,pipeline_1,unroll_64,pipeline_1,1,3.75,0.377140253218,False
workload_75.cpp,xczu7ev-ffvc1156-2-e,10,157.92258,147,1,0,4,18,block_8_1,cyclic_128_1,complete_1,pipeline_1,unroll_32,pipeline_1,unroll_64,pipeline_1,1,5.75,0.372123572917,False
workload_57.cpp,xczu7ev-ffvc1156-2-e,10,158.90562,69,1,0,1,5,block_8_1,cyclic_32_1,complete_1,pipeline_1,unroll_8,pipeline_1,unroll_64,pipeline_1,1,1.75,0.381707525384,False
workload_87.cpp,xczu7ev-ffvc1156-2-e,10,26.35874,97,3,25,16,24,block_8_1,cyclic_4_1,complete_1,unroll_2,unroll_64,unroll_8,unroll_64,unroll_2,1,17,0.556880360564,False
workload_51.cpp,xczu7ev-ffvc1156-2-e,10,27.6557,90,3,25,16,23,block_8_1,cyclic_4_1,complete_1,unroll_2,unroll_64,unroll_8,unroll_8,unroll_2,1,16.75,0.56307119637,False
workload_9.cpp,xczu7ev-ffvc1156-2-e,10,331.70437,68,5,0,2,5,cyclic_128_1,block_16_1,complete_1,unroll_2,unroll_8,unroll_2,unroll_2,unroll_2,1,3,0.1,False
workload_52.cpp,xczu7ev-ffvc1156-2-e,10,295.52837,98,5,0,2,4,cyclic_128_1,block_16_1,complete_1,unroll_2,unroll_8,unroll_2,unroll_32,unroll_2,1,2.75,0.112345346171,False
workload_74.cpp,xczu7ev-ffvc1156-2-e,10,164.14818,119,1,0,3,6,cyclic_128_1,block_4_1,complete_1,unroll_16,unroll_2,unroll_8,unroll_64,pipeline_1,1,2.5,0.363476671982,False
workload_59.cpp,xczu7ev-ffvc1156-2-e,10,169.39106,230,0,0,4,8,cyclic_128_1,cyclic_128_1,complete_1,unroll_16,unroll_2,unroll_8,unroll_64,pipeline_1,1,3,0.346307055426,False
workload_8.cpp,xczu7ev-ffvc1156-2-e,10,169.39106,129,2,0,3,6,cyclic_128_1,cyclic_16_1,complete_1,unroll_16,unroll_2,unroll_8,unroll_64,pipeline_1,1,2.75,0.346758784446,False
workload_269.cpp,xczu7ev-ffvc1156-2-e,10,16.03586,398,0,1,7,31,cyclic_128_1,cyclic_2_1,complete_1,pipeline_1,pipeline_1,unroll_16,pipeline_1,pipeline_1,1,9.75,0.786557576688,False
workload_157.cpp,xczu7ev-ffvc1156-2-e,10,16.03586,420,0,1,7,31,cyclic_128_1,cyclic_2_1,complete_1,pipeline_1,pipeline_1,unroll_16,pipeline_1,unroll_2,1,9.75,0.786557576688,False
workload_25.cpp,xczu7ev-ffvc1156-2-e,10,76.43653,181,0,0,3,7,cyclic_128_1,cyclic_32_1,complete_1,unroll_2,pipeline_1,unroll_4,unroll_4,unroll_2,1,2.5,0.708442810192,False
workload_54.cpp,xczu7ev-ffvc1156-2-e,10,208.49669,77,0,0,3,8,cyclic_128_1,cyclic_32_1,complete_1,unroll_2,unroll_4,unroll_4,unroll_2,pipeline_1,1,2.75,0.242415572826,False
workload_158.cpp,xczu7ev-ffvc1156-2-e,10,16.17925,345,0,51,27,73,cyclic_128_1,cyclic_64_1,complete_1,unroll_16,pipeline_1,unroll_8,pipeline_1,pipeline_1,1,37.75,0.159554432577,False
workload_108.cpp,xczu7ev-ffvc1156-2-e,10,76.43653,186,0,0,3,8,cyclic_128_1,cyclic_64_1,complete_1,unroll_2,pipeline_1,unroll_4,unroll_4,unroll_2,1,2.75,0.706808407782,False
workload_152.cpp,xczu7ev-ffvc1156-2-e,10,75.12581,181,0,0,3,8,cyclic_128_1,cyclic_64_1,complete_1,unroll_2,pipeline_1,unroll_8,unroll_4,pipeline_1,1,2.75,0.712911587229,False
workload_219.cpp,xczu7ev-ffvc1156-2-e,10,37.79586,58,1,0,2,5,cyclic_128_1,cyclic_8_1,complete_1,unroll_64,pipeline_1,unroll_16,unroll_2,pipeline_1,1,2,0.902160809552,False
workload_243.cpp,xczu7ev-ffvc1156-2-e,10,32.27906,50,2,0,0,1,cyclic_16_1,block_2_1,complete_1,pipeline_1,pipeline_1,pipeline_1,unroll_32,pipeline_1,1,0.75,0.943802908713,False
workload_800.cpp,xczu7ev-ffvc1156-2-e,10,18.7597,319,5,10,7,38,cyclic_16_1,block_2_1,complete_1,unroll_16,pipeline_1,pipeline_1,pipeline_1,unroll_2,1,15,0.617995808909,False
workload_71.cpp,xczu7ev-ffvc1156-2-e,10,154.95426,252,2,0,5,36,cyclic_16_1,block_64_1,complete_1,unroll_8,unroll_64,pipeline_1,unroll_32,pipeline_1,1,10.75,0.347225932882,False
workload_703.cpp,xczu7ev-ffvc1156-2-e,10,16.13826,349,5,12,9,40,cyclic_16_1,cyclic_128_1,complete_1,unroll_16,pipeline_1,unroll_4,pipeline_1,unroll_2,1,16.5,0.574360292527,False
workload_721.cpp,xczu7ev-ffvc1156-2-e,10,17.34658,1207,5,12,10,44,cyclic_16_1,cyclic_128_1,complete_1,unroll_4,unroll_32,pipeline_1,pipeline_1,unroll_2,1,17.75,0.53898293292,False
workload_846.cpp,xczu7ev-ffvc1156-2-e,10,15.36514,65,7,12,6,12,cyclic_16_1,cyclic_16_1,complete_1,unroll_32,unroll_64,pipeline_1,unroll_16,unroll_2,1,9.25,0.80364519908,False
workload_216.cpp,xczu7ev-ffvc1156-2-e,10,18.7597,453,3,3,3,33,cyclic_16_1,cyclic_2_1,complete_1,unroll_16,pipeline_1,unroll_16,pipeline_1,pipeline_1,1,10.5,0.759722704489,False
workload_184.cpp,xczu7ev-ffvc1156-2-e,10,18.7597,484,3,3,3,33,cyclic_16_1,cyclic_2_1,complete_1,unroll_16,pipeline_1,unroll_16,pipeline_1,unroll_2,1,10.5,0.759722704489,False
workload_45.cpp,xczu7ev-ffvc1156-2-e,10,191.49317,113,2,0,4,33,cyclic_16_1,cyclic_2_1,complete_1,unroll_2,unroll_64,unroll_64,unroll_4,pipeline_1,1,9.75,0.259209961637,False
workload_538.cpp,xczu7ev-ffvc1156-2-e,10,22.08261,59,3,3,1,4,cyclic_16_1,cyclic_2_1,complete_1,unroll_32,unroll_32,pipeline_1,unroll_16,unroll_2,1,2.75,0.939818731201,False
workload_655.cpp,xczu7ev-ffvc1156-2-e,10,34.69826,66,3,2,1,4,cyclic_16_1,cyclic_2_1,complete_1,unroll_4,unroll_64,pipeline_1,unroll_16,unroll_2,1,2.5,0.90731466938,False
workload_186.cpp,xczu7ev-ffvc1156-2-e,10,32.25858,53,2,0,1,2,cyclic_16_1,cyclic_32_1,complete_1,pipeline_1,pipeline_1,pipeline_1,unroll_32,pipeline_1,1,1.25,0.937104078022,False
workload_253.cpp,xczu7ev-ffvc1156-2-e,10,23.06309,55,2,0,1,2,cyclic_16_1,cyclic_32_1,complete_1,unroll_16,pipeline_1,pipeline_1,unroll_32,unroll_2,1,1.25,0.970171759998,False
workload_773.cpp,xczu7ev-ffvc1156-2-e,10,10.81346,382,2,1,4,28,cyclic_16_1,cyclic_32_1,complete_1,unroll_2,pipeline_1,pipeline_1,pipeline_1,pipeline_1,1,8.75,0.82220789645,False
workload_347.cpp,xczu7ev-ffvc1156-2-e,10,43.21666,48,2,0,1,2,cyclic_16_1,cyclic_32_1,complete_1,unroll_2,pipeline_1,unroll_4,unroll_16,unroll_2,1,1.25,0.880570903313,False
workload_834.cpp,xczu7ev-ffvc1156-2-e,10,159.70818,68,2,0,2,16,cyclic_16_1,cyclic_32_1,complete_1,unroll_2,unroll_32,pipeline_1,unroll_16,pipeline_1,1,5,0.37005584181,False
workload_654.cpp,xczu7ev-ffvc1156-2-e,10,22.73794,54,2,0,1,2,cyclic_16_1,cyclic_32_1,complete_1,unroll_32,pipeline_1,pipeline_1,unroll_16,pipeline_1,1,1.25,0.97031747334,False
workload_881.cpp,xczu7ev-ffvc1156-2-e,10,16.13826,311,5,7,5,34,cyclic_16_1,cyclic_32_1,complete_1,unroll_32,pipeline_1,unroll_4,pipeline_1,unroll_2,1,12.75,0.688140651474,False
workload_864.cpp,xczu7ev-ffvc1156-2-e,10,268.33029,60,2,0,0,3,cyclic_16_1,cyclic_32_1,complete_1,unroll_32,unroll_2,pipeline_1,unroll_64,unroll_2,1,1.25,0.138379982957,False
workload_794.cpp,xczu7ev-ffvc1156-2-e,10,17.34658,1231,5,12,8,42,cyclic_16_1,cyclic_32_1,complete_1,unroll_32,unroll_32,pipeline_1,pipeline_1,pipeline_1,1,16.75,0.567087296898,False
workload_402.cpp,xczu7ev-ffvc1156-2-e,10,139.39205,67,2,0,2,17,cyclic_16_1,cyclic_32_1,complete_1,unroll_32,unroll_32,pipeline_1,unroll_16,pipeline_1,1,5.25,0.435623392794,False
workload_363.cpp,xczu7ev-ffvc1156-2-e,10,17.82277,56,5,4,2,5,cyclic_16_1,cyclic_32_1,complete_1,unroll_32,unroll_32,pipeline_1,unroll_16,unroll_2,1,4,1,True
workload_811.cpp,xczu7ev-ffvc1156-2-e,10,17.32741,68.5,5,4,2,6,cyclic_16_1,cyclic_32_1,complete_1,unroll_32,unroll_32,pipeline_1,unroll_64,unroll_2,2,4.25,0.916048685607,False
workload_829.cpp,xczu7ev-ffvc1156-2-e,10,141.19426,96,2,0,5,33,cyclic_16_1,cyclic_32_1,complete_1,unroll_32,unroll_64,pipeline_1,unroll_16,pipeline_1,1,10,0.393595155502,False
workload_565.cpp,xczu7ev-ffvc1156-2-e,10,15.20133,72,5,12,7,12,cyclic_16_1,cyclic_32_1,complete_1,unroll_32,unroll_64,pipeline_1,unroll_16,unroll_2,1,9,0.811978759108,False
workload_869.cpp,xczu7ev-ffvc1156-2-e,10,10.81346,363,2,1,4,28,cyclic_16_1,cyclic_32_1,complete_1,unroll_4,pipeline_1,pipeline_1,pipeline_1,unroll_2,1,8.75,0.82220789645,False
workload_792.cpp,xczu7ev-ffvc1156-2-e,10,17.34658,1445,5,12,8,41,cyclic_16_1,cyclic_32_1,complete_1,unroll_4,unroll_16,pipeline_1,pipeline_1,pipeline_1,1,16.5,0.574246493465,False
workload_526.cpp,xczu7ev-ffvc1156-2-e,10,10.81346,464,2,1,4,28,cyclic_16_1,cyclic_32_1,complete_1,unroll_4,unroll_2,unroll_8,pipeline_1,pipeline_1,1,8.75,0.82220789645,False
workload_861.cpp,xczu7ev-ffvc1156-2-e,10,154.13506,70,2,0,2,17,cyclic_16_1,cyclic_32_1,complete_1,unroll_4,unroll_32,pipeline_1,unroll_32,pipeline_1,1,5.25,0.386566597186,False
workload_652.cpp,xczu7ev-ffvc1156-2-e,10,17.34658,1869,5,12,8,41,cyclic_16_1,cyclic_32_1,complete_1,unroll_4,unroll_32,unroll_8,pipeline_1,pipeline_1,1,16.5,0.574246493465,False
workload_548.cpp,xczu7ev-ffvc1156-2-e,10,17.34658,2239,5,12,8,41,cyclic_16_1,cyclic_32_1,complete_1,unroll_4,unroll_64,pipeline_1,pipeline_1,pipeline_1,1,16.5,0.574246493465,False
workload_757.cpp,xczu7ev-ffvc1156-2-e,10,17.34658,816,5,12,8,41,cyclic_16_1,cyclic_32_1,complete_1,unroll_8,unroll_32,pipeline_1,pipeline_1,unroll_2,1,16.5,0.574246493465,False
workload_448.cpp,xczu7ev-ffvc1156-2-e,10,10.83394,388,3,1,4,28,cyclic_16_1,cyclic_4_1,complete_1,pipeline_1,pipeline_1,pipeline_1,pipeline_1,pipeline_1,1,9,0.813437617379,False
workload_120.cpp,xczu7ev-ffvc1156-2-e,10,42.40389,49,3,0,0,1,cyclic_16_1,cyclic_4_1,complete_1,pipeline_1,pipeline_1,pipeline_1,unroll_2,pipeline_1,1,1,0.887401559644,False
workload_101.cpp,xczu7ev-ffvc1156-2-e,10,32.27906,51,3,0,0,1,cyclic_16_1,cyclic_4_1,complete_1,pipeline_1,pipeline_1,pipeline_1,unroll_32,pipeline_1,1,1,0.939994866613,False
workload_400.cpp,xczu7ev-ffvc1156-2-e,10,32.77186,48,3,0,0,1,cyclic_16_1,cyclic_4_1,complete_1,pipeline_1,pipeline_1,unroll_4,unroll_16,pipeline_1,1,1,0.937465608009,False
workload_163.cpp,xczu7ev-ffvc1156-2-e,10,151.20642,55,3,0,0,5,cyclic_16_1,cyclic_4_1,complete_1,pipeline_1,unroll_8,pipeline_1,unroll_32,pipeline_1,1,2,0.406762934175,False
workload_742.cpp,xczu7ev-ffvc1156-2-e,10,17.44898,321,3,6,3,34,cyclic_16_1,cyclic_4_1,complete_1,unroll_32,pipeline_1,pipeline_1,pipeline_1,pipeline_1,1,11.5,0.728031193526,False
workload_331.cpp,xczu7ev-ffvc1156-2-e,10,10.83394,362,3,1,4,28,cyclic_16_1,cyclic_4_1,complete_1,unroll_4,pipeline_1,pipeline_1,pipeline_1,pipeline_1,1,9,0.813437617379,False
workload_753.cpp,xczu7ev-ffvc1156-2-e,10,10.83394,374,3,1,4,28,cyclic_16_1,cyclic_4_1,complete_1,unroll_4,pipeline_1,unroll_8,pipeline_1,pipeline_1,1,9,0.813437617379,False
workload_395.cpp,xczu7ev-ffvc1156-2-e,10,10.83394,350,3,1,4,28,cyclic_16_1,cyclic_4_1,complete_1,unroll_4,unroll_2,pipeline_1,pipeline_1,pipeline_1,1,9,0.813437617379,False
workload_0.cpp,xczu7ev-ffvc1156-2-e,10,175.7645,52,3,0,0,2,cyclic_16_1,cyclic_4_1,complete_1,unroll_8,unroll_2,unroll_2,unroll_4,pipeline_1,1,1.25,0.330158608088,False
workload_385.cpp,xczu7ev-ffvc1156-2-e,10,10.81346,372,2,1,5,28,cyclic_16_1,cyclic_64_1,complete_1,pipeline_1,pipeline_1,unroll_4,pipeline_1,pipeline_1,1,9,0.813427027103,False
workload_667.cpp,xczu7ev-ffvc1156-2-e,10,139.88354,104,2,0,5,32,cyclic_16_1,cyclic_64_1,complete_1,unroll_16,unroll_64,pipeline_1,unroll_16,pipeline_1,1,9.75,0.399660269543,False
workload_797.cpp,xczu7ev-ffvc1156-2-e,10,15.52642,76,5,6,4,7,cyclic_16_1,cyclic_64_1,complete_1,unroll_16,unroll_64,pipeline_1,unroll_32,unroll_2,1,5.5,0.895638632749,False
workload_465.cpp,xczu7ev-ffvc1156-2-e,10,139.90277,113,2,0,5,33,cyclic_16_1,cyclic_64_1,complete_1,unroll_16,unroll_64,unroll_32,unroll_16,pipeline_1,1,10,0.397568625592,False
workload_311.cpp,xczu7ev-ffvc1156-2-e,10,10.81346,357,2,1,5,28,cyclic_16_1,cyclic_64_1,complete_1,unroll_2,pipeline_1,unroll_4,pipeline_1,pipeline_1,1,9,0.813427027103,False
workload_473.cpp,xczu7ev-ffvc1156-2-e,10,10.81346,385,2,1,5,28,cyclic_16_1,cyclic_64_1,complete_1,unroll_2,pipeline_1,unroll_4,pipeline_1,unroll_2,1,9,0.813427027103,False
workload_629.cpp,xczu7ev-ffvc1156-2-e,10,173.79842,57,2,0,1,3,cyclic_16_1,cyclic_64_1,complete_1,unroll_2,unroll_2,pipeline_1,unroll_16,pipeline_1,1,1.5,0.335718310117,False
workload_409.cpp,xczu7ev-ffvc1156-2-e,10,10.81346,382,2,1,5,28,cyclic_16_1,cyclic_64_1,complete_1,unroll_2,unroll_2,unroll_4,pipeline_1,pipeline_1,1,9,0.813427027103,False
workload_546.cpp,xczu7ev-ffvc1156-2-e,10,16.03589,666,3,32,23,56,cyclic_16_1,cyclic_64_1,complete_1,unroll_2,unroll_2,unroll_64,pipeline_1,unroll_2,1,28.5,0.291595473812,False
workload_743.cpp,xczu7ev-ffvc1156-2-e,10,22.4077,61,2,0,1,3,cyclic_16_1,cyclic_64_1,complete_1,unroll_32,pipeline_1,pipeline_1,unroll_32,unroll_2,1,1.5,0.970342593334,False
workload_442.cpp,xczu7ev-ffvc1156-2-e,10,180.024355,67.5,2,0,1,4,cyclic_16_1,cyclic_64_1,complete_1,unroll_32,unroll_32,pipeline_1,unroll_16,unroll_2,2,1.75,0.31726979077,False
workload_427.cpp,xczu7ev-ffvc1156-2-e,10,180.03333,68,2,0,1,4,cyclic_16_1,cyclic_64_1,complete_1,unroll_32,unroll_32,unroll_64,unroll_16,unroll_2,1,1.75,0.317244174111,False
workload_716.cpp,xczu7ev-ffvc1156-2-e,10,16.13826,316,5,11,7,38,cyclic_16_1,cyclic_64_1,complete_1,unroll_32,unroll_4,pipeline_1,pipeline_1,unroll_2,1,15.25,0.610984788025,False
workload_826.cpp,xczu7ev-ffvc1156-2-e,10,17.34658,1785,5,12,9,43,cyclic_16_1,cyclic_64_1,complete_1,unroll_32,unroll_64,pipeline_1,pipeline_1,pipeline_1,1,17.25,0.552928386319,False
workload_571.cpp,xczu7ev-ffvc1156-2-e,10,15.2013,71.5,5,6,4,7,cyclic_16_1,cyclic_64_1,complete_1,unroll_32,unroll_64,pipeline_1,unroll_16,unroll_2,2,5.5,1,True
workload_668.cpp,xczu7ev-ffvc1156-2-e,10,14.87106,80,5,6,4,8,cyclic_16_1,cyclic_64_1,complete_1,unroll_32,unroll_64,pipeline_1,unroll_32,unroll_2,1,5.75,1,True
workload_782.cpp,xczu7ev-ffvc1156-2-e,10,16.85698,79,5,6,4,8,cyclic_16_1,cyclic_64_1,complete_1,unroll_32,unroll_64,unroll_4,unroll_32,unroll_2,1,5.75,0.887197648476,False
workload_322.cpp,xczu7ev-ffvc1156-2-e,10,15.21029,73,5,6,4,8,cyclic_16_1,cyclic_64_1,complete_1,unroll_32,unroll_64,unroll_64,unroll_16,unroll_2,1,5.75,0.890857705353,False
workload_312.cpp,xczu7ev-ffvc1156-2-e,10,10.81346,359,2,1,5,28,cyclic_16_1,cyclic_64_1,complete_1,unroll_4,pipeline_1,pipeline_1,pipeline_1,pipeline_1,2,9,0.813427027103,False
workload_500.cpp,xczu7ev-ffvc1156-2-e,10,37.81125,55,2,0,1,2,cyclic_16_1,cyclic_64_1,complete_1,unroll_4,pipeline_1,pipeline_1,unroll_16,unroll_2,1,1.25,0.908844943061,False
workload_381.cpp,xczu7ev-ffvc1156-2-e,10,10.81349,389,3,34,20,54,cyclic_16_1,cyclic_64_1,complete_1,unroll_4,pipeline_1,unroll_4,pipeline_1,pipeline_1,1,27.75,0.305354036512,False
workload_825.cpp,xczu7ev-ffvc1156-2-e,10,17.34658,875,5,12,9,43,cyclic_16_1,cyclic_64_1,complete_1,unroll_4,unroll_64,pipeline_1,pipeline_1,unroll_2,1,17.25,0.552928386319,False
workload_885.cpp,xczu7ev-ffvc1156-2-e,10,17.34658,886,5,12,9,43,cyclic_16_1,cyclic_64_1,complete_1,unroll_8,unroll_64,pipeline_1,pipeline_1,unroll_2,1,17.25,0.552928386319,False
workload_852.cpp,xczu7ev-ffvc1156-2-e,10,148.23682,311,0,0,6,35,cyclic_2_1,block_128_1,complete_1,unroll_32,unroll_64,pipeline_1,unroll_32,pipeline_1,1,10.25,0.370409434494,False
workload_255.cpp,xczu7ev-ffvc1156-2-e,10,16.05634,386,0,1,2,27,cyclic_2_1,block_128_1,complete_1,unroll_4,pipeline_1,pipeline_1,pipeline_1,unroll_2,1,7.5,0.843708676689,False
workload_193.cpp,xczu7ev-ffvc1156-2-e,10,26.5421,884,5,1,1,31,cyclic_2_1,block_16_1,complete_1,pipeline_1,unroll_8,unroll_8,pipeline_1,pipeline_1,1,9.5,0.777093873996,False
workload_241.cpp,xczu7ev-ffvc1156-2-e,10,27.38565,49,5,0,0,1,cyclic_2_1,block_16_1,complete_1,unroll_32,pipeline_1,unroll_2,unroll_16,unroll_2,1,1.5,0.956989988917,False
workload_191.cpp,xczu7ev-ffvc1156-2-e,10,18.6573,395,1,1,1,27,cyclic_2_1,block_2_1,complete_1,pipeline_1,pipeline_1,unroll_4,pipeline_1,pipeline_1,1,7.5,0.838427685189,False
workload_728.cpp,xczu7ev-ffvc1156-2-e,10,18.7597,342,1,1,1,30,cyclic_2_1,block_2_1,complete_1,unroll_16,pipeline_1,pipeline_1,pipeline_1,unroll_2,1,8.25,0.826173921248,False
workload_876.cpp,xczu7ev-ffvc1156-2-e,10,23.08354,48,0,0,0,1,cyclic_2_1,block_2_1,complete_1,unroll_16,pipeline_1,pipeline_1,unroll_32,pipeline_1,1,0.25,1,True
workload_816.cpp,xczu7ev-ffvc1156-2-e,10,23.08354,50,0,0,0,1,cyclic_2_1,block_2_1,complete_1,unroll_16,pipeline_1,pipeline_1,unroll_32,unroll_2,1,0.25,1,True
workload_168.cpp,xczu7ev-ffvc1156-2-e,10,27.05602,53,0,0,0,1,cyclic_2_1,block_2_1,complete_1,unroll_16,pipeline_1,unroll_2,unroll_32,unroll_2,1,0.25,0.977022229673,False
workload_291.cpp,xczu7ev-ffvc1156-2-e,10,24.80514,48,0,0,0,1,cyclic_2_1,block_2_1,complete_1,unroll_16,pipeline_1,unroll_4,unroll_16,pipeline_1,1,0.25,0.990005374157,False
workload_258.cpp,xczu7ev-ffvc1156-2-e,10,23.42274,51,0,0,0,2,cyclic_2_1,block_2_1,complete_1,unroll_16,pipeline_1,unroll_64,unroll_16,pipeline_1,1,0.5,0.991997736078,False
workload_205.cpp,xczu7ev-ffvc1156-2-e,10,23.42274,53,0,0,0,2,cyclic_2_1,block_2_1,complete_1,unroll_16,pipeline_1,unroll_64,unroll_16,unroll_2,1,0.5,0.991997736078,False
workload_138.cpp,xczu7ev-ffvc1156-2-e,10,28.62085,47,0,0,0,1,cyclic_2_1,block_2_1,complete_1,unroll_16,pipeline_1,unroll_8,unroll_2,pipeline_1,1,0.25,0.968052454655,False
workload_110.cpp,xczu7ev-ffvc1156-2-e,10,166.59461,53,0,0,0,2,cyclic_2_1,block_2_1,complete_1,unroll_16,unroll_4,unroll_2,unroll_2,pipeline_1,1,0.5,0.358390443168,False
workload_67.cpp,xczu7ev-ffvc1156-2-e,10,208.53765,51,0,0,0,1,cyclic_2_1,block_2_1,complete_1,unroll_16,unroll_4,unroll_2,unroll_2,unroll_2,1,0.25,0.244141488894,False
workload_142.cpp,xczu7ev-ffvc1156-2-e,10,197.10146,51,0,0,0,1,cyclic_2_1,block_2_1,complete_1,unroll_16,unroll_4,unroll_2,unroll_32,unroll_2,1,0.25,0.272016765785,False
workload_268.cpp,xczu7ev-ffvc1156-2-e,10,32.42178,47,0,0,0,1,cyclic_2_1,block_2_1,complete_1,unroll_2,pipeline_1,unroll_2,unroll_32,pipeline_1,1,0.25,0.946457115609,False
workload_323.cpp,xczu7ev-ffvc1156-2-e,10,190.51013,58,0,0,0,2,cyclic_2_1,block_2_1,complete_1,unroll_32,unroll_32,pipeline_1,unroll_16,unroll_2,1,0.5,0.28917831517,False
workload_232.cpp,xczu7ev-ffvc1156-2-e,10,18.65733,420,1,16,11,41,cyclic_2_1,block_2_1,complete_1,unroll_4,pipeline_1,unroll_8,pipeline_1,pipeline_1,1,17.25,0.55274070218,False
workload_58.cpp,xczu7ev-ffvc1156-2-e,10,168.90885,64,1,0,1,8,cyclic_2_1,block_4_1,complete_1,pipeline_1,unroll_16,unroll_32,unroll_2,pipeline_1,1,2.5,0.348777327651,False
workload_17.cpp,xczu7ev-ffvc1156-2-e,10,168.88837,62,1,0,1,8,cyclic_2_1,block_4_1,complete_1,unroll_2,unroll_16,unroll_32,unroll_2,pipeline_1,1,2.5,0.348839670917,False
workload_64.cpp,xczu7ev-ffvc1156-2-e,10,164.00133,63,0,0,4,7,cyclic_2_1,block_64_1,complete_1,pipeline_1,unroll_4,unroll_8,unroll_8,pipeline_1,1,2.75,0.363393056117,False
workload_94.cpp,xczu7ev-ffvc1156-2-e,10,160.21634,83,0,0,1,9,cyclic_2_1,block_64_1,complete_1,pipeline_1,unroll_8,pipeline_1,unroll_64,pipeline_1,1,2.5,0.375930449259,False
workload_293.cpp,xczu7ev-ffvc1156-2-e,10,16.0973,390.5,0,1,2,27,cyclic_2_1,block_64_1,complete_1,unroll_2,pipeline_1,unroll_4,pipeline_1,pipeline_1,2,7.5,0.843632938435,False
workload_827.cpp,xczu7ev-ffvc1156-2-e,10,22.4077,59,0,0,1,2,cyclic_2_1,block_64_1,complete_1,unroll_32,pipeline_1,pipeline_1,unroll_32,unroll_2,1,0.75,0.984965322138,False
workload_388.cpp,xczu7ev-ffvc1156-2-e,10,24.80514,47,2,0,0,1,cyclic_2_1,block_8_1,complete_1,unroll_16,pipeline_1,unroll_4,unroll_16,pipeline_1,1,0.75,0.980412405382,False
workload_50.cpp,xczu7ev-ffvc1156-2-e,10,180.03333,139,0,0,2,6,cyclic_2_1,cyclic_128_1,complete_1,unroll_32,unroll_32,unroll_64,unroll_16,unroll_2,1,2,0.316900070822,False
workload_128.cpp,xczu7ev-ffvc1156-2-e,10,181.01637,80,0,0,2,5,cyclic_2_1,cyclic_128_1,complete_1,unroll_32,unroll_8,unroll_64,unroll_16,unroll_2,1,1.75,0.314447462567,False
workload_882.cpp,xczu7ev-ffvc1156-2-e,10,16.03586,387,0,1,2,27,cyclic_2_1,cyclic_128_1,complete_1,unroll_4,pipeline_1,pipeline_1,pipeline_1,pipeline_1,1,7.5,0.84374643561,False
workload_351.cpp,xczu7ev-ffvc1156-2-e,10,16.05634,383.5,3,1,1,26,cyclic_2_1,cyclic_16_1,complete_1,pipeline_1,pipeline_1,unroll_8,pipeline_1,pipeline_1,2,7.75,0.841202618019,False
workload_290.cpp,xczu7ev-ffvc1156-2-e,10,16.05634,385,3,1,1,26,cyclic_2_1,cyclic_16_1,complete_1,pipeline_1,unroll_2,unroll_8,pipeline_1,pipeline_1,1,7.75,0.841202618019,False
workload_102.cpp,xczu7ev-ffvc1156-2-e,10,33.22373,54,2,0,0,1,cyclic_2_1,cyclic_16_1,complete_1,unroll_16,pipeline_1,pipeline_1,unroll_4,unroll_2,3,0.75,0.938789741786,False
workload_30.cpp,xczu7ev-ffvc1156-2-e,10,161.37221,54,2,0,0,2,cyclic_2_1,cyclic_16_1,complete_1,unroll_16,unroll_4,pipeline_1,unroll_2,pipeline_1,1,1,0.374665404095,False
workload_178.cpp,xczu7ev-ffvc1156-2-e,10,203.31013,52,2,0,0,1,cyclic_2_1,cyclic_16_1,complete_1,unroll_16,unroll_4,pipeline_1,unroll_4,unroll_2,1,0.75,0.256499331297,False
workload_203.cpp,xczu7ev-ffvc1156-2-e,10,160.06146,48,2,0,0,4,cyclic_2_1,cyclic_16_1,complete_1,unroll_16,unroll_8,pipeline_1,unroll_2,pipeline_1,1,1.5,0.378343686897,False
workload_393.cpp,xczu7ev-ffvc1156-2-e,10,16.05634,370,3,1,1,26,cyclic_2_1,cyclic_16_1,complete_1,unroll_2,pipeline_1,unroll_8,pipeline_1,pipeline_1,1,7.75,0.841202618019,False
workload_369.cpp,xczu7ev-ffvc1156-2-e,10,16.05634,385.5,3,1,1,26,cyclic_2_1,cyclic_16_1,complete_1,unroll_2,unroll_2,pipeline_1,pipeline_1,pipeline_1,2,7.75,0.841202618019,False
workload_342.cpp,xczu7ev-ffvc1156-2-e,10,16.15874,313,3,1,1,29,cyclic_2_1,cyclic_16_1,complete_1,unroll_32,pipeline_1,pipeline_1,pipeline_1,pipeline_1,1,8.5,0.825716598296,False
workload_266.cpp,xczu7ev-ffvc1156-2-e,10,16.15874,310,3,1,1,29,cyclic_2_1,cyclic_16_1,complete_1,unroll_32,unroll_2,pipeline_1,pipeline_1,unroll_2,2,8.5,0.825716598296,False
workload_185.cpp,xczu7ev-ffvc1156-2-e,10,195.42533,51,2,0,0,1,cyclic_2_1,cyclic_16_1,complete_1,unroll_32,unroll_2,pipeline_1,unroll_16,unroll_2,1,0.75,0.2762220785,False
workload_271.cpp,xczu7ev-ffvc1156-2-e,10,27.36517,55,3,2,1,3,cyclic_2_1,cyclic_16_1,complete_1,unroll_32,unroll_32,unroll_2,unroll_16,unroll_2,1,2.25,0.941460112532,False
workload_461.cpp,xczu7ev-ffvc1156-2-e,10,16.05634,431,3,1,1,26,cyclic_2_1,cyclic_16_1,complete_1,unroll_4,pipeline_1,pipeline_1,pipeline_1,pipeline_1,1,7.75,0.841202618019,False
workload_117.cpp,xczu7ev-ffvc1156-2-e,10,16.05634,371,3,1,1,26,cyclic_2_1,cyclic_16_1,complete_1,unroll_4,unroll_2,pipeline_1,pipeline_1,pipeline_1,1,7.75,0.841202618019,False
workload_394.cpp,xczu7ev-ffvc1156-2-e,10,21.27874,484,5,1,4,28,cyclic_2_1,cyclic_16_1,complete_1,unroll_4,unroll_2,unroll_64,pipeline_1,unroll_2,1,9.5,0.787727166371,False
workload_772.cpp,xczu7ev-ffvc1156-2-e,10,24.20994,66,3,2,1,4,cyclic_2_1,cyclic_16_1,complete_1,unroll_4,unroll_64,pipeline_1,unroll_32,unroll_2,1,2.5,0.941453297366,False
workload_356.cpp,xczu7ev-ffvc1156-2-e,10,26.52165,361,3,1,1,31,cyclic_2_1,cyclic_16_1,complete_1,unroll_4,unroll_64,unroll_4,pipeline_1,unroll_2,1,9,0.78990548764,False
workload_159.cpp,xczu7ev-ffvc1156-2-e,10,26.5421,806,3,1,1,31,cyclic_2_1,cyclic_16_1,complete_1,unroll_4,unroll_8,pipeline_1,pipeline_1,pipeline_1,1,9,0.789854682674,False
workload_746.cpp,xczu7ev-ffvc1156-2-e,10,16.15874,326,1,1,1,31,cyclic_2_1,cyclic_2_1,complete_1,unroll_32,pipeline_1,pipeline_1,pipeline_1,unroll_2,1,8.5,0.825716598296,False
workload_257.cpp,xczu7ev-ffvc1156-2-e,10,21.38114,466,1,1,3,32,cyclic_2_1,cyclic_2_1,complete_1,unroll_32,pipeline_1,unroll_16,pipeline_1,unroll_2,1,9.25,0.794788748679,False
workload_693.cpp,xczu7ev-ffvc1156-2-e,10,19.95266,71,1,2,1,4,cyclic_2_1,cyclic_2_1,complete_1,unroll_32,unroll_64,pipeline_1,unroll_16,unroll_2,1,2,0.962997356319,False
workload_642.cpp,xczu7ev-ffvc1156-2-e,10,16.05634,453,1,1,1,28,cyclic_2_1,cyclic_2_1,complete_1,unroll_4,unroll_2,pipeline_1,pipeline_1,pipeline_1,1,7.75,0.841202618019,False
workload_491.cpp,xczu7ev-ffvc1156-2-e,10,16.03586,423.5,0,1,1,27,cyclic_2_1,cyclic_32_1,complete_1,pipeline_1,pipeline_1,pipeline_1,pipeline_1,pipeline_1,4,7.25,0.845373138953,False
workload_226.cpp,xczu7ev-ffvc1156-2-e,10,32.58882,47,0,0,0,1,cyclic_2_1,cyclic_32_1,complete_1,pipeline_1,pipeline_1,pipeline_1,unroll_16,unroll_2,1,0.25,0.945514302121,False
workload_858.cpp,xczu7ev-ffvc1156-2-e,10,32.25858,51,0,0,0,1,cyclic_2_1,cyclic_32_1,complete_1,pipeline_1,pipeline_1,pipeline_1,unroll_32,pipeline_1,1,0.25,0.947378762609,False
workload_754.cpp,xczu7ev-ffvc1156-2-e,10,32.25858,49,0,0,0,1,cyclic_2_1,cyclic_32_1,complete_1,pipeline_1,pipeline_1,pipeline_1,unroll_32,unroll_2,1,0.25,0.947378762609,False
workload_333.cpp,xczu7ev-ffvc1156-2-e,10,16.03586,374,0,1,1,27,cyclic_2_1,cyclic_32_1,complete_1,pipeline_1,pipeline_1,unroll_4,pipeline_1,pipeline_1,1,7.25,0.845373138953,False
workload_360.cpp,xczu7ev-ffvc1156-2-e,10,32.75138,48,0,0,0,1,cyclic_2_1,cyclic_32_1,complete_1,pipeline_1,pipeline_1,unroll_4,unroll_16,pipeline_1,1,0.25,0.944597279233,False
workload_391.cpp,xczu7ev-ffvc1156-2-e,10,16.03586,398,0,1,1,27,cyclic_2_1,cyclic_32_1,complete_1,pipeline_1,unroll_2,pipeline_1,pipeline_1,pipeline_1,2,7.25,0.845373138953,False
workload_547.cpp,xczu7ev-ffvc1156-2-e,10,26.52162,1277,0,1,1,31,cyclic_2_1,cyclic_32_1,complete_1,pipeline_1,unroll_32,pipeline_1,pipeline_1,pipeline_1,1,8.25,0.806411794679,False
workload_656.cpp,xczu7ev-ffvc1156-2-e,10,29.30946,70,0,2,2,4,cyclic_2_1,cyclic_32_1,complete_1,pipeline_1,unroll_64,pipeline_1,unroll_32,unroll_2,1,2,0.940689761725,False
workload_765.cpp,xczu7ev-ffvc1156-2-e,10,23.3933,49,0,0,0,1,cyclic_2_1,cyclic_32_1,complete_1,unroll_16,pipeline_1,pipeline_1,unroll_16,pipeline_1,1,0.25,0.998197593276,False
workload_516.cpp,xczu7ev-ffvc1156-2-e,10,16.13826,326,0,1,1,30,cyclic_2_1,cyclic_32_1,complete_1,unroll_16,pipeline_1,unroll_4,pipeline_1,pipeline_1,1,8,0.837266971206,False
workload_319.cpp,xczu7ev-ffvc1156-2-e,10,24.78466,50,0,0,0,1,cyclic_2_1,cyclic_32_1,complete_1,unroll_16,pipeline_1,unroll_4,unroll_16,pipeline_1,1,0.25,0.99012394135,False
workload_702.cpp,xczu7ev-ffvc1156-2-e,10,24.4141,55,0,0,0,2,cyclic_2_1,cyclic_32_1,complete_1,unroll_16,pipeline_1,unroll_4,unroll_32,unroll_2,1,0.5,0.98790106533,False
workload_454.cpp,xczu7ev-ffvc1156-2-e,10,185.5949,53,0,0,0,1,cyclic_2_1,cyclic_32_1,complete_1,unroll_16,unroll_2,pipeline_1,unroll_16,unroll_2,1,0.25,0.302548865647,False
workload_535.cpp,xczu7ev-ffvc1156-2-e,10,22.73538,66,0,2,1,4,cyclic_2_1,cyclic_32_1,complete_1,unroll_16,unroll_32,pipeline_1,unroll_32,unroll_2,1,1.75,0.969068198935,False
workload_723.cpp,xczu7ev-ffvc1156-2-e,10,150.44994,89,0,0,5,30,cyclic_2_1,cyclic_32_1,complete_1,unroll_16,unroll_64,unroll_4,unroll_16,pipeline_1,1,8.75,0.3750960288,False
workload_405.cpp,xczu7ev-ffvc1156-2-e,10,20.45314,66,0,2,2,5,cyclic_2_1,cyclic_32_1,complete_1,unroll_16,unroll_64,unroll_64,unroll_16,unroll_2,1,2.25,0.957149802912,False
workload_616.cpp,xczu7ev-ffvc1156-2-e,10,16.03586,424,0,1,1,27,cyclic_2_1,cyclic_32_1,complete_1,unroll_2,pipeline_1,pipeline_1,pipeline_1,pipeline_1,3,7.25,0.845373138953,False
workload_780.cpp,xczu7ev-ffvc1156-2-e,10,16.03586,387.5,0,1,1,27,cyclic_2_1,cyclic_32_1,complete_1,unroll_2,pipeline_1,unroll_4,pipeline_1,pipeline_1,2,7.25,0.845373138953,False
workload_506.cpp,xczu7ev-ffvc1156-2-e,10,16.03586,408,0,1,1,27,cyclic_2_1,cyclic_32_1,complete_1,unroll_2,unroll_2,pipeline_1,pipeline_1,pipeline_1,1,7.25,0.845373138953,False
workload_459.cpp,xczu7ev-ffvc1156-2-e,10,16.03586,414,0,1,1,27,cyclic_2_1,cyclic_32_1,complete_1,unroll_2,unroll_2,unroll_4,pipeline_1,pipeline_1,1,7.25,0.845373138953,False
workload_859.cpp,xczu7ev-ffvc1156-2-e,10,158.39749,65,0,0,2,15,cyclic_2_1,cyclic_32_1,complete_1,unroll_2,unroll_32,pipeline_1,unroll_16,pipeline_1,1,4.25,0.377121920757,False
workload_515.cpp,xczu7ev-ffvc1156-2-e,10,157.98466,95,0,0,5,30,cyclic_2_1,cyclic_32_1,complete_1,unroll_2,unroll_64,unroll_4,unroll_32,pipeline_1,1,8.75,0.352687789038,False
workload_830.cpp,xczu7ev-ffvc1156-2-e,10,16.138275,315,0,1,1,30,cyclic_2_1,cyclic_32_1,complete_1,unroll_32,pipeline_1,pipeline_1,pipeline_1,pipeline_1,2,8,0.83726693683,False
workload_553.cpp,xczu7ev-ffvc1156-2-e,10,16.13826,354,0,1,1,30,cyclic_2_1,cyclic_32_1,complete_1,unroll_32,pipeline_1,pipeline_1,pipeline_1,unroll_2,2,8,0.837266971206,False
workload_586.cpp,xczu7ev-ffvc1156-2-e,10,22.73794,55,0,0,0,2,cyclic_2_1,cyclic_32_1,complete_1,unroll_32,pipeline_1,pipeline_1,unroll_16,pipeline_1,1,0.5,0.993979634721,False
workload_630.cpp,xczu7ev-ffvc1156-2-e,10,22.737955,52,0,0,0,2,cyclic_2_1,cyclic_32_1,complete_1,unroll_32,pipeline_1,pipeline_1,unroll_16,unroll_2,2,0.5,0.993979599841,False
workload_466.cpp,xczu7ev-ffvc1156-2-e,10,22.4077,55,0,0,0,2,cyclic_2_1,cyclic_32_1,complete_1,unroll_32,pipeline_1,pipeline_1,unroll_32,pipeline_1,2,0.5,1,True
workload_213.cpp,xczu7ev-ffvc1156-2-e,10,22.4077,52,0,0,0,2,cyclic_2_1,cyclic_32_1,complete_1,unroll_32,pipeline_1,pipeline_1,unroll_32,unroll_2,3,0.5,1,True
workload_528.cpp,xczu7ev-ffvc1156-2-e,10,24.7437,52,0,0,0,2,cyclic_2_1,cyclic_32_1,complete_1,unroll_32,pipeline_1,unroll_4,unroll_16,pipeline_1,1,0.5,0.986321817604,False
workload_634.cpp,xczu7ev-ffvc1156-2-e,10,24.39362,57,0,0,0,2,cyclic_2_1,cyclic_32_1,complete_1,unroll_32,pipeline_1,unroll_4,unroll_32,pipeline_1,1,0.5,0.987996507526,False
workload_583.cpp,xczu7ev-ffvc1156-2-e,10,24.39362,56,0,0,0,2,cyclic_2_1,cyclic_32_1,complete_1,unroll_32,pipeline_1,unroll_4,unroll_32,unroll_2,1,0.5,0.987996507526,False
workload_653.cpp,xczu7ev-ffvc1156-2-e,10,25.44386,52,0,0,0,2,cyclic_2_1,cyclic_32_1,complete_1,unroll_32,pipeline_1,unroll_4,unroll_8,unroll_2,1,0.5,0.98312251361,False
workload_320.cpp,xczu7ev-ffvc1156-2-e,10,22.74693,55,0,0,0,2,cyclic_2_1,cyclic_32_1,complete_1,unroll_32,pipeline_1,unroll_64,unroll_16,pipeline_1,1,0.5,0.993958665201,False
workload_479.cpp,xczu7ev-ffvc1156-2-e,10,16.13826,382,0,1,1,30,cyclic_2_1,cyclic_32_1,complete_1,unroll_32,pipeline_1,unroll_8,pipeline_1,pipeline_1,1,8,0.837266971206,False
workload_727.cpp,xczu7ev-ffvc1156-2-e,10,16.13826,329,0,1,1,30,cyclic_2_1,cyclic_32_1,complete_1,unroll_32,pipeline_1,unroll_8,pipeline_1,unroll_2,1,8,0.837266971206,False
workload_726.cpp,xczu7ev-ffvc1156-2-e,10,158.3949,56,0,0,0,2,cyclic_2_1,cyclic_32_1,complete_1,unroll_32,unroll_2,pipeline_1,unroll_32,pipeline_1,1,0.5,0.384599045146,False
workload_501.cpp,xczu7ev-ffvc1156-2-e,10,184.6093,64,0,0,0,2,cyclic_2_1,cyclic_32_1,complete_1,unroll_32,unroll_2,pipeline_1,unroll_32,unroll_2,1,0.5,0.305254946266,False
workload_770.cpp,xczu7ev-ffvc1156-2-e,10,26.52162,517,0,1,1,33,cyclic_2_1,cyclic_32_1,complete_1,unroll_32,unroll_32,pipeline_1,pipeline_1,unroll_2,1,8.75,0.795805283631,False
workload_281.cpp,xczu7ev-ffvc1156-2-e,10,148.56706,69,0,0,2,16,cyclic_2_1,cyclic_32_1,complete_1,unroll_32,unroll_32,pipeline_1,unroll_16,pipeline_1,1,4.5,0.408244819056,False
workload_123.cpp,xczu7ev-ffvc1156-2-e,10,22.41029,61,0,2,1,4,cyclic_2_1,cyclic_32_1,complete_1,unroll_32,unroll_32,pipeline_1,unroll_16,unroll_2,1,1.75,0.969951990699,False
workload_107.cpp,xczu7ev-ffvc1156-2-e,10,22.419235,64,0,2,1,4,cyclic_2_1,cyclic_32_1,complete_1,unroll_32,unroll_32,unroll_64,unroll_16,unroll_2,2,1.75,0.969928060059,False
workload_738.cpp,xczu7ev-ffvc1156-2-e,10,26.52162,492,0,1,1,33,cyclic_2_1,cyclic_32_1,complete_1,unroll_32,unroll_64,pipeline_1,pipeline_1,unroll_2,1,8.75,0.795805283631,False
workload_813.cpp,xczu7ev-ffvc1156-2-e,10,19.78882,61,0,2,2,4,cyclic_2_1,cyclic_32_1,complete_1,unroll_32,unroll_64,pipeline_1,unroll_16,unroll_2,1,2,0.963343127413,False
workload_636.cpp,xczu7ev-ffvc1156-2-e,10,148.07298,100,0,0,5,31,cyclic_2_1,cyclic_32_1,complete_1,unroll_32,unroll_64,pipeline_1,unroll_32,pipeline_1,1,9,0.3804602722,False
workload_575.cpp,xczu7ev-ffvc1156-2-e,10,19.45858,79,0,2,2,5,cyclic_2_1,cyclic_32_1,complete_1,unroll_32,unroll_64,pipeline_1,unroll_32,unroll_2,1,2.25,1,True
workload_250.cpp,xczu7ev-ffvc1156-2-e,10,148.412195,88.5,0,0,5,31,cyclic_2_1,cyclic_32_1,complete_1,unroll_32,unroll_64,unroll_64,unroll_16,pipeline_1,2,9,0.379430555117,False
workload_443.cpp,xczu7ev-ffvc1156-2-e,10,19.797795,71,0,2,2,5,cyclic_2_1,cyclic_32_1,complete_1,unroll_32,unroll_64,unroll_64,unroll_16,unroll_2,2,2.25,0.958618017308,False
workload_326.cpp,xczu7ev-ffvc1156-2-e,10,16.03586,399.5,0,1,1,27,cyclic_2_1,cyclic_32_1,complete_1,unroll_4,pipeline_1,pipeline_1,pipeline_1,pipeline_1,8,7.25,0.845373138953,False
workload_410.cpp,xczu7ev-ffvc1156-2-e,10,16.035875,402,0,5.5,5,31.5,cyclic_2_1,cyclic_32_1,complete_1,unroll_4,pipeline_1,pipeline_1,pipeline_1,unroll_2,2,10.5,0.761611681303,False
workload_523.cpp,xczu7ev-ffvc1156-2-e,10,27.32546,52,0,0,0,1,cyclic_2_1,cyclic_32_1,complete_1,unroll_4,pipeline_1,pipeline_1,unroll_16,pipeline_1,1,0.25,0.975474484546,False
workload_812.cpp,xczu7ev-ffvc1156-2-e,10,27.32546,48,0,0,0,1,cyclic_2_1,cyclic_32_1,complete_1,unroll_4,pipeline_1,pipeline_1,unroll_16,unroll_2,1,0.25,0.975474484546,False
workload_687.cpp,xczu7ev-ffvc1156-2-e,10,37.12002,52,0,0,0,1,cyclic_2_1,cyclic_32_1,complete_1,unroll_4,pipeline_1,pipeline_1,unroll_2,pipeline_1,1,0.25,0.920139549316,False
workload_550.cpp,xczu7ev-ffvc1156-2-e,10,26.99522,55,0,0,0,2,cyclic_2_1,cyclic_32_1,complete_1,unroll_4,pipeline_1,pipeline_1,unroll_32,pipeline_1,2,0.5,0.975325546194,False
workload_505.cpp,xczu7ev-ffvc1156-2-e,10,16.03586,435,0,1,1,27,cyclic_2_1,cyclic_32_1,complete_1,unroll_4,pipeline_1,unroll_4,pipeline_1,pipeline_1,3,7.25,0.845373138953,False
workload_451.cpp,xczu7ev-ffvc1156-2-e,10,27.48802,50,0,0,0,1,cyclic_2_1,cyclic_32_1,complete_1,unroll_4,pipeline_1,unroll_4,unroll_16,pipeline_1,1,0.25,0.974541351701,False
workload_589.cpp,xczu7ev-ffvc1156-2-e,10,16.03586,409.5,0,1,1,27,cyclic_2_1,cyclic_32_1,complete_1,unroll_4,pipeline_1,unroll_8,pipeline_1,pipeline_1,2,7.25,0.845373138953,False
workload_804.cpp,xczu7ev-ffvc1156-2-e,10,16.03586,385,0,1,1,27,cyclic_2_1,cyclic_32_1,complete_1,unroll_4,pipeline_1,unroll_8,pipeline_1,unroll_2,1,7.25,0.845373138953,False
workload_701.cpp,xczu7ev-ffvc1156-2-e,10,38.43074,49,0,0,0,1,cyclic_2_1,cyclic_32_1,complete_1,unroll_4,pipeline_1,unroll_8,unroll_2,pipeline_1,1,0.25,0.912871594197,False
workload_450.cpp,xczu7ev-ffvc1156-2-e,10,16.03586,390,0,1,1,27,cyclic_2_1,cyclic_32_1,complete_1,unroll_4,unroll_2,pipeline_1,pipeline_1,pipeline_1,3,7.25,0.845373138953,False
workload_346.cpp,xczu7ev-ffvc1156-2-e,10,189.196835,54.5,0,0,0,1,cyclic_2_1,cyclic_32_1,complete_1,unroll_4,unroll_2,pipeline_1,unroll_32,unroll_2,2,0.25,0.292723262329,False
workload_489.cpp,xczu7ev-ffvc1156-2-e,10,16.03586,420,0,1,1,27,cyclic_2_1,cyclic_32_1,complete_1,unroll_4,unroll_2,unroll_4,pipeline_1,pipeline_1,2,7.25,0.845373138953,False
workload_713.cpp,xczu7ev-ffvc1156-2-e,10,16.03586,400,0,1,1,27,cyclic_2_1,cyclic_32_1,complete_1,unroll_4,unroll_2,unroll_8,pipeline_1,pipeline_1,1,7.25,0.845373138953,False
workload_853.cpp,xczu7ev-ffvc1156-2-e,10,26.52162,1270,0,1,1,31,cyclic_2_1,cyclic_32_1,complete_1,unroll_4,unroll_32,pipeline_1,pipeline_1,pipeline_1,1,8.25,0.806411794679,False
workload_267.cpp,xczu7ev-ffvc1156-2-e,10,153.16354,68,0,0,2,16,cyclic_2_1,cyclic_32_1,complete_1,unroll_4,unroll_32,unroll_64,unroll_16,pipeline_1,1,4.5,0.39305318093,False
workload_612.cpp,xczu7ev-ffvc1156-2-e,10,16.03586,442,0,1,1,27,cyclic_2_1,cyclic_32_1,complete_1,unroll_4,unroll_4,pipeline_1,pipeline_1,pipeline_1,2,7.25,0.845373138953,False
workload_649.cpp,xczu7ev-ffvc1156-2-e,10,16.03586,438,0,1,1,27,cyclic_2_1,cyclic_32_1,complete_1,unroll_4,unroll_4,unroll_8,pipeline_1,pipeline_1,1,7.25,0.845373138953,False
workload_617.cpp,xczu7ev-ffvc1156-2-e,10,26.52162,1926,0,1,1,31,cyclic_2_1,cyclic_32_1,complete_1,unroll_4,unroll_64,pipeline_1,pipeline_1,pipeline_1,1,8.25,0.806411794679,False
workload_789.cpp,xczu7ev-ffvc1156-2-e,10,26.52162,406,0,1,1,31,cyclic_2_1,cyclic_32_1,complete_1,unroll_4,unroll_64,pipeline_1,pipeline_1,unroll_2,1,8.25,0.806411794679,False
workload_600.cpp,xczu7ev-ffvc1156-2-e,10,24.0461,74,0,2,2,4,cyclic_2_1,cyclic_32_1,complete_1,unroll_4,unroll_64,pipeline_1,unroll_32,unroll_2,1,2,0.958415672692,False
workload_709.cpp,xczu7ev-ffvc1156-2-e,10,153.07138,89,0,0,5,30,cyclic_2_1,cyclic_32_1,complete_1,unroll_4,unroll_64,unroll_8,unroll_16,pipeline_1,1,8.75,0.3672075922,False
workload_625.cpp,xczu7ev-ffvc1156-2-e,10,16.03586,424,0,1,1,27,cyclic_2_1,cyclic_32_1,complete_1,unroll_8,pipeline_1,pipeline_1,pipeline_1,pipeline_1,2,7.25,0.845373138953,False
workload_712.cpp,xczu7ev-ffvc1156-2-e,10,16.03586,402,0,1,1,27,cyclic_2_1,cyclic_32_1,complete_1,unroll_8,pipeline_1,unroll_4,pipeline_1,pipeline_1,1,7.25,0.845373138953,False
workload_594.cpp,xczu7ev-ffvc1156-2-e,10,16.05634,458.5,1,1,1,27,cyclic_2_1,cyclic_4_1,complete_1,pipeline_1,pipeline_1,pipeline_1,pipeline_1,pipeline_1,2,7.5,0.843708676689,False
workload_169.cpp,xczu7ev-ffvc1156-2-e,10,32.6093,49,0,0,0,1,cyclic_2_1,cyclic_4_1,complete_1,pipeline_1,pipeline_1,pipeline_1,unroll_16,pipeline_1,1,0.25,0.945398744284,False
workload_265.cpp,xczu7ev-ffvc1156-2-e,10,16.056355,392.5,1,9.5,6.5,34.5,cyclic_2_1,cyclic_4_1,complete_1,pipeline_1,pipeline_1,unroll_4,pipeline_1,pipeline_1,2,12.875,0.684178042249,False
workload_437.cpp,xczu7ev-ffvc1156-2-e,10,16.05634,379,1,1,1,27,cyclic_2_1,cyclic_4_1,complete_1,pipeline_1,unroll_2,pipeline_1,pipeline_1,pipeline_1,1,7.5,0.843708676689,False
workload_150.cpp,xczu7ev-ffvc1156-2-e,10,162.83778,54,0,0,0,2,cyclic_2_1,cyclic_4_1,complete_1,pipeline_1,unroll_2,pipeline_1,unroll_64,pipeline_1,1,0.5,0.370241255681,False
workload_164.cpp,xczu7ev-ffvc1156-2-e,10,162.85794,56,0,0,0,2,cyclic_2_1,cyclic_4_1,complete_1,pipeline_1,unroll_2,unroll_8,unroll_64,pipeline_1,1,0.5,0.370176952577,False
workload_237.cpp,xczu7ev-ffvc1156-2-e,10,26.5421,855,1,1,1,31,cyclic_2_1,cyclic_4_1,complete_1,pipeline_1,unroll_8,pipeline_1,pipeline_1,pipeline_1,1,8.5,0.801265963917,False
workload_125.cpp,xczu7ev-ffvc1156-2-e,10,159.40098,51,0,0,0,4,cyclic_2_1,cyclic_4_1,complete_1,pipeline_1,unroll_8,pipeline_1,unroll_16,pipeline_1,1,1,0.381037148473,False
workload_182.cpp,xczu7ev-ffvc1156-2-e,10,158.905635,57.5,0,0,0,5,cyclic_2_1,cyclic_4_1,complete_1,pipeline_1,unroll_8,pipeline_1,unroll_64,pipeline_1,2,1.25,0.382405115519,False
workload_364.cpp,xczu7ev-ffvc1156-2-e,10,16.15874,308,1,1,1,30,cyclic_2_1,cyclic_4_1,complete_1,unroll_16,pipeline_1,unroll_4,pipeline_1,pipeline_1,1,8.25,0.832068704928,False
workload_539.cpp,xczu7ev-ffvc1156-2-e,10,16.05634,476,1,1,1,27,cyclic_2_1,cyclic_4_1,complete_1,unroll_2,unroll_2,unroll_4,pipeline_1,pipeline_1,1,7.5,0.843708676689,False
workload_197.cpp,xczu7ev-ffvc1156-2-e,10,26.5421,826,1,1,1,31,cyclic_2_1,cyclic_4_1,complete_1,unroll_2,unroll_8,pipeline_1,pipeline_1,pipeline_1,1,8.5,0.801265963917,False
workload_339.cpp,xczu7ev-ffvc1156-2-e,10,16.15874,294,1,1,1,30,cyclic_2_1,cyclic_4_1,complete_1,unroll_32,unroll_2,pipeline_1,pipeline_1,unroll_2,1,8.25,0.832068704928,False
workload_233.cpp,xczu7ev-ffvc1156-2-e,10,148.56709,62,0,0,2,15,cyclic_2_1,cyclic_4_1,complete_1,unroll_32,unroll_32,pipeline_1,unroll_16,pipeline_1,1,4.25,0.409290821105,False
workload_383.cpp,xczu7ev-ffvc1156-2-e,10,16.05634,409,1,1,1,27,cyclic_2_1,cyclic_4_1,complete_1,unroll_4,pipeline_1,pipeline_1,pipeline_1,pipeline_1,4,7.5,0.843708676689,False
workload_348.cpp,xczu7ev-ffvc1156-2-e,10,16.05634,391,1,1,1,27,cyclic_2_1,cyclic_4_1,complete_1,unroll_4,pipeline_1,pipeline_1,pipeline_1,unroll_2,1,7.5,0.843708676689,False
workload_532.cpp,xczu7ev-ffvc1156-2-e,10,27.0157,55,0,0,0,1,cyclic_2_1,cyclic_4_1,complete_1,unroll_4,pipeline_1,pipeline_1,unroll_32,unroll_2,1,0.25,0.977253957569,False
workload_595.cpp,xczu7ev-ffvc1156-2-e,10,16.05634,481,1,1,1,27,cyclic_2_1,cyclic_4_1,complete_1,unroll_4,pipeline_1,unroll_4,pipeline_1,unroll_2,1,7.5,0.843708676689,False
workload_672.cpp,xczu7ev-ffvc1156-2-e,10,16.05634,417,1,1,1,27,cyclic_2_1,cyclic_4_1,complete_1,unroll_4,pipeline_1,unroll_8,pipeline_1,pipeline_1,1,7.5,0.843708676689,False
workload_327.cpp,xczu7ev-ffvc1156-2-e,10,16.05634,394,1,1,1,27,cyclic_2_1,cyclic_4_1,complete_1,unroll_4,unroll_2,pipeline_1,pipeline_1,pipeline_1,1,7.5,0.843708676689,False
workload_218.cpp,xczu7ev-ffvc1156-2-e,10,158.06978,47,0,0,0,1,cyclic_2_1,cyclic_4_1,complete_1,unroll_4,unroll_2,pipeline_1,unroll_16,pipeline_1,1,0.25,0.385699698448,False
workload_329.cpp,xczu7ev-ffvc1156-2-e,10,16.03589,415,0,20,14,44,cyclic_2_1,cyclic_64_1,complete_1,pipeline_1,pipeline_1,pipeline_1,pipeline_1,pipeline_1,1,19.5,0.491931019461,False
workload_522.cpp,xczu7ev-ffvc1156-2-e,10,16.03586,412,0,1,2,27,cyclic_2_1,cyclic_64_1,complete_1,pipeline_1,pipeline_1,pipeline_1,pipeline_1,unroll_2,1,7.5,0.84374643561,False
workload_563.cpp,xczu7ev-ffvc1156-2-e,10,157.92834,101,0,0,5,31,cyclic_2_1,cyclic_64_1,complete_1,pipeline_1,unroll_64,unroll_64,unroll_32,pipeline_1,1,9,0.351192400348,False
workload_626.cpp,xczu7ev-ffvc1156-2-e,10,16.03586,460,0,1,2,27,cyclic_2_1,cyclic_64_1,complete_1,unroll_2,pipeline_1,pipeline_1,pipeline_1,pipeline_1,1,7.5,0.84374643561,False
workload_412.cpp,xczu7ev-ffvc1156-2-e,10,32.2381,57,0,0,1,2,cyclic_2_1,cyclic_64_1,complete_1,unroll_2,pipeline_1,pipeline_1,unroll_32,pipeline_1,1,0.75,0.944019319069,False
workload_245.cpp,xczu7ev-ffvc1156-2-e,10,32.4013,57,0,0,1,2,cyclic_2_1,cyclic_64_1,complete_1,unroll_2,pipeline_1,unroll_2,unroll_32,unroll_2,1,0.75,0.943156535282,False
workload_415.cpp,xczu7ev-ffvc1156-2-e,10,16.03586,398,0,1,2,27,cyclic_2_1,cyclic_64_1,complete_1,unroll_2,pipeline_1,unroll_4,pipeline_1,pipeline_1,1,7.5,0.84374643561,False
workload_280.cpp,xczu7ev-ffvc1156-2-e,10,32.31941,56,0,0,1,2,cyclic_2_1,cyclic_64_1,complete_1,unroll_2,pipeline_1,unroll_4,unroll_32,pipeline_1,1,0.75,0.943589634213,False
workload_650.cpp,xczu7ev-ffvc1156-2-e,10,16.03586,442,0,1,2,27,cyclic_2_1,cyclic_64_1,complete_1,unroll_2,unroll_2,pipeline_1,pipeline_1,pipeline_1,1,7.5,0.84374643561,False
workload_868.cpp,xczu7ev-ffvc1156-2-e,10,16.13826,313,0,1,2,30,cyclic_2_1,cyclic_64_1,complete_1,unroll_32,pipeline_1,pipeline_1,pipeline_1,unroll_2,1,8.25,0.832113141501,False
workload_376.cpp,xczu7ev-ffvc1156-2-e,10,21.36069,696,0,2,6,34,cyclic_2_1,cyclic_64_1,complete_1,unroll_32,unroll_2,unroll_64,pipeline_1,unroll_2,1,10.5,0.756923149254,False
workload_429.cpp,xczu7ev-ffvc1156-2-e,10,26.50117,785,0,1,5,35,cyclic_2_1,cyclic_64_1,complete_1,unroll_32,unroll_64,unroll_64,pipeline_1,unroll_2,1,10.25,0.756302921481,False
workload_373.cpp,xczu7ev-ffvc1156-2-e,10,19.79781,71,0,2,2,5,cyclic_2_1,cyclic_64_1,complete_1,unroll_32,unroll_64,unroll_64,unroll_16,unroll_2,1,2.25,0.958617984638,False
workload_301.cpp,xczu7ev-ffvc1156-2-e,10,16.03586,408,0,1,2,27,cyclic_2_1,cyclic_64_1,complete_1,unroll_4,pipeline_1,pipeline_1,pipeline_1,pipeline_1,3,7.5,0.84374643561,False
workload_472.cpp,xczu7ev-ffvc1156-2-e,10,16.03586,433,0,1,2,27,cyclic_2_1,cyclic_64_1,complete_1,unroll_4,pipeline_1,pipeline_1,pipeline_1,unroll_2,1,7.5,0.84374643561,False
workload_401.cpp,xczu7ev-ffvc1156-2-e,10,26.99522,58,0,0,1,2,cyclic_2_1,cyclic_64_1,complete_1,unroll_4,pipeline_1,pipeline_1,unroll_32,pipeline_1,1,0.75,0.970879283634,False
workload_809.cpp,xczu7ev-ffvc1156-2-e,10,26.99522,57,0,0,1,2,cyclic_2_1,cyclic_64_1,complete_1,unroll_4,pipeline_1,pipeline_1,unroll_32,unroll_2,1,0.75,0.970879283634,False
workload_689.cpp,xczu7ev-ffvc1156-2-e,10,27.15842,61,0,0,1,2,cyclic_2_1,cyclic_64_1,complete_1,unroll_4,pipeline_1,unroll_2,unroll_32,unroll_2,1,0.75,0.970085402589,False
workload_411.cpp,xczu7ev-ffvc1156-2-e,10,16.03586,379,0,1,2,27,cyclic_2_1,cyclic_64_1,complete_1,unroll_4,pipeline_1,unroll_4,pipeline_1,pipeline_1,1,7.5,0.84374643561,False
workload_734.cpp,xczu7ev-ffvc1156-2-e,10,16.03586,406,0,1,2,27,cyclic_2_1,cyclic_64_1,complete_1,unroll_4,pipeline_1,unroll_8,pipeline_1,pipeline_1,1,7.5,0.84374643561,False
workload_214.cpp,xczu7ev-ffvc1156-2-e,10,16.03586,415,0,1,2,27,cyclic_2_1,cyclic_64_1,complete_1,unroll_4,unroll_2,pipeline_1,pipeline_1,pipeline_1,2,7.5,0.84374643561,False
workload_835.cpp,xczu7ev-ffvc1156-2-e,10,16.03586,394,0,1,2,27,cyclic_2_1,cyclic_64_1,complete_1,unroll_4,unroll_2,pipeline_1,pipeline_1,unroll_2,1,7.5,0.84374643561,False
workload_513.cpp,xczu7ev-ffvc1156-2-e,10,16.03586,400,0,1,2,27,cyclic_2_1,cyclic_64_1,complete_1,unroll_4,unroll_2,unroll_8,pipeline_1,pipeline_1,1,7.5,0.84374643561,False
workload_560.cpp,xczu7ev-ffvc1156-2-e,10,16.03586,437,0,1,2,27,cyclic_2_1,cyclic_64_1,complete_1,unroll_4,unroll_4,pipeline_1,pipeline_1,pipeline_1,1,7.5,0.84374643561,False
workload_855.cpp,xczu7ev-ffvc1156-2-e,10,26.52162,1780,0,1,2,32,cyclic_2_1,cyclic_64_1,complete_1,unroll_4,unroll_64,pipeline_1,pipeline_1,pipeline_1,1,8.75,0.795805283631,False
workload_484.cpp,xczu7ev-ffvc1156-2-e,10,16.05634,492,1,1,1,26,cyclic_2_1,cyclic_8_1,complete_1,pipeline_1,pipeline_1,pipeline_1,pipeline_1,pipeline_1,1,7.25,0.84534226824,False
workload_432.cpp,xczu7ev-ffvc1156-2-e,10,16.05634,383,1,1,1,26,cyclic_2_1,cyclic_8_1,complete_1,pipeline_1,unroll_2,pipeline_1,pipeline_1,pipeline_1,1,7.25,0.84534226824,False
workload_452.cpp,xczu7ev-ffvc1156-2-e,10,16.05637,425,1,24,15,47,cyclic_2_1,cyclic_8_1,complete_1,pipeline_1,unroll_4,pipeline_1,pipeline_1,pipeline_1,1,21.75,0.435221644497,False
workload_871.cpp,xczu7ev-ffvc1156-2-e,10,16.05634,387,1,1,1,26,cyclic_2_1,cyclic_8_1,complete_1,unroll_2,unroll_2,pipeline_1,pipeline_1,pipeline_1,1,7.25,0.84534226824,False
workload_463.cpp,xczu7ev-ffvc1156-2-e,10,162.98242,54,1,0,0,1,cyclic_2_1,cyclic_8_1,complete_1,unroll_2,unroll_2,pipeline_1,unroll_32,pipeline_1,1,0.5,0.369780075869,False
workload_570.cpp,xczu7ev-ffvc1156-2-e,10,16.15874,380,1,1,1,29,cyclic_2_1,cyclic_8_1,complete_1,unroll_32,unroll_2,pipeline_1,pipeline_1,pipeline_1,1,8,0.837220028132,False
workload_222.cpp,xczu7ev-ffvc1156-2-e,10,24.22981,61,2,2,1,4,cyclic_2_1,cyclic_8_1,complete_1,unroll_32,unroll_64,unroll_2,unroll_32,unroll_2,1,2.25,0.949377890337,False
workload_396.cpp,xczu7ev-ffvc1156-2-e,10,16.05634,365,1,1,1,26,cyclic_2_1,cyclic_8_1,complete_1,unroll_4,unroll_2,pipeline_1,pipeline_1,pipeline_1,1,7.25,0.84534226824,False
workload_598.cpp,xczu7ev-ffvc1156-2-e,10,167.86434,53,1,0,0,2,cyclic_2_1,cyclic_8_1,complete_1,unroll_4,unroll_2,pipeline_1,unroll_2,pipeline_1,1,0.75,0.354351774974,False
workload_874.cpp,xczu7ev-ffvc1156-2-e,10,209.80738,46,1,0,0,0,cyclic_2_1,cyclic_8_1,complete_1,unroll_4,unroll_2,pipeline_1,unroll_2,unroll_2,1,0.25,0.24119845204,False
workload_750.cpp,xczu7ev-ffvc1156-2-e,10,16.05634,408,1,1,1,26,cyclic_2_1,cyclic_8_1,complete_1,unroll_4,unroll_2,unroll_2,pipeline_1,pipeline_1,1,7.25,0.84534226824,False
workload_682.cpp,xczu7ev-ffvc1156-2-e,10,16.05634,393,1,1,1,26,cyclic_2_1,cyclic_8_1,complete_1,unroll_4,unroll_2,unroll_4,pipeline_1,pipeline_1,1,7.25,0.84534226824,False
workload_715.cpp,xczu7ev-ffvc1156-2-e,10,16.05634,398,1,1,1,26,cyclic_2_1,cyclic_8_1,complete_1,unroll_4,unroll_2,unroll_8,pipeline_1,pipeline_1,1,7.25,0.84534226824,False
workload_537.cpp,xczu7ev-ffvc1156-2-e,10,16.05634,446.5,1,1,1,26,cyclic_2_1,cyclic_8_1,complete_1,unroll_8,unroll_2,pipeline_1,pipeline_1,pipeline_1,2,7.25,0.84534226824,False
workload_83.cpp,xczu7ev-ffvc1156-2-e,10,32.28869,64,10,0,4,4,cyclic_32_1,block_16_1,complete_1,pipeline_1,pipeline_1,unroll_32,unroll_32,pipeline_1,1,4.5,0.872955939067,False
workload_146.cpp,xczu7ev-ffvc1156-2-e,10,43.77605,60,10,0,4,5,cyclic_32_1,block_16_1,complete_1,unroll_2,pipeline_1,unroll_64,unroll_8,unroll_2,1,4.75,0.824664379201,False
workload_47.cpp,xczu7ev-ffvc1156-2-e,10,32.28866,60,6,0,0,2,cyclic_32_1,block_4_1,complete_1,pipeline_1,pipeline_1,unroll_32,unroll_32,pipeline_1,1,2,0.927995080864,False
workload_109.cpp,xczu7ev-ffvc1156-2-e,10,33.57893,60,6,0,0,2,cyclic_32_1,block_4_1,complete_1,unroll_16,pipeline_1,unroll_32,unroll_32,pipeline_1,1,2,0.922158065924,False
workload_880.cpp,xczu7ev-ffvc1156-2-e,10,22.40773,93,5,0,2,4,cyclic_32_1,cyclic_128_1,complete_1,unroll_32,pipeline_1,pipeline_1,unroll_32,pipeline_1,1,2.75,0.938949625184,False
workload_838.cpp,xczu7ev-ffvc1156-2-e,10,22.24261,113,5,0,2,5,cyclic_32_1,cyclic_128_1,complete_1,unroll_32,pipeline_1,pipeline_1,unroll_64,unroll_2,1,3,0.933650087697,False
workload_877.cpp,xczu7ev-ffvc1156-2-e,10,179.53026,113,5,0,2,6,cyclic_32_1,cyclic_128_1,complete_1,unroll_32,unroll_64,pipeline_1,unroll_32,unroll_2,1,3.25,0.316080240464,False
workload_886.cpp,xczu7ev-ffvc1156-2-e,10,10.81346,354,5,1,6,28,cyclic_32_1,cyclic_128_1,complete_1,unroll_4,pipeline_1,pipeline_1,pipeline_1,unroll_2,1,10,0.778795336045,False
workload_873.cpp,xczu7ev-ffvc1156-2-e,10,14.70722,73,15,9,4,9,cyclic_32_1,cyclic_16_1,complete_1,unroll_32,unroll_64,pipeline_1,unroll_32,unroll_2,1,9.25,0.804176007986,False
workload_18.cpp,xczu7ev-ffvc1156-2-e,10,162.02245,129,5,0,4,37,cyclic_32_1,cyclic_2_1,complete_1,pipeline_1,unroll_64,unroll_64,unroll_4,pipeline_1,1,11.5,0.322296389676,False
workload_872.cpp,xczu7ev-ffvc1156-2-e,10,22.26309,62,5,0,0,2,cyclic_32_1,cyclic_2_1,complete_1,unroll_32,pipeline_1,pipeline_1,unroll_64,unroll_2,1,1.75,1,True
workload_841.cpp,xczu7ev-ffvc1156-2-e,10,21.42725,56,6,3,1,4,cyclic_32_1,cyclic_2_1,complete_1,unroll_32,unroll_32,pipeline_1,unroll_16,unroll_2,1,3.5,0.922524010961,False
workload_862.cpp,xczu7ev-ffvc1156-2-e,10,142.1773,116,5,0,4,36,cyclic_32_1,cyclic_2_1,complete_1,unroll_32,unroll_64,pipeline_1,unroll_16,pipeline_1,1,11.25,0.379902559186,False
workload_633.cpp,xczu7ev-ffvc1156-2-e,10,19.2973,72,6,2,1,4,cyclic_32_1,cyclic_2_1,complete_1,unroll_32,unroll_64,pipeline_1,unroll_16,unroll_2,1,3.25,0.930289311399,False
workload_814.cpp,xczu7ev-ffvc1156-2-e,10,18.96706,65,6,2,1,5,cyclic_32_1,cyclic_2_1,complete_1,unroll_32,unroll_64,pipeline_1,unroll_32,unroll_2,1,3.5,0.925440557098,False
workload_831.cpp,xczu7ev-ffvc1156-2-e,10,10.81346,364,5,1,4,28,cyclic_32_1,cyclic_32_1,complete_1,pipeline_1,unroll_2,pipeline_1,pipeline_1,pipeline_1,1,9.5,0.796011937242,False
workload_736.cpp,xczu7ev-ffvc1156-2-e,10,22.4077,62,5,0,1,2,cyclic_32_1,cyclic_32_1,complete_1,unroll_32,pipeline_1,pipeline_1,unroll_32,unroll_2,1,2,0.960620044887,False
workload_860.cpp,xczu7ev-ffvc1156-2-e,10,22.24261,67,5,0,1,3,cyclic_32_1,cyclic_32_1,complete_1,unroll_32,pipeline_1,pipeline_1,unroll_64,unroll_2,1,2.25,0.952711900785,False
workload_675.cpp,xczu7ev-ffvc1156-2-e,10,268.82562,60,5,0,0,2,cyclic_32_1,cyclic_32_1,complete_1,unroll_32,unroll_2,pipeline_1,unroll_16,unroll_2,1,1.75,0.137645835599,False
workload_748.cpp,xczu7ev-ffvc1156-2-e,10,14.87362,74,10,16,8,15,cyclic_32_1,cyclic_32_1,complete_1,unroll_32,unroll_64,pipeline_1,unroll_16,unroll_2,1,12.25,0.704371605843,False
workload_878.cpp,xczu7ev-ffvc1156-2-e,10,140.53634,117,5,0,5,37,cyclic_32_1,cyclic_32_1,complete_1,unroll_32,unroll_64,pipeline_1,unroll_32,pipeline_1,1,11.75,0.380019808097,False
workload_690.cpp,xczu7ev-ffvc1156-2-e,10,14.54338,86,10,16,8,15,cyclic_32_1,cyclic_32_1,complete_1,unroll_32,unroll_64,pipeline_1,unroll_32,unroll_2,1,12.25,0.704396298694,False
workload_799.cpp,xczu7ev-ffvc1156-2-e,10,141.21154,122,5,0,5,37,cyclic_32_1,cyclic_32_1,complete_1,unroll_32,unroll_64,unroll_8,unroll_32,pipeline_1,1,11.75,0.378068458984,False
workload_847.cpp,xczu7ev-ffvc1156-2-e,10,10.81346,369,5,1,4,28,cyclic_32_1,cyclic_32_1,complete_1,unroll_4,unroll_2,pipeline_1,pipeline_1,pipeline_1,1,9.5,0.796011937242,False
workload_730.cpp,xczu7ev-ffvc1156-2-e,10,29.9469,73,10,16,8,15,cyclic_32_1,cyclic_32_1,complete_1,unroll_4,unroll_64,pipeline_1,unroll_16,unroll_2,1,12.25,0.691714376542,False
workload_6.cpp,xczu7ev-ffvc1156-2-e,10,32.27906,60,5,0,0,1,cyclic_32_1,cyclic_4_1,complete_1,pipeline_1,pipeline_1,pipeline_1,unroll_32,pipeline_1,1,1.5,0.935120433076,False
workload_791.cpp,xczu7ev-ffvc1156-2-e,10,17.44898,316,6,6,3,35,cyclic_32_1,cyclic_4_1,complete_1,unroll_32,pipeline_1,unroll_8,pipeline_1,pipeline_1,1,12.5,0.695770676783,False
workload_848.cpp,xczu7ev-ffvc1156-2-e,10,17.00354,65,6,5,3,7,cyclic_32_1,cyclic_4_1,complete_1,unroll_32,unroll_64,pipeline_1,unroll_16,unroll_2,1,5.25,0.895092804198,False
workload_771.cpp,xczu7ev-ffvc1156-2-e,10,158.88898,109,5,0,5,36,cyclic_32_1,cyclic_64_1,complete_1,unroll_2,unroll_64,pipeline_1,unroll_16,pipeline_1,1,11.5,0.330707621914,False
workload_593.cpp,xczu7ev-ffvc1156-2-e,10,14.87362,88,10,9,5,9,cyclic_32_1,cyclic_64_1,complete_1,unroll_32,unroll_64,pipeline_1,unroll_16,unroll_2,1,8.25,0.834776478563,False
workload_104.cpp,xczu7ev-ffvc1156-2-e,10,27.06437,57,6,0,0,3,cyclic_32_1,cyclic_8_1,complete_1,unroll_64,pipeline_1,unroll_64,unroll_2,pipeline_1,1,2.25,0.942402487619,False
workload_238.cpp,xczu7ev-ffvc1156-2-e,10,18.7597,858,1,3,7,38,cyclic_4_1,block_128_1,complete_1,unroll_64,pipeline_1,unroll_64,pipeline_1,pipeline_1,1,12.25,0.703204824686,False
workload_398.cpp,xczu7ev-ffvc1156-2-e,10,11.14114,351,6,1,1,29,cyclic_4_1,block_16_1,complete_1,unroll_4,pipeline_1,unroll_8,pipeline_1,pipeline_1,1,9.25,0.804841839376,False
workload_361.cpp,xczu7ev-ffvc1156-2-e,10,148.97538,48,0,0,0,1,cyclic_4_1,block_2_1,complete_1,unroll_16,unroll_2,unroll_8,unroll_16,pipeline_1,1,0.25,0.416308302284,False
workload_321.cpp,xczu7ev-ffvc1156-2-e,10,191.17442,64,0,0,0,3,cyclic_4_1,block_2_1,complete_1,unroll_16,unroll_32,unroll_64,unroll_16,unroll_2,1,0.75,0.287340475307,False
workload_335.cpp,xczu7ev-ffvc1156-2-e,10,190.51909,66,0,0,0,3,cyclic_4_1,block_2_1,complete_1,unroll_32,unroll_32,unroll_64,unroll_16,unroll_2,1,0.75,0.289084759184,False
workload_31.cpp,xczu7ev-ffvc1156-2-e,10,145.86629,100,0,0,4,30,cyclic_4_1,block_2_1,complete_1,unroll_32,unroll_64,unroll_4,unroll_8,pipeline_1,1,8.5,0.390985597972,False
workload_100.cpp,xczu7ev-ffvc1156-2-e,10,145.86629,104,1,0,4,31,cyclic_4_1,block_4_1,complete_1,unroll_32,unroll_64,unroll_4,unroll_8,pipeline_1,1,9,0.38719659402,False
workload_294.cpp,xczu7ev-ffvc1156-2-e,10,20.12549,60,3,4,2,6,cyclic_4_1,cyclic_16_1,complete_1,unroll_32,unroll_32,unroll_64,unroll_16,unroll_2,1,3.75,0.923277161235,False
workload_384.cpp,xczu7ev-ffvc1156-2-e,10,143.16037,82,3,0,4,30,cyclic_4_1,cyclic_16_1,complete_1,unroll_32,unroll_64,pipeline_1,unroll_16,pipeline_1,1,9.25,0.393500208335,False
workload_382.cpp,xczu7ev-ffvc1156-2-e,10,27.34594,47,3,0,0,1,cyclic_4_1,cyclic_16_1,complete_1,unroll_4,pipeline_1,pipeline_1,unroll_16,pipeline_1,1,1,0.963509750687,False
workload_344.cpp,xczu7ev-ffvc1156-2-e,10,10.83394,371,3,1,1,29,cyclic_4_1,cyclic_16_1,complete_1,unroll_4,unroll_2,pipeline_1,pipeline_1,pipeline_1,1,8.5,0.831048220809,False
workload_763.cpp,xczu7ev-ffvc1156-2-e,10,18.7597,356,1,3,2,33,cyclic_4_1,cyclic_2_1,complete_1,unroll_32,unroll_2,pipeline_1,pipeline_1,unroll_2,1,9.75,0.783835342621,False
workload_292.cpp,xczu7ev-ffvc1156-2-e,10,32.25858,51,0,0,0,2,cyclic_4_1,cyclic_32_1,complete_1,pipeline_1,pipeline_1,pipeline_1,unroll_32,unroll_2,1,0.5,0.946489766027,False
workload_863.cpp,xczu7ev-ffvc1156-2-e,10,22.73794,50,0,0,0,2,cyclic_4_1,cyclic_32_1,complete_1,unroll_32,pipeline_1,pipeline_1,unroll_16,pipeline_1,1,0.5,0.993979634721,False
workload_274.cpp,xczu7ev-ffvc1156-2-e,10,22.74693,53,0,0,0,2,cyclic_4_1,cyclic_32_1,complete_1,unroll_32,pipeline_1,unroll_64,unroll_16,pipeline_1,1,0.5,0.993958665201,False
workload_350.cpp,xczu7ev-ffvc1156-2-e,10,23.43298,50,0,0,0,2,cyclic_4_1,cyclic_32_1,complete_1,unroll_32,pipeline_1,unroll_8,unroll_16,pipeline_1,1,0.5,0.991962194665,False
workload_262.cpp,xczu7ev-ffvc1156-2-e,10,21.27874,603,1,3,6,35,cyclic_4_1,cyclic_32_1,complete_1,unroll_32,unroll_32,unroll_64,pipeline_1,pipeline_1,1,11.25,0.733290741902,False
workload_223.cpp,xczu7ev-ffvc1156-2-e,10,19.79781,63,1,4,3,6,cyclic_4_1,cyclic_32_1,complete_1,unroll_32,unroll_32,unroll_64,unroll_16,unroll_2,1,3.5,0.924864083237,False
workload_704.cpp,xczu7ev-ffvc1156-2-e,10,10.81346,384,1,1,1,29,cyclic_4_1,cyclic_32_1,complete_1,unroll_4,pipeline_1,pipeline_1,pipeline_1,pipeline_1,1,8,1,True
workload_564.cpp,xczu7ev-ffvc1156-2-e,10,26.99522,54,0,0,0,2,cyclic_4_1,cyclic_32_1,complete_1,unroll_4,pipeline_1,pipeline_1,unroll_32,pipeline_1,1,0.5,0.975325546194,False
workload_587.cpp,xczu7ev-ffvc1156-2-e,10,10.81346,385,1,1,1,29,cyclic_4_1,cyclic_32_1,complete_1,unroll_4,unroll_2,pipeline_1,pipeline_1,pipeline_1,2,8,1,True
workload_639.cpp,xczu7ev-ffvc1156-2-e,10,10.81346,423.5,1,1,1,29,cyclic_4_1,cyclic_32_1,complete_1,unroll_4,unroll_4,pipeline_1,pipeline_1,pipeline_1,2,8,1,True
workload_529.cpp,xczu7ev-ffvc1156-2-e,10,10.83394,459,1,1,1,29,cyclic_4_1,cyclic_4_1,complete_1,unroll_2,pipeline_1,pipeline_1,pipeline_1,pipeline_1,1,8,0.848795080076,False
workload_438.cpp,xczu7ev-ffvc1156-2-e,10,21.27877,1331,1,3,2,34,cyclic_4_1,cyclic_4_1,complete_1,unroll_32,unroll_32,unroll_4,pipeline_1,pipeline_1,1,10,0.77261052116,False
workload_306.cpp,xczu7ev-ffvc1156-2-e,10,10.83394,359,1,1,1,29,cyclic_4_1,cyclic_4_1,complete_1,unroll_4,unroll_2,pipeline_1,pipeline_1,pipeline_1,1,8,0.848795080076,False
workload_556.cpp,xczu7ev-ffvc1156-2-e,10,10.81346,416,1,1,1,29,cyclic_4_1,cyclic_64_1,complete_1,pipeline_1,unroll_2,pipeline_1,pipeline_1,pipeline_1,1,8,1,True
workload_801.cpp,xczu7ev-ffvc1156-2-e,10,10.81346,365,1,1,1,29,cyclic_4_1,cyclic_64_1,complete_1,unroll_2,pipeline_1,pipeline_1,pipeline_1,pipeline_1,1,8,1,True
workload_481.cpp,xczu7ev-ffvc1156-2-e,10,10.81346,446,1,1,1,29,cyclic_4_1,cyclic_64_1,complete_1,unroll_2,unroll_2,pipeline_1,pipeline_1,pipeline_1,1,8,1,True
workload_665.cpp,xczu7ev-ffvc1156-2-e,10,10.81346,429,1,1,1,29,cyclic_4_1,cyclic_64_1,complete_1,unroll_2,unroll_2,unroll_4,pipeline_1,pipeline_1,1,8,1,True
workload_887.cpp,xczu7ev-ffvc1156-2-e,10,21.27874,1615,1,3,3,34,cyclic_4_1,cyclic_64_1,complete_1,unroll_2,unroll_32,pipeline_1,pipeline_1,pipeline_1,1,10.25,0.764857371571,False
workload_708.cpp,xczu7ev-ffvc1156-2-e,10,37.1533,76,1,5,3,7,cyclic_4_1,cyclic_64_1,complete_1,unroll_2,unroll_64,pipeline_1,unroll_32,unroll_2,1,4,0.864241428705,False
workload_357.cpp,xczu7ev-ffvc1156-2-e,10,21.25829,680,1,3,6,36,cyclic_4_1,cyclic_64_1,complete_1,unroll_32,unroll_32,unroll_64,pipeline_1,pipeline_1,1,11.5,0.725373677507,False
workload_541.cpp,xczu7ev-ffvc1156-2-e,10,143.16034,109,0,0,5,31,cyclic_4_1,cyclic_64_1,complete_1,unroll_32,unroll_64,pipeline_1,unroll_16,pipeline_1,1,9,0.395544943706,False
workload_733.cpp,xczu7ev-ffvc1156-2-e,10,26.99522,59,0,0,1,2,cyclic_4_1,cyclic_64_1,complete_1,unroll_4,pipeline_1,pipeline_1,unroll_32,pipeline_1,1,0.75,0.970879283634,False
workload_697.cpp,xczu7ev-ffvc1156-2-e,10,10.83394,395,2,1,1,29,cyclic_4_1,cyclic_8_1,complete_1,unroll_4,pipeline_1,pipeline_1,pipeline_1,pipeline_1,1,8.25,0.839925120967,False
workload_7.cpp,xczu7ev-ffvc1156-2-e,10,32.44229,66,5,0,1,3,cyclic_64_1,block_16_1,complete_1,pipeline_1,pipeline_1,unroll_2,unroll_32,pipeline_1,1,2.25,0.922314836627,False
workload_46.cpp,xczu7ev-ffvc1156-2-e,10,151.20898,114,0,0,6,15,cyclic_64_1,block_64_1,complete_1,pipeline_1,unroll_8,unroll_16,unroll_32,pipeline_1,1,5.25,0.396018180423,False
workload_92.cpp,xczu7ev-ffvc1156-2-e,10,161.46946,89,0,0,6,17,cyclic_64_1,block_64_1,complete_1,pipeline_1,unroll_8,unroll_32,unroll_4,pipeline_1,1,5.75,0.361193421246,False
workload_707.cpp,xczu7ev-ffvc1156-2-e,10,28.96386,74,0,3,2,5,cyclic_64_1,cyclic_2_1,complete_1,unroll_32,unroll_64,pipeline_1,unroll_16,unroll_2,1,2.5,0.929029822099,False
workload_552.cpp,xczu7ev-ffvc1156-2-e,10,28.63362,87,0,3,2,6,cyclic_64_1,cyclic_2_1,complete_1,unroll_32,unroll_64,pipeline_1,unroll_32,unroll_2,1,2.75,0.922326824989,False
workload_775.cpp,xczu7ev-ffvc1156-2-e,10,22.4077,86,1,0,2,4,cyclic_8_1,block_128_1,complete_1,unroll_32,pipeline_1,pipeline_1,unroll_32,unroll_2,1,1.75,0.969958915663,False
workload_856.cpp,xczu7ev-ffvc1156-2-e,10,58.94402,1788,1,1,2,10,cyclic_8_1,block_128_1,complete_1,unroll_32,unroll_64,pipeline_1,unroll_32,unroll_2,1,3.5,0.780302756966,False
workload_132.cpp,xczu7ev-ffvc1156-2-e,10,11.14117,408,7,16,11,41,cyclic_8_1,block_16_1,complete_1,pipeline_1,pipeline_1,pipeline_1,pipeline_1,pipeline_1,1,18.75,0.511452777392,False
workload_76.cpp,xczu7ev-ffvc1156-2-e,10,11.14117,420,7,16,11,41,cyclic_8_1,block_16_1,complete_1,pipeline_1,pipeline_1,unroll_2,pipeline_1,pipeline_1,1,18.75,0.511452777392,False
workload_217.cpp,xczu7ev-ffvc1156-2-e,10,32.44226,49,6,0,0,1,cyclic_8_1,block_16_1,complete_1,pipeline_1,pipeline_1,unroll_2,unroll_32,pipeline_1,1,1.75,0.93134929232,False
workload_129.cpp,xczu7ev-ffvc1156-2-e,10,11.14114,380,6,1,4,28,cyclic_8_1,block_16_1,complete_1,pipeline_1,pipeline_1,unroll_4,pipeline_1,pipeline_1,1,9.75,0.787520148358,False
workload_118.cpp,xczu7ev-ffvc1156-2-e,10,11.14114,346.5,6,1,4,28,cyclic_8_1,block_16_1,complete_1,pipeline_1,pipeline_1,unroll_8,pipeline_1,pipeline_1,2,9.75,0.787520148358,False
workload_242.cpp,xczu7ev-ffvc1156-2-e,10,32.68997,49,6,0,0,1,cyclic_8_1,block_16_1,complete_1,pipeline_1,pipeline_1,unroll_8,unroll_16,unroll_2,1,1.75,0.930185891322,False
workload_221.cpp,xczu7ev-ffvc1156-2-e,10,17.69474,503,7,6,7,37,cyclic_8_1,block_16_1,complete_1,unroll_16,pipeline_1,unroll_16,pipeline_1,pipeline_1,1,14.25,0.640961613246,False
workload_115.cpp,xczu7ev-ffvc1156-2-e,10,16.46597,307,7,6,4,35,cyclic_8_1,block_16_1,complete_1,unroll_16,pipeline_1,unroll_2,pipeline_1,pipeline_1,1,13,0.680136248724,False
workload_81.cpp,xczu7ev-ffvc1156-2-e,10,27.05605,54,6,0,0,2,cyclic_8_1,block_16_1,complete_1,unroll_16,pipeline_1,unroll_2,unroll_32,pipeline_1,1,2,0.949275342453,False
workload_204.cpp,xczu7ev-ffvc1156-2-e,10,16.465955,323,7,6,4,35,cyclic_8_1,block_16_1,complete_1,unroll_16,pipeline_1,unroll_8,pipeline_1,pipeline_1,2,13,0.680136251793,False
workload_148.cpp,xczu7ev-ffvc1156-2-e,10,23.12386,53.5,6,0,0,2,cyclic_8_1,block_16_1,complete_1,unroll_16,pipeline_1,unroll_8,unroll_32,pipeline_1,2,2,0.960108861494,False
workload_200.cpp,xczu7ev-ffvc1156-2-e,10,157.77989,50,6,0,0,2,cyclic_8_1,block_16_1,complete_1,unroll_16,unroll_2,unroll_2,unroll_32,pipeline_1,1,2,0.384916338361,False
workload_220.cpp,xczu7ev-ffvc1156-2-e,10,42.82565,50,6,0,0,2,cyclic_8_1,block_16_1,complete_1,unroll_2,pipeline_1,unroll_4,unroll_32,pipeline_1,1,2,0.877266421185,False
workload_153.cpp,xczu7ev-ffvc1156-2-e,10,55.48546,52,6,0,1,2,cyclic_8_1,block_16_1,complete_1,unroll_2,pipeline_1,unroll_4,unroll_4,unroll_2,1,2.25,0.811499943767,False
workload_264.cpp,xczu7ev-ffvc1156-2-e,10,22.42821,51,3,0,0,2,cyclic_8_1,block_16_1,complete_1,unroll_32,pipeline_1,pipeline_1,unroll_32,pipeline_1,3,1.25,0.970335332912,False
workload_170.cpp,xczu7ev-ffvc1156-2-e,10,27.03557,54,6,0,0,2,cyclic_8_1,block_16_1,complete_1,unroll_32,pipeline_1,unroll_2,unroll_32,pipeline_1,1,2,0.949348112032,False
workload_215.cpp,xczu7ev-ffvc1156-2-e,10,27.03557,52,6,0,0,2,cyclic_8_1,block_16_1,complete_1,unroll_32,pipeline_1,unroll_2,unroll_32,unroll_2,1,2,0.949348112032,False
workload_181.cpp,xczu7ev-ffvc1156-2-e,10,28.29317,51,6,0,0,2,cyclic_8_1,block_16_1,complete_1,unroll_32,pipeline_1,unroll_8,unroll_2,pipeline_1,1,2,0.944693850316,False
workload_354.cpp,xczu7ev-ffvc1156-2-e,10,11.14114,348,6,1,4,28,cyclic_8_1,block_16_1,complete_1,unroll_4,pipeline_1,pipeline_1,pipeline_1,pipeline_1,1,9.75,0.787520148358,False
workload_309.cpp,xczu7ev-ffvc1156-2-e,10,11.14114,373,6,1,4,28,cyclic_8_1,block_16_1,complete_1,unroll_4,pipeline_1,unroll_4,pipeline_1,pipeline_1,1,9.75,0.787520148358,False
workload_282.cpp,xczu7ev-ffvc1156-2-e,10,37.54178,49,6,0,0,2,cyclic_8_1,block_16_1,complete_1,unroll_4,pipeline_1,unroll_8,unroll_32,pipeline_1,1,2,0.903395386751,False
workload_289.cpp,xczu7ev-ffvc1156-2-e,10,13.4349,383,1,1,4,28,cyclic_8_1,block_2_1,complete_1,pipeline_1,pipeline_1,pipeline_1,pipeline_1,pipeline_1,2,8.5,0.830014553957,False
workload_431.cpp,xczu7ev-ffvc1156-2-e,10,32.6093,48,1,0,0,1,cyclic_8_1,block_2_1,complete_1,pipeline_1,pipeline_1,pipeline_1,unroll_16,pipeline_1,1,0.5,0.944542949919,False
workload_160.cpp,xczu7ev-ffvc1156-2-e,10,32.68994,50,1,0,0,1,cyclic_8_1,block_2_1,complete_1,pipeline_1,pipeline_1,unroll_8,unroll_16,pipeline_1,1,0.5,0.944095317026,False
workload_389.cpp,xczu7ev-ffvc1156-2-e,10,18.7597,322,3,6,4,35,cyclic_8_1,block_2_1,complete_1,unroll_16,pipeline_1,pipeline_1,pipeline_1,pipeline_1,1,12,0.711207428506,False
workload_879.cpp,xczu7ev-ffvc1156-2-e,10,18.7597,321,3,6,4,35,cyclic_8_1,block_2_1,complete_1,unroll_16,pipeline_1,pipeline_1,pipeline_1,unroll_2,1,12,0.711207428506,False
workload_240.cpp,xczu7ev-ffvc1156-2-e,10,23.413795,47.5,1,0,0,1,cyclic_8_1,block_2_1,complete_1,unroll_16,pipeline_1,pipeline_1,unroll_16,pipeline_1,2,0.5,0.992028645895,False
workload_623.cpp,xczu7ev-ffvc1156-2-e,10,23.08354,51,1,0,0,1,cyclic_8_1,block_2_1,complete_1,unroll_16,pipeline_1,pipeline_1,unroll_32,unroll_2,2,0.5,0.993077736557,False
workload_310.cpp,xczu7ev-ffvc1156-2-e,10,18.7597,315,3,6,4,35,cyclic_8_1,block_2_1,complete_1,unroll_16,pipeline_1,unroll_4,pipeline_1,pipeline_1,1,12,0.711207428506,False
workload_41.cpp,xczu7ev-ffvc1156-2-e,10,23.49442,55,1,0,0,1,cyclic_8_1,block_2_1,complete_1,unroll_16,pipeline_1,unroll_8,unroll_16,pipeline_1,1,0.5,0.991745467815,False
workload_696.cpp,xczu7ev-ffvc1156-2-e,10,23.12386,52,1,0,0,1,cyclic_8_1,block_2_1,complete_1,unroll_16,pipeline_1,unroll_8,unroll_32,unroll_2,1,0.5,0.992959447839,False
workload_585.cpp,xczu7ev-ffvc1156-2-e,10,191.16546,66,1,0,0,2,cyclic_8_1,block_2_1,complete_1,unroll_16,unroll_32,pipeline_1,unroll_16,unroll_2,1,0.75,0.287364269549,False
workload_121.cpp,xczu7ev-ffvc1156-2-e,10,147.66466,51,1,0,0,2,cyclic_8_1,block_2_1,complete_1,unroll_16,unroll_4,unroll_2,unroll_16,pipeline_1,1,0.75,0.420685603613,False
workload_488.cpp,xczu7ev-ffvc1156-2-e,10,141.19426,97,1,0,4,31,cyclic_8_1,block_2_1,complete_1,unroll_16,unroll_64,pipeline_1,unroll_16,pipeline_1,1,9,0.401670190524,False
workload_98.cpp,xczu7ev-ffvc1156-2-e,10,161.67173,57,1,0,0,4,cyclic_8_1,block_2_1,complete_1,unroll_2,unroll_8,pipeline_1,unroll_32,pipeline_1,1,1.25,0.37346768865,False
workload_807.cpp,xczu7ev-ffvc1156-2-e,10,22.42818,49,1,0,0,1,cyclic_8_1,block_2_1,complete_1,unroll_32,pipeline_1,pipeline_1,unroll_32,unroll_2,1,0.5,0.994626416115,False
workload_359.cpp,xczu7ev-ffvc1156-2-e,10,37.8317,47,1,0,0,1,cyclic_8_1,block_2_1,complete_1,unroll_4,pipeline_1,pipeline_1,unroll_16,pipeline_1,1,0.5,0.91564359222,False
workload_177.cpp,xczu7ev-ffvc1156-2-e,10,16.05637,460,3,31,21,54,cyclic_8_1,block_4_1,complete_1,pipeline_1,pipeline_1,unroll_32,pipeline_1,pipeline_1,1,27.25,0.315187411386,False
workload_201.cpp,xczu7ev-ffvc1156-2-e,10,32.59269,56,1,0,5,5,cyclic_8_1,block_64_1,complete_1,pipeline_1,pipeline_1,unroll_8,unroll_16,pipeline_1,1,2.75,0.909482489723,False
workload_239.cpp,xczu7ev-ffvc1156-2-e,10,18.71874,1395,2,6,5,38,cyclic_8_1,block_64_1,complete_1,pipeline_1,unroll_16,unroll_8,pipeline_1,pipeline_1,1,12.75,0.687329673638,False
workload_154.cpp,xczu7ev-ffvc1156-2-e,10,18.71874,704.5,2,6,8,40,cyclic_8_1,block_64_1,complete_1,pipeline_1,unroll_8,unroll_16,pipeline_1,pipeline_1,2,14,0.648342575304,False
workload_449.cpp,xczu7ev-ffvc1156-2-e,10,10.81346,390,1,1,6,29,cyclic_8_1,cyclic_128_1,complete_1,pipeline_1,pipeline_1,pipeline_1,pipeline_1,pipeline_1,1,9.25,0.804694881113,False
workload_313.cpp,xczu7ev-ffvc1156-2-e,10,10.83397,374,4,36,20,56,cyclic_8_1,cyclic_16_1,complete_1,pipeline_1,unroll_2,unroll_2,pipeline_1,pipeline_1,1,29,0.28233158082,False
workload_179.cpp,xczu7ev-ffvc1156-2-e,10,16.05634,482,6,1,7,30,cyclic_8_1,cyclic_16_1,complete_1,unroll_2,unroll_2,unroll_64,pipeline_1,pipeline_1,1,11,0.745024554355,False
workload_338.cpp,xczu7ev-ffvc1156-2-e,10,22.42821,51,3,0,0,2,cyclic_8_1,cyclic_16_1,complete_1,unroll_32,pipeline_1,pipeline_1,unroll_32,pipeline_1,1,1.25,0.970335332912,False
workload_332.cpp,xczu7ev-ffvc1156-2-e,10,23.45349,50,3,0,0,2,cyclic_8_1,cyclic_16_1,complete_1,unroll_32,pipeline_1,unroll_8,unroll_16,pipeline_1,1,1.25,0.96983091464,False
workload_302.cpp,xczu7ev-ffvc1156-2-e,10,10.83394,364,3,1,4,28,cyclic_8_1,cyclic_16_1,complete_1,unroll_4,pipeline_1,pipeline_1,pipeline_1,pipeline_1,1,9,0.813437617379,False
workload_252.cpp,xczu7ev-ffvc1156-2-e,10,10.83397,379,4,36,20,56,cyclic_8_1,cyclic_16_1,complete_1,unroll_4,unroll_2,unroll_2,pipeline_1,pipeline_1,1,29,0.28233158082,False
workload_212.cpp,xczu7ev-ffvc1156-2-e,10,16.05637,422,2,31,20,55,cyclic_8_1,cyclic_2_1,complete_1,pipeline_1,pipeline_1,unroll_64,pipeline_1,unroll_2,1,27,0.320069892098,False
workload_751.cpp,xczu7ev-ffvc1156-2-e,10,10.83394,377,1,1,4,30,cyclic_8_1,cyclic_2_1,complete_1,pipeline_1,unroll_2,pipeline_1,pipeline_1,pipeline_1,1,9,0.813437617379,False
workload_89.cpp,xczu7ev-ffvc1156-2-e,10,111.70565,55,1,0,0,1,cyclic_8_1,cyclic_2_1,complete_1,unroll_16,unroll_2,unroll_2,unroll_8,unroll_2,1,0.5,0.557944757514,False
workload_183.cpp,xczu7ev-ffvc1156-2-e,10,18.75973,520,3,8,9,42,cyclic_8_1,cyclic_2_1,complete_1,unroll_16,unroll_2,unroll_32,pipeline_1,pipeline_1,1,15.5,0.603129095686,False
workload_70.cpp,xczu7ev-ffvc1156-2-e,10,107.65061,53,1,0,0,1,cyclic_8_1,cyclic_2_1,complete_1,unroll_16,unroll_2,unroll_32,unroll_8,unroll_2,1,0.5,0.574935584508,False
workload_122.cpp,xczu7ev-ffvc1156-2-e,10,107.63013,55,1,0,0,2,cyclic_8_1,cyclic_2_1,complete_1,unroll_16,unroll_2,unroll_64,unroll_8,unroll_2,1,0.75,0.574803705307,False
workload_601.cpp,xczu7ev-ffvc1156-2-e,10,18.7597,331,1,3,2,33,cyclic_8_1,cyclic_2_1,complete_1,unroll_32,pipeline_1,unroll_4,pipeline_1,unroll_2,1,9.75,0.783835342621,False
workload_22.cpp,xczu7ev-ffvc1156-2-e,10,149.63461,52,1,0,0,2,cyclic_8_1,cyclic_2_1,complete_1,unroll_32,unroll_2,unroll_8,unroll_8,pipeline_1,2,0.75,0.413878925452,False
workload_854.cpp,xczu7ev-ffvc1156-2-e,10,25.66146,1811,3,3,12,38,cyclic_8_1,cyclic_2_1,complete_1,unroll_32,unroll_64,pipeline_1,pipeline_1,unroll_2,1,14,0.644292069801,False
workload_694.cpp,xczu7ev-ffvc1156-2-e,10,143.16034,96,1,0,4,31,cyclic_8_1,cyclic_2_1,complete_1,unroll_32,unroll_64,pipeline_1,unroll_16,pipeline_1,1,9,0.395544943706,False
workload_453.cpp,xczu7ev-ffvc1156-2-e,10,19.458595,67.5,1,2,1,4,cyclic_8_1,cyclic_2_1,complete_1,unroll_32,unroll_64,pipeline_1,unroll_32,unroll_2,2,2,1,True
workload_777.cpp,xczu7ev-ffvc1156-2-e,10,10.81346,370.5,1,1,4,28,cyclic_8_1,cyclic_32_1,complete_1,pipeline_1,pipeline_1,pipeline_1,pipeline_1,pipeline_1,6,8.5,0.831036955413,False
workload_435.cpp,xczu7ev-ffvc1156-2-e,10,10.81346,377.5,1,1,4,28,cyclic_8_1,cyclic_32_1,complete_1,pipeline_1,pipeline_1,unroll_4,pipeline_1,pipeline_1,2,8.5,0.831036955413,False
workload_365.cpp,xczu7ev-ffvc1156-2-e,10,10.81346,368,1,1,4,28,cyclic_8_1,cyclic_32_1,complete_1,pipeline_1,unroll_2,pipeline_1,pipeline_1,pipeline_1,1,8.5,0.831036955413,False
workload_604.cpp,xczu7ev-ffvc1156-2-e,10,163.0029,53.5,1,0,0,2,cyclic_8_1,cyclic_32_1,complete_1,pipeline_1,unroll_2,pipeline_1,unroll_32,pipeline_1,2,0.75,0.369615297617,False
workload_867.cpp,xczu7ev-ffvc1156-2-e,10,10.81346,376,1,1,4,28,cyclic_8_1,cyclic_32_1,complete_1,pipeline_1,unroll_2,unroll_4,pipeline_1,pipeline_1,1,8.5,0.831036955413,False
workload_719.cpp,xczu7ev-ffvc1156-2-e,10,18.6573,856,2,6,4,36,cyclic_8_1,cyclic_32_1,complete_1,pipeline_1,unroll_32,pipeline_1,pipeline_1,unroll_2,1,12,0.71126227075,False
workload_691.cpp,xczu7ev-ffvc1156-2-e,10,151.7005,98,1,0,4,31,cyclic_8_1,cyclic_32_1,complete_1,pipeline_1,unroll_64,pipeline_1,unroll_16,pipeline_1,1,9,0.369529934274,False
workload_337.cpp,xczu7ev-ffvc1156-2-e,10,23.3933,49,1,0,1,2,cyclic_8_1,cyclic_32_1,complete_1,unroll_16,pipeline_1,pipeline_1,unroll_16,pipeline_1,1,1,0.974902453629,False
workload_127.cpp,xczu7ev-ffvc1156-2-e,10,27.035555,53,1,0,1,2,cyclic_8_1,cyclic_32_1,complete_1,unroll_16,pipeline_1,unroll_2,unroll_32,pipeline_1,2,1,0.96478408227,False
workload_632.cpp,xczu7ev-ffvc1156-2-e,10,19.13346,62,2,3,2,4,cyclic_8_1,cyclic_32_1,complete_1,unroll_16,unroll_32,pipeline_1,unroll_16,unroll_2,1,2.75,0.946940243662,False
workload_749.cpp,xczu7ev-ffvc1156-2-e,10,20.52482,58,2,3,2,4,cyclic_8_1,cyclic_32_1,complete_1,unroll_16,unroll_32,unroll_4,unroll_16,unroll_2,1,2.75,0.943749717049,False
workload_731.cpp,xczu7ev-ffvc1156-2-e,10,10.81346,385,1,1,4,28.5,cyclic_8_1,cyclic_32_1,complete_1,unroll_2,pipeline_1,pipeline_1,pipeline_1,pipeline_1,2,8.625,0.826616437946,False
workload_815.cpp,xczu7ev-ffvc1156-2-e,10,52.84866,48,1,0,1,1,cyclic_8_1,cyclic_32_1,complete_1,unroll_2,pipeline_1,pipeline_1,unroll_2,pipeline_1,1,0.75,0.834032803168,False
workload_176.cpp,xczu7ev-ffvc1156-2-e,10,43.07333,54,1,0,1,2,cyclic_8_1,cyclic_32_1,complete_1,unroll_2,pipeline_1,unroll_32,unroll_16,pipeline_1,1,1,0.883877984648,False
workload_144.cpp,xczu7ev-ffvc1156-2-e,10,43.75301,49,1,0,0,2,cyclic_8_1,cyclic_32_1,complete_1,unroll_2,pipeline_1,unroll_32,unroll_8,pipeline_1,1,0.75,0.882171518442,False
workload_674.cpp,xczu7ev-ffvc1156-2-e,10,10.81346,398,1,1,4,28,cyclic_8_1,cyclic_32_1,complete_1,unroll_2,pipeline_1,unroll_4,pipeline_1,pipeline_1,1,8.5,0.831036955413,False
workload_14.cpp,xczu7ev-ffvc1156-2-e,10,43.73253,57,1,0,1,2,cyclic_8_1,cyclic_32_1,complete_1,unroll_2,pipeline_1,unroll_64,unroll_8,unroll_2,2,1,0.880408934297,False
workload_428.cpp,xczu7ev-ffvc1156-2-e,10,10.81346,366,1,1,4,28,cyclic_8_1,cyclic_32_1,complete_1,unroll_2,unroll_2,unroll_4,pipeline_1,pipeline_1,1,8.5,0.831036955413,False
workload_584.cpp,xczu7ev-ffvc1156-2-e,10,22.4077,60,1,0,1,2,cyclic_8_1,cyclic_32_1,complete_1,unroll_32,pipeline_1,pipeline_1,unroll_32,pipeline_1,1,1,0.975202057842,False
workload_439.cpp,xczu7ev-ffvc1156-2-e,10,22.4077,56,1,0,1,2,cyclic_8_1,cyclic_32_1,complete_1,unroll_32,pipeline_1,pipeline_1,unroll_32,unroll_2,3,1,0.975202057842,False
workload_162.cpp,xczu7ev-ffvc1156-2-e,10,27.01509,55,1,0,1,2,cyclic_8_1,cyclic_32_1,complete_1,unroll_32,pipeline_1,unroll_2,unroll_32,pipeline_1,1,1,0.964866657814,False
workload_244.cpp,xczu7ev-ffvc1156-2-e,10,27.01509,53,1,0,1,2,cyclic_8_1,cyclic_32_1,complete_1,unroll_32,pipeline_1,unroll_2,unroll_32,unroll_2,1,1,0.964866657814,False
workload_502.cpp,xczu7ev-ffvc1156-2-e,10,16.13826,386,2,5,3,33,cyclic_8_1,cyclic_32_1,complete_1,unroll_32,unroll_2,pipeline_1,pipeline_1,pipeline_1,1,10.75,0.753265543808,False
workload_518.cpp,xczu7ev-ffvc1156-2-e,10,16.13826,370,2,5,3,33,cyclic_8_1,cyclic_32_1,complete_1,unroll_32,unroll_2,pipeline_1,pipeline_1,unroll_2,2,10.75,0.753265543808,False
workload_688.cpp,xczu7ev-ffvc1156-2-e,10,153.15202,59,1,0,0,3,cyclic_8_1,cyclic_32_1,complete_1,unroll_32,unroll_2,pipeline_1,unroll_32,pipeline_1,1,1,0.401718092647,False
workload_423.cpp,xczu7ev-ffvc1156-2-e,10,18.6573,407,2,6,4,37,cyclic_8_1,cyclic_32_1,complete_1,unroll_32,unroll_32,pipeline_1,pipeline_1,unroll_2,1,12.25,0.703255878953,False
workload_618.cpp,xczu7ev-ffvc1156-2-e,10,140.70274,73,1,0,2,16,cyclic_8_1,cyclic_32_1,complete_1,unroll_32,unroll_32,pipeline_1,unroll_16,pipeline_1,1,4.75,0.433836052177,False
workload_657.cpp,xczu7ev-ffvc1156-2-e,10,18.4781,60,2,3,2,4,cyclic_8_1,cyclic_32_1,complete_1,unroll_32,unroll_32,pipeline_1,unroll_16,unroll_2,1,2.75,0.948341571193,False
workload_406.cpp,xczu7ev-ffvc1156-2-e,10,140.3725,71,1,0,2,16,cyclic_8_1,cyclic_32_1,complete_1,unroll_32,unroll_32,pipeline_1,unroll_32,pipeline_1,1,4.75,0.434980288659,False
workload_246.cpp,xczu7ev-ffvc1156-2-e,10,18.147875,60,2,3,2,4,cyclic_8_1,cyclic_32_1,complete_1,unroll_32,unroll_32,pipeline_1,unroll_32,unroll_2,2,2.75,1,True
workload_202.cpp,xczu7ev-ffvc1156-2-e,10,142.70853,65,1,0,2,16,cyclic_8_1,cyclic_32_1,complete_1,unroll_32,unroll_32,unroll_4,unroll_16,pipeline_1,1,4.75,0.426925206362,False
workload_426.cpp,xczu7ev-ffvc1156-2-e,10,15.52642,70,2,9,5,10,cyclic_8_1,cyclic_32_1,complete_1,unroll_32,unroll_64,pipeline_1,unroll_32,unroll_2,2,6.5,0.864366758095,False
workload_808.cpp,xczu7ev-ffvc1156-2-e,10,10.81346,368,1,1,4,28,cyclic_8_1,cyclic_32_1,complete_1,unroll_4,pipeline_1,pipeline_1,pipeline_1,pipeline_1,2,8.5,0.831036955413,False
workload_486.cpp,xczu7ev-ffvc1156-2-e,10,10.81346,440,1,1,4,28,cyclic_8_1,cyclic_32_1,complete_1,unroll_4,pipeline_1,pipeline_1,pipeline_1,unroll_2,2,8.5,0.831036955413,False
workload_735.cpp,xczu7ev-ffvc1156-2-e,10,37.48098,54,1,0,1,2,cyclic_8_1,cyclic_32_1,complete_1,unroll_4,pipeline_1,pipeline_1,unroll_32,pipeline_1,1,1,0.913238286061,False
workload_764.cpp,xczu7ev-ffvc1156-2-e,10,10.81346,369,1,1,4,28,cyclic_8_1,cyclic_32_1,complete_1,unroll_4,pipeline_1,unroll_4,pipeline_1,pipeline_1,1,8.5,0.831036955413,False
workload_627.cpp,xczu7ev-ffvc1156-2-e,10,37.97378,54,1,0,1,1,cyclic_8_1,cyclic_32_1,complete_1,unroll_4,pipeline_1,unroll_4,unroll_16,unroll_2,1,0.75,0.91326255315,False
workload_758.cpp,xczu7ev-ffvc1156-2-e,10,10.81346,357,1,1,4,28,cyclic_8_1,cyclic_32_1,complete_1,unroll_4,unroll_2,pipeline_1,pipeline_1,unroll_2,1,8.5,0.831036955413,False
workload_317.cpp,xczu7ev-ffvc1156-2-e,10,10.81349,354,1,20,14,44,cyclic_8_1,cyclic_32_1,complete_1,unroll_4,unroll_2,unroll_2,pipeline_1,pipeline_1,1,19.75,0.485016604712,False
workload_779.cpp,xczu7ev-ffvc1156-2-e,10,18.6573,808,2,6,4,36,cyclic_8_1,cyclic_32_1,complete_1,unroll_4,unroll_64,pipeline_1,pipeline_1,unroll_2,1,12,0.71126227075,False
workload_469.cpp,xczu7ev-ffvc1156-2-e,10,30.5997,79,2,9,5,9,cyclic_8_1,cyclic_32_1,complete_1,unroll_4,unroll_64,pipeline_1,unroll_32,unroll_2,1,6.25,0.839766849854,False
workload_768.cpp,xczu7ev-ffvc1156-2-e,10,10.81346,421,1,1,4,28,cyclic_8_1,cyclic_32_1,complete_1,unroll_8,pipeline_1,pipeline_1,pipeline_1,pipeline_1,1,8.5,0.831036955413,False
workload_820.cpp,xczu7ev-ffvc1156-2-e,10,10.81346,372,1,1,4,28,cyclic_8_1,cyclic_32_1,complete_1,unroll_8,unroll_2,pipeline_1,pipeline_1,pipeline_1,1,8.5,0.831036955413,False
workload_725.cpp,xczu7ev-ffvc1156-2-e,10,143.48546,96,1,0,5,31,cyclic_8_1,cyclic_32_1,complete_1,unroll_8,unroll_64,pipeline_1,unroll_32,pipeline_1,1,9.25,0.392500266767,False
workload_866.cpp,xczu7ev-ffvc1156-2-e,10,10.83394,374,1,1,4,28,cyclic_8_1,cyclic_4_1,complete_1,pipeline_1,pipeline_1,pipeline_1,pipeline_1,pipeline_1,1,8.5,0.831048220809,False
workload_165.cpp,xczu7ev-ffvc1156-2-e,10,32.11394,56,1,0,0,2,cyclic_8_1,cyclic_4_1,complete_1,pipeline_1,pipeline_1,pipeline_1,unroll_64,pipeline_1,1,0.75,0.944674754301,False
workload_173.cpp,xczu7ev-ffvc1156-2-e,10,16.05634,425,2,1,7,30,cyclic_8_1,cyclic_4_1,complete_1,pipeline_1,pipeline_1,unroll_16,pipeline_1,pipeline_1,2,10,0.778238255818,False
workload_256.cpp,xczu7ev-ffvc1156-2-e,10,16.05634,404,2,1,7,30,cyclic_8_1,cyclic_4_1,complete_1,pipeline_1,pipeline_1,unroll_16,pipeline_1,unroll_2,1,10,0.778238255818,False
workload_397.cpp,xczu7ev-ffvc1156-2-e,10,10.83394,364,1,1,4,28,cyclic_8_1,cyclic_4_1,complete_1,pipeline_1,unroll_2,pipeline_1,pipeline_1,pipeline_1,1,8.5,0.831048220809,False
workload_276.cpp,xczu7ev-ffvc1156-2-e,10,28.32642,54,3,3,2,3,cyclic_8_1,cyclic_4_1,complete_1,pipeline_1,unroll_32,pipeline_1,unroll_32,unroll_2,1,2.75,0.923160130015,False
workload_113.cpp,xczu7ev-ffvc1156-2-e,10,18.67778,469,3,6,7,36,cyclic_8_1,cyclic_4_1,complete_1,pipeline_1,unroll_8,unroll_16,pipeline_1,pipeline_1,1,13,0.679459672939,False
workload_211.cpp,xczu7ev-ffvc1156-2-e,10,16.05634,417,2,1,7,30,cyclic_8_1,cyclic_4_1,complete_1,unroll_2,pipeline_1,unroll_16,pipeline_1,pipeline_1,1,10,0.778238255818,False
workload_784.cpp,xczu7ev-ffvc1156-2-e,10,15.69026,67,3,5,3,6,cyclic_8_1,cyclic_4_1,complete_1,unroll_32,unroll_64,pipeline_1,unroll_32,unroll_2,1,4.25,1,True
workload_378.cpp,xczu7ev-ffvc1156-2-e,10,10.83394,362,1,1,4,28,cyclic_8_1,cyclic_4_1,complete_1,unroll_4,pipeline_1,pipeline_1,pipeline_1,pipeline_1,1,8.5,0.831048220809,False
workload_732.cpp,xczu7ev-ffvc1156-2-e,10,10.83394,401,1,1,4,28,cyclic_8_1,cyclic_4_1,complete_1,unroll_4,pipeline_1,unroll_8,pipeline_1,pipeline_1,1,8.5,0.831048220809,False
workload_228.cpp,xczu7ev-ffvc1156-2-e,10,10.81346,373,1,1,5,29,cyclic_8_1,cyclic_64_1,complete_1,pipeline_1,pipeline_1,unroll_4,pipeline_1,pipeline_1,1,9,0.813427027103,False
workload_188.cpp,xczu7ev-ffvc1156-2-e,10,10.81346,359.5,1,1,5,29,cyclic_8_1,cyclic_64_1,complete_1,pipeline_1,pipeline_1,unroll_8,pipeline_1,pipeline_1,2,9,0.813427027103,False
workload_493.cpp,xczu7ev-ffvc1156-2-e,10,10.81346,388,1,1,5,29,cyclic_8_1,cyclic_64_1,complete_1,pipeline_1,unroll_2,pipeline_1,pipeline_1,pipeline_1,1,9,0.813427027103,False
workload_314.cpp,xczu7ev-ffvc1156-2-e,10,16.13826,302,2,6,4,35,cyclic_8_1,cyclic_64_1,complete_1,unroll_16,pipeline_1,pipeline_1,pipeline_1,pipeline_1,1,11.75,0.720376779709,False
workload_249.cpp,xczu7ev-ffvc1156-2-e,10,16.13826,301,2,6,4,35,cyclic_8_1,cyclic_64_1,complete_1,unroll_16,pipeline_1,unroll_4,pipeline_1,pipeline_1,1,11.75,0.720376779709,False
workload_430.cpp,xczu7ev-ffvc1156-2-e,10,16.13826,310,2,6,4,35,cyclic_8_1,cyclic_64_1,complete_1,unroll_16,pipeline_1,unroll_8,pipeline_1,pipeline_1,1,11.75,0.720376779709,False
workload_798.cpp,xczu7ev-ffvc1156-2-e,10,16.18178,72,2,5,4,7,cyclic_8_1,cyclic_64_1,complete_1,unroll_16,unroll_64,pipeline_1,unroll_32,unroll_2,1,4.5,0.913460358819,False
workload_126.cpp,xczu7ev-ffvc1156-2-e,10,175.76453,55,1,0,1,5,cyclic_8_1,cyclic_64_1,complete_1,unroll_2,unroll_8,unroll_4,unroll_4,pipeline_1,1,1.75,0.329598011,False
workload_664.cpp,xczu7ev-ffvc1156-2-e,10,16.13826,357,2,6,4,35,cyclic_8_1,cyclic_64_1,complete_1,unroll_32,pipeline_1,pipeline_1,pipeline_1,pipeline_1,1,11.75,0.720376779709,False
workload_569.cpp,xczu7ev-ffvc1156-2-e,10,16.13826,369,2,6,4,35,cyclic_8_1,cyclic_64_1,complete_1,unroll_32,pipeline_1,pipeline_1,pipeline_1,unroll_2,1,11.75,0.720376779709,False
workload_485.cpp,xczu7ev-ffvc1156-2-e,10,22.73797,58,1,0,1,2,cyclic_8_1,cyclic_64_1,complete_1,unroll_32,pipeline_1,pipeline_1,unroll_16,pipeline_1,1,1,0.975250342451,False
workload_551.cpp,xczu7ev-ffvc1156-2-e,10,22.4077,70,1,0,1,3,cyclic_8_1,cyclic_64_1,complete_1,unroll_32,pipeline_1,pipeline_1,unroll_32,unroll_2,1,1.25,0.970332297213,False
workload_284.cpp,xczu7ev-ffvc1156-2-e,10,16.13829,312,2,6,6,34,cyclic_8_1,cyclic_64_1,complete_1,unroll_32,pipeline_1,unroll_4,pipeline_1,pipeline_1,1,12,0.712250488432,False
workload_711.cpp,xczu7ev-ffvc1156-2-e,10,165.91874,57,1,0,1,4,cyclic_8_1,cyclic_64_1,complete_1,unroll_32,unroll_2,pipeline_1,unroll_2,pipeline_1,1,1.5,0.359737520228,False
workload_659.cpp,xczu7ev-ffvc1156-2-e,10,184.6093,70,1,0,1,2,cyclic_8_1,cyclic_64_1,complete_1,unroll_32,unroll_2,pipeline_1,unroll_32,unroll_2,1,1,0.305054471056,False
workload_680.cpp,xczu7ev-ffvc1156-2-e,10,16.13826,327,2,6,4,35,cyclic_8_1,cyclic_64_1,complete_1,unroll_32,unroll_2,unroll_4,pipeline_1,pipeline_1,1,11.75,0.720376779709,False
workload_722.cpp,xczu7ev-ffvc1156-2-e,10,18.6573,1811,2,6,5,38,cyclic_8_1,cyclic_64_1,complete_1,unroll_32,unroll_64,pipeline_1,pipeline_1,pipeline_1,1,12.75,0.68735633228,False
workload_635.cpp,xczu7ev-ffvc1156-2-e,10,15.52642,87,2,5,4,7,cyclic_8_1,cyclic_64_1,complete_1,unroll_32,unroll_64,pipeline_1,unroll_32,unroll_2,1,4.5,1,True
workload_295.cpp,xczu7ev-ffvc1156-2-e,10,10.81346,364,1,1,5,29,cyclic_8_1,cyclic_64_1,complete_1,unroll_4,pipeline_1,pipeline_1,pipeline_1,pipeline_1,1,9,0.813427027103,False
workload_287.cpp,xczu7ev-ffvc1156-2-e,10,10.81346,372,1,1,5,29,cyclic_8_1,cyclic_64_1,complete_1,unroll_4,pipeline_1,unroll_4,pipeline_1,pipeline_1,1,9,0.813427027103,False
workload_424.cpp,xczu7ev-ffvc1156-2-e,10,10.81346,378,1,1,5,29,cyclic_8_1,cyclic_64_1,complete_1,unroll_4,pipeline_1,unroll_8,pipeline_1,pipeline_1,1,9,0.813427027103,False
workload_263.cpp,xczu7ev-ffvc1156-2-e,10,10.81346,353,1,1,5,29,cyclic_8_1,cyclic_64_1,complete_1,unroll_4,unroll_2,pipeline_1,pipeline_1,pipeline_1,1,9,0.813427027103,False
workload_549.cpp,xczu7ev-ffvc1156-2-e,10,18.6573,2518,2,6,5,37,cyclic_8_1,cyclic_64_1,complete_1,unroll_4,unroll_64,pipeline_1,pipeline_1,pipeline_1,1,12.5,0.695286351572,False
workload_740.cpp,xczu7ev-ffvc1156-2-e,10,155.28194,98,1,0,5,31,cyclic_8_1,cyclic_64_1,complete_1,unroll_4,unroll_64,pipeline_1,unroll_32,pipeline_1,1,9.25,0.35715270333,False
workload_566.cpp,xczu7ev-ffvc1156-2-e,10,32.31938,54,2,0,0,1,cyclic_8_1,cyclic_8_1,complete_1,pipeline_1,pipeline_1,unroll_8,unroll_32,unroll_2,1,0.75,0.943589792813,False
workload_823.cpp,xczu7ev-ffvc1156-2-e,10,10.83394,369,2,1,4,28,cyclic_8_1,cyclic_8_1,complete_1,pipeline_1,unroll_2,pipeline_1,pipeline_1,pipeline_1,1,8.75,0.822218827443,False
workload_597.cpp,xczu7ev-ffvc1156-2-e,10,15.69026,73.5,4,9,5,9,cyclic_8_1,cyclic_8_1,complete_1,unroll_32,unroll_64,pipeline_1,unroll_32,unroll_2,2,6.75,0.855357219291,False
workload_141.cpp,xczu7ev-ffvc1156-2-e,10,17.44901,512,5,6,7,36,cyclic_8_1,cyclic_8_1,complete_1,unroll_64,pipeline_1,unroll_64,pipeline_1,pipeline_1,1,13.5,0.664195466985,False
workload_23.cpp,xczu7ev-ffvc1156-2-e,10,27.06437,56,2,0,0,2,cyclic_8_1,cyclic_8_1,complete_1,unroll_64,pipeline_1,unroll_64,unroll_2,pipeline_1,1,1,0.964667501359,False
