Version,Device,Clock_Period_nsec,Latency_msec,Synthesis_Time_sec,BRAM_Utilization_percentage,DSP_Utilization_percentage,FF_Utilization_percentage,LUT_Utilization_percentage,Array_1,Array_2,Array_3,OuterLoop_1,OuterLoop_2,InnerLoop_1_1,InnerLoop_1_2,InnerLoop_1_3,Replicate_Count,Area,Weight,is_pareto
workload_4961.cpp,xcu200-fsgd2104-2-e,3.33,630.95849325,928,5,1,1,7,block_128_1,block_4_1,block_2_1,unroll_2,unroll_2,pipeline_1,unroll_8,unroll_2,1,3.5,0.585035181604,False
workload_5119.cpp,xcu200-fsgd2104-2-e,3.33,630.95828013,1167,5,1,1,7,block_128_1,block_4_1,block_2_1,unroll_2,unroll_2,pipeline_1,unroll_8,unroll_4,1,3.5,0.585035183304,False
workload_5000.cpp,xcu200-fsgd2104-2-e,3.33,630.95854653,940,3,1,1,7,block_128_1,block_8_1,block_2_1,unroll_2,unroll_2,pipeline_1,unroll_2,unroll_8,1,3,0.657731089114,False
workload_4999.cpp,xcu200-fsgd2104-2-e,3.33,630.95886621,593,3,1,1,6,block_128_1,block_8_1,block_2_1,unroll_2,unroll_2,pipeline_1,unroll_4,unroll_2,2,2.75,0.695967452611,False
workload_5032.cpp,xcu200-fsgd2104-2-e,3.33,630.95849325,935,3,1,1,7,block_128_1,block_8_1,block_2_1,unroll_2,unroll_2,pipeline_1,unroll_8,unroll_2,1,3,0.657731089683,False
workload_4994.cpp,xcu200-fsgd2104-2-e,3.33,686.82720861,500,3,1,1,5,block_128_1,block_8_1,block_8_1,unroll_2,unroll_2,pipeline_1,unroll_2,unroll_2,1,2.5,0.734220055146,False
workload_5058.cpp,xcu200-fsgd2104-2-e,3.33,686.82699549,630,3,1,1,6,block_128_1,block_8_1,block_8_1,unroll_2,unroll_2,pipeline_1,unroll_4,unroll_2,1,2.75,0.69494113921,False
workload_5039.cpp,xcu200-fsgd2104-2-e,3.33,686.82662253,986,3,1,1,7,block_128_1,block_8_1,block_8_1,unroll_2,unroll_2,pipeline_1,unroll_8,unroll_2,1,3,0.656861650727,False
workload_4897.cpp,xcu200-fsgd2104-2-e,3.33,687.20890653,997,3,1,2,9,block_128_1,block_8_1,block_8_1,unroll_4,unroll_2,pipeline_1,unroll_4,unroll_2,1,3.75,0.550007878726,False
workload_4977.cpp,xcu200-fsgd2104-2-e,3.33,687.20837373,1591,3,1,2,10,block_128_1,block_8_1,block_8_1,unroll_4,unroll_2,pipeline_1,unroll_4,unroll_8,1,4,0.516887970694,False
workload_5155.cpp,xcu200-fsgd2104-2-e,3.33,630.95796045,1721,5,1,1,8,block_128_1,cyclic_2_1,block_4_1,unroll_2,unroll_2,pipeline_1,unroll_8,unroll_8,1,3.75,0.550582063838,False
workload_4543.cpp,xcu200-fsgd2104-2-e,3.33,630.30437469,356,2,1,6,9,block_16_1,block_64_1,block_2_1,unroll_16,unroll_2,pipeline_1,unroll_2,unroll_2,1,4.5,0.454824479467,False
workload_4546.cpp,xcu200-fsgd2104-2-e,3.33,572.41757277,209,3,1,5,5,block_2_1,block_16_1,block_2_1,unroll_16,unroll_2,pipeline_1,unroll_2,unroll_2,1,3.5,0.585277772661,False
workload_4455.cpp,xcu200-fsgd2104-2-e,3.33,572.41735965,225,3,1,5,5,block_2_1,block_16_1,block_2_1,unroll_16,unroll_2,pipeline_1,unroll_4,unroll_2,1,3.5,0.585277772727,False
workload_4664.cpp,xcu200-fsgd2104-2-e,3.33,572.41682685,268,3,1,5,6,block_2_1,block_16_1,block_2_1,unroll_16,unroll_2,pipeline_1,unroll_4,unroll_8,1,3.75,0.550794632016,False
workload_4632.cpp,xcu200-fsgd2104-2-e,3.33,572.39008029,378,3,1,10,9,block_2_1,block_16_1,block_2_1,unroll_32,unroll_2,pipeline_1,unroll_4,unroll_2,1,5.75,0.320675527276,False
workload_4548.cpp,xcu200-fsgd2104-2-e,3.33,572.38970733,396,3,1,10,10,block_2_1,block_16_1,block_2_1,unroll_32,unroll_2,pipeline_1,unroll_8,unroll_2,1,6,0.297628901566,False
workload_4680.cpp,xcu200-fsgd2104-2-e,3.33,572.58098919,440,3,1,3,7,block_2_1,block_16_1,block_2_1,unroll_4,unroll_16,pipeline_1,unroll_4,unroll_2,1,3.5,0.585277720615,False
workload_4616.cpp,xcu200-fsgd2104-2-e,3.33,572.58071613,145,3,1,1,2,block_2_1,block_16_1,block_2_1,unroll_4,unroll_2,pipeline_1,unroll_2,unroll_8,1,1.75,0.862239075811,False
workload_4555.cpp,xcu200-fsgd2104-2-e,3.33,572.58103581,124,3,1,1,2,block_2_1,block_16_1,block_2_1,unroll_4,unroll_2,pipeline_1,unroll_4,unroll_2,1,1.75,0.862239075372,False
workload_4590.cpp,xcu200-fsgd2104-2-e,3.33,572.58050301,159,3,1,1,2,block_2_1,block_16_1,block_2_1,unroll_4,unroll_2,pipeline_1,unroll_4,unroll_8,1,1.75,0.862239076104,False
workload_4674.cpp,xcu200-fsgd2104-2-e,3.33,572.58066285,144,3,1,1,2,block_2_1,block_16_1,block_2_1,unroll_4,unroll_2,pipeline_1,unroll_8,unroll_2,1,1.75,0.862239075885,False
workload_4610.cpp,xcu200-fsgd2104-2-e,3.33,628.25783661,418,2,1,10,10,block_2_1,block_16_1,block_8_1,unroll_32,unroll_2,pipeline_1,unroll_8,unroll_2,1,5.75,0.320596880704,False
workload_4620.cpp,xcu200-fsgd2104-2-e,3.33,5672.51844669,367,3,1,1,4,block_2_1,block_16_1,cyclic_16_1,unroll_16,unroll_2,unroll_2,unroll_2,unroll_8,1,2.25,0.123330153127,False
workload_4673.cpp,xcu200-fsgd2104-2-e,3.33,5691.71965293,716,3,1,3,7,block_2_1,block_16_1,cyclic_16_1,unroll_32,unroll_2,unroll_2,unroll_8,unroll_2,1,3.5,0.114528350532,False
workload_4633.cpp,xcu200-fsgd2104-2-e,3.33,572.41757277,205,2,1,5,5,block_2_1,block_2_1,block_2_1,unroll_16,unroll_2,pipeline_1,unroll_2,unroll_2,1,3.25,0.621031631034,False
workload_4553.cpp,xcu200-fsgd2104-2-e,3.33,572.41698669,227,2,1,5,5,block_2_1,block_2_1,block_2_1,unroll_16,unroll_2,pipeline_1,unroll_8,unroll_2,1,3.25,0.621031631242,False
workload_4738.cpp,xcu200-fsgd2104-2-e,3.33,572.41645389,266,2,1,5,5,block_2_1,block_2_1,block_2_1,unroll_16,unroll_2,pipeline_1,unroll_8,unroll_8,1,3.25,0.621031631431,False
workload_4438.cpp,xcu200-fsgd2104-2-e,3.33,572.41751616,819,2,1,7,10,block_2_1,block_2_1,block_2_1,unroll_16,unroll_32,pipeline_1,unroll_2,unroll_2,1,5,0.397439755706,False
workload_4876.cpp,xcu200-fsgd2104-2-e,3.33,573.23595357,85,2,1,1,1,block_2_1,block_2_1,block_2_1,unroll_2,unroll_2,pipeline_1,unroll_2,unroll_2,1,1.25,0.952800831335,False
workload_4767.cpp,xcu200-fsgd2104-2-e,3.33,5622.75775719,833,2,1,5,10,block_2_1,block_2_1,block_2_1,unroll_32,unroll_16,unroll_2,unroll_4,unroll_2,1,4.5,0.108869253495,False
workload_4625.cpp,xcu200-fsgd2104-2-e,3.33,572.39029341,341,2,1,10,9,block_2_1,block_2_1,block_2_1,unroll_32,unroll_2,pipeline_1,unroll_2,unroll_2,1,5.5,0.344992879055,False
workload_4706.cpp,xcu200-fsgd2104-2-e,3.33,572.39008029,346,2,1,10,9,block_2_1,block_2_1,block_2_1,unroll_32,unroll_2,pipeline_1,unroll_4,unroll_2,1,5.5,0.34499287908,False
workload_4601.cpp,xcu200-fsgd2104-2-e,3.33,572.38970733,361,2,1,10,9,block_2_1,block_2_1,block_2_1,unroll_32,unroll_2,pipeline_1,unroll_8,unroll_2,1,5.5,0.344992879125,False
workload_4722.cpp,xcu200-fsgd2104-2-e,3.33,5628.43153773,1518,2,1,6,11,block_2_1,block_2_1,block_2_1,unroll_32,unroll_2,unroll_4,unroll_8,unroll_2,1,5,0.10509484321,False
workload_4608.cpp,xcu200-fsgd2104-2-e,3.33,572.3902368,956,2,1,12,15,block_2_1,block_2_1,block_2_1,unroll_32,unroll_32,pipeline_1,unroll_2,unroll_2,1,7.5,0.186034403367,False
workload_4786.cpp,xcu200-fsgd2104-2-e,3.33,572.58120231,255,2,1,2,4,block_2_1,block_2_1,block_2_1,unroll_4,unroll_16,pipeline_1,unroll_2,unroll_2,1,2.25,0.776753997459,False
workload_4586.cpp,xcu200-fsgd2104-2-e,3.33,572.58124893,104.5,2,1,1,1,block_2_1,block_2_1,block_2_1,unroll_4,unroll_2,pipeline_1,unroll_2,unroll_2,2,1.25,0.952804060856,False
workload_4785.cpp,xcu200-fsgd2104-2-e,3.33,572.58071613,128.5,2,1,1,2,block_2_1,block_2_1,block_2_1,unroll_4,unroll_2,pipeline_1,unroll_2,unroll_8,2,1.5,0.906887143374,False
workload_4770.cpp,xcu200-fsgd2104-2-e,3.33,572.58103581,113,2,1,1,2,block_2_1,block_2_1,block_2_1,unroll_4,unroll_2,pipeline_1,unroll_4,unroll_2,1,1.5,0.906887142696,False
workload_4758.cpp,xcu200-fsgd2104-2-e,3.33,572.58050301,140,2,1,1,2,block_2_1,block_2_1,block_2_1,unroll_4,unroll_2,pipeline_1,unroll_4,unroll_8,1,1.5,0.906887143826,False
workload_4662.cpp,xcu200-fsgd2104-2-e,3.33,572.58066285,129,2,1,1,2,block_2_1,block_2_1,block_2_1,unroll_4,unroll_2,pipeline_1,unroll_8,unroll_2,1,1.5,0.906887143487,False
workload_4513.cpp,xcu200-fsgd2104-2-e,3.33,572.58013005,157.5,2,1,1,2,block_2_1,block_2_1,block_2_1,unroll_4,unroll_2,pipeline_1,unroll_8,unroll_8,2,1.5,0.906887144618,False
workload_4690.cpp,xcu200-fsgd2104-2-e,3.33,5494.45977693,111,2,1,1,1,block_2_1,block_2_1,block_2_1,unroll_4,unroll_2,unroll_2,unroll_2,unroll_2,1,1.25,0.136020329715,False
workload_4734.cpp,xcu200-fsgd2104-2-e,3.33,5494.45924413,140,2,1,1,1,block_2_1,block_2_1,block_2_1,unroll_4,unroll_2,unroll_2,unroll_2,unroll_8,1,1.25,0.136020360848,False
workload_4568.cpp,xcu200-fsgd2104-2-e,3.33,572.58119232,645,2,1,3,7,block_2_1,block_2_1,block_2_1,unroll_4,unroll_32,pipeline_1,unroll_2,unroll_2,1,3.25,0.621031571036,False
workload_4380.cpp,xcu200-fsgd2104-2-e,3.33,5787.76739904,1373,2,1,5,11,block_2_1,block_2_1,block_2_1,unroll_4,unroll_32,unroll_16,unroll_2,unroll_2,1,4.75,0.103664213572,False
workload_4572.cpp,xcu200-fsgd2104-2-e,3.33,5787.76718592,1781,2,1,7,14,block_2_1,block_2_1,block_2_1,unroll_4,unroll_32,unroll_16,unroll_4,unroll_2,1,6,0.1,False
workload_4529.cpp,xcu200-fsgd2104-2-e,3.33,5745.86630208,851,2,1,4,9,block_2_1,block_2_1,block_2_1,unroll_4,unroll_32,unroll_8,unroll_2,unroll_2,1,4,0.10922201122,False
workload_4741.cpp,xcu200-fsgd2104-2-e,3.33,572.58122229,122,2,1,1,2,block_2_1,block_2_1,block_2_1,unroll_4,unroll_4,pipeline_1,unroll_2,unroll_2,1,1.5,0.9068871423,False
workload_4596.cpp,xcu200-fsgd2104-2-e,3.33,572.41752615,403,3,1,6,7,block_2_1,block_2_1,block_4_1,unroll_16,unroll_16,pipeline_1,unroll_2,unroll_2,1,4.25,0.485640511885,False
workload_4583.cpp,xcu200-fsgd2104-2-e,3.33,572.41731303,534,3,1,7,9,block_2_1,block_2_1,block_4_1,unroll_16,unroll_16,pipeline_1,unroll_4,unroll_2,1,5,0.397439755737,False
workload_4847.cpp,xcu200-fsgd2104-2-e,3.33,572.38970733,373,3,1,10,9,block_2_1,block_2_1,block_4_1,unroll_32,unroll_2,pipeline_1,unroll_8,unroll_2,1,5.75,0.320675527316,False
workload_4700.cpp,xcu200-fsgd2104-2-e,3.33,572.58013005,167.5,3,1,1,2,block_2_1,block_2_1,block_4_1,unroll_4,unroll_2,pipeline_1,unroll_8,unroll_8,2,1.75,0.862239076617,False
workload_4600.cpp,xcu200-fsgd2104-2-e,3.33,572.41735965,242,3,1,5,6,block_2_1,block_32_1,block_4_1,unroll_16,unroll_2,pipeline_1,unroll_4,unroll_2,1,3.75,0.550794631872,False
workload_4413.cpp,xcu200-fsgd2104-2-e,3.33,628.28544231,950,3,1,7,13,block_2_1,block_32_1,cyclic_16_1,unroll_16,unroll_16,pipeline_1,unroll_4,unroll_2,1,6,0.297558128518,False
workload_4366.cpp,xcu200-fsgd2104-2-e,3.33,628.28546229,342,3,1,5,7,block_2_1,block_32_1,cyclic_16_1,unroll_16,unroll_4,pipeline_1,unroll_4,unroll_2,1,4,0.517410783991,False
workload_4557.cpp,xcu200-fsgd2104-2-e,3.33,5672.51839341,557,3,1,2,6,block_2_1,block_32_1,cyclic_16_1,unroll_16,unroll_4,unroll_2,unroll_8,unroll_2,1,3,0.118858281776,False
workload_4422.cpp,xcu200-fsgd2104-2-e,3.33,4275.81550773,652,3,1,3,8,block_2_1,block_32_1,cyclic_16_1,unroll_16,unroll_4,unroll_4,unroll_4,unroll_2,1,3.75,0.198675731694,False
workload_4549.cpp,xcu200-fsgd2104-2-e,3.33,628.25837607,897,3,1,11,15,block_2_1,block_32_1,cyclic_16_1,unroll_32,unroll_16,pipeline_1,unroll_2,unroll_2,1,7.5,0.185998516284,False
workload_4537.cpp,xcu200-fsgd2104-2-e,3.33,572.41757277,201,3,1,5,4,block_2_1,block_4_1,block_2_1,unroll_16,unroll_2,pipeline_1,unroll_2,unroll_2,1,3.25,0.621031631034,False
workload_4712.cpp,xcu200-fsgd2104-2-e,3.33,572.41698669,228,3,1,5,5,block_2_1,block_4_1,block_2_1,unroll_16,unroll_2,pipeline_1,unroll_8,unroll_2,1,3.5,0.585277772842,False
workload_4681.cpp,xcu200-fsgd2104-2-e,3.33,572.41701333,293,3,1,5,5,block_2_1,block_4_1,block_2_1,unroll_16,unroll_4,pipeline_1,unroll_2,unroll_8,1,3.5,0.585277772833,False
workload_4960.cpp,xcu200-fsgd2104-2-e,3.33,573.23536749,112,3,1,1,1,block_2_1,block_4_1,block_2_1,unroll_2,unroll_2,pipeline_1,unroll_8,unroll_2,1,1.5,0.906885572944,False
workload_4660.cpp,xcu200-fsgd2104-2-e,3.33,572.38954749,387,3,1,10,9,block_2_1,block_4_1,block_2_1,unroll_32,unroll_2,pipeline_1,unroll_4,unroll_8,1,5.75,0.320675527333,False
workload_4731.cpp,xcu200-fsgd2104-2-e,3.33,4887.74294109,1304,3,1,6,11,block_2_1,block_4_1,block_2_1,unroll_32,unroll_2,unroll_4,unroll_2,unroll_2,1,5.25,0.124824599223,False
workload_4675.cpp,xcu200-fsgd2104-2-e,3.33,572.58071613,129,3,1,1,2,block_2_1,block_4_1,block_2_1,unroll_4,unroll_2,pipeline_1,unroll_2,unroll_8,1,1.75,0.862239075811,False
workload_4720.cpp,xcu200-fsgd2104-2-e,3.33,572.58050301,134,3,1,1,2,block_2_1,block_4_1,block_2_1,unroll_4,unroll_2,pipeline_1,unroll_4,unroll_8,1,1.75,0.862239076104,False
workload_4637.cpp,xcu200-fsgd2104-2-e,3.33,572.58066285,128,3,1,1,2,block_2_1,block_4_1,block_2_1,unroll_4,unroll_2,pipeline_1,unroll_8,unroll_2,1,1.75,0.862239075885,False
workload_4644.cpp,xcu200-fsgd2104-2-e,3.33,4862.45044557,212,3,1,1,2,block_2_1,block_4_1,block_2_1,unroll_4,unroll_2,unroll_4,unroll_8,unroll_8,1,1.75,0.180226604736,False
workload_4779.cpp,xcu200-fsgd2104-2-e,3.33,572.58100917,139,3,1,1,2,block_2_1,block_4_1,block_2_1,unroll_4,unroll_4,pipeline_1,unroll_4,unroll_2,1,1.75,0.862239075408,False
workload_4823.cpp,xcu200-fsgd2104-2-e,3.33,572.47187175,398,3,1,4,7,block_2_1,block_4_1,block_2_1,unroll_8,unroll_16,pipeline_1,unroll_4,unroll_2,1,3.75,0.550794617003,False
workload_4965.cpp,xcu200-fsgd2104-2-e,3.33,573.23595357,90,3,1,1,1,block_2_1,block_4_1,block_4_1,unroll_2,unroll_2,pipeline_1,unroll_2,unroll_2,1,1.5,0.906885571376,False
workload_4883.cpp,xcu200-fsgd2104-2-e,3.33,628.28511597,250,2,1,5,5,block_2_1,block_4_1,block_8_1,unroll_16,unroll_2,pipeline_1,unroll_8,unroll_2,1,3.25,0.620776366237,False
workload_4909.cpp,xcu200-fsgd2104-2-e,3.33,629.10408285,92,2,1,1,1,block_2_1,block_4_1,block_8_1,unroll_2,unroll_2,pipeline_1,unroll_2,unroll_2,1,1.25,0.949875724983,False
workload_4976.cpp,xcu200-fsgd2104-2-e,3.33,629.10381312,1598,2,1,4,11,block_2_1,block_4_1,block_8_1,unroll_2,unroll_32,pipeline_1,unroll_4,unroll_2,1,4.5,0.454830211454,False
workload_4487.cpp,xcu200-fsgd2104-2-e,3.33,628.28516925,265,3,1,5,5,block_2_1,block_4_1,cyclic_16_1,unroll_16,unroll_2,pipeline_1,unroll_2,unroll_8,1,3.5,0.585056038189,False
workload_4526.cpp,xcu200-fsgd2104-2-e,3.33,572.41731303,945,3,1,7,15,block_2_1,block_64_1,block_2_1,unroll_16,unroll_16,pipeline_1,unroll_4,unroll_2,1,6.5,0.25534782684,False
workload_4350.cpp,xcu200-fsgd2104-2-e,3.33,572.41698669,342,3,1,5,7,block_2_1,block_64_1,block_2_1,unroll_16,unroll_2,pipeline_1,unroll_8,unroll_2,1,4,0.517582211119,False
workload_4501.cpp,xcu200-fsgd2104-2-e,3.33,4532.45938029,774,3,1,3,8,block_2_1,block_64_1,block_2_1,unroll_16,unroll_2,unroll_4,unroll_8,unroll_2,1,3.75,0.177477798947,False
workload_4551.cpp,xcu200-fsgd2104-2-e,3.33,572.39003367,1292,3,1,12,20,block_2_1,block_64_1,block_2_1,unroll_32,unroll_16,pipeline_1,unroll_4,unroll_2,1,9,0.120186073131,False
workload_4597.cpp,xcu200-fsgd2104-2-e,3.33,572.38970733,554,3,1,10,12,block_2_1,block_64_1,block_2_1,unroll_32,unroll_2,pipeline_1,unroll_8,unroll_2,1,6.5,0.255347829012,False
workload_4575.cpp,xcu200-fsgd2104-2-e,3.33,572.58103581,164,3,1,1,3,block_2_1,block_64_1,block_2_1,unroll_4,unroll_2,pipeline_1,unroll_4,unroll_2,1,2,0.818861266544,False
workload_4494.cpp,xcu200-fsgd2104-2-e,3.33,572.41731303,999,3,1,7,15,block_2_1,block_64_1,block_4_1,unroll_16,unroll_16,pipeline_1,unroll_4,unroll_2,1,6.5,0.25534782684,False
workload_4581.cpp,xcu200-fsgd2104-2-e,3.33,572.41757277,275,3,1,5,6,block_2_1,block_64_1,block_4_1,unroll_16,unroll_2,pipeline_1,unroll_2,unroll_2,1,3.75,0.550794631815,False
workload_4421.cpp,xcu200-fsgd2104-2-e,3.33,572.41698669,349,3,1,5,7,block_2_1,block_64_1,block_4_1,unroll_16,unroll_2,pipeline_1,unroll_8,unroll_2,1,4,0.517582211119,False
workload_4533.cpp,xcu200-fsgd2104-2-e,3.33,572.39003367,1349,3,1,12,20,block_2_1,block_64_1,block_4_1,unroll_32,unroll_16,pipeline_1,unroll_4,unroll_2,1,9,0.120186073131,False
workload_4466.cpp,xcu200-fsgd2104-2-e,3.33,628.28511597,392,3,1,5,8,block_2_1,block_64_1,cyclic_16_1,unroll_16,unroll_2,pipeline_1,unroll_8,unroll_2,1,4.25,0.485488440269,False
workload_4652.cpp,xcu200-fsgd2104-2-e,3.33,628.28458317,512,3,1,5,9,block_2_1,block_64_1,cyclic_16_1,unroll_16,unroll_2,pipeline_1,unroll_8,unroll_8,1,4.5,0.454834056634,False
workload_4894.cpp,xcu200-fsgd2104-2-e,3.33,628.44879213,174,2,1,1,2,block_2_1,block_8_1,block_16_1,unroll_4,unroll_2,pipeline_1,unroll_8,unroll_2,1,1.5,0.905461107605,False
workload_4629.cpp,xcu200-fsgd2104-2-e,3.33,572.41757277,212,1,1,5,5,block_2_1,block_8_1,block_2_1,unroll_16,unroll_2,pipeline_1,unroll_2,unroll_2,1,3,0.658056203208,False
workload_4594.cpp,xcu200-fsgd2104-2-e,3.33,572.41698669,230,1,1,5,5,block_2_1,block_8_1,block_2_1,unroll_16,unroll_2,pipeline_1,unroll_8,unroll_2,1,3,0.658056203449,False
workload_4938.cpp,xcu200-fsgd2104-2-e,3.33,4223.43879021,499,1,1,3,6,block_2_1,block_8_1,block_2_1,unroll_16,unroll_2,unroll_4,unroll_8,unroll_2,1,2.75,0.228853545472,False
workload_4885.cpp,xcu200-fsgd2104-2-e,3.33,5424.65163495,370,1,1,2,5,block_2_1,block_8_1,block_2_1,unroll_2,unroll_16,unroll_2,unroll_4,unroll_2,1,2.25,0.136257423007,False
workload_4996.cpp,xcu200-fsgd2104-2-e,3.33,573.23574045,101,1,1,1,1,block_2_1,block_8_1,block_2_1,unroll_2,unroll_2,pipeline_1,unroll_4,unroll_2,1,1,0.999075206831,False
workload_4813.cpp,xcu200-fsgd2104-2-e,3.33,573.23536749,120,1,1,1,1,block_2_1,block_8_1,block_2_1,unroll_2,unroll_2,pipeline_1,unroll_8,unroll_2,1,1,0.999075315768,False
workload_4936.cpp,xcu200-fsgd2104-2-e,3.33,573.23515437,127,1,1,1,2,block_2_1,block_8_1,block_2_1,unroll_2,unroll_2,pipeline_1,unroll_8,unroll_4,1,1.25,0.952800835731,False
workload_4826.cpp,xcu200-fsgd2104-2-e,3.33,5424.65168157,104,1,1,1,1,block_2_1,block_8_1,block_2_1,unroll_2,unroll_2,unroll_2,unroll_4,unroll_2,1,1,0.140385354927,False
workload_4776.cpp,xcu200-fsgd2104-2-e,3.33,5424.65130861,122,1,1,1,1,block_2_1,block_8_1,block_2_1,unroll_2,unroll_2,unroll_2,unroll_8,unroll_2,1,1,0.140385378016,False
workload_4580.cpp,xcu200-fsgd2104-2-e,3.33,572.39003367,679,1,1,12,13,block_2_1,block_8_1,block_2_1,unroll_32,unroll_16,pipeline_1,unroll_4,unroll_2,1,6.75,0.236113382484,False
workload_4540.cpp,xcu200-fsgd2104-2-e,3.33,572.39008029,350,1,1,10,9,block_2_1,block_8_1,block_2_1,unroll_32,unroll_2,pipeline_1,unroll_4,unroll_2,1,5.25,0.370580956696,False
workload_4626.cpp,xcu200-fsgd2104-2-e,3.33,572.38970733,389,1,1,10,9,block_2_1,block_8_1,block_2_1,unroll_32,unroll_2,pipeline_1,unroll_8,unroll_2,1,5.25,0.370580956746,False
workload_4837.cpp,xcu200-fsgd2104-2-e,3.33,5635.85189661,575,1,1,3,6,block_2_1,block_8_1,block_2_1,unroll_32,unroll_2,unroll_2,unroll_4,unroll_2,1,2.75,0.122120439842,False
workload_4824.cpp,xcu200-fsgd2104-2-e,3.33,572.39005365,389,1,1,10,10,block_2_1,block_8_1,block_2_1,unroll_32,unroll_4,pipeline_1,unroll_4,unroll_2,1,5.5,0.344992879084,False
workload_4806.cpp,xcu200-fsgd2104-2-e,3.33,572.58098919,380,1,1,3,6,block_2_1,block_8_1,block_2_1,unroll_4,unroll_16,pipeline_1,unroll_4,unroll_2,1,2.75,0.696351400903,False
workload_4877.cpp,xcu200-fsgd2104-2-e,3.33,572.58066285,1738,1,1,3,6,block_2_1,block_8_1,block_2_1,unroll_4,unroll_16,pipeline_1,unroll_8,unroll_2,1,2.75,0.696351401073,False
workload_4842.cpp,xcu200-fsgd2104-2-e,3.33,572.58124893,104,1,1,1,1,block_2_1,block_8_1,block_2_1,unroll_4,unroll_2,pipeline_1,unroll_2,unroll_2,1,1,0.999266387346,False
workload_4992.cpp,xcu200-fsgd2104-2-e,3.33,572.58071613,138,1,1,1,2,block_2_1,block_8_1,block_2_1,unroll_4,unroll_2,pipeline_1,unroll_2,unroll_8,1,1.25,0.95280406318,False
workload_4631.cpp,xcu200-fsgd2104-2-e,3.33,572.58103581,115,1,1,1,2,block_2_1,block_8_1,block_2_1,unroll_4,unroll_2,pipeline_1,unroll_4,unroll_2,1,1.25,0.952804061786,False
workload_4648.cpp,xcu200-fsgd2104-2-e,3.33,572.58066285,135,1,1,1,2,block_2_1,block_8_1,block_2_1,unroll_4,unroll_2,pipeline_1,unroll_8,unroll_2,1,1.25,0.952804063413,False
workload_4614.cpp,xcu200-fsgd2104-2-e,3.33,3749.45346333,555,1,1,3,6,block_2_1,block_8_1,block_2_1,unroll_4,unroll_2,unroll_16,unroll_4,unroll_2,1,2.75,0.283324439287,False
workload_4698.cpp,xcu200-fsgd2104-2-e,3.33,5536.36028781,142,1,1,1,2,block_2_1,block_8_1,block_2_1,unroll_4,unroll_2,unroll_2,unroll_8,unroll_2,1,1.25,0.133613581428,False
workload_4752.cpp,xcu200-fsgd2104-2-e,3.33,572.58100917,145,1,1,1,2,block_2_1,block_8_1,block_2_1,unroll_4,unroll_4,pipeline_1,unroll_4,unroll_2,1,1.25,0.952804061902,False
workload_4892.cpp,xcu200-fsgd2104-2-e,3.33,572.47213149,140,1,1,2,3,block_2_1,block_8_1,block_2_1,unroll_8,unroll_2,pipeline_1,unroll_2,unroll_2,1,1.75,0.862239221898,False
workload_4929.cpp,xcu200-fsgd2104-2-e,3.33,5616.65708397,190,1,1,1,2,block_2_1,block_8_1,block_2_1,unroll_8,unroll_2,unroll_2,unroll_8,unroll_2,1,1.25,0.129233830816,False
workload_4904.cpp,xcu200-fsgd2104-2-e,3.33,628.28570205,260,2,1,5,5,block_2_1,block_8_1,block_32_1,unroll_16,unroll_2,pipeline_1,unroll_2,unroll_2,1,3.25,0.620776361091,False
workload_4912.cpp,xcu200-fsgd2104-2-e,3.33,572.58124893,107,2,1,1,1,block_2_1,block_8_1,block_4_1,unroll_4,unroll_2,pipeline_1,unroll_2,unroll_2,1,1.25,0.952804060856,False
workload_4834.cpp,xcu200-fsgd2104-2-e,3.33,572.58103581,117,2,1,1,2,block_2_1,block_8_1,block_4_1,unroll_4,unroll_2,pipeline_1,unroll_4,unroll_2,1,1.5,0.906887142696,False
workload_4663.cpp,xcu200-fsgd2104-2-e,3.33,572.58066285,136,2,1,1,2,block_2_1,block_8_1,block_4_1,unroll_4,unroll_2,pipeline_1,unroll_8,unroll_2,1,1.5,0.906887143487,False
workload_4639.cpp,xcu200-fsgd2104-2-e,3.33,4129.18236765,257,2,1,1,3,block_2_1,block_8_1,block_4_1,unroll_4,unroll_2,unroll_8,unroll_2,unroll_2,1,1.75,0.256264832092,False
workload_4819.cpp,xcu200-fsgd2104-2-e,3.33,628.44935157,328,2,1,1,3,block_2_1,block_8_1,block_64_1,unroll_4,unroll_4,pipeline_1,unroll_2,unroll_2,1,1.75,0.861310886848,False
workload_4719.cpp,xcu200-fsgd2104-2-e,3.33,628.28570205,212,1,1,5,5,block_2_1,block_8_1,block_8_1,unroll_16,unroll_2,pipeline_1,unroll_2,unroll_2,1,3,0.657759030147,False
workload_4861.cpp,xcu200-fsgd2104-2-e,3.33,628.28567541,240,1,1,5,5,block_2_1,block_8_1,block_8_1,unroll_16,unroll_4,pipeline_1,unroll_2,unroll_2,1,3,0.65775903042,False
workload_4872.cpp,xcu200-fsgd2104-2-e,3.33,629.10408285,94,1,1,1,1,block_2_1,block_8_1,block_8_1,unroll_2,unroll_2,pipeline_1,unroll_2,unroll_2,1,1,0.982830676278,False
workload_4920.cpp,xcu200-fsgd2104-2-e,3.33,629.10355005,131,1,1,1,1,block_2_1,block_8_1,block_8_1,unroll_2,unroll_2,pipeline_1,unroll_2,unroll_8,1,1,0.982830830491,False
workload_4932.cpp,xcu200-fsgd2104-2-e,3.33,629.10386973,105,1,1,1,1,block_2_1,block_8_1,block_8_1,unroll_2,unroll_2,pipeline_1,unroll_4,unroll_2,1,1,0.982830737964,False
workload_4973.cpp,xcu200-fsgd2104-2-e,3.33,629.10296397,171,1,1,1,2,block_2_1,block_8_1,block_8_1,unroll_2,unroll_2,pipeline_1,unroll_8,unroll_8,1,1.25,0.949875832801,False
workload_4896.cpp,xcu200-fsgd2104-2-e,3.33,629.10405621,117,1,1,1,1,block_2_1,block_8_1,block_8_1,unroll_2,unroll_4,pipeline_1,unroll_2,unroll_2,1,1,0.982830683989,False
workload_4895.cpp,xcu200-fsgd2104-2-e,3.33,628.25730381,466,1,1,10,10,block_2_1,block_8_1,block_8_1,unroll_32,unroll_2,pipeline_1,unroll_8,unroll_8,1,5.5,0.34490541129,False
workload_4775.cpp,xcu200-fsgd2104-2-e,3.33,628.44937821,111,1,1,1,1,block_2_1,block_8_1,block_8_1,unroll_4,unroll_2,pipeline_1,unroll_2,unroll_2,1,1,0.983020183576,False
workload_4856.cpp,xcu200-fsgd2104-2-e,3.33,628.44916509,122,1,1,1,2,block_2_1,block_8_1,block_8_1,unroll_4,unroll_2,pipeline_1,unroll_4,unroll_2,1,1.25,0.94993852583,False
workload_4778.cpp,xcu200-fsgd2104-2-e,3.33,628.44879213,143,1,1,1,2,block_2_1,block_8_1,block_8_1,unroll_4,unroll_2,pipeline_1,unroll_8,unroll_2,1,1.25,0.949938561417,False
workload_4939.cpp,xcu200-fsgd2104-2-e,3.33,628.44825933,190,1,1,1,2,block_2_1,block_8_1,block_8_1,unroll_4,unroll_2,pipeline_1,unroll_8,unroll_8,1,1.25,0.949938612256,False
workload_4812.cpp,xcu200-fsgd2104-2-e,3.33,4949.74493037,202,1,1,1,2,block_2_1,block_8_1,block_8_1,unroll_4,unroll_2,unroll_4,unroll_8,unroll_2,1,1.25,0.174877406393,False
workload_4857.cpp,xcu200-fsgd2104-2-e,3.33,4949.74439757,247,1,1,1,3,block_2_1,block_8_1,block_8_1,unroll_4,unroll_2,unroll_4,unroll_8,unroll_8,1,1.5,0.17410759111,False
workload_5012.cpp,xcu200-fsgd2104-2-e,3.33,628.44910848,1644,1,1,5,12,block_2_1,block_8_1,block_8_1,unroll_4,unroll_32,pipeline_1,unroll_4,unroll_2,1,4.75,0.425447496681,False
workload_4882.cpp,xcu200-fsgd2104-2-e,3.33,628.44881877,225,1,1,1,3,block_2_1,block_8_1,block_8_1,unroll_4,unroll_4,pipeline_1,unroll_2,unroll_8,1,1.5,0.905461106312,False
workload_4940.cpp,xcu200-fsgd2104-2-e,3.33,628.33970133,262,1,1,3,4,block_2_1,block_8_1,block_8_1,unroll_8,unroll_4,pipeline_1,unroll_2,unroll_8,1,2.25,0.776229976481,False
workload_4535.cpp,xcu200-fsgd2104-2-e,3.33,628.44884541,157,2,1,1,2,block_2_1,block_8_1,cyclic_16_1,unroll_4,unroll_2,pipeline_1,unroll_2,unroll_8,1,1.5,0.905461105019,False
workload_4577.cpp,xcu200-fsgd2104-2-e,3.33,4183.30408509,316,2,1,2,4,block_2_1,block_8_1,cyclic_16_1,unroll_4,unroll_2,unroll_8,unroll_2,unroll_8,1,2.25,0.242933967837,False
workload_4571.cpp,xcu200-fsgd2104-2-e,3.33,572.41757277,430,4,1,5,9,block_2_1,cyclic_128_1,block_2_1,unroll_16,unroll_2,pipeline_1,unroll_2,unroll_2,1,4.75,0.425569283446,False
workload_4471.cpp,xcu200-fsgd2104-2-e,3.33,572.41698669,596,4,1,5,11,block_2_1,cyclic_128_1,block_2_1,unroll_16,unroll_2,pipeline_1,unroll_8,unroll_2,1,5.25,0.370580953081,False
workload_4584.cpp,xcu200-fsgd2104-2-e,3.33,572.41645389,793,4,1,5,12,block_2_1,cyclic_128_1,block_2_1,unroll_16,unroll_2,pipeline_1,unroll_8,unroll_8,1,5.5,0.344992875896,False
workload_4607.cpp,xcu200-fsgd2104-2-e,3.33,572.41731969,1009,5,1,6,15,block_2_1,cyclic_128_1,block_4_1,unroll_16,unroll_8,pipeline_1,unroll_4,unroll_2,1,6.75,0.236113380561,False
workload_4495.cpp,xcu200-fsgd2104-2-e,3.33,628.28511597,665,5,1,5,11,block_2_1,cyclic_128_1,cyclic_16_1,unroll_16,unroll_2,pipeline_1,unroll_8,unroll_2,1,5.5,0.344905327537,False
workload_4559.cpp,xcu200-fsgd2104-2-e,3.33,628.25788989,1381,5,1,10,19,block_2_1,cyclic_128_1,cyclic_16_1,unroll_32,unroll_2,pipeline_1,unroll_2,unroll_8,1,8.75,0.127966812023,False
workload_4900.cpp,xcu200-fsgd2104-2-e,3.33,572.41703997,222,2,1,5,5,block_2_1,cyclic_2_1,block_2_1,unroll_16,unroll_2,pipeline_1,unroll_2,unroll_8,1,3.25,0.621031631223,False
workload_4781.cpp,xcu200-fsgd2104-2-e,3.33,5078.91951981,273,2,1,1,3,block_2_1,cyclic_2_1,block_2_1,unroll_16,unroll_2,unroll_2,unroll_8,unroll_2,1,1.75,0.162553649266,False
workload_4694.cpp,xcu200-fsgd2104-2-e,3.33,572.58124893,100,2,1,1,1,block_2_1,cyclic_2_1,block_2_1,unroll_4,unroll_2,pipeline_1,unroll_2,unroll_2,1,1.25,0.952804060856,False
workload_4772.cpp,xcu200-fsgd2104-2-e,3.33,572.58071613,129,2,1,1,2,block_2_1,cyclic_2_1,block_2_1,unroll_4,unroll_2,pipeline_1,unroll_2,unroll_8,1,1.5,0.906887143374,False
workload_4634.cpp,xcu200-fsgd2104-2-e,3.33,572.58066285,127,2,1,1,2,block_2_1,cyclic_2_1,block_2_1,unroll_4,unroll_2,pipeline_1,unroll_8,unroll_2,1,1.5,0.906887143487,False
workload_4718.cpp,xcu200-fsgd2104-2-e,3.33,5068.46529117,107,2,1,1,1,block_2_1,cyclic_2_1,block_2_1,unroll_4,unroll_2,unroll_2,unroll_2,unroll_2,1,1.25,0.16521076709,False
workload_4702.cpp,xcu200-fsgd2104-2-e,3.33,5068.46470509,131,2,1,1,1,block_2_1,cyclic_2_1,block_2_1,unroll_4,unroll_2,unroll_2,unroll_8,unroll_2,1,1.25,0.165210813163,False
workload_4811.cpp,xcu200-fsgd2104-2-e,3.33,5068.46417229,161,2,1,1,2,block_2_1,cyclic_2_1,block_2_1,unroll_4,unroll_2,unroll_2,unroll_8,unroll_8,1,1.5,0.164511381595,False
workload_4603.cpp,xcu200-fsgd2104-2-e,3.33,572.56736949,277,3,1,6,7,block_4_1,block_16_1,block_2_1,unroll_16,unroll_4,pipeline_1,unroll_4,unroll_2,1,4.25,0.485640479252,False
workload_4478.cpp,xcu200-fsgd2104-2-e,3.33,572.51928429,427,3,3,12,12,block_4_1,block_16_1,block_2_1,unroll_32,unroll_2,pipeline_1,unroll_8,unroll_2,1,7.5,0.186034396833,False
workload_4646.cpp,xcu200-fsgd2104-2-e,3.33,572.66234109,200,3,1,3,4,block_4_1,block_16_1,block_2_1,unroll_8,unroll_2,pipeline_1,unroll_4,unroll_8,1,2.75,0.696351357804,False
workload_4492.cpp,xcu200-fsgd2104-2-e,3.33,572.56760925,208,3,1,6,6,block_4_1,block_2_1,block_2_1,unroll_16,unroll_2,pipeline_1,unroll_2,unroll_2,1,4,0.517582174143,False
workload_4552.cpp,xcu200-fsgd2104-2-e,3.33,572.56702317,242,3,1,6,6,block_4_1,block_2_1,block_2_1,unroll_16,unroll_2,pipeline_1,unroll_8,unroll_2,1,4,0.517582174291,False
workload_4745.cpp,xcu200-fsgd2104-2-e,3.33,572.51928429,399,3,3,12,11,block_4_1,block_2_1,block_2_1,unroll_32,unroll_2,pipeline_1,unroll_8,unroll_2,1,7.25,0.201456662201,False
workload_4630.cpp,xcu200-fsgd2104-2-e,3.33,572.85382941,119,3,1,1,2,block_4_1,block_2_1,block_2_1,unroll_4,unroll_2,pipeline_1,unroll_4,unroll_2,1,1.75,0.862238679821,False
workload_4843.cpp,xcu200-fsgd2104-2-e,3.33,572.85345645,138,3,1,2,2,block_4_1,block_2_1,block_2_1,unroll_4,unroll_2,pipeline_1,unroll_8,unroll_2,1,2,0.818860978858,False
workload_4820.cpp,xcu200-fsgd2104-2-e,3.33,572.56760925,241,3,1,6,6,block_4_1,block_32_1,block_2_1,unroll_16,unroll_2,pipeline_1,unroll_2,unroll_2,1,4,0.517582174143,False
workload_4754.cpp,xcu200-fsgd2104-2-e,3.33,572.56702317,295,3,1,6,7,block_4_1,block_32_1,block_2_1,unroll_16,unroll_2,pipeline_1,unroll_8,unroll_2,1,4.25,0.48564047933,False
workload_4390.cpp,xcu200-fsgd2104-2-e,3.33,572.56702317,244,3,1,6,6,block_4_1,block_4_1,block_2_1,unroll_16,unroll_2,pipeline_1,unroll_8,unroll_2,1,4,0.517582174291,False
workload_4570.cpp,xcu200-fsgd2104-2-e,3.33,572.66308701,140,3,1,3,3,block_4_1,block_4_1,block_2_1,unroll_8,unroll_2,pipeline_1,unroll_2,unroll_2,1,2.5,0.735917309923,False
workload_4582.cpp,xcu200-fsgd2104-2-e,3.33,572.66250093,170,3,1,3,4,block_4_1,block_4_1,block_2_1,unroll_8,unroll_2,pipeline_1,unroll_8,unroll_2,1,2.75,0.696351357718,False
workload_4844.cpp,xcu200-fsgd2104-2-e,3.33,628.43573853,223,3,1,6,6,block_4_1,block_4_1,block_8_1,unroll_16,unroll_2,pipeline_1,unroll_2,unroll_2,1,4,0.51740989665,False
workload_4480.cpp,xcu200-fsgd2104-2-e,3.33,572.56702317,364,3,1,6,8,block_4_1,block_64_1,block_2_1,unroll_16,unroll_2,pipeline_1,unroll_8,unroll_2,1,4.5,0.454969506736,False
workload_4561.cpp,xcu200-fsgd2104-2-e,3.33,628.43515245,477,4,1,6,10,block_4_1,block_64_1,cyclic_32_1,unroll_16,unroll_2,pipeline_1,unroll_8,unroll_2,1,5.25,0.370483031901,False
workload_4310.cpp,xcu200-fsgd2104-2-e,3.33,572.56702317,248,2,1,6,6,block_4_1,block_8_1,block_2_1,unroll_16,unroll_2,pipeline_1,unroll_8,unroll_2,1,3.75,0.55079459023,False
workload_4782.cpp,xcu200-fsgd2104-2-e,3.33,572.51965725,385,2,3,12,11,block_4_1,block_8_1,block_2_1,unroll_32,unroll_2,pipeline_1,unroll_4,unroll_2,1,7,0.218149654321,False
workload_4854.cpp,xcu200-fsgd2104-2-e,3.33,572.51928429,414,2,3,12,11,block_4_1,block_8_1,block_2_1,unroll_32,unroll_2,pipeline_1,unroll_8,unroll_2,1,7,0.218149654346,False
workload_4667.cpp,xcu200-fsgd2104-2-e,3.33,572.85350973,143,2,1,1,2,block_4_1,block_8_1,block_2_1,unroll_4,unroll_2,pipeline_1,unroll_2,unroll_8,1,1.5,0.906886533003,False
workload_4868.cpp,xcu200-fsgd2104-2-e,3.33,572.85345645,143,2,1,1,2,block_4_1,block_8_1,block_2_1,unroll_4,unroll_2,pipeline_1,unroll_8,unroll_2,1,1.5,0.906886533128,False
workload_4746.cpp,xcu200-fsgd2104-2-e,3.33,572.85292365,176,2,1,2,3,block_4_1,block_8_1,block_2_1,unroll_4,unroll_2,pipeline_1,unroll_8,unroll_8,1,2,0.81886097945,False
workload_4624.cpp,xcu200-fsgd2104-2-e,3.33,572.66308701,147,2,1,3,3,block_4_1,block_8_1,block_2_1,unroll_8,unroll_2,pipeline_1,unroll_2,unroll_2,1,2.25,0.776753932749,False
workload_4536.cpp,xcu200-fsgd2104-2-e,3.33,572.66250093,177,2,1,3,4,block_4_1,block_8_1,block_2_1,unroll_8,unroll_2,pipeline_1,unroll_8,unroll_2,1,2.5,0.735917310303,False
workload_4881.cpp,xcu200-fsgd2104-2-e,3.33,5236.06856013,273,1,2,1,3,block_4_1,block_8_1,block_8_1,unroll_4,unroll_2,unroll_4,unroll_8,unroll_8,1,1.75,0.151094092281,False
workload_5007.cpp,xcu200-fsgd2104-2-e,3.33,627.08541021,460,1,1,10,10,block_4_1,block_8_1,block_8_1,unroll_64,unroll_2,pipeline_1,unroll_2,unroll_2,1,5.5,0.344908903969,False
workload_4759.cpp,xcu200-fsgd2104-2-e,3.33,5250.03671133,115,3,1,1,1,block_4_1,cyclic_2_1,block_2_1,unroll_4,unroll_2,unroll_2,unroll_2,unroll_2,1,1.5,0.151119065776,False
workload_4502.cpp,xcu200-fsgd2104-2-e,3.33,4478.35758957,871,3,2,1,6,block_4_1,cyclic_2_1,cyclic_64_1,unroll_4,unroll_4,unroll_4,unroll_8,unroll_2,1,3,0.198492894037,False
workload_4290.cpp,xcu200-fsgd2104-2-e,3.33,572.56702317,242,3,1,6,6,block_4_1,cyclic_4_1,block_2_1,unroll_16,unroll_2,pipeline_1,unroll_8,unroll_2,1,4,0.517582174291,False
workload_4922.cpp,xcu200-fsgd2104-2-e,3.33,687.20853357,443,3,1,2,6,block_64_1,block_8_1,block_8_1,unroll_4,unroll_2,pipeline_1,unroll_8,unroll_2,1,3,0.656853839773,False
workload_5059.cpp,xcu200-fsgd2104-2-e,3.33,687.20800077,773,3,1,2,7,block_64_1,block_8_1,block_8_1,unroll_4,unroll_2,pipeline_1,unroll_8,unroll_8,1,3.25,0.619998459239,False
workload_4879.cpp,xcu200-fsgd2104-2-e,3.33,630.46805085,114,5,1,1,2,block_8_1,block_4_1,block_2_1,unroll_4,unroll_2,pipeline_1,unroll_2,unroll_2,1,2.25,0.776190984961,False
workload_4650.cpp,xcu200-fsgd2104-2-e,3.33,5806.95107949,570,5,4,2,6,block_8_1,block_64_1,block_2_1,unroll_16,unroll_2,unroll_2,unroll_8,unroll_2,1,4.25,0.10609300451,False
workload_4598.cpp,xcu200-fsgd2104-2-e,3.33,630.27709533,203,5,1,3,5,block_8_1,block_64_1,block_2_1,unroll_8,unroll_2,pipeline_1,unroll_2,unroll_2,1,3.5,0.585040586442,False
workload_4538.cpp,xcu200-fsgd2104-2-e,3.33,686.04916077,437,5,1,6,9,block_8_1,block_64_1,cyclic_16_1,unroll_16,unroll_2,pipeline_1,unroll_8,unroll_2,1,5.25,0.370194051571,False
workload_4764.cpp,xcu200-fsgd2104-2-e,3.33,630.13366557,426,3,3,12,12,block_8_1,block_8_1,block_2_1,unroll_32,unroll_2,pipeline_1,unroll_4,unroll_2,1,7.5,0.185996162499,False
workload_4563.cpp,xcu200-fsgd2104-2-e,3.33,4535.97218397,272,5,2,1,4,block_8_1,cyclic_2_1,cyclic_64_1,unroll_4,unroll_2,unroll_4,unroll_2,unroll_2,1,3,0.193278403889,False
workload_4587.cpp,xcu200-fsgd2104-2-e,3.33,3624.62332509,259,3,1,1,3,cyclic_16_1,block_128_1,block_8_1,unroll_4,unroll_2,unroll_2,unroll_2,unroll_2,1,2,0.318580751143,False
workload_4794.cpp,xcu200-fsgd2104-2-e,3.33,627.74011485,128,2,1,1,1,cyclic_16_1,block_16_1,block_2_1,unroll_4,unroll_2,pipeline_1,unroll_2,unroll_2,1,1.25,0.950005818873,False
workload_4696.cpp,xcu200-fsgd2104-2-e,3.33,627.73958205,180,2,1,1,2,cyclic_16_1,block_16_1,block_2_1,unroll_4,unroll_2,pipeline_1,unroll_2,unroll_8,1,1.5,0.905495333431,False
workload_4729.cpp,xcu200-fsgd2104-2-e,3.33,627.73952877,177,2,1,1,2,cyclic_16_1,block_16_1,block_2_1,unroll_4,unroll_2,pipeline_1,unroll_8,unroll_2,1,1.5,0.905495335987,False
workload_4655.cpp,xcu200-fsgd2104-2-e,3.33,627.76739421,168,2,1,1,2,cyclic_16_1,block_16_1,cyclic_2_1,unroll_8,unroll_2,pipeline_1,unroll_2,unroll_2,1,1.5,0.90549399887,False
workload_4621.cpp,xcu200-fsgd2104-2-e,3.33,683.60771133,260,3,1,1,3,cyclic_16_1,block_16_1,cyclic_32_1,unroll_4,unroll_2,pipeline_1,unroll_2,unroll_8,1,2,0.81631223068,False
workload_4765.cpp,xcu200-fsgd2104-2-e,3.33,627.78044781,285,1,1,1,4,cyclic_16_1,block_2_1,block_2_1,unroll_16,unroll_2,pipeline_1,unroll_8,unroll_2,1,1.75,0.861331995903,False
workload_4592.cpp,xcu200-fsgd2104-2-e,3.33,627.74011485,119,1,1,1,1,cyclic_16_1,block_2_1,block_2_1,unroll_4,unroll_2,pipeline_1,unroll_2,unroll_2,1,1,0.983225506099,False
workload_4695.cpp,xcu200-fsgd2104-2-e,3.33,627.73958205,163,1,1,1,2,cyclic_16_1,block_2_1,block_2_1,unroll_4,unroll_2,pipeline_1,unroll_2,unroll_8,1,1.25,0.950005869165,False
workload_4619.cpp,xcu200-fsgd2104-2-e,3.33,627.73990173,131,1,1,1,2,cyclic_16_1,block_2_1,block_2_1,unroll_4,unroll_2,pipeline_1,unroll_4,unroll_2,2,1.25,0.950005838989,False
workload_4831.cpp,xcu200-fsgd2104-2-e,3.33,627.73936893,175,1,1,1,2,cyclic_16_1,block_2_1,block_2_1,unroll_4,unroll_2,pipeline_1,unroll_4,unroll_8,1,1.25,0.950005889281,False
workload_4709.cpp,xcu200-fsgd2104-2-e,3.33,627.73952877,157.5,1,1,1,2,cyclic_16_1,block_2_1,block_2_1,unroll_4,unroll_2,pipeline_1,unroll_8,unroll_2,2,1.25,0.950005874194,False
workload_4756.cpp,xcu200-fsgd2104-2-e,3.33,627.73899597,219,1,1,1,2,cyclic_16_1,block_2_1,block_2_1,unroll_4,unroll_2,pipeline_1,unroll_8,unroll_8,2,1.25,0.950005924485,False
workload_4647.cpp,xcu200-fsgd2104-2-e,3.33,3526.85409885,124,1,1,1,1,cyclic_16_1,block_2_1,block_2_1,unroll_4,unroll_2,unroll_2,unroll_2,unroll_2,1,1,0.343312856207,False
workload_4669.cpp,xcu200-fsgd2104-2-e,3.33,3526.85356605,168,1,1,1,2,cyclic_16_1,block_2_1,block_2_1,unroll_4,unroll_2,unroll_2,unroll_2,unroll_8,1,1.25,0.342625777192,False
workload_4723.cpp,xcu200-fsgd2104-2-e,3.33,627.73987509,175,1,1,1,2,cyclic_16_1,block_2_1,block_2_1,unroll_4,unroll_4,pipeline_1,unroll_4,unroll_2,1,1.25,0.950005841504,False
workload_4793.cpp,xcu200-fsgd2104-2-e,3.33,627.73934229,321,1,1,1,3,cyclic_16_1,block_2_1,block_2_1,unroll_4,unroll_4,pipeline_1,unroll_4,unroll_8,1,1.5,0.905495344933,False
workload_4886.cpp,xcu200-fsgd2104-2-e,3.33,627.73899597,555,1,1,1,3,cyclic_16_1,block_2_1,block_2_1,unroll_4,unroll_4,pipeline_1,unroll_8,unroll_8,1,1.5,0.905495361547,False
workload_4743.cpp,xcu200-fsgd2104-2-e,3.33,627.73952877,165,2,1,1,2,cyclic_16_1,block_2_1,block_4_1,unroll_4,unroll_2,pipeline_1,unroll_8,unroll_2,1,1.5,0.905495335987,False
workload_4685.cpp,xcu200-fsgd2104-2-e,3.33,627.73899597,243,2,1,1,2,cyclic_16_1,block_2_1,block_4_1,unroll_4,unroll_2,pipeline_1,unroll_8,unroll_8,1,1.5,0.905495361547,False
workload_4724.cpp,xcu200-fsgd2104-2-e,3.33,3526.85297997,236,2,1,1,2,cyclic_16_1,block_2_1,block_4_1,unroll_4,unroll_2,unroll_2,unroll_8,unroll_8,1,1.5,0.340576456509,False
workload_4589.cpp,xcu200-fsgd2104-2-e,3.33,683.60824413,151,2,1,1,2,cyclic_16_1,block_2_1,cyclic_32_1,unroll_4,unroll_2,pipeline_1,unroll_2,unroll_2,1,1.5,0.901604146302,False
workload_4643.cpp,xcu200-fsgd2104-2-e,3.33,683.60803101,173,2,1,1,2,cyclic_16_1,block_2_1,cyclic_32_1,unroll_4,unroll_2,pipeline_1,unroll_2,unroll_4,1,1.5,0.901604165565,False
workload_4661.cpp,xcu200-fsgd2104-2-e,3.33,683.60771133,244,2,1,1,3,cyclic_16_1,block_2_1,cyclic_32_1,unroll_4,unroll_2,pipeline_1,unroll_2,unroll_8,1,1.75,0.858760013491,False
workload_4482.cpp,xcu200-fsgd2104-2-e,3.33,683.63552349,197,2,1,1,3,cyclic_16_1,block_2_1,cyclic_32_1,unroll_8,unroll_2,pipeline_1,unroll_2,unroll_2,1,1.75,0.858758331836,False
workload_4962.cpp,xcu200-fsgd2104-2-e,3.33,627.68497005,138,2,1,1,1,cyclic_16_1,block_4_1,block_2_1,unroll_2,unroll_2,pipeline_1,unroll_8,unroll_2,1,1.25,0.95001102191,False
workload_4771.cpp,xcu200-fsgd2104-2-e,3.33,627.74011485,121,2,1,1,1,cyclic_16_1,block_4_1,block_2_1,unroll_4,unroll_2,pipeline_1,unroll_2,unroll_2,1,1.25,0.950005818873,False
workload_4566.cpp,xcu200-fsgd2104-2-e,3.33,627.73958205,157,2,1,1,2,cyclic_16_1,block_4_1,block_2_1,unroll_4,unroll_2,pipeline_1,unroll_2,unroll_8,1,1.5,0.905495333431,False
workload_4668.cpp,xcu200-fsgd2104-2-e,3.33,627.73990173,137,2,1,1,2,cyclic_16_1,block_4_1,block_2_1,unroll_4,unroll_2,pipeline_1,unroll_4,unroll_2,1,1.5,0.905495318094,False
workload_4773.cpp,xcu200-fsgd2104-2-e,3.33,627.73952877,164,2,1,1,2,cyclic_16_1,block_4_1,block_2_1,unroll_4,unroll_2,pipeline_1,unroll_8,unroll_2,1,1.5,0.905495335987,False
workload_4579.cpp,xcu200-fsgd2104-2-e,3.33,627.73899597,219,2,1,1,2,cyclic_16_1,block_4_1,block_2_1,unroll_4,unroll_2,pipeline_1,unroll_8,unroll_8,1,1.5,0.905495361547,False
workload_4721.cpp,xcu200-fsgd2104-2-e,3.33,1742.56460109,253,2,1,1,2,cyclic_16_1,block_4_1,block_2_1,unroll_4,unroll_2,unroll_4,unroll_8,unroll_8,1,1.5,0.679404965552,False
workload_4671.cpp,xcu200-fsgd2104-2-e,3.33,627.73899597,536,2,1,1,3,cyclic_16_1,block_4_1,block_2_1,unroll_4,unroll_4,pipeline_1,unroll_8,unroll_8,1,1.75,0.861333296142,False
workload_4707.cpp,xcu200-fsgd2104-2-e,3.33,683.60824413,121,1,1,1,1,cyclic_16_1,block_4_1,block_8_1,unroll_4,unroll_2,pipeline_1,unroll_2,unroll_2,1,1,0.967125515494,False
workload_4735.cpp,xcu200-fsgd2104-2-e,3.33,683.60803101,144,1,1,1,2,cyclic_16_1,block_4_1,block_8_1,unroll_4,unroll_2,pipeline_1,unroll_4,unroll_2,1,1.25,0.942732607754,False
workload_4550.cpp,xcu200-fsgd2104-2-e,3.33,683.64916317,271,3,1,1,4,cyclic_16_1,block_4_1,cyclic_16_1,unroll_16,unroll_2,pipeline_1,unroll_2,unroll_2,1,2.25,0.774768377373,False
workload_4578.cpp,xcu200-fsgd2104-2-e,3.33,683.64857709,335,3,1,1,4,cyclic_16_1,block_4_1,cyclic_16_1,unroll_16,unroll_2,pipeline_1,unroll_8,unroll_2,1,2.25,0.774768397762,False
workload_4516.cpp,xcu200-fsgd2104-2-e,3.33,683.63552349,172,3,1,1,2,cyclic_16_1,block_4_1,cyclic_16_1,unroll_8,unroll_2,pipeline_1,unroll_2,unroll_2,1,1.75,0.858758331836,False
workload_4415.cpp,xcu200-fsgd2104-2-e,3.33,683.60824413,146,3,1,1,2,cyclic_16_1,block_4_1,cyclic_32_1,unroll_4,unroll_2,pipeline_1,unroll_2,unroll_2,1,1.75,0.858759981279,False
workload_4547.cpp,xcu200-fsgd2104-2-e,3.33,683.60771133,234,3,1,1,3,cyclic_16_1,block_4_1,cyclic_32_1,unroll_4,unroll_2,pipeline_1,unroll_2,unroll_8,1,2,0.81631223068,False
workload_4576.cpp,xcu200-fsgd2104-2-e,3.33,683.63552349,198,3,1,1,3,cyclic_16_1,block_4_1,cyclic_32_1,unroll_8,unroll_2,pipeline_1,unroll_2,unroll_2,1,2,0.816310991383,False
workload_4688.cpp,xcu200-fsgd2104-2-e,3.33,683.60771133,329,3,1,1,4,cyclic_16_1,block_64_1,cyclic_32_1,unroll_4,unroll_2,pipeline_1,unroll_2,unroll_8,1,2.25,0.774769819231,False
workload_4604.cpp,xcu200-fsgd2104-2-e,3.33,683.63531037,290,3,1,1,4,cyclic_16_1,block_64_1,cyclic_32_1,unroll_8,unroll_2,pipeline_1,unroll_4,unroll_2,1,2.25,0.774768859285,False
workload_4878.cpp,xcu200-fsgd2104-2-e,3.33,627.68555613,103,1,1,1,1,cyclic_16_1,block_8_1,block_2_1,unroll_2,unroll_2,pipeline_1,unroll_2,unroll_2,1,1,0.983241301128,False
workload_4926.cpp,xcu200-fsgd2104-2-e,3.33,627.68502333,144,1,1,1,1,cyclic_16_1,block_8_1,block_2_1,unroll_2,unroll_2,pipeline_1,unroll_2,unroll_8,1,1,0.983241455377,False
workload_5004.cpp,xcu200-fsgd2104-2-e,3.33,627.68534301,121,1,1,1,1,cyclic_16_1,block_8_1,block_2_1,unroll_2,unroll_2,pipeline_1,unroll_4,unroll_2,1,1,0.983241362827,False
workload_4863.cpp,xcu200-fsgd2104-2-e,3.33,627.68497005,145,1,1,1,1,cyclic_16_1,block_8_1,block_2_1,unroll_2,unroll_2,pipeline_1,unroll_8,unroll_2,1,1,0.983241470802,False
workload_4899.cpp,xcu200-fsgd2104-2-e,3.33,627.68443725,201,1,1,1,2,cyclic_16_1,block_8_1,block_2_1,unroll_2,unroll_2,pipeline_1,unroll_8,unroll_8,1,1.25,0.95001107216,False
workload_4957.cpp,xcu200-fsgd2104-2-e,3.33,627.68552949,127,1,1,1,1,cyclic_16_1,block_8_1,block_2_1,unroll_2,unroll_4,pipeline_1,unroll_2,unroll_2,1,1,0.98324130884,False
workload_4860.cpp,xcu200-fsgd2104-2-e,3.33,627.68499669,262,1,1,1,2,cyclic_16_1,block_8_1,block_2_1,unroll_2,unroll_4,pipeline_1,unroll_2,unroll_8,1,1.25,0.950011019398,False
workload_4984.cpp,xcu200-fsgd2104-2-e,3.33,627.68443725,532,1,1,1,3,cyclic_16_1,block_8_1,block_2_1,unroll_2,unroll_4,pipeline_1,unroll_8,unroll_8,1,1.5,0.9054979777,False
workload_4693.cpp,xcu200-fsgd2104-2-e,3.33,627.78759399,1117,1,1,3,11,cyclic_16_1,block_8_1,block_2_1,unroll_32,unroll_16,pipeline_1,unroll_4,unroll_2,1,4,0.517413707447,False
workload_4651.cpp,xcu200-fsgd2104-2-e,3.33,627.78732093,496,1,1,2,7,cyclic_16_1,block_8_1,block_2_1,unroll_32,unroll_2,pipeline_1,unroll_2,unroll_8,1,2.75,0.696006444988,False
workload_4795.cpp,xcu200-fsgd2104-2-e,3.33,627.78764061,447,1,1,2,6,cyclic_16_1,block_8_1,block_2_1,unroll_32,unroll_2,pipeline_1,unroll_4,unroll_2,1,2.5,0.735501875948,False
workload_4822.cpp,xcu200-fsgd2104-2-e,3.33,627.78726765,495,1,1,2,7,cyclic_16_1,block_8_1,block_2_1,unroll_32,unroll_2,pipeline_1,unroll_8,unroll_2,2,2.75,0.696006445626,False
workload_4761.cpp,xcu200-fsgd2104-2-e,3.33,627.74011485,122,1,1,1,1,cyclic_16_1,block_8_1,block_2_1,unroll_4,unroll_2,pipeline_1,unroll_2,unroll_2,1,1,0.983225506099,False
workload_4659.cpp,xcu200-fsgd2104-2-e,3.33,627.73958205,163.5,1,1,1,2,cyclic_16_1,block_8_1,block_2_1,unroll_4,unroll_2,pipeline_1,unroll_2,unroll_8,2,1.25,0.950005869165,False
workload_4864.cpp,xcu200-fsgd2104-2-e,3.33,627.73936893,181,1,1,1,2,cyclic_16_1,block_8_1,block_2_1,unroll_4,unroll_2,pipeline_1,unroll_4,unroll_8,1,1.25,0.950005889281,False
workload_4757.cpp,xcu200-fsgd2104-2-e,3.33,627.73952877,164,1,1,1,2,cyclic_16_1,block_8_1,block_2_1,unroll_4,unroll_2,pipeline_1,unroll_8,unroll_2,1,1.25,0.950005874194,False
workload_4865.cpp,xcu200-fsgd2104-2-e,3.33,627.73931565,181,1,1,1,2,cyclic_16_1,block_8_1,block_2_1,unroll_4,unroll_2,pipeline_1,unroll_8,unroll_4,1,1.25,0.95000589431,False
workload_4691.cpp,xcu200-fsgd2104-2-e,3.33,627.73899597,222,1,1,1,2,cyclic_16_1,block_8_1,block_2_1,unroll_4,unroll_2,pipeline_1,unroll_8,unroll_8,2,1.25,0.950005924485,False
workload_4656.cpp,xcu200-fsgd2104-2-e,3.33,2842.46892909,173,1,1,1,2,cyclic_16_1,block_8_1,block_2_1,unroll_4,unroll_2,unroll_2,unroll_8,unroll_2,1,1.25,0.457332345486,False
workload_4873.cpp,xcu200-fsgd2104-2-e,3.33,627.68555613,101,1,1,1,1,cyclic_16_1,block_8_1,block_4_1,unroll_2,unroll_2,pipeline_1,unroll_2,unroll_2,1,1,0.983241301128,False
workload_4705.cpp,xcu200-fsgd2104-2-e,3.33,627.78764061,452,1,1,2,6,cyclic_16_1,block_8_1,block_4_1,unroll_32,unroll_2,pipeline_1,unroll_4,unroll_2,1,2.5,0.735501875948,False
workload_4836.cpp,xcu200-fsgd2104-2-e,3.33,627.74011485,122,1,1,1,1,cyclic_16_1,block_8_1,block_4_1,unroll_4,unroll_2,pipeline_1,unroll_2,unroll_2,1,1,0.983225506099,False
workload_4737.cpp,xcu200-fsgd2104-2-e,3.33,627.73958205,174,1,1,1,2,cyclic_16_1,block_8_1,block_4_1,unroll_4,unroll_2,pipeline_1,unroll_2,unroll_8,1,1.25,0.950005869165,False
workload_4997.cpp,xcu200-fsgd2104-2-e,3.33,683.55256653,245,1,1,1,2,cyclic_16_1,block_8_1,block_8_1,unroll_2,unroll_2,pipeline_1,unroll_8,unroll_8,1,1.25,0.942741546991,False
workload_4927.cpp,xcu200-fsgd2104-2-e,3.33,683.55365877,141,1,1,1,2,cyclic_16_1,block_8_1,block_8_1,unroll_2,unroll_4,pipeline_1,unroll_2,unroll_2,1,1.25,0.942741370982,False
workload_4788.cpp,xcu200-fsgd2104-2-e,3.33,683.60824413,128,1,1,1,1,cyclic_16_1,block_8_1,block_8_1,unroll_4,unroll_2,pipeline_1,unroll_2,unroll_2,2,1,0.967125515494,False
workload_4828.cpp,xcu200-fsgd2104-2-e,3.33,683.60771133,195,1,1,1,2,cyclic_16_1,block_8_1,block_8_1,unroll_4,unroll_2,pipeline_1,unroll_2,unroll_8,1,1.25,0.942732659286,False
workload_4985.cpp,xcu200-fsgd2104-2-e,3.33,683.60765805,186,1,1,1,2,cyclic_16_1,block_8_1,block_8_1,unroll_4,unroll_2,pipeline_1,unroll_8,unroll_2,1,1.25,0.942732667874,False
workload_4852.cpp,xcu200-fsgd2104-2-e,3.33,683.60712525,265,1,1,1,2,cyclic_16_1,block_8_1,block_8_1,unroll_4,unroll_2,pipeline_1,unroll_8,unroll_8,1,1.25,0.942732753759,False
workload_4817.cpp,xcu200-fsgd2104-2-e,3.33,2891.35412829,135,1,1,1,1,cyclic_16_1,block_8_1,block_8_1,unroll_4,unroll_2,unroll_2,unroll_2,unroll_2,1,1,0.449458089961,False
workload_4558.cpp,xcu200-fsgd2104-2-e,3.33,683.64857709,341.5,1,1,1,4,cyclic_16_1,block_8_1,cyclic_16_1,unroll_16,unroll_2,pipeline_1,unroll_8,unroll_2,2,1.75,0.858757542418,False
workload_4514.cpp,xcu200-fsgd2104-2-e,3.33,683.60824413,133,1,1,1,2,cyclic_16_1,block_8_1,cyclic_16_1,unroll_4,unroll_2,pipeline_1,unroll_2,unroll_2,1,1.25,0.9427325734,False
workload_4627.cpp,xcu200-fsgd2104-2-e,3.33,683.60771133,213,1,1,1,2,cyclic_16_1,block_8_1,cyclic_16_1,unroll_4,unroll_2,pipeline_1,unroll_2,unroll_8,1,1.25,0.942732659286,False
workload_4545.cpp,xcu200-fsgd2104-2-e,3.33,683.63552349,174,1,1,1,2,cyclic_16_1,block_8_1,cyclic_16_1,unroll_8,unroll_2,pipeline_1,unroll_2,unroll_2,1,1.25,0.942728175703,False
workload_4617.cpp,xcu200-fsgd2104-2-e,3.33,627.76739421,162,1,1,1,2,cyclic_16_1,block_8_1,cyclic_2_1,unroll_8,unroll_2,pipeline_1,unroll_2,unroll_2,1,1.25,0.950003243372,False
workload_4511.cpp,xcu200-fsgd2104-2-e,3.33,683.64860373,738,1,1,1,6,cyclic_16_1,block_8_1,cyclic_32_1,unroll_16,unroll_4,pipeline_1,unroll_2,unroll_8,1,2.25,0.774768396835,False
workload_4658.cpp,xcu200-fsgd2104-2-e,3.33,683.64916317,271,2,1,1,4,cyclic_16_1,cyclic_2_1,block_16_1,unroll_16,unroll_2,pipeline_1,unroll_2,unroll_2,1,2,0.816310383497,False
workload_4711.cpp,xcu200-fsgd2104-2-e,3.33,627.73958205,155,1,1,1,2,cyclic_16_1,cyclic_2_1,block_2_1,unroll_4,unroll_2,pipeline_1,unroll_2,unroll_8,1,1.25,0.950005869165,False
workload_4684.cpp,xcu200-fsgd2104-2-e,3.33,627.73952877,165,1,1,1,2,cyclic_16_1,cyclic_2_1,block_2_1,unroll_4,unroll_2,pipeline_1,unroll_8,unroll_2,1,1.25,0.950005874194,False
workload_4740.cpp,xcu200-fsgd2104-2-e,3.33,627.73931565,179,1,1,1,2,cyclic_16_1,cyclic_2_1,block_2_1,unroll_4,unroll_2,pipeline_1,unroll_8,unroll_4,1,1.25,0.95000589431,False
workload_4798.cpp,xcu200-fsgd2104-2-e,3.33,627.73899597,214,1,1,1,2,cyclic_16_1,cyclic_2_1,block_2_1,unroll_4,unroll_2,pipeline_1,unroll_8,unroll_8,1,1.25,0.950005924485,False
workload_4744.cpp,xcu200-fsgd2104-2-e,3.33,2095.23307293,130,1,1,1,1,cyclic_16_1,cyclic_2_1,block_2_1,unroll_4,unroll_2,unroll_2,unroll_4,unroll_2,1,1,0.609469875643,False
workload_4791.cpp,xcu200-fsgd2104-2-e,3.33,2095.23254013,169,1,1,1,2,cyclic_16_1,cyclic_2_1,block_2_1,unroll_4,unroll_2,unroll_2,unroll_4,unroll_8,1,1.25,0.607546803401,False
workload_4902.cpp,xcu200-fsgd2104-2-e,3.33,683.64916317,249,1,1,1,3,cyclic_16_1,cyclic_2_1,block_8_1,unroll_16,unroll_2,pipeline_1,unroll_2,unroll_2,1,1.5,0.9016004471,False
workload_4666.cpp,xcu200-fsgd2104-2-e,3.33,683.60824413,128,1,1,1,1,cyclic_16_1,cyclic_2_1,block_8_1,unroll_4,unroll_2,pipeline_1,unroll_2,unroll_2,2,1,0.967125515494,False
workload_4612.cpp,xcu200-fsgd2104-2-e,3.33,683.60771133,171,1,1,1,2,cyclic_16_1,cyclic_2_1,block_8_1,unroll_4,unroll_2,pipeline_1,unroll_2,unroll_8,2,1.25,0.942732659286,False
workload_4859.cpp,xcu200-fsgd2104-2-e,3.33,683.60803101,136,1,1,1,2,cyclic_16_1,cyclic_2_1,block_8_1,unroll_4,unroll_2,pipeline_1,unroll_4,unroll_2,1,1.25,0.942732607754,False
workload_4848.cpp,xcu200-fsgd2104-2-e,3.33,683.63552349,164,1,1,1,2,cyclic_16_1,cyclic_2_1,block_8_1,unroll_8,unroll_2,pipeline_1,unroll_2,unroll_2,1,1.25,0.942728175703,False
workload_5154.cpp,xcu200-fsgd2104-2-e,3.33,627.68443725,558,3,1,1,3,cyclic_16_1,cyclic_4_1,block_4_1,unroll_2,unroll_4,pipeline_1,unroll_8,unroll_8,1,2,0.8182017598,False
workload_4849.cpp,xcu200-fsgd2104-2-e,3.33,683.60824413,123,1,1,1,1,cyclic_16_1,cyclic_4_1,block_8_1,unroll_4,unroll_2,pipeline_1,unroll_2,unroll_2,1,1,0.967125515494,False
workload_5124.cpp,xcu200-fsgd2104-2-e,3.33,570.07074861,320,4,1,1,5,cyclic_2_1,block_128_1,block_2_1,unroll_2,unroll_2,pipeline_1,unroll_8,unroll_4,1,2.75,0.696352055328,False
workload_5005.cpp,xcu200-fsgd2104-2-e,3.33,570.17272653,876,4,1,3,10,cyclic_2_1,block_128_1,block_2_1,unroll_64,unroll_2,pipeline_1,unroll_8,unroll_8,1,4.5,0.454969755966,False
workload_5151.cpp,xcu200-fsgd2104-2-e,3.33,570.07042893,1043,5,1,1,9,cyclic_2_1,block_128_1,block_4_1,unroll_2,unroll_4,pipeline_1,unroll_8,unroll_8,1,4,0.517582490192,False
workload_5126.cpp,xcu200-fsgd2104-2-e,3.33,570.07080189,134,3,1,1,1,cyclic_2_1,block_16_1,block_2_1,unroll_2,unroll_2,pipeline_1,unroll_4,unroll_8,1,1.5,0.90688980706,False
workload_5051.cpp,xcu200-fsgd2104-2-e,3.33,570.07074861,137,3,1,1,1,cyclic_2_1,block_16_1,block_2_1,unroll_2,unroll_2,pipeline_1,unroll_8,unroll_4,1,1.5,0.90688980706,False
workload_5103.cpp,xcu200-fsgd2104-2-e,3.33,570.07042893,157,3,1,1,1,cyclic_2_1,block_16_1,block_2_1,unroll_2,unroll_2,pipeline_1,unroll_8,unroll_8,1,1.5,0.90688980706,False
workload_5084.cpp,xcu200-fsgd2104-2-e,3.33,2742.98089005,130,3,1,1,1,cyclic_2_1,block_16_1,block_2_1,unroll_2,unroll_2,unroll_2,unroll_8,unroll_4,1,1.5,0.472377366144,False
workload_5116.cpp,xcu200-fsgd2104-2-e,3.33,570.07042893,342,3,1,1,2,cyclic_2_1,block_16_1,block_2_1,unroll_2,unroll_4,pipeline_1,unroll_8,unroll_8,1,1.75,0.862240801786,False
workload_4874.cpp,xcu200-fsgd2104-2-e,3.33,570.12552045,136,3,1,1,1,cyclic_2_1,block_16_1,block_2_1,unroll_4,unroll_2,pipeline_1,unroll_8,unroll_2,1,1.5,0.906889805777,False
workload_5142.cpp,xcu200-fsgd2104-2-e,3.33,570.07042893,170,3,1,1,2,cyclic_2_1,block_16_1,block_4_1,unroll_2,unroll_2,pipeline_1,unroll_8,unroll_8,1,1.75,0.862240801786,False
workload_4784.cpp,xcu200-fsgd2104-2-e,3.33,570.12557373,123,2,1,1,1,cyclic_2_1,block_2_1,block_2_1,unroll_4,unroll_2,pipeline_1,unroll_2,unroll_8,1,1.25,0.952809537155,False
workload_4867.cpp,xcu200-fsgd2104-2-e,3.33,570.12552045,122,2,1,1,1,cyclic_2_1,block_2_1,block_2_1,unroll_4,unroll_2,pipeline_1,unroll_8,unroll_2,1,1.25,0.95280953716,False
workload_5035.cpp,xcu200-fsgd2104-2-e,3.33,570.07133469,93,3,1,1,1,cyclic_2_1,block_2_1,block_4_1,unroll_2,unroll_2,pipeline_1,unroll_4,unroll_2,1,1.5,0.90688980706,False
workload_5022.cpp,xcu200-fsgd2104-2-e,3.33,625.93855821,161,1,1,1,1,cyclic_2_1,block_2_1,block_8_1,unroll_2,unroll_2,pipeline_1,unroll_8,unroll_8,1,1,0.983747140638,False
workload_4945.cpp,xcu200-fsgd2104-2-e,3.33,625.93965045,115,1,1,1,1,cyclic_2_1,block_2_1,block_8_1,unroll_2,unroll_4,pipeline_1,unroll_2,unroll_2,1,1,0.983746824337,False
workload_5078.cpp,xcu200-fsgd2104-2-e,3.33,625.93855821,212,2,1,1,2,cyclic_2_1,block_32_1,block_8_1,unroll_2,unroll_2,pipeline_1,unroll_8,unroll_8,1,1.5,0.905580427489,False
workload_4908.cpp,xcu200-fsgd2104-2-e,3.33,570.07154781,84,3,1,1,1,cyclic_2_1,block_4_1,block_2_1,unroll_2,unroll_2,pipeline_1,unroll_2,unroll_2,1,1.5,0.90688980706,False
workload_5040.cpp,xcu200-fsgd2104-2-e,3.33,570.07101501,105,3,1,1,1,cyclic_2_1,block_4_1,block_2_1,unroll_2,unroll_2,pipeline_1,unroll_2,unroll_8,1,1.5,0.90688980706,False
workload_4739.cpp,xcu200-fsgd2104-2-e,3.33,570.07096173,109,3,1,1,1,cyclic_2_1,block_4_1,block_2_1,unroll_2,unroll_2,pipeline_1,unroll_8,unroll_2,1,1.5,0.90688980706,False
workload_5014.cpp,xcu200-fsgd2104-2-e,3.33,570.07042893,141,3,1,1,1,cyclic_2_1,block_4_1,block_2_1,unroll_2,unroll_2,pipeline_1,unroll_8,unroll_8,1,1.5,0.90688980706,False
workload_5100.cpp,xcu200-fsgd2104-2-e,3.33,570.07042893,284,3,1,1,2,cyclic_2_1,block_4_1,block_2_1,unroll_2,unroll_4,pipeline_1,unroll_8,unroll_8,1,1.75,0.862240801786,False
workload_4703.cpp,xcu200-fsgd2104-2-e,3.33,570.12610653,96,3,1,1,1,cyclic_2_1,block_4_1,block_2_1,unroll_4,unroll_2,pipeline_1,unroll_2,unroll_2,2,1.5,0.90688980575,False
workload_4805.cpp,xcu200-fsgd2104-2-e,3.33,570.12552045,121,3,1,1,1,cyclic_2_1,block_4_1,block_2_1,unroll_4,unroll_2,pipeline_1,unroll_8,unroll_2,1,1.5,0.906889805777,False
workload_4679.cpp,xcu200-fsgd2104-2-e,3.33,1646.54237277,109,3,1,1,1,cyclic_2_1,block_4_1,block_2_1,unroll_4,unroll_2,unroll_4,unroll_2,unroll_2,1,1.5,0.701223494727,False
workload_4954.cpp,xcu200-fsgd2104-2-e,3.33,570.12586677,133,3,1,1,2,cyclic_2_1,block_4_1,block_2_1,unroll_4,unroll_4,pipeline_1,unroll_4,unroll_2,1,1.75,0.862240800944,False
workload_4880.cpp,xcu200-fsgd2104-2-e,3.33,570.12552045,176.5,3,1,1,2,cyclic_2_1,block_4_1,block_2_1,unroll_4,unroll_4,pipeline_1,unroll_8,unroll_2,2,1.75,0.862240800955,False
workload_4956.cpp,xcu200-fsgd2104-2-e,3.33,1646.52814701,167,3,1,1,1,cyclic_2_1,block_4_1,block_2_1,unroll_8,unroll_2,unroll_4,unroll_8,unroll_2,1,1.5,0.701226745688,False
workload_4910.cpp,xcu200-fsgd2104-2-e,3.33,570.07096173,112,3,1,1,1,cyclic_2_1,block_4_1,block_4_1,unroll_2,unroll_2,pipeline_1,unroll_8,unroll_2,1,1.5,0.90688980706,False
workload_5143.cpp,xcu200-fsgd2104-2-e,3.33,570.07074861,123,3,1,1,1,cyclic_2_1,block_4_1,block_4_1,unroll_2,unroll_2,pipeline_1,unroll_8,unroll_4,1,1.5,0.90688980706,False
workload_5130.cpp,xcu200-fsgd2104-2-e,3.33,570.07042893,139,3,1,1,1,cyclic_2_1,block_4_1,block_4_1,unroll_2,unroll_2,pipeline_1,unroll_8,unroll_8,1,1.5,0.90688980706,False
workload_5144.cpp,xcu200-fsgd2104-2-e,3.33,570.07096173,180,3,1,1,1,cyclic_2_1,block_4_1,block_4_1,unroll_2,unroll_4,pipeline_1,unroll_8,unroll_2,1,1.5,0.90688980706,False
workload_5153.cpp,xcu200-fsgd2104-2-e,3.33,570.07074861,189,3,1,1,2,cyclic_2_1,block_4_1,block_4_1,unroll_2,unroll_4,pipeline_1,unroll_8,unroll_4,1,1.75,0.862240801786,False
workload_5107.cpp,xcu200-fsgd2104-2-e,3.33,570.07042893,321,3,1,1,2,cyclic_2_1,block_4_1,block_4_1,unroll_2,unroll_4,pipeline_1,unroll_8,unroll_8,1,1.75,0.862240801786,False
workload_4941.cpp,xcu200-fsgd2104-2-e,3.33,626.03462205,226,2,1,1,3,cyclic_2_1,block_4_1,block_8_1,unroll_16,unroll_2,pipeline_1,unroll_2,unroll_8,1,1.75,0.861385960701,False
workload_4971.cpp,xcu200-fsgd2104-2-e,3.33,625.93909101,120,2,1,1,1,cyclic_2_1,block_4_1,block_8_1,unroll_2,unroll_2,pipeline_1,unroll_8,unroll_2,1,1.25,0.950173460425,False
workload_4918.cpp,xcu200-fsgd2104-2-e,3.33,625.93887789,131,2,1,1,1,cyclic_2_1,block_4_1,block_8_1,unroll_2,unroll_2,pipeline_1,unroll_8,unroll_4,1,1.25,0.950173479982,False
workload_4818.cpp,xcu200-fsgd2104-2-e,3.33,625.99423581,101,2,1,1,1,cyclic_2_1,block_4_1,block_8_1,unroll_4,unroll_2,pipeline_1,unroll_2,unroll_2,1,1.25,0.950168397801,False
workload_5065.cpp,xcu200-fsgd2104-2-e,3.33,625.99402269,111,2,1,1,1,cyclic_2_1,block_4_1,block_8_1,unroll_4,unroll_2,pipeline_1,unroll_4,unroll_2,1,1.25,0.950168417375,False
workload_4955.cpp,xcu200-fsgd2104-2-e,3.33,625.93909101,149,2,1,1,1,cyclic_2_1,block_8_1,block_16_1,unroll_2,unroll_2,pipeline_1,unroll_8,unroll_2,1,1.25,0.950173460425,False
workload_5069.cpp,xcu200-fsgd2104-2-e,3.33,625.93855821,207,2,1,1,2,cyclic_2_1,block_8_1,block_16_1,unroll_2,unroll_2,pipeline_1,unroll_8,unroll_8,1,1.5,0.905580427489,False
workload_4982.cpp,xcu200-fsgd2104-2-e,3.33,625.99364973,159,2,1,1,2,cyclic_2_1,block_8_1,block_16_1,unroll_4,unroll_2,pipeline_1,unroll_8,unroll_2,1,1.5,0.905577863356,False
workload_4888.cpp,xcu200-fsgd2104-2-e,3.33,1631.68135533,259,1,1,1,2,cyclic_2_1,block_8_1,block_2_1,unroll_16,unroll_2,unroll_4,unroll_8,unroll_2,1,1.25,0.713462162711,False
workload_4901.cpp,xcu200-fsgd2104-2-e,3.33,570.07154781,86.5,1,1,1,1,cyclic_2_1,block_8_1,block_2_1,unroll_2,unroll_2,pipeline_1,unroll_2,unroll_2,2,1,0.999999673018,False
workload_4948.cpp,xcu200-fsgd2104-2-e,3.33,570.07101501,113,1,1,1,1,cyclic_2_1,block_8_1,block_2_1,unroll_2,unroll_2,pipeline_1,unroll_2,unroll_8,2,1,0.999999828724,False
workload_4913.cpp,xcu200-fsgd2104-2-e,3.33,570.07133469,95,1,1,1,1,cyclic_2_1,block_8_1,block_2_1,unroll_2,unroll_2,pipeline_1,unroll_4,unroll_2,2,1,0.999999735301,False
workload_5106.cpp,xcu200-fsgd2104-2-e,3.33,570.07112157,104,1,1,1,1,cyclic_2_1,block_8_1,block_2_1,unroll_2,unroll_2,pipeline_1,unroll_4,unroll_4,1,1,0.999999797583,False
workload_5049.cpp,xcu200-fsgd2104-2-e,3.33,570.07080189,124,1,1,1,1,cyclic_2_1,block_8_1,block_2_1,unroll_2,unroll_2,pipeline_1,unroll_4,unroll_8,2,1,0.999999891006,False
workload_4980.cpp,xcu200-fsgd2104-2-e,3.33,570.07096173,114,1,1,1,1,cyclic_2_1,block_8_1,block_2_1,unroll_2,unroll_2,pipeline_1,unroll_8,unroll_2,2,1,0.999999844294,False
workload_5027.cpp,xcu200-fsgd2104-2-e,3.33,570.07074861,126,1,1,1,1,cyclic_2_1,block_8_1,block_2_1,unroll_2,unroll_2,pipeline_1,unroll_8,unroll_4,1,1,0.999999906577,False
workload_4950.cpp,xcu200-fsgd2104-2-e,3.33,570.07042893,144,1,1,1,1,cyclic_2_1,block_8_1,block_2_1,unroll_2,unroll_2,pipeline_1,unroll_8,unroll_8,2,1,1,True
workload_4845.cpp,xcu200-fsgd2104-2-e,3.33,2742.98147613,92,1,1,1,1,cyclic_2_1,block_8_1,block_2_1,unroll_2,unroll_2,unroll_2,unroll_4,unroll_2,1,1,0.47699938771,False
workload_4952.cpp,xcu200-fsgd2104-2-e,3.33,2742.98110317,109,1,1,1,1,cyclic_2_1,block_8_1,block_2_1,unroll_2,unroll_2,unroll_2,unroll_8,unroll_2,1,1,0.476999458253,False
workload_5037.cpp,xcu200-fsgd2104-2-e,3.33,570.07096173,168,1,1,1,2,cyclic_2_1,block_8_1,block_2_1,unroll_2,unroll_4,pipeline_1,unroll_8,unroll_2,1,1.25,0.952809539798,False
workload_5115.cpp,xcu200-fsgd2104-2-e,3.33,570.07074861,201,1,1,1,2,cyclic_2_1,block_8_1,block_2_1,unroll_2,unroll_4,pipeline_1,unroll_8,unroll_4,1,1.25,0.952809539798,False
workload_5019.cpp,xcu200-fsgd2104-2-e,3.33,570.07042893,303,1,1,1,2,cyclic_2_1,block_8_1,block_2_1,unroll_2,unroll_4,pipeline_1,unroll_8,unroll_8,1,1.25,0.952809539798,False
workload_5064.cpp,xcu200-fsgd2104-2-e,3.33,2742.98057037,315,1,1,1,2,cyclic_2_1,block_8_1,block_2_1,unroll_2,unroll_4,unroll_2,unroll_8,unroll_8,1,1.25,0.475836470822,False
workload_4919.cpp,xcu200-fsgd2104-2-e,3.33,570.17325933,332,1,1,2,4,cyclic_2_1,block_8_1,block_2_1,unroll_32,unroll_2,pipeline_1,unroll_8,unroll_2,1,2,0.818862521866,False
workload_4871.cpp,xcu200-fsgd2104-2-e,3.33,570.12610653,100,1,1,1,1,cyclic_2_1,block_8_1,block_2_1,unroll_4,unroll_2,pipeline_1,unroll_2,unroll_2,2,1,0.999983728848,False
workload_4949.cpp,xcu200-fsgd2104-2-e,3.33,570.12557373,126,1,1,1,1,cyclic_2_1,block_8_1,block_2_1,unroll_4,unroll_2,pipeline_1,unroll_2,unroll_8,1,1,0.999983884552,False
workload_4808.cpp,xcu200-fsgd2104-2-e,3.33,570.12589341,110.5,1,1,1,1,cyclic_2_1,block_8_1,block_2_1,unroll_4,unroll_2,pipeline_1,unroll_4,unroll_2,2,1,0.999983791129,False
workload_4780.cpp,xcu200-fsgd2104-2-e,3.33,570.12552045,127,1,1,1,1,cyclic_2_1,block_8_1,block_2_1,unroll_4,unroll_2,pipeline_1,unroll_8,unroll_2,1,1,0.999983900122,False
workload_5081.cpp,xcu200-fsgd2104-2-e,3.33,570.12498765,156,1,1,1,2,cyclic_2_1,block_8_1,block_2_1,unroll_4,unroll_2,pipeline_1,unroll_8,unroll_8,1,1.25,0.952809537211,False
workload_4975.cpp,xcu200-fsgd2104-2-e,3.33,2756.92122909,102,1,1,1,1,cyclic_2_1,block_8_1,block_2_1,unroll_4,unroll_2,unroll_2,unroll_4,unroll_2,1,1,0.474367399629,False
workload_4937.cpp,xcu200-fsgd2104-2-e,3.33,2756.92085613,120,1,1,1,1,cyclic_2_1,block_8_1,block_2_1,unroll_4,unroll_2,unroll_2,unroll_8,unroll_2,1,1,0.474367469925,False
workload_4921.cpp,xcu200-fsgd2104-2-e,3.33,570.12604992,658,1,1,2,7,cyclic_2_1,block_8_1,block_2_1,unroll_4,unroll_32,pipeline_1,unroll_2,unroll_2,1,2.75,0.696352055007,False
workload_4979.cpp,xcu200-fsgd2104-2-e,3.33,570.1258368,1102,1,1,4,10,cyclic_2_1,block_8_1,block_2_1,unroll_4,unroll_32,pipeline_1,unroll_4,unroll_2,1,4,0.517582490037,False
workload_4963.cpp,xcu200-fsgd2104-2-e,3.33,570.12607989,119,1,1,1,1,cyclic_2_1,block_8_1,block_2_1,unroll_4,unroll_4,pipeline_1,unroll_2,unroll_2,1,1,0.999983736633,False
workload_4931.cpp,xcu200-fsgd2104-2-e,3.33,570.12586677,137,1,1,1,2,cyclic_2_1,block_8_1,block_2_1,unroll_4,unroll_4,pipeline_1,unroll_4,unroll_2,1,1.25,0.952809537127,False
workload_5123.cpp,xcu200-fsgd2104-2-e,3.33,570.12530733,214,1,1,1,2,cyclic_2_1,block_8_1,block_2_1,unroll_4,unroll_4,pipeline_1,unroll_8,unroll_4,1,1.25,0.952809537181,False
workload_5046.cpp,xcu200-fsgd2104-2-e,3.33,570.07154781,87,2,1,1,1,cyclic_2_1,block_8_1,block_4_1,unroll_2,unroll_2,pipeline_1,unroll_2,unroll_2,1,1.25,0.952809539797,False
workload_4944.cpp,xcu200-fsgd2104-2-e,3.33,570.07133469,100,2,1,1,1,cyclic_2_1,block_8_1,block_4_1,unroll_2,unroll_2,pipeline_1,unroll_4,unroll_2,1,1.25,0.952809539797,False
workload_5149.cpp,xcu200-fsgd2104-2-e,3.33,570.07080189,127,2,1,1,1,cyclic_2_1,block_8_1,block_4_1,unroll_2,unroll_2,pipeline_1,unroll_4,unroll_8,1,1.25,0.952809539798,False
workload_4853.cpp,xcu200-fsgd2104-2-e,3.33,570.07096173,115.5,2,1,1,1,cyclic_2_1,block_8_1,block_4_1,unroll_2,unroll_2,pipeline_1,unroll_8,unroll_2,2,1.25,0.952809539798,False
workload_5055.cpp,xcu200-fsgd2104-2-e,3.33,570.07074861,128,2,1,1,1,cyclic_2_1,block_8_1,block_4_1,unroll_2,unroll_2,pipeline_1,unroll_8,unroll_4,1,1.25,0.952809539798,False
workload_5102.cpp,xcu200-fsgd2104-2-e,3.33,570.07042893,151.5,2,1,1,1,cyclic_2_1,block_8_1,block_4_1,unroll_2,unroll_2,pipeline_1,unroll_8,unroll_8,2,1.25,0.952809539798,False
workload_4943.cpp,xcu200-fsgd2104-2-e,3.33,570.07152117,104,2,1,1,1,cyclic_2_1,block_8_1,block_4_1,unroll_2,unroll_4,pipeline_1,unroll_2,unroll_2,1,1.25,0.952809539797,False
workload_5092.cpp,xcu200-fsgd2104-2-e,3.33,570.07098837,175,2,1,1,2,cyclic_2_1,block_8_1,block_4_1,unroll_2,unroll_4,pipeline_1,unroll_2,unroll_8,1,1.5,0.90688980706,False
workload_5052.cpp,xcu200-fsgd2104-2-e,3.33,570.07096173,180,2,1,1,2,cyclic_2_1,block_8_1,block_4_1,unroll_2,unroll_4,pipeline_1,unroll_8,unroll_2,2,1.5,0.90688980706,False
workload_5128.cpp,xcu200-fsgd2104-2-e,3.33,570.07042893,327,2,1,1,2,cyclic_2_1,block_8_1,block_4_1,unroll_2,unroll_4,pipeline_1,unroll_8,unroll_8,1,1.5,0.90688980706,False
workload_5137.cpp,xcu200-fsgd2104-2-e,3.33,2742.98057037,354,2,1,1,2,cyclic_2_1,block_8_1,block_4_1,unroll_2,unroll_4,unroll_2,unroll_8,unroll_8,1,1.5,0.472377425567,False
workload_4981.cpp,xcu200-fsgd2104-2-e,3.33,570.12589341,111,2,1,1,1,cyclic_2_1,block_8_1,block_4_1,unroll_4,unroll_2,pipeline_1,unroll_4,unroll_2,1,1.25,0.952809537124,False
workload_5034.cpp,xcu200-fsgd2104-2-e,3.33,570.12552045,131,2,1,1,1,cyclic_2_1,block_8_1,block_4_1,unroll_4,unroll_2,pipeline_1,unroll_8,unroll_2,1,1.25,0.95280953716,False
workload_5068.cpp,xcu200-fsgd2104-2-e,3.33,570.12498765,163.5,2,1,1,2,cyclic_2_1,block_8_1,block_4_1,unroll_4,unroll_2,pipeline_1,unroll_8,unroll_8,2,1.5,0.906889805802,False
workload_5073.cpp,xcu200-fsgd2104-2-e,3.33,570.12552045,192,2,1,1,2,cyclic_2_1,block_8_1,block_4_1,unroll_4,unroll_4,pipeline_1,unroll_8,unroll_2,1,1.5,0.906889805777,False
workload_5135.cpp,xcu200-fsgd2104-2-e,3.33,570.17304621,572,2,1,3,6,cyclic_2_1,block_8_1,block_4_1,unroll_64,unroll_2,pipeline_1,unroll_8,unroll_4,1,3,0.658056686448,False
workload_4905.cpp,xcu200-fsgd2104-2-e,3.33,626.03440893,240,1,1,1,3,cyclic_2_1,block_8_1,block_8_1,unroll_16,unroll_2,pipeline_1,unroll_4,unroll_8,1,1.5,0.905575964717,False
workload_4916.cpp,xcu200-fsgd2104-2-e,3.33,626.03403597,276,1,1,1,3,cyclic_2_1,block_8_1,block_8_1,unroll_16,unroll_2,pipeline_1,unroll_8,unroll_8,1,1.5,0.905575982096,False
workload_4969.cpp,xcu200-fsgd2104-2-e,3.33,1692.78712173,289,1,1,1,2,cyclic_2_1,block_8_1,block_8_1,unroll_16,unroll_2,unroll_4,unroll_8,unroll_2,1,1.25,0.698968401368,False
workload_4925.cpp,xcu200-fsgd2104-2-e,3.33,625.93967709,93,1,1,1,1,cyclic_2_1,block_8_1,block_8_1,unroll_2,unroll_2,pipeline_1,unroll_2,unroll_2,1,1,0.983746816622,False
workload_5018.cpp,xcu200-fsgd2104-2-e,3.33,625.93946397,100.5,1,1,1,1,cyclic_2_1,block_8_1,block_8_1,unroll_2,unroll_2,pipeline_1,unroll_4,unroll_2,2,1,0.983746878339,False
workload_5062.cpp,xcu200-fsgd2104-2-e,3.33,625.93893117,134,1,1,1,1,cyclic_2_1,block_8_1,block_8_1,unroll_2,unroll_2,pipeline_1,unroll_4,unroll_8,2,1,0.983747032632,False
workload_4928.cpp,xcu200-fsgd2104-2-e,3.33,625.93909101,124,1,1,1,1,cyclic_2_1,block_8_1,block_8_1,unroll_2,unroll_2,pipeline_1,unroll_8,unroll_2,2,1,0.983746986344,False
workload_5072.cpp,xcu200-fsgd2104-2-e,3.33,625.93887789,136,1,1,1,1,cyclic_2_1,block_8_1,block_8_1,unroll_2,unroll_2,pipeline_1,unroll_8,unroll_4,1,1,0.983747048062,False
workload_4991.cpp,xcu200-fsgd2104-2-e,3.33,625.93855821,169,1,1,1,1,cyclic_2_1,block_8_1,block_8_1,unroll_2,unroll_2,pipeline_1,unroll_8,unroll_8,2,1,0.983747140638,False
workload_5109.cpp,xcu200-fsgd2104-2-e,3.33,2798.84923245,127,1,1,1,1,cyclic_2_1,block_8_1,block_8_1,unroll_2,unroll_2,unroll_2,unroll_8,unroll_2,1,1,0.466506473419,False
workload_5136.cpp,xcu200-fsgd2104-2-e,3.33,625.93890453,250,1,1,1,2,cyclic_2_1,block_8_1,block_8_1,unroll_2,unroll_4,pipeline_1,unroll_4,unroll_8,1,1.25,0.950173477537,False
workload_5129.cpp,xcu200-fsgd2104-2-e,3.33,625.93855821,395,1,1,1,2,cyclic_2_1,block_8_1,block_8_1,unroll_2,unroll_4,pipeline_1,unroll_8,unroll_8,1,1.25,0.950173509317,False
workload_4887.cpp,xcu200-fsgd2104-2-e,3.33,625.99423581,108,1,1,1,1,cyclic_2_1,block_8_1,block_8_1,unroll_4,unroll_2,pipeline_1,unroll_2,unroll_2,2,1,0.983731017074,False
workload_5015.cpp,xcu200-fsgd2104-2-e,3.33,625.99370301,143,1,1,1,1,cyclic_2_1,block_8_1,block_8_1,unroll_4,unroll_2,pipeline_1,unroll_2,unroll_8,1,1,0.983731171365,False
workload_4951.cpp,xcu200-fsgd2104-2-e,3.33,625.99402269,116,1,1,1,1,cyclic_2_1,block_8_1,block_8_1,unroll_4,unroll_2,pipeline_1,unroll_4,unroll_2,2,1,0.98373107879,False
workload_4869.cpp,xcu200-fsgd2104-2-e,3.33,625.99348989,149.5,1,1,1,2,cyclic_2_1,block_8_1,block_8_1,unroll_4,unroll_2,pipeline_1,unroll_4,unroll_8,2,1.25,0.95016846631,False
workload_4810.cpp,xcu200-fsgd2104-2-e,3.33,625.99364973,142,1,1,1,1,cyclic_2_1,block_8_1,block_8_1,unroll_4,unroll_2,pipeline_1,unroll_8,unroll_2,1,1,0.983731186795,False
workload_4846.cpp,xcu200-fsgd2104-2-e,3.33,625.99311693,182,1,1,1,2,cyclic_2_1,block_8_1,block_8_1,unroll_4,unroll_2,pipeline_1,unroll_8,unroll_8,1,1.25,0.950168500565,False
workload_4923.cpp,xcu200-fsgd2104-2-e,3.33,2812.78882557,145,1,1,1,1,cyclic_2_1,block_8_1,block_8_1,unroll_4,unroll_2,unroll_2,unroll_4,unroll_8,1,1,0.463911465797,False
workload_4967.cpp,xcu200-fsgd2104-2-e,3.33,625.9941792,885,1,1,2,7,cyclic_2_1,block_8_1,block_8_1,unroll_4,unroll_32,pipeline_1,unroll_2,unroll_2,2,2.75,0.696027570717,False
workload_4884.cpp,xcu200-fsgd2104-2-e,3.33,625.99399605,150,1,1,1,2,cyclic_2_1,block_8_1,block_8_1,unroll_4,unroll_4,pipeline_1,unroll_4,unroll_2,1,1.25,0.950168419822,False
workload_5009.cpp,xcu200-fsgd2104-2-e,3.33,625.99398273,236,1,1,1,3,cyclic_2_1,block_8_1,block_8_1,unroll_4,unroll_8,pipeline_1,unroll_4,unroll_2,1,1.5,0.90557784785,False
workload_4830.cpp,xcu200-fsgd2104-2-e,3.33,570.07101501,108,2,1,1,1,cyclic_2_1,cyclic_2_1,block_2_1,unroll_2,unroll_2,pipeline_1,unroll_2,unroll_8,1,1.25,0.952809539798,False
workload_4946.cpp,xcu200-fsgd2104-2-e,3.33,570.07080189,117,2,1,1,1,cyclic_2_1,cyclic_2_1,block_2_1,unroll_2,unroll_2,pipeline_1,unroll_4,unroll_8,1,1.25,0.952809539798,False
workload_4915.cpp,xcu200-fsgd2104-2-e,3.33,570.07042893,135.5,2,1,1,1,cyclic_2_1,cyclic_2_1,block_2_1,unroll_2,unroll_2,pipeline_1,unroll_8,unroll_8,2,1.25,0.952809539798,False
workload_5122.cpp,xcu200-fsgd2104-2-e,3.33,570.07096173,161,2,1,1,1,cyclic_2_1,cyclic_2_1,block_2_1,unroll_2,unroll_4,pipeline_1,unroll_8,unroll_2,1,1.25,0.952809539798,False
workload_4968.cpp,xcu200-fsgd2104-2-e,3.33,570.12557373,123,2,1,1,1,cyclic_2_1,cyclic_2_1,block_2_1,unroll_4,unroll_2,pipeline_1,unroll_2,unroll_8,1,1.25,0.952809537155,False
workload_5099.cpp,xcu200-fsgd2104-2-e,3.33,570.12536061,129,2,1,1,1,cyclic_2_1,cyclic_2_1,block_2_1,unroll_4,unroll_2,pipeline_1,unroll_4,unroll_8,1,1.25,0.952809537176,False
workload_4983.cpp,xcu200-fsgd2104-2-e,3.33,570.17363229,524,2,1,3,6,cyclic_2_1,cyclic_2_1,block_2_1,unroll_64,unroll_2,pipeline_1,unroll_4,unroll_2,1,3,0.658056686437,False
workload_5056.cpp,xcu200-fsgd2104-2-e,3.33,570.17272653,605,2,1,3,7,cyclic_2_1,cyclic_2_1,block_2_1,unroll_64,unroll_2,pipeline_1,unroll_8,unroll_8,1,3.25,0.621032046092,False
workload_5017.cpp,xcu200-fsgd2104-2-e,3.33,570.07096173,109,3,1,1,1,cyclic_2_1,cyclic_2_1,block_4_1,unroll_2,unroll_2,pipeline_1,unroll_8,unroll_2,1,1.5,0.90688980706,False
workload_5118.cpp,xcu200-fsgd2104-2-e,3.33,570.07042893,137,3,1,1,1,cyclic_2_1,cyclic_2_1,block_4_1,unroll_2,unroll_2,pipeline_1,unroll_8,unroll_8,1,1.5,0.90688980706,False
workload_5071.cpp,xcu200-fsgd2104-2-e,3.33,570.07042893,330,3,1,1,2,cyclic_2_1,cyclic_2_1,block_4_1,unroll_2,unroll_4,pipeline_1,unroll_8,unroll_8,1,1.75,0.862240801786,False
workload_5023.cpp,xcu200-fsgd2104-2-e,3.33,625.93967709,90,1,1,1,1,cyclic_2_1,cyclic_2_1,block_8_1,unroll_2,unroll_2,pipeline_1,unroll_2,unroll_2,1,1,0.983746816622,False
workload_5127.cpp,xcu200-fsgd2104-2-e,3.33,625.93893117,128,1,1,1,1,cyclic_2_1,cyclic_2_1,block_8_1,unroll_2,unroll_2,pipeline_1,unroll_4,unroll_8,1,1,0.983747032632,False
workload_5098.cpp,xcu200-fsgd2104-2-e,3.33,625.93887789,130,1,1,1,1,cyclic_2_1,cyclic_2_1,block_8_1,unroll_2,unroll_2,pipeline_1,unroll_8,unroll_4,1,1,0.983747048062,False
workload_5110.cpp,xcu200-fsgd2104-2-e,3.33,570.07042893,325,3,1,1,2,cyclic_2_1,cyclic_4_1,block_4_1,unroll_2,unroll_4,pipeline_1,unroll_8,unroll_8,1,1.75,0.862240801786,False
workload_5125.cpp,xcu200-fsgd2104-2-e,3.33,3441.33218637,323,3,1,1,2,cyclic_2_1,cyclic_4_1,block_4_1,unroll_2,unroll_4,unroll_2,unroll_8,unroll_8,1,1.75,0.350021462459,False
workload_5134.cpp,xcu200-fsgd2104-2-e,3.33,625.93909101,196,2,1,1,2,cyclic_2_1,cyclic_4_1,block_8_1,unroll_2,unroll_4,pipeline_1,unroll_8,unroll_2,1,1.5,0.905580402703,False
workload_4763.cpp,xcu200-fsgd2104-2-e,3.33,627.73899597,330,4,1,1,3,cyclic_32_1,block_2_1,block_2_1,unroll_4,unroll_2,pipeline_1,unroll_8,unroll_8,1,2.25,0.776240729845,False
workload_4777.cpp,xcu200-fsgd2104-2-e,3.33,627.74011485,149,5,1,1,2,cyclic_32_1,block_2_1,block_4_1,unroll_4,unroll_2,pipeline_1,unroll_2,unroll_2,1,2.25,0.776240709918,False
workload_4687.cpp,xcu200-fsgd2104-2-e,3.33,683.60803101,199,5,1,1,2,cyclic_32_1,block_2_1,cyclic_16_1,unroll_4,unroll_2,pipeline_1,unroll_2,unroll_4,1,2.25,0.774769808113,False
workload_4799.cpp,xcu200-fsgd2104-2-e,3.33,627.73952877,218,5,1,1,3,cyclic_32_1,block_4_1,block_2_1,unroll_4,unroll_2,pipeline_1,unroll_8,unroll_2,1,2.5,0.735502568945,False
workload_4672.cpp,xcu200-fsgd2104-2-e,3.33,627.76739421,205,5,1,1,3,cyclic_32_1,block_4_1,block_2_1,unroll_8,unroll_2,pipeline_1,unroll_2,unroll_2,1,2.5,0.735502167645,False
workload_4618.cpp,xcu200-fsgd2104-2-e,3.33,627.76686141,277,5,1,1,4,cyclic_32_1,block_4_1,block_2_1,unroll_8,unroll_2,pipeline_1,unroll_2,unroll_8,1,2.75,0.696006689778,False
workload_4827.cpp,xcu200-fsgd2104-2-e,3.33,683.64916317,353,4,1,1,5,cyclic_32_1,block_4_1,block_8_1,unroll_16,unroll_2,pipeline_1,unroll_2,unroll_2,1,2.75,0.695016670335,False
workload_4676.cpp,xcu200-fsgd2104-2-e,3.33,627.76734759,759,3,1,1,7,cyclic_32_1,block_8_1,block_2_1,unroll_8,unroll_16,pipeline_1,unroll_2,unroll_2,1,3,0.657764304037,False
workload_4521.cpp,xcu200-fsgd2104-2-e,3.33,627.78044781,411,5,1,1,6,cyclic_32_1,cyclic_4_1,block_2_1,unroll_16,unroll_2,pipeline_1,unroll_8,unroll_2,1,3.25,0.620780777833,False
workload_4748.cpp,xcu200-fsgd2104-2-e,3.33,627.74011485,147,5,1,1,2,cyclic_32_1,cyclic_4_1,block_2_1,unroll_4,unroll_2,pipeline_1,unroll_2,unroll_2,1,2.25,0.776240709918,False
workload_5070.cpp,xcu200-fsgd2104-2-e,3.33,570.07101501,281,5,1,1,4,cyclic_4_1,block_128_1,block_2_1,unroll_2,unroll_2,pipeline_1,unroll_2,unroll_8,1,2.75,0.696352055328,False
workload_4903.cpp,xcu200-fsgd2104-2-e,3.33,570.07154781,93,3,1,1,1,cyclic_4_1,block_16_1,block_2_1,unroll_2,unroll_2,pipeline_1,unroll_2,unroll_2,1,1.5,0.90688980706,False
workload_5141.cpp,xcu200-fsgd2104-2-e,3.33,570.07042893,172,3,1,1,2,cyclic_4_1,block_16_1,block_2_1,unroll_2,unroll_2,pipeline_1,unroll_8,unroll_8,1,1.75,0.862240801786,False
workload_5133.cpp,xcu200-fsgd2104-2-e,3.33,570.07042893,405,4,1,1,2,cyclic_4_1,block_16_1,block_4_1,unroll_2,unroll_4,pipeline_1,unroll_8,unroll_8,1,2,0.818862523976,False
workload_5029.cpp,xcu200-fsgd2104-2-e,3.33,625.93909101,133,3,1,1,1,cyclic_4_1,block_16_1,block_8_1,unroll_2,unroll_2,pipeline_1,unroll_8,unroll_2,1,1.5,0.905580402703,False
workload_4972.cpp,xcu200-fsgd2104-2-e,3.33,625.93855821,189,3,1,1,2,cyclic_4_1,block_16_1,block_8_1,unroll_2,unroll_2,pipeline_1,unroll_8,unroll_8,1,1.75,0.861388882674,False
workload_4635.cpp,xcu200-fsgd2104-2-e,3.33,626.04197469,427,4,1,1,5,cyclic_4_1,block_16_1,cyclic_32_1,unroll_32,unroll_2,pipeline_1,unroll_2,unroll_2,1,2.75,0.696027016241,False
workload_5033.cpp,xcu200-fsgd2104-2-e,3.33,570.07096173,110,3,1,1,1,cyclic_4_1,block_2_1,block_2_1,unroll_2,unroll_2,pipeline_1,unroll_8,unroll_2,1,1.5,0.90688980706,False
workload_4699.cpp,xcu200-fsgd2104-2-e,3.33,570.17363229,314,3,1,2,4,cyclic_4_1,block_2_1,block_2_1,unroll_32,unroll_2,pipeline_1,unroll_4,unroll_2,1,2.5,0.735918149414,False
workload_4875.cpp,xcu200-fsgd2104-2-e,3.33,570.12610653,98,3,1,1,1,cyclic_4_1,block_2_1,block_2_1,unroll_4,unroll_2,pipeline_1,unroll_2,unroll_2,1,1.5,0.90688980575,False
workload_4964.cpp,xcu200-fsgd2104-2-e,3.33,570.07096173,116,3,1,1,1,cyclic_4_1,block_2_1,block_4_1,unroll_2,unroll_2,pipeline_1,unroll_8,unroll_2,1,1.5,0.90688980706,False
workload_4797.cpp,xcu200-fsgd2104-2-e,3.33,570.12589341,110,3,1,1,1,cyclic_4_1,block_2_1,block_4_1,unroll_4,unroll_2,pipeline_1,unroll_4,unroll_2,1,1.5,0.90688980576,False
workload_4692.cpp,xcu200-fsgd2104-2-e,3.33,626.04138861,713,3,1,3,7,cyclic_4_1,block_2_1,cyclic_16_1,unroll_64,unroll_2,pipeline_1,unroll_8,unroll_2,1,3.5,0.58507282211,False
workload_4749.cpp,xcu200-fsgd2104-2-e,3.33,570.16702557,213,3,1,1,3,cyclic_4_1,block_32_1,block_2_1,unroll_16,unroll_2,pipeline_1,unroll_2,unroll_2,1,2,0.818862522114,False
workload_4704.cpp,xcu200-fsgd2104-2-e,3.33,570.16643949,258,3,1,1,3,cyclic_4_1,block_32_1,block_2_1,unroll_16,unroll_2,pipeline_1,unroll_8,unroll_2,1,2,0.818862522137,False
workload_4766.cpp,xcu200-fsgd2104-2-e,3.33,570.12552045,165,3,1,1,2,cyclic_4_1,block_32_1,block_2_1,unroll_4,unroll_2,pipeline_1,unroll_8,unroll_2,1,1.75,0.862240800955,False
workload_5054.cpp,xcu200-fsgd2104-2-e,3.33,626.02095573,345,4,1,1,3,cyclic_4_1,block_4_1,block_16_1,unroll_8,unroll_4,pipeline_1,unroll_2,unroll_8,1,2.25,0.776270873198,False
workload_4990.cpp,xcu200-fsgd2104-2-e,3.33,570.07096173,112,3,1,1,1,cyclic_4_1,block_4_1,block_2_1,unroll_2,unroll_2,pipeline_1,unroll_8,unroll_2,1,1.5,0.90688980706,False
workload_5121.cpp,xcu200-fsgd2104-2-e,3.33,570.07074861,121,3,1,1,1,cyclic_4_1,block_4_1,block_2_1,unroll_2,unroll_2,pipeline_1,unroll_8,unroll_4,1,1.5,0.90688980706,False
workload_5085.cpp,xcu200-fsgd2104-2-e,3.33,570.07042893,144.5,3,1,1,1,cyclic_4_1,block_4_1,block_2_1,unroll_2,unroll_2,pipeline_1,unroll_8,unroll_8,2,1.5,0.90688980706,False
workload_5131.cpp,xcu200-fsgd2104-2-e,3.33,570.07096173,166,3,1,1,1,cyclic_4_1,block_4_1,block_2_1,unroll_2,unroll_4,pipeline_1,unroll_8,unroll_2,1,1.5,0.90688980706,False
workload_4807.cpp,xcu200-fsgd2104-2-e,3.33,570.12610653,99,3,1,1,1,cyclic_4_1,block_4_1,block_2_1,unroll_4,unroll_2,pipeline_1,unroll_2,unroll_2,1,1.5,0.90688980575,False
workload_4796.cpp,xcu200-fsgd2104-2-e,3.33,570.12557373,125,3,1,1,1,cyclic_4_1,block_4_1,block_2_1,unroll_4,unroll_2,pipeline_1,unroll_2,unroll_8,1,1.5,0.906889805775,False
workload_5043.cpp,xcu200-fsgd2104-2-e,3.33,570.12552045,124,3,1,1,1,cyclic_4_1,block_4_1,block_2_1,unroll_4,unroll_2,pipeline_1,unroll_8,unroll_2,1,1.5,0.906889805777,False
workload_4833.cpp,xcu200-fsgd2104-2-e,3.33,570.12498765,156,3,1,1,1,cyclic_4_1,block_4_1,block_2_1,unroll_4,unroll_2,pipeline_1,unroll_8,unroll_8,1,1.5,0.906889805802,False
workload_5140.cpp,xcu200-fsgd2104-2-e,3.33,570.17272653,611,3,1,3,6,cyclic_4_1,block_4_1,block_2_1,unroll_64,unroll_2,pipeline_1,unroll_8,unroll_8,1,3.25,0.621032046092,False
workload_5074.cpp,xcu200-fsgd2104-2-e,3.33,570.07130805,124,4,1,1,1,cyclic_4_1,block_4_1,block_4_1,unroll_2,unroll_4,pipeline_1,unroll_4,unroll_2,1,1.75,0.862240801786,False
workload_5080.cpp,xcu200-fsgd2104-2-e,3.33,570.07096173,177,4,1,1,1,cyclic_4_1,block_4_1,block_4_1,unroll_2,unroll_4,pipeline_1,unroll_8,unroll_2,1,1.75,0.862240801786,False
workload_4995.cpp,xcu200-fsgd2104-2-e,3.33,570.07074861,208,4,1,1,2,cyclic_4_1,block_4_1,block_4_1,unroll_2,unroll_4,pipeline_1,unroll_8,unroll_4,1,2,0.818862523976,False
workload_5036.cpp,xcu200-fsgd2104-2-e,3.33,570.07042893,337,4,1,1,2,cyclic_4_1,block_4_1,block_4_1,unroll_2,unroll_4,pipeline_1,unroll_8,unroll_8,2,2,0.818862523976,False
workload_4816.cpp,xcu200-fsgd2104-2-e,3.33,625.93909101,129,3,1,1,1,cyclic_4_1,block_4_1,block_8_1,unroll_2,unroll_2,pipeline_1,unroll_8,unroll_2,1,1.5,0.905580402703,False
workload_4947.cpp,xcu200-fsgd2104-2-e,3.33,625.99311693,186,3,1,1,2,cyclic_4_1,block_4_1,block_8_1,unroll_4,unroll_2,pipeline_1,unroll_8,unroll_8,1,1.75,0.861387223769,False
workload_4542.cpp,xcu200-fsgd2104-2-e,3.33,1681.43890797,294,4,1,1,3,cyclic_4_1,block_4_1,cyclic_16_1,unroll_16,unroll_2,unroll_4,unroll_8,unroll_2,1,2.25,0.641863436913,False
workload_4512.cpp,xcu200-fsgd2104-2-e,3.33,2582.30913597,599,4,1,1,4,cyclic_4_1,block_4_1,cyclic_16_1,unroll_32,unroll_2,unroll_4,unroll_2,unroll_8,1,2.5,0.464596930841,False
workload_4585.cpp,xcu200-fsgd2104-2-e,3.33,1702.40996925,212,4,1,1,2,cyclic_4_1,block_4_1,cyclic_32_1,unroll_4,unroll_2,unroll_4,unroll_2,unroll_8,1,2,0.658351306359,False
workload_4623.cpp,xcu200-fsgd2104-2-e,3.33,2001.80771181,474,4,1,1,4,cyclic_4_1,block_64_1,block_4_1,unroll_16,unroll_2,unroll_4,unroll_8,unroll_2,1,2.5,0.564146244811,False
workload_5114.cpp,xcu200-fsgd2104-2-e,3.33,570.07080189,213,4,1,1,3,cyclic_4_1,block_64_1,block_4_1,unroll_2,unroll_2,pipeline_1,unroll_4,unroll_8,1,2.25,0.776754973629,False
workload_4924.cpp,xcu200-fsgd2104-2-e,3.33,625.93909101,152,3,1,1,1,cyclic_4_1,block_8_1,block_16_1,unroll_2,unroll_2,pipeline_1,unroll_8,unroll_2,1,1.5,0.905580402703,False
workload_4935.cpp,xcu200-fsgd2104-2-e,3.33,570.16643949,220,2,1,1,3,cyclic_4_1,block_8_1,block_2_1,unroll_16,unroll_2,pipeline_1,unroll_8,unroll_2,1,1.75,0.862240799261,False
workload_4760.cpp,xcu200-fsgd2104-2-e,3.33,570.16643949,287,2,1,1,3,cyclic_4_1,block_8_1,block_2_1,unroll_16,unroll_4,pipeline_1,unroll_8,unroll_2,1,1.75,0.862240799261,False
workload_4783.cpp,xcu200-fsgd2104-2-e,3.33,570.16590669,448,2,1,1,4,cyclic_4_1,block_8_1,block_2_1,unroll_16,unroll_4,pipeline_1,unroll_8,unroll_8,1,2,0.818862522157,False
workload_4930.cpp,xcu200-fsgd2104-2-e,3.33,570.07154781,87,2,1,1,1,cyclic_4_1,block_8_1,block_2_1,unroll_2,unroll_2,pipeline_1,unroll_2,unroll_2,1,1.25,0.952809539797,False
workload_5112.cpp,xcu200-fsgd2104-2-e,3.33,570.07101501,117,2,1,1,1,cyclic_4_1,block_8_1,block_2_1,unroll_2,unroll_2,pipeline_1,unroll_2,unroll_8,1,1.25,0.952809539798,False
workload_4866.cpp,xcu200-fsgd2104-2-e,3.33,570.07133469,98,2,1,1,1,cyclic_4_1,block_8_1,block_2_1,unroll_2,unroll_2,pipeline_1,unroll_4,unroll_2,1,1.25,0.952809539797,False
workload_5147.cpp,xcu200-fsgd2104-2-e,3.33,570.07080189,128,2,1,1,1,cyclic_4_1,block_8_1,block_2_1,unroll_2,unroll_2,pipeline_1,unroll_4,unroll_8,1,1.25,0.952809539798,False
workload_4898.cpp,xcu200-fsgd2104-2-e,3.33,570.07096173,114.5,2,1,1,1,cyclic_4_1,block_8_1,block_2_1,unroll_2,unroll_2,pipeline_1,unroll_8,unroll_2,2,1.25,0.952809539798,False
workload_4891.cpp,xcu200-fsgd2104-2-e,3.33,570.07074861,129,2,1,1,1,cyclic_4_1,block_8_1,block_2_1,unroll_2,unroll_2,pipeline_1,unroll_8,unroll_4,1,1.25,0.952809539798,False
workload_5010.cpp,xcu200-fsgd2104-2-e,3.33,570.07042893,148.5,2,1,1,1,cyclic_4_1,block_8_1,block_2_1,unroll_2,unroll_2,pipeline_1,unroll_8,unroll_8,2,1.25,0.952809539798,False
workload_5145.cpp,xcu200-fsgd2104-2-e,3.33,2798.84869965,150,2,1,1,1,cyclic_4_1,block_8_1,block_2_1,unroll_2,unroll_2,unroll_2,unroll_8,unroll_8,1,1.25,0.465388443255,False
workload_4870.cpp,xcu200-fsgd2104-2-e,3.33,570.07130805,129,2,1,1,1,cyclic_4_1,block_8_1,block_2_1,unroll_2,unroll_4,pipeline_1,unroll_4,unroll_2,1,1.25,0.952809539797,False
workload_4825.cpp,xcu200-fsgd2104-2-e,3.33,570.07096173,181,2,1,1,2,cyclic_4_1,block_8_1,block_2_1,unroll_2,unroll_4,pipeline_1,unroll_8,unroll_2,1,1.5,0.90688980706,False
workload_4974.cpp,xcu200-fsgd2104-2-e,3.33,570.07074861,212,2,1,1,2,cyclic_4_1,block_8_1,block_2_1,unroll_2,unroll_4,pipeline_1,unroll_8,unroll_4,1,1.5,0.90688980706,False
workload_5003.cpp,xcu200-fsgd2104-2-e,3.33,570.07042893,332,2,1,1,2,cyclic_4_1,block_8_1,block_2_1,unroll_2,unroll_4,pipeline_1,unroll_8,unroll_8,1,1.5,0.90688980706,False
workload_4889.cpp,xcu200-fsgd2104-2-e,3.33,570.07129473,194,2,1,1,3,cyclic_4_1,block_8_1,block_2_1,unroll_2,unroll_8,pipeline_1,unroll_4,unroll_2,1,1.75,0.862240801786,False
workload_4958.cpp,xcu200-fsgd2104-2-e,3.33,570.07096173,439,2,1,1,3,cyclic_4_1,block_8_1,block_2_1,unroll_2,unroll_8,pipeline_1,unroll_8,unroll_2,1,1.75,0.862240801786,False
workload_4851.cpp,xcu200-fsgd2104-2-e,3.33,2922.75582183,663,2,1,2,7,cyclic_4_1,block_8_1,block_2_1,unroll_32,unroll_16,unroll_2,unroll_4,unroll_2,1,3,0.385139082237,False
workload_4747.cpp,xcu200-fsgd2104-2-e,3.33,570.12610653,101,2,1,1,1,cyclic_4_1,block_8_1,block_2_1,unroll_4,unroll_2,pipeline_1,unroll_2,unroll_2,1,1.25,0.952809537104,False
workload_4728.cpp,xcu200-fsgd2104-2-e,3.33,570.12589341,112,2,1,1,1,cyclic_4_1,block_8_1,block_2_1,unroll_4,unroll_2,pipeline_1,unroll_4,unroll_2,1,1.25,0.952809537124,False
workload_4755.cpp,xcu200-fsgd2104-2-e,3.33,570.12536061,141.5,2,1,1,1,cyclic_4_1,block_8_1,block_2_1,unroll_4,unroll_2,pipeline_1,unroll_4,unroll_8,2,1.25,0.952809537176,False
workload_4914.cpp,xcu200-fsgd2104-2-e,3.33,570.12552045,132,2,1,1,1,cyclic_4_1,block_8_1,block_2_1,unroll_4,unroll_2,pipeline_1,unroll_8,unroll_2,1,1.25,0.95280953716,False
workload_5108.cpp,xcu200-fsgd2104-2-e,3.33,570.12530733,145,2,1,1,1,cyclic_4_1,block_8_1,block_2_1,unroll_4,unroll_2,pipeline_1,unroll_8,unroll_4,1,1.25,0.952809537181,False
workload_4774.cpp,xcu200-fsgd2104-2-e,3.33,570.12498765,168,2,1,1,2,cyclic_4_1,block_8_1,block_2_1,unroll_4,unroll_2,pipeline_1,unroll_8,unroll_8,1,1.5,0.906889805802,False
workload_4829.cpp,xcu200-fsgd2104-2-e,3.33,2784.85550685,102,2,1,1,1,cyclic_4_1,block_8_1,block_2_1,unroll_4,unroll_2,unroll_2,unroll_2,unroll_2,1,1.25,0.467991653451,False
workload_5075.cpp,xcu200-fsgd2104-2-e,3.33,570.12586677,140,2,1,1,2,cyclic_4_1,block_8_1,block_2_1,unroll_4,unroll_4,pipeline_1,unroll_2,unroll_4,1,1.5,0.906889805761,False
workload_4789.cpp,xcu200-fsgd2104-2-e,3.33,570.12586677,144,2,1,1,2,cyclic_4_1,block_8_1,block_2_1,unroll_4,unroll_4,pipeline_1,unroll_4,unroll_2,1,1.5,0.906889805761,False
workload_4890.cpp,xcu200-fsgd2104-2-e,3.33,570.17384541,517,2,1,3,5,cyclic_4_1,block_8_1,block_2_1,unroll_64,unroll_2,pipeline_1,unroll_2,unroll_2,1,2.75,0.696352054218,False
workload_4986.cpp,xcu200-fsgd2104-2-e,3.33,570.17304621,584.5,2,1,3,6,cyclic_4_1,block_8_1,block_2_1,unroll_64,unroll_2,pipeline_1,unroll_8,unroll_4,2,3,0.658056686448,False
workload_5090.cpp,xcu200-fsgd2104-2-e,3.33,570.07080189,130,3,1,1,1,cyclic_4_1,block_8_1,block_4_1,unroll_2,unroll_2,pipeline_1,unroll_4,unroll_8,1,1.5,0.90688980706,False
workload_4911.cpp,xcu200-fsgd2104-2-e,3.33,570.07096173,120.5,3,1,1,1,cyclic_4_1,block_8_1,block_4_1,unroll_2,unroll_2,pipeline_1,unroll_8,unroll_2,2,1.5,0.90688980706,False
workload_5021.cpp,xcu200-fsgd2104-2-e,3.33,570.07074861,133,3,1,1,1,cyclic_4_1,block_8_1,block_4_1,unroll_2,unroll_2,pipeline_1,unroll_8,unroll_4,1,1.5,0.90688980706,False
workload_5045.cpp,xcu200-fsgd2104-2-e,3.33,570.07042893,152,3,1,1,1,cyclic_4_1,block_8_1,block_4_1,unroll_2,unroll_2,pipeline_1,unroll_8,unroll_8,1,1.5,0.90688980706,False
workload_5016.cpp,xcu200-fsgd2104-2-e,3.33,570.07096173,192,3,1,1,2,cyclic_4_1,block_8_1,block_4_1,unroll_2,unroll_4,pipeline_1,unroll_8,unroll_2,1,1.75,0.862240801786,False
workload_5101.cpp,xcu200-fsgd2104-2-e,3.33,570.07074861,221,3,1,1,2,cyclic_4_1,block_8_1,block_4_1,unroll_2,unroll_4,pipeline_1,unroll_8,unroll_4,1,1.75,0.862240801786,False
workload_5113.cpp,xcu200-fsgd2104-2-e,3.33,570.07042893,376,3,1,1,2,cyclic_4_1,block_8_1,block_4_1,unroll_2,unroll_4,pipeline_1,unroll_8,unroll_8,1,1.75,0.862240801786,False
workload_4855.cpp,xcu200-fsgd2104-2-e,3.33,570.12552045,139,3,1,1,1,cyclic_4_1,block_8_1,block_4_1,unroll_4,unroll_2,pipeline_1,unroll_8,unroll_2,1,1.5,0.906889805777,False
workload_4858.cpp,xcu200-fsgd2104-2-e,3.33,570.12533397,249,3,1,1,2,cyclic_4_1,block_8_1,block_4_1,unroll_4,unroll_4,pipeline_1,unroll_4,unroll_8,1,1.75,0.86224080096,False
workload_5061.cpp,xcu200-fsgd2104-2-e,3.33,570.17272653,620,3,1,3,6,cyclic_4_1,block_8_1,block_4_1,unroll_64,unroll_2,pipeline_1,unroll_8,unroll_8,1,3.25,0.621032046092,False
workload_5076.cpp,xcu200-fsgd2104-2-e,3.33,625.93946397,105,1,1,1,1,cyclic_4_1,block_8_1,block_8_1,unroll_2,unroll_2,pipeline_1,unroll_2,unroll_4,1,1,0.983746878339,False
workload_4970.cpp,xcu200-fsgd2104-2-e,3.33,625.93946397,107,1,1,1,1,cyclic_4_1,block_8_1,block_8_1,unroll_2,unroll_2,pipeline_1,unroll_4,unroll_2,1,1,0.983746878339,False
workload_5053.cpp,xcu200-fsgd2104-2-e,3.33,625.93909101,131,1,1,1,1,cyclic_4_1,block_8_1,block_8_1,unroll_2,unroll_2,pipeline_1,unroll_8,unroll_2,2,1,0.983746986344,False
workload_5097.cpp,xcu200-fsgd2104-2-e,3.33,625.93887789,139,1,1,1,1,cyclic_4_1,block_8_1,block_8_1,unroll_2,unroll_2,pipeline_1,unroll_8,unroll_4,1,1,0.983747048062,False
workload_5031.cpp,xcu200-fsgd2104-2-e,3.33,625.93942401,248,1,1,1,3,cyclic_4_1,block_8_1,block_8_1,unroll_2,unroll_8,pipeline_1,unroll_4,unroll_2,1,1.5,0.905580387211,False
workload_4787.cpp,xcu200-fsgd2104-2-e,3.33,625.99402269,120,1,1,1,1,cyclic_4_1,block_8_1,block_8_1,unroll_4,unroll_2,pipeline_1,unroll_4,unroll_2,1,1,0.98373107879,False
workload_4917.cpp,xcu200-fsgd2104-2-e,3.33,625.99348989,155,1,1,1,2,cyclic_4_1,block_8_1,block_8_1,unroll_4,unroll_2,pipeline_1,unroll_4,unroll_8,1,1.25,0.95016846631,False
workload_4893.cpp,xcu200-fsgd2104-2-e,3.33,625.99311693,197,1,1,1,2,cyclic_4_1,block_8_1,block_8_1,unroll_4,unroll_2,pipeline_1,unroll_8,unroll_8,1,1.25,0.950168500565,False
workload_4907.cpp,xcu200-fsgd2104-2-e,3.33,2833.73900109,182,1,1,1,2,cyclic_4_1,block_8_1,block_8_1,unroll_4,unroll_2,unroll_2,unroll_8,unroll_8,1,1.25,0.458937528636,False
workload_4541.cpp,xcu200-fsgd2104-2-e,3.33,764.41578237,656,4,1,1,4,cyclic_4_1,cyclic_16_1,cyclic_16_1,unroll_16,unroll_2,unroll_16,unroll_4,unroll_8,1,2.5,0.731247560942,False
workload_4414.cpp,xcu200-fsgd2104-2-e,3.33,764.63082045,1272,4,1,1,6,cyclic_4_1,cyclic_16_1,cyclic_16_1,unroll_32,unroll_2,unroll_16,unroll_2,unroll_8,1,3,0.654752980517,False
workload_5057.cpp,xcu200-fsgd2104-2-e,3.33,570.07133469,94,3,1,1,1,cyclic_4_1,cyclic_2_1,block_2_1,unroll_2,unroll_2,pipeline_1,unroll_4,unroll_2,1,1.5,0.90688980706,False
workload_5111.cpp,xcu200-fsgd2104-2-e,3.33,570.07112157,104,3,1,1,1,cyclic_4_1,cyclic_2_1,block_2_1,unroll_2,unroll_2,pipeline_1,unroll_4,unroll_4,1,1.5,0.90688980706,False
workload_4987.cpp,xcu200-fsgd2104-2-e,3.33,570.07080189,123,3,1,1,1,cyclic_4_1,cyclic_2_1,block_2_1,unroll_2,unroll_2,pipeline_1,unroll_4,unroll_8,1,1.5,0.90688980706,False
workload_5105.cpp,xcu200-fsgd2104-2-e,3.33,570.07096173,108,3,1,1,1,cyclic_4_1,cyclic_2_1,block_2_1,unroll_2,unroll_2,pipeline_1,unroll_8,unroll_2,1,1.5,0.90688980706,False
workload_5104.cpp,xcu200-fsgd2104-2-e,3.33,570.07042893,140.5,3,1,1,1,cyclic_4_1,cyclic_2_1,block_2_1,unroll_2,unroll_2,pipeline_1,unroll_8,unroll_8,2,1.5,0.90688980706,False
workload_5041.cpp,xcu200-fsgd2104-2-e,3.33,570.07127808,1189,3,1,4,9,cyclic_4_1,cyclic_2_1,block_2_1,unroll_2,unroll_32,pipeline_1,unroll_4,unroll_2,1,4.25,0.485640759557,False
workload_5086.cpp,xcu200-fsgd2104-2-e,3.33,570.07042893,329,3,1,1,2,cyclic_4_1,cyclic_2_1,block_2_1,unroll_2,unroll_4,pipeline_1,unroll_8,unroll_8,1,1.75,0.862240801786,False
workload_4670.cpp,xcu200-fsgd2104-2-e,3.33,570.17331261,335,3,1,2,4,cyclic_4_1,cyclic_2_1,block_2_1,unroll_32,unroll_2,pipeline_1,unroll_2,unroll_8,1,2.5,0.735918149423,False
workload_4733.cpp,xcu200-fsgd2104-2-e,3.33,570.17325933,389,3,1,2,4,cyclic_4_1,cyclic_2_1,block_2_1,unroll_32,unroll_4,pipeline_1,unroll_8,unroll_2,1,2.5,0.735918149424,False
workload_4814.cpp,xcu200-fsgd2104-2-e,3.33,570.12536061,135,3,1,1,1,cyclic_4_1,cyclic_2_1,block_2_1,unroll_4,unroll_2,pipeline_1,unroll_4,unroll_8,1,1.5,0.906889805785,False
workload_5038.cpp,xcu200-fsgd2104-2-e,3.33,570.12536061,134,3,1,1,1,cyclic_4_1,cyclic_2_1,block_4_1,unroll_4,unroll_2,pipeline_1,unroll_4,unroll_8,1,1.5,0.906889805785,False
workload_5082.cpp,xcu200-fsgd2104-2-e,3.33,625.93893117,133,2,1,1,1,cyclic_4_1,cyclic_2_1,block_8_1,unroll_2,unroll_2,pipeline_1,unroll_4,unroll_8,1,1.25,0.950173475093,False
workload_4697.cpp,xcu200-fsgd2104-2-e,3.33,1311.33306429,215,4,1,1,2,cyclic_4_1,cyclic_4_1,cyclic_32_1,unroll_4,unroll_2,unroll_4,unroll_2,unroll_8,1,2,0.73419584254,False
workload_4701.cpp,xcu200-fsgd2104-2-e,3.33,3526.85409885,243,4,1,1,3,cyclic_64_1,block_2_1,block_2_1,unroll_4,unroll_2,unroll_2,unroll_2,unroll_2,1,2.25,0.326718926016,False
workload_4753.cpp,xcu200-fsgd2104-2-e,3.33,627.78044781,758,3,1,1,10,cyclic_64_1,block_8_1,block_2_1,unroll_16,unroll_2,pipeline_1,unroll_8,unroll_2,1,3.75,0.550603695637,False
workload_4715.cpp,xcu200-fsgd2104-2-e,3.33,627.73899597,624,3,1,1,5,cyclic_64_1,block_8_1,block_2_1,unroll_4,unroll_2,pipeline_1,unroll_8,unroll_8,1,2.5,0.735502576616,False
workload_4768.cpp,xcu200-fsgd2104-2-e,3.33,683.55293949,423,3,1,1,4,cyclic_64_1,block_8_1,block_8_1,unroll_2,unroll_2,pipeline_1,unroll_4,unroll_8,1,2.25,0.774771723621,False
workload_4850.cpp,xcu200-fsgd2104-2-e,3.33,627.73952877,365,4,1,1,4,cyclic_64_1,cyclic_2_1,block_2_1,unroll_4,unroll_2,pipeline_1,unroll_8,unroll_2,1,2.5,0.735502568945,False
workload_4683.cpp,xcu200-fsgd2104-2-e,3.33,683.65545021,1486,3,1,2,17,cyclic_64_1,cyclic_2_1,block_8_1,unroll_32,unroll_2,pipeline_1,unroll_2,unroll_8,1,5.75,0.320375640186,False
workload_4591.cpp,xcu200-fsgd2104-2-e,3.33,2805.78500973,269,5,1,1,3,cyclic_8_1,block_16_1,block_2_1,unroll_16,unroll_2,unroll_2,unroll_8,unroll_2,1,2.5,0.42784947238,False
workload_4665.cpp,xcu200-fsgd2104-2-e,3.33,627.73952877,150,5,1,1,2,cyclic_8_1,block_16_1,block_2_1,unroll_4,unroll_2,pipeline_1,unroll_8,unroll_2,1,2.25,0.776240720356,False
workload_4653.cpp,xcu200-fsgd2104-2-e,3.33,683.60818752,1740,5,1,2,9,cyclic_8_1,block_2_1,block_16_1,unroll_4,unroll_32,pipeline_1,unroll_2,unroll_2,1,4.25,0.485061834186,False
workload_4391.cpp,xcu200-fsgd2104-2-e,3.33,3488.42035773,1001,4,1,1,7,cyclic_8_1,block_2_1,block_2_1,unroll_32,unroll_2,unroll_4,unroll_2,unroll_8,1,3.25,0.298189133187,False
workload_4726.cpp,xcu200-fsgd2104-2-e,3.33,627.74011485,103,4,1,1,1,cyclic_8_1,block_2_1,block_2_1,unroll_4,unroll_2,pipeline_1,unroll_2,unroll_2,1,1.75,0.861333261058,False
workload_4714.cpp,xcu200-fsgd2104-2-e,3.33,3526.85409885,106,4,1,1,1,cyclic_8_1,block_2_1,block_2_1,unroll_4,unroll_2,unroll_2,unroll_2,unroll_2,1,1.75,0.337200301599,False
workload_4622.cpp,xcu200-fsgd2104-2-e,3.33,3526.85297997,176,4,1,1,2,cyclic_8_1,block_2_1,block_2_1,unroll_4,unroll_2,unroll_2,unroll_8,unroll_8,1,2,0.33255558903,False
workload_4641.cpp,xcu200-fsgd2104-2-e,3.33,627.73899597,183,5,1,1,2,cyclic_8_1,block_2_1,block_4_1,unroll_4,unroll_2,pipeline_1,unroll_8,unroll_8,1,2.25,0.776240729845,False
workload_4751.cpp,xcu200-fsgd2104-2-e,3.33,683.60712525,205,3,1,1,2,cyclic_8_1,block_2_1,block_8_1,unroll_4,unroll_2,pipeline_1,unroll_8,unroll_8,1,1.75,0.858760048924,False
workload_4503.cpp,xcu200-fsgd2104-2-e,3.33,683.64863037,279,5,1,1,3,cyclic_8_1,block_2_1,cyclic_16_1,unroll_16,unroll_2,pipeline_1,unroll_2,unroll_8,1,2.5,0.734310894806,False
workload_4554.cpp,xcu200-fsgd2104-2-e,3.33,683.64860373,426,5,1,1,4,cyclic_8_1,block_2_1,cyclic_16_1,unroll_16,unroll_4,pipeline_1,unroll_2,unroll_8,1,2.75,0.695016683451,False
workload_4509.cpp,xcu200-fsgd2104-2-e,3.33,3544.28848701,1119,5,1,1,8,cyclic_8_1,block_2_1,cyclic_16_1,unroll_32,unroll_2,unroll_4,unroll_2,unroll_8,1,3.75,0.270739447686,False
workload_4564.cpp,xcu200-fsgd2104-2-e,3.33,683.60765805,175.5,5,1,1,2,cyclic_8_1,block_4_1,block_16_1,unroll_4,unroll_2,pipeline_1,unroll_8,unroll_2,2,2.25,0.774769821084,False
workload_5094.cpp,xcu200-fsgd2104-2-e,3.33,627.68475693,131,5,1,1,1,cyclic_8_1,block_4_1,block_2_1,unroll_2,unroll_2,pipeline_1,unroll_8,unroll_4,1,2,0.818201752483,False
workload_4708.cpp,xcu200-fsgd2104-2-e,3.33,627.78726765,374,5,1,2,5,cyclic_8_1,block_4_1,block_2_1,unroll_32,unroll_2,pipeline_1,unroll_8,unroll_2,1,3.25,0.620780718472,False
workload_4468.cpp,xcu200-fsgd2104-2-e,3.33,2308.20612669,1178,5,1,1,4,cyclic_8_1,block_4_1,block_2_1,unroll_32,unroll_2,unroll_8,unroll_2,unroll_8,1,2.75,0.494450205546,False
workload_4615.cpp,xcu200-fsgd2104-2-e,3.33,627.73952877,135,5,1,1,1,cyclic_8_1,block_4_1,block_2_1,unroll_4,unroll_2,pipeline_1,unroll_8,unroll_2,1,2,0.818200498257,False
workload_4433.cpp,xcu200-fsgd2104-2-e,3.33,683.64863037,273,5,1,1,3,cyclic_8_1,block_4_1,cyclic_16_1,unroll_16,unroll_2,pipeline_1,unroll_2,unroll_8,1,2.5,0.734310894806,False
workload_4539.cpp,xcu200-fsgd2104-2-e,3.33,683.64841725,293,5,1,1,4,cyclic_8_1,block_4_1,cyclic_16_1,unroll_16,unroll_2,pipeline_1,unroll_4,unroll_8,1,2.75,0.695016687823,False
workload_4528.cpp,xcu200-fsgd2104-2-e,3.33,683.64804429,362,5,1,1,4,cyclic_8_1,block_4_1,cyclic_16_1,unroll_16,unroll_2,pipeline_1,unroll_8,unroll_8,1,2.75,0.695016696566,False
workload_4406.cpp,xcu200-fsgd2104-2-e,3.33,1764.36821565,429,5,1,1,5,cyclic_8_1,block_4_1,cyclic_16_1,unroll_16,unroll_2,unroll_4,unroll_2,unroll_8,1,3,0.556617003143,False
workload_4544.cpp,xcu200-fsgd2104-2-e,3.33,683.64913653,257,5,1,1,3,cyclic_8_1,block_4_1,cyclic_16_1,unroll_16,unroll_4,pipeline_1,unroll_2,unroll_2,1,2.5,0.734310880537,False
workload_4456.cpp,xcu200-fsgd2104-2-e,3.33,683.64860373,434,5,1,1,4,cyclic_8_1,block_4_1,cyclic_16_1,unroll_16,unroll_4,pipeline_1,unroll_2,unroll_8,1,2.75,0.695016683451,False
workload_4270.cpp,xcu200-fsgd2104-2-e,3.33,2653.01723709,992,5,1,1,8,cyclic_8_1,block_4_1,cyclic_16_1,unroll_32,unroll_2,unroll_4,unroll_2,unroll_8,1,3.75,0.375254234739,False
workload_4717.cpp,xcu200-fsgd2104-2-e,3.33,1798.43384925,143,5,1,1,1,cyclic_8_1,block_4_1,cyclic_16_1,unroll_4,unroll_2,unroll_4,unroll_2,unroll_2,1,2,0.63919198862,False
workload_4645.cpp,xcu200-fsgd2104-2-e,3.33,2849.43198573,362,5,1,1,4,cyclic_8_1,block_4_1,cyclic_32_1,unroll_16,unroll_2,unroll_2,unroll_8,unroll_2,1,2.75,0.408870878621,False
workload_4515.cpp,xcu200-fsgd2104-2-e,3.33,3532.07069037,444,5,1,1,4,cyclic_8_1,block_64_1,block_2_1,unroll_16,unroll_2,unroll_2,unroll_8,unroll_2,1,2.75,0.311169815742,False
workload_4489.cpp,xcu200-fsgd2104-2-e,3.33,3532.07069037,465,5,1,1,4,cyclic_8_1,block_64_1,block_4_1,unroll_16,unroll_2,unroll_2,unroll_8,unroll_2,1,2.75,0.311169815742,False
workload_4713.cpp,xcu200-fsgd2104-2-e,3.33,627.78103389,202,3,1,1,3,cyclic_8_1,block_8_1,block_2_1,unroll_16,unroll_2,pipeline_1,unroll_2,unroll_2,1,2,0.81819954704,False
workload_4678.cpp,xcu200-fsgd2104-2-e,3.33,1714.61119581,348,3,1,1,4,cyclic_8_1,block_8_1,block_2_1,unroll_16,unroll_2,unroll_4,unroll_2,unroll_2,1,2.25,0.635791992885,False
workload_4989.cpp,xcu200-fsgd2104-2-e,3.33,627.68497005,126,3,1,1,1,cyclic_8_1,block_8_1,block_2_1,unroll_2,unroll_2,pipeline_1,unroll_8,unroll_2,1,1.5,0.905497952163,False
workload_5006.cpp,xcu200-fsgd2104-2-e,3.33,627.68443725,160,3,1,1,2,cyclic_8_1,block_8_1,block_2_1,unroll_2,unroll_2,pipeline_1,unroll_8,unroll_8,1,1.75,0.861335006107,False
workload_4524.cpp,xcu200-fsgd2104-2-e,3.33,2158.49699901,802,3,1,1,7,cyclic_8_1,block_8_1,block_2_1,unroll_32,unroll_2,unroll_4,unroll_2,unroll_8,1,3,0.498962465555,False
workload_4569.cpp,xcu200-fsgd2104-2-e,3.33,2158.49641293,845,3,1,1,7,cyclic_8_1,block_8_1,block_2_1,unroll_32,unroll_2,unroll_4,unroll_8,unroll_8,1,3,0.498962553553,False
workload_4517.cpp,xcu200-fsgd2104-2-e,3.33,1726.61017149,959,3,1,1,4,cyclic_8_1,block_8_1,block_2_1,unroll_32,unroll_2,unroll_8,unroll_2,unroll_8,1,2.25,0.633589430021,False
workload_4556.cpp,xcu200-fsgd2104-2-e,3.33,1726.61014485,1035,3,1,1,5,cyclic_8_1,block_8_1,block_2_1,unroll_32,unroll_4,unroll_8,unroll_2,unroll_8,1,2.5,0.611233382672,False
workload_4573.cpp,xcu200-fsgd2104-2-e,3.33,1726.60958541,1250,3,1,1,5,cyclic_8_1,block_8_1,block_2_1,unroll_32,unroll_4,unroll_8,unroll_8,unroll_8,1,2.5,0.611233476604,False
workload_4815.cpp,xcu200-fsgd2104-2-e,3.33,627.73985511,471,3,1,2,6,cyclic_8_1,block_8_1,block_2_1,unroll_4,unroll_16,pipeline_1,unroll_4,unroll_2,1,3,0.657764582439,False
workload_4804.cpp,xcu200-fsgd2104-2-e,3.33,627.73958205,138,3,1,1,2,cyclic_8_1,block_8_1,block_2_1,unroll_4,unroll_2,pipeline_1,unroll_2,unroll_8,1,1.75,0.861333277765,False
workload_4730.cpp,xcu200-fsgd2104-2-e,3.33,627.73936893,151,3,1,1,2,cyclic_8_1,block_8_1,block_2_1,unroll_4,unroll_2,pipeline_1,unroll_4,unroll_8,1,1.75,0.861333284447,False
workload_4628.cpp,xcu200-fsgd2104-2-e,3.33,627.73952877,152,3,1,1,2,cyclic_8_1,block_8_1,block_2_1,unroll_4,unroll_2,pipeline_1,unroll_8,unroll_2,1,1.75,0.861333279435,False
workload_4750.cpp,xcu200-fsgd2104-2-e,3.33,627.73899597,182,3,1,1,2,cyclic_8_1,block_8_1,block_2_1,unroll_4,unroll_2,pipeline_1,unroll_8,unroll_8,1,1.75,0.861333296142,False
workload_4933.cpp,xcu200-fsgd2104-2-e,3.33,683.55368541,96,3,1,1,1,cyclic_8_1,block_8_1,block_8_1,unroll_2,unroll_2,pipeline_1,unroll_2,unroll_2,1,1.5,0.901609076733,False
workload_4727.cpp,xcu200-fsgd2104-2-e,3.33,627.77991501,836,6,1,1,10,cyclic_8_1,cyclic_128_1,block_2_1,unroll_16,unroll_2,pipeline_1,unroll_8,unroll_8,1,4.5,0.454836398652,False
workload_4504.cpp,xcu200-fsgd2104-2-e,3.33,811.98778941,1257,5,1,1,6,cyclic_8_1,cyclic_16_1,cyclic_16_1,unroll_32,unroll_2,unroll_16,unroll_2,unroll_8,1,3.25,0.616653052995,False
workload_4802.cpp,xcu200-fsgd2104-2-e,3.33,627.74011485,102,4,1,1,1,cyclic_8_1,cyclic_2_1,block_2_1,unroll_4,unroll_2,pipeline_1,unroll_2,unroll_2,1,1.75,0.861333261058,False
workload_4725.cpp,xcu200-fsgd2104-2-e,3.33,627.73952877,130,4,1,1,1,cyclic_8_1,cyclic_2_1,block_2_1,unroll_4,unroll_2,pipeline_1,unroll_8,unroll_2,1,1.75,0.861333279435,False
workload_4762.cpp,xcu200-fsgd2104-2-e,3.33,627.73899597,171,4,1,1,2,cyclic_8_1,cyclic_2_1,block_2_1,unroll_4,unroll_2,pipeline_1,unroll_8,unroll_8,1,2,0.818200510463,False
workload_4609.cpp,xcu200-fsgd2104-2-e,3.33,2095.23269997,128,4,1,1,1,cyclic_8_1,cyclic_2_1,block_2_1,unroll_4,unroll_2,unroll_2,unroll_8,unroll_2,1,1.75,0.59266428322,False
workload_4682.cpp,xcu200-fsgd2104-2-e,3.33,2076.87768669,360,5,1,1,4,cyclic_8_1,cyclic_2_1,block_4_1,unroll_32,unroll_2,unroll_2,unroll_2,unroll_2,1,2.75,0.531836218693,False
workload_4716.cpp,xcu200-fsgd2104-2-e,3.33,683.55293949,145,3,1,1,1,cyclic_8_1,cyclic_2_1,block_8_1,unroll_2,unroll_2,pipeline_1,unroll_4,unroll_8,1,1.5,0.901609144127,False
workload_4520.cpp,xcu200-fsgd2104-2-e,3.33,2151.10082925,146,3,1,1,1,cyclic_8_1,cyclic_2_1,block_8_1,unroll_4,unroll_2,unroll_2,unroll_8,unroll_2,1,1.5,0.590004360828,False
workload_4657.cpp,xcu200-fsgd2104-2-e,3.33,2151.10029645,201,3,1,1,2,cyclic_8_1,cyclic_2_1,block_8_1,unroll_4,unroll_2,unroll_2,unroll_8,unroll_8,1,1.75,0.581213895485,False
workload_4588.cpp,xcu200-fsgd2104-2-e,3.33,683.64916317,211,3,1,1,3,cyclic_8_1,cyclic_2_1,cyclic_8_1,unroll_16,unroll_2,pipeline_1,unroll_2,unroll_2,1,2,0.816310383497,False
workload_4567.cpp,xcu200-fsgd2104-2-e,3.33,683.64863037,247,3,1,1,3,cyclic_8_1,cyclic_2_1,cyclic_8_1,unroll_16,unroll_2,pipeline_1,unroll_2,unroll_8,1,2,0.816310407244,False
workload_4527.cpp,xcu200-fsgd2104-2-e,3.33,1350.15500349,676,5,1,1,7,cyclic_8_1,cyclic_4_1,block_2_1,unroll_32,unroll_2,unroll_4,unroll_2,unroll_8,1,3.5,0.548159494761,False
workload_4488.cpp,xcu200-fsgd2104-2-e,3.33,1350.15441741,707,5,1,1,7,cyclic_8_1,cyclic_4_1,block_2_1,unroll_32,unroll_2,unroll_4,unroll_8,unroll_8,1,3.5,0.548159546767,False
workload_4742.cpp,xcu200-fsgd2104-2-e,3.33,683.55293949,151,3,1,1,2,cyclic_8_1,cyclic_8_1,block_8_1,unroll_2,unroll_2,pipeline_1,unroll_4,unroll_8,1,1.75,0.858763324121,False
workload_3849.cpp,xcu200-fsgd2104-2-e,5,945.829205,1142,5,1,2,10,block_128_1,block_64_1,block_2_1,unroll_4,unroll_2,pipeline_1,unroll_4,unroll_2,1,4.5,0.379375387608,False
workload_4218.cpp,xcu200-fsgd2104-2-e,5,945.255205,941,3,1,1,7,block_128_1,block_8_1,block_2_1,unroll_2,unroll_2,pipeline_1,unroll_8,unroll_2,1,3,0.601929473603,False
workload_4245.cpp,xcu200-fsgd2104-2-e,5,1029.714725,1468,3,1,2,10,block_128_1,cyclic_2_1,block_8_1,unroll_4,unroll_2,pipeline_1,unroll_8,unroll_2,1,4,0.445927224659,False
workload_3557.cpp,xcu200-fsgd2104-2-e,5,857.365845,222,3,1,5,5,block_2_1,block_16_1,block_2_1,unroll_16,unroll_2,pipeline_1,unroll_4,unroll_2,1,3.5,0.520789718826,False
workload_3657.cpp,xcu200-fsgd2104-2-e,5,857.365045,254,3,1,5,6,block_2_1,block_16_1,block_2_1,unroll_16,unroll_2,pipeline_1,unroll_4,unroll_8,1,3.75,0.482768761265,False
workload_3683.cpp,xcu200-fsgd2104-2-e,5,7471.340885,280,3,1,1,3,block_2_1,block_16_1,block_2_1,unroll_16,unroll_2,unroll_2,unroll_4,unroll_2,1,2,0.141923755435,False
workload_3724.cpp,xcu200-fsgd2104-2-e,5,7471.340085,316,3,1,1,4,block_2_1,block_16_1,block_2_1,unroll_16,unroll_2,unroll_2,unroll_4,unroll_8,1,2.25,0.139731937651,False
workload_3999.cpp,xcu200-fsgd2104-2-e,5,858.665845,128,3,1,1,2,block_2_1,block_16_1,block_2_1,unroll_2,unroll_2,pipeline_1,unroll_2,unroll_8,1,1.75,0.837334444658,False
workload_4060.cpp,xcu200-fsgd2104-2-e,5,857.641845,142,3,1,1,2,block_2_1,block_16_1,block_2_1,unroll_4,unroll_2,pipeline_1,unroll_2,unroll_8,1,1.75,0.83733544484,False
workload_4010.cpp,xcu200-fsgd2104-2-e,5,857.457445,175,3,1,2,3,block_2_1,block_16_1,block_2_1,unroll_8,unroll_2,pipeline_1,unroll_8,unroll_2,1,2.25,0.737894225053,False
workload_4029.cpp,xcu200-fsgd2104-2-e,5,857.456645,217,3,1,2,4,block_2_1,block_16_1,block_2_1,unroll_8,unroll_2,pipeline_1,unroll_8,unroll_8,1,2.5,0.690873382971,False
workload_3963.cpp,xcu200-fsgd2104-2-e,5,6040.044405,278,3,1,1,4,block_2_1,block_16_1,block_2_1,unroll_8,unroll_2,unroll_4,unroll_2,unroll_8,1,2.25,0.225362270331,False
workload_3976.cpp,xcu200-fsgd2104-2-e,5,6040.043525,317,3,1,2,4,block_2_1,block_16_1,block_2_1,unroll_8,unroll_2,unroll_4,unroll_8,unroll_8,1,2.5,0.219576421933,False
workload_4013.cpp,xcu200-fsgd2104-2-e,5,941.251365,258,2,1,5,6,block_2_1,block_16_1,block_8_1,unroll_16,unroll_2,pipeline_1,unroll_8,unroll_2,1,3.5,0.520587447752,False
workload_4061.cpp,xcu200-fsgd2104-2-e,5,941.250565,318,2,1,5,6,block_2_1,block_16_1,block_8_1,unroll_16,unroll_2,pipeline_1,unroll_8,unroll_8,1,3.5,0.520587451466,False
workload_4118.cpp,xcu200-fsgd2104-2-e,5,941.527045,205.5,2,1,1,3,block_2_1,block_16_1,block_8_1,unroll_4,unroll_2,pipeline_1,unroll_8,unroll_8,2,1.75,0.836440040571,False
workload_4064.cpp,xcu200-fsgd2104-2-e,5,941.342725,243,2,1,2,4,block_2_1,block_16_1,block_8_1,unroll_8,unroll_2,pipeline_1,unroll_8,unroll_8,1,2.25,0.737395561665,False
workload_3637.cpp,xcu200-fsgd2104-2-e,5,941.251125,301,3,1,5,6,block_2_1,block_16_1,cyclic_16_1,unroll_16,unroll_2,pipeline_1,unroll_4,unroll_8,1,3.75,0.482593374517,False
workload_3807.cpp,xcu200-fsgd2104-2-e,5,6677.073925,285,3,1,1,3,block_2_1,block_16_1,cyclic_16_1,unroll_4,unroll_2,unroll_4,unroll_8,unroll_8,1,2,0.185012079198,False
workload_3632.cpp,xcu200-fsgd2104-2-e,5,941.251125,270,2,1,5,6,block_2_1,block_16_1,cyclic_8_1,unroll_16,unroll_2,pipeline_1,unroll_4,unroll_8,1,3.5,0.520587448866,False
workload_3688.cpp,xcu200-fsgd2104-2-e,5,5793.618485,519,2,1,3,7,block_2_1,block_16_1,cyclic_8_1,unroll_16,unroll_2,unroll_4,unroll_4,unroll_8,1,3.25,0.21406648402,False
workload_4073.cpp,xcu200-fsgd2104-2-e,5,942.551845,132,2,1,1,2,block_2_1,block_16_1,cyclic_8_1,unroll_2,unroll_2,pipeline_1,unroll_8,unroll_2,1,1.5,0.888338279115,False
workload_4153.cpp,xcu200-fsgd2104-2-e,5,941.343525,183,2,1,2,3,block_2_1,block_16_1,cyclic_8_1,unroll_8,unroll_2,pipeline_1,unroll_8,unroll_2,1,2,0.78606863968,False
workload_3650.cpp,xcu200-fsgd2104-2-e,5,857.366165,193,2,1,5,5,block_2_1,block_2_1,block_2_1,unroll_16,unroll_2,pipeline_1,unroll_2,unroll_2,1,3.25,0.560610667513,False
workload_3917.cpp,xcu200-fsgd2104-2-e,5,857.365845,204,2,1,5,5,block_2_1,block_2_1,block_2_1,unroll_16,unroll_2,pipeline_1,unroll_4,unroll_2,1,3.25,0.560610667579,False
workload_3678.cpp,xcu200-fsgd2104-2-e,5,857.365285,223,2,1,5,5,block_2_1,block_2_1,block_2_1,unroll_16,unroll_2,pipeline_1,unroll_8,unroll_2,1,3.25,0.560610667696,False
workload_3888.cpp,xcu200-fsgd2104-2-e,5,7452.991125,243,2,1,1,3,block_2_1,block_2_1,block_2_1,unroll_16,unroll_2,unroll_2,unroll_2,unroll_2,1,1.75,0.144529448992,False
workload_3777.cpp,xcu200-fsgd2104-2-e,5,7521.147685,513,2,1,3,6,block_2_1,block_2_1,block_2_1,unroll_16,unroll_2,unroll_4,unroll_8,unroll_2,1,3,0.129244096646,False
workload_3540.cpp,xcu200-fsgd2104-2-e,5,857.36608,786,2,1,7,10,block_2_1,block_2_1,block_2_1,unroll_16,unroll_32,pipeline_1,unroll_2,unroll_2,1,5,0.319663897323,False
workload_3869.cpp,xcu200-fsgd2104-2-e,5,857.365285,282,2,1,5,6,block_2_1,block_2_1,block_2_1,unroll_16,unroll_4,pipeline_1,unroll_8,unroll_2,1,3.5,0.520789718927,False
workload_3794.cpp,xcu200-fsgd2104-2-e,5,858.665765,112.5,2,1,1,1,block_2_1,block_2_1,block_2_1,unroll_2,unroll_2,pipeline_1,unroll_8,unroll_2,2,1.25,0.943970780887,False
workload_3615.cpp,xcu200-fsgd2104-2-e,5,857.641765,130,2,1,1,2,block_2_1,block_2_1,block_2_1,unroll_4,unroll_2,pipeline_1,unroll_8,unroll_2,1,1.5,0.889755580258,False
workload_3886.cpp,xcu200-fsgd2104-2-e,5,857.640965,161,2,1,1,2,block_2_1,block_2_1,block_2_1,unroll_4,unroll_2,pipeline_1,unroll_8,unroll_8,1,1.5,0.889755581322,False
workload_3482.cpp,xcu200-fsgd2104-2-e,5,7800.36256,1232,2,1,5,11,block_2_1,block_2_1,block_2_1,unroll_4,unroll_32,unroll_16,unroll_2,unroll_2,1,4.75,0.103162147811,False
workload_3813.cpp,xcu200-fsgd2104-2-e,5,857.641765,182,2,1,1,2,block_2_1,block_2_1,block_2_1,unroll_4,unroll_4,pipeline_1,unroll_8,unroll_2,1,1.5,0.889755580258,False
workload_3728.cpp,xcu200-fsgd2104-2-e,5,857.458325,132,2,1,2,2,block_2_1,block_2_1,block_2_1,unroll_8,unroll_2,pipeline_1,unroll_2,unroll_2,1,1.75,0.837335598066,False
workload_3812.cpp,xcu200-fsgd2104-2-e,5,7400.572565,148,2,1,1,2,block_2_1,block_2_1,block_2_1,unroll_8,unroll_2,unroll_2,unroll_2,unroll_2,1,1.5,0.148344016992,False
workload_3919.cpp,xcu200-fsgd2104-2-e,5,7400.570885,212,2,1,1,2,block_2_1,block_2_1,block_2_1,unroll_8,unroll_2,unroll_2,unroll_8,unroll_8,1,1.5,0.14834409868,False
workload_3740.cpp,xcu200-fsgd2104-2-e,5,857.365285,222,3,1,5,5,block_2_1,block_2_1,block_4_1,unroll_16,unroll_2,pipeline_1,unroll_8,unroll_2,1,3.5,0.520789718927,False
workload_3792.cpp,xcu200-fsgd2104-2-e,5,7452.991125,245,3,1,1,3,block_2_1,block_2_1,block_4_1,unroll_16,unroll_2,unroll_2,unroll_2,unroll_2,1,2,0.142750552859,False
workload_3682.cpp,xcu200-fsgd2104-2-e,5,857.320085,327,3,1,10,9,block_2_1,block_2_1,block_4_1,unroll_32,unroll_2,pipeline_1,unroll_2,unroll_2,1,5.75,0.243400949833,False
workload_3645.cpp,xcu200-fsgd2104-2-e,5,857.641765,133,3,1,1,2,block_2_1,block_2_1,block_4_1,unroll_4,unroll_2,pipeline_1,unroll_8,unroll_2,1,1.75,0.837335444909,False
workload_3874.cpp,xcu200-fsgd2104-2-e,5,941.251365,238,1,1,5,5,block_2_1,block_2_1,block_8_1,unroll_16,unroll_2,pipeline_1,unroll_8,unroll_2,1,3,0.601955424126,False
workload_3668.cpp,xcu200-fsgd2104-2-e,5,7884.24864,1650,3,1,5,13,block_2_1,block_2_1,cyclic_16_1,unroll_4,unroll_32,unroll_16,unroll_2,unroll_2,1,5.5,0.1,False
workload_3726.cpp,xcu200-fsgd2104-2-e,5,941.251445,320,3,1,5,6,block_2_1,block_2_1,cyclic_32_1,unroll_16,unroll_2,pipeline_1,unroll_2,unroll_8,1,3.75,0.482593373229,False
workload_3762.cpp,xcu200-fsgd2104-2-e,5,941.527925,195,3,1,1,3,block_2_1,block_2_1,cyclic_32_1,unroll_4,unroll_2,pipeline_1,unroll_2,unroll_8,1,2,0.786065908585,False
workload_3707.cpp,xcu200-fsgd2104-2-e,5,941.251445,482,3,1,5,7,block_2_1,block_2_1,cyclic_64_1,unroll_16,unroll_2,pipeline_1,unroll_2,unroll_8,1,4,0.446394814457,False
workload_4108.cpp,xcu200-fsgd2104-2-e,5,941.344405,135,1,1,2,3,block_2_1,block_2_1,cyclic_8_1,unroll_8,unroll_2,pipeline_1,unroll_2,unroll_2,1,1.75,0.83644376794,False
workload_3847.cpp,xcu200-fsgd2104-2-e,5,5714.975605,535,3,1,3,7,block_2_1,block_32_1,block_2_1,unroll_16,unroll_2,unroll_4,unroll_2,unroll_8,1,3.5,0.209917969231,False
workload_3989.cpp,xcu200-fsgd2104-2-e,5,941.344405,158,2,1,2,3,block_2_1,block_32_1,block_8_1,unroll_8,unroll_2,pipeline_1,unroll_2,unroll_2,1,2,0.78606862666,False
workload_3515.cpp,xcu200-fsgd2104-2-e,5,941.251855,946,3,1,6,13,block_2_1,block_32_1,cyclic_16_1,unroll_16,unroll_16,pipeline_1,unroll_4,unroll_2,1,5.75,0.243338786689,False
workload_3468.cpp,xcu200-fsgd2104-2-e,5,941.251885,339,3,1,5,7,block_2_1,block_32_1,cyclic_16_1,unroll_16,unroll_4,pipeline_1,unroll_4,unroll_2,1,4,0.446394812912,False
workload_3524.cpp,xcu200-fsgd2104-2-e,5,5793.619245,611,3,1,3,8,block_2_1,block_32_1,cyclic_16_1,unroll_16,unroll_4,unroll_4,unroll_4,unroll_2,1,3.75,0.19545183531,False
workload_3970.cpp,xcu200-fsgd2104-2-e,5,7264.318245,220,3,1,1,2,block_2_1,block_32_1,cyclic_32_1,unroll_2,unroll_2,unroll_2,unroll_8,unroll_2,1,1.75,0.153727607573,False
workload_4005.cpp,xcu200-fsgd2104-2-e,5,7264.318245,162,2,1,1,2,block_2_1,block_32_1,cyclic_8_1,unroll_2,unroll_2,unroll_2,unroll_8,unroll_2,1,1.5,0.155195683885,False
workload_3746.cpp,xcu200-fsgd2104-2-e,5,857.365285,221,3,1,5,5,block_2_1,block_4_1,block_2_1,unroll_16,unroll_2,pipeline_1,unroll_8,unroll_2,1,3.5,0.520789718927,False
workload_3929.cpp,xcu200-fsgd2104-2-e,5,857.364485,253,3,1,5,5,block_2_1,block_4_1,block_2_1,unroll_16,unroll_2,pipeline_1,unroll_8,unroll_8,1,3.5,0.52078971907,False
workload_3920.cpp,xcu200-fsgd2104-2-e,5,7452.990245,271,3,1,1,3,block_2_1,block_4_1,block_2_1,unroll_16,unroll_2,unroll_2,unroll_8,unroll_2,1,2,0.142750592702,False
workload_3694.cpp,xcu200-fsgd2104-2-e,5,5705.801365,426,3,1,3,6,block_2_1,block_4_1,block_2_1,unroll_16,unroll_2,unroll_4,unroll_2,unroll_2,1,3.25,0.22003593653,False
workload_3651.cpp,xcu200-fsgd2104-2-e,5,5705.800565,452,3,1,3,6,block_2_1,block_4_1,block_2_1,unroll_16,unroll_2,unroll_4,unroll_2,unroll_8,1,3.25,0.220035991506,False
workload_4177.cpp,xcu200-fsgd2104-2-e,5,857.640965,161,3,1,1,2,block_2_1,block_4_1,block_2_1,unroll_4,unroll_2,pipeline_1,unroll_8,unroll_8,1,1.75,0.837335445594,False
workload_3840.cpp,xcu200-fsgd2104-2-e,5,7400.571685,175,3,1,1,2,block_2_1,block_4_1,block_2_1,unroll_8,unroll_2,unroll_2,unroll_8,unroll_2,1,1.75,0.146998821189,False
workload_3631.cpp,xcu200-fsgd2104-2-e,5,857.366165,198,3,1,5,5,block_2_1,block_4_1,block_4_1,unroll_16,unroll_2,pipeline_1,unroll_2,unroll_2,1,3.5,0.520789718769,False
workload_3737.cpp,xcu200-fsgd2104-2-e,5,857.365365,222,3,1,5,5,block_2_1,block_4_1,block_4_1,unroll_16,unroll_2,pipeline_1,unroll_2,unroll_8,1,3.5,0.520789718912,False
workload_3716.cpp,xcu200-fsgd2104-2-e,5,857.320085,330,3,1,10,9,block_2_1,block_4_1,block_4_1,unroll_32,unroll_2,pipeline_1,unroll_2,unroll_2,1,5.75,0.243400949833,False
workload_4111.cpp,xcu200-fsgd2104-2-e,5,941.250565,289,2,1,5,6,block_2_1,block_4_1,block_8_1,unroll_16,unroll_2,pipeline_1,unroll_8,unroll_8,1,3.5,0.520587451466,False
workload_3993.cpp,xcu200-fsgd2104-2-e,5,7222.376085,95,2,1,1,1,block_2_1,block_4_1,block_8_1,unroll_2,unroll_2,unroll_2,unroll_2,unroll_2,1,1.25,0.15831299692,False
workload_4038.cpp,xcu200-fsgd2104-2-e,5,7484.457765,189,2,1,1,2,block_2_1,block_4_1,block_8_1,unroll_8,unroll_2,unroll_2,unroll_8,unroll_2,1,1.5,0.144351071103,False
workload_3608.cpp,xcu200-fsgd2104-2-e,5,941.252175,502,3,1,6,8,block_2_1,block_4_1,cyclic_16_1,unroll_16,unroll_16,pipeline_1,unroll_2,unroll_2,1,4.5,0.379388082568,False
workload_3607.cpp,xcu200-fsgd2104-2-e,5,941.252245,215,3,1,5,5,block_2_1,block_4_1,cyclic_16_1,unroll_16,unroll_2,pipeline_1,unroll_2,unroll_2,1,3.5,0.520587443668,False
workload_3589.cpp,xcu200-fsgd2104-2-e,5,941.251445,256,3,1,5,5,block_2_1,block_4_1,cyclic_16_1,unroll_16,unroll_2,pipeline_1,unroll_2,unroll_8,1,3.5,0.520587447381,False
workload_3669.cpp,xcu200-fsgd2104-2-e,5,5784.443765,500,3,1,3,7,block_2_1,block_4_1,cyclic_16_1,unroll_16,unroll_2,unroll_4,unroll_2,unroll_8,1,3.5,0.205489867081,False
workload_3937.cpp,xcu200-fsgd2104-2-e,5,941.344405,135,2,1,2,3,block_2_1,block_4_1,cyclic_8_1,unroll_8,unroll_2,pipeline_1,unroll_2,unroll_2,1,2,0.78606862666,False
workload_3991.cpp,xcu200-fsgd2104-2-e,5,6081.987365,264,2,1,1,4,block_2_1,block_4_1,cyclic_8_1,unroll_8,unroll_2,unroll_4,unroll_8,unroll_2,1,2,0.22699218531,False
workload_3452.cpp,xcu200-fsgd2104-2-e,5,857.365285,339,3,1,5,7,block_2_1,block_64_1,block_2_1,unroll_16,unroll_2,pipeline_1,unroll_8,unroll_2,1,4,0.446547796831,False
workload_3772.cpp,xcu200-fsgd2104-2-e,5,857.457205,273,3,1,2,5,block_2_1,block_64_1,block_2_1,unroll_8,unroll_2,pipeline_1,unroll_4,unroll_8,1,2.75,0.645652495948,False
workload_3778.cpp,xcu200-fsgd2104-2-e,5,857.457445,246,3,1,2,5,block_2_1,block_64_1,block_2_1,unroll_8,unroll_2,pipeline_1,unroll_8,unroll_2,1,2.75,0.645652495876,False
workload_3523.cpp,xcu200-fsgd2104-2-e,5,857.365285,343,3,1,5,7,block_2_1,block_64_1,block_4_1,unroll_16,unroll_2,pipeline_1,unroll_8,unroll_2,1,4,0.446547796831,False
workload_3647.cpp,xcu200-fsgd2104-2-e,5,5144.843925,636,3,1,3,7,block_2_1,block_64_1,block_4_1,unroll_4,unroll_2,unroll_16,unroll_2,unroll_2,1,3.5,0.248978183411,False
workload_4151.cpp,xcu200-fsgd2104-2-e,5,941.206165,368,2,1,10,10,block_2_1,block_8_1,block_16_1,unroll_32,unroll_2,pipeline_1,unroll_2,unroll_2,1,5.75,0.243338851856,False
workload_3841.cpp,xcu200-fsgd2104-2-e,5,941.528725,115,2,1,1,2,block_2_1,block_8_1,block_16_1,unroll_4,unroll_2,pipeline_1,unroll_2,unroll_2,1,1.5,0.888370670973,False
workload_3835.cpp,xcu200-fsgd2104-2-e,5,857.366165,199,1,1,5,5,block_2_1,block_8_1,block_2_1,unroll_16,unroll_2,pipeline_1,unroll_2,unroll_2,1,3,0.602231603972,False
workload_3797.cpp,xcu200-fsgd2104-2-e,5,857.365365,227,1,1,5,5,block_2_1,block_8_1,block_2_1,unroll_16,unroll_2,pipeline_1,unroll_2,unroll_8,2,3,0.602231604168,False
workload_3909.cpp,xcu200-fsgd2104-2-e,5,857.365285,227,1,1,5,5,block_2_1,block_8_1,block_2_1,unroll_16,unroll_2,pipeline_1,unroll_8,unroll_2,1,3,0.602231604187,False
workload_3821.cpp,xcu200-fsgd2104-2-e,5,857.364485,265.5,1,1,5,5,block_2_1,block_8_1,block_2_1,unroll_16,unroll_2,pipeline_1,unroll_8,unroll_8,2,3,0.602231604383,False
workload_3786.cpp,xcu200-fsgd2104-2-e,5,7471.341205,250,1,1,1,3,block_2_1,block_8_1,block_2_1,unroll_16,unroll_2,unroll_2,unroll_2,unroll_2,1,1.5,0.144964093098,False
workload_3753.cpp,xcu200-fsgd2104-2-e,5,7471.340405,281,1,1,1,3,block_2_1,block_8_1,block_2_1,unroll_16,unroll_2,unroll_2,unroll_2,unroll_8,1,1.5,0.144964130615,False
workload_3789.cpp,xcu200-fsgd2104-2-e,5,7471.340325,278,1,1,1,3,block_2_1,block_8_1,block_2_1,unroll_16,unroll_2,unroll_2,unroll_8,unroll_2,1,1.5,0.144964134367,False
workload_3905.cpp,xcu200-fsgd2104-2-e,5,7471.339525,310,1,1,2,4,block_2_1,block_8_1,block_2_1,unroll_16,unroll_2,unroll_2,unroll_8,unroll_8,1,2,0.141923816416,False
workload_3801.cpp,xcu200-fsgd2104-2-e,5,5714.976405,432,1,1,3,6,block_2_1,block_8_1,block_2_1,unroll_16,unroll_2,unroll_4,unroll_2,unroll_2,1,2.75,0.23684049675,False
workload_3714.cpp,xcu200-fsgd2104-2-e,5,5714.975605,458,1,1,3,6,block_2_1,block_8_1,block_2_1,unroll_16,unroll_2,unroll_4,unroll_2,unroll_8,1,2.75,0.236840557942,False
workload_3877.cpp,xcu200-fsgd2104-2-e,5,5714.975525,466,1,1,3,6,block_2_1,block_8_1,block_2_1,unroll_16,unroll_2,unroll_4,unroll_8,unroll_2,1,2.75,0.236840564061,False
workload_3829.cpp,xcu200-fsgd2104-2-e,5,5714.974725,497,1,1,3,6,block_2_1,block_8_1,block_2_1,unroll_16,unroll_2,unroll_4,unroll_8,unroll_8,1,2.75,0.236840625254,False
workload_4008.cpp,xcu200-fsgd2104-2-e,5,858.666645,92,1,1,1,1,block_2_1,block_8_1,block_2_1,unroll_2,unroll_2,pipeline_1,unroll_2,unroll_2,1,1,0.999016946227,False
workload_3972.cpp,xcu200-fsgd2104-2-e,5,858.665845,117,1,1,1,1,block_2_1,block_8_1,block_2_1,unroll_2,unroll_2,pipeline_1,unroll_2,unroll_8,1,1,0.999017114544,False
workload_4014.cpp,xcu200-fsgd2104-2-e,5,858.665765,116.5,1,1,1,1,block_2_1,block_8_1,block_2_1,unroll_2,unroll_2,pipeline_1,unroll_8,unroll_2,2,1,0.999017131376,False
workload_4040.cpp,xcu200-fsgd2104-2-e,5,858.664965,151.5,1,1,1,2,block_2_1,block_8_1,block_2_1,unroll_2,unroll_2,pipeline_1,unroll_8,unroll_8,2,1.25,0.943970783703,False
workload_3941.cpp,xcu200-fsgd2104-2-e,5,7180.432165,121,1,1,1,1,block_2_1,block_8_1,block_2_1,unroll_2,unroll_2,unroll_2,unroll_8,unroll_2,1,1,0.160895964395,False
workload_4142.cpp,xcu200-fsgd2104-2-e,5,7180.431845,133,1,1,1,1,block_2_1,block_8_1,block_2_1,unroll_2,unroll_2,unroll_2,unroll_8,unroll_4,1,1,0.160895981917,False
workload_4035.cpp,xcu200-fsgd2104-2-e,5,7180.431365,155,1,1,1,2,block_2_1,block_8_1,block_2_1,unroll_2,unroll_2,unroll_2,unroll_8,unroll_8,1,1.25,0.160580150318,False
workload_3974.cpp,xcu200-fsgd2104-2-e,5,7746.664085,111,1,1,1,1,block_2_1,block_8_1,block_2_1,unroll_2,unroll_2,unroll_4,unroll_2,unroll_2,1,1,0.133836931304,False
workload_4015.cpp,xcu200-fsgd2104-2-e,5,7746.663285,142,1,1,1,2,block_2_1,block_8_1,block_2_1,unroll_2,unroll_2,unroll_4,unroll_2,unroll_8,1,1.25,0.133620908473,False
workload_4048.cpp,xcu200-fsgd2104-2-e,5,857.320085,333,1,1,10,9,block_2_1,block_8_1,block_2_1,unroll_32,unroll_2,pipeline_1,unroll_2,unroll_2,1,5.25,0.292442918959,False
workload_3980.cpp,xcu200-fsgd2104-2-e,5,857.319285,363,1,1,10,9,block_2_1,block_8_1,block_2_1,unroll_32,unroll_2,pipeline_1,unroll_2,unroll_8,1,5.25,0.292442919015,False
workload_3992.cpp,xcu200-fsgd2104-2-e,5,857.318405,401,1,1,10,10,block_2_1,block_8_1,block_2_1,unroll_32,unroll_2,pipeline_1,unroll_8,unroll_8,2,5.5,0.26702193524,False
workload_4200.cpp,xcu200-fsgd2104-2-e,5,7498.860405,545,1,1,3,6,block_2_1,block_8_1,block_2_1,unroll_32,unroll_2,unroll_2,unroll_2,unroll_8,1,2.75,0.133166318169,False
workload_3850.cpp,xcu200-fsgd2104-2-e,5,6054.446085,1149,1,1,6,11,block_2_1,block_8_1,block_2_1,unroll_32,unroll_2,unroll_4,unroll_8,unroll_8,1,4.75,0.147073763505,False
workload_4042.cpp,xcu200-fsgd2104-2-e,5,857.642645,105,1,1,1,1,block_2_1,block_8_1,block_2_1,unroll_4,unroll_2,pipeline_1,unroll_2,unroll_2,1,1,0.999232404687,False
workload_3978.cpp,xcu200-fsgd2104-2-e,5,857.641845,133,1,1,1,2,block_2_1,block_8_1,block_2_1,unroll_4,unroll_2,pipeline_1,unroll_2,unroll_8,1,1.25,0.943973990464,False
workload_4004.cpp,xcu200-fsgd2104-2-e,5,857.641765,133,1,1,1,2,block_2_1,block_8_1,block_2_1,unroll_4,unroll_2,pipeline_1,unroll_8,unroll_2,1,1.25,0.943973990684,False
workload_3987.cpp,xcu200-fsgd2104-2-e,5,857.640965,166.5,1,1,1,2,block_2_1,block_8_1,block_2_1,unroll_4,unroll_2,pipeline_1,unroll_8,unroll_8,2,1.25,0.943973992882,False
workload_3962.cpp,xcu200-fsgd2104-2-e,5,7358.649125,138,1,1,1,2,block_2_1,block_8_1,block_2_1,unroll_4,unroll_2,unroll_2,unroll_8,unroll_2,1,1.25,0.151245550375,False
workload_4121.cpp,xcu200-fsgd2104-2-e,5,857.64256,683,1,1,3,8,block_2_1,block_8_1,block_2_1,unroll_4,unroll_32,pipeline_1,unroll_2,unroll_2,1,3.25,0.560610607496,False
workload_4069.cpp,xcu200-fsgd2104-2-e,5,857.641805,193,1,1,1,3,block_2_1,block_8_1,block_2_1,unroll_4,unroll_4,pipeline_1,unroll_2,unroll_8,1,1.5,0.889755580205,False
workload_4132.cpp,xcu200-fsgd2104-2-e,5,854.242085,436,1,1,4,5,block_2_1,block_8_1,block_2_1,unroll_64,unroll_2,pipeline_1,unroll_8,unroll_2,1,2.75,0.645653012187,False
workload_4026.cpp,xcu200-fsgd2104-2-e,5,854.241285,470,1,1,5,6,block_2_1,block_8_1,block_2_1,unroll_64,unroll_2,pipeline_1,unroll_8,unroll_8,1,3.25,0.560611017184,False
workload_3966.cpp,xcu200-fsgd2104-2-e,5,857.458325,136,1,1,2,3,block_2_1,block_8_1,block_2_1,unroll_8,unroll_2,pipeline_1,unroll_2,unroll_2,1,1.75,0.837335598066,False
workload_3899.cpp,xcu200-fsgd2104-2-e,5,857.457525,161,1,1,2,3,block_2_1,block_8_1,block_2_1,unroll_8,unroll_2,pipeline_1,unroll_2,unroll_8,2,1.75,0.837335598717,False
workload_3979.cpp,xcu200-fsgd2104-2-e,5,857.458005,146,1,1,2,3,block_2_1,block_8_1,block_2_1,unroll_8,unroll_2,pipeline_1,unroll_4,unroll_2,1,1.75,0.837335598327,False
workload_3940.cpp,xcu200-fsgd2104-2-e,5,857.457445,166,1,1,2,3,block_2_1,block_8_1,block_2_1,unroll_8,unroll_2,pipeline_1,unroll_8,unroll_2,1,1.75,0.837335598782,False
workload_3959.cpp,xcu200-fsgd2104-2-e,5,857.456645,200.5,1,1,2,3,block_2_1,block_8_1,block_2_1,unroll_8,unroll_2,pipeline_1,unroll_8,unroll_8,2,1.75,0.837335599433,False
workload_3928.cpp,xcu200-fsgd2104-2-e,5,7473.972885,155,1,1,1,2,block_2_1,block_8_1,block_2_1,unroll_8,unroll_2,unroll_2,unroll_2,unroll_2,1,1.25,0.145620938469,False
workload_3730.cpp,xcu200-fsgd2104-2-e,5,7473.972005,183,1,1,1,2,block_2_1,block_8_1,block_2_1,unroll_8,unroll_2,unroll_2,unroll_8,unroll_2,1,1.25,0.145620980142,False
workload_3953.cpp,xcu200-fsgd2104-2-e,5,7473.971205,214,1,1,1,2,block_2_1,block_8_1,block_2_1,unroll_8,unroll_2,unroll_2,unroll_8,unroll_8,1,1.25,0.145621018026,False
workload_3911.cpp,xcu200-fsgd2104-2-e,5,6040.045205,232,1,1,1,3,block_2_1,block_8_1,block_2_1,unroll_8,unroll_2,unroll_4,unroll_2,unroll_2,1,1.5,0.237030325168,False
workload_3830.cpp,xcu200-fsgd2104-2-e,5,6040.044405,264,1,1,1,4,block_2_1,block_8_1,block_2_1,unroll_8,unroll_2,unroll_4,unroll_2,unroll_8,1,1.75,0.234175563441,False
workload_3927.cpp,xcu200-fsgd2104-2-e,5,857.45824,754,1,1,4,9,block_2_1,block_8_1,block_2_1,unroll_8,unroll_32,pipeline_1,unroll_2,unroll_2,1,3.75,0.48276874657,False
workload_4012.cpp,xcu200-fsgd2104-2-e,5,857.456645,399,1,1,3,4,block_2_1,block_8_1,block_2_1,unroll_8,unroll_4,pipeline_1,unroll_8,unroll_8,1,2.25,0.737894225416,False
workload_3848.cpp,xcu200-fsgd2104-2-e,5,857.365365,233,2,1,5,5,block_2_1,block_8_1,block_4_1,unroll_16,unroll_2,pipeline_1,unroll_2,unroll_8,1,3.25,0.560610667679,False
workload_4084.cpp,xcu200-fsgd2104-2-e,5,857.365285,233,2,1,5,5,block_2_1,block_8_1,block_4_1,unroll_16,unroll_2,pipeline_1,unroll_8,unroll_2,1,3.25,0.560610667696,False
workload_3960.cpp,xcu200-fsgd2104-2-e,5,857.364485,274,2,1,5,6,block_2_1,block_8_1,block_4_1,unroll_16,unroll_2,pipeline_1,unroll_8,unroll_8,1,3.5,0.52078971907,False
workload_3804.cpp,xcu200-fsgd2104-2-e,5,7471.341205,251,2,1,1,3,block_2_1,block_8_1,block_4_1,unroll_16,unroll_2,unroll_2,unroll_2,unroll_2,1,1.75,0.14368069249,False
workload_3679.cpp,xcu200-fsgd2104-2-e,5,7471.340405,286,2,1,1,3,block_2_1,block_8_1,block_4_1,unroll_16,unroll_2,unroll_2,unroll_2,unroll_8,1,1.75,0.143680729316,False
workload_4195.cpp,xcu200-fsgd2104-2-e,5,858.664965,155,2,1,1,2,block_2_1,block_8_1,block_4_1,unroll_2,unroll_2,pipeline_1,unroll_8,unroll_8,1,1.5,0.889754028988,False
workload_4024.cpp,xcu200-fsgd2104-2-e,5,858.664965,365,2,1,1,3,block_2_1,block_8_1,block_4_1,unroll_2,unroll_4,pipeline_1,unroll_8,unroll_8,1,1.75,0.837334445623,False
workload_3742.cpp,xcu200-fsgd2104-2-e,5,857.642645,104,2,1,1,1,block_2_1,block_8_1,block_4_1,unroll_4,unroll_2,pipeline_1,unroll_2,unroll_2,1,1.25,0.943973988264,False
workload_3783.cpp,xcu200-fsgd2104-2-e,5,857.641765,134,2,1,1,2,block_2_1,block_8_1,block_4_1,unroll_4,unroll_2,pipeline_1,unroll_8,unroll_2,1,1.5,0.889755580258,False
workload_3923.cpp,xcu200-fsgd2104-2-e,5,857.640965,169,2,1,1,2,block_2_1,block_8_1,block_4_1,unroll_4,unroll_2,pipeline_1,unroll_8,unroll_8,1,1.5,0.889755581322,False
workload_4150.cpp,xcu200-fsgd2104-2-e,5,857.457445,165,2,1,2,3,block_2_1,block_8_1,block_4_1,unroll_8,unroll_2,pipeline_1,unroll_8,unroll_2,1,2,0.786714989672,False
workload_4188.cpp,xcu200-fsgd2104-2-e,5,857.456645,209,2,1,2,3,block_2_1,block_8_1,block_4_1,unroll_8,unroll_2,pipeline_1,unroll_8,unroll_8,1,2,0.786714990142,False
workload_3776.cpp,xcu200-fsgd2104-2-e,5,941.252245,206,1,1,5,5,block_2_1,block_8_1,block_8_1,unroll_16,unroll_2,pipeline_1,unroll_2,unroll_2,1,3,0.60195541855,False
workload_3836.cpp,xcu200-fsgd2104-2-e,5,941.251365,252,1,1,5,5,block_2_1,block_8_1,block_8_1,unroll_16,unroll_2,pipeline_1,unroll_8,unroll_2,1,3,0.601955424126,False
workload_3983.cpp,xcu200-fsgd2104-2-e,5,941.250565,297,1,1,5,6,block_2_1,block_8_1,block_8_1,unroll_16,unroll_2,pipeline_1,unroll_8,unroll_8,1,3.25,0.56037554845,False
workload_3925.cpp,xcu200-fsgd2104-2-e,5,7576.197925,298,1,1,1,4,block_2_1,block_8_1,block_8_1,unroll_16,unroll_2,unroll_2,unroll_8,unroll_2,1,1.75,0.138986744437,False
workload_3915.cpp,xcu200-fsgd2104-2-e,5,5809.347365,502,1,1,3,6,block_2_1,block_8_1,block_8_1,unroll_16,unroll_2,unroll_4,unroll_8,unroll_2,1,2.75,0.22970838256,False
workload_4046.cpp,xcu200-fsgd2104-2-e,5,942.552725,92,1,1,1,1,block_2_1,block_8_1,block_8_1,unroll_2,unroll_2,pipeline_1,unroll_2,unroll_2,1,1,0.98145426837,False
workload_4237.cpp,xcu200-fsgd2104-2-e,5,942.552405,104,1,1,1,1,block_2_1,block_8_1,block_8_1,unroll_2,unroll_2,pipeline_1,unroll_4,unroll_2,1,1,0.981454335036,False
workload_3965.cpp,xcu200-fsgd2104-2-e,5,942.551845,129,1,1,1,2,block_2_1,block_8_1,block_8_1,unroll_2,unroll_2,pipeline_1,unroll_8,unroll_2,2,1.25,0.941100564849,False
workload_4092.cpp,xcu200-fsgd2104-2-e,5,942.551045,167,1,1,1,2,block_2_1,block_8_1,block_8_1,unroll_2,unroll_2,pipeline_1,unroll_8,unroll_8,1,1.25,0.941100615521,False
workload_3955.cpp,xcu200-fsgd2104-2-e,5,7264.319125,99,1,1,1,1,block_2_1,block_8_1,block_8_1,unroll_2,unroll_2,unroll_2,unroll_2,unroll_2,1,1,0.156389102492,False
workload_4120.cpp,xcu200-fsgd2104-2-e,5,942.55264,932,1,1,3,8,block_2_1,block_8_1,block_8_1,unroll_2,unroll_32,pipeline_1,unroll_2,unroll_2,1,3.25,0.560368471605,False
workload_4165.cpp,xcu200-fsgd2104-2-e,5,942.551845,218,1,1,1,2,block_2_1,block_8_1,block_8_1,unroll_2,unroll_4,pipeline_1,unroll_8,unroll_2,1,1.25,0.941100564849,False
workload_4062.cpp,xcu200-fsgd2104-2-e,5,941.205365,392,1,1,10,10,block_2_1,block_8_1,block_8_1,unroll_32,unroll_2,pipeline_1,unroll_2,unroll_8,1,5.5,0.26695119616,False
workload_4207.cpp,xcu200-fsgd2104-2-e,5,941.205845,368,1,1,10,10,block_2_1,block_8_1,block_8_1,unroll_32,unroll_2,pipeline_1,unroll_4,unroll_2,1,5.5,0.266951195381,False
workload_4101.cpp,xcu200-fsgd2104-2-e,5,941.204485,452,1,1,10,10,block_2_1,block_8_1,block_8_1,unroll_32,unroll_2,pipeline_1,unroll_8,unroll_8,1,5.5,0.26695119759,False
workload_4146.cpp,xcu200-fsgd2104-2-e,5,941.528725,108,1,1,1,2,block_2_1,block_8_1,block_8_1,unroll_4,unroll_2,pipeline_1,unroll_2,unroll_2,1,1.25,0.941165031502,False
workload_4063.cpp,xcu200-fsgd2104-2-e,5,941.527845,146,1,1,1,2,block_2_1,block_8_1,block_8_1,unroll_4,unroll_2,pipeline_1,unroll_8,unroll_2,1,1.25,0.94116508666,False
workload_4049.cpp,xcu200-fsgd2104-2-e,5,941.527045,192,1,1,1,2,block_2_1,block_8_1,block_8_1,unroll_4,unroll_2,pipeline_1,unroll_8,unroll_8,2,1.25,0.941165136803,False
workload_3918.cpp,xcu200-fsgd2104-2-e,5,941.343525,182,1,1,2,3,block_2_1,block_8_1,block_8_1,unroll_8,unroll_2,pipeline_1,unroll_8,unroll_2,1,1.75,0.836443785881,False
workload_4127.cpp,xcu200-fsgd2104-2-e,5,941.342725,224,1,1,2,4,block_2_1,block_8_1,block_8_1,unroll_8,unroll_2,pipeline_1,unroll_8,unroll_8,1,2,0.786068651516,False
workload_3890.cpp,xcu200-fsgd2104-2-e,5,7557.858085,200,1,1,1,2,block_2_1,block_8_1,block_8_1,unroll_8,unroll_2,unroll_2,unroll_8,unroll_2,1,1.25,0.141734918367,False
workload_3605.cpp,xcu200-fsgd2104-2-e,5,941.251445,270,2,1,5,6,block_2_1,block_8_1,cyclic_16_1,unroll_16,unroll_2,pipeline_1,unroll_2,unroll_8,1,3.5,0.520587447381,False
workload_4176.cpp,xcu200-fsgd2104-2-e,5,941.250565,351,2,1,5,6,block_2_1,block_8_1,cyclic_16_1,unroll_16,unroll_2,pipeline_1,unroll_8,unroll_8,1,3.5,0.520587451466,False
workload_3661.cpp,xcu200-fsgd2104-2-e,5,7555.225605,386,2,1,2,4,block_2_1,block_8_1,cyclic_16_1,unroll_16,unroll_2,unroll_2,unroll_8,unroll_8,1,2.25,0.136178998455,False
workload_3750.cpp,xcu200-fsgd2104-2-e,5,5793.618725,512,2,1,3,7,block_2_1,block_8_1,cyclic_16_1,unroll_16,unroll_2,unroll_4,unroll_8,unroll_2,1,3.25,0.214066467885,False
workload_3569.cpp,xcu200-fsgd2104-2-e,5,5793.617925,575,2,1,3,7,block_2_1,block_8_1,cyclic_16_1,unroll_16,unroll_2,unroll_4,unroll_8,unroll_8,1,3.25,0.214066521667,False
workload_4086.cpp,xcu200-fsgd2104-2-e,5,941.251365,390,2,1,5,6,block_2_1,block_8_1,cyclic_16_1,unroll_16,unroll_4,pipeline_1,unroll_8,unroll_2,1,3.5,0.520587447752,False
workload_3828.cpp,xcu200-fsgd2104-2-e,5,7557.858085,214,2,1,1,3,block_2_1,block_8_1,cyclic_16_1,unroll_8,unroll_2,unroll_2,unroll_8,unroll_2,1,1.75,0.139788562495,False
workload_3975.cpp,xcu200-fsgd2104-2-e,5,7557.857285,276,2,1,1,3,block_2_1,block_8_1,cyclic_16_1,unroll_8,unroll_2,unroll_2,unroll_8,unroll_8,1,1.75,0.139788597649,False
workload_3787.cpp,xcu200-fsgd2104-2-e,5,6116.065285,355,2,1,2,4,block_2_1,block_8_1,cyclic_16_1,unroll_8,unroll_2,unroll_4,unroll_8,unroll_8,1,2.25,0.219646759755,False
workload_4134.cpp,xcu200-fsgd2104-2-e,5,857.642645,102,1,1,1,1,block_2_1,block_8_1,cyclic_2_1,unroll_4,unroll_2,pipeline_1,unroll_2,unroll_2,1,1,0.999232404687,False
workload_4074.cpp,xcu200-fsgd2104-2-e,5,941.342725,356,2,1,2,4,block_2_1,block_8_1,cyclic_32_1,unroll_8,unroll_2,pipeline_1,unroll_8,unroll_8,1,2.25,0.737395561665,False
workload_3898.cpp,xcu200-fsgd2104-2-e,5,857.365365,230,2,1,5,5,block_2_1,block_8_1,cyclic_4_1,unroll_16,unroll_2,pipeline_1,unroll_2,unroll_8,1,3.25,0.560610667679,False
workload_3967.cpp,xcu200-fsgd2104-2-e,5,857.319285,368,2,1,10,9,block_2_1,block_8_1,cyclic_4_1,unroll_32,unroll_2,pipeline_1,unroll_2,unroll_8,1,5.5,0.267021935186,False
workload_4131.cpp,xcu200-fsgd2104-2-e,5,4282.345765,534,2,1,1,3,block_2_1,block_8_1,cyclic_4_1,unroll_64,unroll_2,unroll_2,unroll_8,unroll_2,1,1.75,0.411150408398,False
workload_3843.cpp,xcu200-fsgd2104-2-e,5,941.252245,208,1,1,5,5,block_2_1,block_8_1,cyclic_8_1,unroll_16,unroll_2,pipeline_1,unroll_2,unroll_2,1,3,0.60195541855,False
workload_3700.cpp,xcu200-fsgd2104-2-e,5,941.251445,243.5,1,1,5,5,block_2_1,block_8_1,cyclic_8_1,unroll_16,unroll_2,pipeline_1,unroll_2,unroll_8,2,3,0.601955423619,False
workload_4100.cpp,xcu200-fsgd2104-2-e,5,941.251365,242,1,1,5,5,block_2_1,block_8_1,cyclic_8_1,unroll_16,unroll_2,pipeline_1,unroll_8,unroll_2,1,3,0.601955424126,False
workload_4056.cpp,xcu200-fsgd2104-2-e,5,941.250565,290,1,1,5,6,block_2_1,block_8_1,cyclic_8_1,unroll_16,unroll_2,pipeline_1,unroll_8,unroll_8,1,3.25,0.56037554845,False
workload_4161.cpp,xcu200-fsgd2104-2-e,5,7555.226405,303,1,1,1,4,block_2_1,block_8_1,cyclic_8_1,unroll_16,unroll_2,unroll_2,unroll_8,unroll_2,1,1.75,0.139904286572,False
workload_4135.cpp,xcu200-fsgd2104-2-e,5,7555.225605,344,1,1,2,4,block_2_1,block_8_1,cyclic_8_1,unroll_16,unroll_2,unroll_2,unroll_8,unroll_8,1,2,0.138246202837,False
workload_3906.cpp,xcu200-fsgd2104-2-e,5,5793.619605,444,1,1,3,6,block_2_1,block_8_1,cyclic_8_1,unroll_16,unroll_2,unroll_4,unroll_2,unroll_2,1,2.75,0.230884973608,False
workload_3924.cpp,xcu200-fsgd2104-2-e,5,5793.618805,485,1,1,3,6,block_2_1,block_8_1,cyclic_8_1,unroll_16,unroll_2,unroll_4,unroll_2,unroll_8,1,2.75,0.230885033579,False
workload_3964.cpp,xcu200-fsgd2104-2-e,5,941.251405,332,1,1,5,6,block_2_1,block_8_1,cyclic_8_1,unroll_16,unroll_4,pipeline_1,unroll_2,unroll_8,1,3.25,0.560375543918,False
workload_4072.cpp,xcu200-fsgd2104-2-e,5,941.251365,325,1,1,5,6,block_2_1,block_8_1,cyclic_8_1,unroll_16,unroll_4,pipeline_1,unroll_8,unroll_2,1,3.25,0.560375544134,False
workload_4052.cpp,xcu200-fsgd2104-2-e,5,941.250565,544,1,1,5,7,block_2_1,block_8_1,cyclic_8_1,unroll_16,unroll_4,pipeline_1,unroll_8,unroll_8,1,3.5,0.520587451466,False
workload_4044.cpp,xcu200-fsgd2104-2-e,5,942.552725,91,1,1,1,1,block_2_1,block_8_1,cyclic_8_1,unroll_2,unroll_2,pipeline_1,unroll_2,unroll_2,1,1,0.98145426837,False
workload_4065.cpp,xcu200-fsgd2104-2-e,5,942.551925,124,1,1,1,2,block_2_1,block_8_1,cyclic_8_1,unroll_2,unroll_2,pipeline_1,unroll_2,unroll_8,1,1.25,0.941100559782,False
workload_4166.cpp,xcu200-fsgd2104-2-e,5,942.551845,124,1,1,1,2,block_2_1,block_8_1,cyclic_8_1,unroll_2,unroll_2,pipeline_1,unroll_8,unroll_2,1,1.25,0.941100564849,False
workload_3934.cpp,xcu200-fsgd2104-2-e,5,942.551045,164,1,1,1,2,block_2_1,block_8_1,cyclic_8_1,unroll_2,unroll_2,pipeline_1,unroll_8,unroll_8,1,1.25,0.941100615521,False
workload_3945.cpp,xcu200-fsgd2104-2-e,5,7264.319125,94,1,1,1,1,block_2_1,block_8_1,cyclic_8_1,unroll_2,unroll_2,unroll_2,unroll_2,unroll_2,1,1,0.156389102492,False
workload_3896.cpp,xcu200-fsgd2104-2-e,5,7264.318245,126,1,1,1,1,block_2_1,block_8_1,cyclic_8_1,unroll_2,unroll_2,unroll_2,unroll_8,unroll_2,1,1,0.156389148862,False
workload_3922.cpp,xcu200-fsgd2104-2-e,5,7264.317445,170,1,1,1,2,block_2_1,block_8_1,cyclic_8_1,unroll_2,unroll_2,unroll_2,unroll_8,unroll_8,1,1.25,0.156089229735,False
workload_4157.cpp,xcu200-fsgd2104-2-e,5,942.551045,413,1,1,1,3,block_2_1,block_8_1,cyclic_8_1,unroll_2,unroll_4,pipeline_1,unroll_8,unroll_8,1,1.5,0.888338304586,False
workload_4027.cpp,xcu200-fsgd2104-2-e,5,941.206165,343,1,1,10,9,block_2_1,block_8_1,cyclic_8_1,unroll_32,unroll_2,pipeline_1,unroll_2,unroll_2,1,5.25,0.292362519905,False
workload_3875.cpp,xcu200-fsgd2104-2-e,5,941.205365,384.5,1,1,10,10,block_2_1,block_8_1,cyclic_8_1,unroll_32,unroll_2,pipeline_1,unroll_2,unroll_8,2,5.5,0.26695119616,False
workload_4102.cpp,xcu200-fsgd2104-2-e,5,941.205285,385,1,1,10,10,block_2_1,block_8_1,cyclic_8_1,unroll_32,unroll_2,pipeline_1,unroll_8,unroll_2,2,5.5,0.26695119629,False
workload_3996.cpp,xcu200-fsgd2104-2-e,5,7582.747285,538,1,1,3,6,block_2_1,block_8_1,cyclic_8_1,unroll_32,unroll_2,unroll_2,unroll_2,unroll_2,1,2.75,0.129984701302,False
workload_4034.cpp,xcu200-fsgd2104-2-e,5,941.205325,487,1,1,10,10,block_2_1,block_8_1,cyclic_8_1,unroll_32,unroll_4,pipeline_1,unroll_2,unroll_8,1,5.5,0.266951196225,False
workload_4141.cpp,xcu200-fsgd2104-2-e,5,941.205285,487,1,1,10,10,block_2_1,block_8_1,cyclic_8_1,unroll_32,unroll_4,pipeline_1,unroll_8,unroll_2,1,5.5,0.26695119629,False
workload_4089.cpp,xcu200-fsgd2104-2-e,5,941.204485,712,1,1,10,11,block_2_1,block_8_1,cyclic_8_1,unroll_32,unroll_4,pipeline_1,unroll_8,unroll_8,1,5.75,0.243338854252,False
workload_4124.cpp,xcu200-fsgd2104-2-e,5,941.528725,110,1,1,1,2,block_2_1,block_8_1,cyclic_8_1,unroll_4,unroll_2,pipeline_1,unroll_2,unroll_2,1,1.25,0.941165031502,False
workload_3725.cpp,xcu200-fsgd2104-2-e,5,941.527925,141,1,1,1,2,block_2_1,block_8_1,cyclic_8_1,unroll_4,unroll_2,pipeline_1,unroll_2,unroll_8,2,1.25,0.941165081645,False
workload_4022.cpp,xcu200-fsgd2104-2-e,5,941.527845,144,1,1,1,2,block_2_1,block_8_1,cyclic_8_1,unroll_4,unroll_2,pipeline_1,unroll_8,unroll_2,1,1.25,0.94116508666,False
workload_3994.cpp,xcu200-fsgd2104-2-e,5,941.527045,185,1,1,1,2,block_2_1,block_8_1,cyclic_8_1,unroll_4,unroll_2,pipeline_1,unroll_8,unroll_8,1,1.25,0.941165136803,False
workload_4041.cpp,xcu200-fsgd2104-2-e,5,7442.536085,116,1,1,1,1,block_2_1,block_8_1,cyclic_8_1,unroll_4,unroll_2,unroll_2,unroll_2,unroll_2,1,1,0.147389324638,False
workload_4096.cpp,xcu200-fsgd2104-2-e,5,7442.535205,153,1,1,1,2,block_2_1,block_8_1,cyclic_8_1,unroll_4,unroll_2,unroll_2,unroll_8,unroll_2,1,1.25,0.147121836732,False
workload_4078.cpp,xcu200-fsgd2104-2-e,5,941.528685,130,1,1,1,2,block_2_1,block_8_1,cyclic_8_1,unroll_4,unroll_4,pipeline_1,unroll_2,unroll_2,1,1.25,0.941165034009,False
workload_4083.cpp,xcu200-fsgd2104-2-e,5,941.528365,155,1,1,1,3,block_2_1,block_8_1,cyclic_8_1,unroll_4,unroll_4,pipeline_1,unroll_2,unroll_4,1,1.5,0.888370682306,False
workload_4076.cpp,xcu200-fsgd2104-2-e,5,941.527045,425.5,1,1,1,3,block_2_1,block_8_1,cyclic_8_1,unroll_4,unroll_4,pipeline_1,unroll_8,unroll_8,2,1.5,0.888370723861,False
workload_4239.cpp,xcu200-fsgd2104-2-e,5,938.129045,450,1,1,4,5,block_2_1,block_8_1,cyclic_8_1,unroll_64,unroll_2,pipeline_1,unroll_2,unroll_2,1,2.75,0.645346713362,False
workload_3948.cpp,xcu200-fsgd2104-2-e,5,941.343525,177,1,1,2,3,block_2_1,block_8_1,cyclic_8_1,unroll_8,unroll_2,pipeline_1,unroll_8,unroll_2,1,1.75,0.836443785881,False
workload_3949.cpp,xcu200-fsgd2104-2-e,5,7557.858085,198,1,1,1,2,block_2_1,block_8_1,cyclic_8_1,unroll_8,unroll_2,unroll_2,unroll_8,unroll_2,1,1.25,0.141734918367,False
workload_3973.cpp,xcu200-fsgd2104-2-e,5,6116.066965,241,1,1,1,3,block_2_1,block_8_1,cyclic_8_1,unroll_8,unroll_2,unroll_4,unroll_2,unroll_2,1,1.5,0.230889374155,False
workload_4028.cpp,xcu200-fsgd2104-2-e,5,941.344365,166,1,1,2,3,block_2_1,block_8_1,cyclic_8_1,unroll_8,unroll_4,pipeline_1,unroll_2,unroll_2,1,1.75,0.836443768756,False
workload_3571.cpp,xcu200-fsgd2104-2-e,5,857.365285,610,4,1,5,11,block_2_1,cyclic_128_1,block_2_1,unroll_16,unroll_2,pipeline_1,unroll_8,unroll_2,1,5.25,0.292442915755,False
workload_3779.cpp,xcu200-fsgd2104-2-e,5,857.365045,257,3,1,5,6,block_2_1,cyclic_16_1,block_2_1,unroll_16,unroll_2,pipeline_1,unroll_4,unroll_8,1,3.75,0.482768761265,False
workload_3809.cpp,xcu200-fsgd2104-2-e,5,7521.147765,568,3,1,3,6,block_2_1,cyclic_16_1,block_2_1,unroll_16,unroll_2,unroll_4,unroll_2,unroll_8,1,3.25,0.125996229625,False
workload_3939.cpp,xcu200-fsgd2104-2-e,5,857.641845,140,3,1,1,2,block_2_1,cyclic_16_1,block_2_1,unroll_4,unroll_2,pipeline_1,unroll_2,unroll_8,1,1.75,0.83733544484,False
workload_3819.cpp,xcu200-fsgd2104-2-e,5,857.641765,143,3,1,1,2,block_2_1,cyclic_16_1,block_2_1,unroll_4,unroll_2,pipeline_1,unroll_8,unroll_2,1,1.75,0.837335444909,False
workload_4104.cpp,xcu200-fsgd2104-2-e,5,857.640965,182,3,1,1,2,block_2_1,cyclic_16_1,block_2_1,unroll_4,unroll_2,pipeline_1,unroll_8,unroll_8,1,1.75,0.837335445594,False
workload_3946.cpp,xcu200-fsgd2104-2-e,5,857.641845,147,3,1,1,2,block_2_1,cyclic_16_1,block_4_1,unroll_4,unroll_2,pipeline_1,unroll_2,unroll_8,1,1.75,0.83733544484,False
workload_3881.cpp,xcu200-fsgd2104-2-e,5,857.641765,145,3,1,1,2,block_2_1,cyclic_16_1,block_4_1,unroll_4,unroll_2,pipeline_1,unroll_8,unroll_2,1,1.75,0.837335444909,False
workload_4173.cpp,xcu200-fsgd2104-2-e,5,857.640965,195,3,1,1,3,block_2_1,cyclic_16_1,block_4_1,unroll_4,unroll_2,pipeline_1,unroll_8,unroll_8,1,2,0.786714878794,False
workload_4107.cpp,xcu200-fsgd2104-2-e,5,7264.318245,157,3,1,1,2,block_2_1,cyclic_16_1,cyclic_16_1,unroll_2,unroll_2,unroll_2,unroll_8,unroll_2,1,1.75,0.153727607573,False
workload_3638.cpp,xcu200-fsgd2104-2-e,5,941.250565,319,2,1,5,6,block_2_1,cyclic_16_1,cyclic_8_1,unroll_16,unroll_2,pipeline_1,unroll_8,unroll_8,1,3.5,0.520587451466,False
workload_3640.cpp,xcu200-fsgd2104-2-e,5,4623.176525,576,3,1,3,7,block_2_1,cyclic_2_1,cyclic_16_1,unroll_4,unroll_4,unroll_16,unroll_2,unroll_8,1,3.5,0.288371553757,False
workload_3599.cpp,xcu200-fsgd2104-2-e,5,4623.177325,871,3,1,3,10,block_2_1,cyclic_2_1,cyclic_64_1,unroll_4,unroll_4,unroll_16,unroll_2,unroll_2,1,4.25,0.242024354105,False
workload_3793.cpp,xcu200-fsgd2104-2-e,5,857.365365,219,3,1,5,5,block_2_1,cyclic_4_1,block_2_1,unroll_16,unroll_2,pipeline_1,unroll_2,unroll_8,1,3.5,0.520789718912,False
workload_4058.cpp,xcu200-fsgd2104-2-e,5,857.640965,160,3,1,1,2,block_2_1,cyclic_4_1,block_2_1,unroll_4,unroll_2,pipeline_1,unroll_8,unroll_8,1,1.75,0.837335445594,False
workload_3770.cpp,xcu200-fsgd2104-2-e,5,7452.989445,311,3,1,2,4,block_2_1,cyclic_4_1,block_4_1,unroll_16,unroll_2,unroll_2,unroll_8,unroll_8,1,2.5,0.137919446778,False
workload_4197.cpp,xcu200-fsgd2104-2-e,5,941.527845,139,2,1,1,2,block_2_1,cyclic_4_1,cyclic_8_1,unroll_4,unroll_2,pipeline_1,unroll_8,unroll_2,1,1.5,0.888370698676,False
workload_3950.cpp,xcu200-fsgd2104-2-e,5,857.365285,231,1,1,5,5,block_2_1,cyclic_8_1,block_2_1,unroll_16,unroll_2,pipeline_1,unroll_8,unroll_2,1,3,0.602231604187,False
workload_3889.cpp,xcu200-fsgd2104-2-e,5,857.364485,266.5,1,1,5,6,block_2_1,cyclic_8_1,block_2_1,unroll_16,unroll_2,pipeline_1,unroll_8,unroll_8,2,3.25,0.560610667863,False
workload_4191.cpp,xcu200-fsgd2104-2-e,5,858.666645,90,1,1,1,1,block_2_1,cyclic_8_1,block_2_1,unroll_2,unroll_2,pipeline_1,unroll_2,unroll_2,1,1,0.999016946227,False
workload_4123.cpp,xcu200-fsgd2104-2-e,5,858.665765,113,1,1,1,1,block_2_1,cyclic_8_1,block_2_1,unroll_2,unroll_2,pipeline_1,unroll_8,unroll_2,1,1,0.999017131376,False
workload_4095.cpp,xcu200-fsgd2104-2-e,5,858.664965,153,1,1,1,2,block_2_1,cyclic_8_1,block_2_1,unroll_2,unroll_2,pipeline_1,unroll_8,unroll_8,1,1.25,0.943970783703,False
workload_4212.cpp,xcu200-fsgd2104-2-e,5,857.641845,129,1,1,1,2,block_2_1,cyclic_8_1,block_2_1,unroll_4,unroll_2,pipeline_1,unroll_2,unroll_8,1,1.25,0.943973990464,False
workload_4087.cpp,xcu200-fsgd2104-2-e,5,857.641765,133,1,1,1,2,block_2_1,cyclic_8_1,block_2_1,unroll_4,unroll_2,pipeline_1,unroll_8,unroll_2,1,1.25,0.943973990684,False
workload_3833.cpp,xcu200-fsgd2104-2-e,5,857.640965,168,1,1,1,2,block_2_1,cyclic_8_1,block_2_1,unroll_4,unroll_2,pipeline_1,unroll_8,unroll_8,1,1.25,0.943973992882,False
workload_4002.cpp,xcu200-fsgd2104-2-e,5,857.641805,192,1,1,1,3,block_2_1,cyclic_8_1,block_2_1,unroll_4,unroll_4,pipeline_1,unroll_2,unroll_8,1,1.5,0.889755580205,False
workload_3913.cpp,xcu200-fsgd2104-2-e,5,857.640965,350,1,1,1,3,block_2_1,cyclic_8_1,block_2_1,unroll_4,unroll_4,pipeline_1,unroll_8,unroll_8,1,1.5,0.889755581322,False
workload_4031.cpp,xcu200-fsgd2104-2-e,5,854.242165,475,1,1,5,6,block_2_1,cyclic_8_1,block_2_1,unroll_64,unroll_2,pipeline_1,unroll_2,unroll_8,1,3.25,0.560611017171,False
workload_4017.cpp,xcu200-fsgd2104-2-e,5,857.457445,163,1,1,2,3,block_2_1,cyclic_8_1,block_2_1,unroll_8,unroll_2,pipeline_1,unroll_8,unroll_2,1,1.75,0.837335598782,False
workload_4112.cpp,xcu200-fsgd2104-2-e,5,857.456645,198,1,1,2,3,block_2_1,cyclic_8_1,block_2_1,unroll_8,unroll_2,pipeline_1,unroll_8,unroll_8,1,1.75,0.837335599433,False
workload_4032.cpp,xcu200-fsgd2104-2-e,5,857.456645,379,1,1,3,4,block_2_1,cyclic_8_1,block_2_1,unroll_8,unroll_4,pipeline_1,unroll_8,unroll_8,1,2.25,0.737894225416,False
workload_4205.cpp,xcu200-fsgd2104-2-e,5,941.527845,147,1,1,1,2,block_2_1,cyclic_8_1,block_8_1,unroll_4,unroll_2,pipeline_1,unroll_8,unroll_2,1,1.25,0.94116508666,False
workload_4116.cpp,xcu200-fsgd2104-2-e,5,941.342725,230,1,1,2,4,block_2_1,cyclic_8_1,block_8_1,unroll_8,unroll_2,pipeline_1,unroll_8,unroll_8,1,2,0.786068651516,False
workload_4144.cpp,xcu200-fsgd2104-2-e,5,941.250565,336,2,1,5,6,block_2_1,cyclic_8_1,cyclic_16_1,unroll_16,unroll_2,pipeline_1,unroll_8,unroll_8,1,3.5,0.520587451466,False
workload_4182.cpp,xcu200-fsgd2104-2-e,5,941.250565,299,1,1,5,6,block_2_1,cyclic_8_1,cyclic_8_1,unroll_16,unroll_2,pipeline_1,unroll_8,unroll_8,1,3.25,0.56037554845,False
workload_4247.cpp,xcu200-fsgd2104-2-e,5,942.552725,91,1,1,1,1,block_2_1,cyclic_8_1,cyclic_8_1,unroll_2,unroll_2,pipeline_1,unroll_2,unroll_2,1,1,0.98145426837,False
workload_4126.cpp,xcu200-fsgd2104-2-e,5,942.551845,126,1,1,1,2,block_2_1,cyclic_8_1,cyclic_8_1,unroll_2,unroll_2,pipeline_1,unroll_8,unroll_2,1,1.25,0.941100564849,False
workload_4209.cpp,xcu200-fsgd2104-2-e,5,942.551045,165,1,1,1,2,block_2_1,cyclic_8_1,cyclic_8_1,unroll_2,unroll_2,pipeline_1,unroll_8,unroll_8,1,1.25,0.941100615521,False
workload_4037.cpp,xcu200-fsgd2104-2-e,5,7222.374405,169,1,1,1,2,block_2_1,cyclic_8_1,cyclic_8_1,unroll_2,unroll_2,unroll_2,unroll_8,unroll_8,1,1.25,0.158313086861,False
workload_4067.cpp,xcu200-fsgd2104-2-e,5,7563.084805,626,1,1,3,7,block_2_1,cyclic_8_1,cyclic_8_1,unroll_32,unroll_2,unroll_2,unroll_8,unroll_8,1,3,0.12774955246,False
workload_4054.cpp,xcu200-fsgd2104-2-e,5,941.527845,141,1,1,1,2,block_2_1,cyclic_8_1,cyclic_8_1,unroll_4,unroll_2,pipeline_1,unroll_8,unroll_2,1,1.25,0.94116508666,False
workload_4085.cpp,xcu200-fsgd2104-2-e,5,941.527045,186,1,1,1,2,block_2_1,cyclic_8_1,cyclic_8_1,unroll_4,unroll_2,pipeline_1,unroll_8,unroll_8,1,1.25,0.941165136803,False
workload_4103.cpp,xcu200-fsgd2104-2-e,5,941.527045,420,1,1,1,3,block_2_1,cyclic_8_1,cyclic_8_1,unroll_4,unroll_4,pipeline_1,unroll_8,unroll_8,1,1.5,0.888370723861,False
workload_3620.cpp,xcu200-fsgd2104-2-e,5,857.436965,632,5,1,6,11,block_4_1,block_128_1,block_2_1,unroll_16,unroll_2,pipeline_1,unroll_8,unroll_2,1,5.75,0.243400943366,False
workload_3580.cpp,xcu200-fsgd2104-2-e,5,857.355045,411,3,3,11,12,block_4_1,block_16_1,block_2_1,unroll_32,unroll_2,pipeline_1,unroll_8,unroll_2,1,7.25,0.13947501612,False
workload_3595.cpp,xcu200-fsgd2104-2-e,5,857.437845,202,3,1,6,6,block_4_1,block_2_1,block_2_1,unroll_16,unroll_2,pipeline_1,unroll_2,unroll_2,1,4,0.446547786882,False
workload_3680.cpp,xcu200-fsgd2104-2-e,5,857.436965,286,3,1,6,7,block_4_1,block_32_1,block_2_1,unroll_16,unroll_2,pipeline_1,unroll_8,unroll_2,1,4.25,0.412126818674,False
workload_3642.cpp,xcu200-fsgd2104-2-e,5,857.355045,460,3,3,11,12,block_4_1,block_32_1,block_2_1,unroll_32,unroll_2,pipeline_1,unroll_8,unroll_2,1,7.25,0.13947501612,False
workload_3604.cpp,xcu200-fsgd2104-2-e,5,857.355045,473,4,3,11,12,block_4_1,block_32_1,block_4_1,unroll_32,unroll_2,pipeline_1,unroll_8,unroll_2,1,7.5,0.128454024996,False
workload_3689.cpp,xcu200-fsgd2104-2-e,5,941.322245,432,4,1,6,8,block_4_1,block_32_1,cyclic_16_1,unroll_16,unroll_2,pipeline_1,unroll_8,unroll_8,1,4.75,0.348581025813,False
workload_3648.cpp,xcu200-fsgd2104-2-e,5,5927.312165,672,4,9,5,8,block_4_1,block_32_1,cyclic_16_1,unroll_16,unroll_2,unroll_4,unroll_8,unroll_2,1,6.5,0.106602212144,False
workload_3686.cpp,xcu200-fsgd2104-2-e,5,857.437845,209,3,1,5,6,block_4_1,block_4_1,block_2_1,unroll_16,unroll_2,pipeline_1,unroll_2,unroll_2,1,3.75,0.48276874982,False
workload_3492.cpp,xcu200-fsgd2104-2-e,5,857.436965,237,3,1,6,6,block_4_1,block_4_1,block_2_1,unroll_16,unroll_2,pipeline_1,unroll_8,unroll_2,1,4,0.446547787004,False
workload_3664.cpp,xcu200-fsgd2104-2-e,5,857.355925,347,3,3,11,11,block_4_1,block_4_1,block_2_1,unroll_32,unroll_2,pipeline_1,unroll_2,unroll_2,1,7,0.152296006657,False
workload_3641.cpp,xcu200-fsgd2104-2-e,5,941.322245,749,4,1,6,8,block_4_1,block_4_1,cyclic_16_1,unroll_16,unroll_4,pipeline_1,unroll_8,unroll_8,1,4.75,0.348581025813,False
workload_3579.cpp,xcu200-fsgd2104-2-e,5,857.436965,358,3,1,6,8,block_4_1,block_64_1,block_2_1,unroll_16,unroll_2,pipeline_1,unroll_8,unroll_2,1,4.5,0.379505846122,False
workload_4222.cpp,xcu200-fsgd2104-2-e,5,942.551045,235,3,1,1,2,block_4_1,block_8_1,block_16_1,unroll_2,unroll_2,pipeline_1,unroll_8,unroll_8,1,1.75,0.836419000145,False
workload_3412.cpp,xcu200-fsgd2104-2-e,5,857.436965,241,2,1,6,6,block_4_1,block_8_1,block_2_1,unroll_16,unroll_2,pipeline_1,unroll_8,unroll_2,1,3.75,0.48276874996,False
workload_4025.cpp,xcu200-fsgd2104-2-e,5,858.665765,122,2,1,1,2,block_4_1,block_8_1,block_2_1,unroll_2,unroll_2,pipeline_1,unroll_8,unroll_2,1,1.5,0.889754027626,False
workload_4160.cpp,xcu200-fsgd2104-2-e,5,858.664965,166,2,1,1,2,block_4_1,block_8_1,block_2_1,unroll_2,unroll_2,pipeline_1,unroll_8,unroll_8,1,1.5,0.889754028988,False
workload_3708.cpp,xcu200-fsgd2104-2-e,5,857.929045,119,2,1,1,2,block_4_1,block_8_1,block_2_1,unroll_4,unroll_2,pipeline_1,unroll_4,unroll_2,1,1.5,0.889755183256,False
workload_3775.cpp,xcu200-fsgd2104-2-e,5,7809.536805,150,2,1,1,2,block_4_1,block_8_1,block_2_1,unroll_4,unroll_2,unroll_2,unroll_8,unroll_2,1,1.5,0.130500366235,False
workload_4114.cpp,xcu200-fsgd2104-2-e,5,857.601685,145,2,1,3,3,block_4_1,block_8_1,block_2_1,unroll_8,unroll_2,pipeline_1,unroll_2,unroll_2,1,2.25,0.737894158232,False
workload_4019.cpp,xcu200-fsgd2104-2-e,5,857.600805,173,2,1,3,4,block_4_1,block_8_1,block_2_1,unroll_8,unroll_2,pipeline_1,unroll_8,unroll_2,1,2.5,0.690873329421,False
workload_3703.cpp,xcu200-fsgd2104-2-e,5,941.323045,284,3,1,6,7,block_4_1,block_8_1,cyclic_16_1,unroll_16,unroll_2,pipeline_1,unroll_8,unroll_2,1,4.25,0.411992584938,False
workload_4011.cpp,xcu200-fsgd2104-2-e,5,941.322245,311,1,1,6,7,block_4_1,block_8_1,cyclic_8_1,unroll_16,unroll_2,pipeline_1,unroll_8,unroll_8,1,3.75,0.482593088161,False
workload_4088.cpp,xcu200-fsgd2104-2-e,5,941.241205,423,1,3,11,12,block_4_1,block_8_1,cyclic_8_1,unroll_32,unroll_2,pipeline_1,unroll_2,unroll_8,1,6.75,0.166881926946,False
workload_4158.cpp,xcu200-fsgd2104-2-e,5,941.241125,425,1,3,11,12,block_4_1,block_8_1,cyclic_8_1,unroll_32,unroll_2,pipeline_1,unroll_8,unroll_2,1,6.75,0.16688192701,False
workload_4003.cpp,xcu200-fsgd2104-2-e,5,941.486085,235,1,1,3,4,block_4_1,block_8_1,cyclic_8_1,unroll_8,unroll_2,pipeline_1,unroll_8,unroll_8,1,2.25,0.737393922897,False
workload_4070.cpp,xcu200-fsgd2104-2-e,5,941.486085,528,1,1,3,5,block_4_1,block_8_1,cyclic_8_1,unroll_8,unroll_4,pipeline_1,unroll_8,unroll_8,1,2.5,0.690471985617,False
workload_3747.cpp,xcu200-fsgd2104-2-e,5,857.600805,187,3,1,3,4,block_4_1,cyclic_16_1,block_2_1,unroll_8,unroll_2,pipeline_1,unroll_8,unroll_2,1,2.75,0.645652452006,False
workload_3655.cpp,xcu200-fsgd2104-2-e,5,857.436965,267,4,1,6,7,block_4_1,cyclic_16_1,block_4_1,unroll_16,unroll_2,pipeline_1,unroll_8,unroll_2,1,4.5,0.379505846122,False
workload_4236.cpp,xcu200-fsgd2104-2-e,5,941.813765,257,3,1,2,4,block_4_1,cyclic_32_1,cyclic_8_1,unroll_4,unroll_2,pipeline_1,unroll_8,unroll_8,1,2.5,0.690468971261,False
workload_3392.cpp,xcu200-fsgd2104-2-e,5,857.436965,234,3,1,6,6,block_4_1,cyclic_4_1,block_2_1,unroll_16,unroll_2,pipeline_1,unroll_8,unroll_2,1,4,0.446547787004,False
workload_3626.cpp,xcu200-fsgd2104-2-e,5,857.600805,166,3,1,3,4,block_4_1,cyclic_4_1,block_2_1,unroll_8,unroll_2,pipeline_1,unroll_8,unroll_2,1,2.75,0.645652452006,False
workload_3723.cpp,xcu200-fsgd2104-2-e,5,941.487765,174,4,1,3,4,block_4_1,cyclic_4_1,cyclic_32_1,unroll_8,unroll_2,pipeline_1,unroll_2,unroll_2,1,3,0.601953924185,False
workload_3988.cpp,xcu200-fsgd2104-2-e,5,857.927685,180,2,1,2,3,block_4_1,cyclic_8_1,block_2_1,unroll_4,unroll_2,pipeline_1,unroll_8,unroll_8,1,2,0.786714694105,False
workload_3825.cpp,xcu200-fsgd2104-2-e,5,857.929365,109,3,1,1,2,block_4_1,cyclic_8_1,block_4_1,unroll_4,unroll_2,pipeline_1,unroll_2,unroll_2,1,1.75,0.837335188876,False
workload_4181.cpp,xcu200-fsgd2104-2-e,5,857.927685,192,3,1,2,3,block_4_1,cyclic_8_1,block_4_1,unroll_4,unroll_2,pipeline_1,unroll_8,unroll_8,1,2.25,0.737893997159,False
workload_4249.cpp,xcu200-fsgd2104-2-e,5,945.173285,341,3,1,1,4,block_64_1,block_8_1,block_2_1,unroll_2,unroll_2,pipeline_1,unroll_8,unroll_2,1,2.25,0.737350855318,False
workload_4199.cpp,xcu200-fsgd2104-2-e,5,946.012165,884,3,1,3,10,block_64_1,cyclic_8_1,block_2_1,unroll_8,unroll_2,pipeline_1,unroll_8,unroll_8,1,4.25,0.411977763618,False
workload_4016.cpp,xcu200-fsgd2104-2-e,5,1028.322165,159,3,1,1,3,block_8_1,block_8_1,cyclic_8_1,unroll_4,unroll_2,pipeline_1,unroll_2,unroll_8,1,2,0.784151626887,False
workload_4253.cpp,xcu200-fsgd2104-2-e,5,940.503845,713,3,1,1,6,cyclic_128_1,block_8_1,block_2_1,unroll_2,unroll_2,pipeline_1,unroll_8,unroll_2,1,2.75,0.64532918939,False
workload_3817.cpp,xcu200-fsgd2104-2-e,5,940.648085,247,2,1,1,4,cyclic_16_1,block_16_1,block_2_1,unroll_16,unroll_2,pipeline_1,unroll_2,unroll_2,1,2,0.786078888202,False
workload_3859.cpp,xcu200-fsgd2104-2-e,5,940.647765,267,2,1,1,4,cyclic_16_1,block_16_1,block_2_1,unroll_16,unroll_2,pipeline_1,unroll_4,unroll_2,1,2,0.786078892899,False
workload_4006.cpp,xcu200-fsgd2104-2-e,5,940.657445,854,2,1,3,10,cyclic_16_1,block_16_1,block_2_1,unroll_64,unroll_2,pipeline_1,unroll_8,unroll_2,1,4,0.446396892745,False
workload_3826.cpp,xcu200-fsgd2104-2-e,5,1024.471845,255,3,1,1,3,cyclic_16_1,block_16_1,cyclic_32_1,unroll_4,unroll_2,pipeline_1,unroll_8,unroll_2,1,2,0.784262871432,False
workload_3718.cpp,xcu200-fsgd2104-2-e,5,1024.471045,423,3,1,1,3,cyclic_16_1,block_16_1,cyclic_32_1,unroll_4,unroll_2,pipeline_1,unroll_8,unroll_8,1,2,0.784262894295,False
workload_3713.cpp,xcu200-fsgd2104-2-e,5,1024.543525,1002,3,1,1,10,cyclic_16_1,block_16_1,cyclic_64_1,unroll_32,unroll_2,pipeline_1,unroll_8,unroll_2,1,3.75,0.482098601423,False
workload_3902.cpp,xcu200-fsgd2104-2-e,5,940.648085,234,1,1,1,3,cyclic_16_1,block_2_1,block_2_1,unroll_16,unroll_2,pipeline_1,unroll_2,unroll_2,1,1.5,0.88839825869,False
workload_3854.cpp,xcu200-fsgd2104-2-e,5,4257.455765,267,1,1,1,3,cyclic_16_1,block_2_1,block_2_1,unroll_16,unroll_2,unroll_2,unroll_2,unroll_2,1,1.5,0.420735865681,False
workload_3739.cpp,xcu200-fsgd2104-2-e,5,4236.484245,505,1,1,1,5,cyclic_16_1,block_2_1,block_2_1,unroll_16,unroll_2,unroll_4,unroll_2,unroll_2,1,2,0.407670678307,False
workload_3860.cpp,xcu200-fsgd2104-2-e,5,940.585765,156,1,1,1,2,cyclic_16_1,block_2_1,block_2_1,unroll_4,unroll_2,pipeline_1,unroll_8,unroll_2,1,1.25,0.941223848693,False
workload_3763.cpp,xcu200-fsgd2104-2-e,5,940.627605,157,1,1,1,2,cyclic_16_1,block_2_1,block_2_1,unroll_8,unroll_2,pipeline_1,unroll_2,unroll_2,1,1.25,0.94122125112,False
workload_3771.cpp,xcu200-fsgd2104-2-e,5,940.627285,167,1,1,1,2,cyclic_16_1,block_2_1,block_2_1,unroll_8,unroll_2,pipeline_1,unroll_4,unroll_2,1,1.25,0.941221270991,False
workload_3855.cpp,xcu200-fsgd2104-2-e,5,4246.979445,304,1,1,1,3,cyclic_16_1,block_2_1,block_2_1,unroll_8,unroll_2,unroll_4,unroll_2,unroll_8,1,1.5,0.422037368912,False
workload_3654.cpp,xcu200-fsgd2104-2-e,5,940.62752,1222,1,1,2,9,cyclic_16_1,block_2_1,block_2_1,unroll_8,unroll_32,pipeline_1,unroll_2,unroll_2,1,3.25,0.560378897719,False
workload_3933.cpp,xcu200-fsgd2104-2-e,5,4351.837525,189,1,1,1,2,cyclic_16_1,block_2_1,block_8_1,unroll_8,unroll_2,unroll_2,unroll_4,unroll_2,1,1.25,0.41297667477,False
workload_3630.cpp,xcu200-fsgd2104-2-e,5,1024.534165,291,2,1,1,4,cyclic_16_1,block_2_1,cyclic_32_1,unroll_16,unroll_2,pipeline_1,unroll_2,unroll_2,1,2,0.78426109009,False
workload_3584.cpp,xcu200-fsgd2104-2-e,5,1024.513685,195,2,1,1,3,cyclic_16_1,block_2_1,cyclic_32_1,unroll_8,unroll_2,pipeline_1,unroll_2,unroll_2,1,1.75,0.833962880122,False
workload_3749.cpp,xcu200-fsgd2104-2-e,5,1024.534165,367,2,1,1,5,cyclic_16_1,block_2_1,cyclic_64_1,unroll_16,unroll_2,pipeline_1,unroll_2,unroll_2,1,2.25,0.735997712468,False
workload_3697.cpp,xcu200-fsgd2104-2-e,5,1024.472725,168,3,1,1,2,cyclic_16_1,block_32_1,cyclic_32_1,unroll_4,unroll_2,pipeline_1,unroll_2,unroll_2,1,1.75,0.833964481756,False
workload_3597.cpp,xcu200-fsgd2104-2-e,5,1024.472405,205,3,1,1,3,cyclic_16_1,block_32_1,cyclic_32_1,unroll_4,unroll_2,pipeline_1,unroll_4,unroll_2,1,2,0.784262855428,False
workload_3765.cpp,xcu200-fsgd2104-2-e,5,2322.863765,226,3,1,1,3,cyclic_16_1,block_32_1,cyclic_32_1,unroll_4,unroll_2,unroll_4,unroll_2,unroll_2,1,2,0.65696340686,False
workload_3803.cpp,xcu200-fsgd2104-2-e,5,940.648085,235,2,1,1,3,cyclic_16_1,block_4_1,block_2_1,unroll_16,unroll_2,pipeline_1,unroll_2,unroll_2,1,1.75,0.836457908115,False
workload_4136.cpp,xcu200-fsgd2104-2-e,5,940.647285,288,2,1,1,4,cyclic_16_1,block_4_1,block_2_1,unroll_16,unroll_2,pipeline_1,unroll_2,unroll_8,1,2,0.786078899945,False
workload_3701.cpp,xcu200-fsgd2104-2-e,5,2206.178965,454,2,1,1,5,cyclic_16_1,block_4_1,block_2_1,unroll_16,unroll_2,unroll_4,unroll_2,unroll_2,1,2.25,0.642483298885,False
workload_3788.cpp,xcu200-fsgd2104-2-e,5,2206.17888,1491,2,1,3,12,cyclic_16_1,block_4_1,block_2_1,unroll_16,unroll_32,unroll_4,unroll_2,unroll_2,1,4.5,0.352700592969,False
workload_3858.cpp,xcu200-fsgd2104-2-e,5,940.585845,159,2,1,1,2,cyclic_16_1,block_4_1,block_2_1,unroll_4,unroll_2,pipeline_1,unroll_2,unroll_8,1,1.5,0.888400198205,False
workload_3816.cpp,xcu200-fsgd2104-2-e,5,940.585525,173,2,1,1,2,cyclic_16_1,block_4_1,block_2_1,unroll_4,unroll_2,pipeline_1,unroll_4,unroll_8,1,1.5,0.888400208173,False
workload_3868.cpp,xcu200-fsgd2104-2-e,5,2249.462325,216,2,1,1,2,cyclic_16_1,block_4_1,block_2_1,unroll_4,unroll_2,unroll_4,unroll_4,unroll_8,1,1.5,0.712522393946,False
workload_3791.cpp,xcu200-fsgd2104-2-e,5,2241.578645,244,2,1,1,3,cyclic_16_1,block_4_1,block_2_1,unroll_8,unroll_2,unroll_4,unroll_2,unroll_2,1,1.75,0.693447071204,False
workload_3733.cpp,xcu200-fsgd2104-2-e,5,940.648085,236,3,1,1,3,cyclic_16_1,block_4_1,block_4_1,unroll_16,unroll_2,pipeline_1,unroll_2,unroll_2,1,2,0.786078888202,False
workload_3756.cpp,xcu200-fsgd2104-2-e,5,940.586645,118,3,1,1,1,cyclic_16_1,block_4_1,block_4_1,unroll_4,unroll_2,pipeline_1,unroll_2,unroll_2,1,1.5,0.888400173284,False
workload_3681.cpp,xcu200-fsgd2104-2-e,5,1024.534165,246,1,1,1,3,cyclic_16_1,block_4_1,block_8_1,unroll_16,unroll_2,pipeline_1,unroll_2,unroll_2,1,1.5,0.884589548212,False
workload_3799.cpp,xcu200-fsgd2104-2-e,5,1024.534125,285,1,1,1,4,cyclic_16_1,block_4_1,block_8_1,unroll_16,unroll_4,pipeline_1,unroll_2,unroll_2,1,1.75,0.833962080732,False
workload_3715.cpp,xcu200-fsgd2104-2-e,5,1024.534165,296,3,1,1,4,cyclic_16_1,block_4_1,cyclic_32_1,unroll_16,unroll_2,pipeline_1,unroll_2,unroll_2,1,2.25,0.735997712468,False
workload_3517.cpp,xcu200-fsgd2104-2-e,5,1024.472725,150,3,1,1,2,cyclic_16_1,block_4_1,cyclic_32_1,unroll_4,unroll_2,pipeline_1,unroll_2,unroll_2,1,1.75,0.833964481756,False
workload_4169.cpp,xcu200-fsgd2104-2-e,5,1024.389925,149,1,1,1,2,cyclic_16_1,block_4_1,cyclic_8_1,unroll_2,unroll_2,pipeline_1,unroll_8,unroll_2,1,1.25,0.933977019434,False
workload_3856.cpp,xcu200-fsgd2104-2-e,5,940.586645,161,2,1,1,2,cyclic_16_1,block_64_1,block_2_1,unroll_4,unroll_2,pipeline_1,unroll_2,unroll_2,1,1.5,0.888400173284,False
workload_3891.cpp,xcu200-fsgd2104-2-e,5,940.585765,244,2,1,1,3,cyclic_16_1,block_64_1,block_2_1,unroll_4,unroll_2,pipeline_1,unroll_8,unroll_2,1,1.75,0.836459168199,False
workload_3766.cpp,xcu200-fsgd2104-2-e,5,940.648085,240,1,1,1,3,cyclic_16_1,block_8_1,block_2_1,unroll_16,unroll_2,pipeline_1,unroll_2,unroll_2,1,1.5,0.88839825869,False
workload_3884.cpp,xcu200-fsgd2104-2-e,5,940.647205,290,1,1,1,4,cyclic_16_1,block_8_1,block_2_1,unroll_16,unroll_2,pipeline_1,unroll_8,unroll_2,1,1.75,0.836457925914,False
workload_3811.cpp,xcu200-fsgd2104-2-e,5,3457.916565,267,1,1,1,3,cyclic_16_1,block_8_1,block_2_1,unroll_16,unroll_2,unroll_2,unroll_2,unroll_2,1,1.5,0.527213869843,False
workload_3719.cpp,xcu200-fsgd2104-2-e,5,2215.354005,462,1,1,1,5,cyclic_16_1,block_8_1,block_2_1,unroll_16,unroll_2,unroll_4,unroll_2,unroll_2,1,2,0.671196212106,False
workload_3916.cpp,xcu200-fsgd2104-2-e,5,2215.353205,506,1,1,1,6,cyclic_16_1,block_8_1,block_2_1,unroll_16,unroll_2,unroll_4,unroll_2,unroll_8,1,2.25,0.641421709149,False
workload_3947.cpp,xcu200-fsgd2104-2-e,5,940.503845,147,1,1,1,2,cyclic_16_1,block_8_1,block_2_1,unroll_2,unroll_2,pipeline_1,unroll_8,unroll_2,1,1.25,0.941228931288,False
workload_4001.cpp,xcu200-fsgd2104-2-e,5,3534.009125,143,1,1,1,1,cyclic_16_1,block_8_1,block_2_1,unroll_2,unroll_2,unroll_2,unroll_8,unroll_2,1,1,0.524241579338,False
workload_4109.cpp,xcu200-fsgd2104-2-e,5,3534.008805,158,1,1,1,2,cyclic_16_1,block_8_1,block_2_1,unroll_2,unroll_2,unroll_2,unroll_8,unroll_4,1,1.25,0.522277433373,False
workload_3958.cpp,xcu200-fsgd2104-2-e,5,3534.008325,210,1,1,1,2,cyclic_16_1,block_8_1,block_2_1,unroll_2,unroll_2,unroll_2,unroll_8,unroll_8,1,1.25,0.522277502237,False
workload_4221.cpp,xcu200-fsgd2104-2-e,5,940.504685,129,1,1,1,1,cyclic_16_1,block_8_1,block_2_1,unroll_2,unroll_4,pipeline_1,unroll_2,unroll_2,1,1,0.981880989862,False
workload_4198.cpp,xcu200-fsgd2104-2-e,5,940.503845,263,1,1,1,2,cyclic_16_1,block_8_1,block_2_1,unroll_2,unroll_4,pipeline_1,unroll_8,unroll_2,1,1.25,0.941228931288,False
workload_4162.cpp,xcu200-fsgd2104-2-e,5,940.657445,492,1,1,1,7,cyclic_16_1,block_8_1,block_2_1,unroll_32,unroll_2,pipeline_1,unroll_8,unroll_2,1,2.5,0.690479558247,False
workload_4094.cpp,xcu200-fsgd2104-2-e,5,940.586645,120,1,1,1,1,cyclic_16_1,block_8_1,block_2_1,unroll_4,unroll_2,pipeline_1,unroll_2,unroll_2,1,1,0.981863911018,False
workload_3879.cpp,xcu200-fsgd2104-2-e,5,940.585765,164,1,1,1,2,cyclic_16_1,block_8_1,block_2_1,unroll_4,unroll_2,pipeline_1,unroll_8,unroll_2,1,1.25,0.941223848693,False
workload_3872.cpp,xcu200-fsgd2104-2-e,5,940.627605,161,1,1,1,2,cyclic_16_1,block_8_1,block_2_1,unroll_8,unroll_2,pipeline_1,unroll_2,unroll_2,1,1.25,0.94122125112,False
workload_3914.cpp,xcu200-fsgd2104-2-e,5,940.625925,264,1,1,1,3,cyclic_16_1,block_8_1,block_2_1,unroll_8,unroll_2,pipeline_1,unroll_8,unroll_8,1,1.5,0.888398949392,False
workload_3969.cpp,xcu200-fsgd2104-2-e,5,2236.334645,312,1,1,1,4,cyclic_16_1,block_8_1,block_2_1,unroll_8,unroll_2,unroll_4,unroll_4,unroll_8,1,1.75,0.694220823429,False
workload_3839.cpp,xcu200-fsgd2104-2-e,5,3455.294245,317,1,1,1,4,cyclic_16_1,block_8_1,block_4_1,unroll_16,unroll_2,unroll_2,unroll_8,unroll_2,1,1.75,0.517786996349,False
workload_4185.cpp,xcu200-fsgd2104-2-e,5,940.586645,121,1,1,1,1,cyclic_16_1,block_8_1,block_4_1,unroll_4,unroll_2,pipeline_1,unroll_2,unroll_2,1,1,0.981863911018,False
workload_3838.cpp,xcu200-fsgd2104-2-e,5,1024.534165,251,1,1,1,4,cyclic_16_1,block_8_1,block_8_1,unroll_16,unroll_2,pipeline_1,unroll_2,unroll_2,1,1.75,0.833962079167,False
workload_4174.cpp,xcu200-fsgd2104-2-e,5,1024.533285,339,1,1,1,4,cyclic_16_1,block_8_1,block_8_1,unroll_16,unroll_2,pipeline_1,unroll_8,unroll_2,1,1.75,0.833962113585,False
workload_4000.cpp,xcu200-fsgd2104-2-e,5,1024.532485,404,1,1,1,5,cyclic_16_1,block_8_1,block_8_1,unroll_16,unroll_2,pipeline_1,unroll_8,unroll_8,1,2,0.784261138119,False
workload_3876.cpp,xcu200-fsgd2104-2-e,5,3554.909845,278,1,1,1,3,cyclic_16_1,block_8_1,block_8_1,unroll_16,unroll_2,unroll_2,unroll_2,unroll_2,1,1.5,0.513541184206,False
workload_4129.cpp,xcu200-fsgd2104-2-e,5,3596.923365,178,1,1,1,2,cyclic_16_1,block_8_1,block_8_1,unroll_2,unroll_2,unroll_2,unroll_8,unroll_4,1,1.25,0.513298444585,False
workload_3862.cpp,xcu200-fsgd2104-2-e,5,1024.512805,219,1,1,1,3,cyclic_16_1,block_8_1,block_8_1,unroll_8,unroll_2,pipeline_1,unroll_8,unroll_2,1,1.5,0.884590810795,False
workload_3866.cpp,xcu200-fsgd2104-2-e,5,1024.533285,418,1,1,1,5,cyclic_16_1,block_8_1,cyclic_32_1,unroll_16,unroll_2,pipeline_1,unroll_8,unroll_2,1,2,0.784261115248,False
workload_3853.cpp,xcu200-fsgd2104-2-e,5,1024.512805,302,1,1,1,4,cyclic_16_1,block_8_1,cyclic_32_1,unroll_8,unroll_2,pipeline_1,unroll_8,unroll_2,1,1.75,0.833962914536,False
workload_3800.cpp,xcu200-fsgd2104-2-e,5,1024.512005,470,1,1,1,4,cyclic_16_1,block_8_1,cyclic_32_1,unroll_8,unroll_2,pipeline_1,unroll_8,unroll_8,1,1.75,0.833962945821,False
workload_4023.cpp,xcu200-fsgd2104-2-e,5,1024.534125,289,1,1,1,4,cyclic_16_1,block_8_1,cyclic_8_1,unroll_16,unroll_4,pipeline_1,unroll_2,unroll_2,1,1.75,0.833962080732,False
workload_4007.cpp,xcu200-fsgd2104-2-e,5,3617.896085,107,1,1,1,1,cyclic_16_1,block_8_1,cyclic_8_1,unroll_2,unroll_2,unroll_2,unroll_2,unroll_2,1,1,0.512203957799,False
workload_4143.cpp,xcu200-fsgd2104-2-e,5,1024.543525,509,1,1,1,7,cyclic_16_1,block_8_1,cyclic_8_1,unroll_32,unroll_2,pipeline_1,unroll_8,unroll_2,1,2.5,0.689350169379,False
workload_4030.cpp,xcu200-fsgd2104-2-e,5,1024.471845,180,1,1,1,2,cyclic_16_1,block_8_1,cyclic_8_1,unroll_4,unroll_2,pipeline_1,unroll_8,unroll_2,1,1.25,0.933968167545,False
workload_3995.cpp,xcu200-fsgd2104-2-e,5,1024.471045,253,1,1,1,2,cyclic_16_1,block_8_1,cyclic_8_1,unroll_4,unroll_2,pipeline_1,unroll_8,unroll_8,1,1.25,0.933968254004,False
workload_3780.cpp,xcu200-fsgd2104-2-e,5,1024.513685,163,1,1,1,2,cyclic_16_1,block_8_1,cyclic_8_1,unroll_8,unroll_2,pipeline_1,unroll_2,unroll_2,1,1.25,0.933963645356,False
workload_3897.cpp,xcu200-fsgd2104-2-e,5,2320.221845,259,1,1,1,3,cyclic_16_1,block_8_1,cyclic_8_1,unroll_8,unroll_2,unroll_4,unroll_2,unroll_2,1,1.5,0.701081794505,False
workload_3904.cpp,xcu200-fsgd2104-2-e,5,4336.098965,290,2,1,1,3,cyclic_16_1,cyclic_16_1,block_2_1,unroll_16,unroll_2,unroll_2,unroll_2,unroll_2,1,1.75,0.404706844875,False
workload_3806.cpp,xcu200-fsgd2104-2-e,5,940.584965,235,2,1,1,3,cyclic_16_1,cyclic_16_1,block_2_1,unroll_4,unroll_2,pipeline_1,unroll_8,unroll_8,1,1.75,0.836459184368,False
workload_3738.cpp,xcu200-fsgd2104-2-e,5,940.626725,216,2,1,1,3,cyclic_16_1,cyclic_16_1,block_2_1,unroll_8,unroll_2,pipeline_1,unroll_8,unroll_2,1,1.75,0.836458340106,False
workload_3784.cpp,xcu200-fsgd2104-2-e,5,940.625925,282,2,1,1,3,cyclic_16_1,cyclic_16_1,block_2_1,unroll_8,unroll_2,pipeline_1,unroll_8,unroll_8,1,1.75,0.836458356283,False
workload_3696.cpp,xcu200-fsgd2104-2-e,5,1024.513685,184,3,1,1,3,cyclic_16_1,cyclic_16_1,cyclic_16_1,unroll_8,unroll_2,pipeline_1,unroll_2,unroll_2,1,2,0.784261675556,False
workload_4009.cpp,xcu200-fsgd2104-2-e,5,4288.942085,526,2,1,1,3,cyclic_16_1,cyclic_4_1,block_2_1,unroll_4,unroll_4,unroll_2,unroll_8,unroll_8,1,1.75,0.410356342508,False
workload_3764.cpp,xcu200-fsgd2104-2-e,5,940.627285,169,2,1,1,2,cyclic_16_1,cyclic_4_1,block_2_1,unroll_8,unroll_2,pipeline_1,unroll_4,unroll_2,1,1.5,0.888398907007,False
workload_3824.cpp,xcu200-fsgd2104-2-e,5,940.626725,197,2,1,1,3,cyclic_16_1,cyclic_4_1,block_2_1,unroll_8,unroll_2,pipeline_1,unroll_8,unroll_2,1,1.75,0.836458340106,False
workload_3921.cpp,xcu200-fsgd2104-2-e,5,940.646405,359,1,1,1,4,cyclic_16_1,cyclic_8_1,block_2_1,unroll_16,unroll_2,pipeline_1,unroll_8,unroll_8,1,1.75,0.836457942095,False
workload_3885.cpp,xcu200-fsgd2104-2-e,5,940.627285,175,1,1,1,2,cyclic_16_1,cyclic_8_1,block_2_1,unroll_8,unroll_2,pipeline_1,unroll_4,unroll_2,1,1.25,0.941221270991,False
workload_3982.cpp,xcu200-fsgd2104-2-e,5,1024.512805,227,1,1,1,3,cyclic_16_1,cyclic_8_1,block_8_1,unroll_8,unroll_2,pipeline_1,unroll_8,unroll_2,1,1.5,0.884590810795,False
workload_4228.cpp,xcu200-fsgd2104-2-e,5,853.996325,120,3,1,1,1,cyclic_2_1,block_16_1,block_2_1,unroll_2,unroll_2,pipeline_1,unroll_8,unroll_2,1,1.5,0.889758004234,False
workload_3863.cpp,xcu200-fsgd2104-2-e,5,4139.521685,107,2,1,1,1,cyclic_2_1,block_2_1,block_2_1,unroll_4,unroll_2,unroll_4,unroll_2,unroll_2,1,1.25,0.439801381608,False
workload_3893.cpp,xcu200-fsgd2104-2-e,5,854.120085,121,2,1,1,1,cyclic_2_1,block_2_1,block_2_1,unroll_8,unroll_2,pipeline_1,unroll_2,unroll_2,1,1.25,0.943978996268,False
workload_4211.cpp,xcu200-fsgd2104-2-e,5,937.882405,149,2,1,1,2,cyclic_2_1,block_32_1,cyclic_8_1,unroll_2,unroll_2,pipeline_1,unroll_8,unroll_2,1,1.5,0.888483132418,False
workload_4219.cpp,xcu200-fsgd2104-2-e,5,853.996405,109,3,1,1,1,cyclic_2_1,block_4_1,block_2_1,unroll_2,unroll_2,pipeline_1,unroll_2,unroll_8,1,1.5,0.889758004234,False
workload_4175.cpp,xcu200-fsgd2104-2-e,5,3447.502485,105,2,1,1,1,cyclic_2_1,block_8_1,block_16_1,unroll_2,unroll_2,unroll_2,unroll_2,unroll_2,1,1.25,0.534777346706,False
workload_4093.cpp,xcu200-fsgd2104-2-e,5,853.997205,85,1,1,1,1,cyclic_2_1,block_8_1,block_2_1,unroll_2,unroll_2,pipeline_1,unroll_2,unroll_2,1,1,0.999999646341,False
workload_4125.cpp,xcu200-fsgd2104-2-e,5,853.996405,114,1,1,1,1,cyclic_2_1,block_8_1,block_2_1,unroll_2,unroll_2,pipeline_1,unroll_2,unroll_8,1,1,0.99999981475,False
workload_4139.cpp,xcu200-fsgd2104-2-e,5,853.996325,112,1,1,1,1,cyclic_2_1,block_8_1,block_2_1,unroll_2,unroll_2,pipeline_1,unroll_8,unroll_2,2,1,0.999999831591,False
workload_4240.cpp,xcu200-fsgd2104-2-e,5,3363.616405,80,1,1,1,1,cyclic_2_1,block_8_1,block_2_1,unroll_2,unroll_2,unroll_2,unroll_2,unroll_2,1,1,0.54922596245,False
workload_4053.cpp,xcu200-fsgd2104-2-e,5,854.079125,98,1,1,1,1,cyclic_2_1,block_8_1,block_2_1,unroll_4,unroll_2,pipeline_1,unroll_2,unroll_2,1,1,0.999982401362,False
workload_4254.cpp,xcu200-fsgd2104-2-e,5,854.077445,154,1,1,1,2,cyclic_2_1,block_8_1,block_2_1,unroll_4,unroll_2,pipeline_1,unroll_8,unroll_8,1,1.25,0.943978999587,False
workload_4210.cpp,xcu200-fsgd2104-2-e,5,854.118405,183,1,1,1,2,cyclic_2_1,block_8_1,block_2_1,unroll_8,unroll_2,pipeline_1,unroll_8,unroll_8,1,1.25,0.943978996425,False
workload_4193.cpp,xcu200-fsgd2104-2-e,5,854.079125,101,2,1,1,1,cyclic_2_1,block_8_1,block_4_1,unroll_4,unroll_2,pipeline_1,unroll_2,unroll_2,1,1.25,0.943978999482,False
workload_4202.cpp,xcu200-fsgd2104-2-e,5,938.025845,227,1,1,1,3,cyclic_2_1,block_8_1,block_8_1,unroll_16,unroll_2,pipeline_1,unroll_2,unroll_8,1,1.5,0.888478796459,False
workload_4130.cpp,xcu200-fsgd2104-2-e,5,937.883285,91.5,1,1,1,1,cyclic_2_1,block_8_1,block_8_1,unroll_2,unroll_2,pipeline_1,unroll_2,unroll_2,2,1,0.982427325045,False
workload_4172.cpp,xcu200-fsgd2104-2-e,5,937.882485,132,1,1,1,1,cyclic_2_1,block_8_1,block_8_1,unroll_2,unroll_2,pipeline_1,unroll_2,unroll_8,1,1,0.982427491802,False
workload_4252.cpp,xcu200-fsgd2104-2-e,5,937.882405,120,1,1,1,1,cyclic_2_1,block_8_1,block_8_1,unroll_2,unroll_2,pipeline_1,unroll_8,unroll_2,1,1,0.982427508477,False
workload_4080.cpp,xcu200-fsgd2104-2-e,5,937.965205,104,1,1,1,1,cyclic_2_1,block_8_1,block_8_1,unroll_4,unroll_2,pipeline_1,unroll_2,unroll_2,1,1,0.982410249249,False
workload_4204.cpp,xcu200-fsgd2104-2-e,5,938.006165,131,1,1,1,1,cyclic_2_1,block_8_1,block_8_1,unroll_8,unroll_2,pipeline_1,unroll_2,unroll_2,2,1,0.982401711413,False
workload_4227.cpp,xcu200-fsgd2104-2-e,5,938.005365,164,1,1,1,2,cyclic_2_1,block_8_1,block_8_1,unroll_8,unroll_2,pipeline_1,unroll_2,unroll_8,1,1.25,0.941381850894,False
workload_4159.cpp,xcu200-fsgd2104-2-e,5,938.005285,171,1,1,1,2,cyclic_2_1,block_8_1,block_8_1,unroll_8,unroll_2,pipeline_1,unroll_8,unroll_2,1,1.25,0.941381855726,False
workload_4137.cpp,xcu200-fsgd2104-2-e,5,3457.925925,153,1,1,1,1,cyclic_2_1,block_8_1,block_8_1,unroll_8,unroll_2,unroll_2,unroll_8,unroll_2,1,1,0.535309197749,False
workload_4223.cpp,xcu200-fsgd2104-2-e,5,854.118405,204,3,1,1,2,cyclic_2_1,cyclic_16_1,block_2_1,unroll_8,unroll_2,pipeline_1,unroll_8,unroll_8,1,1.75,0.837337004578,False
workload_4238.cpp,xcu200-fsgd2104-2-e,5,853.996405,110,1,1,1,1,cyclic_2_1,cyclic_8_1,block_2_1,unroll_2,unroll_2,pipeline_1,unroll_2,unroll_8,1,1,0.99999981475,False
workload_4246.cpp,xcu200-fsgd2104-2-e,5,853.995525,143,1,1,1,1,cyclic_2_1,cyclic_8_1,block_2_1,unroll_2,unroll_2,pipeline_1,unroll_8,unroll_8,1,1,1,True
workload_4248.cpp,xcu200-fsgd2104-2-e,5,854.079125,97,1,1,1,1,cyclic_2_1,cyclic_8_1,block_2_1,unroll_4,unroll_2,pipeline_1,unroll_2,unroll_2,1,1,0.999982401362,False
workload_4154.cpp,xcu200-fsgd2104-2-e,5,854.118405,188,1,1,1,2,cyclic_2_1,cyclic_8_1,block_2_1,unroll_8,unroll_2,pipeline_1,unroll_8,unroll_8,1,1.25,0.943978996425,False
workload_3743.cpp,xcu200-fsgd2104-2-e,5,1024.534165,389,5,1,1,6,cyclic_32_1,block_2_1,cyclic_32_1,unroll_16,unroll_2,pipeline_1,unroll_2,unroll_2,1,3.25,0.559712655475,False
workload_3618.cpp,xcu200-fsgd2104-2-e,5,2299.239765,980,5,1,1,11,cyclic_32_1,block_32_1,cyclic_16_1,unroll_16,unroll_2,unroll_4,unroll_4,unroll_2,1,4.5,0.349115799578,False
workload_4241.cpp,xcu200-fsgd2104-2-e,5,940.503845,188,3,1,1,2,cyclic_32_1,block_8_1,block_2_1,unroll_2,unroll_2,pipeline_1,unroll_8,unroll_2,1,1.75,0.836460823224,False
workload_3936.cpp,xcu200-fsgd2104-2-e,5,2270.434085,302,3,1,1,3,cyclic_32_1,block_8_1,block_2_1,unroll_4,unroll_2,unroll_4,unroll_8,unroll_2,1,2,0.663931746922,False
workload_3865.cpp,xcu200-fsgd2104-2-e,5,3502.491285,235,3,1,1,3,cyclic_32_1,block_8_1,block_2_1,unroll_8,unroll_2,unroll_2,unroll_2,unroll_2,1,2,0.498510725816,False
workload_3846.cpp,xcu200-fsgd2104-2-e,5,1024.513365,236,3,1,1,4,cyclic_32_1,block_8_1,cyclic_8_1,unroll_8,unroll_2,pipeline_1,unroll_4,unroll_2,1,2.25,0.735998173091,False
workload_3643.cpp,xcu200-fsgd2104-2-e,5,854.140245,207,3,1,1,3,cyclic_4_1,block_16_1,block_2_1,unroll_16,unroll_2,pipeline_1,unroll_4,unroll_2,1,2,0.786716006688,False
workload_3709.cpp,xcu200-fsgd2104-2-e,5,854.14016,1647,3,1,4,12,cyclic_4_1,block_16_1,block_2_1,unroll_16,unroll_32,pipeline_1,unroll_4,unroll_2,1,5,0.31966403362,False
workload_3935.cpp,xcu200-fsgd2104-2-e,5,2084.311845,153,4,1,1,1,cyclic_4_1,block_16_1,block_4_1,unroll_4,unroll_2,unroll_4,unroll_8,unroll_2,1,1.75,0.716509607824,False
workload_3785.cpp,xcu200-fsgd2104-2-e,5,854.140565,179,3,1,1,2,cyclic_4_1,block_2_1,block_2_1,unroll_16,unroll_2,pipeline_1,unroll_2,unroll_2,1,1.75,0.83733700388,False
workload_3894.cpp,xcu200-fsgd2104-2-e,5,854.079125,98,3,1,1,1,cyclic_4_1,block_2_1,block_2_1,unroll_4,unroll_2,pipeline_1,unroll_2,unroll_2,1,1.5,0.88975800296,False
workload_3871.cpp,xcu200-fsgd2104-2-e,5,854.079085,121,3,1,1,1,cyclic_4_1,block_2_1,block_4_1,unroll_4,unroll_4,pipeline_1,unroll_2,unroll_2,1,1.5,0.889758002961,False
workload_3827.cpp,xcu200-fsgd2104-2-e,5,937.882405,119,2,1,1,1,cyclic_4_1,block_2_1,block_8_1,unroll_2,unroll_2,pipeline_1,unroll_8,unroll_2,1,1.25,0.941389271634,False
workload_3882.cpp,xcu200-fsgd2104-2-e,5,937.964885,112,2,1,1,1,cyclic_4_1,block_2_1,block_8_1,unroll_4,unroll_2,pipeline_1,unroll_4,unroll_2,1,1.25,0.941384294988,False
workload_3931.cpp,xcu200-fsgd2104-2-e,5,937.964325,135,2,1,1,1,cyclic_4_1,block_2_1,block_8_1,unroll_4,unroll_2,pipeline_1,unroll_8,unroll_2,1,1.25,0.941384328792,False
workload_3852.cpp,xcu200-fsgd2104-2-e,5,938.035205,621,2,1,3,6,cyclic_4_1,block_2_1,block_8_1,unroll_64,unroll_2,pipeline_1,unroll_8,unroll_8,1,3,0.601975428102,False
workload_3867.cpp,xcu200-fsgd2104-2-e,5,937.883285,86,2,1,1,1,cyclic_4_1,block_2_1,cyclic_8_1,unroll_2,unroll_2,pipeline_1,unroll_2,unroll_2,1,1.25,0.94138921856,False
workload_4128.cpp,xcu200-fsgd2104-2-e,5,938.024965,272,3,1,1,3,cyclic_4_1,block_4_1,block_8_1,unroll_16,unroll_2,pipeline_1,unroll_8,unroll_8,1,2,0.786116812443,False
workload_3977.cpp,xcu200-fsgd2104-2-e,5,938.006165,128,3,1,1,1,cyclic_4_1,block_4_1,cyclic_8_1,unroll_8,unroll_2,pipeline_1,unroll_2,unroll_2,1,1.5,0.888479391781,False
workload_3810.cpp,xcu200-fsgd2104-2-e,5,854.079125,138,3,1,1,2,cyclic_4_1,block_64_1,block_2_1,unroll_4,unroll_2,pipeline_1,unroll_2,unroll_2,1,1.75,0.83733700553,False
workload_3752.cpp,xcu200-fsgd2104-2-e,5,854.150005,604,4,1,2,7,cyclic_4_1,block_64_1,block_4_1,unroll_64,unroll_2,pipeline_1,unroll_2,unroll_8,1,3.5,0.520790020535,False
workload_3667.cpp,xcu200-fsgd2104-2-e,5,938.036085,592,4,1,1,8,cyclic_4_1,block_64_1,cyclic_16_1,unroll_32,unroll_2,pipeline_1,unroll_2,unroll_8,1,3.5,0.520602096725,False
workload_3880.cpp,xcu200-fsgd2104-2-e,5,854.138885,252,2,1,1,3,cyclic_4_1,block_8_1,block_2_1,unroll_16,unroll_2,pipeline_1,unroll_8,unroll_8,1,1.75,0.837337003937,False
workload_3910.cpp,xcu200-fsgd2104-2-e,5,2072.485525,220,2,1,1,2,cyclic_4_1,block_8_1,block_2_1,unroll_16,unroll_2,unroll_4,unroll_2,unroll_2,1,1.5,0.741242987082,False
workload_4171.cpp,xcu200-fsgd2104-2-e,5,853.997205,90,2,1,1,1,cyclic_4_1,block_8_1,block_2_1,unroll_2,unroll_2,pipeline_1,unroll_2,unroll_2,1,1.25,0.943979002116,False
workload_4226.cpp,xcu200-fsgd2104-2-e,5,853.996405,115,2,1,1,1,cyclic_4_1,block_8_1,block_2_1,unroll_2,unroll_2,pipeline_1,unroll_2,unroll_8,1,1.25,0.943979002117,False
workload_3870.cpp,xcu200-fsgd2104-2-e,5,853.996325,115,2,1,1,1,cyclic_4_1,block_8_1,block_2_1,unroll_2,unroll_2,pipeline_1,unroll_8,unroll_2,2,1.25,0.943979002117,False
workload_4250.cpp,xcu200-fsgd2104-2-e,5,853.995525,146,2,1,1,1,cyclic_4_1,block_8_1,block_2_1,unroll_2,unroll_2,pipeline_1,unroll_8,unroll_8,1,1.25,0.943979002117,False
workload_4033.cpp,xcu200-fsgd2104-2-e,5,3447.502485,86,2,1,1,1,cyclic_4_1,block_8_1,block_2_1,unroll_2,unroll_2,unroll_2,unroll_2,unroll_2,1,1.25,0.534777346706,False
workload_4119.cpp,xcu200-fsgd2104-2-e,5,3447.501685,111,2,1,1,1,cyclic_4_1,block_8_1,block_2_1,unroll_2,unroll_2,unroll_2,unroll_2,unroll_8,1,1.25,0.534777463126,False
workload_4047.cpp,xcu200-fsgd2104-2-e,5,3447.501605,114,2,1,1,1,cyclic_4_1,block_8_1,block_2_1,unroll_2,unroll_2,unroll_2,unroll_8,unroll_2,1,1.25,0.534777474768,False
workload_4190.cpp,xcu200-fsgd2104-2-e,5,854.079125,103,2,1,1,1,cyclic_4_1,block_8_1,block_2_1,unroll_4,unroll_2,pipeline_1,unroll_2,unroll_2,1,1.25,0.943978999482,False
workload_3956.cpp,xcu200-fsgd2104-2-e,5,854.078325,129,2,1,1,1,cyclic_4_1,block_8_1,block_2_1,unroll_4,unroll_2,pipeline_1,unroll_2,unroll_8,1,1.25,0.943978999533,False
workload_3823.cpp,xcu200-fsgd2104-2-e,5,854.078805,109,2,1,1,1,cyclic_4_1,block_8_1,block_2_1,unroll_4,unroll_2,pipeline_1,unroll_4,unroll_2,1,1.25,0.943978999503,False
workload_3997.cpp,xcu200-fsgd2104-2-e,5,854.078245,131,2,1,1,1,cyclic_4_1,block_8_1,block_2_1,unroll_4,unroll_2,pipeline_1,unroll_8,unroll_2,1,1.25,0.943978999538,False
workload_3802.cpp,xcu200-fsgd2104-2-e,5,3436.974885,127,2,1,1,1,cyclic_4_1,block_8_1,block_2_1,unroll_4,unroll_2,unroll_2,unroll_8,unroll_2,1,1.25,0.536310698309,False
workload_3832.cpp,xcu200-fsgd2104-2-e,5,3436.974085,164,2,1,1,1,cyclic_4_1,block_8_1,block_2_1,unroll_4,unroll_2,unroll_2,unroll_8,unroll_8,1,1.25,0.53631081493,False
workload_4148.cpp,xcu200-fsgd2104-2-e,5,854.149125,588,2,1,3,6,cyclic_4_1,block_8_1,block_2_1,unroll_64,unroll_2,pipeline_1,unroll_8,unroll_8,1,3,0.602232016078,False
workload_4225.cpp,xcu200-fsgd2104-2-e,5,2484.038005,468,2,1,1,4,cyclic_4_1,block_8_1,block_2_1,unroll_64,unroll_2,unroll_2,unroll_2,unroll_8,1,2,0.635298642308,False
workload_3907.cpp,xcu200-fsgd2104-2-e,5,854.119285,155,2,1,1,2,cyclic_4_1,block_8_1,block_2_1,unroll_8,unroll_2,pipeline_1,unroll_2,unroll_8,1,1.5,0.889758001441,False
workload_4098.cpp,xcu200-fsgd2104-2-e,5,854.119205,157,2,1,1,2,cyclic_4_1,block_8_1,block_2_1,unroll_8,unroll_2,pipeline_1,unroll_8,unroll_2,1,1.5,0.889758001445,False
workload_4213.cpp,xcu200-fsgd2104-2-e,5,854.118405,192,2,1,1,2,cyclic_4_1,block_8_1,block_2_1,unroll_8,unroll_2,pipeline_1,unroll_8,unroll_8,1,1.5,0.889758001481,False
workload_3926.cpp,xcu200-fsgd2104-2-e,5,2089.534245,174,2,1,1,2,cyclic_4_1,block_8_1,block_2_1,unroll_8,unroll_2,unroll_4,unroll_8,unroll_2,1,1.5,0.738473888139,False
workload_4050.cpp,xcu200-fsgd2104-2-e,5,937.882405,203,3,1,1,2,cyclic_4_1,block_8_1,block_32_1,unroll_2,unroll_2,pipeline_1,unroll_8,unroll_2,1,1.75,0.836512966914,False
workload_4224.cpp,xcu200-fsgd2104-2-e,5,853.996325,119,3,1,1,1,cyclic_4_1,block_8_1,block_4_1,unroll_2,unroll_2,pipeline_1,unroll_8,unroll_2,1,1.5,0.889758004234,False
workload_4206.cpp,xcu200-fsgd2104-2-e,5,853.995525,152,3,1,1,1,cyclic_4_1,block_8_1,block_4_1,unroll_2,unroll_2,pipeline_1,unroll_8,unroll_8,1,1.5,0.889758004234,False
workload_3878.cpp,xcu200-fsgd2104-2-e,5,854.079125,101,3,1,1,1,cyclic_4_1,block_8_1,block_4_1,unroll_4,unroll_2,pipeline_1,unroll_2,unroll_2,1,1.5,0.88975800296,False
workload_3903.cpp,xcu200-fsgd2104-2-e,5,854.078325,128,3,1,1,1,cyclic_4_1,block_8_1,block_4_1,unroll_4,unroll_2,pipeline_1,unroll_2,unroll_8,1,1.5,0.889758002984,False
workload_3900.cpp,xcu200-fsgd2104-2-e,5,854.078245,131,3,1,1,1,cyclic_4_1,block_8_1,block_4_1,unroll_4,unroll_2,pipeline_1,unroll_8,unroll_2,1,1.5,0.889758002986,False
workload_4230.cpp,xcu200-fsgd2104-2-e,5,938.026645,192,1,1,1,2,cyclic_4_1,block_8_1,block_8_1,unroll_16,unroll_2,pipeline_1,unroll_2,unroll_2,1,1.25,0.941380565626,False
workload_4231.cpp,xcu200-fsgd2104-2-e,5,937.882405,126,1,1,1,1,cyclic_4_1,block_8_1,block_8_1,unroll_2,unroll_2,pipeline_1,unroll_8,unroll_2,1,1,0.982427508477,False
workload_4243.cpp,xcu200-fsgd2104-2-e,5,937.881605,171,1,1,1,1,cyclic_4_1,block_8_1,block_8_1,unroll_2,unroll_2,pipeline_1,unroll_8,unroll_8,1,1,0.982427675234,False
workload_4186.cpp,xcu200-fsgd2104-2-e,5,3510.416165,128,1,1,1,1,cyclic_4_1,block_8_1,block_8_1,unroll_2,unroll_2,unroll_2,unroll_8,unroll_2,1,1,0.527658339427,False
workload_4145.cpp,xcu200-fsgd2104-2-e,5,938.035205,417,1,1,2,5,cyclic_4_1,block_8_1,block_8_1,unroll_32,unroll_2,pipeline_1,unroll_8,unroll_8,1,2.25,0.737432627684,False
workload_4156.cpp,xcu200-fsgd2104-2-e,5,937.964325,143,1,1,1,1,cyclic_4_1,block_8_1,block_8_1,unroll_4,unroll_2,pipeline_1,unroll_8,unroll_2,1,1,0.98241043268,False
workload_4170.cpp,xcu200-fsgd2104-2-e,5,937.963525,190,1,1,1,2,cyclic_4_1,block_8_1,block_8_1,unroll_4,unroll_2,pipeline_1,unroll_8,unroll_8,1,1.25,0.941384377083,False
workload_3760.cpp,xcu200-fsgd2104-2-e,5,2156.370805,291,3,1,1,3,cyclic_4_1,block_8_1,cyclic_16_1,unroll_16,unroll_2,unroll_4,unroll_2,unroll_8,1,2,0.678900309573,False
workload_3845.cpp,xcu200-fsgd2104-2-e,5,938.025845,311,3,1,1,4,cyclic_4_1,block_8_1,cyclic_32_1,unroll_16,unroll_2,pipeline_1,unroll_2,unroll_8,1,2.25,0.737432730557,False
workload_4164.cpp,xcu200-fsgd2104-2-e,5,853.995525,153,3,1,1,1,cyclic_4_1,block_8_1,cyclic_4_1,unroll_2,unroll_2,pipeline_1,unroll_8,unroll_8,1,1.5,0.889758004234,False
workload_3986.cpp,xcu200-fsgd2104-2-e,5,854.078325,134,3,1,1,1,cyclic_4_1,block_8_1,cyclic_4_1,unroll_4,unroll_2,pipeline_1,unroll_2,unroll_8,1,1.5,0.889758002984,False
workload_3952.cpp,xcu200-fsgd2104-2-e,5,938.026645,188,1,1,1,2,cyclic_4_1,block_8_1,cyclic_8_1,unroll_16,unroll_2,pipeline_1,unroll_2,unroll_2,1,1.25,0.941380565626,False
workload_4066.cpp,xcu200-fsgd2104-2-e,5,938.025765,229,1,1,1,3,cyclic_4_1,block_8_1,cyclic_8_1,unroll_16,unroll_2,pipeline_1,unroll_8,unroll_2,1,1.5,0.888478798879,False
workload_3961.cpp,xcu200-fsgd2104-2-e,5,938.024965,277,1,1,1,3,cyclic_4_1,block_8_1,cyclic_8_1,unroll_16,unroll_2,pipeline_1,unroll_8,unroll_8,1,1.5,0.888478823082,False
workload_3951.cpp,xcu200-fsgd2104-2-e,5,3455.294245,230,1,1,1,2,cyclic_4_1,block_8_1,cyclic_8_1,unroll_16,unroll_2,unroll_2,unroll_8,unroll_2,1,1.25,0.533644166995,False
workload_4039.cpp,xcu200-fsgd2104-2-e,5,937.882485,120,1,1,1,1,cyclic_4_1,block_8_1,cyclic_8_1,unroll_2,unroll_2,pipeline_1,unroll_2,unroll_8,1,1,0.982427491802,False
workload_4099.cpp,xcu200-fsgd2104-2-e,5,937.882405,122,1,1,1,1,cyclic_4_1,block_8_1,cyclic_8_1,unroll_2,unroll_2,pipeline_1,unroll_8,unroll_2,1,1,0.982427508477,False
workload_3971.cpp,xcu200-fsgd2104-2-e,5,3531.388565,87,1,1,1,1,cyclic_4_1,block_8_1,cyclic_8_1,unroll_2,unroll_2,unroll_2,unroll_2,unroll_2,1,1,0.524620415371,False
workload_3943.cpp,xcu200-fsgd2104-2-e,5,3531.387685,122,1,1,1,1,cyclic_4_1,block_8_1,cyclic_8_1,unroll_2,unroll_2,unroll_2,unroll_8,unroll_2,1,1,0.524620542615,False
workload_3942.cpp,xcu200-fsgd2104-2-e,5,937.964405,135,1,1,1,1,cyclic_4_1,block_8_1,cyclic_8_1,unroll_4,unroll_2,pipeline_1,unroll_2,unroll_8,1,1,0.982410416004,False
workload_4021.cpp,xcu200-fsgd2104-2-e,5,937.964325,137,1,1,1,1,cyclic_4_1,block_8_1,cyclic_8_1,unroll_4,unroll_2,pipeline_1,unroll_8,unroll_2,1,1,0.98241043268,False
workload_3857.cpp,xcu200-fsgd2104-2-e,5,938.006165,135,1,1,1,1,cyclic_4_1,block_8_1,cyclic_8_1,unroll_8,unroll_2,pipeline_1,unroll_2,unroll_2,1,1,0.982401711413,False
workload_3968.cpp,xcu200-fsgd2104-2-e,5,2173.421205,150,1,1,1,1,cyclic_4_1,block_8_1,cyclic_8_1,unroll_8,unroll_2,unroll_4,unroll_2,unroll_2,1,1,0.743676070581,False
workload_3702.cpp,xcu200-fsgd2104-2-e,5,854.140565,193,3,1,1,2,cyclic_4_1,cyclic_16_1,block_2_1,unroll_16,unroll_2,pipeline_1,unroll_2,unroll_2,1,1.75,0.83733700388,False
workload_3731.cpp,xcu200-fsgd2104-2-e,5,854.139445,247,3,1,1,3,cyclic_4_1,cyclic_16_1,block_2_1,unroll_16,unroll_2,pipeline_1,unroll_4,unroll_8,1,2,0.786716006707,False
workload_3633.cpp,xcu200-fsgd2104-2-e,5,854.139685,230,3,1,1,3,cyclic_4_1,cyclic_16_1,block_2_1,unroll_16,unroll_2,pipeline_1,unroll_8,unroll_2,1,2,0.786716006701,False
workload_4189.cpp,xcu200-fsgd2104-2-e,5,853.996325,127,3,1,1,1,cyclic_4_1,cyclic_16_1,block_2_1,unroll_2,unroll_2,pipeline_1,unroll_8,unroll_2,1,1.5,0.889758004234,False
workload_4242.cpp,xcu200-fsgd2104-2-e,5,853.995525,367,3,1,1,2,cyclic_4_1,cyclic_16_1,block_2_1,unroll_2,unroll_4,pipeline_1,unroll_8,unroll_8,1,1.75,0.837337006351,False
workload_3761.cpp,xcu200-fsgd2104-2-e,5,4246.964005,409,3,1,1,4,cyclic_4_1,cyclic_16_1,block_2_1,unroll_32,unroll_2,unroll_2,unroll_8,unroll_2,1,2.25,0.395340485715,False
workload_3691.cpp,xcu200-fsgd2104-2-e,5,4139.484165,700,3,1,1,3,cyclic_4_1,cyclic_16_1,block_2_1,unroll_32,unroll_2,unroll_4,unroll_8,unroll_8,1,2,0.419131753631,False
workload_3842.cpp,xcu200-fsgd2104-2-e,5,854.079125,105,3,1,1,1,cyclic_4_1,cyclic_16_1,block_2_1,unroll_4,unroll_2,pipeline_1,unroll_2,unroll_2,1,1.5,0.88975800296,False
workload_3732.cpp,xcu200-fsgd2104-2-e,5,854.078245,137,3,1,1,2,cyclic_4_1,cyclic_16_1,block_2_1,unroll_4,unroll_2,pipeline_1,unroll_8,unroll_2,1,1.75,0.837337005547,False
workload_3774.cpp,xcu200-fsgd2104-2-e,5,4265.349925,133,3,1,1,1,cyclic_4_1,cyclic_16_1,block_2_1,unroll_4,unroll_2,unroll_2,unroll_8,unroll_2,1,1.5,0.419756827571,False
workload_3814.cpp,xcu200-fsgd2104-2-e,5,4265.349125,175,3,1,1,2,cyclic_4_1,cyclic_16_1,block_2_1,unroll_4,unroll_2,unroll_2,unroll_8,unroll_8,1,1.75,0.41320076541,False
workload_4201.cpp,xcu200-fsgd2104-2-e,5,854.077445,372,3,1,1,3,cyclic_4_1,cyclic_16_1,block_2_1,unroll_4,unroll_4,pipeline_1,unroll_8,unroll_8,1,2,0.786716007898,False
workload_3815.cpp,xcu200-fsgd2104-2-e,5,4254.843685,166,3,1,1,2,cyclic_4_1,cyclic_16_1,block_2_1,unroll_8,unroll_2,unroll_2,unroll_8,unroll_2,1,1.75,0.414471162203,False
workload_3822.cpp,xcu200-fsgd2104-2-e,5,854.140565,198,4,1,1,2,cyclic_4_1,cyclic_16_1,block_4_1,unroll_16,unroll_2,pipeline_1,unroll_2,unroll_2,1,2,0.78671600668,False
workload_4215.cpp,xcu200-fsgd2104-2-e,5,853.997205,92,4,1,1,1,cyclic_4_1,cyclic_16_1,block_4_1,unroll_2,unroll_2,pipeline_1,unroll_2,unroll_2,1,1.75,0.837337006351,False
workload_4167.cpp,xcu200-fsgd2104-2-e,5,853.996325,129,4,1,1,1,cyclic_4_1,cyclic_16_1,block_4_1,unroll_2,unroll_2,pipeline_1,unroll_8,unroll_2,1,1.75,0.837337006351,False
workload_4235.cpp,xcu200-fsgd2104-2-e,5,4265.391765,94,4,1,1,1,cyclic_4_1,cyclic_16_1,block_4_1,unroll_2,unroll_2,unroll_2,unroll_2,unroll_2,1,1.75,0.413195613873,False
workload_3798.cpp,xcu200-fsgd2104-2-e,5,854.149925,379,4,1,1,5,cyclic_4_1,cyclic_16_1,block_4_1,unroll_32,unroll_2,pipeline_1,unroll_8,unroll_2,1,2.75,0.645653013787,False
workload_3755.cpp,xcu200-fsgd2104-2-e,5,854.079125,105,4,1,1,1,cyclic_4_1,cyclic_16_1,block_4_1,unroll_4,unroll_2,pipeline_1,unroll_2,unroll_2,1,1.75,0.83733700553,False
workload_3795.cpp,xcu200-fsgd2104-2-e,5,854.078245,144,4,1,1,2,cyclic_4_1,cyclic_16_1,block_4_1,unroll_4,unroll_2,pipeline_1,unroll_8,unroll_2,1,2,0.786716007886,False
workload_3834.cpp,xcu200-fsgd2104-2-e,5,854.077445,186,4,1,1,2,cyclic_4_1,cyclic_16_1,block_4_1,unroll_4,unroll_2,pipeline_1,unroll_8,unroll_8,1,2,0.786716007898,False
workload_4090.cpp,xcu200-fsgd2104-2-e,5,854.077445,402,4,1,1,3,cyclic_4_1,cyclic_16_1,block_4_1,unroll_4,unroll_4,pipeline_1,unroll_8,unroll_8,1,2.25,0.737895010145,False
workload_4036.cpp,xcu200-fsgd2104-2-e,5,937.964325,152,3,1,1,2,cyclic_4_1,cyclic_16_1,block_8_1,unroll_4,unroll_2,pipeline_1,unroll_8,unroll_2,1,1.75,0.836511361421,False
workload_3883.cpp,xcu200-fsgd2104-2-e,5,937.963525,206,3,1,1,2,cyclic_4_1,cyclic_16_1,block_8_1,unroll_4,unroll_2,pipeline_1,unroll_8,unroll_8,1,1.75,0.836511377107,False
workload_3675.cpp,xcu200-fsgd2104-2-e,5,938.036885,366,4,1,1,5,cyclic_4_1,cyclic_16_1,cyclic_16_1,unroll_32,unroll_2,pipeline_1,unroll_2,unroll_2,1,2.75,0.645347383617,False
workload_3629.cpp,xcu200-fsgd2104-2-e,5,938.036085,440,4,1,1,6,cyclic_4_1,cyclic_16_1,cyclic_16_1,unroll_32,unroll_2,pipeline_1,unroll_2,unroll_8,1,3,0.601975422731,False
workload_3516.cpp,xcu200-fsgd2104-2-e,5,1087.965045,1160,4,1,1,6,cyclic_4_1,cyclic_16_1,cyclic_16_1,unroll_32,unroll_2,unroll_16,unroll_2,unroll_8,1,3,0.600249974092,False
workload_3818.cpp,xcu200-fsgd2104-2-e,5,4223.386405,232,4,1,1,2,cyclic_4_1,cyclic_16_1,cyclic_16_1,unroll_8,unroll_2,unroll_4,unroll_8,unroll_2,1,2,0.409207843138,False
workload_3932.cpp,xcu200-fsgd2104-2-e,5,938.005365,182,3,1,1,2,cyclic_4_1,cyclic_16_1,cyclic_8_1,unroll_8,unroll_2,pipeline_1,unroll_2,unroll_8,1,1.75,0.836510556524,False
workload_4194.cpp,xcu200-fsgd2104-2-e,5,853.995525,139,3,1,1,1,cyclic_4_1,cyclic_2_1,block_2_1,unroll_2,unroll_2,pipeline_1,unroll_8,unroll_8,1,1.5,0.889758004234,False
workload_3851.cpp,xcu200-fsgd2104-2-e,5,2556.171045,116,3,1,1,1,cyclic_4_1,cyclic_2_1,block_2_1,unroll_4,unroll_2,unroll_2,unroll_8,unroll_2,1,1.5,0.6632899843,False
workload_4216.cpp,xcu200-fsgd2104-2-e,5,853.996325,146,4,1,1,2,cyclic_4_1,cyclic_32_1,block_4_1,unroll_2,unroll_2,pipeline_1,unroll_8,unroll_2,1,2,0.786716008468,False
workload_4187.cpp,xcu200-fsgd2104-2-e,5,853.995525,206,4,1,1,2,cyclic_4_1,cyclic_32_1,block_4_1,unroll_2,unroll_2,pipeline_1,unroll_8,unroll_8,1,2,0.786716008468,False
workload_3720.cpp,xcu200-fsgd2104-2-e,5,854.140565,182,3,1,1,2,cyclic_4_1,cyclic_4_1,block_2_1,unroll_16,unroll_2,pipeline_1,unroll_2,unroll_2,1,1.75,0.83733700388,False
workload_3748.cpp,xcu200-fsgd2104-2-e,5,854.139685,205,3,1,1,3,cyclic_4_1,cyclic_4_1,block_2_1,unroll_16,unroll_2,pipeline_1,unroll_8,unroll_2,1,2,0.786716006701,False
workload_3768.cpp,xcu200-fsgd2104-2-e,5,4170.947365,208,3,1,1,2,cyclic_4_1,cyclic_4_1,block_2_1,unroll_16,unroll_2,unroll_2,unroll_8,unroll_2,1,1.75,0.424700924917,False
workload_3736.cpp,xcu200-fsgd2104-2-e,5,1649.117525,353,3,1,1,3,cyclic_4_1,cyclic_4_1,block_2_1,unroll_32,unroll_2,unroll_4,unroll_4,unroll_2,1,2,0.739593105699,False
workload_3616.cpp,xcu200-fsgd2104-2-e,5,1649.116165,403,3,1,1,3,cyclic_4_1,cyclic_4_1,block_2_1,unroll_32,unroll_2,unroll_4,unroll_8,unroll_8,1,2,0.739593248653,False
workload_3757.cpp,xcu200-fsgd2104-2-e,5,854.119205,151,3,1,1,2,cyclic_4_1,cyclic_4_1,block_2_1,unroll_8,unroll_2,pipeline_1,unroll_8,unroll_2,1,1.75,0.837337004554,False
workload_3706.cpp,xcu200-fsgd2104-2-e,5,4181.443365,150,3,1,1,1,cyclic_4_1,cyclic_4_1,block_2_1,unroll_8,unroll_2,unroll_2,unroll_8,unroll_2,1,1.5,0.430236583446,False
workload_3796.cpp,xcu200-fsgd2104-2-e,5,4181.442565,179,3,1,1,2,cyclic_4_1,cyclic_4_1,block_2_1,unroll_8,unroll_2,unroll_2,unroll_8,unroll_8,1,1.75,0.423413031608,False
workload_3808.cpp,xcu200-fsgd2104-2-e,5,854.120085,124,4,1,1,1,cyclic_4_1,cyclic_4_1,block_4_1,unroll_8,unroll_2,pipeline_1,unroll_2,unroll_2,1,1.75,0.837337004529,False
workload_3721.cpp,xcu200-fsgd2104-2-e,5,1717.278725,335,4,1,1,3,cyclic_4_1,cyclic_4_1,cyclic_16_1,unroll_16,unroll_2,unroll_4,unroll_8,unroll_8,1,2.25,0.693996492837,False
workload_3639.cpp,xcu200-fsgd2104-2-e,5,938.035205,470,4,1,2,5,cyclic_4_1,cyclic_4_1,cyclic_16_1,unroll_32,unroll_2,pipeline_1,unroll_8,unroll_8,1,3,0.601975428102,False
workload_3745.cpp,xcu200-fsgd2104-2-e,5,938.035205,398,3,1,2,5,cyclic_4_1,cyclic_4_1,cyclic_8_1,unroll_32,unroll_2,pipeline_1,unroll_8,unroll_8,1,2.75,0.645347395828,False
workload_3892.cpp,xcu200-fsgd2104-2-e,5,854.079125,144,4,1,1,2,cyclic_4_1,cyclic_64_1,block_4_1,unroll_4,unroll_2,pipeline_1,unroll_2,unroll_2,1,2,0.786716007874,False
workload_3698.cpp,xcu200-fsgd2104-2-e,5,938.036085,748,4,1,1,9,cyclic_4_1,cyclic_64_1,cyclic_16_1,unroll_32,unroll_2,pipeline_1,unroll_2,unroll_8,1,3.75,0.482606076152,False
workload_3844.cpp,xcu200-fsgd2104-2-e,5,854.140565,184,2,1,1,2,cyclic_4_1,cyclic_8_1,block_2_1,unroll_16,unroll_2,pipeline_1,unroll_2,unroll_2,1,1.5,0.889758000399,False
workload_3895.cpp,xcu200-fsgd2104-2-e,5,854.139765,216,2,1,1,3,cyclic_4_1,cyclic_8_1,block_2_1,unroll_16,unroll_2,pipeline_1,unroll_2,unroll_8,1,1.75,0.837337003908,False
workload_3769.cpp,xcu200-fsgd2104-2-e,5,854.139685,217,2,1,1,3,cyclic_4_1,cyclic_8_1,block_2_1,unroll_16,unroll_2,pipeline_1,unroll_8,unroll_2,1,1.75,0.83733700391,False
workload_3831.cpp,xcu200-fsgd2104-2-e,5,854.138885,248,2,1,1,3,cyclic_4_1,cyclic_8_1,block_2_1,unroll_16,unroll_2,pipeline_1,unroll_8,unroll_8,1,1.75,0.837337003937,False
workload_3985.cpp,xcu200-fsgd2104-2-e,5,853.996325,118,2,1,1,1,cyclic_4_1,cyclic_8_1,block_2_1,unroll_2,unroll_2,pipeline_1,unroll_8,unroll_2,1,1.25,0.943979002117,False
workload_4068.cpp,xcu200-fsgd2104-2-e,5,853.995525,148,2,1,1,1,cyclic_4_1,cyclic_8_1,block_2_1,unroll_2,unroll_2,pipeline_1,unroll_8,unroll_8,1,1.25,0.943979002117,False
workload_4180.cpp,xcu200-fsgd2104-2-e,5,853.995525,336,2,1,1,2,cyclic_4_1,cyclic_8_1,block_2_1,unroll_2,unroll_4,pipeline_1,unroll_8,unroll_8,1,1.5,0.889758004234,False
workload_3699.cpp,xcu200-fsgd2104-2-e,5,854.149925,342,2,1,1,4,cyclic_4_1,cyclic_8_1,block_2_1,unroll_32,unroll_2,pipeline_1,unroll_8,unroll_2,1,2,0.786716006441,False
workload_3887.cpp,xcu200-fsgd2104-2-e,5,854.079125,100,2,1,1,1,cyclic_4_1,cyclic_8_1,block_2_1,unroll_4,unroll_2,pipeline_1,unroll_2,unroll_2,1,1.25,0.943978999482,False
workload_3912.cpp,xcu200-fsgd2104-2-e,5,854.078325,127,2,1,1,1,cyclic_4_1,cyclic_8_1,block_2_1,unroll_4,unroll_2,pipeline_1,unroll_2,unroll_8,1,1.25,0.943978999533,False
workload_3901.cpp,xcu200-fsgd2104-2-e,5,854.078245,131,2,1,1,1,cyclic_4_1,cyclic_8_1,block_2_1,unroll_4,unroll_2,pipeline_1,unroll_8,unroll_2,2,1.25,0.943978999538,False
workload_4217.cpp,xcu200-fsgd2104-2-e,5,854.077445,161,2,1,1,2,cyclic_4_1,cyclic_8_1,block_2_1,unroll_4,unroll_2,pipeline_1,unroll_8,unroll_8,1,1.5,0.88975800301,False
workload_3837.cpp,xcu200-fsgd2104-2-e,5,4202.436245,97,2,1,1,1,cyclic_4_1,cyclic_8_1,block_2_1,unroll_4,unroll_2,unroll_2,unroll_2,unroll_2,1,1.25,0.431738698286,False
workload_3861.cpp,xcu200-fsgd2104-2-e,5,4202.435365,127,2,1,1,1,cyclic_4_1,cyclic_8_1,block_2_1,unroll_4,unroll_2,unroll_2,unroll_8,unroll_2,1,1.25,0.43173881039,False
workload_4082.cpp,xcu200-fsgd2104-2-e,5,854.07904,737,2,1,2,7,cyclic_4_1,cyclic_8_1,block_2_1,unroll_4,unroll_32,pipeline_1,unroll_2,unroll_2,1,3,0.602232016682,False
workload_4113.cpp,xcu200-fsgd2104-2-e,5,854.078285,189,2,1,1,2,cyclic_4_1,cyclic_8_1,block_2_1,unroll_4,unroll_4,pipeline_1,unroll_2,unroll_8,1,1.5,0.889758002985,False
workload_3954.cpp,xcu200-fsgd2104-2-e,5,854.078245,192,2,1,1,2,cyclic_4_1,cyclic_8_1,block_2_1,unroll_4,unroll_4,pipeline_1,unroll_8,unroll_2,1,1.5,0.889758002986,False
workload_3767.cpp,xcu200-fsgd2104-2-e,5,854.140565,184,3,1,1,2,cyclic_4_1,cyclic_8_1,block_4_1,unroll_16,unroll_2,pipeline_1,unroll_2,unroll_2,1,1.75,0.83733700388,False
workload_3729.cpp,xcu200-fsgd2104-2-e,5,854.079125,101,3,1,1,1,cyclic_4_1,cyclic_8_1,block_4_1,unroll_4,unroll_2,pipeline_1,unroll_2,unroll_2,1,1.5,0.88975800296,False
workload_4234.cpp,xcu200-fsgd2104-2-e,5,854.078245,135,3,1,1,1,cyclic_4_1,cyclic_8_1,block_4_1,unroll_4,unroll_2,pipeline_1,unroll_8,unroll_2,1,1.5,0.889758002986,False
workload_4229.cpp,xcu200-fsgd2104-2-e,5,937.963525,187,1,1,1,2,cyclic_4_1,cyclic_8_1,block_8_1,unroll_4,unroll_2,pipeline_1,unroll_8,unroll_8,1,1.25,0.941384377083,False
workload_4220.cpp,xcu200-fsgd2104-2-e,5,853.996325,118,3,1,1,1,cyclic_4_1,cyclic_8_1,cyclic_4_1,unroll_2,unroll_2,pipeline_1,unroll_8,unroll_2,1,1.5,0.889758004234,False
workload_4196.cpp,xcu200-fsgd2104-2-e,5,853.995525,151,3,1,1,1,cyclic_4_1,cyclic_8_1,cyclic_4_1,unroll_2,unroll_2,pipeline_1,unroll_8,unroll_8,1,1.5,0.889758004234,False
workload_4117.cpp,xcu200-fsgd2104-2-e,5,938.036005,365,1,1,1,5,cyclic_4_1,cyclic_8_1,cyclic_8_1,unroll_32,unroll_2,pipeline_1,unroll_8,unroll_2,1,2,0.786116655256,False
workload_3687.cpp,xcu200-fsgd2104-2-e,5,3457.915685,255,5,1,1,3,cyclic_8_1,block_16_1,block_2_1,unroll_16,unroll_2,unroll_2,unroll_8,unroll_2,1,2.5,0.470021979529,False
workload_3662.cpp,xcu200-fsgd2104-2-e,5,1024.532485,503,5,1,1,5,cyclic_8_1,block_16_1,cyclic_32_1,unroll_16,unroll_2,pipeline_1,unroll_8,unroll_8,1,3,0.60117708659,False
workload_3677.cpp,xcu200-fsgd2104-2-e,5,940.648085,196,4,1,1,2,cyclic_8_1,block_2_1,block_2_1,unroll_16,unroll_2,pipeline_1,unroll_2,unroll_2,1,2,0.786078888202,False
workload_3671.cpp,xcu200-fsgd2104-2-e,5,4210.269045,1376,4,1,1,3,cyclic_8_1,block_2_1,block_2_1,unroll_16,unroll_2,unroll_16,unroll_2,unroll_8,1,2.25,0.399462457007,False
workload_3659.cpp,xcu200-fsgd2104-2-e,5,940.648,945,4,1,3,8,cyclic_8_1,block_2_1,block_2_1,unroll_16,unroll_32,pipeline_1,unroll_2,unroll_2,1,4,0.446396925677,False
workload_3705.cpp,xcu200-fsgd2104-2-e,5,940.658325,319,4,1,1,4,cyclic_8_1,block_2_1,block_2_1,unroll_32,unroll_2,pipeline_1,unroll_2,unroll_2,1,2.5,0.690479550243,False
workload_3493.cpp,xcu200-fsgd2104-2-e,5,4231.235445,881,4,1,1,7,cyclic_8_1,block_2_1,block_2_1,unroll_32,unroll_2,unroll_4,unroll_2,unroll_8,1,3.25,0.337011011903,False
workload_3790.cpp,xcu200-fsgd2104-2-e,5,940.626805,162,4,1,1,2,cyclic_8_1,block_2_1,block_2_1,unroll_8,unroll_2,pipeline_1,unroll_2,unroll_8,1,2,0.786079200518,False
workload_3644.cpp,xcu200-fsgd2104-2-e,5,1024.532485,361,5,1,1,4,cyclic_8_1,block_2_1,cyclic_16_1,unroll_16,unroll_2,pipeline_1,unroll_8,unroll_8,1,2.75,0.644397000931,False
workload_3623.cpp,xcu200-fsgd2104-2-e,5,4294.155125,1473,5,1,1,3,cyclic_8_1,block_2_1,cyclic_16_1,unroll_16,unroll_2,unroll_16,unroll_2,unroll_8,1,2.5,0.377398391265,False
workload_3610.cpp,xcu200-fsgd2104-2-e,5,4315.121525,1004,5,1,1,8,cyclic_8_1,block_2_1,cyclic_16_1,unroll_32,unroll_2,unroll_4,unroll_2,unroll_8,1,3.75,0.295682901791,False
workload_3735.cpp,xcu200-fsgd2104-2-e,5,940.647765,238,5,1,1,3,cyclic_8_1,block_32_1,block_2_1,unroll_16,unroll_2,pipeline_1,unroll_4,unroll_2,1,2.5,0.690479646284,False
workload_3658.cpp,xcu200-fsgd2104-2-e,5,940.648085,194,5,1,1,2,cyclic_8_1,block_4_1,block_2_1,unroll_16,unroll_2,pipeline_1,unroll_2,unroll_2,1,2.25,0.737403464319,False
workload_3649.cpp,xcu200-fsgd2104-2-e,5,2206.178965,315,5,1,1,4,cyclic_8_1,block_4_1,block_2_1,unroll_16,unroll_2,unroll_4,unroll_2,unroll_2,1,2.75,0.576928205428,False
workload_3666.cpp,xcu200-fsgd2104-2-e,5,3217.393525,754,5,1,1,7,cyclic_8_1,block_4_1,block_2_1,unroll_32,unroll_2,unroll_4,unroll_2,unroll_8,1,3.5,0.402763248586,False
workload_3570.cpp,xcu200-fsgd2104-2-e,5,2868.086645,961,5,1,1,4,cyclic_8_1,block_4_1,block_2_1,unroll_32,unroll_2,unroll_8,unroll_2,unroll_8,1,2.75,0.512205017814,False
workload_3535.cpp,xcu200-fsgd2104-2-e,5,1024.533365,274,5,1,1,3,cyclic_8_1,block_4_1,cyclic_16_1,unroll_16,unroll_2,pipeline_1,unroll_2,unroll_8,1,2.5,0.689350350318,False
workload_3692.cpp,xcu200-fsgd2104-2-e,5,3523.451765,278,5,1,1,3,cyclic_8_1,block_4_1,cyclic_16_1,unroll_16,unroll_2,unroll_2,unroll_2,unroll_8,1,2.5,0.46252638976,False
workload_3670.cpp,xcu200-fsgd2104-2-e,5,2290.065045,346,5,1,1,4,cyclic_8_1,block_4_1,cyclic_16_1,unroll_16,unroll_2,unroll_4,unroll_2,unroll_2,1,2.75,0.569335824459,False
workload_3509.cpp,xcu200-fsgd2104-2-e,5,2290.064245,409,5,1,1,5,cyclic_8_1,block_4_1,cyclic_16_1,unroll_16,unroll_2,unroll_4,unroll_2,unroll_8,1,3,0.536405625466,False
workload_3558.cpp,xcu200-fsgd2104-2-e,5,1024.533325,430,5,1,1,4,cyclic_8_1,block_4_1,cyclic_16_1,unroll_16,unroll_4,pipeline_1,unroll_2,unroll_8,1,2.75,0.644396988589,False
workload_3717.cpp,xcu200-fsgd2104-2-e,5,1024.544405,368,5,1,1,5,cyclic_8_1,block_4_1,cyclic_16_1,unroll_32,unroll_2,pipeline_1,unroll_2,unroll_2,1,3,0.601176939418,False
workload_3372.cpp,xcu200-fsgd2104-2-e,5,3301.279605,891,5,1,1,8,cyclic_8_1,block_4_1,cyclic_16_1,unroll_32,unroll_2,unroll_4,unroll_2,unroll_8,1,3.75,0.371791831626,False
workload_3622.cpp,xcu200-fsgd2104-2-e,5,940.648085,268,5,1,1,4,cyclic_8_1,block_64_1,block_2_1,unroll_16,unroll_2,pipeline_1,unroll_2,unroll_2,1,2.75,0.645328109353,False
workload_3685.cpp,xcu200-fsgd2104-2-e,5,940.647765,292,5,1,1,5,cyclic_8_1,block_64_1,block_2_1,unroll_16,unroll_2,pipeline_1,unroll_4,unroll_2,1,3,0.601959235555,False
workload_3660.cpp,xcu200-fsgd2104-2-e,5,940.647205,351,5,1,1,5,cyclic_8_1,block_64_1,block_2_1,unroll_16,unroll_2,pipeline_1,unroll_8,unroll_2,1,3,0.601959239079,False
workload_3598.cpp,xcu200-fsgd2104-2-e,5,940.646405,462,5,1,1,6,cyclic_8_1,block_64_1,block_2_1,unroll_16,unroll_2,pipeline_1,unroll_8,unroll_8,1,3.25,0.560378796552,False
workload_3612.cpp,xcu200-fsgd2104-2-e,5,4296.776485,428,5,1,1,4,cyclic_8_1,block_64_1,block_2_1,unroll_16,unroll_2,unroll_2,unroll_8,unroll_2,1,2.75,0.362952816217,False
workload_3727.cpp,xcu200-fsgd2104-2-e,5,940.657445,569,5,1,1,8,cyclic_8_1,block_64_1,block_2_1,unroll_32,unroll_2,pipeline_1,unroll_8,unroll_2,1,3.75,0.482595755811,False
workload_3758.cpp,xcu200-fsgd2104-2-e,5,940.586645,144,5,1,1,2,cyclic_8_1,block_64_1,block_2_1,unroll_4,unroll_2,pipeline_1,unroll_2,unroll_2,1,2.25,0.737404160276,False
workload_3646.cpp,xcu200-fsgd2104-2-e,5,940.627605,184,5,1,1,3,cyclic_8_1,block_64_1,block_2_1,unroll_8,unroll_2,pipeline_1,unroll_2,unroll_2,1,2.5,0.690479829604,False
workload_3754.cpp,xcu200-fsgd2104-2-e,5,940.626805,253,5,1,1,4,cyclic_8_1,block_64_1,block_2_1,unroll_8,unroll_2,pipeline_1,unroll_2,unroll_8,1,2.75,0.645328268806,False
workload_3690.cpp,xcu200-fsgd2104-2-e,5,1322.763125,570,5,1,1,5,cyclic_8_1,block_64_1,block_2_1,unroll_8,unroll_2,unroll_16,unroll_2,unroll_8,1,3,0.594367321757,False
workload_3594.cpp,xcu200-fsgd2104-2-e,5,940.648085,271,5,1,1,4,cyclic_8_1,block_64_1,block_4_1,unroll_16,unroll_2,pipeline_1,unroll_2,unroll_2,1,2.75,0.645328109353,False
workload_3672.cpp,xcu200-fsgd2104-2-e,5,4296.777365,344,5,1,1,3,cyclic_8_1,block_64_1,block_4_1,unroll_16,unroll_2,unroll_2,unroll_2,unroll_2,1,2.5,0.377121255592,False
workload_3741.cpp,xcu200-fsgd2104-2-e,5,4296.776565,435,5,1,1,4,cyclic_8_1,block_64_1,block_4_1,unroll_16,unroll_2,unroll_2,unroll_2,unroll_8,1,2.75,0.36295280824,False
workload_3591.cpp,xcu200-fsgd2104-2-e,5,4296.776485,429,5,1,1,4,cyclic_8_1,block_64_1,block_4_1,unroll_16,unroll_2,unroll_2,unroll_8,unroll_2,1,2.75,0.362952816217,False
workload_3712.cpp,xcu200-fsgd2104-2-e,5,2634.784405,495,5,1,1,5,cyclic_8_1,block_64_1,block_4_1,unroll_16,unroll_2,unroll_4,unroll_2,unroll_2,1,3,0.50681307,False
workload_3684.cpp,xcu200-fsgd2104-2-e,5,940.586645,145,5,1,1,2,cyclic_8_1,block_64_1,block_4_1,unroll_4,unroll_2,pipeline_1,unroll_2,unroll_2,1,2.25,0.737404160276,False
workload_3805.cpp,xcu200-fsgd2104-2-e,5,1024.471845,228,4,1,1,3,cyclic_8_1,block_64_1,block_8_1,unroll_4,unroll_2,pipeline_1,unroll_8,unroll_2,1,2.25,0.735999092401,False
workload_3693.cpp,xcu200-fsgd2104-2-e,5,2719.980325,630,5,1,1,6,cyclic_8_1,block_64_1,cyclic_16_1,unroll_16,unroll_2,unroll_4,unroll_8,unroll_2,1,3.25,0.4702070748,False
workload_3759.cpp,xcu200-fsgd2104-2-e,5,940.647765,213,3,1,1,3,cyclic_8_1,block_8_1,block_2_1,unroll_16,unroll_2,pipeline_1,unroll_4,unroll_2,1,2,0.786078892899,False
workload_3782.cpp,xcu200-fsgd2104-2-e,5,3457.915765,236,3,1,1,3,cyclic_8_1,block_8_1,block_2_1,unroll_16,unroll_2,unroll_2,unroll_2,unroll_8,1,2,0.504305244333,False
workload_3653.cpp,xcu200-fsgd2104-2-e,5,3457.915685,235,3,1,1,3,cyclic_8_1,block_8_1,block_2_1,unroll_16,unroll_2,unroll_2,unroll_8,unroll_2,1,2,0.504305254757,False
workload_3722.cpp,xcu200-fsgd2104-2-e,5,3457.915685,319,3,1,1,3,cyclic_8_1,block_8_1,block_2_1,unroll_16,unroll_4,unroll_2,unroll_8,unroll_2,1,2,0.504305254757,False
workload_4178.cpp,xcu200-fsgd2104-2-e,5,940.503845,124,3,1,1,1,cyclic_8_1,block_8_1,block_2_1,unroll_2,unroll_2,pipeline_1,unroll_8,unroll_2,1,1.5,0.888402751408,False
workload_4079.cpp,xcu200-fsgd2104-2-e,5,3534.010005,89,3,1,1,1,cyclic_8_1,block_8_1,block_2_1,unroll_2,unroll_2,unroll_2,unroll_2,unroll_2,1,1.5,0.516470203821,False
workload_4077.cpp,xcu200-fsgd2104-2-e,5,3534.009125,119,3,1,1,1,cyclic_8_1,block_8_1,block_2_1,unroll_2,unroll_2,unroll_2,unroll_8,unroll_2,1,1.5,0.516470327348,False
workload_3704.cpp,xcu200-fsgd2104-2-e,5,2721.285125,811,3,1,1,7,cyclic_8_1,block_8_1,block_2_1,unroll_32,unroll_2,unroll_4,unroll_8,unroll_8,1,3,0.498959871579,False
workload_4110.cpp,xcu200-fsgd2104-2-e,5,3523.483285,103,3,1,1,1,cyclic_8_1,block_8_1,block_2_1,unroll_4,unroll_2,unroll_2,unroll_2,unroll_2,1,1.5,0.517949052629,False
workload_4105.cpp,xcu200-fsgd2104-2-e,5,940.625925,208,3,1,1,2,cyclic_8_1,block_8_1,block_2_1,unroll_8,unroll_2,pipeline_1,unroll_8,unroll_8,1,1.75,0.836458356283,False
workload_4155.cpp,xcu200-fsgd2104-2-e,5,1024.512805,193,3,1,1,2,cyclic_8_1,block_8_1,block_8_1,unroll_8,unroll_2,pipeline_1,unroll_8,unroll_2,1,1.75,0.833962914536,False
workload_3734.cpp,xcu200-fsgd2104-2-e,5,940.627605,141,5,1,1,2,cyclic_8_1,cyclic_16_1,block_2_1,unroll_8,unroll_2,pipeline_1,unroll_2,unroll_2,1,2.25,0.73740369636,False
workload_4133.cpp,xcu200-fsgd2104-2-e,5,940.584965,209,5,1,1,2,cyclic_8_1,cyclic_16_1,block_4_1,unroll_4,unroll_2,pipeline_1,unroll_8,unroll_8,1,2.25,0.737404179299,False
workload_3590.cpp,xcu200-fsgd2104-2-e,5,1795.261445,679,5,1,1,7,cyclic_8_1,cyclic_4_1,block_2_1,unroll_32,unroll_2,unroll_4,unroll_8,unroll_8,1,3.5,0.498193806362,False
workload_3676.cpp,xcu200-fsgd2104-2-e,5,940.627605,132,5,1,1,2,cyclic_8_1,cyclic_4_1,block_2_1,unroll_8,unroll_2,pipeline_1,unroll_2,unroll_2,1,2.25,0.73740369636,False
workload_3751.cpp,xcu200-fsgd2104-2-e,5,1024.543525,432,5,1,1,6,cyclic_8_1,cyclic_4_1,cyclic_16_1,unroll_32,unroll_2,pipeline_1,unroll_8,unroll_2,1,3.25,0.559712557028,False
workload_3873.cpp,xcu200-fsgd2104-2-e,5,940.648085,198,3,1,1,3,cyclic_8_1,cyclic_8_1,block_2_1,unroll_16,unroll_2,pipeline_1,unroll_2,unroll_2,1,2,0.786078888202,False
workload_3773.cpp,xcu200-fsgd2104-2-e,5,940.658325,330,3,1,1,5,cyclic_8_1,cyclic_8_1,block_2_1,unroll_32,unroll_2,pipeline_1,unroll_2,unroll_2,1,2.5,0.690479550243,False
workload_3864.cpp,xcu200-fsgd2104-2-e,5,940.648085,202,4,1,1,3,cyclic_8_1,cyclic_8_1,block_4_1,unroll_16,unroll_2,pipeline_1,unroll_2,unroll_2,1,2.25,0.737403464319,False
workload_3820.cpp,xcu200-fsgd2104-2-e,5,940.657445,389,4,1,1,5,cyclic_8_1,cyclic_8_1,block_4_1,unroll_32,unroll_2,pipeline_1,unroll_8,unroll_2,1,2.75,0.645328039206,False
workload_4233.cpp,xcu200-fsgd2104-2-e,5,1024.389925,133,3,1,1,1,cyclic_8_1,cyclic_8_1,cyclic_8_1,unroll_2,unroll_2,pipeline_1,unroll_8,unroll_2,1,1.5,0.884598071415,False
workload_3194.cpp,xcu200-fsgd2104-2-e,10,2053.94097,1387,3,1,2,10,block_128_1,block_2_1,cyclic_8_1,unroll_4,unroll_2,pipeline_1,unroll_2,unroll_8,1,4,0.598415098783,False
workload_3312.cpp,xcu200-fsgd2104-2-e,10,1885.10305,1364,5,1,1,9,block_128_1,block_64_1,block_2_1,unroll_2,unroll_2,pipeline_1,unroll_8,unroll_4,1,4,0.599102094547,False
workload_3173.cpp,xcu200-fsgd2104-2-e,10,1885.10369,927,3,1,1,7,block_128_1,block_8_1,block_2_1,unroll_2,unroll_2,pipeline_1,unroll_8,unroll_2,1,3,0.719462054202,False
workload_3092.cpp,xcu200-fsgd2104-2-e,10,1886.16881,1314,3,1,2,10,block_128_1,block_8_1,block_2_1,unroll_4,unroll_2,pipeline_1,unroll_2,unroll_8,1,4,0.599099117623,False
workload_3320.cpp,xcu200-fsgd2104-2-e,10,1886.16801,1397,3,1,2,10,block_128_1,block_8_1,block_2_1,unroll_4,unroll_2,pipeline_1,unroll_8,unroll_4,1,4,0.599099119864,False
workload_3171.cpp,xcu200-fsgd2104-2-e,10,2053.94193,1022,3,1,2,9,block_128_1,block_8_1,block_8_1,unroll_4,unroll_2,pipeline_1,unroll_2,unroll_4,1,3.75,0.627212712775,False
workload_3356.cpp,xcu200-fsgd2104-2-e,10,1885.10209,1775,4,1,1,8,block_128_1,block_8_1,cyclic_4_1,unroll_2,unroll_2,pipeline_1,unroll_8,unroll_8,1,3.5,0.65767187691,False
workload_3335.cpp,xcu200-fsgd2104-2-e,10,17469.89393,875,3,1,1,4,block_128_1,block_8_1,cyclic_8_1,unroll_2,unroll_2,unroll_2,unroll_2,unroll_2,1,2.25,0.11839596499,False
workload_2718.cpp,xcu200-fsgd2104-2-e,10,2051.40297,177,2,1,1,3,block_16_1,block_2_1,cyclic_16_1,unroll_4,unroll_4,pipeline_1,unroll_2,unroll_2,1,1.75,0.884287673727,False
workload_2780.cpp,xcu200-fsgd2104-2-e,10,2050.74761,225,2,1,3,5,block_16_1,block_2_1,cyclic_16_1,unroll_8,unroll_4,pipeline_1,unroll_2,unroll_2,1,2.75,0.750247987292,False
workload_2755.cpp,xcu200-fsgd2104-2-e,10,1709.48769,594,4,1,5,10,block_2_1,block_128_1,block_2_1,unroll_16,unroll_2,pipeline_1,unroll_8,unroll_2,1,5,0.491843296703,False
workload_2776.cpp,xcu200-fsgd2104-2-e,10,1709.48881,211,3,1,5,5,block_2_1,block_16_1,block_2_1,unroll_16,unroll_2,pipeline_1,unroll_4,unroll_2,1,3.5,0.657993658454,False
workload_2731.cpp,xcu200-fsgd2104-2-e,10,1709.48769,233,3,1,5,5,block_2_1,block_16_1,block_2_1,unroll_16,unroll_2,pipeline_1,unroll_8,unroll_2,1,3.5,0.6579936586,False
workload_2660.cpp,xcu200-fsgd2104-2-e,10,9752.23057,425,3,1,3,6,block_2_1,block_16_1,block_2_1,unroll_16,unroll_2,unroll_4,unroll_4,unroll_2,1,3.25,0.34858241719,False
workload_2763.cpp,xcu200-fsgd2104-2-e,10,1709.48945,199,3,1,5,5,block_2_1,block_16_1,block_4_1,unroll_16,unroll_2,pipeline_1,unroll_2,unroll_2,1,3.5,0.65799365837,False
workload_2742.cpp,xcu200-fsgd2104-2-e,10,9909.51689,501,3,1,3,8,block_2_1,block_16_1,cyclic_16_1,unroll_16,unroll_4,unroll_4,unroll_4,unroll_2,1,3.75,0.324441662662,False
workload_2708.cpp,xcu200-fsgd2104-2-e,10,10023.53937,1076,3,1,6,12,block_2_1,block_16_1,cyclic_16_1,unroll_32,unroll_2,unroll_4,unroll_4,unroll_2,1,5.5,0.251440338077,False
workload_2681.cpp,xcu200-fsgd2104-2-e,10,1709.48945,187,2,1,5,5,block_2_1,block_2_1,block_2_1,unroll_16,unroll_2,pipeline_1,unroll_2,unroll_2,2,3.25,0.688532970447,False
workload_2758.cpp,xcu200-fsgd2104-2-e,10,1709.48769,216,2,1,5,5,block_2_1,block_2_1,block_2_1,unroll_16,unroll_2,pipeline_1,unroll_8,unroll_2,1,3.25,0.68853297071,False
workload_2725.cpp,xcu200-fsgd2104-2-e,10,12357.94257,223,2,1,1,3,block_2_1,block_2_1,block_2_1,unroll_16,unroll_2,unroll_2,unroll_2,unroll_2,1,1.75,0.260104887687,False
workload_2620.cpp,xcu200-fsgd2104-2-e,10,1709.48928,828,2,1,7,10,block_2_1,block_2_1,block_2_1,unroll_16,unroll_32,pipeline_1,unroll_2,unroll_2,1,5,0.491843296594,False
workload_2836.cpp,xcu200-fsgd2104-2-e,10,1709.39553,336,2,1,10,9,block_2_1,block_2_1,block_2_1,unroll_32,unroll_2,pipeline_1,unroll_8,unroll_2,1,5.5,0.442968645027,False
workload_2744.cpp,xcu200-fsgd2104-2-e,10,12470.65249,1055,2,1,6,11,block_2_1,block_2_1,block_2_1,unroll_32,unroll_2,unroll_4,unroll_8,unroll_2,1,5,0.196199534467,False
workload_2723.cpp,xcu200-fsgd2104-2-e,10,1710.04241,99,2,1,1,1,block_2_1,block_2_1,block_2_1,unroll_4,unroll_2,pipeline_1,unroll_2,unroll_2,1,1.25,0.962131781737,False
workload_2882.cpp,xcu200-fsgd2104-2-e,10,1710.04081,128,2,1,1,2,block_2_1,block_2_1,block_2_1,unroll_4,unroll_2,pipeline_1,unroll_2,unroll_8,1,1.5,0.925086856303,False
workload_2820.cpp,xcu200-fsgd2104-2-e,10,1710.04065,124,2,1,1,2,block_2_1,block_2_1,block_2_1,unroll_4,unroll_2,pipeline_1,unroll_8,unroll_2,2,1.5,0.925086856441,False
workload_2988.cpp,xcu200-fsgd2104-2-e,10,12672.57345,192,2,1,1,2,block_2_1,block_2_1,block_2_1,unroll_4,unroll_2,unroll_4,unroll_8,unroll_8,1,1.5,0.248943364858,False
workload_2750.cpp,xcu200-fsgd2104-2-e,10,1710.04224,672,2,1,3,7,block_2_1,block_2_1,block_2_1,unroll_4,unroll_32,pipeline_1,unroll_2,unroll_2,2,3.25,0.688532884599,False
workload_2833.cpp,xcu200-fsgd2104-2-e,10,1710.0416,1157,2,1,5,10,block_2_1,block_2_1,block_2_1,unroll_4,unroll_32,pipeline_1,unroll_2,unroll_4,1,4.5,0.543972308546,False
workload_2562.cpp,xcu200-fsgd2104-2-e,10,13120.84288,1136,2,1,5,11,block_2_1,block_2_1,block_2_1,unroll_4,unroll_32,unroll_16,unroll_2,unroll_2,1,4.75,0.184539271196,False
workload_2846.cpp,xcu200-fsgd2104-2-e,10,1709.67377,129,2,1,2,2,block_2_1,block_2_1,block_2_1,unroll_8,unroll_2,pipeline_1,unroll_2,unroll_2,1,1.75,0.888853549467,False
workload_2793.cpp,xcu200-fsgd2104-2-e,10,1709.6736,688.5,2,1,5,8,block_2_1,block_2_1,block_2_1,unroll_8,unroll_32,pipeline_1,unroll_2,unroll_2,2,4,0.599355794444,False
workload_2666.cpp,xcu200-fsgd2104-2-e,10,1877.26097,224,3,1,5,5,block_2_1,block_2_1,cyclic_16_1,unroll_16,unroll_2,pipeline_1,unroll_4,unroll_2,1,3.5,0.65769897504,False
workload_2765.cpp,xcu200-fsgd2104-2-e,10,1877.16945,342,3,1,10,9,block_2_1,block_2_1,cyclic_16_1,unroll_32,unroll_2,pipeline_1,unroll_2,unroll_2,1,5.75,0.419634383521,False
workload_2745.cpp,xcu200-fsgd2104-2-e,10,1877.16881,360,3,1,10,10,block_2_1,block_2_1,cyclic_16_1,unroll_32,unroll_2,pipeline_1,unroll_4,unroll_2,1,6,0.397240900636,False
workload_2799.cpp,xcu200-fsgd2104-2-e,10,1877.25985,316,3,1,5,6,block_2_1,block_2_1,cyclic_32_1,unroll_16,unroll_2,pipeline_1,unroll_8,unroll_2,1,3.75,0.628007256832,False
workload_2717.cpp,xcu200-fsgd2104-2-e,10,1877.44593,160,3,1,2,3,block_2_1,block_2_1,cyclic_32_1,unroll_8,unroll_2,pipeline_1,unroll_2,unroll_2,1,2.25,0.818156703908,False
workload_2743.cpp,xcu200-fsgd2104-2-e,10,1709.48881,233,3,1,5,6,block_2_1,block_32_1,block_2_1,unroll_16,unroll_2,pipeline_1,unroll_4,unroll_2,1,3.75,0.62826793858,False
workload_2654.cpp,xcu200-fsgd2104-2-e,10,1709.48769,264,3,1,5,6,block_2_1,block_32_1,block_2_1,unroll_16,unroll_2,pipeline_1,unroll_8,unroll_2,1,3.75,0.628267938709,False
workload_2881.cpp,xcu200-fsgd2104-2-e,10,1709.48609,324,3,1,5,7,block_2_1,block_32_1,block_2_1,unroll_16,unroll_2,pipeline_1,unroll_8,unroll_8,1,4,0.599355814028,False
workload_2760.cpp,xcu200-fsgd2104-2-e,10,12394.64273,276,3,1,1,3,block_2_1,block_32_1,block_2_1,unroll_16,unroll_2,unroll_2,unroll_2,unroll_2,1,2,0.256565761133,False
workload_3007.cpp,xcu200-fsgd2104-2-e,10,1710.04241,119,3,1,1,2,block_2_1,block_32_1,block_2_1,unroll_4,unroll_2,pipeline_1,unroll_2,unroll_2,1,1.75,0.888853348015,False
workload_2779.cpp,xcu200-fsgd2104-2-e,10,1709.48881,232,3,1,5,6,block_2_1,block_32_1,block_4_1,unroll_16,unroll_2,pipeline_1,unroll_4,unroll_2,1,3.75,0.62826793858,False
workload_2595.cpp,xcu200-fsgd2104-2-e,10,1877.26083,957,3,1,6,13,block_2_1,block_32_1,cyclic_16_1,unroll_16,unroll_16,pipeline_1,unroll_4,unroll_2,1,5.75,0.419634260394,False
workload_2548.cpp,xcu200-fsgd2104-2-e,10,1877.26089,330,3,1,5,7,block_2_1,block_32_1,cyclic_16_1,unroll_16,unroll_4,pipeline_1,unroll_4,unroll_2,1,4,0.59912346714,False
workload_2604.cpp,xcu200-fsgd2104-2-e,10,9909.51689,573,3,1,3,8,block_2_1,block_32_1,cyclic_16_1,unroll_16,unroll_4,unroll_4,unroll_4,unroll_2,1,3.75,0.324441662662,False
workload_2729.cpp,xcu200-fsgd2104-2-e,10,9909.51529,774,3,1,3,9,block_2_1,block_32_1,cyclic_16_1,unroll_16,unroll_4,unroll_4,unroll_4,unroll_8,1,4,0.315298390206,False
workload_2699.cpp,xcu200-fsgd2104-2-e,10,9909.51585,718,3,1,3,9,block_2_1,block_32_1,cyclic_16_1,unroll_16,unroll_4,unroll_4,unroll_8,unroll_2,1,4,0.315298367167,False
workload_2726.cpp,xcu200-fsgd2104-2-e,10,11361.85505,237,3,1,1,3,block_2_1,block_32_1,cyclic_16_1,unroll_4,unroll_2,unroll_4,unroll_8,unroll_2,1,2,0.300618729592,False
workload_2896.cpp,xcu200-fsgd2104-2-e,10,9909.51425,580,2,1,3,8,block_2_1,block_32_1,cyclic_8_1,unroll_16,unroll_2,unroll_4,unroll_8,unroll_8,1,3.5,0.333128140828,False
workload_2924.cpp,xcu200-fsgd2104-2-e,10,1709.48785,213,3,1,5,5,block_2_1,block_4_1,block_2_1,unroll_16,unroll_2,pipeline_1,unroll_2,unroll_8,1,3.5,0.657993658579,False
workload_2854.cpp,xcu200-fsgd2104-2-e,10,1709.48609,247,3,1,5,5,block_2_1,block_4_1,block_2_1,unroll_16,unroll_2,pipeline_1,unroll_8,unroll_8,1,3.5,0.657993658809,False
workload_2850.cpp,xcu200-fsgd2104-2-e,10,1710.04241,100,3,1,1,1,block_2_1,block_4_1,block_2_1,unroll_4,unroll_2,pipeline_1,unroll_2,unroll_2,1,1.5,0.925086854928,False
workload_2887.cpp,xcu200-fsgd2104-2-e,10,1710.04081,136,3,1,1,2,block_2_1,block_4_1,block_2_1,unroll_4,unroll_2,pipeline_1,unroll_2,unroll_8,1,1.75,0.888853348912,False
workload_2954.cpp,xcu200-fsgd2104-2-e,10,11110.19857,139,3,1,1,2,block_2_1,block_4_1,block_2_1,unroll_4,unroll_2,unroll_4,unroll_2,unroll_2,1,1.75,0.314864628682,False
workload_2788.cpp,xcu200-fsgd2104-2-e,10,8798.08832,988,3,1,5,11,block_2_1,block_4_1,block_2_1,unroll_4,unroll_32,unroll_16,unroll_2,unroll_2,1,5,0.314310492263,False
workload_2949.cpp,xcu200-fsgd2104-2-e,10,9733.87937,394,3,1,3,6,block_2_1,block_4_1,cyclic_2_1,unroll_16,unroll_2,unroll_4,unroll_8,unroll_2,1,3.25,0.349439801977,False
workload_2839.cpp,xcu200-fsgd2104-2-e,10,1877.25985,309,3,1,5,6,block_2_1,block_4_1,cyclic_32_1,unroll_16,unroll_2,pipeline_1,unroll_8,unroll_2,1,3.75,0.628007256832,False
workload_2791.cpp,xcu200-fsgd2104-2-e,10,1877.25825,432,3,1,5,7,block_2_1,block_4_1,cyclic_32_1,unroll_16,unroll_2,pipeline_1,unroll_8,unroll_8,1,4,0.599123474177,False
workload_2687.cpp,xcu200-fsgd2104-2-e,10,1877.81297,194,3,1,1,3,block_2_1,block_4_1,cyclic_32_1,unroll_4,unroll_2,pipeline_1,unroll_2,unroll_8,1,2,0.852573979883,False
workload_2920.cpp,xcu200-fsgd2104-2-e,10,1877.81457,102,2,1,1,1,block_2_1,block_4_1,cyclic_8_1,unroll_4,unroll_2,pipeline_1,unroll_2,unroll_2,1,1.25,0.958613927582,False
workload_2771.cpp,xcu200-fsgd2104-2-e,10,1709.48945,260,3,1,5,6,block_2_1,block_64_1,block_2_1,unroll_16,unroll_2,pipeline_1,unroll_2,unroll_2,1,3.75,0.628267938506,False
workload_2792.cpp,xcu200-fsgd2104-2-e,10,1709.48881,278,3,1,5,7,block_2_1,block_64_1,block_2_1,unroll_16,unroll_2,pipeline_1,unroll_4,unroll_2,1,4,0.599355813748,False
workload_2532.cpp,xcu200-fsgd2104-2-e,10,1709.48769,334,3,1,5,7,block_2_1,block_64_1,block_2_1,unroll_16,unroll_2,pipeline_1,unroll_8,unroll_2,1,4,0.599355813863,False
workload_2851.cpp,xcu200-fsgd2104-2-e,10,1709.48928,1669.5,3,1,7,18,block_2_1,block_64_1,block_2_1,unroll_16,unroll_32,pipeline_1,unroll_2,unroll_2,2,7.25,0.297535802583,False
workload_2694.cpp,xcu200-fsgd2104-2-e,10,1709.48769,486,3,1,5,9,block_2_1,block_64_1,block_2_1,unroll_16,unroll_4,pipeline_1,unroll_8,unroll_2,1,4.5,0.543972356568,False
workload_2790.cpp,xcu200-fsgd2104-2-e,10,1710.04241,142,3,1,1,2,block_2_1,block_64_1,block_2_1,unroll_4,unroll_2,pipeline_1,unroll_2,unroll_2,2,1.75,0.888853348015,False
workload_2798.cpp,xcu200-fsgd2104-2-e,10,1709.48945,262,3,1,5,6,block_2_1,block_64_1,block_4_1,unroll_16,unroll_2,pipeline_1,unroll_2,unroll_2,1,3.75,0.628267938506,False
workload_2603.cpp,xcu200-fsgd2104-2-e,10,1709.48769,339,3,1,5,7,block_2_1,block_64_1,block_4_1,unroll_16,unroll_2,pipeline_1,unroll_8,unroll_2,1,4,0.599355813863,False
workload_2781.cpp,xcu200-fsgd2104-2-e,10,9964.55585,1590,3,1,6,13,block_2_1,block_64_1,block_4_1,unroll_32,unroll_2,unroll_4,unroll_8,unroll_2,1,5.75,0.242960079921,False
workload_2815.cpp,xcu200-fsgd2104-2-e,10,1877.81457,151,3,1,1,3,block_2_1,block_64_1,cyclic_16_1,unroll_4,unroll_2,pipeline_1,unroll_2,unroll_2,1,2,0.852573964208,False
workload_2979.cpp,xcu200-fsgd2104-2-e,10,1709.48945,191,1,1,5,5,block_2_1,block_8_1,block_2_1,unroll_16,unroll_2,pipeline_1,unroll_2,unroll_2,1,3,0.719885870499,False
workload_2859.cpp,xcu200-fsgd2104-2-e,10,1709.48785,224,1,1,5,5,block_2_1,block_8_1,block_2_1,unroll_16,unroll_2,pipeline_1,unroll_2,unroll_8,1,3,0.719885870774,False
workload_2897.cpp,xcu200-fsgd2104-2-e,10,1709.48721,240,1,1,5,5,block_2_1,block_8_1,block_2_1,unroll_16,unroll_2,pipeline_1,unroll_4,unroll_8,1,3,0.719885870884,False
workload_2810.cpp,xcu200-fsgd2104-2-e,10,1709.48609,255,1,1,5,5,block_2_1,block_8_1,block_2_1,unroll_16,unroll_2,pipeline_1,unroll_8,unroll_8,1,3,0.719885871077,False
workload_2904.cpp,xcu200-fsgd2104-2-e,10,9752.23121,400,1,1,3,6,block_2_1,block_8_1,block_2_1,unroll_16,unroll_2,unroll_4,unroll_2,unroll_2,1,2.75,0.36345758936,False
workload_2933.cpp,xcu200-fsgd2104-2-e,10,9752.23057,396,1,1,3,6,block_2_1,block_8_1,block_2_1,unroll_16,unroll_2,unroll_4,unroll_4,unroll_2,1,2.75,0.363457621161,False
workload_2970.cpp,xcu200-fsgd2104-2-e,10,9752.22945,420,1,1,3,6,block_2_1,block_8_1,block_2_1,unroll_16,unroll_2,unroll_4,unroll_8,unroll_2,1,2.75,0.363457676813,False
workload_2922.cpp,xcu200-fsgd2104-2-e,10,9752.22785,452,1,1,3,6,block_2_1,block_8_1,block_2_1,unroll_16,unroll_2,unroll_4,unroll_8,unroll_8,1,2.75,0.363457756315,False
workload_2883.cpp,xcu200-fsgd2104-2-e,10,1709.48928,820,1,1,7,11,block_2_1,block_8_1,block_2_1,unroll_16,unroll_32,pipeline_1,unroll_2,unroll_2,1,5,0.491843296594,False
workload_2936.cpp,xcu200-fsgd2104-2-e,10,6535.72416,1366,1,1,8,17,block_2_1,block_8_1,block_2_1,unroll_16,unroll_32,unroll_8,unroll_2,unroll_2,1,6.75,0.278921477781,False
workload_2948.cpp,xcu200-fsgd2104-2-e,10,1710.04241,100,1,1,1,1,block_2_1,block_8_1,block_2_1,unroll_4,unroll_2,pipeline_1,unroll_2,unroll_2,1,1,0.999291982193,False
workload_3037.cpp,xcu200-fsgd2104-2-e,10,1710.04081,127,1,1,1,2,block_2_1,block_8_1,block_2_1,unroll_4,unroll_2,pipeline_1,unroll_2,unroll_8,1,1.25,0.96213178455,False
workload_2916.cpp,xcu200-fsgd2104-2-e,10,1710.04065,129,1,1,1,2,block_2_1,block_8_1,block_2_1,unroll_4,unroll_2,pipeline_1,unroll_8,unroll_2,1,1.25,0.962131784831,False
workload_2976.cpp,xcu200-fsgd2104-2-e,10,1710.03905,163,1,1,1,2,block_2_1,block_8_1,block_2_1,unroll_4,unroll_2,pipeline_1,unroll_8,unroll_8,1,1.25,0.962131787643,False
workload_3003.cpp,xcu200-fsgd2104-2-e,10,12200.71537,146,1,1,1,2,block_2_1,block_8_1,block_2_1,unroll_4,unroll_2,unroll_2,unroll_4,unroll_8,1,1.25,0.269040158816,False
workload_3005.cpp,xcu200-fsgd2104-2-e,10,1709.67377,132,1,1,2,3,block_2_1,block_8_1,block_2_1,unroll_8,unroll_2,pipeline_1,unroll_2,unroll_2,1,1.75,0.888853549467,False
workload_2992.cpp,xcu200-fsgd2104-2-e,10,1709.67153,173,1,1,2,3,block_2_1,block_8_1,block_2_1,unroll_8,unroll_2,pipeline_1,unroll_4,unroll_8,1,1.75,0.888853550659,False
workload_3029.cpp,xcu200-fsgd2104-2-e,10,1709.67201,163,1,1,2,3,block_2_1,block_8_1,block_2_1,unroll_8,unroll_2,pipeline_1,unroll_8,unroll_2,1,1.75,0.888853550404,False
workload_3019.cpp,xcu200-fsgd2104-2-e,10,1710.04241,103,2,1,1,1,block_2_1,block_8_1,block_4_1,unroll_4,unroll_2,pipeline_1,unroll_2,unroll_2,1,1.25,0.962131781737,False
workload_3077.cpp,xcu200-fsgd2104-2-e,10,1710.04233,125,2,1,1,2,block_2_1,block_8_1,block_4_1,unroll_4,unroll_4,pipeline_1,unroll_2,unroll_2,1,1.5,0.925086854996,False
workload_3032.cpp,xcu200-fsgd2104-2-e,10,1709.67377,134,2,1,2,3,block_2_1,block_8_1,block_4_1,unroll_8,unroll_2,pipeline_1,unroll_2,unroll_2,1,2,0.853433046302,False
workload_2730.cpp,xcu200-fsgd2104-2-e,10,1877.25985,261,2,1,5,6,block_2_1,block_8_1,cyclic_16_1,unroll_16,unroll_2,pipeline_1,unroll_8,unroll_2,1,3.5,0.657698978825,False
workload_2647.cpp,xcu200-fsgd2104-2-e,10,9909.51425,541,2,1,3,7,block_2_1,block_8_1,cyclic_16_1,unroll_16,unroll_2,unroll_4,unroll_8,unroll_8,1,3.25,0.341281864628,False
workload_2761.cpp,xcu200-fsgd2104-2-e,10,1877.81281,157,2,1,1,2,block_2_1,block_8_1,cyclic_16_1,unroll_4,unroll_2,pipeline_1,unroll_8,unroll_2,1,1.5,0.923305846371,False
workload_2879.cpp,xcu200-fsgd2104-2-e,10,1877.26001,322,2,1,5,6,block_2_1,block_8_1,cyclic_32_1,unroll_16,unroll_2,pipeline_1,unroll_2,unroll_8,1,3.5,0.657698978285,False
workload_2809.cpp,xcu200-fsgd2104-2-e,10,1877.26161,201,1,1,5,5,block_2_1,block_8_1,cyclic_8_1,unroll_16,unroll_2,pipeline_1,unroll_2,unroll_2,1,3,0.719497738275,False
workload_2869.cpp,xcu200-fsgd2104-2-e,10,9909.51761,396,1,1,3,6,block_2_1,block_8_1,cyclic_8_1,unroll_16,unroll_2,unroll_4,unroll_2,unroll_2,1,2.75,0.355692386479,False
workload_2802.cpp,xcu200-fsgd2104-2-e,10,9909.51697,409,1,1,3,6,block_2_1,block_8_1,cyclic_8_1,unroll_16,unroll_2,unroll_4,unroll_4,unroll_2,1,2.75,0.35569241787,False
workload_2772.cpp,xcu200-fsgd2104-2-e,10,9909.51425,479,1,1,3,7,block_2_1,block_8_1,cyclic_8_1,unroll_16,unroll_2,unroll_4,unroll_8,unroll_8,1,3,0.348827790109,False
workload_2966.cpp,xcu200-fsgd2104-2-e,10,1877.26153,224,1,1,5,5,block_2_1,block_8_1,cyclic_8_1,unroll_16,unroll_4,pipeline_1,unroll_2,unroll_2,1,3,0.719497738631,False
workload_2999.cpp,xcu200-fsgd2104-2-e,10,1877.25993,316,1,1,5,6,block_2_1,block_8_1,cyclic_8_1,unroll_16,unroll_4,pipeline_1,unroll_2,unroll_8,1,3.25,0.688196750059,False
workload_2964.cpp,xcu200-fsgd2104-2-e,10,1877.81457,105,1,1,1,2,block_2_1,block_8_1,cyclic_8_1,unroll_4,unroll_2,pipeline_1,unroll_2,unroll_2,1,1.25,0.958613927582,False
workload_3076.cpp,xcu200-fsgd2104-2-e,10,1877.81393,118,1,1,1,2,block_2_1,block_8_1,cyclic_8_1,unroll_4,unroll_2,pipeline_1,unroll_2,unroll_4,1,1.25,0.958613952216,False
workload_3069.cpp,xcu200-fsgd2104-2-e,10,1877.81297,137,1,1,1,2,block_2_1,block_8_1,cyclic_8_1,unroll_4,unroll_2,pipeline_1,unroll_2,unroll_8,1,1.25,0.958613989166,False
workload_3036.cpp,xcu200-fsgd2104-2-e,10,1877.44465,159,1,1,2,3,block_2_1,block_8_1,cyclic_8_1,unroll_8,unroll_2,pipeline_1,unroll_4,unroll_4,1,1.75,0.887689281419,False
workload_3071.cpp,xcu200-fsgd2104-2-e,10,1877.44369,181,1,1,2,3,block_2_1,block_8_1,cyclic_8_1,unroll_8,unroll_2,pipeline_1,unroll_4,unroll_8,1,1.75,0.887689294161,False
workload_2891.cpp,xcu200-fsgd2104-2-e,10,1709.67377,127,3,1,2,2,block_2_1,cyclic_4_1,block_2_1,unroll_8,unroll_2,pipeline_1,unroll_2,unroll_2,1,2,0.853433046302,False
workload_2721.cpp,xcu200-fsgd2104-2-e,10,12525.71313,355,3,1,1,5,block_2_1,cyclic_4_1,cyclic_32_1,unroll_16,unroll_2,unroll_2,unroll_2,unroll_8,1,2.5,0.24579091023,False
workload_2821.cpp,xcu200-fsgd2104-2-e,10,1877.25921,284,2,1,5,6,block_2_1,cyclic_8_1,cyclic_16_1,unroll_16,unroll_2,pipeline_1,unroll_8,unroll_4,1,3.5,0.657698980989,False
workload_2769.cpp,xcu200-fsgd2104-2-e,10,1709.63281,210,3,1,5,6,block_4_1,block_16_1,block_2_1,unroll_16,unroll_2,pipeline_1,unroll_2,unroll_2,1,3.75,0.628267921751,False
workload_2658.cpp,xcu200-fsgd2104-2-e,10,1709.63105,252,3,1,6,7,block_4_1,block_16_1,block_2_1,unroll_16,unroll_2,pipeline_1,unroll_8,unroll_2,1,4.25,0.57125727263,False
workload_2741.cpp,xcu200-fsgd2104-2-e,10,1710.61409,151,3,1,1,3,block_4_1,block_16_1,block_2_1,unroll_4,unroll_2,pipeline_1,unroll_8,unroll_2,1,2,0.853432654514,False
workload_2812.cpp,xcu200-fsgd2104-2-e,10,1709.63105,251,4,1,6,7,block_4_1,block_16_1,block_4_1,unroll_16,unroll_2,pipeline_1,unroll_8,unroll_2,1,4.5,0.543972344503,False
workload_2819.cpp,xcu200-fsgd2104-2-e,10,1709.63105,227,3,1,6,6,block_4_1,block_2_1,block_2_1,unroll_16,unroll_2,pipeline_1,unroll_8,unroll_2,1,4,0.599355798935,False
workload_2768.cpp,xcu200-fsgd2104-2-e,10,1709.63264,873,3,1,8,12,block_4_1,block_2_1,block_2_1,unroll_16,unroll_32,pipeline_1,unroll_2,unroll_2,1,6,0.39734838225,False
workload_2801.cpp,xcu200-fsgd2104-2-e,10,1709.46721,369,3,3,11,11,block_4_1,block_2_1,block_2_1,unroll_32,unroll_2,pipeline_1,unroll_8,unroll_2,1,7,0.315871115472,False
workload_2695.cpp,xcu200-fsgd2104-2-e,10,12629.24801,1411,3,19,8,12,block_4_1,block_2_1,block_2_1,unroll_32,unroll_2,unroll_4,unroll_8,unroll_8,1,10.5,0.1,False
workload_2856.cpp,xcu200-fsgd2104-2-e,10,1710.61568,757,3,1,4,8,block_4_1,block_2_1,block_2_1,unroll_4,unroll_32,pipeline_1,unroll_2,unroll_2,1,4,0.599355687914,False
workload_2814.cpp,xcu200-fsgd2104-2-e,10,1709.63121,230,3,1,6,6,block_4_1,block_2_1,block_4_1,unroll_16,unroll_2,pipeline_1,unroll_2,unroll_8,1,4,0.599355798918,False
workload_2689.cpp,xcu200-fsgd2104-2-e,10,1877.40321,1104,3,1,6,10,block_4_1,block_2_1,cyclic_64_1,unroll_16,unroll_4,pipeline_1,unroll_8,unroll_2,1,5,0.491688653679,False
workload_2573.cpp,xcu200-fsgd2104-2-e,10,1709.63105,243,3,1,6,6,block_4_1,block_4_1,block_2_1,unroll_16,unroll_2,pipeline_1,unroll_8,unroll_2,1,4,0.599355798935,False
workload_2860.cpp,xcu200-fsgd2104-2-e,10,1878.38801,117,4,1,1,2,block_4_1,block_4_1,cyclic_16_1,unroll_4,unroll_2,pipeline_1,unroll_2,unroll_2,1,2,0.852568337153,False
workload_2671.cpp,xcu200-fsgd2104-2-e,10,1709.63105,345,3,1,6,8,block_4_1,block_64_1,block_2_1,unroll_16,unroll_2,pipeline_1,unroll_8,unroll_2,1,4.5,0.543972344503,False
workload_2840.cpp,xcu200-fsgd2104-2-e,10,1710.61585,143,3,1,1,3,block_4_1,block_64_1,block_2_1,unroll_4,unroll_2,pipeline_1,unroll_2,unroll_2,1,2,0.853432653734,False
workload_2722.cpp,xcu200-fsgd2104-2-e,10,1709.63105,356,4,1,6,8,block_4_1,block_64_1,block_4_1,unroll_16,unroll_2,pipeline_1,unroll_8,unroll_2,1,4.75,0.51750101562,False
workload_2492.cpp,xcu200-fsgd2104-2-e,10,1709.63105,237,2,1,6,6,block_4_1,block_8_1,block_2_1,unroll_16,unroll_2,pipeline_1,unroll_8,unroll_2,1,3.75,0.628267921959,False
workload_2845.cpp,xcu200-fsgd2104-2-e,10,1709.4688,1128,2,3,14,18,block_4_1,block_8_1,block_2_1,unroll_32,unroll_32,pipeline_1,unroll_2,unroll_2,1,9.25,0.180143012093,False
workload_2804.cpp,xcu200-fsgd2104-2-e,10,1710.61585,107,2,1,1,2,block_4_1,block_8_1,block_2_1,unroll_4,unroll_2,pipeline_1,unroll_2,unroll_2,1,1.5,0.925086342365,False
workload_2865.cpp,xcu200-fsgd2104-2-e,10,1710.61521,117,2,1,1,2,block_4_1,block_8_1,block_2_1,unroll_4,unroll_2,pipeline_1,unroll_4,unroll_2,1,1.5,0.925086342958,False
workload_2784.cpp,xcu200-fsgd2104-2-e,10,1710.61409,138,2,1,1,2,block_4_1,block_8_1,block_2_1,unroll_4,unroll_2,pipeline_1,unroll_8,unroll_2,1,1.5,0.925086343997,False
workload_2868.cpp,xcu200-fsgd2104-2-e,10,1709.96032,814,2,1,5,10,block_4_1,block_8_1,block_2_1,unroll_8,unroll_32,pipeline_1,unroll_2,unroll_2,1,4.5,0.54397231583,False
workload_2837.cpp,xcu200-fsgd2104-2-e,10,1710.61409,142,3,1,1,2,block_4_1,block_8_1,block_4_1,unroll_4,unroll_2,pipeline_1,unroll_8,unroll_2,1,1.75,0.888853014949,False
workload_2789.cpp,xcu200-fsgd2104-2-e,10,1877.40321,253,1,1,6,6,block_4_1,block_8_1,cyclic_8_1,unroll_16,unroll_2,pipeline_1,unroll_8,unroll_2,1,3.5,0.65769849405,False
workload_3017.cpp,xcu200-fsgd2104-2-e,10,10155.93289,494,1,9,4,7,block_4_1,block_8_1,cyclic_8_1,unroll_16,unroll_4,unroll_4,unroll_2,unroll_2,1,5.25,0.25739643798,False
workload_2800.cpp,xcu200-fsgd2104-2-e,10,1709.46721,424,3,3,11,12,block_4_1,cyclic_16_1,block_2_1,unroll_32,unroll_2,pipeline_1,unroll_8,unroll_2,1,7.25,0.297535803268,False
workload_2853.cpp,xcu200-fsgd2104-2-e,10,1709.46561,480,3,3,12,13,block_4_1,cyclic_16_1,block_2_1,unroll_32,unroll_2,pipeline_1,unroll_8,unroll_8,1,7.75,0.263305987401,False
workload_2749.cpp,xcu200-fsgd2104-2-e,10,1709.63121,231,3,1,6,6,block_4_1,cyclic_4_1,block_2_1,unroll_16,unroll_2,pipeline_1,unroll_2,unroll_8,1,4,0.599355798918,False
workload_2472.cpp,xcu200-fsgd2104-2-e,10,1709.63105,230.5,3,1,6,6,block_4_1,cyclic_4_1,block_2_1,unroll_16,unroll_2,pipeline_1,unroll_8,unroll_2,2,4,0.599355798935,False
workload_2673.cpp,xcu200-fsgd2104-2-e,10,12635.81361,275,3,4,2,4,block_4_1,cyclic_4_1,block_2_1,unroll_16,unroll_2,unroll_2,unroll_2,unroll_8,1,3.25,0.229993735683,False
workload_2748.cpp,xcu200-fsgd2104-2-e,10,1709.63105,294,3,1,6,7,block_4_1,cyclic_4_1,block_2_1,unroll_16,unroll_4,pipeline_1,unroll_8,unroll_2,1,4.25,0.57125727263,False
workload_2715.cpp,xcu200-fsgd2104-2-e,10,1709.46737,368,3,3,11,11,block_4_1,cyclic_4_1,block_2_1,unroll_32,unroll_2,pipeline_1,unroll_2,unroll_8,1,7,0.315871115467,False
workload_2734.cpp,xcu200-fsgd2104-2-e,10,8437.56721,1210,4,19,8,13,block_4_1,cyclic_4_1,cyclic_16_1,unroll_32,unroll_2,unroll_4,unroll_2,unroll_8,1,11,0.10509707289,False
workload_2703.cpp,xcu200-fsgd2104-2-e,10,1709.63105,239,2,1,6,6,block_4_1,cyclic_8_1,block_2_1,unroll_16,unroll_2,pipeline_1,unroll_8,unroll_2,1,3.75,0.628267921959,False
workload_2777.cpp,xcu200-fsgd2104-2-e,10,1709.63041,255,2,1,6,7,block_4_1,cyclic_8_1,block_2_1,unroll_16,unroll_2,pipeline_1,unroll_8,unroll_4,1,4,0.599355799002,False
workload_2862.cpp,xcu200-fsgd2104-2-e,10,1709.46897,340,2,3,11,11,block_4_1,cyclic_8_1,block_2_1,unroll_32,unroll_2,pipeline_1,unroll_2,unroll_2,1,6.75,0.335020030325,False
workload_2733.cpp,xcu200-fsgd2104-2-e,10,1709.46721,386,2,3,11,12,block_4_1,cyclic_8_1,block_2_1,unroll_32,unroll_2,pipeline_1,unroll_8,unroll_2,1,7,0.315871115472,False
workload_3025.cpp,xcu200-fsgd2104-2-e,10,1886.17033,339,4,1,1,5,block_64_1,block_2_1,block_2_1,unroll_4,unroll_4,pipeline_1,unroll_2,unroll_2,1,2.75,0.751549891654,False
workload_2680.cpp,xcu200-fsgd2104-2-e,10,1887.09025,1187,5,1,6,16,block_64_1,block_64_1,block_2_1,unroll_16,unroll_2,pipeline_1,unroll_8,unroll_2,1,7,0.315785848919,False
workload_3290.cpp,xcu200-fsgd2104-2-e,10,14743.59457,371,3,1,1,4,block_64_1,block_8_1,block_2_1,unroll_2,unroll_2,unroll_2,unroll_8,unroll_2,1,2.25,0.174983903771,False
workload_2735.cpp,xcu200-fsgd2104-2-e,10,1882.48393,430,5,3,11,13,block_8_1,block_16_1,block_2_1,unroll_32,unroll_4,pipeline_1,unroll_2,unroll_2,1,8,0.247354071709,False
workload_2753.cpp,xcu200-fsgd2104-2-e,10,2051.40129,211,5,1,1,4,block_8_1,block_32_1,cyclic_16_1,unroll_4,unroll_2,pipeline_1,unroll_8,unroll_2,1,2.75,0.750241231228,False
workload_2679.cpp,xcu200-fsgd2104-2-e,10,2051.40233,236,5,1,2,4,block_8_1,block_32_1,cyclic_16_1,unroll_4,unroll_4,pipeline_1,unroll_4,unroll_2,1,3,0.71833917231,False
workload_2659.cpp,xcu200-fsgd2104-2-e,10,2051.40129,406,5,1,2,5,block_8_1,block_32_1,cyclic_16_1,unroll_4,unroll_4,pipeline_1,unroll_8,unroll_2,1,3.25,0.68719242965,False
workload_2947.cpp,xcu200-fsgd2104-2-e,10,1875.92865,846,5,1,1,8,cyclic_128_1,block_4_1,block_2_1,unroll_4,unroll_2,pipeline_1,unroll_8,unroll_2,1,3.75,0.628011222558,False
workload_2991.cpp,xcu200-fsgd2104-2-e,10,1875.93041,124,2,1,1,1,cyclic_16_1,block_16_1,block_2_1,unroll_4,unroll_2,pipeline_1,unroll_2,unroll_2,1,1.25,0.958686123291,False
workload_3129.cpp,xcu200-fsgd2104-2-e,10,2043.70257,127,1,1,1,2,cyclic_16_1,block_16_1,cyclic_8_1,unroll_4,unroll_2,pipeline_1,unroll_2,unroll_2,1,1.25,0.95011287706,False
workload_3018.cpp,xcu200-fsgd2104-2-e,10,2043.70081,204,2,1,1,2,cyclic_16_1,block_2_1,block_16_1,unroll_4,unroll_2,pipeline_1,unroll_8,unroll_2,1,1.5,0.918543111275,False
workload_2813.cpp,xcu200-fsgd2104-2-e,10,1876.05329,224,1,1,1,3,cyclic_16_1,block_2_1,block_2_1,unroll_16,unroll_2,pipeline_1,unroll_2,unroll_2,1,1.5,0.923341095221,False
workload_2844.cpp,xcu200-fsgd2104-2-e,10,1876.05153,272,1,1,1,4,cyclic_16_1,block_2_1,block_2_1,unroll_16,unroll_2,pipeline_1,unroll_8,unroll_2,1,1.75,0.887707701023,False
workload_2961.cpp,xcu200-fsgd2104-2-e,10,5788.61393,451,1,1,1,5,cyclic_16_1,block_2_1,block_2_1,unroll_16,unroll_2,unroll_4,unroll_2,unroll_2,1,2,0.625032563496,False
workload_2978.cpp,xcu200-fsgd2104-2-e,10,5788.61217,500,1,1,1,6,cyclic_16_1,block_2_1,block_2_1,unroll_16,unroll_2,unroll_4,unroll_8,unroll_2,1,2.25,0.613466961477,False
workload_2849.cpp,xcu200-fsgd2104-2-e,10,1876.07377,395,1,1,1,6,cyclic_16_1,block_2_1,block_2_1,unroll_32,unroll_2,pipeline_1,unroll_2,unroll_2,1,2.25,0.818167169731,False
workload_2766.cpp,xcu200-fsgd2104-2-e,10,1876.07201,451,1,1,1,6,cyclic_16_1,block_2_1,block_2_1,unroll_32,unroll_2,pipeline_1,unroll_8,unroll_2,1,2.25,0.818167183103,False
workload_2720.cpp,xcu200-fsgd2104-2-e,10,1876.07137,468,1,1,2,7,cyclic_16_1,block_2_1,block_2_1,unroll_32,unroll_2,pipeline_1,unroll_8,unroll_4,1,2.75,0.751603708555,False
workload_2828.cpp,xcu200-fsgd2104-2-e,10,1876.07041,525,1,1,2,7,cyclic_16_1,block_2_1,block_2_1,unroll_32,unroll_2,pipeline_1,unroll_8,unroll_8,1,2.75,0.751603713527,False
workload_2911.cpp,xcu200-fsgd2104-2-e,10,1875.93041,112,1,1,1,1,cyclic_16_1,block_2_1,block_2_1,unroll_4,unroll_2,pipeline_1,unroll_2,unroll_2,1,1,0.983265225673,False
workload_2831.cpp,xcu200-fsgd2104-2-e,10,3107.50881,944,1,1,2,11,cyclic_16_1,block_2_1,block_2_1,unroll_64,unroll_2,unroll_4,unroll_8,unroll_2,1,3.75,0.611893859023,False
workload_2805.cpp,xcu200-fsgd2104-2-e,10,1876.01233,154,1,1,1,2,cyclic_16_1,block_2_1,block_2_1,unroll_8,unroll_2,pipeline_1,unroll_2,unroll_2,1,1.25,0.958682997887,False
workload_2921.cpp,xcu200-fsgd2104-2-e,10,1876.01225,174,1,1,1,3,cyclic_16_1,block_2_1,block_2_1,unroll_8,unroll_4,pipeline_1,unroll_2,unroll_2,1,1.5,0.92334191334,False
workload_2774.cpp,xcu200-fsgd2104-2-e,10,1876.05329,232,2,1,1,3,cyclic_16_1,block_2_1,block_4_1,unroll_16,unroll_2,pipeline_1,unroll_2,unroll_2,1,1.75,0.887707677843,False
workload_2848.cpp,xcu200-fsgd2104-2-e,10,1876.05265,249,2,1,1,3,cyclic_16_1,block_2_1,block_4_1,unroll_16,unroll_2,pipeline_1,unroll_2,unroll_4,1,1.75,0.887707686272,False
workload_2875.cpp,xcu200-fsgd2104-2-e,10,1876.05153,283,2,1,1,4,cyclic_16_1,block_2_1,block_4_1,unroll_16,unroll_2,pipeline_1,unroll_8,unroll_2,1,2,0.852591150839,False
workload_2871.cpp,xcu200-fsgd2104-2-e,10,1876.07201,455,2,1,1,6,cyclic_16_1,block_2_1,block_4_1,unroll_32,unroll_2,pipeline_1,unroll_8,unroll_2,1,2.5,0.784496112051,False
workload_2960.cpp,xcu200-fsgd2104-2-e,10,1875.93041,115,2,1,1,1,cyclic_16_1,block_2_1,block_4_1,unroll_4,unroll_2,pipeline_1,unroll_2,unroll_2,1,1.25,0.958686123291,False
workload_2874.cpp,xcu200-fsgd2104-2-e,10,1875.92865,164,2,1,1,2,cyclic_16_1,block_2_1,block_4_1,unroll_4,unroll_2,pipeline_1,unroll_8,unroll_2,1,1.5,0.92334357931,False
workload_3001.cpp,xcu200-fsgd2104-2-e,10,1876.01233,152,2,1,1,2,cyclic_16_1,block_2_1,block_4_1,unroll_8,unroll_2,pipeline_1,unroll_2,unroll_2,1,1.5,0.923341911746,False
workload_2893.cpp,xcu200-fsgd2104-2-e,10,1876.01225,185,2,1,1,3,cyclic_16_1,block_2_1,block_4_1,unroll_8,unroll_4,pipeline_1,unroll_2,unroll_2,1,1.75,0.887708218287,False
workload_2895.cpp,xcu200-fsgd2104-2-e,10,2043.82481,281,2,1,1,4,cyclic_16_1,block_2_1,cyclic_16_1,unroll_16,unroll_2,pipeline_1,unroll_4,unroll_2,1,2,0.850198378427,False
workload_3133.cpp,xcu200-fsgd2104-2-e,10,2043.70257,127,2,1,1,1,cyclic_16_1,block_2_1,cyclic_16_1,unroll_4,unroll_2,pipeline_1,unroll_2,unroll_2,1,1.25,0.95011287706,False
workload_2677.cpp,xcu200-fsgd2104-2-e,10,2043.78449,170,2,1,1,2,cyclic_16_1,block_2_1,cyclic_16_1,unroll_8,unroll_2,pipeline_1,unroll_2,unroll_2,1,1.5,0.918540035512,False
workload_2786.cpp,xcu200-fsgd2104-2-e,10,2043.78385,191,2,1,1,3,cyclic_16_1,block_2_1,cyclic_16_1,unroll_8,unroll_2,pipeline_1,unroll_4,unroll_2,1,1.75,0.884480996413,False
workload_2661.cpp,xcu200-fsgd2104-2-e,10,2043.78449,194,2,1,1,3,cyclic_16_1,block_2_1,cyclic_32_1,unroll_8,unroll_2,pipeline_1,unroll_2,unroll_2,1,1.75,0.884480980339,False
workload_2967.cpp,xcu200-fsgd2104-2-e,10,2043.82481,254,1,1,1,4,cyclic_16_1,block_2_1,cyclic_8_1,unroll_16,unroll_2,pipeline_1,unroll_4,unroll_2,1,1.75,0.884479967591,False
workload_2930.cpp,xcu200-fsgd2104-2-e,10,5956.38545,482,1,1,1,6,cyclic_16_1,block_2_1,cyclic_8_1,unroll_16,unroll_2,unroll_4,unroll_4,unroll_2,1,2.25,0.602404554778,False
workload_2934.cpp,xcu200-fsgd2104-2-e,10,2043.70257,122,1,1,1,1,cyclic_16_1,block_2_1,cyclic_8_1,unroll_4,unroll_2,pipeline_1,unroll_2,unroll_2,2,1,0.967202998691,False
workload_3138.cpp,xcu200-fsgd2104-2-e,10,2043.70097,166,1,1,1,2,cyclic_16_1,block_2_1,cyclic_8_1,unroll_4,unroll_2,pipeline_1,unroll_2,unroll_8,1,1.25,0.950112975824,False
workload_3011.cpp,xcu200-fsgd2104-2-e,10,6019.36209,160,1,1,1,2,cyclic_16_1,block_2_1,cyclic_8_1,unroll_4,unroll_2,unroll_4,unroll_2,unroll_2,1,1.25,0.628371795388,False
workload_3119.cpp,xcu200-fsgd2104-2-e,10,2043.78449,155,1,1,1,2,cyclic_16_1,block_2_1,cyclic_8_1,unroll_8,unroll_2,pipeline_1,unroll_2,unroll_2,1,1.25,0.950107820027,False
workload_2926.cpp,xcu200-fsgd2104-2-e,10,5977.37809,248,1,1,1,3,cyclic_16_1,block_2_1,cyclic_8_1,unroll_8,unroll_2,unroll_4,unroll_2,unroll_2,1,1.5,0.627468737885,False
workload_2969.cpp,xcu200-fsgd2104-2-e,10,2043.78441,192,1,1,1,3,cyclic_16_1,block_2_1,cyclic_8_1,unroll_8,unroll_4,pipeline_1,unroll_2,unroll_2,1,1.5,0.918540038453,False
workload_2900.cpp,xcu200-fsgd2104-2-e,10,1876.05153,328,2,1,1,5,cyclic_16_1,block_32_1,block_2_1,unroll_16,unroll_2,pipeline_1,unroll_8,unroll_2,1,2.25,0.818167338688,False
workload_2908.cpp,xcu200-fsgd2104-2-e,10,1876.05257,351,2,1,1,5,cyclic_16_1,block_32_1,block_2_1,unroll_16,unroll_4,pipeline_1,unroll_4,unroll_2,1,2.25,0.818167330787,False
workload_2807.cpp,xcu200-fsgd2104-2-e,10,1876.01169,195,2,1,1,3,cyclic_16_1,block_32_1,block_2_1,unroll_8,unroll_2,pipeline_1,unroll_4,unroll_2,1,1.75,0.88770822566,False
workload_2941.cpp,xcu200-fsgd2104-2-e,10,2043.70257,151,3,1,1,2,cyclic_16_1,block_32_1,cyclic_16_1,unroll_4,unroll_2,pipeline_1,unroll_2,unroll_2,1,1.75,0.884483037647,False
workload_2767.cpp,xcu200-fsgd2104-2-e,10,2043.70193,171,3,1,1,2,cyclic_16_1,block_32_1,cyclic_16_1,unroll_4,unroll_2,pipeline_1,unroll_4,unroll_2,1,1.75,0.884483053718,False
workload_2728.cpp,xcu200-fsgd2104-2-e,10,2043.78385,215,3,1,1,3,cyclic_16_1,block_32_1,cyclic_16_1,unroll_8,unroll_2,pipeline_1,unroll_4,unroll_2,1,2,0.850199146,False
workload_2919.cpp,xcu200-fsgd2104-2-e,10,2043.78449,177,1,1,1,3,cyclic_16_1,block_32_1,cyclic_8_1,unroll_8,unroll_2,pipeline_1,unroll_2,unroll_2,1,1.5,0.918540035512,False
workload_2945.cpp,xcu200-fsgd2104-2-e,10,1876.04993,340,2,1,1,4,cyclic_16_1,block_4_1,block_2_1,unroll_16,unroll_2,pipeline_1,unroll_8,unroll_8,1,2,0.852591166358,False
workload_3004.cpp,xcu200-fsgd2104-2-e,10,1875.76481,140,2,1,1,1,cyclic_16_1,block_4_1,block_2_1,unroll_2,unroll_2,pipeline_1,unroll_8,unroll_2,1,1.25,0.958692437479,False
workload_2878.cpp,xcu200-fsgd2104-2-e,10,1875.93041,112,2,1,1,1,cyclic_16_1,block_4_1,block_2_1,unroll_4,unroll_2,pipeline_1,unroll_2,unroll_2,1,1.25,0.958686123291,False
workload_2914.cpp,xcu200-fsgd2104-2-e,10,1875.92881,159,2,1,1,2,cyclic_16_1,block_4_1,block_2_1,unroll_4,unroll_2,pipeline_1,unroll_2,unroll_8,1,1.5,0.923343576122,False
workload_2913.cpp,xcu200-fsgd2104-2-e,10,1875.92865,156,2,1,1,2,cyclic_16_1,block_4_1,block_2_1,unroll_4,unroll_2,pipeline_1,unroll_8,unroll_2,1,1.5,0.92334357931,False
workload_3022.cpp,xcu200-fsgd2104-2-e,10,3502.77793,197,2,1,1,2,cyclic_16_1,block_4_1,block_2_1,unroll_4,unroll_2,unroll_4,unroll_8,unroll_2,1,1.5,0.819329818242,False
workload_3010.cpp,xcu200-fsgd2104-2-e,10,1875.92969,168,2,1,1,2,cyclic_16_1,block_4_1,block_2_1,unroll_4,unroll_4,pipeline_1,unroll_4,unroll_2,1,1.5,0.92334355859,False
workload_2775.cpp,xcu200-fsgd2104-2-e,10,1876.05169,280,3,1,1,4,cyclic_16_1,block_4_1,block_4_1,unroll_16,unroll_2,pipeline_1,unroll_2,unroll_8,1,2.25,0.818167337472,False
workload_2974.cpp,xcu200-fsgd2104-2-e,10,2043.70097,175,1,1,1,2,cyclic_16_1,block_4_1,block_8_1,unroll_4,unroll_2,pipeline_1,unroll_2,unroll_8,1,1.25,0.950112975824,False
workload_2773.cpp,xcu200-fsgd2104-2-e,10,2043.82545,286,3,1,1,4,cyclic_16_1,block_4_1,cyclic_32_1,unroll_16,unroll_2,pipeline_1,unroll_2,unroll_2,1,2.25,0.816287476471,False
workload_2597.cpp,xcu200-fsgd2104-2-e,10,2043.70257,148,3,1,1,2,cyclic_16_1,block_4_1,cyclic_32_1,unroll_4,unroll_2,pipeline_1,unroll_2,unroll_2,1,1.75,0.884483037647,False
workload_2732.cpp,xcu200-fsgd2104-2-e,10,2043.70097,244,3,1,1,3,cyclic_16_1,block_4_1,cyclic_32_1,unroll_4,unroll_2,pipeline_1,unroll_2,unroll_8,1,2,0.850200698868,False
workload_2977.cpp,xcu200-fsgd2104-2-e,10,3591.84657,451,1,1,1,6,cyclic_16_1,block_4_1,cyclic_8_1,unroll_16,unroll_2,unroll_4,unroll_4,unroll_2,1,2.25,0.754469192763,False
workload_2830.cpp,xcu200-fsgd2104-2-e,10,2043.78449,248,3,1,1,4,cyclic_16_1,block_64_1,cyclic_32_1,unroll_8,unroll_2,pipeline_1,unroll_2,unroll_2,1,2.25,0.816288081378,False
workload_2982.cpp,xcu200-fsgd2104-2-e,10,3442.42449,441,1,1,1,6,cyclic_16_1,block_8_1,block_2_1,unroll_16,unroll_2,unroll_4,unroll_4,unroll_2,1,2.25,0.762872683847,False
workload_2968.cpp,xcu200-fsgd2104-2-e,10,5012.72753,162,1,1,1,2,cyclic_16_1,block_8_1,block_2_1,unroll_4,unroll_2,unroll_2,unroll_2,unroll_8,1,1.25,0.705473205475,False
workload_3013.cpp,xcu200-fsgd2104-2-e,10,5012.72577,222,1,1,1,2,cyclic_16_1,block_8_1,block_2_1,unroll_4,unroll_2,unroll_2,unroll_8,unroll_8,1,1.25,0.70547334464,False
workload_2996.cpp,xcu200-fsgd2104-2-e,10,1876.01225,185,1,1,1,3,cyclic_16_1,block_8_1,block_2_1,unroll_8,unroll_4,pipeline_1,unroll_2,unroll_2,1,1.5,0.92334191334,False
workload_2962.cpp,xcu200-fsgd2104-2-e,10,3644.29649,253,1,1,1,3,cyclic_16_1,block_8_1,block_8_1,unroll_8,unroll_2,unroll_4,unroll_2,unroll_2,1,1.5,0.808056316096,False
workload_2953.cpp,xcu200-fsgd2104-2-e,10,2043.70257,129,1,1,1,2,cyclic_16_1,block_8_1,cyclic_16_1,unroll_4,unroll_2,pipeline_1,unroll_2,unroll_2,1,1.25,0.95011287706,False
workload_2867.cpp,xcu200-fsgd2104-2-e,10,2043.78449,170,1,1,1,2,cyclic_16_1,block_8_1,cyclic_16_1,unroll_8,unroll_2,pipeline_1,unroll_2,unroll_2,1,1.25,0.950107820027,False
workload_2918.cpp,xcu200-fsgd2104-2-e,10,2043.78289,232,1,1,1,3,cyclic_16_1,block_8_1,cyclic_16_1,unroll_8,unroll_2,pipeline_1,unroll_2,unroll_8,1,1.5,0.918540094328,False
workload_3112.cpp,xcu200-fsgd2104-2-e,10,2043.70193,177,1,1,1,2,cyclic_16_1,block_8_1,cyclic_32_1,unroll_4,unroll_2,pipeline_1,unroll_2,unroll_4,1,1.25,0.950112916566,False
workload_2986.cpp,xcu200-fsgd2104-2-e,10,2043.82545,238,1,1,1,4,cyclic_16_1,block_8_1,cyclic_8_1,unroll_16,unroll_2,pipeline_1,unroll_2,unroll_2,1,1.75,0.884479951515,False
workload_2838.cpp,xcu200-fsgd2104-2-e,10,3610.19665,465,1,1,1,6,cyclic_16_1,block_8_1,cyclic_8_1,unroll_16,unroll_2,unroll_4,unroll_4,unroll_2,1,2.25,0.753415741136,False
workload_2873.cpp,xcu200-fsgd2104-2-e,10,2043.70257,127,1,1,1,1,cyclic_16_1,block_8_1,cyclic_8_1,unroll_4,unroll_2,pipeline_1,unroll_2,unroll_2,1,1,0.967202998691,False
workload_2855.cpp,xcu200-fsgd2104-2-e,10,3712.49329,215,1,1,1,2,cyclic_16_1,block_8_1,cyclic_8_1,unroll_4,unroll_2,unroll_4,unroll_2,unroll_8,1,1.25,0.812149338813,False
workload_2901.cpp,xcu200-fsgd2104-2-e,10,3649.53937,256,1,1,1,3,cyclic_16_1,block_8_1,cyclic_8_1,unroll_8,unroll_2,unroll_4,unroll_2,unroll_2,1,1.5,0.807637993366,False
workload_3006.cpp,xcu200-fsgd2104-2-e,10,2043.78281,357,1,1,1,4,cyclic_16_1,block_8_1,cyclic_8_1,unroll_8,unroll_4,pipeline_1,unroll_2,unroll_8,1,1.75,0.884481022534,False
workload_2946.cpp,xcu200-fsgd2104-2-e,10,1876.04993,340,2,1,1,4,cyclic_16_1,cyclic_4_1,block_2_1,unroll_16,unroll_2,pipeline_1,unroll_8,unroll_8,1,2,0.852591166358,False
workload_2835.cpp,xcu200-fsgd2104-2-e,10,1703.03649,215,3,1,1,3,cyclic_2_1,block_16_1,block_2_1,unroll_16,unroll_2,pipeline_1,unroll_8,unroll_2,1,2,0.853434395039,False
workload_3062.cpp,xcu200-fsgd2104-2-e,10,1703.03808,874,3,1,3,9,cyclic_2_1,block_16_1,block_2_1,unroll_16,unroll_32,pipeline_1,unroll_2,unroll_2,1,4,0.599356160426,False
workload_3257.cpp,xcu200-fsgd2104-2-e,10,1702.74977,119,3,1,1,1,cyclic_2_1,block_16_1,block_2_1,unroll_2,unroll_2,pipeline_1,unroll_8,unroll_2,1,1.5,0.925089991651,False
workload_3169.cpp,xcu200-fsgd2104-2-e,10,1702.74977,184,3,1,1,2,cyclic_2_1,block_16_1,block_2_1,unroll_2,unroll_4,pipeline_1,unroll_8,unroll_2,1,1.75,0.888855392756,False
workload_3094.cpp,xcu200-fsgd2104-2-e,10,1702.91377,131,3,1,1,1,cyclic_2_1,block_16_1,block_2_1,unroll_4,unroll_2,pipeline_1,unroll_2,unroll_8,1,1.5,0.925089990035,False
workload_2952.cpp,xcu200-fsgd2104-2-e,10,3161.99249,110,3,1,1,1,cyclic_2_1,block_16_1,block_2_1,unroll_4,unroll_2,unroll_4,unroll_2,unroll_2,1,1.5,0.846179621002,False
workload_3168.cpp,xcu200-fsgd2104-2-e,10,1870.68753,107,2,1,1,1,cyclic_2_1,block_16_1,block_8_1,unroll_4,unroll_2,pipeline_1,unroll_2,unroll_2,1,1.25,0.958883571209,False
workload_3162.cpp,xcu200-fsgd2104-2-e,10,1702.99569,160,3,1,1,2,cyclic_2_1,block_16_1,cyclic_4_1,unroll_8,unroll_2,pipeline_1,unroll_2,unroll_8,1,1.75,0.888855390402,False
workload_3045.cpp,xcu200-fsgd2104-2-e,10,1870.68753,107,2,1,1,1,cyclic_2_1,block_16_1,cyclic_8_1,unroll_4,unroll_2,pipeline_1,unroll_2,unroll_2,1,1.25,0.958883571209,False
workload_3176.cpp,xcu200-fsgd2104-2-e,10,1870.76721,180,2,1,1,2,cyclic_2_1,block_16_1,cyclic_8_1,unroll_8,unroll_2,pipeline_1,unroll_4,unroll_8,1,1.5,0.923444951434,False
workload_2951.cpp,xcu200-fsgd2104-2-e,10,1703.03825,164,2,1,1,2,cyclic_2_1,block_2_1,block_2_1,unroll_16,unroll_2,pipeline_1,unroll_2,unroll_2,1,1.5,0.925089986691,False
workload_2984.cpp,xcu200-fsgd2104-2-e,10,1703.03665,190,2,1,1,2,cyclic_2_1,block_2_1,block_2_1,unroll_16,unroll_2,pipeline_1,unroll_2,unroll_8,1,1.5,0.925089986745,False
workload_2886.cpp,xcu200-fsgd2104-2-e,10,1703.03649,208,2,1,1,2,cyclic_2_1,block_2_1,block_2_1,unroll_16,unroll_2,pipeline_1,unroll_8,unroll_2,1,1.5,0.925089986751,False
workload_2783.cpp,xcu200-fsgd2104-2-e,10,1703.03808,731,2,1,3,7,cyclic_2_1,block_2_1,block_2_1,unroll_16,unroll_32,pipeline_1,unroll_2,unroll_2,1,3.25,0.688533472361,False
workload_3183.cpp,xcu200-fsgd2104-2-e,10,1702.74977,108,2,1,1,1,cyclic_2_1,block_2_1,block_2_1,unroll_2,unroll_2,pipeline_1,unroll_8,unroll_2,1,1.25,0.962138194066,False
workload_3351.cpp,xcu200-fsgd2104-2-e,10,1702.74913,115,2,1,1,1,cyclic_2_1,block_2_1,block_2_1,unroll_2,unroll_2,pipeline_1,unroll_8,unroll_4,1,1.25,0.962138194066,False
workload_3297.cpp,xcu200-fsgd2104-2-e,10,5636.71313,88,2,1,1,1,cyclic_2_1,block_2_1,block_2_1,unroll_2,unroll_2,unroll_2,unroll_2,unroll_4,1,1.25,0.657086519289,False
workload_3270.cpp,xcu200-fsgd2104-2-e,10,5636.71217,100,2,1,1,1,cyclic_2_1,block_2_1,block_2_1,unroll_2,unroll_2,unroll_2,unroll_2,unroll_8,1,1.25,0.65708659225,False
workload_3145.cpp,xcu200-fsgd2104-2-e,10,5636.71201,101,2,1,1,1,cyclic_2_1,block_2_1,block_2_1,unroll_2,unroll_2,unroll_2,unroll_8,unroll_2,1,1.25,0.65708660441,False
workload_3233.cpp,xcu200-fsgd2104-2-e,10,1702.74977,164,2,1,1,1,cyclic_2_1,block_2_1,block_2_1,unroll_2,unroll_4,pipeline_1,unroll_8,unroll_2,1,1.25,0.962138194066,False
workload_2857.cpp,xcu200-fsgd2104-2-e,10,1702.91537,93,2,1,1,1,cyclic_2_1,block_2_1,block_2_1,unroll_4,unroll_2,pipeline_1,unroll_2,unroll_2,2,1.25,0.962138190697,False
workload_3068.cpp,xcu200-fsgd2104-2-e,10,1702.91377,116,2,1,1,1,cyclic_2_1,block_2_1,block_2_1,unroll_4,unroll_2,pipeline_1,unroll_2,unroll_8,1,1.25,0.962138190761,False
workload_3121.cpp,xcu200-fsgd2104-2-e,10,1702.91473,104,2,1,1,1,cyclic_2_1,block_2_1,block_2_1,unroll_4,unroll_2,pipeline_1,unroll_4,unroll_2,2,1.25,0.962138190722,False
workload_3033.cpp,xcu200-fsgd2104-2-e,10,1702.91361,116.5,2,1,1,1,cyclic_2_1,block_2_1,block_2_1,unroll_4,unroll_2,pipeline_1,unroll_8,unroll_2,2,1.25,0.962138190767,False
workload_3237.cpp,xcu200-fsgd2104-2-e,10,1702.91201,144,2,1,1,1,cyclic_2_1,block_2_1,block_2_1,unroll_4,unroll_2,pipeline_1,unroll_8,unroll_8,1,1.25,0.962138190831,False
workload_3090.cpp,xcu200-fsgd2104-2-e,10,5636.63185,84,2,1,1,1,cyclic_2_1,block_2_1,block_2_1,unroll_4,unroll_2,unroll_2,unroll_2,unroll_2,1,1.25,0.657092696682,False
workload_3227.cpp,xcu200-fsgd2104-2-e,10,5636.63025,112,2,1,1,1,cyclic_2_1,block_2_1,block_2_1,unroll_4,unroll_2,unroll_2,unroll_2,unroll_8,1,1.25,0.657092818284,False
workload_3339.cpp,xcu200-fsgd2104-2-e,10,5636.63009,113,2,1,1,1,cyclic_2_1,block_2_1,block_2_1,unroll_4,unroll_2,unroll_2,unroll_8,unroll_2,1,1.25,0.657092830445,False
workload_3087.cpp,xcu200-fsgd2104-2-e,10,5594.68881,100,2,1,1,1,cyclic_2_1,block_2_1,block_2_1,unroll_4,unroll_2,unroll_4,unroll_2,unroll_2,1,1.25,0.660284823601,False
workload_3209.cpp,xcu200-fsgd2104-2-e,10,5636.63168,600,2,1,2,6,cyclic_2_1,block_2_1,block_2_1,unroll_4,unroll_32,unroll_2,unroll_2,unroll_2,1,2.75,0.593950966687,False
workload_2923.cpp,xcu200-fsgd2104-2-e,10,1702.91529,110,2,1,1,1,cyclic_2_1,block_2_1,block_2_1,unroll_4,unroll_4,pipeline_1,unroll_2,unroll_2,1,1.25,0.9621381907,False
workload_3156.cpp,xcu200-fsgd2104-2-e,10,1702.91369,175,2,1,1,2,cyclic_2_1,block_2_1,block_2_1,unroll_4,unroll_4,pipeline_1,unroll_2,unroll_8,1,1.5,0.925089990036,False
workload_3039.cpp,xcu200-fsgd2104-2-e,10,1702.91305,195,2,1,1,2,cyclic_2_1,block_2_1,block_2_1,unroll_4,unroll_4,pipeline_1,unroll_4,unroll_8,1,1.5,0.925089990049,False
workload_3190.cpp,xcu200-fsgd2104-2-e,10,1702.91201,350,2,1,1,2,cyclic_2_1,block_2_1,block_2_1,unroll_4,unroll_4,pipeline_1,unroll_8,unroll_8,1,1.5,0.925089990069,False
workload_3317.cpp,xcu200-fsgd2104-2-e,10,5636.62849,321,2,1,1,2,cyclic_2_1,block_2_1,block_2_1,unroll_4,unroll_4,unroll_2,unroll_8,unroll_8,1,1.5,0.652632232318,False
workload_3189.cpp,xcu200-fsgd2104-2-e,10,1702.91365,427,2,1,1,3,cyclic_2_1,block_2_1,block_2_1,unroll_4,unroll_8,pipeline_1,unroll_2,unroll_8,1,1.75,0.888855391704,False
workload_3131.cpp,xcu200-fsgd2104-2-e,10,1702.99721,137,2,1,1,2,cyclic_2_1,block_2_1,block_2_1,unroll_8,unroll_4,pipeline_1,unroll_2,unroll_2,1,1.5,0.925089987995,False
workload_3229.cpp,xcu200-fsgd2104-2-e,10,5636.71217,107,3,1,1,1,cyclic_2_1,block_2_1,block_4_1,unroll_2,unroll_2,unroll_2,unroll_2,unroll_8,1,1.5,0.652625990418,False
workload_3142.cpp,xcu200-fsgd2104-2-e,10,5636.63025,114,3,1,1,1,cyclic_2_1,block_2_1,block_4_1,unroll_4,unroll_2,unroll_2,unroll_2,unroll_8,1,1.5,0.652632101035,False
workload_3329.cpp,xcu200-fsgd2104-2-e,10,1870.68593,133,1,1,1,1,cyclic_2_1,block_2_1,block_8_1,unroll_4,unroll_2,pipeline_1,unroll_2,unroll_8,1,1,0.983769699122,False
workload_3107.cpp,xcu200-fsgd2104-2-e,10,5804.40401,90,1,1,1,1,cyclic_2_1,block_2_1,block_8_1,unroll_4,unroll_2,unroll_2,unroll_2,unroll_2,1,1,0.645839966225,False
workload_3059.cpp,xcu200-fsgd2104-2-e,10,1870.68745,121.5,1,1,1,1,cyclic_2_1,block_2_1,block_8_1,unroll_4,unroll_4,pipeline_1,unroll_2,unroll_2,2,1,0.98376955289,False
workload_3305.cpp,xcu200-fsgd2104-2-e,10,5804.40225,198,1,1,1,1,cyclic_2_1,block_2_1,block_8_1,unroll_4,unroll_4,unroll_2,unroll_8,unroll_2,1,1,0.645840099293,False
workload_2738.cpp,xcu200-fsgd2104-2-e,10,1870.83089,305,3,1,1,4,cyclic_2_1,block_2_1,cyclic_16_1,unroll_32,unroll_2,pipeline_1,unroll_2,unroll_2,1,2.25,0.818206404822,False
workload_3172.cpp,xcu200-fsgd2104-2-e,10,1702.91377,122,3,1,1,1,cyclic_2_1,block_2_1,cyclic_4_1,unroll_4,unroll_2,pipeline_1,unroll_2,unroll_8,1,1.5,0.925089990035,False
workload_3101.cpp,xcu200-fsgd2104-2-e,10,1870.52369,85,1,1,1,1,cyclic_2_1,block_2_1,cyclic_8_1,unroll_2,unroll_2,pipeline_1,unroll_2,unroll_2,1,1,0.983785307498,False
workload_3352.cpp,xcu200-fsgd2104-2-e,10,1870.52129,125,1,1,1,1,cyclic_2_1,block_2_1,cyclic_8_1,unroll_2,unroll_2,pipeline_1,unroll_8,unroll_4,1,1,0.983785538393,False
workload_3349.cpp,xcu200-fsgd2104-2-e,10,1870.52033,150,1,1,1,1,cyclic_2_1,block_2_1,cyclic_8_1,unroll_2,unroll_2,pipeline_1,unroll_8,unroll_8,1,1,0.98378563075,False
workload_3016.cpp,xcu200-fsgd2104-2-e,10,1870.68753,97.5,1,1,1,1,cyclic_2_1,block_2_1,cyclic_8_1,unroll_4,unroll_2,pipeline_1,unroll_2,unroll_2,2,1,0.983769545194,False
workload_3078.cpp,xcu200-fsgd2104-2-e,10,1870.68577,129,1,1,1,1,cyclic_2_1,block_2_1,cyclic_8_1,unroll_4,unroll_2,pipeline_1,unroll_8,unroll_2,1,1,0.983769714515,False
workload_3136.cpp,xcu200-fsgd2104-2-e,10,1870.68417,159,1,1,1,2,cyclic_2_1,block_2_1,cyclic_8_1,unroll_4,unroll_2,pipeline_1,unroll_8,unroll_8,1,1.25,0.958883696111,False
workload_3024.cpp,xcu200-fsgd2104-2-e,10,5762.45937,134,1,1,1,1,cyclic_2_1,block_2_1,cyclic_8_1,unroll_4,unroll_2,unroll_4,unroll_2,unroll_8,1,1,0.649015873412,False
workload_3091.cpp,xcu200-fsgd2104-2-e,10,1870.68741,161,1,1,1,2,cyclic_2_1,block_2_1,cyclic_8_1,unroll_4,unroll_8,pipeline_1,unroll_2,unroll_2,1,1.25,0.958883575669,False
workload_3030.cpp,xcu200-fsgd2104-2-e,10,5762.41841,172,1,1,1,1,cyclic_2_1,block_2_1,cyclic_8_1,unroll_8,unroll_2,unroll_4,unroll_2,unroll_8,1,1,0.649018979269,False
workload_3012.cpp,xcu200-fsgd2104-2-e,10,1870.76928,821,1,1,2,7,cyclic_2_1,block_2_1,cyclic_8_1,unroll_8,unroll_32,pipeline_1,unroll_2,unroll_2,1,2.75,0.751630748999,False
workload_3291.cpp,xcu200-fsgd2104-2-e,10,1702.74977,226,3,1,1,2,cyclic_2_1,block_32_1,block_2_1,unroll_2,unroll_4,pipeline_1,unroll_8,unroll_2,1,1.75,0.888855392756,False
workload_2935.cpp,xcu200-fsgd2104-2-e,10,1703.03825,170,3,1,1,2,cyclic_2_1,block_4_1,block_2_1,unroll_16,unroll_2,pipeline_1,unroll_2,unroll_2,1,1.75,0.888855389522,False
workload_2985.cpp,xcu200-fsgd2104-2-e,10,1703.03665,191,3,1,1,2,cyclic_2_1,block_4_1,block_2_1,unroll_16,unroll_2,pipeline_1,unroll_2,unroll_8,1,1.75,0.888855389558,False
workload_2915.cpp,xcu200-fsgd2104-2-e,10,1703.03649,194,3,1,1,2,cyclic_2_1,block_4_1,block_2_1,unroll_16,unroll_2,pipeline_1,unroll_8,unroll_2,1,1.75,0.888855389561,False
workload_3044.cpp,xcu200-fsgd2104-2-e,10,1703.03489,222,3,1,1,3,cyclic_2_1,block_4_1,block_2_1,unroll_16,unroll_2,pipeline_1,unroll_8,unroll_8,1,2,0.853434395064,False
workload_2958.cpp,xcu200-fsgd2104-2-e,10,3119.98801,190,3,1,1,1,cyclic_2_1,block_4_1,block_2_1,unroll_16,unroll_2,unroll_4,unroll_2,unroll_2,1,1.5,0.849439210615,False
workload_2877.cpp,xcu200-fsgd2104-2-e,10,1703.03657,249,3,1,1,3,cyclic_2_1,block_4_1,block_2_1,unroll_16,unroll_4,pipeline_1,unroll_2,unroll_8,1,2,0.853434395037,False
workload_3212.cpp,xcu200-fsgd2104-2-e,10,1702.75153,81,3,1,1,1,cyclic_2_1,block_4_1,block_2_1,unroll_2,unroll_2,pipeline_1,unroll_2,unroll_2,1,1.5,0.925089991651,False
workload_3182.cpp,xcu200-fsgd2104-2-e,10,1702.74993,104,3,1,1,1,cyclic_2_1,block_4_1,block_2_1,unroll_2,unroll_2,pipeline_1,unroll_2,unroll_8,1,1.5,0.925089991651,False
workload_3301.cpp,xcu200-fsgd2104-2-e,10,1702.74817,135,3,1,1,1,cyclic_2_1,block_4_1,block_2_1,unroll_2,unroll_2,pipeline_1,unroll_8,unroll_8,1,1.5,0.925089991651,False
workload_3263.cpp,xcu200-fsgd2104-2-e,10,1702.74985,160,3,1,1,1,cyclic_2_1,block_4_1,block_2_1,unroll_2,unroll_4,pipeline_1,unroll_2,unroll_8,1,1.5,0.925089991651,False
workload_2885.cpp,xcu200-fsgd2104-2-e,10,1702.91537,99,3,1,1,1,cyclic_2_1,block_4_1,block_2_1,unroll_4,unroll_2,pipeline_1,unroll_2,unroll_2,2,1.5,0.925089990003,False
workload_3114.cpp,xcu200-fsgd2104-2-e,10,1702.91377,116,3,1,1,1,cyclic_2_1,block_4_1,block_2_1,unroll_4,unroll_2,pipeline_1,unroll_2,unroll_8,1,1.5,0.925089990035,False
workload_3206.cpp,xcu200-fsgd2104-2-e,10,1702.91313,128,3,1,1,1,cyclic_2_1,block_4_1,block_2_1,unroll_4,unroll_2,pipeline_1,unroll_4,unroll_8,1,1.5,0.925089990047,False
workload_3199.cpp,xcu200-fsgd2104-2-e,10,1702.91361,118,3,1,1,1,cyclic_2_1,block_4_1,block_2_1,unroll_4,unroll_2,pipeline_1,unroll_8,unroll_2,2,1.5,0.925089990038,False
workload_3038.cpp,xcu200-fsgd2104-2-e,10,4671.94193,84,3,1,1,1,cyclic_2_1,block_4_1,block_2_1,unroll_4,unroll_2,unroll_2,unroll_2,unroll_2,1,1.5,0.726458992649,False
workload_2980.cpp,xcu200-fsgd2104-2-e,10,4671.94017,110,3,1,1,1,cyclic_2_1,block_4_1,block_2_1,unroll_4,unroll_2,unroll_2,unroll_8,unroll_2,1,1.5,0.726459130431,False
workload_3061.cpp,xcu200-fsgd2104-2-e,10,1702.9152,610,3,1,2,6,cyclic_2_1,block_4_1,block_2_1,unroll_4,unroll_32,pipeline_1,unroll_2,unroll_2,1,3,0.719886450713,False
workload_3234.cpp,xcu200-fsgd2104-2-e,10,1702.91529,109,3,1,1,1,cyclic_2_1,block_4_1,block_2_1,unroll_4,unroll_4,pipeline_1,unroll_2,unroll_2,1,1.5,0.925089990005,False
workload_3152.cpp,xcu200-fsgd2104-2-e,10,1702.91305,195,3,1,1,2,cyclic_2_1,block_4_1,block_2_1,unroll_4,unroll_4,pipeline_1,unroll_4,unroll_8,1,1.75,0.888855391711,False
workload_3218.cpp,xcu200-fsgd2104-2-e,10,1702.91201,294,3,1,1,2,cyclic_2_1,block_4_1,block_2_1,unroll_4,unroll_4,pipeline_1,unroll_8,unroll_8,1,1.75,0.888855391725,False
workload_3072.cpp,xcu200-fsgd2104-2-e,10,1702.99729,119,3,1,1,1,cyclic_2_1,block_4_1,block_2_1,unroll_8,unroll_2,pipeline_1,unroll_2,unroll_2,1,1.5,0.925089987993,False
workload_3160.cpp,xcu200-fsgd2104-2-e,10,4839.71345,101,2,1,1,1,cyclic_2_1,block_4_1,block_8_1,unroll_4,unroll_2,unroll_2,unroll_4,unroll_2,1,1.25,0.719225566044,False
workload_3167.cpp,xcu200-fsgd2104-2-e,10,1870.68736,882,2,1,2,7,cyclic_2_1,block_4_1,block_8_1,unroll_4,unroll_32,pipeline_1,unroll_2,unroll_2,1,3,0.71952644921,False
workload_3177.cpp,xcu200-fsgd2104-2-e,10,1702.74977,107,3,1,1,1,cyclic_2_1,block_4_1,cyclic_4_1,unroll_2,unroll_2,pipeline_1,unroll_8,unroll_2,1,1.5,0.925089991651,False
workload_3098.cpp,xcu200-fsgd2104-2-e,10,4797.70785,175,2,1,1,2,cyclic_2_1,block_4_1,cyclic_8_1,unroll_16,unroll_2,unroll_2,unroll_8,unroll_2,1,1.5,0.716638910066,False
workload_3154.cpp,xcu200-fsgd2104-2-e,10,1870.68753,101,2,1,1,1,cyclic_2_1,block_4_1,cyclic_8_1,unroll_4,unroll_2,pipeline_1,unroll_2,unroll_2,1,1.25,0.958883571209,False
workload_3067.cpp,xcu200-fsgd2104-2-e,10,1870.68417,164,2,1,1,2,cyclic_2_1,block_4_1,cyclic_8_1,unroll_4,unroll_2,pipeline_1,unroll_8,unroll_8,1,1.5,0.923446558449,False
workload_3117.cpp,xcu200-fsgd2104-2-e,10,3843.56529,222,2,1,1,3,cyclic_2_1,block_64_1,cyclic_8_1,unroll_4,unroll_2,unroll_4,unroll_2,unroll_8,1,1.75,0.778220322195,False
workload_3243.cpp,xcu200-fsgd2104-2-e,10,1870.68593,890,3,1,1,4,cyclic_2_1,block_8_1,block_128_1,unroll_4,unroll_2,pipeline_1,unroll_2,unroll_8,1,2.25,0.818207472651,False
workload_2925.cpp,xcu200-fsgd2104-2-e,10,1703.03825,171,1,1,1,2,cyclic_2_1,block_8_1,block_2_1,unroll_16,unroll_2,pipeline_1,unroll_2,unroll_2,1,1.25,0.962138183924,False
workload_3040.cpp,xcu200-fsgd2104-2-e,10,1703.03665,196,1,1,1,3,cyclic_2_1,block_8_1,block_2_1,unroll_16,unroll_2,pipeline_1,unroll_2,unroll_8,1,1.5,0.925089986745,False
workload_2957.cpp,xcu200-fsgd2104-2-e,10,1703.03649,196,1,1,1,3,cyclic_2_1,block_8_1,block_2_1,unroll_16,unroll_2,pipeline_1,unroll_8,unroll_2,1,1.5,0.925089986751,False
workload_2806.cpp,xcu200-fsgd2104-2-e,10,1703.03808,772,1,1,3,8,cyclic_2_1,block_8_1,block_2_1,unroll_16,unroll_32,pipeline_1,unroll_2,unroll_2,1,3.25,0.688533472361,False
workload_3276.cpp,xcu200-fsgd2104-2-e,10,1702.75089,92,1,1,1,1,cyclic_2_1,block_8_1,block_2_1,unroll_2,unroll_2,pipeline_1,unroll_2,unroll_4,1,1,0.99999973593,False
workload_3304.cpp,xcu200-fsgd2104-2-e,10,1702.74993,109,1,1,1,1,cyclic_2_1,block_8_1,block_2_1,unroll_2,unroll_2,pipeline_1,unroll_2,unroll_8,1,1,0.999999829131,False
workload_3249.cpp,xcu200-fsgd2104-2-e,10,1702.75089,94,1,1,1,1,cyclic_2_1,block_8_1,block_2_1,unroll_2,unroll_2,pipeline_1,unroll_4,unroll_2,1,1,0.99999973593,False
workload_3327.cpp,xcu200-fsgd2104-2-e,10,1702.75025,100,1,1,1,1,cyclic_2_1,block_8_1,block_2_1,unroll_2,unroll_2,pipeline_1,unroll_4,unroll_4,1,1,0.999999798064,False
workload_3310.cpp,xcu200-fsgd2104-2-e,10,1702.74929,121,1,1,1,1,cyclic_2_1,block_8_1,block_2_1,unroll_2,unroll_2,pipeline_1,unroll_4,unroll_8,1,1,0.999999891265,False
workload_3219.cpp,xcu200-fsgd2104-2-e,10,1702.74977,109.5,1,1,1,1,cyclic_2_1,block_8_1,block_2_1,unroll_2,unroll_2,pipeline_1,unroll_8,unroll_2,2,1,0.999999844665,False
workload_3277.cpp,xcu200-fsgd2104-2-e,10,1702.74913,121.5,1,1,1,1,cyclic_2_1,block_8_1,block_2_1,unroll_2,unroll_2,pipeline_1,unroll_8,unroll_4,2,1,0.999999906799,False
workload_3323.cpp,xcu200-fsgd2104-2-e,10,1702.74817,141.5,1,1,1,1,cyclic_2_1,block_8_1,block_2_1,unroll_2,unroll_2,pipeline_1,unroll_8,unroll_8,2,1,1,True
workload_3230.cpp,xcu200-fsgd2104-2-e,10,4713.96689,82,1,1,1,1,cyclic_2_1,block_8_1,block_2_1,unroll_2,unroll_2,unroll_2,unroll_2,unroll_2,1,1,0.731397585649,False
workload_3248.cpp,xcu200-fsgd2104-2-e,10,3204.01745,86,1,1,1,1,cyclic_2_1,block_8_1,block_2_1,unroll_2,unroll_2,unroll_4,unroll_2,unroll_2,1,1,0.860150972502,False
workload_3089.cpp,xcu200-fsgd2104-2-e,10,1702.75145,101.5,1,1,1,1,cyclic_2_1,block_8_1,block_2_1,unroll_2,unroll_4,pipeline_1,unroll_2,unroll_2,2,1,0.999999681563,False
workload_3315.cpp,xcu200-fsgd2104-2-e,10,1702.75081,125.5,1,1,1,1,cyclic_2_1,block_8_1,block_2_1,unroll_2,unroll_4,pipeline_1,unroll_2,unroll_4,2,1,0.999999743697,False
workload_3204.cpp,xcu200-fsgd2104-2-e,10,1702.74985,168.5,1,1,1,2,cyclic_2_1,block_8_1,block_2_1,unroll_2,unroll_4,pipeline_1,unroll_2,unroll_8,2,1.25,0.962138194066,False
workload_3258.cpp,xcu200-fsgd2104-2-e,10,1702.74921,190,1,1,1,2,cyclic_2_1,block_8_1,block_2_1,unroll_2,unroll_4,pipeline_1,unroll_4,unroll_8,1,1.25,0.962138194066,False
workload_3115.cpp,xcu200-fsgd2104-2-e,10,1702.74977,166,1,1,1,2,cyclic_2_1,block_8_1,block_2_1,unroll_2,unroll_4,pipeline_1,unroll_8,unroll_2,2,1.25,0.962138194066,False
workload_3288.cpp,xcu200-fsgd2104-2-e,10,1702.74913,196,1,1,1,2,cyclic_2_1,block_8_1,block_2_1,unroll_2,unroll_4,pipeline_1,unroll_8,unroll_4,1,1.25,0.962138194066,False
workload_3232.cpp,xcu200-fsgd2104-2-e,10,1702.74817,299.5,1,1,1,2,cyclic_2_1,block_8_1,block_2_1,unroll_2,unroll_4,pipeline_1,unroll_8,unroll_8,2,1.25,0.962138194066,False
workload_3309.cpp,xcu200-fsgd2104-2-e,10,4713.96521,162,1,1,1,1,cyclic_2_1,block_8_1,block_2_1,unroll_2,unroll_4,unroll_2,unroll_2,unroll_8,1,1,0.731397722261,False
workload_3267.cpp,xcu200-fsgd2104-2-e,10,4713.96513,163,1,1,1,1,cyclic_2_1,block_8_1,block_2_1,unroll_2,unroll_4,unroll_2,unroll_8,unroll_2,1,1,0.731397728767,False
workload_3331.cpp,xcu200-fsgd2104-2-e,10,3204.01577,169,1,1,1,1,cyclic_2_1,block_8_1,block_2_1,unroll_2,unroll_4,unroll_4,unroll_2,unroll_8,1,1,0.860151122397,False
workload_3332.cpp,xcu200-fsgd2104-2-e,10,1702.74977,404,1,1,1,3,cyclic_2_1,block_8_1,block_2_1,unroll_2,unroll_8,pipeline_1,unroll_8,unroll_2,1,1.5,0.925089991651,False
workload_2939.cpp,xcu200-fsgd2104-2-e,10,1702.91537,96,1,1,1,1,cyclic_2_1,block_8_1,block_2_1,unroll_4,unroll_2,pipeline_1,unroll_2,unroll_2,2,1,0.999983767557,False
workload_3035.cpp,xcu200-fsgd2104-2-e,10,1702.91377,123,1,1,1,1,cyclic_2_1,block_8_1,block_2_1,unroll_4,unroll_2,pipeline_1,unroll_2,unroll_8,2,1,0.999983922891,False
workload_3158.cpp,xcu200-fsgd2104-2-e,10,1702.91313,133.5,1,1,1,1,cyclic_2_1,block_8_1,block_2_1,unroll_4,unroll_2,pipeline_1,unroll_4,unroll_8,2,1,0.999983985024,False
workload_3027.cpp,xcu200-fsgd2104-2-e,10,1702.91361,123,1,1,1,1,cyclic_2_1,block_8_1,block_2_1,unroll_4,unroll_2,pipeline_1,unroll_8,unroll_2,1,1,0.999983938424,False
workload_3180.cpp,xcu200-fsgd2104-2-e,10,1702.91297,135,1,1,1,1,cyclic_2_1,block_8_1,block_2_1,unroll_4,unroll_2,pipeline_1,unroll_8,unroll_4,1,1,0.999984000558,False
workload_3104.cpp,xcu200-fsgd2104-2-e,10,1702.91201,153,1,1,1,2,cyclic_2_1,block_8_1,block_2_1,unroll_4,unroll_2,pipeline_1,unroll_8,unroll_8,1,1.25,0.962138190831,False
workload_3100.cpp,xcu200-fsgd2104-2-e,10,4755.82801,88,1,1,1,1,cyclic_2_1,block_8_1,block_2_1,unroll_4,unroll_2,unroll_2,unroll_2,unroll_2,1,1,0.727998165235,False
workload_2990.cpp,xcu200-fsgd2104-2-e,10,4755.82641,115,1,1,1,1,cyclic_2_1,block_8_1,block_2_1,unroll_4,unroll_2,unroll_2,unroll_2,unroll_8,1,1,0.727998294991,False
workload_3157.cpp,xcu200-fsgd2104-2-e,10,4755.82625,115,1,1,1,1,cyclic_2_1,block_8_1,block_2_1,unroll_4,unroll_2,unroll_2,unroll_8,unroll_2,1,1,0.727998307966,False
workload_3137.cpp,xcu200-fsgd2104-2-e,10,1702.9152,660,1,1,2,7,cyclic_2_1,block_8_1,block_2_1,unroll_4,unroll_32,pipeline_1,unroll_2,unroll_2,1,2.75,0.752053031951,False
workload_3050.cpp,xcu200-fsgd2104-2-e,10,1702.91529,116,1,1,1,1,cyclic_2_1,block_8_1,block_2_1,unroll_4,unroll_4,pipeline_1,unroll_2,unroll_2,1,1,0.999983775324,False
workload_3208.cpp,xcu200-fsgd2104-2-e,10,1702.91369,179.5,1,1,1,2,cyclic_2_1,block_8_1,block_2_1,unroll_4,unroll_4,pipeline_1,unroll_2,unroll_8,2,1.25,0.962138190764,False
workload_3135.cpp,xcu200-fsgd2104-2-e,10,1702.91305,205,1,1,1,2,cyclic_2_1,block_8_1,block_2_1,unroll_4,unroll_4,pipeline_1,unroll_4,unroll_8,2,1.25,0.962138190789,False
workload_3265.cpp,xcu200-fsgd2104-2-e,10,1702.91361,179,1,1,1,2,cyclic_2_1,block_8_1,block_2_1,unroll_4,unroll_4,pipeline_1,unroll_8,unroll_2,1,1.25,0.962138190767,False
workload_3275.cpp,xcu200-fsgd2104-2-e,10,1702.91297,205,1,1,1,2,cyclic_2_1,block_8_1,block_2_1,unroll_4,unroll_4,pipeline_1,unroll_8,unroll_4,1,1.25,0.962138190793,False
workload_3216.cpp,xcu200-fsgd2104-2-e,10,4755.82793,108,1,1,1,1,cyclic_2_1,block_8_1,block_2_1,unroll_4,unroll_4,unroll_2,unroll_2,unroll_2,1,1,0.727998171722,False
workload_3197.cpp,xcu200-fsgd2104-2-e,10,4755.82633,169,1,1,1,1,cyclic_2_1,block_8_1,block_2_1,unroll_4,unroll_4,unroll_2,unroll_2,unroll_8,1,1,0.727998301478,False
workload_3080.cpp,xcu200-fsgd2104-2-e,10,1702.91525,152,1,1,1,2,cyclic_2_1,block_8_1,block_2_1,unroll_4,unroll_8,pipeline_1,unroll_2,unroll_2,1,1.25,0.962138190701,False
workload_3155.cpp,xcu200-fsgd2104-2-e,10,1702.91365,407,1,1,1,3,cyclic_2_1,block_8_1,block_2_1,unroll_4,unroll_8,pipeline_1,unroll_2,unroll_8,1,1.5,0.925089990037,False
workload_3192.cpp,xcu200-fsgd2104-2-e,10,4755.82629,382,1,1,1,3,cyclic_2_1,block_8_1,block_2_1,unroll_4,unroll_8,unroll_2,unroll_2,unroll_8,1,1.5,0.719903343209,False
workload_3278.cpp,xcu200-fsgd2104-2-e,10,1703.05713,483,1,1,3,6,cyclic_2_1,block_8_1,block_2_1,unroll_64,unroll_2,pipeline_1,unroll_2,unroll_8,1,2.75,0.752053030939,False
workload_3082.cpp,xcu200-fsgd2104-2-e,10,1702.99729,120,1,1,1,1,cyclic_2_1,block_8_1,block_2_1,unroll_8,unroll_2,pipeline_1,unroll_2,unroll_2,1,1,0.99997581449,False
workload_2898.cpp,xcu200-fsgd2104-2-e,10,1702.99712,712,1,1,2,7,cyclic_2_1,block_8_1,block_2_1,unroll_8,unroll_32,pipeline_1,unroll_2,unroll_2,1,2.75,0.75205303144,False
workload_3008.cpp,xcu200-fsgd2104-2-e,10,1703.03825,172,2,1,1,2,cyclic_2_1,block_8_1,block_4_1,unroll_16,unroll_2,pipeline_1,unroll_2,unroll_2,1,1.5,0.925089986691,False
workload_3271.cpp,xcu200-fsgd2104-2-e,10,1702.75089,97,2,1,1,1,cyclic_2_1,block_8_1,block_4_1,unroll_2,unroll_2,pipeline_1,unroll_4,unroll_2,1,1.25,0.962138194065,False
workload_3299.cpp,xcu200-fsgd2104-2-e,10,1702.74929,126,2,1,1,1,cyclic_2_1,block_8_1,block_4_1,unroll_2,unroll_2,pipeline_1,unroll_4,unroll_8,1,1.25,0.962138194066,False
workload_3338.cpp,xcu200-fsgd2104-2-e,10,1702.74817,147,2,1,1,1,cyclic_2_1,block_8_1,block_4_1,unroll_2,unroll_2,pipeline_1,unroll_8,unroll_8,1,1.25,0.962138194066,False
workload_3126.cpp,xcu200-fsgd2104-2-e,10,1702.91377,125,2,1,1,1,cyclic_2_1,block_8_1,block_4_1,unroll_4,unroll_2,pipeline_1,unroll_2,unroll_8,1,1.25,0.962138190761,False
workload_3251.cpp,xcu200-fsgd2104-2-e,10,1702.91201,161,2,1,1,2,cyclic_2_1,block_8_1,block_4_1,unroll_4,unroll_2,pipeline_1,unroll_8,unroll_8,1,1.5,0.925089990069,False
workload_3252.cpp,xcu200-fsgd2104-2-e,10,4755.82801,91,2,1,1,1,cyclic_2_1,block_8_1,block_4_1,unroll_4,unroll_2,unroll_2,unroll_2,unroll_2,1,1.25,0.725944775061,False
workload_3330.cpp,xcu200-fsgd2104-2-e,10,1703.05697,571,2,1,3,7,cyclic_2_1,block_8_1,block_4_1,unroll_64,unroll_4,pipeline_1,unroll_8,unroll_2,1,3.25,0.688533472235,False
workload_3052.cpp,xcu200-fsgd2104-2-e,10,1870.80865,214,1,1,1,3,cyclic_2_1,block_8_1,block_8_1,unroll_16,unroll_2,pipeline_1,unroll_8,unroll_2,1,1.5,0.923444149191,False
workload_3316.cpp,xcu200-fsgd2104-2-e,10,1870.52193,125,1,1,1,1,cyclic_2_1,block_8_1,block_8_1,unroll_2,unroll_2,pipeline_1,unroll_8,unroll_2,1,1,0.983785476821,False
workload_3325.cpp,xcu200-fsgd2104-2-e,10,4881.73729,115,1,1,1,1,cyclic_2_1,block_8_1,block_8_1,unroll_2,unroll_2,unroll_2,unroll_8,unroll_2,1,1,0.717828742649,False
workload_3295.cpp,xcu200-fsgd2104-2-e,10,1870.52201,196,1,1,1,2,cyclic_2_1,block_8_1,block_8_1,unroll_2,unroll_4,pipeline_1,unroll_2,unroll_8,1,1.25,0.958889721629,False
workload_3268.cpp,xcu200-fsgd2104-2-e,10,1870.52193,198,1,1,1,2,cyclic_2_1,block_8_1,block_8_1,unroll_2,unroll_4,pipeline_1,unroll_8,unroll_2,1,1.25,0.958889724601,False
workload_3057.cpp,xcu200-fsgd2104-2-e,10,1870.68753,102,1,1,1,1,cyclic_2_1,block_8_1,block_8_1,unroll_4,unroll_2,pipeline_1,unroll_2,unroll_2,1,1,0.983769545194,False
workload_3225.cpp,xcu200-fsgd2104-2-e,10,1870.68529,149,1,1,1,2,cyclic_2_1,block_8_1,block_8_1,unroll_4,unroll_2,pipeline_1,unroll_4,unroll_8,1,1.25,0.958883654477,False
workload_3244.cpp,xcu200-fsgd2104-2-e,10,1870.68577,132,1,1,1,1,cyclic_2_1,block_8_1,block_8_1,unroll_4,unroll_2,pipeline_1,unroll_8,unroll_2,1,1,0.983769714515,False
workload_3132.cpp,xcu200-fsgd2104-2-e,10,3340.20945,147,1,1,1,1,cyclic_2_1,block_8_1,block_8_1,unroll_8,unroll_2,unroll_4,unroll_2,unroll_2,1,1,0.848048036266,False
workload_3103.cpp,xcu200-fsgd2104-2-e,10,1870.68753,108,2,1,1,1,cyclic_2_1,block_8_1,cyclic_16_1,unroll_4,unroll_2,pipeline_1,unroll_2,unroll_2,1,1.25,0.958883571209,False
workload_3009.cpp,xcu200-fsgd2104-2-e,10,1870.68593,147,2,1,1,2,cyclic_2_1,block_8_1,cyclic_16_1,unroll_4,unroll_2,pipeline_1,unroll_2,unroll_8,1,1.5,0.923446524397,False
workload_3246.cpp,xcu200-fsgd2104-2-e,10,1702.75089,93,2,1,1,1,cyclic_2_1,block_8_1,cyclic_4_1,unroll_2,unroll_2,pipeline_1,unroll_4,unroll_2,1,1.25,0.962138194065,False
workload_3293.cpp,xcu200-fsgd2104-2-e,10,1702.75081,124,2,1,1,1,cyclic_2_1,block_8_1,cyclic_4_1,unroll_2,unroll_4,pipeline_1,unroll_4,unroll_2,1,1.25,0.962138194065,False
workload_3336.cpp,xcu200-fsgd2104-2-e,10,1702.74817,317,2,1,1,2,cyclic_2_1,block_8_1,cyclic_4_1,unroll_2,unroll_4,pipeline_1,unroll_8,unroll_8,1,1.5,0.925089991651,False
workload_3046.cpp,xcu200-fsgd2104-2-e,10,1702.91537,99,2,1,1,1,cyclic_2_1,block_8_1,cyclic_4_1,unroll_4,unroll_2,pipeline_1,unroll_2,unroll_2,1,1.25,0.962138190697,False
workload_3075.cpp,xcu200-fsgd2104-2-e,10,1702.91377,123,2,1,1,1,cyclic_2_1,block_8_1,cyclic_4_1,unroll_4,unroll_2,pipeline_1,unroll_2,unroll_8,1,1.25,0.962138190761,False
workload_3282.cpp,xcu200-fsgd2104-2-e,10,1702.91305,202,2,1,1,2,cyclic_2_1,block_8_1,cyclic_4_1,unroll_4,unroll_4,pipeline_1,unroll_4,unroll_8,1,1.5,0.925089990049,False
workload_3355.cpp,xcu200-fsgd2104-2-e,10,1703.05537,776,2,1,3,8,cyclic_2_1,block_8_1,cyclic_4_1,unroll_64,unroll_4,pipeline_1,unroll_8,unroll_8,1,3.5,0.657994098116,False
workload_3125.cpp,xcu200-fsgd2104-2-e,10,1702.99729,123,2,1,1,1,cyclic_2_1,block_8_1,cyclic_4_1,unroll_8,unroll_2,pipeline_1,unroll_2,unroll_2,1,1.25,0.962138186586,False
workload_2973.cpp,xcu200-fsgd2104-2-e,10,1870.81041,181,1,1,1,2,cyclic_2_1,block_8_1,cyclic_8_1,unroll_16,unroll_2,pipeline_1,unroll_2,unroll_2,1,1.25,0.958879001907,False
workload_3240.cpp,xcu200-fsgd2104-2-e,10,1870.80977,190,1,1,1,2,cyclic_2_1,block_8_1,cyclic_8_1,unroll_16,unroll_2,pipeline_1,unroll_2,unroll_4,1,1.25,0.958879025713,False
workload_2994.cpp,xcu200-fsgd2104-2-e,10,1870.80865,213,1,1,1,3,cyclic_2_1,block_8_1,cyclic_8_1,unroll_16,unroll_2,pipeline_1,unroll_8,unroll_2,1,1.5,0.923444149191,False
workload_3014.cpp,xcu200-fsgd2104-2-e,10,4834.40977,153,1,1,1,1,cyclic_2_1,block_8_1,cyclic_8_1,unroll_16,unroll_2,unroll_2,unroll_2,unroll_2,1,1,0.721641547809,False
workload_3264.cpp,xcu200-fsgd2104-2-e,10,1870.52369,90,1,1,1,1,cyclic_2_1,block_8_1,cyclic_8_1,unroll_2,unroll_2,pipeline_1,unroll_2,unroll_2,1,1,0.983785307498,False
workload_3224.cpp,xcu200-fsgd2104-2-e,10,1870.52305,100,1,1,1,1,cyclic_2_1,block_8_1,cyclic_8_1,unroll_2,unroll_2,pipeline_1,unroll_2,unroll_4,1,1,0.98378536907,False
workload_3150.cpp,xcu200-fsgd2104-2-e,10,1870.52209,117,1,1,1,1,cyclic_2_1,block_8_1,cyclic_8_1,unroll_2,unroll_2,pipeline_1,unroll_2,unroll_8,1,1,0.983785461428,False
workload_3262.cpp,xcu200-fsgd2104-2-e,10,1870.52129,133,1,1,1,1,cyclic_2_1,block_8_1,cyclic_8_1,unroll_2,unroll_2,pipeline_1,unroll_8,unroll_4,1,1,0.983785538393,False
workload_3123.cpp,xcu200-fsgd2104-2-e,10,1870.52033,158.5,1,1,1,1,cyclic_2_1,block_8_1,cyclic_8_1,unroll_2,unroll_2,pipeline_1,unroll_8,unroll_8,2,1,0.98378563075,False
workload_3324.cpp,xcu200-fsgd2104-2-e,10,4881.73905,84,1,1,1,1,cyclic_2_1,block_8_1,cyclic_8_1,unroll_2,unroll_2,unroll_2,unroll_2,unroll_2,1,1,0.717828601077,False
workload_3141.cpp,xcu200-fsgd2104-2-e,10,1870.52361,110,1,1,1,1,cyclic_2_1,block_8_1,cyclic_8_1,unroll_2,unroll_4,pipeline_1,unroll_2,unroll_2,1,1,0.983785315195,False
workload_3342.cpp,xcu200-fsgd2104-2-e,10,1870.52201,196,1,1,1,2,cyclic_2_1,block_8_1,cyclic_8_1,unroll_2,unroll_4,pipeline_1,unroll_2,unroll_8,1,1.25,0.958889721629,False
workload_3221.cpp,xcu200-fsgd2104-2-e,10,1870.52297,130,1,1,1,2,cyclic_2_1,block_8_1,cyclic_8_1,unroll_2,unroll_4,pipeline_1,unroll_4,unroll_2,1,1.25,0.958889685972,False
workload_3289.cpp,xcu200-fsgd2104-2-e,10,1870.52193,196,1,1,1,2,cyclic_2_1,block_8_1,cyclic_8_1,unroll_2,unroll_4,pipeline_1,unroll_8,unroll_2,1,1.25,0.958889724601,False
workload_3163.cpp,xcu200-fsgd2104-2-e,10,1870.52033,376,1,1,1,2,cyclic_2_1,block_8_1,cyclic_8_1,unroll_2,unroll_4,pipeline_1,unroll_8,unroll_8,1,1.25,0.958889784029,False
workload_2993.cpp,xcu200-fsgd2104-2-e,10,1870.68753,100.5,1,1,1,1,cyclic_2_1,block_8_1,cyclic_8_1,unroll_4,unroll_2,pipeline_1,unroll_2,unroll_2,2,1,0.983769545194,False
workload_3064.cpp,xcu200-fsgd2104-2-e,10,1870.68689,110,1,1,1,1,cyclic_2_1,block_8_1,cyclic_8_1,unroll_4,unroll_2,pipeline_1,unroll_2,unroll_4,1,1,0.983769606765,False
workload_2959.cpp,xcu200-fsgd2104-2-e,10,1870.68593,130,1,1,1,1,cyclic_2_1,block_8_1,cyclic_8_1,unroll_4,unroll_2,pipeline_1,unroll_2,unroll_8,2,1,0.983769699122,False
workload_3127.cpp,xcu200-fsgd2104-2-e,10,1870.68529,142,1,1,1,2,cyclic_2_1,block_8_1,cyclic_8_1,unroll_4,unroll_2,pipeline_1,unroll_4,unroll_8,1,1.25,0.958883654477,False
workload_3226.cpp,xcu200-fsgd2104-2-e,10,1870.68577,135,1,1,1,1,cyclic_2_1,block_8_1,cyclic_8_1,unroll_4,unroll_2,pipeline_1,unroll_8,unroll_2,1,1,0.983769714515,False
workload_3238.cpp,xcu200-fsgd2104-2-e,10,1870.68513,142,1,1,1,2,cyclic_2_1,block_8_1,cyclic_8_1,unroll_4,unroll_2,pipeline_1,unroll_8,unroll_4,1,1.25,0.958883660425,False
workload_3031.cpp,xcu200-fsgd2104-2-e,10,1870.68417,174,1,1,1,2,cyclic_2_1,block_8_1,cyclic_8_1,unroll_4,unroll_2,pipeline_1,unroll_8,unroll_8,1,1.25,0.958883696111,False
workload_3130.cpp,xcu200-fsgd2104-2-e,10,4923.60017,96,1,1,1,1,cyclic_2_1,block_8_1,cyclic_8_1,unroll_4,unroll_2,unroll_2,unroll_2,unroll_2,1,1,0.71446595606,False
workload_3109.cpp,xcu200-fsgd2104-2-e,10,4923.59857,123,1,1,1,1,cyclic_2_1,block_8_1,cyclic_8_1,unroll_4,unroll_2,unroll_2,unroll_2,unroll_8,1,1,0.714466084411,False
workload_3041.cpp,xcu200-fsgd2104-2-e,10,3392.67921,108,1,1,1,1,cyclic_2_1,block_8_1,cyclic_8_1,unroll_4,unroll_2,unroll_4,unroll_2,unroll_2,1,1,0.843411138122,False
workload_2943.cpp,xcu200-fsgd2104-2-e,10,3392.67761,142,1,1,1,1,cyclic_2_1,block_8_1,cyclic_8_1,unroll_4,unroll_2,unroll_4,unroll_2,unroll_8,1,1,0.843411279299,False
workload_3105.cpp,xcu200-fsgd2104-2-e,10,2732.07633,127,1,1,1,1,cyclic_2_1,block_8_1,cyclic_8_1,unroll_4,unroll_2,unroll_8,unroll_2,unroll_2,1,1,0.902842252176,False
workload_3174.cpp,xcu200-fsgd2104-2-e,10,1870.68736,806,1,1,2,7,cyclic_2_1,block_8_1,cyclic_8_1,unroll_4,unroll_32,pipeline_1,unroll_2,unroll_2,1,2.75,0.751631160227,False
workload_3254.cpp,xcu200-fsgd2104-2-e,10,1870.68577,210,1,1,1,2,cyclic_2_1,block_8_1,cyclic_8_1,unroll_4,unroll_4,pipeline_1,unroll_8,unroll_2,1,1.25,0.958883636634,False
workload_3205.cpp,xcu200-fsgd2104-2-e,10,1870.68417,403,1,1,1,2,cyclic_2_1,block_8_1,cyclic_8_1,unroll_4,unroll_4,pipeline_1,unroll_8,unroll_8,1,1.25,0.958883696111,False
workload_3222.cpp,xcu200-fsgd2104-2-e,10,4923.59841,197,1,1,1,2,cyclic_2_1,block_8_1,cyclic_8_1,unroll_4,unroll_4,unroll_2,unroll_8,unroll_2,1,1.25,0.712539880945,False
workload_3333.cpp,xcu200-fsgd2104-2-e,10,1870.82849,558,1,1,3,7,cyclic_2_1,block_8_1,cyclic_8_1,unroll_64,unroll_2,pipeline_1,unroll_8,unroll_4,1,3,0.719525844408,False
workload_2975.cpp,xcu200-fsgd2104-2-e,10,1870.76945,124.5,1,1,1,1,cyclic_2_1,block_8_1,cyclic_8_1,unroll_8,unroll_2,pipeline_1,unroll_2,unroll_2,2,1,0.983761664095,False
workload_3144.cpp,xcu200-fsgd2104-2-e,10,1870.76881,137,1,1,1,2,cyclic_2_1,block_8_1,cyclic_8_1,unroll_8,unroll_2,pipeline_1,unroll_2,unroll_4,1,1.25,0.958880549121,False
workload_3124.cpp,xcu200-fsgd2104-2-e,10,1870.76785,157,1,1,1,2,cyclic_2_1,block_8_1,cyclic_8_1,unroll_8,unroll_2,pipeline_1,unroll_2,unroll_8,1,1.25,0.958880584822,False
workload_3084.cpp,xcu200-fsgd2104-2-e,10,1870.76721,166,1,1,1,2,cyclic_2_1,block_8_1,cyclic_8_1,unroll_8,unroll_2,pipeline_1,unroll_4,unroll_8,1,1.25,0.958880608623,False
workload_3113.cpp,xcu200-fsgd2104-2-e,10,1870.76769,158,1,1,1,2,cyclic_2_1,block_8_1,cyclic_8_1,unroll_8,unroll_2,pipeline_1,unroll_8,unroll_2,1,1.25,0.958880590773,False
workload_3051.cpp,xcu200-fsgd2104-2-e,10,3340.20785,171,1,1,1,2,cyclic_2_1,block_8_1,cyclic_8_1,unroll_8,unroll_2,unroll_4,unroll_2,unroll_8,1,1.25,0.843913724451,False
workload_3106.cpp,xcu200-fsgd2104-2-e,10,1870.76777,232,1,1,1,2,cyclic_2_1,block_8_1,cyclic_8_1,unroll_8,unroll_4,pipeline_1,unroll_2,unroll_8,1,1.25,0.958880587797,False
workload_2847.cpp,xcu200-fsgd2104-2-e,10,1703.03665,194,3,1,1,2,cyclic_2_1,cyclic_4_1,block_2_1,unroll_16,unroll_2,pipeline_1,unroll_2,unroll_8,1,1.75,0.888855389558,False
workload_2888.cpp,xcu200-fsgd2104-2-e,10,1876.05169,415,4,1,1,6,cyclic_32_1,block_2_1,block_2_1,unroll_16,unroll_2,pipeline_1,unroll_2,unroll_8,1,3,0.719503104687,False
workload_2834.cpp,xcu200-fsgd2104-2-e,10,2043.70257,180,5,1,1,3,cyclic_32_1,block_32_1,cyclic_16_1,unroll_4,unroll_2,pipeline_1,unroll_2,unroll_2,2,2.5,0.782963862366,False
workload_2942.cpp,xcu200-fsgd2104-2-e,10,1876.04993,536,5,1,1,6,cyclic_32_1,block_4_1,block_2_1,unroll_16,unroll_2,pipeline_1,unroll_8,unroll_8,1,3.25,0.688201399872,False
workload_2917.cpp,xcu200-fsgd2104-2-e,10,1876.05321,376,3,1,1,6,cyclic_32_1,block_8_1,block_2_1,unroll_16,unroll_4,pipeline_1,unroll_2,unroll_2,1,2.75,0.751603802597,False
workload_2997.cpp,xcu200-fsgd2104-2-e,10,1875.93041,149,4,1,1,2,cyclic_32_1,block_8_1,block_4_1,unroll_4,unroll_2,pipeline_1,unroll_2,unroll_2,1,2,0.85259232525,False
workload_3346.cpp,xcu200-fsgd2104-2-e,10,1702.75089,101,3,1,1,1,cyclic_4_1,block_16_1,block_2_1,unroll_2,unroll_2,pipeline_1,unroll_4,unroll_2,1,1.5,0.925089991651,False
workload_3344.cpp,xcu200-fsgd2104-2-e,10,4881.73729,124,3,1,1,1,cyclic_4_1,block_16_1,block_2_1,unroll_2,unroll_2,unroll_2,unroll_8,unroll_2,1,1.5,0.710107308974,False
workload_3153.cpp,xcu200-fsgd2104-2-e,10,1702.91537,103,3,1,1,1,cyclic_4_1,block_16_1,block_2_1,unroll_4,unroll_2,pipeline_1,unroll_2,unroll_2,1,1.5,0.925089990003,False
workload_3058.cpp,xcu200-fsgd2104-2-e,10,1702.91377,136,3,1,1,1,cyclic_4_1,block_16_1,block_2_1,unroll_4,unroll_2,pipeline_1,unroll_2,unroll_8,1,1.5,0.925089990035,False
workload_3128.cpp,xcu200-fsgd2104-2-e,10,1702.91361,136,3,1,1,1,cyclic_4_1,block_16_1,block_2_1,unroll_4,unroll_2,pipeline_1,unroll_8,unroll_2,1,1.5,0.925089990038,False
workload_3294.cpp,xcu200-fsgd2104-2-e,10,1702.74929,135,4,1,1,1,cyclic_4_1,block_16_1,cyclic_4_1,unroll_2,unroll_2,pipeline_1,unroll_4,unroll_8,1,1.75,0.888855392756,False
workload_3242.cpp,xcu200-fsgd2104-2-e,10,1702.75153,82,3,1,1,1,cyclic_4_1,block_2_1,block_2_1,unroll_2,unroll_2,pipeline_1,unroll_2,unroll_2,1,1.5,0.925089991651,False
workload_3191.cpp,xcu200-fsgd2104-2-e,10,1702.74993,113,3,1,1,1,cyclic_4_1,block_2_1,block_2_1,unroll_2,unroll_2,pipeline_1,unroll_2,unroll_8,1,1.5,0.925089991651,False
workload_3328.cpp,xcu200-fsgd2104-2-e,10,1702.75025,99,3,1,1,1,cyclic_4_1,block_2_1,block_2_1,unroll_2,unroll_2,pipeline_1,unroll_4,unroll_4,1,1.5,0.925089991651,False
workload_3285.cpp,xcu200-fsgd2104-2-e,10,1702.74977,109,3,1,1,1,cyclic_4_1,block_2_1,block_2_1,unroll_2,unroll_2,pipeline_1,unroll_8,unroll_2,1,1.5,0.925089991651,False
workload_3241.cpp,xcu200-fsgd2104-2-e,10,1702.74913,123,3,1,1,1,cyclic_4_1,block_2_1,block_2_1,unroll_2,unroll_2,pipeline_1,unroll_8,unroll_4,2,1.5,0.925089991651,False
workload_3260.cpp,xcu200-fsgd2104-2-e,10,1702.74817,142,3,1,1,1,cyclic_4_1,block_2_1,block_2_1,unroll_2,unroll_2,pipeline_1,unroll_8,unroll_8,1,1.5,0.925089991651,False
workload_3345.cpp,xcu200-fsgd2104-2-e,10,5594.77009,95,3,1,1,1,cyclic_4_1,block_2_1,block_2_1,unroll_2,unroll_2,unroll_4,unroll_2,unroll_4,1,1.5,0.655758322517,False
workload_3308.cpp,xcu200-fsgd2104-2-e,10,1702.74977,165,3,1,1,1,cyclic_4_1,block_2_1,block_2_1,unroll_2,unroll_4,pipeline_1,unroll_8,unroll_2,1,1.5,0.925089991651,False
workload_2956.cpp,xcu200-fsgd2104-2-e,10,1702.91361,120.5,3,1,1,1,cyclic_4_1,block_2_1,block_2_1,unroll_4,unroll_2,pipeline_1,unroll_8,unroll_2,2,1.5,0.925089990038,False
workload_3147.cpp,xcu200-fsgd2104-2-e,10,1702.91297,131,3,1,1,1,cyclic_4_1,block_2_1,block_2_1,unroll_4,unroll_2,pipeline_1,unroll_8,unroll_4,1,1.5,0.92508999005,False
workload_3195.cpp,xcu200-fsgd2104-2-e,10,1702.91201,152,3,1,1,1,cyclic_4_1,block_2_1,block_2_1,unroll_4,unroll_2,pipeline_1,unroll_8,unroll_8,1,1.5,0.925089990069,False
workload_3292.cpp,xcu200-fsgd2104-2-e,10,5720.51793,97,3,1,1,1,cyclic_4_1,block_2_1,block_2_1,unroll_4,unroll_2,unroll_2,unroll_2,unroll_2,1,1.5,0.646389898745,False
workload_2998.cpp,xcu200-fsgd2104-2-e,10,1702.99553,148,3,1,1,2,cyclic_4_1,block_2_1,block_2_1,unroll_8,unroll_2,pipeline_1,unroll_8,unroll_2,1,1.75,0.888855390405,False
workload_2928.cpp,xcu200-fsgd2104-2-e,10,1703.03649,200,3,1,1,2,cyclic_4_1,block_2_1,block_4_1,unroll_16,unroll_2,pipeline_1,unroll_8,unroll_2,1,1.75,0.888855389561,False
workload_3250.cpp,xcu200-fsgd2104-2-e,10,1702.74993,113,3,1,1,1,cyclic_4_1,block_2_1,block_4_1,unroll_2,unroll_2,pipeline_1,unroll_2,unroll_8,1,1.5,0.925089991651,False
workload_3256.cpp,xcu200-fsgd2104-2-e,10,1702.74977,113,3,1,1,1,cyclic_4_1,block_2_1,block_4_1,unroll_2,unroll_2,pipeline_1,unroll_8,unroll_2,1,1.5,0.925089991651,False
workload_3186.cpp,xcu200-fsgd2104-2-e,10,5804.48593,83,3,1,1,1,cyclic_4_1,block_2_1,block_4_1,unroll_2,unroll_2,unroll_2,unroll_2,unroll_2,1,1.5,0.640172423954,False
workload_3311.cpp,xcu200-fsgd2104-2-e,10,5804.48417,109,3,1,1,1,cyclic_4_1,block_2_1,block_4_1,unroll_2,unroll_2,unroll_2,unroll_8,unroll_2,1,1.5,0.64017255395,False
workload_3054.cpp,xcu200-fsgd2104-2-e,10,1870.68593,132,2,1,1,1,cyclic_4_1,block_2_1,block_8_1,unroll_4,unroll_2,pipeline_1,unroll_2,unroll_8,1,1.25,0.958883630686,False
workload_3066.cpp,xcu200-fsgd2104-2-e,10,1870.68745,128,2,1,1,1,cyclic_4_1,block_2_1,block_8_1,unroll_4,unroll_4,pipeline_1,unroll_2,unroll_2,1,1.25,0.958883574182,False
workload_3049.cpp,xcu200-fsgd2104-2-e,10,1870.68753,107,3,1,1,1,cyclic_4_1,block_2_1,cyclic_16_1,unroll_4,unroll_2,pipeline_1,unroll_2,unroll_2,1,1.5,0.92344649344,False
workload_3116.cpp,xcu200-fsgd2104-2-e,10,1702.91297,133,3,1,1,1,cyclic_4_1,block_2_1,cyclic_4_1,unroll_4,unroll_2,pipeline_1,unroll_8,unroll_4,1,1.5,0.92508999005,False
workload_3122.cpp,xcu200-fsgd2104-2-e,10,1870.81041,177,2,1,1,2,cyclic_4_1,block_2_1,cyclic_8_1,unroll_16,unroll_2,pipeline_1,unroll_2,unroll_2,1,1.5,0.923444115114,False
workload_2797.cpp,xcu200-fsgd2104-2-e,10,1703.03665,247,3,1,1,3,cyclic_4_1,block_32_1,block_2_1,unroll_16,unroll_2,pipeline_1,unroll_2,unroll_8,2,2,0.853434395036,False
workload_2864.cpp,xcu200-fsgd2104-2-e,10,1703.03489,303,3,1,1,4,cyclic_4_1,block_32_1,block_2_1,unroll_16,unroll_2,pipeline_1,unroll_8,unroll_8,1,2.25,0.818827003714,False
workload_3354.cpp,xcu200-fsgd2104-2-e,10,1702.74913,158,3,1,1,2,cyclic_4_1,block_32_1,block_2_1,unroll_2,unroll_2,pipeline_1,unroll_8,unroll_4,1,1.75,0.888855392756,False
workload_2876.cpp,xcu200-fsgd2104-2-e,10,1703.05697,381,3,1,1,5,cyclic_4_1,block_32_1,block_2_1,unroll_32,unroll_2,pipeline_1,unroll_8,unroll_2,1,2.5,0.785033215479,False
workload_2890.cpp,xcu200-fsgd2104-2-e,10,1703.05537,452,3,1,1,6,cyclic_4_1,block_32_1,block_2_1,unroll_32,unroll_2,pipeline_1,unroll_8,unroll_8,1,2.75,0.752053030955,False
workload_2894.cpp,xcu200-fsgd2104-2-e,10,1703.03489,235,3,1,1,3,cyclic_4_1,block_4_1,block_2_1,unroll_16,unroll_2,pipeline_1,unroll_8,unroll_8,1,2,0.853434395064,False
workload_3165.cpp,xcu200-fsgd2104-2-e,10,1702.74993,107,3,1,1,1,cyclic_4_1,block_4_1,block_2_1,unroll_2,unroll_2,pipeline_1,unroll_2,unroll_8,1,1.5,0.925089991651,False
workload_3255.cpp,xcu200-fsgd2104-2-e,10,1702.74977,111,3,1,1,1,cyclic_4_1,block_4_1,block_2_1,unroll_2,unroll_2,pipeline_1,unroll_8,unroll_2,1,1.5,0.925089991651,False
workload_3326.cpp,xcu200-fsgd2104-2-e,10,1702.74913,118,3,1,1,1,cyclic_4_1,block_4_1,block_2_1,unroll_2,unroll_2,pipeline_1,unroll_8,unroll_4,1,1.5,0.925089991651,False
workload_3217.cpp,xcu200-fsgd2104-2-e,10,1702.74817,138,3,1,1,1,cyclic_4_1,block_4_1,block_2_1,unroll_2,unroll_2,pipeline_1,unroll_8,unroll_8,1,1.5,0.925089991651,False
workload_3348.cpp,xcu200-fsgd2104-2-e,10,4839.79361,116,3,1,1,1,cyclic_4_1,block_4_1,block_2_1,unroll_2,unroll_2,unroll_2,unroll_8,unroll_4,1,1.5,0.713364539895,False
workload_3151.cpp,xcu200-fsgd2104-2-e,10,1702.91537,95,3,1,1,1,cyclic_4_1,block_4_1,block_2_1,unroll_4,unroll_2,pipeline_1,unroll_2,unroll_2,1,1.5,0.925089990003,False
workload_3020.cpp,xcu200-fsgd2104-2-e,10,1702.91377,124,3,1,1,1,cyclic_4_1,block_4_1,block_2_1,unroll_4,unroll_2,pipeline_1,unroll_2,unroll_8,1,1.5,0.925089990035,False
workload_3231.cpp,xcu200-fsgd2104-2-e,10,1702.91201,157,3,1,1,1,cyclic_4_1,block_4_1,block_2_1,unroll_4,unroll_2,pipeline_1,unroll_8,unroll_8,1,1.5,0.925089990069,False
workload_3118.cpp,xcu200-fsgd2104-2-e,10,4755.82801,91,3,1,1,1,cyclic_4_1,block_4_1,block_2_1,unroll_4,unroll_2,unroll_2,unroll_2,unroll_2,1,1.5,0.719903209024,False
workload_3321.cpp,xcu200-fsgd2104-2-e,10,1702.74929,123,4,1,1,1,cyclic_4_1,block_4_1,block_4_1,unroll_2,unroll_2,pipeline_1,unroll_4,unroll_8,1,1.75,0.888855392756,False
workload_3353.cpp,xcu200-fsgd2104-2-e,10,1702.74817,347,4,1,1,2,cyclic_4_1,block_4_1,cyclic_4_1,unroll_2,unroll_4,pipeline_1,unroll_8,unroll_8,1,2,0.85343439738,False
workload_3179.cpp,xcu200-fsgd2104-2-e,10,1702.91297,135,4,1,1,1,cyclic_4_1,block_4_1,cyclic_4_1,unroll_4,unroll_2,pipeline_1,unroll_8,unroll_4,1,1.75,0.888855391712,False
workload_2955.cpp,xcu200-fsgd2104-2-e,10,1870.80817,223,3,1,1,3,cyclic_4_1,block_4_1,cyclic_8_1,unroll_16,unroll_2,pipeline_1,unroll_4,unroll_8,1,2,0.852641249739,False
workload_3284.cpp,xcu200-fsgd2104-2-e,10,1870.52033,155,3,1,1,1,cyclic_4_1,block_4_1,cyclic_8_1,unroll_2,unroll_2,pipeline_1,unroll_8,unroll_8,1,1.5,0.923449726906,False
workload_2903.cpp,xcu200-fsgd2104-2-e,10,1703.03665,207,2,1,1,3,cyclic_4_1,block_8_1,block_2_1,unroll_16,unroll_2,pipeline_1,unroll_2,unroll_8,2,1.75,0.888855389558,False
workload_3096.cpp,xcu200-fsgd2104-2-e,10,1703.03649,203,2,1,1,3,cyclic_4_1,block_8_1,block_2_1,unroll_16,unroll_2,pipeline_1,unroll_8,unroll_2,1,1.75,0.888855389561,False
workload_3042.cpp,xcu200-fsgd2104-2-e,10,1703.03489,240,2,1,1,3,cyclic_4_1,block_8_1,block_2_1,unroll_16,unroll_2,pipeline_1,unroll_8,unroll_8,1,1.75,0.888855389597,False
workload_3236.cpp,xcu200-fsgd2104-2-e,10,1702.75089,93,2,1,1,1,cyclic_4_1,block_8_1,block_2_1,unroll_2,unroll_2,pipeline_1,unroll_2,unroll_4,1,1.25,0.962138194065,False
workload_3143.cpp,xcu200-fsgd2104-2-e,10,1702.74993,115,2,1,1,1,cyclic_4_1,block_8_1,block_2_1,unroll_2,unroll_2,pipeline_1,unroll_2,unroll_8,1,1.25,0.962138194066,False
workload_3300.cpp,xcu200-fsgd2104-2-e,10,1702.74977,113.5,2,1,1,1,cyclic_4_1,block_8_1,block_2_1,unroll_2,unroll_2,pipeline_1,unroll_8,unroll_2,2,1.25,0.962138194066,False
workload_3203.cpp,xcu200-fsgd2104-2-e,10,1702.74913,131,2,1,1,1,cyclic_4_1,block_8_1,block_2_1,unroll_2,unroll_2,pipeline_1,unroll_8,unroll_4,1,1.25,0.962138194066,False
workload_3220.cpp,xcu200-fsgd2104-2-e,10,1702.74817,149,2,1,1,1,cyclic_4_1,block_8_1,block_2_1,unroll_2,unroll_2,pipeline_1,unroll_8,unroll_8,1,1.25,0.962138194066,False
workload_3185.cpp,xcu200-fsgd2104-2-e,10,1702.74977,177,2,1,1,2,cyclic_4_1,block_8_1,block_2_1,unroll_2,unroll_4,pipeline_1,unroll_8,unroll_2,1,1.5,0.925089991651,False
workload_3235.cpp,xcu200-fsgd2104-2-e,10,1702.74913,212.5,2,1,1,2,cyclic_4_1,block_8_1,block_2_1,unroll_2,unroll_4,pipeline_1,unroll_8,unroll_4,2,1.5,0.925089991651,False
workload_2972.cpp,xcu200-fsgd2104-2-e,10,1702.91537,99,2,1,1,1,cyclic_4_1,block_8_1,block_2_1,unroll_4,unroll_2,pipeline_1,unroll_2,unroll_2,1,1.25,0.962138190697,False
workload_3047.cpp,xcu200-fsgd2104-2-e,10,1702.91377,125,2,1,1,1,cyclic_4_1,block_8_1,block_2_1,unroll_4,unroll_2,pipeline_1,unroll_2,unroll_8,1,1.25,0.962138190761,False
workload_3223.cpp,xcu200-fsgd2104-2-e,10,1702.91409,119,2,1,1,1,cyclic_4_1,block_8_1,block_2_1,unroll_4,unroll_2,pipeline_1,unroll_4,unroll_4,1,1.25,0.962138190748,False
workload_3193.cpp,xcu200-fsgd2104-2-e,10,1702.91313,136,2,1,1,1,cyclic_4_1,block_8_1,block_2_1,unroll_4,unroll_2,pipeline_1,unroll_4,unroll_8,1,1.25,0.962138190786,False
workload_2971.cpp,xcu200-fsgd2104-2-e,10,1702.91361,124.5,2,1,1,1,cyclic_4_1,block_8_1,block_2_1,unroll_4,unroll_2,pipeline_1,unroll_8,unroll_2,2,1.25,0.962138190767,False
workload_3120.cpp,xcu200-fsgd2104-2-e,10,1702.91297,137,2,1,1,1,cyclic_4_1,block_8_1,block_2_1,unroll_4,unroll_2,pipeline_1,unroll_8,unroll_4,1,1.25,0.962138190793,False
workload_3079.cpp,xcu200-fsgd2104-2-e,10,1702.91201,159,2,1,1,2,cyclic_4_1,block_8_1,block_2_1,unroll_4,unroll_2,pipeline_1,unroll_8,unroll_8,1,1.5,0.925089990069,False
workload_3093.cpp,xcu200-fsgd2104-2-e,10,4839.71233,123,2,1,1,1,cyclic_4_1,block_8_1,block_2_1,unroll_4,unroll_2,unroll_2,unroll_8,unroll_2,1,1.25,0.719225655532,False
workload_3207.cpp,xcu200-fsgd2104-2-e,10,1702.9152,743,2,1,2,7,cyclic_4_1,block_8_1,block_2_1,unroll_4,unroll_32,pipeline_1,unroll_2,unroll_2,1,3,0.719886450713,False
workload_3074.cpp,xcu200-fsgd2104-2-e,10,1702.91529,117,2,1,1,1,cyclic_4_1,block_8_1,block_2_1,unroll_4,unroll_4,pipeline_1,unroll_2,unroll_2,1,1.25,0.9621381907,False
workload_3161.cpp,xcu200-fsgd2104-2-e,10,1702.91361,186,2,1,1,2,cyclic_4_1,block_8_1,block_2_1,unroll_4,unroll_4,pipeline_1,unroll_8,unroll_2,1,1.5,0.925089990038,False
workload_3269.cpp,xcu200-fsgd2104-2-e,10,1703.05537,759,2,1,3,7,cyclic_4_1,block_8_1,block_2_1,unroll_64,unroll_4,pipeline_1,unroll_8,unroll_8,1,3.25,0.688533472246,False
workload_3056.cpp,xcu200-fsgd2104-2-e,10,1702.99569,151,2,1,1,2,cyclic_4_1,block_8_1,block_2_1,unroll_8,unroll_2,pipeline_1,unroll_2,unroll_8,1,1.5,0.925089988039,False
workload_3181.cpp,xcu200-fsgd2104-2-e,10,1702.99553,155,2,1,1,2,cyclic_4_1,block_8_1,block_2_1,unroll_8,unroll_2,pipeline_1,unroll_8,unroll_2,1,1.5,0.925089988044,False
workload_3102.cpp,xcu200-fsgd2104-2-e,10,1702.75153,88.5,3,1,1,1,cyclic_4_1,block_8_1,block_4_1,unroll_2,unroll_2,pipeline_1,unroll_2,unroll_2,2,1.5,0.925089991651,False
workload_3306.cpp,xcu200-fsgd2104-2-e,10,1702.74993,119,3,1,1,1,cyclic_4_1,block_8_1,block_4_1,unroll_2,unroll_2,pipeline_1,unroll_2,unroll_8,1,1.5,0.925089991651,False
workload_3200.cpp,xcu200-fsgd2104-2-e,10,1702.75089,96,3,1,1,1,cyclic_4_1,block_8_1,block_4_1,unroll_2,unroll_2,pipeline_1,unroll_4,unroll_2,1,1.5,0.925089991651,False
workload_3247.cpp,xcu200-fsgd2104-2-e,10,1702.74929,124,3,1,1,1,cyclic_4_1,block_8_1,block_4_1,unroll_2,unroll_2,pipeline_1,unroll_4,unroll_8,1,1.5,0.925089991651,False
workload_3086.cpp,xcu200-fsgd2104-2-e,10,1702.74977,114,3,1,1,1,cyclic_4_1,block_8_1,block_4_1,unroll_2,unroll_2,pipeline_1,unroll_8,unroll_2,1,1.5,0.925089991651,False
workload_3261.cpp,xcu200-fsgd2104-2-e,10,4839.79537,96,3,1,1,1,cyclic_4_1,block_8_1,block_4_1,unroll_2,unroll_2,unroll_2,unroll_4,unroll_2,1,1.5,0.713364403089,False
workload_3314.cpp,xcu200-fsgd2104-2-e,10,1702.75081,131,3,1,1,2,cyclic_4_1,block_8_1,block_4_1,unroll_2,unroll_4,pipeline_1,unroll_2,unroll_4,1,1.75,0.888855392756,False
workload_3286.cpp,xcu200-fsgd2104-2-e,10,1702.75017,154,3,1,1,2,cyclic_4_1,block_8_1,block_4_1,unroll_2,unroll_4,pipeline_1,unroll_4,unroll_4,1,1.75,0.888855392756,False
workload_3259.cpp,xcu200-fsgd2104-2-e,10,1702.74913,218,3,1,1,2,cyclic_4_1,block_8_1,block_4_1,unroll_2,unroll_4,pipeline_1,unroll_8,unroll_4,1,1.75,0.888855392756,False
workload_3149.cpp,xcu200-fsgd2104-2-e,10,1702.91537,99,3,1,1,1,cyclic_4_1,block_8_1,block_4_1,unroll_4,unroll_2,pipeline_1,unroll_2,unroll_2,1,1.5,0.925089990003,False
workload_3164.cpp,xcu200-fsgd2104-2-e,10,1702.91361,128,3,1,1,1,cyclic_4_1,block_8_1,block_4_1,unroll_4,unroll_2,pipeline_1,unroll_8,unroll_2,1,1.5,0.925089990038,False
workload_3110.cpp,xcu200-fsgd2104-2-e,10,1870.80705,274,1,1,1,3,cyclic_4_1,block_8_1,block_8_1,unroll_16,unroll_2,pipeline_1,unroll_8,unroll_8,1,1.5,0.923444180169,False
workload_3322.cpp,xcu200-fsgd2104-2-e,10,1870.52193,128,1,1,1,1,cyclic_4_1,block_8_1,block_8_1,unroll_2,unroll_2,pipeline_1,unroll_8,unroll_2,1,1,0.983785476821,False
workload_3015.cpp,xcu200-fsgd2104-2-e,10,1870.68753,105,1,1,1,1,cyclic_4_1,block_8_1,block_8_1,unroll_4,unroll_2,pipeline_1,unroll_2,unroll_2,1,1,0.983769545194,False
workload_2938.cpp,xcu200-fsgd2104-2-e,10,1870.68593,143,1,1,1,1,cyclic_4_1,block_8_1,block_8_1,unroll_4,unroll_2,pipeline_1,unroll_2,unroll_8,1,1,0.983769699122,False
workload_3021.cpp,xcu200-fsgd2104-2-e,10,1870.76785,168,1,1,1,2,cyclic_4_1,block_8_1,block_8_1,unroll_8,unroll_2,pipeline_1,unroll_2,unroll_8,1,1.25,0.958880584822,False
workload_3028.cpp,xcu200-fsgd2104-2-e,10,1870.68593,157,3,1,1,2,cyclic_4_1,block_8_1,cyclic_16_1,unroll_4,unroll_2,pipeline_1,unroll_2,unroll_8,1,1.75,0.88777729643,False
workload_3213.cpp,xcu200-fsgd2104-2-e,10,1702.75089,94,3,1,1,1,cyclic_4_1,block_8_1,cyclic_4_1,unroll_2,unroll_2,pipeline_1,unroll_4,unroll_2,1,1.5,0.925089991651,False
workload_3266.cpp,xcu200-fsgd2104-2-e,10,1702.74929,128,3,1,1,1,cyclic_4_1,block_8_1,cyclic_4_1,unroll_2,unroll_2,pipeline_1,unroll_4,unroll_8,1,1.5,0.925089991651,False
workload_3148.cpp,xcu200-fsgd2104-2-e,10,1702.91201,164,3,1,1,2,cyclic_4_1,block_8_1,cyclic_4_1,unroll_4,unroll_2,pipeline_1,unroll_8,unroll_8,1,1.75,0.888855391725,False
workload_3085.cpp,xcu200-fsgd2104-2-e,10,3224.90481,141,3,1,1,1,cyclic_4_1,block_8_1,cyclic_4_1,unroll_4,unroll_2,unroll_4,unroll_4,unroll_8,1,1.5,0.841271648087,False
workload_3337.cpp,xcu200-fsgd2104-2-e,10,1870.52145,135,1,1,1,1,cyclic_4_1,block_8_1,cyclic_8_1,unroll_2,unroll_2,pipeline_1,unroll_4,unroll_8,1,1,0.983785523,False
workload_3055.cpp,xcu200-fsgd2104-2-e,10,1870.52193,120,1,1,1,1,cyclic_4_1,block_8_1,cyclic_8_1,unroll_2,unroll_2,pipeline_1,unroll_8,unroll_2,1,1,0.983785476821,False
workload_3287.cpp,xcu200-fsgd2104-2-e,10,1870.52033,169,1,1,1,1,cyclic_4_1,block_8_1,cyclic_8_1,unroll_2,unroll_2,pipeline_1,unroll_8,unroll_8,1,1,0.98378563075,False
workload_3070.cpp,xcu200-fsgd2104-2-e,10,2616.81153,183,1,1,1,2,cyclic_4_1,block_8_1,cyclic_8_1,unroll_2,unroll_2,unroll_8,unroll_8,unroll_8,1,1.25,0.905953179111,False
workload_3280.cpp,xcu200-fsgd2104-2-e,10,1870.52297,134,1,1,1,2,cyclic_4_1,block_8_1,cyclic_8_1,unroll_2,unroll_4,pipeline_1,unroll_2,unroll_4,1,1.25,0.958889685972,False
workload_3302.cpp,xcu200-fsgd2104-2-e,10,1870.52033,425,1,1,1,2,cyclic_4_1,block_8_1,cyclic_8_1,unroll_2,unroll_4,pipeline_1,unroll_8,unroll_8,1,1.25,0.958889784029,False
workload_2989.cpp,xcu200-fsgd2104-2-e,10,1870.68753,101.5,1,1,1,1,cyclic_4_1,block_8_1,cyclic_8_1,unroll_4,unroll_2,pipeline_1,unroll_2,unroll_2,2,1,0.983769545194,False
workload_2965.cpp,xcu200-fsgd2104-2-e,10,1870.68593,134,1,1,1,1,cyclic_4_1,block_8_1,cyclic_8_1,unroll_4,unroll_2,pipeline_1,unroll_2,unroll_8,1,1,0.983769699122,False
workload_3188.cpp,xcu200-fsgd2104-2-e,10,1870.68529,151,1,1,1,2,cyclic_4_1,block_8_1,cyclic_8_1,unroll_4,unroll_2,pipeline_1,unroll_4,unroll_8,1,1.25,0.958883654477,False
workload_3060.cpp,xcu200-fsgd2104-2-e,10,1870.68577,133.5,1,1,1,1,cyclic_4_1,block_8_1,cyclic_8_1,unroll_4,unroll_2,pipeline_1,unroll_8,unroll_2,2,1,0.983769714515,False
workload_3170.cpp,xcu200-fsgd2104-2-e,10,1870.68513,150,1,1,1,2,cyclic_4_1,block_8_1,cyclic_8_1,unroll_4,unroll_2,pipeline_1,unroll_8,unroll_4,1,1.25,0.958883660425,False
workload_3239.cpp,xcu200-fsgd2104-2-e,10,1870.68417,181,1,1,1,2,cyclic_4_1,block_8_1,cyclic_8_1,unroll_4,unroll_2,pipeline_1,unroll_8,unroll_8,1,1.25,0.958883696111,False
workload_2981.cpp,xcu200-fsgd2104-2-e,10,3392.67921,109,1,1,1,1,cyclic_4_1,block_8_1,cyclic_8_1,unroll_4,unroll_2,unroll_4,unroll_2,unroll_2,1,1,0.843411138122,False
workload_2912.cpp,xcu200-fsgd2104-2-e,10,3392.67761,146,1,1,1,1,cyclic_4_1,block_8_1,cyclic_8_1,unroll_4,unroll_2,unroll_4,unroll_2,unroll_8,1,1,0.843411279299,False
workload_3088.cpp,xcu200-fsgd2104-2-e,10,3340.20945,141,1,1,1,1,cyclic_4_1,block_8_1,cyclic_8_1,unroll_8,unroll_2,unroll_4,unroll_2,unroll_2,1,1,0.848048036266,False
workload_2737.cpp,xcu200-fsgd2104-2-e,10,1878.73457,542,3,1,1,4,cyclic_4_1,cyclic_16_1,block_2_1,unroll_16,unroll_2,unroll_16,unroll_2,unroll_8,1,2.25,0.818146800626,False
workload_2596.cpp,xcu200-fsgd2104-2-e,10,2038.95985,1037,4,1,1,6,cyclic_4_1,cyclic_16_1,cyclic_16_1,unroll_32,unroll_2,unroll_16,unroll_2,unroll_8,1,3,0.718447269306,False
workload_2817.cpp,xcu200-fsgd2104-2-e,10,1875.92865,383,5,1,1,5,cyclic_64_1,block_16_1,block_2_1,unroll_4,unroll_2,pipeline_1,unroll_8,unroll_2,1,3,0.719503648328,False
workload_2929.cpp,xcu200-fsgd2104-2-e,10,1875.92865,372,5,1,1,4,cyclic_64_1,block_2_1,block_4_1,unroll_4,unroll_2,pipeline_1,unroll_8,unroll_2,1,2.75,0.751604447373,False
workload_3053.cpp,xcu200-fsgd2104-2-e,10,1875.93041,211,5,1,1,3,cyclic_64_1,block_4_1,block_2_1,unroll_4,unroll_2,pipeline_1,unroll_2,unroll_2,1,2.5,0.784496987946,False
workload_2861.cpp,xcu200-fsgd2104-2-e,10,1875.92865,367,5,1,1,4,cyclic_64_1,block_4_1,block_2_1,unroll_4,unroll_2,pipeline_1,unroll_8,unroll_2,1,2.75,0.751604447373,False
workload_2944.cpp,xcu200-fsgd2104-2-e,10,1875.92977,261,3,1,1,4,cyclic_64_1,block_8_1,block_2_1,unroll_4,unroll_2,pipeline_1,unroll_4,unroll_2,1,2.25,0.818168263313,False
workload_3313.cpp,xcu200-fsgd2104-2-e,10,1875.76417,130,4,1,1,1,cyclic_8_1,block_2_1,block_2_1,unroll_2,unroll_2,pipeline_1,unroll_8,unroll_4,1,1.75,0.887711482515,False
workload_2572.cpp,xcu200-fsgd2104-2-e,10,5778.11633,740,4,1,1,7,cyclic_8_1,block_2_1,block_2_1,unroll_32,unroll_2,unroll_4,unroll_2,unroll_8,1,3.25,0.551872257895,False
workload_2676.cpp,xcu200-fsgd2104-2-e,10,5778.11617,699,4,1,1,7,cyclic_8_1,block_2_1,block_2_1,unroll_32,unroll_2,unroll_4,unroll_8,unroll_2,1,3.25,0.551872266197,False
workload_2706.cpp,xcu200-fsgd2104-2-e,10,5778.11553,750,4,1,1,7,cyclic_8_1,block_2_1,block_2_1,unroll_32,unroll_2,unroll_4,unroll_8,unroll_4,1,3.25,0.551872299404,False
workload_2995.cpp,xcu200-fsgd2104-2-e,10,1875.93041,101,4,1,1,1,cyclic_8_1,block_2_1,block_2_1,unroll_4,unroll_2,pipeline_1,unroll_2,unroll_2,1,1.75,0.88770929564,False
workload_2816.cpp,xcu200-fsgd2104-2-e,10,1876.01216,868,4,1,2,8,cyclic_8_1,block_2_1,block_2_1,unroll_8,unroll_32,pipeline_1,unroll_2,unroll_2,1,3.75,0.628010974667,False
workload_2884.cpp,xcu200-fsgd2104-2-e,10,1875.93041,104,5,1,1,1,cyclic_8_1,block_2_1,block_4_1,unroll_4,unroll_2,pipeline_1,unroll_2,unroll_2,1,2,0.85259232525,False
workload_2711.cpp,xcu200-fsgd2104-2-e,10,2043.84593,351,5,1,1,5,cyclic_8_1,block_2_1,cyclic_16_1,unroll_32,unroll_2,pipeline_1,unroll_2,unroll_2,1,3,0.718405282125,False
workload_2826.cpp,xcu200-fsgd2104-2-e,10,2043.78385,158,5,1,1,2,cyclic_8_1,block_2_1,cyclic_16_1,unroll_8,unroll_2,pipeline_1,unroll_4,unroll_2,1,2.25,0.816288090829,False
workload_2762.cpp,xcu200-fsgd2104-2-e,10,6019.36209,208,5,1,1,2,cyclic_8_1,block_2_1,cyclic_64_1,unroll_4,unroll_2,unroll_4,unroll_2,unroll_2,1,2.25,0.598262978772,False
workload_2794.cpp,xcu200-fsgd2104-2-e,10,1876.05329,214.5,5,1,1,3,cyclic_8_1,block_32_1,block_2_1,unroll_16,unroll_2,pipeline_1,unroll_2,unroll_2,2,2.5,0.784496227888,False
workload_2785.cpp,xcu200-fsgd2104-2-e,10,1876.07137,452,5,1,1,6,cyclic_8_1,block_32_1,block_2_1,unroll_32,unroll_2,pipeline_1,unroll_8,unroll_4,1,3.25,0.688201317763,False
workload_2724.cpp,xcu200-fsgd2104-2-e,10,3610.19553,636,5,1,1,7,cyclic_8_1,block_32_1,cyclic_16_1,unroll_16,unroll_4,unroll_4,unroll_8,unroll_2,1,3.5,0.625068901777,False
workload_2740.cpp,xcu200-fsgd2104-2-e,10,1876.05169,216,5,1,1,3,cyclic_8_1,block_4_1,block_2_1,unroll_16,unroll_2,pipeline_1,unroll_2,unroll_8,1,2.5,0.784496237788,False
workload_2648.cpp,xcu200-fsgd2104-2-e,10,4142.33777,755,5,1,1,4,cyclic_8_1,block_4_1,block_2_1,unroll_32,unroll_2,unroll_8,unroll_2,unroll_8,1,2.75,0.677946057104,False
workload_2902.cpp,xcu200-fsgd2104-2-e,10,1875.93041,105,5,1,1,1,cyclic_8_1,block_4_1,block_2_1,unroll_4,unroll_2,pipeline_1,unroll_2,unroll_2,1,2,0.85259232525,False
workload_2870.cpp,xcu200-fsgd2104-2-e,10,1875.9296,1468,5,1,4,10,cyclic_8_1,block_4_1,block_2_1,unroll_4,unroll_32,pipeline_1,unroll_4,unroll_2,1,5,0.49169125533,False
workload_2702.cpp,xcu200-fsgd2104-2-e,10,2883.37585,644,5,1,1,6,cyclic_8_1,block_4_1,block_2_1,unroll_64,unroll_2,unroll_4,unroll_2,unroll_8,1,3.25,0.673611004446,False
workload_2746.cpp,xcu200-fsgd2104-2-e,10,1876.05169,228,5,1,1,3,cyclic_8_1,block_4_1,block_4_1,unroll_16,unroll_2,pipeline_1,unroll_2,unroll_8,1,2.5,0.784496237788,False
workload_2808.cpp,xcu200-fsgd2104-2-e,10,1875.93041,103,5,1,1,1,cyclic_8_1,block_4_1,block_4_1,unroll_4,unroll_2,pipeline_1,unroll_2,unroll_2,1,2,0.85259232525,False
workload_2787.cpp,xcu200-fsgd2104-2-e,10,1875.92881,134,5,1,1,1,cyclic_8_1,block_4_1,block_4_1,unroll_4,unroll_2,pipeline_1,unroll_2,unroll_8,1,2,0.852592340759,False
workload_2937.cpp,xcu200-fsgd2104-2-e,10,1875.92817,153,5,1,1,2,cyclic_8_1,block_4_1,block_4_1,unroll_4,unroll_2,pipeline_1,unroll_4,unroll_8,1,2.25,0.818168275459,False
workload_2932.cpp,xcu200-fsgd2104-2-e,10,4907.87153,99,5,1,1,1,cyclic_8_1,block_4_1,block_4_1,unroll_4,unroll_2,unroll_2,unroll_2,unroll_2,1,2,0.686623771627,False
workload_3043.cpp,xcu200-fsgd2104-2-e,10,2043.70257,106,4,1,1,1,cyclic_8_1,block_4_1,block_8_1,unroll_4,unroll_2,pipeline_1,unroll_2,unroll_2,1,1.75,0.884483037647,False
workload_2615.cpp,xcu200-fsgd2104-2-e,10,2043.82385,273,5,1,1,3,cyclic_8_1,block_4_1,cyclic_16_1,unroll_16,unroll_2,pipeline_1,unroll_2,unroll_8,1,2.5,0.782962398582,False
workload_2589.cpp,xcu200-fsgd2104-2-e,10,3591.84561,391,5,1,1,5,cyclic_8_1,block_4_1,cyclic_16_1,unroll_16,unroll_2,unroll_4,unroll_2,unroll_8,1,3,0.678498632811,False
workload_2602.cpp,xcu200-fsgd2104-2-e,10,4116.12337,1730,5,1,1,6,cyclic_8_1,block_4_1,cyclic_16_1,unroll_32,unroll_2,unroll_16,unroll_2,unroll_8,1,3.25,0.631642292625,False
workload_2452.cpp,xcu200-fsgd2104-2-e,10,4766.24049,805,5,1,1,8,cyclic_8_1,block_4_1,cyclic_16_1,unroll_32,unroll_2,unroll_4,unroll_2,unroll_8,1,3.75,0.558372319345,False
workload_2825.cpp,xcu200-fsgd2104-2-e,10,2043.84529,451,5,1,1,6,cyclic_8_1,block_4_1,cyclic_32_1,unroll_32,unroll_2,pipeline_1,unroll_2,unroll_4,1,3.25,0.687249762642,False
workload_2823.cpp,xcu200-fsgd2104-2-e,10,2043.70257,132,5,1,1,1,cyclic_8_1,block_4_1,cyclic_32_1,unroll_4,unroll_2,pipeline_1,unroll_2,unroll_2,1,2,0.850200668893,False
workload_2757.cpp,xcu200-fsgd2104-2-e,10,2043.70097,204,5,1,1,2,cyclic_8_1,block_4_1,cyclic_32_1,unroll_4,unroll_2,pipeline_1,unroll_2,unroll_8,1,2.25,0.816289314603,False
workload_2727.cpp,xcu200-fsgd2104-2-e,10,3670.55185,158,5,1,1,2,cyclic_8_1,block_4_1,cyclic_32_1,unroll_4,unroll_2,unroll_4,unroll_2,unroll_2,1,2.25,0.74992031894,False
workload_3108.cpp,xcu200-fsgd2104-2-e,10,1875.92873,205,5,1,1,2,cyclic_8_1,block_4_1,cyclic_4_1,unroll_4,unroll_4,pipeline_1,unroll_2,unroll_8,1,2.25,0.818168271208,False
workload_3146.cpp,xcu200-fsgd2104-2-e,10,2043.70257,105,4,1,1,1,cyclic_8_1,block_4_1,cyclic_8_1,unroll_4,unroll_2,pipeline_1,unroll_2,unroll_2,1,1.75,0.884483037647,False
workload_2983.cpp,xcu200-fsgd2104-2-e,10,2043.70097,140,4,1,1,2,cyclic_8_1,block_4_1,cyclic_8_1,unroll_4,unroll_2,pipeline_1,unroll_2,unroll_8,1,2,0.850200698868,False
workload_2719.cpp,xcu200-fsgd2104-2-e,10,1876.05329,260,5,1,1,4,cyclic_8_1,block_64_1,block_2_1,unroll_16,unroll_2,pipeline_1,unroll_2,unroll_2,1,2.75,0.751603802183,False
workload_2796.cpp,xcu200-fsgd2104-2-e,10,1875.93041,142.5,5,1,1,2,cyclic_8_1,block_64_1,block_2_1,unroll_4,unroll_2,pipeline_1,unroll_2,unroll_2,2,2.25,0.818168258455,False
workload_2668.cpp,xcu200-fsgd2104-2-e,10,1876.05329,262.5,5,1,1,4,cyclic_8_1,block_64_1,block_4_1,unroll_16,unroll_2,pipeline_1,unroll_2,unroll_2,2,2.75,0.751603802183,False
workload_2754.cpp,xcu200-fsgd2104-2-e,10,1876.05153,347,5,1,1,5,cyclic_8_1,block_64_1,block_4_1,unroll_16,unroll_2,pipeline_1,unroll_8,unroll_2,1,3,0.719503105394,False
workload_2841.cpp,xcu200-fsgd2104-2-e,10,1875.93041,144,5,1,1,2,cyclic_8_1,block_64_1,block_4_1,unroll_4,unroll_2,pipeline_1,unroll_2,unroll_2,1,2.25,0.818168258455,False
workload_2747.cpp,xcu200-fsgd2104-2-e,10,2043.82545,290,5,1,1,5,cyclic_8_1,block_64_1,cyclic_16_1,unroll_16,unroll_2,pipeline_1,unroll_2,unroll_2,1,3,0.718405459361,False
workload_2686.cpp,xcu200-fsgd2104-2-e,10,2043.84593,504,5,1,1,8,cyclic_8_1,block_64_1,cyclic_16_1,unroll_32,unroll_2,pipeline_1,unroll_2,unroll_2,1,3.75,0.627272413051,False
workload_2759.cpp,xcu200-fsgd2104-2-e,10,2043.78449,222,5,1,1,3,cyclic_8_1,block_64_1,cyclic_32_1,unroll_8,unroll_2,pipeline_1,unroll_2,unroll_2,1,2.5,0.782962873692,False
workload_2678.cpp,xcu200-fsgd2104-2-e,10,1876.05329,196,3,1,1,3,cyclic_8_1,block_8_1,block_2_1,unroll_16,unroll_2,pipeline_1,unroll_2,unroll_2,1,2,0.852591133768,False
workload_2931.cpp,xcu200-fsgd2104-2-e,10,1876.05169,221,3,1,1,3,cyclic_8_1,block_8_1,block_2_1,unroll_16,unroll_2,pipeline_1,unroll_2,unroll_8,1,2,0.852591149287,False
workload_2892.cpp,xcu200-fsgd2104-2-e,10,3442.42353,335,3,1,1,4,cyclic_8_1,block_8_1,block_2_1,unroll_16,unroll_2,unroll_4,unroll_2,unroll_8,1,2.25,0.762872736778,False
workload_3178.cpp,xcu200-fsgd2104-2-e,10,1875.76481,123,3,1,1,1,cyclic_8_1,block_8_1,block_2_1,unroll_2,unroll_2,pipeline_1,unroll_8,unroll_2,1,1.5,0.923346842072,False
workload_2940.cpp,xcu200-fsgd2104-2-e,10,1875.93041,107,3,1,1,1,cyclic_8_1,block_8_1,block_2_1,unroll_4,unroll_2,pipeline_1,unroll_2,unroll_2,1,1.5,0.923343544245,False
workload_3002.cpp,xcu200-fsgd2104-2-e,10,1875.92865,134,3,1,1,2,cyclic_8_1,block_8_1,block_2_1,unroll_4,unroll_2,pipeline_1,unroll_8,unroll_2,1,1.75,0.887709318804,False
workload_2736.cpp,xcu200-fsgd2104-2-e,10,1876.05329,189,4,1,1,3,cyclic_8_1,block_8_1,block_4_1,unroll_16,unroll_2,pipeline_1,unroll_2,unroll_2,1,2.25,0.818167325318,False
workload_2858.cpp,xcu200-fsgd2104-2-e,10,1875.93041,106,4,1,1,1,cyclic_8_1,block_8_1,block_4_1,unroll_4,unroll_2,pipeline_1,unroll_2,unroll_2,1,1.75,0.88770929564,False
workload_2852.cpp,xcu200-fsgd2104-2-e,10,1875.92881,136,4,1,1,2,cyclic_8_1,block_8_1,block_4_1,unroll_4,unroll_2,pipeline_1,unroll_2,unroll_8,1,2,0.852592340759,False
workload_2905.cpp,xcu200-fsgd2104-2-e,10,1876.01233,140,4,1,1,2,cyclic_8_1,block_8_1,block_4_1,unroll_8,unroll_2,pipeline_1,unroll_2,unroll_2,1,2,0.852591531021,False
workload_2782.cpp,xcu200-fsgd2104-2-e,10,2043.82481,214,3,1,1,3,cyclic_8_1,block_8_1,block_8_1,unroll_16,unroll_2,pipeline_1,unroll_4,unroll_2,1,2,0.850198378427,False
workload_2927.cpp,xcu200-fsgd2104-2-e,10,2043.70257,108,3,1,1,1,cyclic_8_1,block_8_1,block_8_1,unroll_4,unroll_2,pipeline_1,unroll_2,unroll_2,1,1.5,0.918543046591,False
workload_2880.cpp,xcu200-fsgd2104-2-e,10,2043.78449,148,4,1,1,2,cyclic_8_1,block_8_1,cyclic_16_1,unroll_8,unroll_2,pipeline_1,unroll_2,unroll_2,1,2,0.850199134008,False
workload_2829.cpp,xcu200-fsgd2104-2-e,10,2043.70097,212,4,1,1,2,cyclic_8_1,block_8_1,cyclic_32_1,unroll_4,unroll_2,pipeline_1,unroll_2,unroll_8,1,2,0.850200698868,False
workload_2899.cpp,xcu200-fsgd2104-2-e,10,5070.33937,206,3,1,1,2,cyclic_8_1,block_8_1,cyclic_8_1,unroll_16,unroll_2,unroll_2,unroll_2,unroll_2,1,1.75,0.686840927089,False
workload_3111.cpp,xcu200-fsgd2104-2-e,10,2043.70097,145,3,1,1,2,cyclic_8_1,block_8_1,cyclic_8_1,unroll_4,unroll_2,pipeline_1,unroll_2,unroll_8,1,1.75,0.884483077824,False
workload_2778.cpp,xcu200-fsgd2104-2-e,10,1876.05329,203,5,1,1,3,cyclic_8_1,cyclic_16_1,block_2_1,unroll_16,unroll_2,pipeline_1,unroll_2,unroll_2,1,2.5,0.784496227888,False
workload_2690.cpp,xcu200-fsgd2104-2-e,10,1876.05329,207,5,1,1,3,cyclic_8_1,cyclic_16_1,block_4_1,unroll_16,unroll_2,pipeline_1,unroll_2,unroll_2,1,2.5,0.784496227888,False
workload_2803.cpp,xcu200-fsgd2104-2-e,10,1876.07377,309,5,1,1,5,cyclic_8_1,cyclic_4_1,block_2_1,unroll_32,unroll_2,pipeline_1,unroll_2,unroll_2,1,3,0.719503007088,False
workload_2083.cpp,xczu7ev-ffvc1156-2-e,3.33,8132.51119149,808,39,10,9,31,block_16_1,block_16_1,block_64_1,unroll_2,unroll_2,unroll_8,unroll_8,unroll_4,1,22.25,0.106840987439,False
workload_2130.cpp,xczu7ev-ffvc1156-2-e,3.33,8104.57787943,908,38,10,14,38,block_16_1,block_2_1,block_16_1,unroll_2,unroll_16,unroll_8,unroll_2,unroll_2,1,25,0.105611020281,False
workload_2360.cpp,xczu7ev-ffvc1156-2-e,3.33,690.20963613,114,91,2,6,11,block_16_1,block_2_1,cyclic_8_1,unroll_2,unroll_2,pipeline_1,unroll_4,unroll_2,1,27.5,0.685587789378,False
workload_2204.cpp,xczu7ev-ffvc1156-2-e,3.33,7626.17755197,252,39,4,5,19,block_16_1,block_32_1,block_16_1,unroll_4,unroll_2,unroll_2,unroll_2,unroll_8,1,16.75,0.125196326109,False
workload_2136.cpp,xczu7ev-ffvc1156-2-e,3.33,8132.51175093,326,39,10,9,26,block_16_1,block_32_1,block_8_1,unroll_2,unroll_4,unroll_8,unroll_2,unroll_4,1,21,0.107575784713,False
workload_2261.cpp,xczu7ev-ffvc1156-2-e,3.33,690.20963613,126,92,2,6,11,block_16_1,block_4_1,cyclic_8_1,unroll_2,unroll_2,pipeline_1,unroll_4,unroll_2,1,27.75,0.679621002556,False
workload_2280.cpp,xczu7ev-ffvc1156-2-e,3.33,7584.27677469,133,38,4,4,13,block_16_1,block_4_1,cyclic_8_1,unroll_4,unroll_2,unroll_2,unroll_4,unroll_2,1,14.75,0.128082567011,False
workload_2086.cpp,xczu7ev-ffvc1156-2-e,3.33,8204.09298471,1577,39,21,20,67,block_16_1,block_64_1,block_16_1,unroll_2,unroll_16,unroll_16,unroll_2,unroll_2,1,36.75,0.1,False
workload_2021.cpp,xczu7ev-ffvc1156-2-e,3.33,8132.51194407,1014,39,10,14,54,block_16_1,block_64_1,block_16_1,unroll_2,unroll_16,unroll_8,unroll_2,unroll_2,1,29.25,0.102572601452,False
workload_2139.cpp,xczu7ev-ffvc1156-2-e,3.33,8132.51028573,265,39,10,7,21,block_16_1,block_64_1,block_16_1,unroll_2,unroll_2,unroll_8,unroll_2,unroll_2,1,19.25,0.108531052942,False
workload_2127.cpp,xczu7ev-ffvc1156-2-e,3.33,7703.02550709,278,39,2,4,23,block_16_1,block_64_1,block_16_1,unroll_2,unroll_4,unroll_2,unroll_4,unroll_2,1,17,0.122209530291,False
workload_2149.cpp,xczu7ev-ffvc1156-2-e,3.33,5091.16337703,2153,44,43,33,91,block_16_1,block_64_1,block_16_1,unroll_4,unroll_16,unroll_16,unroll_2,unroll_2,1,52.75,0.128896574302,False
workload_2135.cpp,xczu7ev-ffvc1156-2-e,3.33,5091.16150557,1327,44,43,27,60,block_16_1,block_64_1,block_16_1,unroll_4,unroll_2,unroll_16,unroll_2,unroll_4,1,43.5,0.1737267792,False
workload_2210.cpp,xczu7ev-ffvc1156-2-e,3.33,7591.24665117,277,39,8,7,23,block_16_1,block_64_1,block_16_1,unroll_8,unroll_2,unroll_2,unroll_4,unroll_2,1,19.25,0.124431149965,False
workload_2160.cpp,xczu7ev-ffvc1156-2-e,3.33,7703.02404189,125,39,2,2,13,block_16_1,block_64_1,cyclic_32_1,unroll_2,unroll_2,unroll_2,unroll_2,unroll_2,1,14,0.123864527042,False
workload_2201.cpp,xczu7ev-ffvc1156-2-e,3.33,7703.02382877,164,39,2,3,16,block_16_1,block_64_1,cyclic_32_1,unroll_2,unroll_2,unroll_2,unroll_4,unroll_2,1,15,0.12340175221,False
workload_2044.cpp,xczu7ev-ffvc1156-2-e,3.33,5035.29316317,1355,43,44,28,60,block_16_1,block_64_1,cyclic_4_1,unroll_4,unroll_2,unroll_16,unroll_4,unroll_4,1,43.75,0.175109761247,False
workload_2000.cpp,xczu7ev-ffvc1156-2-e,3.33,5035.29449517,1368,43,44,28,64,block_16_1,block_64_1,cyclic_4_1,unroll_4,unroll_2,unroll_16,unroll_8,unroll_4,1,44.75,0.169562114422,False
workload_2169.cpp,xczu7ev-ffvc1156-2-e,3.33,7703.02550709,508,39,2,4,29,block_16_1,block_64_1,cyclic_64_1,unroll_2,unroll_4,unroll_2,unroll_4,unroll_2,1,18.5,0.121099677166,False
workload_1919.cpp,xczu7ev-ffvc1156-2-e,3.33,8132.51194407,902,39,10,14,39,block_16_1,block_8_1,block_16_1,unroll_2,unroll_16,unroll_8,unroll_2,unroll_2,1,25.5,0.104824371409,False
workload_1959.cpp,xczu7ev-ffvc1156-2-e,3.33,8132.51028573,239,39,10,7,17,block_16_1,block_8_1,block_16_1,unroll_2,unroll_2,unroll_8,unroll_2,unroll_2,1,18.25,0.109027920724,False
workload_1999.cpp,xczu7ev-ffvc1156-2-e,3.33,8132.51007261,241,39,10,8,19,block_16_1,block_8_1,block_16_1,unroll_2,unroll_2,unroll_8,unroll_2,unroll_4,1,19,0.108658948769,False
workload_2148.cpp,xczu7ev-ffvc1156-2-e,3.33,690.21150759,1170,92,2,12,37,block_16_1,block_8_1,block_32_1,unroll_2,unroll_16,pipeline_1,unroll_2,unroll_2,1,35.75,0.503720050716,False
workload_2273.cpp,xczu7ev-ffvc1156-2-e,3.33,690.21129447,2397,92,2,16,54,block_16_1,block_8_1,block_32_1,unroll_2,unroll_16,pipeline_1,unroll_2,unroll_4,1,41,0.405137771719,False
workload_2113.cpp,xczu7ev-ffvc1156-2-e,3.33,8132.51194407,1108,39,10,14,44,block_16_1,block_8_1,block_32_1,unroll_2,unroll_16,unroll_8,unroll_2,unroll_2,1,26.75,0.104046565599,False
workload_2085.cpp,xczu7ev-ffvc1156-2-e,3.33,8204.09298471,1500,39,21,20,57,block_16_1,block_8_1,cyclic_32_1,unroll_2,unroll_16,unroll_16,unroll_2,unroll_2,1,34.25,0.100167414848,False
workload_1900.cpp,xczu7ev-ffvc1156-2-e,3.33,8132.51194407,1200,39,10,14,44,block_16_1,block_8_1,cyclic_32_1,unroll_2,unroll_16,unroll_8,unroll_2,unroll_2,1,26.75,0.104046565599,False
workload_2039.cpp,xczu7ev-ffvc1156-2-e,3.33,8132.51028573,246,39,10,7,19,block_16_1,block_8_1,cyclic_32_1,unroll_2,unroll_2,unroll_8,unroll_2,unroll_2,1,18.75,0.108784438733,False
workload_2103.cpp,xczu7ev-ffvc1156-2-e,3.33,8132.51007261,227,39,10,8,21,block_16_1,block_8_1,cyclic_32_1,unroll_2,unroll_2,unroll_8,unroll_4,unroll_2,1,19.5,0.108400851766,False
workload_2080.cpp,xczu7ev-ffvc1156-2-e,3.33,8132.50969965,310,39,10,8,24,block_16_1,block_8_1,cyclic_32_1,unroll_2,unroll_2,unroll_8,unroll_8,unroll_2,1,20.25,0.107997199744,False
workload_2157.cpp,xczu7ev-ffvc1156-2-e,3.33,8204.09244525,2350,39,21,19,60,block_16_1,block_8_1,cyclic_32_1,unroll_2,unroll_8,unroll_16,unroll_8,unroll_2,1,34.75,0.100109613087,False
workload_2133.cpp,xczu7ev-ffvc1156-2-e,3.33,5033.54749725,1111,39,47,29,60,block_16_1,block_8_1,cyclic_32_1,unroll_4,unroll_2,unroll_16,unroll_2,unroll_4,1,43.75,0.175196223205,False
workload_2128.cpp,xczu7ev-ffvc1156-2-e,3.33,8076.64157037,241,38,10,8,19,block_16_1,block_8_1,cyclic_4_1,unroll_2,unroll_2,unroll_8,unroll_8,unroll_2,1,18.75,0.110068835795,False
workload_2101.cpp,xczu7ev-ffvc1156-2-e,3.33,4977.68048685,1226,38,44,28,54,block_16_1,block_8_1,cyclic_4_1,unroll_4,unroll_2,unroll_16,unroll_8,unroll_4,1,41,0.194050764297,False
workload_2142.cpp,xczu7ev-ffvc1156-2-e,3.33,8132.51007261,306,39,10,8,25,block_16_1,block_8_1,cyclic_64_1,unroll_2,unroll_2,unroll_8,unroll_4,unroll_2,1,20.5,0.107858581954,False
workload_2162.cpp,xczu7ev-ffvc1156-2-e,3.33,8132.51007261,215,39,10,8,18,block_16_1,block_8_1,cyclic_8_1,unroll_2,unroll_2,unroll_8,unroll_2,unroll_4,1,18.75,0.108784443466,False
workload_2214.cpp,xczu7ev-ffvc1156-2-e,3.33,690.21131445,405,91,2,7,19,block_16_1,cyclic_2_1,block_32_1,unroll_2,unroll_4,pipeline_1,unroll_2,unroll_4,1,29.75,0.632847371563,False
workload_2266.cpp,xczu7ev-ffvc1156-2-e,3.33,690.21131445,280,91,2,7,19,block_16_1,cyclic_2_1,cyclic_32_1,unroll_2,unroll_4,pipeline_1,unroll_2,unroll_4,1,29.75,0.632847371563,False
workload_2241.cpp,xczu7ev-ffvc1156-2-e,3.33,7675.08944445,181,38,2,3,13,block_16_1,cyclic_4_1,block_16_1,unroll_2,unroll_2,unroll_2,unroll_2,unroll_8,1,14,0.124909047988,False
workload_2251.cpp,xczu7ev-ffvc1156-2-e,3.33,7528.40885853,123,37,4,4,11,block_16_1,cyclic_4_1,block_4_1,unroll_4,unroll_2,unroll_2,unroll_2,unroll_2,1,14,0.130760217283,False
workload_2161.cpp,xczu7ev-ffvc1156-2-e,3.33,7675.08944445,188,39,2,3,13,block_16_1,cyclic_8_1,block_16_1,unroll_2,unroll_2,unroll_2,unroll_2,unroll_8,1,14.25,0.124799224918,False
workload_2120.cpp,xczu7ev-ffvc1156-2-e,3.33,7542.36225117,176,39,8,7,17,block_16_1,cyclic_8_1,block_16_1,unroll_8,unroll_2,unroll_2,unroll_2,unroll_2,1,17.75,0.127650742284,False
workload_2245.cpp,xczu7ev-ffvc1156-2-e,3.33,631.94238837,322,63,1,10,31,block_2_1,block_64_1,cyclic_32_1,unroll_4,unroll_4,pipeline_1,unroll_4,unroll_4,1,26.25,0.715573849021,False
workload_2365.cpp,xczu7ev-ffvc1156-2-e,3.33,6241.69597941,159,31,1,6,14,block_2_1,block_8_1,block_8_1,unroll_4,unroll_4,unroll_4,unroll_2,unroll_2,1,13,0.209423387009,False
workload_2344.cpp,xczu7ev-ffvc1156-2-e,3.33,631.94260149,143,62,1,9,14,block_2_1,cyclic_4_1,block_8_1,unroll_4,unroll_4,pipeline_1,unroll_2,unroll_4,1,21.5,0.809583731033,False
workload_2299.cpp,xczu7ev-ffvc1156-2-e,3.33,4682.62727541,401,31,1,12,32,block_2_1,cyclic_4_1,cyclic_32_1,unroll_4,unroll_4,unroll_8,unroll_4,unroll_4,1,19,0.345850398881,False
workload_2388.cpp,xczu7ev-ffvc1156-2-e,3.33,632.13187869,156,76,3,11,25,block_4_1,block_128_1,cyclic_2_1,unroll_4,unroll_2,pipeline_1,unroll_2,unroll_4,1,28.75,0.655616074942,False
workload_2178.cpp,xczu7ev-ffvc1156-2-e,3.33,8074.89718317,686,32,10,9,27,block_4_1,block_16_1,block_64_1,unroll_2,unroll_2,unroll_8,unroll_8,unroll_4,1,19.5,0.10969523704,False
workload_2240.cpp,xczu7ev-ffvc1156-2-e,3.33,632.13187869,126,67,3,10,16,block_4_1,block_32_1,block_16_1,unroll_4,unroll_2,pipeline_1,unroll_2,unroll_4,1,24,0.771629913716,False
workload_2329.cpp,xczu7ev-ffvc1156-2-e,3.33,632.13334389,266,67,3,12,25,block_4_1,block_32_1,block_16_1,unroll_4,unroll_4,pipeline_1,unroll_4,unroll_4,1,26.75,0.703363645285,False
workload_2305.cpp,xczu7ev-ffvc1156-2-e,3.33,632.59730613,548,67,2,7,25,block_4_1,block_32_1,block_64_1,unroll_2,unroll_4,pipeline_1,unroll_2,unroll_4,1,25.25,0.740304993798,False
workload_2330.cpp,xczu7ev-ffvc1156-2-e,3.33,576.26374941,122,66,3,10,15,block_4_1,block_32_1,cyclic_2_1,unroll_4,unroll_2,pipeline_1,unroll_2,unroll_4,1,23.5,0.783742653665,False
workload_2122.cpp,xczu7ev-ffvc1156-2-e,3.33,632.13334389,280,67,3,12,31,block_4_1,block_64_1,block_16_1,unroll_4,unroll_4,pipeline_1,unroll_4,unroll_4,1,28.25,0.66738322502,False
workload_2268.cpp,xczu7ev-ffvc1156-2-e,3.33,632.13334389,437,67,3,12,33,block_4_1,block_64_1,block_32_1,unroll_4,unroll_4,pipeline_1,unroll_4,unroll_4,1,28.75,0.655616091003,False
workload_2243.cpp,xczu7ev-ffvc1156-2-e,3.33,7568.56532853,231,32,4,7,25,block_4_1,block_64_1,block_8_1,unroll_4,unroll_4,unroll_2,unroll_4,unroll_4,1,17,0.127229676155,False
workload_2226.cpp,xczu7ev-ffvc1156-2-e,3.33,632.59709301,329,67,2,8,29,block_4_1,block_64_1,cyclic_32_1,unroll_2,unroll_4,pipeline_1,unroll_4,unroll_4,1,26.5,0.709461234309,False
workload_2293.cpp,xczu7ev-ffvc1156-2-e,3.33,7645.41128565,333,32,2,5,27,block_4_1,block_64_1,cyclic_32_1,unroll_2,unroll_4,unroll_2,unroll_4,unroll_4,1,16.5,0.124646464412,False
workload_2347.cpp,xczu7ev-ffvc1156-2-e,3.33,632.13334389,308,67,3,12,33,block_4_1,block_64_1,cyclic_32_1,unroll_4,unroll_4,pipeline_1,unroll_4,unroll_4,1,28.75,0.655616091003,False
workload_2314.cpp,xczu7ev-ffvc1156-2-e,3.33,4975.93484757,861,32,43,28,45,block_4_1,block_8_1,block_16_1,unroll_4,unroll_4,unroll_16,unroll_2,unroll_8,1,37,0.217897022844,False
workload_2334.cpp,xczu7ev-ffvc1156-2-e,3.33,7645.41149877,192,32,2,4,16,block_4_1,block_8_1,cyclic_32_1,unroll_2,unroll_4,unroll_2,unroll_2,unroll_4,1,13.5,0.126250262782,False
workload_2263.cpp,xczu7ev-ffvc1156-2-e,3.33,632.13355701,205,67,3,11,20,block_4_1,cyclic_16_1,block_16_1,unroll_4,unroll_4,pipeline_1,unroll_2,unroll_4,1,25.25,0.740301517736,False
workload_2368.cpp,xczu7ev-ffvc1156-2-e,3.33,632.13355701,180,66,3,11,18,block_4_1,cyclic_2_1,block_16_1,unroll_4,unroll_4,pipeline_1,unroll_2,unroll_4,1,24.5,0.759066823642,False
workload_2320.cpp,xczu7ev-ffvc1156-2-e,3.33,576.26542773,153,65,3,11,16,block_4_1,cyclic_2_1,block_4_1,unroll_4,unroll_4,pipeline_1,unroll_2,unroll_4,1,23.75,0.777330186433,False
workload_2420.cpp,xczu7ev-ffvc1156-2-e,3.33,6988.95951453,165,31,10,7,11,block_4_1,cyclic_4_1,block_2_1,unroll_2,unroll_2,unroll_8,unroll_2,unroll_2,1,14.75,0.156980725817,False
workload_2384.cpp,xczu7ev-ffvc1156-2-e,3.33,576.26374941,113,65,3,10,12,block_4_1,cyclic_4_1,block_2_1,unroll_4,unroll_2,pipeline_1,unroll_2,unroll_4,1,22.5,1,True
workload_2413.cpp,xczu7ev-ffvc1156-2-e,3.33,632.13355701,144,66,3,11,17,block_4_1,cyclic_4_1,block_8_1,unroll_4,unroll_4,pipeline_1,unroll_4,unroll_2,1,24.25,0.765347803486,False
workload_2418.cpp,xczu7ev-ffvc1156-2-e,3.33,576.26374941,107,66,3,10,13,block_4_1,cyclic_4_1,cyclic_4_1,unroll_4,unroll_2,pipeline_1,unroll_2,unroll_4,1,23,0.796643946369,False
workload_2203.cpp,xczu7ev-ffvc1156-2-e,3.33,632.13355701,229,67,3,11,19,block_4_1,cyclic_8_1,block_16_1,unroll_4,unroll_4,pipeline_1,unroll_2,unroll_4,1,25,0.746539244167,False
workload_2338.cpp,xczu7ev-ffvc1156-2-e,3.33,631.92896181,220,67,4,19,26,block_4_1,cyclic_8_1,block_16_1,unroll_8,unroll_4,pipeline_1,unroll_2,unroll_4,1,29,0.649773605434,False
workload_2281.cpp,xczu7ev-ffvc1156-2-e,3.33,576.26542773,133,66,3,11,17,block_4_1,cyclic_8_1,cyclic_4_1,unroll_4,unroll_4,pipeline_1,unroll_2,unroll_4,1,24.25,0.764582873075,False
workload_2417.cpp,xczu7ev-ffvc1156-2-e,3.33,633.87797085,109,76,3,9,14,block_8_1,block_32_1,cyclic_2_1,unroll_4,unroll_2,pipeline_1,unroll_2,unroll_2,1,25.5,0.734098977723,False
workload_2079.cpp,xczu7ev-ffvc1156-2-e,3.33,5529.37735773,309,34,21,13,24,block_8_1,block_4_1,block_16_1,unroll_4,unroll_2,unroll_8,unroll_2,unroll_2,1,23,0.243152888002,False
workload_2144.cpp,xczu7ev-ffvc1156-2-e,3.33,5529.37902273,451,34,21,16,33,block_8_1,block_4_1,block_16_1,unroll_4,unroll_8,unroll_8,unroll_2,unroll_2,1,26,0.228977597619,False
workload_2137.cpp,xczu7ev-ffvc1156-2-e,3.33,5091.16150557,1110,40,43,27,51,block_8_1,block_64_1,block_16_1,unroll_4,unroll_2,unroll_16,unroll_2,unroll_4,1,40.25,0.191842885054,False
workload_2152.cpp,xczu7ev-ffvc1156-2-e,3.33,3535.13295837,2411,43,86,51,90,block_8_1,block_64_1,block_16_1,unroll_8,unroll_2,unroll_16,unroll_4,unroll_4,1,67.5,0.104762534756,False
workload_2090.cpp,xczu7ev-ffvc1156-2-e,3.33,5035.29337629,1071,39,44,27,48,block_8_1,block_64_1,cyclic_4_1,unroll_4,unroll_2,unroll_16,unroll_2,unroll_4,1,39.5,0.199441982005,False
workload_2143.cpp,xczu7ev-ffvc1156-2-e,3.33,5033.54936871,1704,35,47,35,73,block_8_1,block_8_1,cyclic_32_1,unroll_4,unroll_16,unroll_16,unroll_2,unroll_2,1,47.5,0.154979495909,False
workload_2179.cpp,xczu7ev-ffvc1156-2-e,3.33,4350.03751809,1028,34,43,30,55,block_8_1,cyclic_4_1,block_16_1,unroll_4,unroll_8,unroll_16,unroll_2,unroll_4,1,40.5,0.23603338715,False
workload_2225.cpp,xczu7ev-ffvc1156-2-e,3.33,5300.66810925,292,48,1,3,29,cyclic_16_1,block_128_1,cyclic_4_1,unroll_4,unroll_2,unroll_2,unroll_8,unroll_4,1,20.25,0.275661523727,False
workload_2383.cpp,xczu7ev-ffvc1156-2-e,3.33,1084.39638813,183,39,2,5,17,cyclic_16_1,block_32_1,block_16_1,unroll_2,unroll_2,unroll_16,unroll_4,unroll_2,1,15.75,0.874192592888,False
workload_2042.cpp,xczu7ev-ffvc1156-2-e,3.33,1564.48771623,890,39,1,9,46,cyclic_16_1,block_32_1,block_16_1,unroll_4,unroll_16,unroll_8,unroll_2,unroll_2,1,23.75,0.699364120382,False
workload_2279.cpp,xczu7ev-ffvc1156-2-e,3.33,4148.38703709,115,39,1,1,12,cyclic_16_1,block_32_1,block_16_1,unroll_4,unroll_2,unroll_2,unroll_2,unroll_2,1,13.25,0.436719352613,False
workload_2430.cpp,xczu7ev-ffvc1156-2-e,3.33,1084.37077377,594,39,2,9,35,cyclic_16_1,block_32_1,block_16_1,unroll_4,unroll_8,unroll_16,unroll_4,unroll_2,1,21.25,0.783481010918,False
workload_2398.cpp,xczu7ev-ffvc1156-2-e,3.33,631.01363805,114,92,1,3,11,cyclic_16_1,block_32_1,block_4_1,unroll_4,unroll_2,pipeline_1,unroll_2,unroll_2,1,26.75,0.703351785941,False
workload_2385.cpp,xczu7ev-ffvc1156-2-e,3.33,631.01310525,141,91,1,3,15,cyclic_16_1,block_32_1,cyclic_2_1,unroll_4,unroll_2,pipeline_1,unroll_2,unroll_8,1,27.5,0.685235574581,False
workload_2361.cpp,xczu7ev-ffvc1156-2-e,3.33,2437.45264413,118,38,1,2,10,cyclic_16_1,block_4_1,block_16_1,unroll_2,unroll_2,unroll_4,unroll_4,unroll_2,1,12.75,0.713222984514,False
workload_2335.cpp,xczu7ev-ffvc1156-2-e,3.33,686.88155421,181,92,1,3,16,cyclic_16_1,block_4_1,cyclic_64_1,unroll_4,unroll_2,pipeline_1,unroll_4,unroll_2,1,28,0.673672958334,False
workload_2187.cpp,xczu7ev-ffvc1156-2-e,3.33,2996.10833589,1728,80,1,5,47,cyclic_16_1,block_64_1,block_128_1,unroll_4,unroll_4,unroll_4,unroll_4,unroll_2,1,33.25,0.415988432854,False
workload_2153.cpp,xczu7ev-ffvc1156-2-e,3.33,2996.10812277,2525,80,1,6,54,cyclic_16_1,block_64_1,block_128_1,unroll_4,unroll_4,unroll_4,unroll_4,unroll_4,1,35.25,0.3914296284,False
workload_2352.cpp,xczu7ev-ffvc1156-2-e,3.33,1852.55754471,1403,49,1,12,75,cyclic_16_1,block_64_1,block_16_1,unroll_4,unroll_16,unroll_8,unroll_4,unroll_2,1,34.25,0.495110465522,False
workload_2081.cpp,xczu7ev-ffvc1156-2-e,3.33,5300.66845557,342,39,1,4,26,cyclic_16_1,block_64_1,block_16_1,unroll_4,unroll_4,unroll_2,unroll_4,unroll_4,1,17.5,0.285928567648,False
workload_2411.cpp,xczu7ev-ffvc1156-2-e,3.33,631.01363805,116,91,1,3,14,cyclic_16_1,block_64_1,block_2_1,unroll_4,unroll_2,pipeline_1,unroll_2,unroll_2,1,27.25,0.691246751697,False
workload_2324.cpp,xczu7ev-ffvc1156-2-e,3.33,686.82699549,219,92,1,2,18,cyclic_16_1,block_64_1,cyclic_64_1,unroll_2,unroll_2,pipeline_1,unroll_4,unroll_2,1,28.25,0.667756491278,False
workload_2287.cpp,xczu7ev-ffvc1156-2-e,3.33,686.88155421,234,92,1,3,21,cyclic_16_1,block_64_1,cyclic_64_1,unroll_4,unroll_2,pipeline_1,unroll_4,unroll_2,1,29.25,0.644363360738,False
workload_2312.cpp,xczu7ev-ffvc1156-2-e,3.33,1588.93002279,668,39,1,9,38,cyclic_16_1,block_8_1,block_16_1,unroll_4,unroll_16,unroll_8,unroll_2,unroll_2,1,21.75,0.722471957522,False
workload_2350.cpp,xczu7ev-ffvc1156-2-e,3.33,2444.43803841,382,39,1,4,20,cyclic_16_1,block_8_1,block_32_1,unroll_2,unroll_8,unroll_4,unroll_2,unroll_2,1,16,0.679238802408,False
workload_2211.cpp,xczu7ev-ffvc1156-2-e,3.33,5244.82632693,221,39,1,3,15,cyclic_16_1,cyclic_16_1,block_16_1,unroll_2,unroll_4,unroll_8,unroll_2,unroll_2,1,14.5,0.299843426306,False
workload_2282.cpp,xczu7ev-ffvc1156-2-e,3.33,686.88155421,145,91,1,3,11,cyclic_16_1,cyclic_2_1,block_16_1,unroll_4,unroll_2,pipeline_1,unroll_2,unroll_4,1,26.5,0.709699338361,False
workload_2171.cpp,xczu7ev-ffvc1156-2-e,3.33,937.71693441,597,38,1,7,25,cyclic_16_1,cyclic_2_1,block_16_1,unroll_4,unroll_8,unroll_16,unroll_4,unroll_2,1,17.75,0.847913316095,False
workload_2301.cpp,xczu7ev-ffvc1156-2-e,3.33,1264.19631489,584,38,1,7,31,cyclic_16_1,cyclic_2_1,block_16_1,unroll_4,unroll_8,unroll_8,unroll_4,unroll_2,1,19.25,0.796520109376,False
workload_2230.cpp,xczu7ev-ffvc1156-2-e,3.33,937.71693441,1010,38,1,7,31,cyclic_16_1,cyclic_2_1,block_32_1,unroll_4,unroll_8,unroll_16,unroll_4,unroll_2,1,19.25,0.829114136855,False
workload_2259.cpp,xczu7ev-ffvc1156-2-e,3.33,1264.19652801,600,38,1,5,30,cyclic_16_1,cyclic_2_1,block_32_1,unroll_4,unroll_8,unroll_8,unroll_2,unroll_2,1,18.5,0.806508873555,False
workload_2359.cpp,xczu7ev-ffvc1156-2-e,3.33,631.01342493,110,91,1,3,10,cyclic_16_1,cyclic_2_1,block_4_1,unroll_4,unroll_2,pipeline_1,unroll_2,unroll_4,1,26.25,0.715564487259,False
workload_2260.cpp,xczu7ev-ffvc1156-2-e,3.33,686.82867381,652,91,1,4,20,cyclic_16_1,cyclic_2_1,block_64_1,unroll_2,unroll_4,pipeline_1,unroll_2,unroll_4,1,29,0.650169964641,False
workload_2426.cpp,xczu7ev-ffvc1156-2-e,3.33,1780.97652405,153,37,1,3,15,cyclic_16_1,cyclic_2_1,cyclic_4_1,unroll_4,unroll_4,unroll_4,unroll_2,unroll_4,1,14,0.815130878959,False
workload_2332.cpp,xczu7ev-ffvc1156-2-e,3.33,1208.32818561,318,37,1,7,27,cyclic_16_1,cyclic_2_1,cyclic_4_1,unroll_4,unroll_8,unroll_8,unroll_4,unroll_2,1,18,0.819052816892,False
workload_2315.cpp,xczu7ev-ffvc1156-2-e,3.33,686.88321255,1036,92,1,11,40,cyclic_16_1,cyclic_4_1,block_16_1,unroll_4,unroll_16,pipeline_1,unroll_4,unroll_2,1,36,0.498702527886,False
workload_2309.cpp,xczu7ev-ffvc1156-2-e,3.33,929.86068519,736,38,1,9,31,cyclic_16_1,cyclic_4_1,block_16_1,unroll_4,unroll_16,unroll_16,unroll_2,unroll_2,1,19.75,0.82310581503,False
workload_2140.cpp,xczu7ev-ffvc1156-2-e,3.33,1264.19652135,795,38,1,8,36,cyclic_16_1,cyclic_4_1,block_16_1,unroll_4,unroll_16,unroll_8,unroll_2,unroll_2,1,20.75,0.774906132659,False
workload_2342.cpp,xczu7ev-ffvc1156-2-e,3.33,929.86047873,531,38,1,7,26,cyclic_16_1,cyclic_4_1,block_16_1,unroll_4,unroll_8,unroll_16,unroll_4,unroll_2,1,18,0.846078321789,False
workload_2256.cpp,xczu7ev-ffvc1156-2-e,3.33,631.01310525,147,91,1,3,12,cyclic_16_1,cyclic_4_1,block_2_1,unroll_4,unroll_2,pipeline_1,unroll_2,unroll_8,1,26.75,0.703351780238,False
workload_2199.cpp,xczu7ev-ffvc1156-2-e,3.33,5202.89744445,147,37,1,2,11,cyclic_16_1,cyclic_4_1,block_2_1,unroll_4,unroll_2,unroll_2,unroll_2,unroll_8,1,12.75,0.307453320402,False
workload_2317.cpp,xczu7ev-ffvc1156-2-e,3.33,1784.46681693,112,37,1,2,10,cyclic_16_1,cyclic_4_1,block_2_1,unroll_4,unroll_2,unroll_4,unroll_2,unroll_2,1,12.5,0.835183526091,False
workload_2408.cpp,xczu7ev-ffvc1156-2-e,3.33,1784.46660381,120,37,1,2,11,cyclic_16_1,cyclic_4_1,block_2_1,unroll_4,unroll_2,unroll_4,unroll_4,unroll_2,1,12.75,0.831821186779,False
workload_2366.cpp,xczu7ev-ffvc1156-2-e,3.33,1208.32673373,162,37,1,3,16,cyclic_16_1,cyclic_4_1,block_2_1,unroll_4,unroll_2,unroll_8,unroll_2,unroll_2,1,14.25,0.891309884924,False
workload_2303.cpp,xczu7ev-ffvc1156-2-e,3.33,1208.32839207,461,37,1,8,32,cyclic_16_1,cyclic_4_1,block_4_1,unroll_4,unroll_16,unroll_8,unroll_2,unroll_2,1,19.5,0.79943645268,False
workload_2351.cpp,xczu7ev-ffvc1156-2-e,3.33,1208.32817895,636,37,1,12,42,cyclic_16_1,cyclic_4_1,block_4_1,unroll_4,unroll_16,unroll_8,unroll_4,unroll_2,1,23,0.74836405931,False
workload_2296.cpp,xczu7ev-ffvc1156-2-e,3.33,631.01310525,149,91,1,3,12,cyclic_16_1,cyclic_4_1,block_4_1,unroll_4,unroll_2,pipeline_1,unroll_2,unroll_8,1,26.75,0.703351780238,False
workload_2386.cpp,xczu7ev-ffvc1156-2-e,3.33,631.01459709,164,91,1,4,13,cyclic_16_1,cyclic_4_1,block_4_1,unroll_4,unroll_2,pipeline_1,unroll_4,unroll_8,1,27.25,0.691246762245,False
workload_2159.cpp,xczu7ev-ffvc1156-2-e,3.33,5202.89797725,102,37,1,1,8,cyclic_16_1,cyclic_4_1,block_4_1,unroll_4,unroll_2,unroll_2,unroll_2,unroll_2,1,11.75,0.308619556946,False
workload_2321.cpp,xczu7ev-ffvc1156-2-e,3.33,1208.32673373,154,37,1,3,16,cyclic_16_1,cyclic_4_1,block_4_1,unroll_4,unroll_2,unroll_8,unroll_2,unroll_2,1,14.25,0.891309884924,False
workload_2370.cpp,xczu7ev-ffvc1156-2-e,3.33,1208.32620093,208,37,1,4,19,cyclic_16_1,cyclic_4_1,block_4_1,unroll_4,unroll_2,unroll_8,unroll_2,unroll_8,1,15.25,0.872822185982,False
workload_2372.cpp,xczu7ev-ffvc1156-2-e,3.33,1836.84318813,118,38,1,2,11,cyclic_16_1,cyclic_4_1,block_8_1,unroll_4,unroll_2,unroll_4,unroll_2,unroll_2,1,13,0.819151099283,False
workload_2304.cpp,xczu7ev-ffvc1156-2-e,3.33,930.73175325,662,69,1,5,55,cyclic_16_1,cyclic_4_1,cyclic_128_1,unroll_4,unroll_2,unroll_16,unroll_4,unroll_2,1,32.5,0.570088021015,False
workload_2393.cpp,xczu7ev-ffvc1156-2-e,3.33,930.73154013,724,69,1,6,58,cyclic_16_1,cyclic_4_1,cyclic_128_1,unroll_4,unroll_2,unroll_16,unroll_4,unroll_4,1,33.5,0.54892731726,False
workload_2415.cpp,xczu7ev-ffvc1156-2-e,3.33,869.65326621,124,37,1,3,8,cyclic_16_1,cyclic_4_1,cyclic_2_1,unroll_2,unroll_2,unroll_16,unroll_4,unroll_2,1,12.25,1,True
workload_2371.cpp,xczu7ev-ffvc1156-2-e,3.33,869.62786497,236,37,1,5,16,cyclic_16_1,cyclic_4_1,cyclic_4_1,unroll_4,unroll_8,unroll_16,unroll_2,unroll_2,1,14.75,0.906469094751,False
workload_2423.cpp,xczu7ev-ffvc1156-2-e,3.33,686.82816765,434,92,1,3,19,cyclic_16_1,cyclic_4_1,cyclic_64_1,unroll_2,unroll_2,pipeline_1,unroll_4,unroll_8,1,28.75,0.656004668997,False
workload_2353.cpp,xczu7ev-ffvc1156-2-e,3.33,930.73362471,1713,48,1,9,57,cyclic_16_1,cyclic_4_1,cyclic_64_1,unroll_4,unroll_16,unroll_16,unroll_2,unroll_2,1,28.75,0.652804779633,False
workload_2319.cpp,xczu7ev-ffvc1156-2-e,3.33,686.88155421,146,92,1,3,12,cyclic_16_1,cyclic_8_1,block_16_1,unroll_4,unroll_2,pipeline_1,unroll_2,unroll_4,1,27,0.697595208165,False
workload_2395.cpp,xczu7ev-ffvc1156-2-e,3.33,629.26754589,894,94,1,6,29,cyclic_2_1,block_32_1,block_256_1,unroll_2,unroll_2,pipeline_1,unroll_4,unroll_2,1,32.5,0.57108238886,False
workload_2382.cpp,xczu7ev-ffvc1156-2-e,3.33,629.26922421,246,63,1,4,17,cyclic_2_1,block_32_1,block_32_1,unroll_2,unroll_4,pipeline_1,unroll_4,unroll_2,1,21.25,0.809644752572,False
workload_2427.cpp,xczu7ev-ffvc1156-2-e,3.33,629.35084917,335,63,1,5,22,cyclic_2_1,block_32_1,block_32_1,unroll_4,unroll_4,pipeline_1,unroll_4,unroll_4,1,22.75,0.801696400342,False
workload_2340.cpp,xczu7ev-ffvc1156-2-e,3.33,629.26922421,496,63,1,4,21,cyclic_2_1,block_32_1,block_64_1,unroll_2,unroll_4,pipeline_1,unroll_4,unroll_2,1,22.25,0.808100240619,False
workload_2416.cpp,xczu7ev-ffvc1156-2-e,3.33,1072.17711297,349,31,1,5,19,cyclic_2_1,block_4_1,block_32_1,unroll_2,unroll_8,unroll_16,unroll_2,unroll_2,1,14,0.910420828357,False
workload_2381.cpp,xczu7ev-ffvc1156-2-e,3.33,1489.41492417,346,31,1,4,19,cyclic_2_1,block_4_1,block_32_1,unroll_4,unroll_8,unroll_8,unroll_2,unroll_2,1,13.75,0.866647411377,False
workload_2375.cpp,xczu7ev-ffvc1156-2-e,3.33,1016.30897703,256,30,1,8,20,cyclic_2_1,block_4_1,block_4_1,unroll_2,unroll_16,unroll_16,unroll_2,unroll_2,1,14.75,0.900808736317,False
workload_2325.cpp,xczu7ev-ffvc1156-2-e,3.33,1433.57406759,241,30,1,7,18,cyclic_2_1,block_4_1,block_4_1,unroll_2,unroll_16,unroll_8,unroll_2,unroll_2,1,14,0.869735903143,False
workload_2410.cpp,xczu7ev-ffvc1156-2-e,3.33,1433.54678823,254,30,1,8,20,cyclic_2_1,block_4_1,block_4_1,unroll_4,unroll_16,unroll_8,unroll_2,unroll_2,1,14.75,0.853665636061,False
workload_2421.cpp,xczu7ev-ffvc1156-2-e,3.33,1489.44198375,429,31,1,11,28,cyclic_2_1,block_4_1,block_8_1,unroll_2,unroll_16,unroll_8,unroll_4,unroll_2,1,17.75,0.792397544505,False
workload_2414.cpp,xczu7ev-ffvc1156-2-e,3.33,629.26775901,118,62,1,2,9,cyclic_2_1,block_4_1,cyclic_64_1,unroll_2,unroll_2,pipeline_1,unroll_2,unroll_2,1,18.5,1,True
workload_2278.cpp,xczu7ev-ffvc1156-2-e,3.33,4041.91569501,113,31,1,1,8,cyclic_2_1,block_4_1,cyclic_64_1,unroll_2,unroll_2,unroll_2,unroll_2,unroll_2,1,10.25,0.456637986112,False
workload_2402.cpp,xczu7ev-ffvc1156-2-e,3.33,4041.91548189,147,31,1,1,10,cyclic_2_1,block_4_1,cyclic_64_1,unroll_2,unroll_2,unroll_2,unroll_2,unroll_4,1,10.75,0.456317214899,False
workload_2378.cpp,xczu7ev-ffvc1156-2-e,3.33,2330.95570101,285,41,1,3,18,cyclic_2_1,block_4_1,cyclic_64_1,unroll_2,unroll_4,unroll_4,unroll_4,unroll_2,1,15.75,0.700547420988,False
workload_2318.cpp,xczu7ev-ffvc1156-2-e,3.33,4041.88841565,124,31,1,1,10,cyclic_2_1,block_4_1,cyclic_64_1,unroll_4,unroll_2,unroll_2,unroll_2,unroll_2,1,10.75,0.456321093777,False
workload_2248.cpp,xczu7ev-ffvc1156-2-e,3.33,1698.94768167,370,41,1,8,37,cyclic_2_1,block_64_1,block_4_1,unroll_2,unroll_16,unroll_8,unroll_2,unroll_2,1,21.75,0.709248429422,False
workload_2227.cpp,xczu7ev-ffvc1156-2-e,3.33,5187.21349077,469,31,1,3,24,cyclic_2_1,block_64_1,cyclic_32_1,unroll_2,unroll_4,unroll_2,unroll_2,unroll_8,1,14.75,0.305446112094,False
workload_2269.cpp,xczu7ev-ffvc1156-2-e,3.33,1754.81508501,581,41,1,5,34,cyclic_2_1,block_64_1,cyclic_32_1,unroll_2,unroll_4,unroll_8,unroll_4,unroll_8,1,20.25,0.722666727568,False
workload_2041.cpp,xczu7ev-ffvc1156-2-e,3.33,5208.13654677,620,31,1,4,30,cyclic_2_1,block_64_1,cyclic_32_1,unroll_4,unroll_4,unroll_2,unroll_4,unroll_8,1,16.5,0.298563819175,False
workload_2337.cpp,xczu7ev-ffvc1156-2-e,3.33,5187.21231861,190,31,1,2,17,cyclic_2_1,block_64_1,cyclic_64_1,unroll_2,unroll_4,unroll_2,unroll_2,unroll_2,1,12.75,0.309165706406,False
workload_2358.cpp,xczu7ev-ffvc1156-2-e,3.33,4069.82248029,89,31,1,1,7,cyclic_2_1,block_8_1,block_16_1,unroll_4,unroll_2,unroll_2,unroll_2,unroll_2,1,10,0.452724088526,False
workload_2289.cpp,xczu7ev-ffvc1156-2-e,3.33,4069.82245365,124,31,1,2,9,cyclic_2_1,block_8_1,block_16_1,unroll_4,unroll_4,unroll_2,unroll_2,unroll_2,1,10.75,0.452329046268,False
workload_2286.cpp,xczu7ev-ffvc1156-2-e,3.33,1440.55758375,215,30,1,7,19,cyclic_2_1,block_8_1,block_2_1,unroll_2,unroll_16,unroll_8,unroll_2,unroll_2,1,14.25,0.863599788588,False
workload_2333.cpp,xczu7ev-ffvc1156-2-e,3.33,1440.55737063,327,30,1,11,27,cyclic_2_1,block_8_1,block_2_1,unroll_2,unroll_16,unroll_8,unroll_4,unroll_2,1,17.25,0.807322662829,False
workload_2399.cpp,xczu7ev-ffvc1156-2-e,3.33,1019.79907677,122,30,1,3,8,cyclic_2_1,block_8_1,block_2_1,unroll_2,unroll_2,unroll_16,unroll_2,unroll_2,1,10.5,1,True
workload_2409.cpp,xczu7ev-ffvc1156-2-e,3.33,1444.02206247,247,30,1,8,21,cyclic_2_1,block_8_1,block_2_1,unroll_4,unroll_16,unroll_8,unroll_2,unroll_2,1,15,0.847364763258,False
workload_2431.cpp,xczu7ev-ffvc1156-2-e,3.33,4000.01604327,299,31,1,10,26,cyclic_2_1,block_8_1,block_4_1,unroll_2,unroll_16,unroll_2,unroll_4,unroll_2,1,17,0.440708469671,False
workload_2205.cpp,xczu7ev-ffvc1156-2-e,3.33,1437.06582567,252,31,1,7,20,cyclic_2_1,block_8_1,block_4_1,unroll_2,unroll_16,unroll_8,unroll_2,unroll_2,1,14.75,0.85324583993,False
workload_2196.cpp,xczu7ev-ffvc1156-2-e,3.33,4055.88438567,2142,31,1,6,35,cyclic_2_1,block_8_1,block_64_1,unroll_2,unroll_16,unroll_2,unroll_2,unroll_2,1,18.25,0.425706453431,False
workload_2254.cpp,xczu7ev-ffvc1156-2-e,3.33,4055.88419253,175,31,1,3,12,cyclic_2_1,block_8_1,cyclic_32_1,unroll_2,unroll_4,unroll_2,unroll_4,unroll_2,1,11.75,0.453048458534,False
workload_2134.cpp,xczu7ev-ffvc1156-2-e,3.33,4069.82392551,1204,31,1,10,40,cyclic_2_1,block_8_1,cyclic_32_1,unroll_4,unroll_16,unroll_2,unroll_4,unroll_2,1,20.5,0.408058950285,False
workload_2300.cpp,xczu7ev-ffvc1156-2-e,3.33,1075.64085909,575,31,3,8,30,cyclic_2_1,block_8_1,cyclic_32_1,unroll_4,unroll_4,unroll_16,unroll_4,unroll_8,1,18,0.832828333785,False
workload_2290.cpp,xczu7ev-ffvc1156-2-e,3.33,4069.82362581,349,31,1,3,16,cyclic_2_1,block_8_1,cyclic_32_1,unroll_4,unroll_4,unroll_2,unroll_2,unroll_8,1,12.75,0.448981684057,False
workload_2215.cpp,xczu7ev-ffvc1156-2-e,3.33,4069.82394549,219,31,1,3,14,cyclic_2_1,block_8_1,cyclic_32_1,unroll_4,unroll_4,unroll_2,unroll_4,unroll_2,1,12.25,0.450127448379,False
workload_2109.cpp,xczu7ev-ffvc1156-2-e,3.33,4069.82341269,414,31,1,4,19,cyclic_2_1,block_8_1,cyclic_32_1,unroll_4,unroll_4,unroll_2,unroll_4,unroll_8,1,13.75,0.446087413998,False
workload_2180.cpp,xczu7ev-ffvc1156-2-e,3.33,4069.82341269,1044,31,1,4,26,cyclic_2_1,block_8_1,cyclic_64_1,unroll_4,unroll_4,unroll_2,unroll_4,unroll_8,1,15.5,0.439163311544,False
workload_2392.cpp,xczu7ev-ffvc1156-2-e,3.33,1168.19876853,559,61,1,4,28,cyclic_2_1,cyclic_2_1,block_128_1,unroll_2,unroll_4,unroll_8,unroll_2,unroll_2,1,23.5,0.744945120598,False
workload_2434.cpp,xczu7ev-ffvc1156-2-e,3.33,629.26733277,1453,93,1,6,32,cyclic_2_1,cyclic_2_1,block_256_1,unroll_2,unroll_2,pipeline_1,unroll_4,unroll_4,1,33,0.560324190672,False
workload_2400.cpp,xczu7ev-ffvc1156-2-e,3.33,1117.54081053,124,29,1,2,7,cyclic_2_1,cyclic_2_1,block_2_1,unroll_4,unroll_2,unroll_8,unroll_2,unroll_4,1,9.75,1,True
workload_2349.cpp,xczu7ev-ffvc1156-2-e,3.33,1117.54268199,237,30,1,7,19,cyclic_2_1,cyclic_2_1,block_4_1,unroll_4,unroll_16,unroll_8,unroll_2,unroll_2,1,14.25,0.901593893294,False
workload_2322.cpp,xczu7ev-ffvc1156-2-e,3.33,1168.19879517,178,41,1,2,11,cyclic_2_1,cyclic_2_1,block_64_1,unroll_2,unroll_2,unroll_8,unroll_2,unroll_2,1,13.75,0.903798769257,False
workload_2422.cpp,xczu7ev-ffvc1156-2-e,3.33,1173.40912629,167,30,1,3,14,cyclic_2_1,cyclic_2_1,cyclic_32_1,unroll_4,unroll_4,unroll_8,unroll_2,unroll_2,1,12,0.945475838687,False
workload_2387.cpp,xczu7ev-ffvc1156-2-e,3.33,831.21831297,236,30,1,7,17,cyclic_2_1,cyclic_2_1,cyclic_4_1,unroll_4,unroll_8,unroll_16,unroll_2,unroll_4,1,13.75,1,True
workload_2403.cpp,xczu7ev-ffvc1156-2-e,3.33,887.11393473,176,30,1,5,13,cyclic_2_1,cyclic_2_1,cyclic_8_1,unroll_2,unroll_8,unroll_16,unroll_2,unroll_2,1,12.25,0.952744822705,False
workload_2247.cpp,xczu7ev-ffvc1156-2-e,3.33,5173.21896597,370,31,1,4,14,cyclic_2_1,cyclic_4_1,block_16_1,unroll_4,unroll_4,unroll_2,unroll_4,unroll_8,1,12.5,0.311039004931,False
workload_2284.cpp,xczu7ev-ffvc1156-2-e,3.33,1168.19879517,168,41,1,2,11,cyclic_2_1,cyclic_4_1,block_64_1,unroll_2,unroll_2,unroll_8,unroll_2,unroll_2,1,13.75,0.903798769257,False
workload_2373.cpp,xczu7ev-ffvc1156-2-e,3.33,1173.40893981,244,41,1,2,17,cyclic_2_1,cyclic_4_1,block_64_1,unroll_4,unroll_2,unroll_8,unroll_2,unroll_4,1,15.25,0.876426742983,False
workload_2141.cpp,xczu7ev-ffvc1156-2-e,3.33,1606.41533997,783,51,1,4,33,cyclic_32_1,block_16_1,block_64_1,unroll_2,unroll_2,unroll_8,unroll_8,unroll_4,1,22.25,0.713564878448,False
workload_2186.cpp,xczu7ev-ffvc1156-2-e,3.33,5370.50383029,1063,72,1,5,61,cyclic_32_1,block_256_1,cyclic_64_1,unroll_4,unroll_4,unroll_2,unroll_2,unroll_4,1,34.75,0.203152832008,False
workload_2326.cpp,xczu7ev-ffvc1156-2-e,3.33,1581.97170141,247,41,1,3,25,cyclic_32_1,block_32_1,block_16_1,unroll_2,unroll_2,unroll_8,unroll_4,unroll_4,1,17.5,0.784637685777,False
workload_2209.cpp,xczu7ev-ffvc1156-2-e,3.33,1581.97359285,375,41,1,4,29,cyclic_32_1,block_32_1,block_16_1,unroll_2,unroll_4,unroll_8,unroll_2,unroll_4,1,18.75,0.763784021969,False
workload_2108.cpp,xczu7ev-ffvc1156-2-e,3.33,1569.72535335,1302,41,1,9,59,cyclic_32_1,block_32_1,block_16_1,unroll_4,unroll_16,unroll_8,unroll_2,unroll_2,1,27.5,0.638100024532,False
workload_2339.cpp,xczu7ev-ffvc1156-2-e,3.33,1108.83869469,308,40,1,5,34,cyclic_32_1,block_32_1,cyclic_2_1,unroll_2,unroll_2,unroll_16,unroll_4,unroll_2,1,20,0.802665125747,False
workload_2292.cpp,xczu7ev-ffvc1156-2-e,3.33,1108.83848157,306,40,1,5,36,cyclic_32_1,block_32_1,cyclic_2_1,unroll_2,unroll_2,unroll_16,unroll_4,unroll_4,1,20.5,0.794693203881,False
workload_2369.cpp,xczu7ev-ffvc1156-2-e,3.33,1536.57905949,181,40,1,3,21,cyclic_32_1,block_32_1,cyclic_2_1,unroll_2,unroll_2,unroll_8,unroll_4,unroll_2,1,16.25,0.813165649216,False
workload_2213.cpp,xczu7ev-ffvc1156-2-e,3.33,1536.57884637,218,40,1,3,23,cyclic_32_1,block_32_1,cyclic_2_1,unroll_2,unroll_2,unroll_8,unroll_4,unroll_4,1,16.75,0.804064252709,False
workload_2217.cpp,xczu7ev-ffvc1156-2-e,3.33,1108.83869469,294,41,1,5,34,cyclic_32_1,block_32_1,cyclic_4_1,unroll_2,unroll_2,unroll_16,unroll_2,unroll_4,1,20.25,0.798780614248,False
workload_2176.cpp,xczu7ev-ffvc1156-2-e,3.33,1536.58017837,265,41,1,4,26,cyclic_32_1,block_32_1,cyclic_4_1,unroll_2,unroll_2,unroll_8,unroll_8,unroll_4,1,18,0.782058232863,False
workload_2164.cpp,xczu7ev-ffvc1156-2-e,3.33,1519.09277661,288,41,1,4,35,cyclic_32_1,block_32_1,cyclic_4_1,unroll_4,unroll_2,unroll_8,unroll_4,unroll_4,1,20.25,0.753089478251,False
workload_2147.cpp,xczu7ev-ffvc1156-2-e,3.33,1574.96278401,2014,41,1,8,67,cyclic_32_1,block_32_1,cyclic_64_1,unroll_4,unroll_8,unroll_8,unroll_4,unroll_2,1,29.25,0.605633329004,False
workload_2166.cpp,xczu7ev-ffvc1156-2-e,3.33,1587.18227229,281,41,1,4,30,cyclic_32_1,block_4_1,block_16_1,unroll_4,unroll_2,unroll_8,unroll_4,unroll_2,1,19,0.759914541865,False
workload_2151.cpp,xczu7ev-ffvc1156-2-e,3.33,3003.08996061,855,82,1,5,44,cyclic_32_1,block_64_1,block_128_1,unroll_4,unroll_2,unroll_4,unroll_4,unroll_4,1,33,0.418361591563,False
workload_2024.cpp,xczu7ev-ffvc1156-2-e,3.33,3003.09163893,2588,82,1,6,61,cyclic_32_1,block_64_1,block_128_1,unroll_4,unroll_4,unroll_4,unroll_4,unroll_4,1,37.5,0.362970937978,False
workload_2154.cpp,xczu7ev-ffvc1156-2-e,3.33,2999.60007399,2665,51,1,11,79,cyclic_32_1,block_64_1,block_16_1,unroll_4,unroll_16,unroll_4,unroll_4,unroll_2,1,35.5,0.388040654745,False
workload_2183.cpp,xczu7ev-ffvc1156-2-e,3.33,1856.04785757,294,51,1,3,34,cyclic_32_1,block_64_1,block_16_1,unroll_4,unroll_2,unroll_8,unroll_2,unroll_2,1,22.25,0.682385324774,False
workload_2106.cpp,xczu7ev-ffvc1156-2-e,3.33,5314.63570101,312,41,1,3,27,cyclic_32_1,block_64_1,block_16_1,unroll_4,unroll_4,unroll_2,unroll_2,unroll_4,1,18,0.282864452044,False
workload_2246.cpp,xczu7ev-ffvc1156-2-e,3.33,5314.63570101,357,41,1,3,27,cyclic_32_1,block_64_1,block_16_1,unroll_4,unroll_4,unroll_2,unroll_4,unroll_2,1,18,0.282864452044,False
workload_1920.cpp,xczu7ev-ffvc1156-2-e,3.33,5314.63548789,534,41,1,4,31,cyclic_32_1,block_64_1,block_16_1,unroll_4,unroll_4,unroll_2,unroll_4,unroll_4,1,19.25,0.278329319035,False
workload_2185.cpp,xczu7ev-ffvc1156-2-e,3.33,2990.85538077,406,51,1,3,36,cyclic_32_1,block_64_1,block_16_1,unroll_8,unroll_2,unroll_4,unroll_2,unroll_4,1,22.75,0.524827565146,False
workload_2131.cpp,xczu7ev-ffvc1156-2-e,3.33,5300.65502901,464,41,1,4,32,cyclic_32_1,block_64_1,block_16_1,unroll_8,unroll_4,unroll_2,unroll_2,unroll_4,1,19.5,0.278714267427,False
workload_2194.cpp,xczu7ev-ffvc1156-2-e,3.33,1300.85977473,1903,51,1,10,90,cyclic_32_1,block_64_1,block_32_1,unroll_4,unroll_8,unroll_16,unroll_4,unroll_2,1,38,0.452533454466,False
workload_2177.cpp,xczu7ev-ffvc1156-2-e,3.33,1178.67521493,807,41,1,6,38,cyclic_32_1,block_8_1,block_16_1,unroll_2,unroll_4,unroll_16,unroll_2,unroll_8,1,21.5,0.770328252359,False
workload_2271.cpp,xczu7ev-ffvc1156-2-e,3.33,1178.67500181,859,41,1,7,42,cyclic_32_1,block_8_1,block_16_1,unroll_2,unroll_4,unroll_16,unroll_4,unroll_8,1,22.75,0.754811991262,False
workload_2285.cpp,xczu7ev-ffvc1156-2-e,3.33,4197.29890293,172,41,1,2,13,cyclic_32_1,block_8_1,block_16_1,unroll_2,unroll_4,unroll_2,unroll_2,unroll_2,1,14.25,0.426933502332,False
workload_2168.cpp,xczu7ev-ffvc1156-2-e,3.33,1606.41568629,463,41,1,5,27,cyclic_32_1,block_8_1,block_16_1,unroll_2,unroll_4,unroll_8,unroll_4,unroll_4,1,18.5,0.764428056646,False
workload_2206.cpp,xczu7ev-ffvc1156-2-e,3.33,1561.02304437,256,40,1,4,22,cyclic_32_1,block_8_1,block_2_1,unroll_2,unroll_4,unroll_8,unroll_2,unroll_4,1,16.75,0.800868622707,False
workload_2221.cpp,xczu7ev-ffvc1156-2-e,3.33,1594.16746677,629,41,1,5,39,cyclic_32_1,block_8_1,block_32_1,unroll_4,unroll_4,unroll_8,unroll_4,unroll_2,1,21.5,0.72572904496,False
workload_2306.cpp,xczu7ev-ffvc1156-2-e,3.33,4141.43245863,698,41,1,7,29,cyclic_32_1,block_8_1,block_4_1,unroll_2,unroll_16,unroll_2,unroll_2,unroll_2,1,19.5,0.406631732232,False
workload_2311.cpp,xczu7ev-ffvc1156-2-e,3.33,2465.38858023,723,41,1,7,32,cyclic_32_1,block_8_1,block_8_1,unroll_2,unroll_16,unroll_4,unroll_2,unroll_2,1,20.25,0.621296227052,False
workload_2249.cpp,xczu7ev-ffvc1156-2-e,3.33,4197.29850333,225,41,1,2,15,cyclic_32_1,block_8_1,cyclic_32_1,unroll_2,unroll_2,unroll_2,unroll_4,unroll_4,1,14.75,0.425124628741,False
workload_2123.cpp,xczu7ev-ffvc1156-2-e,3.33,1594.16557533,316,41,1,4,35,cyclic_32_1,block_8_1,cyclic_32_1,unroll_4,unroll_2,unroll_8,unroll_4,unroll_4,1,20.25,0.743674965746,False
workload_2297.cpp,xczu7ev-ffvc1156-2-e,3.33,1135.02823893,501,41,1,5,36,cyclic_32_1,block_8_1,cyclic_4_1,unroll_2,unroll_4,unroll_16,unroll_2,unroll_8,1,20.75,0.787929471887,False
workload_2258.cpp,xczu7ev-ffvc1156-2-e,3.33,1190.89618173,356,41,1,5,33,cyclic_32_1,block_8_1,cyclic_8_1,unroll_2,unroll_2,unroll_16,unroll_4,unroll_8,1,20,0.794293705868,False
workload_2302.cpp,xczu7ev-ffvc1156-2-e,3.33,1190.89519605,255,41,1,4,31,cyclic_32_1,block_8_1,cyclic_8_1,unroll_2,unroll_4,unroll_16,unroll_2,unroll_2,1,19.25,0.804524516595,False
workload_2216.cpp,xczu7ev-ffvc1156-2-e,3.33,1190.89615509,703,41,1,6,40,cyclic_32_1,block_8_1,cyclic_8_1,unroll_2,unroll_4,unroll_16,unroll_4,unroll_8,1,22,0.762969517978,False
workload_2129.cpp,xczu7ev-ffvc1156-2-e,3.33,1616.89096053,381,41,1,5,25,cyclic_32_1,block_8_1,cyclic_8_1,unroll_2,unroll_4,unroll_8,unroll_4,unroll_4,1,18,0.771692992473,False
workload_2253.cpp,xczu7ev-ffvc1156-2-e,3.33,5237.84225133,261,41,1,3,20,cyclic_32_1,cyclic_16_1,block_4_1,unroll_2,unroll_2,unroll_8,unroll_8,unroll_2,1,16.25,0.296196798116,False
workload_2182.cpp,xczu7ev-ffvc1156-2-e,3.33,1843.82649117,684,50,1,3,34,cyclic_32_1,cyclic_2_1,block_128_1,unroll_4,unroll_2,unroll_4,unroll_4,unroll_2,1,22,0.687523504459,False
workload_2391.cpp,xczu7ev-ffvc1156-2-e,3.33,998.82250101,690,40,1,8,61,cyclic_32_1,cyclic_2_1,block_16_1,unroll_4,unroll_4,unroll_16,unroll_4,unroll_4,1,27.5,0.678415985184,False
workload_2255.cpp,xczu7ev-ffvc1156-2-e,3.33,1267.68787317,553,40,1,6,38,cyclic_32_1,cyclic_2_1,block_16_1,unroll_4,unroll_4,unroll_8,unroll_4,unroll_4,1,21.25,0.7661496387,False
workload_2184.cpp,xczu7ev-ffvc1156-2-e,3.33,2996.10684405,354,40,1,2,18,cyclic_32_1,cyclic_2_1,block_32_1,unroll_4,unroll_4,unroll_2,unroll_2,unroll_2,1,15.25,0.599365752214,False
workload_2126.cpp,xczu7ev-ffvc1156-2-e,3.33,2996.10833589,386,40,1,3,22,cyclic_32_1,cyclic_2_1,block_32_1,unroll_4,unroll_4,unroll_2,unroll_4,unroll_2,1,16.5,0.58834405831,False
workload_2173.cpp,xczu7ev-ffvc1156-2-e,3.33,2996.10812277,655,40,1,4,25,cyclic_32_1,cyclic_2_1,block_32_1,unroll_4,unroll_4,unroll_2,unroll_4,unroll_4,1,17.5,0.578325645905,False
workload_2264.cpp,xczu7ev-ffvc1156-2-e,3.33,1843.82816949,441,40,1,4,27,cyclic_32_1,cyclic_2_1,block_32_1,unroll_4,unroll_4,unroll_4,unroll_4,unroll_2,1,18,0.740706164571,False
workload_2087.cpp,xczu7ev-ffvc1156-2-e,3.33,998.82270081,1751,40,1,9,72,cyclic_32_1,cyclic_2_1,block_32_1,unroll_4,unroll_8,unroll_16,unroll_4,unroll_2,1,30.5,0.611921426234,False
workload_2229.cpp,xczu7ev-ffvc1156-2-e,3.33,998.82270081,942,40,1,9,64,cyclic_32_1,cyclic_2_1,block_8_1,unroll_4,unroll_8,unroll_16,unroll_4,unroll_2,1,28.5,0.656152165733,False
workload_2419.cpp,xczu7ev-ffvc1156-2-e,3.33,793.67992893,379,40,1,5,18,cyclic_32_1,cyclic_2_1,cyclic_16_1,unroll_4,unroll_2,unroll_32,unroll_2,unroll_8,1,16,0.889605859482,False
workload_2394.cpp,xczu7ev-ffvc1156-2-e,3.33,942.95457153,612,39,1,9,61,cyclic_32_1,cyclic_2_1,cyclic_2_1,unroll_4,unroll_8,unroll_16,unroll_4,unroll_2,1,27.5,0.680717185385,False
workload_2328.cpp,xczu7ev-ffvc1156-2-e,3.33,738.71351037,265,40,1,5,15,cyclic_32_1,cyclic_2_1,cyclic_4_1,unroll_2,unroll_2,unroll_32,unroll_4,unroll_8,1,15.25,1,True
workload_2425.cpp,xczu7ev-ffvc1156-2-e,3.33,942.98186421,272,40,1,5,33,cyclic_32_1,cyclic_2_1,cyclic_4_1,unroll_2,unroll_4,unroll_16,unroll_2,unroll_4,1,19.75,0.821955356325,False
workload_2343.cpp,xczu7ev-ffvc1156-2-e,3.33,942.95458485,557,40,1,6,54,cyclic_32_1,cyclic_2_1,cyclic_4_1,unroll_4,unroll_4,unroll_16,unroll_2,unroll_4,1,25.25,0.730788228963,False
workload_2202.cpp,xczu7ev-ffvc1156-2-e,3.33,5272.73271261,226,41,1,2,16,cyclic_32_1,cyclic_4_1,block_16_1,unroll_4,unroll_2,unroll_2,unroll_4,unroll_4,1,15,0.295786246078,False
workload_2331.cpp,xczu7ev-ffvc1156-2-e,3.33,1267.68640797,287,41,1,3,30,cyclic_32_1,cyclic_4_1,block_16_1,unroll_4,unroll_2,unroll_8,unroll_4,unroll_2,1,18.75,0.802722242829,False
workload_2174.cpp,xczu7ev-ffvc1156-2-e,3.33,1267.68619485,321,41,1,4,32,cyclic_32_1,cyclic_4_1,block_16_1,unroll_4,unroll_2,unroll_8,unroll_4,unroll_4,1,19.5,0.792931045064,False
workload_2219.cpp,xczu7ev-ffvc1156-2-e,3.33,1229.30456157,158,40,1,2,15,cyclic_32_1,cyclic_4_1,block_4_1,unroll_2,unroll_2,unroll_8,unroll_2,unroll_2,1,14.5,0.884549184267,False
workload_2362.cpp,xczu7ev-ffvc1156-2-e,3.33,5216.86500957,122,40,1,1,11,cyclic_32_1,cyclic_4_1,block_4_1,unroll_4,unroll_2,unroll_2,unroll_2,unroll_2,1,13.25,0.305184895351,False
workload_2389.cpp,xczu7ev-ffvc1156-2-e,3.33,1285.17269085,196,51,1,2,22,cyclic_32_1,cyclic_4_1,block_64_1,unroll_2,unroll_2,unroll_8,unroll_2,unroll_2,1,19,0.797195779548,False
workload_2231.cpp,xczu7ev-ffvc1156-2-e,3.33,1285.17413607,1636,41,1,11,49,cyclic_32_1,cyclic_4_1,block_8_1,unroll_2,unroll_16,unroll_8,unroll_4,unroll_2,1,25.5,0.699842442346,False
workload_2307.cpp,xczu7ev-ffvc1156-2-e,3.33,942.98135805,272,40,1,5,32,cyclic_32_1,cyclic_4_1,cyclic_4_1,unroll_2,unroll_2,unroll_16,unroll_4,unroll_8,1,19.5,0.825478245508,False
workload_2345.cpp,xczu7ev-ffvc1156-2-e,3.33,1267.68662109,287,51,1,3,38,cyclic_32_1,cyclic_4_1,cyclic_64_1,unroll_4,unroll_2,unroll_8,unroll_2,unroll_2,1,23.25,0.738728723039,False
workload_2125.cpp,xczu7ev-ffvc1156-2-e,3.33,1267.68640797,369,51,1,3,40,cyclic_32_1,cyclic_4_1,cyclic_64_1,unroll_4,unroll_2,unroll_8,unroll_4,unroll_2,1,23.75,0.731241262404,False
workload_2023.cpp,xczu7ev-ffvc1156-2-e,3.33,998.82270081,2412,51,1,9,90,cyclic_32_1,cyclic_4_1,cyclic_64_1,unroll_4,unroll_8,unroll_16,unroll_4,unroll_2,1,37.75,0.46326136467,False
workload_2088.cpp,xczu7ev-ffvc1156-2-e,3.33,1267.68807297,1979,51,1,7,61,cyclic_32_1,cyclic_4_1,cyclic_64_1,unroll_4,unroll_8,unroll_8,unroll_4,unroll_2,1,30,0.61143727853,False
workload_2341.cpp,xczu7ev-ffvc1156-2-e,3.33,5300.69594805,271,41,1,3,20,cyclic_32_1,cyclic_8_1,block_16_1,unroll_2,unroll_4,unroll_4,unroll_2,unroll_4,1,16.25,0.289699339774,False
workload_1960.cpp,xczu7ev-ffvc1156-2-e,3.33,5272.73439093,358,41,1,4,23,cyclic_32_1,cyclic_8_1,block_16_1,unroll_4,unroll_4,unroll_2,unroll_4,unroll_4,1,17.25,0.28956344433,False
workload_2146.cpp,xczu7ev-ffvc1156-2-e,3.33,998.82248769,1587,41,1,11,74,cyclic_32_1,cyclic_8_1,block_16_1,unroll_4,unroll_8,unroll_16,unroll_4,unroll_4,1,31.75,0.584802952635,False
workload_2433.cpp,xczu7ev-ffvc1156-2-e,3.33,942.95311965,360,40,1,5,49,cyclic_32_1,cyclic_8_1,block_2_1,unroll_4,unroll_2,unroll_16,unroll_2,unroll_2,1,23.75,0.760849787847,False
workload_2188.cpp,xczu7ev-ffvc1156-2-e,3.33,5251.77020277,1408,41,1,5,38,cyclic_32_1,cyclic_8_1,block_64_1,unroll_8,unroll_4,unroll_2,unroll_4,unroll_4,1,21.25,0.275923251943,False
workload_2308.cpp,xczu7ev-ffvc1156-2-e,3.33,1211.81974389,343,40,1,5,36,cyclic_32_1,cyclic_8_1,cyclic_2_1,unroll_4,unroll_4,unroll_8,unroll_4,unroll_4,1,20.5,0.784414548472,False
workload_2262.cpp,xczu7ev-ffvc1156-2-e,3.33,942.95458485,552,41,1,6,55,cyclic_32_1,cyclic_8_1,cyclic_4_1,unroll_4,unroll_4,unroll_16,unroll_2,unroll_4,1,25.75,0.71993270171,False
workload_2040.cpp,xczu7ev-ffvc1156-2-e,3.33,5195.90207349,320,41,1,5,25,cyclic_32_1,cyclic_8_1,cyclic_4_1,unroll_8,unroll_4,unroll_2,unroll_4,unroll_4,1,18,0.294854634758,False
workload_2172.cpp,xczu7ev-ffvc1156-2-e,3.33,4090.77468711,607,32,1,7,31,cyclic_4_1,block_32_1,block_16_1,unroll_4,unroll_16,unroll_2,unroll_2,unroll_2,1,17.75,0.424351173576,False
workload_2310.cpp,xczu7ev-ffvc1156-2-e,3.33,4090.77414765,984,32,1,5,32,cyclic_4_1,block_32_1,block_16_1,unroll_4,unroll_8,unroll_2,unroll_8,unroll_2,1,17.5,0.42584538135,False
workload_2316.cpp,xczu7ev-ffvc1156-2-e,3.33,1398.65594733,2159,32,1,11,49,cyclic_4_1,block_32_1,cyclic_4_1,unroll_2,unroll_16,unroll_8,unroll_8,unroll_2,1,23.25,0.724825714455,False
workload_2207.cpp,xczu7ev-ffvc1156-2-e,3.33,1402.12096551,324,32,1,8,30,cyclic_4_1,block_32_1,cyclic_4_1,unroll_4,unroll_16,unroll_8,unroll_2,unroll_2,1,17.75,0.802934282337,False
workload_2155.cpp,xczu7ev-ffvc1156-2-e,3.33,1402.12042605,2479,32,1,11,50,cyclic_4_1,block_32_1,cyclic_4_1,unroll_4,unroll_16,unroll_8,unroll_8,unroll_2,1,23.5,0.720920993297,False
workload_2242.cpp,xczu7ev-ffvc1156-2-e,3.33,4041.88953453,201,32,1,3,16,cyclic_4_1,block_32_1,cyclic_4_1,unroll_4,unroll_4,unroll_2,unroll_8,unroll_2,1,13,0.452264450335,False
workload_2145.cpp,xczu7ev-ffvc1156-2-e,3.33,4097.75820327,1888,32,1,7,45,cyclic_4_1,block_32_1,cyclic_64_1,unroll_4,unroll_16,unroll_2,unroll_2,unroll_2,1,21.25,0.39892380826,False
workload_2089.cpp,xczu7ev-ffvc1156-2-e,3.33,4097.75801013,361,32,1,3,23,cyclic_4_1,block_32_1,cyclic_64_1,unroll_4,unroll_4,unroll_2,unroll_2,unroll_4,1,14.75,0.438588589143,False
workload_2220.cpp,xczu7ev-ffvc1156-2-e,3.33,4097.75779701,612,32,1,4,27,cyclic_4_1,block_32_1,cyclic_64_1,unroll_4,unroll_4,unroll_2,unroll_4,unroll_4,1,16,0.433028485922,False
workload_2357.cpp,xczu7ev-ffvc1156-2-e,3.33,4083.81679197,79,32,1,1,5,cyclic_4_1,block_4_1,block_16_1,unroll_2,unroll_2,unroll_2,unroll_2,unroll_2,1,9.75,0.45075577532,False
workload_2288.cpp,xczu7ev-ffvc1156-2-e,3.33,2330.95570101,163,32,1,3,11,cyclic_4_1,block_4_1,block_16_1,unroll_2,unroll_4,unroll_4,unroll_4,unroll_2,1,11.75,0.739136725005,False
workload_2327.cpp,xczu7ev-ffvc1156-2-e,3.33,1475.44622685,140,32,1,2,9,cyclic_4_1,block_4_1,block_16_1,unroll_4,unroll_2,unroll_8,unroll_2,unroll_2,1,11,0.912379135583,False
workload_2200.cpp,xczu7ev-ffvc1156-2-e,3.33,1475.44601373,162,32,1,3,10,cyclic_4_1,block_4_1,block_16_1,unroll_4,unroll_2,unroll_8,unroll_4,unroll_2,1,11.5,0.905482807883,False
workload_2407.cpp,xczu7ev-ffvc1156-2-e,3.33,4062.83893749,121,32,1,2,10,cyclic_4_1,block_4_1,block_16_1,unroll_4,unroll_4,unroll_2,unroll_2,unroll_2,1,11.25,0.452797161697,False
workload_2363.cpp,xczu7ev-ffvc1156-2-e,3.33,1002.34025973,130,31,1,4,10,cyclic_4_1,block_4_1,block_2_1,unroll_2,unroll_4,unroll_16,unroll_2,unroll_2,1,11.5,1,True
workload_2405.cpp,xczu7ev-ffvc1156-2-e,3.33,1003.18741173,195,31,1,5,14,cyclic_4_1,block_4_1,block_2_1,unroll_4,unroll_4,unroll_16,unroll_4,unroll_2,1,12.75,0.93714057084,False
workload_2412.cpp,xczu7ev-ffvc1156-2-e,3.33,4083.81676533,266,32,1,2,13,cyclic_4_1,block_4_1,block_64_1,unroll_2,unroll_4,unroll_2,unroll_2,unroll_2,1,12,0.448645283549,False
workload_2336.cpp,xczu7ev-ffvc1156-2-e,3.33,1000.56859317,184,31,1,5,13,cyclic_4_1,block_4_1,cyclic_4_1,unroll_4,unroll_4,unroll_16,unroll_4,unroll_2,1,12.5,0.942392965275,False
workload_2223.cpp,xczu7ev-ffvc1156-2-e,3.33,5243.05466037,239,32,1,3,19,cyclic_4_1,block_64_1,block_16_1,unroll_4,unroll_4,unroll_2,unroll_4,unroll_2,1,13.75,0.30151130502,False
workload_2121.cpp,xczu7ev-ffvc1156-2-e,3.33,5243.08193973,210,32,1,3,20,cyclic_4_1,block_64_1,cyclic_32_1,unroll_2,unroll_4,unroll_2,unroll_4,unroll_2,1,14,0.301042242865,False
workload_1860.cpp,xczu7ev-ffvc1156-2-e,3.33,1176.90256935,2065,53,2,10,71,cyclic_4_1,block_64_1,cyclic_64_1,unroll_4,unroll_16,unroll_16,unroll_2,unroll_2,1,34,0.533055960735,False
workload_2061.cpp,xczu7ev-ffvc1156-2-e,3.33,5243.05485351,2140,32,1,7,53,cyclic_4_1,block_64_1,cyclic_64_1,unroll_4,unroll_16,unroll_2,unroll_2,unroll_2,1,23.25,0.266974517962,False
workload_2379.cpp,xczu7ev-ffvc1156-2-e,3.33,629.26754589,195,67,1,3,19,cyclic_4_1,block_64_1,cyclic_64_1,unroll_4,unroll_2,pipeline_1,unroll_4,unroll_2,1,22.5,0.805852726126,False
workload_2110.cpp,xczu7ev-ffvc1156-2-e,3.33,1478.96692263,415,32,1,7,24,cyclic_4_1,block_8_1,block_16_1,unroll_2,unroll_16,unroll_8,unroll_2,unroll_2,1,16,0.825428599849,False
workload_2138.cpp,xczu7ev-ffvc1156-2-e,3.33,1058.20956117,330,32,1,5,16,cyclic_4_1,block_8_1,block_16_1,unroll_2,unroll_4,unroll_16,unroll_2,unroll_8,1,13.5,0.918897970678,False
workload_2239.cpp,xczu7ev-ffvc1156-2-e,3.33,2337.93772533,115,32,1,2,9,cyclic_4_1,block_8_1,block_16_1,unroll_2,unroll_4,unroll_4,unroll_2,unroll_2,1,11,0.741121594392,False
workload_2323.cpp,xczu7ev-ffvc1156-2-e,3.33,2337.93921717,179,32,1,3,12,cyclic_4_1,block_8_1,block_16_1,unroll_2,unroll_4,unroll_4,unroll_4,unroll_2,1,12,0.736406548116,False
workload_2218.cpp,xczu7ev-ffvc1156-2-e,3.33,1478.96585037,735,32,1,5,18,cyclic_4_1,block_8_1,block_16_1,unroll_2,unroll_4,unroll_8,unroll_8,unroll_8,1,14,0.863408974048,False
workload_2020.cpp,xczu7ev-ffvc1156-2-e,3.33,1482.43140135,468,32,1,8,26,cyclic_4_1,block_8_1,block_16_1,unroll_4,unroll_16,unroll_8,unroll_2,unroll_2,1,16.75,0.810924484237,False
workload_2238.cpp,xczu7ev-ffvc1156-2-e,3.33,4090.77302877,97,32,1,1,7,cyclic_4_1,block_8_1,block_16_1,unroll_4,unroll_2,unroll_2,unroll_2,unroll_2,1,10.25,0.449662148933,False
workload_2252.cpp,xczu7ev-ffvc1156-2-e,3.33,4090.77396117,405,32,1,4,16,cyclic_4_1,block_8_1,block_16_1,unroll_4,unroll_4,unroll_2,unroll_4,unroll_8,1,13.25,0.444707010558,False
workload_2163.cpp,xczu7ev-ffvc1156-2-e,3.33,1482.43120821,215,32,1,4,15,cyclic_4_1,block_8_1,block_16_1,unroll_4,unroll_4,unroll_8,unroll_4,unroll_2,1,13,0.880800309571,False
workload_2270.cpp,xczu7ev-ffvc1156-2-e,3.33,1482.43032909,716,32,1,5,20,cyclic_4_1,block_8_1,block_16_1,unroll_4,unroll_4,unroll_8,unroll_8,unroll_8,1,14.5,0.852861930631,False
workload_2265.cpp,xczu7ev-ffvc1156-2-e,3.33,4090.77449397,288,32,1,3,15,cyclic_4_1,block_8_1,block_32_1,unroll_4,unroll_4,unroll_2,unroll_4,unroll_2,1,12.75,0.446039726915,False
workload_2181.cpp,xczu7ev-ffvc1156-2-e,3.33,1426.56305895,459,32,1,11,31,cyclic_4_1,block_8_1,block_4_1,unroll_4,unroll_16,unroll_8,unroll_4,unroll_2,1,18.75,0.783835734731,False
workload_2102.cpp,xczu7ev-ffvc1156-2-e,3.33,4097.78548263,2313,32,1,6,36,cyclic_4_1,block_8_1,block_64_1,unroll_2,unroll_16,unroll_2,unroll_2,unroll_2,1,18.75,0.417115708278,False
workload_2404.cpp,xczu7ev-ffvc1156-2-e,3.33,1478.96526429,176,42,1,2,13,cyclic_4_1,block_8_1,block_64_1,unroll_2,unroll_2,unroll_8,unroll_2,unroll_2,1,14.5,0.853321205667,False
workload_2165.cpp,xczu7ev-ffvc1156-2-e,3.33,2337.93941031,326,32,1,7,21,cyclic_4_1,block_8_1,block_8_1,unroll_2,unroll_16,unroll_4,unroll_2,unroll_2,1,15.25,0.705317254615,False
workload_2175.cpp,xczu7ev-ffvc1156-2-e,3.33,1478.96692263,341,32,1,7,22,cyclic_4_1,block_8_1,block_8_1,unroll_2,unroll_16,unroll_8,unroll_2,unroll_2,1,15.5,0.834153625257,False
workload_2212.cpp,xczu7ev-ffvc1156-2-e,3.33,1478.96672949,164,32,1,4,11,cyclic_4_1,block_8_1,block_8_1,unroll_2,unroll_4,unroll_8,unroll_2,unroll_4,1,12,0.896478663769,False
workload_2228.cpp,xczu7ev-ffvc1156-2-e,3.33,1482.43118823,621,32,1,11,33,cyclic_4_1,block_8_1,block_8_1,unroll_4,unroll_16,unroll_8,unroll_4,unroll_2,1,19.25,0.770546996017,False
workload_2291.cpp,xczu7ev-ffvc1156-2-e,3.33,4097.75801013,210,32,1,3,15,cyclic_4_1,block_8_1,cyclic_32_1,unroll_4,unroll_4,unroll_2,unroll_4,unroll_2,1,12.75,0.445061776305,False
workload_2267.cpp,xczu7ev-ffvc1156-2-e,3.33,1059.95544021,881,42,2,5,31,cyclic_4_1,block_8_1,cyclic_64_1,unroll_2,unroll_4,unroll_16,unroll_2,unroll_8,1,20,0.807425369517,False
workload_2244.cpp,xczu7ev-ffvc1156-2-e,3.33,4097.75654493,151,32,1,1,11,cyclic_4_1,block_8_1,cyclic_64_1,unroll_4,unroll_2,unroll_2,unroll_2,unroll_2,1,11.25,0.447841450416,False
workload_2119.cpp,xczu7ev-ffvc1156-2-e,3.33,4097.75633181,157,32,1,2,13,cyclic_4_1,block_8_1,cyclic_64_1,unroll_4,unroll_2,unroll_2,unroll_2,unroll_4,1,12,0.446679796545,False
workload_2222.cpp,xczu7ev-ffvc1156-2-e,3.33,2344.89565377,604,42,1,4,25,cyclic_4_1,block_8_1,cyclic_64_1,unroll_4,unroll_8,unroll_4,unroll_2,unroll_2,1,18,0.669008354211,False
workload_2283.cpp,xczu7ev-ffvc1156-2-e,3.33,1058.20937469,149,32,1,4,12,cyclic_4_1,block_8_1,cyclic_8_1,unroll_2,unroll_2,unroll_16,unroll_4,unroll_8,1,12.25,0.949517935867,False
workload_2428.cpp,xczu7ev-ffvc1156-2-e,3.33,5096.40101415,349,32,1,7,23,cyclic_4_1,cyclic_16_1,block_4_1,unroll_4,unroll_16,unroll_8,unroll_2,unroll_2,1,15.75,0.312686577127,False
workload_2348.cpp,xczu7ev-ffvc1156-2-e,3.33,869.62766517,476,42,1,5,37,cyclic_4_1,cyclic_16_1,cyclic_64_1,unroll_4,unroll_4,unroll_16,unroll_2,unroll_4,1,21.25,0.799191123547,False
workload_2208.cpp,xczu7ev-ffvc1156-2-e,3.33,1737.32808285,370,62,1,3,22,cyclic_4_1,cyclic_2_1,block_128_1,unroll_4,unroll_2,unroll_4,unroll_2,unroll_2,1,22,0.700797830589,False
workload_2313.cpp,xczu7ev-ffvc1156-2-e,3.33,1737.32904189,1206,62,1,4,33,cyclic_4_1,cyclic_2_1,block_128_1,unroll_4,unroll_2,unroll_4,unroll_4,unroll_8,1,25,0.661807384491,False
workload_2406.cpp,xczu7ev-ffvc1156-2-e,3.33,2931.50934621,97,31,1,1,6,cyclic_4_1,cyclic_2_1,block_16_1,unroll_4,unroll_2,unroll_2,unroll_2,unroll_2,1,9.75,0.63393888039,False
workload_2377.cpp,xczu7ev-ffvc1156-2-e,3.33,1164.67954461,150,31,1,2,9,cyclic_4_1,cyclic_2_1,block_16_1,unroll_4,unroll_2,unroll_8,unroll_2,unroll_4,1,10.75,0.968309469651,False
workload_2346.cpp,xczu7ev-ffvc1156-2-e,3.33,1164.68120961,600,31,1,6,24,cyclic_4_1,cyclic_2_1,block_32_1,unroll_4,unroll_8,unroll_8,unroll_2,unroll_4,1,15.5,0.871915331953,False
workload_2364.cpp,xczu7ev-ffvc1156-2-e,3.33,1164.70703709,158,41,1,2,11,cyclic_4_1,cyclic_2_1,block_64_1,unroll_2,unroll_2,unroll_8,unroll_2,unroll_2,1,13.75,0.904209672845,False
workload_2374.cpp,xczu7ev-ffvc1156-2-e,3.33,629.21466549,161,66,1,4,11,cyclic_4_1,cyclic_4_1,block_16_1,unroll_2,unroll_4,pipeline_1,unroll_2,unroll_4,1,20.5,0.823407400344,False
workload_2401.cpp,xczu7ev-ffvc1156-2-e,3.33,5229.11490741,147,32,1,3,11,cyclic_4_1,cyclic_4_1,block_16_1,unroll_2,unroll_4,unroll_2,unroll_2,unroll_4,1,11.75,0.305757600625,False
workload_2390.cpp,xczu7ev-ffvc1156-2-e,3.33,869.62619997,380,62,1,5,49,cyclic_4_1,cyclic_4_1,cyclic_128_1,unroll_4,unroll_2,unroll_16,unroll_2,unroll_2,1,29.25,0.642916018298,False
workload_2429.cpp,xczu7ev-ffvc1156-2-e,3.33,869.62598685,552,62,1,5,51,cyclic_4_1,cyclic_4_1,cyclic_128_1,unroll_4,unroll_2,unroll_16,unroll_2,unroll_4,1,29.75,0.631581529876,False
workload_2257.cpp,xczu7ev-ffvc1156-2-e,3.33,869.62598685,555,62,1,5,51,cyclic_4_1,cyclic_4_1,cyclic_128_1,unroll_4,unroll_2,unroll_16,unroll_4,unroll_2,1,29.75,0.631581529876,False
workload_2397.cpp,xczu7ev-ffvc1156-2-e,3.33,629.21298717,101,67,1,2,8,cyclic_4_1,cyclic_8_1,block_16_1,unroll_2,unroll_2,pipeline_1,unroll_4,unroll_2,1,19.5,1,True
workload_2224.cpp,xczu7ev-ffvc1156-2-e,3.33,5201.15354343,971,32,1,10,34,cyclic_4_1,cyclic_8_1,block_16_1,unroll_4,unroll_16,unroll_2,unroll_4,unroll_2,1,19.25,0.289521486921,False
workload_2376.cpp,xczu7ev-ffvc1156-2-e,3.33,629.26775901,110,67,1,3,8,cyclic_4_1,cyclic_8_1,block_16_1,unroll_4,unroll_2,pipeline_1,unroll_2,unroll_2,1,19.75,0.843203800677,False
workload_2167.cpp,xczu7ev-ffvc1156-2-e,3.33,5201.15335029,235,32,1,4,14,cyclic_4_1,cyclic_8_1,block_16_1,unroll_4,unroll_4,unroll_2,unroll_4,unroll_4,1,12.75,0.30764338294,False
workload_2298.cpp,xczu7ev-ffvc1156-2-e,3.33,869.62766517,513,42,1,5,36,cyclic_4_1,cyclic_8_1,cyclic_64_1,unroll_4,unroll_4,unroll_16,unroll_2,unroll_4,1,21,0.804683475159,False
workload_2250.cpp,xczu7ev-ffvc1156-2-e,3.33,1561.02304437,450,40,1,4,34,cyclic_64_1,block_8_1,block_2_1,unroll_2,unroll_4,unroll_8,unroll_2,unroll_4,1,19.75,0.75440324284,False
workload_2150.cpp,xczu7ev-ffvc1156-2-e,3.33,1224.06858279,2163,55,2,10,65,cyclic_8_1,block_64_1,cyclic_64_1,unroll_2,unroll_16,unroll_16,unroll_2,unroll_2,1,33,0.55171522517,False
workload_2189.cpp,xczu7ev-ffvc1156-2-e,3.33,1228.39236135,2456,55,2,11,82,cyclic_8_1,block_64_1,cyclic_64_1,unroll_8,unroll_16,unroll_16,unroll_2,unroll_2,1,37.5,0.463663557023,False
workload_2432.cpp,xczu7ev-ffvc1156-2-e,3.33,927.24020829,518,65,1,5,52,cyclic_8_1,cyclic_4_1,cyclic_128_1,unroll_4,unroll_2,unroll_16,unroll_2,unroll_2,1,30.75,0.608165861183,False
workload_1375.cpp,xczu7ev-ffvc1156-2-e,5,860.642085,300,62,1,25,38,block_2_1,block_32_1,block_2_1,unroll_16,unroll_4,pipeline_1,unroll_8,unroll_2,1,31.5,0.405323892353,False
workload_1170.cpp,xczu7ev-ffvc1156-2-e,5,860.596205,429,62,1,49,61,block_2_1,block_32_1,block_2_1,unroll_32,unroll_4,pipeline_1,unroll_4,unroll_4,1,43.25,0.183529527848,False
workload_1336.cpp,xczu7ev-ffvc1156-2-e,5,860.918565,196,62,1,8,20,block_2_1,block_32_1,block_2_1,unroll_4,unroll_4,pipeline_1,unroll_8,unroll_2,1,22.75,0.660417706805,False
workload_1384.cpp,xczu7ev-ffvc1156-2-e,5,857.521445,508,62,1,20,32,block_2_1,block_32_1,block_2_1,unroll_64,unroll_4,pipeline_1,unroll_8,unroll_2,1,28.75,0.4772380456,False
workload_1390.cpp,xczu7ev-ffvc1156-2-e,5,945.828405,205,63,1,5,18,block_2_1,block_32_1,block_32_1,unroll_2,unroll_2,pipeline_1,unroll_4,unroll_8,1,21.75,0.6946666501,False
workload_1355.cpp,xczu7ev-ffvc1156-2-e,5,861.942565,192,62,1,6,17,block_2_1,block_32_1,block_4_1,unroll_2,unroll_4,pipeline_1,unroll_8,unroll_2,1,21.5,0.70308104183,False
workload_1274.cpp,xczu7ev-ffvc1156-2-e,5,9319.528085,215,41,1,4,20,block_2_1,block_32_1,cyclic_128_1,unroll_2,unroll_2,unroll_4,unroll_2,unroll_2,1,16.5,0.104563837626,False
workload_1207.cpp,xczu7ev-ffvc1156-2-e,5,945.829485,379,73,1,5,24,block_2_1,block_32_1,cyclic_128_1,unroll_2,unroll_4,pipeline_1,unroll_2,unroll_2,1,25.75,0.564643387528,False
workload_1183.cpp,xczu7ev-ffvc1156-2-e,5,944.805485,434,73,1,7,29,block_2_1,block_32_1,cyclic_128_1,unroll_4,unroll_4,pipeline_1,unroll_2,unroll_2,1,27.5,0.512716512954,False
workload_1229.cpp,xczu7ev-ffvc1156-2-e,5,944.805165,793,73,1,8,36,block_2_1,block_32_1,cyclic_128_1,unroll_4,unroll_4,pipeline_1,unroll_4,unroll_2,1,29.5,0.457117193248,False
workload_1208.cpp,xczu7ev-ffvc1156-2-e,5,944.528685,272,63,1,25,38,block_2_1,block_32_1,cyclic_16_1,unroll_16,unroll_4,pipeline_1,unroll_4,unroll_2,1,31.75,0.399358264113,False
workload_1269.cpp,xczu7ev-ffvc1156-2-e,5,944.528165,383,63,1,26,41,block_2_1,block_32_1,cyclic_16_1,unroll_16,unroll_4,pipeline_1,unroll_8,unroll_2,1,32.75,0.375318522723,False
workload_1243.cpp,xczu7ev-ffvc1156-2-e,5,944.805525,138,63,1,7,16,block_2_1,block_32_1,cyclic_64_1,unroll_4,unroll_2,pipeline_1,unroll_2,unroll_2,1,21.75,0.69467037758,False
workload_1351.cpp,xczu7ev-ffvc1156-2-e,5,944.804645,253,63,1,7,23,block_2_1,block_32_1,cyclic_64_1,unroll_4,unroll_2,pipeline_1,unroll_8,unroll_2,1,23.5,0.635868417269,False
workload_1217.cpp,xczu7ev-ffvc1156-2-e,5,944.805485,211,63,1,7,22,block_2_1,block_32_1,cyclic_64_1,unroll_4,unroll_4,pipeline_1,unroll_2,unroll_2,1,23.25,0.644089043542,False
workload_1398.cpp,xczu7ev-ffvc1156-2-e,5,860.642965,188,61,1,24,25,block_2_1,block_4_1,block_2_1,unroll_16,unroll_2,pipeline_1,unroll_2,unroll_2,1,27.75,0.505287827533,False
workload_1312.cpp,xczu7ev-ffvc1156-2-e,5,860.642085,213,61,1,24,28,block_2_1,block_4_1,block_2_1,unroll_16,unroll_2,pipeline_1,unroll_8,unroll_2,1,28.5,0.484168652116,False
workload_1401.cpp,xczu7ev-ffvc1156-2-e,5,9193.698085,128,30,1,4,10,block_2_1,block_4_1,block_2_1,unroll_2,unroll_2,unroll_4,unroll_8,unroll_2,1,11.25,0.109241956471,False
workload_1245.cpp,xczu7ev-ffvc1156-2-e,5,944.529045,369,73,1,24,45,block_2_1,block_4_1,cyclic_128_1,unroll_16,unroll_2,pipeline_1,unroll_2,unroll_2,1,35.75,0.309227574282,False
workload_1281.cpp,xczu7ev-ffvc1156-2-e,5,3630.917925,1170,31,1,8,35,block_2_1,block_4_1,cyclic_16_1,unroll_64,unroll_2,unroll_4,unroll_8,unroll_2,1,18.75,0.499995004628,False
workload_1293.cpp,xczu7ev-ffvc1156-2-e,5,860.918325,160,62,1,8,21,block_2_1,block_64_1,block_2_1,unroll_4,unroll_2,pipeline_1,unroll_4,unroll_8,1,23,0.652071775555,False
workload_1114.cpp,xczu7ev-ffvc1156-2-e,5,944.528685,263,63,1,26,34,block_2_1,block_8_1,block_16_1,unroll_16,unroll_4,pipeline_1,unroll_4,unroll_2,1,31,0.418046894376,False
workload_1257.cpp,xczu7ev-ffvc1156-2-e,5,860.642085,219,62,1,24,28,block_2_1,block_8_1,block_2_1,unroll_16,unroll_2,pipeline_1,unroll_8,unroll_2,1,28.75,0.477253969853,False
workload_1311.cpp,xczu7ev-ffvc1156-2-e,5,6737.337125,472,30,1,18,34,block_2_1,block_8_1,block_2_1,unroll_16,unroll_2,unroll_4,unroll_8,unroll_2,1,20.75,0.199882488771,False
workload_1447.cpp,xczu7ev-ffvc1156-2-e,5,861.942565,104,62,1,5,9,block_2_1,block_8_1,block_2_1,unroll_2,unroll_2,pipeline_1,unroll_8,unroll_2,1,19.25,0.783703826514,False
workload_1332.cpp,xczu7ev-ffvc1156-2-e,5,861.943085,113,62,1,6,12,block_2_1,block_8_1,block_2_1,unroll_2,unroll_4,pipeline_1,unroll_4,unroll_2,1,20.25,0.74726611304,False
workload_1246.cpp,xczu7ev-ffvc1156-2-e,5,860.596565,331,62,1,47,49,block_2_1,block_8_1,block_2_1,unroll_32,unroll_2,pipeline_1,unroll_4,unroll_2,1,39.75,0.235080348615,False
workload_1248.cpp,xczu7ev-ffvc1156-2-e,5,860.596045,407,62,1,49,53,block_2_1,block_8_1,block_2_1,unroll_32,unroll_4,pipeline_1,unroll_2,unroll_8,1,41.25,0.211478039241,False
workload_1250.cpp,xczu7ev-ffvc1156-2-e,5,860.596005,412,62,1,48,53,block_2_1,block_8_1,block_2_1,unroll_32,unroll_4,pipeline_1,unroll_8,unroll_2,1,41,0.21525457602,False
workload_1387.cpp,xczu7ev-ffvc1156-2-e,5,9078.277925,630,30,1,19,36,block_2_1,block_8_1,block_2_1,unroll_32,unroll_4,unroll_2,unroll_8,unroll_2,1,21.5,0.104269150105,False
workload_1376.cpp,xczu7ev-ffvc1156-2-e,5,860.918565,123,62,1,7,12,block_2_1,block_8_1,block_2_1,unroll_4,unroll_2,pipeline_1,unroll_8,unroll_2,1,20.5,0.738296366235,False
workload_1342.cpp,xczu7ev-ffvc1156-2-e,5,7814.779685,169,30,1,6,14,block_2_1,block_8_1,block_2_1,unroll_4,unroll_2,unroll_4,unroll_8,unroll_2,1,12.75,0.161176435815,False
workload_1344.cpp,xczu7ev-ffvc1156-2-e,5,860.734245,206,62,1,14,21,block_2_1,block_8_1,block_2_1,unroll_8,unroll_4,pipeline_1,unroll_8,unroll_2,1,24.5,0.603293816798,False
workload_1069.cpp,xczu7ev-ffvc1156-2-e,5,944.528685,342,63,1,25,37,block_2_1,block_8_1,block_32_1,unroll_16,unroll_4,pipeline_1,unroll_4,unroll_2,1,31.5,0.405525078648,False
workload_1198.cpp,xczu7ev-ffvc1156-2-e,5,941.408045,573,63,1,21,32,block_2_1,block_8_1,block_32_1,unroll_64,unroll_4,pipeline_1,unroll_4,unroll_2,1,29.25,0.463845172428,False
workload_1276.cpp,xczu7ev-ffvc1156-2-e,5,860.596005,355,62,1,48,51,block_2_1,block_8_1,block_4_1,unroll_32,unroll_2,pipeline_1,unroll_8,unroll_2,1,40.5,0.222996274432,False
workload_1378.cpp,xczu7ev-ffvc1156-2-e,5,6815.980325,832,41,1,18,53,block_2_1,block_8_1,block_64_1,unroll_16,unroll_2,unroll_4,unroll_8,unroll_2,1,28.25,0.149549484884,False
workload_1254.cpp,xczu7ev-ffvc1156-2-e,5,944.528165,240,63,1,24,31,block_2_1,block_8_1,cyclic_16_1,unroll_16,unroll_2,pipeline_1,unroll_8,unroll_2,1,29.75,0.450448637704,False
workload_1025.cpp,xczu7ev-ffvc1156-2-e,5,944.528685,254,63,1,25,34,block_2_1,block_8_1,cyclic_16_1,unroll_16,unroll_4,pipeline_1,unroll_4,unroll_2,1,30.75,0.424401873487,False
workload_1197.cpp,xczu7ev-ffvc1156-2-e,5,944.528165,351,63,1,26,35,block_2_1,block_8_1,cyclic_16_1,unroll_16,unroll_4,pipeline_1,unroll_8,unroll_2,1,31.25,0.411754625202,False
workload_1128.cpp,xczu7ev-ffvc1156-2-e,5,944.482085,534,63,1,48,58,block_2_1,block_8_1,cyclic_16_1,unroll_32,unroll_4,pipeline_1,unroll_8,unroll_2,1,42.5,0.193618861244,False
workload_1211.cpp,xczu7ev-ffvc1156-2-e,5,944.805165,152,63,1,8,16,block_2_1,block_8_1,cyclic_16_1,unroll_4,unroll_4,pipeline_1,unroll_4,unroll_2,1,22,0.68609305569,False
workload_1080.cpp,xczu7ev-ffvc1156-2-e,5,941.408045,546,63,1,21,36,block_2_1,block_8_1,cyclic_16_1,unroll_64,unroll_4,pipeline_1,unroll_4,unroll_2,1,30.25,0.437297113072,False
workload_1152.cpp,xczu7ev-ffvc1156-2-e,5,941.407525,655,63,1,22,38,block_2_1,block_8_1,cyclic_16_1,unroll_64,unroll_4,pipeline_1,unroll_8,unroll_2,1,31,0.418044100591,False
workload_1221.cpp,xczu7ev-ffvc1156-2-e,5,941.408365,612,63,1,21,41,block_2_1,block_8_1,cyclic_32_1,unroll_64,unroll_4,pipeline_1,unroll_2,unroll_2,1,31.5,0.405522305733,False
workload_1279.cpp,xczu7ev-ffvc1156-2-e,5,944.804645,264,63,1,7,20,block_2_1,block_8_1,cyclic_64_1,unroll_4,unroll_2,pipeline_1,unroll_8,unroll_2,1,22.75,0.660711713147,False
workload_1321.cpp,xczu7ev-ffvc1156-2-e,5,944.804325,319,63,1,8,22,block_2_1,block_8_1,cyclic_64_1,unroll_4,unroll_2,pipeline_1,unroll_8,unroll_4,1,23.5,0.635868417545,False
workload_1270.cpp,xczu7ev-ffvc1156-2-e,5,941.407525,568,63,1,22,34,block_2_1,block_8_1,cyclic_8_1,unroll_64,unroll_4,pipeline_1,unroll_8,unroll_2,1,30,0.443840151693,False
workload_1205.cpp,xczu7ev-ffvc1156-2-e,5,944.527925,542,73,1,25,64,block_2_1,cyclic_128_1,cyclic_16_1,unroll_16,unroll_2,pipeline_1,unroll_4,unroll_8,1,40.75,0.219189015199,False
workload_1165.cpp,xczu7ev-ffvc1156-2-e,5,944.528365,323,63,1,26,38,block_2_1,cyclic_16_1,block_16_1,unroll_16,unroll_4,pipeline_1,unroll_4,unroll_4,1,32,0.393254191825,False
workload_1230.cpp,xczu7ev-ffvc1156-2-e,5,944.527845,468,63,1,27,40,block_2_1,cyclic_16_1,block_16_1,unroll_16,unroll_4,pipeline_1,unroll_8,unroll_4,1,32.75,0.375318522464,False
workload_1009.cpp,xczu7ev-ffvc1156-2-e,5,860.642085,214,61,1,25,28,block_2_1,cyclic_4_1,block_2_1,unroll_16,unroll_2,pipeline_1,unroll_8,unroll_2,1,28.75,0.477253969853,False
workload_1267.cpp,xczu7ev-ffvc1156-2-e,5,860.642085,265,61,1,26,31,block_2_1,cyclic_4_1,block_2_1,unroll_16,unroll_4,pipeline_1,unroll_8,unroll_2,1,29.75,0.450220891663,False
workload_1305.cpp,xczu7ev-ffvc1156-2-e,5,860.596005,339,61,1,47,50,block_2_1,cyclic_4_1,block_2_1,unroll_32,unroll_2,pipeline_1,unroll_8,unroll_2,1,39.75,0.235080347536,False
workload_1195.cpp,xczu7ev-ffvc1156-2-e,5,857.521445,441,61,1,20,27,block_2_1,cyclic_4_1,block_2_1,unroll_64,unroll_2,pipeline_1,unroll_8,unroll_2,1,27.25,0.519661492874,False
workload_1262.cpp,xczu7ev-ffvc1156-2-e,5,857.521445,509,61,1,21,30,block_2_1,cyclic_4_1,block_2_1,unroll_64,unroll_4,pipeline_1,unroll_8,unroll_2,1,28.25,0.491129226773,False
workload_1315.cpp,xczu7ev-ffvc1156-2-e,5,857.521445,520,62,1,21,30,block_2_1,cyclic_4_1,block_4_1,unroll_64,unroll_4,pipeline_1,unroll_8,unroll_2,1,28.5,0.484152374471,False
workload_1343.cpp,xczu7ev-ffvc1156-2-e,5,944.529045,254,62,1,24,35,block_2_1,cyclic_4_1,cyclic_64_1,unroll_16,unroll_2,pipeline_1,unroll_2,unroll_2,1,30.5,0.430819551127,False
workload_1357.cpp,xczu7ev-ffvc1156-2-e,5,860.641765,223,62,1,25,30,block_2_1,cyclic_8_1,block_2_1,unroll_16,unroll_2,pipeline_1,unroll_8,unroll_4,1,29.5,0.456885281636,False
workload_1216.cpp,xczu7ev-ffvc1156-2-e,5,860.713765,238,66,7,27,38,block_4_1,block_32_1,block_2_1,unroll_16,unroll_2,pipeline_1,unroll_8,unroll_2,1,34.5,0.335505766218,False
workload_1156.cpp,xczu7ev-ffvc1156-2-e,5,945.092205,459,77,3,8,31,block_4_1,block_32_1,cyclic_128_1,unroll_4,unroll_4,pipeline_1,unroll_2,unroll_2,1,29.75,0.450449094357,False
workload_1348.cpp,xczu7ev-ffvc1156-2-e,5,945.091365,149,67,3,8,19,block_4_1,block_32_1,cyclic_16_1,unroll_4,unroll_2,pipeline_1,unroll_8,unroll_2,1,24.25,0.611572477432,False
workload_1333.cpp,xczu7ev-ffvc1156-2-e,5,861.942245,127,66,2,6,15,block_4_1,block_32_1,cyclic_2_1,unroll_2,unroll_2,pipeline_1,unroll_8,unroll_4,1,22.25,0.67730384714,False
workload_1158.cpp,xczu7ev-ffvc1156-2-e,5,861.941765,157,66,2,6,17,block_4_1,block_32_1,cyclic_2_1,unroll_2,unroll_2,pipeline_1,unroll_8,unroll_8,1,22.75,0.660426559378,False
workload_1352.cpp,xczu7ev-ffvc1156-2-e,5,861.206165,104,66,3,8,13,block_4_1,block_32_1,cyclic_2_1,unroll_4,unroll_2,pipeline_1,unroll_2,unroll_2,1,22.5,0.668827884884,False
workload_1361.cpp,xczu7ev-ffvc1156-2-e,5,861.204965,144,66,3,9,19,block_4_1,block_32_1,cyclic_2_1,unroll_4,unroll_2,pipeline_1,unroll_8,unroll_4,1,24.25,0.611271840621,False
workload_1386.cpp,xczu7ev-ffvc1156-2-e,5,7517.215205,956,41,38,26,56,block_4_1,block_64_1,block_32_1,unroll_16,unroll_2,unroll_4,unroll_8,unroll_4,1,40.25,0.100018159348,False
workload_1354.cpp,xczu7ev-ffvc1156-2-e,5,861.942325,144,66,2,6,20,block_4_1,block_64_1,cyclic_2_1,unroll_2,unroll_2,pipeline_1,unroll_4,unroll_8,1,23.5,0.635573483377,False
workload_969.cpp,xczu7ev-ffvc1156-2-e,5,860.713765,221,66,7,27,34,block_4_1,block_8_1,block_2_1,unroll_16,unroll_2,pipeline_1,unroll_8,unroll_2,1,33.5,0.357774671885,False
workload_1074.cpp,xczu7ev-ffvc1156-2-e,5,858.985765,471,66,1,53,56,block_4_1,block_8_1,block_2_1,unroll_64,unroll_2,pipeline_1,unroll_8,unroll_2,1,44,0.174084501463,False
workload_1220.cpp,xczu7ev-ffvc1156-2-e,5,944.599845,326,67,7,27,40,block_4_1,block_8_1,block_32_1,unroll_16,unroll_2,pipeline_1,unroll_8,unroll_2,1,35.25,0.319614550845,False
workload_1340.cpp,xczu7ev-ffvc1156-2-e,5,860.714645,191,66,7,26,31,block_4_1,block_8_1,cyclic_2_1,unroll_16,unroll_2,pipeline_1,unroll_2,unroll_2,1,32.5,0.381047637393,False
workload_1258.cpp,xczu7ev-ffvc1156-2-e,5,860.713765,222,66,7,27,34,block_4_1,block_8_1,cyclic_2_1,unroll_16,unroll_2,pipeline_1,unroll_8,unroll_2,1,33.5,0.357774671885,False
workload_1299.cpp,xczu7ev-ffvc1156-2-e,5,861.942565,108,66,2,5,11,block_4_1,block_8_1,cyclic_2_1,unroll_2,unroll_2,pipeline_1,unroll_8,unroll_2,1,21,0.720572216643,False
workload_1193.cpp,xczu7ev-ffvc1156-2-e,5,861.941765,140,66,2,6,13,block_4_1,block_8_1,cyclic_2_1,unroll_2,unroll_2,pipeline_1,unroll_8,unroll_8,1,21.75,0.694427255633,False
workload_1277.cpp,xczu7ev-ffvc1156-2-e,5,10011.586565,166,31,5,6,13,block_4_1,block_8_1,cyclic_2_1,unroll_2,unroll_2,unroll_4,unroll_8,unroll_8,1,13.75,0.1,False
workload_1280.cpp,xczu7ev-ffvc1156-2-e,5,861.206165,97,66,3,8,11,block_4_1,block_8_1,cyclic_2_1,unroll_4,unroll_2,pipeline_1,unroll_2,unroll_2,1,22,0.6858279907,False
workload_1264.cpp,xczu7ev-ffvc1156-2-e,5,861.204485,152,66,3,9,16,block_4_1,block_8_1,cyclic_2_1,unroll_4,unroll_2,pipeline_1,unroll_8,unroll_8,1,23.5,0.635567559761,False
workload_1233.cpp,xczu7ev-ffvc1156-2-e,5,945.092245,136,67,3,8,16,block_4_1,block_8_1,cyclic_64_1,unroll_4,unroll_2,pipeline_1,unroll_2,unroll_2,1,23.5,0.635868164555,False
workload_1166.cpp,xczu7ev-ffvc1156-2-e,5,944.599045,719,77,7,28,74,block_4_1,cyclic_128_1,cyclic_16_1,unroll_16,unroll_2,pipeline_1,unroll_8,unroll_8,1,46.5,0.146749810655,False
workload_949.cpp,xczu7ev-ffvc1156-2-e,5,860.713765,218,65,7,27,34,block_4_1,cyclic_4_1,block_2_1,unroll_16,unroll_2,pipeline_1,unroll_8,unroll_2,1,33.25,0.363498799403,False
workload_1328.cpp,xczu7ev-ffvc1156-2-e,5,861.942565,163,65,2,7,14,block_4_1,cyclic_4_1,block_2_1,unroll_2,unroll_4,pipeline_1,unroll_8,unroll_2,1,22,0.685834833843,False
workload_1266.cpp,xczu7ev-ffvc1156-2-e,5,858.985765,493,65,1,55,58,block_4_1,cyclic_4_1,block_2_1,unroll_64,unroll_2,pipeline_1,unroll_8,unroll_2,1,44.75,0.165207760715,False
workload_1306.cpp,xczu7ev-ffvc1156-2-e,5,858.984965,532,66,1,56,60,block_4_1,cyclic_4_1,block_4_1,unroll_64,unroll_2,pipeline_1,unroll_8,unroll_8,1,45.75,0.154252749519,False
workload_1215.cpp,xczu7ev-ffvc1156-2-e,5,944.517925,405,66,12,51,63,block_4_1,cyclic_4_1,cyclic_16_1,unroll_32,unroll_2,pipeline_1,unroll_8,unroll_2,1,48,0.133327204342,False
workload_1154.cpp,xczu7ev-ffvc1156-2-e,5,944.599845,423,66,7,27,46,block_4_1,cyclic_4_1,cyclic_64_1,unroll_16,unroll_2,pipeline_1,unroll_8,unroll_2,1,36.5,0.29411859206,False
workload_1303.cpp,xczu7ev-ffvc1156-2-e,5,858.985765,1102,66,1,55,94,block_4_1,cyclic_64_1,block_2_1,unroll_64,unroll_2,pipeline_1,unroll_8,unroll_2,1,54,0.10228582006,False
workload_1191.cpp,xczu7ev-ffvc1156-2-e,5,860.713765,216,66,7,27,35,block_4_1,cyclic_8_1,block_2_1,unroll_16,unroll_2,pipeline_1,unroll_8,unroll_2,1,33.75,0.352113298261,False
workload_1240.cpp,xczu7ev-ffvc1156-2-e,5,947.139565,486,76,12,53,77,block_8_1,block_32_1,block_2_1,unroll_32,unroll_4,pipeline_1,unroll_4,unroll_4,1,54.5,0.101346460208,False
workload_1214.cpp,xczu7ev-ffvc1156-2-e,5,947.221285,233,76,7,27,37,block_8_1,block_8_1,block_2_1,unroll_16,unroll_2,pipeline_1,unroll_8,unroll_2,1,36.75,0.289209646123,False
workload_1213.cpp,xczu7ev-ffvc1156-2-e,5,947.221285,316,75,7,28,40,block_8_1,cyclic_4_1,block_2_1,unroll_16,unroll_4,pipeline_1,unroll_8,unroll_2,1,37.5,0.274854857396,False
workload_1714.cpp,xczu7ev-ffvc1156-2-e,5,3709.646165,934,58,2,4,27,cyclic_16_1,block_128_1,block_4_1,unroll_2,unroll_2,unroll_16,unroll_2,unroll_4,1,22.75,0.429674970408,False
workload_1176.cpp,xczu7ev-ffvc1156-2-e,5,3017.508725,1193,38,1,9,59,cyclic_16_1,block_32_1,block_2_1,unroll_32,unroll_2,unroll_4,unroll_2,unroll_8,1,26.75,0.429855307044,False
workload_1228.cpp,xczu7ev-ffvc1156-2-e,5,943.935085,406,91,1,10,41,cyclic_16_1,block_32_1,block_2_1,unroll_32,unroll_4,pipeline_1,unroll_2,unroll_2,1,35.75,0.309227146584,False
workload_1493.cpp,xczu7ev-ffvc1156-2-e,5,1912.577685,699,37,1,8,51,cyclic_16_1,block_4_1,block_2_1,unroll_16,unroll_2,unroll_8,unroll_2,unroll_2,1,24.25,0.573402719575,False
workload_1521.cpp,xczu7ev-ffvc1156-2-e,5,943.924845,215,91,1,6,22,cyclic_16_1,block_4_1,block_2_1,unroll_16,unroll_4,pipeline_1,unroll_2,unroll_2,1,30,0.443842439956,False
workload_1575.cpp,xczu7ev-ffvc1156-2-e,5,1912.577645,714,37,1,9,54,cyclic_16_1,block_4_1,block_2_1,unroll_16,unroll_4,unroll_8,unroll_2,unroll_2,1,25.25,0.546822773785,False
workload_1541.cpp,xczu7ev-ffvc1156-2-e,5,1961.104245,199,37,1,4,19,cyclic_16_1,block_4_1,block_2_1,unroll_4,unroll_2,unroll_8,unroll_2,unroll_8,1,15.25,0.752034580653,False
workload_1561.cpp,xczu7ev-ffvc1156-2-e,5,1961.103365,252,37,1,4,21,cyclic_16_1,block_4_1,block_2_1,unroll_4,unroll_2,unroll_8,unroll_8,unroll_8,1,15.75,0.741405990882,False
workload_1539.cpp,xczu7ev-ffvc1156-2-e,5,943.924885,192,91,1,6,20,cyclic_16_1,block_4_1,block_4_1,unroll_16,unroll_2,pipeline_1,unroll_2,unroll_2,1,29.5,0.45711646847,False
workload_1438.cpp,xczu7ev-ffvc1156-2-e,5,1917.165205,713,38,1,8,52,cyclic_16_1,block_8_1,block_2_1,unroll_16,unroll_2,unroll_8,unroll_2,unroll_2,1,24.75,0.55980912906,False
workload_1407.cpp,xczu7ev-ffvc1156-2-e,5,2889.093965,232,38,1,4,17,cyclic_16_1,block_8_1,cyclic_2_1,unroll_4,unroll_4,unroll_4,unroll_2,unroll_8,1,15,0.661200551119,False
workload_1811.cpp,xczu7ev-ffvc1156-2-e,5,1206.171285,120,37,1,2,7,cyclic_16_1,cyclic_2_1,cyclic_2_1,unroll_2,unroll_2,unroll_16,unroll_2,unroll_2,1,11.75,0.941522074401,False
workload_1636.cpp,xczu7ev-ffvc1156-2-e,5,1604.630165,108,37,1,2,10,cyclic_16_1,cyclic_2_1,cyclic_2_1,unroll_2,unroll_2,unroll_8,unroll_2,unroll_2,1,12.5,0.869026348823,False
workload_1499.cpp,xczu7ev-ffvc1156-2-e,5,2218.005285,151,37,1,2,13,cyclic_16_1,cyclic_4_1,block_2_1,unroll_4,unroll_2,unroll_4,unroll_8,unroll_2,1,13.25,0.779251942417,False
workload_1666.cpp,xczu7ev-ffvc1156-2-e,5,1193.023125,174,37,2,3,10,cyclic_16_1,cyclic_4_1,block_4_1,unroll_4,unroll_2,unroll_16,unroll_2,unroll_2,1,13,0.899922081508,False
workload_1283.cpp,xczu7ev-ffvc1156-2-e,5,6076.734245,1481,39,1,6,56,cyclic_16_1,cyclic_64_1,block_32_1,unroll_16,unroll_4,unroll_4,unroll_8,unroll_2,1,25.5,0.206152954333,False
workload_1256.cpp,xczu7ev-ffvc1156-2-e,5,1027.749485,164,92,1,3,20,cyclic_16_1,cyclic_64_1,cyclic_16_1,unroll_4,unroll_4,pipeline_1,unroll_2,unroll_2,1,29,0.470537951951,False
workload_1204.cpp,xczu7ev-ffvc1156-2-e,5,1027.748645,413,92,1,4,30,cyclic_16_1,cyclic_64_1,cyclic_16_1,unroll_4,unroll_4,pipeline_1,unroll_8,unroll_2,1,31.75,0.399301045484,False
workload_1168.cpp,xczu7ev-ffvc1156-2-e,5,1027.749485,193,92,1,3,22,cyclic_16_1,cyclic_64_1,cyclic_32_1,unroll_4,unroll_4,pipeline_1,unroll_2,unroll_2,1,29.5,0.457024324297,False
workload_1247.cpp,xczu7ev-ffvc1156-2-e,5,1027.748645,572,92,1,4,33,cyclic_16_1,cyclic_64_1,cyclic_32_1,unroll_4,unroll_4,pipeline_1,unroll_8,unroll_2,1,32.5,0.381185363487,False
workload_1742.cpp,xczu7ev-ffvc1156-2-e,5,857.274005,108,72,1,2,14,cyclic_2_1,block_128_1,block_2_1,unroll_2,unroll_2,pipeline_1,unroll_2,unroll_2,1,22.25,0.677260241375,False
workload_1726.cpp,xczu7ev-ffvc1156-2-e,5,5812.041365,401,41,1,1,14,cyclic_2_1,block_128_1,block_2_1,unroll_2,unroll_2,unroll_8,unroll_2,unroll_2,1,14.25,0.31402128174,False
workload_1774.cpp,xczu7ev-ffvc1156-2-e,5,5812.041045,415,41,1,2,17,cyclic_2_1,block_128_1,block_2_1,unroll_2,unroll_2,unroll_8,unroll_2,unroll_4,1,15.25,0.308608502999,False
workload_1604.cpp,xczu7ev-ffvc1156-2-e,5,5822.484965,1070,41,1,3,28,cyclic_2_1,block_128_1,block_2_1,unroll_4,unroll_2,unroll_8,unroll_8,unroll_4,1,18.25,0.287048574115,False
workload_1534.cpp,xczu7ev-ffvc1156-2-e,5,4598.242965,160,30,1,2,9,cyclic_2_1,block_16_1,block_2_1,unroll_16,unroll_2,unroll_2,unroll_2,unroll_2,1,10.5,0.473753558873,False
workload_1719.cpp,xczu7ev-ffvc1156-2-e,5,857.273125,105,62,1,2,8,cyclic_2_1,block_16_1,block_2_1,unroll_2,unroll_2,pipeline_1,unroll_8,unroll_2,1,18.25,0.821033320717,False
workload_1682.cpp,xczu7ev-ffvc1156-2-e,5,857.272805,114,62,1,3,9,cyclic_2_1,block_16_1,block_2_1,unroll_2,unroll_2,pipeline_1,unroll_8,unroll_4,1,18.75,0.802221081983,False
workload_1668.cpp,xczu7ev-ffvc1156-2-e,5,1368.698885,177,30,1,4,13,cyclic_2_1,block_16_1,block_2_1,unroll_2,unroll_2,unroll_16,unroll_8,unroll_8,1,12,0.914997517388,False
workload_1489.cpp,xczu7ev-ffvc1156-2-e,5,2734.469605,115,30,1,2,9,cyclic_2_1,block_16_1,block_2_1,unroll_2,unroll_2,unroll_4,unroll_8,unroll_4,1,10.5,0.766790601936,False
workload_1462.cpp,xczu7ev-ffvc1156-2-e,5,2734.469125,134,30,1,3,9,cyclic_2_1,block_16_1,block_2_1,unroll_2,unroll_2,unroll_4,unroll_8,unroll_8,1,10.75,0.763914953132,False
workload_1762.cpp,xczu7ev-ffvc1156-2-e,5,1816.965925,122,30,1,3,9,cyclic_2_1,block_16_1,block_2_1,unroll_2,unroll_2,unroll_8,unroll_8,unroll_2,1,10.75,0.878442953225,False
workload_1618.cpp,xczu7ev-ffvc1156-2-e,5,1816.965125,149,30,1,3,11,cyclic_2_1,block_16_1,block_2_1,unroll_2,unroll_2,unroll_8,unroll_8,unroll_8,1,11.25,0.8672090706,False
workload_1475.cpp,xczu7ev-ffvc1156-2-e,5,2713.457525,122,30,1,2,9,cyclic_2_1,block_16_1,block_2_1,unroll_4,unroll_2,unroll_4,unroll_2,unroll_8,1,10.5,0.770405258632,False
workload_1584.cpp,xczu7ev-ffvc1156-2-e,5,2713.457445,124,30,1,2,9,cyclic_2_1,block_16_1,block_2_1,unroll_4,unroll_2,unroll_4,unroll_8,unroll_2,1,10.5,0.770405272389,False
workload_1399.cpp,xczu7ev-ffvc1156-2-e,5,2713.456645,155,30,1,3,11,cyclic_2_1,block_16_1,block_2_1,unroll_4,unroll_2,unroll_4,unroll_8,unroll_8,1,11.25,0.760537831034,False
workload_1413.cpp,xczu7ev-ffvc1156-2-e,5,3321.588085,415,30,1,4,16,cyclic_2_1,block_16_1,cyclic_2_1,unroll_64,unroll_2,unroll_2,unroll_2,unroll_8,1,12.75,0.64438788547,False
workload_1425.cpp,xczu7ev-ffvc1156-2-e,5,941.158405,456,63,1,3,19,cyclic_2_1,block_16_1,cyclic_64_1,unroll_2,unroll_2,pipeline_1,unroll_8,unroll_8,1,21.5,0.703319048352,False
workload_1809.cpp,xczu7ev-ffvc1156-2-e,5,857.273125,104,61,1,3,7,cyclic_2_1,block_2_1,block_2_1,unroll_2,unroll_2,pipeline_1,unroll_8,unroll_2,1,18,0.820966960881,False
workload_1829.cpp,xczu7ev-ffvc1156-2-e,5,857.274005,78,61,1,2,5,cyclic_2_1,block_2_1,cyclic_2_1,unroll_2,unroll_2,pipeline_1,unroll_2,unroll_2,1,17.25,1,True
workload_1831.cpp,xczu7ev-ffvc1156-2-e,5,5806.796805,153,29,1,2,8,cyclic_2_1,block_2_1,cyclic_2_1,unroll_2,unroll_2,unroll_8,unroll_8,unroll_8,1,10,0.3274662438,False
workload_1294.cpp,xczu7ev-ffvc1156-2-e,5,4598.242085,208,30,1,3,14,cyclic_2_1,block_32_1,block_2_1,unroll_16,unroll_2,unroll_2,unroll_8,unroll_2,1,12,0.467722994148,False
workload_1335.cpp,xczu7ev-ffvc1156-2-e,5,4598.241765,218,30,1,3,15,cyclic_2_1,block_32_1,block_2_1,unroll_16,unroll_2,unroll_2,unroll_8,unroll_4,1,12.25,0.466336252226,False
workload_1451.cpp,xczu7ev-ffvc1156-2-e,5,2701.630245,267,30,1,3,16,cyclic_2_1,block_32_1,block_2_1,unroll_16,unroll_2,unroll_4,unroll_8,unroll_2,1,12.5,0.740071035351,False
workload_1473.cpp,xczu7ev-ffvc1156-2-e,5,1780.265765,131,30,1,3,12,cyclic_2_1,block_32_1,block_2_1,unroll_2,unroll_2,unroll_8,unroll_8,unroll_2,1,11.5,0.866363102831,False
workload_1044.cpp,xczu7ev-ffvc1156-2-e,5,857.426405,352,62,1,10,31,cyclic_2_1,block_32_1,block_2_1,unroll_32,unroll_2,pipeline_1,unroll_8,unroll_4,1,26,0.556730472596,False
workload_1169.cpp,xczu7ev-ffvc1156-2-e,5,4678.190885,382,30,1,4,17,cyclic_2_1,block_32_1,block_2_1,unroll_32,unroll_2,unroll_2,unroll_8,unroll_2,1,13,0.451223470652,False
workload_1116.cpp,xczu7ev-ffvc1156-2-e,5,4678.190565,386,30,1,4,18,cyclic_2_1,block_32_1,block_2_1,unroll_32,unroll_2,unroll_2,unroll_8,unroll_4,1,13.25,0.449500556795,False
workload_1235.cpp,xczu7ev-ffvc1156-2-e,5,857.426405,462,62,1,11,36,cyclic_2_1,block_32_1,block_2_1,unroll_32,unroll_4,pipeline_1,unroll_8,unroll_4,1,27.5,0.512434187484,False
workload_1492.cpp,xczu7ev-ffvc1156-2-e,5,2713.457445,131,30,1,2,11,cyclic_2_1,block_32_1,block_2_1,unroll_4,unroll_2,unroll_4,unroll_8,unroll_2,1,11,0.764160804504,False
workload_1514.cpp,xczu7ev-ffvc1156-2-e,5,2713.457125,143,30,1,3,13,cyclic_2_1,block_32_1,block_2_1,unroll_4,unroll_2,unroll_4,unroll_8,unroll_4,1,11.75,0.75241729012,False
workload_1445.cpp,xczu7ev-ffvc1156-2-e,5,857.426725,512,62,1,16,36,cyclic_2_1,block_32_1,block_2_1,unroll_64,unroll_2,pipeline_1,unroll_8,unroll_2,1,28.75,0.477237554566,False
workload_1365.cpp,xczu7ev-ffvc1156-2-e,5,3321.588005,424,30,1,4,18,cyclic_2_1,block_32_1,block_2_1,unroll_64,unroll_2,unroll_2,unroll_8,unroll_2,1,13.25,0.637237168565,False
workload_1346.cpp,xczu7ev-ffvc1156-2-e,5,4716.206885,298,31,1,3,21,cyclic_2_1,block_32_1,block_32_1,unroll_16,unroll_2,unroll_2,unroll_8,unroll_2,1,14,0.439051683222,False
workload_1319.cpp,xczu7ev-ffvc1156-2-e,5,941.158405,305,63,1,3,17,cyclic_2_1,block_32_1,block_32_1,unroll_2,unroll_2,pipeline_1,unroll_8,unroll_8,1,21,0.720759032797,False
workload_1403.cpp,xczu7ev-ffvc1156-2-e,5,4600.934885,118,31,1,2,11,cyclic_2_1,block_32_1,block_4_1,unroll_2,unroll_2,unroll_2,unroll_8,unroll_4,1,11.25,0.470874556144,False
workload_1448.cpp,xczu7ev-ffvc1156-2-e,5,1864.152085,131,31,1,3,14,cyclic_2_1,block_32_1,cyclic_16_1,unroll_2,unroll_2,unroll_8,unroll_4,unroll_4,1,12.25,0.834816624139,False
workload_1272.cpp,xczu7ev-ffvc1156-2-e,5,941.312805,519,63,1,11,39,cyclic_2_1,block_32_1,cyclic_16_1,unroll_32,unroll_4,pipeline_1,unroll_8,unroll_2,1,28.5,0.484413595537,False
workload_1392.cpp,xczu7ev-ffvc1156-2-e,5,4705.752085,120,31,1,2,12,cyclic_2_1,block_32_1,cyclic_16_1,unroll_4,unroll_2,unroll_2,unroll_4,unroll_4,1,11.5,0.455850072091,False
workload_1241.cpp,xczu7ev-ffvc1156-2-e,5,3405.473765,542,31,1,6,37,cyclic_2_1,block_32_1,cyclic_16_1,unroll_64,unroll_2,unroll_2,unroll_8,unroll_4,1,18.75,0.522297842688,False
workload_1428.cpp,xczu7ev-ffvc1156-2-e,5,3355.994405,984,31,1,8,38,cyclic_2_1,block_32_1,cyclic_16_1,unroll_64,unroll_2,unroll_4,unroll_8,unroll_2,1,19.5,0.510663376667,False
workload_1449.cpp,xczu7ev-ffvc1156-2-e,5,3355.994085,1019,31,1,8,39,cyclic_2_1,block_32_1,cyclic_16_1,unroll_64,unroll_2,unroll_4,unroll_8,unroll_4,1,19.75,0.507722623314,False
workload_1284.cpp,xczu7ev-ffvc1156-2-e,5,4705.752685,199,41,1,2,18,cyclic_2_1,block_32_1,cyclic_64_1,unroll_4,unroll_4,unroll_2,unroll_2,unroll_2,1,15.5,0.426812443056,False
workload_1686.cpp,xczu7ev-ffvc1156-2-e,5,857.273125,98,61,1,2,7,cyclic_2_1,block_4_1,block_2_1,unroll_2,unroll_2,pipeline_1,unroll_8,unroll_2,2,17.75,1,True
workload_1642.cpp,xczu7ev-ffvc1156-2-e,5,857.272805,106,61,1,3,8,cyclic_2_1,block_4_1,block_2_1,unroll_2,unroll_2,pipeline_1,unroll_8,unroll_4,1,18.25,0.821033346196,False
workload_1730.cpp,xczu7ev-ffvc1156-2-e,5,4600.935205,96,30,1,2,6,cyclic_2_1,block_4_1,block_2_1,unroll_2,unroll_2,unroll_2,unroll_8,unroll_2,1,9.75,0.474868493349,False
workload_1628.cpp,xczu7ev-ffvc1156-2-e,5,2723.984725,88,30,1,2,5,cyclic_2_1,block_4_1,block_2_1,unroll_2,unroll_2,unroll_4,unroll_2,unroll_4,1,9.5,0.776219153299,False
workload_1535.cpp,xczu7ev-ffvc1156-2-e,5,2723.984165,100,30,1,2,6,cyclic_2_1,block_4_1,block_2_1,unroll_2,unroll_2,unroll_4,unroll_8,unroll_2,1,9.75,0.774965206215,False
workload_1585.cpp,xczu7ev-ffvc1156-2-e,5,1811.723045,115,30,1,2,7,cyclic_2_1,block_4_1,block_2_1,unroll_2,unroll_2,unroll_8,unroll_8,unroll_2,1,10,0.894174447767,False
workload_1732.cpp,xczu7ev-ffvc1156-2-e,5,1811.722725,125,30,1,3,8,cyclic_2_1,block_4_1,block_2_1,unroll_2,unroll_2,unroll_8,unroll_8,unroll_4,1,10.5,0.884365613592,False
workload_1572.cpp,xczu7ev-ffvc1156-2-e,5,857.355925,89,61,1,2,6,cyclic_2_1,block_4_1,block_2_1,unroll_4,unroll_2,pipeline_1,unroll_2,unroll_2,1,17.5,0.835178405371,False
workload_1598.cpp,xczu7ev-ffvc1156-2-e,5,857.355125,115,61,1,3,8,cyclic_2_1,block_4_1,block_2_1,unroll_4,unroll_2,pipeline_1,unroll_2,unroll_8,1,18.25,0.821026791632,False
workload_1496.cpp,xczu7ev-ffvc1156-2-e,5,857.355045,110,61,1,3,8,cyclic_2_1,block_4_1,block_2_1,unroll_4,unroll_2,pipeline_1,unroll_8,unroll_2,1,18.25,0.821026798002,False
workload_1516.cpp,xczu7ev-ffvc1156-2-e,5,857.354245,137,61,1,3,9,cyclic_2_1,block_4_1,block_2_1,unroll_4,unroll_2,pipeline_1,unroll_8,unroll_8,1,18.5,0.811599032329,False
workload_1458.cpp,xczu7ev-ffvc1156-2-e,5,4600.894245,105,30,1,2,7,cyclic_2_1,block_4_1,block_2_1,unroll_4,unroll_2,unroll_2,unroll_8,unroll_2,1,10,0.474495984041,False
workload_1465.cpp,xczu7ev-ffvc1156-2-e,5,2723.943205,117,30,1,2,7,cyclic_2_1,block_4_1,block_2_1,unroll_4,unroll_2,unroll_4,unroll_8,unroll_2,1,10,0.773268198485,False
workload_1573.cpp,xczu7ev-ffvc1156-2-e,5,1811.682965,124,30,1,2,7,cyclic_2_1,block_4_1,block_2_1,unroll_4,unroll_2,unroll_8,unroll_2,unroll_2,1,10,0.894175567637,False
workload_1669.cpp,xczu7ev-ffvc1156-2-e,5,1811.682165,143,30,1,3,9,cyclic_2_1,block_4_1,block_2_1,unroll_4,unroll_2,unroll_8,unroll_2,unroll_8,1,10.75,0.878927064372,False
workload_1540.cpp,xczu7ev-ffvc1156-2-e,5,1811.682085,145,30,1,3,9,cyclic_2_1,block_4_1,block_2_1,unroll_4,unroll_2,unroll_8,unroll_8,unroll_2,1,10.75,0.878927077878,False
workload_1652.cpp,xczu7ev-ffvc1156-2-e,5,1811.68288,633,30,1,14,34,cyclic_2_1,block_4_1,block_2_1,unroll_4,unroll_32,unroll_8,unroll_2,unroll_2,1,19.75,0.695481099406,False
workload_1619.cpp,xczu7ev-ffvc1156-2-e,5,857.427605,478,61,1,16,32,cyclic_2_1,block_4_1,block_2_1,unroll_64,unroll_2,pipeline_1,unroll_2,unroll_2,1,27.5,0.512434194441,False
workload_1798.cpp,xczu7ev-ffvc1156-2-e,5,857.426725,503,61,1,16,34,cyclic_2_1,block_4_1,block_2_1,unroll_64,unroll_2,pipeline_1,unroll_8,unroll_2,1,28,0.498168059618,False
workload_1432.cpp,xczu7ev-ffvc1156-2-e,5,3321.588085,411,30,1,4,15,cyclic_2_1,block_4_1,block_2_1,unroll_64,unroll_2,unroll_2,unroll_2,unroll_8,1,12.5,0.647709541914,False
workload_1622.cpp,xczu7ev-ffvc1156-2-e,5,1619.618085,1395,30,1,6,27,cyclic_2_1,block_4_1,block_2_1,unroll_64,unroll_2,unroll_8,unroll_8,unroll_2,1,16,0.782439726675,False
workload_1464.cpp,xczu7ev-ffvc1156-2-e,5,4338.714405,561,31,1,5,22,cyclic_2_1,block_4_1,cyclic_16_1,unroll_32,unroll_2,unroll_4,unroll_8,unroll_2,1,14.75,0.4794746428,False
workload_1353.cpp,xczu7ev-ffvc1156-2-e,5,941.241365,117,62,1,3,10,cyclic_2_1,block_4_1,cyclic_16_1,unroll_4,unroll_2,pipeline_1,unroll_4,unroll_4,1,19,0.791878610008,False
workload_1405.cpp,xczu7ev-ffvc1156-2-e,5,941.312485,614,62,1,17,42,cyclic_2_1,block_4_1,cyclic_16_1,unroll_64,unroll_2,pipeline_1,unroll_8,unroll_4,1,30.5,0.43081665716,False
workload_1410.cpp,xczu7ev-ffvc1156-2-e,5,2264.164645,778,31,1,7,34,cyclic_2_1,block_4_1,cyclic_16_1,unroll_64,unroll_2,unroll_4,unroll_8,unroll_2,1,18.25,0.667515896924,False
workload_1803.cpp,xczu7ev-ffvc1156-2-e,5,857.274005,78,61,1,2,5,cyclic_2_1,block_4_1,cyclic_2_1,unroll_2,unroll_2,pipeline_1,unroll_2,unroll_2,1,17.25,1,True
workload_1543.cpp,xczu7ev-ffvc1156-2-e,5,857.273125,96,61,1,2,7,cyclic_2_1,block_4_1,cyclic_2_1,unroll_2,unroll_2,pipeline_1,unroll_8,unroll_2,1,17.75,1,True
workload_1697.cpp,xczu7ev-ffvc1156-2-e,5,1368.699685,143,30,1,3,8,cyclic_2_1,block_4_1,cyclic_2_1,unroll_2,unroll_2,unroll_16,unroll_8,unroll_2,1,10.5,0.941339737649,False
workload_1661.cpp,xczu7ev-ffvc1156-2-e,5,2723.985045,80,30,1,1,4,cyclic_2_1,block_4_1,cyclic_2_1,unroll_2,unroll_2,unroll_4,unroll_2,unroll_2,1,9,0.777304929968,False
workload_1611.cpp,xczu7ev-ffvc1156-2-e,5,2723.984165,101,30,1,2,6,cyclic_2_1,block_4_1,cyclic_2_1,unroll_2,unroll_2,unroll_4,unroll_8,unroll_2,1,9.75,0.774965206215,False
workload_1590.cpp,xczu7ev-ffvc1156-2-e,5,857.355045,115,61,1,3,8,cyclic_2_1,block_4_1,cyclic_2_1,unroll_4,unroll_2,pipeline_1,unroll_8,unroll_2,1,18.25,0.821026798002,False
workload_1632.cpp,xczu7ev-ffvc1156-2-e,5,1811.682085,141,30,1,3,8,cyclic_2_1,block_4_1,cyclic_2_1,unroll_4,unroll_2,unroll_8,unroll_8,unroll_2,1,10.5,0.884367122527,False
workload_1278.cpp,xczu7ev-ffvc1156-2-e,5,857.427245,423,62,1,11,42,cyclic_2_1,block_64_1,block_2_1,unroll_32,unroll_4,pipeline_1,unroll_4,unroll_2,1,29,0.470385779629,False
workload_1483.cpp,xczu7ev-ffvc1156-2-e,5,3425.147925,374,41,1,3,22,cyclic_2_1,block_64_1,cyclic_16_1,unroll_16,unroll_2,unroll_4,unroll_4,unroll_4,1,16.75,0.561588378231,False
workload_1832.cpp,xczu7ev-ffvc1156-2-e,5,3332.159125,95,41,1,1,9,cyclic_2_1,block_64_1,cyclic_2_1,unroll_2,unroll_2,unroll_4,unroll_2,unroll_2,1,13,0.639341622969,False
workload_1779.cpp,xczu7ev-ffvc1156-2-e,5,857.274005,88,62,1,2,9,cyclic_2_1,block_64_1,cyclic_4_1,unroll_2,unroll_2,pipeline_1,unroll_2,unroll_2,1,18.5,0.811597826728,False
workload_1822.cpp,xczu7ev-ffvc1156-2-e,5,857.273125,121,62,1,2,14,cyclic_2_1,block_64_1,cyclic_4_1,unroll_2,unroll_2,pipeline_1,unroll_8,unroll_2,1,19.75,0.765308642113,False
workload_1655.cpp,xczu7ev-ffvc1156-2-e,5,941.158405,1773,73,1,3,28,cyclic_2_1,block_8_1,block_128_1,unroll_2,unroll_2,pipeline_1,unroll_8,unroll_8,1,26.25,0.549493531901,False
workload_1393.cpp,xczu7ev-ffvc1156-2-e,5,941.158885,140,63,1,3,10,cyclic_2_1,block_8_1,block_16_1,unroll_2,unroll_2,pipeline_1,unroll_8,unroll_4,1,19.25,0.78306655778,False
workload_1477.cpp,xczu7ev-ffvc1156-2-e,5,4598.242645,161,30,1,2,9,cyclic_2_1,block_8_1,block_2_1,unroll_16,unroll_2,unroll_2,unroll_2,unroll_4,1,10.5,0.473753602519,False
workload_1373.cpp,xczu7ev-ffvc1156-2-e,5,4598.242085,177,30,1,3,10,cyclic_2_1,block_8_1,block_2_1,unroll_16,unroll_2,unroll_2,unroll_8,unroll_2,1,11,0.472189515356,False
workload_1671.cpp,xczu7ev-ffvc1156-2-e,5,857.273685,85,62,1,2,6,cyclic_2_1,block_8_1,block_2_1,unroll_2,unroll_2,pipeline_1,unroll_2,unroll_4,1,17.75,0.830456603898,False
workload_1391.cpp,xczu7ev-ffvc1156-2-e,5,857.273125,102,62,1,2,8,cyclic_2_1,block_8_1,block_2_1,unroll_2,unroll_2,pipeline_1,unroll_8,unroll_2,2,18.25,0.821033320717,False
workload_1481.cpp,xczu7ev-ffvc1156-2-e,5,857.272805,109,62,1,3,8,cyclic_2_1,block_8_1,block_2_1,unroll_2,unroll_2,pipeline_1,unroll_8,unroll_4,1,18.5,0.811597808603,False
workload_1606.cpp,xczu7ev-ffvc1156-2-e,5,857.272325,127,62,1,3,9,cyclic_2_1,block_8_1,block_2_1,unroll_2,unroll_2,pipeline_1,unroll_8,unroll_8,1,18.75,0.80222107497,False
workload_1646.cpp,xczu7ev-ffvc1156-2-e,5,2734.470005,104,30,1,2,7,cyclic_2_1,block_8_1,block_2_1,unroll_2,unroll_2,unroll_4,unroll_2,unroll_8,1,10,0.77139553393,False
workload_1569.cpp,xczu7ev-ffvc1156-2-e,5,1816.965925,117,30,1,3,8,cyclic_2_1,block_8_1,block_2_1,unroll_2,unroll_2,unroll_8,unroll_8,unroll_2,1,10.5,0.884168666015,False
workload_1385.cpp,xczu7ev-ffvc1156-2-e,5,857.273125,147,62,1,4,10,cyclic_2_1,block_8_1,block_2_1,unroll_2,unroll_4,pipeline_1,unroll_8,unroll_2,1,19.25,0.783645441105,False
workload_1331.cpp,xczu7ev-ffvc1156-2-e,5,857.425925,341,62,1,10,25,cyclic_2_1,block_8_1,block_2_1,unroll_32,unroll_2,pipeline_1,unroll_8,unroll_8,1,24.5,0.603268928158,False
workload_1194.cpp,xczu7ev-ffvc1156-2-e,5,4914.120485,306,30,1,4,14,cyclic_2_1,block_8_1,block_2_1,unroll_32,unroll_2,unroll_2,unroll_8,unroll_2,1,12.25,0.425583583571,False
workload_1431.cpp,xczu7ev-ffvc1156-2-e,5,4914.120165,304,30,1,4,14,cyclic_2_1,block_8_1,block_2_1,unroll_32,unroll_2,unroll_2,unroll_8,unroll_4,1,12.25,0.425583623728,False
workload_1523.cpp,xczu7ev-ffvc1156-2-e,5,857.354725,123,62,1,3,10,cyclic_2_1,block_8_1,block_2_1,unroll_4,unroll_2,pipeline_1,unroll_8,unroll_4,1,19,0.792904685541,False
workload_1426.cpp,xczu7ev-ffvc1156-2-e,5,857.354245,139,62,1,4,10,cyclic_2_1,block_8_1,block_2_1,unroll_4,unroll_2,pipeline_1,unroll_8,unroll_8,2,19.25,0.783646550199,False
workload_1476.cpp,xczu7ev-ffvc1156-2-e,5,2744.914725,120,30,1,2,8,cyclic_2_1,block_8_1,block_2_1,unroll_4,unroll_2,unroll_4,unroll_8,unroll_2,1,10.25,0.767463473952,False
workload_1362.cpp,xczu7ev-ffvc1156-2-e,5,857.426725,512,62,1,16,34,cyclic_2_1,block_8_1,block_2_1,unroll_64,unroll_2,pipeline_1,unroll_8,unroll_2,1,28.25,0.491128713541,False
workload_1349.cpp,xczu7ev-ffvc1156-2-e,5,2336.254245,697,30,1,5,19,cyclic_2_1,block_8_1,block_2_1,unroll_64,unroll_2,unroll_4,unroll_8,unroll_2,1,13.75,0.753817767965,False
workload_1502.cpp,xczu7ev-ffvc1156-2-e,5,2336.253925,712,30,1,5,20,cyclic_2_1,block_8_1,block_2_1,unroll_64,unroll_2,unroll_4,unroll_8,unroll_4,1,14,0.746760707795,False
workload_1775.cpp,xczu7ev-ffvc1156-2-e,5,857.425925,708,62,1,18,39,cyclic_2_1,block_8_1,block_2_1,unroll_64,unroll_4,pipeline_1,unroll_8,unroll_8,1,30,0.443604381199,False
workload_1360.cpp,xczu7ev-ffvc1156-2-e,5,857.396005,143,62,1,4,11,cyclic_2_1,block_8_1,block_2_1,unroll_8,unroll_2,pipeline_1,unroll_8,unroll_2,1,19.5,0.774448693233,False
workload_1421.cpp,xczu7ev-ffvc1156-2-e,5,857.395205,170,62,1,4,12,cyclic_2_1,block_8_1,block_2_1,unroll_8,unroll_2,pipeline_1,unroll_8,unroll_8,1,19.75,0.765310209781,False
workload_1377.cpp,xczu7ev-ffvc1156-2-e,5,4632.330725,140,30,1,3,10,cyclic_2_1,block_8_1,block_2_1,unroll_8,unroll_2,unroll_2,unroll_8,unroll_4,1,11,0.467582426025,False
workload_1409.cpp,xczu7ev-ffvc1156-2-e,5,857.396005,187,62,1,5,14,cyclic_2_1,block_8_1,block_2_1,unroll_8,unroll_4,pipeline_1,unroll_8,unroll_2,1,20.5,0.73825654327,False
workload_1369.cpp,xczu7ev-ffvc1156-2-e,5,941.158405,302,63,1,3,13,cyclic_2_1,block_8_1,block_32_1,unroll_2,unroll_2,pipeline_1,unroll_8,unroll_8,1,20,0.756228021061,False
workload_1505.cpp,xczu7ev-ffvc1156-2-e,5,857.416485,194,62,1,6,16,cyclic_2_1,block_8_1,block_4_1,unroll_16,unroll_2,pipeline_1,unroll_8,unroll_2,1,21.25,0.711749239166,False
workload_1792.cpp,xczu7ev-ffvc1156-2-e,5,857.273125,100,62,1,2,8,cyclic_2_1,block_8_1,block_4_1,unroll_2,unroll_2,pipeline_1,unroll_8,unroll_2,1,18.25,0.821033320717,False
workload_1472.cpp,xczu7ev-ffvc1156-2-e,5,2828.801685,106,31,1,2,7,cyclic_2_1,block_8_1,cyclic_16_1,unroll_4,unroll_2,unroll_4,unroll_2,unroll_2,1,10.25,0.752790057055,False
workload_1463.cpp,xczu7ev-ffvc1156-2-e,5,4598.242645,158,30,1,2,9,cyclic_2_1,block_8_1,cyclic_2_1,unroll_16,unroll_2,unroll_2,unroll_2,unroll_4,1,10.5,0.473753602519,False
workload_1734.cpp,xczu7ev-ffvc1156-2-e,5,857.274005,80,62,1,2,5,cyclic_2_1,block_8_1,cyclic_2_1,unroll_2,unroll_2,pipeline_1,unroll_2,unroll_2,1,17.5,0.835184874325,False
workload_1790.cpp,xczu7ev-ffvc1156-2-e,5,857.273205,97,62,1,2,7,cyclic_2_1,block_8_1,cyclic_2_1,unroll_2,unroll_2,pipeline_1,unroll_2,unroll_8,1,18,0.820966962167,False
workload_1400.cpp,xczu7ev-ffvc1156-2-e,5,857.273125,99,62,1,2,7,cyclic_2_1,block_8_1,cyclic_2_1,unroll_2,unroll_2,pipeline_1,unroll_8,unroll_2,1,18,0.820966960881,False
workload_1522.cpp,xczu7ev-ffvc1156-2-e,5,857.272325,123,62,1,3,9,cyclic_2_1,block_8_1,cyclic_2_1,unroll_2,unroll_2,pipeline_1,unroll_8,unroll_8,1,18.75,0.80222107497,False
workload_1620.cpp,xczu7ev-ffvc1156-2-e,5,4621.906805,93,30,1,2,6,cyclic_2_1,block_8_1,cyclic_2_1,unroll_2,unroll_2,unroll_2,unroll_2,unroll_8,1,9.75,0.471997949822,False
workload_1500.cpp,xczu7ev-ffvc1156-2-e,5,4621.906725,97,30,1,2,6,cyclic_2_1,block_8_1,cyclic_2_1,unroll_2,unroll_2,unroll_2,unroll_8,unroll_2,1,9.75,0.471997960751,False
workload_1662.cpp,xczu7ev-ffvc1156-2-e,5,1816.965925,117,30,1,3,8,cyclic_2_1,block_8_1,cyclic_2_1,unroll_2,unroll_2,unroll_8,unroll_8,unroll_2,1,10.5,0.884168666015,False
workload_1503.cpp,xczu7ev-ffvc1156-2-e,5,857.427605,280,62,1,9,22,cyclic_2_1,block_8_1,cyclic_2_1,unroll_32,unroll_2,pipeline_1,unroll_2,unroll_2,1,23.5,0.635536326134,False
workload_1520.cpp,xczu7ev-ffvc1156-2-e,5,857.355605,97,62,1,3,8,cyclic_2_1,block_8_1,cyclic_2_1,unroll_4,unroll_2,pipeline_1,unroll_2,unroll_4,1,18.5,0.811599052656,False
workload_1443.cpp,xczu7ev-ffvc1156-2-e,5,857.355045,111,62,1,3,9,cyclic_2_1,block_8_1,cyclic_2_1,unroll_4,unroll_2,pipeline_1,unroll_8,unroll_2,1,18.75,0.802222280179,False
workload_1345.cpp,xczu7ev-ffvc1156-2-e,5,3321.588565,394,30,1,4,14,cyclic_2_1,block_8_1,cyclic_2_1,unroll_64,unroll_2,unroll_2,unroll_2,unroll_4,1,12.25,0.650850451689,False
workload_1436.cpp,xczu7ev-ffvc1156-2-e,5,2336.254805,677,30,1,4,18,cyclic_2_1,block_8_1,cyclic_2_1,unroll_64,unroll_2,unroll_4,unroll_2,unroll_4,1,13.25,0.76768052934,False
workload_1753.cpp,xczu7ev-ffvc1156-2-e,5,857.272805,113,62,1,3,9,cyclic_2_1,block_8_1,cyclic_4_1,unroll_2,unroll_2,pipeline_1,unroll_8,unroll_4,1,18.75,0.802221081983,False
workload_1359.cpp,xczu7ev-ffvc1156-2-e,5,941.158405,450,63,1,3,18,cyclic_2_1,block_8_1,cyclic_64_1,unroll_2,unroll_2,pipeline_1,unroll_8,unroll_8,1,21.25,0.712011831723,False
workload_1596.cpp,xczu7ev-ffvc1156-2-e,5,5806.798485,112,30,1,1,6,cyclic_2_1,cyclic_16_1,block_2_1,unroll_2,unroll_2,unroll_8,unroll_2,unroll_2,1,9.5,0.327809330134,False
workload_1736.cpp,xczu7ev-ffvc1156-2-e,5,5806.798165,121,30,1,2,7,cyclic_2_1,cyclic_16_1,block_2_1,unroll_2,unroll_2,unroll_8,unroll_2,unroll_4,1,10,0.327466098461,False
workload_1553.cpp,xczu7ev-ffvc1156-2-e,5,857.274005,80.5,61,1,2,5,cyclic_2_1,cyclic_2_1,block_2_1,unroll_2,unroll_2,pipeline_1,unroll_2,unroll_2,2,17.25,1,True
workload_1729.cpp,xczu7ev-ffvc1156-2-e,5,857.273685,86.5,61,1,2,6,cyclic_2_1,cyclic_2_1,block_2_1,unroll_2,unroll_2,pipeline_1,unroll_2,unroll_4,2,17.5,1,True
workload_1658.cpp,xczu7ev-ffvc1156-2-e,5,857.273125,100,61,1,2,7,cyclic_2_1,cyclic_2_1,block_2_1,unroll_2,unroll_2,pipeline_1,unroll_8,unroll_2,2,17.75,1,True
workload_1653.cpp,xczu7ev-ffvc1156-2-e,5,857.272805,107,61,1,3,8,cyclic_2_1,cyclic_2_1,block_2_1,unroll_2,unroll_2,pipeline_1,unroll_8,unroll_4,1,18.25,0.821033346196,False
workload_1777.cpp,xczu7ev-ffvc1156-2-e,5,1148.499605,117,29,1,2,6,cyclic_2_1,cyclic_2_1,block_2_1,unroll_2,unroll_2,unroll_16,unroll_2,unroll_2,1,9.5,1,True
workload_1806.cpp,xczu7ev-ffvc1156-2-e,5,1148.499285,125,29,1,3,7,cyclic_2_1,cyclic_2_1,block_2_1,unroll_2,unroll_2,unroll_16,unroll_2,unroll_4,1,10,0.984953394757,False
workload_1812.cpp,xczu7ev-ffvc1156-2-e,5,1148.498725,138,29,1,3,8,cyclic_2_1,cyclic_2_1,block_2_1,unroll_2,unroll_2,unroll_16,unroll_8,unroll_2,1,10.25,0.977229053221,False
workload_1698.cpp,xczu7ev-ffvc1156-2-e,5,3321.673365,76,29,1,1,4,cyclic_2_1,cyclic_2_1,block_2_1,unroll_2,unroll_2,unroll_2,unroll_2,unroll_2,1,8.75,0.671437637836,False
workload_1684.cpp,xczu7ev-ffvc1156-2-e,5,3321.673045,82,29,1,1,5,cyclic_2_1,cyclic_2_1,block_2_1,unroll_2,unroll_2,unroll_2,unroll_2,unroll_4,1,9,0.671597100394,False
workload_1741.cpp,xczu7ev-ffvc1156-2-e,5,3321.672165,103,29,1,2,7,cyclic_2_1,cyclic_2_1,block_2_1,unroll_2,unroll_2,unroll_2,unroll_8,unroll_4,1,9.75,0.67048764609,False
workload_1470.cpp,xczu7ev-ffvc1156-2-e,5,2063.382165,80,29,1,1,4,cyclic_2_1,cyclic_2_1,block_2_1,unroll_2,unroll_2,unroll_4,unroll_2,unroll_2,1,8.75,1,True
workload_1576.cpp,xczu7ev-ffvc1156-2-e,5,2063.381845,85,29,1,2,5,cyclic_2_1,cyclic_2_1,block_2_1,unroll_2,unroll_2,unroll_4,unroll_2,unroll_4,1,9.25,0.895098653347,False
workload_1704.cpp,xczu7ev-ffvc1156-2-e,5,2063.381285,101,29,1,2,6,cyclic_2_1,cyclic_2_1,block_2_1,unroll_2,unroll_2,unroll_4,unroll_8,unroll_2,1,9.5,0.890239367609,False
workload_1705.cpp,xczu7ev-ffvc1156-2-e,5,1449.965205,92,29,1,2,5,cyclic_2_1,cyclic_2_1,block_2_1,unroll_2,unroll_2,unroll_8,unroll_2,unroll_2,1,9.25,1,True
workload_1588.cpp,xczu7ev-ffvc1156-2-e,5,1449.964885,103,29,1,2,6,cyclic_2_1,cyclic_2_1,block_2_1,unroll_2,unroll_2,unroll_8,unroll_2,unroll_4,1,9.5,0.962984514084,False
workload_1621.cpp,xczu7ev-ffvc1156-2-e,5,1449.964325,110,29,1,2,7,cyclic_2_1,cyclic_2_1,block_2_1,unroll_2,unroll_2,unroll_8,unroll_8,unroll_2,1,9.75,0.957351545446,False
workload_1515.cpp,xczu7ev-ffvc1156-2-e,5,1449.964005,121,29,1,3,8,cyclic_2_1,cyclic_2_1,block_2_1,unroll_2,unroll_2,unroll_8,unroll_8,unroll_4,1,10.25,0.943777424767,False
workload_1752.cpp,xczu7ev-ffvc1156-2-e,5,1449.963525,143,29,1,3,8,cyclic_2_1,cyclic_2_1,block_2_1,unroll_2,unroll_2,unroll_8,unroll_8,unroll_8,1,10.25,0.943777469042,False
workload_1836.cpp,xczu7ev-ffvc1156-2-e,5,857.273965,95,61,1,3,7,cyclic_2_1,cyclic_2_1,block_2_1,unroll_2,unroll_4,pipeline_1,unroll_2,unroll_2,1,18,0.820966974383,False
workload_1402.cpp,xczu7ev-ffvc1156-2-e,5,857.427605,280,61,1,10,21,cyclic_2_1,cyclic_2_1,block_2_1,unroll_32,unroll_2,pipeline_1,unroll_2,unroll_2,1,23.25,0.643757952143,False
workload_1446.cpp,xczu7ev-ffvc1156-2-e,5,857.355925,91,61,1,2,6,cyclic_2_1,cyclic_2_1,block_2_1,unroll_4,unroll_2,pipeline_1,unroll_2,unroll_2,2,17.5,0.835178405371,False
workload_1659.cpp,xczu7ev-ffvc1156-2-e,5,857.354725,121,61,1,3,9,cyclic_2_1,cyclic_2_1,block_2_1,unroll_4,unroll_2,pipeline_1,unroll_8,unroll_4,1,18.5,0.811599039504,False
workload_1663.cpp,xczu7ev-ffvc1156-2-e,5,1457.788565,117,29,1,2,6,cyclic_2_1,cyclic_2_1,block_2_1,unroll_4,unroll_2,unroll_8,unroll_2,unroll_2,1,9.5,0.962106108651,False
workload_1649.cpp,xczu7ev-ffvc1156-2-e,5,1457.788245,132,29,1,2,7,cyclic_2_1,cyclic_2_1,block_2_1,unroll_4,unroll_2,unroll_8,unroll_2,unroll_4,1,9.75,0.956518093402,False
workload_1567.cpp,xczu7ev-ffvc1156-2-e,5,1457.787365,148,29,1,3,9,cyclic_2_1,cyclic_2_1,block_2_1,unroll_4,unroll_2,unroll_8,unroll_8,unroll_4,1,10.5,0.935373597992,False
workload_1680.cpp,xczu7ev-ffvc1156-2-e,5,857.427605,486,61,1,18,34,cyclic_2_1,cyclic_2_1,block_2_1,unroll_64,unroll_2,pipeline_1,unroll_2,unroll_2,1,28.5,0.484151877149,False
workload_1759.cpp,xczu7ev-ffvc1156-2-e,5,857.427285,492,61,1,18,35,cyclic_2_1,cyclic_2_1,block_2_1,unroll_64,unroll_2,pipeline_1,unroll_2,unroll_4,1,28.75,0.47723755747,False
workload_1723.cpp,xczu7ev-ffvc1156-2-e,5,857.426405,535.5,61,1,19,37,cyclic_2_1,cyclic_2_1,block_2_1,unroll_64,unroll_2,pipeline_1,unroll_8,unroll_4,2,29.5,0.456869905837,False
workload_1517.cpp,xczu7ev-ffvc1156-2-e,5,2063.297685,625,29,1,4,17,cyclic_2_1,cyclic_2_1,block_2_1,unroll_64,unroll_2,unroll_4,unroll_2,unroll_2,1,12.75,0.80701624882,False
workload_1717.cpp,xczu7ev-ffvc1156-2-e,5,1434.151765,1166,29,1,6,27,cyclic_2_1,cyclic_2_1,block_2_1,unroll_64,unroll_2,unroll_8,unroll_2,unroll_4,1,15.75,0.806043209672,False
workload_1645.cpp,xczu7ev-ffvc1156-2-e,5,1434.150885,1222,29,1,6,28,cyclic_2_1,cyclic_2_1,block_2_1,unroll_64,unroll_2,unroll_8,unroll_8,unroll_4,1,16,0.803473101061,False
workload_1740.cpp,xczu7ev-ffvc1156-2-e,5,857.274005,80,61,1,2,5,cyclic_2_1,cyclic_2_1,block_4_1,unroll_2,unroll_2,pipeline_1,unroll_2,unroll_2,1,17.25,1,True
workload_1665.cpp,xczu7ev-ffvc1156-2-e,5,857.273685,87,61,1,2,6,cyclic_2_1,cyclic_2_1,block_4_1,unroll_2,unroll_2,pipeline_1,unroll_2,unroll_4,1,17.5,1,True
workload_1731.cpp,xczu7ev-ffvc1156-2-e,5,857.273125,104,61,1,2,7,cyclic_2_1,cyclic_2_1,block_4_1,unroll_2,unroll_2,pipeline_1,unroll_8,unroll_2,1,17.75,1,True
workload_1770.cpp,xczu7ev-ffvc1156-2-e,5,3321.673365,75,30,1,1,4,cyclic_2_1,cyclic_2_1,block_4_1,unroll_2,unroll_2,unroll_2,unroll_2,unroll_2,1,9,0.671597046167,False
workload_1713.cpp,xczu7ev-ffvc1156-2-e,5,1449.964885,99,30,1,2,6,cyclic_2_1,cyclic_2_1,block_4_1,unroll_2,unroll_2,unroll_8,unroll_2,unroll_4,1,9.75,0.957351488067,False
workload_1781.cpp,xczu7ev-ffvc1156-2-e,5,1434.151205,1191,30,1,6,28,cyclic_2_1,cyclic_2_1,block_4_1,unroll_64,unroll_2,unroll_8,unroll_8,unroll_2,1,16.25,0.800584956994,False
workload_1833.cpp,xczu7ev-ffvc1156-2-e,5,941.160085,81,62,1,2,5,cyclic_2_1,cyclic_2_1,block_8_1,unroll_2,unroll_2,pipeline_1,unroll_2,unroll_2,1,17.5,0.828373630012,False
workload_1823.cpp,xczu7ev-ffvc1156-2-e,5,941.159765,89,62,1,2,6,cyclic_2_1,cyclic_2_1,block_8_1,unroll_2,unroll_2,pipeline_1,unroll_2,unroll_4,1,17.75,0.823630905266,False
workload_1778.cpp,xczu7ev-ffvc1156-2-e,5,941.313685,490,62,1,18,34,cyclic_2_1,cyclic_2_1,block_8_1,unroll_64,unroll_2,pipeline_1,unroll_2,unroll_2,1,28.75,0.477494846557,False
workload_1597.cpp,xczu7ev-ffvc1156-2-e,5,857.274005,80.5,61,1,2,5,cyclic_2_1,cyclic_2_1,cyclic_2_1,unroll_2,unroll_2,pipeline_1,unroll_2,unroll_2,2,17.25,1,True
workload_1787.cpp,xczu7ev-ffvc1156-2-e,5,857.273685,85,61,1,2,6,cyclic_2_1,cyclic_2_1,cyclic_2_1,unroll_2,unroll_2,pipeline_1,unroll_2,unroll_4,1,17.5,1,True
workload_1808.cpp,xczu7ev-ffvc1156-2-e,5,857.273205,97.5,61,1,3,7,cyclic_2_1,cyclic_2_1,cyclic_2_1,unroll_2,unroll_2,pipeline_1,unroll_2,unroll_8,2,18,0.820966962167,False
workload_1657.cpp,xczu7ev-ffvc1156-2-e,5,857.273365,92,61,1,3,7,cyclic_2_1,cyclic_2_1,cyclic_2_1,unroll_2,unroll_2,pipeline_1,unroll_4,unroll_4,1,18,0.820966964739,False
workload_1768.cpp,xczu7ev-ffvc1156-2-e,5,857.273125,97,61,1,3,7,cyclic_2_1,cyclic_2_1,cyclic_2_1,unroll_2,unroll_2,pipeline_1,unroll_8,unroll_2,1,18,0.820966960881,False
workload_1805.cpp,xczu7ev-ffvc1156-2-e,5,857.272805,107,61,1,3,8,cyclic_2_1,cyclic_2_1,cyclic_2_1,unroll_2,unroll_2,pipeline_1,unroll_8,unroll_4,1,18.25,0.821033346196,False
workload_1795.cpp,xczu7ev-ffvc1156-2-e,5,857.272325,123,61,1,3,8,cyclic_2_1,cyclic_2_1,cyclic_2_1,unroll_2,unroll_2,pipeline_1,unroll_8,unroll_8,1,18.25,1,True
workload_1738.cpp,xczu7ev-ffvc1156-2-e,5,1148.499605,115,29,1,2,6,cyclic_2_1,cyclic_2_1,cyclic_2_1,unroll_2,unroll_2,unroll_16,unroll_2,unroll_2,1,9.5,1,True
workload_1782.cpp,xczu7ev-ffvc1156-2-e,5,2063.382165,78,29,1,1,4,cyclic_2_1,cyclic_2_1,cyclic_2_1,unroll_2,unroll_2,unroll_4,unroll_2,unroll_2,1,8.75,1,True
workload_1814.cpp,xczu7ev-ffvc1156-2-e,5,2063.381285,97,29,1,2,6,cyclic_2_1,cyclic_2_1,cyclic_2_1,unroll_2,unroll_2,unroll_4,unroll_8,unroll_2,1,9.5,0.890239367609,False
workload_1627.cpp,xczu7ev-ffvc1156-2-e,5,1449.965205,92,29,1,2,5,cyclic_2_1,cyclic_2_1,cyclic_2_1,unroll_2,unroll_2,unroll_8,unroll_2,unroll_2,1,9.25,1,True
workload_1751.cpp,xczu7ev-ffvc1156-2-e,5,1449.964885,100,29,1,2,6,cyclic_2_1,cyclic_2_1,cyclic_2_1,unroll_2,unroll_2,unroll_8,unroll_2,unroll_4,1,9.5,0.962984514084,False
workload_1766.cpp,xczu7ev-ffvc1156-2-e,5,1449.964405,109,29,1,2,7,cyclic_2_1,cyclic_2_1,cyclic_2_1,unroll_2,unroll_2,unroll_8,unroll_2,unroll_8,1,9.75,0.957351537249,False
workload_1718.cpp,xczu7ev-ffvc1156-2-e,5,1449.964565,104,29,1,2,7,cyclic_2_1,cyclic_2_1,cyclic_2_1,unroll_2,unroll_2,unroll_8,unroll_4,unroll_4,1,9.75,0.957351520855,False
workload_1696.cpp,xczu7ev-ffvc1156-2-e,5,1449.964325,114,29,1,2,7,cyclic_2_1,cyclic_2_1,cyclic_2_1,unroll_2,unroll_2,unroll_8,unroll_8,unroll_2,1,9.75,0.957351545446,False
workload_1813.cpp,xczu7ev-ffvc1156-2-e,5,1449.964005,121,29,1,3,7,cyclic_2_1,cyclic_2_1,cyclic_2_1,unroll_2,unroll_2,unroll_8,unroll_8,unroll_4,1,10,0.950916924335,False
workload_1799.cpp,xczu7ev-ffvc1156-2-e,5,1449.963525,134,29,1,3,8,cyclic_2_1,cyclic_2_1,cyclic_2_1,unroll_2,unroll_2,unroll_8,unroll_8,unroll_8,1,10.25,0.943777469042,False
workload_1675.cpp,xczu7ev-ffvc1156-2-e,5,2063.382125,92,29,1,2,6,cyclic_2_1,cyclic_2_1,cyclic_2_1,unroll_2,unroll_4,unroll_4,unroll_2,unroll_2,1,9.5,0.890239283847,False
workload_1687.cpp,xczu7ev-ffvc1156-2-e,5,857.274005,77,61,1,2,5,cyclic_2_1,cyclic_2_1,cyclic_4_1,unroll_2,unroll_2,pipeline_1,unroll_2,unroll_2,1,17.25,1,True
workload_1776.cpp,xczu7ev-ffvc1156-2-e,5,857.273125,102,61,1,2,7,cyclic_2_1,cyclic_2_1,cyclic_4_1,unroll_2,unroll_2,pipeline_1,unroll_8,unroll_2,2,17.75,1,True
workload_1785.cpp,xczu7ev-ffvc1156-2-e,5,3321.673365,75,30,1,1,4,cyclic_2_1,cyclic_2_1,cyclic_4_1,unroll_2,unroll_2,unroll_2,unroll_2,unroll_2,1,9,0.671597046167,False
workload_1754.cpp,xczu7ev-ffvc1156-2-e,5,1449.964885,102,30,1,2,6,cyclic_2_1,cyclic_2_1,cyclic_4_1,unroll_2,unroll_2,unroll_8,unroll_2,unroll_4,1,9.75,0.957351488067,False
workload_1538.cpp,xczu7ev-ffvc1156-2-e,5,1446.616405,309,30,1,4,14,cyclic_2_1,cyclic_4_1,block_2_1,unroll_16,unroll_2,unroll_8,unroll_2,unroll_4,1,12.25,0.898198772834,False
workload_1479.cpp,xczu7ev-ffvc1156-2-e,5,1446.615845,324,30,1,5,15,cyclic_2_1,cyclic_4_1,block_2_1,unroll_16,unroll_2,unroll_8,unroll_8,unroll_2,1,12.75,0.885309258942,False
workload_1460.cpp,xczu7ev-ffvc1156-2-e,5,1446.615525,333,30,1,5,16,cyclic_2_1,cyclic_4_1,block_2_1,unroll_16,unroll_2,unroll_8,unroll_8,unroll_4,1,13,0.878065377796,False
workload_1721.cpp,xczu7ev-ffvc1156-2-e,5,857.274005,79,61,1,2,5,cyclic_2_1,cyclic_4_1,block_2_1,unroll_2,unroll_2,pipeline_1,unroll_2,unroll_2,1,17.25,1,True
workload_1830.cpp,xczu7ev-ffvc1156-2-e,5,857.273125,98,61,1,3,7,cyclic_2_1,cyclic_4_1,block_2_1,unroll_2,unroll_2,pipeline_1,unroll_8,unroll_2,1,18,0.820966960881,False
workload_1815.cpp,xczu7ev-ffvc1156-2-e,5,1143.256405,125,30,1,3,7,cyclic_2_1,cyclic_4_1,block_2_1,unroll_2,unroll_2,unroll_16,unroll_2,unroll_4,1,10.25,0.977559650234,False
workload_1786.cpp,xczu7ev-ffvc1156-2-e,5,1143.255845,138,30,1,3,8,cyclic_2_1,cyclic_4_1,block_2_1,unroll_2,unroll_2,unroll_16,unroll_8,unroll_2,1,10.5,0.967655033033,False
workload_1607.cpp,xczu7ev-ffvc1156-2-e,5,5838.255765,77,30,1,1,4,cyclic_2_1,cyclic_4_1,block_2_1,unroll_2,unroll_2,unroll_2,unroll_2,unroll_2,1,9,0.324538868389,False
workload_1510.cpp,xczu7ev-ffvc1156-2-e,5,2063.382165,77,30,1,1,4,cyclic_2_1,cyclic_4_1,block_2_1,unroll_2,unroll_2,unroll_4,unroll_2,unroll_2,1,9,0.899699891964,False
workload_1549.cpp,xczu7ev-ffvc1156-2-e,5,2063.381845,88,30,1,2,5,cyclic_2_1,cyclic_4_1,block_2_1,unroll_2,unroll_2,unroll_4,unroll_2,unroll_4,1,9.5,0.890239311768,False
workload_1557.cpp,xczu7ev-ffvc1156-2-e,5,2063.381285,102,30,1,2,6,cyclic_2_1,cyclic_4_1,block_2_1,unroll_2,unroll_2,unroll_4,unroll_8,unroll_2,1,9.75,0.885123243419,False
workload_1634.cpp,xczu7ev-ffvc1156-2-e,5,1439.479445,92,30,1,2,5,cyclic_2_1,cyclic_4_1,block_2_1,unroll_2,unroll_2,unroll_8,unroll_2,unroll_2,1,9.5,0.963964136601,False
workload_1716.cpp,xczu7ev-ffvc1156-2-e,5,1439.479125,102,30,1,2,6,cyclic_2_1,cyclic_4_1,block_2_1,unroll_2,unroll_2,unroll_8,unroll_2,unroll_4,1,9.75,0.958368755141,False
workload_1820.cpp,xczu7ev-ffvc1156-2-e,5,1439.478565,115,30,1,3,7,cyclic_2_1,cyclic_4_1,block_2_1,unroll_2,unroll_2,unroll_8,unroll_8,unroll_2,1,10.25,0.94471314528,False
workload_1508.cpp,xczu7ev-ffvc1156-2-e,5,1439.478245,122,30,1,3,8,cyclic_2_1,cyclic_4_1,block_2_1,unroll_2,unroll_2,unroll_8,unroll_8,unroll_4,1,10.5,0.936926024566,False
workload_1380.cpp,xczu7ev-ffvc1156-2-e,5,857.427605,274,61,1,9,21,cyclic_2_1,cyclic_4_1,block_2_1,unroll_32,unroll_2,pipeline_1,unroll_2,unroll_2,1,23,0.652041373426,False
workload_1563.cpp,xczu7ev-ffvc1156-2-e,5,857.427285,289,61,1,9,22,cyclic_2_1,cyclic_4_1,block_2_1,unroll_32,unroll_2,pipeline_1,unroll_2,unroll_4,1,23.25,0.643757949362,False
workload_1559.cpp,xczu7ev-ffvc1156-2-e,5,857.425925,337,61,1,10,24,cyclic_2_1,cyclic_4_1,block_2_1,unroll_32,unroll_2,pipeline_1,unroll_8,unroll_8,1,24,0.619278687585,False
workload_1518.cpp,xczu7ev-ffvc1156-2-e,5,1449.232725,622,30,1,7,22,cyclic_2_1,cyclic_4_1,block_2_1,unroll_32,unroll_2,unroll_8,unroll_2,unroll_4,1,15,0.811207257393,False
workload_1484.cpp,xczu7ev-ffvc1156-2-e,5,857.427245,316,61,1,11,25,cyclic_2_1,cyclic_4_1,block_2_1,unroll_32,unroll_4,pipeline_1,unroll_2,unroll_4,1,24.5,0.603268938284,False
workload_1577.cpp,xczu7ev-ffvc1156-2-e,5,857.355045,111,61,1,3,8,cyclic_2_1,cyclic_4_1,block_2_1,unroll_4,unroll_2,pipeline_1,unroll_8,unroll_2,1,18.25,0.821026798002,False
workload_1610.cpp,xczu7ev-ffvc1156-2-e,5,2063.340885,100,30,1,2,6,cyclic_2_1,cyclic_4_1,block_2_1,unroll_4,unroll_2,unroll_4,unroll_2,unroll_4,1,9.75,0.885127252486,False
workload_1556.cpp,xczu7ev-ffvc1156-2-e,5,2063.340325,116,30,1,2,7,cyclic_2_1,cyclic_4_1,block_2_1,unroll_4,unroll_2,unroll_4,unroll_8,unroll_2,1,10,0.879758226425,False
workload_1660.cpp,xczu7ev-ffvc1156-2-e,5,2063.340005,125,30,1,2,8,cyclic_2_1,cyclic_4_1,block_2_1,unroll_4,unroll_2,unroll_4,unroll_8,unroll_4,1,10.25,0.874142569115,False
workload_1562.cpp,xczu7ev-ffvc1156-2-e,5,1444.681365,119,30,1,2,7,cyclic_2_1,cyclic_4_1,block_2_1,unroll_4,unroll_2,unroll_8,unroll_2,unroll_2,1,10,0.951425711395,False
workload_1676.cpp,xczu7ev-ffvc1156-2-e,5,1444.680565,139,30,1,3,9,cyclic_2_1,cyclic_4_1,block_2_1,unroll_4,unroll_2,unroll_8,unroll_2,unroll_8,1,10.75,0.928289902125,False
workload_1677.cpp,xczu7ev-ffvc1156-2-e,5,1444.680165,148,30,1,3,9,cyclic_2_1,cyclic_4_1,block_2_1,unroll_4,unroll_2,unroll_8,unroll_8,unroll_4,1,10.75,0.928289932605,False
workload_1528.cpp,xczu7ev-ffvc1156-2-e,5,1444.681325,134,30,1,3,9,cyclic_2_1,cyclic_4_1,block_2_1,unroll_4,unroll_4,unroll_8,unroll_2,unroll_2,1,10.75,0.928289844213,False
workload_1532.cpp,xczu7ev-ffvc1156-2-e,5,2063.297685,632,30,1,4,17,cyclic_2_1,cyclic_4_1,block_2_1,unroll_64,unroll_2,unroll_4,unroll_2,unroll_2,1,13,0.799516279715,False
workload_1506.cpp,xczu7ev-ffvc1156-2-e,5,2063.297365,643,30,1,5,18,cyclic_2_1,cyclic_4_1,block_2_1,unroll_64,unroll_2,unroll_4,unroll_2,unroll_4,1,13.5,0.784264682184,False
workload_1715.cpp,xczu7ev-ffvc1156-2-e,5,1434.151765,1214,30,1,6,27,cyclic_2_1,cyclic_4_1,block_2_1,unroll_64,unroll_2,unroll_8,unroll_2,unroll_4,1,16,0.80347300734,False
workload_1583.cpp,xczu7ev-ffvc1156-2-e,5,1434.150885,1236,30,1,7,28,cyclic_2_1,cyclic_4_1,block_2_1,unroll_64,unroll_2,unroll_8,unroll_8,unroll_4,1,16.5,0.797353100563,False
workload_1603.cpp,xczu7ev-ffvc1156-2-e,5,2063.296485,741,30,1,7,23,cyclic_2_1,cyclic_4_1,block_2_1,unroll_64,unroll_4,unroll_4,unroll_8,unroll_4,1,15.25,0.739207969323,False
workload_1804.cpp,xczu7ev-ffvc1156-2-e,5,857.274005,79,62,1,2,5,cyclic_2_1,cyclic_4_1,block_4_1,unroll_2,unroll_2,pipeline_1,unroll_2,unroll_2,1,17.5,0.835184874325,False
workload_1784.cpp,xczu7ev-ffvc1156-2-e,5,1143.255845,138,30,1,3,8,cyclic_2_1,cyclic_4_1,block_4_1,unroll_2,unroll_2,unroll_16,unroll_8,unroll_2,1,10.5,0.967655033033,False
workload_1592.cpp,xczu7ev-ffvc1156-2-e,5,2063.381285,106,30,1,2,6,cyclic_2_1,cyclic_4_1,block_4_1,unroll_2,unroll_2,unroll_4,unroll_8,unroll_2,1,9.75,0.885123243419,False
workload_1587.cpp,xczu7ev-ffvc1156-2-e,5,2063.296805,658,30,1,5,19,cyclic_2_1,cyclic_4_1,block_4_1,unroll_64,unroll_2,unroll_4,unroll_8,unroll_2,1,13.75,0.776535945833,False
workload_1488.cpp,xczu7ev-ffvc1156-2-e,5,5922.140645,113,31,1,2,7,cyclic_2_1,cyclic_4_1,block_8_1,unroll_2,unroll_2,unroll_2,unroll_8,unroll_4,1,10.25,0.315053130346,False
workload_1513.cpp,xczu7ev-ffvc1156-2-e,5,1523.364325,147,31,1,3,11,cyclic_2_1,cyclic_4_1,cyclic_16_1,unroll_2,unroll_2,unroll_8,unroll_8,unroll_4,1,11.5,0.899400650747,False
workload_1816.cpp,xczu7ev-ffvc1156-2-e,5,857.273205,98,61,1,3,7,cyclic_2_1,cyclic_4_1,cyclic_2_1,unroll_2,unroll_2,pipeline_1,unroll_2,unroll_8,1,18,0.820966962167,False
workload_1670.cpp,xczu7ev-ffvc1156-2-e,5,857.273125,97,61,1,2,7,cyclic_2_1,cyclic_4_1,cyclic_2_1,unroll_2,unroll_2,pipeline_1,unroll_8,unroll_2,1,17.75,1,True
workload_1789.cpp,xczu7ev-ffvc1156-2-e,5,857.272325,121,61,1,3,8,cyclic_2_1,cyclic_4_1,cyclic_2_1,unroll_2,unroll_2,pipeline_1,unroll_8,unroll_8,1,18.25,1,True
workload_1757.cpp,xczu7ev-ffvc1156-2-e,5,1143.256725,114,30,1,2,6,cyclic_2_1,cyclic_4_1,cyclic_2_1,unroll_2,unroll_2,unroll_16,unroll_2,unroll_2,1,9.75,1,True
workload_1767.cpp,xczu7ev-ffvc1156-2-e,5,1143.255845,136,30,1,3,8,cyclic_2_1,cyclic_4_1,cyclic_2_1,unroll_2,unroll_2,unroll_16,unroll_8,unroll_2,1,10.5,0.967655033033,False
workload_1712.cpp,xczu7ev-ffvc1156-2-e,5,5838.254885,93,30,1,2,6,cyclic_2_1,cyclic_4_1,cyclic_2_1,unroll_2,unroll_2,unroll_2,unroll_8,unroll_2,1,9.75,0.324317484242,False
workload_1609.cpp,xczu7ev-ffvc1156-2-e,5,2063.381285,98,30,1,2,6,cyclic_2_1,cyclic_4_1,cyclic_2_1,unroll_2,unroll_2,unroll_4,unroll_8,unroll_2,1,9.75,0.885123243419,False
workload_1802.cpp,xczu7ev-ffvc1156-2-e,5,1439.479445,90,30,1,2,5,cyclic_2_1,cyclic_4_1,cyclic_2_1,unroll_2,unroll_2,unroll_8,unroll_2,unroll_2,1,9.5,0.963964136601,False
workload_1564.cpp,xczu7ev-ffvc1156-2-e,5,1439.478565,112,30,1,2,7,cyclic_2_1,cyclic_4_1,cyclic_2_1,unroll_2,unroll_2,unroll_8,unroll_8,unroll_2,1,10,0.951907254133,False
workload_1586.cpp,xczu7ev-ffvc1156-2-e,5,1439.478565,153,30,1,3,9,cyclic_2_1,cyclic_4_1,cyclic_2_1,unroll_2,unroll_4,unroll_8,unroll_8,unroll_2,1,10.75,0.928680245647,False
workload_1637.cpp,xczu7ev-ffvc1156-2-e,5,857.355045,109,61,1,3,8,cyclic_2_1,cyclic_4_1,cyclic_2_1,unroll_4,unroll_2,pipeline_1,unroll_8,unroll_2,1,18.25,0.821026798002,False
workload_1672.cpp,xczu7ev-ffvc1156-2-e,5,1447.301925,136,30,1,3,8,cyclic_2_1,cyclic_4_1,cyclic_2_1,unroll_4,unroll_2,unroll_8,unroll_8,unroll_2,1,10.5,0.936282896916,False
workload_1793.cpp,xczu7ev-ffvc1156-2-e,5,857.427605,492,61,1,18,36,cyclic_2_1,cyclic_4_1,cyclic_2_1,unroll_64,unroll_2,pipeline_1,unroll_2,unroll_2,1,29,0.470385781456,False
workload_1708.cpp,xczu7ev-ffvc1156-2-e,5,857.426725,522,61,1,18,38,cyclic_2_1,cyclic_4_1,cyclic_2_1,unroll_64,unroll_2,pipeline_1,unroll_8,unroll_2,1,29.5,0.456869907391,False
workload_1364.cpp,xczu7ev-ffvc1156-2-e,5,5838.170965,568,30,1,4,14,cyclic_2_1,cyclic_4_1,cyclic_2_1,unroll_64,unroll_2,unroll_2,unroll_2,unroll_4,1,12.25,0.319516639102,False
workload_1615.cpp,xczu7ev-ffvc1156-2-e,5,1434.151205,1203,30,1,6,27,cyclic_2_1,cyclic_4_1,cyclic_2_1,unroll_64,unroll_2,unroll_8,unroll_8,unroll_2,1,16,0.803473066981,False
workload_1746.cpp,xczu7ev-ffvc1156-2-e,5,857.273125,99,62,1,3,7,cyclic_2_1,cyclic_4_1,cyclic_4_1,unroll_2,unroll_2,pipeline_1,unroll_8,unroll_2,1,18.25,0.821033320717,False
workload_1630.cpp,xczu7ev-ffvc1156-2-e,5,857.273125,100,62,1,3,8,cyclic_2_1,cyclic_8_1,block_2_1,unroll_2,unroll_2,pipeline_1,unroll_8,unroll_2,1,18.5,0.811597813437,False
workload_1674.cpp,xczu7ev-ffvc1156-2-e,5,857.272805,110,62,1,3,8,cyclic_2_1,cyclic_8_1,block_2_1,unroll_2,unroll_2,pipeline_1,unroll_8,unroll_4,1,18.5,0.811597808603,False
workload_1519.cpp,xczu7ev-ffvc1156-2-e,5,1439.478565,115,30,1,3,8,cyclic_2_1,cyclic_8_1,block_2_1,unroll_2,unroll_2,unroll_8,unroll_8,unroll_2,1,10.5,0.936925998883,False
workload_1685.cpp,xczu7ev-ffvc1156-2-e,5,1439.478245,123,30,1,3,9,cyclic_2_1,cyclic_8_1,block_2_1,unroll_2,unroll_2,unroll_8,unroll_8,unroll_4,1,10.75,0.928680269286,False
workload_1599.cpp,xczu7ev-ffvc1156-2-e,5,1439.478565,164,30,1,4,10,cyclic_2_1,cyclic_8_1,block_2_1,unroll_2,unroll_4,unroll_8,unroll_8,unroll_2,1,11.25,0.917697104529,False
workload_1617.cpp,xczu7ev-ffvc1156-2-e,5,857.355045,113,62,1,3,9,cyclic_2_1,cyclic_8_1,block_2_1,unroll_4,unroll_2,pipeline_1,unroll_8,unroll_2,1,18.75,0.802222280179,False
workload_1644.cpp,xczu7ev-ffvc1156-2-e,5,1447.301925,143,30,1,3,9,cyclic_2_1,cyclic_8_1,block_2_1,unroll_4,unroll_2,unroll_8,unroll_8,unroll_2,1,10.75,0.928088622761,False
workload_1433.cpp,xczu7ev-ffvc1156-2-e,5,3321.588005,430,30,1,4,16,cyclic_2_1,cyclic_8_1,block_2_1,unroll_64,unroll_2,unroll_2,unroll_8,unroll_2,1,12.75,0.6443878974,False
workload_1683.cpp,xczu7ev-ffvc1156-2-e,5,1434.151205,1241,30,1,6,28,cyclic_2_1,cyclic_8_1,block_2_1,unroll_64,unroll_2,unroll_8,unroll_8,unroll_2,1,16.25,0.800584956994,False
workload_1625.cpp,xczu7ev-ffvc1156-2-e,5,1444.680485,143,31,1,3,9,cyclic_2_1,cyclic_8_1,block_4_1,unroll_4,unroll_2,unroll_8,unroll_8,unroll_2,1,11,0.920961175168,False
workload_1593.cpp,xczu7ev-ffvc1156-2-e,5,1523.364325,139,31,1,3,9,cyclic_2_1,cyclic_8_1,block_8_1,unroll_2,unroll_2,unroll_8,unroll_8,unroll_4,1,11,0.913033031234,False
workload_1551.cpp,xczu7ev-ffvc1156-2-e,5,857.273125,100,62,1,3,8,cyclic_2_1,cyclic_8_1,cyclic_2_1,unroll_2,unroll_2,pipeline_1,unroll_8,unroll_2,1,18.5,0.811597813437,False
workload_1626.cpp,xczu7ev-ffvc1156-2-e,5,1447.301125,164,30,1,3,10,cyclic_2_1,cyclic_8_1,cyclic_2_1,unroll_4,unroll_2,unroll_8,unroll_8,unroll_8,1,11,0.920507384832,False
workload_1688.cpp,xczu7ev-ffvc1156-2-e,5,1604.630165,140,39,1,2,15,cyclic_32_1,cyclic_2_1,block_2_1,unroll_2,unroll_2,unroll_8,unroll_2,unroll_2,1,14.25,0.822083961658,False
workload_1222.cpp,xczu7ev-ffvc1156-2-e,5,6076.735085,1559,41,1,6,75,cyclic_32_1,cyclic_64_1,cyclic_64_1,unroll_16,unroll_4,unroll_4,unroll_2,unroll_2,1,30.75,0.167081776911,False
workload_1571.cpp,xczu7ev-ffvc1156-2-e,5,5827.770005,155,41,1,1,13,cyclic_4_1,block_128_1,block_2_1,unroll_2,unroll_2,unroll_4,unroll_2,unroll_2,1,14,0.313655070336,False
workload_1727.cpp,xczu7ev-ffvc1156-2-e,5,5812.040165,480,41,1,2,26,cyclic_4_1,block_128_1,block_2_1,unroll_2,unroll_2,unroll_8,unroll_8,unroll_4,1,17.5,0.293682289116,False
workload_1821.cpp,xczu7ev-ffvc1156-2-e,5,5812.041045,460,41,1,2,17,cyclic_4_1,block_128_1,cyclic_2_1,unroll_2,unroll_2,unroll_8,unroll_2,unroll_4,1,15.25,0.308608502999,False
workload_1210.cpp,xczu7ev-ffvc1156-2-e,5,941.312485,1559,77,1,12,79,cyclic_4_1,block_128_1,cyclic_8_1,unroll_32,unroll_4,pipeline_1,unroll_8,unroll_4,1,42.25,0.197081507028,False
workload_1495.cpp,xczu7ev-ffvc1156-2-e,5,2734.469125,141,31,1,3,10,cyclic_4_1,block_16_1,block_2_1,unroll_2,unroll_2,unroll_4,unroll_8,unroll_8,1,11.25,0.757145078333,False
workload_1282.cpp,xczu7ev-ffvc1156-2-e,5,857.427285,284,66,1,9,24,cyclic_4_1,block_16_1,block_2_1,unroll_32,unroll_2,pipeline_1,unroll_2,unroll_4,1,25,0.587507429745,False
workload_1388.cpp,xczu7ev-ffvc1156-2-e,5,2713.456645,156,31,1,3,11,cyclic_4_1,block_16_1,block_2_1,unroll_4,unroll_2,unroll_4,unroll_8,unroll_8,1,11.5,0.756615249548,False
workload_1491.cpp,xczu7ev-ffvc1156-2-e,5,5817.242405,135,30,1,2,8,cyclic_4_1,block_2_1,block_2_1,unroll_4,unroll_2,unroll_4,unroll_8,unroll_2,1,10.25,0.326084783132,False
workload_1416.cpp,xczu7ev-ffvc1156-2-e,5,941.159205,233,66,1,2,14,cyclic_4_1,block_2_1,cyclic_64_1,unroll_2,unroll_2,pipeline_1,unroll_8,unroll_2,1,20.75,0.729558359154,False
workload_1418.cpp,xczu7ev-ffvc1156-2-e,5,4629.699365,223,31,1,3,16,cyclic_4_1,block_32_1,block_2_1,unroll_16,unroll_2,unroll_2,unroll_8,unroll_2,1,12.75,0.459143006663,False
workload_1546.cpp,xczu7ev-ffvc1156-2-e,5,1753.324885,377,31,1,5,18,cyclic_4_1,block_32_1,block_2_1,unroll_16,unroll_2,unroll_8,unroll_4,unroll_2,1,13.75,0.817827198864,False
workload_1457.cpp,xczu7ev-ffvc1156-2-e,5,2703.012645,114,31,1,2,11,cyclic_4_1,block_32_1,block_2_1,unroll_2,unroll_2,unroll_4,unroll_8,unroll_2,1,11.25,0.762220233879,False
workload_1316.cpp,xczu7ev-ffvc1156-2-e,5,4703.094565,400,31,1,5,22,cyclic_4_1,block_32_1,block_2_1,unroll_32,unroll_2,unroll_2,unroll_8,unroll_2,1,14.75,0.434258165065,False
workload_1511.cpp,xczu7ev-ffvc1156-2-e,5,2713.457525,136,31,1,2,12,cyclic_4_1,block_32_1,block_2_1,unroll_4,unroll_2,unroll_4,unroll_2,unroll_8,1,11.5,0.756615111001,False
workload_1300.cpp,xczu7ev-ffvc1156-2-e,5,4674.273285,193,31,1,3,15,cyclic_4_1,block_32_1,block_2_1,unroll_8,unroll_2,unroll_2,unroll_8,unroll_8,1,12.5,0.454891386987,False
workload_1239.cpp,xczu7ev-ffvc1156-2-e,5,941.158405,319,67,1,3,18,cyclic_4_1,block_32_1,block_32_1,unroll_2,unroll_2,pipeline_1,unroll_8,unroll_8,1,22.25,0.67758181195,False
workload_1368.cpp,xczu7ev-ffvc1156-2-e,5,2786.897925,346,32,1,3,18,cyclic_4_1,block_32_1,block_32_1,unroll_2,unroll_2,unroll_4,unroll_8,unroll_8,1,13.5,0.707492552753,False
workload_1404.cpp,xczu7ev-ffvc1156-2-e,5,2995.225605,942,32,1,6,40,cyclic_4_1,block_32_1,block_32_1,unroll_32,unroll_2,unroll_4,unroll_8,unroll_8,1,19.75,0.552669260149,False
workload_1115.cpp,xczu7ev-ffvc1156-2-e,5,941.241965,418,77,1,3,26,cyclic_4_1,block_32_1,cyclic_128_1,unroll_4,unroll_4,pipeline_1,unroll_2,unroll_2,1,26.75,0.534594647201,False
workload_1372.cpp,xczu7ev-ffvc1156-2-e,5,3406.784805,598,32,1,8,45,cyclic_4_1,block_32_1,cyclic_16_1,unroll_64,unroll_2,unroll_2,unroll_8,unroll_2,1,21.5,0.479748961072,False
workload_1485.cpp,xczu7ev-ffvc1156-2-e,5,2703.013525,89,31,1,1,7,cyclic_4_1,block_32_1,cyclic_2_1,unroll_2,unroll_2,unroll_4,unroll_2,unroll_2,1,10,0.776993681323,False
workload_1226.cpp,xczu7ev-ffvc1156-2-e,5,941.312845,1335,67,1,11,56,cyclic_4_1,block_32_1,cyclic_64_1,unroll_32,unroll_4,pipeline_1,unroll_2,unroll_8,1,33.75,0.35228054254,False
workload_1612.cpp,xczu7ev-ffvc1156-2-e,5,857.274005,77,65,1,2,5,cyclic_4_1,block_4_1,block_2_1,unroll_2,unroll_2,pipeline_1,unroll_2,unroll_2,2,18.25,0.821033250651,False
workload_1487.cpp,xczu7ev-ffvc1156-2-e,5,4684.821285,98,31,1,2,6,cyclic_4_1,block_4_1,block_2_1,unroll_2,unroll_2,unroll_2,unroll_8,unroll_2,1,10,0.463091048587,False
workload_1302.cpp,xczu7ev-ffvc1156-2-e,5,2723.984165,106,31,1,2,7,cyclic_4_1,block_4_1,block_2_1,unroll_2,unroll_2,unroll_4,unroll_8,unroll_2,1,10.25,0.771129064196,False
workload_1707.cpp,xczu7ev-ffvc1156-2-e,5,2723.983845,115,31,1,2,8,cyclic_4_1,block_4_1,block_2_1,unroll_2,unroll_2,unroll_4,unroll_8,unroll_4,1,10.5,0.76859475609,False
workload_1370.cpp,xczu7ev-ffvc1156-2-e,5,857.427605,278,65,1,10,21,cyclic_4_1,block_4_1,block_2_1,unroll_32,unroll_2,pipeline_1,unroll_2,unroll_2,1,24.25,0.611242812618,False
workload_1681.cpp,xczu7ev-ffvc1156-2-e,5,857.355045,112,65,1,3,8,cyclic_4_1,block_4_1,block_2_1,unroll_4,unroll_2,pipeline_1,unroll_8,unroll_2,1,19.25,0.78364656112,False
workload_1444.cpp,xczu7ev-ffvc1156-2-e,5,2723.943285,120,31,1,2,8,cyclic_4_1,block_4_1,block_2_1,unroll_4,unroll_2,unroll_4,unroll_2,unroll_8,1,10.5,0.768601733608,False
workload_1419.cpp,xczu7ev-ffvc1156-2-e,5,2723.943205,122,31,1,2,8,cyclic_4_1,block_4_1,block_2_1,unroll_4,unroll_2,unroll_4,unroll_8,unroll_2,1,10.5,0.76860174737,False
workload_1582.cpp,xczu7ev-ffvc1156-2-e,5,1609.623845,1336,31,1,6,27,cyclic_4_1,block_4_1,block_2_1,unroll_64,unroll_2,unroll_8,unroll_8,unroll_2,1,16.25,0.780582903282,False
workload_1699.cpp,xczu7ev-ffvc1156-2-e,5,941.160085,81,66,1,2,5,cyclic_4_1,block_4_1,block_8_1,unroll_2,unroll_2,pipeline_1,unroll_2,unroll_2,1,18.5,0.808181485436,False
workload_1430.cpp,xczu7ev-ffvc1156-2-e,5,941.159205,115,66,1,2,9,cyclic_4_1,block_4_1,cyclic_16_1,unroll_2,unroll_2,pipeline_1,unroll_8,unroll_2,1,19.5,0.77414087185,False
workload_1461.cpp,xczu7ev-ffvc1156-2-e,5,2807.830165,103,32,1,1,7,cyclic_4_1,block_4_1,cyclic_16_1,unroll_4,unroll_2,unroll_4,unroll_2,unroll_2,1,10.25,0.756454377515,False
workload_1366.cpp,xczu7ev-ffvc1156-2-e,5,2264.164645,760,32,1,7,34,cyclic_4_1,block_4_1,cyclic_16_1,unroll_64,unroll_2,unroll_4,unroll_8,unroll_2,1,18.5,0.663867320927,False
workload_1466.cpp,xczu7ev-ffvc1156-2-e,5,857.417365,164,65,1,5,12,cyclic_4_1,block_4_1,cyclic_2_1,unroll_16,unroll_2,pipeline_1,unroll_2,unroll_2,1,20.75,0.729360061263,False
workload_1817.cpp,xczu7ev-ffvc1156-2-e,5,1785.509525,93,31,1,2,5,cyclic_4_1,block_4_1,cyclic_2_1,unroll_2,unroll_2,unroll_8,unroll_2,unroll_2,1,9.75,0.89859383383,False
workload_1454.cpp,xczu7ev-ffvc1156-2-e,5,2723.944085,98,31,1,1,5,cyclic_4_1,block_4_1,cyclic_2_1,unroll_4,unroll_2,unroll_4,unroll_2,unroll_2,1,9.5,0.77622655763,False
workload_1507.cpp,xczu7ev-ffvc1156-2-e,5,2723.943205,119,31,1,2,8,cyclic_4_1,block_4_1,cyclic_2_1,unroll_4,unroll_2,unroll_4,unroll_8,unroll_2,1,10.5,0.76860174737,False
workload_1314.cpp,xczu7ev-ffvc1156-2-e,5,941.160085,108,66,1,2,9,cyclic_4_1,block_4_1,cyclic_64_1,unroll_2,unroll_2,pipeline_1,unroll_2,unroll_2,1,19.5,0.774140854432,False
workload_1289.cpp,xczu7ev-ffvc1156-2-e,5,3347.846765,149,41,1,2,15,cyclic_4_1,block_64_1,block_2_1,unroll_4,unroll_4,unroll_4,unroll_2,unroll_2,1,14.75,0.608898994787,False
workload_1244.cpp,xczu7ev-ffvc1156-2-e,5,3431.732845,444,73,1,2,33,cyclic_4_1,block_64_1,cyclic_128_1,unroll_4,unroll_4,unroll_4,unroll_2,unroll_2,1,27.25,0.38693189797,False
workload_1442.cpp,xczu7ev-ffvc1156-2-e,5,941.159205,125,67,1,2,9,cyclic_4_1,block_8_1,block_16_1,unroll_2,unroll_2,pipeline_1,unroll_8,unroll_2,1,19.75,0.765182103287,False
workload_1414.cpp,xczu7ev-ffvc1156-2-e,5,4629.699365,189,31,1,3,13,cyclic_4_1,block_8_1,block_2_1,unroll_16,unroll_2,unroll_2,unroll_8,unroll_2,1,12,0.463543672067,False
workload_1371.cpp,xczu7ev-ffvc1156-2-e,5,857.425925,334,66,1,10,25,cyclic_4_1,block_8_1,block_2_1,unroll_32,unroll_2,pipeline_1,unroll_8,unroll_8,1,25.5,0.57199450095,False
workload_1422.cpp,xczu7ev-ffvc1156-2-e,5,3322.898725,527,31,1,8,28,cyclic_4_1,block_8_1,block_2_1,unroll_64,unroll_4,unroll_2,unroll_8,unroll_2,1,17,0.567918891481,False
workload_1394.cpp,xczu7ev-ffvc1156-2-e,5,4674.274085,192,31,1,4,13,cyclic_4_1,block_8_1,block_2_1,unroll_8,unroll_4,unroll_2,unroll_8,unroll_2,1,12.25,0.456325762814,False
workload_1153.cpp,xczu7ev-ffvc1156-2-e,5,941.302565,295,67,1,6,21,cyclic_4_1,block_8_1,block_32_1,unroll_16,unroll_2,pipeline_1,unroll_8,unroll_2,1,23.75,0.627710315439,False
workload_1265.cpp,xczu7ev-ffvc1156-2-e,5,2785.516325,334,32,1,3,21,cyclic_4_1,block_8_1,block_32_1,unroll_16,unroll_2,unroll_4,unroll_8,unroll_2,1,14.25,0.690884696845,False
workload_1347.cpp,xczu7ev-ffvc1156-2-e,5,3567.355685,663,32,1,5,31,cyclic_4_1,block_8_1,block_32_1,unroll_32,unroll_2,unroll_4,unroll_8,unroll_2,1,17.25,0.535857658045,False
workload_1330.cpp,xczu7ev-ffvc1156-2-e,5,2828.800805,195,32,1,2,13,cyclic_4_1,block_8_1,block_32_1,unroll_4,unroll_2,unroll_4,unroll_8,unroll_2,1,12,0.73047145613,False
workload_1322.cpp,xczu7ev-ffvc1156-2-e,5,3406.784805,556,32,1,7,29,cyclic_4_1,block_8_1,block_32_1,unroll_64,unroll_2,unroll_2,unroll_8,unroll_2,1,17.25,0.553572874931,False
workload_1309.cpp,xczu7ev-ffvc1156-2-e,5,2420.140325,772,32,1,6,25,cyclic_4_1,block_8_1,block_32_1,unroll_64,unroll_2,unroll_4,unroll_8,unroll_2,1,16,0.681980031054,False
workload_1268.cpp,xczu7ev-ffvc1156-2-e,5,941.241965,385,77,1,3,23,cyclic_4_1,block_8_1,cyclic_128_1,unroll_4,unroll_4,pipeline_1,unroll_2,unroll_2,1,26,0.557036433233,False
workload_1292.cpp,xczu7ev-ffvc1156-2-e,5,941.242005,96,67,1,2,8,cyclic_4_1,block_8_1,cyclic_16_1,unroll_4,unroll_2,pipeline_1,unroll_2,unroll_2,1,19.5,0.774139231717,False
workload_1459.cpp,xczu7ev-ffvc1156-2-e,5,2828.800885,138,32,1,2,10,cyclic_4_1,block_8_1,cyclic_16_1,unroll_4,unroll_2,unroll_4,unroll_2,unroll_8,1,11.25,0.741813019975,False
workload_1379.cpp,xczu7ev-ffvc1156-2-e,5,857.273125,100,66,1,2,8,cyclic_4_1,block_8_1,cyclic_2_1,unroll_2,unroll_2,pipeline_1,unroll_8,unroll_2,1,19.25,0.783645441105,False
workload_1794.cpp,xczu7ev-ffvc1156-2-e,5,1332.000405,122,31,1,3,8,cyclic_4_1,block_8_1,cyclic_2_1,unroll_2,unroll_2,unroll_16,unroll_2,unroll_2,1,10.75,0.943335092263,False
workload_1524.cpp,xczu7ev-ffvc1156-2-e,5,3322.898725,527,31,1,8,28,cyclic_4_1,block_8_1,cyclic_2_1,unroll_64,unroll_4,unroll_2,unroll_8,unroll_2,1,17,0.567918891481,False
workload_1326.cpp,xczu7ev-ffvc1156-2-e,5,857.426725,584,66,1,18,42,cyclic_4_1,cyclic_16_1,block_2_1,unroll_64,unroll_2,pipeline_1,unroll_8,unroll_2,1,31.75,0.399148035988,False
workload_1703.cpp,xczu7ev-ffvc1156-2-e,5,857.273685,86,65,1,2,6,cyclic_4_1,cyclic_2_1,block_2_1,unroll_2,unroll_2,pipeline_1,unroll_2,unroll_4,1,18.5,0.811597821895,False
workload_1651.cpp,xczu7ev-ffvc1156-2-e,5,857.272805,117,65,1,3,8,cyclic_4_1,cyclic_2_1,block_2_1,unroll_2,unroll_2,pipeline_1,unroll_8,unroll_4,1,19.25,0.783645436723,False
workload_1560.cpp,xczu7ev-ffvc1156-2-e,5,2063.382165,82,30,1,1,4,cyclic_4_1,cyclic_2_1,block_2_1,unroll_2,unroll_2,unroll_4,unroll_2,unroll_2,1,9,0.899699891964,False
workload_1594.cpp,xczu7ev-ffvc1156-2-e,5,2063.381285,103,30,1,2,6,cyclic_4_1,cyclic_2_1,block_2_1,unroll_2,unroll_2,unroll_4,unroll_8,unroll_2,1,9.75,0.885123243419,False
workload_1748.cpp,xczu7ev-ffvc1156-2-e,5,1439.479125,102,30,1,2,6,cyclic_4_1,cyclic_2_1,block_2_1,unroll_2,unroll_2,unroll_8,unroll_2,unroll_4,1,9.75,0.958368755141,False
workload_1679.cpp,xczu7ev-ffvc1156-2-e,5,1439.478565,117,30,1,2,7,cyclic_4_1,cyclic_2_1,block_2_1,unroll_2,unroll_2,unroll_8,unroll_8,unroll_2,1,10,0.951907254133,False
workload_1796.cpp,xczu7ev-ffvc1156-2-e,5,1439.478245,124,30,1,3,8,cyclic_4_1,cyclic_2_1,block_2_1,unroll_2,unroll_2,unroll_8,unroll_8,unroll_4,1,10.5,0.936926024566,False
workload_1725.cpp,xczu7ev-ffvc1156-2-e,5,1439.477765,142,30,1,3,8,cyclic_4_1,cyclic_2_1,block_2_1,unroll_2,unroll_2,unroll_8,unroll_8,unroll_8,1,10.5,0.936926063089,False
workload_1700.cpp,xczu7ev-ffvc1156-2-e,5,1439.479405,112,30,1,2,7,cyclic_4_1,cyclic_2_1,block_2_1,unroll_2,unroll_4,unroll_8,unroll_2,unroll_2,1,10,0.951907177952,False
workload_1771.cpp,xczu7ev-ffvc1156-2-e,5,1439.479085,127,30,1,3,9,cyclic_4_1,cyclic_2_1,block_2_1,unroll_2,unroll_4,unroll_8,unroll_2,unroll_4,1,10.75,0.928680207234,False
workload_1608.cpp,xczu7ev-ffvc1156-2-e,5,857.355605,97,65,1,3,7,cyclic_4_1,cyclic_2_1,block_2_1,unroll_4,unroll_2,pipeline_1,unroll_4,unroll_2,1,19,0.792904697936,False
workload_1579.cpp,xczu7ev-ffvc1156-2-e,5,857.354725,124,65,1,3,9,cyclic_4_1,cyclic_2_1,block_2_1,unroll_4,unroll_2,pipeline_1,unroll_8,unroll_4,1,19.5,0.774448147286,False
workload_1692.cpp,xczu7ev-ffvc1156-2-e,5,1439.438165,126,30,1,2,8,cyclic_4_1,cyclic_2_1,block_2_1,unroll_4,unroll_2,unroll_8,unroll_2,unroll_4,1,10.25,0.944716628575,False
workload_1772.cpp,xczu7ev-ffvc1156-2-e,5,857.427285,485,65,1,17,33,cyclic_4_1,cyclic_2_1,block_2_1,unroll_64,unroll_2,pipeline_1,unroll_2,unroll_4,1,29,0.470385779832,False
workload_1761.cpp,xczu7ev-ffvc1156-2-e,5,1428.908005,1256,30,1,7,28,cyclic_4_1,cyclic_2_1,block_2_1,unroll_64,unroll_2,unroll_8,unroll_8,unroll_4,1,16.5,0.797925647922,False
workload_1578.cpp,xczu7ev-ffvc1156-2-e,5,2063.382165,81,31,1,1,4,cyclic_4_1,cyclic_2_1,block_4_1,unroll_2,unroll_2,unroll_4,unroll_2,unroll_2,1,9.25,0.895098621388,False
workload_1755.cpp,xczu7ev-ffvc1156-2-e,5,1439.478565,121,31,1,2,7,cyclic_4_1,cyclic_2_1,block_4_1,unroll_2,unroll_2,unroll_8,unroll_8,unroll_2,1,10.25,0.94471314528,False
workload_1701.cpp,xczu7ev-ffvc1156-2-e,5,857.274005,79,65,1,2,5,cyclic_4_1,cyclic_2_1,cyclic_2_1,unroll_2,unroll_2,pipeline_1,unroll_2,unroll_2,1,18.25,0.821033250651,False
workload_1825.cpp,xczu7ev-ffvc1156-2-e,5,857.273125,100,65,1,3,7,cyclic_4_1,cyclic_2_1,cyclic_2_1,unroll_2,unroll_2,pipeline_1,unroll_8,unroll_2,1,19,0.792903533965,False
workload_1739.cpp,xczu7ev-ffvc1156-2-e,5,1122.284325,137,30,1,3,8,cyclic_4_1,cyclic_2_1,cyclic_2_1,unroll_2,unroll_2,unroll_16,unroll_8,unroll_2,1,10.5,0.968036312276,False
workload_1631.cpp,xczu7ev-ffvc1156-2-e,5,1439.479445,90,30,1,2,5,cyclic_4_1,cyclic_2_1,cyclic_2_1,unroll_2,unroll_2,unroll_8,unroll_2,unroll_2,1,9.5,0.963964136601,False
workload_1163.cpp,xczu7ev-ffvc1156-2-e,5,857.416485,189,65,1,6,15,cyclic_4_1,cyclic_4_1,block_2_1,unroll_16,unroll_2,pipeline_1,unroll_8,unroll_2,1,21.75,0.694382803676,False
workload_1363.cpp,xczu7ev-ffvc1156-2-e,5,1428.265765,322,31,1,4,15,cyclic_4_1,cyclic_4_1,block_2_1,unroll_16,unroll_2,unroll_8,unroll_8,unroll_2,1,12.75,0.887618827015,False
workload_1600.cpp,xczu7ev-ffvc1156-2-e,5,1428.264965,353,31,1,5,16,cyclic_4_1,cyclic_4_1,block_2_1,unroll_16,unroll_2,unroll_8,unroll_8,unroll_8,1,13.25,0.872423277582,False
workload_1624.cpp,xczu7ev-ffvc1156-2-e,5,857.273685,87,65,1,2,6,cyclic_4_1,cyclic_4_1,block_2_1,unroll_2,unroll_2,pipeline_1,unroll_2,unroll_4,1,18.5,0.811597821895,False
workload_1743.cpp,xczu7ev-ffvc1156-2-e,5,857.273205,100,65,1,3,7,cyclic_4_1,cyclic_4_1,block_2_1,unroll_2,unroll_2,pipeline_1,unroll_2,unroll_8,1,19,0.792903535096,False
workload_1530.cpp,xczu7ev-ffvc1156-2-e,5,857.273125,99,65,1,3,7,cyclic_4_1,cyclic_4_1,block_2_1,unroll_2,unroll_2,pipeline_1,unroll_8,unroll_2,1,19,0.792903533965,False
workload_1616.cpp,xczu7ev-ffvc1156-2-e,5,857.272805,108,65,1,3,8,cyclic_4_1,cyclic_4_1,block_2_1,unroll_2,unroll_2,pipeline_1,unroll_8,unroll_4,1,19.25,0.783645436723,False
workload_1548.cpp,xczu7ev-ffvc1156-2-e,5,2052.896405,79,31,1,1,5,cyclic_4_1,cyclic_4_1,block_2_1,unroll_2,unroll_2,unroll_4,unroll_2,unroll_2,1,9.5,0.891248717867,False
workload_1638.cpp,xczu7ev-ffvc1156-2-e,5,2052.896085,86,31,1,2,6,cyclic_4_1,cyclic_4_1,block_2_1,unroll_2,unroll_2,unroll_4,unroll_2,unroll_4,1,10,0.880765117387,False
workload_1469.cpp,xczu7ev-ffvc1156-2-e,5,2052.895525,101,31,1,2,7,cyclic_4_1,cyclic_4_1,block_2_1,unroll_2,unroll_2,unroll_4,unroll_8,unroll_2,1,10.25,0.875141889631,False
workload_1791.cpp,xczu7ev-ffvc1156-2-e,5,1418.507925,94,31,1,2,5,cyclic_4_1,cyclic_4_1,block_2_1,unroll_2,unroll_2,unroll_8,unroll_2,unroll_2,1,9.75,0.960070251895,False
workload_1693.cpp,xczu7ev-ffvc1156-2-e,5,1418.507605,100,31,1,2,6,cyclic_4_1,cyclic_4_1,block_2_1,unroll_2,unroll_2,unroll_8,unroll_2,unroll_4,1,10,0.953653219485,False
workload_1667.cpp,xczu7ev-ffvc1156-2-e,5,1418.507125,114,31,1,2,7,cyclic_4_1,cyclic_4_1,block_2_1,unroll_2,unroll_2,unroll_8,unroll_2,unroll_8,1,10.25,0.946395043511,False
workload_1639.cpp,xczu7ev-ffvc1156-2-e,5,1418.506245,140,31,1,3,8,cyclic_4_1,cyclic_4_1,block_2_1,unroll_2,unroll_2,unroll_8,unroll_8,unroll_8,1,10.75,0.930129782541,False
workload_1602.cpp,xczu7ev-ffvc1156-2-e,5,2052.896365,96,31,1,2,7,cyclic_4_1,cyclic_4_1,block_2_1,unroll_2,unroll_4,unroll_4,unroll_2,unroll_2,1,10.25,0.875141810689,False
workload_1440.cpp,xczu7ev-ffvc1156-2-e,5,857.427605,272,65,1,10,22,cyclic_4_1,cyclic_4_1,block_2_1,unroll_32,unroll_2,pipeline_1,unroll_2,unroll_2,1,24.5,0.603268941046,False
workload_1219.cpp,xczu7ev-ffvc1156-2-e,5,857.426725,299,65,1,11,24,cyclic_4_1,cyclic_4_1,block_2_1,unroll_32,unroll_2,pipeline_1,unroll_8,unroll_2,1,25.25,0.579719872909,False
workload_1313.cpp,xczu7ev-ffvc1156-2-e,5,857.425925,332,65,1,11,25,cyclic_4_1,cyclic_4_1,block_2_1,unroll_32,unroll_2,pipeline_1,unroll_8,unroll_8,1,25.5,0.57199450095,False
workload_1367.cpp,xczu7ev-ffvc1156-2-e,5,857.355925,94,65,1,2,6,cyclic_4_1,cyclic_4_1,block_2_1,unroll_4,unroll_2,pipeline_1,unroll_2,unroll_2,1,18.5,0.811599057438,False
workload_1589.cpp,xczu7ev-ffvc1156-2-e,5,857.355045,115,65,1,3,9,cyclic_4_1,cyclic_4_1,block_2_1,unroll_4,unroll_2,pipeline_1,unroll_8,unroll_2,1,19.5,0.77444815152,False
workload_1301.cpp,xczu7ev-ffvc1156-2-e,5,2052.855445,97,31,1,2,6,cyclic_4_1,cyclic_4_1,block_2_1,unroll_4,unroll_2,unroll_4,unroll_2,unroll_2,1,10,0.880768952015,False
workload_1536.cpp,xczu7ev-ffvc1156-2-e,5,2052.854565,114,31,1,2,8,cyclic_4_1,cyclic_4_1,block_2_1,unroll_4,unroll_2,unroll_4,unroll_8,unroll_2,1,10.5,0.869280513254,False
workload_1526.cpp,xczu7ev-ffvc1156-2-e,5,1426.331285,121,31,1,2,7,cyclic_4_1,cyclic_4_1,block_2_1,unroll_4,unroll_2,unroll_8,unroll_2,unroll_2,1,10.25,0.945797129138,False
workload_1635.cpp,xczu7ev-ffvc1156-2-e,5,1426.330405,139,31,1,3,9,cyclic_4_1,cyclic_4_1,block_2_1,unroll_4,unroll_2,unroll_8,unroll_8,unroll_2,1,11,0.924118019288,False
workload_1570.cpp,xczu7ev-ffvc1156-2-e,5,857.35584,635,65,1,14,35,cyclic_4_1,cyclic_4_1,block_2_1,unroll_4,unroll_32,pipeline_1,unroll_2,unroll_2,1,28.75,0.477237186798,False
workload_1580.cpp,xczu7ev-ffvc1156-2-e,5,2052.854565,162,31,1,3,10,cyclic_4_1,cyclic_4_1,block_2_1,unroll_4,unroll_4,unroll_4,unroll_8,unroll_2,1,11.25,0.85035332986,False
workload_1552.cpp,xczu7ev-ffvc1156-2-e,5,1426.331245,139,31,1,3,9,cyclic_4_1,cyclic_4_1,block_2_1,unroll_4,unroll_4,unroll_8,unroll_2,unroll_2,1,11,0.924117875643,False
workload_1397.cpp,xczu7ev-ffvc1156-2-e,5,857.426725,526,65,1,21,38,cyclic_4_1,cyclic_4_1,block_2_1,unroll_64,unroll_2,pipeline_1,unroll_8,unroll_2,1,31.25,0.411536543009,False
workload_1678.cpp,xczu7ev-ffvc1156-2-e,5,1423.501605,1144,31,1,6,27,cyclic_4_1,cyclic_4_1,block_2_1,unroll_64,unroll_2,unroll_8,unroll_8,unroll_2,1,16.25,0.801732342395,False
workload_1512.cpp,xczu7ev-ffvc1156-2-e,5,857.416485,196,66,1,6,15,cyclic_4_1,cyclic_4_1,block_4_1,unroll_16,unroll_2,pipeline_1,unroll_8,unroll_2,1,22,0.685791505128,False
workload_1480.cpp,xczu7ev-ffvc1156-2-e,5,857.273125,102,66,1,3,7,cyclic_4_1,cyclic_4_1,block_4_1,unroll_2,unroll_2,pipeline_1,unroll_8,unroll_2,1,19.25,0.783645441105,False
workload_1554.cpp,xczu7ev-ffvc1156-2-e,5,2042.409765,102,31,1,2,7,cyclic_4_1,cyclic_4_1,block_4_1,unroll_2,unroll_2,unroll_4,unroll_8,unroll_2,1,10.25,0.876109438,False
workload_1415.cpp,xczu7ev-ffvc1156-2-e,5,2136.741525,101,32,1,2,7,cyclic_4_1,cyclic_4_1,cyclic_16_1,unroll_4,unroll_2,unroll_4,unroll_2,unroll_2,1,10.5,0.860499020756,False
workload_1382.cpp,xczu7ev-ffvc1156-2-e,5,941.312805,629,66,1,21,45,cyclic_4_1,cyclic_4_1,cyclic_16_1,unroll_64,unroll_2,pipeline_1,unroll_8,unroll_2,1,33.25,0.363672561106,False
workload_1828.cpp,xczu7ev-ffvc1156-2-e,5,857.273125,99,65,1,3,7,cyclic_4_1,cyclic_4_1,cyclic_2_1,unroll_2,unroll_2,pipeline_1,unroll_8,unroll_2,1,19,0.792903533965,False
workload_1745.cpp,xczu7ev-ffvc1156-2-e,5,1106.556565,117,31,1,2,6,cyclic_4_1,cyclic_4_1,cyclic_2_1,unroll_2,unroll_2,unroll_16,unroll_2,unroll_2,1,10,1,True
workload_1807.cpp,xczu7ev-ffvc1156-2-e,5,1106.555685,137,31,1,3,9,cyclic_4_1,cyclic_4_1,cyclic_2_1,unroll_2,unroll_2,unroll_16,unroll_8,unroll_2,1,11,1,True
workload_1527.cpp,xczu7ev-ffvc1156-2-e,5,857.355925,90,65,1,2,6,cyclic_4_1,cyclic_4_1,cyclic_2_1,unroll_4,unroll_2,pipeline_1,unroll_2,unroll_2,1,18.5,0.811599057438,False
workload_1200.cpp,xczu7ev-ffvc1156-2-e,5,857.416485,196,66,1,6,16,cyclic_4_1,cyclic_8_1,block_2_1,unroll_16,unroll_2,pipeline_1,unroll_8,unroll_2,1,22.25,0.677261617145,False
workload_1358.cpp,xczu7ev-ffvc1156-2-e,5,5817.211685,315,31,1,3,12,cyclic_4_1,cyclic_8_1,block_2_1,unroll_16,unroll_2,unroll_4,unroll_8,unroll_2,1,11.75,0.323166219712,False
workload_1744.cpp,xczu7ev-ffvc1156-2-e,5,1101.312805,141,31,2,4,10,cyclic_4_1,cyclic_8_1,block_2_1,unroll_2,unroll_2,unroll_16,unroll_8,unroll_2,1,11.75,1,True
workload_1641.cpp,xczu7ev-ffvc1156-2-e,5,1418.507045,115,31,1,2,8,cyclic_4_1,cyclic_8_1,block_2_1,unroll_2,unroll_2,unroll_8,unroll_8,unroll_2,1,10.5,0.938498785151,False
workload_1664.cpp,xczu7ev-ffvc1156-2-e,5,5817.283365,162,31,1,3,10,cyclic_4_1,cyclic_8_1,block_2_1,unroll_2,unroll_4,unroll_4,unroll_8,unroll_2,1,11.25,0.324381924368,False
workload_1565.cpp,xczu7ev-ffvc1156-2-e,5,1418.507045,167,31,1,4,11,cyclic_4_1,cyclic_8_1,block_2_1,unroll_2,unroll_4,unroll_8,unroll_8,unroll_2,1,11.75,0.912610954194,False
workload_1288.cpp,xczu7ev-ffvc1156-2-e,5,857.427605,277,66,1,9,22,cyclic_4_1,cyclic_8_1,block_2_1,unroll_32,unroll_2,pipeline_1,unroll_2,unroll_2,1,24.5,0.603268941046,False
workload_1595.cpp,xczu7ev-ffvc1156-2-e,5,857.355045,119,66,1,3,9,cyclic_4_1,cyclic_8_1,block_2_1,unroll_4,unroll_2,pipeline_1,unroll_8,unroll_2,1,19.75,0.765309694646,False
workload_1474.cpp,xczu7ev-ffvc1156-2-e,5,5817.241605,160,31,1,3,9,cyclic_4_1,cyclic_8_1,block_2_1,unroll_4,unroll_2,unroll_4,unroll_8,unroll_8,1,11,0.324905128059,False
workload_1613.cpp,xczu7ev-ffvc1156-2-e,5,1428.951845,141,31,1,3,9,cyclic_4_1,cyclic_8_1,block_2_1,unroll_4,unroll_2,unroll_8,unroll_8,unroll_2,1,11,0.923669340074,False
workload_1706.cpp,xczu7ev-ffvc1156-2-e,5,1428.951525,150,31,1,3,10,cyclic_4_1,cyclic_8_1,block_2_1,unroll_4,unroll_2,unroll_8,unroll_8,unroll_4,1,11.25,0.919428617864,False
workload_1633.cpp,xczu7ev-ffvc1156-2-e,5,1428.952685,133,31,1,3,9,cyclic_4_1,cyclic_8_1,block_2_1,unroll_4,unroll_4,unroll_8,unroll_2,unroll_2,1,11,0.923669196174,False
workload_1429.cpp,xczu7ev-ffvc1156-2-e,5,1423.501605,1196,31,1,6,28,cyclic_4_1,cyclic_8_1,block_2_1,unroll_64,unroll_2,unroll_8,unroll_8,unroll_2,1,16.5,0.798514187394,False
workload_1547.cpp,xczu7ev-ffvc1156-2-e,5,5817.198885,1656,31,1,8,22,cyclic_4_1,cyclic_8_1,block_2_1,unroll_64,unroll_4,unroll_4,unroll_8,unroll_2,1,15.5,0.306627818658,False
workload_1468.cpp,xczu7ev-ffvc1156-2-e,5,1423.501605,1247,31,1,7,30,cyclic_4_1,cyclic_8_1,block_2_1,unroll_64,unroll_4,unroll_8,unroll_8,unroll_2,1,17.25,0.786567961648,False
workload_1818.cpp,xczu7ev-ffvc1156-2-e,5,857.273125,99,66,1,2,8,cyclic_4_1,cyclic_8_1,cyclic_2_1,unroll_2,unroll_2,pipeline_1,unroll_8,unroll_2,1,19.25,0.783645441105,False
workload_1769.cpp,xczu7ev-ffvc1156-2-e,5,1101.312805,139,31,2,4,10,cyclic_4_1,cyclic_8_1,cyclic_2_1,unroll_2,unroll_2,unroll_16,unroll_8,unroll_2,1,11.75,1,True
workload_1558.cpp,xczu7ev-ffvc1156-2-e,5,5817.242485,133,31,1,2,8,cyclic_4_1,cyclic_8_1,cyclic_2_1,unroll_4,unroll_2,unroll_4,unroll_2,unroll_8,1,10.5,0.3257546751,False
workload_1456.cpp,xczu7ev-ffvc1156-2-e,5,2735.369365,834,34,1,10,35,cyclic_8_1,block_16_1,cyclic_2_1,unroll_64,unroll_2,unroll_4,unroll_2,unroll_2,1,20,0.581443700499,False
workload_1295.cpp,xczu7ev-ffvc1156-2-e,5,943.924085,201,75,1,6,17,cyclic_8_1,block_2_1,block_2_1,unroll_16,unroll_2,pipeline_1,unroll_2,unroll_8,1,24.75,0.595682279488,False
workload_1236.cpp,xczu7ev-ffvc1156-2-e,5,6071.563125,624,44,1,2,26,cyclic_8_1,block_2_1,cyclic_128_1,unroll_2,unroll_2,unroll_4,unroll_2,unroll_8,1,18.25,0.265503757462,False
workload_1091.cpp,xczu7ev-ffvc1156-2-e,5,6029.579125,683,44,1,3,31,cyclic_8_1,block_2_1,cyclic_128_1,unroll_4,unroll_2,unroll_4,unroll_2,unroll_8,1,19.75,0.257870340412,False
workload_1202.cpp,xczu7ev-ffvc1156-2-e,5,1027.748725,278,76,1,3,17,cyclic_8_1,block_2_1,cyclic_64_1,unroll_4,unroll_2,pipeline_1,unroll_2,unroll_8,1,24.25,0.611227258217,False
workload_1275.cpp,xczu7ev-ffvc1156-2-e,5,2826.148645,335,34,1,5,27,cyclic_8_1,block_32_1,block_2_1,unroll_16,unroll_2,unroll_4,unroll_8,unroll_2,1,16.75,0.6253911335,False
workload_1065.cpp,xczu7ev-ffvc1156-2-e,5,3017.508725,782,34,1,9,43,cyclic_8_1,block_32_1,block_2_1,unroll_32,unroll_2,unroll_4,unroll_2,unroll_8,1,21.75,0.520466571087,False
workload_1325.cpp,xczu7ev-ffvc1156-2-e,5,943.933925,526,76,1,11,42,cyclic_8_1,block_32_1,block_2_1,unroll_32,unroll_4,pipeline_1,unroll_8,unroll_4,1,32.5,0.381233822617,False
workload_1408.cpp,xczu7ev-ffvc1156-2-e,5,3691.866405,619,34,1,7,37,cyclic_8_1,block_32_1,block_2_1,unroll_64,unroll_2,unroll_2,unroll_8,unroll_2,1,19.75,0.474385159674,False
workload_1450.cpp,xczu7ev-ffvc1156-2-e,5,3359.271205,979,34,1,11,39,cyclic_8_1,block_32_1,block_2_1,unroll_64,unroll_2,unroll_4,unroll_8,unroll_2,1,21.25,0.488587813296,False
workload_1249.cpp,xczu7ev-ffvc1156-2-e,5,943.903605,159,76,1,4,16,cyclic_8_1,block_32_1,block_2_1,unroll_8,unroll_2,pipeline_1,unroll_2,unroll_8,1,24.25,0.611572811558,False
workload_1252.cpp,xczu7ev-ffvc1156-2-e,5,2933.638805,318,45,1,3,36,cyclic_8_1,block_32_1,cyclic_128_1,unroll_8,unroll_2,unroll_4,unroll_2,unroll_2,1,21.25,0.53809930679,False
workload_1234.cpp,xczu7ev-ffvc1156-2-e,5,2910.035285,331,35,1,5,28,cyclic_8_1,block_32_1,cyclic_16_1,unroll_16,unroll_2,unroll_4,unroll_4,unroll_2,1,17.25,0.60480905915,False
workload_1286.cpp,xczu7ev-ffvc1156-2-e,5,2910.034405,385,35,1,6,32,cyclic_8_1,block_32_1,cyclic_16_1,unroll_16,unroll_2,unroll_4,unroll_8,unroll_4,1,18.5,0.579179920562,False
workload_1323.cpp,xczu7ev-ffvc1156-2-e,5,1027.810925,232,77,1,6,24,cyclic_8_1,block_32_1,cyclic_16_1,unroll_16,unroll_4,pipeline_1,unroll_2,unroll_2,1,27,0.527075555017,False
workload_1339.cpp,xczu7ev-ffvc1156-2-e,5,3775.753365,726,35,1,8,51,cyclic_8_1,block_32_1,cyclic_16_1,unroll_64,unroll_2,unroll_2,unroll_2,unroll_2,1,23.75,0.409456690868,False
workload_1317.cpp,xczu7ev-ffvc1156-2-e,5,3775.752165,801,35,1,9,57,cyclic_8_1,block_32_1,cyclic_16_1,unroll_64,unroll_2,unroll_2,unroll_8,unroll_4,1,25.5,0.384737745714,False
workload_1273.cpp,xczu7ev-ffvc1156-2-e,5,1027.667565,207,77,1,3,17,cyclic_8_1,block_32_1,cyclic_64_1,unroll_2,unroll_4,pipeline_1,unroll_2,unroll_2,1,24.5,0.603276467848,False
workload_1263.cpp,xczu7ev-ffvc1156-2-e,5,2957.292325,833,35,1,3,29,cyclic_8_1,block_32_1,cyclic_64_1,unroll_2,unroll_4,unroll_4,unroll_8,unroll_2,1,17,0.606339433891,False
workload_1108.cpp,xczu7ev-ffvc1156-2-e,5,1027.749485,227,77,1,3,20,cyclic_8_1,block_32_1,cyclic_64_1,unroll_4,unroll_4,pipeline_1,unroll_2,unroll_2,1,25.25,0.579779265273,False
workload_1296.cpp,xczu7ev-ffvc1156-2-e,5,2941.522725,871,35,1,4,33,cyclic_8_1,block_32_1,cyclic_64_1,unroll_4,unroll_4,unroll_4,unroll_8,unroll_2,1,18.25,0.57779901696,False
workload_1427.cpp,xczu7ev-ffvc1156-2-e,5,2816.973605,284,33,1,5,23,cyclic_8_1,block_4_1,block_2_1,unroll_16,unroll_2,unroll_4,unroll_8,unroll_2,1,15.5,0.657487893326,False
workload_1455.cpp,xczu7ev-ffvc1156-2-e,5,2894.378645,85,33,1,1,6,cyclic_8_1,block_4_1,block_2_1,unroll_2,unroll_2,unroll_4,unroll_2,unroll_2,1,10.25,0.741357509432,False
workload_1324.cpp,xczu7ev-ffvc1156-2-e,5,2894.377765,109,33,1,2,8,cyclic_8_1,block_4_1,block_2_1,unroll_2,unroll_2,unroll_4,unroll_8,unroll_2,1,11,0.734123950087,False
workload_1255.cpp,xczu7ev-ffvc1156-2-e,5,2267.441445,784,33,1,10,35,cyclic_8_1,block_4_1,block_2_1,unroll_64,unroll_2,unroll_4,unroll_8,unroll_2,1,19.75,0.642850401096,False
workload_1308.cpp,xczu7ev-ffvc1156-2-e,5,1027.810085,229,76,1,6,20,cyclic_8_1,block_4_1,cyclic_16_1,unroll_16,unroll_2,pipeline_1,unroll_8,unroll_2,1,25.75,0.564415784791,False
workload_929.cpp,xczu7ev-ffvc1156-2-e,5,4444.882805,817,34,1,9,44,cyclic_8_1,block_4_1,cyclic_16_1,unroll_32,unroll_2,unroll_4,unroll_2,unroll_8,1,22,0.367004591785,False
workload_1157.cpp,xczu7ev-ffvc1156-2-e,5,4444.881925,900,34,1,10,46,cyclic_8_1,block_4_1,cyclic_16_1,unroll_32,unroll_2,unroll_4,unroll_8,unroll_8,1,22.75,0.355231194943,False
workload_1242.cpp,xczu7ev-ffvc1156-2-e,5,4444.881925,1270,34,1,11,51,cyclic_8_1,block_4_1,cyclic_16_1,unroll_32,unroll_4,unroll_4,unroll_8,unroll_8,1,24.25,0.338478046327,False
workload_1206.cpp,xczu7ev-ffvc1156-2-e,5,2952.009365,111,34,1,2,9,cyclic_8_1,block_4_1,cyclic_16_1,unroll_4,unroll_2,unroll_4,unroll_2,unroll_2,1,11.5,0.71850276845,False
workload_1396.cpp,xczu7ev-ffvc1156-2-e,5,2868.122405,130,33,1,2,10,cyclic_8_1,block_4_1,cyclic_2_1,unroll_4,unroll_2,unroll_4,unroll_8,unroll_2,1,11.5,0.731995396975,False
workload_1260.cpp,xczu7ev-ffvc1156-2-e,5,1027.810085,414,76,1,6,29,cyclic_8_1,block_4_1,cyclic_64_1,unroll_16,unroll_2,pipeline_1,unroll_8,unroll_2,1,28,0.498311026401,False
workload_1196.cpp,xczu7ev-ffvc1156-2-e,5,2900.859685,504,34,1,5,40,cyclic_8_1,block_4_1,cyclic_64_1,unroll_16,unroll_2,unroll_4,unroll_8,unroll_2,1,20,0.560975183583,False
workload_1298.cpp,xczu7ev-ffvc1156-2-e,5,4444.882805,1274,34,1,9,67,cyclic_8_1,block_4_1,cyclic_64_1,unroll_32,unroll_2,unroll_4,unroll_2,unroll_8,1,27.75,0.298072127005,False
workload_1341.cpp,xczu7ev-ffvc1156-2-e,5,2946.765285,151,34,1,3,12,cyclic_8_1,block_4_1,cyclic_8_1,unroll_4,unroll_2,unroll_4,unroll_8,unroll_4,1,12.5,0.704269210951,False
workload_1218.cpp,xczu7ev-ffvc1156-2-e,5,3481.518965,247,44,1,3,23,cyclic_8_1,block_64_1,block_2_1,unroll_8,unroll_2,unroll_4,unroll_2,unroll_8,1,17.75,0.535374408308,False
workload_1287.cpp,xczu7ev-ffvc1156-2-e,5,1027.790485,278,87,1,3,30,cyclic_8_1,block_64_1,cyclic_128_1,unroll_8,unroll_2,pipeline_1,unroll_2,unroll_2,1,30.25,0.437221132227,False
workload_1417.cpp,xczu7ev-ffvc1156-2-e,5,1839.832725,332,34,1,4,14,cyclic_8_1,block_8_1,block_2_1,unroll_16,unroll_2,unroll_8,unroll_2,unroll_2,1,13.25,0.816983355995,False
workload_1494.cpp,xczu7ev-ffvc1156-2-e,5,1839.831845,358,34,1,5,17,cyclic_8_1,block_8_1,block_2_1,unroll_16,unroll_2,unroll_8,unroll_8,unroll_2,1,14.25,0.793451952984,False
workload_1568.cpp,xczu7ev-ffvc1156-2-e,5,943.781525,81,76,1,2,6,cyclic_8_1,block_8_1,block_2_1,unroll_2,unroll_2,pipeline_1,unroll_2,unroll_2,1,21.25,0.711999580146,False
workload_1471.cpp,xczu7ev-ffvc1156-2-e,5,2904.864405,86,34,1,1,6,cyclic_8_1,block_8_1,block_2_1,unroll_2,unroll_2,unroll_4,unroll_2,unroll_2,1,10.5,0.737473417986,False
workload_1420.cpp,xczu7ev-ffvc1156-2-e,5,943.934325,556,76,1,16,42,cyclic_8_1,block_8_1,block_2_1,unroll_64,unroll_2,pipeline_1,unroll_2,unroll_8,1,33.75,0.352282740477,False
workload_1171.cpp,xczu7ev-ffvc1156-2-e,5,943.934245,555,76,1,16,42,cyclic_8_1,block_8_1,block_2_1,unroll_64,unroll_2,pipeline_1,unroll_8,unroll_2,1,33.75,0.352282740413,False
workload_1756.cpp,xczu7ev-ffvc1156-2-e,5,943.779845,146,76,1,3,10,cyclic_8_1,block_8_1,block_4_1,unroll_2,unroll_2,pipeline_1,unroll_8,unroll_8,1,22.5,0.669115059959,False
workload_1334.cpp,xczu7ev-ffvc1156-2-e,5,1923.718805,340,35,1,4,19,cyclic_8_1,block_8_1,cyclic_16_1,unroll_16,unroll_2,unroll_8,unroll_2,unroll_2,1,14.75,0.769701600158,False
workload_1439.cpp,xczu7ev-ffvc1156-2-e,5,1923.718485,352,35,1,5,20,cyclic_8_1,block_8_1,cyclic_16_1,unroll_16,unroll_2,unroll_8,unroll_2,unroll_4,1,15.25,0.756567733767,False
workload_1203.cpp,xczu7ev-ffvc1156-2-e,5,1027.810925,223,77,1,6,20,cyclic_8_1,block_8_1,cyclic_16_1,unroll_16,unroll_4,pipeline_1,unroll_2,unroll_2,1,26,0.556825369242,False
workload_1318.cpp,xczu7ev-ffvc1156-2-e,5,2910.035565,302,35,1,5,27,cyclic_8_1,block_8_1,cyclic_16_1,unroll_16,unroll_4,unroll_4,unroll_2,unroll_2,1,17,0.610996317136,False
workload_1251.cpp,xczu7ev-ffvc1156-2-e,5,3681.388405,776,35,1,9,44,cyclic_8_1,block_8_1,cyclic_16_1,unroll_32,unroll_2,unroll_4,unroll_2,unroll_8,1,22.25,0.439212684829,False
workload_1253.cpp,xczu7ev-ffvc1156-2-e,5,1027.821165,355,77,1,10,32,cyclic_8_1,block_8_1,cyclic_16_1,unroll_32,unroll_4,pipeline_1,unroll_2,unroll_2,1,30,0.443759700154,False
workload_1285.cpp,xczu7ev-ffvc1156-2-e,5,2933.638765,194,35,1,3,18,cyclic_8_1,block_8_1,cyclic_16_1,unroll_8,unroll_4,unroll_4,unroll_2,unroll_2,1,14.25,0.67238938698,False
workload_1550.cpp,xczu7ev-ffvc1156-2-e,5,943.863445,94,76,1,2,8,cyclic_8_1,block_8_1,cyclic_2_1,unroll_4,unroll_2,pipeline_1,unroll_2,unroll_2,1,21.75,0.694673666604,False
workload_1356.cpp,xczu7ev-ffvc1156-2-e,5,943.862645,117,76,1,3,10,cyclic_8_1,block_8_1,cyclic_2_1,unroll_4,unroll_2,pipeline_1,unroll_2,unroll_8,1,22.5,0.669114900147,False
workload_1329.cpp,xczu7ev-ffvc1156-2-e,5,2889.094005,132,34,1,2,11,cyclic_8_1,block_8_1,cyclic_2_1,unroll_4,unroll_2,unroll_4,unroll_2,unroll_8,1,12,0.72119450941,False
workload_1424.cpp,xczu7ev-ffvc1156-2-e,5,2849.752725,151,34,1,3,13,cyclic_8_1,block_8_1,cyclic_2_1,unroll_8,unroll_2,unroll_4,unroll_2,unroll_2,1,12.75,0.714031618792,False
workload_1673.cpp,xczu7ev-ffvc1156-2-e,5,943.781525,79,75,1,2,6,cyclic_8_1,cyclic_2_1,block_2_1,unroll_2,unroll_2,pipeline_1,unroll_2,unroll_2,1,21,0.720744235503,False
workload_1695.cpp,xczu7ev-ffvc1156-2-e,5,943.780645,109,75,1,3,8,cyclic_8_1,cyclic_2_1,block_2_1,unroll_2,unroll_2,pipeline_1,unroll_8,unroll_2,1,21.75,0.694673949075,False
workload_1629.cpp,xczu7ev-ffvc1156-2-e,5,1520.744085,96,33,1,2,5,cyclic_8_1,cyclic_2_1,block_2_1,unroll_2,unroll_2,unroll_8,unroll_2,unroll_2,1,10.25,0.935887331265,False
workload_1780.cpp,xczu7ev-ffvc1156-2-e,5,1520.743205,118,33,1,2,8,cyclic_8_1,cyclic_2_1,block_2_1,unroll_2,unroll_2,unroll_8,unroll_8,unroll_2,1,11,0.9132931748,False
workload_1201.cpp,xczu7ev-ffvc1156-2-e,5,943.934445,368,75,1,12,31,cyclic_8_1,cyclic_2_1,block_2_1,unroll_32,unroll_4,pipeline_1,unroll_4,unroll_4,1,29.75,0.450448141514,False
workload_1320.cpp,xczu7ev-ffvc1156-2-e,5,2140.301605,754,33,1,11,36,cyclic_8_1,cyclic_2_1,block_2_1,unroll_64,unroll_2,unroll_4,unroll_8,unroll_2,1,20.25,0.648273156284,False
workload_1722.cpp,xczu7ev-ffvc1156-2-e,5,1520.744085,94,33,1,2,5,cyclic_8_1,cyclic_2_1,cyclic_2_1,unroll_2,unroll_2,unroll_8,unroll_2,unroll_2,1,10.25,0.935887331265,False
workload_1555.cpp,xczu7ev-ffvc1156-2-e,5,1520.744045,112,33,1,2,7,cyclic_8_1,cyclic_2_1,cyclic_2_1,unroll_2,unroll_4,unroll_8,unroll_2,unroll_2,1,10.75,0.921261452485,False
workload_1758.cpp,xczu7ev-ffvc1156-2-e,5,1210.062485,171,33,1,3,8,cyclic_8_1,cyclic_2_1,cyclic_2_1,unroll_4,unroll_2,unroll_16,unroll_2,unroll_2,1,11.25,0.950627888679,False
workload_1591.cpp,xczu7ev-ffvc1156-2-e,5,1604.629285,213,34,1,3,11,cyclic_8_1,cyclic_2_1,cyclic_8_1,unroll_2,unroll_4,unroll_8,unroll_8,unroll_2,1,12.25,0.874074953715,False
workload_1412.cpp,xczu7ev-ffvc1156-2-e,5,1510.185765,330,33,1,4,16,cyclic_8_1,cyclic_4_1,block_2_1,unroll_16,unroll_2,unroll_8,unroll_8,unroll_2,1,13.5,0.855560503341,False
workload_1737.cpp,xczu7ev-ffvc1156-2-e,5,943.780725,106,75,1,2,8,cyclic_8_1,cyclic_4_1,block_2_1,unroll_2,unroll_2,pipeline_1,unroll_2,unroll_8,1,21.5,0.703308901802,False
workload_1423.cpp,xczu7ev-ffvc1156-2-e,5,2244.261525,84,33,1,1,6,cyclic_8_1,cyclic_4_1,block_2_1,unroll_2,unroll_2,unroll_4,unroll_2,unroll_2,1,10.25,0.851685540978,False
workload_1478.cpp,xczu7ev-ffvc1156-2-e,5,2244.260645,109,33,1,2,8,cyclic_8_1,cyclic_4_1,block_2_1,unroll_2,unroll_2,unroll_4,unroll_8,unroll_2,1,11,0.835734939299,False
workload_1501.cpp,xczu7ev-ffvc1156-2-e,5,1505.015445,93,33,1,2,6,cyclic_8_1,cyclic_4_1,block_2_1,unroll_2,unroll_2,unroll_8,unroll_2,unroll_2,1,10.5,0.930631096686,False
workload_1601.cpp,xczu7ev-ffvc1156-2-e,5,1505.015125,102,33,1,2,7,cyclic_8_1,cyclic_4_1,block_2_1,unroll_2,unroll_2,unroll_8,unroll_2,unroll_4,1,10.75,0.922908375994,False
workload_1437.cpp,xczu7ev-ffvc1156-2-e,5,2244.260645,173,33,1,3,11,cyclic_8_1,cyclic_4_1,block_2_1,unroll_2,unroll_4,unroll_4,unroll_8,unroll_2,1,12,0.811099284464,False
workload_1750.cpp,xczu7ev-ffvc1156-2-e,5,943.863445,94,75,1,2,7,cyclic_8_1,cyclic_4_1,block_2_1,unroll_4,unroll_2,pipeline_1,unroll_2,unroll_2,1,21.25,0.711999177728,False
workload_1733.cpp,xczu7ev-ffvc1156-2-e,5,1191.712085,180,33,2,4,11,cyclic_8_1,cyclic_4_1,block_2_1,unroll_4,unroll_2,unroll_16,unroll_2,unroll_4,1,12.5,0.919210564996,False
workload_1441.cpp,xczu7ev-ffvc1156-2-e,5,2218.005285,127,33,1,2,10,cyclic_8_1,cyclic_4_1,block_2_1,unroll_4,unroll_2,unroll_4,unroll_8,unroll_2,1,11.5,0.826892088371,False
workload_1297.cpp,xczu7ev-ffvc1156-2-e,5,943.863405,115,75,1,3,10,cyclic_8_1,cyclic_4_1,block_2_1,unroll_4,unroll_4,pipeline_1,unroll_2,unroll_2,1,22.25,0.677575950299,False
workload_1406.cpp,xczu7ev-ffvc1156-2-e,5,2129.488165,738,33,1,10,36,cyclic_8_1,cyclic_4_1,block_2_1,unroll_64,unroll_2,unroll_4,unroll_8,unroll_2,1,20,0.6544696816,False
workload_1574.cpp,xczu7ev-ffvc1156-2-e,5,1510.010005,1177,33,2,6,26,cyclic_8_1,cyclic_4_1,block_2_1,unroll_64,unroll_2,unroll_8,unroll_2,unroll_2,1,16.75,0.785243704536,False
workload_1773.cpp,xczu7ev-ffvc1156-2-e,5,943.780645,105,76,1,2,8,cyclic_8_1,cyclic_4_1,block_4_1,unroll_2,unroll_2,pipeline_1,unroll_8,unroll_2,1,21.75,0.694673949075,False
workload_1640.cpp,xczu7ev-ffvc1156-2-e,5,943.780325,117,76,1,3,9,cyclic_8_1,cyclic_4_1,block_4_1,unroll_2,unroll_2,pipeline_1,unroll_8,unroll_4,1,22.25,0.677576145339,False
workload_1605.cpp,xczu7ev-ffvc1156-2-e,5,1187.821205,119,33,2,3,7,cyclic_8_1,cyclic_4_1,block_4_1,unroll_2,unroll_2,unroll_16,unroll_2,unroll_2,1,11.25,0.952978264828,False
workload_1711.cpp,xczu7ev-ffvc1156-2-e,5,1187.820325,147,33,2,3,10,cyclic_8_1,cyclic_4_1,block_4_1,unroll_2,unroll_2,unroll_16,unroll_8,unroll_2,1,12,0.937107376971,False
workload_1735.cpp,xczu7ev-ffvc1156-2-e,5,1505.015445,97,33,1,2,6,cyclic_8_1,cyclic_4_1,block_4_1,unroll_2,unroll_2,unroll_8,unroll_2,unroll_2,1,10.5,0.930631096686,False
workload_1647.cpp,xczu7ev-ffvc1156-2-e,5,1189.090965,172,33,2,3,9,cyclic_8_1,cyclic_4_1,block_4_1,unroll_4,unroll_2,unroll_16,unroll_2,unroll_2,1,11.75,0.943471421715,False
workload_1497.cpp,xczu7ev-ffvc1156-2-e,5,2317.660645,133,34,1,2,10,cyclic_8_1,cyclic_4_1,block_8_1,unroll_2,unroll_2,unroll_4,unroll_8,unroll_4,1,11.75,0.808714892058,False
workload_1435.cpp,xczu7ev-ffvc1156-2-e,5,1588.900325,143,34,1,3,10,cyclic_8_1,cyclic_4_1,block_8_1,unroll_2,unroll_2,unroll_8,unroll_8,unroll_4,1,12,0.881124891722,False
workload_1486.cpp,xczu7ev-ffvc1156-2-e,5,6050.550245,144,34,1,2,11,cyclic_8_1,cyclic_4_1,block_8_1,unroll_4,unroll_2,unroll_2,unroll_8,unroll_4,1,12,0.298681884834,False
workload_1337.cpp,xczu7ev-ffvc1156-2-e,5,1027.749485,122,76,1,3,11,cyclic_8_1,cyclic_4_1,cyclic_16_1,unroll_4,unroll_4,pipeline_1,unroll_2,unroll_2,1,22.75,0.660150222554,False
workload_1482.cpp,xczu7ev-ffvc1156-2-e,5,1509.530405,321,33,1,4,14,cyclic_8_1,cyclic_4_1,cyclic_2_1,unroll_16,unroll_2,unroll_8,unroll_8,unroll_2,1,13,0.870253728421,False
workload_1694.cpp,xczu7ev-ffvc1156-2-e,5,943.780645,106,75,1,3,8,cyclic_8_1,cyclic_4_1,cyclic_2_1,unroll_2,unroll_2,pipeline_1,unroll_8,unroll_2,1,21.75,0.694673949075,False
workload_1490.cpp,xczu7ev-ffvc1156-2-e,5,2233.775725,101,33,1,2,8,cyclic_8_1,cyclic_4_1,cyclic_2_1,unroll_2,unroll_4,unroll_4,unroll_2,unroll_2,1,11,0.837074824758,False
workload_1533.cpp,xczu7ev-ffvc1156-2-e,5,1505.015405,108,33,1,2,8,cyclic_8_1,cyclic_4_1,cyclic_2_1,unroll_2,unroll_4,unroll_8,unroll_2,unroll_2,1,11,0.914803151897,False
workload_1537.cpp,xczu7ev-ffvc1156-2-e,5,943.934805,294,75,1,10,27,cyclic_8_1,cyclic_4_1,cyclic_2_1,unroll_32,unroll_2,pipeline_1,unroll_2,unroll_4,1,28.25,0.491397134708,False
workload_1566.cpp,xczu7ev-ffvc1156-2-e,5,943.863445,92,75,1,2,7,cyclic_8_1,cyclic_4_1,cyclic_2_1,unroll_4,unroll_2,pipeline_1,unroll_2,unroll_2,1,21.25,0.711999177728,False
workload_1709.cpp,xczu7ev-ffvc1156-2-e,5,1189.090965,165,33,1,3,8,cyclic_8_1,cyclic_4_1,cyclic_2_1,unroll_4,unroll_2,unroll_16,unroll_2,unroll_2,1,11.25,0.952851094698,False
workload_1434.cpp,xczu7ev-ffvc1156-2-e,5,1507.595925,117,33,1,2,7,cyclic_8_1,cyclic_4_1,cyclic_2_1,unroll_4,unroll_2,unroll_8,unroll_2,unroll_2,1,10.75,0.922644709242,False
workload_1209.cpp,xczu7ev-ffvc1156-2-e,5,6081.987445,908,45,1,3,51,cyclic_8_1,cyclic_64_1,cyclic_128_1,unroll_8,unroll_2,unroll_4,unroll_2,unroll_8,1,25,0.210171228509,False
workload_1238.cpp,xczu7ev-ffvc1156-2-e,5,1027.748685,908,77,1,4,37,cyclic_8_1,cyclic_64_1,cyclic_64_1,unroll_4,unroll_4,pipeline_1,unroll_2,unroll_8,1,29.75,0.450360944161,False
workload_1531.cpp,xczu7ev-ffvc1156-2-e,5,5987.677845,92,34,1,1,7,cyclic_8_1,cyclic_8_1,block_2_1,unroll_2,unroll_2,unroll_4,unroll_2,unroll_2,1,10.75,0.307634175806,False
workload_1689.cpp,xczu7ev-ffvc1156-2-e,5,1494.528805,118,34,2,3,9,cyclic_8_1,cyclic_8_1,block_2_1,unroll_2,unroll_2,unroll_8,unroll_8,unroll_2,1,12,0.896265097928,False
workload_1395.cpp,xczu7ev-ffvc1156-2-e,5,943.863405,111,76,1,3,10,cyclic_8_1,cyclic_8_1,block_2_1,unroll_4,unroll_4,pipeline_1,unroll_2,unroll_2,1,22.5,0.669114898676,False
workload_1544.cpp,xczu7ev-ffvc1156-2-e,5,1504.973605,207,34,2,4,14,cyclic_8_1,cyclic_8_1,block_2_1,unroll_4,unroll_4,unroll_8,unroll_8,unroll_2,1,13.5,0.856153591285,False
workload_1581.cpp,xczu7ev-ffvc1156-2-e,5,1504.603285,1086,34,3,6,26,cyclic_8_1,cyclic_8_1,block_2_1,unroll_64,unroll_2,unroll_8,unroll_2,unroll_2,1,17.25,0.777557075553,False
workload_1643.cpp,xczu7ev-ffvc1156-2-e,5,1504.603245,1123,34,3,6,29,cyclic_8_1,cyclic_8_1,block_2_1,unroll_64,unroll_4,unroll_8,unroll_2,unroll_2,1,18,0.76391315405,False
workload_1498.cpp,xczu7ev-ffvc1156-2-e,5,1504.602405,1207,34,3,7,32,cyclic_8_1,cyclic_8_1,block_2_1,unroll_64,unroll_4,unroll_8,unroll_8,unroll_2,1,19,0.744721138893,False
workload_1525.cpp,xczu7ev-ffvc1156-2-e,5,1495.428205,1117,34,3,7,28,cyclic_8_1,cyclic_8_1,cyclic_2_1,unroll_64,unroll_4,unroll_8,unroll_2,unroll_2,1,18,0.764919327081,False
workload_418.cpp,xczu7ev-ffvc1156-2-e,10,1882.48337,156,73,1,4,21,block_2_1,block_128_1,block_32_1,unroll_2,unroll_2,pipeline_1,unroll_4,unroll_2,1,24.75,0.707215123304,False
workload_250.cpp,xczu7ev-ffvc1156-2-e,10,1712.11025,190,62,1,26,29,block_2_1,block_16_1,block_2_1,unroll_16,unroll_2,pipeline_1,unroll_4,unroll_2,2,29.5,0.591453991597,False
workload_445.cpp,xczu7ev-ffvc1156-2-e,10,14276.97665,156,30,1,4,13,block_2_1,block_16_1,block_2_1,unroll_2,unroll_2,unroll_4,unroll_8,unroll_8,1,12,0.141401202028,False
workload_334.cpp,xczu7ev-ffvc1156-2-e,10,1879.88241,202,63,1,27,31,block_2_1,block_16_1,cyclic_16_1,unroll_16,unroll_2,pipeline_1,unroll_4,unroll_2,1,30.5,0.56852358155,False
workload_332.cpp,xczu7ev-ffvc1156-2-e,10,1873.63329,1416,62,1,26,62,block_2_1,block_2_1,cyclic_64_1,unroll_64,unroll_2,pipeline_1,unroll_8,unroll_8,1,37.75,0.419115817784,False
workload_382.cpp,xczu7ev-ffvc1156-2-e,10,1712.11025,199,62,1,26,31,block_2_1,block_32_1,block_2_1,unroll_16,unroll_2,pipeline_1,unroll_4,unroll_2,1,30,0.579956598902,False
workload_392.cpp,xczu7ev-ffvc1156-2-e,10,1712.10961,209,62,1,27,33,block_2_1,block_32_1,block_2_1,unroll_16,unroll_2,pipeline_1,unroll_4,unroll_4,1,30.75,0.562965329935,False
workload_428.cpp,xczu7ev-ffvc1156-2-e,10,1712.10913,223,62,1,27,33,block_2_1,block_32_1,block_2_1,unroll_16,unroll_2,pipeline_1,unroll_8,unroll_2,1,30.75,0.562965329279,False
workload_361.cpp,xczu7ev-ffvc1156-2-e,10,13721.08049,540,30,1,17,34,block_2_1,block_32_1,block_2_1,unroll_32,unroll_2,unroll_2,unroll_4,unroll_2,1,20.5,0.147222959756,False
workload_256.cpp,xczu7ev-ffvc1156-2-e,10,1712.01737,389,62,1,54,61,block_2_1,block_32_1,block_2_1,unroll_32,unroll_4,pipeline_1,unroll_4,unroll_4,1,44.5,0.305698214885,False
workload_467.cpp,xczu7ev-ffvc1156-2-e,10,1712.66321,109,62,1,7,13,block_2_1,block_32_1,block_2_1,unroll_4,unroll_2,pipeline_1,unroll_4,unroll_2,1,20.75,0.814615565972,False
workload_316.cpp,xczu7ev-ffvc1156-2-e,10,1705.86385,361,62,1,24,29,block_2_1,block_32_1,block_2_1,unroll_64,unroll_2,pipeline_1,unroll_4,unroll_2,1,29,0.603077062612,False
workload_294.cpp,xczu7ev-ffvc1156-2-e,10,1712.29385,192,62,1,16,26,block_2_1,block_32_1,block_2_1,unroll_8,unroll_4,pipeline_1,unroll_4,unroll_4,1,26.25,0.669498164521,False
workload_362.cpp,xczu7ev-ffvc1156-2-e,10,1712.29281,253,62,1,16,29,block_2_1,block_32_1,block_2_1,unroll_8,unroll_4,pipeline_1,unroll_8,unroll_4,1,27,0.650978921819,False
workload_314.cpp,xczu7ev-ffvc1156-2-e,10,1873.63593,413,63,1,26,35,block_2_1,block_32_1,block_8_1,unroll_64,unroll_4,pipeline_1,unroll_4,unroll_2,1,31.25,0.551756825117,False
workload_269.cpp,xczu7ev-ffvc1156-2-e,10,1880.43593,423,73,1,8,29,block_2_1,block_32_1,cyclic_128_1,unroll_4,unroll_4,pipeline_1,unroll_2,unroll_2,1,27.75,0.632646850075,False
workload_302.cpp,xczu7ev-ffvc1156-2-e,10,1873.63593,510,63,1,26,41,block_2_1,block_32_1,cyclic_16_1,unroll_64,unroll_4,pipeline_1,unroll_4,unroll_2,1,32.75,0.519110911142,False
workload_457.cpp,xczu7ev-ffvc1156-2-e,10,1873.63601,429,62,1,25,35,block_2_1,block_4_1,cyclic_16_1,unroll_64,unroll_2,pipeline_1,unroll_4,unroll_2,1,30.75,0.562909865958,False
workload_374.cpp,xczu7ev-ffvc1156-2-e,10,1873.63657,465,62,1,25,36,block_2_1,block_4_1,cyclic_16_1,unroll_64,unroll_4,pipeline_1,unroll_2,unroll_2,1,31,0.557316413392,False
workload_454.cpp,xczu7ev-ffvc1156-2-e,10,1714.71009,217,62,1,6,23,block_2_1,block_64_1,block_2_1,unroll_2,unroll_4,pipeline_1,unroll_8,unroll_2,1,23,0.753278281118,False
workload_383.cpp,xczu7ev-ffvc1156-2-e,10,1882.48337,134,63,1,4,15,block_2_1,block_64_1,block_32_1,unroll_2,unroll_2,pipeline_1,unroll_4,unroll_2,1,20.75,0.813689759436,False
workload_200.cpp,xczu7ev-ffvc1156-2-e,10,1879.88233,254,63,1,28,34,block_2_1,block_8_1,block_16_1,unroll_16,unroll_4,pipeline_1,unroll_4,unroll_2,1,31.5,0.546218865618,False
workload_502.cpp,xczu7ev-ffvc1156-2-e,10,13668.66081,242,30,1,9,20,block_2_1,block_8_1,block_2_1,unroll_16,unroll_2,unroll_2,unroll_8,unroll_2,1,15,0.156297592293,False
workload_319.cpp,xczu7ev-ffvc1156-2-e,10,1712.11081,193,62,1,27,29,block_2_1,block_8_1,block_2_1,unroll_16,unroll_4,pipeline_1,unroll_2,unroll_2,1,29.75,0.585688309779,False
workload_455.cpp,xczu7ev-ffvc1156-2-e,10,1714.71009,154,62,1,6,12,block_2_1,block_8_1,block_2_1,unroll_2,unroll_4,pipeline_1,unroll_8,unroll_2,1,20.25,0.828622871275,False
workload_155.cpp,xczu7ev-ffvc1156-2-e,10,1879.88233,328,63,1,28,37,block_2_1,block_8_1,block_32_1,unroll_16,unroll_4,pipeline_1,unroll_4,unroll_2,1,32.25,0.529845918581,False
workload_300.cpp,xczu7ev-ffvc1156-2-e,10,1879.88129,566,63,1,28,40,block_2_1,block_8_1,block_32_1,unroll_16,unroll_4,pipeline_1,unroll_8,unroll_2,1,33,0.513778034883,False
workload_247.cpp,xczu7ev-ffvc1156-2-e,10,1873.63593,408,63,1,26,32,block_2_1,block_8_1,block_8_1,unroll_64,unroll_4,pipeline_1,unroll_4,unroll_2,1,30.5,0.568537168409,False
workload_309.cpp,xczu7ev-ffvc1156-2-e,10,1879.88297,214,63,1,27,31,block_2_1,block_8_1,cyclic_16_1,unroll_16,unroll_4,pipeline_1,unroll_2,unroll_2,1,30.5,0.568523580294,False
workload_111.cpp,xczu7ev-ffvc1156-2-e,10,1879.88233,241,63,1,28,34,block_2_1,block_8_1,cyclic_16_1,unroll_16,unroll_4,pipeline_1,unroll_4,unroll_2,1,31.5,0.546218865618,False
workload_283.cpp,xczu7ev-ffvc1156-2-e,10,1879.78913,364,63,1,53,54,block_2_1,block_8_1,cyclic_16_1,unroll_32,unroll_2,pipeline_1,unroll_8,unroll_2,1,42.75,0.332711577995,False
workload_214.cpp,xczu7ev-ffvc1156-2-e,10,1879.78913,505,63,1,54,58,block_2_1,block_8_1,cyclic_16_1,unroll_32,unroll_4,pipeline_1,unroll_8,unroll_2,1,44,0.313237885719,False
workload_166.cpp,xczu7ev-ffvc1156-2-e,10,1873.63593,499,63,1,26,39,block_2_1,block_8_1,cyclic_16_1,unroll_64,unroll_4,pipeline_1,unroll_4,unroll_2,1,32.25,0.529857279489,False
workload_238.cpp,xczu7ev-ffvc1156-2-e,10,1873.63489,606,63,1,26,41,block_2_1,block_8_1,cyclic_16_1,unroll_64,unroll_4,pipeline_1,unroll_8,unroll_2,1,32.75,0.519110912887,False
workload_412.cpp,xczu7ev-ffvc1156-2-e,10,1712.11025,182,61,1,27,27,block_2_1,cyclic_2_1,block_2_1,unroll_16,unroll_2,pipeline_1,unroll_4,unroll_2,1,29,0.603087263007,False
workload_439.cpp,xczu7ev-ffvc1156-2-e,10,1712.10913,197,61,1,27,28,block_2_1,cyclic_2_1,block_2_1,unroll_16,unroll_2,pipeline_1,unroll_8,unroll_2,1,29.25,0.597253642249,False
workload_331.cpp,xczu7ev-ffvc1156-2-e,10,1705.86385,372,61,1,26,29,block_2_1,cyclic_2_1,block_2_1,unroll_64,unroll_2,pipeline_1,unroll_4,unroll_2,1,29.25,0.597243636445,False
workload_299.cpp,xczu7ev-ffvc1156-2-e,10,1712.11025,183,61,1,27,27,block_2_1,cyclic_4_1,block_2_1,unroll_16,unroll_2,pipeline_1,unroll_4,unroll_2,1,29,0.603087263007,False
workload_321.cpp,xczu7ev-ffvc1156-2-e,10,1712.10961,193,61,1,27,28,block_2_1,cyclic_4_1,block_2_1,unroll_16,unroll_2,pipeline_1,unroll_4,unroll_4,1,29.25,0.597253642981,False
workload_95.cpp,xczu7ev-ffvc1156-2-e,10,1712.10913,200,61,1,27,28,block_2_1,cyclic_4_1,block_2_1,unroll_16,unroll_2,pipeline_1,unroll_8,unroll_2,1,29.25,0.597253642249,False
workload_386.cpp,xczu7ev-ffvc1156-2-e,10,9112.59753,427,30,1,19,37,block_2_1,cyclic_4_1,block_2_1,unroll_16,unroll_4,unroll_4,unroll_4,unroll_8,1,21.75,0.334213292394,False
workload_433.cpp,xczu7ev-ffvc1156-2-e,10,1714.70945,111,61,1,5,10,block_2_1,cyclic_4_1,block_2_1,unroll_2,unroll_2,pipeline_1,unroll_8,unroll_4,1,19.25,0.857024432072,False
workload_532.cpp,xczu7ev-ffvc1156-2-e,10,12871.88641,117,30,1,3,10,block_2_1,cyclic_4_1,block_2_1,unroll_2,unroll_2,unroll_4,unroll_8,unroll_2,1,11,0.185499143244,False
workload_403.cpp,xczu7ev-ffvc1156-2-e,10,1714.71009,155,61,1,6,12,block_2_1,cyclic_4_1,block_2_1,unroll_2,unroll_4,pipeline_1,unroll_8,unroll_2,1,20,0.835673626193,False
workload_544.cpp,xczu7ev-ffvc1156-2-e,10,1712.66225,116,61,1,8,11,block_2_1,cyclic_4_1,block_2_1,unroll_4,unroll_2,pipeline_1,unroll_2,unroll_8,1,20.25,0.828616831078,False
workload_473.cpp,xczu7ev-ffvc1156-2-e,10,13333.17793,117,30,1,3,10,block_2_1,cyclic_4_1,block_2_1,unroll_4,unroll_2,unroll_2,unroll_8,unroll_2,1,11,0.169392653518,False
workload_506.cpp,xczu7ev-ffvc1156-2-e,10,1712.66377,109,61,1,8,12,block_2_1,cyclic_4_1,block_2_1,unroll_4,unroll_4,pipeline_1,unroll_2,unroll_2,1,20.5,0.821599468474,False
workload_385.cpp,xczu7ev-ffvc1156-2-e,10,1712.66209,172,61,1,9,14,block_2_1,cyclic_4_1,block_2_1,unroll_4,unroll_4,pipeline_1,unroll_8,unroll_2,1,21.25,0.800748369482,False
workload_472.cpp,xczu7ev-ffvc1156-2-e,10,1882.48337,115,62,1,4,10,block_2_1,cyclic_4_1,block_32_1,unroll_2,unroll_2,pipeline_1,unroll_4,unroll_2,1,19.25,0.854450829572,False
workload_514.cpp,xczu7ev-ffvc1156-2-e,10,13039.65969,127,31,1,3,11,block_2_1,cyclic_4_1,block_32_1,unroll_2,unroll_2,unroll_4,unroll_4,unroll_2,1,11.5,0.179268103458,False
workload_423.cpp,xczu7ev-ffvc1156-2-e,10,9112.59809,354,30,1,17,33,block_2_1,cyclic_4_1,block_4_1,unroll_16,unroll_2,unroll_4,unroll_8,unroll_2,1,20.25,0.344067257167,False
workload_292.cpp,xczu7ev-ffvc1156-2-e,10,10879.50849,1432,61,1,6,42,block_2_1,cyclic_4_1,cyclic_128_1,unroll_4,unroll_2,unroll_4,unroll_8,unroll_8,1,27.5,0.216907925086,False
workload_466.cpp,xczu7ev-ffvc1156-2-e,10,1712.66321,117,62,1,7,17,block_2_1,cyclic_64_1,block_2_1,unroll_4,unroll_2,pipeline_1,unroll_4,unroll_2,1,21.75,0.787015594371,False
workload_278.cpp,xczu7ev-ffvc1156-2-e,10,1712.25249,218,66,7,31,36,block_4_1,block_16_1,block_4_1,unroll_16,unroll_2,pipeline_1,unroll_8,unroll_2,1,35,0.472460154567,False
workload_301.cpp,xczu7ev-ffvc1156-2-e,10,1712.25249,228,66,7,31,39,block_4_1,block_32_1,block_2_1,unroll_16,unroll_2,pipeline_1,unroll_8,unroll_2,1,35.75,0.457508719327,False
workload_315.cpp,xczu7ev-ffvc1156-2-e,10,10650.06249,1327,31,76,46,73,block_4_1,block_32_1,block_2_1,unroll_32,unroll_4,unroll_4,unroll_2,unroll_8,1,56.5,0.103447544837,False
workload_251.cpp,xczu7ev-ffvc1156-2-e,10,1708.79137,427,66,1,65,61,block_4_1,block_32_1,block_2_1,unroll_64,unroll_2,pipeline_1,unroll_8,unroll_2,1,48.25,0.253395729065,False
workload_366.cpp,xczu7ev-ffvc1156-2-e,10,14171.99945,169,31,8,7,17,block_4_1,block_32_1,block_2_1,unroll_8,unroll_4,unroll_2,unroll_2,unroll_2,1,15.75,0.141741821483,False
workload_396.cpp,xczu7ev-ffvc1156-2-e,10,14171.99881,192,31,8,8,20,block_4_1,block_32_1,block_2_1,unroll_8,unroll_4,unroll_2,unroll_2,unroll_4,1,16.75,0.140769183659,False
workload_346.cpp,xczu7ev-ffvc1156-2-e,10,11629.20201,284,31,19,14,28,block_4_1,block_32_1,block_2_1,unroll_8,unroll_4,unroll_4,unroll_2,unroll_4,1,23,0.209207395057,False
workload_291.cpp,xczu7ev-ffvc1156-2-e,10,1882.48393,404,77,2,6,25,block_4_1,block_32_1,cyclic_128_1,unroll_2,unroll_4,pipeline_1,unroll_2,unroll_2,1,27.5,0.638671716877,False
workload_241.cpp,xczu7ev-ffvc1156-2-e,10,1881.00937,452,77,3,9,31,block_4_1,block_32_1,cyclic_128_1,unroll_4,unroll_4,pipeline_1,unroll_2,unroll_2,1,30,0.579876248255,False
workload_330.cpp,xczu7ev-ffvc1156-2-e,10,11094.39665,1654,41,76,45,73,block_4_1,block_64_1,block_2_1,unroll_32,unroll_2,unroll_4,unroll_2,unroll_8,1,58.75,0.100151943826,False
workload_55.cpp,xczu7ev-ffvc1156-2-e,10,1712.25249,206,66,7,31,34,block_4_1,block_8_1,block_2_1,unroll_16,unroll_2,pipeline_1,unroll_8,unroll_2,1,34.5,0.48259782634,False
workload_308.cpp,xczu7ev-ffvc1156-2-e,10,1712.25249,272,66,7,32,38,block_4_1,block_8_1,block_2_1,unroll_16,unroll_4,pipeline_1,unroll_8,unroll_2,1,35.75,0.457508719327,False
workload_525.cpp,xczu7ev-ffvc1156-2-e,10,1714.71185,82,66,2,5,8,block_4_1,block_8_1,block_2_1,unroll_2,unroll_2,pipeline_1,unroll_2,unroll_2,1,20.25,0.828622876244,False
workload_160.cpp,xczu7ev-ffvc1156-2-e,10,1708.79137,420,66,1,65,59,block_4_1,block_8_1,block_2_1,unroll_64,unroll_2,pipeline_1,unroll_8,unroll_2,1,47.75,0.259926730596,False
workload_289.cpp,xczu7ev-ffvc1156-2-e,10,1880.02633,208,67,7,31,35,block_4_1,block_8_1,block_8_1,unroll_16,unroll_4,pipeline_1,unroll_2,unroll_2,1,35,0.472422893378,False
workload_350.cpp,xczu7ev-ffvc1156-2-e,10,1880.02633,670,77,7,31,58,block_4_1,block_8_1,cyclic_128_1,unroll_16,unroll_4,pipeline_1,unroll_2,unroll_2,1,43.25,0.324819869298,False
workload_310.cpp,xczu7ev-ffvc1156-2-e,10,1880.02465,237,67,7,31,37,block_4_1,block_8_1,cyclic_16_1,unroll_16,unroll_2,pipeline_1,unroll_8,unroll_2,1,35.5,0.462423656436,False
workload_326.cpp,xczu7ev-ffvc1156-2-e,10,11504.65361,1153,32,76,44,63,block_4_1,block_8_1,cyclic_8_1,unroll_32,unroll_2,unroll_4,unroll_2,unroll_2,1,53.75,0.10330749067,False
workload_35.cpp,xczu7ev-ffvc1156-2-e,10,1712.25249,209,65,7,31,34,block_4_1,cyclic_4_1,block_2_1,unroll_16,unroll_2,pipeline_1,unroll_8,unroll_2,1,34.25,0.487717673495,False
workload_239.cpp,xczu7ev-ffvc1156-2-e,10,1712.25249,207,66,7,31,34,block_4_1,cyclic_4_1,block_4_1,unroll_16,unroll_2,pipeline_1,unroll_8,unroll_2,1,34.5,0.48259782634,False
workload_276.cpp,xczu7ev-ffvc1156-2-e,10,1712.25249,210,66,7,31,35,block_4_1,cyclic_8_1,block_2_1,unroll_16,unroll_2,pipeline_1,unroll_8,unroll_2,1,34.75,0.477511986326,False
workload_284.cpp,xczu7ev-ffvc1156-2-e,10,1708.79137,462,66,1,67,63,block_4_1,cyclic_8_1,block_2_1,unroll_64,unroll_2,pipeline_1,unroll_8,unroll_2,1,49.25,0.240742131982,False
workload_598.cpp,xczu7ev-ffvc1156-2-e,10,15288.85361,399,39,5,5,28,block_64_1,cyclic_2_1,block_2_1,unroll_2,unroll_2,unroll_4,unroll_4,unroll_8,1,19.25,0.115778104253,False
workload_377.cpp,xczu7ev-ffvc1156-2-e,10,10823.07753,1616,34,76,46,86,block_8_1,block_32_1,block_2_1,unroll_32,unroll_4,unroll_4,unroll_2,unroll_8,1,60.5,0.1,False
workload_659.cpp,xczu7ev-ffvc1156-2-e,10,7309.10885,1488,48,1,5,74,cyclic_16_1,block_128_1,block_2_1,unroll_4,unroll_8,unroll_4,unroll_2,unroll_8,1,32,0.344719557142,False
workload_324.cpp,xczu7ev-ffvc1156-2-e,10,1878.38801,85,91,1,2,8,cyclic_16_1,block_16_1,block_2_1,unroll_2,unroll_2,pipeline_1,unroll_2,unroll_2,1,25.5,0.688141850547,False
workload_358.cpp,xczu7ev-ffvc1156-2-e,10,4048.11953,126,38,1,2,11,cyclic_16_1,block_16_1,block_2_1,unroll_2,unroll_2,unroll_4,unroll_2,unroll_8,1,13,0.789995210994,False
workload_375.cpp,xczu7ev-ffvc1156-2-e,10,4048.11889,145,38,1,3,13,cyclic_16_1,block_16_1,block_2_1,unroll_2,unroll_2,unroll_4,unroll_4,unroll_8,1,13.75,0.779479014454,False
workload_425.cpp,xczu7ev-ffvc1156-2-e,10,1878.69281,395,91,1,9,39,cyclic_16_1,block_16_1,block_2_1,unroll_32,unroll_2,pipeline_1,unroll_8,unroll_4,1,35,0.472424825649,False
workload_440.cpp,xczu7ev-ffvc1156-2-e,10,1878.55025,131,91,1,3,13,cyclic_16_1,block_16_1,block_2_1,unroll_4,unroll_2,pipeline_1,unroll_2,unroll_8,1,27,0.650848338693,False
workload_313.cpp,xczu7ev-ffvc1156-2-e,10,1878.67473,174,91,1,5,19,cyclic_16_1,block_2_1,block_2_1,unroll_16,unroll_2,pipeline_1,unroll_2,unroll_2,1,29,0.60299820798,False
workload_501.cpp,xczu7ev-ffvc1156-2-e,10,3985.20649,119,38,1,2,13,cyclic_16_1,block_32_1,block_2_1,unroll_2,unroll_4,unroll_4,unroll_2,unroll_2,1,13.5,0.78842504033,False
workload_262.cpp,xczu7ev-ffvc1156-2-e,10,4127.91985,1032,38,1,8,59,cyclic_16_1,block_32_1,block_2_1,unroll_32,unroll_2,unroll_4,unroll_2,unroll_8,1,26.5,0.588275352007,False
workload_504.cpp,xczu7ev-ffvc1156-2-e,10,4127.91809,962,38,1,9,62,cyclic_16_1,block_32_1,block_2_1,unroll_32,unroll_2,unroll_4,unroll_8,unroll_8,1,27.5,0.570301945186,False
workload_372.cpp,xczu7ev-ffvc1156-2-e,10,4127.91977,1053,38,1,10,65,cyclic_16_1,block_32_1,block_2_1,unroll_32,unroll_4,unroll_4,unroll_2,unroll_8,1,28.5,0.552118952885,False
workload_407.cpp,xczu7ev-ffvc1156-2-e,10,1878.55185,105,91,1,2,11,cyclic_16_1,block_32_1,block_2_1,unroll_4,unroll_2,pipeline_1,unroll_2,unroll_2,1,26.25,0.669345050561,False
workload_338.cpp,xczu7ev-ffvc1156-2-e,10,3974.63881,143,38,1,3,16,cyclic_16_1,block_32_1,block_2_1,unroll_4,unroll_4,unroll_4,unroll_2,unroll_2,1,14.5,0.77342120758,False
workload_424.cpp,xczu7ev-ffvc1156-2-e,10,3974.63817,175,38,1,4,20,cyclic_16_1,block_32_1,block_2_1,unroll_4,unroll_4,unroll_4,unroll_2,unroll_4,1,15.75,0.751183113322,False
workload_384.cpp,xczu7ev-ffvc1156-2-e,10,2046.32393,174,92,1,3,18,cyclic_16_1,block_32_1,cyclic_32_1,unroll_4,unroll_4,pipeline_1,unroll_2,unroll_2,1,28.5,0.613923502038,False
workload_388.cpp,xczu7ev-ffvc1156-2-e,10,4656.29361,149,48,1,2,17,cyclic_16_1,block_64_1,block_2_1,unroll_2,unroll_2,unroll_4,unroll_2,unroll_8,1,17,0.68153984758,False
workload_279.cpp,xczu7ev-ffvc1156-2-e,10,1878.69345,651,91,1,15,55,cyclic_16_1,block_8_1,block_2_1,unroll_64,unroll_2,pipeline_1,unroll_8,unroll_2,1,40.5,0.369908144046,False
workload_304.cpp,xczu7ev-ffvc1156-2-e,10,2046.44617,317,92,1,7,30,cyclic_16_1,cyclic_16_1,block_16_1,unroll_16,unroll_4,pipeline_1,unroll_4,unroll_2,1,32.5,0.523900612954,False
workload_867.cpp,xczu7ev-ffvc1156-2-e,10,1867.08241,242,37,3,5,16,cyclic_16_1,cyclic_2_1,block_2_1,unroll_2,unroll_2,unroll_64,unroll_4,unroll_2,1,15.25,0.903391064161,False
workload_459.cpp,xczu7ev-ffvc1156-2-e,10,3314.11785,108,37,1,2,10,cyclic_16_1,cyclic_2_1,block_2_1,unroll_2,unroll_4,unroll_4,unroll_2,unroll_2,1,12.5,0.857988006269,False
workload_535.cpp,xczu7ev-ffvc1156-2-e,10,3314.11625,224,37,1,3,13,cyclic_16_1,cyclic_2_1,block_2_1,unroll_2,unroll_4,unroll_4,unroll_2,unroll_8,1,13.5,0.8390449057,False
workload_280.cpp,xczu7ev-ffvc1156-2-e,10,3254.98033,651,37,1,8,55,cyclic_16_1,cyclic_2_1,block_2_1,unroll_32,unroll_2,unroll_4,unroll_2,unroll_8,1,25.25,0.656550166274,False
workload_471.cpp,xczu7ev-ffvc1156-2-e,10,1878.55017,231,91,1,4,15,cyclic_16_1,cyclic_2_1,block_2_1,unroll_4,unroll_4,pipeline_1,unroll_2,unroll_8,1,27.75,0.632652660801,False
workload_414.cpp,xczu7ev-ffvc1156-2-e,10,3282.57705,235,37,1,3,16,cyclic_16_1,cyclic_2_1,block_2_1,unroll_4,unroll_4,unroll_4,unroll_2,unroll_8,1,14.25,0.825408630587,False
workload_538.cpp,xczu7ev-ffvc1156-2-e,10,3282.57697,239,37,1,3,16,cyclic_16_1,cyclic_2_1,block_2_1,unroll_4,unroll_4,unroll_4,unroll_8,unroll_2,1,14.25,0.825408635161,False
workload_469.cpp,xczu7ev-ffvc1156-2-e,10,3389.31377,842,37,1,10,60,cyclic_16_1,cyclic_2_1,block_2_1,unroll_64,unroll_2,unroll_4,unroll_2,unroll_8,1,27,0.614138122462,False
workload_765.cpp,xczu7ev-ffvc1156-2-e,10,1950.84289,508,37,3,6,24,cyclic_16_1,cyclic_2_1,block_2_1,unroll_8,unroll_2,unroll_32,unroll_8,unroll_8,1,17.5,0.88364501354,False
workload_400.cpp,xczu7ev-ffvc1156-2-e,10,2046.32393,146,92,1,3,13,cyclic_16_1,cyclic_4_1,block_16_1,unroll_4,unroll_4,pipeline_1,unroll_2,unroll_2,1,27.25,0.6437793646,False
workload_580.cpp,xczu7ev-ffvc1156-2-e,10,3314.11721,132,37,1,3,12,cyclic_16_1,cyclic_4_1,block_2_1,unroll_2,unroll_4,unroll_4,unroll_4,unroll_2,1,13.25,0.8439808879,False
workload_395.cpp,xczu7ev-ffvc1156-2-e,10,7162.23665,371,37,1,5,33,cyclic_16_1,cyclic_4_1,block_2_1,unroll_32,unroll_2,unroll_2,unroll_2,unroll_8,1,19,0.476477899428,False
workload_339.cpp,xczu7ev-ffvc1156-2-e,10,1878.67297,232,91,1,6,22,cyclic_16_1,cyclic_4_1,block_4_1,unroll_16,unroll_2,pipeline_1,unroll_8,unroll_2,1,30,0.57988177736,False
workload_254.cpp,xczu7ev-ffvc1156-2-e,10,1878.55177,144,92,1,3,19,cyclic_16_1,cyclic_64_1,block_4_1,unroll_4,unroll_4,pipeline_1,unroll_2,unroll_2,1,28.75,0.608862007949,False
workload_890.cpp,xczu7ev-ffvc1156-2-e,10,1705.53617,143,72,1,2,20,cyclic_2_1,block_128_1,block_2_1,unroll_4,unroll_2,pipeline_1,unroll_4,unroll_2,1,23.75,0.733414984089,False
workload_696.cpp,xczu7ev-ffvc1156-2-e,10,6999.77841,336,41,1,2,26,cyclic_2_1,block_128_1,block_2_1,unroll_4,unroll_2,unroll_4,unroll_4,unroll_8,1,17.5,0.501374908089,False
workload_829.cpp,xczu7ev-ffvc1156-2-e,10,6999.77889,325,41,1,2,23,cyclic_2_1,block_128_1,block_2_1,unroll_4,unroll_2,unroll_4,unroll_8,unroll_2,1,16.75,0.507611248653,False
workload_558.cpp,xczu7ev-ffvc1156-2-e,10,5720.59809,95,30,1,2,7,cyclic_2_1,block_16_1,block_2_1,unroll_2,unroll_2,unroll_2,unroll_8,unroll_2,1,10,0.650272683892,False
workload_484.cpp,xczu7ev-ffvc1156-2-e,10,3749.27537,101,30,1,2,8,cyclic_2_1,block_16_1,block_2_1,unroll_2,unroll_2,unroll_4,unroll_2,unroll_8,1,10.25,0.845362215547,False
workload_531.cpp,xczu7ev-ffvc1156-2-e,10,3749.27473,116,30,1,2,9,cyclic_2_1,block_16_1,block_2_1,unroll_2,unroll_2,unroll_4,unroll_4,unroll_8,1,10.5,0.843800316834,False
workload_611.cpp,xczu7ev-ffvc1156-2-e,10,1705.36961,278,62,1,4,14,cyclic_2_1,block_16_1,block_2_1,unroll_2,unroll_4,pipeline_1,unroll_8,unroll_8,1,20.25,0.828591112916,False
workload_702.cpp,xczu7ev-ffvc1156-2-e,10,3749.27529,152,30,1,3,11,cyclic_2_1,block_16_1,block_2_1,unroll_2,unroll_4,unroll_4,unroll_2,unroll_8,1,11.25,0.837759126146,False
workload_426.cpp,xczu7ev-ffvc1156-2-e,10,1705.67681,321,62,1,10,27,cyclic_2_1,block_16_1,block_2_1,unroll_32,unroll_2,pipeline_1,unroll_8,unroll_8,1,25,0.701026737481,False
workload_453.cpp,xczu7ev-ffvc1156-2-e,10,5846.27361,250,30,1,3,15,cyclic_2_1,block_16_1,block_2_1,unroll_32,unroll_2,unroll_2,unroll_8,unroll_2,1,12.25,0.632211615208,False
workload_329.cpp,xczu7ev-ffvc1156-2-e,10,5846.27297,261,30,1,4,16,cyclic_2_1,block_16_1,block_2_1,unroll_32,unroll_2,unroll_2,unroll_8,unroll_4,1,12.75,0.629557218709,False
workload_379.cpp,xczu7ev-ffvc1156-2-e,10,5846.27201,281,30,1,4,16,cyclic_2_1,block_16_1,block_2_1,unroll_32,unroll_2,unroll_2,unroll_8,unroll_8,1,12.75,0.629557303468,False
workload_451.cpp,xczu7ev-ffvc1156-2-e,10,4093.84097,360,30,1,5,18,cyclic_2_1,block_16_1,block_2_1,unroll_32,unroll_2,unroll_4,unroll_8,unroll_2,1,13.5,0.779247310593,False
workload_629.cpp,xczu7ev-ffvc1156-2-e,10,5720.59809,98,31,1,2,7,cyclic_2_1,block_16_1,block_4_1,unroll_2,unroll_2,unroll_2,unroll_8,unroll_2,1,10.25,0.650002064126,False
workload_679.cpp,xczu7ev-ffvc1156-2-e,10,1705.36961,307,62,1,4,14,cyclic_2_1,block_16_1,block_4_1,unroll_2,unroll_4,pipeline_1,unroll_8,unroll_8,1,20.25,0.828591112916,False
workload_703.cpp,xczu7ev-ffvc1156-2-e,10,1705.37297,76,61,1,2,5,cyclic_2_1,block_2_1,block_2_1,unroll_2,unroll_2,pipeline_1,unroll_2,unroll_2,1,17.25,1,True
workload_771.cpp,xczu7ev-ffvc1156-2-e,10,1705.37233,84,61,1,2,6,cyclic_2_1,block_2_1,block_2_1,unroll_2,unroll_2,pipeline_1,unroll_2,unroll_4,1,17.5,1,True
workload_637.cpp,xczu7ev-ffvc1156-2-e,10,1705.37233,85,61,1,2,6,cyclic_2_1,block_2_1,block_2_1,unroll_2,unroll_2,pipeline_1,unroll_4,unroll_2,1,17.5,1,True
workload_844.cpp,xczu7ev-ffvc1156-2-e,10,1705.37073,108,61,1,3,8,cyclic_2_1,block_2_1,block_2_1,unroll_2,unroll_2,pipeline_1,unroll_4,unroll_8,1,18.25,0.885924513701,False
workload_798.cpp,xczu7ev-ffvc1156-2-e,10,1705.37121,99,61,1,2,7,cyclic_2_1,block_2_1,block_2_1,unroll_2,unroll_2,pipeline_1,unroll_8,unroll_2,1,17.75,1,True
workload_812.cpp,xczu7ev-ffvc1156-2-e,10,6905.48849,158,29,1,2,9,cyclic_2_1,block_2_1,block_2_1,unroll_2,unroll_2,unroll_16,unroll_4,unroll_8,1,10.25,0.545434582816,False
workload_677.cpp,xczu7ev-ffvc1156-2-e,10,6900.24785,206,29,1,2,7,cyclic_2_1,block_2_1,block_2_1,unroll_2,unroll_2,unroll_32,unroll_2,unroll_2,1,9.75,0.546118158665,False
workload_796.cpp,xczu7ev-ffvc1156-2-e,10,6900.24625,230,29,1,3,9,cyclic_2_1,block_2_1,block_2_1,unroll_2,unroll_2,unroll_32,unroll_2,unroll_8,1,10.5,0.545628553813,False
workload_745.cpp,xczu7ev-ffvc1156-2-e,10,6936.94801,81,29,1,1,4,cyclic_2_1,block_2_1,block_2_1,unroll_2,unroll_2,unroll_4,unroll_2,unroll_2,1,8.75,0.542557857786,False
workload_713.cpp,xczu7ev-ffvc1156-2-e,10,6936.94641,100,29,1,2,6,cyclic_2_1,block_2_1,block_2_1,unroll_2,unroll_2,unroll_4,unroll_2,unroll_8,1,9.5,0.543046054419,False
workload_581.cpp,xczu7ev-ffvc1156-2-e,10,6936.94737,88,29,1,1,5,cyclic_2_1,block_2_1,block_2_1,unroll_2,unroll_2,unroll_4,unroll_4,unroll_2,1,9,0.542801516561,False
workload_883.cpp,xczu7ev-ffvc1156-2-e,10,6915.97649,93,29,1,1,5,cyclic_2_1,block_2_1,block_2_1,unroll_2,unroll_2,unroll_8,unroll_2,unroll_2,1,9,0.54455422911,False
workload_781.cpp,xczu7ev-ffvc1156-2-e,10,1705.37216,1019,61,1,20,47,cyclic_2_1,block_2_1,block_2_1,unroll_2,unroll_32,pipeline_1,unroll_4,unroll_2,1,32.25,0.529891686857,False
workload_608.cpp,xczu7ev-ffvc1156-2-e,10,6978.89097,89,29,1,2,6,cyclic_2_1,block_2_1,block_2_1,unroll_2,unroll_4,unroll_2,unroll_2,unroll_2,1,9.5,0.539548149733,False
workload_782.cpp,xczu7ev-ffvc1156-2-e,10,1705.37061,428,61,1,7,18,cyclic_2_1,block_2_1,block_2_1,unroll_2,unroll_8,pipeline_1,unroll_4,unroll_8,1,21.75,0.786993240015,False
workload_804.cpp,xczu7ev-ffvc1156-2-e,10,1705.53681,87,61,1,2,6,cyclic_2_1,block_2_1,block_2_1,unroll_4,unroll_2,pipeline_1,unroll_2,unroll_2,1,17.5,0.896873283371,False
workload_805.cpp,xczu7ev-ffvc1156-2-e,10,1705.53617,95,61,1,3,7,cyclic_2_1,block_2_1,block_2_1,unroll_4,unroll_2,pipeline_1,unroll_2,unroll_4,1,18,0.885908809986,False
workload_763.cpp,xczu7ev-ffvc1156-2-e,10,1705.53521,109,61,1,3,8,cyclic_2_1,block_2_1,block_2_1,unroll_4,unroll_2,pipeline_1,unroll_2,unroll_8,1,18.25,0.88591620475,False
workload_757.cpp,xczu7ev-ffvc1156-2-e,10,1705.53457,116,61,1,3,9,cyclic_2_1,block_2_1,block_2_1,unroll_4,unroll_2,pipeline_1,unroll_4,unroll_8,1,18.5,0.878642812578,False
workload_685.cpp,xczu7ev-ffvc1156-2-e,10,6936.86609,96,29,1,1,5,cyclic_2_1,block_2_1,block_2_1,unroll_4,unroll_2,unroll_4,unroll_2,unroll_2,1,9,0.542808303191,False
workload_709.cpp,xczu7ev-ffvc1156-2-e,10,6936.86385,123,29,1,2,8,cyclic_2_1,block_2_1,block_2_1,unroll_4,unroll_2,unroll_4,unroll_4,unroll_8,1,10,0.542973432429,False
workload_875.cpp,xczu7ev-ffvc1156-2-e,10,1705.67841,452,61,1,16,34,cyclic_2_1,block_2_1,block_2_1,unroll_64,unroll_2,pipeline_1,unroll_8,unroll_2,1,28,0.626749969977,False
workload_766.cpp,xczu7ev-ffvc1156-2-e,10,1705.37233,87,61,1,2,6,cyclic_2_1,block_2_1,block_4_1,unroll_2,unroll_2,pipeline_1,unroll_4,unroll_2,1,17.5,1,True
workload_643.cpp,xczu7ev-ffvc1156-2-e,10,6900.24625,243,30,1,2,10,cyclic_2_1,block_2_1,block_4_1,unroll_2,unroll_2,unroll_32,unroll_2,unroll_8,1,10.75,0.545302358657,False
workload_648.cpp,xczu7ev-ffvc1156-2-e,10,6936.94801,81,30,1,1,4,cyclic_2_1,block_2_1,block_4_1,unroll_2,unroll_2,unroll_4,unroll_2,unroll_2,1,9,0.542801463123,False
workload_597.cpp,xczu7ev-ffvc1156-2-e,10,1705.37073,116,62,1,3,12,cyclic_2_1,block_32_1,block_2_1,unroll_2,unroll_2,pipeline_1,unroll_4,unroll_8,1,19.5,0.849842027908,False
workload_686.cpp,xczu7ev-ffvc1156-2-e,10,1705.36961,140,62,1,3,13,cyclic_2_1,block_32_1,block_2_1,unroll_2,unroll_2,pipeline_1,unroll_8,unroll_8,1,19.75,0.842725031479,False
workload_661.cpp,xczu7ev-ffvc1156-2-e,10,5678.65441,113,30,1,2,11,cyclic_2_1,block_32_1,block_2_1,unroll_2,unroll_2,unroll_2,unroll_8,unroll_4,1,11,0.652319582132,False
workload_627.cpp,xczu7ev-ffvc1156-2-e,10,2058.44593,239,30,2,7,24,cyclic_2_1,block_32_1,block_2_1,unroll_2,unroll_2,unroll_32,unroll_4,unroll_8,1,15.75,0.892928637555,False
workload_417.cpp,xczu7ev-ffvc1156-2-e,10,3686.36241,85,30,1,1,7,cyclic_2_1,block_32_1,block_2_1,unroll_2,unroll_2,unroll_4,unroll_2,unroll_2,1,9.75,0.854059503611,False
workload_456.cpp,xczu7ev-ffvc1156-2-e,10,3686.36081,109,30,1,2,11,cyclic_2_1,block_32_1,block_2_1,unroll_2,unroll_2,unroll_4,unroll_2,unroll_8,1,11,0.846198539451,False
workload_585.cpp,xczu7ev-ffvc1156-2-e,10,3686.36017,119,30,1,2,12,cyclic_2_1,block_32_1,block_2_1,unroll_2,unroll_2,unroll_4,unroll_4,unroll_8,1,11.25,0.843849980061,False
workload_434.cpp,xczu7ev-ffvc1156-2-e,10,3686.36065,108,30,1,2,11,cyclic_2_1,block_32_1,block_2_1,unroll_2,unroll_2,unroll_4,unroll_8,unroll_2,1,11,0.846198555203,False
workload_542.cpp,xczu7ev-ffvc1156-2-e,10,2700.69873,132,30,1,3,14,cyclic_2_1,block_32_1,block_2_1,unroll_2,unroll_2,unroll_8,unroll_4,unroll_8,1,12,0.910522941154,False
workload_698.cpp,xczu7ev-ffvc1156-2-e,10,3686.36224,770,30,1,13,49,cyclic_2_1,block_32_1,block_2_1,unroll_2,unroll_32,unroll_4,unroll_2,unroll_2,1,23.25,0.672143818686,False
workload_657.cpp,xczu7ev-ffvc1156-2-e,10,5678.65673,95,30,1,2,9,cyclic_2_1,block_32_1,block_2_1,unroll_2,unroll_4,unroll_2,unroll_2,unroll_2,1,10.5,0.653496640708,False
workload_636.cpp,xczu7ev-ffvc1156-2-e,10,5678.65609,113,30,1,3,12,cyclic_2_1,block_32_1,block_2_1,unroll_2,unroll_4,unroll_2,unroll_4,unroll_2,1,11.5,0.650652561129,False
workload_537.cpp,xczu7ev-ffvc1156-2-e,10,3686.36233,101,30,1,2,10,cyclic_2_1,block_32_1,block_2_1,unroll_2,unroll_4,unroll_4,unroll_2,unroll_2,1,10.75,0.848248720399,False
workload_130.cpp,xczu7ev-ffvc1156-2-e,10,1705.67777,327,62,1,9,31,cyclic_2_1,block_32_1,block_2_1,unroll_32,unroll_2,pipeline_1,unroll_8,unroll_4,2,25.75,0.681999853999,False
workload_252.cpp,xczu7ev-ffvc1156-2-e,10,5759.76609,319,30,1,3,17,cyclic_2_1,block_32_1,block_2_1,unroll_32,unroll_2,unroll_2,unroll_8,unroll_2,1,12.75,0.637214767719,False
workload_202.cpp,xczu7ev-ffvc1156-2-e,10,5759.76545,320,30,1,4,18,cyclic_2_1,block_32_1,block_2_1,unroll_32,unroll_2,unroll_2,unroll_8,unroll_4,1,13.25,0.63404501858,False
workload_389.cpp,xczu7ev-ffvc1156-2-e,10,3889.36865,434,30,1,5,21,cyclic_2_1,block_32_1,block_2_1,unroll_32,unroll_2,unroll_4,unroll_8,unroll_2,1,14.25,0.78417161426,False
workload_393.cpp,xczu7ev-ffvc1156-2-e,10,3889.36801,439,30,1,5,22,cyclic_2_1,block_32_1,block_2_1,unroll_32,unroll_2,unroll_4,unroll_8,unroll_4,1,14.5,0.779869146489,False
workload_474.cpp,xczu7ev-ffvc1156-2-e,10,1705.67777,428,62,1,11,36,cyclic_2_1,block_32_1,block_2_1,unroll_32,unroll_4,pipeline_1,unroll_8,unroll_4,1,27.5,0.638790252723,False
workload_446.cpp,xczu7ev-ffvc1156-2-e,10,3889.36865,498,30,1,6,25,cyclic_2_1,block_32_1,block_2_1,unroll_32,unroll_4,unroll_4,unroll_8,unroll_2,1,15.5,0.761682696575,False
workload_416.cpp,xczu7ev-ffvc1156-2-e,10,3889.36705,658,30,1,6,30,cyclic_2_1,block_32_1,block_2_1,unroll_32,unroll_4,unroll_4,unroll_8,unroll_8,1,16.75,0.739856286364,False
workload_534.cpp,xczu7ev-ffvc1156-2-e,10,1705.53521,121,62,1,3,12,cyclic_2_1,block_32_1,block_2_1,unroll_4,unroll_2,pipeline_1,unroll_2,unroll_8,1,19.5,0.849842745473,False
workload_573.cpp,xczu7ev-ffvc1156-2-e,10,5720.51633,111,30,1,2,10,cyclic_2_1,block_32_1,block_2_1,unroll_4,unroll_2,unroll_2,unroll_2,unroll_8,1,10.75,0.64909837143,False
workload_481.cpp,xczu7ev-ffvc1156-2-e,10,3707.25041,121,30,1,2,11,cyclic_2_1,block_32_1,block_2_1,unroll_4,unroll_2,unroll_4,unroll_2,unroll_8,1,11,0.844139014354,False
workload_452.cpp,xczu7ev-ffvc1156-2-e,10,1705.53673,109,62,1,3,11,cyclic_2_1,block_32_1,block_2_1,unroll_4,unroll_4,pipeline_1,unroll_2,unroll_2,1,19.25,0.856993042323,False
workload_483.cpp,xczu7ev-ffvc1156-2-e,10,3707.25193,115,30,1,2,11,cyclic_2_1,block_32_1,block_2_1,unroll_4,unroll_4,unroll_4,unroll_2,unroll_2,1,11,0.844138864288,False
workload_543.cpp,xczu7ev-ffvc1156-2-e,10,4253.73361,582,30,1,5,23,cyclic_2_1,block_32_1,block_2_1,unroll_64,unroll_2,unroll_4,unroll_2,unroll_8,1,14.75,0.747618774715,False
workload_574.cpp,xczu7ev-ffvc1156-2-e,10,2058.44593,244,31,2,7,24,cyclic_2_1,block_32_1,block_4_1,unroll_2,unroll_2,unroll_32,unroll_4,unroll_8,1,16,0.891906846547,False
workload_480.cpp,xczu7ev-ffvc1156-2-e,10,3686.36241,84,31,1,1,7,cyclic_2_1,block_32_1,block_4_1,unroll_2,unroll_2,unroll_4,unroll_2,unroll_2,1,10,0.853109361631,False
workload_635.cpp,xczu7ev-ffvc1156-2-e,10,3686.36177,94,31,1,2,9,cyclic_2_1,block_32_1,block_4_1,unroll_2,unroll_2,unroll_4,unroll_4,unroll_2,1,10.75,0.848248776672,False
workload_593.cpp,xczu7ev-ffvc1156-2-e,10,3686.36017,124,31,1,2,12,cyclic_2_1,block_32_1,block_4_1,unroll_2,unroll_2,unroll_4,unroll_4,unroll_8,1,11.5,0.841225946388,False
workload_567.cpp,xczu7ev-ffvc1156-2-e,10,2700.69873,136,31,1,3,14,cyclic_2_1,block_32_1,block_4_1,unroll_2,unroll_2,unroll_8,unroll_4,unroll_8,1,12.25,0.906024037477,False
workload_312.cpp,xczu7ev-ffvc1156-2-e,10,5759.76545,323,31,1,4,18,cyclic_2_1,block_32_1,block_4_1,unroll_32,unroll_2,unroll_2,unroll_8,unroll_4,1,13.5,0.632306007514,False
workload_376.cpp,xczu7ev-ffvc1156-2-e,10,1705.67777,484,62,1,15,38,cyclic_2_1,block_32_1,block_4_1,unroll_64,unroll_2,pipeline_1,unroll_8,unroll_4,1,29,0.603076743727,False
workload_530.cpp,xczu7ev-ffvc1156-2-e,10,4253.73521,555,31,1,4,20,cyclic_2_1,block_32_1,block_4_1,unroll_64,unroll_2,unroll_4,unroll_2,unroll_2,1,14,0.75870066894,False
workload_587.cpp,xczu7ev-ffvc1156-2-e,10,4253.73297,602,31,1,5,25,cyclic_2_1,block_32_1,block_4_1,unroll_64,unroll_2,unroll_4,unroll_4,unroll_8,1,15.5,0.735585600986,False
workload_306.cpp,xczu7ev-ffvc1156-2-e,10,1873.30889,402,73,1,3,25,cyclic_2_1,block_32_1,cyclic_128_1,unroll_4,unroll_4,pipeline_1,unroll_2,unroll_2,1,25.5,0.688162764481,False
workload_401.cpp,xczu7ev-ffvc1156-2-e,10,3875.02345,156,31,1,3,16,cyclic_2_1,block_32_1,cyclic_16_1,unroll_4,unroll_4,unroll_4,unroll_2,unroll_4,1,12.75,0.808535108256,False
workload_373.cpp,xczu7ev-ffvc1156-2-e,10,3875.02345,142,31,1,3,15,cyclic_2_1,block_32_1,cyclic_8_1,unroll_4,unroll_4,unroll_4,unroll_2,unroll_4,1,12.5,0.811867673113,False
workload_431.cpp,xczu7ev-ffvc1156-2-e,10,3885.46889,152,31,1,3,14,cyclic_2_1,block_32_1,cyclic_8_1,unroll_8,unroll_4,unroll_4,unroll_2,unroll_2,1,12.25,0.814059770198,False
workload_563.cpp,xczu7ev-ffvc1156-2-e,10,3667.86721,188,30,1,3,12,cyclic_2_1,block_4_1,block_2_1,unroll_16,unroll_2,unroll_4,unroll_8,unroll_2,1,11.5,0.842963988433,False
workload_579.cpp,xczu7ev-ffvc1156-2-e,10,1705.37297,76,61,1,2,5,cyclic_2_1,block_4_1,block_2_1,unroll_2,unroll_2,pipeline_1,unroll_2,unroll_2,1,17.25,1,True
workload_690.cpp,xczu7ev-ffvc1156-2-e,10,1705.37233,85,61,1,2,6,cyclic_2_1,block_4_1,block_2_1,unroll_2,unroll_2,pipeline_1,unroll_2,unroll_4,1,17.5,1,True
workload_584.cpp,xczu7ev-ffvc1156-2-e,10,1705.37137,96,61,1,2,7,cyclic_2_1,block_4_1,block_2_1,unroll_2,unroll_2,pipeline_1,unroll_2,unroll_8,1,17.75,0.89322206212,False
workload_517.cpp,xczu7ev-ffvc1156-2-e,10,1705.37073,107,61,1,3,8,cyclic_2_1,block_4_1,block_2_1,unroll_2,unroll_2,pipeline_1,unroll_4,unroll_8,1,18.25,0.885924513701,False
workload_863.cpp,xczu7ev-ffvc1156-2-e,10,1705.37121,97,61,1,2,7,cyclic_2_1,block_4_1,block_2_1,unroll_2,unroll_2,pipeline_1,unroll_8,unroll_2,1,17.75,1,True
workload_746.cpp,xczu7ev-ffvc1156-2-e,10,1705.36961,121,61,1,3,8,cyclic_2_1,block_4_1,block_2_1,unroll_2,unroll_2,pipeline_1,unroll_8,unroll_8,1,18.25,1,True
workload_671.cpp,xczu7ev-ffvc1156-2-e,10,5678.65681,73,30,1,1,4,cyclic_2_1,block_4_1,block_2_1,unroll_2,unroll_2,unroll_2,unroll_2,unroll_2,1,9,0.654012915006,False
workload_841.cpp,xczu7ev-ffvc1156-2-e,10,2137.09137,149,30,2,4,10,cyclic_2_1,block_4_1,block_2_1,unroll_2,unroll_2,unroll_32,unroll_2,unroll_2,1,11.5,0.964738495253,False
workload_616.cpp,xczu7ev-ffvc1156-2-e,10,3728.30545,79,30,1,1,4,cyclic_2_1,block_4_1,block_2_1,unroll_2,unroll_2,unroll_4,unroll_2,unroll_2,1,9,0.849906848409,False
workload_621.cpp,xczu7ev-ffvc1156-2-e,10,3728.30385,102,30,1,2,6,cyclic_2_1,block_4_1,block_2_1,unroll_2,unroll_2,unroll_4,unroll_2,unroll_8,1,9.75,0.849650893509,False
workload_788.cpp,xczu7ev-ffvc1156-2-e,10,2033.54385,253,30,3,6,17,cyclic_2_1,block_4_1,block_2_1,unroll_2,unroll_2,unroll_64,unroll_4,unroll_2,1,14,0.92923825113,False
workload_752.cpp,xczu7ev-ffvc1156-2-e,10,2763.61553,86,30,1,2,5,cyclic_2_1,block_4_1,block_2_1,unroll_2,unroll_2,unroll_8,unroll_2,unroll_2,1,9.5,0.93199990231,False
workload_662.cpp,xczu7ev-ffvc1156-2-e,10,2763.61489,97,30,1,2,6,cyclic_2_1,block_4_1,block_2_1,unroll_2,unroll_2,unroll_8,unroll_2,unroll_4,1,9.75,0.930748952733,False
workload_704.cpp,xczu7ev-ffvc1156-2-e,10,2763.61425,102,30,1,3,8,cyclic_2_1,block_4_1,block_2_1,unroll_2,unroll_2,unroll_8,unroll_4,unroll_4,1,10.5,0.923444035079,False
workload_764.cpp,xczu7ev-ffvc1156-2-e,10,1705.37225,106,61,1,3,9,cyclic_2_1,block_4_1,block_2_1,unroll_2,unroll_4,pipeline_1,unroll_2,unroll_4,1,18.5,0.878642007498,False
workload_858.cpp,xczu7ev-ffvc1156-2-e,10,1705.53681,87,61,1,2,6,cyclic_2_1,block_4_1,block_2_1,unroll_4,unroll_2,pipeline_1,unroll_2,unroll_2,1,17.5,0.896873283371,False
workload_846.cpp,xczu7ev-ffvc1156-2-e,10,2139.63089,248,30,2,5,15,cyclic_2_1,block_4_1,block_2_1,unroll_4,unroll_2,unroll_32,unroll_2,unroll_2,1,13,0.941646350334,False
workload_649.cpp,xczu7ev-ffvc1156-2-e,10,3728.22353,90,30,1,1,5,cyclic_2_1,block_4_1,block_2_1,unroll_4,unroll_2,unroll_4,unroll_2,unroll_2,1,9.25,0.850248921057,False
workload_693.cpp,xczu7ev-ffvc1156-2-e,10,3728.22289,97,30,1,2,6,cyclic_2_1,block_4_1,block_2_1,unroll_4,unroll_2,unroll_4,unroll_2,unroll_4,1,9.75,0.849659406194,False
workload_730.cpp,xczu7ev-ffvc1156-2-e,10,3728.22177,109,30,1,2,7,cyclic_2_1,block_4_1,block_2_1,unroll_4,unroll_2,unroll_4,unroll_8,unroll_2,1,10,0.848770354949,False
workload_747.cpp,xczu7ev-ffvc1156-2-e,10,2768.77425,139,30,1,3,10,cyclic_2_1,block_4_1,block_2_1,unroll_4,unroll_2,unroll_8,unroll_4,unroll_8,1,11,0.91701050471,False
workload_737.cpp,xczu7ev-ffvc1156-2-e,10,1705.67953,430,61,1,15,33,cyclic_2_1,block_4_1,block_2_1,unroll_64,unroll_2,pipeline_1,unroll_2,unroll_4,1,27.5,0.638790256127,False
workload_907.cpp,xczu7ev-ffvc1156-2-e,10,2771.35537,176,30,1,4,11,cyclic_2_1,block_4_1,block_2_1,unroll_8,unroll_2,unroll_8,unroll_2,unroll_8,1,11.5,0.911455700545,False
workload_868.cpp,xczu7ev-ffvc1156-2-e,10,1705.36961,126,62,1,3,8,cyclic_2_1,block_4_1,block_4_1,unroll_2,unroll_2,pipeline_1,unroll_8,unroll_8,1,18.5,0.878641994214,False
workload_778.cpp,xczu7ev-ffvc1156-2-e,10,3728.30545,77,30,1,1,4,cyclic_2_1,block_4_1,block_4_1,unroll_2,unroll_2,unroll_4,unroll_2,unroll_2,1,9,0.849906848409,False
workload_720.cpp,xczu7ev-ffvc1156-2-e,10,3728.22353,90,30,1,1,5,cyclic_2_1,block_4_1,block_4_1,unroll_4,unroll_2,unroll_4,unroll_2,unroll_2,1,9.25,0.850248921057,False
workload_794.cpp,xczu7ev-ffvc1156-2-e,10,3896.07761,80,31,1,1,5,cyclic_2_1,block_4_1,block_8_1,unroll_2,unroll_2,unroll_4,unroll_2,unroll_2,1,9.5,0.832371413477,False
workload_735.cpp,xczu7ev-ffvc1156-2-e,10,1705.53681,97,62,1,2,11,cyclic_2_1,block_64_1,block_2_1,unroll_4,unroll_2,pipeline_1,unroll_2,unroll_2,1,19,0.864176538986,False
workload_620.cpp,xczu7ev-ffvc1156-2-e,10,1705.65905,170,62,1,5,14,cyclic_2_1,block_8_1,block_2_1,unroll_16,unroll_2,pipeline_1,unroll_4,unroll_2,1,20.5,0.821575402926,False
workload_602.cpp,xczu7ev-ffvc1156-2-e,10,1705.65793,178,62,1,5,15,cyclic_2_1,block_8_1,block_2_1,unroll_16,unroll_2,pipeline_1,unroll_8,unroll_2,1,20.75,0.814592030983,False
workload_520.cpp,xczu7ev-ffvc1156-2-e,10,1705.65729,189,62,1,6,16,cyclic_2_1,block_8_1,block_2_1,unroll_16,unroll_2,pipeline_1,unroll_8,unroll_4,1,21.25,0.800725915849,False
workload_448.cpp,xczu7ev-ffvc1156-2-e,10,5673.26993,134,30,1,2,9,cyclic_2_1,block_8_1,block_2_1,unroll_16,unroll_2,unroll_2,unroll_4,unroll_2,1,10.5,0.653997037534,False
workload_503.cpp,xczu7ev-ffvc1156-2-e,10,5673.26929,145,30,1,3,10,cyclic_2_1,block_8_1,block_2_1,unroll_16,unroll_2,unroll_2,unroll_4,unroll_4,1,11,0.652817013129,False
workload_364.cpp,xczu7ev-ffvc1156-2-e,10,5673.26881,153,30,1,2,10,cyclic_2_1,block_8_1,block_2_1,unroll_16,unroll_2,unroll_2,unroll_8,unroll_2,1,10.75,0.653469083796,False
workload_582.cpp,xczu7ev-ffvc1156-2-e,10,3686.21905,173,30,1,3,10,cyclic_2_1,block_8_1,block_2_1,unroll_16,unroll_2,unroll_4,unroll_2,unroll_2,1,11,0.846212495561,False
workload_595.cpp,xczu7ev-ffvc1156-2-e,10,3686.21745,195,30,1,3,13,cyclic_2_1,block_8_1,block_2_1,unroll_16,unroll_2,unroll_4,unroll_2,unroll_8,1,11.75,0.83836094367,False
workload_488.cpp,xczu7ev-ffvc1156-2-e,10,3686.21729,193,30,1,3,13,cyclic_2_1,block_8_1,block_2_1,unroll_16,unroll_2,unroll_4,unroll_8,unroll_2,1,11.75,0.838360958385,False
workload_554.cpp,xczu7ev-ffvc1156-2-e,10,1705.37137,99,62,1,2,7,cyclic_2_1,block_8_1,block_2_1,unroll_2,unroll_2,pipeline_1,unroll_2,unroll_8,1,18,0.885907931708,False
workload_700.cpp,xczu7ev-ffvc1156-2-e,10,1705.37233,85,62,1,2,6,cyclic_2_1,block_8_1,block_2_1,unroll_2,unroll_2,pipeline_1,unroll_4,unroll_2,1,17.75,0.893222013757,False
workload_561.cpp,xczu7ev-ffvc1156-2-e,10,1705.37073,107,62,1,3,8,cyclic_2_1,block_8_1,block_2_1,unroll_2,unroll_2,pipeline_1,unroll_4,unroll_8,1,18.5,0.87864199985,False
workload_398.cpp,xczu7ev-ffvc1156-2-e,10,1705.37121,99,62,1,2,7,cyclic_2_1,block_8_1,block_2_1,unroll_2,unroll_2,pipeline_1,unroll_8,unroll_2,1,18,0.885907930844,False
workload_749.cpp,xczu7ev-ffvc1156-2-e,10,1705.36961,124,62,1,3,9,cyclic_2_1,block_8_1,block_2_1,unroll_2,unroll_2,pipeline_1,unroll_8,unroll_8,1,18.75,0.871392357499,False
workload_646.cpp,xczu7ev-ffvc1156-2-e,10,2139.71281,156,30,2,4,11,cyclic_2_1,block_8_1,block_2_1,unroll_2,unroll_2,unroll_32,unroll_2,unroll_2,1,11.75,0.959699378272,False
workload_617.cpp,xczu7ev-ffvc1156-2-e,10,2139.71217,164,30,2,5,12,cyclic_2_1,block_8_1,block_2_1,unroll_2,unroll_2,unroll_32,unroll_4,unroll_2,1,12.25,0.952016261402,False
workload_694.cpp,xczu7ev-ffvc1156-2-e,10,2139.71057,185,30,2,5,15,cyclic_2_1,block_8_1,block_2_1,unroll_2,unroll_2,unroll_32,unroll_4,unroll_8,1,13,0.941639968941,False
workload_570.cpp,xczu7ev-ffvc1156-2-e,10,3749.27697,77,30,1,1,5,cyclic_2_1,block_8_1,block_2_1,unroll_2,unroll_2,unroll_4,unroll_2,unroll_2,1,9.25,0.84800013228,False
workload_553.cpp,xczu7ev-ffvc1156-2-e,10,3749.27633,88,30,1,2,6,cyclic_2_1,block_8_1,block_2_1,unroll_2,unroll_2,unroll_4,unroll_2,unroll_4,1,9.75,0.84744550208,False
workload_692.cpp,xczu7ev-ffvc1156-2-e,10,2774.10001,104,30,1,3,8,cyclic_2_1,block_8_1,block_2_1,unroll_2,unroll_2,unroll_8,unroll_4,unroll_4,1,10.5,0.92310019864,False
workload_638.cpp,xczu7ev-ffvc1156-2-e,10,1705.36961,267,62,1,4,12,cyclic_2_1,block_8_1,block_2_1,unroll_2,unroll_4,pipeline_1,unroll_8,unroll_8,1,19.75,0.842725031479,False
workload_682.cpp,xczu7ev-ffvc1156-2-e,10,5720.59977,88,30,1,2,6,cyclic_2_1,block_8_1,block_2_1,unroll_2,unroll_4,unroll_2,unroll_2,unroll_2,1,9.75,0.650418881269,False
workload_663.cpp,xczu7ev-ffvc1156-2-e,10,5720.59817,140,30,1,3,9,cyclic_2_1,block_8_1,block_2_1,unroll_2,unroll_4,unroll_2,unroll_2,unroll_8,1,10.75,0.649090814531,False
workload_732.cpp,xczu7ev-ffvc1156-2-e,10,1705.36961,1035,62,1,7,20,cyclic_2_1,block_8_1,block_2_1,unroll_2,unroll_8,pipeline_1,unroll_8,unroll_8,1,22.5,0.766648205879,False
workload_288.cpp,xczu7ev-ffvc1156-2-e,10,6014.04577,233,30,1,3,14,cyclic_2_1,block_8_1,block_2_1,unroll_32,unroll_2,unroll_2,unroll_8,unroll_2,1,12,0.618409207823,False
workload_333.cpp,xczu7ev-ffvc1156-2-e,10,6014.04417,261,30,1,4,15,cyclic_2_1,block_8_1,block_2_1,unroll_32,unroll_2,unroll_2,unroll_8,unroll_8,1,12.5,0.616118379881,False
workload_641.cpp,xczu7ev-ffvc1156-2-e,10,3764.19665,628,30,1,6,22,cyclic_2_1,block_8_1,block_2_1,unroll_32,unroll_2,unroll_8,unroll_2,unroll_2,1,14.75,0.78441699084,False
workload_803.cpp,xczu7ev-ffvc1156-2-e,10,1705.53345,136,62,1,3,10,cyclic_2_1,block_8_1,block_2_1,unroll_4,unroll_2,pipeline_1,unroll_8,unroll_8,1,19,0.86417652341,False
workload_519.cpp,xczu7ev-ffvc1156-2-e,10,5762.46097,80,30,1,1,5,cyclic_2_1,block_8_1,block_2_1,unroll_4,unroll_2,unroll_2,unroll_2,unroll_2,1,9.25,0.646451485323,False
workload_485.cpp,xczu7ev-ffvc1156-2-e,10,5762.46033,87,30,1,1,6,cyclic_2_1,block_8_1,block_2_1,unroll_4,unroll_2,unroll_2,unroll_4,unroll_2,1,9.5,0.646554191035,False
workload_653.cpp,xczu7ev-ffvc1156-2-e,10,3780.65233,94,30,1,1,6,cyclic_2_1,block_8_1,block_2_1,unroll_4,unroll_2,unroll_4,unroll_2,unroll_2,1,9.5,0.844593590603,False
workload_612.cpp,xczu7ev-ffvc1156-2-e,10,3780.65225,107,30,1,2,8,cyclic_2_1,block_8_1,block_2_1,unroll_4,unroll_4,unroll_4,unroll_2,unroll_2,1,10.25,0.842150067251,False
workload_357.cpp,xczu7ev-ffvc1156-2-e,10,1705.67841,444,62,1,15,34,cyclic_2_1,block_8_1,block_2_1,unroll_64,unroll_2,pipeline_1,unroll_8,unroll_2,1,28,0.626749969977,False
workload_575.cpp,xczu7ev-ffvc1156-2-e,10,5741.44849,96,30,1,1,6,cyclic_2_1,block_8_1,block_2_1,unroll_8,unroll_2,unroll_2,unroll_2,unroll_2,1,9.5,0.648503244494,False
workload_624.cpp,xczu7ev-ffvc1156-2-e,10,1705.53449,190,62,1,5,13,cyclic_2_1,block_8_1,block_4_1,unroll_4,unroll_4,pipeline_1,unroll_4,unroll_8,1,20.25,0.828591766989,False
workload_607.cpp,xczu7ev-ffvc1156-2-e,10,2941.87281,99,31,1,2,8,cyclic_2_1,block_8_1,block_8_1,unroll_2,unroll_2,unroll_8,unroll_4,unroll_2,1,10.5,0.915755480552,False
workload_909.cpp,xczu7ev-ffvc1156-2-e,10,6915.85201,232,30,1,3,11,cyclic_2_1,cyclic_16_1,block_2_1,unroll_8,unroll_2,unroll_8,unroll_2,unroll_8,1,11.25,0.543109607578,False
workload_799.cpp,xczu7ev-ffvc1156-2-e,10,1901.03657,549,31,3,7,29,cyclic_2_1,cyclic_16_1,block_4_1,unroll_8,unroll_4,unroll_32,unroll_4,unroll_8,1,17.5,0.886474785917,False
workload_404.cpp,xczu7ev-ffvc1156-2-e,10,1705.65905,165,61,1,6,14,cyclic_2_1,cyclic_2_1,block_2_1,unroll_16,unroll_2,pipeline_1,unroll_4,unroll_2,1,20.5,0.821575402926,False
workload_449.cpp,xczu7ev-ffvc1156-2-e,10,1705.65841,170,61,1,6,15,cyclic_2_1,cyclic_2_1,block_2_1,unroll_16,unroll_2,pipeline_1,unroll_4,unroll_4,1,20.75,0.814592032766,False
workload_824.cpp,xczu7ev-ffvc1156-2-e,10,1705.37297,78,61,1,2,5,cyclic_2_1,cyclic_2_1,block_2_1,unroll_2,unroll_2,pipeline_1,unroll_2,unroll_2,1,17.25,1,True
workload_891.cpp,xczu7ev-ffvc1156-2-e,10,1705.37137,99,61,1,2,7,cyclic_2_1,cyclic_2_1,block_2_1,unroll_2,unroll_2,pipeline_1,unroll_2,unroll_8,1,17.75,0.89322206212,False
workload_723.cpp,xczu7ev-ffvc1156-2-e,10,1705.37233,83,61,1,2,6,cyclic_2_1,cyclic_2_1,block_2_1,unroll_2,unroll_2,pipeline_1,unroll_4,unroll_2,1,17.5,1,True
workload_591.cpp,xczu7ev-ffvc1156-2-e,10,1705.37073,104,61,1,3,8,cyclic_2_1,cyclic_2_1,block_2_1,unroll_2,unroll_2,pipeline_1,unroll_4,unroll_8,1,18.25,0.885924513701,False
workload_639.cpp,xczu7ev-ffvc1156-2-e,10,1705.37121,98,61,1,2,7,cyclic_2_1,cyclic_2_1,block_2_1,unroll_2,unroll_2,pipeline_1,unroll_8,unroll_2,1,17.75,1,True
workload_870.cpp,xczu7ev-ffvc1156-2-e,10,1705.36961,123,61,1,3,8,cyclic_2_1,cyclic_2_1,block_2_1,unroll_2,unroll_2,pipeline_1,unroll_8,unroll_8,1,18.25,1,True
workload_895.cpp,xczu7ev-ffvc1156-2-e,10,2045.34033,112,29,1,3,8,cyclic_2_1,cyclic_2_1,block_2_1,unroll_2,unroll_2,unroll_16,unroll_2,unroll_4,1,10.25,1,True
workload_753.cpp,xczu7ev-ffvc1156-2-e,10,2045.33873,132,29,1,3,9,cyclic_2_1,cyclic_2_1,block_2_1,unroll_2,unroll_2,unroll_16,unroll_4,unroll_8,1,10.5,0.989385167935,False
workload_758.cpp,xczu7ev-ffvc1156-2-e,10,4294.53313,118,29,1,2,7,cyclic_2_1,cyclic_2_1,block_2_1,unroll_2,unroll_2,unroll_2,unroll_8,unroll_8,1,9.75,0.790506658134,False
workload_717.cpp,xczu7ev-ffvc1156-2-e,10,1890.67601,144,29,2,3,9,cyclic_2_1,cyclic_2_1,block_2_1,unroll_2,unroll_2,unroll_32,unroll_2,unroll_2,1,10.75,1,True
workload_820.cpp,xczu7ev-ffvc1156-2-e,10,1890.67537,152,29,2,3,10,cyclic_2_1,cyclic_2_1,block_2_1,unroll_2,unroll_2,unroll_32,unroll_2,unroll_4,1,11,0.995778278555,False
workload_785.cpp,xczu7ev-ffvc1156-2-e,10,1890.67441,167,29,2,3,11,cyclic_2_1,cyclic_2_1,block_2_1,unroll_2,unroll_2,unroll_32,unroll_2,unroll_8,1,11.25,0.988283897651,False
workload_791.cpp,xczu7ev-ffvc1156-2-e,10,1890.67537,151,29,2,3,10,cyclic_2_1,cyclic_2_1,block_2_1,unroll_2,unroll_2,unroll_32,unroll_4,unroll_2,1,11,0.995778278555,False
workload_827.cpp,xczu7ev-ffvc1156-2-e,10,1890.67377,174,29,2,4,12,cyclic_2_1,cyclic_2_1,block_2_1,unroll_2,unroll_2,unroll_32,unroll_4,unroll_8,1,11.75,0.977628921823,False
workload_903.cpp,xczu7ev-ffvc1156-2-e,10,1890.67265,192,29,2,4,12,cyclic_2_1,cyclic_2_1,block_2_1,unroll_2,unroll_2,unroll_32,unroll_8,unroll_8,1,11.75,0.977628975983,False
workload_802.cpp,xczu7ev-ffvc1156-2-e,10,2994.30225,77,29,1,1,4,cyclic_2_1,cyclic_2_1,block_2_1,unroll_2,unroll_2,unroll_4,unroll_2,unroll_2,1,8.75,1,True
workload_707.cpp,xczu7ev-ffvc1156-2-e,10,2994.30065,97,29,1,2,6,cyclic_2_1,cyclic_2_1,block_2_1,unroll_2,unroll_2,unroll_4,unroll_2,unroll_8,1,9.5,0.924750157801,False
workload_516.cpp,xczu7ev-ffvc1156-2-e,10,2994.30001,106,29,1,2,7,cyclic_2_1,cyclic_2_1,block_2_1,unroll_2,unroll_2,unroll_4,unroll_4,unroll_8,1,9.75,0.922094696368,False
workload_759.cpp,xczu7ev-ffvc1156-2-e,10,2994.30049,97,29,1,2,6,cyclic_2_1,cyclic_2_1,block_2_1,unroll_2,unroll_2,unroll_4,unroll_8,unroll_2,1,9.5,0.924750169339,False
workload_660.cpp,xczu7ev-ffvc1156-2-e,10,2994.29985,108,29,1,2,7,cyclic_2_1,cyclic_2_1,block_2_1,unroll_2,unroll_2,unroll_4,unroll_8,unroll_4,1,9.75,0.922094707142,False
workload_738.cpp,xczu7ev-ffvc1156-2-e,10,2994.29889,123,29,1,2,7,cyclic_2_1,cyclic_2_1,block_2_1,unroll_2,unroll_2,unroll_4,unroll_8,unroll_8,1,9.75,0.922094771785,False
workload_872.cpp,xczu7ev-ffvc1156-2-e,10,1813.34193,252,29,2,4,14,cyclic_2_1,cyclic_2_1,block_2_1,unroll_2,unroll_2,unroll_64,unroll_2,unroll_8,1,12.25,0.974607227896,False
workload_831.cpp,xczu7ev-ffvc1156-2-e,10,1813.34289,236,29,2,4,13,cyclic_2_1,cyclic_2_1,block_2_1,unroll_2,unroll_2,unroll_64,unroll_4,unroll_2,1,12,0.97900133526,False
workload_800.cpp,xczu7ev-ffvc1156-2-e,10,2354.67089,86,29,1,2,5,cyclic_2_1,cyclic_2_1,block_2_1,unroll_2,unroll_2,unroll_8,unroll_2,unroll_2,1,9.25,1,True
workload_736.cpp,xczu7ev-ffvc1156-2-e,10,2354.67025,93,29,1,2,6,cyclic_2_1,cyclic_2_1,block_2_1,unroll_2,unroll_2,unroll_8,unroll_2,unroll_4,1,9.5,0.962745564828,False
workload_837.cpp,xczu7ev-ffvc1156-2-e,10,2354.66929,109,29,1,2,7,cyclic_2_1,cyclic_2_1,block_2_1,unroll_2,unroll_2,unroll_8,unroll_2,unroll_8,1,9.75,0.96480175487,False
workload_557.cpp,xczu7ev-ffvc1156-2-e,10,2354.66865,114,29,1,3,8,cyclic_2_1,cyclic_2_1,block_2_1,unroll_2,unroll_2,unroll_8,unroll_4,unroll_8,1,10.25,0.96614125543,False
workload_647.cpp,xczu7ev-ffvc1156-2-e,10,2354.66753,134,29,1,3,8,cyclic_2_1,cyclic_2_1,block_2_1,unroll_2,unroll_2,unroll_8,unroll_8,unroll_8,1,10.25,0.966141363844,False
workload_725.cpp,xczu7ev-ffvc1156-2-e,10,1705.37129,142,61,1,3,9,cyclic_2_1,cyclic_2_1,block_2_1,unroll_2,unroll_4,pipeline_1,unroll_2,unroll_8,1,18.5,0.878642002668,False
workload_606.cpp,xczu7ev-ffvc1156-2-e,10,2994.30153,107,29,1,3,8,cyclic_2_1,cyclic_2_1,block_2_1,unroll_2,unroll_4,unroll_4,unroll_2,unroll_4,1,10.25,0.916035556901,False
workload_676.cpp,xczu7ev-ffvc1156-2-e,10,2994.30153,108,29,1,3,8,cyclic_2_1,cyclic_2_1,block_2_1,unroll_2,unroll_4,unroll_4,unroll_4,unroll_2,1,10.25,0.916035556901,False
workload_892.cpp,xczu7ev-ffvc1156-2-e,10,2994.29889,270,29,1,4,10,cyclic_2_1,cyclic_2_1,block_2_1,unroll_2,unroll_4,unroll_4,unroll_8,unroll_8,1,11,0.905278102334,False
workload_498.cpp,xczu7ev-ffvc1156-2-e,10,1705.67793,279,61,1,10,24,cyclic_2_1,cyclic_2_1,block_2_1,unroll_32,unroll_2,pipeline_1,unroll_4,unroll_8,1,24,0.72686997556,False
workload_521.cpp,xczu7ev-ffvc1156-2-e,10,1705.67681,302,61,1,10,24,cyclic_2_1,cyclic_2_1,block_2_1,unroll_32,unroll_2,pipeline_1,unroll_8,unroll_8,1,24,0.72686997261,False
workload_708.cpp,xczu7ev-ffvc1156-2-e,10,2055.34321,1036,29,1,10,35,cyclic_2_1,cyclic_2_1,block_2_1,unroll_32,unroll_2,unroll_16,unroll_4,unroll_8,1,18.75,0.858151729401,False
workload_496.cpp,xczu7ev-ffvc1156-2-e,10,2995.45777,296,29,1,5,16,cyclic_2_1,cyclic_2_1,block_2_1,unroll_32,unroll_2,unroll_4,unroll_2,unroll_8,1,12.75,0.873096619138,False
workload_441.cpp,xczu7ev-ffvc1156-2-e,10,2995.45713,302,29,1,5,17,cyclic_2_1,cyclic_2_1,block_2_1,unroll_32,unroll_2,unroll_4,unroll_4,unroll_8,1,13,0.867846808532,False
workload_667.cpp,xczu7ev-ffvc1156-2-e,10,2344.68689,475,29,1,6,21,cyclic_2_1,cyclic_2_1,block_2_1,unroll_32,unroll_2,unroll_8,unroll_2,unroll_2,1,14.25,0.902988694691,False
workload_547.cpp,xczu7ev-ffvc1156-2-e,10,2344.68529,498,29,1,6,23,cyclic_2_1,cyclic_2_1,block_2_1,unroll_32,unroll_2,unroll_8,unroll_2,unroll_8,1,14.75,0.89275423798,False
workload_512.cpp,xczu7ev-ffvc1156-2-e,10,2344.68465,504,29,1,7,24,cyclic_2_1,cyclic_2_1,block_2_1,unroll_32,unroll_2,unroll_8,unroll_4,unroll_8,1,15.25,0.882108359042,False
workload_615.cpp,xczu7ev-ffvc1156-2-e,10,2995.45769,343,29,1,6,19,cyclic_2_1,cyclic_2_1,block_2_1,unroll_32,unroll_4,unroll_4,unroll_2,unroll_8,1,13.75,0.85341841844,False
workload_604.cpp,xczu7ev-ffvc1156-2-e,10,2344.68457,570,29,1,8,27,cyclic_2_1,cyclic_2_1,block_2_1,unroll_32,unroll_4,unroll_8,unroll_4,unroll_8,1,16.25,0.873315441821,False
workload_740.cpp,xczu7ev-ffvc1156-2-e,10,2344.68353,682,29,1,8,27,cyclic_2_1,cyclic_2_1,block_2_1,unroll_32,unroll_4,unroll_8,unroll_8,unroll_8,1,16.25,0.873315512263,False
workload_468.cpp,xczu7ev-ffvc1156-2-e,10,1705.53681,87,61,1,2,6,cyclic_2_1,cyclic_2_1,block_2_1,unroll_4,unroll_2,pipeline_1,unroll_2,unroll_2,1,17.5,0.896873283371,False
workload_786.cpp,xczu7ev-ffvc1156-2-e,10,1705.53617,95,61,1,3,7,cyclic_2_1,cyclic_2_1,block_2_1,unroll_4,unroll_2,pipeline_1,unroll_2,unroll_4,1,18,0.885908809986,False
workload_619.cpp,xczu7ev-ffvc1156-2-e,10,1705.53521,110,61,1,3,8,cyclic_2_1,cyclic_2_1,block_2_1,unroll_4,unroll_2,pipeline_1,unroll_2,unroll_8,1,18.25,0.88591620475,False
workload_887.cpp,xczu7ev-ffvc1156-2-e,10,1705.53505,107,61,1,3,8,cyclic_2_1,cyclic_2_1,block_2_1,unroll_4,unroll_2,pipeline_1,unroll_8,unroll_2,1,18.25,0.885916212833,False
workload_806.cpp,xczu7ev-ffvc1156-2-e,10,2050.50129,152,29,1,3,10,cyclic_2_1,cyclic_2_1,block_2_1,unroll_4,unroll_2,unroll_16,unroll_4,unroll_2,1,10.75,0.986494395237,False
workload_734.cpp,xczu7ev-ffvc1156-2-e,10,2050.49969,172,29,1,4,12,cyclic_2_1,cyclic_2_1,block_2_1,unroll_4,unroll_2,unroll_16,unroll_4,unroll_8,1,11.5,0.972510446674,False
workload_869.cpp,xczu7ev-ffvc1156-2-e,10,1894.52625,228,29,2,3,12,cyclic_2_1,cyclic_2_1,block_2_1,unroll_4,unroll_2,unroll_32,unroll_2,unroll_2,1,11.5,0.982483264257,False
workload_744.cpp,xczu7ev-ffvc1156-2-e,10,2994.22033,87,29,1,1,5,cyclic_2_1,cyclic_2_1,block_2_1,unroll_4,unroll_2,unroll_4,unroll_2,unroll_2,1,9,0.927719389498,False
workload_691.cpp,xczu7ev-ffvc1156-2-e,10,2994.21873,107,29,1,2,7,cyclic_2_1,cyclic_2_1,block_2_1,unroll_4,unroll_2,unroll_4,unroll_2,unroll_8,1,9.75,0.922100168651,False
workload_592.cpp,xczu7ev-ffvc1156-2-e,10,2994.21809,115,29,1,2,8,cyclic_2_1,cyclic_2_1,block_2_1,unroll_4,unroll_2,unroll_4,unroll_4,unroll_8,1,10,0.919185729646,False
workload_712.cpp,xczu7ev-ffvc1156-2-e,10,2994.21857,107,29,1,2,7,cyclic_2_1,cyclic_2_1,block_2_1,unroll_4,unroll_2,unroll_4,unroll_8,unroll_2,1,9.75,0.922100179421,False
workload_645.cpp,xczu7ev-ffvc1156-2-e,10,2349.34609,107,29,1,2,6,cyclic_2_1,cyclic_2_1,block_2_1,unroll_4,unroll_2,unroll_8,unroll_2,unroll_2,1,9.5,0.963309954517,False
workload_716.cpp,xczu7ev-ffvc1156-2-e,10,2349.34385,134,29,1,3,9,cyclic_2_1,cyclic_2_1,block_2_1,unroll_4,unroll_2,unroll_8,unroll_4,unroll_8,1,10.5,0.964178989236,False
workload_873.cpp,xczu7ev-ffvc1156-2-e,10,2994.22016,575,29,1,13,32,cyclic_2_1,cyclic_2_1,block_2_1,unroll_4,unroll_32,unroll_4,unroll_2,unroll_2,1,18.75,0.794530748358,False
workload_756.cpp,xczu7ev-ffvc1156-2-e,10,2994.22025,102,29,1,2,7,cyclic_2_1,cyclic_2_1,block_2_1,unroll_4,unroll_4,unroll_4,unroll_2,unroll_2,1,9.75,0.922100066331,False
workload_533.cpp,xczu7ev-ffvc1156-2-e,10,2994.21865,158,29,1,3,9,cyclic_2_1,cyclic_2_1,block_2_1,unroll_4,unroll_4,unroll_4,unroll_2,unroll_8,1,10.5,0.912673326365,False
workload_721.cpp,xczu7ev-ffvc1156-2-e,10,2994.21857,154,29,1,3,9,cyclic_2_1,cyclic_2_1,block_2_1,unroll_4,unroll_4,unroll_4,unroll_8,unroll_2,1,10.5,0.912673331371,False
workload_683.cpp,xczu7ev-ffvc1156-2-e,10,2994.21697,295,29,1,4,11,cyclic_2_1,cyclic_2_1,block_2_1,unroll_4,unroll_4,unroll_4,unroll_8,unroll_8,1,11.25,0.90126741246,False
workload_885.cpp,xczu7ev-ffvc1156-2-e,10,1705.67681,491,61,1,18,37,cyclic_2_1,cyclic_2_1,block_2_1,unroll_64,unroll_2,pipeline_1,unroll_8,unroll_8,1,29.25,0.597243322066,False
workload_722.cpp,xczu7ev-ffvc1156-2-e,10,2953.49937,487,29,1,5,19,cyclic_2_1,cyclic_2_1,block_2_1,unroll_64,unroll_2,unroll_4,unroll_2,unroll_8,1,13.5,0.861610263457,False
workload_848.cpp,xczu7ev-ffvc1156-2-e,10,2312.88657,857,29,1,5,26,cyclic_2_1,cyclic_2_1,block_2_1,unroll_64,unroll_2,unroll_8,unroll_2,unroll_2,1,15.25,0.884140970853,False
workload_622.cpp,xczu7ev-ffvc1156-2-e,10,2312.88497,888,29,1,6,28,cyclic_2_1,cyclic_2_1,block_2_1,unroll_64,unroll_2,unroll_8,unroll_2,unroll_8,1,16,0.877342696685,False
workload_742.cpp,xczu7ev-ffvc1156-2-e,10,1896.44977,439,29,2,6,22,cyclic_2_1,cyclic_2_1,block_2_1,unroll_8,unroll_2,unroll_32,unroll_2,unroll_8,1,14.75,0.916982946558,False
workload_879.cpp,xczu7ev-ffvc1156-2-e,10,1896.44913,456,29,2,6,23,cyclic_2_1,cyclic_2_1,block_2_1,unroll_8,unroll_2,unroll_32,unroll_4,unroll_8,1,15,0.909944327172,False
workload_822.cpp,xczu7ev-ffvc1156-2-e,10,2999.42225,112,29,1,2,6,cyclic_2_1,cyclic_2_1,block_2_1,unroll_8,unroll_2,unroll_4,unroll_2,unroll_2,1,9.5,0.92437594614,False
workload_886.cpp,xczu7ev-ffvc1156-2-e,10,2999.42065,129,29,1,2,8,cyclic_2_1,cyclic_2_1,block_2_1,unroll_8,unroll_2,unroll_4,unroll_2,unroll_8,1,10,0.918844853763,False
workload_801.cpp,xczu7ev-ffvc1156-2-e,10,2999.42049,131,29,1,2,8,cyclic_2_1,cyclic_2_1,block_2_1,unroll_8,unroll_2,unroll_4,unroll_8,unroll_2,1,10,0.918844864332,False
workload_774.cpp,xczu7ev-ffvc1156-2-e,10,2346.68369,150,29,1,2,9,cyclic_2_1,cyclic_2_1,block_2_1,unroll_8,unroll_2,unroll_8,unroll_2,unroll_2,1,10.25,0.966902696743,False
workload_789.cpp,xczu7ev-ffvc1156-2-e,10,1705.37233,88,61,1,2,6,cyclic_2_1,cyclic_2_1,block_4_1,unroll_2,unroll_2,pipeline_1,unroll_4,unroll_2,1,17.5,1,True
workload_826.cpp,xczu7ev-ffvc1156-2-e,10,1705.37073,106,61,1,3,8,cyclic_2_1,cyclic_2_1,block_4_1,unroll_2,unroll_2,pipeline_1,unroll_4,unroll_8,1,18.25,0.885924513701,False
workload_843.cpp,xczu7ev-ffvc1156-2-e,10,1890.67537,158,30,2,3,10,cyclic_2_1,cyclic_2_1,block_4_1,unroll_2,unroll_2,unroll_32,unroll_4,unroll_2,1,11.25,0.988283893122,False
workload_862.cpp,xczu7ev-ffvc1156-2-e,10,1890.67377,178,30,2,4,12,cyclic_2_1,cyclic_2_1,block_4_1,unroll_2,unroll_2,unroll_32,unroll_4,unroll_8,1,12,0.974977556454,False
workload_842.cpp,xczu7ev-ffvc1156-2-e,10,2994.30225,76,30,1,1,4,cyclic_2_1,cyclic_2_1,block_4_1,unroll_2,unroll_2,unroll_4,unroll_2,unroll_2,1,9,0.92771037755,False
workload_626.cpp,xczu7ev-ffvc1156-2-e,10,2344.18289,116,30,1,3,8,cyclic_2_1,cyclic_2_1,block_4_1,unroll_2,unroll_2,unroll_8,unroll_4,unroll_8,1,10.5,0.964594192556,False
workload_665.cpp,xczu7ev-ffvc1156-2-e,10,2994.29889,292,30,1,4,11,cyclic_2_1,cyclic_2_1,block_4_1,unroll_2,unroll_4,unroll_4,unroll_8,unroll_8,1,11.5,0.897040592803,False
workload_772.cpp,xczu7ev-ffvc1156-2-e,10,2344.10321,106,30,1,2,6,cyclic_2_1,cyclic_2_1,block_4_1,unroll_4,unroll_2,unroll_8,unroll_2,unroll_2,1,9.75,0.965956107671,False
workload_835.cpp,xczu7ev-ffvc1156-2-e,10,2994.21697,321,30,1,4,11,cyclic_2_1,cyclic_2_1,block_4_1,unroll_4,unroll_4,unroll_4,unroll_8,unroll_8,1,11.5,0.897045412568,False
workload_830.cpp,xczu7ev-ffvc1156-2-e,10,2994.17601,161,30,1,3,9,cyclic_2_1,cyclic_2_1,block_4_1,unroll_8,unroll_2,unroll_4,unroll_8,unroll_8,1,10.75,0.90908901841,False
workload_549.cpp,xczu7ev-ffvc1156-2-e,10,1705.65969,158,61,1,5,13,cyclic_2_1,cyclic_4_1,block_2_1,unroll_16,unroll_2,pipeline_1,unroll_2,unroll_2,1,20,0.835642560831,False
workload_505.cpp,xczu7ev-ffvc1156-2-e,10,1705.65793,179,61,1,6,15,cyclic_2_1,cyclic_4_1,block_2_1,unroll_16,unroll_2,pipeline_1,unroll_8,unroll_2,1,20.75,0.814592030983,False
workload_465.cpp,xczu7ev-ffvc1156-2-e,10,1705.65729,188,61,1,6,15,cyclic_2_1,cyclic_4_1,block_2_1,unroll_16,unroll_2,pipeline_1,unroll_8,unroll_4,1,20.75,0.814592028607,False
workload_523.cpp,xczu7ev-ffvc1156-2-e,10,2970.56529,166,30,1,3,11,cyclic_2_1,cyclic_4_1,block_2_1,unroll_16,unroll_2,unroll_4,unroll_2,unroll_4,1,11.25,0.902657183219,False
workload_583.cpp,xczu7ev-ffvc1156-2-e,10,2970.56353,187,30,1,4,13,cyclic_2_1,cyclic_4_1,block_2_1,unroll_16,unroll_2,unroll_4,unroll_8,unroll_4,1,12,0.889330090532,False
workload_678.cpp,xczu7ev-ffvc1156-2-e,10,1705.37297,77,61,1,2,5,cyclic_2_1,cyclic_4_1,block_2_1,unroll_2,unroll_2,pipeline_1,unroll_2,unroll_2,1,17.25,1,True
workload_546.cpp,xczu7ev-ffvc1156-2-e,10,1705.37233,84,61,1,2,6,cyclic_2_1,cyclic_4_1,block_2_1,unroll_2,unroll_2,pipeline_1,unroll_2,unroll_4,1,17.5,1,True
workload_784.cpp,xczu7ev-ffvc1156-2-e,10,1705.37137,97,61,1,2,7,cyclic_2_1,cyclic_4_1,block_2_1,unroll_2,unroll_2,pipeline_1,unroll_2,unroll_8,1,17.75,0.89322206212,False
workload_634.cpp,xczu7ev-ffvc1156-2-e,10,1705.37169,92,61,1,2,7,cyclic_2_1,cyclic_4_1,block_2_1,unroll_2,unroll_2,pipeline_1,unroll_4,unroll_4,1,17.75,0.893222045999,False
workload_609.cpp,xczu7ev-ffvc1156-2-e,10,1705.37057,105,61,1,3,8,cyclic_2_1,cyclic_4_1,block_2_1,unroll_2,unroll_2,pipeline_1,unroll_8,unroll_4,2,18.25,0.885924521783,False
workload_856.cpp,xczu7ev-ffvc1156-2-e,10,2034.85361,126,30,1,3,9,cyclic_2_1,cyclic_4_1,block_2_1,unroll_2,unroll_2,unroll_16,unroll_2,unroll_8,1,10.75,0.987529888194,False
workload_793.cpp,xczu7ev-ffvc1156-2-e,10,2034.85457,113,30,1,3,8,cyclic_2_1,cyclic_4_1,block_2_1,unroll_2,unroll_2,unroll_16,unroll_4,unroll_2,1,10.5,1,True
workload_779.cpp,xczu7ev-ffvc1156-2-e,10,2034.85297,131,30,1,3,9,cyclic_2_1,cyclic_4_1,block_2_1,unroll_2,unroll_2,unroll_16,unroll_4,unroll_8,1,10.75,0.987529926101,False
workload_818.cpp,xczu7ev-ffvc1156-2-e,10,2034.85345,127,30,1,3,9,cyclic_2_1,cyclic_4_1,block_2_1,unroll_2,unroll_2,unroll_16,unroll_8,unroll_2,1,10.75,0.987529897671,False
workload_866.cpp,xczu7ev-ffvc1156-2-e,10,6978.89041,81,30,1,1,5,cyclic_2_1,cyclic_4_1,block_2_1,unroll_2,unroll_2,unroll_2,unroll_2,unroll_4,1,9.25,0.539467189569,False
workload_681.cpp,xczu7ev-ffvc1156-2-e,10,1885.43313,145,30,2,3,9,cyclic_2_1,cyclic_4_1,block_2_1,unroll_2,unroll_2,unroll_32,unroll_2,unroll_2,1,11,1,True
workload_769.cpp,xczu7ev-ffvc1156-2-e,10,1885.43153,164,30,2,3,11,cyclic_2_1,cyclic_4_1,block_2_1,unroll_2,unroll_2,unroll_32,unroll_2,unroll_8,1,11.5,0.983018601653,False
workload_768.cpp,xczu7ev-ffvc1156-2-e,10,2973.33073,75,30,1,1,4,cyclic_2_1,cyclic_4_1,block_2_1,unroll_2,unroll_2,unroll_4,unroll_2,unroll_2,1,9,0.930017462273,False
workload_910.cpp,xczu7ev-ffvc1156-2-e,10,2973.33009,83,30,1,2,5,cyclic_2_1,cyclic_4_1,block_2_1,unroll_2,unroll_2,unroll_4,unroll_2,unroll_4,1,9.5,0.926175892452,False
workload_710.cpp,xczu7ev-ffvc1156-2-e,10,2973.32913,96,30,1,2,6,cyclic_2_1,cyclic_4_1,block_2_1,unroll_2,unroll_2,unroll_4,unroll_2,unroll_8,1,9.75,0.923446041764,False
workload_894.cpp,xczu7ev-ffvc1156-2-e,10,2973.33009,83,30,1,2,5,cyclic_2_1,cyclic_4_1,block_2_1,unroll_2,unroll_2,unroll_4,unroll_4,unroll_2,1,9.5,0.926175892452,False
workload_857.cpp,xczu7ev-ffvc1156-2-e,10,2973.32737,121,30,1,3,7,cyclic_2_1,cyclic_4_1,block_2_1,unroll_2,unroll_2,unroll_4,unroll_8,unroll_8,1,10.25,0.917332440818,False
workload_808.cpp,xczu7ev-ffvc1156-2-e,10,2333.69937,87,30,1,2,5,cyclic_2_1,cyclic_4_1,block_2_1,unroll_2,unroll_2,unroll_8,unroll_2,unroll_2,1,9.5,0.964963813406,False
workload_599.cpp,xczu7ev-ffvc1156-2-e,10,2333.69873,93,30,1,2,6,cyclic_2_1,cyclic_4_1,block_2_1,unroll_2,unroll_2,unroll_8,unroll_2,unroll_4,1,9.75,0.967090498034,False
workload_834.cpp,xczu7ev-ffvc1156-2-e,10,2333.69873,93,30,1,2,6,cyclic_2_1,cyclic_4_1,block_2_1,unroll_2,unroll_2,unroll_8,unroll_4,unroll_2,1,9.75,0.967090498034,False
workload_680.cpp,xczu7ev-ffvc1156-2-e,10,1705.37057,168,61,1,4,11,cyclic_2_1,cyclic_4_1,block_2_1,unroll_2,unroll_4,pipeline_1,unroll_8,unroll_4,1,19.25,0.85699229324,False
workload_427.cpp,xczu7ev-ffvc1156-2-e,10,6978.73681,228,30,1,3,12,cyclic_2_1,cyclic_4_1,block_2_1,unroll_32,unroll_2,unroll_2,unroll_4,unroll_2,1,11.5,0.537344745525,False
workload_559.cpp,xczu7ev-ffvc1156-2-e,10,2971.86481,291,30,1,5,16,cyclic_2_1,cyclic_4_1,block_2_1,unroll_32,unroll_2,unroll_4,unroll_2,unroll_8,1,13,0.86955997965,False
workload_443.cpp,xczu7ev-ffvc1156-2-e,10,6978.80737,99,30,1,2,6,cyclic_2_1,cyclic_4_1,block_2_1,unroll_4,unroll_2,unroll_2,unroll_8,unroll_2,1,9.75,0.539556182862,False
workload_898.cpp,xczu7ev-ffvc1156-2-e,10,2962.76305,86,30,1,1,5,cyclic_2_1,cyclic_4_1,block_2_1,unroll_4,unroll_2,unroll_4,unroll_2,unroll_2,1,9.25,0.929358977517,False
workload_762.cpp,xczu7ev-ffvc1156-2-e,10,2338.85969,112,30,1,2,7,cyclic_2_1,cyclic_4_1,block_2_1,unroll_4,unroll_2,unroll_8,unroll_2,unroll_4,1,10,0.96827748749,False
workload_568.cpp,xczu7ev-ffvc1156-2-e,10,2952.18849,478,30,1,5,19,cyclic_2_1,cyclic_4_1,block_2_1,unroll_64,unroll_2,unroll_4,unroll_8,unroll_2,1,13.75,0.856811910704,False
workload_500.cpp,xczu7ev-ffvc1156-2-e,10,1873.14449,111,62,1,2,8,cyclic_2_1,cyclic_4_1,block_32_1,unroll_2,unroll_2,pipeline_1,unroll_4,unroll_2,1,18.25,0.877078890195,False
workload_845.cpp,xczu7ev-ffvc1156-2-e,10,2034.85457,111,30,1,3,8,cyclic_2_1,cyclic_4_1,block_4_1,unroll_2,unroll_2,unroll_16,unroll_4,unroll_2,1,10.5,1,True
workload_714.cpp,xczu7ev-ffvc1156-2-e,10,2501.47089,99,31,1,2,7,cyclic_2_1,cyclic_4_1,block_8_1,unroll_2,unroll_2,unroll_8,unroll_2,unroll_4,1,10.25,0.950335061633,False
workload_562.cpp,xczu7ev-ffvc1156-2-e,10,3130.53361,114,31,1,2,8,cyclic_2_1,cyclic_4_1,block_8_1,unroll_4,unroll_2,unroll_4,unroll_2,unroll_8,1,10.5,0.902935806165,False
workload_368.cpp,xczu7ev-ffvc1156-2-e,10,1705.65969,204,62,1,5,24,cyclic_2_1,cyclic_64_1,block_2_1,unroll_16,unroll_2,pipeline_1,unroll_2,unroll_2,1,23,0.753254281792,False
workload_444.cpp,xczu7ev-ffvc1156-2-e,10,1705.65961,234,62,1,6,28,cyclic_2_1,cyclic_64_1,block_2_1,unroll_16,unroll_4,pipeline_1,unroll_2,unroll_2,1,24.25,0.720358358337,False
workload_442.cpp,xczu7ev-ffvc1156-2-e,10,1705.53681,100,62,1,2,12,cyclic_2_1,cyclic_64_1,block_2_1,unroll_4,unroll_2,pipeline_1,unroll_2,unroll_2,1,19.25,0.856993042682,False
workload_497.cpp,xczu7ev-ffvc1156-2-e,10,1705.53617,110,62,1,3,13,cyclic_2_1,cyclic_64_1,block_2_1,unroll_4,unroll_2,pipeline_1,unroll_4,unroll_2,1,19.75,0.842725735018,False
workload_344.cpp,xczu7ev-ffvc1156-2-e,10,1705.53673,127,62,1,3,16,cyclic_2_1,cyclic_64_1,block_4_1,unroll_4,unroll_4,pipeline_1,unroll_2,unroll_2,1,20.5,0.821574934241,False
workload_556.cpp,xczu7ev-ffvc1156-2-e,10,1705.37233,84,62,1,2,6,cyclic_2_1,cyclic_8_1,block_2_1,unroll_2,unroll_2,pipeline_1,unroll_2,unroll_4,1,17.75,0.893222013757,False
workload_761.cpp,xczu7ev-ffvc1156-2-e,10,1705.37169,93,62,1,2,8,cyclic_2_1,cyclic_8_1,block_2_1,unroll_2,unroll_2,pipeline_1,unroll_4,unroll_4,1,18.25,0.885924465207,False
workload_833.cpp,xczu7ev-ffvc1156-2-e,10,1885.43153,170,30,2,4,12,cyclic_2_1,cyclic_8_1,block_2_1,unroll_2,unroll_2,unroll_32,unroll_2,unroll_8,1,12,0.975283419166,False
workload_656.cpp,xczu7ev-ffvc1156-2-e,10,1885.43089,174,30,2,4,13,cyclic_2_1,cyclic_8_1,block_2_1,unroll_2,unroll_2,unroll_32,unroll_4,unroll_8,1,12.25,0.970812918575,False
workload_675.cpp,xczu7ev-ffvc1156-2-e,10,6936.94577,109,30,1,2,8,cyclic_2_1,cyclic_8_1,block_2_1,unroll_2,unroll_2,unroll_4,unroll_4,unroll_8,1,10.25,0.542805516526,False
workload_797.cpp,xczu7ev-ffvc1156-2-e,10,2323.21137,117,30,1,3,8,cyclic_2_1,cyclic_8_1,block_2_1,unroll_2,unroll_2,unroll_8,unroll_4,unroll_8,1,10.5,0.966179933216,False
workload_836.cpp,xczu7ev-ffvc1156-2-e,10,2034.85289,203,30,1,5,13,cyclic_2_1,cyclic_8_1,block_2_1,unroll_2,unroll_4,unroll_16,unroll_4,unroll_8,1,12.25,0.96067320307,False
workload_715.cpp,xczu7ev-ffvc1156-2-e,10,1885.43081,236,30,2,6,16,cyclic_2_1,cyclic_8_1,block_2_1,unroll_2,unroll_4,unroll_32,unroll_4,unroll_8,1,13.5,0.947894094093,False
workload_751.cpp,xczu7ev-ffvc1156-2-e,10,1890.59177,321,30,2,6,20,cyclic_2_1,cyclic_8_1,block_2_1,unroll_4,unroll_4,unroll_32,unroll_4,unroll_8,1,14.5,0.924083635049,False
workload_821.cpp,xczu7ev-ffvc1156-2-e,10,6936.86377,185,30,1,4,12,cyclic_2_1,cyclic_8_1,block_2_1,unroll_4,unroll_4,unroll_4,unroll_4,unroll_8,1,11.75,0.540164881679,False
workload_695.cpp,xczu7ev-ffvc1156-2-e,10,2322.71537,924,30,1,6,28,cyclic_2_1,cyclic_8_1,block_2_1,unroll_64,unroll_2,unroll_8,unroll_2,unroll_8,1,16.25,0.874793249921,False
workload_633.cpp,xczu7ev-ffvc1156-2-e,10,1705.37297,103,76,1,2,14,cyclic_4_1,block_128_1,block_2_1,unroll_2,unroll_2,pipeline_1,unroll_2,unroll_2,1,23.25,0.7466066945,False
workload_838.cpp,xczu7ev-ffvc1156-2-e,10,6926.46065,499,41,1,2,23,cyclic_4_1,block_128_1,block_2_1,unroll_2,unroll_2,unroll_8,unroll_2,unroll_8,1,16.75,0.513041219973,False
workload_365.cpp,xczu7ev-ffvc1156-2-e,10,1705.65793,181,66,1,5,17,cyclic_4_1,block_16_1,block_2_1,unroll_16,unroll_2,pipeline_1,unroll_8,unroll_2,1,22.25,0.773397095937,False
workload_399.cpp,xczu7ev-ffvc1156-2-e,10,3707.33233,104,31,1,2,8,cyclic_4_1,block_16_1,block_2_1,unroll_2,unroll_2,unroll_4,unroll_2,unroll_8,1,10.5,0.84800677331,False
workload_421.cpp,xczu7ev-ffvc1156-2-e,10,5846.34545,107,31,1,2,9,cyclic_4_1,block_16_1,block_2_1,unroll_4,unroll_2,unroll_2,unroll_2,unroll_8,1,10.75,0.637536555077,False
workload_655.cpp,xczu7ev-ffvc1156-2-e,10,1705.53513,168,66,1,4,13,cyclic_4_1,block_16_1,block_2_1,unroll_4,unroll_4,pipeline_1,unroll_2,unroll_8,1,21,0.807641748244,False
workload_586.cpp,xczu7ev-ffvc1156-2-e,10,3571.50385,519,31,1,4,21,cyclic_4_1,block_16_1,block_2_1,unroll_64,unroll_2,unroll_4,unroll_2,unroll_8,1,14.25,0.807239611042,False
workload_409.cpp,xczu7ev-ffvc1156-2-e,10,1705.65809,183,65,1,6,14,cyclic_4_1,block_2_1,block_2_1,unroll_16,unroll_2,pipeline_1,unroll_2,unroll_8,1,21.5,0.793843243219,False
workload_320.cpp,xczu7ev-ffvc1156-2-e,10,6936.80305,226,30,1,3,11,cyclic_4_1,block_2_1,block_2_1,unroll_16,unroll_2,unroll_4,unroll_2,unroll_8,1,11.25,0.541369896869,False
workload_817.cpp,xczu7ev-ffvc1156-2-e,10,1705.37233,85,65,1,2,6,cyclic_4_1,block_2_1,block_2_1,unroll_2,unroll_2,pipeline_1,unroll_4,unroll_2,1,18.5,0.8786420079,False
workload_792.cpp,xczu7ev-ffvc1156-2-e,10,1705.37121,100,65,1,2,7,cyclic_4_1,block_2_1,block_2_1,unroll_2,unroll_2,pipeline_1,unroll_8,unroll_2,1,18.75,0.871392365265,False
workload_672.cpp,xczu7ev-ffvc1156-2-e,10,7146.66321,74,30,1,1,4,cyclic_4_1,block_2_1,block_2_1,unroll_2,unroll_2,unroll_2,unroll_2,unroll_2,1,9,0.525462605545,False
workload_545.cpp,xczu7ev-ffvc1156-2-e,10,6936.94801,83,30,1,1,4,cyclic_4_1,block_2_1,block_2_1,unroll_2,unroll_2,unroll_4,unroll_2,unroll_2,1,9,0.542801463123,False
workload_610.cpp,xczu7ev-ffvc1156-2-e,10,6936.94737,87,30,1,1,5,cyclic_4_1,block_2_1,block_2_1,unroll_2,unroll_2,unroll_4,unroll_4,unroll_2,1,9.25,0.542964238699,False
workload_564.cpp,xczu7ev-ffvc1156-2-e,10,6936.94793,95,30,1,2,7,cyclic_4_1,block_2_1,block_2_1,unroll_2,unroll_4,unroll_4,unroll_2,unroll_2,1,10,0.542966410521,False
workload_614.cpp,xczu7ev-ffvc1156-2-e,10,6915.82129,1011,30,1,6,21,cyclic_4_1,block_2_1,block_2_1,unroll_32,unroll_2,unroll_8,unroll_2,unroll_8,1,14.5,0.529834358085,False
workload_652.cpp,xczu7ev-ffvc1156-2-e,10,1705.68017,405,65,1,15,31,cyclic_4_1,block_2_1,block_2_1,unroll_64,unroll_2,pipeline_1,unroll_2,unroll_2,1,28,0.626749973245,False
workload_526.cpp,xczu7ev-ffvc1156-2-e,10,2993.47793,454,30,1,4,17,cyclic_4_1,block_2_1,block_2_1,unroll_64,unroll_2,unroll_4,unroll_2,unroll_2,1,13,0.867947324606,False
workload_390.cpp,xczu7ev-ffvc1156-2-e,10,2993.47633,483,30,1,4,19,cyclic_4_1,block_2_1,block_2_1,unroll_64,unroll_2,unroll_4,unroll_2,unroll_8,1,13.5,0.858481410526,False
workload_589.cpp,xczu7ev-ffvc1156-2-e,10,2363.67537,899,30,1,5,27,cyclic_4_1,block_2_1,block_2_1,unroll_64,unroll_2,unroll_8,unroll_2,unroll_8,1,15.75,0.875658824346,False
workload_571.cpp,xczu7ev-ffvc1156-2-e,10,2993.47625,543,30,1,6,21,cyclic_4_1,block_2_1,block_2_1,unroll_64,unroll_4,unroll_4,unroll_2,unroll_8,1,14.5,0.843533591243,False
workload_811.cpp,xczu7ev-ffvc1156-2-e,10,6936.82513,127,30,1,2,6,cyclic_4_1,block_2_1,block_2_1,unroll_8,unroll_2,unroll_4,unroll_2,unroll_2,1,9.75,0.54305690989,False
workload_878.cpp,xczu7ev-ffvc1156-2-e,10,6915.97489,118,31,1,2,8,cyclic_4_1,block_2_1,block_4_1,unroll_2,unroll_2,unroll_8,unroll_2,unroll_8,1,10.5,0.544313798556,False
workload_380.cpp,xczu7ev-ffvc1156-2-e,10,6936.79281,429,31,1,4,16,cyclic_4_1,block_2_1,block_4_1,unroll_32,unroll_2,unroll_4,unroll_2,unroll_8,1,13,0.535820988884,False
workload_513.cpp,xczu7ev-ffvc1156-2-e,10,3161.24841,678,31,1,7,37,cyclic_4_1,block_2_1,cyclic_16_1,unroll_64,unroll_4,unroll_4,unroll_2,unroll_8,1,19,0.778271598967,False
workload_328.cpp,xczu7ev-ffvc1156-2-e,10,1705.65793,193,66,1,5,20,cyclic_4_1,block_32_1,block_2_1,unroll_16,unroll_2,pipeline_1,unroll_8,unroll_2,1,23,0.753254276675,False
workload_510.cpp,xczu7ev-ffvc1156-2-e,10,1705.37121,107,66,1,2,11,cyclic_4_1,block_32_1,block_2_1,unroll_2,unroll_2,pipeline_1,unroll_8,unroll_2,1,20,0.835641382851,False
workload_477.cpp,xczu7ev-ffvc1156-2-e,10,3644.41937,85,31,1,1,7,cyclic_4_1,block_32_1,block_2_1,unroll_2,unroll_2,unroll_4,unroll_2,unroll_2,1,10,0.857445884689,False
workload_596.cpp,xczu7ev-ffvc1156-2-e,10,3644.41777,111,31,1,2,11,cyclic_4_1,block_32_1,block_2_1,unroll_2,unroll_2,unroll_4,unroll_2,unroll_8,1,11.25,0.847874916379,False
workload_450.cpp,xczu7ev-ffvc1156-2-e,10,3644.41761,112,31,1,2,11,cyclic_4_1,block_32_1,block_2_1,unroll_2,unroll_2,unroll_4,unroll_8,unroll_2,1,11.25,0.847874931672,False
workload_515.cpp,xczu7ev-ffvc1156-2-e,10,2648.27217,99,31,1,2,9,cyclic_4_1,block_32_1,block_2_1,unroll_2,unroll_2,unroll_8,unroll_2,unroll_2,1,10.75,0.931862116475,False
workload_594.cpp,xczu7ev-ffvc1156-2-e,10,2648.27041,129,31,1,3,13,cyclic_4_1,block_32_1,block_2_1,unroll_2,unroll_2,unroll_8,unroll_8,unroll_2,1,12,0.915013742538,False
workload_724.cpp,xczu7ev-ffvc1156-2-e,10,3644.41929,101,31,1,2,10,cyclic_4_1,block_32_1,block_2_1,unroll_2,unroll_4,unroll_4,unroll_2,unroll_2,1,11,0.850314685865,False
workload_378.cpp,xczu7ev-ffvc1156-2-e,10,1705.53681,91,66,1,2,8,cyclic_4_1,block_32_1,block_2_1,unroll_4,unroll_2,pipeline_1,unroll_2,unroll_2,1,19.25,0.856993042682,False
workload_494.cpp,xczu7ev-ffvc1156-2-e,10,1705.53505,120,66,1,3,12,cyclic_4_1,block_32_1,block_2_1,unroll_4,unroll_2,pipeline_1,unroll_8,unroll_2,1,20.5,0.821574927792,False
workload_669.cpp,xczu7ev-ffvc1156-2-e,10,3665.30737,123,31,1,2,12,cyclic_4_1,block_32_1,block_2_1,unroll_4,unroll_2,unroll_4,unroll_2,unroll_8,1,11.5,0.843204043897,False
workload_419.cpp,xczu7ev-ffvc1156-2-e,10,1705.53673,112,66,1,3,12,cyclic_4_1,block_32_1,block_2_1,unroll_4,unroll_4,pipeline_1,unroll_2,unroll_2,1,20.5,0.821574934241,False
workload_351.cpp,xczu7ev-ffvc1156-2-e,10,3665.30729,191,31,1,3,16,cyclic_4_1,block_32_1,block_2_1,unroll_4,unroll_4,unroll_4,unroll_2,unroll_8,1,12.75,0.826413487231,False
workload_463.cpp,xczu7ev-ffvc1156-2-e,10,1873.30889,118,67,1,3,12,cyclic_4_1,block_32_1,block_8_1,unroll_4,unroll_4,pipeline_1,unroll_2,unroll_2,1,20.75,0.813811296603,False
workload_482.cpp,xczu7ev-ffvc1156-2-e,10,3833.07945,225,32,1,3,17,cyclic_4_1,block_32_1,block_8_1,unroll_4,unroll_4,unroll_4,unroll_2,unroll_8,1,13.25,0.804845352283,False
workload_201.cpp,xczu7ev-ffvc1156-2-e,10,1873.30889,417,77,1,3,26,cyclic_4_1,block_32_1,cyclic_128_1,unroll_4,unroll_4,pipeline_1,unroll_2,unroll_2,1,26.75,0.656998414825,False
workload_631.cpp,xczu7ev-ffvc1156-2-e,10,1705.37233,84,65,1,2,6,cyclic_4_1,block_4_1,block_2_1,unroll_2,unroll_2,pipeline_1,unroll_4,unroll_2,1,18.5,0.8786420079,False
workload_560.cpp,xczu7ev-ffvc1156-2-e,10,1705.37169,90,65,1,2,7,cyclic_4_1,block_4_1,block_2_1,unroll_2,unroll_2,pipeline_1,unroll_4,unroll_4,1,18.75,0.871392367595,False
workload_508.cpp,xczu7ev-ffvc1156-2-e,10,3686.36081,101,31,1,2,7,cyclic_4_1,block_4_1,block_2_1,unroll_2,unroll_2,unroll_4,unroll_2,unroll_8,1,10.25,0.851781367206,False
workload_896.cpp,xczu7ev-ffvc1156-2-e,10,2711.18609,95,31,1,2,7,cyclic_4_1,block_4_1,block_2_1,unroll_2,unroll_2,unroll_8,unroll_2,unroll_4,1,10.25,0.927664658105,False
workload_603.cpp,xczu7ev-ffvc1156-2-e,10,3076.05169,481,31,1,4,19,cyclic_4_1,block_4_1,block_2_1,unroll_64,unroll_2,unroll_4,unroll_2,unroll_8,1,13.75,0.847463951709,False
workload_343.cpp,xczu7ev-ffvc1156-2-e,10,3243.82537,565,32,1,6,34,cyclic_4_1,block_4_1,cyclic_16_1,unroll_64,unroll_4,unroll_4,unroll_2,unroll_2,1,18.25,0.780995849492,False
workload_303.cpp,xczu7ev-ffvc1156-2-e,10,3243.82377,693,32,1,7,37,cyclic_4_1,block_4_1,cyclic_16_1,unroll_64,unroll_4,unroll_4,unroll_2,unroll_8,1,19.25,0.768457796787,False
workload_572.cpp,xczu7ev-ffvc1156-2-e,10,4346.88169,232,41,1,3,22,cyclic_4_1,block_64_1,block_2_1,unroll_4,unroll_4,unroll_4,unroll_2,unroll_8,1,16.75,0.707508533835,False
workload_429.cpp,xczu7ev-ffvc1156-2-e,10,1873.43121,258,67,1,5,28,cyclic_4_1,block_64_1,block_32_1,unroll_16,unroll_2,pipeline_1,unroll_4,unroll_2,1,25.25,0.694494670123,False
workload_348.cpp,xczu7ev-ffvc1156-2-e,10,1873.14337,195,67,1,2,18,cyclic_4_1,block_64_1,block_32_1,unroll_2,unroll_2,pipeline_1,unroll_8,unroll_2,1,22,0.779740335045,False
workload_420.cpp,xczu7ev-ffvc1156-2-e,10,7233.01537,809,32,1,5,35,cyclic_4_1,block_64_1,block_32_1,unroll_32,unroll_2,unroll_2,unroll_8,unroll_2,1,18.25,0.478353966082,False
workload_509.cpp,xczu7ev-ffvc1156-2-e,10,1705.37233,85,66,1,2,6,cyclic_4_1,block_8_1,block_2_1,unroll_2,unroll_2,pipeline_1,unroll_2,unroll_4,1,18.75,0.871392370701,False
workload_600.cpp,xczu7ev-ffvc1156-2-e,10,5888.37201,74,31,1,1,4,cyclic_4_1,block_8_1,block_2_1,unroll_2,unroll_2,unroll_2,unroll_2,unroll_2,1,9.25,0.634845285474,False
workload_529.cpp,xczu7ev-ffvc1156-2-e,10,3707.33393,79,31,1,1,5,cyclic_4_1,block_8_1,block_2_1,unroll_2,unroll_2,unroll_4,unroll_2,unroll_2,1,9.5,0.852377590056,False
workload_632.cpp,xczu7ev-ffvc1156-2-e,10,3707.33329,86,31,1,2,6,cyclic_4_1,block_8_1,block_2_1,unroll_2,unroll_2,unroll_4,unroll_2,unroll_4,1,10,0.850936754882,False
workload_432.cpp,xczu7ev-ffvc1156-2-e,10,3707.33233,101,31,1,2,7,cyclic_4_1,block_8_1,block_2_1,unroll_2,unroll_2,unroll_4,unroll_2,unroll_8,1,10.25,0.849645382058,False
workload_728.cpp,xczu7ev-ffvc1156-2-e,10,3707.33217,102,31,1,2,7,cyclic_4_1,block_8_1,block_2_1,unroll_2,unroll_2,unroll_4,unroll_8,unroll_2,1,10.25,0.84964539837,False
workload_727.cpp,xczu7ev-ffvc1156-2-e,10,1705.37065,174,66,1,4,12,cyclic_4_1,block_8_1,block_2_1,unroll_2,unroll_4,pipeline_1,unroll_4,unroll_8,1,20.75,0.814590959949,False
workload_674.cpp,xczu7ev-ffvc1156-2-e,10,3707.33385,97,31,1,2,7,cyclic_4_1,block_8_1,block_2_1,unroll_2,unroll_4,unroll_4,unroll_2,unroll_2,1,10.25,0.849645227097,False
workload_460.cpp,xczu7ev-ffvc1156-2-e,10,3707.33381,131,31,1,4,11,cyclic_4_1,block_8_1,block_2_1,unroll_2,unroll_8,unroll_4,unroll_2,unroll_2,1,11.75,0.836414297013,False
workload_345.cpp,xczu7ev-ffvc1156-2-e,10,1705.67953,259,66,1,9,22,cyclic_4_1,block_8_1,block_2_1,unroll_32,unroll_2,pipeline_1,unroll_4,unroll_2,1,24.5,0.713880672882,False
workload_776.cpp,xczu7ev-ffvc1156-2-e,10,3728.22179,1695,31,1,10,30,cyclic_4_1,block_8_1,block_2_1,unroll_4,unroll_16,unroll_4,unroll_2,unroll_8,1,18,0.743041919101,False
workload_618.cpp,xczu7ev-ffvc1156-2-e,10,3728.22193,114,31,1,2,8,cyclic_4_1,block_8_1,block_2_1,unroll_4,unroll_2,unroll_4,unroll_2,unroll_8,1,10.5,0.845914137007,False
workload_650.cpp,xczu7ev-ffvc1156-2-e,10,3728.22281,123,31,1,3,10,cyclic_4_1,block_8_1,block_2_1,unroll_4,unroll_4,unroll_4,unroll_4,unroll_2,1,11.25,0.839803634104,False
workload_353.cpp,xczu7ev-ffvc1156-2-e,10,1705.68017,405,66,1,15,31,cyclic_4_1,block_8_1,block_2_1,unroll_64,unroll_2,pipeline_1,unroll_2,unroll_2,1,28.25,0.620780742753,False
workload_290.cpp,xczu7ev-ffvc1156-2-e,10,1705.67841,447,66,1,15,33,cyclic_4_1,block_8_1,block_2_1,unroll_64,unroll_2,pipeline_1,unroll_8,unroll_2,1,28.75,0.608944123071,False
workload_664.cpp,xczu7ev-ffvc1156-2-e,10,4296.98897,344,31,1,6,22,cyclic_4_1,block_8_1,block_2_1,unroll_64,unroll_2,unroll_2,unroll_2,unroll_2,1,15,0.740329192236,False
workload_337.cpp,xczu7ev-ffvc1156-2-e,10,1873.43121,205,67,1,5,19,cyclic_4_1,block_8_1,block_32_1,unroll_16,unroll_2,pipeline_1,unroll_4,unroll_2,1,23,0.752949238568,False
workload_281.cpp,xczu7ev-ffvc1156-2-e,10,1873.43057,241,67,1,6,21,cyclic_4_1,block_8_1,block_32_1,unroll_16,unroll_2,pipeline_1,unroll_4,unroll_4,1,23.75,0.733176120401,False
workload_240.cpp,xczu7ev-ffvc1156-2-e,10,1873.43009,274,67,1,6,21,cyclic_4_1,block_8_1,block_32_1,unroll_16,unroll_2,pipeline_1,unroll_8,unroll_2,1,23.75,0.733176123056,False
workload_493.cpp,xczu7ev-ffvc1156-2-e,10,1873.14353,107,67,1,2,8,cyclic_4_1,block_8_1,block_8_1,unroll_2,unroll_2,pipeline_1,unroll_2,unroll_8,1,19.5,0.848045898665,False
workload_588.cpp,xczu7ev-ffvc1156-2-e,10,6936.94801,83,31,1,1,5,cyclic_4_1,cyclic_16_1,block_2_1,unroll_2,unroll_2,unroll_4,unroll_2,unroll_2,1,9.5,0.543045920727,False
workload_518.cpp,xczu7ev-ffvc1156-2-e,10,1705.65905,161,65,1,5,13,cyclic_4_1,cyclic_2_1,block_2_1,unroll_16,unroll_2,pipeline_1,unroll_4,unroll_2,1,21,0.807642195973,False
workload_790.cpp,xczu7ev-ffvc1156-2-e,10,1705.37297,78,65,1,2,5,cyclic_4_1,cyclic_2_1,block_2_1,unroll_2,unroll_2,pipeline_1,unroll_2,unroll_2,1,18.25,0.885924400549,False
workload_684.cpp,xczu7ev-ffvc1156-2-e,10,1705.37073,105,65,1,3,8,cyclic_4_1,cyclic_2_1,block_2_1,unroll_2,unroll_2,pipeline_1,unroll_4,unroll_8,1,19.25,0.856992293965,False
workload_865.cpp,xczu7ev-ffvc1156-2-e,10,1961.45329,127,30,1,3,9,cyclic_4_1,cyclic_2_1,block_2_1,unroll_2,unroll_2,unroll_16,unroll_2,unroll_8,1,10.75,0.991576652091,False
workload_828.cpp,xczu7ev-ffvc1156-2-e,10,1961.45265,136,30,1,3,10,cyclic_4_1,cyclic_2_1,block_2_1,unroll_2,unroll_2,unroll_16,unroll_4,unroll_8,1,11,0.98973835943,False
workload_897.cpp,xczu7ev-ffvc1156-2-e,10,1961.45153,156,30,1,4,10,cyclic_4_1,cyclic_2_1,block_2_1,unroll_2,unroll_2,unroll_16,unroll_8,unroll_8,1,11.25,0.985177947251,False
workload_658.cpp,xczu7ev-ffvc1156-2-e,10,4504.25169,72,30,1,1,4,cyclic_4_1,cyclic_2_1,block_2_1,unroll_2,unroll_2,unroll_2,unroll_2,unroll_2,1,9,0.768717417478,False
workload_701.cpp,xczu7ev-ffvc1156-2-e,10,4504.25105,80,30,1,1,5,cyclic_4_1,cyclic_2_1,block_2_1,unroll_2,unroll_2,unroll_2,unroll_4,unroll_2,1,9.25,0.769041481648,False
workload_814.cpp,xczu7ev-ffvc1156-2-e,10,1796.30417,144,30,3,3,10,cyclic_4_1,cyclic_2_1,block_2_1,unroll_2,unroll_2,unroll_32,unroll_2,unroll_2,1,11.5,1,True
workload_687.cpp,xczu7ev-ffvc1156-2-e,10,1796.30257,166,30,3,4,12,cyclic_4_1,cyclic_2_1,block_2_1,unroll_2,unroll_2,unroll_32,unroll_2,unroll_8,1,12.25,0.975395887557,False
workload_893.cpp,xczu7ev-ffvc1156-2-e,10,1796.30353,153,30,3,4,11,cyclic_4_1,cyclic_2_1,block_2_1,unroll_2,unroll_2,unroll_32,unroll_4,unroll_2,1,12,1,True
workload_859.cpp,xczu7ev-ffvc1156-2-e,10,1796.30081,197,30,3,5,13,cyclic_4_1,cyclic_2_1,block_2_1,unroll_2,unroll_2,unroll_32,unroll_8,unroll_8,1,12.75,0.964577917227,False
workload_755.cpp,xczu7ev-ffvc1156-2-e,10,2952.35921,77,30,1,1,4,cyclic_4_1,cyclic_2_1,block_2_1,unroll_2,unroll_2,unroll_4,unroll_2,unroll_2,1,9,1,True
workload_666.cpp,xczu7ev-ffvc1156-2-e,10,2952.35761,97,30,1,2,6,cyclic_4_1,cyclic_2_1,block_2_1,unroll_2,unroll_2,unroll_4,unroll_2,unroll_8,1,9.75,0.924672199396,False
workload_673.cpp,xczu7ev-ffvc1156-2-e,10,2952.35793,92,30,1,2,7,cyclic_4_1,cyclic_2_1,block_2_1,unroll_2,unroll_2,unroll_4,unroll_4,unroll_4,1,10,0.921720032745,False
workload_642.cpp,xczu7ev-ffvc1156-2-e,10,2952.35697,107,30,1,2,7,cyclic_4_1,cyclic_2_1,block_2_1,unroll_2,unroll_2,unroll_4,unroll_4,unroll_8,1,10,0.921720086541,False
workload_760.cpp,xczu7ev-ffvc1156-2-e,10,2952.35585,126,30,1,3,8,cyclic_4_1,cyclic_2_1,block_2_1,unroll_2,unroll_2,unroll_4,unroll_8,unroll_8,1,10.5,0.915169372211,False
workload_908.cpp,xczu7ev-ffvc1156-2-e,10,1713.72721,248,30,3,5,16,cyclic_4_1,cyclic_2_1,block_2_1,unroll_2,unroll_2,unroll_64,unroll_2,unroll_8,1,13.5,1,True
workload_783.cpp,xczu7ev-ffvc1156-2-e,10,2291.75633,89,30,1,2,5,cyclic_4_1,cyclic_2_1,block_2_1,unroll_2,unroll_2,unroll_8,unroll_2,unroll_2,1,9.5,1,True
workload_861.cpp,xczu7ev-ffvc1156-2-e,10,2291.75569,96,30,1,2,6,cyclic_4_1,cyclic_2_1,block_2_1,unroll_2,unroll_2,unroll_8,unroll_2,unroll_4,1,9.75,1,True
workload_718.cpp,xczu7ev-ffvc1156-2-e,10,2291.75473,110,30,1,2,7,cyclic_4_1,cyclic_2_1,block_2_1,unroll_2,unroll_2,unroll_8,unroll_2,unroll_8,1,10,1,True
workload_851.cpp,xczu7ev-ffvc1156-2-e,10,2291.75393,115,30,1,3,8,cyclic_4_1,cyclic_2_1,block_2_1,unroll_2,unroll_2,unroll_8,unroll_8,unroll_4,1,10.5,0.968216928529,False
workload_819.cpp,xczu7ev-ffvc1156-2-e,10,2291.75297,137,30,1,3,8,cyclic_4_1,cyclic_2_1,block_2_1,unroll_2,unroll_2,unroll_8,unroll_8,unroll_8,1,10.5,0.96821698403,False
workload_748.cpp,xczu7ev-ffvc1156-2-e,10,1705.37065,171,65,1,4,11,cyclic_4_1,cyclic_2_1,block_2_1,unroll_2,unroll_4,pipeline_1,unroll_4,unroll_8,1,20.25,0.828591117053,False
workload_905.cpp,xczu7ev-ffvc1156-2-e,10,2291.75625,102,30,1,2,7,cyclic_4_1,cyclic_2_1,block_2_1,unroll_2,unroll_4,unroll_8,unroll_2,unroll_2,1,10,0.973548072139,False
workload_552.cpp,xczu7ev-ffvc1156-2-e,10,1705.67841,263,65,1,9,22,cyclic_4_1,cyclic_2_1,block_2_1,unroll_32,unroll_2,pipeline_1,unroll_8,unroll_2,1,24.25,0.7203584067,False
workload_741.cpp,xczu7ev-ffvc1156-2-e,10,2301.43153,497,30,1,6,23,cyclic_4_1,cyclic_2_1,block_2_1,unroll_32,unroll_2,unroll_8,unroll_2,unroll_8,1,15,0.890454316068,False
workload_640.cpp,xczu7ev-ffvc1156-2-e,10,1705.67785,361,65,1,11,27,cyclic_4_1,cyclic_2_1,block_2_1,unroll_32,unroll_4,pipeline_1,unroll_4,unroll_8,1,26,0.675725328638,False
workload_705.cpp,xczu7ev-ffvc1156-2-e,10,2301.43305,486,30,1,6,23,cyclic_4_1,cyclic_2_1,block_2_1,unroll_32,unroll_4,unroll_8,unroll_2,unroll_2,1,15,0.890454216121,False
workload_565.cpp,xczu7ev-ffvc1156-2-e,10,2301.43081,582,30,1,8,27,cyclic_4_1,cyclic_2_1,block_2_1,unroll_32,unroll_4,unroll_8,unroll_4,unroll_8,1,16.5,0.874010159665,False
workload_478.cpp,xczu7ev-ffvc1156-2-e,10,1705.53681,87,65,1,2,6,cyclic_4_1,cyclic_2_1,block_2_1,unroll_4,unroll_2,pipeline_1,unroll_2,unroll_2,1,18.5,0.878642823527,False
workload_613.cpp,xczu7ev-ffvc1156-2-e,10,1705.53521,109,65,1,3,8,cyclic_4_1,cyclic_2_1,block_2_1,unroll_4,unroll_2,pipeline_1,unroll_2,unroll_8,1,19.25,0.8569930355,False
workload_719.cpp,xczu7ev-ffvc1156-2-e,10,1705.53617,95,65,1,2,7,cyclic_4_1,cyclic_2_1,block_2_1,unroll_4,unroll_2,pipeline_1,unroll_4,unroll_2,1,18.75,0.871393159808,False
workload_855.cpp,xczu7ev-ffvc1156-2-e,10,1963.99217,174,30,1,4,12,cyclic_4_1,cyclic_2_1,block_2_1,unroll_4,unroll_2,unroll_16,unroll_4,unroll_8,1,11.75,0.973206691446,False
workload_697.cpp,xczu7ev-ffvc1156-2-e,10,4441.25185,127,30,1,3,8,cyclic_4_1,cyclic_2_1,block_2_1,unroll_4,unroll_2,unroll_2,unroll_8,unroll_8,1,10.5,0.773635338844,False
workload_795.cpp,xczu7ev-ffvc1156-2-e,10,2952.27729,87,30,1,1,5,cyclic_4_1,cyclic_2_1,block_2_1,unroll_4,unroll_2,unroll_4,unroll_2,unroll_2,1,9.25,0.929969267486,False
workload_576.cpp,xczu7ev-ffvc1156-2-e,10,2952.27569,109,30,1,2,7,cyclic_4_1,cyclic_2_1,block_2_1,unroll_4,unroll_2,unroll_4,unroll_2,unroll_8,1,10,0.921724640534,False
workload_904.cpp,xczu7ev-ffvc1156-2-e,10,2952.27553,109,30,1,2,7,cyclic_4_1,cyclic_2_1,block_2_1,unroll_4,unroll_2,unroll_4,unroll_8,unroll_2,1,10,0.921724649497,False
workload_670.cpp,xczu7ev-ffvc1156-2-e,10,2952.27393,134,30,1,3,8,cyclic_4_1,cyclic_2_1,block_2_1,unroll_4,unroll_2,unroll_4,unroll_8,unroll_8,1,10.5,0.915174013054,False
workload_849.cpp,xczu7ev-ffvc1156-2-e,10,2952.27712,614,30,1,13,33,cyclic_4_1,cyclic_2_1,block_2_1,unroll_4,unroll_32,unroll_4,unroll_2,unroll_2,1,19.25,0.790484558035,False
workload_458.cpp,xczu7ev-ffvc1156-2-e,10,2952.27561,157,30,1,3,10,cyclic_4_1,cyclic_2_1,block_2_1,unroll_4,unroll_4,unroll_4,unroll_2,unroll_8,1,11,0.907740955636,False
workload_605.cpp,xczu7ev-ffvc1156-2-e,10,2952.27657,118,30,1,3,9,cyclic_4_1,cyclic_2_1,block_2_1,unroll_4,unroll_4,unroll_4,unroll_4,unroll_2,1,10.75,0.911567885049,False
workload_527.cpp,xczu7ev-ffvc1156-2-e,10,2952.27497,181,30,1,4,12,cyclic_4_1,cyclic_2_1,block_2_1,unroll_4,unroll_4,unroll_4,unroll_4,unroll_8,1,11.75,0.894975996673,False
workload_625.cpp,xczu7ev-ffvc1156-2-e,10,2952.27557,408,30,1,5,15,cyclic_4_1,cyclic_2_1,block_2_1,unroll_4,unroll_8,unroll_4,unroll_2,unroll_8,1,12.75,0.875624060577,False
workload_492.cpp,xczu7ev-ffvc1156-2-e,10,1705.68017,413,65,1,16,32,cyclic_4_1,cyclic_2_1,block_2_1,unroll_64,unroll_2,pipeline_1,unroll_2,unroll_2,1,28.5,0.614845459051,False
workload_360.cpp,xczu7ev-ffvc1156-2-e,10,2931.87185,497,30,1,5,20,cyclic_4_1,cyclic_2_1,block_2_1,unroll_64,unroll_2,unroll_4,unroll_4,unroll_8,1,14,0.855871401518,False
workload_889.cpp,xczu7ev-ffvc1156-2-e,10,2281.10001,944,30,1,6,28,cyclic_4_1,cyclic_2_1,block_2_1,unroll_64,unroll_2,unroll_8,unroll_2,unroll_8,1,16.25,0.877534398041,False
workload_475.cpp,xczu7ev-ffvc1156-2-e,10,2931.87241,534,30,1,6,22,cyclic_4_1,cyclic_2_1,block_2_1,unroll_64,unroll_4,unroll_4,unroll_2,unroll_8,1,14.75,0.845435597741,False
workload_906.cpp,xczu7ev-ffvc1156-2-e,10,1705.61873,106,65,1,3,8,cyclic_4_1,cyclic_2_1,block_2_1,unroll_8,unroll_2,pipeline_1,unroll_2,unroll_2,1,19.25,0.856993409629,False
workload_807.cpp,xczu7ev-ffvc1156-2-e,10,1798.14737,412,30,3,5,19,cyclic_4_1,cyclic_2_1,block_2_1,unroll_8,unroll_2,unroll_32,unroll_2,unroll_2,1,14.25,0.933429328622,False
workload_729.cpp,xczu7ev-ffvc1156-2-e,10,1798.14401,471,30,3,6,23,cyclic_4_1,cyclic_2_1,block_2_1,unroll_8,unroll_2,unroll_32,unroll_8,unroll_8,1,15.5,0.9003977848,False
workload_853.cpp,xczu7ev-ffvc1156-2-e,10,2952.23633,112,30,1,2,7,cyclic_4_1,cyclic_2_1,block_2_1,unroll_8,unroll_2,unroll_4,unroll_2,unroll_2,1,10,0.921726845299,False
workload_688.cpp,xczu7ev-ffvc1156-2-e,10,2952.23297,157,30,1,3,10,cyclic_4_1,cyclic_2_1,block_2_1,unroll_8,unroll_2,unroll_4,unroll_8,unroll_8,1,11,0.907743359986,False
workload_775.cpp,xczu7ev-ffvc1156-2-e,10,1798.14401,659,30,3,7,26,cyclic_4_1,cyclic_2_1,block_2_1,unroll_8,unroll_4,unroll_32,unroll_8,unroll_8,1,16.5,0.899785106241,False
workload_809.cpp,xczu7ev-ffvc1156-2-e,10,1796.30257,171,31,3,4,12,cyclic_4_1,cyclic_2_1,block_4_1,unroll_2,unroll_2,unroll_32,unroll_2,unroll_8,1,12.5,0.971631402759,False
workload_654.cpp,xczu7ev-ffvc1156-2-e,10,2952.27569,112,31,1,2,7,cyclic_4_1,cyclic_2_1,block_4_1,unroll_4,unroll_2,unroll_4,unroll_2,unroll_8,1,10.25,0.918558668366,False
workload_651.cpp,xczu7ev-ffvc1156-2-e,10,1705.53449,197,65,1,5,13,cyclic_4_1,cyclic_2_1,block_4_1,unroll_4,unroll_4,pipeline_1,unroll_4,unroll_8,1,21,0.807641745928,False
workload_336.cpp,xczu7ev-ffvc1156-2-e,10,1873.45073,1208,76,1,9,61,cyclic_4_1,cyclic_2_1,cyclic_128_1,unroll_32,unroll_2,pipeline_1,unroll_2,unroll_8,1,36.75,0.438027973197,False
workload_476.cpp,xczu7ev-ffvc1156-2-e,10,1873.43185,162,66,1,5,15,cyclic_4_1,cyclic_4_1,block_16_1,unroll_16,unroll_2,pipeline_1,unroll_2,unroll_2,1,21.75,0.786505711138,False
workload_248.cpp,xczu7ev-ffvc1156-2-e,10,1705.65793,179,65,1,6,15,cyclic_4_1,cyclic_4_1,block_2_1,unroll_16,unroll_2,pipeline_1,unroll_8,unroll_2,1,21.75,0.786994195884,False
workload_367.cpp,xczu7ev-ffvc1156-2-e,10,1705.65729,188,65,1,7,16,cyclic_4_1,cyclic_4_1,block_2_1,unroll_16,unroll_2,pipeline_1,unroll_8,unroll_4,1,22.25,0.773397093926,False
workload_623.cpp,xczu7ev-ffvc1156-2-e,10,1705.37297,80,65,1,2,5,cyclic_4_1,cyclic_4_1,block_2_1,unroll_2,unroll_2,pipeline_1,unroll_2,unroll_2,1,18.25,0.885924400549,False
workload_852.cpp,xczu7ev-ffvc1156-2-e,10,1705.37233,87,65,1,2,6,cyclic_4_1,cyclic_4_1,block_2_1,unroll_2,unroll_2,pipeline_1,unroll_2,unroll_4,1,18.5,0.8786420079,False
workload_489.cpp,xczu7ev-ffvc1156-2-e,10,1705.37137,98,65,1,2,7,cyclic_4_1,cyclic_4_1,block_2_1,unroll_2,unroll_2,pipeline_1,unroll_2,unroll_8,1,18.75,0.871392366042,False
workload_548.cpp,xczu7ev-ffvc1156-2-e,10,1705.37121,97,65,1,2,7,cyclic_4_1,cyclic_4_1,block_2_1,unroll_2,unroll_2,pipeline_1,unroll_8,unroll_2,1,18.75,0.871392365265,False
workload_731.cpp,xczu7ev-ffvc1156-2-e,10,7146.66161,94,31,1,2,6,cyclic_4_1,cyclic_4_1,block_2_1,unroll_2,unroll_2,unroll_2,unroll_2,unroll_8,1,10,0.525623693049,False
workload_832.cpp,xczu7ev-ffvc1156-2-e,10,1785.81681,170,31,3,4,12,cyclic_4_1,cyclic_4_1,block_2_1,unroll_2,unroll_2,unroll_32,unroll_2,unroll_8,1,12.5,1,True
workload_884.cpp,xczu7ev-ffvc1156-2-e,10,1785.81777,152,31,3,4,11,cyclic_4_1,cyclic_4_1,block_2_1,unroll_2,unroll_2,unroll_32,unroll_4,unroll_2,1,12.25,1,True
workload_864.cpp,xczu7ev-ffvc1156-2-e,10,1785.81617,175,31,3,5,13,cyclic_4_1,cyclic_4_1,block_2_1,unroll_2,unroll_2,unroll_32,unroll_4,unroll_8,1,13,1,True
workload_813.cpp,xczu7ev-ffvc1156-2-e,10,2931.38769,77,31,1,1,4,cyclic_4_1,cyclic_4_1,block_2_1,unroll_2,unroll_2,unroll_4,unroll_2,unroll_2,1,9.25,0.930902745348,False
workload_750.cpp,xczu7ev-ffvc1156-2-e,10,2270.78417,96,31,1,2,7,cyclic_4_1,cyclic_4_1,block_2_1,unroll_2,unroll_2,unroll_8,unroll_2,unroll_4,1,10.25,0.972124979025,False
workload_773.cpp,xczu7ev-ffvc1156-2-e,10,2270.78249,182,31,1,4,12,cyclic_4_1,cyclic_4_1,block_2_1,unroll_2,unroll_4,unroll_8,unroll_4,unroll_8,1,12,0.943585547826,False
workload_490.cpp,xczu7ev-ffvc1156-2-e,10,1705.53681,87,65,1,2,6,cyclic_4_1,cyclic_4_1,block_2_1,unroll_4,unroll_2,pipeline_1,unroll_2,unroll_2,2,18.5,0.878642823527,False
workload_438.cpp,xczu7ev-ffvc1156-2-e,10,1705.53521,108,65,1,3,8,cyclic_4_1,cyclic_4_1,block_2_1,unroll_4,unroll_2,pipeline_1,unroll_2,unroll_8,1,19.25,0.8569930355,False
workload_689.cpp,xczu7ev-ffvc1156-2-e,10,1705.53617,95,65,1,3,7,cyclic_4_1,cyclic_4_1,block_2_1,unroll_4,unroll_2,pipeline_1,unroll_4,unroll_2,1,19,0.864176536019,False
workload_754.cpp,xczu7ev-ffvc1156-2-e,10,1789.66705,248,31,3,5,16,cyclic_4_1,cyclic_4_1,block_2_1,unroll_4,unroll_2,unroll_32,unroll_2,unroll_8,1,13.75,0.947451092598,False
workload_787.cpp,xczu7ev-ffvc1156-2-e,10,2275.94417,126,31,1,3,9,cyclic_4_1,cyclic_4_1,block_2_1,unroll_4,unroll_2,unroll_8,unroll_2,unroll_8,1,11,0.961427381989,False
workload_363.cpp,xczu7ev-ffvc1156-2-e,10,1705.53673,101,65,1,3,9,cyclic_4_1,cyclic_4_1,block_2_1,unroll_4,unroll_4,pipeline_1,unroll_2,unroll_2,1,19.5,0.84984275208,False
workload_839.cpp,xczu7ev-ffvc1156-2-e,10,2931.30241,312,31,1,4,12,cyclic_4_1,cyclic_4_1,block_2_1,unroll_4,unroll_4,unroll_4,unroll_8,unroll_8,1,12,0.891422519163,False
workload_470.cpp,xczu7ev-ffvc1156-2-e,10,1705.67953,445,65,1,19,37,cyclic_4_1,cyclic_4_1,block_2_1,unroll_64,unroll_2,pipeline_1,unroll_2,unroll_4,1,30.5,0.56858571169,False
workload_767.cpp,xczu7ev-ffvc1156-2-e,10,1705.61873,109,65,1,3,9,cyclic_4_1,cyclic_4_1,block_2_1,unroll_8,unroll_2,pipeline_1,unroll_2,unroll_2,1,19.5,0.849843107878,False
workload_901.cpp,xczu7ev-ffvc1156-2-e,10,2931.26145,160,31,1,3,10,cyclic_4_1,cyclic_4_1,block_2_1,unroll_8,unroll_2,unroll_4,unroll_8,unroll_8,1,11.25,0.904850394933,False
workload_402.cpp,xczu7ev-ffvc1156-2-e,10,1705.65961,173,66,1,6,15,cyclic_4_1,cyclic_4_1,block_4_1,unroll_16,unroll_4,pipeline_1,unroll_2,unroll_2,1,22,0.780178810677,False
workload_888.cpp,xczu7ev-ffvc1156-2-e,10,1785.81681,173,31,3,4,12,cyclic_4_1,cyclic_4_1,block_4_1,unroll_2,unroll_2,unroll_32,unroll_2,unroll_8,1,12.5,1,True
workload_555.cpp,xczu7ev-ffvc1156-2-e,10,7062.69297,115,31,1,2,8,cyclic_4_1,cyclic_4_1,block_4_1,unroll_4,unroll_2,unroll_2,unroll_4,unroll_8,1,10.5,0.532141564173,False
workload_810.cpp,xczu7ev-ffvc1156-2-e,10,1787.04561,250,31,3,5,16,cyclic_4_1,cyclic_4_1,block_4_1,unroll_4,unroll_2,unroll_32,unroll_2,unroll_8,1,13.75,0.947545482363,False
workload_491.cpp,xczu7ev-ffvc1156-2-e,10,2920.81769,191,31,1,4,12,cyclic_4_1,cyclic_4_1,block_4_1,unroll_4,unroll_4,unroll_4,unroll_4,unroll_8,1,12,0.891962073984,False
workload_577.cpp,xczu7ev-ffvc1156-2-e,10,2910.24561,463,31,1,4,19,cyclic_4_1,cyclic_4_1,block_4_1,unroll_64,unroll_2,unroll_4,unroll_2,unroll_8,1,13.75,0.860907602264,False
workload_541.cpp,xczu7ev-ffvc1156-2-e,10,2910.24497,470,31,1,5,20,cyclic_4_1,cyclic_4_1,block_4_1,unroll_64,unroll_2,unroll_4,unroll_4,unroll_8,1,14.25,0.854671253364,False
workload_578.cpp,xczu7ev-ffvc1156-2-e,10,2926.01961,219,31,1,4,13,cyclic_4_1,cyclic_4_1,block_4_1,unroll_8,unroll_4,unroll_4,unroll_4,unroll_8,1,12.25,0.886825966926,False
workload_462.cpp,xczu7ev-ffvc1156-2-e,10,1873.30897,88,66,1,2,7,cyclic_4_1,cyclic_4_1,block_8_1,unroll_4,unroll_2,pipeline_1,unroll_2,unroll_2,1,19,0.861207640857,False
workload_507.cpp,xczu7ev-ffvc1156-2-e,10,1873.30833,98,66,1,3,8,cyclic_4_1,cyclic_4_1,block_8_1,unroll_4,unroll_2,pipeline_1,unroll_2,unroll_4,1,19.5,0.848041885213,False
workload_487.cpp,xczu7ev-ffvc1156-2-e,10,3078.01929,464,32,1,5,20,cyclic_4_1,cyclic_4_1,block_8_1,unroll_64,unroll_4,unroll_4,unroll_2,unroll_2,1,14.5,0.835707693097,False
workload_479.cpp,xczu7ev-ffvc1156-2-e,10,1705.37121,124,66,1,2,14,cyclic_4_1,cyclic_64_1,block_2_1,unroll_2,unroll_2,pipeline_1,unroll_8,unroll_2,1,20.75,0.814590962045,False
workload_413.cpp,xczu7ev-ffvc1156-2-e,10,1705.53505,136,66,1,3,17,cyclic_4_1,cyclic_64_1,block_2_1,unroll_4,unroll_2,pipeline_1,unroll_8,unroll_2,1,21.75,0.786993787835,False
workload_528.cpp,xczu7ev-ffvc1156-2-e,10,6999.78065,120,31,1,1,9,cyclic_4_1,cyclic_64_1,block_2_1,unroll_4,unroll_2,unroll_4,unroll_2,unroll_2,1,10.5,0.537340640577,False
workload_522.cpp,xczu7ev-ffvc1156-2-e,10,6999.78057,137,31,1,2,13,cyclic_4_1,cyclic_64_1,block_2_1,unroll_4,unroll_4,unroll_4,unroll_2,unroll_2,1,11.75,0.534984922278,False
workload_435.cpp,xczu7ev-ffvc1156-2-e,10,4398.56817,1087,31,1,5,32,cyclic_4_1,cyclic_64_1,block_2_1,unroll_64,unroll_2,unroll_4,unroll_2,unroll_8,1,17.25,0.695166937952,False
workload_381.cpp,xczu7ev-ffvc1156-2-e,10,1705.65793,258,66,1,6,29,cyclic_4_1,cyclic_64_1,block_4_1,unroll_16,unroll_2,pipeline_1,unroll_8,unroll_2,1,25.5,0.688308224236,False
workload_335.cpp,xczu7ev-ffvc1156-2-e,10,1705.53673,127,66,1,3,16,cyclic_4_1,cyclic_64_1,block_4_1,unroll_4,unroll_4,pipeline_1,unroll_2,unroll_2,1,21.5,0.793842828929,False
workload_430.cpp,xczu7ev-ffvc1156-2-e,10,7188.52425,126,32,1,2,13,cyclic_4_1,cyclic_64_1,block_4_1,unroll_4,unroll_4,unroll_2,unroll_2,unroll_2,1,12,0.518959088537,False
workload_699.cpp,xczu7ev-ffvc1156-2-e,10,6936.94801,81,31,1,1,4,cyclic_4_1,cyclic_8_1,block_2_1,unroll_2,unroll_2,unroll_4,unroll_2,unroll_2,1,9.25,0.542964185233,False
workload_726.cpp,xczu7ev-ffvc1156-2-e,10,6936.86385,127,31,1,2,9,cyclic_4_1,cyclic_8_1,block_2_1,unroll_4,unroll_2,unroll_4,unroll_4,unroll_8,1,10.75,0.542248572216,False
workload_825.cpp,xczu7ev-ffvc1156-2-e,10,6936.86433,117,31,1,2,8,cyclic_4_1,cyclic_8_1,block_2_1,unroll_4,unroll_2,unroll_4,unroll_8,unroll_2,1,10.5,0.542570600184,False
workload_282.cpp,xczu7ev-ffvc1156-2-e,10,2046.46497,1168,87,1,10,67,cyclic_8_1,block_128_1,block_8_1,unroll_32,unroll_2,pipeline_1,unroll_8,unroll_4,1,41.25,0.356927815213,False
workload_298.cpp,xczu7ev-ffvc1156-2-e,10,4048.11953,115,34,1,2,9,cyclic_8_1,block_16_1,block_2_1,unroll_2,unroll_2,unroll_4,unroll_2,unroll_8,1,11.5,0.806320637174,False
workload_356.cpp,xczu7ev-ffvc1156-2-e,10,4048.11777,147,34,1,3,11,cyclic_8_1,block_16_1,block_2_1,unroll_2,unroll_2,unroll_4,unroll_8,unroll_8,1,12.25,0.799041377811,False
workload_437.cpp,xczu7ev-ffvc1156-2-e,10,4328.46001,537,34,1,8,40,cyclic_8_1,block_16_1,block_2_1,unroll_32,unroll_2,unroll_4,unroll_2,unroll_8,1,20.75,0.664106380251,False
workload_410.cpp,xczu7ev-ffvc1156-2-e,10,3974.63889,104,34,1,2,10,cyclic_8_1,block_16_1,block_2_1,unroll_4,unroll_2,unroll_4,unroll_2,unroll_2,1,11.75,0.811177829891,False
workload_495.cpp,xczu7ev-ffvc1156-2-e,10,3167.80209,575,33,1,10,35,cyclic_8_1,block_2_1,block_2_1,unroll_64,unroll_2,unroll_4,unroll_2,unroll_8,1,19.75,0.766921084281,False
workload_352.cpp,xczu7ev-ffvc1156-2-e,10,2046.32177,798,86,1,3,29,cyclic_8_1,block_2_1,cyclic_128_1,unroll_4,unroll_2,pipeline_1,unroll_4,unroll_8,1,29.75,0.584881563171,False
workload_177.cpp,xczu7ev-ffvc1156-2-e,10,7361.53777,629,44,1,3,31,cyclic_8_1,block_2_1,cyclic_128_1,unroll_4,unroll_2,unroll_4,unroll_2,unroll_8,1,19.75,0.45615930641,False
workload_461.cpp,xczu7ev-ffvc1156-2-e,10,3335.57417,819,34,1,13,54,cyclic_8_1,block_2_1,cyclic_16_1,unroll_64,unroll_4,unroll_4,unroll_2,unroll_8,1,25.5,0.647603668487,False
workload_511.cpp,xczu7ev-ffvc1156-2-e,10,3985.20481,118,34,1,2,12,cyclic_8_1,block_32_1,block_2_1,unroll_2,unroll_2,unroll_4,unroll_8,unroll_2,1,12.25,0.804885601466,False
workload_151.cpp,xczu7ev-ffvc1156-2-e,10,4127.91985,651,34,1,8,43,cyclic_8_1,block_32_1,block_2_1,unroll_32,unroll_2,unroll_4,unroll_2,unroll_8,1,21.5,0.66963604444,False
workload_369.cpp,xczu7ev-ffvc1156-2-e,10,3974.63881,133,34,1,3,14,cyclic_8_1,block_32_1,block_2_1,unroll_4,unroll_4,unroll_4,unroll_2,unroll_2,1,13,0.796431830384,False
workload_327.cpp,xczu7ev-ffvc1156-2-e,10,4406.43073,727,34,1,10,42,cyclic_8_1,block_32_1,block_2_1,unroll_64,unroll_2,unroll_4,unroll_8,unroll_8,1,21.75,0.645542486304,False
workload_341.cpp,xczu7ev-ffvc1156-2-e,10,6139.88449,359,35,1,4,28,cyclic_8_1,block_32_1,block_32_1,unroll_16,unroll_2,unroll_2,unroll_8,unroll_4,1,17,0.569913129045,False
workload_601.cpp,xczu7ev-ffvc1156-2-e,10,3964.23345,118,34,1,2,12,cyclic_8_1,block_32_1,block_4_1,unroll_2,unroll_2,unroll_4,unroll_2,unroll_8,1,12.25,0.806824639552,False
workload_342.cpp,xczu7ev-ffvc1156-2-e,10,1878.55177,124,76,1,3,13,cyclic_8_1,block_32_1,block_4_1,unroll_4,unroll_4,pipeline_1,unroll_2,unroll_2,1,23.25,0.746294752757,False
workload_287.cpp,xczu7ev-ffvc1156-2-e,10,2046.32393,161,77,1,3,16,cyclic_8_1,block_32_1,cyclic_32_1,unroll_4,unroll_4,pipeline_1,unroll_2,unroll_2,1,24.25,0.718622687645,False
workload_194.cpp,xczu7ev-ffvc1156-2-e,10,2046.32393,233,77,1,3,19,cyclic_8_1,block_32_1,cyclic_64_1,unroll_4,unroll_4,pipeline_1,unroll_2,unroll_2,1,25,0.699508256708,False
workload_340.cpp,xczu7ev-ffvc1156-2-e,10,1878.69185,835,75,1,17,46,cyclic_8_1,block_4_1,block_2_1,unroll_64,unroll_4,pipeline_1,unroll_8,unroll_8,1,34.75,0.477475427103,False
workload_15.cpp,xczu7ev-ffvc1156-2-e,10,5679.81233,652,34,1,8,44,cyclic_8_1,block_4_1,cyclic_16_1,unroll_32,unroll_2,unroll_4,unroll_2,unroll_8,1,21.75,0.549826582999,False
workload_422.cpp,xczu7ev-ffvc1156-2-e,10,3418.14953,822,34,1,13,54,cyclic_8_1,block_4_1,cyclic_16_1,unroll_64,unroll_4,unroll_4,unroll_2,unroll_8,1,25.5,0.643698735863,False
workload_405.cpp,xczu7ev-ffvc1156-2-e,10,5909.20017,149,34,1,3,14,cyclic_8_1,block_8_1,block_2_1,unroll_16,unroll_2,unroll_2,unroll_2,unroll_2,1,13,0.622562596709,False
workload_370.cpp,xczu7ev-ffvc1156-2-e,10,1878.38801,82,76,1,2,6,cyclic_8_1,block_8_1,block_2_1,unroll_2,unroll_2,pipeline_1,unroll_2,unroll_2,1,21.25,0.800062522413,False
workload_464.cpp,xczu7ev-ffvc1156-2-e,10,1878.38737,87,76,1,2,7,cyclic_8_1,block_8_1,block_2_1,unroll_2,unroll_2,pipeline_1,unroll_2,unroll_4,1,21.5,0.793249685565,False
workload_486.cpp,xczu7ev-ffvc1156-2-e,10,4048.12113,83,34,1,1,6,cyclic_8_1,block_8_1,block_2_1,unroll_2,unroll_2,unroll_4,unroll_2,unroll_2,1,10.5,0.813504270215,False
workload_323.cpp,xczu7ev-ffvc1156-2-e,10,1878.69521,262,76,1,8,26,cyclic_8_1,block_8_1,block_2_1,unroll_32,unroll_2,pipeline_1,unroll_2,unroll_2,1,27.75,0.632652217482,False
workload_359.cpp,xczu7ev-ffvc1156-2-e,10,1878.69345,298,76,1,9,28,cyclic_8_1,block_8_1,block_2_1,unroll_32,unroll_2,pipeline_1,unroll_8,unroll_2,1,28.5,0.614758792159,False
workload_260.cpp,xczu7ev-ffvc1156-2-e,10,1878.69345,486,76,1,15,42,cyclic_8_1,block_8_1,block_2_1,unroll_64,unroll_2,pipeline_1,unroll_8,unroll_2,1,33.5,0.50323765433,False
workload_408.cpp,xczu7ev-ffvc1156-2-e,10,1878.69521,264,76,1,9,26,cyclic_8_1,block_8_1,block_4_1,unroll_32,unroll_2,pipeline_1,unroll_2,unroll_2,1,28,0.626654115337,False
workload_387.cpp,xczu7ev-ffvc1156-2-e,10,1878.55177,114,76,1,3,10,cyclic_8_1,block_8_1,block_4_1,unroll_4,unroll_4,pipeline_1,unroll_2,unroll_2,1,22.5,0.766246594344,False
workload_318.cpp,xczu7ev-ffvc1156-2-e,10,4205.32553,130,35,1,3,13,cyclic_8_1,block_8_1,cyclic_16_1,unroll_4,unroll_4,unroll_4,unroll_2,unroll_2,1,13,0.776011860069,False
workload_415.cpp,xczu7ev-ffvc1156-2-e,10,4194.83977,119,35,1,3,12,cyclic_8_1,block_8_1,cyclic_8_1,unroll_4,unroll_4,unroll_4,unroll_2,unroll_2,1,12.75,0.779903836937,False
workload_860.cpp,xczu7ev-ffvc1156-2-e,10,1950.96753,171,33,3,4,12,cyclic_8_1,cyclic_2_1,block_2_1,unroll_2,unroll_2,unroll_32,unroll_2,unroll_8,1,13,0.955309273187,False
workload_770.cpp,xczu7ev-ffvc1156-2-e,10,3314.11633,106,33,1,2,8,cyclic_8_1,cyclic_2_1,block_2_1,unroll_2,unroll_2,unroll_4,unroll_2,unroll_8,1,11,0.881184615132,False
workload_823.cpp,xczu7ev-ffvc1156-2-e,10,3282.57873,99,33,1,2,8,cyclic_8_1,cyclic_2_1,block_2_1,unroll_4,unroll_2,unroll_4,unroll_2,unroll_2,1,11,0.88390180518,False
workload_447.cpp,xczu7ev-ffvc1156-2-e,10,3106.19977,569,33,1,10,36,cyclic_8_1,cyclic_2_1,block_2_1,unroll_64,unroll_4,unroll_4,unroll_2,unroll_2,1,20,0.767461040278,False
workload_394.cpp,xczu7ev-ffvc1156-2-e,10,2046.46561,454,76,1,9,35,cyclic_8_1,cyclic_2_1,block_32_1,unroll_32,unroll_2,pipeline_1,unroll_8,unroll_2,1,30.25,0.573494342945,False
workload_877.cpp,xczu7ev-ffvc1156-2-e,10,2118.73905,201,34,3,4,14,cyclic_8_1,cyclic_2_1,block_8_1,unroll_2,unroll_2,unroll_32,unroll_4,unroll_8,1,13.75,0.929471078619,False
workload_371.cpp,xczu7ev-ffvc1156-2-e,10,2046.32401,99,76,1,2,8,cyclic_8_1,cyclic_4_1,block_16_1,unroll_4,unroll_2,pipeline_1,unroll_2,unroll_2,1,21.75,0.783897077987,False
workload_733.cpp,xczu7ev-ffvc1156-2-e,10,2422.82769,97,33,1,2,7,cyclic_8_1,cyclic_4_1,block_2_1,unroll_2,unroll_2,unroll_8,unroll_2,unroll_4,1,10.75,0.95473663391,False
workload_840.cpp,xczu7ev-ffvc1156-2-e,10,2422.82673,115,33,1,3,8,cyclic_8_1,cyclic_4_1,block_2_1,unroll_2,unroll_2,unroll_8,unroll_2,unroll_8,1,11.25,0.947037510802,False
workload_540.cpp,xczu7ev-ffvc1156-2-e,10,3314.11785,99,33,1,2,8,cyclic_8_1,cyclic_4_1,block_2_1,unroll_2,unroll_4,unroll_4,unroll_2,unroll_2,1,11,0.881184482828,False
workload_644.cpp,xczu7ev-ffvc1156-2-e,10,3314.11561,196,33,1,4,13,cyclic_8_1,cyclic_4_1,block_2_1,unroll_2,unroll_4,unroll_4,unroll_4,unroll_8,1,12.75,0.853464175673,False
workload_524.cpp,xczu7ev-ffvc1156-2-e,10,1878.55017,175,75,1,4,12,cyclic_8_1,cyclic_4_1,block_2_1,unroll_4,unroll_4,pipeline_1,unroll_2,unroll_8,1,23,0.752915166196,False
workload_566.cpp,xczu7ev-ffvc1156-2-e,10,7235.71017,100,33,1,2,8,cyclic_8_1,cyclic_4_1,block_2_1,unroll_4,unroll_4,unroll_2,unroll_2,unroll_2,1,11,0.517346252804,False
workload_411.cpp,xczu7ev-ffvc1156-2-e,10,3282.57865,113,33,1,3,10,cyclic_8_1,cyclic_4_1,block_2_1,unroll_4,unroll_4,unroll_4,unroll_2,unroll_2,1,11.75,0.872997479519,False
workload_499.cpp,xczu7ev-ffvc1156-2-e,10,3282.57697,184,33,1,3,13,cyclic_8_1,cyclic_4_1,block_2_1,unroll_4,unroll_4,unroll_4,unroll_8,unroll_2,1,12.5,0.860239406125,False
workload_569.cpp,xczu7ev-ffvc1156-2-e,10,3282.57697,123,33,1,2,10,cyclic_8_1,cyclic_4_1,block_4_1,unroll_4,unroll_2,unroll_4,unroll_8,unroll_2,1,11.5,0.876863344147,False
workload_297.cpp,xczu7ev-ffvc1156-2-e,10,2046.44617,238,76,1,7,22,cyclic_8_1,cyclic_4_1,cyclic_16_1,unroll_16,unroll_4,pipeline_1,unroll_4,unroll_2,1,26.5,0.662075702683,False
workload_296.cpp,xczu7ev-ffvc1156-2-e,10,1878.55177,136,76,1,3,17,cyclic_8_1,cyclic_64_1,block_4_1,unroll_4,unroll_4,pipeline_1,unroll_2,unroll_2,1,24.25,0.72012626955,False
workload_347.cpp,xczu7ev-ffvc1156-2-e,10,2046.32393,171,77,1,3,20,cyclic_8_1,cyclic_64_1,cyclic_32_1,unroll_4,unroll_4,pipeline_1,unroll_2,unroll_2,1,25.25,0.693194311859,False
workload_536.cpp,xczu7ev-ffvc1156-2-e,10,7193.76713,121,34,1,2,11,cyclic_8_1,cyclic_8_1,block_2_1,unroll_4,unroll_4,unroll_4,unroll_2,unroll_2,1,12,0.518537155976,False
