Version,Device,Clock_Period_nsec,Latency_msec,Synthesis_Time_sec,BRAM_Utilization_percentage,DSP_Utilization_percentage,FF_Utilization_percentage,LUT_Utilization_percentage,Array_1,OuterLoop_1,InnerLoop_1_1,InnerLoop_2_1,Replicate_Count,Area,Weight,is_pareto
MatrixMultiplication_3498.cpp,xcu200-fsgd2104-2-e,3.33,3621.01623912,117,0,0,1,4,block_128_1,unroll_2,unroll_2,pipeline_1,1,1.25,0.67859519074,False
MatrixMultiplication_3370.cpp,xcu200-fsgd2104-2-e,3.33,3621.04522344,341.5,0,0,3,7,block_128_1,unroll_2,unroll_4,pipeline_1,2,2.5,0.418788821291,False
MatrixMultiplication_3550.cpp,xcu200-fsgd2104-2-e,3.33,40452.9534065,229,0,0,0,3,block_128_1,unroll_2,unroll_4,unroll_2,1,0.75,0.102048609635,False
MatrixMultiplication_3337.cpp,xcu200-fsgd2104-2-e,3.33,3621.01623912,1190,0,0,6,12,block_128_1,unroll_2,unroll_8,pipeline_1,1,4.5,0.160526214898,False
MatrixMultiplication_3336.cpp,xcu200-fsgd2104-2-e,3.33,3621.01538664,1231,0,0,6,12,block_128_1,unroll_4,unroll_4,pipeline_1,1,4.5,0.160526215624,False
MatrixMultiplication_3209.cpp,xcu200-fsgd2104-2-e,3.33,41039.9491831,263,0,0,0,3,block_16_1,unroll_16,unroll_4,unroll_2,1,0.75,0.101014593863,False
MatrixMultiplication_3272.cpp,xcu200-fsgd2104-2-e,3.33,3621.01623912,133,0,0,1,3,block_16_1,unroll_2,unroll_16,pipeline_1,2,1,0.737562258572,False
MatrixMultiplication_3472.cpp,xcu200-fsgd2104-2-e,3.33,3621.17991528,34,0,0,0,0,block_16_1,unroll_2,unroll_2,pipeline_1,1,0,0.913717289193,False
MatrixMultiplication_3266.cpp,xcu200-fsgd2104-2-e,3.33,3621.39815016,397,0,0,3,6,block_16_1,unroll_2,unroll_32,pipeline_1,1,2.25,0.465069792406,False
MatrixMultiplication_3238.cpp,xcu200-fsgd2104-2-e,3.33,40734.9793649,240,0,0,0,2,block_16_1,unroll_2,unroll_32,unroll_2,1,0.5,0.101869248082,False
MatrixMultiplication_3163.cpp,xcu200-fsgd2104-2-e,3.33,3621.61638504,41.5,0,0,0,1,block_16_1,unroll_2,unroll_4,pipeline_1,6,0.25,0.889739973536,False
MatrixMultiplication_3097.cpp,xcu200-fsgd2104-2-e,3.33,37998.2048522,41,0,0,0,0,block_16_1,unroll_2,unroll_4,unroll_2,1,0,0.112067229762,False
MatrixMultiplication_3318.cpp,xcu200-fsgd2104-2-e,3.33,3621.39815016,60,0,0,1,1,block_16_1,unroll_2,unroll_8,pipeline_1,1,0.5,0.85149174935,False
MatrixMultiplication_3273.cpp,xcu200-fsgd2104-2-e,3.33,3624.45865992,1615,0,0,7,14,block_16_1,unroll_32,unroll_4,pipeline_1,1,5.25,0.115926216577,False
MatrixMultiplication_3241.cpp,xcu200-fsgd2104-2-e,3.33,3621.61553256,1380,0,0,7,13,block_16_1,unroll_4,unroll_32,pipeline_1,2,5,0.127606574429,False
MatrixMultiplication_3054.cpp,xcu200-fsgd2104-2-e,3.33,40623.2392702,825.5,0,0,1,5,block_16_1,unroll_4,unroll_32,unroll_2,2,1.5,0.100317785406,False
MatrixMultiplication_3127.cpp,xcu200-fsgd2104-2-e,3.33,3624.452586,64,0,0,1,1,block_16_1,unroll_4,unroll_4,pipeline_1,3,0.5,0.851410650264,False
MatrixMultiplication_3147.cpp,xcu200-fsgd2104-2-e,3.33,32580.5231304,284,0,0,0,2,block_16_1,unroll_4,unroll_4,unroll_8,1,0.5,0.153003151545,False
MatrixMultiplication_3277.cpp,xcu200-fsgd2104-2-e,3.33,3621.20634216,135.5,0,0,1,3,block_16_1,unroll_4,unroll_8,pipeline_1,2,1,0.737559748182,False
MatrixMultiplication_3322.cpp,xcu200-fsgd2104-2-e,3.33,3621.0149604,143,0,0,1,3,block_16_1,unroll_8,unroll_4,pipeline_1,1,1,0.737562275458,False
MatrixMultiplication_3073.cpp,xcu200-fsgd2104-2-e,3.33,3622.92430248,186,0,0,2,4,block_2_1,unroll_16,unroll_8,pipeline_1,2,1.5,0.621333644189,False
MatrixMultiplication_3176.cpp,xcu200-fsgd2104-2-e,3.33,35455.7565655,139,0,0,0,2,block_2_1,unroll_16,unroll_8,unroll_2,1,0.5,0.127008617786,False
MatrixMultiplication_3253.cpp,xcu200-fsgd2104-2-e,3.33,3621.17991528,48,0,0,0,0,block_2_1,unroll_2,unroll_16,pipeline_1,5,0,0.913717289193,False
MatrixMultiplication_3329.cpp,xcu200-fsgd2104-2-e,3.33,34250.9363784,275,0,0,0,1,block_2_1,unroll_2,unroll_16,unroll_16,1,0.25,0.138080255915,False
MatrixMultiplication_3553.cpp,xcu200-fsgd2104-2-e,3.33,19615.3960622,162,0,0,0,1,block_2_1,unroll_2,unroll_2,unroll_64,1,0.25,0.382548915395,False
MatrixMultiplication_3367.cpp,xcu200-fsgd2104-2-e,3.33,3621.01623912,78,0,0,1,1,block_2_1,unroll_2,unroll_32,pipeline_1,1,0.5,0.851501886084,False
MatrixMultiplication_3280.cpp,xcu200-fsgd2104-2-e,3.33,3621.28903272,31.5,0,0,0,0,block_2_1,unroll_2,unroll_4,pipeline_1,4,0,0.913712752563,False
MatrixMultiplication_3551.cpp,xcu200-fsgd2104-2-e,3.33,28162.1286677,123,0,0,0,1,block_2_1,unroll_2,unroll_4,unroll_32,1,0.25,0.212368104405,False
MatrixMultiplication_3568.cpp,xcu200-fsgd2104-2-e,3.33,27715.1836334,378,0,0,0,1,block_2_1,unroll_2,unroll_4,unroll_64,1,0.25,0.219363995772,False
MatrixMultiplication_3234.cpp,xcu200-fsgd2104-2-e,3.33,3621.17991528,38,0,0,0,0,block_2_1,unroll_2,unroll_8,pipeline_1,7,0,0.913717289193,False
MatrixMultiplication_3563.cpp,xcu200-fsgd2104-2-e,3.33,31765.1865365,1142,0,0,1,2,block_2_1,unroll_2,unroll_8,unroll_64,1,0.75,0.159141271958,False
MatrixMultiplication_3218.cpp,xcu200-fsgd2104-2-e,3.33,33529.8508258,60,0,0,0,0,block_2_1,unroll_2,unroll_8,unroll_8,1,0,0.145293753968,False
MatrixMultiplication_3270.cpp,xcu200-fsgd2104-2-e,3.33,3622.70596104,95,0,0,1,2,block_2_1,unroll_32,unroll_2,pipeline_1,1,0.75,0.79663557804,False
MatrixMultiplication_3283.cpp,xcu200-fsgd2104-2-e,3.33,3621.01538664,85,0,0,1,1,block_2_1,unroll_4,unroll_16,pipeline_1,2,0.5,0.851501908709,False
MatrixMultiplication_3510.cpp,xcu200-fsgd2104-2-e,3.33,19615.0132987,472,0,0,0,1,block_2_1,unroll_4,unroll_2,unroll_64,1,0.25,0.382558249532,False
MatrixMultiplication_3450.cpp,xcu200-fsgd2104-2-e,3.33,3621.01538664,43,0,0,0,0,block_2_1,unroll_4,unroll_4,pipeline_1,3,0,0.913724129604,False
MatrixMultiplication_3509.cpp,xcu200-fsgd2104-2-e,3.33,28162.3733294,342,0,0,0,1,block_2_1,unroll_4,unroll_4,unroll_32,2,0.25,0.212364332506,False
MatrixMultiplication_3543.cpp,xcu200-fsgd2104-2-e,3.33,27715.0191048,1301,0,0,1,2,block_2_1,unroll_4,unroll_4,unroll_64,1,0.75,0.212195994013,False
MatrixMultiplication_3211.cpp,xcu200-fsgd2104-2-e,3.33,30843.6343445,69,0,0,0,0,block_2_1,unroll_4,unroll_4,unroll_8,1,0,0.175474720772,False
MatrixMultiplication_3100.cpp,xcu200-fsgd2104-2-e,3.33,3621.01538664,57,0,0,0,1,block_2_1,unroll_4,unroll_8,pipeline_1,3,0.25,0.889761619316,False
MatrixMultiplication_3355.cpp,xcu200-fsgd2104-2-e,3.33,32519.2417531,285,0,0,0,2,block_2_1,unroll_4,unroll_8,unroll_16,1,0.5,0.153651314904,False
MatrixMultiplication_3122.cpp,xcu200-fsgd2104-2-e,3.33,33526.9745582,124.5,0,0,0,1,block_2_1,unroll_4,unroll_8,unroll_8,2,0.25,0.144859702085,False
MatrixMultiplication_3256.cpp,xcu200-fsgd2104-2-e,3.33,3621.0149604,544,0,0,4,7,block_2_1,unroll_8,unroll_32,pipeline_1,1,2.75,0.375554156026,False
MatrixMultiplication_3288.cpp,xcu200-fsgd2104-2-e,3.33,3621.01623912,347,0,0,3,6,block_32_1,unroll_2,unroll_16,pipeline_1,1,2.25,0.465071430962,False
MatrixMultiplication_3263.cpp,xcu200-fsgd2104-2-e,3.33,3621.07420776,59,0,0,0,2,block_32_1,unroll_2,unroll_4,pipeline_1,3,0.5,0.851500347522,False
MatrixMultiplication_3287.cpp,xcu200-fsgd2104-2-e,3.33,3621.01623912,126,0,0,1,3,block_32_1,unroll_2,unroll_8,pipeline_1,2,1,0.737562258572,False
MatrixMultiplication_3206.cpp,xcu200-fsgd2104-2-e,3.33,3621.20634216,125,0,0,1,3,block_32_1,unroll_4,unroll_4,pipeline_1,2,1,0.737559748182,False
MatrixMultiplication_3300.cpp,xcu200-fsgd2104-2-e,3.33,40788.1613297,106,0,0,0,1,block_32_1,unroll_4,unroll_4,unroll_2,1,0.25,0.101995400845,False
MatrixMultiplication_3203.cpp,xcu200-fsgd2104-2-e,3.33,3621.01623912,58,0,0,0,1,block_4_1,unroll_2,unroll_16,pipeline_1,1,0.25,0.889761588613,False
MatrixMultiplication_3430.cpp,xcu200-fsgd2104-2-e,3.33,34236.9693461,429,0,0,0,2,block_4_1,unroll_2,unroll_16,unroll_16,1,0.5,0.13697064257,False
MatrixMultiplication_3177.cpp,xcu200-fsgd2104-2-e,3.33,34837.5517358,159,0,0,0,1,block_4_1,unroll_2,unroll_16,unroll_8,1,0.25,0.132993798811,False
MatrixMultiplication_3267.cpp,xcu200-fsgd2104-2-e,3.33,3622.70755944,29.5,0,0,0,0,block_4_1,unroll_2,unroll_2,pipeline_1,2,0,0.913653777521,False
MatrixMultiplication_3423.cpp,xcu200-fsgd2104-2-e,3.33,3621.01623912,31,0,0,0,0,block_4_1,unroll_2,unroll_4,pipeline_1,3,0,0.913724094162,False
MatrixMultiplication_3347.cpp,xcu200-fsgd2104-2-e,3.33,27702.0895406,736,0,0,0,2,block_4_1,unroll_2,unroll_4,unroll_64,2,0.5,0.216838788486,False
MatrixMultiplication_3260.cpp,xcu200-fsgd2104-2-e,3.33,3621.0980772,39,0,0,0,0,block_4_1,unroll_2,unroll_8,pipeline_1,4,0,0.913720691674,False
MatrixMultiplication_3204.cpp,xcu200-fsgd2104-2-e,3.33,3622.70596104,113,0,0,1,2,block_4_1,unroll_32,unroll_2,pipeline_1,1,0.75,0.79663557804,False
MatrixMultiplication_3323.cpp,xcu200-fsgd2104-2-e,3.33,3621.20634216,102.5,0,0,1,2,block_4_1,unroll_4,unroll_16,pipeline_1,2,0.75,0.796663047036,False
MatrixMultiplication_3268.cpp,xcu200-fsgd2104-2-e,3.33,3622.73398632,41.5,0,0,0,0,block_4_1,unroll_4,unroll_4,pipeline_1,2,0,0.913652678848,False
MatrixMultiplication_3265.cpp,xcu200-fsgd2104-2-e,3.33,3621.20634216,59,0,0,0,1,block_4_1,unroll_4,unroll_8,pipeline_1,4,0.25,0.889754741887,False
MatrixMultiplication_3042.cpp,xcu200-fsgd2104-2-e,3.33,37550.373665,38,0,0,0,0,block_4_1,unroll_8,unroll_2,unroll_2,1,0,0.114441099521,False
MatrixMultiplication_3055.cpp,xcu200-fsgd2104-2-e,3.33,3621.0149604,910,0,0,5,9,block_4_1,unroll_8,unroll_32,pipeline_1,1,3.5,0.264487795186,False
MatrixMultiplication_3295.cpp,xcu200-fsgd2104-2-e,3.33,3621.0149604,111,0,0,1,2,block_4_1,unroll_8,unroll_8,pipeline_1,3,0.75,0.796666551721,False
MatrixMultiplication_3407.cpp,xcu200-fsgd2104-2-e,3.33,3621.01623912,118,0,0,1,3,block_64_1,unroll_2,unroll_4,pipeline_1,1,1,0.737562258572,False
MatrixMultiplication_3335.cpp,xcu200-fsgd2104-2-e,3.33,3621.18247272,1221,0,0,6,12,block_64_1,unroll_4,unroll_8,pipeline_1,1,4.5,0.160526073288,False
MatrixMultiplication_3377.cpp,xcu200-fsgd2104-2-e,3.33,3621.01623912,73,0,0,1,1,block_8_1,unroll_2,unroll_16,pipeline_1,3,0.5,0.851501886084,False
MatrixMultiplication_3282.cpp,xcu200-fsgd2104-2-e,3.33,3621.28903272,33.5,0,0,0,0,block_8_1,unroll_2,unroll_4,pipeline_1,4,0,0.913712752563,False
MatrixMultiplication_3326.cpp,xcu200-fsgd2104-2-e,3.33,3621.0980772,47,0,0,0,1,block_8_1,unroll_2,unroll_8,pipeline_1,2,0.25,0.889758641155,False
MatrixMultiplication_3372.cpp,xcu200-fsgd2104-2-e,3.33,3621.01538664,164,0,0,2,3,block_8_1,unroll_4,unroll_16,pipeline_1,1,1.25,0.67859519926,False
MatrixMultiplication_3334.cpp,xcu200-fsgd2104-2-e,3.33,3621.1790628,45,0,0,0,1,block_8_1,unroll_4,unroll_4,pipeline_1,3,0.25,0.889755724383,False
MatrixMultiplication_3191.cpp,xcu200-fsgd2104-2-e,3.33,32580.5231304,126,0,0,0,1,block_8_1,unroll_4,unroll_4,unroll_8,1,0.25,0.154558999846,False
MatrixMultiplication_3308.cpp,xcu200-fsgd2104-2-e,3.33,3621.17991528,132,0,0,1,3,cyclic_16_1,unroll_2,unroll_16,pipeline_1,3,1,0.737560097171,False
MatrixMultiplication_3235.cpp,xcu200-fsgd2104-2-e,3.33,2914.51153104,1604.5,0,0,0,1,cyclic_16_1,unroll_2,unroll_16,unroll_16,2,0.25,0.914389100567,False
MatrixMultiplication_3164.cpp,xcu200-fsgd2104-2-e,3.33,34813.8357422,400,0,0,1,2,cyclic_16_1,unroll_2,unroll_16,unroll_8,1,0.75,0.130229950356,False
MatrixMultiplication_3281.cpp,xcu200-fsgd2104-2-e,3.33,3623.58049896,30,0,0,0,0,cyclic_16_1,unroll_2,unroll_2,pipeline_1,1,0,0.91361748625,False
MatrixMultiplication_3686.cpp,xcu200-fsgd2104-2-e,3.33,2408.012244,182,0,1,1,2,cyclic_16_1,unroll_2,unroll_2,unroll_32,3,1,0.749786665179,False
MatrixMultiplication_3556.cpp,xcu200-fsgd2104-2-e,3.33,1262.71559376,790,0,1,1,2,cyclic_16_1,unroll_2,unroll_2,unroll_64,5,1,0.753547462098,False
MatrixMultiplication_3364.cpp,xcu200-fsgd2104-2-e,3.33,3621.01623912,39,0,0,0,1,cyclic_16_1,unroll_2,unroll_4,pipeline_1,1,0.25,0.889761588613,False
MatrixMultiplication_3413.cpp,xcu200-fsgd2104-2-e,3.33,2993.75466192,142,0,0,0,1,cyclic_16_1,unroll_2,unroll_4,unroll_16,1,0.25,0.911729453065,False
MatrixMultiplication_3223.cpp,xcu200-fsgd2104-2-e,3.33,37999.9507313,40,0,0,0,0,cyclic_16_1,unroll_2,unroll_4,unroll_2,1,0,0.112058392017,False
MatrixMultiplication_3633.cpp,xcu200-fsgd2104-2-e,3.33,1820.30571216,534,0,1,1,2,cyclic_16_1,unroll_2,unroll_4,unroll_32,1,1,0.752718337383,False
MatrixMultiplication_3320.cpp,xcu200-fsgd2104-2-e,3.33,3622.8200868,62,0,0,1,1,cyclic_16_1,unroll_2,unroll_8,pipeline_1,2,0.5,0.851454001313,False
MatrixMultiplication_3361.cpp,xcu200-fsgd2104-2-e,3.33,3621.83376744,126,0,0,1,3,cyclic_16_1,unroll_4,unroll_8,pipeline_1,1,1,0.737551461546,False
MatrixMultiplication_3221.cpp,xcu200-fsgd2104-2-e,3.33,3624.12821736,67,0,0,1,1.5,cyclic_16_1,unroll_8,unroll_2,pipeline_1,2,0.625,0.825051250109,False
MatrixMultiplication_3098.cpp,xcu200-fsgd2104-2-e,3.33,36491.0630494,58,0,0,0,1,cyclic_16_1,unroll_8,unroll_2,unroll_2,2,0.25,0.120617109734,False
MatrixMultiplication_3129.cpp,xcu200-fsgd2104-2-e,3.33,19669.7350289,203,0,0,0,1,cyclic_2_1,unroll_16,unroll_16,unroll_2,3,0.25,0.38122534217,False
MatrixMultiplication_3153.cpp,xcu200-fsgd2104-2-e,3.33,3624.45876648,185,0,0,2,3,cyclic_2_1,unroll_16,unroll_8,pipeline_1,1,1.25,0.67856076264,False
MatrixMultiplication_3171.cpp,xcu200-fsgd2104-2-e,3.33,3621.28903272,46,0,0,0,0,cyclic_2_1,unroll_2,unroll_16,pipeline_1,8,0,0.913712752563,False
MatrixMultiplication_3375.cpp,xcu200-fsgd2104-2-e,3.33,3744.16211664,142,0,0,0,1,cyclic_2_1,unroll_2,unroll_16,unroll_16,1,0.25,0.885308826108,False
MatrixMultiplication_3066.cpp,xcu200-fsgd2104-2-e,3.33,19669.6274033,39,0,0,0,0,cyclic_2_1,unroll_2,unroll_16,unroll_2,4,0,0.383268182948,False
MatrixMultiplication_3439.cpp,xcu200-fsgd2104-2-e,3.33,2161.87057872,376,0,0,0,1,cyclic_2_1,unroll_2,unroll_16,unroll_32,2,0.25,0.937549121457,False
MatrixMultiplication_3148.cpp,xcu200-fsgd2104-2-e,3.33,1865.6985672,1252,0,0,1,2,cyclic_2_1,unroll_2,unroll_16,unroll_64,5,0.75,0.818258674158,False
MatrixMultiplication_3637.cpp,xcu200-fsgd2104-2-e,3.33,5480.65023696,37,0,0,0,0,cyclic_2_1,unroll_2,unroll_2,unroll_16,2,0,0.838244684939,False
MatrixMultiplication_3554.cpp,xcu200-fsgd2104-2-e,3.33,3190.16605392,51,0,0,0,0,cyclic_2_1,unroll_2,unroll_2,unroll_32,5,0,0.931735659423,False
MatrixMultiplication_3502.cpp,xcu200-fsgd2104-2-e,3.33,2380.07817936,85,0,0,0,0,cyclic_2_1,unroll_2,unroll_2,unroll_64,5,0,0.966135005905,False
MatrixMultiplication_3215.cpp,xcu200-fsgd2104-2-e,3.33,3621.17991528,76,0,0,1,1,cyclic_2_1,unroll_2,unroll_32,pipeline_1,4,0.5,0.851497541864,False
MatrixMultiplication_3130.cpp,xcu200-fsgd2104-2-e,3.33,19672.6946263,50,0,0,0,0,cyclic_2_1,unroll_2,unroll_32,unroll_2,1,0,0.383192948202,False
MatrixMultiplication_3245.cpp,xcu200-fsgd2104-2-e,3.33,3621.39815016,32,0,0,0,0,cyclic_2_1,unroll_2,unroll_4,pipeline_1,9,0,0.913708215945,False
MatrixMultiplication_3641.cpp,xcu200-fsgd2104-2-e,3.33,4306.6557,48,0,0,0,0,cyclic_2_1,unroll_2,unroll_4,unroll_16,1,0,0.885467671917,False
MatrixMultiplication_3184.cpp,xcu200-fsgd2104-2-e,3.33,19449.9859313,29,0,0,0,0,cyclic_2_1,unroll_2,unroll_4,unroll_2,1,0,0.388681662497,False
MatrixMultiplication_3507.cpp,xcu200-fsgd2104-2-e,3.33,2602.67775696,75,0,0,0,0,cyclic_2_1,unroll_2,unroll_4,unroll_32,5,0,0.956613149691,False
MatrixMultiplication_3379.cpp,xcu200-fsgd2104-2-e,3.33,2085.89756112,165,0,0,0,1,cyclic_2_1,unroll_2,unroll_4,unroll_64,5,0.25,0.939616658646,False
MatrixMultiplication_3162.cpp,xcu200-fsgd2104-2-e,3.33,3621.61638504,36,0,0,0,0,cyclic_2_1,unroll_2,unroll_8,pipeline_1,10,0,0.913699142748,False
MatrixMultiplication_3346.cpp,xcu200-fsgd2104-2-e,3.33,3722.66598096,72,0,0,0,0,cyclic_2_1,unroll_2,unroll_8,unroll_16,1,0,0.90950340224,False
MatrixMultiplication_3225.cpp,xcu200-fsgd2104-2-e,3.33,19561.290835,30,0,0,0,0,cyclic_2_1,unroll_2,unroll_8,unroll_2,1,0,0.385931938836,False
MatrixMultiplication_3558.cpp,xcu200-fsgd2104-2-e,3.33,2309.04272592,148,0,0,0,1,cyclic_2_1,unroll_2,unroll_8,unroll_32,2,0.25,0.933382253971,False
MatrixMultiplication_3255.cpp,xcu200-fsgd2104-2-e,3.33,1939.02548688,408.5,0,0,0,1,cyclic_2_1,unroll_2,unroll_8,unroll_64,6,0.25,0.943441217788,False
MatrixMultiplication_3205.cpp,xcu200-fsgd2104-2-e,3.33,3621.1790628,77,0,0,1,1,cyclic_2_1,unroll_4,unroll_16,pipeline_1,7,0.5,0.851497564491,False
MatrixMultiplication_3312.cpp,xcu200-fsgd2104-2-e,3.33,3425.69519568,373,0,0,0,1,cyclic_2_1,unroll_4,unroll_16,unroll_16,1,0.25,0.896745765722,False
MatrixMultiplication_3475.cpp,xcu200-fsgd2104-2-e,3.33,3621.01538664,40,0,0,0,0,cyclic_2_1,unroll_4,unroll_2,pipeline_1,1,0,0.913724129604,False
MatrixMultiplication_3397.cpp,xcu200-fsgd2104-2-e,3.33,5480.37659088,57,0,0,0,0,cyclic_2_1,unroll_4,unroll_2,unroll_16,1,0,0.838255521564,False
MatrixMultiplication_3627.cpp,xcu200-fsgd2104-2-e,3.33,3189.94696656,87,0,0,0,0,cyclic_2_1,unroll_4,unroll_2,unroll_32,1,0,0.931744868461,False
MatrixMultiplication_3514.cpp,xcu200-fsgd2104-2-e,3.33,2428.96194,197,0,0,0,1,cyclic_2_1,unroll_4,unroll_2,unroll_64,5,0.25,0.929840480118,False
MatrixMultiplication_3170.cpp,xcu200-fsgd2104-2-e,3.33,3621.1790628,162,0,0,2,3,cyclic_2_1,unroll_4,unroll_32,pipeline_1,5,1.25,0.678593563402,False
MatrixMultiplication_3224.cpp,xcu200-fsgd2104-2-e,3.33,19672.6878065,86,0,0,0,0,cyclic_2_1,unroll_4,unroll_32,unroll_2,1,0,0.383193115472,False
MatrixMultiplication_3058.cpp,xcu200-fsgd2104-2-e,3.33,3621.61553256,36.5,0,0,0,0,cyclic_2_1,unroll_4,unroll_4,pipeline_1,10,0,0.91369917819,False
MatrixMultiplication_3643.cpp,xcu200-fsgd2104-2-e,3.33,2602.56778704,169.5,0,0,0,1,cyclic_2_1,unroll_4,unroll_4,unroll_32,2,0.25,0.924503839989,False
MatrixMultiplication_3410.cpp,xcu200-fsgd2104-2-e,3.33,2110.55725008,466.5,0,0,0,2,cyclic_2_1,unroll_4,unroll_4,unroll_64,6,0.5,0.883119409244,False
MatrixMultiplication_3302.cpp,xcu200-fsgd2104-2-e,3.33,3621.28818024,48.5,0,0,0,0,cyclic_2_1,unroll_4,unroll_8,pipeline_1,8,0,0.913712788005,False
MatrixMultiplication_3409.cpp,xcu200-fsgd2104-2-e,3.33,19669.5719921,46,0,0,0,0,cyclic_2_1,unroll_4,unroll_8,unroll_2,1,0,0.3832695422,False
MatrixMultiplication_3539.cpp,xcu200-fsgd2104-2-e,3.33,2309.36922576,409,0,0,0,1,cyclic_2_1,unroll_4,unroll_8,unroll_32,1,0.25,0.933372783494,False
MatrixMultiplication_3455.cpp,xcu200-fsgd2104-2-e,3.33,11680.5932078,52,0,0,0,0,cyclic_2_1,unroll_4,unroll_8,unroll_4,1,0,0.613136097176,False
MatrixMultiplication_3447.cpp,xcu200-fsgd2104-2-e,3.33,1951.0275528,1355,0,0,1,2,cyclic_2_1,unroll_4,unroll_8,unroll_64,1,0.75,0.817773525664,False
MatrixMultiplication_3365.cpp,xcu200-fsgd2104-2-e,3.33,3621.0149604,173,0,0,2,3,cyclic_2_1,unroll_8,unroll_16,pipeline_1,1,1.25,0.67859520352,False
MatrixMultiplication_3232.cpp,xcu200-fsgd2104-2-e,3.33,19562.5848996,34,0,0,0,0,cyclic_2_1,unroll_8,unroll_2,unroll_2,1,0,0.385900047094,False
MatrixMultiplication_3276.cpp,xcu200-fsgd2104-2-e,3.33,3621.17863656,490,0,0,4,7,cyclic_2_1,unroll_8,unroll_32,pipeline_1,5,2.75,0.375553661112,False
MatrixMultiplication_3249.cpp,xcu200-fsgd2104-2-e,3.33,3624.45215976,47,0,0,0,1,cyclic_2_1,unroll_8,unroll_4,pipeline_1,1,0.25,0.889637827364,False
MatrixMultiplication_3606.cpp,xcu200-fsgd2104-2-e,3.33,2602.45824336,474,0,0,0,2,cyclic_2_1,unroll_8,unroll_4,unroll_32,1,0.5,0.875092838759,False
MatrixMultiplication_3623.cpp,xcu200-fsgd2104-2-e,3.33,2125.83326544,1499,0,0,1,2,cyclic_2_1,unroll_8,unroll_4,unroll_64,1,0.75,0.816579979415,False
MatrixMultiplication_3339.cpp,xcu200-fsgd2104-2-e,3.33,3621.0149604,88,0,0,1,1,cyclic_2_1,unroll_8,unroll_8,pipeline_1,3,0.5,0.851501920022,False
MatrixMultiplication_3213.cpp,xcu200-fsgd2104-2-e,3.33,36503.0657546,361,0,0,2,5,cyclic_4_1,unroll_16,unroll_16,unroll_2,1,1.75,0.109471571601,False
MatrixMultiplication_3228.cpp,xcu200-fsgd2104-2-e,3.33,37549.0640426,56,0,0,0,1,cyclic_4_1,unroll_16,unroll_2,unroll_2,1,0.25,0.114216853303,False
MatrixMultiplication_3175.cpp,xcu200-fsgd2104-2-e,3.33,37321.8250558,1263,0,0,4,8,cyclic_4_1,unroll_16,unroll_32,unroll_2,2,3,0.1,False
MatrixMultiplication_3291.cpp,xcu200-fsgd2104-2-e,3.33,3621.39665832,242,0,0,2,4,cyclic_4_1,unroll_16,unroll_8,pipeline_1,1,1.5,0.621345627159,False
MatrixMultiplication_3138.cpp,xcu200-fsgd2104-2-e,3.33,3621.83461992,53,0,0,0,1,cyclic_4_1,unroll_2,unroll_16,pipeline_1,7,0.25,0.889732113291,False
MatrixMultiplication_3195.cpp,xcu200-fsgd2104-2-e,3.33,36991.9289354,44,0,0,0,0,cyclic_4_1,unroll_2,unroll_16,unroll_2,1,0,0.117699741689,False
MatrixMultiplication_3068.cpp,xcu200-fsgd2104-2-e,3.33,5510.99937744,86,0,0,0,1,cyclic_4_1,unroll_2,unroll_16,unroll_8,2,0.25,0.82253957708,False
MatrixMultiplication_3242.cpp,xcu200-fsgd2104-2-e,3.33,3621.83461992,29,0,0,0,0,cyclic_4_1,unroll_2,unroll_2,pipeline_1,3,0,0.913690069601,False
MatrixMultiplication_3660.cpp,xcu200-fsgd2104-2-e,3.33,5034.25078992,38,0,0,0,0,cyclic_4_1,unroll_2,unroll_2,unroll_16,1,0,0.856028255783,False
MatrixMultiplication_3587.cpp,xcu200-fsgd2104-2-e,3.33,2743.22101968,54,0,0,0,0,cyclic_4_1,unroll_2,unroll_2,unroll_32,5,0,0.950628415075,False
MatrixMultiplication_3449.cpp,xcu200-fsgd2104-2-e,3.33,1598.14260432,105,0,0,0,0,cyclic_4_1,unroll_2,unroll_2,unroll_64,6,0,1,True
MatrixMultiplication_3538.cpp,xcu200-fsgd2104-2-e,3.33,3621.01623912,95,0,0,1,2,cyclic_4_1,unroll_2,unroll_32,pipeline_1,1,0.75,0.796666528305,False
MatrixMultiplication_3394.cpp,xcu200-fsgd2104-2-e,3.33,3621.17991528,32,0,0,0,0,cyclic_4_1,unroll_2,unroll_4,pipeline_1,7,0,0.913717289193,False
MatrixMultiplication_3608.cpp,xcu200-fsgd2104-2-e,3.33,3860.14713552,47,0,0,0,0,cyclic_4_1,unroll_2,unroll_4,unroll_16,1,0,0.903812380676,False
MatrixMultiplication_3476.cpp,xcu200-fsgd2104-2-e,3.33,2155.73272272,91,0,0,0,0,cyclic_4_1,unroll_2,unroll_4,unroll_32,5,0,0.975784793084,False
MatrixMultiplication_3371.cpp,xcu200-fsgd2104-2-e,3.33,1303.7437512,233,0,0,0,1,cyclic_4_1,unroll_2,unroll_4,unroll_64,5,0.25,0.957118323815,False
MatrixMultiplication_3165.cpp,xcu200-fsgd2104-2-e,3.33,3621.39815016,38,0,0,0,0,cyclic_4_1,unroll_2,unroll_8,pipeline_1,9,0,0.913708215945,False
MatrixMultiplication_3219.cpp,xcu200-fsgd2104-2-e,3.33,36433.4633201,34.5,0,0,0,0,cyclic_4_1,unroll_2,unroll_8,unroll_2,2,0,0.121289759513,False
MatrixMultiplication_3511.cpp,xcu200-fsgd2104-2-e,3.33,1862.09769168,203,0,0,0,1,cyclic_4_1,unroll_2,unroll_8,unroll_32,4,0.25,0.94534954404,False
MatrixMultiplication_3442.cpp,xcu200-fsgd2104-2-e,3.33,1156.65344208,635,0,0,0,1,cyclic_4_1,unroll_2,unroll_8,unroll_64,5,0.25,0.959608650788,False
MatrixMultiplication_3053.cpp,xcu200-fsgd2104-2-e,3.33,3621.83302152,108,0,0,1,2,cyclic_4_1,unroll_32,unroll_2,pipeline_1,3,0.75,0.796651569499,False
MatrixMultiplication_3258.cpp,xcu200-fsgd2104-2-e,3.33,3624.45865992,856,0,0,5,9,cyclic_4_1,unroll_32,unroll_8,pipeline_1,1,3.5,0.264481525319,False
MatrixMultiplication_3303.cpp,xcu200-fsgd2104-2-e,3.33,3621.01538664,97,0,0,1,2,cyclic_4_1,unroll_4,unroll_16,pipeline_1,2,0.75,0.796666543915,False
MatrixMultiplication_3524.cpp,xcu200-fsgd2104-2-e,3.33,3621.01538664,37,0,0,0,0,cyclic_4_1,unroll_4,unroll_2,pipeline_1,1,0,0.913724129604,False
MatrixMultiplication_3220.cpp,xcu200-fsgd2104-2-e,3.33,30847.9563914,28,0,0,0,0,cyclic_4_1,unroll_4,unroll_2,unroll_2,1,0,0.175420004745,False
MatrixMultiplication_3583.cpp,xcu200-fsgd2104-2-e,3.33,1598.0326344,308.5,0,0,0,1,cyclic_4_1,unroll_4,unroll_2,unroll_64,4,0.25,0.951377699254,False
MatrixMultiplication_3324.cpp,xcu200-fsgd2104-2-e,3.33,3621.39729768,38,0,0,0,0,cyclic_4_1,unroll_4,unroll_4,pipeline_1,6,0,0.913708251387,False
MatrixMultiplication_3589.cpp,xcu200-fsgd2104-2-e,3.33,2155.73187024,225,0,0,0,1,cyclic_4_1,unroll_4,unroll_4,unroll_32,5,0.25,0.937718356133,False
MatrixMultiplication_3429.cpp,xcu200-fsgd2104-2-e,3.33,1303.9611336,762,0,0,0,2,cyclic_4_1,unroll_4,unroll_4,unroll_64,6,0.5,0.889110976679,False
MatrixMultiplication_3250.cpp,xcu200-fsgd2104-2-e,3.33,3621.1790628,54.5,0,0,0,1,cyclic_4_1,unroll_4,unroll_8,pipeline_1,6,0.25,0.889755724383,False
MatrixMultiplication_3537.cpp,xcu200-fsgd2104-2-e,3.33,1861.76948688,671,0,0,0,2,cyclic_4_1,unroll_4,unroll_8,unroll_32,1,0.5,0.886026392042,False
MatrixMultiplication_3269.cpp,xcu200-fsgd2104-2-e,3.33,3621.83296824,284,0,0,2,5,cyclic_4_1,unroll_64,unroll_2,pipeline_1,1,1.75,0.566483719196,False
MatrixMultiplication_3158.cpp,xcu200-fsgd2104-2-e,3.33,33291.3972247,443,0,0,2,5,cyclic_4_1,unroll_64,unroll_4,unroll_2,1,1.75,0.128035851901,False
MatrixMultiplication_3214.cpp,xcu200-fsgd2104-2-e,3.33,37549.5007255,34,0,0,0,0,cyclic_4_1,unroll_8,unroll_2,unroll_2,1,0,0.114445934824,False
MatrixMultiplication_3704.cpp,xcu200-fsgd2104-2-e,3.33,1599.2325,1034,0,0,0,2,cyclic_4_1,unroll_8,unroll_2,unroll_64,1,0.5,0.888107267802,False
MatrixMultiplication_3436.cpp,xcu200-fsgd2104-2-e,3.33,3621.0149604,72,0,0,0,1,cyclic_4_1,unroll_8,unroll_4,pipeline_1,1,0.25,0.889761634667,False
MatrixMultiplication_3711.cpp,xcu200-fsgd2104-2-e,3.33,2155.34953296,840,0,0,0,2,cyclic_4_1,unroll_8,unroll_4,unroll_32,1,0.5,0.882507305683,False
MatrixMultiplication_3487.cpp,xcu200-fsgd2104-2-e,3.33,3621.0149604,105,0,0,1,2,cyclic_4_1,unroll_8,unroll_8,pipeline_1,1,0.75,0.796666551721,False
MatrixMultiplication_3508.cpp,xcu200-fsgd2104-2-e,3.33,3621.01623912,72,0,0,1,1,cyclic_8_1,unroll_2,unroll_16,pipeline_1,1,0.5,0.851501886084,False
MatrixMultiplication_3591.cpp,xcu200-fsgd2104-2-e,3.33,2519.74850256,79,0,0,0,1,cyclic_8_1,unroll_2,unroll_2,unroll_32,5,0.25,0.927078881018,False
MatrixMultiplication_3535.cpp,xcu200-fsgd2104-2-e,3.33,1374.6700872,224.5,0,0,0,1,cyclic_8_1,unroll_2,unroll_2,unroll_64,6,0.25,0.955828613257,False
MatrixMultiplication_3469.cpp,xcu200-fsgd2104-2-e,3.33,3621.01623912,37,0,0,0,0,cyclic_8_1,unroll_2,unroll_4,pipeline_1,3,0,0.913724094162,False
MatrixMultiplication_3614.cpp,xcu200-fsgd2104-2-e,3.33,1932.69667536,169,0,0,0,1,cyclic_8_1,unroll_2,unroll_4,unroll_32,3,0.25,0.943600727384,False
MatrixMultiplication_3578.cpp,xcu200-fsgd2104-2-e,3.33,1080.48946896,613.5,0,0,0,1,cyclic_8_1,unroll_2,unroll_4,unroll_64,6,0.25,1,True
MatrixMultiplication_3403.cpp,xcu200-fsgd2104-2-e,3.33,3621.83461992,44,0,0,0,1,cyclic_8_1,unroll_2,unroll_8,pipeline_1,3,0.25,0.889732113291,False
MatrixMultiplication_3615.cpp,xcu200-fsgd2104-2-e,3.33,1639.17076176,466,0,0,0,1,cyclic_8_1,unroll_2,unroll_8,unroll_32,2,0.25,0.950492890417,False
MatrixMultiplication_3484.cpp,xcu200-fsgd2104-2-e,3.33,3621.01538664,170,0,0,2,3,cyclic_8_1,unroll_4,unroll_16,pipeline_1,1,1.25,0.67859519926,False
MatrixMultiplication_3299.cpp,xcu200-fsgd2104-2-e,3.33,3621.39729768,501,0,0,4,7,cyclic_8_1,unroll_4,unroll_32,pipeline_1,1,2.75,0.375552999884,False
MatrixMultiplication_3381.cpp,xcu200-fsgd2104-2-e,3.33,3621.01538664,77,0,0,1,1,cyclic_8_1,unroll_4,unroll_8,pipeline_1,1,0.5,0.851501908709,False
MatrixMultiplication_3278.cpp,xcu200-fsgd2104-2-e,3.33,3621.8333412,1721,0,0,8,15,cyclic_8_1,unroll_8,unroll_32,pipeline_1,1,5.75,0.10214197722,False
MatrixMultiplication_2710.cpp,xcu200-fsgd2104-2-e,5,5415.989785,121,0,0,1,4,block_128_1,unroll_2,unroll_2,pipeline_1,1,1.25,0.678448661491,False
MatrixMultiplication_2824.cpp,xcu200-fsgd2104-2-e,5,5416.076825,336,0,0,3,7,block_128_1,unroll_2,unroll_4,pipeline_1,1,2.5,0.404228772538,False
MatrixMultiplication_2648.cpp,xcu200-fsgd2104-2-e,5,5415.989785,1121,0,0,6,12,block_128_1,unroll_2,unroll_8,pipeline_1,1,4.5,0.13758483298,False
MatrixMultiplication_2607.cpp,xcu200-fsgd2104-2-e,5,5416.277785,1251,0,0,6,12.5,block_128_1,unroll_4,unroll_4,pipeline_1,2,4.625,0.129353858985,False
MatrixMultiplication_2460.cpp,xcu200-fsgd2104-2-e,5,39769.227545,836,0,0,1,5,block_128_1,unroll_4,unroll_4,unroll_2,1,1.5,0.10000000645,False
MatrixMultiplication_2696.cpp,xcu200-fsgd2104-2-e,5,5415.987545,176,0,0,1,3,block_16_1,unroll_16,unroll_2,pipeline_1,1,1,0.730849798531,False
MatrixMultiplication_2477.cpp,xcu200-fsgd2104-2-e,5,5418.575385,130,0,0,1,3,block_16_1,unroll_2,unroll_16,pipeline_1,2,1,0.730785533186,False
MatrixMultiplication_2651.cpp,xcu200-fsgd2104-2-e,5,5416.235545,34,0,0,0,0,block_16_1,unroll_2,unroll_2,pipeline_1,5,0,0.869453485101,False
MatrixMultiplication_2776.cpp,xcu200-fsgd2104-2-e,5,38260.011545,37,0,0,0,0,block_16_1,unroll_2,unroll_2,unroll_2,1,0,0.105903061485,False
MatrixMultiplication_2846.cpp,xcu200-fsgd2104-2-e,5,20350.90693,514,0,0,0,2,block_16_1,unroll_2,unroll_2,unroll_32,1,0.5,0.353893202748,False
MatrixMultiplication_2736.cpp,xcu200-fsgd2104-2-e,5,19574.51013,1554,0,0,0,1,block_16_1,unroll_2,unroll_2,unroll_64,2,0.25,0.380582906496,False
MatrixMultiplication_2604.cpp,xcu200-fsgd2104-2-e,5,5415.989785,400,0,0,3,6,block_16_1,unroll_2,unroll_32,pipeline_1,1,2.25,0.454471376201,False
MatrixMultiplication_2418.cpp,xcu200-fsgd2104-2-e,5,5419.189785,39,0,0,0,1,block_16_1,unroll_2,unroll_4,pipeline_1,4,0.25,0.846360524748,False
MatrixMultiplication_2348.cpp,xcu200-fsgd2104-2-e,5,36921.698585,39,0,0,0,0,block_16_1,unroll_2,unroll_4,unroll_2,2,0,0.111978003235,False
MatrixMultiplication_2542.cpp,xcu200-fsgd2104-2-e,5,5421.160985,57,0,0,0,1,block_16_1,unroll_2,unroll_8,pipeline_1,1,0.25,0.846290439165,False
MatrixMultiplication_2536.cpp,xcu200-fsgd2104-2-e,5,38598.768665,50,0,0,0,0,block_16_1,unroll_2,unroll_8,unroll_2,1,0,0.10470271992,False
MatrixMultiplication_2499.cpp,xcu200-fsgd2104-2-e,5,5416.725785,43.5,0,0,0,1,block_16_1,unroll_4,unroll_2,pipeline_1,4,0.25,0.846448117364,False
MatrixMultiplication_2426.cpp,xcu200-fsgd2104-2-e,5,25768.78085,122,0,0,0,1,block_16_1,unroll_4,unroll_2,unroll_8,1,0.25,0.243951777057,False
MatrixMultiplication_2469.cpp,xcu200-fsgd2104-2-e,5,5418.574105,1455.5,0,0,7,13,block_16_1,unroll_4,unroll_32,pipeline_1,2,5,0.110744265918,False
MatrixMultiplication_2305.cpp,xcu200-fsgd2104-2-e,5,39772.668185,768,0,0,1,5,block_16_1,unroll_4,unroll_32,unroll_2,1,1.5,0.1,False
MatrixMultiplication_2378.cpp,xcu200-fsgd2104-2-e,5,5416.889625,65,0,0,0,1,block_16_1,unroll_4,unroll_4,pipeline_1,6,0.25,0.84644229352,False
MatrixMultiplication_2400.cpp,xcu200-fsgd2104-2-e,5,30799.32421,275,0,0,0,2,block_16_1,unroll_4,unroll_4,unroll_8,1,0.5,0.163850072251,False
MatrixMultiplication_2717.cpp,xcu200-fsgd2104-2-e,5,5415.988505,138,0,0,1,3,block_16_1,unroll_4,unroll_8,pipeline_1,1,1,0.730849774694,False
MatrixMultiplication_2461.cpp,xcu200-fsgd2104-2-e,5,34195.39077,872,0,0,1,4,block_16_1,unroll_4,unroll_8,unroll_8,1,1.25,0.120510265712,False
MatrixMultiplication_2576.cpp,xcu200-fsgd2104-2-e,5,5417.216665,65.5,0,0,0,1,block_16_1,unroll_8,unroll_2,pipeline_1,2,0.25,0.84643066837,False
MatrixMultiplication_2548.cpp,xcu200-fsgd2104-2-e,5,5419.187865,141,0,0,1,3,block_16_1,unroll_8,unroll_4,pipeline_1,2,1,0.730770320893,False
MatrixMultiplication_2393.cpp,xcu200-fsgd2104-2-e,5,35915.052185,106,0,0,0,1,block_16_1,unroll_8,unroll_4,unroll_2,1,0.25,0.117611912727,False
MatrixMultiplication_2589.cpp,xcu200-fsgd2104-2-e,5,5421.230425,541,0,0,4,7,block_2_1,unroll_16,unroll_16,pipeline_1,1,2.75,0.357433966696,False
MatrixMultiplication_2466.cpp,xcu200-fsgd2104-2-e,5,5421.803865,90,0,0,1,2,block_2_1,unroll_16,unroll_4,pipeline_1,1,0.75,0.771692559774,False
MatrixMultiplication_2324.cpp,xcu200-fsgd2104-2-e,5,5421.803865,175,0,0,2,4,block_2_1,unroll_16,unroll_8,pipeline_1,3,1.5,0.621323008114,False
MatrixMultiplication_2559.cpp,xcu200-fsgd2104-2-e,5,5421.519385,48.5,0,0,0,0,block_2_1,unroll_2,unroll_16,pipeline_1,2,0,0.869227610301,False
MatrixMultiplication_2602.cpp,xcu200-fsgd2104-2-e,5,5421.232665,30,0,0,0,0,block_2_1,unroll_2,unroll_2,pipeline_1,3,0,0.869239866222,False
MatrixMultiplication_2677.cpp,xcu200-fsgd2104-2-e,5,40273.277465,33,0,0,0,0,block_2_1,unroll_2,unroll_2,unroll_2,1,0,0.100771234579,False
MatrixMultiplication_2616.cpp,xcu200-fsgd2104-2-e,5,5421.232665,81.5,0,0,1,1,block_2_1,unroll_2,unroll_32,pipeline_1,2,0.5,0.797440308833,False
MatrixMultiplication_2519.cpp,xcu200-fsgd2104-2-e,5,5421.232665,32,0,0,0,0,block_2_1,unroll_2,unroll_4,pipeline_1,3,0,0.869239866222,False
MatrixMultiplication_2624.cpp,xcu200-fsgd2104-2-e,5,40272.540185,32,0,0,0,0,block_2_1,unroll_2,unroll_4,unroll_2,1,0,0.100772232796,False
MatrixMultiplication_2641.cpp,xcu200-fsgd2104-2-e,5,29345.92773,367,0,0,0,1,block_2_1,unroll_2,unroll_4,unroll_64,2,0.25,0.185545145504,False
MatrixMultiplication_2473.cpp,xcu200-fsgd2104-2-e,5,32730.01221,40,0,0,0,0,block_2_1,unroll_2,unroll_4,unroll_8,1,0,0.144769980581,False
MatrixMultiplication_2443.cpp,xcu200-fsgd2104-2-e,5,5421.806105,35.5,0,0,0,0,block_2_1,unroll_2,unroll_8,pipeline_1,4,0,0.869215354477,False
MatrixMultiplication_2726.cpp,xcu200-fsgd2104-2-e,5,5421.231385,39,0,0,0,0,block_2_1,unroll_4,unroll_2,pipeline_1,1,0,0.869239920936,False
MatrixMultiplication_2423.cpp,xcu200-fsgd2104-2-e,5,27194.83525,45,0,0,0,0,block_2_1,unroll_4,unroll_2,unroll_8,1,0,0.220043640258,False
MatrixMultiplication_2494.cpp,xcu200-fsgd2104-2-e,5,5421.640985,38,0,0,0,0,block_2_1,unroll_4,unroll_4,pipeline_1,6,0,0.869222412507,False
MatrixMultiplication_2351.cpp,xcu200-fsgd2104-2-e,5,5421.804825,49,0,0,0,1,block_2_1,unroll_4,unroll_8,pipeline_1,5,0.25,0.846267545367,False
MatrixMultiplication_2373.cpp,xcu200-fsgd2104-2-e,5,35489.80357,112,0,0,0,1,block_2_1,unroll_4,unroll_8,unroll_8,1,0.25,0.120465100973,False
MatrixMultiplication_2568.cpp,xcu200-fsgd2104-2-e,5,5421.230185,727,0,0,4,8,block_2_1,unroll_64,unroll_4,pipeline_1,1,3,0.31433848234,False
MatrixMultiplication_2507.cpp,xcu200-fsgd2104-2-e,5,5426.719385,40,0,0,0,0,block_2_1,unroll_8,unroll_2,pipeline_1,1,0,0.869005351885,False
MatrixMultiplication_2621.cpp,xcu200-fsgd2104-2-e,5,5421.230745,89,0,0,1,1,block_2_1,unroll_8,unroll_8,pipeline_1,1,0.5,0.79744036871,False
MatrixMultiplication_2524.cpp,xcu200-fsgd2104-2-e,5,5416.274265,1301,0,0,6,12,block_32_1,unroll_16,unroll_4,pipeline_1,4,4.5,0.137584512711,False
MatrixMultiplication_2454.cpp,xcu200-fsgd2104-2-e,5,5416.076825,44,0,0,0,1,block_32_1,unroll_2,unroll_2,pipeline_1,3,0.25,0.846471184552,False
MatrixMultiplication_3019.cpp,xcu200-fsgd2104-2-e,5,20355.50469,1397,0,0,0,1,block_32_1,unroll_2,unroll_2,unroll_32,1,0.25,0.360892493309,False
MatrixMultiplication_2659.cpp,xcu200-fsgd2104-2-e,5,5415.989785,60.5,0,0,0,1,block_32_1,unroll_2,unroll_4,pipeline_1,2,0.25,0.846474278292,False
MatrixMultiplication_2474.cpp,xcu200-fsgd2104-2-e,5,36921.694745,55,0,0,0,1,block_32_1,unroll_2,unroll_4,unroll_2,1,0.25,0.111710793841,False
MatrixMultiplication_2404.cpp,xcu200-fsgd2104-2-e,5,32727.39845,100,0,0,0,1,block_32_1,unroll_2,unroll_4,unroll_4,1,0.25,0.14420724078,False
MatrixMultiplication_2472.cpp,xcu200-fsgd2104-2-e,5,5417.872665,124.5,0,0,1,3,block_32_1,unroll_4,unroll_4,pipeline_1,4,1,0.730802985743,False
MatrixMultiplication_2715.cpp,xcu200-fsgd2104-2-e,5,5415.988505,359,0,0,3,6,block_32_1,unroll_4,unroll_8,pipeline_1,1,2.25,0.454471386032,False
MatrixMultiplication_2620.cpp,xcu200-fsgd2104-2-e,5,5416.031385,367.5,0,0,3,6,block_32_1,unroll_8,unroll_4,pipeline_1,2,2.25,0.454471056677,False
MatrixMultiplication_2558.cpp,xcu200-fsgd2104-2-e,5,5421.803865,61,0,0,0,1,block_4_1,unroll_16,unroll_2,pipeline_1,1,0.25,0.846267579504,False
MatrixMultiplication_2593.cpp,xcu200-fsgd2104-2-e,5,5421.519385,50.5,0,0,0,1,block_4_1,unroll_2,unroll_16,pipeline_1,2,0.25,0.846277695237,False
MatrixMultiplication_2436.cpp,xcu200-fsgd2104-2-e,5,5421.355545,31,0,0,0,0,block_4_1,unroll_2,unroll_2,pipeline_1,4,0,0.869234613673,False
MatrixMultiplication_2387.cpp,xcu200-fsgd2104-2-e,5,40275.816985,28,0,0,0,0,block_4_1,unroll_2,unroll_2,unroll_2,1,0,0.100767801218,False
MatrixMultiplication_2743.cpp,xcu200-fsgd2104-2-e,5,20979.47909,292,0,0,0,1,block_4_1,unroll_2,unroll_2,unroll_64,1,0.25,0.345669199247,False
MatrixMultiplication_2438.cpp,xcu200-fsgd2104-2-e,5,26851.50469,39,0,0,0,0,block_4_1,unroll_2,unroll_2,unroll_8,1,0,0.225911139054,False
MatrixMultiplication_2555.cpp,xcu200-fsgd2104-2-e,5,5421.232665,97,0,0,1,2,block_4_1,unroll_2,unroll_32,pipeline_1,1,0.75,0.771709276431,False
MatrixMultiplication_2580.cpp,xcu200-fsgd2104-2-e,5,5421.232665,34.5,0,0,0,0,block_4_1,unroll_2,unroll_4,pipeline_1,2,0,0.869239866222,False
MatrixMultiplication_2416.cpp,xcu200-fsgd2104-2-e,5,34069.57573,34,0,0,0,0,block_4_1,unroll_2,unroll_4,unroll_4,1,0,0.132021679352,False
MatrixMultiplication_2513.cpp,xcu200-fsgd2104-2-e,5,5421.478425,40,0,0,0,0,block_4_1,unroll_2,unroll_8,pipeline_1,3,0,0.869229361141,False
MatrixMultiplication_2488.cpp,xcu200-fsgd2104-2-e,5,35479.23541,1739,0,0,2,4,block_4_1,unroll_32,unroll_8,unroll_4,1,1.5,0.110058729898,False
MatrixMultiplication_2729.cpp,xcu200-fsgd2104-2-e,5,5421.231385,40,0,0,0,0,block_4_1,unroll_4,unroll_2,pipeline_1,1,0,0.869239920936,False
MatrixMultiplication_2775.cpp,xcu200-fsgd2104-2-e,5,40273.276185,39,0,0,0,0,block_4_1,unroll_4,unroll_2,unroll_2,1,0,0.100771236312,False
MatrixMultiplication_2785.cpp,xcu200-fsgd2104-2-e,5,20979.47781,913,0,0,0,2,block_4_1,unroll_4,unroll_2,unroll_64,1,0.5,0.338996716643,False
MatrixMultiplication_2431.cpp,xcu200-fsgd2104-2-e,5,37544.76677,1416,0,0,1,3,block_4_1,unroll_4,unroll_32,unroll_8,1,1,0.105649834911,False
MatrixMultiplication_2699.cpp,xcu200-fsgd2104-2-e,5,5421.477145,40,0,0,0,0,block_4_1,unroll_4,unroll_4,pipeline_1,3,0,0.869229415855,False
MatrixMultiplication_2500.cpp,xcu200-fsgd2104-2-e,5,5426.391705,252,0,0,2,4,block_4_1,unroll_8,unroll_16,pipeline_1,1,1.5,0.621253381561,False
MatrixMultiplication_2464.cpp,xcu200-fsgd2104-2-e,5,5426.719385,42,0,0,0,0,block_4_1,unroll_8,unroll_2,pipeline_1,1,0,0.869005351885,False
MatrixMultiplication_2293.cpp,xcu200-fsgd2104-2-e,5,40275.815065,38,0,0,0,0,block_4_1,unroll_8,unroll_2,unroll_2,1,0,0.100767803811,False
MatrixMultiplication_2306.cpp,xcu200-fsgd2104-2-e,5,5421.230745,856,0,0,5,9,block_4_1,unroll_8,unroll_32,pipeline_1,1,3.5,0.23960585021,False
MatrixMultiplication_2447.cpp,xcu200-fsgd2104-2-e,5,40270.817945,469,0,0,1,3,block_4_1,unroll_8,unroll_32,unroll_2,1,1,0.100101729864,False
MatrixMultiplication_2560.cpp,xcu200-fsgd2104-2-e,5,5421.230745,67,0,0,0,1,block_4_1,unroll_8,unroll_4,pipeline_1,1,0.25,0.846287958677,False
MatrixMultiplication_2730.cpp,xcu200-fsgd2104-2-e,5,5415.989785,58,0,0,0,2,block_64_1,unroll_2,unroll_2,pipeline_1,3,0.5,0.797603775898,False
MatrixMultiplication_2748.cpp,xcu200-fsgd2104-2-e,5,5415.989785,337,0,0,3,6,block_64_1,unroll_2,unroll_8,pipeline_1,1,2.25,0.454471376201,False
MatrixMultiplication_2480.cpp,xcu200-fsgd2104-2-e,5,38598.768665,213,0,0,0,2,block_64_1,unroll_2,unroll_8,unroll_2,1,0.5,0.104083524234,False
MatrixMultiplication_2805.cpp,xcu200-fsgd2104-2-e,5,5418.528025,115,0,0,1,3,block_64_1,unroll_4,unroll_2,pipeline_1,1,1,0.730786709441,False
MatrixMultiplication_2550.cpp,xcu200-fsgd2104-2-e,5,5421.149465,346,0,0,3,6,block_64_1,unroll_4,unroll_4,pipeline_1,1,2.25,0.454431721602,False
MatrixMultiplication_2476.cpp,xcu200-fsgd2104-2-e,5,39769.877785,215,0,0,0,2,block_64_1,unroll_4,unroll_4,unroll_2,1,0.5,0.101260984312,False
MatrixMultiplication_2827.cpp,xcu200-fsgd2104-2-e,5,5421.232665,34,0,0,0,0,block_8_1,unroll_2,unroll_2,pipeline_1,1,0,0.869239866222,False
MatrixMultiplication_2468.cpp,xcu200-fsgd2104-2-e,5,28696.99845,45,0,0,0,0,block_8_1,unroll_2,unroll_2,unroll_8,1,0,0.196017978714,False
MatrixMultiplication_2457.cpp,xcu200-fsgd2104-2-e,5,37425.01893,40,0,0,0,0,block_8_1,unroll_2,unroll_4,unroll_4,1,0,0.109443738992,False
MatrixMultiplication_2784.cpp,xcu200-fsgd2104-2-e,5,5421.231385,50,0,0,0,1,block_8_1,unroll_4,unroll_4,pipeline_1,1,0.25,0.84628793592,False
MatrixMultiplication_2424.cpp,xcu200-fsgd2104-2-e,5,5417.912665,148,0,0,1,3,cyclic_16_1,unroll_16,unroll_2,pipeline_1,2,1,0.730801992345,False
MatrixMultiplication_2605.cpp,xcu200-fsgd2104-2-e,5,5416.233305,390,0,0,3,6,cyclic_16_1,unroll_16,unroll_4,pipeline_1,1,2.25,0.454469505712,False
MatrixMultiplication_2619.cpp,xcu200-fsgd2104-2-e,5,5415.989785,124,0,0,1,3,cyclic_16_1,unroll_2,unroll_16,pipeline_1,3,1,0.73084974291,False
MatrixMultiplication_2533.cpp,xcu200-fsgd2104-2-e,5,5416.399385,33,0,0,0,0,cyclic_16_1,unroll_2,unroll_2,pipeline_1,6,0,0.869446480733,False
MatrixMultiplication_2942.cpp,xcu200-fsgd2104-2-e,5,3115.59429,69,0,0,0,1,cyclic_16_1,unroll_2,unroll_2,unroll_16,1,0.25,0.913438497458,False
MatrixMultiplication_2407.cpp,xcu200-fsgd2104-2-e,5,38263.861785,31,0,0,0,0,cyclic_16_1,unroll_2,unroll_2,unroll_2,1,0,0.105888652944,False
MatrixMultiplication_2838.cpp,xcu200-fsgd2104-2-e,5,2105.52069,200,0,1,0,2,cyclic_16_1,unroll_2,unroll_2,unroll_32,4,0.75,0.854575491615,False
MatrixMultiplication_2765.cpp,xcu200-fsgd2104-2-e,5,1141.32229,755.5,0,1,0,2,cyclic_16_1,unroll_2,unroll_2,unroll_64,6,0.75,1,True
MatrixMultiplication_2458.cpp,xcu200-fsgd2104-2-e,5,5419.840025,394,0,0,3,6,cyclic_16_1,unroll_2,unroll_32,pipeline_1,3,2.25,0.454441789811,False
MatrixMultiplication_2689.cpp,xcu200-fsgd2104-2-e,5,5416.112665,41.5,0,0,0,1,cyclic_16_1,unroll_2,unroll_4,pipeline_1,4,0.25,0.846469910654,False
MatrixMultiplication_2957.cpp,xcu200-fsgd2104-2-e,5,1558.78661,547,0,1,0,2,cyclic_16_1,unroll_2,unroll_4,unroll_32,3,0.75,0.864848405597,False
MatrixMultiplication_2579.cpp,xcu200-fsgd2104-2-e,5,5415.989785,64,0,0,0,1,cyclic_16_1,unroll_2,unroll_8,pipeline_1,3,0.25,0.846474278292,False
MatrixMultiplication_2449.cpp,xcu200-fsgd2104-2-e,5,5416.561945,43,0,0,0,1,cyclic_16_1,unroll_4,unroll_2,pipeline_1,5,0.25,0.846453941138,False
MatrixMultiplication_2869.cpp,xcu200-fsgd2104-2-e,5,2105.51941,710.5,0,1,0,2,cyclic_16_1,unroll_4,unroll_2,unroll_32,4,0.75,0.854575516889,False
MatrixMultiplication_2501.cpp,xcu200-fsgd2104-2-e,5,5420.499225,61,0,0,0,1,cyclic_16_1,unroll_4,unroll_4,pipeline_1,4,0.25,0.846313969034,False
MatrixMultiplication_2638.cpp,xcu200-fsgd2104-2-e,5,39768.894745,54,0,0,0,1,cyclic_16_1,unroll_4,unroll_4,unroll_2,1,0.25,0.10151539328,False
MatrixMultiplication_2540.cpp,xcu200-fsgd2104-2-e,5,5415.988505,130,0,0,1,3,cyclic_16_1,unroll_4,unroll_8,pipeline_1,3,1,0.730849774694,False
MatrixMultiplication_2470.cpp,xcu200-fsgd2104-2-e,5,5419.837545,1398,0,0,7,14,cyclic_16_1,unroll_64,unroll_2,pipeline_1,1,5.25,0.103422176457,False
MatrixMultiplication_2349.cpp,xcu200-fsgd2104-2-e,5,39773.809305,53,0,0,0,1,cyclic_16_1,unroll_8,unroll_2,unroll_2,1,0.25,0.101506095126,False
MatrixMultiplication_2630.cpp,xcu200-fsgd2104-2-e,5,5415.987865,137,0,0,1,3,cyclic_16_1,unroll_8,unroll_4,pipeline_1,1,1,0.730849790585,False
MatrixMultiplication_2674.cpp,xcu200-fsgd2104-2-e,5,5421.476185,466,0,0,4,7,cyclic_2_1,unroll_16,unroll_16,pipeline_1,1,2.75,0.357432696954,False
MatrixMultiplication_2380.cpp,xcu200-fsgd2104-2-e,5,21480.499545,229,0,0,0,1,cyclic_2_1,unroll_16,unroll_16,unroll_2,1,0.25,0.333773260605,False
MatrixMultiplication_2587.cpp,xcu200-fsgd2104-2-e,5,5421.230425,76,0,0,0,1,cyclic_2_1,unroll_16,unroll_2,pipeline_1,1,0.25,0.846287970056,False
MatrixMultiplication_2463.cpp,xcu200-fsgd2104-2-e,5,5421.476185,90,0,0,1,1,cyclic_2_1,unroll_16,unroll_4,pipeline_1,3,0.5,0.797432714359,False
MatrixMultiplication_2405.cpp,xcu200-fsgd2104-2-e,5,5424.102745,171,0,0,2,3,cyclic_2_1,unroll_16,unroll_8,pipeline_1,2,1.25,0.678290077818,False
MatrixMultiplication_2535.cpp,xcu200-fsgd2104-2-e,5,5421.478425,47,0,0,0,0,cyclic_2_1,unroll_2,unroll_16,pipeline_1,5,0,0.869229361141,False
MatrixMultiplication_2317.cpp,xcu200-fsgd2104-2-e,5,21480.501785,40,0,0,0,0,cyclic_2_1,unroll_2,unroll_16,unroll_2,1,0,0.335926722823,False
MatrixMultiplication_2783.cpp,xcu200-fsgd2104-2-e,5,2836.94341,382,0,0,0,2,cyclic_2_1,unroll_2,unroll_16,unroll_32,2,0.5,0.862482307538,False
MatrixMultiplication_2401.cpp,xcu200-fsgd2104-2-e,5,2774.47941,1233,0,0,0,2,cyclic_2_1,unroll_2,unroll_16,unroll_64,5,0.5,0.863450953559,False
MatrixMultiplication_2575.cpp,xcu200-fsgd2104-2-e,5,5421.478425,29.5,0,0,0,0,cyclic_2_1,unroll_2,unroll_2,pipeline_1,6,0,0.869229361141,False
MatrixMultiplication_2713.cpp,xcu200-fsgd2104-2-e,5,21482.918425,31,0,0,0,0,cyclic_2_1,unroll_2,unroll_2,unroll_2,2,0,0.335869517952,False
MatrixMultiplication_2733.cpp,xcu200-fsgd2104-2-e,5,3868.27525,46,0,0,0,0,cyclic_2_1,unroll_2,unroll_2,unroll_32,6,0,0.937053812207,False
MatrixMultiplication_2658.cpp,xcu200-fsgd2104-2-e,5,3322.36037,81,0,0,0,0,cyclic_2_1,unroll_2,unroll_2,unroll_64,6,0,0.961573019528,False
MatrixMultiplication_2435.cpp,xcu200-fsgd2104-2-e,5,5426.398745,73,0,0,1,1,cyclic_2_1,unroll_2,unroll_32,pipeline_1,2,0.5,0.797279164105,False
MatrixMultiplication_2381.cpp,xcu200-fsgd2104-2-e,5,21485.509145,48,0,0,0,0,cyclic_2_1,unroll_2,unroll_32,unroll_2,1,0,0.335808200094,False
MatrixMultiplication_2413.cpp,xcu200-fsgd2104-2-e,5,5421.806105,31,0,0,0,0,cyclic_2_1,unroll_2,unroll_4,pipeline_1,9,0,0.869215354477,False
MatrixMultiplication_2760.cpp,xcu200-fsgd2104-2-e,5,3279.43429,73,0,0,0,0,cyclic_2_1,unroll_2,unroll_4,unroll_32,7,0,0.963516010284,False
MatrixMultiplication_2453.cpp,xcu200-fsgd2104-2-e,5,14771.82725,33,0,0,0,0,cyclic_2_1,unroll_2,unroll_4,unroll_4,1,0,0.52146483409,False
MatrixMultiplication_2543.cpp,xcu200-fsgd2104-2-e,5,3006.96837,162,0,0,0,1,cyclic_2_1,unroll_2,unroll_4,unroll_64,4,0.25,0.916537049214,False
MatrixMultiplication_2566.cpp,xcu200-fsgd2104-2-e,5,5421.642265,36,0,0,0,0,cyclic_2_1,unroll_2,unroll_8,pipeline_1,8,0,0.869222357793,False
MatrixMultiplication_2950.cpp,xcu200-fsgd2104-2-e,5,4326.69957,69,0,0,0,0,cyclic_2_1,unroll_2,unroll_8,unroll_16,1,0,0.916737558244,False
MatrixMultiplication_2414.cpp,xcu200-fsgd2104-2-e,5,21486.008345,30,0,0,0,0,cyclic_2_1,unroll_2,unroll_8,unroll_2,1,0,0.33579638581,False
MatrixMultiplication_2763.cpp,xcu200-fsgd2104-2-e,5,2984.52229,140,0,0,0,1,cyclic_2_1,unroll_2,unroll_8,unroll_32,5,0.25,0.917162742762,False
MatrixMultiplication_2678.cpp,xcu200-fsgd2104-2-e,5,2848.20741,398,0,0,0,1,cyclic_2_1,unroll_2,unroll_8,unroll_64,5,0.25,0.920850639399,False
MatrixMultiplication_2512.cpp,xcu200-fsgd2104-2-e,5,5426.401465,207,0,0,2,4,cyclic_2_1,unroll_32,unroll_4,pipeline_1,1,1.5,0.621253233377,False
MatrixMultiplication_2521.cpp,xcu200-fsgd2104-2-e,5,5423.934745,71.5,0,0,1,1,cyclic_2_1,unroll_4,unroll_16,pipeline_1,2,0.5,0.797356032197,False
MatrixMultiplication_2806.cpp,xcu200-fsgd2104-2-e,5,2836.94213,1229.5,0,0,1,2,cyclic_2_1,unroll_4,unroll_16,unroll_32,2,0.75,0.839202141501,False
MatrixMultiplication_2688.cpp,xcu200-fsgd2104-2-e,5,5421.354265,37,0,0,0,0,cyclic_2_1,unroll_4,unroll_2,pipeline_1,2,0,0.869234668386,False
MatrixMultiplication_2786.cpp,xcu200-fsgd2104-2-e,5,3405.58981,192,0,0,0,1,cyclic_2_1,unroll_4,unroll_2,unroll_64,3,0.25,0.906407980091,False
MatrixMultiplication_2520.cpp,xcu200-fsgd2104-2-e,5,5423.816985,161.5,0,0,2,3,cyclic_2_1,unroll_4,unroll_32,pipeline_1,2,1.25,0.678295666691,False
MatrixMultiplication_2427.cpp,xcu200-fsgd2104-2-e,5,11164.93637,160,0,0,0,1,cyclic_2_1,unroll_4,unroll_32,unroll_4,2,0.25,0.636233012464,False
MatrixMultiplication_2309.cpp,xcu200-fsgd2104-2-e,5,5421.804825,38,0,0,0,0,cyclic_2_1,unroll_4,unroll_4,pipeline_1,7,0,0.86921540919,False
MatrixMultiplication_2441.cpp,xcu200-fsgd2104-2-e,5,21482.712345,32,0,0,0,0,cyclic_2_1,unroll_4,unroll_4,unroll_2,1,0,0.335874395851,False
MatrixMultiplication_2832.cpp,xcu200-fsgd2104-2-e,5,3278.44997,158,0,0,0,1,cyclic_2_1,unroll_4,unroll_4,unroll_32,3,0.25,0.908739948339,False
MatrixMultiplication_2751.cpp,xcu200-fsgd2104-2-e,5,3047.64037,456.5,0,0,0,2,cyclic_2_1,unroll_4,unroll_4,unroll_64,2,0.5,0.858919817394,False
MatrixMultiplication_2455.cpp,xcu200-fsgd2104-2-e,5,5421.477145,48,0,0,0,0,cyclic_2_1,unroll_4,unroll_8,pipeline_1,7,0,0.869229415855,False
MatrixMultiplication_2586.cpp,xcu200-fsgd2104-2-e,5,21480.828185,45,0,0,0,0,cyclic_2_1,unroll_4,unroll_8,unroll_2,1,0,0.335918996125,False
MatrixMultiplication_2718.cpp,xcu200-fsgd2104-2-e,5,2868.72709,1311,0,0,0,2,cyclic_2_1,unroll_4,unroll_8,unroll_64,2,0.5,0.861973649685,False
MatrixMultiplication_2446.cpp,xcu200-fsgd2104-2-e,5,5421.230185,653,0,0,4,7,cyclic_2_1,unroll_64,unroll_4,pipeline_1,1,2.75,0.357433967936,False
MatrixMultiplication_2711.cpp,xcu200-fsgd2104-2-e,5,5421.230745,167,0,0,2,3,cyclic_2_1,unroll_8,unroll_16,pipeline_1,1,1.25,0.678346237777,False
MatrixMultiplication_2603.cpp,xcu200-fsgd2104-2-e,5,5421.230745,61,0,0,0,1,cyclic_2_1,unroll_8,unroll_4,pipeline_1,1,0.25,0.846287958677,False
MatrixMultiplication_2556.cpp,xcu200-fsgd2104-2-e,5,5421.517465,81.5,0,0,1,1,cyclic_2_1,unroll_8,unroll_8,pipeline_1,2,0.5,0.797431426976,False
MatrixMultiplication_2625.cpp,xcu200-fsgd2104-2-e,5,5415.989785,351,0,0,3,6,cyclic_32_1,unroll_2,unroll_16,pipeline_1,1,2.25,0.454471376201,False
MatrixMultiplication_2573.cpp,xcu200-fsgd2104-2-e,5,5419.840025,36,0,0,0,1,cyclic_32_1,unroll_2,unroll_2,pipeline_1,1,0.25,0.846337406735,False
MatrixMultiplication_2903.cpp,xcu200-fsgd2104-2-e,5,1563.70181,744,0,1,0,2,cyclic_32_1,unroll_2,unroll_2,unroll_32,3,0.75,0.864760683343,False
MatrixMultiplication_2498.cpp,xcu200-fsgd2104-2-e,5,5426.401625,99.5,0,0,1,2,cyclic_4_1,unroll_16,unroll_4,pipeline_1,2,0.75,0.771557980548,False
MatrixMultiplication_2390.cpp,xcu200-fsgd2104-2-e,5,5426.403865,51,0,0,0,1,cyclic_4_1,unroll_2,unroll_16,pipeline_1,1,0.25,0.846103980185,False
MatrixMultiplication_2415.cpp,xcu200-fsgd2104-2-e,5,40272.212505,45,0,0,0,0,cyclic_4_1,unroll_2,unroll_16,unroll_2,1,0,0.100772676656,False
MatrixMultiplication_2319.cpp,xcu200-fsgd2104-2-e,5,6009.35045,81,0,0,0,1,cyclic_4_1,unroll_2,unroll_16,unroll_8,2,0.25,0.825005574851,False
MatrixMultiplication_2596.cpp,xcu200-fsgd2104-2-e,5,5421.478425,30,0,0,0,0,cyclic_4_1,unroll_2,unroll_2,pipeline_1,3,0,0.869229361141,False
MatrixMultiplication_2971.cpp,xcu200-fsgd2104-2-e,5,5544.44037,42,0,0,0,0,cyclic_4_1,unroll_2,unroll_2,unroll_16,1,0,0.863982314035,False
MatrixMultiplication_2772.cpp,xcu200-fsgd2104-2-e,5,3112.97285,54,0,0,0,0,cyclic_4_1,unroll_2,unroll_2,unroll_32,7,0,0.971071359159,False
MatrixMultiplication_2617.cpp,xcu200-fsgd2104-2-e,5,1959.53925,106,0,0,0,1,cyclic_4_1,unroll_2,unroll_2,unroll_64,7,0.25,0.93977714974,False
MatrixMultiplication_2445.cpp,xcu200-fsgd2104-2-e,5,5426.403865,88,0,0,1,2,cyclic_4_1,unroll_2,unroll_32,pipeline_1,1,0.75,0.771557914972,False
MatrixMultiplication_2479.cpp,xcu200-fsgd2104-2-e,5,5421.806105,32,0,0,0,0,cyclic_4_1,unroll_2,unroll_4,pipeline_1,5,0,0.869215354477,False
MatrixMultiplication_3035.cpp,xcu200-fsgd2104-2-e,5,4285.41189,50,0,0,0,0,cyclic_4_1,unroll_2,unroll_4,unroll_16,1,0,0.918557100886,False
MatrixMultiplication_2886.cpp,xcu200-fsgd2104-2-e,5,2482.18885,88,0,0,0,0,cyclic_4_1,unroll_2,unroll_4,unroll_32,6,0,1,True
MatrixMultiplication_2769.cpp,xcu200-fsgd2104-2-e,5,1654.14149,221,0,0,0,1,cyclic_4_1,unroll_2,unroll_4,unroll_64,7,0.25,0.944285498354,False
MatrixMultiplication_2475.cpp,xcu200-fsgd2104-2-e,5,5424.099865,36,0,0,0,0,cyclic_4_1,unroll_2,unroll_8,pipeline_1,6,0,0.869117311403,False
MatrixMultiplication_2867.cpp,xcu200-fsgd2104-2-e,5,2167.28837,199,0,0,0,1,cyclic_4_1,unroll_2,unroll_8,unroll_32,7,0.25,0.936157523125,False
MatrixMultiplication_2825.cpp,xcu200-fsgd2104-2-e,5,1501.44261,657,0,0,0,2,cyclic_4_1,unroll_2,unroll_8,unroll_64,7,0.5,0.872298962394,False
MatrixMultiplication_2304.cpp,xcu200-fsgd2104-2-e,5,5426.473145,111,0,0,1,2,cyclic_4_1,unroll_32,unroll_2,pipeline_1,1,0.75,0.771555886807,False
MatrixMultiplication_2434.cpp,xcu200-fsgd2104-2-e,5,40275.814585,84,0,0,0,2,cyclic_4_1,unroll_32,unroll_2,unroll_2,1,0.5,0.100540178412,False
MatrixMultiplication_2485.cpp,xcu200-fsgd2104-2-e,5,10415.32997,314,0,0,0,2,cyclic_4_1,unroll_32,unroll_2,unroll_8,1,0.5,0.640360776351,False
MatrixMultiplication_2459.cpp,xcu200-fsgd2104-2-e,5,5426.401465,273,0,0,2,5,cyclic_4_1,unroll_32,unroll_4,pipeline_1,1,1.75,0.563737513347,False
MatrixMultiplication_2417.cpp,xcu200-fsgd2104-2-e,5,5422.131385,823.5,0,0,5,9,cyclic_4_1,unroll_32,unroll_8,pipeline_1,4,3.5,0.239603255963,False
MatrixMultiplication_2487.cpp,xcu200-fsgd2104-2-e,5,5421.477145,96,0,0,1,2,cyclic_4_1,unroll_4,unroll_16,pipeline_1,3,0.75,0.771702121588,False
MatrixMultiplication_2425.cpp,xcu200-fsgd2104-2-e,5,6009.02149,191,0,0,0,1,cyclic_4_1,unroll_4,unroll_16,unroll_8,1,0.25,0.825017644928,False
MatrixMultiplication_2551.cpp,xcu200-fsgd2104-2-e,5,5421.477145,37,0,0,0,0,cyclic_4_1,unroll_4,unroll_2,pipeline_1,3,0,0.869229415855,False
MatrixMultiplication_2792.cpp,xcu200-fsgd2104-2-e,5,3111.98853,106,0,0,0,1,cyclic_4_1,unroll_4,unroll_2,unroll_32,3,0.25,0.913543186546,False
MatrixMultiplication_2883.cpp,xcu200-fsgd2104-2-e,5,1969.08165,295,0,0,0,1,cyclic_4_1,unroll_4,unroll_2,unroll_64,2,0.25,0.939621120271,False
MatrixMultiplication_2522.cpp,xcu200-fsgd2104-2-e,5,5426.402585,225,0,0,2,4,cyclic_4_1,unroll_4,unroll_32,pipeline_1,1,1.5,0.621253216373,False
MatrixMultiplication_2478.cpp,xcu200-fsgd2104-2-e,5,5422.460185,37,0,0,0,0,cyclic_4_1,unroll_4,unroll_4,pipeline_1,3,0,0.869187396245,False
MatrixMultiplication_2926.cpp,xcu200-fsgd2104-2-e,5,2486.44741,235,0,0,0,1,cyclic_4_1,unroll_4,unroll_4,unroll_32,3,0.25,0.929647012513,False
MatrixMultiplication_2722.cpp,xcu200-fsgd2104-2-e,5,1658.40005,785,0,0,0,2,cyclic_4_1,unroll_4,unroll_4,unroll_64,3,0.5,0.872495381499,False
MatrixMultiplication_2749.cpp,xcu200-fsgd2104-2-e,5,5421.231385,58,0,0,0,1,cyclic_4_1,unroll_4,unroll_8,pipeline_1,1,0.25,0.84628793592,False
MatrixMultiplication_2505.cpp,xcu200-fsgd2104-2-e,5,5426.391705,92,0,0,1,2,cyclic_4_1,unroll_8,unroll_8,pipeline_1,1,0.75,0.771558270954,False
MatrixMultiplication_2793.cpp,xcu200-fsgd2104-2-e,5,5415.989785,110,0,0,1,3,cyclic_64_1,unroll_2,unroll_4,pipeline_1,1,1,0.73084974291,False
MatrixMultiplication_2695.cpp,xcu200-fsgd2104-2-e,5,40273.520985,72,0,0,0,1,cyclic_8_1,unroll_16,unroll_2,unroll_2,1,0.25,0.100710019585,False
MatrixMultiplication_2618.cpp,xcu200-fsgd2104-2-e,5,5421.476185,167,0,0,2,3,cyclic_8_1,unroll_16,unroll_4,pipeline_1,1,1.25,0.678341439272,False
MatrixMultiplication_2635.cpp,xcu200-fsgd2104-2-e,5,5421.232665,75,0,0,1,1,cyclic_8_1,unroll_2,unroll_16,pipeline_1,1,0.5,0.797440308833,False
MatrixMultiplication_2471.cpp,xcu200-fsgd2104-2-e,5,5676.42373,136,0,0,0,0,cyclic_8_1,unroll_2,unroll_16,unroll_8,1,0,0.858370285312,False
MatrixMultiplication_2650.cpp,xcu200-fsgd2104-2-e,5,5421.232665,32,0,0,0,0,cyclic_8_1,unroll_2,unroll_2,pipeline_1,2,0,0.869239866222,False
MatrixMultiplication_2801.cpp,xcu200-fsgd2104-2-e,5,2777.10085,78.5,0,0,0,1,cyclic_8_1,unroll_2,unroll_2,unroll_32,6,0.25,0.922695637806,False
MatrixMultiplication_2734.cpp,xcu200-fsgd2104-2-e,5,1561.08037,220,0,0,0,1,cyclic_8_1,unroll_2,unroll_2,unroll_64,7,0.25,0.945484571286,False
MatrixMultiplication_2516.cpp,xcu200-fsgd2104-2-e,5,5421.232665,154,0,0,2,3,cyclic_8_1,unroll_2,unroll_32,pipeline_1,1,1.25,0.67834620024,False
MatrixMultiplication_2704.cpp,xcu200-fsgd2104-2-e,5,5421.232665,36.5,0,0,0,0,cyclic_8_1,unroll_2,unroll_4,pipeline_1,2,0,0.869239866222,False
MatrixMultiplication_2856.cpp,xcu200-fsgd2104-2-e,5,2146.64453,159,0,0,0,1,cyclic_8_1,unroll_2,unroll_4,unroll_32,6,0.25,0.936538489516,False
MatrixMultiplication_2671.cpp,xcu200-fsgd2104-2-e,5,1244.86917,605,0,0,0,1,cyclic_8_1,unroll_2,unroll_4,unroll_64,6,0.25,1,True
MatrixMultiplication_2511.cpp,xcu200-fsgd2104-2-e,5,5447.52901,1782,0,0,0,2,cyclic_8_1,unroll_2,unroll_64,unroll_8,1,0.5,0.796619309949,False
MatrixMultiplication_2698.cpp,xcu200-fsgd2104-2-e,5,5421.232665,45,0,0,0,1,cyclic_8_1,unroll_2,unroll_8,pipeline_1,1,0.25,0.846287890407,False
MatrixMultiplication_2893.cpp,xcu200-fsgd2104-2-e,5,1830.51525,472,0,0,0,1,cyclic_8_1,unroll_2,unroll_8,unroll_32,1,0.25,0.941794185282,False
MatrixMultiplication_2515.cpp,xcu200-fsgd2104-2-e,5,5423.769785,171,0,0,2,4,cyclic_8_1,unroll_32,unroll_2,pipeline_1,2,1.5,0.621293179828,False
MatrixMultiplication_2761.cpp,xcu200-fsgd2104-2-e,5,5421.231385,39,0,0,0,0,cyclic_8_1,unroll_4,unroll_2,pipeline_1,1,0,0.869239920936,False
MatrixMultiplication_2902.cpp,xcu200-fsgd2104-2-e,5,2776.19845,236,0,0,0,1,cyclic_8_1,unroll_4,unroll_2,unroll_32,1,0.25,0.922718696588,False
MatrixMultiplication_3001.cpp,xcu200-fsgd2104-2-e,5,1560.25989,821,0,0,0,1,cyclic_8_1,unroll_4,unroll_2,unroll_64,4,0.25,0.945494806597,False
MatrixMultiplication_2773.cpp,xcu200-fsgd2104-2-e,5,5421.231385,52,0,0,0,1,cyclic_8_1,unroll_4,unroll_4,pipeline_1,1,0.25,0.84628793592,False
MatrixMultiplication_2429.cpp,xcu200-fsgd2104-2-e,5,5675.92261,1740,0,0,0,2,cyclic_8_1,unroll_8,unroll_16,unroll_8,1,0.5,0.789415036202,False
MatrixMultiplication_2714.cpp,xcu200-fsgd2104-2-e,5,5421.230745,173,0,0,2,3,cyclic_8_1,unroll_8,unroll_8,pipeline_1,1,1.25,0.678346237777,False
MatrixMultiplication_2030.cpp,xcu200-fsgd2104-2-e,10,10834.45764,125,0,0,1,4,block_128_1,unroll_2,unroll_2,pipeline_1,1,1.25,0.613522777481,False
MatrixMultiplication_2006.cpp,xcu200-fsgd2104-2-e,10,10831.8362,340,0,0,3,7,block_128_1,unroll_2,unroll_4,pipeline_1,3,2.5,0.346905569816,False
MatrixMultiplication_2044.cpp,xcu200-fsgd2104-2-e,10,10833.12388,343,0,0,3,7,block_128_1,unroll_4,unroll_2,pipeline_1,1,2.5,0.346901560264,False
MatrixMultiplication_1949.cpp,xcu200-fsgd2104-2-e,10,10826.6522,1148.5,0,0,6,12.5,block_128_1,unroll_4,unroll_4,pipeline_1,4,4.625,0.111736488929,False
MatrixMultiplication_1999.cpp,xcu200-fsgd2104-2-e,10,54216.66436,131,0,0,0,2,block_16_1,unroll_16,unroll_2,unroll_2,1,0.5,0.157442386134,False
MatrixMultiplication_1918.cpp,xcu200-fsgd2104-2-e,10,61889.59844,1078,0,0,1,5,block_16_1,unroll_32,unroll_4,unroll_2,1,1.5,0.10892441427,False
MatrixMultiplication_1879.cpp,xcu200-fsgd2104-2-e,10,68933.74212,765,0,0,1,5,block_16_1,unroll_4,unroll_32,unroll_2,1,1.5,0.1,False
MatrixMultiplication_2009.cpp,xcu200-fsgd2104-2-e,10,54719.96292,62,0,0,0,1,block_16_1,unroll_8,unroll_2,unroll_2,1,0.25,0.156266424407,False
MatrixMultiplication_1950.cpp,xcu200-fsgd2104-2-e,10,66040.67076,258,0,0,0,3,block_16_1,unroll_8,unroll_8,unroll_2,1,0.75,0.104801834498,False
MatrixMultiplication_2039.cpp,xcu200-fsgd2104-2-e,10,10831.81124,520,0,0,4,7,block_2_1,unroll_16,unroll_16,pipeline_1,1,2.75,0.303966067762,False
MatrixMultiplication_1956.cpp,xcu200-fsgd2104-2-e,10,10832.1594,56,0,0,0,1,block_2_1,unroll_16,unroll_2,pipeline_1,5,0.25,0.810054161269,False
MatrixMultiplication_1979.cpp,xcu200-fsgd2104-2-e,10,10823.94692,86,0,0,1,2,block_2_1,unroll_16,unroll_4,pipeline_1,7,0.75,0.730549087083,False
MatrixMultiplication_1990.cpp,xcu200-fsgd2104-2-e,10,47335.87655,292,0,0,0,2,block_2_1,unroll_16,unroll_4,unroll_8,1,0.5,0.212203512309,False
MatrixMultiplication_1898.cpp,xcu200-fsgd2104-2-e,10,10831.83172,179,0,0,2,4,block_2_1,unroll_16,unroll_8,pipeline_1,5,1.5,0.554658694058,False
MatrixMultiplication_2005.cpp,xcu200-fsgd2104-2-e,10,51884.89351,291,0,0,1,3,block_2_1,unroll_16,unroll_8,unroll_4,1,1,0.164546796261,False
MatrixMultiplication_2032.cpp,xcu200-fsgd2104-2-e,10,10831.8362,46,0,0,0,1,block_2_1,unroll_2,unroll_16,pipeline_1,1,0.25,0.810061401994,False
MatrixMultiplication_1948.cpp,xcu200-fsgd2104-2-e,10,53122.55495,99,0,0,0,1,block_2_1,unroll_2,unroll_16,unroll_8,1,0.25,0.16734115378,False
MatrixMultiplication_2169.cpp,xcu200-fsgd2104-2-e,10,10821.98532,33,0,0,0,0,block_2_1,unroll_2,unroll_4,pipeline_1,3,0,0.827237563005,False
MatrixMultiplication_1993.cpp,xcu200-fsgd2104-2-e,10,46079.71396,90,0,0,0,1,block_2_1,unroll_32,unroll_2,unroll_2,1,0.25,0.227992314043,False
MatrixMultiplication_2130.cpp,xcu200-fsgd2104-2-e,10,10823.94884,33,0,0,0,0,block_2_1,unroll_4,unroll_2,pipeline_1,1,0,0.827190717631,False
MatrixMultiplication_2067.cpp,xcu200-fsgd2104-2-e,10,10822.63812,36,0,0,0,0,block_2_1,unroll_4,unroll_4,pipeline_1,3,0,0.82722198843,False
MatrixMultiplication_2165.cpp,xcu200-fsgd2104-2-e,10,44483.25895,108,0,0,0,1,block_2_1,unroll_4,unroll_4,unroll_16,1,0.25,0.244415659763,False
MatrixMultiplication_2054.cpp,xcu200-fsgd2104-2-e,10,10831.83364,47,0,0,0,1,block_2_1,unroll_4,unroll_8,pipeline_1,1,0.25,0.810061459347,False
MatrixMultiplication_2161.cpp,xcu200-fsgd2104-2-e,10,10822.63684,40,0,0,0,0,block_2_1,unroll_8,unroll_2,pipeline_1,1,0,0.827222018968,False
MatrixMultiplication_2058.cpp,xcu200-fsgd2104-2-e,10,59076.79364,35,0,0,0,0,block_2_1,unroll_8,unroll_2,unroll_2,1,0,0.131602630566,False
MatrixMultiplication_2116.cpp,xcu200-fsgd2104-2-e,10,10821.98148,55,0,0,0,1,block_2_1,unroll_8,unroll_4,pipeline_1,1,0.25,0.810282182646,False
MatrixMultiplication_2074.cpp,xcu200-fsgd2104-2-e,10,10823.94692,59,0,0,0,1,block_4_1,unroll_16,unroll_2,pipeline_1,1,0.25,0.810238149355,False
MatrixMultiplication_2051.cpp,xcu200-fsgd2104-2-e,10,10831.83172,269,0,0,2,4,block_4_1,unroll_16,unroll_8,pipeline_1,1,1.5,0.554658694058,False
MatrixMultiplication_2099.cpp,xcu200-fsgd2104-2-e,10,10826.57028,93,0,0,1,2,block_4_1,unroll_4,unroll_16,pipeline_1,1,0.75,0.730510662175,False
MatrixMultiplication_2168.cpp,xcu200-fsgd2104-2-e,10,53038.16967,410,0,0,0,2,block_4_1,unroll_4,unroll_16,unroll_8,1,0.5,0.1655420927,False
MatrixMultiplication_2057.cpp,xcu200-fsgd2104-2-e,10,10833.14436,32,0,0,0,0,block_4_1,unroll_4,unroll_2,pipeline_1,1,0,0.826971352333,False
MatrixMultiplication_2120.cpp,xcu200-fsgd2104-2-e,10,10821.49124,246,0,0,2,4,block_4_1,unroll_4,unroll_32,pipeline_1,1,1.5,0.554730878957,False
MatrixMultiplication_2176.cpp,xcu200-fsgd2104-2-e,10,10821.98276,41,0,0,0,0,block_4_1,unroll_4,unroll_4,pipeline_1,1,0,0.827237624082,False
MatrixMultiplication_1867.cpp,xcu200-fsgd2104-2-e,10,59076.79364,38,0,0,0,0,block_4_1,unroll_8,unroll_2,unroll_2,1,0,0.131602630566,False
MatrixMultiplication_1880.cpp,xcu200-fsgd2104-2-e,10,10822.30916,811.5,0,0,5,9,block_4_1,unroll_8,unroll_32,pipeline_1,4,3.5,0.199158711251,False
MatrixMultiplication_2129.cpp,xcu200-fsgd2104-2-e,10,10821.98148,61.5,0,0,0,1,block_4_1,unroll_8,unroll_4,pipeline_1,2,0.25,0.810282182646,False
MatrixMultiplication_2199.cpp,xcu200-fsgd2104-2-e,10,10821.98084,86,0,0,1,2,block_8_1,unroll_16,unroll_2,pipeline_1,1,0.75,0.730577880447,False
MatrixMultiplication_2123.cpp,xcu200-fsgd2104-2-e,10,10822.6362,140,0,0,1,3,cyclic_16_1,unroll_16,unroll_2,pipeline_1,1,1,0.673214891028,False
MatrixMultiplication_2029.cpp,xcu200-fsgd2104-2-e,10,10831.8362,122,0,0,1,3,cyclic_16_1,unroll_2,unroll_16,pipeline_1,1,1,0.673111255371,False
MatrixMultiplication_2013.cpp,xcu200-fsgd2104-2-e,10,4568.05895,1667.5,0,0,0,1,cyclic_16_1,unroll_2,unroll_16,unroll_16,4,0.25,0.939472710841,False
MatrixMultiplication_1968.cpp,xcu200-fsgd2104-2-e,10,69308.93316,84,0,0,0,1,cyclic_16_1,unroll_2,unroll_16,unroll_2,1,0.25,0.101119905244,False
MatrixMultiplication_2040.cpp,xcu200-fsgd2104-2-e,10,52954.78279,392,0,0,1,2,cyclic_16_1,unroll_2,unroll_16,unroll_8,3,0.75,0.162222763411,False
MatrixMultiplication_2131.cpp,xcu200-fsgd2104-2-e,10,5725.58855,67.5,0,0,0,1,cyclic_16_1,unroll_2,unroll_2,unroll_16,2,0.25,0.919832838315,False
MatrixMultiplication_2084.cpp,xcu200-fsgd2104-2-e,10,10822.64068,358,0,0,3,6,cyclic_16_1,unroll_2,unroll_32,pipeline_1,1,2.25,0.393712102902,False
MatrixMultiplication_2175.cpp,xcu200-fsgd2104-2-e,10,4459.09511,455,0,0,0,1,cyclic_16_1,unroll_2,unroll_8,unroll_16,3,0.25,0.941097621842,False
MatrixMultiplication_2002.cpp,xcu200-fsgd2104-2-e,10,68799.71844,47,0,0,0,0,cyclic_16_1,unroll_2,unroll_8,unroll_2,1,0,0.101744101463,False
MatrixMultiplication_2185.cpp,xcu200-fsgd2104-2-e,10,50848.09735,129,0,0,0,1,cyclic_16_1,unroll_2,unroll_8,unroll_8,1,0.25,0.184822143644,False
MatrixMultiplication_2082.cpp,xcu200-fsgd2104-2-e,10,10829.18948,478,0,0,3,6,cyclic_16_1,unroll_32,unroll_2,pipeline_1,1,2.25,0.393687405252,False
MatrixMultiplication_1936.cpp,xcu200-fsgd2104-2-e,10,53965.00548,347,0,0,0,4,cyclic_16_1,unroll_32,unroll_2,unroll_2,1,1,0.150964009167,False
MatrixMultiplication_1970.cpp,xcu200-fsgd2104-2-e,10,61889.6186,982,0,0,1,5,cyclic_16_1,unroll_32,unroll_4,unroll_2,1,1.5,0.108924363436,False
MatrixMultiplication_1992.cpp,xcu200-fsgd2104-2-e,10,49678.93255,43,0,0,0,0,cyclic_16_1,unroll_4,unroll_2,unroll_4,1,0,0.195625041822,False
MatrixMultiplication_2063.cpp,xcu200-fsgd2104-2-e,10,10822.63812,1271,0,0,7,13,cyclic_16_1,unroll_4,unroll_32,pipeline_1,1,5,0.101543380407,False
MatrixMultiplication_2092.cpp,xcu200-fsgd2104-2-e,10,10827.23588,62,0,0,1,1,cyclic_16_1,unroll_4,unroll_4,pipeline_1,2,0.5,0.779660850815,False
MatrixMultiplication_2215.cpp,xcu200-fsgd2104-2-e,10,46655.10151,149,0,0,0,1,cyclic_16_1,unroll_4,unroll_4,unroll_8,1,0.25,0.222315133805,False
MatrixMultiplication_2282.cpp,xcu200-fsgd2104-2-e,10,4458.43719,1752,0,0,0,1,cyclic_16_1,unroll_4,unroll_8,unroll_16,1,0.25,0.941107303326,False
MatrixMultiplication_2193.cpp,xcu200-fsgd2104-2-e,10,50858.27847,454,0,0,1,2,cyclic_16_1,unroll_4,unroll_8,unroll_8,1,0.75,0.177373416627,False
MatrixMultiplication_1924.cpp,xcu200-fsgd2104-2-e,10,68806.92356,52.5,0,0,0,1,cyclic_16_1,unroll_8,unroll_2,unroll_2,2,0.25,0.101638488867,False
MatrixMultiplication_2177.cpp,xcu200-fsgd2104-2-e,10,10821.48996,140,0,0,1,3,cyclic_16_1,unroll_8,unroll_4,pipeline_1,1,1,0.673227797267,False
MatrixMultiplication_2015.cpp,xcu200-fsgd2104-2-e,10,69561.24292,213,0,0,0,2,cyclic_16_1,unroll_8,unroll_8,unroll_2,1,0.5,0.100699049507,False
MatrixMultiplication_2136.cpp,xcu200-fsgd2104-2-e,10,10821.4938,45,0,0,0,0,cyclic_2_1,unroll_2,unroll_16,pipeline_1,1,0,0.827249289854,False
MatrixMultiplication_2153.cpp,xcu200-fsgd2104-2-e,10,6512.74759,137,0,0,0,1,cyclic_2_1,unroll_2,unroll_16,unroll_16,2,0.25,0.904521682043,False
MatrixMultiplication_1891.cpp,xcu200-fsgd2104-2-e,10,32228.75908,38.5,0,0,0,0,cyclic_2_1,unroll_2,unroll_16,unroll_2,2,0,0.406178765404,False
MatrixMultiplication_2197.cpp,xcu200-fsgd2104-2-e,10,10329.89191,71,0,0,0,0,cyclic_2_1,unroll_2,unroll_16,unroll_8,2,0,0.839025429408,False
MatrixMultiplication_2152.cpp,xcu200-fsgd2104-2-e,10,10821.98532,30,0,0,0,0,cyclic_2_1,unroll_2,unroll_2,pipeline_1,1,0,0.827237563005,False
MatrixMultiplication_2229.cpp,xcu200-fsgd2104-2-e,10,9747.19495,38,0,0,0,0,cyclic_2_1,unroll_2,unroll_2,unroll_16,1,0,0.853106209489,False
MatrixMultiplication_1947.cpp,xcu200-fsgd2104-2-e,10,32228.17284,30,0,0,0,0,cyclic_2_1,unroll_2,unroll_2,unroll_2,1,0,0.406187840818,False
MatrixMultiplication_2108.cpp,xcu200-fsgd2104-2-e,10,10821.98532,73,0,0,1,1,cyclic_2_1,unroll_2,unroll_32,pipeline_1,1,0.5,0.779759822226,False
MatrixMultiplication_2220.cpp,xcu200-fsgd2104-2-e,10,13099.52519,37,0,0,0,0,cyclic_2_1,unroll_2,unroll_4,unroll_8,1,0,0.773914488336,False
MatrixMultiplication_2055.cpp,xcu200-fsgd2104-2-e,10,10822.06724,37,0,0,0,0,cyclic_2_1,unroll_2,unroll_8,pipeline_1,2,0,0.827235608539,False
MatrixMultiplication_2281.cpp,xcu200-fsgd2104-2-e,10,11253.21223,49,0,0,0,0,cyclic_2_1,unroll_2,unroll_8,unroll_8,1,0,0.816985635996,False
MatrixMultiplication_1938.cpp,xcu200-fsgd2104-2-e,10,10831.97476,79,0,0,1,2,cyclic_2_1,unroll_32,unroll_2,pipeline_1,1,0.75,0.730431481317,False
MatrixMultiplication_1994.cpp,xcu200-fsgd2104-2-e,10,10823.94884,72,0,0,1,1,cyclic_2_1,unroll_4,unroll_16,pipeline_1,5,0.5,0.779722812264,False
MatrixMultiplication_2071.cpp,xcu200-fsgd2104-2-e,10,10821.98276,34,0,0,0,0,cyclic_2_1,unroll_4,unroll_2,pipeline_1,4,0,0.827237624082,False
MatrixMultiplication_2163.cpp,xcu200-fsgd2104-2-e,10,32228.6618,34,0,0,0,0,cyclic_2_1,unroll_4,unroll_2,unroll_2,1,0,0.406180271359,False
MatrixMultiplication_2059.cpp,xcu200-fsgd2104-2-e,10,25519.74151,31,0,0,0,0,cyclic_2_1,unroll_4,unroll_2,unroll_4,1,0,0.518845990689,False
MatrixMultiplication_1976.cpp,xcu200-fsgd2104-2-e,10,10823.94884,155,0,0,2,3,cyclic_2_1,unroll_4,unroll_32,pipeline_1,4,1.25,0.613615158613,False
MatrixMultiplication_1884.cpp,xcu200-fsgd2104-2-e,10,10831.83364,35,0,0,0,0,cyclic_2_1,unroll_4,unroll_4,pipeline_1,7,0,0.827002618415,False
MatrixMultiplication_2049.cpp,xcu200-fsgd2104-2-e,10,20817.04199,45,0,0,0,0,cyclic_2_1,unroll_4,unroll_4,unroll_4,1,0,0.608321505688,False
MatrixMultiplication_2121.cpp,xcu200-fsgd2104-2-e,10,10826.6522,48,0,0,0,0,cyclic_2_1,unroll_4,unroll_8,pipeline_1,2,0,0.82712622373,False
MatrixMultiplication_2087.cpp,xcu200-fsgd2104-2-e,10,32234.58308,38,0,0,0,0,cyclic_2_1,unroll_4,unroll_8,unroll_2,1,0,0.406088613033,False
MatrixMultiplication_2181.cpp,xcu200-fsgd2104-2-e,10,11252.96391,73.5,0,0,0,0,cyclic_2_1,unroll_4,unroll_8,unroll_8,2,0,0.816991518579,False
MatrixMultiplication_2110.cpp,xcu200-fsgd2104-2-e,10,10821.48996,177,0,0,2,3,cyclic_2_1,unroll_8,unroll_16,pipeline_1,1,1.25,0.613636759887,False
MatrixMultiplication_2167.cpp,xcu200-fsgd2104-2-e,10,9746.69959,92,0,0,0,1,cyclic_2_1,unroll_8,unroll_2,unroll_16,1,0.25,0.83437969252,False
MatrixMultiplication_2198.cpp,xcu200-fsgd2104-2-e,10,16793.13031,66,0,0,0,0,cyclic_2_1,unroll_8,unroll_2,unroll_8,1,0,0.691753351873,False
MatrixMultiplication_2014.cpp,xcu200-fsgd2104-2-e,10,10827.88996,48,0,0,0,1,cyclic_2_1,unroll_8,unroll_4,pipeline_1,2,0.25,0.810149811047,False
MatrixMultiplication_2239.cpp,xcu200-fsgd2104-2-e,10,7908.92679,156,0,0,0,1,cyclic_2_1,unroll_8,unroll_4,unroll_16,1,0.25,0.875092590859,False
MatrixMultiplication_2126.cpp,xcu200-fsgd2104-2-e,10,10821.48932,1312,0,0,6,12,cyclic_32_1,unroll_16,unroll_4,pipeline_1,1,4.5,0.117251455822,False
MatrixMultiplication_2085.cpp,xcu200-fsgd2104-2-e,10,10822.64068,39,0,0,0,1,cyclic_32_1,unroll_2,unroll_2,pipeline_1,1,0.25,0.810267414046,False
MatrixMultiplication_2053.cpp,xcu200-fsgd2104-2-e,10,10822.31044,60,0,0,0,1.5,cyclic_32_1,unroll_4,unroll_2,pipeline_1,2,0.375,0.798144119232,False
MatrixMultiplication_2046.cpp,xcu200-fsgd2104-2-e,10,10822.6362,62,0,0,0,1,cyclic_4_1,unroll_16,unroll_2,pipeline_1,1,0.25,0.810267514415,False
MatrixMultiplication_1974.cpp,xcu200-fsgd2104-2-e,10,46499.145,52,0,0,0,1,cyclic_4_1,unroll_16,unroll_2,unroll_2,1,0.25,0.223841234617,False
MatrixMultiplication_2036.cpp,xcu200-fsgd2104-2-e,10,10825.25764,100.5,0,0,1,2,cyclic_4_1,unroll_16,unroll_4,pipeline_1,4,0.75,0.730529889496,False
MatrixMultiplication_1967.cpp,xcu200-fsgd2104-2-e,10,10831.8362,51,0,0,0,1,cyclic_4_1,unroll_2,unroll_16,pipeline_1,3,0.25,0.810061401994,False
MatrixMultiplication_2196.cpp,xcu200-fsgd2104-2-e,10,5172.78215,190,0,0,0,1,cyclic_4_1,unroll_2,unroll_16,unroll_16,7,0.25,0.929717629189,False
MatrixMultiplication_2267.cpp,xcu200-fsgd2104-2-e,10,3430.52807,641,0,0,0,2,cyclic_4_1,unroll_2,unroll_16,unroll_32,1,0.5,0.872624661397,False
MatrixMultiplication_1978.cpp,xcu200-fsgd2104-2-e,10,16547.23591,46.5,0,0,0,0,cyclic_4_1,unroll_2,unroll_16,unroll_4,2,0,0.697057175907,False
MatrixMultiplication_1893.cpp,xcu200-fsgd2104-2-e,10,8993.05479,79.5,0,0,0,0,cyclic_4_1,unroll_2,unroll_16,unroll_8,4,0,0.871527161975,False
MatrixMultiplication_2195.cpp,xcu200-fsgd2104-2-e,10,8405.67303,39,0,0,0,0,cyclic_4_1,unroll_2,unroll_2,unroll_16,3,0,0.886028992813,False
MatrixMultiplication_2042.cpp,xcu200-fsgd2104-2-e,10,22832.93191,34,0,0,0,0,cyclic_4_1,unroll_2,unroll_2,unroll_4,1,0,0.568906497068,False
MatrixMultiplication_2171.cpp,xcu200-fsgd2104-2-e,10,15451.44839,34,0,0,0,0,cyclic_4_1,unroll_2,unroll_2,unroll_8,1,0,0.720980470535,False
MatrixMultiplication_2184.cpp,xcu200-fsgd2104-2-e,10,10821.4938,96,0,0,1,2,cyclic_4_1,unroll_2,unroll_32,pipeline_1,1,0.75,0.730585012618,False
MatrixMultiplication_2173.cpp,xcu200-fsgd2104-2-e,10,4939.80167,554,0,0,0,2,cyclic_4_1,unroll_2,unroll_32,unroll_16,1,0.5,0.867316414697,False
MatrixMultiplication_2214.cpp,xcu200-fsgd2104-2-e,10,8531.10791,178.5,0,0,0,1,cyclic_4_1,unroll_2,unroll_32,unroll_8,2,0.25,0.861449588406,False
MatrixMultiplication_2012.cpp,xcu200-fsgd2104-2-e,10,10827.23844,30.5,0,0,0,0,cyclic_4_1,unroll_2,unroll_4,pipeline_1,2,0,0.827112238214,False
MatrixMultiplication_2038.cpp,xcu200-fsgd2104-2-e,10,6558.21319,50.5,0,0,0,0,cyclic_4_1,unroll_2,unroll_4,unroll_16,6,0,0.932521020821,False
MatrixMultiplication_2279.cpp,xcu200-fsgd2104-2-e,10,3966.26439,91,0,0,0,0,cyclic_4_1,unroll_2,unroll_4,unroll_32,1,0,1,True
MatrixMultiplication_2145.cpp,xcu200-fsgd2104-2-e,10,11758.16711,36.5,0,0,0,0,cyclic_4_1,unroll_2,unroll_4,unroll_8,4,0,0.805073413199,False
MatrixMultiplication_2147.cpp,xcu200-fsgd2104-2-e,10,10821.4938,39,0,0,0,0,cyclic_4_1,unroll_2,unroll_8,pipeline_1,1,0,0.827249289854,False
MatrixMultiplication_2160.cpp,xcu200-fsgd2104-2-e,10,5633.50023,79,0,0,0,0,cyclic_4_1,unroll_2,unroll_8,unroll_16,3,0,0.956293385151,False
MatrixMultiplication_2260.cpp,xcu200-fsgd2104-2-e,10,9922.86215,47,0,0,0,0,cyclic_4_1,unroll_2,unroll_8,unroll_8,3,0,0.848847248048,False
MatrixMultiplication_1878.cpp,xcu200-fsgd2104-2-e,10,10826.56804,105,0,0,1,2,cyclic_4_1,unroll_32,unroll_2,pipeline_1,5,0.75,0.730510694988,False
MatrixMultiplication_1960.cpp,xcu200-fsgd2104-2-e,10,22832.92711,163,0,0,0,1,cyclic_4_1,unroll_32,unroll_2,unroll_4,1,0.25,0.563391566082,False
MatrixMultiplication_1951.cpp,xcu200-fsgd2104-2-e,10,15456.35927,302.5,0,0,0,2,cyclic_4_1,unroll_32,unroll_2,unroll_8,2,0.5,0.689445025574,False
MatrixMultiplication_2048.cpp,xcu200-fsgd2104-2-e,10,10829.19972,265,0,0,2,4.5,cyclic_4_1,unroll_32,unroll_4,pipeline_1,2,1.625,0.525976267606,False
MatrixMultiplication_1997.cpp,xcu200-fsgd2104-2-e,10,10831.8234,90.5,0,0,1,2,cyclic_4_1,unroll_4,unroll_16,pipeline_1,2,0.75,0.730433699259,False
MatrixMultiplication_2288.cpp,xcu200-fsgd2104-2-e,10,5653.99815,573,0,0,0,2,cyclic_4_1,unroll_4,unroll_16,unroll_16,1,0.5,0.861097226235,False
MatrixMultiplication_2114.cpp,xcu200-fsgd2104-2-e,10,8997.97767,196,0,0,0,1,cyclic_4_1,unroll_4,unroll_16,unroll_8,3,0.25,0.851097919554,False
MatrixMultiplication_2001.cpp,xcu200-fsgd2104-2-e,10,10833.14436,33,0,0,0,0,cyclic_4_1,unroll_4,unroll_2,pipeline_1,3,0,0.826971352333,False
MatrixMultiplication_2263.cpp,xcu200-fsgd2104-2-e,10,8405.01511,55,0,0,0,0,cyclic_4_1,unroll_4,unroll_2,unroll_16,1,0,0.886045311862,False
MatrixMultiplication_2062.cpp,xcu200-fsgd2104-2-e,10,22834.07623,33,0,0,0,0,cyclic_4_1,unroll_4,unroll_2,unroll_4,1,0,0.568884574786,False
MatrixMultiplication_2079.cpp,xcu200-fsgd2104-2-e,10,10831.83364,227,0,0,2,4,cyclic_4_1,unroll_4,unroll_32,pipeline_1,1,1.5,0.554658680647,False
MatrixMultiplication_1943.cpp,xcu200-fsgd2104-2-e,10,10826.57028,38,0,0,0,0,cyclic_4_1,unroll_4,unroll_4,pipeline_1,8,0,0.827128178049,False
MatrixMultiplication_2095.cpp,xcu200-fsgd2104-2-e,10,6566.75079,86,0,0,0,1,cyclic_4_1,unroll_4,unroll_4,unroll_16,1,0.25,0.903428845012,False
MatrixMultiplication_2090.cpp,xcu200-fsgd2104-2-e,10,10821.49124,54,0,0,0,1,cyclic_4_1,unroll_4,unroll_8,pipeline_1,3,0.25,0.810293165913,False
MatrixMultiplication_2223.cpp,xcu200-fsgd2104-2-e,10,5642.69319,209.5,0,0,0,1,cyclic_4_1,unroll_4,unroll_8,unroll_16,2,0.25,0.921366742895,False
MatrixMultiplication_2292.cpp,xcu200-fsgd2104-2-e,10,9911.03239,79,0,0,0,1,cyclic_4_1,unroll_4,unroll_8,unroll_8,1,0.25,0.830699391093,False
MatrixMultiplication_1912.cpp,xcu200-fsgd2104-2-e,10,10831.89268,258,0,0,2,5,cyclic_4_1,unroll_64,unroll_2,pipeline_1,1,1.75,0.497916304522,False
MatrixMultiplication_1991.cpp,xcu200-fsgd2104-2-e,10,59072.20612,118,0,0,1,2,cyclic_4_1,unroll_8,unroll_16,unroll_2,1,0.75,0.127355697616,False
MatrixMultiplication_2028.cpp,xcu200-fsgd2104-2-e,10,10821.73572,47,0,0,0,0,cyclic_4_1,unroll_8,unroll_2,pipeline_1,2,0,0.827243518034,False
MatrixMultiplication_2272.cpp,xcu200-fsgd2104-2-e,10,8404.52231,118,0,0,0,1,cyclic_4_1,unroll_8,unroll_2,unroll_16,1,0.25,0.864241704989,False
MatrixMultiplication_2060.cpp,xcu200-fsgd2104-2-e,10,59076.79364,36,0,0,0,0,cyclic_4_1,unroll_8,unroll_2,unroll_2,1,0,0.131602630566,False
MatrixMultiplication_2035.cpp,xcu200-fsgd2104-2-e,10,10821.98148,57,0,0,0,1,cyclic_4_1,unroll_8,unroll_4,pipeline_1,5,0.25,0.810282182646,False
MatrixMultiplication_2156.cpp,xcu200-fsgd2104-2-e,10,6566.74951,233,0,0,0,1,cyclic_4_1,unroll_8,unroll_4,unroll_16,1,0.25,0.90342887097,False
MatrixMultiplication_2170.cpp,xcu200-fsgd2104-2-e,10,10831.83236,94,0,0,1,2,cyclic_4_1,unroll_8,unroll_8,pipeline_1,1,0.75,0.730433567965,False
MatrixMultiplication_2241.cpp,xcu200-fsgd2104-2-e,10,5632.34951,651,0,0,0,2,cyclic_4_1,unroll_8,unroll_8,unroll_16,1,0.5,0.86131480787,False
MatrixMultiplication_2019.cpp,xcu200-fsgd2104-2-e,10,56142.11332,64,0,0,0,1,cyclic_4_1,unroll_8,unroll_8,unroll_2,1,0.25,0.14724225986,False
MatrixMultiplication_2073.cpp,xcu200-fsgd2104-2-e,10,10822.6362,80,0,0,1,2,cyclic_8_1,unroll_16,unroll_2,pipeline_1,1,0.75,0.730568283061,False
MatrixMultiplication_2225.cpp,xcu200-fsgd2104-2-e,10,4819.71719,416,0,0,0,1,cyclic_8_1,unroll_2,unroll_16,unroll_16,4,0.25,0.935560489725,False
MatrixMultiplication_2045.cpp,xcu200-fsgd2104-2-e,10,8489.73831,131,0,0,0,0,cyclic_8_1,unroll_2,unroll_16,unroll_8,4,0,0.883945231084,False
MatrixMultiplication_2148.cpp,xcu200-fsgd2104-2-e,10,7738.85447,43,0,0,0,1,cyclic_8_1,unroll_2,unroll_2,unroll_16,2,0.25,0.878780260084,False
MatrixMultiplication_2213.cpp,xcu200-fsgd2104-2-e,10,11442.64199,33,0,0,0,0,cyclic_8_1,unroll_2,unroll_2,unroll_8,2,0,0.812505165865,False
MatrixMultiplication_2158.cpp,xcu200-fsgd2104-2-e,10,10821.4938,149,0,0,2,3,cyclic_8_1,unroll_2,unroll_32,pipeline_1,1,1.25,0.613636726157,False
MatrixMultiplication_2143.cpp,xcu200-fsgd2104-2-e,10,4598.94279,1602.5,0,0,0,2,cyclic_8_1,unroll_2,unroll_32,unroll_16,2,0.5,0.869516629116,False
MatrixMultiplication_2201.cpp,xcu200-fsgd2104-2-e,10,8279.44967,432,0,0,0,1,cyclic_8_1,unroll_2,unroll_32,unroll_8,2,0.25,0.866993010133,False
MatrixMultiplication_2189.cpp,xcu200-fsgd2104-2-e,10,10821.98532,34,0,0,0,0,cyclic_8_1,unroll_2,unroll_4,pipeline_1,1,0,0.827237563005,False
MatrixMultiplication_2188.cpp,xcu200-fsgd2104-2-e,10,5886.46919,67,0,0,0,1,cyclic_8_1,unroll_2,unroll_4,unroll_16,3,0.25,0.91680892652,False
MatrixMultiplication_2287.cpp,xcu200-fsgd2104-2-e,10,3295.19623,168,0,0,0,1,cyclic_8_1,unroll_2,unroll_4,unroll_32,1,0.25,1,True
MatrixMultiplication_2202.cpp,xcu200-fsgd2104-2-e,10,4971.60711,153,0,0,0,1,cyclic_8_1,unroll_2,unroll_8,unroll_16,1,0.25,0.933095710697,False
MatrixMultiplication_2117.cpp,xcu200-fsgd2104-2-e,10,10823.9466,175,0,0,2,3,cyclic_8_1,unroll_32,unroll_2,pipeline_1,1,1.25,0.613615178294,False
MatrixMultiplication_2104.cpp,xcu200-fsgd2104-2-e,10,8484.64135,410,0,0,0,1,cyclic_8_1,unroll_4,unroll_16,unroll_8,4,0.25,0.862475340364,False
MatrixMultiplication_2226.cpp,xcu200-fsgd2104-2-e,10,7733.68071,78,0,0,0,1,cyclic_8_1,unroll_4,unroll_2,unroll_16,2,0.25,0.878892105968,False
MatrixMultiplication_2251.cpp,xcu200-fsgd2104-2-e,10,8274.27079,1796,0,0,0,2,cyclic_8_1,unroll_4,unroll_32,unroll_8,1,0.5,0.825173646834,False
MatrixMultiplication_2149.cpp,xcu200-fsgd2104-2-e,10,10821.98276,43,0,0,0,1,cyclic_8_1,unroll_4,unroll_4,pipeline_1,1,0.25,0.810282153969,False
MatrixMultiplication_2200.cpp,xcu200-fsgd2104-2-e,10,5885.31975,166,0,0,0,1,cyclic_8_1,unroll_4,unroll_4,unroll_16,1,0.25,0.916830743277,False
MatrixMultiplication_2221.cpp,xcu200-fsgd2104-2-e,10,10821.98276,67,0,0,1,1,cyclic_8_1,unroll_4,unroll_8,pipeline_1,1,0.5,0.779759870477,False
MatrixMultiplication_2206.cpp,xcu200-fsgd2104-2-e,10,4961.75367,479,0,0,0,1,cyclic_8_1,unroll_4,unroll_8,unroll_16,1,0.25,0.933257890426,False
MatrixMultiplication_2162.cpp,xcu200-fsgd2104-2-e,10,8904.39943,142,0,0,0,0,cyclic_8_1,unroll_4,unroll_8,unroll_8,1,0,0.873707316681,False
MatrixMultiplication_2106.cpp,xcu200-fsgd2104-2-e,10,10822.63684,44,0,0,0,1,cyclic_8_1,unroll_8,unroll_2,pipeline_1,1,0.25,0.810267500077,False
MatrixMultiplication_2190.cpp,xcu200-fsgd2104-2-e,10,7743.77607,205,0,0,0,1,cyclic_8_1,unroll_8,unroll_2,unroll_16,1,0.25,0.87867384623,False
MatrixMultiplication_2244.cpp,xcu200-fsgd2104-2-e,10,11436.73223,78,0,0,0,1,cyclic_8_1,unroll_8,unroll_2,unroll_8,1,0.25,0.796525043359,False
MatrixMultiplication_2111.cpp,xcu200-fsgd2104-2-e,10,10821.48996,83,0,0,1,1,cyclic_8_1,unroll_8,unroll_4,pipeline_1,1,0.5,0.779769158824,False
MatrixMultiplication_2124.cpp,xcu200-fsgd2104-2-e,10,5890.73543,566.5,0,0,0,1.5,cyclic_8_1,unroll_8,unroll_4,unroll_16,2,0.375,0.89186995128,False
MatrixMultiplication_1595.cpp,xczu7ev-ffvc1156-2-e,3.33,3642.02668431,576,10,0,11,21,block_16_1,unroll_16,unroll_2,pipeline_1,1,10.5,0.686755768186,False
MatrixMultiplication_1421.cpp,xczu7ev-ffvc1156-2-e,3.33,3638.47354767,1317,5,0,20,34,block_16_1,unroll_16,unroll_4,pipeline_1,1,14.75,0.534726120619,False
MatrixMultiplication_1507.cpp,xczu7ev-ffvc1156-2-e,3.33,52216.6395016,1462,10,0,6,19,block_16_1,unroll_16,unroll_4,unroll_2,1,8.75,0.117074415208,False
MatrixMultiplication_1513.cpp,xczu7ev-ffvc1156-2-e,3.33,55610.1852789,3595,10,0,10,31,block_16_1,unroll_16,unroll_8,unroll_2,1,12.75,0.102725061697,False
MatrixMultiplication_1620.cpp,xczu7ev-ffvc1156-2-e,3.33,3638.66599503,101.5,7.5,0,2,4.5,block_16_1,unroll_2,unroll_2,pipeline_1,2,3.5,0.926464173448,False
MatrixMultiplication_1670.cpp,xczu7ev-ffvc1156-2-e,3.33,3638.47503951,155,5,0,3,7,block_16_1,unroll_2,unroll_4,pipeline_1,1,3.75,0.918522212814,False
MatrixMultiplication_1511.cpp,xczu7ev-ffvc1156-2-e,3.33,58958.4528597,3369,10,0,10,29,block_16_1,unroll_2,unroll_64,unroll_2,1,12.25,0.100004703685,False
MatrixMultiplication_1587.cpp,xczu7ev-ffvc1156-2-e,3.33,3638.47503951,241,5,0,6,10,block_16_1,unroll_2,unroll_8,pipeline_1,2,5.25,0.889040279593,False
MatrixMultiplication_1544.cpp,xczu7ev-ffvc1156-2-e,3.33,58331.6268731,161,10,0,2,5,block_16_1,unroll_4,unroll_2,unroll_2,1,4.25,0.102168963685,False
MatrixMultiplication_1713.cpp,xczu7ev-ffvc1156-2-e,3.33,3638.47418703,242,5,0,6,10,block_16_1,unroll_4,unroll_4,pipeline_1,1,5.25,0.889040292051,False
MatrixMultiplication_1681.cpp,xczu7ev-ffvc1156-2-e,3.33,3638.47418703,481,5,0,10,18,block_16_1,unroll_4,unroll_8,pipeline_1,1,8.25,0.776087611138,False
MatrixMultiplication_1423.cpp,xczu7ev-ffvc1156-2-e,3.33,58958.6970952,2890,10,0,10,30,block_16_1,unroll_8,unroll_16,unroll_2,2,12.5,0.100000416411,False
MatrixMultiplication_1677.cpp,xczu7ev-ffvc1156-2-e,3.33,3638.47376079,259,5,0,6,11,block_16_1,unroll_8,unroll_2,pipeline_1,1,5.5,0.883171491539,False
MatrixMultiplication_1457.cpp,xczu7ev-ffvc1156-2-e,3.33,58666.8352226,192,10,0,3,7,block_16_1,unroll_8,unroll_2,unroll_2,1,5,0.101571024467,False
MatrixMultiplication_1763.cpp,xczu7ev-ffvc1156-2-e,3.33,3638.47503951,994,0,0,23,37,block_256_1,unroll_2,unroll_2,pipeline_1,1,15,0.526484808319,False
MatrixMultiplication_1557.cpp,xczu7ev-ffvc1156-2-e,3.33,50513.5524002,1242,0,0,9,22,block_256_1,unroll_2,unroll_2,unroll_2,1,7.75,0.126613064716,False
MatrixMultiplication_1764.cpp,xczu7ev-ffvc1156-2-e,3.33,3638.47418703,2895,0,0,38,69,block_256_1,unroll_4,unroll_2,pipeline_1,1,26.75,0.22799535609,False
MatrixMultiplication_1380.cpp,xczu7ev-ffvc1156-2-e,3.33,47608.3994478,2948,0,0,10,36,block_256_1,unroll_4,unroll_2,unroll_2,1,11.5,0.135021407028,False
MatrixMultiplication_1751.cpp,xczu7ev-ffvc1156-2-e,3.33,3638.47354767,224,0,0,4,7,block_2_1,unroll_16,unroll_2,pipeline_1,3,2.75,1,True
MatrixMultiplication_1508.cpp,xczu7ev-ffvc1156-2-e,3.33,32744.4049778,1509,1,0,6,14,block_2_1,unroll_16,unroll_2,unroll_16,1,5.25,0.313318323568,False
MatrixMultiplication_1680.cpp,xczu7ev-ffvc1156-2-e,3.33,3638.47354767,350,0,0,6,12,block_2_1,unroll_16,unroll_4,pipeline_1,3,4.5,0.90466720652,False
MatrixMultiplication_1825.cpp,xczu7ev-ffvc1156-2-e,3.33,3638.47354767,732,0,0,12,21,block_2_1,unroll_16,unroll_8,pipeline_1,1,8.25,0.776087612888,False
MatrixMultiplication_1711.cpp,xczu7ev-ffvc1156-2-e,3.33,3638.47503951,198,0,0,4,7,block_2_1,unroll_2,unroll_16,pipeline_1,1,2.75,0.958744242729,False
MatrixMultiplication_1574.cpp,xczu7ev-ffvc1156-2-e,3.33,3638.85695055,84,1,0,1,3,block_2_1,unroll_2,unroll_2,pipeline_1,5,1.25,0.994044094474,False
MatrixMultiplication_1653.cpp,xczu7ev-ffvc1156-2-e,3.33,55426.8669141,83,1,0,2,4,block_2_1,unroll_2,unroll_2,unroll_2,1,1.75,0.109311159065,False
MatrixMultiplication_1817.cpp,xczu7ev-ffvc1156-2-e,3.33,30229.958741,225,1,0,2,6,block_2_1,unroll_2,unroll_2,unroll_32,1,2.25,0.360724819575,False
MatrixMultiplication_1662.cpp,xczu7ev-ffvc1156-2-e,3.33,3638.85695055,108,1,0,2,3,block_2_1,unroll_2,unroll_4,pipeline_1,5,1.5,0.988107948325,False
MatrixMultiplication_1418.cpp,xczu7ev-ffvc1156-2-e,3.33,55321.7723272,393.5,1,0,6,14,block_2_1,unroll_2,unroll_64,unroll_2,2,5.25,0.108805194517,False
MatrixMultiplication_1626.cpp,xczu7ev-ffvc1156-2-e,3.33,3638.85695055,132,1,0,2,4,block_2_1,unroll_2,unroll_8,pipeline_1,5,1.75,0.976306774781,False
MatrixMultiplication_1857.cpp,xczu7ev-ffvc1156-2-e,3.33,47869.0111519,777,1,0,4,11,block_2_1,unroll_2,unroll_8,unroll_32,1,4,0.14781729459,False
MatrixMultiplication_1826.cpp,xczu7ev-ffvc1156-2-e,3.33,3638.47344111,809,0,0,12,22,block_2_1,unroll_32,unroll_4,pipeline_1,1,8.5,0.765888474419,False
MatrixMultiplication_1578.cpp,xczu7ev-ffvc1156-2-e,3.33,3638.74698063,89.5,1,0,2,4,block_2_1,unroll_4,unroll_2,pipeline_1,6,1.75,0.976306776153,False
MatrixMultiplication_1458.cpp,xczu7ev-ffvc1156-2-e,3.33,32744.1873823,226,1,0,2,6,block_2_1,unroll_4,unroll_2,unroll_16,1,2.25,0.320236943123,False
MatrixMultiplication_1494.cpp,xczu7ev-ffvc1156-2-e,3.33,50400.1610517,102,1,0,2,5,block_2_1,unroll_4,unroll_2,unroll_2,2,2,0.1320756029,False
MatrixMultiplication_1552.cpp,xczu7ev-ffvc1156-2-e,3.33,55424.929227,431.5,1,0,6,14,block_2_1,unroll_4,unroll_32,unroll_2,2,5.25,0.108491192441,False
MatrixMultiplication_1811.cpp,xczu7ev-ffvc1156-2-e,3.33,3638.47418703,113,0,0,2,4,block_2_1,unroll_4,unroll_4,pipeline_1,1,1.5,1,True
MatrixMultiplication_1828.cpp,xczu7ev-ffvc1156-2-e,3.33,41989.7080735,1079,1,0,5,11,block_2_1,unroll_4,unroll_4,unroll_32,1,4.25,0.198907140076,False
MatrixMultiplication_1848.cpp,xczu7ev-ffvc1156-2-e,3.33,3638.47418703,173,0,0,4,7,block_2_1,unroll_4,unroll_8,pipeline_1,1,2.75,0.958744255724,False
MatrixMultiplication_1831.cpp,xczu7ev-ffvc1156-2-e,3.33,47869.0102994,2714,1,0,8,14,block_2_1,unroll_4,unroll_8,unroll_32,1,5.75,0.145857642754,False
MatrixMultiplication_1779.cpp,xczu7ev-ffvc1156-2-e,3.33,3638.66471631,129,0.5,0,2,5,block_2_1,unroll_8,unroll_2,pipeline_1,2,1.875,0.970432853578,False
MatrixMultiplication_1419.cpp,xczu7ev-ffvc1156-2-e,3.33,32744.8416607,426,1,0,3,9,block_2_1,unroll_8,unroll_2,unroll_16,1,3.25,0.31907187736,False
MatrixMultiplication_1542.cpp,xczu7ev-ffvc1156-2-e,3.33,47829.2365663,140,1,0,2,6,block_2_1,unroll_8,unroll_2,unroll_4,1,2.25,0.148962569985,False
MatrixMultiplication_1498.cpp,xczu7ev-ffvc1156-2-e,3.33,37772.5368262,250,1,0,2,7,block_2_1,unroll_8,unroll_2,unroll_8,1,2.5,0.249326263623,False
MatrixMultiplication_1562.cpp,xczu7ev-ffvc1156-2-e,3.33,3641.03802063,2150.5,1,0,22,40,block_2_1,unroll_8,unroll_32,pipeline_1,2,15.75,0.502230456128,False
MatrixMultiplication_1750.cpp,xczu7ev-ffvc1156-2-e,3.33,3638.66471631,200,0.5,0,4,7,block_2_1,unroll_8,unroll_4,pipeline_1,2,2.875,0.952929599411,False
MatrixMultiplication_1790.cpp,xczu7ev-ffvc1156-2-e,3.33,3638.47376079,299,0,0,6,11,block_2_1,unroll_8,unroll_8,pipeline_1,1,4.25,0.91153093895,False
MatrixMultiplication_1593.cpp,xczu7ev-ffvc1156-2-e,3.33,3638.91150927,430,10,0,9,18,block_32_1,unroll_2,unroll_8,pipeline_1,1,9.25,0.735680565551,False
MatrixMultiplication_1721.cpp,xczu7ev-ffvc1156-2-e,3.33,3638.91065679,1052,10,0,18,33,block_32_1,unroll_4,unroll_8,pipeline_1,1,15.25,0.518321712577,False
MatrixMultiplication_1502.cpp,xczu7ev-ffvc1156-2-e,3.33,60454.6153595,414,20,0,3,10,block_32_1,unroll_8,unroll_2,unroll_2,1,8.25,0.1,False
MatrixMultiplication_1784.cpp,xczu7ev-ffvc1156-2-e,3.33,3638.47354767,237,1,0,5,8,block_4_1,unroll_16,unroll_2,pipeline_1,3,3.5,0.926466007386,False
MatrixMultiplication_1849.cpp,xczu7ev-ffvc1156-2-e,3.33,55426.4835112,189,2,0,3,7,block_4_1,unroll_16,unroll_2,unroll_2,1,3,0.109189861723,False
MatrixMultiplication_1591.cpp,xczu7ev-ffvc1156-2-e,3.33,35233.5945766,350,2,0,3,9,block_4_1,unroll_16,unroll_2,unroll_4,1,3.5,0.282147027823,False
MatrixMultiplication_1819.cpp,xczu7ev-ffvc1156-2-e,3.33,55425.6105717,287,2,0,4,9,block_4_1,unroll_16,unroll_4,unroll_2,1,3.75,0.10903359674,False
MatrixMultiplication_1506.cpp,xczu7ev-ffvc1156-2-e,3.33,3638.47354767,1234,1,0,16,26,block_4_1,unroll_16,unroll_8,pipeline_1,1,10.75,0.677200261207,False
MatrixMultiplication_1420.cpp,xczu7ev-ffvc1156-2-e,3.33,52017.0015161,455,2,0,4,10,block_4_1,unroll_2,unroll_16,unroll_8,1,4,0.122686391582,False
MatrixMultiplication_1657.cpp,xczu7ev-ffvc1156-2-e,3.33,3638.55687759,89,1.5,0,1,3,block_4_1,unroll_2,unroll_2,pipeline_1,2,1.375,1,True
MatrixMultiplication_1537.cpp,xczu7ev-ffvc1156-2-e,3.33,55426.485003,90,2,0,2,4,block_4_1,unroll_2,unroll_2,unroll_2,3,2,0.109296723044,False
MatrixMultiplication_1535.cpp,xczu7ev-ffvc1156-2-e,3.33,40904.2290924,86,2,0,2,4,block_4_1,unroll_2,unroll_2,unroll_4,1,2,0.212411316218,False
MatrixMultiplication_1464.cpp,xczu7ev-ffvc1156-2-e,3.33,53050.4527903,1443,2,0,7,16,block_4_1,unroll_2,unroll_32,unroll_8,1,6.25,0.116387233885,False
MatrixMultiplication_1703.cpp,xczu7ev-ffvc1156-2-e,3.33,3638.47503951,105,1,0,2,4,block_4_1,unroll_2,unroll_4,pipeline_1,2,1.75,0.976306776754,False
MatrixMultiplication_1559.cpp,xczu7ev-ffvc1156-2-e,3.33,52017.0006636,1552,2,0,7,16,block_4_1,unroll_4,unroll_16,unroll_8,1,6.25,0.120982523751,False
MatrixMultiplication_1842.cpp,xczu7ev-ffvc1156-2-e,3.33,3638.47418703,100,1,0,2,4,block_4_1,unroll_4,unroll_2,pipeline_1,1,1.75,0.97630677675,False
MatrixMultiplication_1580.cpp,xczu7ev-ffvc1156-2-e,3.33,55426.6478267,94,2,0,2,4,block_4_1,unroll_4,unroll_2,unroll_2,1,2,0.109296206565,False
MatrixMultiplication_1705.cpp,xczu7ev-ffvc1156-2-e,3.33,3638.47418703,153,1,0,3,5,block_4_1,unroll_4,unroll_4,pipeline_1,1,2.25,0.970432847145,False
MatrixMultiplication_1707.cpp,xczu7ev-ffvc1156-2-e,3.33,3638.55559887,157.5,1.5,0,3,5,block_4_1,unroll_8,unroll_2,pipeline_1,4,2.375,0.964578683063,False
MatrixMultiplication_1649.cpp,xczu7ev-ffvc1156-2-e,3.33,3642.02476623,3027,0,0,80,75,block_512_1,unroll_2,unroll_2,pipeline_1,5,38.75,0.103147358673,False
MatrixMultiplication_1851.cpp,xczu7ev-ffvc1156-2-e,3.33,3638.63722383,263,5,0,7,13,block_8_1,unroll_16,unroll_2,pipeline_1,1,6.25,0.858391013464,False
MatrixMultiplication_1601.cpp,xczu7ev-ffvc1156-2-e,3.33,40328.5035276,1368,5,0,5,17,block_8_1,unroll_16,unroll_2,unroll_8,1,6.75,0.210443296354,False
MatrixMultiplication_1639.cpp,xczu7ev-ffvc1156-2-e,3.33,3638.47354767,559,2,0,12,21,block_8_1,unroll_16,unroll_4,pipeline_1,1,8.75,0.755752315701,False
MatrixMultiplication_1560.cpp,xczu7ev-ffvc1156-2-e,3.33,3638.47354767,1700,2,0,23,41,block_8_1,unroll_16,unroll_8,pipeline_1,2,16.5,0.478686385998,False
MatrixMultiplication_1462.cpp,xczu7ev-ffvc1156-2-e,3.33,55610.1852789,1122,5,0,8,20,block_8_1,unroll_16,unroll_8,unroll_2,1,8.25,0.106151907778,False
MatrixMultiplication_1536.cpp,xczu7ev-ffvc1156-2-e,3.33,3638.74783311,89,5,0,2,3,block_8_1,unroll_2,unroll_2,pipeline_1,2,2.5,0.958744264352,False
MatrixMultiplication_1376.cpp,xczu7ev-ffvc1156-2-e,3.33,31152.1647852,498,5,0,3,10,block_8_1,unroll_2,unroll_2,unroll_32,1,4.5,0.34078606411,False
MatrixMultiplication_1640.cpp,xczu7ev-ffvc1156-2-e,3.33,3641.91905871,570,5,0,12,20,block_8_1,unroll_2,unroll_32,pipeline_1,1,9.25,0.735674635187,False
MatrixMultiplication_1625.cpp,xczu7ev-ffvc1156-2-e,3.33,3638.66599503,119,3.5,0,2,5,block_8_1,unroll_2,unroll_4,pipeline_1,2,2.625,0.9587442643,False
MatrixMultiplication_1672.cpp,xczu7ev-ffvc1156-2-e,3.33,3638.47503951,176,2,0,4,7,block_8_1,unroll_2,unroll_8,pipeline_1,1,3.25,0.935993949011,False
MatrixMultiplication_1454.cpp,xczu7ev-ffvc1156-2-e,3.33,3642.35467599,118,5,0,2,5,block_8_1,unroll_4,unroll_2,pipeline_1,1,3,0.94713436002,False
MatrixMultiplication_1504.cpp,xczu7ev-ffvc1156-2-e,3.33,33946.9923334,622.5,5,0,3,10,block_8_1,unroll_4,unroll_2,unroll_16,2,4.5,0.298201759427,False
MatrixMultiplication_1414.cpp,xczu7ev-ffvc1156-2-e,3.33,47608.3994478,100,5,0,2,5,block_8_1,unroll_4,unroll_2,unroll_2,1,3,0.150338044732,False
MatrixMultiplication_1585.cpp,xczu7ev-ffvc1156-2-e,3.33,3638.55602511,183.5,3.5,0,4,7,block_8_1,unroll_4,unroll_4,pipeline_1,2,3.625,0.921317278707,False
MatrixMultiplication_1335.cpp,xczu7ev-ffvc1156-2-e,3.33,3638.63722383,400,5,0,10,19,cyclic_16_1,unroll_16,unroll_2,pipeline_1,3,8.5,0.765888065087,False
MatrixMultiplication_1687.cpp,xczu7ev-ffvc1156-2-e,3.33,3638.47354767,3384,5,0,39,71,cyclic_16_1,unroll_16,unroll_8,pipeline_1,1,28.75,0.194549954634,False
MatrixMultiplication_1501.cpp,xczu7ev-ffvc1156-2-e,3.33,59056.3857621,403,5,0,3,9,cyclic_16_1,unroll_2,unroll_16,unroll_2,1,4.25,0.10120248899,False
MatrixMultiplication_1509.cpp,xczu7ev-ffvc1156-2-e,3.33,51989.0674514,2891,5,0,6,14,cyclic_16_1,unroll_2,unroll_16,unroll_8,1,6.25,0.121114575416,False
MatrixMultiplication_1538.cpp,xczu7ev-ffvc1156-2-e,3.33,3638.47503951,95,5,0,2,4,cyclic_16_1,unroll_2,unroll_2,pipeline_1,3,2.75,0.958744242729,False
MatrixMultiplication_1624.cpp,xczu7ev-ffvc1156-2-e,3.33,59448.9903112,110,5,0,2,5,cyclic_16_1,unroll_2,unroll_2,unroll_2,1,3,0.100884199825,False
MatrixMultiplication_1336.cpp,xczu7ev-ffvc1156-2-e,3.33,3640.27888719,1119,7.5,0,20,34,cyclic_16_1,unroll_2,unroll_32,pipeline_1,2,15.375,0.514268914587,False
MatrixMultiplication_1461.cpp,xczu7ev-ffvc1156-2-e,3.33,3640.60538703,1098,7.5,0,20,34.5,cyclic_16_1,unroll_4,unroll_16,pipeline_1,2,15.5,0.510236404921,False
MatrixMultiplication_1629.cpp,xczu7ev-ffvc1156-2-e,3.33,3638.47418703,138,5,0,3,7,cyclic_16_1,unroll_4,unroll_2,pipeline_1,3,3.75,0.918522222242,False
MatrixMultiplication_1558.cpp,xczu7ev-ffvc1156-2-e,3.33,5260.3481196,1485,5,2,6,10,cyclic_16_1,unroll_4,unroll_2,unroll_16,1,5.75,0.851295869728,False
MatrixMultiplication_1541.cpp,xczu7ev-ffvc1156-2-e,3.33,60120.2253909,136,5,0,2,7,cyclic_16_1,unroll_4,unroll_2,unroll_2,1,3.5,0.10033244344,False
MatrixMultiplication_1860.cpp,xczu7ev-ffvc1156-2-e,3.33,3525.37400376,2052,10,5,9,16,cyclic_16_1,unroll_4,unroll_2,unroll_32,1,10,0.70627165837,False
MatrixMultiplication_1416.cpp,xczu7ev-ffvc1156-2-e,3.33,37777.3486495,213,5,0,2,6,cyclic_16_1,unroll_4,unroll_2,unroll_4,5,3.25,0.248615925472,False
MatrixMultiplication_1747.cpp,xczu7ev-ffvc1156-2-e,3.33,3638.47418703,204,5,0,6,10,cyclic_16_1,unroll_4,unroll_4,pipeline_1,1,5.25,0.889040292051,False
MatrixMultiplication_1603.cpp,xczu7ev-ffvc1156-2-e,3.33,4421.45324088,2131,5,2,6,11,cyclic_16_1,unroll_4,unroll_4,unroll_16,1,6,0.857824109447,False
MatrixMultiplication_1466.cpp,xczu7ev-ffvc1156-2-e,3.33,57425.6904098,2415,5,0,9,24,cyclic_16_1,unroll_8,unroll_16,unroll_2,1,9.5,0.101844064964,False
MatrixMultiplication_1545.cpp,xczu7ev-ffvc1156-2-e,3.33,3643.87507407,196,7,0,6,11,cyclic_16_1,unroll_8,unroll_2,pipeline_1,1,6,0.867866544671,False
MatrixMultiplication_1720.cpp,xczu7ev-ffvc1156-2-e,3.33,3638.47376079,992,5,0,20,34,cyclic_16_1,unroll_8,unroll_8,pipeline_1,1,14.75,0.534726120477,False
MatrixMultiplication_1460.cpp,xczu7ev-ffvc1156-2-e,3.33,3639.07518543,877,0,0,23,37,cyclic_256_1,unroll_2,unroll_2,pipeline_1,1,15,0.526484423072,False
MatrixMultiplication_1340.cpp,xczu7ev-ffvc1156-2-e,3.33,47161.4544136,3455,0,0,10,28,cyclic_256_1,unroll_4,unroll_2,unroll_2,1,9.5,0.142882209196,False
MatrixMultiplication_1685.cpp,xczu7ev-ffvc1156-2-e,3.33,3638.47354767,1587.5,0,0,22,39,cyclic_2_1,unroll_16,unroll_16,pipeline_1,2,15.25,0.518321983324,False
MatrixMultiplication_1642.cpp,xczu7ev-ffvc1156-2-e,3.33,28608.2538126,605,0,0,5,11,cyclic_2_1,unroll_16,unroll_16,unroll_2,1,4,0.384968610975,False
MatrixMultiplication_1636.cpp,xczu7ev-ffvc1156-2-e,3.33,3638.66450319,214,0,0,4,7,cyclic_2_1,unroll_16,unroll_2,pipeline_1,4,2.75,0.958741354332,False
MatrixMultiplication_1717.cpp,xczu7ev-ffvc1156-2-e,3.33,3638.47354767,347,0,0,6,12,cyclic_2_1,unroll_16,unroll_4,pipeline_1,3,4.5,0.90466720652,False
MatrixMultiplication_1646.cpp,xczu7ev-ffvc1156-2-e,3.33,5982.31620216,1419,1,0,5,13,cyclic_2_1,unroll_16,unroll_4,unroll_16,1,4.75,0.858208402278,False
MatrixMultiplication_1600.cpp,xczu7ev-ffvc1156-2-e,3.33,3638.47354767,728,0,0,12,21,cyclic_2_1,unroll_16,unroll_8,pipeline_1,1,8.25,0.776087612888,False
MatrixMultiplication_1455.cpp,xczu7ev-ffvc1156-2-e,3.33,3638.55687759,190.5,0,0,4,6,cyclic_2_1,unroll_2,unroll_16,pipeline_1,4,2.5,0.958744265453,False
MatrixMultiplication_1415.cpp,xczu7ev-ffvc1156-2-e,3.33,28608.3371426,123.5,0,0,2,5,cyclic_2_1,unroll_2,unroll_16,unroll_2,2,1.75,0.389031119982,False
MatrixMultiplication_1762.cpp,xczu7ev-ffvc1156-2-e,3.33,2790.19610424,945,1,0,4,12,cyclic_2_1,unroll_2,unroll_16,unroll_32,1,4.25,1,True
MatrixMultiplication_1613.cpp,xczu7ev-ffvc1156-2-e,3.33,3638.85695055,88,0,0,1,3,cyclic_2_1,unroll_2,unroll_2,pipeline_1,7,1,1,True
MatrixMultiplication_1534.cpp,xczu7ev-ffvc1156-2-e,3.33,28609.9739041,81,0,0,2,4,cyclic_2_1,unroll_2,unroll_2,unroll_2,2,1.5,0.389157179661,False
MatrixMultiplication_1782.cpp,xczu7ev-ffvc1156-2-e,3.33,4307.52866616,160,1,0,2,5,cyclic_2_1,unroll_2,unroll_2,unroll_32,1,2,0.962341979753,False
MatrixMultiplication_1375.cpp,xczu7ev-ffvc1156-2-e,3.33,3638.47503951,251,0,0,6,11,cyclic_2_1,unroll_2,unroll_32,pipeline_1,3,4.25,0.911530919999,False
MatrixMultiplication_1465.cpp,xczu7ev-ffvc1156-2-e,3.33,5119.58747448,1511,1,0,5,12,cyclic_2_1,unroll_2,unroll_32,unroll_16,1,4.5,0.880770012334,False
MatrixMultiplication_1374.cpp,xczu7ev-ffvc1156-2-e,3.33,28608.2280251,170,0,0,3,6,cyclic_2_1,unroll_2,unroll_32,unroll_2,2,2.25,0.388646252938,False
MatrixMultiplication_1549.cpp,xczu7ev-ffvc1156-2-e,3.33,15102.0259769,275,1,0,3,7,cyclic_2_1,unroll_2,unroll_32,unroll_4,1,2.75,0.673873351441,False
MatrixMultiplication_1615.cpp,xczu7ev-ffvc1156-2-e,3.33,3638.85695055,84,0,0,2,3,cyclic_2_1,unroll_2,unroll_4,pipeline_1,5,1.25,0.994044094474,False
MatrixMultiplication_1584.cpp,xczu7ev-ffvc1156-2-e,3.33,5982.39953208,184.5,1,0,2,5,cyclic_2_1,unroll_2,unroll_4,unroll_16,2,2,0.921073571171,False
MatrixMultiplication_1575.cpp,xczu7ev-ffvc1156-2-e,3.33,28609.2919202,83,0,0,2,4,cyclic_2_1,unroll_2,unroll_4,unroll_2,1,1.5,0.389169244461,False
MatrixMultiplication_1505.cpp,xczu7ev-ffvc1156-2-e,3.33,3638.55687759,708,0,0,12,20,cyclic_2_1,unroll_2,unroll_64,pipeline_1,2,8,0.786344877375,False
MatrixMultiplication_1334.cpp,xczu7ev-ffvc1156-2-e,3.33,28608.0916283,277,0,0,3,7,cyclic_2_1,unroll_2,unroll_64,unroll_2,1,2.5,0.388339766611,False
MatrixMultiplication_1775.cpp,xczu7ev-ffvc1156-2-e,3.33,3638.66599503,108,0,0,2,4,cyclic_2_1,unroll_2,unroll_8,pipeline_1,2,1.5,0.988110908771,False
MatrixMultiplication_1822.cpp,xczu7ev-ffvc1156-2-e,3.33,3006.90334008,517,1,0,3,8,cyclic_2_1,unroll_2,unroll_8,unroll_32,1,3,1,True
MatrixMultiplication_1791.cpp,xczu7ev-ffvc1156-2-e,3.33,3639.31910127,323.5,0,0,6.5,13,cyclic_2_1,unroll_32,unroll_2,pipeline_1,2,4.875,0.894851862731,False
MatrixMultiplication_1590.cpp,xczu7ev-ffvc1156-2-e,3.33,3638.47418703,348,0,0,6,11,cyclic_2_1,unroll_4,unroll_16,pipeline_1,1,4.25,0.911530932633,False
MatrixMultiplication_1547.cpp,xczu7ev-ffvc1156-2-e,3.33,28608.6636424,201.5,0,0,3,6,cyclic_2_1,unroll_4,unroll_16,unroll_2,2,2.25,0.388638562906,False
MatrixMultiplication_1648.cpp,xczu7ev-ffvc1156-2-e,3.33,2790.19525176,2724,1,0,6,14,cyclic_2_1,unroll_4,unroll_16,unroll_32,1,5.25,1,True
MatrixMultiplication_1589.cpp,xczu7ev-ffvc1156-2-e,3.33,15800.4858578,301,1,0,3,7,cyclic_2_1,unroll_4,unroll_16,unroll_4,1,2.75,0.656806123957,False
MatrixMultiplication_1579.cpp,xczu7ev-ffvc1156-2-e,3.33,3638.74698063,107,0,0,2,3,cyclic_2_1,unroll_4,unroll_2,pipeline_1,8,1.25,0.994045805029,False
MatrixMultiplication_1586.cpp,xczu7ev-ffvc1156-2-e,3.33,7715.26546488,203,1,0,2,5,cyclic_2_1,unroll_4,unroll_2,unroll_16,1,2,0.872966690654,False
MatrixMultiplication_1582.cpp,xczu7ev-ffvc1156-2-e,3.33,28609.7820962,104,0,0,2,4,cyclic_2_1,unroll_4,unroll_2,unroll_2,1,1.5,0.389160572861,False
MatrixMultiplication_1551.cpp,xczu7ev-ffvc1156-2-e,3.33,4307.52781368,342,1,0,3,7,cyclic_2_1,unroll_4,unroll_2,unroll_32,3,2.75,0.947326231389,False
MatrixMultiplication_1553.cpp,xczu7ev-ffvc1156-2-e,3.33,3639.31984719,721.5,0,0,12,20,cyclic_2_1,unroll_4,unroll_32,pipeline_1,2,8,0.786342570427,False
MatrixMultiplication_1499.cpp,xczu7ev-ffvc1156-2-e,3.33,28608.1453346,309,0,0,3,7,cyclic_2_1,unroll_4,unroll_32,unroll_2,1,2.5,0.388338819683,False
MatrixMultiplication_1669.cpp,xczu7ev-ffvc1156-2-e,3.33,3638.55602511,126,0,0,2,4,cyclic_2_1,unroll_4,unroll_4,pipeline_1,4,1.5,0.988112613338,False
MatrixMultiplication_1550.cpp,xczu7ev-ffvc1156-2-e,3.33,5982.3986796,277,1,0,3,7,cyclic_2_1,unroll_4,unroll_4,unroll_16,2,2.75,0.91026961772,False
MatrixMultiplication_1540.cpp,xczu7ev-ffvc1156-2-e,3.33,28609.1001122,103,0,0,2,5,cyclic_2_1,unroll_4,unroll_4,unroll_2,2,1.75,0.389017630458,False
MatrixMultiplication_1758.cpp,xczu7ev-ffvc1156-2-e,3.33,3440.58975288,559.5,1,0,3,9,cyclic_2_1,unroll_4,unroll_4,unroll_32,4,3.25,0.938319199873,False
MatrixMultiplication_1459.cpp,xczu7ev-ffvc1156-2-e,3.33,28611.5441723,614,0,0,5,10,cyclic_2_1,unroll_4,unroll_64,unroll_2,1,3.75,0.38572360617,False
MatrixMultiplication_1712.cpp,xczu7ev-ffvc1156-2-e,3.33,3639.31984719,197,0,0,4,7,cyclic_2_1,unroll_4,unroll_8,pipeline_1,2,2.75,0.958731361991,False
MatrixMultiplication_1794.cpp,xczu7ev-ffvc1156-2-e,3.33,3006.9024876,913,1,0,4,12,cyclic_2_1,unroll_4,unroll_8,unroll_32,1,4.25,0.920322029078,False
MatrixMultiplication_1641.cpp,xczu7ev-ffvc1156-2-e,3.33,3640.19577039,631,0.5,0,12,21,cyclic_2_1,unroll_8,unroll_16,pipeline_1,2,8.375,0.770975915798,False
MatrixMultiplication_1500.cpp,xczu7ev-ffvc1156-2-e,3.33,28608.2540258,323,0,0,4,8,cyclic_2_1,unroll_8,unroll_16,unroll_2,1,3,0.387618632774,False
MatrixMultiplication_1495.cpp,xczu7ev-ffvc1156-2-e,3.33,3638.63743695,136,0,0,2,5,cyclic_2_1,unroll_8,unroll_2,pipeline_1,6,1.75,0.976306776873,False
MatrixMultiplication_1856.cpp,xczu7ev-ffvc1156-2-e,3.33,4307.1454764,569,1,0,4,9,cyclic_2_1,unroll_8,unroll_2,unroll_32,1,3.5,0.920589268285,False
MatrixMultiplication_1546.cpp,xczu7ev-ffvc1156-2-e,3.33,14531.3950457,206,1,0,3,6,cyclic_2_1,unroll_8,unroll_2,unroll_8,1,2.5,0.68897537136,False
MatrixMultiplication_1339.cpp,xczu7ev-ffvc1156-2-e,3.33,3640.19236047,1614,0,0,22,39,cyclic_2_1,unroll_8,unroll_32,pipeline_1,2,15.25,0.518320917362,False
MatrixMultiplication_1599.cpp,xczu7ev-ffvc1156-2-e,3.33,28608.1449083,712,0,0,5,10,cyclic_2_1,unroll_8,unroll_32,unroll_2,1,3.75,0.385782929654,False
MatrixMultiplication_1783.cpp,xczu7ev-ffvc1156-2-e,3.33,3638.47376079,178,0,0,4,7,cyclic_2_1,unroll_8,unroll_4,pipeline_1,1,2.75,0.958744262222,False
MatrixMultiplication_1666.cpp,xczu7ev-ffvc1156-2-e,3.33,28609.2906414,130,0,0,2,6,cyclic_2_1,unroll_8,unroll_4,unroll_2,1,2,0.388833618513,False
MatrixMultiplication_1858.cpp,xczu7ev-ffvc1156-2-e,3.33,3440.31653304,1233,1,0,4,12,cyclic_2_1,unroll_8,unroll_4,unroll_32,1,4.25,0.914411723294,False
MatrixMultiplication_1650.cpp,xczu7ev-ffvc1156-2-e,3.33,3638.47376079,3520,0,0,44,74,cyclic_2_1,unroll_8,unroll_64,pipeline_1,1,29.5,0.183310986941,False
MatrixMultiplication_1561.cpp,xczu7ev-ffvc1156-2-e,3.33,28609.8488027,1752.5,0,0,8,13.5,cyclic_2_1,unroll_8,unroll_64,unroll_2,2,5.375,0.3787455569,False
MatrixMultiplication_1592.cpp,xczu7ev-ffvc1156-2-e,3.33,3638.47376079,315,0,0,6,11,cyclic_2_1,unroll_8,unroll_8,pipeline_1,2,4.25,0.91153093895,False
MatrixMultiplication_1643.cpp,xczu7ev-ffvc1156-2-e,3.33,5115.92394168,1187,1,0,5,12,cyclic_2_1,unroll_8,unroll_8,unroll_16,1,4.5,0.880836766335,False
MatrixMultiplication_1704.cpp,xczu7ev-ffvc1156-2-e,3.33,3640.22091855,121,10,0,3,6,cyclic_32_1,unroll_2,unroll_2,pipeline_1,1,4.75,0.895915182919,False
MatrixMultiplication_1816.cpp,xczu7ev-ffvc1156-2-e,3.33,3638.47354767,223,1,0,5,8,cyclic_4_1,unroll_16,unroll_2,pipeline_1,1,3.5,0.926466007386,False
MatrixMultiplication_1854.cpp,xczu7ev-ffvc1156-2-e,3.33,3638.47354767,331,1,0,8,14,cyclic_4_1,unroll_16,unroll_4,pipeline_1,1,5.75,0.876454431818,False
MatrixMultiplication_1759.cpp,xczu7ev-ffvc1156-2-e,3.33,3638.47354767,739,1,0,16,26,cyclic_4_1,unroll_16,unroll_8,pipeline_1,1,10.75,0.677200261207,False
MatrixMultiplication_1618.cpp,xczu7ev-ffvc1156-2-e,3.33,3638.66599503,84,1,0,1,3,cyclic_4_1,unroll_2,unroll_2,pipeline_1,4,1.25,1,True
MatrixMultiplication_1840.cpp,xczu7ev-ffvc1156-2-e,3.33,55426.485003,81,1,0,2,4,cyclic_4_1,unroll_2,unroll_2,unroll_2,1,1.75,0.109312371603,False
MatrixMultiplication_1700.cpp,xczu7ev-ffvc1156-2-e,3.33,3638.47503951,111.5,1,0,2,4,cyclic_4_1,unroll_2,unroll_4,pipeline_1,2,1.75,0.976306776754,False
MatrixMultiplication_1554.cpp,xczu7ev-ffvc1156-2-e,3.33,3638.47503951,924,1,0,16,25,cyclic_4_1,unroll_2,unroll_64,pipeline_1,1,10.5,0.686760838725,False
MatrixMultiplication_1596.cpp,xczu7ev-ffvc1156-2-e,3.33,55424.7936827,584,1,0,7,16,cyclic_4_1,unroll_2,unroll_64,unroll_2,1,6,0.108114084528,False
MatrixMultiplication_1702.cpp,xczu7ev-ffvc1156-2-e,3.33,3638.47418703,109,1,0,2,4,cyclic_4_1,unroll_4,unroll_2,pipeline_1,3,1.75,0.97630677675,False
MatrixMultiplication_1777.cpp,xczu7ev-ffvc1156-2-e,3.33,3638.88337743,117,1,0,3,5,cyclic_4_1,unroll_4,unroll_4,pipeline_1,2,2.25,0.970426566593,False
MatrixMultiplication_1749.cpp,xczu7ev-ffvc1156-2-e,3.33,3638.47418703,212,1,0,5,8,cyclic_4_1,unroll_4,unroll_8,pipeline_1,1,3.5,0.926466001294,False
MatrixMultiplication_1630.cpp,xczu7ev-ffvc1156-2-e,3.33,3638.47376079,161,1,0,3,5,cyclic_4_1,unroll_8,unroll_2,pipeline_1,3,2.25,1,True
MatrixMultiplication_1845.cpp,xczu7ev-ffvc1156-2-e,3.33,55426.4837243,128,1,0,2,6,cyclic_4_1,unroll_8,unroll_2,unroll_2,1,2.25,0.109278864994,False
MatrixMultiplication_1686.cpp,xczu7ev-ffvc1156-2-e,3.33,3638.47376079,2007,1,0,30,48,cyclic_4_1,unroll_8,unroll_32,pipeline_1,1,19.75,0.384843610452,False
MatrixMultiplication_1605.cpp,xczu7ev-ffvc1156-2-e,3.33,55424.792404,3521,1,0,25,47,cyclic_4_1,unroll_8,unroll_64,unroll_2,1,18.25,0.100077184786,False
MatrixMultiplication_1795.cpp,xczu7ev-ffvc1156-2-e,3.33,3640.21942671,2561,20,0,33,62,cyclic_64_1,unroll_16,unroll_2,pipeline_1,1,28.75,0.194549738441,False
MatrixMultiplication_1588.cpp,xczu7ev-ffvc1156-2-e,3.33,3638.66450319,279,2,0,7,12,cyclic_8_1,unroll_16,unroll_2,pipeline_1,4,5.25,0.889037510727,False
MatrixMultiplication_1467.cpp,xczu7ev-ffvc1156-2-e,3.33,7046.59656312,2873.5,5,2,7,14.5,cyclic_8_1,unroll_16,unroll_2,unroll_16,2,7.125,0.782375728069,False
MatrixMultiplication_1793.cpp,xczu7ev-ffvc1156-2-e,3.33,3638.47354767,474,2,0,12,21,cyclic_8_1,unroll_16,unroll_4,pipeline_1,1,8.75,0.755752315701,False
MatrixMultiplication_1644.cpp,xczu7ev-ffvc1156-2-e,3.33,3638.85545871,1296,2,0,23,41,cyclic_8_1,unroll_16,unroll_8,pipeline_1,1,16.5,0.478686186441,False
MatrixMultiplication_1678.cpp,xczu7ev-ffvc1156-2-e,3.33,3638.85695055,261,2,0,7,11,cyclic_8_1,unroll_2,unroll_16,pipeline_1,1,5,0.893425242831,False
MatrixMultiplication_1577.cpp,xczu7ev-ffvc1156-2-e,3.33,3638.74783311,89,2,0,2,3,cyclic_8_1,unroll_2,unroll_2,pipeline_1,6,1.75,0.976306776145,False
MatrixMultiplication_1792.cpp,xczu7ev-ffvc1156-2-e,3.33,3637.57486392,442.5,5,2,5,9,cyclic_8_1,unroll_2,unroll_2,unroll_32,2,5.25,0.889053433931,False
MatrixMultiplication_1663.cpp,xczu7ev-ffvc1156-2-e,3.33,3638.63871567,117,2,0,2,5,cyclic_8_1,unroll_2,unroll_4,pipeline_1,1,2.25,0.970430321999,False
MatrixMultiplication_1827.cpp,xczu7ev-ffvc1156-2-e,3.33,2769.9002604,993,5,2,5,10,cyclic_8_1,unroll_2,unroll_4,unroll_32,1,5.5,1,True
MatrixMultiplication_1564.cpp,xczu7ev-ffvc1156-2-e,3.33,7574.74948152,2142,2,1,4,9,cyclic_8_1,unroll_4,unroll_16,unroll_8,2,4,0.844743719466,False
MatrixMultiplication_1623.cpp,xczu7ev-ffvc1156-2-e,3.33,3638.66514255,112.5,2,0,2,5,cyclic_8_1,unroll_4,unroll_2,pipeline_1,2,2.25,0.970429916385,False
MatrixMultiplication_1463.cpp,xczu7ev-ffvc1156-2-e,3.33,3636.9193068,1022,5,2,5,10,cyclic_8_1,unroll_4,unroll_2,unroll_32,2,5.5,0.883194121414,False
MatrixMultiplication_1760.cpp,xczu7ev-ffvc1156-2-e,3.33,5312.2812012,770,5,2,5,10,cyclic_8_1,unroll_4,unroll_4,unroll_16,1,5.5,0.856115728432,False
MatrixMultiplication_1708.cpp,xczu7ev-ffvc1156-2-e,3.33,55425.611211,170,2,0,2,6,cyclic_8_1,unroll_4,unroll_4,unroll_2,1,2.5,0.109254868176,False
MatrixMultiplication_1512.cpp,xczu7ev-ffvc1156-2-e,3.33,2770.06308408,2223,5,2,6,12,cyclic_8_1,unroll_4,unroll_4,unroll_32,3,6.25,0.861907556833,False
MatrixMultiplication_1714.cpp,xczu7ev-ffvc1156-2-e,3.33,3638.66514255,244,2,0,7,11,cyclic_8_1,unroll_4,unroll_8,pipeline_1,2,5,0.893427806045,False
MatrixMultiplication_1683.cpp,xczu7ev-ffvc1156-2-e,3.33,3638.47376079,1366,2,0,23,41,cyclic_8_1,unroll_8,unroll_16,pipeline_1,1,16.5,0.478686385886,False
MatrixMultiplication_1543.cpp,xczu7ev-ffvc1156-2-e,3.33,3638.55559887,158.5,2,0,4,7,cyclic_8_1,unroll_8,unroll_2,pipeline_1,4,3.25,0.93599291216,False
MatrixMultiplication_1715.cpp,xczu7ev-ffvc1156-2-e,3.33,3638.47376079,270,2,0,7,12,cyclic_8_1,unroll_8,unroll_4,pipeline_1,1,5.25,0.889040298281,False
MatrixMultiplication_1757.cpp,xczu7ev-ffvc1156-2-e,3.33,3638.47376079,506,2,0,12,20,cyclic_8_1,unroll_8,unroll_8,pipeline_1,1,8.5,0.76588847362,False
MatrixMultiplication_1142.cpp,xczu7ev-ffvc1156-2-e,5,5442.20421,104.5,0,1,11,18,block_128_1,unroll_2,unroll_2,pipeline_1,2,7.5,0.685935469905,False
MatrixMultiplication_1087.cpp,xczu7ev-ffvc1156-2-e,5,48331.530335,247,0,1,5,18,block_128_1,unroll_2,unroll_2,unroll_4,1,6,0.194776248818,False
MatrixMultiplication_1020.cpp,xczu7ev-ffvc1156-2-e,5,43477.936735,994,0,0,4,12,block_128_1,unroll_2,unroll_2,unroll_8,3,4,0.251872602206,False
MatrixMultiplication_1096.cpp,xczu7ev-ffvc1156-2-e,5,5442.28997,318,0,1,19,36,block_128_1,unroll_4,unroll_2,pipeline_1,3,14,0.378296101113,False
MatrixMultiplication_1047.cpp,xczu7ev-ffvc1156-2-e,5,54035.76453,252,0,2,5,16,block_128_1,unroll_4,unroll_2,unroll_2,1,5.75,0.152397617314,False
MatrixMultiplication_1097.cpp,xczu7ev-ffvc1156-2-e,5,5447.36389,1066,0,1,34,65,block_128_1,unroll_4,unroll_4,pipeline_1,1,25,0.115566065458,False
MatrixMultiplication_1283.cpp,xczu7ev-ffvc1156-2-e,5,5442.20229,1103,0,1,34,62,block_128_1,unroll_8,unroll_2,pipeline_1,2,24.25,0.123173065832,False
MatrixMultiplication_965.cpp,xczu7ev-ffvc1156-2-e,5,57055.68261,31,10,2,0,2,block_16_1,unroll_2,unroll_2,unroll_2,1,3.5,0.139193170437,False
MatrixMultiplication_918.cpp,xczu7ev-ffvc1156-2-e,5,5447.44469,403,10,1,19,36,block_16_1,unroll_32,unroll_2,pipeline_1,1,16.5,0.290097117438,False
MatrixMultiplication_963.cpp,xczu7ev-ffvc1156-2-e,5,51393.34293,308,10,2,4,17,block_16_1,unroll_32,unroll_2,unroll_2,1,8.25,0.1599077241,False
MatrixMultiplication_836.cpp,xczu7ev-ffvc1156-2-e,5,59256.35221,943,10,2,8,29,block_16_1,unroll_32,unroll_4,unroll_2,1,12.25,0.107519999628,False
MatrixMultiplication_797.cpp,xczu7ev-ffvc1156-2-e,5,66301.64613,733,10,2,8,27,block_16_1,unroll_4,unroll_32,unroll_2,1,11.75,0.1,False
MatrixMultiplication_1002.cpp,xczu7ev-ffvc1156-2-e,5,5443.43173,56.5,10,1,5,9,block_16_1,unroll_4,unroll_4,pipeline_1,2,6.25,0.75795275845,False
MatrixMultiplication_885.cpp,xczu7ev-ffvc1156-2-e,5,60577.57701,49,10,2,1,5,block_16_1,unroll_4,unroll_4,unroll_2,1,4.5,0.120447591603,False
MatrixMultiplication_937.cpp,xczu7ev-ffvc1156-2-e,5,66863.19749,86,10,2,2,8,block_16_1,unroll_4,unroll_8,unroll_2,1,5.5,0.102268888177,False
MatrixMultiplication_1052.cpp,xczu7ev-ffvc1156-2-e,5,5447.70117,62,10,1,5,10,block_16_1,unroll_8,unroll_2,pipeline_1,1,6.5,0.743224924767,False
MatrixMultiplication_894.cpp,xczu7ev-ffvc1156-2-e,5,52525.81413,51.5,10,2,1,5.5,block_16_1,unroll_8,unroll_2,unroll_2,2,4.625,0.166110744492,False
MatrixMultiplication_1000.cpp,xczu7ev-ffvc1156-2-e,5,45269.825055,274.5,10,0.5,3,14,block_16_1,unroll_8,unroll_2,unroll_8,4,6.875,0.217831960788,False
MatrixMultiplication_1064.cpp,xczu7ev-ffvc1156-2-e,5,5442.44773,63,1,1,3,6,block_2_1,unroll_16,unroll_2,pipeline_1,5,2.75,0.907003734269,False
MatrixMultiplication_1214.cpp,xczu7ev-ffvc1156-2-e,5,61748.11173,76,1,2,1,5,block_2_1,unroll_16,unroll_2,unroll_2,1,2.25,0.117853207928,False
MatrixMultiplication_1132.cpp,xczu7ev-ffvc1156-2-e,5,41950.996895,156,1,1,3,9,block_2_1,unroll_16,unroll_2,unroll_8,1,3.5,0.271695963686,False
MatrixMultiplication_1194.cpp,xczu7ev-ffvc1156-2-e,5,5442.20197,111,0,1,5,10,block_2_1,unroll_16,unroll_4,pipeline_1,1,4,0.86509357061,False
MatrixMultiplication_1034.cpp,xczu7ev-ffvc1156-2-e,5,50845.835935,311,1,0.5,5,14,block_2_1,unroll_16,unroll_4,unroll_8,2,5.125,0.177126829801,False
MatrixMultiplication_816.cpp,xczu7ev-ffvc1156-2-e,5,5443.43077,172,1,1,10,20,block_2_1,unroll_16,unroll_8,pipeline_1,3,8,0.658268060761,False
MatrixMultiplication_1209.cpp,xczu7ev-ffvc1156-2-e,5,5442.20421,28,0,1,0,1,block_2_1,unroll_2,unroll_2,pipeline_1,3,0.5,1,True
MatrixMultiplication_1325.cpp,xczu7ev-ffvc1156-2-e,5,41967.987295,33,1,0,0,2,block_2_1,unroll_2,unroll_2,unroll_8,1,0.75,0.276975647545,False
MatrixMultiplication_1241.cpp,xczu7ev-ffvc1156-2-e,5,5442.20421,31,0,1,1,1,block_2_1,unroll_2,unroll_4,pipeline_1,1,0.75,0.982714470963,False
MatrixMultiplication_1281.cpp,xczu7ev-ffvc1156-2-e,5,47908.185695,62.5,1,1,1,4,block_2_1,unroll_2,unroll_4,unroll_16,2,1.75,0.211502398774,False
MatrixMultiplication_1139.cpp,xczu7ev-ffvc1156-2-e,5,50841.612895,43,1,1,1,3,block_2_1,unroll_2,unroll_4,unroll_8,1,1.5,0.185096441989,False
MatrixMultiplication_1090.cpp,xczu7ev-ffvc1156-2-e,5,5442.48853,120,0.5,1,5,11.5,block_2_1,unroll_32,unroll_2,pipeline_1,2,4.5,0.859792957029,False
MatrixMultiplication_1228.cpp,xczu7ev-ffvc1156-2-e,5,61748.23445,120.5,1,2,3,10.5,block_2_1,unroll_32,unroll_2,unroll_2,2,4.125,0.11639703056,False
MatrixMultiplication_1253.cpp,xczu7ev-ffvc1156-2-e,5,41956.896415,344,1,0,6,17,block_2_1,unroll_32,unroll_2,unroll_8,1,6,0.257746763878,False
MatrixMultiplication_975.cpp,xczu7ev-ffvc1156-2-e,5,54600.68485,163,1,2,5,14,block_2_1,unroll_32,unroll_4,unroll_2,1,5.5,0.149427489315,False
MatrixMultiplication_868.cpp,xczu7ev-ffvc1156-2-e,5,5447.37301,617,1,1,21,41,block_2_1,unroll_32,unroll_8,pipeline_1,3,16,0.306396421996,False
MatrixMultiplication_943.cpp,xczu7ev-ffvc1156-2-e,5,58175.67365,358,1,2,9,23,block_2_1,unroll_32,unroll_8,unroll_2,1,8.75,0.121343399599,False
MatrixMultiplication_1062.cpp,xczu7ev-ffvc1156-2-e,5,5442.77637,32,1,1,1,2,block_2_1,unroll_4,unroll_2,pipeline_1,6,1.25,0.948646233467,False
MatrixMultiplication_1045.cpp,xczu7ev-ffvc1156-2-e,5,50680.33029,32,1,2,0,2,block_2_1,unroll_4,unroll_2,unroll_2,1,1.25,0.186592017869,False
MatrixMultiplication_1146.cpp,xczu7ev-ffvc1156-2-e,5,41962.068575,43,1,0,1,3,block_2_1,unroll_4,unroll_2,unroll_8,3,1.25,0.276513979816,False
MatrixMultiplication_1109.cpp,xczu7ev-ffvc1156-2-e,5,5444.78853,40,0.5,1,1,3,block_2_1,unroll_4,unroll_4,pipeline_1,2,1.375,0.940233891812,False
MatrixMultiplication_1267.cpp,xczu7ev-ffvc1156-2-e,5,50845.676895,64,1,0.5,1,4.5,block_2_1,unroll_4,unroll_4,unroll_8,2,1.75,0.184988017,False
MatrixMultiplication_1032.cpp,xczu7ev-ffvc1156-2-e,5,5442.77637,47,1,1,3,5,block_2_1,unroll_4,unroll_8,pipeline_1,2,2.5,0.923535025534,False
MatrixMultiplication_1145.cpp,xczu7ev-ffvc1156-2-e,5,5442.20173,340,0,1,11,23,block_2_1,unroll_64,unroll_2,pipeline_1,3,8.75,0.61801164471,False
MatrixMultiplication_1268.cpp,xczu7ev-ffvc1156-2-e,5,61748.11149,297,1,2,5,18,block_2_1,unroll_64,unroll_2,unroll_2,1,6.5,0.113200535014,False
MatrixMultiplication_979.cpp,xczu7ev-ffvc1156-2-e,5,39681.116975,431,1,1,7,20,block_2_1,unroll_64,unroll_2,unroll_4,1,7.25,0.272964287394,False
MatrixMultiplication_1272.cpp,xczu7ev-ffvc1156-2-e,5,41975.107375,1447,1,0.5,11.5,28,block_2_1,unroll_64,unroll_2,unroll_8,2,10.25,0.217128116174,False
MatrixMultiplication_1031.cpp,xczu7ev-ffvc1156-2-e,5,5442.77573,40,1,1,1,3,block_2_1,unroll_8,unroll_2,pipeline_1,7,1.5,0.940233929724,False
MatrixMultiplication_1191.cpp,xczu7ev-ffvc1156-2-e,5,36419.687135,130,1,1,2,8,block_2_1,unroll_8,unroll_2,unroll_16,1,3,0.345920047013,False
MatrixMultiplication_880.cpp,xczu7ev-ffvc1156-2-e,5,61750.65157,36,1,2,1,3,block_2_1,unroll_8,unroll_2,unroll_2,1,1.75,0.117980846908,False
MatrixMultiplication_1187.cpp,xczu7ev-ffvc1156-2-e,5,41959.113055,68,1,0,1,5,block_2_1,unroll_8,unroll_2,unroll_8,5,1.75,0.276184256726,False
MatrixMultiplication_949.cpp,xczu7ev-ffvc1156-2-e,5,5443.43109,496,1,1,21,38,block_2_1,unroll_8,unroll_32,pipeline_1,1,15.25,0.332102516189,False
MatrixMultiplication_1188.cpp,xczu7ev-ffvc1156-2-e,5,5447.37349,48,1,1,3,6,block_2_1,unroll_8,unroll_4,pipeline_1,1,2.75,0.907003567152,False
MatrixMultiplication_1141.cpp,xczu7ev-ffvc1156-2-e,5,50848.261855,116,1,0,2,8,block_2_1,unroll_8,unroll_4,unroll_8,1,2.75,0.183932528553,False
MatrixMultiplication_1115.cpp,xczu7ev-ffvc1156-2-e,5,5442.48901,88.5,0.5,1,5,9.5,block_2_1,unroll_8,unroll_8,pipeline_1,2,4,0.865092183796,False
MatrixMultiplication_866.cpp,xczu7ev-ffvc1156-2-e,5,66863.19749,197,20,2,3,14,block_32_1,unroll_4,unroll_8,unroll_2,1,9.75,0.100247926499,False
MatrixMultiplication_1153.cpp,xczu7ev-ffvc1156-2-e,5,45272.622815,966,20,0,4,27,block_32_1,unroll_8,unroll_2,unroll_8,1,12.75,0.16520666019,False
MatrixMultiplication_1166.cpp,xczu7ev-ffvc1156-2-e,5,5447.37317,854,2,1,29,47,block_4_1,unroll_16,unroll_16,pipeline_1,1,19.75,0.200489396725,False
MatrixMultiplication_1108.cpp,xczu7ev-ffvc1156-2-e,5,5442.20197,77,1,1,4,6,block_4_1,unroll_16,unroll_2,pipeline_1,3,3,0.890640047542,False
MatrixMultiplication_1257.cpp,xczu7ev-ffvc1156-2-e,5,41616.722335,186.5,2,1,3,9.5,block_4_1,unroll_16,unroll_2,unroll_8,2,3.875,0.273847081241,False
MatrixMultiplication_924.cpp,xczu7ev-ffvc1156-2-e,5,61748.68517,170,2,2,5,12,block_4_1,unroll_16,unroll_8,unroll_2,1,5.25,0.11488079851,False
MatrixMultiplication_898.cpp,xczu7ev-ffvc1156-2-e,5,55205.570975,1544,2,1,11,19,block_4_1,unroll_16,unroll_8,unroll_8,1,8.25,0.136957169655,False
MatrixMultiplication_933.cpp,xczu7ev-ffvc1156-2-e,5,57767.866975,414,2,1,5,13,block_4_1,unroll_2,unroll_16,unroll_16,1,5.25,0.131884766312,False
MatrixMultiplication_1008.cpp,xczu7ev-ffvc1156-2-e,5,5443.59685,29.5,2,1,0,1,block_4_1,unroll_2,unroll_2,pipeline_1,6,1,0.965596528962,False
MatrixMultiplication_1177.cpp,xczu7ev-ffvc1156-2-e,5,41625.214815,35,2,0.5,0,2,block_4_1,unroll_2,unroll_2,unroll_8,4,1.125,0.280810153927,False
MatrixMultiplication_936.cpp,xczu7ev-ffvc1156-2-e,5,59255.943775,1583,2,1,10,16,block_4_1,unroll_2,unroll_32,unroll_16,1,7.25,0.120947227222,False
MatrixMultiplication_1035.cpp,xczu7ev-ffvc1156-2-e,5,61746.80325,34,2,2,0,1,block_4_1,unroll_2,unroll_4,unroll_2,1,1.25,0.118071713015,False
MatrixMultiplication_1179.cpp,xczu7ev-ffvc1156-2-e,5,50680.651615,44,2,0.5,1,3,block_4_1,unroll_2,unroll_4,unroll_8,2,1.625,0.186429325152,False
MatrixMultiplication_1076.cpp,xczu7ev-ffvc1156-2-e,5,5442.20421,37.5,1,1,2,3,block_4_1,unroll_2,unroll_8,pipeline_1,2,1.75,0.940233931726,False
MatrixMultiplication_960.cpp,xczu7ev-ffvc1156-2-e,5,61748.11157,148,2,2,3,8,block_4_1,unroll_32,unroll_2,unroll_2,1,3.75,0.11680183685,False
MatrixMultiplication_1318.cpp,xczu7ev-ffvc1156-2-e,5,41621.352095,557,2,0,6,17,block_4_1,unroll_32,unroll_2,unroll_8,1,6.25,0.259729752032,False
MatrixMultiplication_1041.cpp,xczu7ev-ffvc1156-2-e,5,5442.32581,36,1.5,1,1,2,block_4_1,unroll_4,unroll_2,pipeline_1,4,1.375,0.940233931638,False
MatrixMultiplication_1276.cpp,xczu7ev-ffvc1156-2-e,5,41626.524255,47,2,0,1,3,block_4_1,unroll_4,unroll_2,unroll_8,3,1.5,0.280369143497,False
MatrixMultiplication_1025.cpp,xczu7ev-ffvc1156-2-e,5,5447.37413,36,2,1,2,3,block_4_1,unroll_4,unroll_4,pipeline_1,3,2,0.94023360536,False
MatrixMultiplication_1189.cpp,xczu7ev-ffvc1156-2-e,5,50681.970015,68,2,0,1,5,block_4_1,unroll_4,unroll_4,unroll_8,1,2,0.18622122255,False
MatrixMultiplication_1225.cpp,xczu7ev-ffvc1156-2-e,5,5442.20173,406,1,1,15,27,block_4_1,unroll_64,unroll_2,pipeline_1,1,11,0.506243192472,False
MatrixMultiplication_990.cpp,xczu7ev-ffvc1156-2-e,5,5442.20229,263,1,1,14,23,block_4_1,unroll_8,unroll_16,pipeline_1,1,9.75,0.566666590104,False
MatrixMultiplication_1089.cpp,xczu7ev-ffvc1156-2-e,5,61745.81829,174,2,2,5,11,block_4_1,unroll_8,unroll_16,unroll_2,1,5,0.115263983838,False
MatrixMultiplication_1144.cpp,xczu7ev-ffvc1156-2-e,5,5442.77573,40,2,1,2,4,block_4_1,unroll_8,unroll_2,pipeline_1,5,2.25,0.940226329773,False
MatrixMultiplication_785.cpp,xczu7ev-ffvc1156-2-e,5,61750.65157,36,2,2,1,3,block_4_1,unroll_8,unroll_2,unroll_2,1,2,0.117925800367,False
MatrixMultiplication_1130.cpp,xczu7ev-ffvc1156-2-e,5,41617.992415,77,2,1,2,6,block_4_1,unroll_8,unroll_2,unroll_8,3,2.75,0.278452756653,False
MatrixMultiplication_1039.cpp,xczu7ev-ffvc1156-2-e,5,5442.77573,835,2,1,29,46,block_4_1,unroll_8,unroll_32,pipeline_1,5,19.5,0.206377145541,False
MatrixMultiplication_893.cpp,xczu7ev-ffvc1156-2-e,5,61748.19397,483,2,2,10,20,block_4_1,unroll_8,unroll_32,unroll_2,1,8.5,0.109811188375,False
MatrixMultiplication_1091.cpp,xczu7ev-ffvc1156-2-e,5,5443.47205,60,1.5,1,4,6,block_4_1,unroll_8,unroll_4,pipeline_1,2,3.125,0.882521050652,False
MatrixMultiplication_1012.cpp,xczu7ev-ffvc1156-2-e,5,61747.37477,48,2,2,1,4,block_4_1,unroll_8,unroll_4,unroll_2,1,2.25,0.117856050076,False
MatrixMultiplication_1221.cpp,xczu7ev-ffvc1156-2-e,5,50680.489695,150,2,0,3,9,block_4_1,unroll_8,unroll_4,unroll_8,1,3.5,0.183785516586,False
MatrixMultiplication_970.cpp,xczu7ev-ffvc1156-2-e,5,5444.78789,106.5,1.5,1,7,11.5,block_4_1,unroll_8,unroll_8,pipeline_1,2,5.25,0.818201072016,False
MatrixMultiplication_1067.cpp,xczu7ev-ffvc1156-2-e,5,5442.20421,50,20,1,4,9,block_64_1,unroll_2,unroll_2,pipeline_1,1,8.5,0.631264535387,False
MatrixMultiplication_1084.cpp,xczu7ev-ffvc1156-2-e,5,43553.372255,273.5,41,0.5,1.5,12.5,block_64_1,unroll_2,unroll_2,unroll_8,2,13.875,0.163706141779,False
MatrixMultiplication_1181.cpp,xczu7ev-ffvc1156-2-e,5,5443.43173,100,41,1,8,18,block_64_1,unroll_4,unroll_2,pipeline_1,1,17,0.274468454465,False
MatrixMultiplication_1237.cpp,xczu7ev-ffvc1156-2-e,5,44215.922015,939,41,1,3,25,block_64_1,unroll_4,unroll_2,unroll_8,1,17.5,0.125390270987,False
MatrixMultiplication_1155.cpp,xczu7ev-ffvc1156-2-e,5,5442.20229,322,20,1,16,31,block_64_1,unroll_8,unroll_2,pipeline_1,1,17,0.274468577442,False
MatrixMultiplication_888.cpp,xczu7ev-ffvc1156-2-e,5,5447.44469,165,5,1,11,21,block_8_1,unroll_32,unroll_2,pipeline_1,1,9.5,0.579250406701,False
MatrixMultiplication_923.cpp,xczu7ev-ffvc1156-2-e,5,63848.47877,52,5,2,2,6,block_8_1,unroll_4,unroll_8,unroll_2,1,3.75,0.109890680365,False
MatrixMultiplication_1127.cpp,xczu7ev-ffvc1156-2-e,5,5442.20229,57,2,1,3,5,block_8_1,unroll_8,unroll_2,pipeline_1,1,2.75,0.907003734646,False
MatrixMultiplication_1049.cpp,xczu7ev-ffvc1156-2-e,5,5444.86949,139,7.5,1,9.5,18,cyclic_16_1,unroll_16,unroll_2,pipeline_1,2,9,0.604923982872,False
MatrixMultiplication_1069.cpp,xczu7ev-ffvc1156-2-e,5,66989.68101,215,5,2,4,17,cyclic_16_1,unroll_16,unroll_4,unroll_2,1,7,0.101395581028,False
MatrixMultiplication_1077.cpp,xczu7ev-ffvc1156-2-e,5,5442.20421,116,5,1,9,16,cyclic_16_1,unroll_2,unroll_16,pipeline_1,1,7.75,0.672019599669,False
MatrixMultiplication_889.cpp,xczu7ev-ffvc1156-2-e,5,57429.020255,454.5,5,0.5,5,12,cyclic_16_1,unroll_2,unroll_16,unroll_8,2,5.625,0.132912043162,False
MatrixMultiplication_1024.cpp,xczu7ev-ffvc1156-2-e,5,5447.37029,31,6.5,1,1,3,cyclic_16_1,unroll_2,unroll_2,pipeline_1,10,2.875,0.898800802537,False
MatrixMultiplication_1313.cpp,xczu7ev-ffvc1156-2-e,5,5796.098655,66,5,4,3,6,cyclic_16_1,unroll_2,unroll_2,unroll_16,1,4.5,0.85526696943,False
MatrixMultiplication_1119.cpp,xczu7ev-ffvc1156-2-e,5,41296.898655,42,5,0,1,3,cyclic_16_1,unroll_2,unroll_2,unroll_8,3,2.25,0.283603732065,False
MatrixMultiplication_1244.cpp,xczu7ev-ffvc1156-2-e,5,5447.37541,34,10,1,2,5,cyclic_16_1,unroll_2,unroll_4,pipeline_1,1,4.5,0.859731374814,False
MatrixMultiplication_1213.cpp,xczu7ev-ffvc1156-2-e,5,4918.494815,140.5,5,4,3,6,cyclic_16_1,unroll_2,unroll_4,unroll_16,4,4.5,1,True
MatrixMultiplication_1148.cpp,xczu7ev-ffvc1156-2-e,5,50519.772255,61,5,0,1,4,cyclic_16_1,unroll_2,unroll_4,unroll_8,1,2.5,0.187071364709,False
MatrixMultiplication_1299.cpp,xczu7ev-ffvc1156-2-e,5,5442.20181,427,5,1,19,33,cyclic_16_1,unroll_32,unroll_2,pipeline_1,1,14.5,0.359316170351,False
MatrixMultiplication_862.cpp,xczu7ev-ffvc1156-2-e,5,51393.35301,294,5,2,4,21,cyclic_16_1,unroll_32,unroll_2,unroll_2,1,8,0.161217453767,False
MatrixMultiplication_1072.cpp,xczu7ev-ffvc1156-2-e,5,5445.23909,39.5,6,1,2,5,cyclic_16_1,unroll_4,unroll_2,pipeline_1,6,3.5,0.865723399329,False
MatrixMultiplication_1180.cpp,xczu7ev-ffvc1156-2-e,5,41292.295135,68.5,5,0,1,4.5,cyclic_16_1,unroll_4,unroll_2,unroll_8,2,2.625,0.282785377586,False
MatrixMultiplication_1314.cpp,xczu7ev-ffvc1156-2-e,5,50514.197855,152,5,0,2,7,cyclic_16_1,unroll_4,unroll_4,unroll_8,1,3.5,0.185171248175,False
MatrixMultiplication_1186.cpp,xczu7ev-ffvc1156-2-e,5,5442.20229,68,5,1,5,9,cyclic_16_1,unroll_8,unroll_2,pipeline_1,3,5,0.833399358414,False
MatrixMultiplication_842.cpp,xczu7ev-ffvc1156-2-e,5,66617.35493,50,5,2,1,7,cyclic_16_1,unroll_8,unroll_2,unroll_2,1,3.75,0.103559305636,False
MatrixMultiplication_1217.cpp,xczu7ev-ffvc1156-2-e,5,41285.896415,185.5,5,0.5,2.5,7,cyclic_16_1,unroll_8,unroll_2,unroll_8,4,3.75,0.278442097107,False
MatrixMultiplication_1302.cpp,xczu7ev-ffvc1156-2-e,5,50512.717535,595,5,0,5,14,cyclic_16_1,unroll_8,unroll_4,unroll_8,1,6,0.176798735766,False
MatrixMultiplication_1043.cpp,xczu7ev-ffvc1156-2-e,5,5442.20197,523,0,1,21,37,cyclic_2_1,unroll_16,unroll_16,pipeline_1,1,14.75,0.35007747727,False
MatrixMultiplication_996.cpp,xczu7ev-ffvc1156-2-e,5,32217.91781,233,0,2,4,8,cyclic_2_1,unroll_16,unroll_16,unroll_2,1,3.5,0.405468010618,False
MatrixMultiplication_1235.cpp,xczu7ev-ffvc1156-2-e,5,5442.20197,79,0,1,3,5,cyclic_2_1,unroll_16,unroll_2,pipeline_1,3,2.25,1,True
MatrixMultiplication_1321.cpp,xczu7ev-ffvc1156-2-e,5,16456.276895,93,1,1,2,7,cyclic_2_1,unroll_16,unroll_2,unroll_8,1,2.75,0.706747427954,False
MatrixMultiplication_1019.cpp,xczu7ev-ffvc1156-2-e,5,5447.36293,82,0,1,5,10,cyclic_2_1,unroll_16,unroll_4,pipeline_1,3,4,0.865068519127,False
MatrixMultiplication_961.cpp,xczu7ev-ffvc1156-2-e,5,32218.90085,89,0,2,1,4,cyclic_2_1,unroll_16,unroll_4,unroll_2,1,1.75,0.413718454454,False
MatrixMultiplication_1174.cpp,xczu7ev-ffvc1156-2-e,5,12595.464255,164.5,1,1,3,8.5,cyclic_2_1,unroll_16,unroll_4,unroll_8,2,3.375,0.771186256342,False
MatrixMultiplication_1118.cpp,xczu7ev-ffvc1156-2-e,5,5442.20421,48,0,1,3,5,cyclic_2_1,unroll_2,unroll_16,pipeline_1,2,2.25,0.940233902049,False
MatrixMultiplication_809.cpp,xczu7ev-ffvc1156-2-e,5,32220.51077,38,0,2,1,2,cyclic_2_1,unroll_2,unroll_16,unroll_2,2,1.25,0.414355836011,False
MatrixMultiplication_1059.cpp,xczu7ev-ffvc1156-2-e,5,5443.59685,28.5,0,1,0,1,cyclic_2_1,unroll_2,unroll_2,pipeline_1,8,0.5,0.999961809669,False
MatrixMultiplication_1100.cpp,xczu7ev-ffvc1156-2-e,5,32220.33669,29,0,2,0,1,cyclic_2_1,unroll_2,unroll_2,unroll_2,2,0.75,0.415329264862,False
MatrixMultiplication_1042.cpp,xczu7ev-ffvc1156-2-e,5,29538.398815,28,1,1,1,2,cyclic_2_1,unroll_2,unroll_2,unroll_4,1,1.25,0.459198720654,False
MatrixMultiplication_1004.cpp,xczu7ev-ffvc1156-2-e,5,16459.390815,31,1,1,1,2,cyclic_2_1,unroll_2,unroll_2,unroll_8,4,1.25,0.719522181982,False
MatrixMultiplication_1151.cpp,xczu7ev-ffvc1156-2-e,5,5443.47397,32.5,0,1,1,1,cyclic_2_1,unroll_2,unroll_4,pipeline_1,2,0.75,0.982714436396,False
MatrixMultiplication_1258.cpp,xczu7ev-ffvc1156-2-e,5,6969.315935,45.5,1,1,1,3,cyclic_2_1,unroll_2,unroll_4,unroll_16,2,1.5,0.927533729341,False
MatrixMultiplication_910.cpp,xczu7ev-ffvc1156-2-e,5,32218.90309,32,0,2,0,1,cyclic_2_1,unroll_2,unroll_4,unroll_2,1,0.75,0.415352529409,False
MatrixMultiplication_1037.cpp,xczu7ev-ffvc1156-2-e,5,12590.830175,34.5,1,1,1,2,cyclic_2_1,unroll_2,unroll_4,unroll_8,2,1.25,0.808583795228,False
MatrixMultiplication_1126.cpp,xczu7ev-ffvc1156-2-e,5,5442.20421,35,0,1,1,2,cyclic_2_1,unroll_2,unroll_8,pipeline_1,3,1,0.96559654955,False
MatrixMultiplication_861.cpp,xczu7ev-ffvc1156-2-e,5,5447.44981,89.5,0.5,1,5.5,12,cyclic_2_1,unroll_32,unroll_2,pipeline_1,2,4.75,0.848064207948,False
MatrixMultiplication_896.cpp,xczu7ev-ffvc1156-2-e,5,32220.21141,119,0,2,2,6,cyclic_2_1,unroll_32,unroll_2,unroll_2,1,2.5,0.411546800159,False
MatrixMultiplication_1003.cpp,xczu7ev-ffvc1156-2-e,5,5447.36277,174,0,1,11,20,cyclic_2_1,unroll_32,unroll_4,pipeline_1,1,8,0.658265534937,False
MatrixMultiplication_931.cpp,xczu7ev-ffvc1156-2-e,5,5447.37301,529.5,1,1,21,40,cyclic_2_1,unroll_32,unroll_8,pipeline_1,2,15.75,0.314797397429,False
MatrixMultiplication_1066.cpp,xczu7ev-ffvc1156-2-e,5,5442.32581,77.5,0,1,5,9,cyclic_2_1,unroll_4,unroll_16,pipeline_1,4,3.75,0.865512152985,False
MatrixMultiplication_1040.cpp,xczu7ev-ffvc1156-2-e,5,9700.425055,146,1,1,2,7,cyclic_2_1,unroll_4,unroll_16,unroll_8,1,2.75,0.848498406966,False
MatrixMultiplication_1023.cpp,xczu7ev-ffvc1156-2-e,5,5445.23397,32.5,0,1,1,1.5,cyclic_2_1,unroll_4,unroll_2,pipeline_1,8,0.875,0.974134428741,False
MatrixMultiplication_1310.cpp,xczu7ev-ffvc1156-2-e,5,32220.21253,37,0,2,0,1,cyclic_2_1,unroll_4,unroll_2,unroll_2,1,0.75,0.415331279704,False
MatrixMultiplication_1245.cpp,xczu7ev-ffvc1156-2-e,5,16455.169375,38.5,1,1,1,3,cyclic_2_1,unroll_4,unroll_2,unroll_8,2,1.5,0.718196179041,False
MatrixMultiplication_1117.cpp,xczu7ev-ffvc1156-2-e,5,5442.20293,162,0,1,10,18,cyclic_2_1,unroll_4,unroll_32,pipeline_1,1,7.25,0.700015777978,False
MatrixMultiplication_1055.cpp,xczu7ev-ffvc1156-2-e,5,5445.39781,36,0,1,1,3,cyclic_2_1,unroll_4,unroll_4,pipeline_1,6,1.25,0.948646164294,False
MatrixMultiplication_1157.cpp,xczu7ev-ffvc1156-2-e,5,12589.804895,50,1,1,1,3,cyclic_2_1,unroll_4,unroll_4,unroll_8,1,1.5,0.806328803039,False
MatrixMultiplication_905.cpp,xczu7ev-ffvc1156-2-e,5,5447.37413,46.5,1,1,3,5,cyclic_2_1,unroll_4,unroll_8,pipeline_1,2,2.5,0.923534717798,False
MatrixMultiplication_1015.cpp,xczu7ev-ffvc1156-2-e,5,32139.53157,38,0,2,1,2,cyclic_2_1,unroll_4,unroll_8,unroll_2,1,1.25,0.415666345526,False
MatrixMultiplication_1113.cpp,xczu7ev-ffvc1156-2-e,5,5442.20173,333,0,1,11,22,cyclic_2_1,unroll_64,unroll_2,pipeline_1,3,8.5,0.631264536735,False
MatrixMultiplication_991.cpp,xczu7ev-ffvc1156-2-e,5,32220.21133,249,0,2,4,10,cyclic_2_1,unroll_64,unroll_2,unroll_2,1,4,0.401053386819,False
MatrixMultiplication_1197.cpp,xczu7ev-ffvc1156-2-e,5,5444.78733,665.5,0.5,1,21,42,cyclic_2_1,unroll_64,unroll_4,pipeline_1,2,16.125,0.302259068049,False
MatrixMultiplication_1006.cpp,xczu7ev-ffvc1156-2-e,5,5442.77573,162,0,1,10,19,cyclic_2_1,unroll_8,unroll_16,pipeline_1,3,7.5,0.685935034916,False
MatrixMultiplication_1005.cpp,xczu7ev-ffvc1156-2-e,5,32220.45765,90,0,2,2,5,cyclic_2_1,unroll_8,unroll_16,unroll_2,3,2.25,0.412496447118,False
MatrixMultiplication_1070.cpp,xczu7ev-ffvc1156-2-e,5,9700.050655,394,1,1,4,11,cyclic_2_1,unroll_8,unroll_16,unroll_8,1,4.25,0.803231076631,False
MatrixMultiplication_1028.cpp,xczu7ev-ffvc1156-2-e,5,5442.44805,42,0,1,1,3,cyclic_2_1,unroll_8,unroll_2,pipeline_1,5,1.25,0.948646235345,False
MatrixMultiplication_915.cpp,xczu7ev-ffvc1156-2-e,5,32222.75141,34,0,2,1,2,cyclic_2_1,unroll_8,unroll_2,unroll_2,1,1.25,0.414319613568,False
MatrixMultiplication_1078.cpp,xczu7ev-ffvc1156-2-e,5,16457.744735,50,1,1,1,4,cyclic_2_1,unroll_8,unroll_2,unroll_8,3,1.75,0.717360477706,False
MatrixMultiplication_948.cpp,xczu7ev-ffvc1156-2-e,5,5443.43109,466,0,1,21,37,cyclic_2_1,unroll_8,unroll_32,pipeline_1,1,14.75,0.350077297786,False
MatrixMultiplication_1044.cpp,xczu7ev-ffvc1156-2-e,5,5442.48901,54,0,1,3,5,cyclic_2_1,unroll_8,unroll_4,pipeline_1,4,2.25,0.940230128748,False
MatrixMultiplication_992.cpp,xczu7ev-ffvc1156-2-e,5,32221.44069,42,0,2,1,3,cyclic_2_1,unroll_8,unroll_4,unroll_2,1,1.5,0.413917524814,False
MatrixMultiplication_1075.cpp,xczu7ev-ffvc1156-2-e,5,5443.47205,79.5,0,1,5,9,cyclic_2_1,unroll_8,unroll_8,pipeline_1,2,3.75,0.865508295557,False
MatrixMultiplication_1058.cpp,xczu7ev-ffvc1156-2-e,5,32181.46885,51,0,2,1,3,cyclic_2_1,unroll_8,unroll_8,unroll_2,1,1.5,0.414562983009,False
MatrixMultiplication_1048.cpp,xczu7ev-ffvc1156-2-e,5,10662.062815,149,1,1,2,7,cyclic_2_1,unroll_8,unroll_8,unroll_8,1,2.75,0.829331945906,False
MatrixMultiplication_1123.cpp,xczu7ev-ffvc1156-2-e,5,5442.20421,316,10,1,17,31,cyclic_32_1,unroll_2,unroll_16,pipeline_1,1,14.75,0.350077476943,False
MatrixMultiplication_929.cpp,xczu7ev-ffvc1156-2-e,5,5446.13413,53.5,1,1,4,7,cyclic_4_1,unroll_16,unroll_2,pipeline_1,2,3.25,0.874443915152,False
MatrixMultiplication_1216.cpp,xczu7ev-ffvc1156-2-e,5,11924.380575,238,2,2,3,9,cyclic_4_1,unroll_16,unroll_4,unroll_8,1,4,0.768887767027,False
MatrixMultiplication_891.cpp,xczu7ev-ffvc1156-2-e,5,9993.966815,745,2,2,4,13,cyclic_4_1,unroll_16,unroll_8,unroll_8,1,5.25,0.766734689276,False
MatrixMultiplication_1088.cpp,xczu7ev-ffvc1156-2-e,5,5442.44997,47,1,1,4,6,cyclic_4_1,unroll_2,unroll_16,pipeline_1,1,3,0.890640047273,False
MatrixMultiplication_865.cpp,xczu7ev-ffvc1156-2-e,5,5957.726815,194,2,2,3,7,cyclic_4_1,unroll_2,unroll_16,unroll_16,1,3.5,0.863598272088,False
MatrixMultiplication_858.cpp,xczu7ev-ffvc1156-2-e,5,60828.26245,42,1,2,2,4,cyclic_4_1,unroll_2,unroll_16,unroll_2,3,2.25,0.121576651597,False
MatrixMultiplication_811.cpp,xczu7ev-ffvc1156-2-e,5,9030.081375,81,2,2,2,5,cyclic_4_1,unroll_2,unroll_16,unroll_8,2,2.75,0.861274991785,False
MatrixMultiplication_1046.cpp,xczu7ev-ffvc1156-2-e,5,5442.61381,29.5,1,1,0,1,cyclic_4_1,unroll_2,unroll_2,pipeline_1,8,0.75,0.982714467366,False
MatrixMultiplication_907.cpp,xczu7ev-ffvc1156-2-e,5,15795.522655,32,2,2,1,3,cyclic_4_1,unroll_2,unroll_2,unroll_8,1,2,0.730471515934,False
MatrixMultiplication_978.cpp,xczu7ev-ffvc1156-2-e,5,61289.46437,65,1,2,3,8,cyclic_4_1,unroll_2,unroll_32,unroll_2,1,3.5,0.118806157945,False
MatrixMultiplication_1261.cpp,xczu7ev-ffvc1156-2-e,5,6300.684895,48,2,2,2,4,cyclic_4_1,unroll_2,unroll_4,unroll_16,2,2.5,0.916915810328,False
MatrixMultiplication_968.cpp,xczu7ev-ffvc1156-2-e,5,5445.07141,36,1,1,2,3,cyclic_4_1,unroll_2,unroll_8,pipeline_1,2,1.75,0.940233871474,False
MatrixMultiplication_1279.cpp,xczu7ev-ffvc1156-2-e,5,5442.20181,155,1,1,7,13,cyclic_4_1,unroll_32,unroll_2,pipeline_1,3,5.5,0.802986525976,False
MatrixMultiplication_925.cpp,xczu7ev-ffvc1156-2-e,5,5447.36277,778,1,1,29,49,cyclic_4_1,unroll_32,unroll_8,pipeline_1,1,20,0.194769533104,False
MatrixMultiplication_1056.cpp,xczu7ev-ffvc1156-2-e,5,5444.78853,90.5,1.5,1,7,11,cyclic_4_1,unroll_4,unroll_16,pipeline_1,2,5.125,0.825812231719,False
MatrixMultiplication_1009.cpp,xczu7ev-ffvc1156-2-e,5,5442.44869,33,1,1,1,2,cyclic_4_1,unroll_4,unroll_2,pipeline_1,5,1.25,0.948646235343,False
MatrixMultiplication_1195.cpp,xczu7ev-ffvc1156-2-e,5,61748.11269,37,1,2,0,2,cyclic_4_1,unroll_4,unroll_2,unroll_2,1,1.25,0.118066627845,False
MatrixMultiplication_1200.cpp,xczu7ev-ffvc1156-2-e,5,15778.540895,46,2,2,2,4,cyclic_4_1,unroll_4,unroll_2,unroll_8,1,2.5,0.725137154754,False
MatrixMultiplication_1029.cpp,xczu7ev-ffvc1156-2-e,5,5445.40293,33.5,1.5,1,2,3,cyclic_4_1,unroll_4,unroll_4,pipeline_1,2,1.875,0.94023384083,False
MatrixMultiplication_952.cpp,xczu7ev-ffvc1156-2-e,5,56215.50085,35,1,2,1,3,cyclic_4_1,unroll_4,unroll_4,unroll_2,1,1.75,0.145801496842,False
MatrixMultiplication_976.cpp,xczu7ev-ffvc1156-2-e,5,11926.592095,51,2,2,2,5,cyclic_4_1,unroll_4,unroll_4,unroll_8,1,2.75,0.803155359284,False
MatrixMultiplication_1061.cpp,xczu7ev-ffvc1156-2-e,5,5442.77637,48,1,1,4,6,cyclic_4_1,unroll_4,unroll_8,pipeline_1,1,3,0.890640046094,False
MatrixMultiplication_830.cpp,xczu7ev-ffvc1156-2-e,5,5447.40877,317,1.5,1,15,29.5,cyclic_4_1,unroll_64,unroll_2,pipeline_1,2,11.75,0.471994980387,False
MatrixMultiplication_977.cpp,xczu7ev-ffvc1156-2-e,5,5445.06949,230,1,1,14,23.5,cyclic_4_1,unroll_8,unroll_16,pipeline_1,2,9.875,0.560435130571,False
MatrixMultiplication_1001.cpp,xczu7ev-ffvc1156-2-e,5,5442.61189,39.5,1,1,2,3,cyclic_4_1,unroll_8,unroll_2,pipeline_1,6,1.75,0.9402339305,False
MatrixMultiplication_1182.cpp,xczu7ev-ffvc1156-2-e,5,61748.11205,51,1,2,1,3,cyclic_4_1,unroll_8,unroll_2,unroll_2,1,1.75,0.117990682857,False
MatrixMultiplication_1172.cpp,xczu7ev-ffvc1156-2-e,5,15782.602975,61.5,2,2,2,5.5,cyclic_4_1,unroll_8,unroll_2,unroll_8,2,2.875,0.718783888645,False
MatrixMultiplication_935.cpp,xczu7ev-ffvc1156-2-e,5,5442.77573,747,1,1,29,46,cyclic_4_1,unroll_8,unroll_32,pipeline_1,1,19.25,0.212432188259,False
MatrixMultiplication_1124.cpp,xczu7ev-ffvc1156-2-e,5,5442.32517,64,1,1,4,6,cyclic_4_1,unroll_8,unroll_4,pipeline_1,2,3,0.890640047476,False
MatrixMultiplication_1068.cpp,xczu7ev-ffvc1156-2-e,5,5443.47205,98,1,1,7,11,cyclic_4_1,unroll_8,unroll_8,pipeline_1,4,5,0.83339334664,False
MatrixMultiplication_1170.cpp,xczu7ev-ffvc1156-2-e,5,5442.20421,31.5,2,1,1,1,cyclic_8_1,unroll_2,unroll_2,pipeline_1,2,1.25,0.948646235761,False
MatrixMultiplication_1319.cpp,xczu7ev-ffvc1156-2-e,5,5965.099615,63,5,4,3,7,cyclic_8_1,unroll_2,unroll_4,unroll_16,1,4.75,0.842937459682,False
MatrixMultiplication_954.cpp,xczu7ev-ffvc1156-2-e,5,8515.534175,441,2,2,3,7,cyclic_8_1,unroll_4,unroll_16,unroll_8,1,3.5,0.835548102603,False
MatrixMultiplication_1222.cpp,xczu7ev-ffvc1156-2-e,5,11670.662495,41,2,2,2,4,cyclic_8_1,unroll_4,unroll_2,unroll_8,1,2.5,0.814727551207,False
MatrixMultiplication_1026.cpp,xczu7ev-ffvc1156-2-e,5,5442.77573,43,2,1,3,5,cyclic_8_1,unroll_8,unroll_2,pipeline_1,1,2.75,0.907003732587,False
MatrixMultiplication_624.cpp,xczu7ev-ffvc1156-2-e,10,10826.73669,112.5,0,1,11,18,block_128_1,unroll_2,unroll_2,pipeline_1,2,7.5,0.709752286206,False
MatrixMultiplication_574.cpp,xczu7ev-ffvc1156-2-e,10,45649.9457,967,0,1,3,10,block_128_1,unroll_2,unroll_2,unroll_8,1,3.5,0.305769656428,False
MatrixMultiplication_168.cpp,xczu7ev-ffvc1156-2-e,10,10825.27237,309,0,1,19,35,block_128_1,unroll_2,unroll_4,pipeline_1,3,13.75,0.445743334899,False
MatrixMultiplication_648.cpp,xczu7ev-ffvc1156-2-e,10,10822.97861,1065,0,1,35,63,block_128_1,unroll_2,unroll_8,pipeline_1,1,24.75,0.14649642309,False
MatrixMultiplication_525.cpp,xczu7ev-ffvc1156-2-e,10,10826.73413,305,0,1,18,34,block_128_1,unroll_4,unroll_2,pipeline_1,3,13.25,0.465404405013,False
MatrixMultiplication_662.cpp,xczu7ev-ffvc1156-2-e,10,10837.73061,1410,0,1,34,69,block_128_1,unroll_8,unroll_2,pipeline_1,1,26,0.129857947791,False
MatrixMultiplication_188.cpp,xczu7ev-ffvc1156-2-e,10,10832.13893,127,10,1,8,18,block_16_1,unroll_16,unroll_2,pipeline_1,1,9.25,0.63510222495,False
MatrixMultiplication_94.cpp,xczu7ev-ffvc1156-2-e,10,10831.81125,382,10,1,17,34,block_16_1,unroll_16,unroll_4,pipeline_1,1,15.5,0.380611284353,False
MatrixMultiplication_51.cpp,xczu7ev-ffvc1156-2-e,10,63273.72101,281,10,2,3,16,block_16_1,unroll_16,unroll_4,unroll_2,1,7.75,0.140641344447,False
MatrixMultiplication_150.cpp,xczu7ev-ffvc1156-2-e,10,10831.81125,1351,10,1,34,70,block_16_1,unroll_16,unroll_8,pipeline_1,1,28.75,0.106158941727,False
MatrixMultiplication_107.cpp,xczu7ev-ffvc1156-2-e,10,66543.96741,829,10,2,6,28,block_16_1,unroll_16,unroll_8,unroll_2,1,11.5,0.113546746835,False
MatrixMultiplication_584.cpp,xczu7ev-ffvc1156-2-e,10,46989.50154,272,10,1,2,13,block_16_1,unroll_2,unroll_4,unroll_16,1,6.5,0.269949108778,False
MatrixMultiplication_122.cpp,xczu7ev-ffvc1156-2-e,10,57739.87077,33,10,2,0,2,block_16_1,unroll_4,unroll_2,unroll_2,1,3.5,0.190479883068,False
MatrixMultiplication_12.cpp,xczu7ev-ffvc1156-2-e,10,69059.57637,693,10,2,6,27,block_16_1,unroll_4,unroll_32,unroll_2,1,11.25,0.108204897386,False
MatrixMultiplication_176.cpp,xczu7ev-ffvc1156-2-e,10,10831.83365,59,10,1,4,9,block_16_1,unroll_4,unroll_4,pipeline_1,1,6,0.764586954859,False
MatrixMultiplication_202.cpp,xczu7ev-ffvc1156-2-e,10,66795.63525,79,10,2,1,8,block_16_1,unroll_4,unroll_8,unroll_2,1,5.25,0.13164184351,False
MatrixMultiplication_719.cpp,xczu7ev-ffvc1156-2-e,10,10821.48933,76,0,1,2,6,block_2_1,unroll_16,unroll_2,pipeline_1,1,2.25,0.878831728628,False
MatrixMultiplication_196.cpp,xczu7ev-ffvc1156-2-e,10,40281.80554,129.5,1,1,1,9.5,block_2_1,unroll_16,unroll_2,unroll_8,2,3.125,0.373612169318,False
MatrixMultiplication_103.cpp,xczu7ev-ffvc1156-2-e,10,59071.55013,62,1,2,1,8,block_2_1,unroll_16,unroll_4,unroll_2,1,3,0.181540436238,False
MatrixMultiplication_31.cpp,xczu7ev-ffvc1156-2-e,10,10822.63621,163,1,1,6,20,block_2_1,unroll_16,unroll_8,pipeline_1,1,7,0.729538921887,False
MatrixMultiplication_359.cpp,xczu7ev-ffvc1156-2-e,10,10821.49381,46,0,1,1,5,block_2_1,unroll_2,unroll_16,pipeline_1,3,1.75,0.890341609429,False
MatrixMultiplication_536.cpp,xczu7ev-ffvc1156-2-e,10,51628.06794,779,1,1,4,12,block_2_1,unroll_2,unroll_16,unroll_32,2,4.5,0.238977608915,False
MatrixMultiplication_281.cpp,xczu7ev-ffvc1156-2-e,10,10821.49381,29,0,1,0,1,block_2_1,unroll_2,unroll_2,pipeline_1,3,0.5,0.897541452014,False
MatrixMultiplication_410.cpp,xczu7ev-ffvc1156-2-e,10,34913.34666,39.5,1,1,0,2,block_2_1,unroll_2,unroll_2,unroll_16,4,1,0.454467650069,False
MatrixMultiplication_674.cpp,xczu7ev-ffvc1156-2-e,10,32233.3441,59.5,1,1,0,4,block_2_1,unroll_2,unroll_2,unroll_32,2,1.5,0.496438346825,False
MatrixMultiplication_535.cpp,xczu7ev-ffvc1156-2-e,10,30886.48714,132,1,1,1,6,block_2_1,unroll_2,unroll_2,unroll_64,1,2.25,0.516256258934,False
MatrixMultiplication_563.cpp,xczu7ev-ffvc1156-2-e,10,40291.65834,33.5,1,0.5,0,1.5,block_2_1,unroll_2,unroll_2,unroll_8,2,0.75,0.377290003434,False
MatrixMultiplication_354.cpp,xczu7ev-ffvc1156-2-e,10,10821.98533,29,1,1,0,1,block_2_1,unroll_2,unroll_4,pipeline_1,3,0.75,0.894424761838,False
MatrixMultiplication_575.cpp,xczu7ev-ffvc1156-2-e,10,43130.98762,107,1,1,1,6,block_2_1,unroll_2,unroll_4,unroll_32,2,2.25,0.340179929451,False
MatrixMultiplication_513.cpp,xczu7ev-ffvc1156-2-e,10,47661.0817,40,1,1,0,3,block_2_1,unroll_2,unroll_4,unroll_8,3,1.25,0.287711377804,False
MatrixMultiplication_210.cpp,xczu7ev-ffvc1156-2-e,10,54584.0769,731.5,1,0.5,5,16,block_2_1,unroll_2,unroll_64,unroll_8,2,5.625,0.207465729933,False
MatrixMultiplication_358.cpp,xczu7ev-ffvc1156-2-e,10,10821.49381,37,0,1,1,2,block_2_1,unroll_2,unroll_8,pipeline_1,3,1,0.895980894607,False
MatrixMultiplication_432.cpp,xczu7ev-ffvc1156-2-e,10,49505.26474,96,1,1,1,6,block_2_1,unroll_2,unroll_8,unroll_16,1,2.25,0.267290770806,False
MatrixMultiplication_371.cpp,xczu7ev-ffvc1156-2-e,10,48582.59978,251.5,1,1,2,9,block_2_1,unroll_2,unroll_8,unroll_32,2,3.25,0.274508611699,False
MatrixMultiplication_576.cpp,xczu7ev-ffvc1156-2-e,10,48120.89866,933.5,1,1,4,11,block_2_1,unroll_2,unroll_8,unroll_64,2,4.25,0.274971925225,False
MatrixMultiplication_479.cpp,xczu7ev-ffvc1156-2-e,10,51350.7585,53,1,1,0,4,block_2_1,unroll_2,unroll_8,unroll_8,3,1.5,0.249182476298,False
MatrixMultiplication_209.cpp,xczu7ev-ffvc1156-2-e,10,10821.98277,73,1,1,3,9,block_2_1,unroll_4,unroll_16,pipeline_1,3,3.5,0.840121829723,False
MatrixMultiplication_388.cpp,xczu7ev-ffvc1156-2-e,10,51936.81162,662,1,1,4,14,block_2_1,unroll_4,unroll_16,unroll_16,1,5,0.233600508226,False
MatrixMultiplication_249.cpp,xczu7ev-ffvc1156-2-e,10,59067.12837,61,1,2,1,6,block_2_1,unroll_4,unroll_16,unroll_2,1,2.5,0.182252630457,False
MatrixMultiplication_404.cpp,xczu7ev-ffvc1156-2-e,10,10821.49125,36,0,1,0,1,block_2_1,unroll_4,unroll_2,pipeline_1,3,0.5,1,True
MatrixMultiplication_616.cpp,xczu7ev-ffvc1156-2-e,10,34913.01642,64,1,1,0,4,block_2_1,unroll_4,unroll_2,unroll_16,3,1.5,0.454728194457,False
MatrixMultiplication_749.cpp,xczu7ev-ffvc1156-2-e,10,32228.17034,119,1,1,1,6,block_2_1,unroll_4,unroll_2,unroll_32,1,2.25,0.494706019148,False
MatrixMultiplication_636.cpp,xczu7ev-ffvc1156-2-e,10,40296.82698,42,1,0,0,3,block_2_1,unroll_4,unroll_2,unroll_8,3,1,0.377611563987,False
MatrixMultiplication_191.cpp,xczu7ev-ffvc1156-2-e,10,10821.98277,159,1,1,6,19,block_2_1,unroll_4,unroll_32,pipeline_1,1,6.75,0.73894228004,False
MatrixMultiplication_208.cpp,xczu7ev-ffvc1156-2-e,10,56047.39338,232,1,1,3,15,block_2_1,unroll_4,unroll_32,unroll_4,1,5,0.198736988413,False
MatrixMultiplication_246.cpp,xczu7ev-ffvc1156-2-e,10,10821.98277,36,1,1,1,3,block_2_1,unroll_4,unroll_4,pipeline_1,3,1.5,0.894570589738,False
MatrixMultiplication_303.cpp,xczu7ev-ffvc1156-2-e,10,44641.83562,102,1,1,1,6,block_2_1,unroll_4,unroll_4,unroll_16,1,2.25,0.321726542508,False
MatrixMultiplication_465.cpp,xczu7ev-ffvc1156-2-e,10,42375.76458,1071,1,1,4,11,block_2_1,unroll_4,unroll_4,unroll_64,1,4.25,0.340048119109,False
MatrixMultiplication_393.cpp,xczu7ev-ffvc1156-2-e,10,10821.49125,49,0,1,1,5,block_2_1,unroll_4,unroll_8,pipeline_1,2,1.75,0.890341649156,False
MatrixMultiplication_570.cpp,xczu7ev-ffvc1156-2-e,10,51361.92522,96,1,0,1,7,block_2_1,unroll_4,unroll_8,unroll_8,1,2.25,0.248515543626,False
MatrixMultiplication_45.cpp,xczu7ev-ffvc1156-2-e,10,59068.92821,974,1,2,8,43,block_2_1,unroll_64,unroll_8,unroll_2,1,13.5,0.128110556724,False
MatrixMultiplication_396.cpp,xczu7ev-ffvc1156-2-e,10,10822.06341,167.5,0.5,1,6,19,block_2_1,unroll_8,unroll_16,pipeline_1,2,6.625,0.743496648445,False
MatrixMultiplication_381.cpp,xczu7ev-ffvc1156-2-e,10,10821.48997,53,0,1,1,3,block_2_1,unroll_8,unroll_2,pipeline_1,3,1.25,0.897110169076,False
MatrixMultiplication_586.cpp,xczu7ev-ffvc1156-2-e,10,34912.52362,124,1,1,1,7,block_2_1,unroll_8,unroll_2,unroll_16,1,2.5,0.452223766589,False
MatrixMultiplication_707.cpp,xczu7ev-ffvc1156-2-e,10,32238.51146,350,1,1,2,10,block_2_1,unroll_8,unroll_2,unroll_32,1,3.5,0.485836800137,False
MatrixMultiplication_493.cpp,xczu7ev-ffvc1156-2-e,10,40287.71658,65,1,0.5,1,5.5,block_2_1,unroll_8,unroll_2,unroll_8,2,2,0.377423334181,False
MatrixMultiplication_696.cpp,xczu7ev-ffvc1156-2-e,10,10822.71877,518,0.5,1,13,38,block_2_1,unroll_8,unroll_32,pipeline_1,2,13.125,0.470409260917,False
MatrixMultiplication_169.cpp,xczu7ev-ffvc1156-2-e,10,10821.73573,56,0.5,1,1,5,block_2_1,unroll_8,unroll_4,pipeline_1,4,1.875,0.887799958526,False
MatrixMultiplication_667.cpp,xczu7ev-ffvc1156-2-e,10,44640.68746,261,1,1,2,11,block_2_1,unroll_8,unroll_4,unroll_16,1,3.75,0.316182539416,False
MatrixMultiplication_622.cpp,xczu7ev-ffvc1156-2-e,10,47666.98826,100.5,1,0.5,1,8,block_2_1,unroll_8,unroll_4,unroll_8,2,2.625,0.286206441136,False
MatrixMultiplication_324.cpp,xczu7ev-ffvc1156-2-e,10,10821.48997,85,0,1,3,9,block_2_1,unroll_8,unroll_8,pipeline_1,3,3.25,0.848655577743,False
MatrixMultiplication_290.cpp,xczu7ev-ffvc1156-2-e,10,49515.11178,764,1,1,5,15,block_2_1,unroll_8,unroll_8,unroll_16,1,5.5,0.253272617998,False
MatrixMultiplication_539.cpp,xczu7ev-ffvc1156-2-e,10,56729.31845,59,1,2,1,7,block_2_1,unroll_8,unroll_8,unroll_2,1,2.75,0.199856999534,False
MatrixMultiplication_617.cpp,xczu7ev-ffvc1156-2-e,10,52409.18538,104,1,1,2,9,block_2_1,unroll_8,unroll_8,unroll_4,1,3.25,0.236381375095,False
MatrixMultiplication_276.cpp,xczu7ev-ffvc1156-2-e,10,51352.72074,245,1,1,3,13,block_2_1,unroll_8,unroll_8,unroll_8,3,4.5,0.24155973955,False
MatrixMultiplication_121.cpp,xczu7ev-ffvc1156-2-e,10,10834.43717,48,20,1,4,9,block_32_1,unroll_2,unroll_4,pipeline_1,1,8.5,0.667683732236,False
MatrixMultiplication_198.cpp,xczu7ev-ffvc1156-2-e,10,56733.22661,970,20,2,4,32,block_32_1,unroll_32,unroll_2,unroll_2,1,14.5,0.130189879417,False
MatrixMultiplication_767.cpp,xczu7ev-ffvc1156-2-e,10,10821.48933,82,1,1,3,6,block_4_1,unroll_16,unroll_2,pipeline_1,1,2.75,0.864024780418,False
MatrixMultiplication_154.cpp,xczu7ev-ffvc1156-2-e,10,10831.83173,244,2,1,11,25,block_4_1,unroll_16,unroll_8,pipeline_1,1,9.75,0.613206356036,False
MatrixMultiplication_549.cpp,xczu7ev-ffvc1156-2-e,10,51287.84394,1441,2,1,6,15,block_4_1,unroll_2,unroll_16,unroll_32,1,6,0.233362804657,False
MatrixMultiplication_521.cpp,xczu7ev-ffvc1156-2-e,10,53112.36618,133,2,1,2,8,block_4_1,unroll_2,unroll_16,unroll_8,1,3.25,0.229879440431,False
MatrixMultiplication_779.cpp,xczu7ev-ffvc1156-2-e,10,34576.98314,46,2,1,0,3,block_4_1,unroll_2,unroll_2,unroll_16,1,1.5,0.45983416376,False
MatrixMultiplication_709.cpp,xczu7ev-ffvc1156-2-e,10,39630.99146,33,2,0,0,2,block_4_1,unroll_2,unroll_2,unroll_8,2,1,0.386614193399,False
MatrixMultiplication_86.cpp,xczu7ev-ffvc1156-2-e,10,10831.83621,84,2,1,5,11,block_4_1,unroll_2,unroll_32,pipeline_1,1,4.75,0.803909980396,False
MatrixMultiplication_747.cpp,xczu7ev-ffvc1156-2-e,10,54086.5793,327,2,0,4,14,block_4_1,unroll_2,unroll_32,unroll_8,1,5,0.214729417847,False
MatrixMultiplication_442.cpp,xczu7ev-ffvc1156-2-e,10,10831.83621,31,2,1,1,2,block_4_1,unroll_2,unroll_4,pipeline_1,1,1.5,0.894403562684,False
MatrixMultiplication_664.cpp,xczu7ev-ffvc1156-2-e,10,47340.63114,41,2,0,0,3,block_4_1,unroll_2,unroll_4,unroll_8,3,1.25,0.291267477021,False
MatrixMultiplication_384.cpp,xczu7ev-ffvc1156-2-e,10,10831.83621,227,2,1,10,23,block_4_1,unroll_2,unroll_64,pipeline_1,1,9,0.64602607806,False
MatrixMultiplication_126.cpp,xczu7ev-ffvc1156-2-e,10,54558.90954,1270,2,1,7,18,block_4_1,unroll_2,unroll_64,unroll_8,3,7,0.199443070839,False
MatrixMultiplication_614.cpp,xczu7ev-ffvc1156-2-e,10,10821.49381,39,1,1,1,3,block_4_1,unroll_2,unroll_8,pipeline_1,1,1.5,0.894578865935,False
MatrixMultiplication_478.cpp,xczu7ev-ffvc1156-2-e,10,49421.37866,129,2,1,2,8,block_4_1,unroll_2,unroll_8,unroll_16,3,3.25,0.265755472348,False
MatrixMultiplication_488.cpp,xczu7ev-ffvc1156-2-e,10,48545.2545,419,2,1,3,13,block_4_1,unroll_2,unroll_8,unroll_32,2,4.75,0.267738576018,False
MatrixMultiplication_665.cpp,xczu7ev-ffvc1156-2-e,10,53206.1185,39,2,1,1,3,block_4_1,unroll_2,unroll_8,unroll_4,1,1.75,0.231391758381,False
MatrixMultiplication_430.cpp,xczu7ev-ffvc1156-2-e,10,51195.47402,60,2,0,1,5,block_4_1,unroll_2,unroll_8,unroll_8,3,2,0.250444154033,False
MatrixMultiplication_685.cpp,xczu7ev-ffvc1156-2-e,10,10821.48901,162,1,1,5,13,block_4_1,unroll_32,unroll_2,pipeline_1,1,5,0.797628596522,False
MatrixMultiplication_551.cpp,xczu7ev-ffvc1156-2-e,10,10827.30757,32,1.5,1,0.5,2,block_4_1,unroll_4,unroll_2,pipeline_1,2,1.25,0.896997473618,False
MatrixMultiplication_156.cpp,xczu7ev-ffvc1156-2-e,10,10822.72005,39,1.5,1,1,3,block_4_1,unroll_4,unroll_4,pipeline_1,2,1.625,0.892596829192,False
MatrixMultiplication_183.cpp,xczu7ev-ffvc1156-2-e,10,47326.2721,66.5,2,1,1,5,block_4_1,unroll_4,unroll_4,unroll_8,2,2.25,0.290741001607,False
MatrixMultiplication_656.cpp,xczu7ev-ffvc1156-2-e,10,54705.70762,65,2,1,1,5,block_4_1,unroll_4,unroll_8,unroll_4,1,2.25,0.217507522355,False
MatrixMultiplication_722.cpp,xczu7ev-ffvc1156-2-e,10,34587.3217,163,2,1,2,9,block_4_1,unroll_8,unroll_2,unroll_16,2,3.5,0.450581471396,False
MatrixMultiplication_0.cpp,xczu7ev-ffvc1156-2-e,10,59076.79365,37,2,2,0,2,block_4_1,unroll_8,unroll_2,unroll_2,1,1.5,0.182770136605,False
MatrixMultiplication_733.cpp,xczu7ev-ffvc1156-2-e,10,32070.7393,674,2,1,3,14,block_4_1,unroll_8,unroll_2,unroll_32,1,5,0.469402301791,False
MatrixMultiplication_627.cpp,xczu7ev-ffvc1156-2-e,10,39623.11178,68.5,2,0,1,6,block_4_1,unroll_8,unroll_2,unroll_8,2,2.25,0.385827008359,False
MatrixMultiplication_13.cpp,xczu7ev-ffvc1156-2-e,10,10821.98149,840,2,1,21,46,block_4_1,unroll_8,unroll_32,pipeline_1,3,17.5,0.31389286903,False
MatrixMultiplication_315.cpp,xczu7ev-ffvc1156-2-e,10,59069.25701,377,2,2,5,19,block_4_1,unroll_8,unroll_32,unroll_2,1,7,0.1677902324,False
MatrixMultiplication_773.cpp,xczu7ev-ffvc1156-2-e,10,44472.9153,444,2,1,3,14,block_4_1,unroll_8,unroll_4,unroll_16,1,5,0.309721249129,False
MatrixMultiplication_721.cpp,xczu7ev-ffvc1156-2-e,10,47336.69898,132,2,0,2,9,block_4_1,unroll_8,unroll_4,unroll_8,1,3.25,0.287918602967,False
MatrixMultiplication_486.cpp,xczu7ev-ffvc1156-2-e,10,10826.66117,94.5,1.5,1,5,11.5,block_4_1,unroll_8,unroll_8,pipeline_1,2,4.75,0.804006066652,False
MatrixMultiplication_718.cpp,xczu7ev-ffvc1156-2-e,10,49431.2257,1333,2,1,7,17,block_4_1,unroll_8,unroll_8,unroll_16,1,6.75,0.244444241886,False
MatrixMultiplication_606.cpp,xczu7ev-ffvc1156-2-e,10,51193.49258,336,2,0,4,15,block_4_1,unroll_8,unroll_8,unroll_8,1,5.25,0.23901089714,False
MatrixMultiplication_561.cpp,xczu7ev-ffvc1156-2-e,10,10826.73669,51,20,1,4,9,block_64_1,unroll_2,unroll_2,pipeline_1,1,8.5,0.667763015443,False
MatrixMultiplication_780.cpp,xczu7ev-ffvc1156-2-e,10,37932.5953,1094,41,1,5,9,block_64_1,unroll_2,unroll_2,unroll_16,1,14,0.242373312382,False
MatrixMultiplication_703.cpp,xczu7ev-ffvc1156-2-e,10,10822.80453,310,20,1,15,31,block_64_1,unroll_2,unroll_8,pipeline_1,1,16.75,0.3379271868,False
MatrixMultiplication_492.cpp,xczu7ev-ffvc1156-2-e,10,10824.11141,1109,20,1,31,60,block_64_1,unroll_8,unroll_4,pipeline_1,1,28,0.110864440061,False
MatrixMultiplication_694.cpp,xczu7ev-ffvc1156-2-e,10,57055.01194,97,5,1,1,7,block_8_1,unroll_2,unroll_8,unroll_8,1,3.5,0.195776411461,False
MatrixMultiplication_615.cpp,xczu7ev-ffvc1156-2-e,10,10826.73285,57,2,1,2,5,block_8_1,unroll_8,unroll_2,pipeline_1,1,2.5,0.871744275561,False
MatrixMultiplication_554.cpp,xczu7ev-ffvc1156-2-e,10,10824.11141,81,2,1,5,10,block_8_1,unroll_8,unroll_4,pipeline_1,1,4.5,0.809658084985,False
MatrixMultiplication_112.cpp,xczu7ev-ffvc1156-2-e,10,10831.83173,1333,10,1,34,71,cyclic_16_1,unroll_16,unroll_8,pipeline_1,2,29,0.104885419306,False
MatrixMultiplication_485.cpp,xczu7ev-ffvc1156-2-e,10,4290.74954,1506,5,4,2,9,cyclic_16_1,unroll_2,unroll_16,unroll_16,2,5,0.893965868808,False
MatrixMultiplication_99.cpp,xczu7ev-ffvc1156-2-e,10,78368.62981,71,5,2,2,6,cyclic_16_1,unroll_2,unroll_16,unroll_2,1,3.75,0.101444692362,False
MatrixMultiplication_612.cpp,xczu7ev-ffvc1156-2-e,10,3959.05546,199,10,6,3,12,cyclic_16_1,unroll_2,unroll_2,unroll_32,1,7.75,0.754144749997,False
MatrixMultiplication_463.cpp,xczu7ev-ffvc1156-2-e,10,10821.49381,40,5,1,2,5,cyclic_16_1,unroll_2,unroll_4,pipeline_1,2,3.25,0.848655511411,False
MatrixMultiplication_456.cpp,xczu7ev-ffvc1156-2-e,10,4962.57546,141,5,4,2,7,cyclic_16_1,unroll_2,unroll_4,unroll_16,1,4.5,0.909765008577,False
MatrixMultiplication_190.cpp,xczu7ev-ffvc1156-2-e,10,57734.62026,37,5,1,0,2,cyclic_16_1,unroll_2,unroll_4,unroll_4,1,2,0.192735683002,False
MatrixMultiplication_91.cpp,xczu7ev-ffvc1156-2-e,10,10823.95141,1645,5,1,33,68,cyclic_16_1,unroll_2,unroll_64,pipeline_1,1,26.75,0.12164124605,False
MatrixMultiplication_130.cpp,xczu7ev-ffvc1156-2-e,10,76188.24709,42,5,2,1,4,cyclic_16_1,unroll_2,unroll_8,unroll_2,1,3,0.104581450186,False
MatrixMultiplication_166.cpp,xczu7ev-ffvc1156-2-e,10,10829.18949,411,6,1,17,34,cyclic_16_1,unroll_32,unroll_2,pipeline_1,1,14.5,0.417092966099,False
MatrixMultiplication_74.cpp,xczu7ev-ffvc1156-2-e,10,61682.52549,310,5,2,4,21,cyclic_16_1,unroll_32,unroll_2,unroll_2,1,8,0.147672789424,False
MatrixMultiplication_127.cpp,xczu7ev-ffvc1156-2-e,10,76527.72101,33,5,2,0,3,cyclic_16_1,unroll_4,unroll_2,unroll_2,1,2.5,0.104126680254,False
MatrixMultiplication_149.cpp,xczu7ev-ffvc1156-2-e,10,79125.92389,677,5,2,7,20,cyclic_16_1,unroll_4,unroll_32,unroll_2,1,8.5,0.1,False
MatrixMultiplication_131.cpp,xczu7ev-ffvc1156-2-e,10,10831.83365,113,10,1,8,17,cyclic_16_1,unroll_4,unroll_8,pipeline_1,1,9,0.646026102084,False
MatrixMultiplication_57.cpp,xczu7ev-ffvc1156-2-e,10,78540.98565,50,5,2,1,7,cyclic_16_1,unroll_8,unroll_2,unroll_2,1,3.75,0.101282892242,False
MatrixMultiplication_231.cpp,xczu7ev-ffvc1156-2-e,10,10831.81125,456,0,1,13,37,cyclic_2_1,unroll_16,unroll_16,pipeline_1,1,12.75,0.48548314444,False
MatrixMultiplication_181.cpp,xczu7ev-ffvc1156-2-e,10,32223.58085,199,0,2,3,8,cyclic_2_1,unroll_16,unroll_16,unroll_2,1,3.25,0.488352161568,False
MatrixMultiplication_500.cpp,xczu7ev-ffvc1156-2-e,10,10821.48933,73,0,1,2,5,cyclic_2_1,unroll_16,unroll_2,pipeline_1,3,2,0.885029941282,False
MatrixMultiplication_567.cpp,xczu7ev-ffvc1156-2-e,10,10061.27178,205,1,1,2,8,cyclic_2_1,unroll_16,unroll_2,unroll_16,1,3,0.869816350354,False
MatrixMultiplication_781.cpp,xczu7ev-ffvc1156-2-e,10,7523.71786,586,1,1,3,11,cyclic_2_1,unroll_16,unroll_2,unroll_32,1,4,0.882631407687,False
MatrixMultiplication_141.cpp,xczu7ev-ffvc1156-2-e,10,10826.66053,90.5,0.5,1,3,10.5,cyclic_2_1,unroll_16,unroll_4,pipeline_1,2,3.75,0.830956546933,False
MatrixMultiplication_580.cpp,xczu7ev-ffvc1156-2-e,10,6451.5489,1520,1,1,5,13,cyclic_2_1,unroll_16,unroll_4,unroll_32,1,5,0.868672186172,False
MatrixMultiplication_192.cpp,xczu7ev-ffvc1156-2-e,10,10826.66053,179,0.5,1,6.5,19.5,cyclic_2_1,unroll_16,unroll_8,pipeline_1,2,6.875,0.734224932655,False
MatrixMultiplication_123.cpp,xczu7ev-ffvc1156-2-e,10,10821.98533,43,0,1,1,5,cyclic_2_1,unroll_2,unroll_16,pipeline_1,5,1.75,0.890333981274,False
MatrixMultiplication_204.cpp,xczu7ev-ffvc1156-2-e,10,6556.24714,125.5,1,1,1,6,cyclic_2_1,unroll_2,unroll_16,unroll_16,6,2.25,0.951912741071,False
MatrixMultiplication_214.cpp,xczu7ev-ffvc1156-2-e,10,32227.35365,36,0,2,0,2,cyclic_2_1,unroll_2,unroll_16,unroll_2,4,1,0.496266441065,False
MatrixMultiplication_259.cpp,xczu7ev-ffvc1156-2-e,10,5632.51722,334,1,1,2,10,cyclic_2_1,unroll_2,unroll_16,unroll_32,4,3.5,0.931946480854,False
MatrixMultiplication_379.cpp,xczu7ev-ffvc1156-2-e,10,17711.78506,43,1,1,1,3,cyclic_2_1,unroll_2,unroll_16,unroll_4,1,1.5,0.759519225137,False
MatrixMultiplication_347.cpp,xczu7ev-ffvc1156-2-e,10,5548.30346,1159,1,1,4,12,cyclic_2_1,unroll_2,unroll_16,unroll_64,3,4.5,0.901800349741,False
MatrixMultiplication_124.cpp,xczu7ev-ffvc1156-2-e,10,10418.28362,60,1,1,1,4,cyclic_2_1,unroll_2,unroll_16,unroll_8,5,1.75,0.896227591062,False
MatrixMultiplication_174.cpp,xczu7ev-ffvc1156-2-e,10,10821.98533,29,0,1,0,1,cyclic_2_1,unroll_2,unroll_2,pipeline_1,7,0.5,0.897531450424,False
MatrixMultiplication_353.cpp,xczu7ev-ffvc1156-2-e,10,9914.96714,33,1,1,0,2,cyclic_2_1,unroll_2,unroll_2,unroll_16,3,1,1,True
MatrixMultiplication_310.cpp,xczu7ev-ffvc1156-2-e,10,32228.17285,31,0,2,0,1,cyclic_2_1,unroll_2,unroll_2,unroll_2,1,0.75,0.495673871001,False
MatrixMultiplication_445.cpp,xczu7ev-ffvc1156-2-e,10,7230.94026,45.5,1,1,1,3,cyclic_2_1,unroll_2,unroll_2,unroll_32,4,1.5,1,True
MatrixMultiplication_526.cpp,xczu7ev-ffvc1156-2-e,10,6307.61994,79.5,1,1,1,4,cyclic_2_1,unroll_2,unroll_2,unroll_64,2,1.75,0.963098586565,False
MatrixMultiplication_212.cpp,xczu7ev-ffvc1156-2-e,10,17139.34602,30.5,1,1,0,2,cyclic_2_1,unroll_2,unroll_2,unroll_8,4,1,0.771669844781,False
MatrixMultiplication_145.cpp,xczu7ev-ffvc1156-2-e,10,10821.49381,66,0,1,3,9,cyclic_2_1,unroll_2,unroll_32,pipeline_1,3,3.25,0.848655511411,False
MatrixMultiplication_252.cpp,xczu7ev-ffvc1156-2-e,10,6303.03242,331,1,1,2,10,cyclic_2_1,unroll_2,unroll_32,unroll_16,2,3.5,0.919814679019,False
MatrixMultiplication_601.cpp,xczu7ev-ffvc1156-2-e,10,5506.6881,1112,1,1,4,12,cyclic_2_1,unroll_2,unroll_32,unroll_32,3,4.5,0.902390646245,False
MatrixMultiplication_280.cpp,xczu7ev-ffvc1156-2-e,10,9920.57354,127,1,1,2,6,cyclic_2_1,unroll_2,unroll_32,unroll_8,3,2.5,0.8858480162,False
MatrixMultiplication_289.cpp,xczu7ev-ffvc1156-2-e,10,10821.98533,31.5,0,1,0,1,cyclic_2_1,unroll_2,unroll_4,pipeline_1,6,0.5,0.897531450424,False
MatrixMultiplication_403.cpp,xczu7ev-ffvc1156-2-e,10,7983.9489,43.5,1,1,0,3,cyclic_2_1,unroll_2,unroll_4,unroll_16,4,1.25,1,True
MatrixMultiplication_566.cpp,xczu7ev-ffvc1156-2-e,10,32225.55141,32,0,2,0,1,cyclic_2_1,unroll_2,unroll_4,unroll_2,1,0.75,0.495715704055,False
MatrixMultiplication_398.cpp,xczu7ev-ffvc1156-2-e,10,6305.57194,65.5,1,1,1,4,cyclic_2_1,unroll_2,unroll_4,unroll_32,4,1.75,1,True
MatrixMultiplication_474.cpp,xczu7ev-ffvc1156-2-e,10,5843.62506,151,1,1,2,6,cyclic_2_1,unroll_2,unroll_4,unroll_64,2,2.5,0.964561759687,False
MatrixMultiplication_343.cpp,xczu7ev-ffvc1156-2-e,10,13271.0657,33.5,1,1,0,2,cyclic_2_1,unroll_2,unroll_4,unroll_8,4,1,0.850212551212,False
MatrixMultiplication_383.cpp,xczu7ev-ffvc1156-2-e,10,10822.64069,149,0,1,6,18,cyclic_2_1,unroll_2,unroll_64,pipeline_1,1,6.25,0.756501189488,False
MatrixMultiplication_434.cpp,xczu7ev-ffvc1156-2-e,10,9663.32682,359,1,1,3,10,cyclic_2_1,unroll_2,unroll_64,unroll_8,2,3.75,0.85148373094,False
MatrixMultiplication_240.cpp,xczu7ev-ffvc1156-2-e,10,10821.49381,37,0,1,1,2,cyclic_2_1,unroll_2,unroll_8,pipeline_1,3,1,0.895980894607,False
MatrixMultiplication_357.cpp,xczu7ev-ffvc1156-2-e,10,7019.25898,65,1,1,1,4,cyclic_2_1,unroll_2,unroll_8,unroll_16,4,1.75,0.94806970839,False
MatrixMultiplication_216.cpp,xczu7ev-ffvc1156-2-e,10,32228.00901,30,0,2,0,1,cyclic_2_1,unroll_2,unroll_8,unroll_2,2,0.75,0.495676485504,False
MatrixMultiplication_341.cpp,xczu7ev-ffvc1156-2-e,10,5843.87082,135,1,1,2,6,cyclic_2_1,unroll_2,unroll_8,unroll_32,6,2.5,0.964556528338,False
MatrixMultiplication_724.cpp,xczu7ev-ffvc1156-2-e,10,5611.87338,367,1,1,3,10,cyclic_2_1,unroll_2,unroll_8,unroll_64,1,3.75,0.92237942292,False
MatrixMultiplication_242.cpp,xczu7ev-ffvc1156-2-e,10,11345.63594,41,1,1,1,3,cyclic_2_1,unroll_2,unroll_8,unroll_8,2,1.5,0.885153605538,False
MatrixMultiplication_106.cpp,xczu7ev-ffvc1156-2-e,10,10831.98501,86.5,0.5,1,3,12,cyclic_2_1,unroll_32,unroll_2,pipeline_1,2,4.125,0.817804551659,False
MatrixMultiplication_135.cpp,xczu7ev-ffvc1156-2-e,10,34755.09381,68,0,2,1,6,cyclic_2_1,unroll_32,unroll_2,unroll_2,1,2.25,0.455597105124,False
MatrixMultiplication_111.cpp,xczu7ev-ffvc1156-2-e,10,10831.83141,203,1,1,7,22,cyclic_2_1,unroll_32,unroll_4,pipeline_1,1,7.75,0.699449434353,False
MatrixMultiplication_283.cpp,xczu7ev-ffvc1156-2-e,10,10821.98277,71,0,1,3,9,cyclic_2_1,unroll_4,unroll_16,pipeline_1,5,3.25,0.848647064931,False
MatrixMultiplication_114.cpp,xczu7ev-ffvc1156-2-e,10,6556.24458,349.5,1,1,2,10,cyclic_2_1,unroll_4,unroll_16,unroll_16,4,3.5,0.914996512074,False
MatrixMultiplication_213.cpp,xczu7ev-ffvc1156-2-e,10,32224.81157,50.5,0,2,1,3,cyclic_2_1,unroll_4,unroll_16,unroll_2,2,1.5,0.496574774021,False
MatrixMultiplication_373.cpp,xczu7ev-ffvc1156-2-e,10,5642.67274,1190,1,1,4,12,cyclic_2_1,unroll_4,unroll_16,unroll_32,3,4.5,0.900448895265,False
MatrixMultiplication_270.cpp,xczu7ev-ffvc1156-2-e,10,17459.63274,74,1,1,1,5,cyclic_2_1,unroll_4,unroll_16,unroll_4,1,2,0.760251936618,False
MatrixMultiplication_163.cpp,xczu7ev-ffvc1156-2-e,10,10424.1985,127.5,1,1,2,7,cyclic_2_1,unroll_4,unroll_16,unroll_8,4,2.75,0.87034713939,False
MatrixMultiplication_211.cpp,xczu7ev-ffvc1156-2-e,10,10821.98277,33.5,0,1,0,1,cyclic_2_1,unroll_4,unroll_2,pipeline_1,6,0.5,0.897531502515,False
MatrixMultiplication_390.cpp,xczu7ev-ffvc1156-2-e,10,9998.6049,48.5,1,1,0,3,cyclic_2_1,unroll_4,unroll_2,unroll_16,2,1.25,0.91059226132,False
MatrixMultiplication_160.cpp,xczu7ev-ffvc1156-2-e,10,32905.65381,28.5,0,2,0,1,cyclic_2_1,unroll_4,unroll_2,unroll_2,2,0.75,0.484934944435,False
MatrixMultiplication_564.cpp,xczu7ev-ffvc1156-2-e,10,7398.4641,81,1,1,1,4,cyclic_2_1,unroll_4,unroll_2,unroll_32,2,1.75,0.944443880524,False
MatrixMultiplication_522.cpp,xczu7ev-ffvc1156-2-e,10,6475.14378,201,1,1,2,7,cyclic_2_1,unroll_4,unroll_2,unroll_64,1,2.75,0.945178252294,False
MatrixMultiplication_241.cpp,xczu7ev-ffvc1156-2-e,10,17301.52714,34,1,1,0,2,cyclic_2_1,unroll_4,unroll_2,unroll_8,3,1,0.768389192683,False
MatrixMultiplication_376.cpp,xczu7ev-ffvc1156-2-e,10,10821.49125,159,0,1,6,18,cyclic_2_1,unroll_4,unroll_32,pipeline_1,1,6.25,0.756518938063,False
MatrixMultiplication_16.cpp,xczu7ev-ffvc1156-2-e,10,10822.31045,37,0,1,1,3,cyclic_2_1,unroll_4,unroll_4,pipeline_1,8,1.25,0.897094282655,False
MatrixMultiplication_364.cpp,xczu7ev-ffvc1156-2-e,10,8024.90634,75,1,1,1,4,cyclic_2_1,unroll_4,unroll_4,unroll_16,3,1.75,0.933963239071,False
MatrixMultiplication_248.cpp,xczu7ev-ffvc1156-2-e,10,32228.00645,29,0,2,0,1,cyclic_2_1,unroll_4,unroll_4,unroll_2,1,0.75,0.495676526356,False
MatrixMultiplication_481.cpp,xczu7ev-ffvc1156-2-e,10,6389.86506,147,1,1,2,6,cyclic_2_1,unroll_4,unroll_4,unroll_32,2,2.5,0.952552416671,False
MatrixMultiplication_546.cpp,xczu7ev-ffvc1156-2-e,10,21320.3585,44,1,1,0,2,cyclic_2_1,unroll_4,unroll_4,unroll_4,1,1,0.688927363053,False
MatrixMultiplication_382.cpp,xczu7ev-ffvc1156-2-e,10,10821.98277,480,0,1,13,37,cyclic_2_1,unroll_4,unroll_64,pipeline_1,1,12.75,0.485532009672,False
MatrixMultiplication_349.cpp,xczu7ev-ffvc1156-2-e,10,10826.65221,45,0,1,1.5,5,cyclic_2_1,unroll_4,unroll_8,pipeline_1,2,1.875,0.887725861004,False
MatrixMultiplication_514.cpp,xczu7ev-ffvc1156-2-e,10,7037.44266,141,1,1,1,6,cyclic_2_1,unroll_4,unroll_8,unroll_16,1,2.25,0.944501633627,False
MatrixMultiplication_677.cpp,xczu7ev-ffvc1156-2-e,10,5884.00906,374,1,1,3,10,cyclic_2_1,unroll_4,unroll_8,unroll_32,1,3.75,0.918143390526,False
MatrixMultiplication_287.cpp,xczu7ev-ffvc1156-2-e,10,18721.0369,45,1,1,1,3,cyclic_2_1,unroll_4,unroll_8,unroll_4,1,1.5,0.739555238091,False
MatrixMultiplication_401.cpp,xczu7ev-ffvc1156-2-e,10,10821.48997,160,0,1,6,19,cyclic_2_1,unroll_8,unroll_16,pipeline_1,3,6.5,0.747956727814,False
MatrixMultiplication_138.cpp,xczu7ev-ffvc1156-2-e,10,6555.58794,1224,1,1,5,13,cyclic_2_1,unroll_8,unroll_16,unroll_16,3,5,0.867254654231,False
MatrixMultiplication_185.cpp,xczu7ev-ffvc1156-2-e,10,32223.58149,94,0,2,1,5,cyclic_2_1,unroll_8,unroll_16,unroll_2,1,2,0.495676955662,False
MatrixMultiplication_236.cpp,xczu7ev-ffvc1156-2-e,10,10423.87466,359,1,1,3,11,cyclic_2_1,unroll_8,unroll_16,unroll_8,1,4,0.829278974799,False
MatrixMultiplication_319.cpp,xczu7ev-ffvc1156-2-e,10,10821.48997,50,0,1,1,3,cyclic_2_1,unroll_8,unroll_2,pipeline_1,3,1.25,0.897110169076,False
MatrixMultiplication_345.cpp,xczu7ev-ffvc1156-2-e,10,10040.54666,88.5,1,1,1,5,cyclic_2_1,unroll_8,unroll_2,unroll_16,2,2,0.895353730919,False
MatrixMultiplication_203.cpp,xczu7ev-ffvc1156-2-e,10,32228.66053,38,0,2,0,2,cyclic_2_1,unroll_8,unroll_2,unroll_2,3,1,0.49624554887,False
MatrixMultiplication_511.cpp,xczu7ev-ffvc1156-2-e,10,7483.25002,186,1,1,2,7,cyclic_2_1,unroll_8,unroll_2,unroll_32,4,2.75,0.924014284887,False
MatrixMultiplication_102.cpp,xczu7ev-ffvc1156-2-e,10,6776.44426,551.5,1,1,3,11,cyclic_2_1,unroll_8,unroll_2,unroll_64,2,4,0.896199885763,False
MatrixMultiplication_152.cpp,xczu7ev-ffvc1156-2-e,10,17386.81674,56,1,1,1,4,cyclic_2_1,unroll_8,unroll_2,unroll_8,2,1.75,0.764233960901,False
MatrixMultiplication_285.cpp,xczu7ev-ffvc1156-2-e,10,10821.48997,446,0,1,13,37,cyclic_2_1,unroll_8,unroll_32,pipeline_1,1,12.75,0.485534458437,False
MatrixMultiplication_125.cpp,xczu7ev-ffvc1156-2-e,10,32301.82725,178,0,2,3,8,cyclic_2_1,unroll_8,unroll_32,unroll_2,2,3.25,0.487143224731,False
MatrixMultiplication_215.cpp,xczu7ev-ffvc1156-2-e,10,9914.63562,1213,1,1,6,14,cyclic_2_1,unroll_8,unroll_32,unroll_8,3,5.5,0.797107806842,False
MatrixMultiplication_470.cpp,xczu7ev-ffvc1156-2-e,10,10821.48997,59.5,0,1,1,5,cyclic_2_1,unroll_8,unroll_4,pipeline_1,2,1.75,0.89034166902,False
MatrixMultiplication_559.cpp,xczu7ev-ffvc1156-2-e,10,8045.38506,152,1,1,1,7,cyclic_2_1,unroll_8,unroll_4,unroll_16,1,2.5,0.920391657203,False
MatrixMultiplication_464.cpp,xczu7ev-ffvc1156-2-e,10,6435.74922,438.5,1,1,3,10.5,cyclic_2_1,unroll_8,unroll_4,unroll_32,2,3.875,0.904503666291,False
MatrixMultiplication_444.cpp,xczu7ev-ffvc1156-2-e,10,10821.48997,1769,0,1,26,72,cyclic_2_1,unroll_8,unroll_64,pipeline_1,1,24.75,0.146497552433,False
MatrixMultiplication_193.cpp,xczu7ev-ffvc1156-2-e,10,10821.98149,77,0,1,3,9,cyclic_2_1,unroll_8,unroll_8,pipeline_1,5,3.25,0.848647087042,False
MatrixMultiplication_284.cpp,xczu7ev-ffvc1156-2-e,10,7058.26954,388,1,1,3,11,cyclic_2_1,unroll_8,unroll_8,unroll_16,1,4,0.891165060986,False
MatrixMultiplication_510.cpp,xczu7ev-ffvc1156-2-e,10,5915.3217,1353,1,1,5,13,cyclic_2_1,unroll_8,unroll_8,unroll_32,1,5,0.875626554726,False
MatrixMultiplication_257.cpp,xczu7ev-ffvc1156-2-e,10,11404.59658,151,1,1,2,7,cyclic_2_1,unroll_8,unroll_8,unroll_8,3,2.75,0.855969427873,False
MatrixMultiplication_582.cpp,xczu7ev-ffvc1156-2-e,10,2952.4225,614,10,6,3,12,cyclic_32_1,unroll_2,unroll_2,unroll_32,1,7.75,0.75573381644,False
MatrixMultiplication_200.cpp,xczu7ev-ffvc1156-2-e,10,10831.81573,48,12,1,4,9,cyclic_32_1,unroll_2,unroll_4,pipeline_1,1,6.5,0.747803613256,False
MatrixMultiplication_385.cpp,xczu7ev-ffvc1156-2-e,10,43637.82666,508,10,1,0,7,cyclic_32_1,unroll_2,unroll_4,unroll_16,1,4.5,0.323153857814,False
MatrixMultiplication_232.cpp,xczu7ev-ffvc1156-2-e,10,60091.3153,60,10,1,1,5,cyclic_32_1,unroll_2,unroll_4,unroll_4,1,4.25,0.171698273955,False
MatrixMultiplication_598.cpp,xczu7ev-ffvc1156-2-e,10,10821.48933,79.5,1,1,3,6,cyclic_4_1,unroll_16,unroll_2,pipeline_1,2,2.75,0.864024780418,False
MatrixMultiplication_120.cpp,xczu7ev-ffvc1156-2-e,10,10822.31301,48.5,1,1,2,6,cyclic_4_1,unroll_2,unroll_16,pipeline_1,4,2.5,0.871804728457,False
MatrixMultiplication_230.cpp,xczu7ev-ffvc1156-2-e,10,5214.06986,172.5,2,2,2,7,cyclic_4_1,unroll_2,unroll_16,unroll_16,6,3.25,0.94721911748,False
MatrixMultiplication_295.cpp,xczu7ev-ffvc1156-2-e,10,59069.58853,40,1,2,0,4,cyclic_4_1,unroll_2,unroll_16,unroll_2,1,1.75,0.182773261852,False
MatrixMultiplication_331.cpp,xczu7ev-ffvc1156-2-e,10,3283.70698,551.5,2,2,2,10,cyclic_4_1,unroll_2,unroll_16,unroll_32,4,4,0.941757385921,False
MatrixMultiplication_223.cpp,xczu7ev-ffvc1156-2-e,10,16715.01834,45,1,1,1,3,cyclic_4_1,unroll_2,unroll_16,unroll_4,1,1.5,0.77931637991,False
MatrixMultiplication_109.cpp,xczu7ev-ffvc1156-2-e,10,9073.4849,77,2,2,1,5,cyclic_4_1,unroll_2,unroll_16,unroll_8,5,2.5,0.901653664556,False
MatrixMultiplication_296.cpp,xczu7ev-ffvc1156-2-e,10,10821.98533,29,1,1,0,1,cyclic_4_1,unroll_2,unroll_2,pipeline_1,5,0.75,0.894424761838,False
MatrixMultiplication_446.cpp,xczu7ev-ffvc1156-2-e,10,8572.87178,38,2,2,1,3,cyclic_4_1,unroll_2,unroll_2,unroll_16,2,2,0.920902880334,False
MatrixMultiplication_227.cpp,xczu7ev-ffvc1156-2-e,10,59074.25797,29,1,2,0,1,cyclic_4_1,unroll_2,unroll_2,unroll_2,2,1,0.182692910462,False
MatrixMultiplication_452.cpp,xczu7ev-ffvc1156-2-e,10,4966.34378,51,2,2,1,4,cyclic_4_1,unroll_2,unroll_2,unroll_32,5,2.25,1,True
MatrixMultiplication_712.cpp,xczu7ev-ffvc1156-2-e,10,3623.51114,99,2,2,2,5,cyclic_4_1,unroll_2,unroll_2,unroll_64,3,2.75,0.989340932513,False
MatrixMultiplication_369.cpp,xczu7ev-ffvc1156-2-e,10,15797.16874,32,2,2,1,3,cyclic_4_1,unroll_2,unroll_2,unroll_8,2,2,0.791894397818,False
MatrixMultiplication_366.cpp,xczu7ev-ffvc1156-2-e,10,4960.85514,570.5,2,2,3,10,cyclic_4_1,unroll_2,unroll_32,unroll_16,2,4.25,0.918711875067,False
MatrixMultiplication_253.cpp,xczu7ev-ffvc1156-2-e,10,16620.44682,81,1,1,1,4,cyclic_4_1,unroll_2,unroll_32,unroll_4,1,1.75,0.779199318393,False
MatrixMultiplication_250.cpp,xczu7ev-ffvc1156-2-e,10,8572.46218,178,2,2,2,7,cyclic_4_1,unroll_2,unroll_32,unroll_8,1,3.25,0.888397443476,False
MatrixMultiplication_264.cpp,xczu7ev-ffvc1156-2-e,10,10821.98533,31,1,1,0,2,cyclic_4_1,unroll_2,unroll_4,pipeline_1,5,1,0.895970477298,False
MatrixMultiplication_342.cpp,xczu7ev-ffvc1156-2-e,10,6641.11626,47.5,2,2,1,4,cyclic_4_1,unroll_2,unroll_4,unroll_16,4,2.25,0.950732840186,False
MatrixMultiplication_392.cpp,xczu7ev-ffvc1156-2-e,10,3998.1313,87.5,2,2,1,5,cyclic_4_1,unroll_2,unroll_4,unroll_32,2,2.5,1,True
MatrixMultiplication_247.cpp,xczu7ev-ffvc1156-2-e,10,19815.49066,28,1,1,0,2,cyclic_4_1,unroll_2,unroll_4,unroll_4,1,1,0.718225583126,False
MatrixMultiplication_503.cpp,xczu7ev-ffvc1156-2-e,10,3159.2705,218.5,2,2,2,7,cyclic_4_1,unroll_2,unroll_4,unroll_64,2,3.25,1,True
MatrixMultiplication_217.cpp,xczu7ev-ffvc1156-2-e,10,11927.90538,35,2,2,1,3,cyclic_4_1,unroll_2,unroll_4,unroll_8,4,2,0.86694552934,False
MatrixMultiplication_189.cpp,xczu7ev-ffvc1156-2-e,10,10826.57285,35,1,1,1,3,cyclic_4_1,unroll_2,unroll_8,pipeline_1,5,1.5,0.894492840977,False
MatrixMultiplication_291.cpp,xczu7ev-ffvc1156-2-e,10,5674.78794,77,2,2,1,5,cyclic_4_1,unroll_2,unroll_8,unroll_16,3,2.5,0.968094588264,False
MatrixMultiplication_178.cpp,xczu7ev-ffvc1156-2-e,10,59072.86533,33,1,2,0,2,cyclic_4_1,unroll_2,unroll_8,unroll_2,1,1.25,0.182783611661,False
MatrixMultiplication_620.cpp,xczu7ev-ffvc1156-2-e,10,3514.72138,187,2,2,1,6,cyclic_4_1,unroll_2,unroll_8,unroll_32,3,2.75,1,True
MatrixMultiplication_335.cpp,xczu7ev-ffvc1156-2-e,10,17302.87626,34,1,1,0,2,cyclic_4_1,unroll_2,unroll_8,unroll_4,1,1,0.76836192135,False
MatrixMultiplication_587.cpp,xczu7ev-ffvc1156-2-e,10,2927.51882,627,2,2,3,10,cyclic_4_1,unroll_2,unroll_8,unroll_64,3,4.25,1,True
MatrixMultiplication_158.cpp,xczu7ev-ffvc1156-2-e,10,9997.21482,46,2,2,1,4,cyclic_4_1,unroll_2,unroll_8,unroll_8,4,2.25,0.889565551027,False
MatrixMultiplication_11.cpp,xczu7ev-ffvc1156-2-e,10,10831.97477,102,1,1,5,14,cyclic_4_1,unroll_32,unroll_2,pipeline_1,3,5.25,0.790190388004,False
MatrixMultiplication_58.cpp,xczu7ev-ffvc1156-2-e,10,48680.16293,78,1,2,2,9,cyclic_4_1,unroll_32,unroll_2,unroll_2,1,3.5,0.272565290603,False
MatrixMultiplication_137.cpp,xczu7ev-ffvc1156-2-e,10,16112.04778,253,2,2,3,12,cyclic_4_1,unroll_32,unroll_2,unroll_8,1,4.75,0.717996178599,False
MatrixMultiplication_220.cpp,xczu7ev-ffvc1156-2-e,10,10821.49125,92,1,1,5,11,cyclic_4_1,unroll_4,unroll_16,pipeline_1,3,4.5,0.809708276959,False
MatrixMultiplication_179.cpp,xczu7ev-ffvc1156-2-e,10,5928.73738,574.5,2,2,3,11,cyclic_4_1,unroll_4,unroll_16,unroll_16,2,4.5,0.896247580169,False
MatrixMultiplication_201.cpp,xczu7ev-ffvc1156-2-e,10,59068.35717,62.5,1,2,1,8,cyclic_4_1,unroll_4,unroll_16,unroll_2,2,3,0.18156361807,False
MatrixMultiplication_165.cpp,xczu7ev-ffvc1156-2-e,10,9076.10378,173,2,2,2,8,cyclic_4_1,unroll_4,unroll_16,unroll_8,3,3.5,0.870757320927,False
MatrixMultiplication_571.cpp,xczu7ev-ffvc1156-2-e,10,10822.31045,32.5,1,1,0,2,cyclic_4_1,unroll_4,unroll_2,pipeline_1,2,1,0.89596358667,False
MatrixMultiplication_611.cpp,xczu7ev-ffvc1156-2-e,10,5007.6289,105,2,2,1,5,cyclic_4_1,unroll_4,unroll_2,unroll_32,1,2.5,0.979666741496,False
MatrixMultiplication_186.cpp,xczu7ev-ffvc1156-2-e,10,10821.49125,225,1,1,10,23,cyclic_4_1,unroll_4,unroll_32,pipeline_1,1,8.75,0.657003898351,False
MatrixMultiplication_153.cpp,xczu7ev-ffvc1156-2-e,10,10822.63813,37,1,1,1,3,cyclic_4_1,unroll_4,unroll_4,pipeline_1,5,1.5,0.894559495214,False
MatrixMultiplication_406.cpp,xczu7ev-ffvc1156-2-e,10,6682.81098,85,2,2,1,5,cyclic_4_1,unroll_4,unroll_4,unroll_16,2,2.5,0.945937909993,False
MatrixMultiplication_254.cpp,xczu7ev-ffvc1156-2-e,10,12009.24938,53,2,2,1,4,cyclic_4_1,unroll_4,unroll_4,unroll_8,2,2.25,0.86023590074,False
MatrixMultiplication_239.cpp,xczu7ev-ffvc1156-2-e,10,10831.83365,44,2,1,3,6,cyclic_4_1,unroll_4,unroll_8,pipeline_1,1,3,0.856071071835,False
MatrixMultiplication_271.cpp,xczu7ev-ffvc1156-2-e,10,5700.34442,183,2,2,2,7,cyclic_4_1,unroll_4,unroll_8,unroll_16,1,3.25,0.938197486668,False
MatrixMultiplication_101.cpp,xczu7ev-ffvc1156-2-e,10,10827.87861,841.5,1,1,21.5,51,cyclic_4_1,unroll_64,unroll_4,pipeline_1,2,18.625,0.280123059278,False
MatrixMultiplication_260.cpp,xczu7ev-ffvc1156-2-e,10,10823.94757,222,1,1,10,23,cyclic_4_1,unroll_8,unroll_16,pipeline_1,1,8.75,0.656979773515,False
MatrixMultiplication_132.cpp,xczu7ev-ffvc1156-2-e,10,9077.58922,622,2,2,3,11.5,cyclic_4_1,unroll_8,unroll_16,unroll_8,2,4.625,0.83935432586,False
MatrixMultiplication_415.cpp,xczu7ev-ffvc1156-2-e,10,10823.94757,37,1,1,1,3,cyclic_4_1,unroll_8,unroll_2,pipeline_1,3,1.5,0.894537321595,False
MatrixMultiplication_399.cpp,xczu7ev-ffvc1156-2-e,10,8701.89194,95.5,2,2,1,6,cyclic_4_1,unroll_8,unroll_2,unroll_16,2,2.75,0.901452512123,False
MatrixMultiplication_170.cpp,xczu7ev-ffvc1156-2-e,10,49686.80069,35,1,2,0,3,cyclic_4_1,unroll_8,unroll_2,unroll_2,1,1.5,0.266021185329,False
MatrixMultiplication_484.cpp,xczu7ev-ffvc1156-2-e,10,5029.90986,277.5,2,2,2,8,cyclic_4_1,unroll_8,unroll_2,unroll_32,4,3.5,0.941765205876,False
MatrixMultiplication_763.cpp,xczu7ev-ffvc1156-2-e,10,3822.10186,1033,2,2,3,13,cyclic_4_1,unroll_8,unroll_2,unroll_64,1,5,0.898977629731,False
MatrixMultiplication_436.cpp,xczu7ev-ffvc1156-2-e,10,10821.48997,777,1,1,21,46,cyclic_4_1,unroll_8,unroll_32,pipeline_1,1,17.25,0.321771514046,False
MatrixMultiplication_180.cpp,xczu7ev-ffvc1156-2-e,10,10822.71877,55,1,1,2,6,cyclic_4_1,unroll_8,unroll_4,pipeline_1,2,2.5,0.87179918062,False
MatrixMultiplication_454.cpp,xczu7ev-ffvc1156-2-e,10,4034.51018,759,2,2,2,11,cyclic_4_1,unroll_8,unroll_4,unroll_32,2,4.25,0.93058104814,False
MatrixMultiplication_226.cpp,xczu7ev-ffvc1156-2-e,10,12053.40298,85,2,2,1,6,cyclic_4_1,unroll_8,unroll_4,unroll_8,1,2.75,0.846247952379,False
MatrixMultiplication_268.cpp,xczu7ev-ffvc1156-2-e,10,10821.48997,97.5,1,1,5,11,cyclic_4_1,unroll_8,unroll_8,pipeline_1,2,4.5,0.809708301479,False
MatrixMultiplication_297.cpp,xczu7ev-ffvc1156-2-e,10,5706.24138,634,2,2,3,11,cyclic_4_1,unroll_8,unroll_8,unroll_16,1,4.5,0.899528669295,False
MatrixMultiplication_245.cpp,xczu7ev-ffvc1156-2-e,10,59070.24005,59,1,2,1,8,cyclic_4_1,unroll_8,unroll_8,unroll_2,1,3,0.181549947409,False
MatrixMultiplication_182.cpp,xczu7ev-ffvc1156-2-e,10,74846.06981,166,20,2,1,7,cyclic_64_1,unroll_2,unroll_8,unroll_2,1,7.5,0.103775271413,False
MatrixMultiplication_104.cpp,xczu7ev-ffvc1156-2-e,10,10837.05605,97.5,26.5,1,8,17.5,cyclic_64_1,unroll_4,unroll_2,pipeline_1,2,13.25,0.465356869167,False
MatrixMultiplication_413.cpp,xczu7ev-ffvc1156-2-e,10,7901.45546,42.5,5,4,1,6,cyclic_8_1,unroll_2,unroll_2,unroll_16,2,4,0.875539139261,False
MatrixMultiplication_263.cpp,xczu7ev-ffvc1156-2-e,10,61756.07301,33,2,2,0,1,cyclic_8_1,unroll_2,unroll_2,unroll_2,1,1.25,0.164255613211,False
MatrixMultiplication_583.cpp,xczu7ev-ffvc1156-2-e,10,4294.59978,74,5,4,2,7,cyclic_8_1,unroll_2,unroll_2,unroll_32,1,4.5,0.917790831425,False
MatrixMultiplication_769.cpp,xczu7ev-ffvc1156-2-e,10,2491.04906,205,5,4,2,7,cyclic_8_1,unroll_2,unroll_2,unroll_64,1,4.5,1,True
MatrixMultiplication_730.cpp,xczu7ev-ffvc1156-2-e,10,11780.8129,31,2,2,1,3,cyclic_8_1,unroll_2,unroll_2,unroll_8,1,2,0.86952807921,False
MatrixMultiplication_558.cpp,xczu7ev-ffvc1156-2-e,10,10824.11525,35,2,1,1,3,cyclic_8_1,unroll_2,unroll_4,pipeline_1,1,1.75,0.890300914116,False
MatrixMultiplication_658.cpp,xczu7ev-ffvc1156-2-e,10,3327.04266,157,5,4,2,7,cyclic_8_1,unroll_2,unroll_4,unroll_32,2,4.5,0.925971332606,False
MatrixMultiplication_689.cpp,xczu7ev-ffvc1156-2-e,10,2006.08266,529,5,4,2,9,cyclic_8_1,unroll_2,unroll_4,unroll_64,3,5,1,True
MatrixMultiplication_318.cpp,xczu7ev-ffvc1156-2-e,10,10822.80453,40,2,1,2,5,cyclic_8_1,unroll_2,unroll_8,pipeline_1,1,2.5,0.871798007997,False
MatrixMultiplication_524.cpp,xczu7ev-ffvc1156-2-e,10,5003.20778,147,5,4,2,7,cyclic_8_1,unroll_2,unroll_8,unroll_16,1,4.5,0.909237762441,False
MatrixMultiplication_199.cpp,xczu7ev-ffvc1156-2-e,10,10829.18949,450,3,1,19,41,cyclic_8_1,unroll_32,unroll_4,pipeline_1,1,16,0.363143965193,False
MatrixMultiplication_306.cpp,xczu7ev-ffvc1156-2-e,10,8570.16586,416,2,2,2,7,cyclic_8_1,unroll_4,unroll_16,unroll_8,1,3.25,0.888442086407,False
MatrixMultiplication_618.cpp,xczu7ev-ffvc1156-2-e,10,4357.01898,817,5,4,2,10,cyclic_8_1,unroll_8,unroll_2,unroll_32,1,5.25,0.884052285153,False
