Version,Device,Clock_Period_nsec,Latency_msec,Synthesis_Time_sec,BRAM_Utilization_percentage,DSP_Utilization_percentage,FF_Utilization_percentage,LUT_Utilization_percentage,Array_1,Array_2,Array_3,OuterLoop_1,InnerLoop_1_1,InnerLoop_2_1,Replicate_Count,Area,Weight,is_pareto
workload_4917.cpp,xcu200-fsgd2104-2-e,3.33,96.42643038,1172,6,7,2,6,block_128_1,block_4_1,complete_1,unroll_2,unroll_2,unroll_8,1,5.25,0.756463600634,False
workload_4637.cpp,xcu200-fsgd2104-2-e,3.33,97.75638243,352,6,3,1,3,block_128_1,block_4_1,cyclic_2_1,unroll_2,unroll_2,unroll_4,1,3.25,0.783881340462,False
workload_4830.cpp,xcu200-fsgd2104-2-e,3.33,96.42643038,1168,6,7,2,6,block_128_1,cyclic_4_1,complete_1,unroll_2,unroll_2,unroll_8,1,5.25,0.756463600634,False
workload_4273.cpp,xcu200-fsgd2104-2-e,3.33,126.62908083,1534,7,7,2,8,block_128_1,cyclic_64_1,block_2_1,unroll_2,unroll_2,unroll_8,1,6,0.659488379605,False
workload_4435.cpp,xcu200-fsgd2104-2-e,3.33,145.48851585,2732,6,56,19,27,block_16_1,block_2_1,block_4_1,unroll_17,unroll_4,unroll_4,1,27,0.257214270445,False
workload_4414.cpp,xcu200-fsgd2104-2-e,3.33,97.97790402,110,6,7,2,3,block_16_1,block_2_1,complete_1,unroll_4,unroll_2,unroll_4,1,4.5,0.765404689701,False
workload_4251.cpp,xcu200-fsgd2104-2-e,3.33,319.69024974,412,6,1,26,44,block_16_1,cyclic_16_1,complete_1,unroll_2,unroll_32,pipeline_1,1,19.25,0.144543764513,False
workload_4291.cpp,xcu200-fsgd2104-2-e,3.33,306.59615694,631,6,1,27,46,block_16_1,cyclic_32_1,complete_1,unroll_2,unroll_32,pipeline_1,1,20,0.153693350054,False
workload_4222.cpp,xcu200-fsgd2104-2-e,3.33,319.69033299,691,6,1,26,46,block_16_1,cyclic_32_1,cyclic_2_1,unroll_2,unroll_32,pipeline_1,1,19.75,0.142530697387,False
workload_4288.cpp,xcu200-fsgd2104-2-e,3.33,106.27592769,152,5,1,13,21,block_16_1,cyclic_4_1,block_2_1,unroll_17,unroll_2,pipeline_1,1,10,0.642870515931,False
workload_4244.cpp,xcu200-fsgd2104-2-e,3.33,193.06652355,87,5,1,6,11,block_16_1,cyclic_4_1,block_2_1,unroll_2,unroll_8,pipeline_1,1,5.75,0.453881871478,False
workload_4651.cpp,xcu200-fsgd2104-2-e,3.33,4.92713793,1923.5,1,1,12,22,block_2_1,block_128_1,complete_1,unroll_2,pipeline_1,pipeline_1,2,9,0.855371915818,False
workload_4883.cpp,xcu200-fsgd2104-2-e,3.33,4.92713793,2032,1,1,12,22,block_2_1,block_128_1,complete_1,unroll_2,pipeline_1,unroll_64,2,9,0.855371915818,False
workload_4450.cpp,xcu200-fsgd2104-2-e,3.33,126.41084262,93,1,1,1,3,block_2_1,block_16_1,cyclic_4_1,unroll_2,unroll_2,unroll_8,1,1.5,0.674888119547,False
workload_4328.cpp,xcu200-fsgd2104-2-e,3.33,116.6931234,121,1,1,13,22,block_2_1,block_2_1,block_2_1,unroll_17,unroll_2,pipeline_1,1,9.25,0.635491399462,False
workload_4371.cpp,xcu200-fsgd2104-2-e,3.33,97.53814422,60,1,1,1,1,block_2_1,block_2_1,block_4_1,unroll_2,unroll_2,unroll_4,1,1,0.78179912362,False
workload_4570.cpp,xcu200-fsgd2104-2-e,3.33,95.03078742,1081,1,1,13,17,block_2_1,block_2_1,block_4_1,unroll_2,unroll_2,unroll_64,1,8,0.706858558341,False
workload_4418.cpp,xcu200-fsgd2104-2-e,3.33,181.71734742,69,1,1,6,11,block_2_1,block_2_1,block_4_1,unroll_2,unroll_8,pipeline_1,1,4.75,0.490186638709,False
workload_4517.cpp,xcu200-fsgd2104-2-e,3.33,106.05419298,57,1,1,3,6,block_2_1,block_2_1,block_4_1,unroll_4,unroll_2,pipeline_1,1,2.75,0.754181237683,False
workload_4503.cpp,xcu200-fsgd2104-2-e,3.33,4.80984201,1473,1,1,5,14,block_2_1,block_2_1,complete_1,unroll_2,pipeline_1,pipeline_1,3,5.25,0.999997901219,False
workload_4922.cpp,xcu200-fsgd2104-2-e,3.33,4.80984201,1662,1,1,5,14,block_2_1,block_2_1,complete_1,unroll_2,pipeline_1,unroll_32,1,5.25,0.999997901219,False
workload_4542.cpp,xcu200-fsgd2104-2-e,3.33,4.80984201,1668.5,1,1,5,14,block_2_1,block_2_1,complete_1,unroll_2,pipeline_1,unroll_4,2,5.25,0.999997901219,False
workload_4834.cpp,xcu200-fsgd2104-2-e,3.33,4.80984201,1591,1,1,5,14,block_2_1,block_2_1,complete_1,unroll_2,pipeline_1,unroll_64,1,5.25,0.999997901219,False
workload_4751.cpp,xcu200-fsgd2104-2-e,3.33,4.80984201,1506.5,1,1,5,14,block_2_1,block_2_1,complete_1,unroll_2,pipeline_1,unroll_8,2,5.25,0.999997901219,False
workload_4602.cpp,xcu200-fsgd2104-2-e,3.33,106.05409641,50,1,1,1,3,block_2_1,block_2_1,complete_1,unroll_2,unroll_2,pipeline_1,1,1.5,0.749874711488,False
workload_4866.cpp,xcu200-fsgd2104-2-e,3.33,95.48784657,134,1,1,3,4,block_2_1,block_2_1,complete_1,unroll_2,unroll_2,unroll_16,1,2.25,0.785831580608,False
workload_4808.cpp,xcu200-fsgd2104-2-e,3.33,95.03070417,1175,1,1,13,17,block_2_1,block_2_1,complete_1,unroll_2,unroll_2,unroll_64,1,8,0.706858711322,False
workload_4627.cpp,xcu200-fsgd2104-2-e,3.33,96.20819217,73,1,1,1,2,block_2_1,block_2_1,complete_1,unroll_2,unroll_2,unroll_8,1,1.25,0.786566075233,False
workload_4770.cpp,xcu200-fsgd2104-2-e,3.33,143.61044913,143,1,1,3,5,block_2_1,block_2_1,complete_1,unroll_2,unroll_4,unroll_8,1,2.5,0.614583614946,False
workload_4348.cpp,xcu200-fsgd2104-2-e,3.33,4.80947238,1621,1,1,5,14,block_2_1,block_2_1,cyclic_2_1,unroll_2,pipeline_1,pipeline_1,3,5.25,0.999999614195,False
workload_4573.cpp,xcu200-fsgd2104-2-e,3.33,4.80947238,1575,1,1,5,14,block_2_1,block_2_1,cyclic_2_1,unroll_2,pipeline_1,unroll_4,1,5.25,0.999999614195,False
workload_4608.cpp,xcu200-fsgd2104-2-e,3.33,4.80947238,1674,1,1,5,14,block_2_1,block_2_1,cyclic_2_1,unroll_2,pipeline_1,unroll_64,1,5.25,0.999999614195,False
workload_4476.cpp,xcu200-fsgd2104-2-e,3.33,111.3736815,43,1,1,1,3,block_2_1,block_2_1,cyclic_2_1,unroll_2,unroll_2,pipeline_1,2,1.5,0.730201724059,False
workload_4477.cpp,xcu200-fsgd2104-2-e,3.33,97.53814422,54,1,1,1,1,block_2_1,block_2_1,cyclic_2_1,unroll_2,unroll_2,unroll_4,1,1,0.78179912362,False
workload_4561.cpp,xcu200-fsgd2104-2-e,3.33,96.20827542,83,1,1,1,2,block_2_1,block_2_1,cyclic_2_1,unroll_2,unroll_2,unroll_8,1,1.25,0.786565749261,False
workload_4540.cpp,xcu200-fsgd2104-2-e,3.33,4.80992526,1681.5,1,1,5,14,block_2_1,block_2_1,cyclic_4_1,unroll_2,pipeline_1,pipeline_1,2,5.25,0.999997515414,False
workload_4525.cpp,xcu200-fsgd2104-2-e,3.33,116.6931567,47,1,1,1,3,block_2_1,block_2_1,cyclic_4_1,unroll_2,unroll_2,pipeline_1,1,1.5,0.710474555543,False
workload_4564.cpp,xcu200-fsgd2104-2-e,3.33,100.19788182,51,1,1,1,1,block_2_1,block_2_1,cyclic_4_1,unroll_2,unroll_2,unroll_2,1,1,0.771481075259,False
workload_4441.cpp,xcu200-fsgd2104-2-e,3.33,97.53814422,55,1,1,1,1,block_2_1,block_2_1,cyclic_4_1,unroll_2,unroll_2,unroll_4,1,1,0.78179912362,False
workload_4632.cpp,xcu200-fsgd2104-2-e,3.33,96.20827542,82,1,1,1,2,block_2_1,block_2_1,cyclic_4_1,unroll_2,unroll_2,unroll_8,1,1.25,0.786565749261,False
workload_4687.cpp,xcu200-fsgd2104-2-e,3.33,4.81037814,1783.5,1,1,9,18,block_2_1,block_4_1,block_4_1,unroll_2,pipeline_1,unroll_64,2,7.25,0.921290031564,False
workload_4454.cpp,xcu200-fsgd2104-2-e,3.33,106.0542063,47,1,1,1,3,block_2_1,block_4_1,block_4_1,unroll_2,unroll_2,pipeline_1,1,1.5,0.749874309081,False
workload_4578.cpp,xcu200-fsgd2104-2-e,3.33,4.81029489,1707.5,1,1,9,18,block_2_1,block_4_1,complete_1,unroll_2,pipeline_1,pipeline_1,2,7.25,0.921290031584,False
workload_4921.cpp,xcu200-fsgd2104-2-e,3.33,4.81029489,1610,1,1,9,18,block_2_1,block_4_1,complete_1,unroll_2,pipeline_1,unroll_16,1,7.25,0.921290031584,False
workload_4716.cpp,xcu200-fsgd2104-2-e,3.33,4.81029489,1820,1,1,9,18,block_2_1,block_4_1,complete_1,unroll_2,pipeline_1,unroll_4,2,7.25,0.921290031584,False
workload_4650.cpp,xcu200-fsgd2104-2-e,3.33,4.81029489,1720,1,1,9,18,block_2_1,block_4_1,complete_1,unroll_2,pipeline_1,unroll_64,1,7.25,0.921290031584,False
workload_4815.cpp,xcu200-fsgd2104-2-e,3.33,4.81029489,1748.5,1,1,9,18,block_2_1,block_4_1,complete_1,unroll_2,pipeline_1,unroll_8,2,7.25,0.921290031584,False
workload_4366.cpp,xcu200-fsgd2104-2-e,3.33,116.69304681,43,1,1,1,3,block_2_1,block_4_1,complete_1,unroll_2,unroll_2,pipeline_1,1,1.5,0.710474961851,False
workload_4913.cpp,xcu200-fsgd2104-2-e,3.33,95.48784657,141,1,1,3,4,block_2_1,block_4_1,complete_1,unroll_2,unroll_2,unroll_16,1,2.25,0.785831580608,False
workload_4891.cpp,xcu200-fsgd2104-2-e,3.33,97.53806097,58,1,1,1,1,block_2_1,block_4_1,complete_1,unroll_2,unroll_2,unroll_4,1,1,0.781799447509,False
workload_4410.cpp,xcu200-fsgd2104-2-e,3.33,96.20819217,80,1,1,1,2,block_2_1,block_4_1,complete_1,unroll_2,unroll_2,unroll_8,1,1.25,0.786566075233,False
workload_4478.cpp,xcu200-fsgd2104-2-e,3.33,97.75966581,88,1,1,2,3,block_2_1,block_4_1,complete_1,unroll_4,unroll_2,unroll_4,1,1.75,0.782615151237,False
workload_4553.cpp,xcu200-fsgd2104-2-e,3.33,96.31897461,148,1,1,3,5,block_2_1,block_4_1,complete_1,unroll_4,unroll_2,unroll_8,1,2.5,0.789107152152,False
workload_4449.cpp,xcu200-fsgd2104-2-e,3.33,116.6931567,44,1,1,1,3,block_2_1,block_4_1,cyclic_2_1,unroll_2,unroll_2,pipeline_1,1,1.5,0.710474555543,False
workload_4482.cpp,xcu200-fsgd2104-2-e,3.33,106.0542063,43,1,1,1,3,block_2_1,block_4_1,cyclic_4_1,unroll_2,unroll_2,pipeline_1,1,1.5,0.749874309081,False
workload_4551.cpp,xcu200-fsgd2104-2-e,3.33,96.20827542,79,1,1,1,2,block_2_1,block_4_1,cyclic_4_1,unroll_2,unroll_2,unroll_8,1,1.25,0.786565749261,False
workload_4461.cpp,xcu200-fsgd2104-2-e,3.33,97.7597757,87,1,1,2,3,block_2_1,block_4_1,cyclic_4_1,unroll_4,unroll_2,unroll_4,1,1.75,0.782614718709,False
workload_4480.cpp,xcu200-fsgd2104-2-e,3.33,136.2567735,44,1,1,1,3,block_2_1,block_8_1,block_4_1,unroll_2,unroll_2,pipeline_1,1,1.5,0.639696598648,False
workload_4376.cpp,xcu200-fsgd2104-2-e,3.33,125.69041377,152,1,1,3,5,block_2_1,block_8_1,complete_1,unroll_2,unroll_2,unroll_16,1,2.5,0.678690164405,False
workload_4518.cpp,xcu200-fsgd2104-2-e,3.33,126.41075937,82,1,1,1,2,block_2_1,block_8_1,complete_1,unroll_2,unroll_2,unroll_8,1,1.25,0.674253075192,False
workload_4337.cpp,xcu200-fsgd2104-2-e,3.33,146.8957239,48,1,1,1,3,block_2_1,block_8_1,cyclic_4_1,unroll_2,unroll_2,pipeline_1,1,1.5,0.602780377332,False
workload_4704.cpp,xcu200-fsgd2104-2-e,3.33,126.41075937,83,1,1,1,2,block_2_1,cyclic_16_1,complete_1,unroll_2,unroll_2,unroll_8,1,1.25,0.674253075192,False
workload_4923.cpp,xcu200-fsgd2104-2-e,3.33,4.80947238,1756,1,1,5,14,block_2_1,cyclic_2_1,block_2_1,unroll_2,pipeline_1,unroll_32,1,5.25,0.999999614195,False
workload_4720.cpp,xcu200-fsgd2104-2-e,3.33,4.80947238,1538,1,1,5,14,block_2_1,cyclic_2_1,block_4_1,unroll_2,pipeline_1,unroll_64,1,5.25,0.999999614195,False
workload_4685.cpp,xcu200-fsgd2104-2-e,3.33,4.80938913,1713,1,1,5,14,block_2_1,cyclic_2_1,complete_1,unroll_2,pipeline_1,pipeline_1,4,5.25,1,True
workload_4810.cpp,xcu200-fsgd2104-2-e,3.33,4.80938913,1607,1,1,5,14,block_2_1,cyclic_2_1,complete_1,unroll_2,pipeline_1,unroll_16,1,5.25,1,True
workload_4776.cpp,xcu200-fsgd2104-2-e,3.33,4.80938913,1634,1,1,5,14,block_2_1,cyclic_2_1,complete_1,unroll_2,pipeline_1,unroll_32,2,5.25,1,True
workload_4574.cpp,xcu200-fsgd2104-2-e,3.33,4.80938913,1596.5,1,1,5,14,block_2_1,cyclic_2_1,complete_1,unroll_2,pipeline_1,unroll_4,2,5.25,1,True
workload_4749.cpp,xcu200-fsgd2104-2-e,3.33,4.80938913,1844.5,1,1,5,14,block_2_1,cyclic_2_1,complete_1,unroll_2,pipeline_1,unroll_64,2,5.25,1,True
workload_4712.cpp,xcu200-fsgd2104-2-e,3.33,4.80938913,1560,1,1,5,14,block_2_1,cyclic_2_1,complete_1,unroll_2,pipeline_1,unroll_8,2,5.25,1,True
workload_4915.cpp,xcu200-fsgd2104-2-e,3.33,95.18308497,314,1,1,5,7,block_2_1,cyclic_2_1,complete_1,unroll_2,unroll_2,unroll_32,1,3.5,0.786921273172,False
workload_4731.cpp,xcu200-fsgd2104-2-e,3.33,97.53806097,54,1,1,1,1,block_2_1,cyclic_2_1,complete_1,unroll_2,unroll_2,unroll_4,1,1,0.781799447509,False
workload_4464.cpp,xcu200-fsgd2104-2-e,3.33,95.03070417,965,1,1,11,14,block_2_1,cyclic_2_1,complete_1,unroll_2,unroll_2,unroll_64,1,6.75,0.731905844538,False
workload_4695.cpp,xcu200-fsgd2104-2-e,3.33,96.20819217,70,1,1,1,2,block_2_1,cyclic_2_1,complete_1,unroll_2,unroll_2,unroll_8,1,1.25,0.786566075233,False
workload_4457.cpp,xcu200-fsgd2104-2-e,3.33,106.05408309,52,1,1,3,5,block_2_1,cyclic_2_1,complete_1,unroll_4,unroll_2,pipeline_1,1,2.5,0.75281976153,False
workload_4408.cpp,xcu200-fsgd2104-2-e,3.33,97.75966581,77,1,1,1,2,block_2_1,cyclic_2_1,complete_1,unroll_4,unroll_2,unroll_4,1,1.25,0.780501511486,False
workload_4753.cpp,xcu200-fsgd2104-2-e,3.33,4.80947238,1748,1,1,5,14,block_2_1,cyclic_2_1,cyclic_2_1,unroll_2,pipeline_1,unroll_8,1,5.25,0.999999614195,False
workload_4607.cpp,xcu200-fsgd2104-2-e,3.33,4.80947238,1660,1,1,5,14,block_2_1,cyclic_2_1,cyclic_4_1,unroll_2,pipeline_1,unroll_4,1,5.25,0.999999614195,False
workload_4393.cpp,xcu200-fsgd2104-2-e,3.33,125.23335462,1804,1,1,11,18,block_2_1,cyclic_32_1,block_2_1,unroll_2,unroll_2,unroll_64,1,7.75,0.639736692811,False
workload_4243.cpp,xcu200-fsgd2104-2-e,3.33,126.41084262,104,1,1,1,3,block_2_1,cyclic_32_1,block_2_1,unroll_2,unroll_2,unroll_8,1,1.5,0.674888119547,False
workload_4303.cpp,xcu200-fsgd2104-2-e,3.33,126.60474852,1851,1,1,11,19,block_2_1,cyclic_32_1,cyclic_2_1,unroll_17,unroll_2,unroll_8,1,8,0.632020669102,False
workload_4280.cpp,xcu200-fsgd2104-2-e,3.33,146.8957239,51,1,1,1,3,block_2_1,cyclic_32_1,cyclic_2_1,unroll_2,unroll_2,pipeline_1,1,1.5,0.602780377332,False
workload_4162.cpp,xcu200-fsgd2104-2-e,3.33,319.4717751,548,1,1,25,45,block_2_1,cyclic_32_1,cyclic_2_1,unroll_2,unroll_32,pipeline_1,1,18,0.149756441391,False
workload_4220.cpp,xcu200-fsgd2104-2-e,3.33,248.0488695,92,1,1,6,11,block_2_1,cyclic_32_1,cyclic_2_1,unroll_2,unroll_8,pipeline_1,1,4.75,0.314886019854,False
workload_4293.cpp,xcu200-fsgd2104-2-e,3.33,319.47176178,1592,1,1,51,90,block_2_1,cyclic_32_1,cyclic_2_1,unroll_4,unroll_32,pipeline_1,1,35.75,0.100003075686,False
workload_4385.cpp,xcu200-fsgd2104-2-e,3.33,128.12855652,682,1,1,6,12,block_2_1,cyclic_32_1,cyclic_4_1,unroll_17,unroll_2,unroll_4,1,5,0.664239743488,False
workload_4299.cpp,xcu200-fsgd2104-2-e,3.33,192.8473263,69,1,1,6,10,block_2_1,cyclic_4_1,block_2_1,unroll_2,unroll_8,pipeline_1,1,4.5,0.457679594014,False
workload_4504.cpp,xcu200-fsgd2104-2-e,3.33,4.80947238,1809,1,1,5,15,block_2_1,cyclic_4_1,block_4_1,unroll_2,pipeline_1,unroll_8,1,5.5,0.989964319956,False
workload_4447.cpp,xcu200-fsgd2104-2-e,3.33,96.20827542,75,1,1,1,2,block_2_1,cyclic_4_1,block_4_1,unroll_2,unroll_2,unroll_8,1,1.25,0.786565749261,False
workload_4588.cpp,xcu200-fsgd2104-2-e,3.33,97.7597757,84,1,1,1,2,block_2_1,cyclic_4_1,block_4_1,unroll_4,unroll_2,unroll_4,1,1.25,0.780501082674,False
workload_4617.cpp,xcu200-fsgd2104-2-e,3.33,4.80938913,1809.5,1,1,5,15,block_2_1,cyclic_4_1,complete_1,unroll_2,pipeline_1,pipeline_1,4,5.5,0.989964319964,False
workload_4718.cpp,xcu200-fsgd2104-2-e,3.33,4.80938913,2081,1,1,5,15,block_2_1,cyclic_4_1,complete_1,unroll_2,pipeline_1,unroll_16,1,5.5,0.989964319964,False
workload_4748.cpp,xcu200-fsgd2104-2-e,3.33,4.80938913,1818,1,1,5,15,block_2_1,cyclic_4_1,complete_1,unroll_2,pipeline_1,unroll_2,1,5.5,0.989964319964,False
workload_4856.cpp,xcu200-fsgd2104-2-e,3.33,4.80938913,1865,1,1,5,15,block_2_1,cyclic_4_1,complete_1,unroll_2,pipeline_1,unroll_32,1,5.5,0.989964319964,False
workload_4615.cpp,xcu200-fsgd2104-2-e,3.33,4.80938913,1869,1,1,5,15,block_2_1,cyclic_4_1,complete_1,unroll_2,pipeline_1,unroll_4,2,5.5,0.989964319964,False
workload_4752.cpp,xcu200-fsgd2104-2-e,3.33,4.80938913,1997,1,1,5,15,block_2_1,cyclic_4_1,complete_1,unroll_2,pipeline_1,unroll_64,2,5.5,0.989964319964,False
workload_4652.cpp,xcu200-fsgd2104-2-e,3.33,4.80938913,1945.5,1,1,5,15,block_2_1,cyclic_4_1,complete_1,unroll_2,pipeline_1,unroll_8,2,5.5,0.989964319964,False
workload_4793.cpp,xcu200-fsgd2104-2-e,3.33,106.05409641,46,1,1,1,3,block_2_1,cyclic_4_1,complete_1,unroll_2,unroll_2,pipeline_1,1,1.5,0.749874711488,False
workload_4660.cpp,xcu200-fsgd2104-2-e,3.33,97.53806097,56,1,1,1,1,block_2_1,cyclic_4_1,complete_1,unroll_2,unroll_2,unroll_4,1,1,0.781799447509,False
workload_4775.cpp,xcu200-fsgd2104-2-e,3.33,95.03070417,1201,1,1,11,15,block_2_1,cyclic_4_1,complete_1,unroll_2,unroll_2,unroll_64,1,7,0.727047177748,False
workload_4522.cpp,xcu200-fsgd2104-2-e,3.33,96.20819217,78,1,1,1,2,block_2_1,cyclic_4_1,complete_1,unroll_2,unroll_2,unroll_8,1,1.25,0.786566075233,False
workload_4556.cpp,xcu200-fsgd2104-2-e,3.33,96.31897461,142,1,1,3,4,block_2_1,cyclic_4_1,complete_1,unroll_4,unroll_2,unroll_8,1,2.25,0.78397354055,False
workload_4616.cpp,xcu200-fsgd2104-2-e,3.33,4.80947238,1746,1,1,5,15,block_2_1,cyclic_4_1,cyclic_2_1,unroll_2,pipeline_1,pipeline_1,1,5.5,0.989964319956,False
workload_4613.cpp,xcu200-fsgd2104-2-e,3.33,4.80947238,1958,1,1,5,15,block_2_1,cyclic_4_1,cyclic_2_1,unroll_2,pipeline_1,unroll_8,1,5.5,0.989964319956,False
workload_4549.cpp,xcu200-fsgd2104-2-e,3.33,106.0542063,44,1,1,1,3,block_2_1,cyclic_4_1,cyclic_2_1,unroll_2,unroll_2,pipeline_1,1,1.5,0.749874309081,False
workload_4576.cpp,xcu200-fsgd2104-2-e,3.33,96.40218132,1594,1,1,11,15,block_2_1,cyclic_4_1,cyclic_4_1,unroll_17,unroll_2,unroll_8,1,7,0.72438746077,False
workload_4612.cpp,xcu200-fsgd2104-2-e,3.33,4.80947238,1958,1,1,5,15,block_2_1,cyclic_4_1,cyclic_4_1,unroll_2,pipeline_1,pipeline_1,1,5.5,0.989964319956,False
workload_4575.cpp,xcu200-fsgd2104-2-e,3.33,4.80947238,1853,1,1,5,15,block_2_1,cyclic_4_1,cyclic_4_1,unroll_2,pipeline_1,unroll_4,1,5.5,0.989964319956,False
workload_4543.cpp,xcu200-fsgd2104-2-e,3.33,4.80947238,1977,1,1,5,15,block_2_1,cyclic_4_1,cyclic_4_1,unroll_2,pipeline_1,unroll_8,1,5.5,0.989964319956,False
workload_4367.cpp,xcu200-fsgd2104-2-e,3.33,96.20827542,80,1,1,1,2,block_2_1,cyclic_4_1,cyclic_4_1,unroll_2,unroll_2,unroll_8,1,1.25,0.786565749261,False
workload_4324.cpp,xcu200-fsgd2104-2-e,3.33,192.8473263,65,1,1,6,10,block_2_1,cyclic_4_1,cyclic_4_1,unroll_2,unroll_8,pipeline_1,1,4.5,0.457679594014,False
workload_4161.cpp,xcu200-fsgd2104-2-e,3.33,126.41084262,144,2,1,1,4,block_2_1,cyclic_64_1,block_2_1,unroll_2,unroll_2,unroll_8,1,2,0.675122859821,False
workload_4248.cpp,xcu200-fsgd2104-2-e,3.33,319.4717751,1210,2,1,25,49,block_2_1,cyclic_64_1,cyclic_2_1,unroll_2,unroll_32,pipeline_1,1,19.25,0.14474397273,False
workload_4451.cpp,xcu200-fsgd2104-2-e,3.33,146.8957239,62,2,1,1,3,block_2_1,cyclic_64_1,cyclic_4_1,unroll_2,unroll_2,pipeline_1,1,1.75,0.603190239028,False
workload_4341.cpp,xcu200-fsgd2104-2-e,3.33,128.12855652,489,1,1,6,9,block_2_1,cyclic_8_1,block_2_1,unroll_17,unroll_2,unroll_4,1,4.25,0.66899034841,False
workload_4369.cpp,xcu200-fsgd2104-2-e,3.33,127.9623429,87,1,1,1,2,block_2_1,cyclic_8_1,block_2_1,unroll_4,unroll_2,unroll_4,1,1.25,0.668639622845,False
workload_4939.cpp,xcu200-fsgd2104-2-e,3.33,4.93310529,2337,1,1,8,24,block_2_1,cyclic_8_1,complete_1,unroll_2,pipeline_1,pipeline_1,1,8.5,0.873923809364,False
workload_4784.cpp,xcu200-fsgd2104-2-e,3.33,4.93310529,2689,1,1,8,24,block_2_1,cyclic_8_1,complete_1,unroll_2,pipeline_1,unroll_2,1,8.5,0.873923809364,False
workload_4857.cpp,xcu200-fsgd2104-2-e,3.33,4.93310529,2482,1,1,8,24,block_2_1,cyclic_8_1,complete_1,unroll_2,pipeline_1,unroll_4,1,8.5,0.873923809364,False
workload_4837.cpp,xcu200-fsgd2104-2-e,3.33,4.93310529,2485,1,1,8,24,block_2_1,cyclic_8_1,complete_1,unroll_2,pipeline_1,unroll_64,1,8.5,0.873923809364,False
workload_4783.cpp,xcu200-fsgd2104-2-e,3.33,4.93310529,2734,1,1,8,24,block_2_1,cyclic_8_1,complete_1,unroll_2,pipeline_1,unroll_8,1,8.5,0.873923809364,False
workload_4411.cpp,xcu200-fsgd2104-2-e,3.33,127.9623429,87,1,1,1,2,block_2_1,cyclic_8_1,cyclic_2_1,unroll_4,unroll_2,unroll_4,1,1.25,0.668639622845,False
workload_4412.cpp,xcu200-fsgd2104-2-e,3.33,146.8957239,48,1,1,1,3,block_2_1,cyclic_8_1,cyclic_4_1,unroll_2,unroll_2,pipeline_1,1,1.5,0.602780377332,False
workload_4380.cpp,xcu200-fsgd2104-2-e,3.33,126.41084262,78,1,1,1,2,block_2_1,cyclic_8_1,cyclic_4_1,unroll_2,unroll_2,unroll_8,1,1.25,0.674252773354,False
workload_4456.cpp,xcu200-fsgd2104-2-e,3.33,136.47840498,77,1,1,3,6,block_32_1,block_16_1,complete_1,unroll_4,unroll_2,pipeline_1,1,2.75,0.640436313337,False
workload_4296.cpp,xcu200-fsgd2104-2-e,3.33,98.14422753,1735,1,28,10,15,block_32_1,block_2_1,block_2_1,unroll_17,unroll_2,unroll_4,1,13.5,0.577309707949,False
workload_4419.cpp,xcu200-fsgd2104-2-e,3.33,97.75638243,86,1,3,1,2,block_32_1,block_2_1,block_2_1,unroll_2,unroll_2,unroll_4,1,1.75,0.782628074696,False
workload_4440.cpp,xcu200-fsgd2104-2-e,3.33,106.27596099,49,1,1,2,3,block_32_1,block_2_1,block_4_1,unroll_2,unroll_2,pipeline_1,1,1.75,0.749441317682,False
workload_4332.cpp,xcu200-fsgd2104-2-e,3.33,97.75638243,85,1,3,1,2,block_32_1,block_2_1,block_4_1,unroll_2,unroll_2,unroll_4,1,1.75,0.782628074696,False
workload_4458.cpp,xcu200-fsgd2104-2-e,3.33,97.97801391,150,1,7,2,4,block_32_1,block_2_1,block_4_1,unroll_4,unroll_2,unroll_4,1,3.5,0.78010596275,False
workload_4375.cpp,xcu200-fsgd2104-2-e,3.33,97.75638243,80,1,3,1,2,block_32_1,block_2_1,cyclic_2_1,unroll_2,unroll_2,unroll_4,1,1.75,0.782628074696,False
workload_4429.cpp,xcu200-fsgd2104-2-e,3.33,101.19184353,504,1,14,5,8,block_32_1,block_2_1,cyclic_4_1,unroll_17,unroll_2,unroll_2,1,7,0.714376399649,False
workload_4274.cpp,xcu200-fsgd2104-2-e,3.33,98.14422753,1746,1,28,10,15,block_32_1,block_2_1,cyclic_4_1,unroll_17,unroll_2,unroll_4,1,13.5,0.577309707949,False
workload_4519.cpp,xcu200-fsgd2104-2-e,3.33,97.75638243,85,1,3,1,2,block_32_1,block_2_1,cyclic_4_1,unroll_2,unroll_2,unroll_4,1,1.75,0.782628074696,False
workload_4379.cpp,xcu200-fsgd2104-2-e,3.33,116.91491139,56,1,1,1,3,block_32_1,block_4_1,block_4_1,unroll_2,unroll_2,pipeline_1,1,1.5,0.709654780436,False
workload_4529.cpp,xcu200-fsgd2104-2-e,3.33,95.70616803,377,1,15,5,7,block_32_1,block_4_1,block_4_1,unroll_2,unroll_2,unroll_16,1,7,0.725748968595,False
workload_4524.cpp,xcu200-fsgd2104-2-e,3.33,96.42651363,160,1,7,2,4,block_32_1,block_4_1,block_4_1,unroll_2,unroll_2,unroll_8,1,3.5,0.784161297769,False
workload_4322.cpp,xcu200-fsgd2104-2-e,3.33,116.91491139,54,1,1,1,3,block_32_1,block_4_1,cyclic_2_1,unroll_2,unroll_2,pipeline_1,1,1.5,0.709654780436,False
workload_4365.cpp,xcu200-fsgd2104-2-e,3.33,193.06652355,95,1,1,7,12,block_32_1,block_4_1,cyclic_2_1,unroll_2,unroll_8,pipeline_1,1,5.25,0.45545060062,False
workload_4225.cpp,xcu200-fsgd2104-2-e,3.33,98.14422753,1923,1,30,10,15,block_32_1,block_4_1,cyclic_4_1,unroll_17,unroll_2,unroll_4,1,14,0.565511853541,False
workload_4439.cpp,xcu200-fsgd2104-2-e,3.33,106.27596099,49,1,1,2,3,block_32_1,block_4_1,cyclic_4_1,unroll_2,unroll_2,pipeline_1,1,1.75,0.749441317682,False
workload_4382.cpp,xcu200-fsgd2104-2-e,3.33,95.70616803,372,1,15,5,7,block_32_1,block_4_1,cyclic_4_1,unroll_2,unroll_2,unroll_16,1,7,0.725748968595,False
workload_4186.cpp,xcu200-fsgd2104-2-e,3.33,95.78927151,1581,1,30,9,14,block_32_1,block_4_1,cyclic_4_1,unroll_4,unroll_2,unroll_16,1,13.5,0.580532723703,False
workload_4427.cpp,xcu200-fsgd2104-2-e,3.33,96.53732271,399,1,15,5,7,block_32_1,block_4_1,cyclic_4_1,unroll_4,unroll_2,unroll_8,1,7,0.724120312925,False
workload_4362.cpp,xcu200-fsgd2104-2-e,3.33,147.11747859,53,1,1,1,3,block_32_1,block_8_1,cyclic_2_1,unroll_2,unroll_2,pipeline_1,1,1.5,0.60202366703,False
workload_4390.cpp,xcu200-fsgd2104-2-e,3.33,128.34679473,1541,1,30,10,16,block_32_1,block_8_1,cyclic_4_1,unroll_17,unroll_2,unroll_4,1,14.25,0.511596978498,False
workload_4384.cpp,xcu200-fsgd2104-2-e,3.33,125.90873523,369,1,15,4,7,block_32_1,block_8_1,cyclic_4_1,unroll_2,unroll_2,unroll_16,1,6.75,0.652351935152,False
workload_4489.cpp,xcu200-fsgd2104-2-e,3.33,126.62908083,167,1,7,2,4,block_32_1,block_8_1,cyclic_4_1,unroll_2,unroll_2,unroll_8,1,3.5,0.676698162902,False
workload_4558.cpp,xcu200-fsgd2104-2-e,3.33,95.70616803,387,1,14,4,6,block_32_1,cyclic_2_1,block_4_1,unroll_2,unroll_2,unroll_16,1,6.25,0.740053696892,False
workload_4485.cpp,xcu200-fsgd2104-2-e,3.33,97.97801391,159,1,7,2,4,block_32_1,cyclic_2_1,block_4_1,unroll_4,unroll_2,unroll_4,1,3.5,0.78010596275,False
workload_4589.cpp,xcu200-fsgd2104-2-e,3.33,96.42643038,154,1,7,2,3,block_32_1,cyclic_2_1,complete_1,unroll_2,unroll_2,unroll_8,1,3.25,0.787650046011,False
workload_4490.cpp,xcu200-fsgd2104-2-e,3.33,96.53732271,365,1,14,4,6,block_32_1,cyclic_2_1,cyclic_4_1,unroll_4,unroll_2,unroll_8,1,6.25,0.738381924574,False
workload_4415.cpp,xcu200-fsgd2104-2-e,3.33,131.06196351,118,1,3,1,3,block_32_1,cyclic_32_1,block_2_1,unroll_4,unroll_2,unroll_2,1,2,0.658529716561,False
workload_4394.cpp,xcu200-fsgd2104-2-e,3.33,128.34679473,1939,1,28,9,18,block_32_1,cyclic_32_1,cyclic_4_1,unroll_17,unroll_2,unroll_4,1,14,0.516638719783,False
workload_4339.cpp,xcu200-fsgd2104-2-e,3.33,125.90873523,479,1,14,4,8,block_32_1,cyclic_32_1,cyclic_4_1,unroll_2,unroll_2,unroll_16,1,6.75,0.652351935152,False
workload_4634.cpp,xcu200-fsgd2104-2-e,3.33,95.70616803,376,1,14,4,6,block_32_1,cyclic_4_1,block_4_1,unroll_2,unroll_2,unroll_16,1,6.25,0.740053696892,False
workload_4572.cpp,xcu200-fsgd2104-2-e,3.33,95.78927151,1385,1,28,8,13,block_32_1,cyclic_4_1,cyclic_4_1,unroll_4,unroll_2,unroll_16,1,12.5,0.604269536015,False
workload_4329.cpp,xcu200-fsgd2104-2-e,3.33,131.06196351,152,1,3,1,3,block_32_1,cyclic_64_1,block_2_1,unroll_4,unroll_2,unroll_2,1,2,0.658529716561,False
workload_4373.cpp,xcu200-fsgd2104-2-e,3.33,131.06196351,92,1,3,1,2,block_32_1,cyclic_8_1,block_2_1,unroll_4,unroll_2,unroll_2,1,1.75,0.658487713334,False
workload_4294.cpp,xcu200-fsgd2104-2-e,3.33,128.34679473,1719,1,28,9,14,block_32_1,cyclic_8_1,cyclic_4_1,unroll_17,unroll_2,unroll_4,1,13,0.536641168447,False
workload_4392.cpp,xcu200-fsgd2104-2-e,3.33,96.40218132,1714,2,1,13,24,block_4_1,block_2_1,cyclic_4_1,unroll_17,unroll_2,unroll_8,1,10,0.661111664275,False
workload_4300.cpp,xcu200-fsgd2104-2-e,3.33,97.53814422,59,2,1,1,2,block_4_1,block_2_1,cyclic_4_1,unroll_2,unroll_2,unroll_4,1,1.5,0.780862214126,False
workload_4347.cpp,xcu200-fsgd2104-2-e,3.33,96.40218132,1768,1,3,14,24,block_4_1,block_4_1,block_2_1,unroll_17,unroll_2,unroll_8,1,10.5,0.64982038088,False
workload_4864.cpp,xcu200-fsgd2104-2-e,3.33,97.53806097,62,1,1,1,2,block_4_1,block_4_1,complete_1,unroll_2,unroll_2,unroll_4,1,1.25,0.78136647018,False
workload_4302.cpp,xcu200-fsgd2104-2-e,3.33,96.40218132,1953,1,3,14,24,block_4_1,block_4_1,cyclic_4_1,unroll_17,unroll_2,unroll_8,1,10.5,0.64982038088,False
workload_4377.cpp,xcu200-fsgd2104-2-e,3.33,146.89920708,147,2,1,14,23,block_4_1,block_8_1,cyclic_4_1,unroll_17,unroll_2,pipeline_1,1,10,0.546737206533,False
workload_4335.cpp,xcu200-fsgd2104-2-e,3.33,210.23211078,58,2,1,3,6,block_4_1,cyclic_16_1,block_2_1,unroll_2,unroll_4,pipeline_1,1,3,0.409531804915,False
workload_4386.cpp,xcu200-fsgd2104-2-e,3.33,248.04979524,782,2,1,52,90,block_4_1,cyclic_16_1,cyclic_4_1,unroll_17,unroll_8,pipeline_1,1,36.25,0.110823843672,False
workload_4424.cpp,xcu200-fsgd2104-2-e,3.33,173.22759234,375,2,1,6,11,block_4_1,cyclic_2_1,cyclic_4_1,unroll_4,unroll_8,unroll_4,1,5,0.515509491196,False
workload_4350.cpp,xcu200-fsgd2104-2-e,3.33,125.23335462,2022,2,1,11,24,block_4_1,cyclic_32_1,block_2_1,unroll_2,unroll_2,unroll_64,1,9.5,0.610277263127,False
workload_4163.cpp,xcu200-fsgd2104-2-e,3.33,306.37787877,1683,2,1,51,95,block_4_1,cyclic_32_1,complete_1,unroll_4,unroll_32,pipeline_1,1,37.25,0.1,False
workload_4402.cpp,xcu200-fsgd2104-2-e,3.33,116.69667318,45,1,1,1,3,block_4_1,cyclic_4_1,block_2_1,unroll_2,unroll_2,pipeline_1,1,1.5,0.710461553718,False
workload_4370.cpp,xcu200-fsgd2104-2-e,3.33,126.41084262,147,3,1,1,5,block_4_1,cyclic_64_1,block_2_1,unroll_2,unroll_2,unroll_8,1,2.5,0.676044543984,False
workload_4349.cpp,xcu200-fsgd2104-2-e,3.33,126.60474852,1510,2,1,11,21,block_4_1,cyclic_8_1,block_2_1,unroll_17,unroll_2,unroll_8,1,8.75,0.61982000053,False
workload_4331.cpp,xcu200-fsgd2104-2-e,3.33,248.04982854,75,2,1,6,11,block_4_1,cyclic_8_1,block_2_1,unroll_2,unroll_8,pipeline_1,1,5,0.314622325559,False
workload_4266.cpp,xcu200-fsgd2104-2-e,3.33,136.26025668,150,2,1,13,22,block_4_1,cyclic_8_1,cyclic_4_1,unroll_17,unroll_2,pipeline_1,1,9.5,0.582235523602,False
workload_4202.cpp,xcu200-fsgd2104-2-e,3.33,126.60474852,1813,2,1,11,21,block_4_1,cyclic_8_1,cyclic_4_1,unroll_17,unroll_2,unroll_8,1,8.75,0.61982000053,False
workload_4282.cpp,xcu200-fsgd2104-2-e,3.33,248.04982854,78,2,1,6,11,block_4_1,cyclic_8_1,cyclic_4_1,unroll_2,unroll_8,pipeline_1,1,5,0.314622325559,False
workload_4323.cpp,xcu200-fsgd2104-2-e,3.33,116.91491139,62,6,1,1,3,block_64_1,block_2_1,cyclic_4_1,unroll_2,unroll_2,pipeline_1,1,2.75,0.712391892949,False
workload_4160.cpp,xcu200-fsgd2104-2-e,3.33,116.91491139,66,6,1,1,3,block_64_1,block_4_1,cyclic_4_1,unroll_2,unroll_2,pipeline_1,1,2.75,0.712391892949,False
workload_4281.cpp,xcu200-fsgd2104-2-e,3.33,147.11747859,66,6,1,1,3,block_64_1,block_8_1,cyclic_4_1,unroll_2,unroll_2,pipeline_1,1,2.75,0.603132547831,False
workload_4301.cpp,xcu200-fsgd2104-2-e,3.33,216.86520771,237,6,1,13,23,block_64_1,cyclic_2_1,cyclic_4_1,unroll_2,unroll_16,pipeline_1,1,10.75,0.362116574826,False
workload_4240.cpp,xcu200-fsgd2104-2-e,3.33,116.91491139,63,6,1,1,3,block_64_1,cyclic_2_1,cyclic_4_1,unroll_2,unroll_2,pipeline_1,1,2.75,0.712391892949,False
workload_4346.cpp,xcu200-fsgd2104-2-e,3.33,319.69033299,1169,6,1,26,50,block_64_1,cyclic_32_1,cyclic_4_1,unroll_2,unroll_32,pipeline_1,1,20.75,0.138505772584,False
workload_4245.cpp,xcu200-fsgd2104-2-e,3.33,131.06196351,243,7,3,1,4,block_64_1,cyclic_64_1,block_2_1,unroll_4,unroll_2,unroll_2,1,3.75,0.6601993766,False
workload_4246.cpp,xcu200-fsgd2104-2-e,3.33,136.47849489,741,7,1,13,27,block_64_1,cyclic_64_1,cyclic_2_1,unroll_17,unroll_2,pipeline_1,1,12,0.538603598284,False
workload_4592.cpp,xcu200-fsgd2104-2-e,3.33,97.75629918,70,3,1,1,2,block_8_1,block_4_1,complete_1,unroll_2,unroll_2,unroll_4,1,1.75,0.782628402371,False
workload_4422.cpp,xcu200-fsgd2104-2-e,3.33,128.18047122,104,3,1,1,5,block_8_1,cyclic_8_1,complete_1,unroll_4,unroll_2,unroll_4,1,2.5,0.669569886923,False
workload_4460.cpp,xcu200-fsgd2104-2-e,3.33,96.75889758,212,3,1,1,1,cyclic_128_1,block_4_1,complete_1,unroll_2,unroll_2,unroll_8,1,1.5,0.783229069231,False
workload_4448.cpp,xcu200-fsgd2104-2-e,3.33,146.76753222,90,1,1,1,3,cyclic_16_1,block_128_1,complete_1,unroll_2,unroll_2,pipeline_1,1,1.5,0.603218056424,False
workload_4488.cpp,xcu200-fsgd2104-2-e,3.33,146.7675189,159,1,1,1,4,cyclic_16_1,block_128_1,complete_1,unroll_4,unroll_2,pipeline_1,1,1.75,0.603627821172,False
workload_4409.cpp,xcu200-fsgd2104-2-e,3.33,126.96154803,77,1,1,1,1,cyclic_16_1,block_16_1,block_2_1,unroll_2,unroll_2,unroll_8,1,1,0.671272235536,False
workload_4673.cpp,xcu200-fsgd2104-2-e,3.33,29.46889494,845,1,1,2,8,cyclic_16_1,block_2_1,complete_1,unroll_2,pipeline_1,unroll_64,1,3,0.928080583625,False
workload_4636.cpp,xcu200-fsgd2104-2-e,3.33,95.27664798,318,1,1,3,6,cyclic_16_1,block_2_1,complete_1,unroll_2,unroll_2,unroll_64,1,2.75,0.796911959901,False
workload_4595.cpp,xcu200-fsgd2104-2-e,3.33,29.46897819,819,1,1,2,8,cyclic_16_1,block_2_1,cyclic_4_1,unroll_2,pipeline_1,pipeline_1,1,3,0.928080253578,False
workload_4563.cpp,xcu200-fsgd2104-2-e,3.33,29.46897819,847,1,1,2,8,cyclic_16_1,block_2_1,cyclic_4_1,unroll_2,pipeline_1,unroll_64,1,3,0.928080253578,False
workload_4603.cpp,xcu200-fsgd2104-2-e,3.33,105.92612451,45,1,1,1,1,cyclic_16_1,block_2_1,cyclic_4_1,unroll_2,unroll_2,pipeline_1,1,1,0.749467736383,False
workload_4675.cpp,xcu200-fsgd2104-2-e,3.33,29.46943107,910,1,1,6,11,cyclic_16_1,block_4_1,block_4_1,unroll_2,pipeline_1,unroll_32,1,4.75,0.913945493075,False
workload_4647.cpp,xcu200-fsgd2104-2-e,3.33,29.46943107,975,1,1,6,11,cyclic_16_1,block_4_1,block_4_1,unroll_2,pipeline_1,unroll_64,1,4.75,0.913945493075,False
workload_4659.cpp,xcu200-fsgd2104-2-e,3.33,98.42131683,56,1,1,1,1,cyclic_16_1,block_4_1,block_4_1,unroll_2,unroll_2,unroll_4,1,1,0.778366358981,False
workload_4605.cpp,xcu200-fsgd2104-2-e,3.33,95.27673123,323,1,3,3,5,cyclic_16_1,block_4_1,block_4_1,unroll_2,unroll_2,unroll_64,1,3,0.793868766202,False
workload_4514.cpp,xcu200-fsgd2104-2-e,3.33,111.25241622,45.5,1,1,1,1,cyclic_16_1,block_4_1,complete_1,unroll_2,unroll_2,pipeline_1,2,1,0.729265549032,False
workload_4633.cpp,xcu200-fsgd2104-2-e,3.33,98.42123358,57,1,1,1,1,cyclic_16_1,block_4_1,complete_1,unroll_2,unroll_2,unroll_4,1,1,0.778366682254,False
workload_4508.cpp,xcu200-fsgd2104-2-e,3.33,29.46930786,2992.5,1,1,12,22,cyclic_16_1,block_4_1,complete_1,unroll_4,pipeline_1,pipeline_1,2,9,0.820621310827,False
workload_4442.cpp,xcu200-fsgd2104-2-e,3.33,105.9329277,56,1,1,1,1,cyclic_16_1,block_4_1,complete_1,unroll_4,unroll_2,pipeline_1,1,1,0.749441766039,False
workload_4428.cpp,xcu200-fsgd2104-2-e,3.33,97.04985633,578,1,3,4,9,cyclic_16_1,block_4_1,cyclic_4_1,unroll_17,unroll_2,unroll_8,1,4.25,0.771485412672,False
workload_4585.cpp,xcu200-fsgd2104-2-e,3.33,105.93305091,43,1,1,1,1,cyclic_16_1,block_4_1,cyclic_4_1,unroll_2,unroll_2,pipeline_1,1,1,0.749441295704,False
workload_4496.cpp,xcu200-fsgd2104-2-e,3.33,127.25231364,664,1,3,4,10,cyclic_16_1,block_8_1,complete_1,unroll_17,unroll_2,unroll_8,1,4.5,0.670742625014,False
workload_4333.cpp,xcu200-fsgd2104-2-e,3.33,126.01947438,94,1,1,1,2,cyclic_16_1,block_8_1,complete_1,unroll_2,unroll_2,unroll_16,1,1.25,0.675672515724,False
workload_4701.cpp,xcu200-fsgd2104-2-e,3.33,29.46844206,841,1,1,2,8,cyclic_16_1,cyclic_2_1,complete_1,unroll_2,pipeline_1,pipeline_1,1,3,0.928082379079,False
workload_4672.cpp,xcu200-fsgd2104-2-e,3.33,29.46844206,833,1,1,2,8,cyclic_16_1,cyclic_2_1,complete_1,unroll_2,pipeline_1,unroll_4,1,3,0.928082379079,False
workload_4539.cpp,xcu200-fsgd2104-2-e,3.33,29.46844206,831,1,1,2,8,cyclic_16_1,cyclic_2_1,complete_1,unroll_2,pipeline_1,unroll_64,1,3,0.928082379079,False
workload_4484.cpp,xcu200-fsgd2104-2-e,3.33,120.25324638,153,1,1,1,3,cyclic_16_1,cyclic_2_1,complete_1,unroll_2,unroll_2,unroll_64,1,1.5,0.697352248461,False
workload_4653.cpp,xcu200-fsgd2104-2-e,3.33,29.4684021,2601,1,1,4,15,cyclic_16_1,cyclic_2_1,complete_1,unroll_4,pipeline_1,unroll_64,1,5.25,0.905237984131,False
workload_4560.cpp,xcu200-fsgd2104-2-e,3.33,105.81189219,42,1,1,1,1,cyclic_16_1,cyclic_2_1,cyclic_4_1,unroll_2,unroll_2,pipeline_1,1,1,0.749903866932,False
workload_4363.cpp,xcu200-fsgd2104-2-e,3.33,153.22645683,81,1,1,1,2,cyclic_16_1,cyclic_32_1,block_2_1,unroll_2,unroll_2,unroll_8,1,1.25,0.580784375661,False
workload_4683.cpp,xcu200-fsgd2104-2-e,3.33,29.46852531,987,1,1,3,9,cyclic_16_1,cyclic_4_1,block_4_1,unroll_2,pipeline_1,pipeline_1,1,3.5,0.929266634358,False
workload_4741.cpp,xcu200-fsgd2104-2-e,3.33,29.46844206,867,1,1,3,9,cyclic_16_1,cyclic_4_1,complete_1,unroll_2,pipeline_1,unroll_16,1,3.5,0.929266810501,False
workload_4768.cpp,xcu200-fsgd2104-2-e,3.33,29.46844206,868,1,1,3,9,cyclic_16_1,cyclic_4_1,complete_1,unroll_2,pipeline_1,unroll_8,1,3.5,0.929266810501,False
workload_4665.cpp,xcu200-fsgd2104-2-e,3.33,116.4507327,47,1,1,1,1,cyclic_16_1,cyclic_4_1,complete_1,unroll_2,unroll_2,pipeline_1,1,1,0.709806661874,False
workload_4664.cpp,xcu200-fsgd2104-2-e,3.33,120.25324638,180,1,1,1,3,cyclic_16_1,cyclic_4_1,complete_1,unroll_2,unroll_2,unroll_64,1,1.5,0.697352248461,False
workload_4516.cpp,xcu200-fsgd2104-2-e,3.33,123.02380638,56,1,1,1,1,cyclic_16_1,cyclic_4_1,complete_1,unroll_2,unroll_2,unroll_8,1,1,0.685579089095,False
workload_4483.cpp,xcu200-fsgd2104-2-e,3.33,105.81189219,43,1,1,1,1,cyclic_16_1,cyclic_4_1,cyclic_4_1,unroll_2,unroll_2,pipeline_1,1,1,0.749903866932,False
workload_4403.cpp,xcu200-fsgd2104-2-e,3.33,123.02388963,54,1,1,1,1,cyclic_16_1,cyclic_4_1,cyclic_4_1,unroll_2,unroll_2,unroll_8,1,1,0.685578784968,False
workload_4523.cpp,xcu200-fsgd2104-2-e,3.33,123.02387631,75,1,1,1,2,cyclic_16_1,cyclic_4_1,cyclic_4_1,unroll_4,unroll_2,unroll_8,1,1.25,0.68658976139,False
workload_4853.cpp,xcu200-fsgd2104-2-e,3.33,29.36795265,1154,1,1,9,16,cyclic_2_1,block_128_1,complete_1,unroll_2,pipeline_1,unroll_4,1,6.75,0.875772968834,False
workload_4832.cpp,xcu200-fsgd2104-2-e,3.33,29.36795265,1293,1,1,9,16,cyclic_2_1,block_128_1,complete_1,unroll_2,pipeline_1,unroll_64,1,6.75,0.875772968834,False
workload_4870.cpp,xcu200-fsgd2104-2-e,3.33,125.85664737,384,1,1,1,9,cyclic_2_1,block_128_1,complete_1,unroll_2,unroll_2,unroll_16,1,3,0.679504099323,False
workload_4689.cpp,xcu200-fsgd2104-2-e,3.33,29.36758302,1234,1,1,9,16,cyclic_2_1,block_128_1,cyclic_2_1,unroll_2,pipeline_1,pipeline_1,1,6.75,0.875774373718,False
workload_4678.cpp,xcu200-fsgd2104-2-e,3.33,29.3680359,1060,1,1,8,14,cyclic_2_1,block_16_1,block_4_1,unroll_2,pipeline_1,pipeline_1,1,6,0.889398384312,False
workload_4635.cpp,xcu200-fsgd2104-2-e,3.33,125.27482977,505,1,3,3,8,cyclic_2_1,block_16_1,complete_1,unroll_2,unroll_2,unroll_64,1,3.75,0.681143174171,False
workload_4821.cpp,xcu200-fsgd2104-2-e,3.33,126.85404897,69,1,1,1,1,cyclic_2_1,block_16_1,complete_1,unroll_2,unroll_2,unroll_8,1,1,0.671660715832,False
workload_4597.cpp,xcu200-fsgd2104-2-e,3.33,29.25073998,883,1,1,2,8,cyclic_2_1,block_2_1,block_4_1,unroll_2,pipeline_1,unroll_4,1,3,0.928945038621,False
workload_4462.cpp,xcu200-fsgd2104-2-e,3.33,99.20033703,213,1,1,2,4,cyclic_2_1,block_2_1,complete_1,unroll_17,unroll_2,unroll_4,1,2,0.777124277169,False
workload_4639.cpp,xcu200-fsgd2104-2-e,3.33,29.25065673,847.5,1,1,2,8,cyclic_2_1,block_2_1,complete_1,unroll_2,pipeline_1,pipeline_1,4,3,0.928945368341,False
workload_4896.cpp,xcu200-fsgd2104-2-e,3.33,29.25065673,845,1,1,2,8,cyclic_2_1,block_2_1,complete_1,unroll_2,pipeline_1,unroll_16,1,3,0.928945368341,False
workload_4931.cpp,xcu200-fsgd2104-2-e,3.33,29.25065673,713,1,1,2,8,cyclic_2_1,block_2_1,complete_1,unroll_2,pipeline_1,unroll_32,1,3,0.928945368341,False
workload_4872.cpp,xcu200-fsgd2104-2-e,3.33,29.25065673,859,1,1,2,8,cyclic_2_1,block_2_1,complete_1,unroll_2,pipeline_1,unroll_4,1,3,0.928945368341,False
workload_4933.cpp,xcu200-fsgd2104-2-e,3.33,29.25065673,881,1,1,2,8,cyclic_2_1,block_2_1,complete_1,unroll_2,pipeline_1,unroll_64,1,3,0.928945368341,False
workload_4640.cpp,xcu200-fsgd2104-2-e,3.33,29.25065673,822,1,1,2,8,cyclic_2_1,block_2_1,complete_1,unroll_2,pipeline_1,unroll_8,1,3,0.928945368341,False
workload_4400.cpp,xcu200-fsgd2104-2-e,3.33,105.70777641,42,1,1,1,1,cyclic_2_1,block_2_1,complete_1,unroll_2,unroll_2,pipeline_1,1,1,0.75030147626,False
workload_4843.cpp,xcu200-fsgd2104-2-e,3.33,95.65408017,80,1,1,1,2,cyclic_2_1,block_2_1,complete_1,unroll_2,unroll_2,unroll_16,1,1.25,1,True
workload_4823.cpp,xcu200-fsgd2104-2-e,3.33,95.26620177,138,1,1,2,3,cyclic_2_1,block_2_1,complete_1,unroll_2,unroll_2,unroll_32,1,1.75,1,True
workload_4515.cpp,xcu200-fsgd2104-2-e,3.33,98.42464017,45,1,1,1,1,cyclic_2_1,block_2_1,complete_1,unroll_2,unroll_2,unroll_4,1,1,0.778353454004,False
workload_4765.cpp,xcu200-fsgd2104-2-e,3.33,95.07226257,322,1,1,3,6,cyclic_2_1,block_2_1,complete_1,unroll_2,unroll_2,unroll_64,1,2.75,1,True
workload_4884.cpp,xcu200-fsgd2104-2-e,3.33,29.25084321,2792,1,1,5,15,cyclic_2_1,block_2_1,complete_1,unroll_4,pipeline_1,unroll_32,1,5.5,0.900753426849,False
workload_4863.cpp,xcu200-fsgd2104-2-e,3.33,100.64104821,52,1,1,1,1,cyclic_2_1,block_2_1,complete_1,unroll_4,unroll_2,unroll_2,1,1,0.769767737956,False
workload_4801.cpp,xcu200-fsgd2104-2-e,3.33,95.11378101,929,1,1,7,11,cyclic_2_1,block_2_1,complete_1,unroll_4,unroll_2,unroll_64,1,5,0.763408791846,False
workload_4643.cpp,xcu200-fsgd2104-2-e,3.33,29.2502871,871,1,1,2,8,cyclic_2_1,block_2_1,cyclic_2_1,unroll_2,pipeline_1,pipeline_1,3,3,1,True
workload_4826.cpp,xcu200-fsgd2104-2-e,3.33,29.2502871,882,1,1,2,8,cyclic_2_1,block_2_1,cyclic_2_1,unroll_2,pipeline_1,unroll_2,1,3,1,True
workload_4890.cpp,xcu200-fsgd2104-2-e,3.33,116.3468367,43,1,1,1,1,cyclic_2_1,block_2_1,cyclic_2_1,unroll_2,unroll_2,pipeline_1,1,1,0.710193025521,False
workload_4914.cpp,xcu200-fsgd2104-2-e,3.33,95.07234582,274,1,1,3,6,cyclic_2_1,block_2_1,cyclic_2_1,unroll_2,unroll_2,unroll_64,1,2.75,0.797733823637,False
workload_4734.cpp,xcu200-fsgd2104-2-e,3.33,96.65156502,61,1,1,1,1,cyclic_2_1,block_2_1,cyclic_2_1,unroll_2,unroll_2,unroll_8,1,1,0.785251668402,False
workload_4587.cpp,xcu200-fsgd2104-2-e,3.33,96.65156502,57,1,1,1,1,cyclic_2_1,block_2_1,cyclic_4_1,unroll_2,unroll_2,unroll_8,1,1,0.785251668402,False
workload_4930.cpp,xcu200-fsgd2104-2-e,3.33,95.26628502,132,1,2,2,3,cyclic_2_1,block_4_1,block_2_1,unroll_2,unroll_2,unroll_32,1,2,0.78940848018,False
workload_4736.cpp,xcu200-fsgd2104-2-e,3.33,95.07234582,330,1,3,3,5,cyclic_2_1,block_4_1,block_2_1,unroll_2,unroll_2,unroll_64,1,3,0.794294811,False
workload_4679.cpp,xcu200-fsgd2104-2-e,3.33,29.25119286,1060,1,1,6,12,cyclic_2_1,block_4_1,block_4_1,unroll_2,pipeline_1,pipeline_1,1,5,0.910273515717,False
workload_4286.cpp,xcu200-fsgd2104-2-e,3.33,105.71466951,112,1,1,2,4,cyclic_2_1,block_4_1,complete_1,unroll_17,unroll_2,pipeline_1,1,2,0.752360506837,False
workload_4807.cpp,xcu200-fsgd2104-2-e,3.33,97.03930023,460,1,3,4,7,cyclic_2_1,block_4_1,complete_1,unroll_17,unroll_2,unroll_8,1,3.75,0.779062889677,False
workload_4771.cpp,xcu200-fsgd2104-2-e,3.33,29.25110961,1039,1,1,6,12,cyclic_2_1,block_4_1,complete_1,unroll_2,pipeline_1,pipeline_1,1,5,0.910273698045,False
workload_4680.cpp,xcu200-fsgd2104-2-e,3.33,29.25110961,1053,1,1,6,12,cyclic_2_1,block_4_1,complete_1,unroll_2,pipeline_1,unroll_16,1,5,0.910273698045,False
workload_4829.cpp,xcu200-fsgd2104-2-e,3.33,29.25110961,1048,1,1,6,12,cyclic_2_1,block_4_1,complete_1,unroll_2,pipeline_1,unroll_32,1,5,0.910273698045,False
workload_4934.cpp,xcu200-fsgd2104-2-e,3.33,29.25110961,1030,1,1,6,12,cyclic_2_1,block_4_1,complete_1,unroll_2,pipeline_1,unroll_4,1,5,0.910273698045,False
workload_4851.cpp,xcu200-fsgd2104-2-e,3.33,29.25110961,1053.5,1,1,6,12,cyclic_2_1,block_4_1,complete_1,unroll_2,pipeline_1,unroll_64,2,5,0.910273698045,False
workload_4916.cpp,xcu200-fsgd2104-2-e,3.33,29.25110961,1031,1,1,6,12,cyclic_2_1,block_4_1,complete_1,unroll_2,pipeline_1,unroll_8,1,5,0.910273698045,False
workload_4693.cpp,xcu200-fsgd2104-2-e,3.33,105.71470281,45,1,1,1,1,cyclic_2_1,block_4_1,complete_1,unroll_2,unroll_2,pipeline_1,1,1,0.750275021878,False
workload_4763.cpp,xcu200-fsgd2104-2-e,3.33,95.65408017,91,1,1,1,2,cyclic_2_1,block_4_1,complete_1,unroll_2,unroll_2,unroll_16,1,1.25,1,True
workload_4762.cpp,xcu200-fsgd2104-2-e,3.33,98.42464017,52,1,1,1,1,cyclic_2_1,block_4_1,complete_1,unroll_2,unroll_2,unroll_4,1,1,0.778353454004,False
workload_4669.cpp,xcu200-fsgd2104-2-e,3.33,95.07226257,322,1,3,3,5,cyclic_2_1,block_4_1,complete_1,unroll_2,unroll_2,unroll_64,1,3,0.794294976595,False
workload_4730.cpp,xcu200-fsgd2104-2-e,3.33,96.65148177,64,1,1,1,1,cyclic_2_1,block_4_1,complete_1,unroll_2,unroll_2,unroll_8,1,1,1,True
workload_4547.cpp,xcu200-fsgd2104-2-e,3.33,29.25106965,3341,1,1,12,23,cyclic_2_1,block_4_1,complete_1,unroll_4,pipeline_1,pipeline_1,1,9.25,0.813895862526,False
workload_4581.cpp,xcu200-fsgd2104-2-e,3.33,29.25106965,3446,1,1,12,23,cyclic_2_1,block_4_1,complete_1,unroll_4,pipeline_1,unroll_4,1,9.25,0.813895862526,False
workload_4667.cpp,xcu200-fsgd2104-2-e,3.33,99.20044692,233,1,2,2,4,cyclic_2_1,block_4_1,cyclic_2_1,unroll_17,unroll_2,unroll_4,1,2.25,0.775584717953,False
workload_4899.cpp,xcu200-fsgd2104-2-e,3.33,29.25073998,1040,1,1,6,12,cyclic_2_1,block_4_1,cyclic_2_1,unroll_2,pipeline_1,pipeline_1,1,5,0.910274507569,False
workload_4744.cpp,xcu200-fsgd2104-2-e,3.33,29.25073998,1085,1,1,6,12,cyclic_2_1,block_4_1,cyclic_2_1,unroll_2,pipeline_1,unroll_64,1,5,0.910274507569,False
workload_4629.cpp,xcu200-fsgd2104-2-e,3.33,111.0342879,44.5,1,1,1,1,cyclic_2_1,block_4_1,cyclic_2_1,unroll_2,unroll_2,pipeline_1,2,1,0.730087703119,False
workload_4604.cpp,xcu200-fsgd2104-2-e,3.33,98.42472342,49,1,1,1,1,cyclic_2_1,block_4_1,cyclic_2_1,unroll_2,unroll_2,unroll_4,1,1,0.778353130734,False
workload_4662.cpp,xcu200-fsgd2104-2-e,3.33,96.65156502,63,1,1,1,1,cyclic_2_1,block_4_1,cyclic_2_1,unroll_2,unroll_2,unroll_8,1,1,0.785251668402,False
workload_4625.cpp,xcu200-fsgd2104-2-e,3.33,98.42472342,48,1,1,1,1,cyclic_2_1,block_4_1,cyclic_4_1,unroll_2,unroll_2,unroll_4,1,1,0.778353130734,False
workload_4661.cpp,xcu200-fsgd2104-2-e,3.33,96.65156502,59,1,1,1,1,cyclic_2_1,block_4_1,cyclic_4_1,unroll_2,unroll_2,unroll_8,1,1,0.785251668402,False
workload_4420.cpp,xcu200-fsgd2104-2-e,3.33,135.9104535,48,1,1,1,1,cyclic_2_1,block_8_1,block_2_1,unroll_2,unroll_2,pipeline_1,1,1,0.639350981566,False
workload_4912.cpp,xcu200-fsgd2104-2-e,3.33,125.85664737,96,1,1,1,2,cyclic_2_1,block_8_1,complete_1,unroll_2,unroll_2,unroll_16,1,1.25,0.676263643923,False
workload_4852.cpp,xcu200-fsgd2104-2-e,3.33,29.36758302,1090,1,1,7,13,cyclic_2_1,block_8_1,cyclic_2_1,unroll_2,pipeline_1,pipeline_1,1,5.5,0.900498519835,False
workload_4798.cpp,xcu200-fsgd2104-2-e,3.33,29.2502871,853,1,1,2,9,cyclic_2_1,cyclic_2_1,block_2_1,unroll_2,pipeline_1,pipeline_1,1,3.25,0.931858438136,False
workload_4641.cpp,xcu200-fsgd2104-2-e,3.33,29.2502871,865,1,1,2,9,cyclic_2_1,cyclic_2_1,block_4_1,unroll_2,pipeline_1,pipeline_1,1,3.25,0.931858438136,False
workload_4648.cpp,xcu200-fsgd2104-2-e,3.33,29.2502871,812,1,1,2,9,cyclic_2_1,cyclic_2_1,block_4_1,unroll_2,pipeline_1,unroll_64,1,3.25,0.931858438136,False
workload_4600.cpp,xcu200-fsgd2104-2-e,3.33,29.25020385,831.5,1,1,2,9,cyclic_2_1,cyclic_2_1,complete_1,unroll_2,pipeline_1,pipeline_1,4,3.25,1,True
workload_4700.cpp,xcu200-fsgd2104-2-e,3.33,29.25020385,808,1,1,2,9,cyclic_2_1,cyclic_2_1,complete_1,unroll_2,pipeline_1,unroll_16,1,3.25,1,True
workload_4873.cpp,xcu200-fsgd2104-2-e,3.33,29.25020385,862,1,1,2,9,cyclic_2_1,cyclic_2_1,complete_1,unroll_2,pipeline_1,unroll_2,1,3.25,1,True
workload_4802.cpp,xcu200-fsgd2104-2-e,3.33,29.25020385,899,1,1,2,9,cyclic_2_1,cyclic_2_1,complete_1,unroll_2,pipeline_1,unroll_32,1,3.25,1,True
workload_4565.cpp,xcu200-fsgd2104-2-e,3.33,29.25020385,876.5,1,1,2,9,cyclic_2_1,cyclic_2_1,complete_1,unroll_2,pipeline_1,unroll_4,2,3.25,1,True
workload_4670.cpp,xcu200-fsgd2104-2-e,3.33,29.25020385,869.5,1,1,2,9,cyclic_2_1,cyclic_2_1,complete_1,unroll_2,pipeline_1,unroll_64,2,3.25,1,True
workload_4766.cpp,xcu200-fsgd2104-2-e,3.33,29.25020385,844.5,1,1,2,9,cyclic_2_1,cyclic_2_1,complete_1,unroll_2,pipeline_1,unroll_8,2,3.25,1,True
workload_4491.cpp,xcu200-fsgd2104-2-e,3.33,110.90950281,42.5,1,1,1,1,cyclic_2_1,cyclic_2_1,complete_1,unroll_2,unroll_2,pipeline_1,2,1,0.730558236016,False
workload_4792.cpp,xcu200-fsgd2104-2-e,3.33,121.25405457,65,1,1,1,1,cyclic_2_1,cyclic_2_1,complete_1,unroll_2,unroll_2,unroll_16,1,1,0.692059994595,False
workload_4844.cpp,xcu200-fsgd2104-2-e,3.33,120.36747537,90,1,1,1,2,cyclic_2_1,cyclic_2_1,complete_1,unroll_2,unroll_2,unroll_32,1,1.25,0.69634389913,False
workload_4867.cpp,xcu200-fsgd2104-2-e,3.33,120.03500817,160,1,1,1,3,cyclic_2_1,cyclic_2_1,complete_1,unroll_2,unroll_2,unroll_64,1,1.5,0.698154108413,False
workload_4858.cpp,xcu200-fsgd2104-2-e,3.33,29.25016389,2709,1,1,4,16,cyclic_2_1,cyclic_2_1,complete_1,unroll_4,pipeline_1,pipeline_1,1,5.5,0.900754905808,False
workload_4786.cpp,xcu200-fsgd2104-2-e,3.33,29.25016389,3109,1,1,4,16,cyclic_2_1,cyclic_2_1,complete_1,unroll_4,pipeline_1,unroll_32,1,5.5,0.900754905808,False
workload_4505.cpp,xcu200-fsgd2104-2-e,3.33,29.25016389,2830,1,1,4,16,cyclic_2_1,cyclic_2_1,complete_1,unroll_4,pipeline_1,unroll_4,2,5.5,0.900754905808,False
workload_4579.cpp,xcu200-fsgd2104-2-e,3.33,29.25016389,2816,1,1,4,16,cyclic_2_1,cyclic_2_1,complete_1,unroll_4,pipeline_1,unroll_64,2,5.5,0.900754905808,False
workload_4438.cpp,xcu200-fsgd2104-2-e,3.33,105.59001429,49,1,1,1,1,cyclic_2_1,cyclic_2_1,complete_1,unroll_4,unroll_2,pipeline_1,1,1,0.750751318052,False
workload_4364.cpp,xcu200-fsgd2104-2-e,3.33,181.23173685,81,1,1,1,2,cyclic_2_1,cyclic_2_1,complete_1,unroll_4,unroll_8,pipeline_1,1,1.25,0.491578469946,False
workload_4797.cpp,xcu200-fsgd2104-2-e,3.33,29.2502871,850,1,1,2,9,cyclic_2_1,cyclic_2_1,cyclic_2_1,unroll_2,pipeline_1,pipeline_1,3,3.25,0.931858438136,False
workload_4699.cpp,xcu200-fsgd2104-2-e,3.33,29.2502871,808,1,1,2,9,cyclic_2_1,cyclic_2_1,cyclic_2_1,unroll_2,pipeline_1,unroll_4,1,3.25,0.931858438136,False
workload_4729.cpp,xcu200-fsgd2104-2-e,3.33,122.80565142,53,1,1,1,1,cyclic_2_1,cyclic_2_1,cyclic_4_1,unroll_2,unroll_2,unroll_8,1,1,0.686376285064,False
workload_4423.cpp,xcu200-fsgd2104-2-e,3.33,135.78563511,196,1,1,1,4,cyclic_2_1,cyclic_32_1,complete_1,unroll_17,unroll_2,pipeline_1,1,1.75,0.641734858324,False
workload_4743.cpp,xcu200-fsgd2104-2-e,3.33,29.2502871,1073,1,1,2,9,cyclic_2_1,cyclic_4_1,block_4_1,unroll_2,pipeline_1,pipeline_1,1,3.25,0.931858438136,False
workload_4892.cpp,xcu200-fsgd2104-2-e,3.33,105.58999431,101,1,1,1,2,cyclic_2_1,cyclic_4_1,complete_1,unroll_17,unroll_2,pipeline_1,1,1.25,0.751672711227,False
workload_4684.cpp,xcu200-fsgd2104-2-e,3.33,29.25020385,1029.5,1,1,2,9,cyclic_2_1,cyclic_4_1,complete_1,unroll_2,pipeline_1,pipeline_1,4,3.25,1,True
workload_4686.cpp,xcu200-fsgd2104-2-e,3.33,29.25020385,1000,1,1,2,9,cyclic_2_1,cyclic_4_1,complete_1,unroll_2,pipeline_1,unroll_16,1,3.25,1,True
workload_4828.cpp,xcu200-fsgd2104-2-e,3.33,29.25020385,975,1,1,2,9,cyclic_2_1,cyclic_4_1,complete_1,unroll_2,pipeline_1,unroll_32,2,3.25,1,True
workload_4773.cpp,xcu200-fsgd2104-2-e,3.33,29.25020385,955,1,1,2,9,cyclic_2_1,cyclic_4_1,complete_1,unroll_2,pipeline_1,unroll_4,2,3.25,1,True
workload_4711.cpp,xcu200-fsgd2104-2-e,3.33,29.25020385,1063,1,1,2,9,cyclic_2_1,cyclic_4_1,complete_1,unroll_2,pipeline_1,unroll_64,2,3.25,1,True
workload_4677.cpp,xcu200-fsgd2104-2-e,3.33,29.25020385,1052,1,1,2,9,cyclic_2_1,cyclic_4_1,complete_1,unroll_2,pipeline_1,unroll_8,1,3.25,1,True
workload_4521.cpp,xcu200-fsgd2104-2-e,3.33,110.90950281,42,1,1,1,1,cyclic_2_1,cyclic_4_1,complete_1,unroll_2,unroll_2,pipeline_1,2,1,0.730558236016,False
workload_4869.cpp,xcu200-fsgd2104-2-e,3.33,121.25405457,70,1,1,1,1,cyclic_2_1,cyclic_4_1,complete_1,unroll_2,unroll_2,unroll_16,1,1,0.692059994595,False
workload_4822.cpp,xcu200-fsgd2104-2-e,3.33,125.90856873,45,1,1,1,1,cyclic_2_1,cyclic_4_1,complete_1,unroll_2,unroll_2,unroll_4,1,1,0.675082571873,False
workload_4868.cpp,xcu200-fsgd2104-2-e,3.33,120.03500817,181,1,1,1,3,cyclic_2_1,cyclic_4_1,complete_1,unroll_2,unroll_2,unroll_64,1,1.5,0.698154108413,False
workload_4694.cpp,xcu200-fsgd2104-2-e,3.33,122.80556817,54,1,1,1,1,cyclic_2_1,cyclic_4_1,complete_1,unroll_2,unroll_2,unroll_8,1,1,0.686376589372,False
workload_4839.cpp,xcu200-fsgd2104-2-e,3.33,29.25016389,2797,1,1,4,16,cyclic_2_1,cyclic_4_1,complete_1,unroll_4,pipeline_1,pipeline_1,1,5.5,0.900754905808,False
workload_4838.cpp,xcu200-fsgd2104-2-e,3.33,29.25016389,2753,1,1,4,16,cyclic_2_1,cyclic_4_1,complete_1,unroll_4,pipeline_1,unroll_16,1,5.5,0.900754905808,False
workload_4785.cpp,xcu200-fsgd2104-2-e,3.33,29.25016389,3067,1,1,4,16,cyclic_2_1,cyclic_4_1,complete_1,unroll_4,pipeline_1,unroll_2,1,5.5,0.900754905808,False
workload_4940.cpp,xcu200-fsgd2104-2-e,3.33,29.25016389,2587,1,1,4,16,cyclic_2_1,cyclic_4_1,complete_1,unroll_4,pipeline_1,unroll_32,1,5.5,0.900754905808,False
workload_4721.cpp,xcu200-fsgd2104-2-e,3.33,29.25016389,2668,1,1,4,16,cyclic_2_1,cyclic_4_1,complete_1,unroll_4,pipeline_1,unroll_4,1,5.5,0.900754905808,False
workload_4545.cpp,xcu200-fsgd2104-2-e,3.33,29.25016389,2761.5,1,1,4,16,cyclic_2_1,cyclic_4_1,complete_1,unroll_4,pipeline_1,unroll_64,2,5.5,0.900754905808,False
workload_4893.cpp,xcu200-fsgd2104-2-e,3.33,120.03496821,364,1,1,1,6,cyclic_2_1,cyclic_4_1,complete_1,unroll_4,unroll_2,unroll_64,1,2.25,0.698612497959,False
workload_4865.cpp,xcu200-fsgd2104-2-e,3.33,122.80552821,73,1,1,1,1,cyclic_2_1,cyclic_4_1,complete_1,unroll_4,unroll_2,unroll_8,1,1,0.686376735441,False
workload_4732.cpp,xcu200-fsgd2104-2-e,3.33,170.50444821,104,1,1,1,2,cyclic_2_1,cyclic_4_1,complete_1,unroll_4,unroll_4,unroll_8,1,1.25,0.524708022879,False
workload_4774.cpp,xcu200-fsgd2104-2-e,3.33,29.2502871,1026.5,1,1,2,9,cyclic_2_1,cyclic_4_1,cyclic_2_1,unroll_2,pipeline_1,pipeline_1,2,3.25,0.931858438136,False
workload_4772.cpp,xcu200-fsgd2104-2-e,3.33,29.2502871,1059,1,1,2,9,cyclic_2_1,cyclic_4_1,cyclic_2_1,unroll_2,pipeline_1,unroll_16,1,3.25,0.931858438136,False
workload_4936.cpp,xcu200-fsgd2104-2-e,3.33,29.2502871,1033,1,1,2,9,cyclic_2_1,cyclic_4_1,cyclic_2_1,unroll_2,pipeline_1,unroll_8,1,3.25,0.931858438136,False
workload_4761.cpp,xcu200-fsgd2104-2-e,3.33,110.9096127,43,1,1,1,1,cyclic_2_1,cyclic_4_1,cyclic_2_1,unroll_2,unroll_2,pipeline_1,2,1,0.730557821584,False
workload_4666.cpp,xcu200-fsgd2104-2-e,3.33,125.90867862,46,1,1,1,1,cyclic_2_1,cyclic_4_1,cyclic_2_1,unroll_2,unroll_2,unroll_4,1,1,0.675082173633,False
workload_4733.cpp,xcu200-fsgd2104-2-e,3.33,125.90867862,49,1,1,1,1,cyclic_2_1,cyclic_4_1,cyclic_4_1,unroll_2,unroll_2,unroll_4,1,1,0.675082173633,False
workload_4831.cpp,xcu200-fsgd2104-2-e,3.33,29.37392001,1340,1,1,5,19,cyclic_2_1,cyclic_8_1,complete_1,unroll_2,pipeline_1,pipeline_1,2,6.5,0.879838630818,False
workload_4937.cpp,xcu200-fsgd2104-2-e,3.33,29.37392001,1159,1,1,5,19,cyclic_2_1,cyclic_8_1,complete_1,unroll_2,pipeline_1,unroll_4,1,6.5,0.879838630818,False
workload_4833.cpp,xcu200-fsgd2104-2-e,3.33,29.37392001,1317,1,1,5,19,cyclic_2_1,cyclic_8_1,complete_1,unroll_2,pipeline_1,unroll_64,2,6.5,0.879838630818,False
workload_4791.cpp,xcu200-fsgd2104-2-e,3.33,153.00813537,58,1,1,1,1,cyclic_2_1,cyclic_8_1,complete_1,unroll_2,unroll_2,unroll_8,1,1,0.580720397018,False
workload_4247.cpp,xcu200-fsgd2104-2-e,3.33,29.46943107,1129,3,1,6,11,cyclic_32_1,block_4_1,block_4_1,unroll_2,pipeline_1,unroll_64,1,5.25,0.905235700477,False
workload_4330.cpp,xcu200-fsgd2104-2-e,3.33,105.93290772,158,3,1,2,5,cyclic_32_1,block_4_1,complete_1,unroll_17,unroll_2,pipeline_1,1,2.75,0.754655192497,False
workload_4463.cpp,xcu200-fsgd2104-2-e,3.33,29.46934782,853,3,1,6,11,cyclic_32_1,block_4_1,complete_1,unroll_2,pipeline_1,unroll_64,1,5.25,0.905235885243,False
workload_4389.cpp,xcu200-fsgd2104-2-e,3.33,29.46934782,845,3,1,6,11,cyclic_32_1,block_4_1,complete_1,unroll_2,pipeline_1,unroll_8,1,5.25,0.905235885243,False
workload_4425.cpp,xcu200-fsgd2104-2-e,3.33,95.27664798,363,3,3,3,5,cyclic_32_1,block_4_1,complete_1,unroll_2,unroll_2,unroll_64,1,3.5,0.786729922431,False
workload_4325.cpp,xcu200-fsgd2104-2-e,3.33,96.75889758,74,3,1,1,1,cyclic_32_1,block_4_1,complete_1,unroll_2,unroll_2,unroll_8,1,1.5,0.783229069231,False
workload_4493.cpp,xcu200-fsgd2104-2-e,3.33,95.27673123,376,3,3,3,5,cyclic_32_1,block_4_1,cyclic_4_1,unroll_2,unroll_2,unroll_64,1,3.5,0.786729750972,False
workload_4284.cpp,xcu200-fsgd2104-2-e,3.33,126.01955763,109,3,1,1,2,cyclic_32_1,block_8_1,block_2_1,unroll_2,unroll_2,unroll_16,1,1.75,0.676586747242,False
workload_4200.cpp,xcu200-fsgd2104-2-e,3.33,126.96154803,83,3,1,1,2,cyclic_32_1,block_8_1,block_2_1,unroll_2,unroll_2,unroll_8,1,1.75,0.673189935588,False
workload_4283.cpp,xcu200-fsgd2104-2-e,3.33,126.01947438,109,3,1,1,2,cyclic_32_1,block_8_1,complete_1,unroll_2,unroll_2,unroll_16,1,1.75,0.67658704774,False
workload_4241.cpp,xcu200-fsgd2104-2-e,3.33,126.96146478,83,3,1,1,2,cyclic_32_1,block_8_1,complete_1,unroll_2,unroll_2,unroll_8,1,1.75,0.673190235484,False
workload_4338.cpp,xcu200-fsgd2104-2-e,3.33,126.01955763,106,3,1,1,2,cyclic_32_1,block_8_1,cyclic_4_1,unroll_2,unroll_2,unroll_16,1,1.75,0.676586747242,False
workload_4326.cpp,xcu200-fsgd2104-2-e,3.33,126.96154803,77,3,1,1,2,cyclic_32_1,block_8_1,cyclic_4_1,unroll_2,unroll_2,unroll_8,1,1.75,0.673189935588,False
workload_4290.cpp,xcu200-fsgd2104-2-e,3.33,209.97899748,497,3,1,1,8,cyclic_32_1,cyclic_16_1,complete_1,unroll_17,unroll_4,pipeline_1,1,3.25,0.410020308019,False
workload_4201.cpp,xcu200-fsgd2104-2-e,3.33,29.46852531,969,3,1,2,8,cyclic_32_1,cyclic_2_1,block_4_1,unroll_2,pipeline_1,unroll_64,1,3.5,0.929266634358,False
workload_4499.cpp,xcu200-fsgd2104-2-e,3.33,29.46844206,829,3,1,2,8,cyclic_32_1,cyclic_2_1,complete_1,unroll_2,pipeline_1,pipeline_1,1,3.5,0.929266810501,False
workload_4295.cpp,xcu200-fsgd2104-2-e,3.33,29.46844206,853,3,1,2,8,cyclic_32_1,cyclic_2_1,complete_1,unroll_2,pipeline_1,unroll_64,1,3.5,0.929266810501,False
workload_4381.cpp,xcu200-fsgd2104-2-e,3.33,120.28095198,172,3,1,1,3,cyclic_32_1,cyclic_2_1,complete_1,unroll_2,unroll_2,unroll_64,1,2,0.69729223184,False
workload_4305.cpp,xcu200-fsgd2104-2-e,3.33,29.4684021,2691,3,1,4,15,cyclic_32_1,cyclic_2_1,complete_1,unroll_4,pipeline_1,pipeline_1,3,5.75,0.894920670393,False
workload_4467.cpp,xcu200-fsgd2104-2-e,3.33,29.4684021,2506,3,1,4,15,cyclic_32_1,cyclic_2_1,complete_1,unroll_4,pipeline_1,unroll_4,1,5.75,0.894920670393,False
workload_4396.cpp,xcu200-fsgd2104-2-e,3.33,29.4684021,2676,3,1,4,15,cyclic_32_1,cyclic_2_1,complete_1,unroll_4,pipeline_1,unroll_64,1,5.75,0.894920670393,False
workload_4334.cpp,xcu200-fsgd2104-2-e,3.33,105.81187887,59,3,1,1,1,cyclic_32_1,cyclic_2_1,cyclic_4_1,unroll_4,unroll_2,pipeline_1,1,1.5,0.750760939809,False
workload_4250.cpp,xcu200-fsgd2104-2-e,3.33,306.02506527,2438,3,1,3,22,cyclic_32_1,cyclic_32_1,cyclic_4_1,unroll_4,unroll_32,pipeline_1,1,7.25,0.201253250184,False
workload_4368.cpp,xcu200-fsgd2104-2-e,3.33,199.47376323,132,3,1,1,4,cyclic_32_1,cyclic_4_1,block_2_1,unroll_2,unroll_8,unroll_8,1,2.25,0.439376399553,False
workload_4387.cpp,xcu200-fsgd2104-2-e,3.33,29.46844206,878,3,1,3,9,cyclic_32_1,cyclic_4_1,complete_1,unroll_2,pipeline_1,pipeline_1,1,4,0.924133143276,False
workload_4466.cpp,xcu200-fsgd2104-2-e,3.33,29.4684021,2488,3,1,4,15,cyclic_32_1,cyclic_4_1,complete_1,unroll_4,pipeline_1,pipeline_1,1,5.75,0.894920670393,False
workload_4164.cpp,xcu200-fsgd2104-2-e,3.33,199.17637092,1726,4,1,1,14,cyclic_32_1,cyclic_64_1,complete_1,unroll_17,unroll_4,pipeline_1,1,5,0.438655230318,False
workload_4745.cpp,xcu200-fsgd2104-2-e,3.33,29.36795265,1154.5,1,1,9,16,cyclic_4_1,block_128_1,complete_1,unroll_2,pipeline_1,pipeline_1,2,6.75,0.875772968834,False
workload_4854.cpp,xcu200-fsgd2104-2-e,3.33,29.36795265,1200,1,1,9,16,cyclic_4_1,block_128_1,complete_1,unroll_2,pipeline_1,unroll_16,1,6.75,0.875772968834,False
workload_4880.cpp,xcu200-fsgd2104-2-e,3.33,29.36795265,1160,1,1,9,16,cyclic_4_1,block_128_1,complete_1,unroll_2,pipeline_1,unroll_32,1,6.75,0.875772968834,False
workload_4710.cpp,xcu200-fsgd2104-2-e,3.33,29.36795265,1103,1,1,9,16,cyclic_4_1,block_128_1,complete_1,unroll_2,pipeline_1,unroll_4,1,6.75,0.875772968834,False
workload_4682.cpp,xcu200-fsgd2104-2-e,3.33,29.36795265,1239,1,1,9,16,cyclic_4_1,block_128_1,complete_1,unroll_2,pipeline_1,unroll_8,1,6.75,0.875772968834,False
workload_4764.cpp,xcu200-fsgd2104-2-e,3.33,128.40556257,127,1,1,1,4,cyclic_4_1,block_128_1,complete_1,unroll_2,unroll_2,unroll_4,1,1.75,0.667996394396,False
workload_4498.cpp,xcu200-fsgd2104-2-e,3.33,29.25073998,826,2,1,2,8,cyclic_4_1,block_2_1,block_4_1,unroll_2,pipeline_1,pipeline_1,1,3.25,0.931856606938,False
workload_4413.cpp,xcu200-fsgd2104-2-e,3.33,105.7078863,47,2,1,1,1,cyclic_4_1,block_2_1,block_4_1,unroll_2,unroll_2,pipeline_1,1,1.25,0.751227053543,False
workload_4571.cpp,xcu200-fsgd2104-2-e,3.33,95.07234582,318,2,1,3,6,cyclic_4_1,block_2_1,block_4_1,unroll_2,unroll_2,unroll_64,1,3,0.794294811,False
workload_4468.cpp,xcu200-fsgd2104-2-e,3.33,29.2509531,2770,2,1,5,16,cyclic_4_1,block_2_1,block_4_1,unroll_4,pipeline_1,unroll_4,1,6,0.889644583475,False
workload_4406.cpp,xcu200-fsgd2104-2-e,3.33,98.5355325,63,2,1,1,1,cyclic_4_1,block_2_1,block_4_1,unroll_4,unroll_2,unroll_4,1,1.25,0.777489582504,False
workload_4185.cpp,xcu200-fsgd2104-2-e,3.33,29.25065673,771,2,1,2,8,cyclic_4_1,block_2_1,complete_1,unroll_2,pipeline_1,pipeline_1,3,3.25,0.931856943556,False
workload_4638.cpp,xcu200-fsgd2104-2-e,3.33,29.25065673,823,2,1,2,8,cyclic_4_1,block_2_1,complete_1,unroll_2,pipeline_1,unroll_4,2,3.25,0.931856943556,False
workload_4697.cpp,xcu200-fsgd2104-2-e,3.33,29.25065673,792,2,1,2,8,cyclic_4_1,block_2_1,complete_1,unroll_2,pipeline_1,unroll_64,2,3.25,0.931856943556,False
workload_4845.cpp,xcu200-fsgd2104-2-e,3.33,29.25065673,748,2,1,2,8,cyclic_4_1,block_2_1,complete_1,unroll_2,pipeline_1,unroll_8,1,3.25,0.931856943556,False
workload_4513.cpp,xcu200-fsgd2104-2-e,3.33,116.34672681,42,2,1,1,1,cyclic_4_1,block_2_1,complete_1,unroll_2,unroll_2,pipeline_1,1,1.25,0.711233341425,False
workload_4557.cpp,xcu200-fsgd2104-2-e,3.33,95.07226257,302,2,1,3,6,cyclic_4_1,block_2_1,complete_1,unroll_2,unroll_2,unroll_64,1,3,0.794294976595,False
workload_4395.cpp,xcu200-fsgd2104-2-e,3.33,29.25084321,2569,2,1,5,16,cyclic_4_1,block_2_1,complete_1,unroll_4,pipeline_1,pipeline_1,1,6,0.889644813946,False
workload_4494.cpp,xcu200-fsgd2104-2-e,3.33,105.70776309,49,2,1,1,1,cyclic_4_1,block_2_1,complete_1,unroll_4,unroll_2,pipeline_1,1,1.25,0.751227519323,False
workload_4894.cpp,xcu200-fsgd2104-2-e,3.33,29.2502871,805,2,1,2,8,cyclic_4_1,block_2_1,cyclic_2_1,unroll_2,pipeline_1,pipeline_1,1,3.25,0.931858438136,False
workload_4703.cpp,xcu200-fsgd2104-2-e,3.33,29.2502871,847,2,1,2,8,cyclic_4_1,block_2_1,cyclic_2_1,unroll_2,pipeline_1,unroll_32,1,3.25,0.931858438136,False
workload_4567.cpp,xcu200-fsgd2104-2-e,3.33,29.2502871,760,2,1,2,8,cyclic_4_1,block_2_1,cyclic_2_1,unroll_2,pipeline_1,unroll_4,1,3.25,0.931858438136,False
workload_4559.cpp,xcu200-fsgd2104-2-e,3.33,95.07234582,292,2,1,3,6,cyclic_4_1,block_2_1,cyclic_2_1,unroll_2,unroll_2,unroll_64,1,3,0.794294811,False
workload_4596.cpp,xcu200-fsgd2104-2-e,3.33,29.25073998,863,2,1,2,8,cyclic_4_1,block_2_1,cyclic_4_1,unroll_2,pipeline_1,unroll_64,1,3.25,0.931856606938,False
workload_4533.cpp,xcu200-fsgd2104-2-e,3.33,29.25073998,838,2,1,2,8,cyclic_4_1,block_2_1,cyclic_4_1,unroll_2,pipeline_1,unroll_8,1,3.25,0.931856606938,False
workload_4530.cpp,xcu200-fsgd2104-2-e,3.33,95.07234582,299,2,1,3,6,cyclic_4_1,block_2_1,cyclic_4_1,unroll_2,unroll_2,unroll_64,1,3,0.794294811,False
workload_4443.cpp,xcu200-fsgd2104-2-e,3.33,96.65156502,58,2,1,1,1,cyclic_4_1,block_2_1,cyclic_4_1,unroll_2,unroll_2,unroll_8,1,1.25,0.78483085621,False
workload_4708.cpp,xcu200-fsgd2104-2-e,3.33,29.25119286,1038,1,1,6,12,cyclic_4_1,block_4_1,block_4_1,unroll_2,pipeline_1,unroll_64,1,5,0.910273515717,False
workload_4550.cpp,xcu200-fsgd2104-2-e,3.33,98.20307862,47,1,1,1,1,cyclic_4_1,block_4_1,block_4_1,unroll_2,unroll_2,unroll_4,1,1,0.779214010894,False
workload_4289.cpp,xcu200-fsgd2104-2-e,3.33,95.07234582,391,1,3,3,5,cyclic_4_1,block_4_1,block_4_1,unroll_2,unroll_2,unroll_64,1,3,0.794294811,False
workload_4626.cpp,xcu200-fsgd2104-2-e,3.33,96.65156502,60,1,1,1,1,cyclic_4_1,block_4_1,block_4_1,unroll_2,unroll_2,unroll_8,1,1,0.785251668402,False
workload_4249.cpp,xcu200-fsgd2104-2-e,3.33,29.25110961,1106,1,1,6,12,cyclic_4_1,block_4_1,complete_1,unroll_2,pipeline_1,pipeline_1,1,5,0.910273698045,False
workload_4849.cpp,xcu200-fsgd2104-2-e,3.33,29.25110961,908,1,1,6,12,cyclic_4_1,block_4_1,complete_1,unroll_2,pipeline_1,unroll_16,1,5,0.910273698045,False
workload_4876.cpp,xcu200-fsgd2104-2-e,3.33,29.25110961,951,1,1,6,12,cyclic_4_1,block_4_1,complete_1,unroll_2,pipeline_1,unroll_2,1,5,0.910273698045,False
workload_4537.cpp,xcu200-fsgd2104-2-e,3.33,29.25110961,986,1,1,6,12,cyclic_4_1,block_4_1,complete_1,unroll_2,pipeline_1,unroll_4,1,5,0.910273698045,False
workload_4501.cpp,xcu200-fsgd2104-2-e,3.33,29.25110961,910,1,1,6,12,cyclic_4_1,block_4_1,complete_1,unroll_2,pipeline_1,unroll_64,1,5,0.910273698045,False
workload_4714.cpp,xcu200-fsgd2104-2-e,3.33,29.25110961,854,1,1,6,12,cyclic_4_1,block_4_1,complete_1,unroll_2,pipeline_1,unroll_8,1,5,0.910273698045,False
workload_4728.cpp,xcu200-fsgd2104-2-e,3.33,105.71470281,44,1,1,1,1,cyclic_4_1,block_4_1,complete_1,unroll_2,unroll_2,pipeline_1,1,1,0.750275021878,False
workload_4658.cpp,xcu200-fsgd2104-2-e,3.33,98.20299537,49,1,1,1,1,cyclic_4_1,block_4_1,complete_1,unroll_2,unroll_2,unroll_4,1,1,0.779214334319,False
workload_4495.cpp,xcu200-fsgd2104-2-e,3.33,95.07226257,336,1,3,3,5,cyclic_4_1,block_4_1,complete_1,unroll_2,unroll_2,unroll_64,1,3,0.794294976595,False
workload_4630.cpp,xcu200-fsgd2104-2-e,3.33,96.65148177,63,1,1,1,1,cyclic_4_1,block_4_1,complete_1,unroll_2,unroll_2,unroll_8,1,1,1,True
workload_4470.cpp,xcu200-fsgd2104-2-e,3.33,29.25106965,3128.5,1,1,12,23,cyclic_4_1,block_4_1,complete_1,unroll_4,pipeline_1,pipeline_1,2,9.25,0.813895862526,False
workload_4509.cpp,xcu200-fsgd2104-2-e,3.33,29.25106965,3060,1,1,12,23,cyclic_4_1,block_4_1,complete_1,unroll_4,pipeline_1,unroll_64,1,9.25,0.813895862526,False
workload_4404.cpp,xcu200-fsgd2104-2-e,3.33,105.71468949,55,1,1,1,1,cyclic_4_1,block_4_1,complete_1,unroll_4,unroll_2,pipeline_1,1,1,0.750275072752,False
workload_4528.cpp,xcu200-fsgd2104-2-e,3.33,95.07234582,348,1,3,3,5,cyclic_4_1,block_4_1,cyclic_2_1,unroll_2,unroll_2,unroll_64,1,3,0.794294811,False
workload_4535.cpp,xcu200-fsgd2104-2-e,3.33,29.25119286,960,1,1,6,12,cyclic_4_1,block_4_1,cyclic_4_1,unroll_2,pipeline_1,pipeline_1,2,5,0.910273515717,False
workload_4536.cpp,xcu200-fsgd2104-2-e,3.33,29.25119286,941,1,1,6,12,cyclic_4_1,block_4_1,cyclic_4_1,unroll_2,pipeline_1,unroll_64,1,5,0.910273515717,False
workload_4568.cpp,xcu200-fsgd2104-2-e,3.33,29.25119286,1004,1,1,6,12,cyclic_4_1,block_4_1,cyclic_4_1,unroll_2,pipeline_1,unroll_8,1,5,0.910273515717,False
workload_4378.cpp,xcu200-fsgd2104-2-e,3.33,95.07234582,353,1,3,3,5,cyclic_4_1,block_4_1,cyclic_4_1,unroll_2,unroll_2,unroll_64,1,3,0.794294811,False
workload_4407.cpp,xcu200-fsgd2104-2-e,3.33,96.65156502,63,1,1,1,1,cyclic_4_1,block_4_1,cyclic_4_1,unroll_2,unroll_2,unroll_8,1,1,0.785251668402,False
workload_4717.cpp,xcu200-fsgd2104-2-e,3.33,29.36795265,1200,3,1,9,15,cyclic_4_1,block_64_1,complete_1,unroll_2,pipeline_1,unroll_64,1,7,0.871126505585,False
workload_4901.cpp,xcu200-fsgd2104-2-e,3.33,125.27482977,1648,3,3,3,18,cyclic_4_1,block_64_1,complete_1,unroll_2,unroll_2,unroll_64,1,6.75,0.654257033442,False
workload_4432.cpp,xcu200-fsgd2104-2-e,3.33,29.36795265,1003,2,1,7,13,cyclic_4_1,block_8_1,complete_1,unroll_2,pipeline_1,unroll_64,1,5.75,0.895137795081,False
workload_4374.cpp,xcu200-fsgd2104-2-e,3.33,135.91034361,48,2,1,1,1,cyclic_4_1,block_8_1,complete_1,unroll_2,unroll_2,pipeline_1,1,1.25,0.640271052748,False
workload_4426.cpp,xcu200-fsgd2104-2-e,3.33,125.27491302,386,2,3,3,6,cyclic_4_1,block_8_1,cyclic_2_1,unroll_2,unroll_2,unroll_64,1,3.5,0.681658654351,False
workload_4526.cpp,xcu200-fsgd2104-2-e,3.33,126.85413222,62,2,1,1,1,cyclic_4_1,block_8_1,cyclic_4_1,unroll_2,unroll_2,unroll_8,1,1.25,0.672646531589,False
workload_4874.cpp,xcu200-fsgd2104-2-e,3.33,29.2502871,878,2,1,2,8,cyclic_4_1,cyclic_2_1,block_2_1,unroll_2,pipeline_1,unroll_64,1,3.25,0.931858438136,False
workload_4610.cpp,xcu200-fsgd2104-2-e,3.33,29.2502871,862,2,1,2,8,cyclic_4_1,cyclic_2_1,block_4_1,unroll_2,pipeline_1,unroll_4,1,3.25,0.931858438136,False
workload_4552.cpp,xcu200-fsgd2104-2-e,3.33,121.25413782,67,2,1,1,1,cyclic_4_1,cyclic_2_1,block_4_1,unroll_2,unroll_2,unroll_16,1,1.25,0.69308062063,False
workload_4487.cpp,xcu200-fsgd2104-2-e,3.33,125.9086653,55,2,1,1,1,cyclic_4_1,cyclic_2_1,block_4_1,unroll_4,unroll_2,unroll_4,1,1.25,0.676074768949,False
workload_4444.cpp,xcu200-fsgd2104-2-e,3.33,153.0153981,59,2,1,1,1,cyclic_4_1,cyclic_2_1,block_4_1,unroll_4,unroll_4,pipeline_1,1,1.25,0.581489840958,False
workload_4497.cpp,xcu200-fsgd2104-2-e,3.33,29.25020385,777,2,1,2,8,cyclic_4_1,cyclic_2_1,complete_1,unroll_2,pipeline_1,pipeline_1,4,3.25,1,True
workload_4825.cpp,xcu200-fsgd2104-2-e,3.33,29.25020385,850,2,1,2,8,cyclic_4_1,cyclic_2_1,complete_1,unroll_2,pipeline_1,unroll_16,1,3.25,1,True
workload_4848.cpp,xcu200-fsgd2104-2-e,3.33,29.25020385,836,2,1,2,8,cyclic_4_1,cyclic_2_1,complete_1,unroll_2,pipeline_1,unroll_2,1,3.25,1,True
workload_4671.cpp,xcu200-fsgd2104-2-e,3.33,29.25020385,800.5,2,1,2,8,cyclic_4_1,cyclic_2_1,complete_1,unroll_2,pipeline_1,unroll_32,2,3.25,1,True
workload_4531.cpp,xcu200-fsgd2104-2-e,3.33,29.25020385,821.5,2,1,2,8,cyclic_4_1,cyclic_2_1,complete_1,unroll_2,pipeline_1,unroll_4,2,3.25,1,True
workload_4343.cpp,xcu200-fsgd2104-2-e,3.33,29.25020385,872.5,2,1,2,8,cyclic_4_1,cyclic_2_1,complete_1,unroll_2,pipeline_1,unroll_64,2,3.25,1,True
workload_4594.cpp,xcu200-fsgd2104-2-e,3.33,29.25020385,787.5,2,1,2,8,cyclic_4_1,cyclic_2_1,complete_1,unroll_2,pipeline_1,unroll_8,2,3.25,1,True
workload_4401.cpp,xcu200-fsgd2104-2-e,3.33,110.90950281,42,2,1,1,1,cyclic_4_1,cyclic_2_1,complete_1,unroll_2,unroll_2,pipeline_1,2,1.25,0.731587312472,False
workload_4445.cpp,xcu200-fsgd2104-2-e,3.33,121.25405457,62,2,1,1,1,cyclic_4_1,cyclic_2_1,complete_1,unroll_2,unroll_2,unroll_16,1,1.25,0.693080926673,False
workload_4889.cpp,xcu200-fsgd2104-2-e,3.33,132.11462313,43,2,1,1,1,cyclic_4_1,cyclic_2_1,complete_1,unroll_2,unroll_2,unroll_2,1,1.25,0.653737550555,False
workload_4555.cpp,xcu200-fsgd2104-2-e,3.33,125.90856873,48,2,1,1,1,cyclic_4_1,cyclic_2_1,complete_1,unroll_2,unroll_2,unroll_4,1,1.25,0.676075119566,False
workload_4459.cpp,xcu200-fsgd2104-2-e,3.33,120.03500817,153,2,1,1,3,cyclic_4_1,cyclic_2_1,complete_1,unroll_2,unroll_2,unroll_64,1,1.75,0.698308611111,False
workload_4520.cpp,xcu200-fsgd2104-2-e,3.33,122.80556817,49,2,1,1,1,cyclic_4_1,cyclic_2_1,complete_1,unroll_2,unroll_2,unroll_8,1,1.25,0.687388812717,False
workload_4842.cpp,xcu200-fsgd2104-2-e,3.33,173.65525425,50,2,1,1,1,cyclic_4_1,cyclic_2_1,complete_1,unroll_2,unroll_4,unroll_4,1,1.25,0.514842231745,False
workload_4397.cpp,xcu200-fsgd2104-2-e,3.33,29.25016389,2546,2,1,4,16,cyclic_4_1,cyclic_2_1,complete_1,unroll_4,pipeline_1,pipeline_1,2,5.75,0.895391113708,False
workload_4469.cpp,xcu200-fsgd2104-2-e,3.33,29.25016389,2835,2,1,4,16,cyclic_4_1,cyclic_2_1,complete_1,unroll_4,pipeline_1,unroll_4,1,5.75,0.895391113708,False
workload_4507.cpp,xcu200-fsgd2104-2-e,3.33,29.25016389,2802,2,1,4,16,cyclic_4_1,cyclic_2_1,complete_1,unroll_4,pipeline_1,unroll_8,1,5.75,0.895391113708,False
workload_4181.cpp,xcu200-fsgd2104-2-e,3.33,105.59001429,55,2,1,1,1,cyclic_4_1,cyclic_2_1,complete_1,unroll_4,unroll_2,pipeline_1,1,1.25,0.751672635702,False
workload_4361.cpp,xcu200-fsgd2104-2-e,3.33,125.90855541,53,2,1,1,1,cyclic_4_1,cyclic_2_1,complete_1,unroll_4,unroll_2,unroll_4,1,1.25,0.676075167927,False
workload_4452.cpp,xcu200-fsgd2104-2-e,3.33,173.65521429,69,2,1,1,1,cyclic_4_1,cyclic_2_1,complete_1,unroll_4,unroll_4,unroll_4,1,1.25,0.514842356157,False
workload_4562.cpp,xcu200-fsgd2104-2-e,3.33,29.2502871,791,2,1,2,8,cyclic_4_1,cyclic_2_1,cyclic_2_1,unroll_2,pipeline_1,unroll_4,1,3.25,0.931858438136,False
workload_4486.cpp,xcu200-fsgd2104-2-e,3.33,105.5901375,40,2,1,1,1,cyclic_4_1,cyclic_2_1,cyclic_2_1,unroll_2,unroll_2,pipeline_1,1,1.25,0.751672169961,False
workload_4417.cpp,xcu200-fsgd2104-2-e,3.33,125.74241172,127,2,1,1,3,cyclic_4_1,cyclic_2_1,cyclic_4_1,unroll_17,unroll_2,unroll_4,1,1.75,0.677587417794,False
workload_4534.cpp,xcu200-fsgd2104-2-e,3.33,29.2502871,783,2,1,2,8,cyclic_4_1,cyclic_2_1,cyclic_4_1,unroll_2,pipeline_1,pipeline_1,1,3.25,0.931858438136,False
workload_4642.cpp,xcu200-fsgd2104-2-e,3.33,29.2502871,868,2,1,2,8,cyclic_4_1,cyclic_2_1,cyclic_4_1,unroll_2,pipeline_1,unroll_32,1,3.25,0.931858438136,False
workload_4538.cpp,xcu200-fsgd2104-2-e,3.33,29.2502871,769,2,1,2,8,cyclic_4_1,cyclic_2_1,cyclic_4_1,unroll_2,pipeline_1,unroll_8,1,3.25,0.931858438136,False
workload_4479.cpp,xcu200-fsgd2104-2-e,3.33,105.5901375,46,2,1,1,1,cyclic_4_1,cyclic_2_1,cyclic_4_1,unroll_2,unroll_2,pipeline_1,1,1.25,0.751672169961,False
workload_4506.cpp,xcu200-fsgd2104-2-e,3.33,29.25027378,2845,2,1,4,16,cyclic_4_1,cyclic_2_1,cyclic_4_1,unroll_4,pipeline_1,pipeline_1,1,5.75,0.895390878023,False
workload_4453.cpp,xcu200-fsgd2104-2-e,3.33,122.8056381,69,2,1,1,1,cyclic_4_1,cyclic_2_1,cyclic_4_1,unroll_4,unroll_2,unroll_8,1,1.25,0.687388556685,False
workload_4735.cpp,xcu200-fsgd2104-2-e,3.33,120.03509142,183,1,1,1,3,cyclic_4_1,cyclic_4_1,block_2_1,unroll_2,unroll_2,unroll_64,1,1.5,0.698153802464,False
workload_4609.cpp,xcu200-fsgd2104-2-e,3.33,29.2502871,929,1,1,2,9,cyclic_4_1,cyclic_4_1,block_4_1,unroll_2,pipeline_1,unroll_4,1,3.25,0.931858438136,False
workload_4591.cpp,xcu200-fsgd2104-2-e,3.33,125.90867862,50,1,1,1,1,cyclic_4_1,cyclic_4_1,block_4_1,unroll_2,unroll_2,unroll_4,1,1,0.675082173633,False
workload_4566.cpp,xcu200-fsgd2104-2-e,3.33,29.25020385,890.5,1,1,2,9,cyclic_4_1,cyclic_4_1,complete_1,unroll_2,pipeline_1,pipeline_1,2,3.25,1,True
workload_4646.cpp,xcu200-fsgd2104-2-e,3.33,29.25020385,985,1,1,2,9,cyclic_4_1,cyclic_4_1,complete_1,unroll_2,pipeline_1,unroll_16,2,3.25,1,True
workload_4898.cpp,xcu200-fsgd2104-2-e,3.33,29.25020385,985,1,1,2,9,cyclic_4_1,cyclic_4_1,complete_1,unroll_2,pipeline_1,unroll_2,1,3.25,1,True
workload_4598.cpp,xcu200-fsgd2104-2-e,3.33,29.25020385,928,1,1,2,9,cyclic_4_1,cyclic_4_1,complete_1,unroll_2,pipeline_1,unroll_32,2,3.25,1,True
workload_4601.cpp,xcu200-fsgd2104-2-e,3.33,29.25020385,966.5,1,1,2,9,cyclic_4_1,cyclic_4_1,complete_1,unroll_2,pipeline_1,unroll_4,2,3.25,1,True
workload_4388.cpp,xcu200-fsgd2104-2-e,3.33,29.25020385,1006.5,1,1,2,9,cyclic_4_1,cyclic_4_1,complete_1,unroll_2,pipeline_1,unroll_64,2,3.25,1,True
workload_4500.cpp,xcu200-fsgd2104-2-e,3.33,29.25020385,937,1,1,2,9,cyclic_4_1,cyclic_4_1,complete_1,unroll_2,pipeline_1,unroll_8,2,3.25,1,True
workload_4726.cpp,xcu200-fsgd2104-2-e,3.33,105.59002761,41,1,1,1,1,cyclic_4_1,cyclic_4_1,complete_1,unroll_2,unroll_2,pipeline_1,1,1,0.750751267164,False
workload_4631.cpp,xcu200-fsgd2104-2-e,3.33,120.36747537,101,1,1,1,2,cyclic_4_1,cyclic_4_1,complete_1,unroll_2,unroll_2,unroll_32,1,1.25,0.69634389913,False
workload_4692.cpp,xcu200-fsgd2104-2-e,3.33,125.90856873,45,1,1,1,1,cyclic_4_1,cyclic_4_1,complete_1,unroll_2,unroll_2,unroll_4,1,1,0.675082571873,False
workload_4709.cpp,xcu200-fsgd2104-2-e,3.33,120.03500817,163,1,1,1,3,cyclic_4_1,cyclic_4_1,complete_1,unroll_2,unroll_2,unroll_64,1,1.5,0.698154108413,False
workload_4455.cpp,xcu200-fsgd2104-2-e,3.33,122.80556817,51,1,1,1,1,cyclic_4_1,cyclic_4_1,complete_1,unroll_2,unroll_2,unroll_8,1,1,0.686376589372,False
workload_4818.cpp,xcu200-fsgd2104-2-e,3.33,29.25016389,2597,1,1,4,16,cyclic_4_1,cyclic_4_1,complete_1,unroll_4,pipeline_1,unroll_4,2,5.5,0.900754905808,False
workload_4782.cpp,xcu200-fsgd2104-2-e,3.33,29.25016389,2670,1,1,4,16,cyclic_4_1,cyclic_4_1,complete_1,unroll_4,pipeline_1,unroll_64,2,5.5,0.900754905808,False
workload_4421.cpp,xcu200-fsgd2104-2-e,3.33,125.90855541,56,1,1,1,1,cyclic_4_1,cyclic_4_1,complete_1,unroll_4,unroll_2,unroll_4,1,1,0.675082620145,False
workload_4242.cpp,xcu200-fsgd2104-2-e,3.33,181.23173685,101,1,1,1,3,cyclic_4_1,cyclic_4_1,complete_1,unroll_4,unroll_8,pipeline_1,1,1.5,0.492072926338,False
workload_4663.cpp,xcu200-fsgd2104-2-e,3.33,125.90867862,47,1,1,1,1,cyclic_4_1,cyclic_4_1,cyclic_2_1,unroll_2,unroll_2,unroll_4,1,1,0.675082173633,False
workload_4554.cpp,xcu200-fsgd2104-2-e,3.33,120.03509142,182,1,1,1,3,cyclic_4_1,cyclic_4_1,cyclic_2_1,unroll_2,unroll_2,unroll_64,1,1.5,0.698153802464,False
workload_4465.cpp,xcu200-fsgd2104-2-e,3.33,29.2502871,894,1,1,2,9,cyclic_4_1,cyclic_4_1,cyclic_4_1,unroll_2,pipeline_1,unroll_8,2,3.25,0.931858438136,False
workload_4623.cpp,xcu200-fsgd2104-2-e,3.33,105.5901375,40,1,1,1,1,cyclic_4_1,cyclic_4_1,cyclic_4_1,unroll_2,unroll_2,pipeline_1,1,1,0.750750847334,False
workload_4544.cpp,xcu200-fsgd2104-2-e,3.33,29.25027378,2641,1,1,4,16,cyclic_4_1,cyclic_4_1,cyclic_4_1,unroll_4,pipeline_1,unroll_8,1,5.5,0.900754666568,False
workload_4285.cpp,xcu200-fsgd2104-2-e,3.33,153.00821862,112,3,1,1,3,cyclic_4_1,cyclic_64_1,cyclic_4_1,unroll_2,unroll_2,unroll_8,1,2,0.582751921064,False
workload_4372.cpp,xcu200-fsgd2104-2-e,3.33,155.94486903,147,2,1,1,3,cyclic_4_1,cyclic_8_1,complete_1,unroll_17,unroll_2,unroll_4,1,1.75,0.572745456558,False
workload_4336.cpp,xcu200-fsgd2104-2-e,3.33,152.81413623,207,2,1,1,4,cyclic_4_1,cyclic_8_1,complete_1,unroll_17,unroll_2,unroll_8,1,2,0.583401192237,False
workload_4681.cpp,xcu200-fsgd2104-2-e,3.33,29.37392001,1229,2,1,5,19,cyclic_4_1,cyclic_8_1,complete_1,unroll_2,pipeline_1,unroll_64,1,6.75,0.875750287721,False
workload_4817.cpp,xcu200-fsgd2104-2-e,3.33,29.36700693,2990,2,1,5,17,cyclic_4_1,cyclic_8_1,complete_1,unroll_4,pipeline_1,unroll_2,1,6.25,0.883330896929,False
workload_4628.cpp,xcu200-fsgd2104-2-e,3.33,153.0082053,73,2,1,1,1,cyclic_4_1,cyclic_8_1,cyclic_4_1,unroll_4,unroll_2,unroll_8,1,1.25,0.581513891567,False
workload_4226.cpp,xcu200-fsgd2104-2-e,3.33,242.21648772,2756.5,3,1,2.5,22,cyclic_64_1,cyclic_16_1,complete_1,unroll_17,unroll_8,pipeline_1,2,7.125,0.323231456648,False
workload_4527.cpp,xcu200-fsgd2104-2-e,3.33,101.30257602,98,3,1,1,1,cyclic_64_1,cyclic_2_1,complete_1,unroll_4,unroll_2,unroll_2,1,1.5,0.76735433786,False
workload_4252.cpp,xcu200-fsgd2104-2-e,3.33,247.78158705,3565,3,1,2,26,cyclic_64_1,cyclic_32_1,cyclic_2_1,unroll_17,unroll_8,pipeline_1,1,8,0.307835920257,False
workload_4287.cpp,xcu200-fsgd2104-2-e,3.33,247.78162035,232,4,1,1,4,cyclic_64_1,cyclic_64_1,block_2_1,unroll_2,unroll_8,pipeline_1,1,2.5,0.316478341699,False
workload_4292.cpp,xcu200-fsgd2104-2-e,3.33,29.46897819,869,3,1,2,8,cyclic_8_1,block_2_1,block_4_1,unroll_2,pipeline_1,unroll_4,1,3.5,0.929265676015,False
workload_4360.cpp,xcu200-fsgd2104-2-e,3.33,105.92612451,45,3,1,1,1,cyclic_8_1,block_2_1,block_4_1,unroll_2,unroll_2,pipeline_1,1,1.5,0.750343126637,False
workload_4321.cpp,xcu200-fsgd2104-2-e,3.33,98.42131683,48,3,1,1,1,cyclic_8_1,block_2_1,block_4_1,unroll_2,unroll_2,unroll_4,1,1.5,0.777890131663,False
workload_4446.cpp,xcu200-fsgd2104-2-e,3.33,98.75377071,65,3,1,1,1,cyclic_8_1,block_2_1,block_4_1,unroll_4,unroll_2,unroll_4,1,1.5,0.776721933393,False
workload_4747.cpp,xcu200-fsgd2104-2-e,3.33,29.46889494,819,3,1,2,8,cyclic_8_1,block_2_1,complete_1,unroll_2,pipeline_1,pipeline_1,1,3.5,0.929265852197,False
workload_4269.cpp,xcu200-fsgd2104-2-e,3.33,29.46889494,869,3,1,2,8,cyclic_8_1,block_2_1,complete_1,unroll_2,pipeline_1,unroll_8,1,3.5,0.929265852197,False
workload_4320.cpp,xcu200-fsgd2104-2-e,3.33,105.92601462,45,3,1,1,1,cyclic_8_1,block_2_1,complete_1,unroll_2,unroll_2,pipeline_1,1,1.5,0.750343528686,False
workload_4737.cpp,xcu200-fsgd2104-2-e,3.33,98.42123358,45,3,1,1,1,cyclic_8_1,block_2_1,complete_1,unroll_2,unroll_2,unroll_4,1,1.5,0.777890421483,False
workload_4668.cpp,xcu200-fsgd2104-2-e,3.33,95.29050078,303,3,1,3,6,cyclic_8_1,block_2_1,complete_1,unroll_2,unroll_2,unroll_64,1,3.25,0.790319172704,False
workload_4705.cpp,xcu200-fsgd2104-2-e,3.33,96.75889758,53,3,1,1,1,cyclic_8_1,block_2_1,complete_1,unroll_2,unroll_2,unroll_8,1,1.5,0.783229069231,False
workload_4738.cpp,xcu200-fsgd2104-2-e,3.33,29.46852531,747,3,1,2,8,cyclic_8_1,block_2_1,cyclic_2_1,unroll_2,pipeline_1,unroll_32,1,3.5,0.929266634358,False
workload_4342.cpp,xcu200-fsgd2104-2-e,3.33,97.04985633,422,3,1,3,7,cyclic_8_1,block_2_1,cyclic_4_1,unroll_17,unroll_2,unroll_8,1,3.5,0.782608048368,False
workload_4481.cpp,xcu200-fsgd2104-2-e,3.33,96.75898083,57,3,1,1,1,cyclic_8_1,block_2_1,cyclic_4_1,unroll_2,unroll_2,unroll_8,1,1.5,0.78322883459,False
workload_4590.cpp,xcu200-fsgd2104-2-e,3.33,95.29058403,367,3,3,3,5,cyclic_8_1,block_4_1,block_2_1,unroll_2,unroll_2,unroll_64,1,3.5,0.786701190439,False
workload_4431.cpp,xcu200-fsgd2104-2-e,3.33,29.46934782,855,3,1,6,11,cyclic_8_1,block_4_1,complete_1,unroll_2,pipeline_1,pipeline_1,1,5.25,0.905235885243,False
workload_4546.cpp,xcu200-fsgd2104-2-e,3.33,29.46930786,2999,3,1,12,22,cyclic_8_1,block_4_1,complete_1,unroll_4,pipeline_1,pipeline_1,1,9.5,0.806015184763,False
workload_4492.cpp,xcu200-fsgd2104-2-e,3.33,105.9329277,53,3,1,1,1,cyclic_8_1,block_4_1,complete_1,unroll_4,unroll_2,pipeline_1,1,1.5,0.750318235501,False
workload_4383.cpp,xcu200-fsgd2104-2-e,3.33,97.04985633,477,3,3,4,7,cyclic_8_1,block_4_1,cyclic_4_1,unroll_17,unroll_2,unroll_8,1,4.25,0.771485412672,False
workload_4606.cpp,xcu200-fsgd2104-2-e,3.33,29.46943107,996,3,1,6,11,cyclic_8_1,block_4_1,cyclic_4_1,unroll_2,pipeline_1,unroll_8,1,5.25,0.905235700477,False
workload_4405.cpp,xcu200-fsgd2104-2-e,3.33,96.75898083,63,3,1,1,1,cyclic_8_1,block_4_1,cyclic_4_1,unroll_2,unroll_2,unroll_8,1,1.5,0.78322883459,False
workload_4345.cpp,xcu200-fsgd2104-2-e,3.33,29.58619086,993,3,1,7,13,cyclic_8_1,block_8_1,complete_1,unroll_2,pipeline_1,unroll_8,1,6,0.888936229939,False
workload_4183.cpp,xcu200-fsgd2104-2-e,3.33,151.67494323,94,3,1,1,2,cyclic_8_1,cyclic_16_1,block_2_1,unroll_2,unroll_2,unroll_16,1,1.75,0.587001942002,False
workload_4297.cpp,xcu200-fsgd2104-2-e,3.33,204.57340515,56.5,3,1,1,1,cyclic_8_1,cyclic_16_1,block_2_1,unroll_2,unroll_4,pipeline_1,2,1.5,0.4244378723,False
workload_4702.cpp,xcu200-fsgd2104-2-e,3.33,29.46844206,814,3,1,2,8,cyclic_8_1,cyclic_2_1,complete_1,unroll_2,pipeline_1,pipeline_1,2,3.5,0.929266810501,False
workload_4674.cpp,xcu200-fsgd2104-2-e,3.33,29.46844206,854,3,1,2,8,cyclic_8_1,cyclic_2_1,complete_1,unroll_2,pipeline_1,unroll_32,1,3.5,0.929266810501,False
workload_4696.cpp,xcu200-fsgd2104-2-e,3.33,29.46844206,785.5,3,1,2,8,cyclic_8_1,cyclic_2_1,complete_1,unroll_2,pipeline_1,unroll_4,2,3.5,0.929266810501,False
workload_4897.cpp,xcu200-fsgd2104-2-e,3.33,29.46844206,857,3,1,2,8,cyclic_8_1,cyclic_2_1,complete_1,unroll_2,pipeline_1,unroll_64,1,3.5,0.929266810501,False
workload_4877.cpp,xcu200-fsgd2104-2-e,3.33,29.46844206,825,3,1,2,8,cyclic_8_1,cyclic_2_1,complete_1,unroll_2,pipeline_1,unroll_8,1,3.5,0.929266810501,False
workload_4707.cpp,xcu200-fsgd2104-2-e,3.33,120.25324638,167,3,1,1,3,cyclic_8_1,cyclic_2_1,complete_1,unroll_2,unroll_2,unroll_64,1,2,0.697395141637,False
workload_4340.cpp,xcu200-fsgd2104-2-e,3.33,254.67522318,230,3,1,1,6,cyclic_8_1,cyclic_32_1,complete_1,unroll_2,unroll_8,unroll_8,1,2.75,0.301160218895,False
workload_4298.cpp,xcu200-fsgd2104-2-e,3.33,306.01654047,1678,3,1,2,20,cyclic_8_1,cyclic_32_1,cyclic_4_1,unroll_4,unroll_32,pipeline_1,1,6.5,0.202354188018,False
workload_4344.cpp,xcu200-fsgd2104-2-e,3.33,29.46852531,971,3,1,2,9,cyclic_8_1,cyclic_4_1,block_4_1,unroll_2,pipeline_1,unroll_8,1,3.75,0.926848647973,False
workload_4676.cpp,xcu200-fsgd2104-2-e,3.33,29.46844206,951,3,1,2,9,cyclic_8_1,cyclic_4_1,complete_1,unroll_2,pipeline_1,pipeline_1,2,3.75,0.926848820733,False
workload_4416.cpp,xcu200-fsgd2104-2-e,3.33,181.45001502,64,3,1,1,2,cyclic_8_1,cyclic_4_1,complete_1,unroll_2,unroll_8,pipeline_1,1,1.75,0.491781960831,False
workload_4654.cpp,xcu200-fsgd2104-2-e,3.33,29.4684021,2688,3,1,4,16,cyclic_8_1,cyclic_4_1,complete_1,unroll_4,pipeline_1,unroll_64,1,6,0.889186314528,False
workload_4502.cpp,xcu200-fsgd2104-2-e,3.33,29.46852531,971,3,1,2,9,cyclic_8_1,cyclic_4_1,cyclic_4_1,unroll_2,pipeline_1,unroll_16,1,3.75,0.926848647973,False
workload_3897.cpp,xcu200-fsgd2104-2-e,5,150.107755,147,6,2,1,2,block_128_1,block_4_1,cyclic_2_1,unroll_2,unroll_2,unroll_2,1,2.75,0.803614643642,False
workload_3565.cpp,xcu200-fsgd2104-2-e,5,189.965755,1289,7,7,2,8,block_128_1,cyclic_64_1,block_2_1,unroll_2,unroll_2,unroll_8,1,6,0.670798814344,False
workload_3700.cpp,xcu200-fsgd2104-2-e,5,150.107755,55,6,1,1,1,block_16_1,block_2_1,block_4_1,unroll_2,unroll_2,unroll_2,1,2.25,0.802748078568,False
workload_3589.cpp,xcu200-fsgd2104-2-e,5,150.44045,74,6,3,1,2,block_16_1,block_2_1,complete_1,unroll_4,unroll_2,unroll_2,1,3,0.801890972361,False
workload_3780.cpp,xcu200-fsgd2104-2-e,5,146.44691,65,5,3,1,2,block_16_1,block_4_1,complete_1,unroll_2,unroll_2,unroll_4,1,2.75,0.814082504677,False
workload_3746.cpp,xcu200-fsgd2104-2-e,5,345.84987,242,5,1,29,45,block_16_1,block_4_1,complete_1,unroll_2,unroll_32,pipeline_1,1,20,0.243571200275,False
workload_3544.cpp,xcu200-fsgd2104-2-e,5,458.59907,339,6,1,27,44,block_16_1,cyclic_16_1,complete_1,unroll_2,unroll_32,pipeline_1,1,19.5,0.151194573929,False
workload_3682.cpp,xcu200-fsgd2104-2-e,5,196.03922,823,6,14,4,8,block_16_1,cyclic_32_1,complete_1,unroll_17,unroll_2,unroll_2,1,8,0.627681706593,False
workload_3516.cpp,xcu200-fsgd2104-2-e,5,458.599115,609,6,1,27,46,block_16_1,cyclic_32_1,cyclic_2_1,unroll_2,unroll_32,pipeline_1,1,20,0.14894231272,False
workload_3537.cpp,xcu200-fsgd2104-2-e,5,273.164155,82,5,1,6,11,block_16_1,cyclic_4_1,block_2_1,unroll_2,unroll_8,pipeline_1,1,5.75,0.488966609343,False
workload_3919.cpp,xcu200-fsgd2104-2-e,5,7.370785,1828,1,1,10,21,block_2_1,block_128_1,complete_1,unroll_2,pipeline_1,pipeline_1,1,8.25,0.836435778889,False
workload_3867.cpp,xcu200-fsgd2104-2-e,5,191.468425,63,1,1,1,2,block_2_1,block_16_1,complete_1,unroll_2,unroll_2,unroll_4,1,1.25,0.690417654878,False
workload_3930.cpp,xcu200-fsgd2104-2-e,5,143.37367,113,1,1,3,4,block_2_1,block_2_1,block_2_1,unroll_2,unroll_2,unroll_16,1,2.25,0.818883025692,False
workload_3662.cpp,xcu200-fsgd2104-2-e,5,144.37205,129,1,1,3,5,block_2_1,block_2_1,block_2_1,unroll_4,unroll_2,unroll_8,1,2.5,0.820350422214,False
workload_4058.cpp,xcu200-fsgd2104-2-e,5,7.19471,1193,1,1,4,13,block_2_1,block_2_1,block_4_1,unroll_2,pipeline_1,unroll_4,1,4.75,0.952620477087,False
workload_3747.cpp,xcu200-fsgd2104-2-e,5,149.78007,45,1,1,1,1,block_2_1,block_2_1,block_4_1,unroll_2,unroll_2,unroll_2,1,1,0.802917924141,False
workload_4121.cpp,xcu200-fsgd2104-2-e,5,7.194665,1263,1,1,4,13,block_2_1,block_2_1,complete_1,unroll_2,pipeline_1,pipeline_1,1,4.75,0.952620498235,False
workload_3946.cpp,xcu200-fsgd2104-2-e,5,7.194665,1112,1,1,4,13,block_2_1,block_2_1,complete_1,unroll_2,pipeline_1,unroll_16,1,4.75,0.952620498235,False
workload_4149.cpp,xcu200-fsgd2104-2-e,5,7.194665,1306,1,1,4,13,block_2_1,block_2_1,complete_1,unroll_2,pipeline_1,unroll_4,1,4.75,0.952620498235,False
workload_4090.cpp,xcu200-fsgd2104-2-e,5,7.194665,1293,1,1,4,13,block_2_1,block_2_1,complete_1,unroll_2,pipeline_1,unroll_64,1,4.75,0.952620498235,False
workload_4088.cpp,xcu200-fsgd2104-2-e,5,7.194665,1247.5,1,1,4,13,block_2_1,block_2_1,complete_1,unroll_2,pipeline_1,unroll_8,2,4.75,0.952620498235,False
workload_4033.cpp,xcu200-fsgd2104-2-e,5,153.898465,43,1,1,1,3,block_2_1,block_2_1,complete_1,unroll_2,unroll_2,pipeline_1,1,1.5,0.791913754004,False
workload_3967.cpp,xcu200-fsgd2104-2-e,5,143.373625,111,1,1,3,4,block_2_1,block_2_1,complete_1,unroll_2,unroll_2,unroll_16,1,2.25,0.818883095265,False
workload_3694.cpp,xcu200-fsgd2104-2-e,5,149.780025,45,1,1,1,1,block_2_1,block_2_1,complete_1,unroll_2,unroll_2,unroll_2,1,1,0.802918051055,False
workload_4102.cpp,xcu200-fsgd2104-2-e,5,142.916025,304,1,1,6,9,block_2_1,block_2_1,complete_1,unroll_2,unroll_2,unroll_32,1,4.25,0.796920326112,False
workload_4057.cpp,xcu200-fsgd2104-2-e,5,142.687225,878,1,1,12,17,block_2_1,block_2_1,complete_1,unroll_2,unroll_2,unroll_64,1,7.75,0.721066494483,False
workload_4087.cpp,xcu200-fsgd2104-2-e,5,7.19403,1288,1,1,4,13,block_2_1,block_2_1,cyclic_2_1,unroll_2,pipeline_1,unroll_16,1,4.75,1,True
workload_4060.cpp,xcu200-fsgd2104-2-e,5,7.19403,1277,1,1,4,13,block_2_1,block_2_1,cyclic_2_1,unroll_2,pipeline_1,unroll_32,1,4.75,1,True
workload_3988.cpp,xcu200-fsgd2104-2-e,5,7.19403,1478,1,1,4,13,block_2_1,block_2_1,cyclic_2_1,unroll_2,pipeline_1,unroll_4,1,4.75,1,True
workload_3990.cpp,xcu200-fsgd2104-2-e,5,7.19403,1486.5,1,1,4,13,block_2_1,block_2_1,cyclic_2_1,unroll_2,pipeline_1,unroll_64,2,4.75,1,True
workload_3879.cpp,xcu200-fsgd2104-2-e,5,7.19403,1384.5,1,1,4,13,block_2_1,block_2_1,cyclic_2_1,unroll_2,pipeline_1,unroll_8,2,4.75,1,True
workload_4141.cpp,xcu200-fsgd2104-2-e,5,142.91607,305,1,1,6,9,block_2_1,block_2_1,cyclic_2_1,unroll_2,unroll_2,unroll_32,1,4.25,0.796920262496,False
workload_4118.cpp,xcu200-fsgd2104-2-e,5,142.68727,980,1,1,12,17,block_2_1,block_2_1,cyclic_2_1,unroll_2,unroll_2,unroll_64,1,7.75,0.721066440816,False
workload_4089.cpp,xcu200-fsgd2104-2-e,5,7.19471,1346,1,1,4,13,block_2_1,block_2_1,cyclic_4_1,unroll_2,pipeline_1,unroll_16,1,4.75,0.952620477087,False
workload_3802.cpp,xcu200-fsgd2104-2-e,5,7.19471,1468,1,1,4,13,block_2_1,block_2_1,cyclic_4_1,unroll_2,pipeline_1,unroll_8,2,4.75,0.952620477087,False
workload_3969.cpp,xcu200-fsgd2104-2-e,5,143.37367,138,1,1,3,4,block_2_1,block_2_1,cyclic_4_1,unroll_2,unroll_2,unroll_16,1,2.25,0.818883025692,False
workload_3669.cpp,xcu200-fsgd2104-2-e,5,149.78007,48,1,1,1,1,block_2_1,block_2_1,cyclic_4_1,unroll_2,unroll_2,unroll_2,1,1,0.802917924141,False
workload_4078.cpp,xcu200-fsgd2104-2-e,5,142.91607,294,1,1,6,9,block_2_1,block_2_1,cyclic_4_1,unroll_2,unroll_2,unroll_32,1,4.25,0.796920262496,False
workload_4067.cpp,xcu200-fsgd2104-2-e,5,217.31943,77,1,1,1,3,block_2_1,block_2_1,cyclic_4_1,unroll_2,unroll_4,unroll_4,1,1.5,0.625334846352,False
workload_3858.cpp,xcu200-fsgd2104-2-e,5,217.31943,80,1,1,1,3,block_2_1,block_4_1,block_2_1,unroll_2,unroll_4,unroll_4,1,1.5,0.625334846352,False
workload_3887.cpp,xcu200-fsgd2104-2-e,5,153.89855,44,1,1,1,3,block_2_1,block_4_1,block_4_1,unroll_2,unroll_2,pipeline_1,1,1.5,0.79191352024,False
workload_3828.cpp,xcu200-fsgd2104-2-e,5,144.28887,77,1,1,1,2,block_2_1,block_4_1,block_4_1,unroll_2,unroll_2,unroll_8,1,1.25,0.819092969375,False
workload_4091.cpp,xcu200-fsgd2104-2-e,5,7.195345,1404,1,1,7,17,block_2_1,block_4_1,complete_1,unroll_2,pipeline_1,pipeline_1,1,6.5,0.897368381712,False
workload_3914.cpp,xcu200-fsgd2104-2-e,5,7.195345,1376.5,1,1,7,17,block_2_1,block_4_1,complete_1,unroll_2,pipeline_1,unroll_16,2,6.5,0.897368381712,False
workload_4026.cpp,xcu200-fsgd2104-2-e,5,7.195345,1585,1,1,7,17,block_2_1,block_4_1,complete_1,unroll_2,pipeline_1,unroll_2,1,6.5,0.897368381712,False
workload_4150.cpp,xcu200-fsgd2104-2-e,5,7.195345,1370,1,1,7,17,block_2_1,block_4_1,complete_1,unroll_2,pipeline_1,unroll_32,1,6.5,0.897368381712,False
workload_3916.cpp,xcu200-fsgd2104-2-e,5,7.195345,1536,1,1,7,17,block_2_1,block_4_1,complete_1,unroll_2,pipeline_1,unroll_4,1,6.5,0.897368381712,False
workload_4148.cpp,xcu200-fsgd2104-2-e,5,7.195345,1359,1,1,7,17,block_2_1,block_4_1,complete_1,unroll_2,pipeline_1,unroll_64,1,6.5,0.897368381712,False
workload_3917.cpp,xcu200-fsgd2104-2-e,5,7.195345,1542.5,1,1,7,17,block_2_1,block_4_1,complete_1,unroll_2,pipeline_1,unroll_8,2,6.5,0.897368381712,False
workload_3851.cpp,xcu200-fsgd2104-2-e,5,156.560865,41.5,1,1,1,3,block_2_1,block_4_1,complete_1,unroll_2,unroll_2,pipeline_1,2,1.5,0.784578144538,False
workload_4111.cpp,xcu200-fsgd2104-2-e,5,143.373625,124,1,1,3,4,block_2_1,block_4_1,complete_1,unroll_2,unroll_2,unroll_16,1,2.25,0.818883095265,False
workload_4104.cpp,xcu200-fsgd2104-2-e,5,142.916025,300,1,2,6,9,block_2_1,block_4_1,complete_1,unroll_2,unroll_2,unroll_32,1,4.5,0.791999637359,False
workload_3783.cpp,xcu200-fsgd2104-2-e,5,146.119225,56,1,1,1,1,block_2_1,block_4_1,complete_1,unroll_2,unroll_2,unroll_4,1,1,0.813277508166,False
workload_3925.cpp,xcu200-fsgd2104-2-e,5,144.288825,70,1,1,1,2,block_2_1,block_4_1,complete_1,unroll_2,unroll_2,unroll_8,1,1.25,0.819093097937,False
workload_4134.cpp,xcu200-fsgd2104-2-e,5,221.205465,57,1,1,1,1,block_2_1,block_4_1,complete_1,unroll_2,unroll_4,unroll_2,1,1,0.615294264585,False
workload_4147.cpp,xcu200-fsgd2104-2-e,5,142.936765,1013,1,3,12,17,block_2_1,block_4_1,complete_1,unroll_4,unroll_2,unroll_32,1,8.25,0.708889006352,False
workload_3895.cpp,xcu200-fsgd2104-2-e,5,146.285565,81,1,1,1,3,block_2_1,block_4_1,complete_1,unroll_4,unroll_2,unroll_4,1,1.5,0.813103113253,False
workload_4122.cpp,xcu200-fsgd2104-2-e,5,7.19471,1474,1,1,7,17,block_2_1,block_4_1,cyclic_2_1,unroll_2,pipeline_1,unroll_4,1,6.5,0.897367957631,False
workload_4027.cpp,xcu200-fsgd2104-2-e,5,7.19471,1656,1,1,7,17,block_2_1,block_4_1,cyclic_2_1,unroll_2,pipeline_1,unroll_64,1,6.5,0.897367957631,False
workload_3952.cpp,xcu200-fsgd2104-2-e,5,7.19471,1607.5,1,1,7,17,block_2_1,block_4_1,cyclic_2_1,unroll_2,pipeline_1,unroll_8,2,6.5,0.897367957631,False
workload_4064.cpp,xcu200-fsgd2104-2-e,5,146.11927,56,1,1,1,1,block_2_1,block_4_1,cyclic_2_1,unroll_2,unroll_2,unroll_4,1,1,0.813277380397,False
workload_4038.cpp,xcu200-fsgd2104-2-e,5,144.28887,77,1,1,1,2,block_2_1,block_4_1,cyclic_2_1,unroll_2,unroll_2,unroll_8,1,1.25,0.819092969375,False
workload_4061.cpp,xcu200-fsgd2104-2-e,5,7.19539,1337,1,1,7,17,block_2_1,block_4_1,cyclic_4_1,unroll_2,pipeline_1,unroll_16,1,6.5,0.897368411763,False
workload_3847.cpp,xcu200-fsgd2104-2-e,5,7.19539,1363,1,1,7,17,block_2_1,block_4_1,cyclic_4_1,unroll_2,pipeline_1,unroll_8,1,6.5,0.897368411763,False
workload_3896.cpp,xcu200-fsgd2104-2-e,5,143.37367,121,1,1,3,4,block_2_1,block_4_1,cyclic_4_1,unroll_2,unroll_2,unroll_16,1,2.25,0.818883025692,False
workload_3936.cpp,xcu200-fsgd2104-2-e,5,149.78007,51,1,1,1,1,block_2_1,block_4_1,cyclic_4_1,unroll_2,unroll_2,unroll_2,1,1,0.802917924141,False
workload_3947.cpp,xcu200-fsgd2104-2-e,5,142.68727,1143,1,3,12,17,block_2_1,block_4_1,cyclic_4_1,unroll_2,unroll_2,unroll_64,1,8.25,0.709178006359,False
workload_4002.cpp,xcu200-fsgd2104-2-e,5,144.28887,82,1,1,1,2,block_2_1,block_4_1,cyclic_4_1,unroll_2,unroll_2,unroll_8,1,1.25,0.819092969375,False
workload_3898.cpp,xcu200-fsgd2104-2-e,5,189.63807,83,1,1,1,2,block_2_1,block_8_1,block_4_1,unroll_2,unroll_2,unroll_8,1,1.25,0.695179272259,False
workload_3764.cpp,xcu200-fsgd2104-2-e,5,7.19403,1373,1,1,4,14,block_2_1,cyclic_2_1,block_2_1,unroll_2,pipeline_1,pipeline_1,1,5,0.949111345005,False
workload_3880.cpp,xcu200-fsgd2104-2-e,5,7.19403,1276,1,1,4,14,block_2_1,cyclic_2_1,block_2_1,unroll_2,pipeline_1,unroll_4,1,5,0.949111345005,False
workload_3665.cpp,xcu200-fsgd2104-2-e,5,159.22335,46,1,1,1,3,block_2_1,cyclic_2_1,block_2_1,unroll_2,unroll_2,pipeline_1,1,1.5,0.777237024791,False
workload_3623.cpp,xcu200-fsgd2104-2-e,5,144.37205,118,1,1,2,4,block_2_1,cyclic_2_1,block_2_1,unroll_4,unroll_2,unroll_8,1,2,0.816733566561,False
workload_3788.cpp,xcu200-fsgd2104-2-e,5,144.28887,75,1,1,1,2,block_2_1,cyclic_2_1,block_4_1,unroll_2,unroll_2,unroll_8,1,1.25,0.819092969375,False
workload_3708.cpp,xcu200-fsgd2104-2-e,5,144.37205,129,1,1,2,4,block_2_1,cyclic_2_1,block_4_1,unroll_4,unroll_2,unroll_8,1,2,0.816733566561,False
workload_3949.cpp,xcu200-fsgd2104-2-e,5,7.193985,1525,1,1,4,14,block_2_1,cyclic_2_1,complete_1,unroll_2,pipeline_1,pipeline_1,1,5,1,True
workload_3915.cpp,xcu200-fsgd2104-2-e,5,7.193985,1452,1,1,4,14,block_2_1,cyclic_2_1,complete_1,unroll_2,pipeline_1,unroll_16,1,5,1,True
workload_4059.cpp,xcu200-fsgd2104-2-e,5,7.193985,1219,1,1,4,14,block_2_1,cyclic_2_1,complete_1,unroll_2,pipeline_1,unroll_4,1,5,1,True
workload_3989.cpp,xcu200-fsgd2104-2-e,5,7.193985,1517,1,1,4,14,block_2_1,cyclic_2_1,complete_1,unroll_2,pipeline_1,unroll_64,1,5,1,True
workload_4086.cpp,xcu200-fsgd2104-2-e,5,7.193985,1269,1,1,4,14,block_2_1,cyclic_2_1,complete_1,unroll_2,pipeline_1,unroll_8,1,5,1,True
workload_3861.cpp,xcu200-fsgd2104-2-e,5,143.373625,120,1,1,2,4,block_2_1,cyclic_2_1,complete_1,unroll_2,unroll_2,unroll_16,1,2,0.818483899197,False
workload_4022.cpp,xcu200-fsgd2104-2-e,5,142.687225,1048,1,1,10,14,block_2_1,cyclic_2_1,complete_1,unroll_2,unroll_2,unroll_64,1,6.5,0.749870504786,False
workload_3824.cpp,xcu200-fsgd2104-2-e,5,144.288825,71,1,1,1,2,block_2_1,cyclic_2_1,complete_1,unroll_2,unroll_2,unroll_8,1,1.25,0.819093097937,False
workload_3979.cpp,xcu200-fsgd2104-2-e,5,214.404825,300,1,1,5,7,block_2_1,cyclic_2_1,complete_1,unroll_2,unroll_4,unroll_16,1,3.5,0.631545503707,False
workload_3745.cpp,xcu200-fsgd2104-2-e,5,144.371965,120,1,1,2,4,block_2_1,cyclic_2_1,complete_1,unroll_4,unroll_2,unroll_8,1,2,0.816733733212,False
workload_3935.cpp,xcu200-fsgd2104-2-e,5,149.78007,49,1,1,1,1,block_2_1,cyclic_2_1,cyclic_2_1,unroll_2,unroll_2,unroll_2,1,1,0.802917924141,False
workload_3881.cpp,xcu200-fsgd2104-2-e,5,7.19403,1300,1,1,4,14,block_2_1,cyclic_2_1,cyclic_4_1,unroll_2,pipeline_1,unroll_8,1,5,0.949111345005,False
workload_3892.cpp,xcu200-fsgd2104-2-e,5,217.31943,71,1,1,1,2,block_2_1,cyclic_2_1,cyclic_4_1,unroll_2,unroll_4,unroll_4,1,1.25,0.62514487239,False
workload_3785.cpp,xcu200-fsgd2104-2-e,5,144.37205,126,1,1,2,4,block_2_1,cyclic_2_1,cyclic_4_1,unroll_4,unroll_2,unroll_8,1,2,0.816733566561,False
workload_3536.cpp,xcu200-fsgd2104-2-e,5,189.63807,109,1,1,1,3,block_2_1,cyclic_32_1,block_2_1,unroll_2,unroll_2,unroll_8,1,1.5,0.695451663886,False
workload_3644.cpp,xcu200-fsgd2104-2-e,5,354.98034,1336,1,1,50,91,block_2_1,cyclic_32_1,cyclic_2_1,unroll_17,unroll_8,pipeline_1,1,35.75,0.115838314427,False
workload_3573.cpp,xcu200-fsgd2104-2-e,5,204.57255,51,1,1,1,3,block_2_1,cyclic_32_1,cyclic_2_1,unroll_2,unroll_2,pipeline_1,1,1.5,0.65708998872,False
workload_3455.cpp,xcu200-fsgd2104-2-e,5,458.27095,530,1,1,25,45,block_2_1,cyclic_32_1,cyclic_2_1,unroll_2,unroll_32,pipeline_1,1,18,0.158162384008,False
workload_3513.cpp,xcu200-fsgd2104-2-e,5,349.80151,103,1,1,6,11,block_2_1,cyclic_32_1,cyclic_2_1,unroll_2,unroll_8,pipeline_1,1,4.75,0.347887434842,False
workload_3660.cpp,xcu200-fsgd2104-2-e,5,204.57253,67,1,1,3,6,block_2_1,cyclic_32_1,cyclic_2_1,unroll_4,unroll_2,pipeline_1,1,2.75,0.657319501383,False
workload_3667.cpp,xcu200-fsgd2104-2-e,5,189.72125,186,1,1,2,6,block_2_1,cyclic_32_1,cyclic_2_1,unroll_4,unroll_2,unroll_8,1,2.5,0.695599452175,False
workload_3954.cpp,xcu200-fsgd2104-2-e,5,7.193985,1662,1,1,4,14,block_2_1,cyclic_4_1,complete_1,unroll_2,pipeline_1,pipeline_1,3,5,1,True
workload_4125.cpp,xcu200-fsgd2104-2-e,5,7.193985,1351,1,1,4,14,block_2_1,cyclic_4_1,complete_1,unroll_2,pipeline_1,unroll_16,1,5,1,True
workload_4029.cpp,xcu200-fsgd2104-2-e,5,7.193985,1542,1,1,4,14,block_2_1,cyclic_4_1,complete_1,unroll_2,pipeline_1,unroll_2,1,5,1,True
workload_4153.cpp,xcu200-fsgd2104-2-e,5,7.193985,1541,1,1,4,14,block_2_1,cyclic_4_1,complete_1,unroll_2,pipeline_1,unroll_32,1,5,1,True
workload_4092.cpp,xcu200-fsgd2104-2-e,5,7.193985,1389,1,1,4,14,block_2_1,cyclic_4_1,complete_1,unroll_2,pipeline_1,unroll_64,1,5,1,True
workload_4093.cpp,xcu200-fsgd2104-2-e,5,7.193985,1412,1,1,4,14,block_2_1,cyclic_4_1,complete_1,unroll_2,pipeline_1,unroll_8,1,5,1,True
workload_3997.cpp,xcu200-fsgd2104-2-e,5,153.898465,40,1,1,1,3,block_2_1,cyclic_4_1,complete_1,unroll_2,unroll_2,pipeline_1,1,1.5,0.791913754004,False
workload_4135.cpp,xcu200-fsgd2104-2-e,5,143.373625,127,1,1,2,4,block_2_1,cyclic_4_1,complete_1,unroll_2,unroll_2,unroll_16,1,2,0.818483899197,False
workload_4079.cpp,xcu200-fsgd2104-2-e,5,142.916025,284,1,1,5,7,block_2_1,cyclic_4_1,complete_1,unroll_2,unroll_2,unroll_32,1,3.5,0.811109426553,False
workload_4117.cpp,xcu200-fsgd2104-2-e,5,142.687225,977,1,1,10,14,block_2_1,cyclic_4_1,complete_1,unroll_2,unroll_2,unroll_64,1,6.5,0.749870504786,False
workload_4042.cpp,xcu200-fsgd2104-2-e,5,144.288825,76,1,1,1,2,block_2_1,cyclic_4_1,complete_1,unroll_2,unroll_2,unroll_8,1,1.25,0.819093097937,False
workload_4154.cpp,xcu200-fsgd2104-2-e,5,7.19403,1489,1,1,4,14,block_2_1,cyclic_4_1,cyclic_2_1,unroll_2,pipeline_1,pipeline_1,1,5,0.949111345005,False
workload_4133.cpp,xcu200-fsgd2104-2-e,5,144.28887,76,1,1,1,2,block_2_1,cyclic_4_1,cyclic_2_1,unroll_2,unroll_2,unroll_8,1,1.25,0.819092969375,False
workload_4124.cpp,xcu200-fsgd2104-2-e,5,7.19403,1591,1,1,4,14,block_2_1,cyclic_4_1,cyclic_4_1,unroll_2,pipeline_1,pipeline_1,1,5,0.949111345005,False
workload_3991.cpp,xcu200-fsgd2104-2-e,5,7.19403,1753,1,1,4,14,block_2_1,cyclic_4_1,cyclic_4_1,unroll_2,pipeline_1,unroll_16,1,5,0.949111345005,False
workload_4025.cpp,xcu200-fsgd2104-2-e,5,7.19403,1377,1,1,4,14,block_2_1,cyclic_4_1,cyclic_4_1,unroll_2,pipeline_1,unroll_2,1,5,0.949111345005,False
workload_4062.cpp,xcu200-fsgd2104-2-e,5,7.19403,1510,1,1,4,14,block_2_1,cyclic_4_1,cyclic_4_1,unroll_2,pipeline_1,unroll_32,1,5,0.949111345005,False
workload_3948.cpp,xcu200-fsgd2104-2-e,5,7.19403,1416,1,1,4,14,block_2_1,cyclic_4_1,cyclic_4_1,unroll_2,pipeline_1,unroll_4,1,5,0.949111345005,False
workload_3454.cpp,xcu200-fsgd2104-2-e,5,189.63807,147,2,1,1,4,block_2_1,cyclic_64_1,block_2_1,unroll_2,unroll_2,unroll_8,1,2,0.695272576586,False
workload_3591.cpp,xcu200-fsgd2104-2-e,5,458.27095,1126,2,1,25,49,block_2_1,cyclic_64_1,block_2_1,unroll_2,unroll_32,pipeline_1,1,19.25,0.152544000635,False
workload_3583.cpp,xcu200-fsgd2104-2-e,5,189.63807,146,2,1,1,4,block_2_1,cyclic_64_1,cyclic_2_1,unroll_2,unroll_2,unroll_8,1,2,0.695272576586,False
workload_3542.cpp,xcu200-fsgd2104-2-e,5,458.27095,1287,2,1,25,49,block_2_1,cyclic_64_1,cyclic_2_1,unroll_2,unroll_32,pipeline_1,1,19.25,0.152544000635,False
workload_4155.cpp,xcu200-fsgd2104-2-e,5,7.379745,2146,1,1,6,23,block_2_1,cyclic_8_1,complete_1,unroll_2,pipeline_1,unroll_8,1,7.75,0.853784925804,False
workload_4137.cpp,xcu200-fsgd2104-2-e,5,189.638025,79,1,1,1,2,block_2_1,cyclic_8_1,complete_1,unroll_2,unroll_2,unroll_8,1,1.25,0.69517938955,False
workload_3595.cpp,xcu200-fsgd2104-2-e,5,146.738105,1664,1,28,9,15,block_32_1,block_2_1,block_2_1,unroll_17,unroll_2,unroll_4,1,13.25,0.581797266654,False
workload_3749.cpp,xcu200-fsgd2104-2-e,5,146.446955,84,1,3,1,2,block_32_1,block_2_1,block_2_1,unroll_2,unroll_2,unroll_4,1,1.75,0.813252150178,False
workload_3632.cpp,xcu200-fsgd2104-2-e,5,146.44691,81,1,3,1,2,block_32_1,block_2_1,complete_1,unroll_2,unroll_2,unroll_4,1,1.75,0.813252278747,False
workload_3712.cpp,xcu200-fsgd2104-2-e,5,345.84987,336,1,1,29,46,block_32_1,block_2_1,complete_1,unroll_2,unroll_32,pipeline_1,1,19.25,0.250982625662,False
workload_3753.cpp,xcu200-fsgd2104-2-e,5,146.446955,84,1,3,1,2,block_32_1,block_2_1,cyclic_2_1,unroll_2,unroll_2,unroll_4,1,1.75,0.813252150178,False
workload_3702.cpp,xcu200-fsgd2104-2-e,5,144.616555,137,1,7,2,3,block_32_1,block_2_1,cyclic_2_1,unroll_2,unroll_2,unroll_8,1,3.25,0.812826261977,False
workload_3640.cpp,xcu200-fsgd2104-2-e,5,150.690105,487,1,14,4,8,block_32_1,block_2_1,cyclic_4_1,unroll_17,unroll_2,unroll_2,1,6.75,0.733229165139,False
workload_3567.cpp,xcu200-fsgd2104-2-e,5,146.738105,1372,1,28,9,15,block_32_1,block_2_1,cyclic_4_1,unroll_17,unroll_2,unroll_4,1,13.25,0.581797266654,False
workload_3743.cpp,xcu200-fsgd2104-2-e,5,144.616555,154,1,7,2,3,block_32_1,block_2_1,cyclic_4_1,unroll_2,unroll_2,unroll_8,1,3.25,0.812826261977,False
workload_3658.cpp,xcu200-fsgd2104-2-e,5,146.446955,85,1,3,1,2,block_32_1,block_4_1,block_2_1,unroll_2,unroll_2,unroll_4,1,1.75,0.813252150178,False
workload_3706.cpp,xcu200-fsgd2104-2-e,5,146.613335,150,1,7,2,4,block_32_1,block_4_1,block_2_1,unroll_4,unroll_2,unroll_4,1,3.5,0.804746846325,False
workload_3845.cpp,xcu200-fsgd2104-2-e,5,146.73802,1318,1,30,9,15,block_32_1,block_4_1,complete_1,unroll_17,unroll_2,unroll_4,1,13.75,0.569467702168,False
workload_3793.cpp,xcu200-fsgd2104-2-e,5,143.70131,374,1,15,4,7,block_32_1,block_4_1,complete_1,unroll_2,unroll_2,unroll_16,1,6.75,0.742933287225,False
workload_3666.cpp,xcu200-fsgd2104-2-e,5,146.61325,160,1,7,2,4,block_32_1,block_4_1,complete_1,unroll_4,unroll_2,unroll_4,1,3.5,0.804747013997,False
workload_3518.cpp,xcu200-fsgd2104-2-e,5,146.738105,1598,1,30,9,15,block_32_1,block_4_1,cyclic_4_1,unroll_17,unroll_2,unroll_4,1,13.75,0.569467632766,False
workload_3675.cpp,xcu200-fsgd2104-2-e,5,143.701355,385,1,15,4,7,block_32_1,block_4_1,cyclic_4_1,unroll_2,unroll_2,unroll_16,1,6.75,0.742933229092,False
workload_3699.cpp,xcu200-fsgd2104-2-e,5,146.446955,80,1,3,1,2,block_32_1,block_4_1,cyclic_4_1,unroll_2,unroll_2,unroll_4,1,1.75,0.813252150178,False
workload_3755.cpp,xcu200-fsgd2104-2-e,5,144.616555,155,1,7,2,3,block_32_1,block_4_1,cyclic_4_1,unroll_2,unroll_2,unroll_8,1,3.25,0.812826261977,False
workload_3635.cpp,xcu200-fsgd2104-2-e,5,345.849915,358,1,1,29,47,block_32_1,block_4_1,cyclic_4_1,unroll_2,unroll_32,pipeline_1,1,19.5,0.248513238857,False
workload_3479.cpp,xcu200-fsgd2104-2-e,5,143.742935,1478,1,30,8,13,block_32_1,block_4_1,cyclic_4_1,unroll_4,unroll_2,unroll_16,1,13,0.590515656105,False
workload_3578.cpp,xcu200-fsgd2104-2-e,5,146.613335,148,1,7,2,4,block_32_1,block_4_1,cyclic_4_1,unroll_4,unroll_2,unroll_4,1,3.5,0.804746846325,False
workload_3735.cpp,xcu200-fsgd2104-2-e,5,199.580715,53,1,1,2,3,block_32_1,block_8_1,block_2_1,unroll_2,unroll_2,pipeline_1,1,1.75,0.669834498288,False
workload_3618.cpp,xcu200-fsgd2104-2-e,5,191.796155,81,1,3,1,2,block_32_1,block_8_1,block_2_1,unroll_2,unroll_2,unroll_4,1,1.75,0.689859201519,False
workload_3703.cpp,xcu200-fsgd2104-2-e,5,189.965755,143,1,7,2,4,block_32_1,block_8_1,block_2_1,unroll_2,unroll_2,unroll_8,1,3.5,0.69338656612,False
workload_3739.cpp,xcu200-fsgd2104-2-e,5,195.45691,60,1,2,1,1,block_32_1,block_8_1,complete_1,unroll_2,unroll_2,unroll_2,1,1.25,0.680105224055,False
workload_3752.cpp,xcu200-fsgd2104-2-e,5,191.79611,88,1,3,1,2,block_32_1,block_8_1,complete_1,unroll_2,unroll_2,unroll_4,1,1.75,0.689859318199,False
workload_3672.cpp,xcu200-fsgd2104-2-e,5,191.962535,168,1,7,2,4,block_32_1,block_8_1,cyclic_4_1,unroll_4,unroll_2,unroll_4,1,3.5,0.688220479749,False
workload_3679.cpp,xcu200-fsgd2104-2-e,5,202.243065,278.5,1,1,13,24,block_32_1,cyclic_32_1,cyclic_2_1,unroll_17,unroll_2,pipeline_1,2,9.75,0.585863179333,False
workload_3765.cpp,xcu200-fsgd2104-2-e,5,192.087305,1690,1,28,8,17,block_32_1,cyclic_32_1,cyclic_2_1,unroll_17,unroll_2,unroll_4,1,13.5,0.527179348384,False
workload_3696.cpp,xcu200-fsgd2104-2-e,5,204.905515,55,1,1,1,3,block_32_1,cyclic_32_1,cyclic_2_1,unroll_2,unroll_2,pipeline_1,1,1.5,0.656248884953,False
workload_3737.cpp,xcu200-fsgd2104-2-e,5,204.905515,65,1,1,1,3,block_32_1,cyclic_64_1,cyclic_2_1,unroll_2,unroll_2,pipeline_1,1,1.5,0.656248884953,False
workload_3593.cpp,xcu200-fsgd2104-2-e,5,192.087305,1505,1,28,8,14,block_32_1,cyclic_8_1,cyclic_4_1,unroll_17,unroll_2,unroll_4,1,12.75,0.542819367651,False
workload_4097.cpp,xcu200-fsgd2104-2-e,5,144.288825,79,2,1,1,3,block_4_1,block_2_1,complete_1,unroll_2,unroll_2,unroll_8,1,1.75,0.819430972108,False
workload_3929.cpp,xcu200-fsgd2104-2-e,5,144.28887,88,1,1,1,3,block_4_1,block_4_1,block_4_1,unroll_2,unroll_2,unroll_8,1,1.5,0.81880787835,False
workload_3594.cpp,xcu200-fsgd2104-2-e,5,144.43442,1578,1,3,13,24,block_4_1,block_4_1,cyclic_4_1,unroll_17,unroll_2,unroll_8,1,10.25,0.658434498926,False
workload_4100.cpp,xcu200-fsgd2104-2-e,5,143.37367,139,1,1,3,6,block_4_1,block_4_1,cyclic_4_1,unroll_2,unroll_2,unroll_16,1,2.75,0.822929757547,False
workload_3705.cpp,xcu200-fsgd2104-2-e,5,144.37205,152,1,1,3,6,block_4_1,block_4_1,cyclic_4_1,unroll_4,unroll_2,unroll_8,1,2.75,0.820049653364,False
workload_3646.cpp,xcu200-fsgd2104-2-e,5,189.78362,1652,2,3,13,25,block_4_1,block_8_1,cyclic_4_1,unroll_17,unroll_2,unroll_8,1,10.75,0.587252284119,False
workload_3645.cpp,xcu200-fsgd2104-2-e,5,189.783535,1465,2,1,11,23,block_4_1,cyclic_16_1,complete_1,unroll_17,unroll_2,unroll_8,1,9.25,0.616803575402,False
workload_3581.cpp,xcu200-fsgd2104-2-e,5,460.012105,291,2,1,25,45,block_4_1,cyclic_16_1,complete_1,unroll_2,unroll_32,pipeline_1,1,18.25,0.155795371956,False
workload_3456.cpp,xcu200-fsgd2104-2-e,5,453.458445,1714,2,1,51,95,block_4_1,cyclic_32_1,complete_1,unroll_4,unroll_32,pipeline_1,1,37.25,0.1,False
workload_4131.cpp,xcu200-fsgd2104-2-e,5,146.119225,56,1,1,1,2,block_4_1,cyclic_4_1,complete_1,unroll_2,unroll_2,unroll_4,1,1.25,0.813872607577,False
workload_3622.cpp,xcu200-fsgd2104-2-e,5,153.9037,115,1,1,13,22,block_4_1,cyclic_4_1,cyclic_4_1,unroll_17,unroll_2,pipeline_1,1,9.25,0.671682322255,False
workload_3671.cpp,xcu200-fsgd2104-2-e,5,153.90373,56,1,1,3,6,block_4_1,cyclic_4_1,cyclic_4_1,unroll_4,unroll_2,pipeline_1,1,2.75,0.79284191373,False
workload_3559.cpp,xcu200-fsgd2104-2-e,5,199.2529,136,2,1,13,22,block_4_1,cyclic_8_1,cyclic_4_1,unroll_17,unroll_2,pipeline_1,1,9.5,0.595613988461,False
workload_3495.cpp,xcu200-fsgd2104-2-e,5,189.78362,1448,2,1,10,21,block_4_1,cyclic_8_1,cyclic_4_1,unroll_17,unroll_2,unroll_8,1,8.5,0.630803981104,False
workload_3587.cpp,xcu200-fsgd2104-2-e,5,453.45853,573,2,1,51,88,block_4_1,cyclic_8_1,cyclic_4_1,unroll_4,unroll_32,pipeline_1,1,35.5,0.100720868215,False
workload_3750.cpp,xcu200-fsgd2104-2-e,5,146.61325,354,6,7,2,4,block_64_1,block_4_1,complete_1,unroll_4,unroll_2,unroll_4,1,4.75,0.781462736241,False
workload_3453.cpp,xcu200-fsgd2104-2-e,5,159.556315,67,6,1,1,3,block_64_1,block_4_1,cyclic_4_1,unroll_2,unroll_2,pipeline_1,1,2.75,0.777022229989,False
workload_3630.cpp,xcu200-fsgd2104-2-e,5,159.556295,78,6,1,3,6,block_64_1,block_4_1,cyclic_4_1,unroll_4,unroll_2,pipeline_1,1,4,0.768050679066,False
workload_3670.cpp,xcu200-fsgd2104-2-e,5,204.90541,79,6,1,3,6,block_64_1,block_8_1,complete_1,unroll_4,unroll_2,pipeline_1,1,4,0.653343158283,False
workload_3574.cpp,xcu200-fsgd2104-2-e,5,204.905515,65,6,1,1,3,block_64_1,block_8_1,cyclic_4_1,unroll_2,unroll_2,pipeline_1,1,2.75,0.656475994614,False
workload_3588.cpp,xcu200-fsgd2104-2-e,5,307.914875,221,6,1,13,23,block_64_1,cyclic_2_1,cyclic_4_1,unroll_2,unroll_16,pipeline_1,1,10.75,0.386448481,False
workload_3533.cpp,xcu200-fsgd2104-2-e,5,159.556315,64,6,1,1,3,block_64_1,cyclic_2_1,cyclic_4_1,unroll_2,unroll_2,pipeline_1,1,2.75,0.777022229989,False
workload_3617.cpp,xcu200-fsgd2104-2-e,5,159.556295,78,6,1,3,6,block_64_1,cyclic_2_1,cyclic_4_1,unroll_4,unroll_2,pipeline_1,1,4,0.768050679066,False
workload_3598.cpp,xcu200-fsgd2104-2-e,5,273.164105,2149,6,1,53,93,block_64_1,cyclic_4_1,block_2_1,unroll_17,unroll_8,pipeline_1,1,38.25,0.12150639129,False
workload_3538.cpp,xcu200-fsgd2104-2-e,5,195.789735,258,7,3,1,4,block_64_1,cyclic_64_1,block_2_1,unroll_4,unroll_2,unroll_2,1,3.75,0.677422810084,False
workload_3638.cpp,xcu200-fsgd2104-2-e,5,191.962535,532,7,7,2,6,block_64_1,cyclic_64_1,block_2_1,unroll_4,unroll_2,unroll_4,1,5.5,0.672521159139,False
workload_3539.cpp,xcu200-fsgd2104-2-e,5,199.580665,733,7,1,13,27,block_64_1,cyclic_64_1,cyclic_2_1,unroll_17,unroll_2,pipeline_1,1,12,0.547501519484,False
workload_3655.cpp,xcu200-fsgd2104-2-e,5,150.10771,50,3,1,1,1,block_8_1,block_2_1,complete_1,unroll_2,unroll_2,unroll_2,1,1.5,0.802251653772,False
workload_3792.cpp,xcu200-fsgd2104-2-e,5,144.61651,94,3,1,1,5,block_8_1,block_2_1,complete_1,unroll_2,unroll_2,unroll_8,1,2.5,0.819646296243,False
workload_3624.cpp,xcu200-fsgd2104-2-e,5,150.44045,64,3,1,1,3,block_8_1,block_2_1,complete_1,unroll_4,unroll_2,unroll_2,1,2,0.801499887758,False
workload_4003.cpp,xcu200-fsgd2104-2-e,5,150.107755,58,3,1,1,1,block_8_1,block_2_1,cyclic_4_1,unroll_2,unroll_2,unroll_2,1,1.5,0.802251532856,False
workload_3973.cpp,xcu200-fsgd2104-2-e,5,144.616555,81,3,1,1,5,block_8_1,block_2_1,cyclic_4_1,unroll_2,unroll_2,unroll_8,1,2.5,0.819646166659,False
workload_3713.cpp,xcu200-fsgd2104-2-e,5,146.44691,66,3,1,1,2,block_8_1,block_4_1,complete_1,unroll_2,unroll_2,unroll_4,1,1.75,0.813252278747,False
workload_3829.cpp,xcu200-fsgd2104-2-e,5,144.61651,99,3,1,1,5,block_8_1,block_4_1,complete_1,unroll_2,unroll_2,unroll_8,1,2.5,0.819646296243,False
workload_3782.cpp,xcu200-fsgd2104-2-e,5,217.64707,95,3,1,1,5,block_8_1,block_4_1,complete_1,unroll_2,unroll_4,unroll_4,1,2.5,0.624662241078,False
workload_3789.cpp,xcu200-fsgd2104-2-e,5,144.699735,169,3,1,2,8,block_8_1,cyclic_2_1,block_4_1,unroll_4,unroll_2,unroll_8,1,3.5,0.808284976532,False
workload_3661.cpp,xcu200-fsgd2104-2-e,5,154.231415,59,3,1,3,6,block_8_1,cyclic_4_1,cyclic_4_1,unroll_4,unroll_2,pipeline_1,1,3.25,0.789774601334,False
workload_3772.cpp,xcu200-fsgd2104-2-e,5,153.706235,42,1,1,1,1,cyclic_16_1,block_2_1,block_4_1,unroll_2,unroll_2,pipeline_1,1,1,0.79188525155,False
workload_3940.cpp,xcu200-fsgd2104-2-e,5,28.39455,493,1,1,2,8,cyclic_16_1,block_2_1,complete_1,unroll_2,pipeline_1,pipeline_1,1,3,0.998942298423,False
workload_4083.cpp,xcu200-fsgd2104-2-e,5,28.39455,437,1,1,2,8,cyclic_16_1,block_2_1,complete_1,unroll_2,pipeline_1,unroll_2,1,3,0.998942298423,False
workload_4048.cpp,xcu200-fsgd2104-2-e,5,28.39455,448,1,1,2,8,cyclic_16_1,block_2_1,complete_1,unroll_2,pipeline_1,unroll_64,1,3,0.998942298423,False
workload_3870.cpp,xcu200-fsgd2104-2-e,5,28.39455,467,1,1,2,8,cyclic_16_1,block_2_1,complete_1,unroll_2,pipeline_1,unroll_8,1,3,0.998942298423,False
workload_3813.cpp,xcu200-fsgd2104-2-e,5,153.70615,43,1,1,1,1,cyclic_16_1,block_2_1,complete_1,unroll_2,unroll_2,pipeline_1,1,1,0.791885489527,False
workload_4001.cpp,xcu200-fsgd2104-2-e,5,144.03411,68,1,1,1,2,cyclic_16_1,block_2_1,complete_1,unroll_2,unroll_2,unroll_16,1,1.25,0.819820975341,False
workload_4010.cpp,xcu200-fsgd2104-2-e,5,143.13971,301,1,1,3,5,cyclic_16_1,block_2_1,complete_1,unroll_2,unroll_2,unroll_64,1,2.5,1,True
workload_3823.cpp,xcu200-fsgd2104-2-e,5,145.28211,61,1,1,1,1,cyclic_16_1,block_2_1,complete_1,unroll_2,unroll_2,unroll_8,1,1,0.815656157656,False
workload_4156.cpp,xcu200-fsgd2104-2-e,5,256.05923,2839,1,1,12,21,cyclic_16_1,block_2_1,complete_1,unroll_2,unroll_8,unroll_64,1,8.75,0.499153642325,False
workload_3937.cpp,xcu200-fsgd2104-2-e,5,143.139755,291,1,1,3,5,cyclic_16_1,block_2_1,cyclic_2_1,unroll_2,unroll_2,unroll_64,1,2.5,0.823905052218,False
workload_3975.cpp,xcu200-fsgd2104-2-e,5,145.282155,65,1,1,1,1,cyclic_16_1,block_2_1,cyclic_2_1,unroll_2,unroll_2,unroll_8,1,1,0.815656029692,False
workload_3977.cpp,xcu200-fsgd2104-2-e,5,216.379915,90,1,1,1,2,cyclic_16_1,block_2_1,cyclic_2_1,unroll_2,unroll_4,unroll_8,1,1.25,0.627451801685,False
workload_4019.cpp,xcu200-fsgd2104-2-e,5,143.150135,829,1,1,6,11,cyclic_16_1,block_2_1,cyclic_2_1,unroll_4,unroll_2,unroll_64,1,4.75,0.786660306379,False
workload_3796.cpp,xcu200-fsgd2104-2-e,5,28.394595,498,1,1,2,8,cyclic_16_1,block_2_1,cyclic_4_1,unroll_2,pipeline_1,unroll_64,1,3,0.998942153496,False
workload_3835.cpp,xcu200-fsgd2104-2-e,5,28.394595,470,1,1,2,8,cyclic_16_1,block_2_1,cyclic_4_1,unroll_2,pipeline_1,unroll_8,1,3,0.998942153496,False
workload_3964.cpp,xcu200-fsgd2104-2-e,5,144.034155,69,1,1,1,2,cyclic_16_1,block_2_1,cyclic_4_1,unroll_2,unroll_2,unroll_16,1,1.25,0.819820846718,False
workload_4139.cpp,xcu200-fsgd2104-2-e,5,143.139755,266,1,1,3,5,cyclic_16_1,block_2_1,cyclic_4_1,unroll_2,unroll_2,unroll_64,1,2.5,0.823905052218,False
workload_3864.cpp,xcu200-fsgd2104-2-e,5,145.282155,63,1,1,1,1,cyclic_16_1,block_2_1,cyclic_4_1,unroll_2,unroll_2,unroll_8,1,1,0.815656029692,False
workload_3799.cpp,xcu200-fsgd2104-2-e,5,28.405595,568,1,1,6,11,cyclic_16_1,block_4_1,block_2_1,unroll_2,pipeline_1,unroll_4,1,4.75,0.932843573297,False
workload_3762.cpp,xcu200-fsgd2104-2-e,5,28.405595,525,1,1,6,11,cyclic_16_1,block_4_1,block_2_1,unroll_2,pipeline_1,unroll_8,1,4.75,0.932843573297,False
workload_4046.cpp,xcu200-fsgd2104-2-e,5,144.034155,83,1,1,1,2,cyclic_16_1,block_4_1,block_2_1,unroll_2,unroll_2,unroll_16,1,1.25,0.819820846718,False
workload_3816.cpp,xcu200-fsgd2104-2-e,5,147.778155,54,1,1,1,1,cyclic_16_1,block_4_1,block_2_1,unroll_2,unroll_2,unroll_4,1,1,0.808574389726,False
workload_3719.cpp,xcu200-fsgd2104-2-e,5,28.405595,546,1,1,6,11,cyclic_16_1,block_4_1,block_4_1,unroll_2,pipeline_1,pipeline_1,1,4.75,0.932843573297,False
workload_3641.cpp,xcu200-fsgd2104-2-e,5,28.405595,572,1,1,6,11,cyclic_16_1,block_4_1,block_4_1,unroll_2,pipeline_1,unroll_64,1,4.75,0.932843573297,False
workload_3786.cpp,xcu200-fsgd2104-2-e,5,147.778155,55,1,1,1,1,cyclic_16_1,block_4_1,block_4_1,unroll_2,unroll_2,unroll_4,1,1,0.808574389726,False
workload_3676.cpp,xcu200-fsgd2104-2-e,5,143.139755,282,1,3,3,5,cyclic_16_1,block_4_1,block_4_1,unroll_2,unroll_2,unroll_64,1,3,0.819725925105,False
workload_3891.cpp,xcu200-fsgd2104-2-e,5,145.282155,63,1,1,1,1,cyclic_16_1,block_4_1,block_4_1,unroll_2,unroll_2,unroll_8,1,1,0.815656029692,False
workload_3720.cpp,xcu200-fsgd2104-2-e,5,28.40555,571,1,1,6,11,cyclic_16_1,block_4_1,complete_1,unroll_2,pipeline_1,pipeline_1,1,4.75,0.932843644158,False
workload_3905.cpp,xcu200-fsgd2104-2-e,5,28.40555,549.5,1,1,6,11,cyclic_16_1,block_4_1,complete_1,unroll_2,pipeline_1,unroll_16,2,4.75,0.932843644158,False
workload_3758.cpp,xcu200-fsgd2104-2-e,5,28.40555,577,1,1,6,11,cyclic_16_1,block_4_1,complete_1,unroll_2,pipeline_1,unroll_4,1,4.75,0.932843644158,False
workload_3839.cpp,xcu200-fsgd2104-2-e,5,28.40555,598,1,1,6,11,cyclic_16_1,block_4_1,complete_1,unroll_2,pipeline_1,unroll_64,2,4.75,0.932843644158,False
workload_3908.cpp,xcu200-fsgd2104-2-e,5,28.40555,585,1,1,6,11,cyclic_16_1,block_4_1,complete_1,unroll_2,pipeline_1,unroll_8,1,4.75,0.932843644158,False
workload_3812.cpp,xcu200-fsgd2104-2-e,5,156.36855,44.5,1,1,1,1,cyclic_16_1,block_4_1,complete_1,unroll_2,unroll_2,pipeline_1,2,1,0.784450185,False
workload_3928.cpp,xcu200-fsgd2104-2-e,5,144.03411,85,1,1,1,1,cyclic_16_1,block_4_1,complete_1,unroll_2,unroll_2,unroll_16,1,1,1,True
workload_3774.cpp,xcu200-fsgd2104-2-e,5,150.10771,45,1,1,1,1,cyclic_16_1,block_4_1,complete_1,unroll_2,unroll_2,unroll_2,1,1,0.801994156774,False
workload_3734.cpp,xcu200-fsgd2104-2-e,5,147.77811,53,1,1,1,1,cyclic_16_1,block_4_1,complete_1,unroll_2,unroll_2,unroll_4,1,1,0.808574517109,False
workload_3901.cpp,xcu200-fsgd2104-2-e,5,143.13971,270,1,3,3,5,cyclic_16_1,block_4_1,complete_1,unroll_2,unroll_2,unroll_64,1,3,0.819725996896,False
workload_3779.cpp,xcu200-fsgd2104-2-e,5,145.28211,65,1,1,1,1,cyclic_16_1,block_4_1,complete_1,unroll_2,unroll_2,unroll_8,1,1,0.815656157656,False
workload_3855.cpp,xcu200-fsgd2104-2-e,5,159.03093,54,1,1,1,1,cyclic_16_1,block_4_1,complete_1,unroll_4,unroll_2,pipeline_1,1,1,0.777052473015,False
workload_3863.cpp,xcu200-fsgd2104-2-e,5,145.36525,93,1,1,1,2,cyclic_16_1,block_4_1,complete_1,unroll_4,unroll_2,unroll_8,1,1.25,0.816020874969,False
workload_4014.cpp,xcu200-fsgd2104-2-e,5,28.404915,619,1,1,6,11,cyclic_16_1,block_4_1,cyclic_2_1,unroll_2,pipeline_1,unroll_8,1,4.75,0.932844644073,False
workload_3971.cpp,xcu200-fsgd2104-2-e,5,150.107755,53,1,1,1,1,cyclic_16_1,block_4_1,cyclic_2_1,unroll_2,unroll_2,unroll_2,1,1,0.801994029937,False
workload_4066.cpp,xcu200-fsgd2104-2-e,5,145.282155,62,1,1,1,1,cyclic_16_1,block_4_1,cyclic_2_1,unroll_2,unroll_2,unroll_8,1,1,0.815656029692,False
workload_3883.cpp,xcu200-fsgd2104-2-e,5,28.404555,1574,1,1,11,22,cyclic_16_1,block_4_1,cyclic_2_1,unroll_4,pipeline_1,unroll_16,1,8.75,0.816778894168,False
workload_3756.cpp,xcu200-fsgd2104-2-e,5,28.405595,556.5,1,1,6,11,cyclic_16_1,block_4_1,cyclic_4_1,unroll_2,pipeline_1,pipeline_1,2,4.75,0.932843573297,False
workload_3842.cpp,xcu200-fsgd2104-2-e,5,28.405595,552,1,1,6,11,cyclic_16_1,block_4_1,cyclic_4_1,unroll_2,pipeline_1,unroll_4,1,4.75,0.932843573297,False
workload_3763.cpp,xcu200-fsgd2104-2-e,5,28.405595,592,1,1,6,11,cyclic_16_1,block_4_1,cyclic_4_1,unroll_2,pipeline_1,unroll_64,1,4.75,0.932843573297,False
workload_3932.cpp,xcu200-fsgd2104-2-e,5,144.034155,89,1,1,1,2,cyclic_16_1,block_4_1,cyclic_4_1,unroll_2,unroll_2,unroll_16,1,1.25,0.819820846718,False
workload_4103.cpp,xcu200-fsgd2104-2-e,5,143.139755,297,1,3,3,5,cyclic_16_1,block_4_1,cyclic_4_1,unroll_2,unroll_2,unroll_64,1,3,0.819725925105,False
workload_3818.cpp,xcu200-fsgd2104-2-e,5,145.282155,60,1,1,1,1,cyclic_16_1,block_4_1,cyclic_4_1,unroll_2,unroll_2,unroll_8,1,1,0.815656029692,False
workload_4045.cpp,xcu200-fsgd2104-2-e,5,145.365335,96,1,1,1,2,cyclic_16_1,block_4_1,cyclic_4_1,unroll_4,unroll_2,unroll_8,1,1.25,0.816020632613,False
workload_3841.cpp,xcu200-fsgd2104-2-e,5,28.57067,581,1,1,7,13,cyclic_16_1,block_8_1,complete_1,unroll_2,pipeline_1,pipeline_1,1,5.5,0.917214740972,False
workload_3628.cpp,xcu200-fsgd2104-2-e,5,193.12731,55,1,1,1,1,cyclic_16_1,block_8_1,complete_1,unroll_2,unroll_2,unroll_4,1,1,0.68569967857,False
workload_3794.cpp,xcu200-fsgd2104-2-e,5,188.488955,351,1,3,3,6,cyclic_16_1,block_8_1,cyclic_2_1,unroll_2,unroll_2,unroll_64,1,3.25,0.697987041075,False
workload_3654.cpp,xcu200-fsgd2104-2-e,5,195.456955,47,1,1,1,1,cyclic_16_1,block_8_1,cyclic_4_1,unroll_2,unroll_2,unroll_2,1,1,0.679690860042,False
workload_3631.cpp,xcu200-fsgd2104-2-e,5,213.428155,202,1,1,1,6,cyclic_16_1,cyclic_128_1,block_2_1,unroll_2,unroll_2,unroll_8,1,2.25,0.634855021241,False
workload_3748.cpp,xcu200-fsgd2104-2-e,5,198.87855,89,1,1,1,2,cyclic_16_1,cyclic_128_1,complete_1,unroll_2,unroll_2,pipeline_1,1,1.25,0.6713281476,False
workload_3592.cpp,xcu200-fsgd2104-2-e,5,213.428155,198,1,1,1,6,cyclic_16_1,cyclic_128_1,cyclic_2_1,unroll_2,unroll_2,unroll_8,1,2.25,0.634855021241,False
workload_3709.cpp,xcu200-fsgd2104-2-e,5,211.431355,326,1,1,1,9,cyclic_16_1,cyclic_128_1,cyclic_4_1,unroll_2,unroll_2,unroll_16,1,3,0.639851725524,False
workload_3941.cpp,xcu200-fsgd2104-2-e,5,28.393915,525,1,1,2,8,cyclic_16_1,cyclic_2_1,block_2_1,unroll_2,pipeline_1,pipeline_1,1,3,0.998944343512,False
workload_3797.cpp,xcu200-fsgd2104-2-e,5,28.393915,496,1,1,2,8,cyclic_16_1,cyclic_2_1,block_4_1,unroll_2,pipeline_1,unroll_2,1,3,0.998944343512,False
workload_3833.cpp,xcu200-fsgd2104-2-e,5,164.584555,148,1,1,1,3,cyclic_16_1,cyclic_2_1,block_4_1,unroll_2,unroll_2,unroll_64,1,1.5,0.762506419772,False
workload_3781.cpp,xcu200-fsgd2104-2-e,5,153.52935,44,1,1,1,1,cyclic_16_1,cyclic_2_1,complete_1,unroll_2,unroll_2,pipeline_1,1,1,0.792380564301,False
workload_3727.cpp,xcu200-fsgd2104-2-e,5,28.39381,1303,1,1,4,15,cyclic_16_1,cyclic_2_1,complete_1,unroll_4,pipeline_1,pipeline_1,1,5.25,0.923134597455,False
workload_3778.cpp,xcu200-fsgd2104-2-e,5,158.85413,52,1,1,1,1,cyclic_16_1,cyclic_2_1,complete_1,unroll_4,unroll_2,pipeline_1,1,1,0.777542563481,False
workload_3819.cpp,xcu200-fsgd2104-2-e,5,166.08205,86,1,1,1,2,cyclic_16_1,cyclic_2_1,complete_1,unroll_4,unroll_2,unroll_16,1,1.25,0.758102856033,False
workload_3678.cpp,xcu200-fsgd2104-2-e,5,28.393915,467,1,1,2,8,cyclic_16_1,cyclic_2_1,cyclic_2_1,unroll_2,pipeline_1,unroll_2,1,3,0.998944343512,False
workload_3733.cpp,xcu200-fsgd2104-2-e,5,180.059755,45,1,1,1,1,cyclic_16_1,cyclic_2_1,cyclic_2_1,unroll_2,unroll_2,unroll_2,1,1,0.719960616944,False
workload_3868.cpp,xcu200-fsgd2104-2-e,5,28.393915,489,1,1,2,8,cyclic_16_1,cyclic_2_1,cyclic_4_1,unroll_2,pipeline_1,unroll_2,1,3,0.998944343512,False
workload_3736.cpp,xcu200-fsgd2104-2-e,5,166.082155,62,1,1,1,1,cyclic_16_1,cyclic_2_1,cyclic_4_1,unroll_2,unroll_2,unroll_16,1,1,0.75764264284,False
workload_3784.cpp,xcu200-fsgd2104-2-e,5,172.072535,59,1,1,1,1,cyclic_16_1,cyclic_4_1,block_2_1,unroll_4,unroll_2,unroll_4,1,1,0.741363242739,False
workload_3907.cpp,xcu200-fsgd2104-2-e,5,28.40419,595.5,1,1,2,9,cyclic_16_1,cyclic_4_1,complete_1,unroll_2,pipeline_1,pipeline_1,2,3.25,0.990173257488,False
workload_3942.cpp,xcu200-fsgd2104-2-e,5,28.40419,613,1,1,2,9,cyclic_16_1,cyclic_4_1,complete_1,unroll_2,pipeline_1,unroll_16,1,3.25,0.990173257488,False
workload_3983.cpp,xcu200-fsgd2104-2-e,5,28.40419,640,1,1,2,9,cyclic_16_1,cyclic_4_1,complete_1,unroll_2,pipeline_1,unroll_64,1,3.25,0.990173257488,False
workload_3982.cpp,xcu200-fsgd2104-2-e,5,28.40419,610,1,1,2,9,cyclic_16_1,cyclic_4_1,complete_1,unroll_2,pipeline_1,unroll_8,2,3.25,0.990173257488,False
workload_4034.cpp,xcu200-fsgd2104-2-e,5,158.86463,43,1,1,1,1,cyclic_16_1,cyclic_4_1,complete_1,unroll_2,unroll_2,pipeline_1,1,1,0.777513452783,False
workload_3968.cpp,xcu200-fsgd2104-2-e,5,166.08211,71,1,1,1,1,cyclic_16_1,cyclic_4_1,complete_1,unroll_2,unroll_2,unroll_16,1,1,0.75764276586,False
workload_4074.cpp,xcu200-fsgd2104-2-e,5,164.58451,162,1,1,1,3,cyclic_16_1,cyclic_4_1,complete_1,unroll_2,unroll_2,unroll_64,1,1.5,0.762506542982,False
workload_3848.cpp,xcu200-fsgd2104-2-e,5,28.40413,1420,1,1,4,16,cyclic_16_1,cyclic_4_1,complete_1,unroll_4,pipeline_1,pipeline_1,1,5.5,0.917464181268,False
workload_3950.cpp,xcu200-fsgd2104-2-e,5,28.40413,1638,1,1,4,16,cyclic_16_1,cyclic_4_1,complete_1,unroll_4,pipeline_1,unroll_8,1,5.5,0.917464181268,False
workload_3840.cpp,xcu200-fsgd2104-2-e,5,28.404235,570,1,1,2,9,cyclic_16_1,cyclic_4_1,cyclic_2_1,unroll_2,pipeline_1,pipeline_1,1,3.25,0.990173241547,False
workload_3664.cpp,xcu200-fsgd2104-2-e,5,213.428155,61,1,1,1,1,cyclic_16_1,cyclic_8_1,block_2_1,unroll_2,unroll_2,unroll_8,1,1,0.634353974338,False
workload_4080.cpp,xcu200-fsgd2104-2-e,5,28.06691,501,1,1,2,8,cyclic_2_1,block_2_1,block_4_1,unroll_2,pipeline_1,unroll_16,1,3,0.999997808699,False
workload_3904.cpp,xcu200-fsgd2104-2-e,5,28.06691,489,1,1,2,8,cyclic_2_1,block_2_1,block_4_1,unroll_2,pipeline_1,unroll_64,1,3,0.999997808699,False
workload_3922.cpp,xcu200-fsgd2104-2-e,5,153.37855,43,1,1,1,1,cyclic_2_1,block_2_1,block_4_1,unroll_2,unroll_2,pipeline_1,1,1,0.792802963992,False
workload_3890.cpp,xcu200-fsgd2104-2-e,5,145.28727,60,1,1,1,1,cyclic_2_1,block_2_1,block_4_1,unroll_2,unroll_2,unroll_8,1,1,0.815641484522,False
workload_3869.cpp,xcu200-fsgd2104-2-e,5,28.066865,499,1,1,2,8,cyclic_2_1,block_2_1,complete_1,unroll_2,pipeline_1,pipeline_1,1,3,0.999997953711,False
workload_4146.cpp,xcu200-fsgd2104-2-e,5,28.066865,514,1,1,2,8,cyclic_2_1,block_2_1,complete_1,unroll_2,pipeline_1,unroll_16,1,3,0.999997953711,False
workload_3980.cpp,xcu200-fsgd2104-2-e,5,28.066865,416,1,1,2,8,cyclic_2_1,block_2_1,complete_1,unroll_2,pipeline_1,unroll_2,1,3,0.999997953711,False
workload_4108.cpp,xcu200-fsgd2104-2-e,5,28.066865,526,1,1,2,8,cyclic_2_1,block_2_1,complete_1,unroll_2,pipeline_1,unroll_32,1,3,0.999997953711,False
workload_4106.cpp,xcu200-fsgd2104-2-e,5,28.066865,489,1,1,2,8,cyclic_2_1,block_2_1,complete_1,unroll_2,pipeline_1,unroll_4,1,3,0.999997953711,False
workload_4012.cpp,xcu200-fsgd2104-2-e,5,28.066865,481.5,1,1,2,8,cyclic_2_1,block_2_1,complete_1,unroll_2,pipeline_1,unroll_64,2,3,0.999997953711,False
workload_3885.cpp,xcu200-fsgd2104-2-e,5,153.378465,41,1,1,1,1,cyclic_2_1,block_2_1,complete_1,unroll_2,unroll_2,pipeline_1,1,1,0.792803202116,False
workload_4068.cpp,xcu200-fsgd2104-2-e,5,143.872825,80,1,1,1,2,cyclic_2_1,block_2_1,complete_1,unroll_2,unroll_2,unroll_16,1,1.25,1,True
workload_4040.cpp,xcu200-fsgd2104-2-e,5,149.780025,43,1,1,1,1,cyclic_2_1,block_2_1,complete_1,unroll_2,unroll_2,unroll_2,1,1,0.802918051055,False
workload_3732.cpp,xcu200-fsgd2104-2-e,5,148.116025,45,1,1,1,1,cyclic_2_1,block_2_1,complete_1,unroll_2,unroll_2,unroll_4,1,1,0.807618266598,False
workload_3903.cpp,xcu200-fsgd2104-2-e,5,142.812025,285,1,1,3,6,cyclic_2_1,block_2_1,complete_1,unroll_2,unroll_2,unroll_64,1,2.75,1,True
workload_4130.cpp,xcu200-fsgd2104-2-e,5,145.287225,56,1,1,1,1,cyclic_2_1,block_2_1,complete_1,unroll_2,unroll_2,unroll_8,1,1,0.815641612485,False
workload_3681.cpp,xcu200-fsgd2104-2-e,5,335.497625,864,1,1,7,13,cyclic_2_1,block_2_1,complete_1,unroll_2,unroll_32,unroll_8,1,5.5,0.370675604196,False
workload_3913.cpp,xcu200-fsgd2104-2-e,5,213.824025,784,1,1,6,11,cyclic_2_1,block_2_1,complete_1,unroll_2,unroll_4,unroll_64,1,4.75,0.62731675107,False
workload_4145.cpp,xcu200-fsgd2104-2-e,5,28.06623,531,1,1,2,8,cyclic_2_1,block_2_1,cyclic_2_1,unroll_2,pipeline_1,unroll_16,1,3,1,True
workload_4109.cpp,xcu200-fsgd2104-2-e,5,28.06623,533,1,1,2,8,cyclic_2_1,block_2_1,cyclic_2_1,unroll_2,pipeline_1,unroll_2,1,3,1,True
workload_4143.cpp,xcu200-fsgd2104-2-e,5,28.06623,559,1,1,2,8,cyclic_2_1,block_2_1,cyclic_2_1,unroll_2,pipeline_1,unroll_64,1,3,1,True
workload_4138.cpp,xcu200-fsgd2104-2-e,5,149.78007,43,1,1,1,1,cyclic_2_1,block_2_1,cyclic_2_1,unroll_2,unroll_2,unroll_2,1,1,0.802917924141,False
workload_3978.cpp,xcu200-fsgd2104-2-e,5,142.81207,293,1,1,3,6,cyclic_2_1,block_2_1,cyclic_2_1,unroll_2,unroll_2,unroll_64,1,2.75,0.824552371084,False
workload_3721.cpp,xcu200-fsgd2104-2-e,5,28.06691,527,1,1,2,8,cyclic_2_1,block_2_1,cyclic_4_1,unroll_2,pipeline_1,pipeline_1,1,3,0.999997808699,False
workload_3871.cpp,xcu200-fsgd2104-2-e,5,28.06691,513,1,1,2,8,cyclic_2_1,block_2_1,cyclic_4_1,unroll_2,pipeline_1,unroll_4,1,3,0.999997808699,False
workload_3902.cpp,xcu200-fsgd2104-2-e,5,153.37855,44,1,1,1,1,cyclic_2_1,block_2_1,cyclic_4_1,unroll_2,unroll_2,pipeline_1,1,1,0.792802963992,False
workload_3899.cpp,xcu200-fsgd2104-2-e,5,143.87287,83,1,1,1,2,cyclic_2_1,block_2_1,cyclic_4_1,unroll_2,unroll_2,unroll_16,1,1.25,0.820281914157,False
workload_3972.cpp,xcu200-fsgd2104-2-e,5,149.78007,47,1,1,1,1,cyclic_2_1,block_2_1,cyclic_4_1,unroll_2,unroll_2,unroll_2,1,1,0.802917924141,False
workload_4006.cpp,xcu200-fsgd2104-2-e,5,143.16567,144,1,1,1,3,cyclic_2_1,block_2_1,cyclic_4_1,unroll_2,unroll_2,unroll_32,1,1.5,1,True
workload_3976.cpp,xcu200-fsgd2104-2-e,5,142.81207,230,1,1,3,6,cyclic_2_1,block_2_1,cyclic_4_1,unroll_2,unroll_2,unroll_64,1,2.75,0.824552371084,False
workload_3999.cpp,xcu200-fsgd2104-2-e,5,145.28727,50,1,1,1,1,cyclic_2_1,block_2_1,cyclic_4_1,unroll_2,unroll_2,unroll_8,1,1,0.815641484522,False
workload_3918.cpp,xcu200-fsgd2104-2-e,5,28.06621,1656,1,1,4,15,cyclic_2_1,block_2_1,cyclic_4_1,unroll_4,pipeline_1,pipeline_1,1,5.25,0.923637312206,False
workload_4063.cpp,xcu200-fsgd2104-2-e,5,149.78007,43,1,1,1,1,cyclic_2_1,block_4_1,block_2_1,unroll_2,unroll_2,unroll_2,1,1,0.802917924141,False
workload_3830.cpp,xcu200-fsgd2104-2-e,5,341.14247,200,1,2,2,5,cyclic_2_1,block_4_1,block_2_1,unroll_2,unroll_32,unroll_2,1,2.5,0.364966533017,False
workload_4056.cpp,xcu200-fsgd2104-2-e,5,28.07791,530,1,1,5,12,cyclic_2_1,block_4_1,block_4_1,unroll_2,pipeline_1,unroll_16,1,4.75,0.933355745035,False
workload_4054.cpp,xcu200-fsgd2104-2-e,5,28.07791,620,1,1,5,12,cyclic_2_1,block_4_1,block_4_1,unroll_2,pipeline_1,unroll_8,1,4.75,0.933355745035,False
workload_4032.cpp,xcu200-fsgd2104-2-e,5,153.37855,43,1,1,1,1,cyclic_2_1,block_4_1,block_4_1,unroll_2,unroll_2,pipeline_1,1,1,0.792802963992,False
workload_3926.cpp,xcu200-fsgd2104-2-e,5,143.87287,73,1,1,1,2,cyclic_2_1,block_4_1,block_4_1,unroll_2,unroll_2,unroll_16,1,1.25,0.820281914157,False
workload_3866.cpp,xcu200-fsgd2104-2-e,5,145.28727,61,1,1,1,1,cyclic_2_1,block_4_1,block_4_1,unroll_2,unroll_2,unroll_8,1,1,0.815641484522,False
workload_3875.cpp,xcu200-fsgd2104-2-e,5,28.077865,590,1,1,5,12,cyclic_2_1,block_4_1,complete_1,unroll_2,pipeline_1,unroll_16,1,4.75,0.933355814844,False
workload_3843.cpp,xcu200-fsgd2104-2-e,5,28.077865,588,1,1,5,12,cyclic_2_1,block_4_1,complete_1,unroll_2,pipeline_1,unroll_4,2,4.75,0.933355814844,False
workload_3981.cpp,xcu200-fsgd2104-2-e,5,28.077865,488,1,1,5,12,cyclic_2_1,block_4_1,complete_1,unroll_2,pipeline_1,unroll_8,1,4.75,0.933355814844,False
workload_3974.cpp,xcu200-fsgd2104-2-e,5,143.872825,88,1,1,1,2,cyclic_2_1,block_4_1,complete_1,unroll_2,unroll_2,unroll_16,1,1.25,1,True
workload_3852.cpp,xcu200-fsgd2104-2-e,5,149.780025,43,1,1,1,1,cyclic_2_1,block_4_1,complete_1,unroll_2,unroll_2,unroll_2,1,1,0.802918051055,False
workload_4072.cpp,xcu200-fsgd2104-2-e,5,143.165625,136,1,2,1,3,cyclic_2_1,block_4_1,complete_1,unroll_2,unroll_2,unroll_32,1,1.75,1,True
workload_3815.cpp,xcu200-fsgd2104-2-e,5,148.116025,46,1,1,1,1,cyclic_2_1,block_4_1,complete_1,unroll_2,unroll_2,unroll_4,1,1,0.807618266598,False
workload_3834.cpp,xcu200-fsgd2104-2-e,5,142.812025,298,1,3,3,5,cyclic_2_1,block_4_1,complete_1,unroll_2,unroll_2,unroll_64,1,3,0.820223616809,False
workload_3934.cpp,xcu200-fsgd2104-2-e,5,145.287225,60,1,1,1,1,cyclic_2_1,block_4_1,complete_1,unroll_2,unroll_2,unroll_8,1,1,0.815641612485,False
workload_3579.cpp,xcu200-fsgd2104-2-e,5,344.881705,148,1,1,3,7,cyclic_2_1,block_4_1,complete_1,unroll_2,unroll_32,pipeline_1,1,3,0.358312259959,False
workload_3970.cpp,xcu200-fsgd2104-2-e,5,214.996185,145,1,2,1,3,cyclic_2_1,block_4_1,complete_1,unroll_2,unroll_4,unroll_16,1,1.75,0.631148774467,False
workload_4024.cpp,xcu200-fsgd2104-2-e,5,213.824025,970,1,7,6,10,cyclic_2_1,block_4_1,complete_1,unroll_2,unroll_4,unroll_64,1,6,0.616842285652,False
workload_3920.cpp,xcu200-fsgd2104-2-e,5,255.720665,3128,1,15,12,19,cyclic_2_1,block_4_1,complete_1,unroll_2,unroll_8,unroll_64,1,11.75,0.462146157989,False
workload_3787.cpp,xcu200-fsgd2104-2-e,5,143.914365,142,1,2,1,3,cyclic_2_1,block_4_1,complete_1,unroll_4,unroll_2,unroll_16,1,1.75,0.820505684125,False
workload_3615.cpp,xcu200-fsgd2104-2-e,5,148.282365,57,1,1,1,1,cyclic_2_1,block_4_1,complete_1,unroll_4,unroll_2,unroll_4,1,1,0.807147766345,False
workload_3800.cpp,xcu200-fsgd2104-2-e,5,142.822365,858,1,7,6,10,cyclic_2_1,block_4_1,complete_1,unroll_4,unroll_2,unroll_64,1,6,0.760772735258,False
workload_3715.cpp,xcu200-fsgd2104-2-e,5,344.881645,375,1,2,7,15,cyclic_2_1,block_4_1,complete_1,unroll_4,unroll_32,pipeline_1,1,6.25,0.352202368284,False
workload_3906.cpp,xcu200-fsgd2104-2-e,5,28.07723,591.5,1,1,5,12,cyclic_2_1,block_4_1,cyclic_2_1,unroll_2,pipeline_1,unroll_4,2,4.75,0.933356799903,False
workload_4112.cpp,xcu200-fsgd2104-2-e,5,28.07723,617,1,1,5,12,cyclic_2_1,block_4_1,cyclic_2_1,unroll_2,pipeline_1,unroll_8,1,4.75,0.933356799903,False
workload_3959.cpp,xcu200-fsgd2104-2-e,5,153.37855,46,1,1,1,1,cyclic_2_1,block_4_1,cyclic_2_1,unroll_2,unroll_2,pipeline_1,1,1,0.792802963992,False
workload_3821.cpp,xcu200-fsgd2104-2-e,5,149.78007,43,1,1,1,1,cyclic_2_1,block_4_1,cyclic_2_1,unroll_2,unroll_2,unroll_2,1,1,0.802917924141,False
workload_3961.cpp,xcu200-fsgd2104-2-e,5,148.11607,49,1,1,1,1,cyclic_2_1,block_4_1,cyclic_2_1,unroll_2,unroll_2,unroll_4,1,1,0.807618139294,False
workload_4023.cpp,xcu200-fsgd2104-2-e,5,142.82245,984,1,7,6,10,cyclic_2_1,block_4_1,cyclic_2_1,unroll_4,unroll_2,unroll_64,1,6,0.760772623388,False
workload_3963.cpp,xcu200-fsgd2104-2-e,5,224.51085,66,1,1,1,2,cyclic_2_1,block_4_1,cyclic_2_1,unroll_4,unroll_4,pipeline_1,1,1.25,0.60765117786,False
workload_3878.cpp,xcu200-fsgd2104-2-e,5,28.07791,587,1,1,5,12,cyclic_2_1,block_4_1,cyclic_4_1,unroll_2,pipeline_1,unroll_16,1,4.75,0.933355745035,False
workload_3911.cpp,xcu200-fsgd2104-2-e,5,28.07791,538,1,1,5,12,cyclic_2_1,block_4_1,cyclic_4_1,unroll_2,pipeline_1,unroll_4,1,4.75,0.933355745035,False
workload_3923.cpp,xcu200-fsgd2104-2-e,5,158.70335,43,1,1,1,1,cyclic_2_1,block_4_1,cyclic_4_1,unroll_2,unroll_2,pipeline_1,1,1,0.777960657801,False
workload_3893.cpp,xcu200-fsgd2104-2-e,5,143.87287,78,1,1,1,2,cyclic_2_1,block_4_1,cyclic_4_1,unroll_2,unroll_2,unroll_16,1,1.25,0.820281914157,False
workload_4113.cpp,xcu200-fsgd2104-2-e,5,142.81207,283,1,3,3,5,cyclic_2_1,block_4_1,cyclic_4_1,unroll_2,unroll_2,unroll_64,1,3,0.820223551947,False
workload_3889.cpp,xcu200-fsgd2104-2-e,5,145.28727,60,1,1,1,1,cyclic_2_1,block_4_1,cyclic_4_1,unroll_2,unroll_2,unroll_8,1,1,0.815641484522,False
workload_3849.cpp,xcu200-fsgd2104-2-e,5,28.07687,1725,1,1,11,23,cyclic_2_1,block_4_1,cyclic_4_1,unroll_4,pipeline_1,unroll_16,1,9,0.808636280774,False
workload_3744.cpp,xcu200-fsgd2104-2-e,5,143.91445,134,1,2,1,3,cyclic_2_1,block_4_1,cyclic_4_1,unroll_4,unroll_2,unroll_16,1,1.75,0.820505440085,False
workload_3857.cpp,xcu200-fsgd2104-2-e,5,148.28245,62,1,1,1,1,cyclic_2_1,block_4_1,cyclic_4_1,unroll_4,unroll_2,unroll_4,1,1,0.807147525955,False
workload_4000.cpp,xcu200-fsgd2104-2-e,5,190.63647,65,1,1,1,1,cyclic_2_1,block_8_1,block_4_1,unroll_2,unroll_2,unroll_8,1,1,0.692157536938,False
workload_3663.cpp,xcu200-fsgd2104-2-e,5,195.711535,139,1,1,1,3,cyclic_2_1,block_8_1,complete_1,unroll_17,unroll_2,unroll_2,1,1.5,0.679701477536,False
workload_4011.cpp,xcu200-fsgd2104-2-e,5,189.222025,95,1,1,1,2,cyclic_2_1,block_8_1,complete_1,unroll_2,unroll_2,unroll_16,1,1.25,0.696264148109,False
workload_3776.cpp,xcu200-fsgd2104-2-e,5,195.129225,45,1,1,1,1,cyclic_2_1,block_8_1,complete_1,unroll_2,unroll_2,unroll_2,1,1,0.680534349127,False
workload_4004.cpp,xcu200-fsgd2104-2-e,5,190.636425,68,1,1,1,1,cyclic_2_1,block_8_1,complete_1,unroll_2,unroll_2,unroll_8,1,1,0.692157653917,False
workload_3698.cpp,xcu200-fsgd2104-2-e,5,193.631565,67,1,1,1,1,cyclic_2_1,block_8_1,complete_1,unroll_4,unroll_2,unroll_4,1,1,0.6843965087,False
workload_3888.cpp,xcu200-fsgd2104-2-e,5,167.75125,59,1,1,1,1,cyclic_2_1,cyclic_2_1,block_4_1,unroll_4,unroll_2,unroll_8,1,1,0.753087230322,False
workload_4065.cpp,xcu200-fsgd2104-2-e,5,165.754425,59,1,1,1,1,cyclic_2_1,cyclic_2_1,complete_1,unroll_2,unroll_2,unroll_16,1,1,0.75853887041,False
workload_3931.cpp,xcu200-fsgd2104-2-e,5,164.256825,154,1,1,1,3,cyclic_2_1,cyclic_2_1,complete_1,unroll_2,unroll_2,unroll_64,1,1.5,0.76340396567,False
workload_3668.cpp,xcu200-fsgd2104-2-e,5,153.201645,49,1,1,1,1,cyclic_2_1,cyclic_2_1,complete_1,unroll_4,unroll_2,pipeline_1,1,1,0.79329863786,False
workload_3927.cpp,xcu200-fsgd2104-2-e,5,165.754365,76,1,1,1,2,cyclic_2_1,cyclic_2_1,complete_1,unroll_4,unroll_2,unroll_16,1,1.25,0.759000855155,False
workload_4005.cpp,xcu200-fsgd2104-2-e,5,165.75447,69,1,1,1,1,cyclic_2_1,cyclic_2_1,cyclic_2_1,unroll_2,unroll_2,unroll_16,1,1,0.758538747311,False
workload_4017.cpp,xcu200-fsgd2104-2-e,5,28.07655,682,1,1,2,9,cyclic_2_1,cyclic_4_1,block_4_1,unroll_2,pipeline_1,unroll_16,1,3.25,0.990233241701,False
workload_4052.cpp,xcu200-fsgd2104-2-e,5,28.07655,580,1,1,2,9,cyclic_2_1,cyclic_4_1,block_4_1,unroll_2,pipeline_1,unroll_64,1,3.25,0.990233241701,False
workload_3986.cpp,xcu200-fsgd2104-2-e,5,28.07655,679,1,1,2,9,cyclic_2_1,cyclic_4_1,block_4_1,unroll_2,pipeline_1,unroll_8,1,3.25,0.990233241701,False
workload_4084.cpp,xcu200-fsgd2104-2-e,5,28.076505,598,1,1,2,9,cyclic_2_1,cyclic_4_1,complete_1,unroll_2,pipeline_1,pipeline_1,2,3.25,0.990233242189,False
workload_4055.cpp,xcu200-fsgd2104-2-e,5,28.076505,627,1,1,2,9,cyclic_2_1,cyclic_4_1,complete_1,unroll_2,pipeline_1,unroll_64,1,3.25,0.990233242189,False
workload_4144.cpp,xcu200-fsgd2104-2-e,5,28.076505,579,1,1,2,9,cyclic_2_1,cyclic_4_1,complete_1,unroll_2,pipeline_1,unroll_8,1,3.25,0.990233242189,False
workload_4095.cpp,xcu200-fsgd2104-2-e,5,155.874545,40.5,1,1,1,1,cyclic_2_1,cyclic_4_1,complete_1,unroll_2,unroll_2,pipeline_1,2,1,0.785826966223,False
workload_4132.cpp,xcu200-fsgd2104-2-e,5,165.754425,66,1,1,1,1,cyclic_2_1,cyclic_4_1,complete_1,unroll_2,unroll_2,unroll_16,1,1,0.75853887041,False
workload_4041.cpp,xcu200-fsgd2104-2-e,5,179.731985,40,1,1,1,1,cyclic_2_1,cyclic_4_1,complete_1,unroll_2,unroll_2,unroll_2,1,1,0.720832053569,False
workload_4098.cpp,xcu200-fsgd2104-2-e,5,167.751225,49,1,1,1,1,cyclic_2_1,cyclic_4_1,complete_1,unroll_2,unroll_2,unroll_8,1,1,0.753087298441,False
workload_4070.cpp,xcu200-fsgd2104-2-e,5,251.280345,48,1,1,1,1,cyclic_2_1,cyclic_4_1,complete_1,unroll_2,unroll_4,unroll_2,1,1,0.544800764175,False
workload_4021.cpp,xcu200-fsgd2104-2-e,5,28.07655,647,1,1,2,9,cyclic_2_1,cyclic_4_1,cyclic_2_1,unroll_2,pipeline_1,unroll_2,1,3.25,0.990233241701,False
workload_3998.cpp,xcu200-fsgd2104-2-e,5,167.75127,47,1,1,1,1,cyclic_2_1,cyclic_4_1,cyclic_2_1,unroll_2,unroll_2,unroll_8,1,1,0.753087175827,False
workload_4050.cpp,xcu200-fsgd2104-2-e,5,28.07655,571,1,1,2,9,cyclic_2_1,cyclic_4_1,cyclic_4_1,unroll_2,pipeline_1,unroll_32,1,3.25,0.990233241701,False
workload_4101.cpp,xcu200-fsgd2104-2-e,5,153.21223,42,1,1,1,1,cyclic_2_1,cyclic_4_1,cyclic_4_1,unroll_2,unroll_2,pipeline_1,1,1,0.793268974893,False
workload_4076.cpp,xcu200-fsgd2104-2-e,5,143.13971,272,3,1,3,5,cyclic_32_1,block_2_1,complete_1,unroll_2,unroll_2,unroll_64,1,3,0.819725996896,False
workload_4013.cpp,xcu200-fsgd2104-2-e,5,28.404235,521,3,1,2,8,cyclic_32_1,block_2_1,cyclic_2_1,unroll_2,pipeline_1,unroll_4,1,3.5,0.980489945735,False
workload_3540.cpp,xcu200-fsgd2104-2-e,5,28.405595,671,3,1,6,11,cyclic_32_1,block_4_1,block_4_1,unroll_2,pipeline_1,unroll_64,1,5.25,0.923116400189,False
workload_3647.cpp,xcu200-fsgd2104-2-e,5,28.405575,1754,3,1,11,22,cyclic_32_1,block_4_1,block_4_1,unroll_4,pipeline_1,unroll_2,1,9.25,0.800127717872,False
workload_3759.cpp,xcu200-fsgd2104-2-e,5,28.40555,577,3,1,6,11,cyclic_32_1,block_4_1,complete_1,unroll_2,pipeline_1,pipeline_1,1,5.25,0.923116469688,False
workload_3723.cpp,xcu200-fsgd2104-2-e,5,28.40555,578,3,1,6,11,cyclic_32_1,block_4_1,complete_1,unroll_2,pipeline_1,unroll_64,1,5.25,0.923116469688,False
workload_4069.cpp,xcu200-fsgd2104-2-e,5,144.03411,92,3,1,1,2,cyclic_32_1,block_4_1,complete_1,unroll_2,unroll_2,unroll_16,1,1.75,0.820161928125,False
workload_3674.cpp,xcu200-fsgd2104-2-e,5,143.13971,291,3,3,3,5,cyclic_32_1,block_4_1,complete_1,unroll_2,unroll_2,unroll_64,1,3.5,0.810781962658,False
workload_4037.cpp,xcu200-fsgd2104-2-e,5,145.28211,70,3,1,1,1,cyclic_32_1,block_4_1,complete_1,unroll_2,unroll_2,unroll_8,1,1.5,0.815967390175,False
workload_3683.cpp,xcu200-fsgd2104-2-e,5,28.40549,1642,3,1,11,22,cyclic_32_1,block_4_1,complete_1,unroll_4,pipeline_1,unroll_8,1,9.25,0.80012776429,False
workload_3633.cpp,xcu200-fsgd2104-2-e,5,199.055435,52,3,1,1,1,cyclic_32_1,block_8_1,block_2_1,unroll_2,unroll_2,pipeline_1,1,1.5,0.671117080926,False
workload_3575.cpp,xcu200-fsgd2104-2-e,5,189.383355,97,3,1,1,2,cyclic_32_1,block_8_1,block_2_1,unroll_2,unroll_2,unroll_16,1,1.75,0.696130387413,False
workload_3493.cpp,xcu200-fsgd2104-2-e,5,190.631355,80,3,1,1,2,cyclic_32_1,block_8_1,block_2_1,unroll_2,unroll_2,unroll_8,1,1.75,0.692882916652,False
workload_4116.cpp,xcu200-fsgd2104-2-e,5,28.58099,642,3,1,7,13,cyclic_32_1,block_8_1,complete_1,unroll_2,pipeline_1,unroll_64,1,6,0.904286508314,False
workload_3577.cpp,xcu200-fsgd2104-2-e,5,189.38331,107,3,1,1,2,cyclic_32_1,block_8_1,complete_1,unroll_2,unroll_2,unroll_16,1,1.75,0.696130504653,False
workload_3534.cpp,xcu200-fsgd2104-2-e,5,190.63131,78,3,1,1,2,cyclic_32_1,block_8_1,complete_1,unroll_2,unroll_2,unroll_8,1,1.75,0.692883033604,False
workload_3616.cpp,xcu200-fsgd2104-2-e,5,190.631355,71,3,1,1,2,cyclic_32_1,block_8_1,cyclic_2_1,unroll_2,unroll_2,unroll_8,1,1.75,0.692882916652,False
workload_3760.cpp,xcu200-fsgd2104-2-e,5,211.431355,346,3,1,1,10,cyclic_32_1,cyclic_128_1,block_4_1,unroll_2,unroll_2,unroll_16,1,3.75,0.638165016853,False
workload_3584.cpp,xcu200-fsgd2104-2-e,5,299.04618,431,3,1,1,8,cyclic_32_1,cyclic_16_1,complete_1,unroll_17,unroll_4,pipeline_1,1,3.25,0.443312590607,False
workload_3711.cpp,xcu200-fsgd2104-2-e,5,198.87855,49,3,1,1,1,cyclic_32_1,cyclic_16_1,complete_1,unroll_2,unroll_2,pipeline_1,1,1.5,0.671569617687,False
workload_3586.cpp,xcu200-fsgd2104-2-e,5,28.404235,563,3,1,2,8,cyclic_32_1,cyclic_2_1,block_4_1,unroll_2,pipeline_1,unroll_32,1,3.5,0.980489945735,False
workload_3494.cpp,xcu200-fsgd2104-2-e,5,28.404235,569,3,1,2,8,cyclic_32_1,cyclic_2_1,block_4_1,unroll_2,pipeline_1,unroll_64,1,3.5,0.980489945735,False
workload_3637.cpp,xcu200-fsgd2104-2-e,5,28.40419,504,3,1,2,8,cyclic_32_1,cyclic_2_1,complete_1,unroll_2,pipeline_1,unroll_2,1,3.5,0.980489953699,False
workload_3596.cpp,xcu200-fsgd2104-2-e,5,28.40413,1550,3,1,4,15,cyclic_32_1,cyclic_2_1,complete_1,unroll_4,pipeline_1,pipeline_1,1,5.75,0.911239017792,False
workload_3872.cpp,xcu200-fsgd2104-2-e,5,28.404235,489,3,1,2,8,cyclic_32_1,cyclic_2_1,cyclic_2_1,unroll_2,pipeline_1,unroll_2,1,3.5,0.980489945735,False
workload_3656.cpp,xcu200-fsgd2104-2-e,5,168.078955,58,3,1,1,1,cyclic_32_1,cyclic_2_1,cyclic_4_1,unroll_2,unroll_2,unroll_8,1,1.5,0.752964986613,False
workload_3620.cpp,xcu200-fsgd2104-2-e,5,213.42811,89,3,1,1,2,cyclic_32_1,cyclic_32_1,complete_1,unroll_2,unroll_2,unroll_8,1,1.75,0.635024100594,False
workload_3582.cpp,xcu200-fsgd2104-2-e,5,198.878585,295,3,1,1,5,cyclic_32_1,cyclic_32_1,cyclic_4_1,unroll_17,unroll_2,pipeline_1,1,2.5,0.671843278759,False
workload_3543.cpp,xcu200-fsgd2104-2-e,5,452.057815,2626,3,1,2,22,cyclic_32_1,cyclic_32_1,cyclic_4_1,unroll_4,unroll_32,pipeline_1,1,7,0.202409784342,False
workload_4110.cpp,xcu200-fsgd2104-2-e,5,28.40419,550,3,1,2,9,cyclic_32_1,cyclic_4_1,complete_1,unroll_2,pipeline_1,pipeline_1,1,3.75,0.970839893973,False
workload_3457.cpp,xcu200-fsgd2104-2-e,5,293.63946,1739,4,1,1,15,cyclic_32_1,cyclic_64_1,complete_1,unroll_17,unroll_4,pipeline_1,1,5.25,0.449643920562,False
workload_3590.cpp,xcu200-fsgd2104-2-e,5,198.878585,475,4,1,1,7,cyclic_32_1,cyclic_64_1,cyclic_2_1,unroll_17,unroll_2,pipeline_1,1,3.25,0.671104880992,False
workload_3725.cpp,xcu200-fsgd2104-2-e,5,28.58995,800,3,1,5,18,cyclic_32_1,cyclic_8_1,complete_1,unroll_2,pipeline_1,pipeline_1,1,6.75,0.88206973088,False
workload_3626.cpp,xcu200-fsgd2104-2-e,5,198.87855,46,3,1,1,1,cyclic_32_1,cyclic_8_1,complete_1,unroll_2,unroll_2,pipeline_1,1,1.5,0.671569617687,False
workload_4007.cpp,xcu200-fsgd2104-2-e,5,189.222025,113,2,1,1,2,cyclic_4_1,block_16_1,complete_1,unroll_2,unroll_2,unroll_16,1,1.5,0.696538026796,False
workload_3766.cpp,xcu200-fsgd2104-2-e,5,28.242925,2021,2,1,16,27,cyclic_4_1,block_16_1,complete_1,unroll_4,pipeline_1,pipeline_1,1,11.5,0.726467128131,False
workload_3836.cpp,xcu200-fsgd2104-2-e,5,28.06691,480,2,1,2,8,cyclic_4_1,block_2_1,block_4_1,unroll_2,pipeline_1,pipeline_1,1,3.25,0.990233297615,False
workload_3837.cpp,xcu200-fsgd2104-2-e,5,28.06691,500,2,1,2,8,cyclic_4_1,block_2_1,block_4_1,unroll_2,pipeline_1,unroll_64,1,3.25,0.990233297615,False
workload_3791.cpp,xcu200-fsgd2104-2-e,5,147.45047,46,2,1,1,1,cyclic_4_1,block_2_1,block_4_1,unroll_2,unroll_2,unroll_4,1,1.25,0.810086912303,False
workload_3822.cpp,xcu200-fsgd2104-2-e,5,147.61685,57,2,1,1,1,cyclic_4_1,block_2_1,block_4_1,unroll_4,unroll_2,unroll_4,1,1.25,0.809614435137,False
workload_3477.cpp,xcu200-fsgd2104-2-e,5,28.066865,539,2,1,2,8,cyclic_4_1,block_2_1,complete_1,unroll_2,pipeline_1,pipeline_1,1,3.25,0.990233297647,False
workload_3945.cpp,xcu200-fsgd2104-2-e,5,28.066865,395,2,1,2,8,cyclic_4_1,block_2_1,complete_1,unroll_2,pipeline_1,unroll_16,1,3.25,0.990233297647,False
workload_3943.cpp,xcu200-fsgd2104-2-e,5,28.066865,504,2,1,2,8,cyclic_4_1,block_2_1,complete_1,unroll_2,pipeline_1,unroll_2,1,3.25,0.990233297647,False
workload_3876.cpp,xcu200-fsgd2104-2-e,5,28.066865,469,2,1,2,8,cyclic_4_1,block_2_1,complete_1,unroll_2,pipeline_1,unroll_4,1,3.25,0.990233297647,False
workload_4081.cpp,xcu200-fsgd2104-2-e,5,28.066865,501,2,1,2,8,cyclic_4_1,block_2_1,complete_1,unroll_2,pipeline_1,unroll_64,1,3.25,0.990233297647,False
workload_3693.cpp,xcu200-fsgd2104-2-e,5,153.378465,42,2,1,1,1,cyclic_4_1,block_2_1,complete_1,unroll_2,unroll_2,pipeline_1,1,1.25,0.793344067189,False
workload_4043.cpp,xcu200-fsgd2104-2-e,5,143.872825,79,2,1,1,2,cyclic_4_1,block_2_1,complete_1,unroll_2,unroll_2,unroll_16,1,1.5,0.819999277638,False
workload_3859.cpp,xcu200-fsgd2104-2-e,5,149.780025,46,2,1,1,1,cyclic_4_1,block_2_1,complete_1,unroll_2,unroll_2,unroll_2,1,1.25,0.80348498375,False
workload_3777.cpp,xcu200-fsgd2104-2-e,5,147.450425,45,2,1,1,1,cyclic_4_1,block_2_1,complete_1,unroll_2,unroll_2,unroll_4,1,1.25,0.810087040112,False
workload_3933.cpp,xcu200-fsgd2104-2-e,5,142.812025,235,2,1,3,5,cyclic_4_1,block_2_1,complete_1,unroll_2,unroll_2,unroll_64,1,2.75,1,True
workload_4035.cpp,xcu200-fsgd2104-2-e,5,145.287225,57,2,1,1,1,cyclic_4_1,block_2_1,complete_1,unroll_2,unroll_2,unroll_8,1,1.25,0.816243360017,False
workload_3704.cpp,xcu200-fsgd2104-2-e,5,258.663705,133,2,1,2,3,cyclic_4_1,block_2_1,complete_1,unroll_2,unroll_8,unroll_8,1,2,0.528761874754,False
workload_3801.cpp,xcu200-fsgd2104-2-e,5,28.067145,1386,2,1,4,16,cyclic_4_1,block_2_1,complete_1,unroll_4,pipeline_1,pipeline_1,1,5.75,0.911714703515,False
workload_3803.cpp,xcu200-fsgd2104-2-e,5,28.067145,1495,2,1,4,16,cyclic_4_1,block_2_1,complete_1,unroll_4,pipeline_1,unroll_4,1,5.75,0.911714703515,False
workload_3817.cpp,xcu200-fsgd2104-2-e,5,147.616765,57,2,1,1,1,cyclic_4_1,block_2_1,complete_1,unroll_4,unroll_2,unroll_4,1,1.25,0.809614676478,False
workload_4020.cpp,xcu200-fsgd2104-2-e,5,142.822365,827,2,1,6,11,cyclic_4_1,block_2_1,complete_1,unroll_4,unroll_2,unroll_64,1,5,0.782014800116,False
workload_3741.cpp,xcu200-fsgd2104-2-e,5,145.370365,76,2,1,1,2,cyclic_4_1,block_2_1,complete_1,unroll_4,unroll_2,unroll_8,1,1.5,0.815715254987,False
workload_4119.cpp,xcu200-fsgd2104-2-e,5,28.06623,510,2,1,2,8,cyclic_4_1,block_2_1,cyclic_2_1,unroll_2,pipeline_1,unroll_64,1,3.25,0.990233297859,False
workload_3619.cpp,xcu200-fsgd2104-2-e,5,153.37855,40,2,1,1,1,cyclic_4_1,block_2_1,cyclic_2_1,unroll_2,unroll_2,pipeline_1,1,1.25,0.793343828468,False
workload_3677.cpp,xcu200-fsgd2104-2-e,5,28.06691,470,2,1,2,8,cyclic_4_1,block_2_1,cyclic_4_1,unroll_2,pipeline_1,pipeline_1,2,3.25,0.990233297615,False
workload_3710.cpp,xcu200-fsgd2104-2-e,5,156.04095,41.5,2,1,1,1,cyclic_4_1,block_2_1,cyclic_4_1,unroll_2,unroll_2,pipeline_1,2,1.25,0.785885590745,False
workload_3814.cpp,xcu200-fsgd2104-2-e,5,147.45047,46,2,1,1,1,cyclic_4_1,block_2_1,cyclic_4_1,unroll_2,unroll_2,unroll_4,1,1.25,0.810086912303,False
workload_4077.cpp,xcu200-fsgd2104-2-e,5,142.81207,280,2,1,3,5,cyclic_4_1,block_2_1,cyclic_4_1,unroll_2,unroll_2,unroll_64,1,2.75,0.824552371084,False
workload_3742.cpp,xcu200-fsgd2104-2-e,5,147.45047,51,1,1,1,1,cyclic_4_1,block_4_1,block_2_1,unroll_2,unroll_2,unroll_4,1,1,0.809502256816,False
workload_3580.cpp,xcu200-fsgd2104-2-e,5,142.81207,300,1,3,3,5,cyclic_4_1,block_4_1,block_4_1,unroll_2,unroll_2,unroll_64,1,3,0.820223551947,False
workload_3856.cpp,xcu200-fsgd2104-2-e,5,145.28727,57,1,1,1,1,cyclic_4_1,block_4_1,block_4_1,unroll_2,unroll_2,unroll_8,1,1,0.815641484522,False
workload_3541.cpp,xcu200-fsgd2104-2-e,5,28.077865,547,1,1,6,12,cyclic_4_1,block_4_1,complete_1,unroll_2,pipeline_1,pipeline_1,3,5,0.928650518036,False
workload_4015.cpp,xcu200-fsgd2104-2-e,5,28.077865,619,1,1,6,12,cyclic_4_1,block_4_1,complete_1,unroll_2,pipeline_1,unroll_16,1,5,0.928650518036,False
workload_3912.cpp,xcu200-fsgd2104-2-e,5,28.077865,585,1,1,6,12,cyclic_4_1,block_4_1,complete_1,unroll_2,pipeline_1,unroll_2,1,5,0.928650518036,False
workload_3722.cpp,xcu200-fsgd2104-2-e,5,28.077865,583,1,1,6,12,cyclic_4_1,block_4_1,complete_1,unroll_2,pipeline_1,unroll_4,1,5,0.928650518036,False
workload_3757.cpp,xcu200-fsgd2104-2-e,5,28.077865,585,1,1,6,12,cyclic_4_1,block_4_1,complete_1,unroll_2,pipeline_1,unroll_64,2,5,0.928650518036,False
workload_3643.cpp,xcu200-fsgd2104-2-e,5,28.077865,532,1,1,6,12,cyclic_4_1,block_4_1,complete_1,unroll_2,pipeline_1,unroll_8,1,5,0.928650518036,False
workload_3825.cpp,xcu200-fsgd2104-2-e,5,156.040865,42,1,1,1,1,cyclic_4_1,block_4_1,complete_1,unroll_2,unroll_2,pipeline_1,2,1,0.785363291758,False
workload_3938.cpp,xcu200-fsgd2104-2-e,5,143.872825,87,1,1,1,2,cyclic_4_1,block_4_1,complete_1,unroll_2,unroll_2,unroll_16,1,1.25,1,True
workload_3673.cpp,xcu200-fsgd2104-2-e,5,149.780025,44,1,1,1,1,cyclic_4_1,block_4_1,complete_1,unroll_2,unroll_2,unroll_2,1,1,0.802918051055,False
workload_4136.cpp,xcu200-fsgd2104-2-e,5,143.165625,142,1,2,1,3,cyclic_4_1,block_4_1,complete_1,unroll_2,unroll_2,unroll_32,1,1.75,1,True
workload_3714.cpp,xcu200-fsgd2104-2-e,5,142.812025,298,1,3,3,5,cyclic_4_1,block_4_1,complete_1,unroll_2,unroll_2,unroll_64,1,3,0.820223616809,False
workload_4036.cpp,xcu200-fsgd2104-2-e,5,145.287225,60,1,1,1,1,cyclic_4_1,block_4_1,complete_1,unroll_2,unroll_2,unroll_8,1,1,0.815641612485,False
workload_3684.cpp,xcu200-fsgd2104-2-e,5,28.077805,1704,1,1,11,23,cyclic_4_1,block_4_1,complete_1,unroll_4,pipeline_1,pipeline_1,2,9,0.808635753038,False
workload_3804.cpp,xcu200-fsgd2104-2-e,5,28.077805,1686,1,1,11,23,cyclic_4_1,block_4_1,complete_1,unroll_4,pipeline_1,unroll_8,1,9,0.808635753038,False
workload_3826.cpp,xcu200-fsgd2104-2-e,5,143.914365,138,1,2,1,3,cyclic_4_1,block_4_1,complete_1,unroll_4,unroll_2,unroll_16,1,1.75,0.820505684125,False
workload_3790.cpp,xcu200-fsgd2104-2-e,5,147.616765,63,1,1,1,1,cyclic_4_1,block_4_1,complete_1,unroll_4,unroll_2,unroll_4,1,1,0.809031309191,False
workload_3844.cpp,xcu200-fsgd2104-2-e,5,142.822365,858,1,7,6,10,cyclic_4_1,block_4_1,complete_1,unroll_4,unroll_2,unroll_64,1,6,0.760772735258,False
workload_3831.cpp,xcu200-fsgd2104-2-e,5,145.370365,86,1,1,1,2,cyclic_4_1,block_4_1,complete_1,unroll_4,unroll_2,unroll_8,1,1.25,0.816006290884,False
workload_3966.cpp,xcu200-fsgd2104-2-e,5,143.87287,87,1,1,1,2,cyclic_4_1,block_4_1,cyclic_2_1,unroll_2,unroll_2,unroll_16,1,1.25,0.820281914157,False
workload_4009.cpp,xcu200-fsgd2104-2-e,5,142.81207,332,1,3,3,5,cyclic_4_1,block_4_1,cyclic_2_1,unroll_2,unroll_2,unroll_64,1,3,0.820223551947,False
workload_3659.cpp,xcu200-fsgd2104-2-e,5,153.37853,52,1,1,1,1,cyclic_4_1,block_4_1,cyclic_2_1,unroll_4,unroll_2,pipeline_1,1,1,0.792803020022,False
workload_3642.cpp,xcu200-fsgd2104-2-e,5,28.07791,592,1,1,6,12,cyclic_4_1,block_4_1,cyclic_4_1,unroll_2,pipeline_1,pipeline_1,1,5,0.92865044843,False
workload_3798.cpp,xcu200-fsgd2104-2-e,5,28.07791,584,1,1,6,12,cyclic_4_1,block_4_1,cyclic_4_1,unroll_2,pipeline_1,unroll_4,1,5,0.92865044843,False
workload_4096.cpp,xcu200-fsgd2104-2-e,5,145.28727,55,1,1,1,1,cyclic_4_1,block_4_1,cyclic_4_1,unroll_2,unroll_2,unroll_8,1,1,0.815641484522,False
workload_3680.cpp,xcu200-fsgd2104-2-e,5,28.242985,695,3,1,8,15,cyclic_4_1,block_64_1,complete_1,unroll_2,pipeline_1,pipeline_1,1,6.75,0.882441833015,False
workload_3697.cpp,xcu200-fsgd2104-2-e,5,198.727665,58,3,1,1,1,cyclic_4_1,block_64_1,complete_1,unroll_2,unroll_2,pipeline_1,1,1.5,0.671955774707,False
workload_3860.cpp,xcu200-fsgd2104-2-e,5,192.79967,51,2,1,1,1,cyclic_4_1,block_8_1,block_2_1,unroll_2,unroll_2,unroll_4,1,1.25,0.686965954746,False
workload_3854.cpp,xcu200-fsgd2104-2-e,5,198.727665,43,2,1,1,1,cyclic_4_1,block_8_1,complete_1,unroll_2,unroll_2,pipeline_1,1,1.25,0.671713830203,False
workload_3751.cpp,xcu200-fsgd2104-2-e,5,188.161225,354,2,3,3,6,cyclic_4_1,block_8_1,complete_1,unroll_2,unroll_2,unroll_64,1,3.5,0.698071279929,False
workload_3738.cpp,xcu200-fsgd2104-2-e,5,198.550865,84,1,1,1,2,cyclic_4_1,cyclic_128_1,complete_1,unroll_2,unroll_2,pipeline_1,1,1.25,0.672165915254,False
workload_3629.cpp,xcu200-fsgd2104-2-e,5,211.10367,81,2,1,1,2,cyclic_4_1,cyclic_16_1,block_2_1,unroll_2,unroll_2,unroll_16,1,1.5,0.640705336557,False
workload_3597.cpp,xcu200-fsgd2104-2-e,5,28.257105,1479,2,1,6,32,cyclic_4_1,cyclic_16_1,complete_1,unroll_2,pipeline_1,pipeline_1,1,10.25,0.767111725485,False
workload_3726.cpp,xcu200-fsgd2104-2-e,5,28.25715,1343,2,1,6,32,cyclic_4_1,cyclic_16_1,cyclic_4_1,unroll_2,pipeline_1,pipeline_1,1,10.25,0.767111705785,False
workload_3886.cpp,xcu200-fsgd2104-2-e,5,179.73207,41,2,1,1,1,cyclic_4_1,cyclic_2_1,block_2_1,unroll_2,unroll_2,unroll_2,1,1.25,0.721263477516,False
workload_3740.cpp,xcu200-fsgd2104-2-e,5,153.20175,40,2,1,1,1,cyclic_4_1,cyclic_2_1,block_4_1,unroll_2,unroll_2,pipeline_1,1,1.25,0.793840453333,False
workload_3827.cpp,xcu200-fsgd2104-2-e,5,164.25687,147,2,1,1,3,cyclic_4_1,cyclic_2_1,block_4_1,unroll_2,unroll_2,unroll_64,1,1.75,0.763249309581,False
workload_3775.cpp,xcu200-fsgd2104-2-e,5,158.52653,45,2,1,1,1,cyclic_4_1,cyclic_2_1,block_4_1,unroll_4,unroll_2,pipeline_1,1,1.25,0.77895722576,False
workload_3692.cpp,xcu200-fsgd2104-2-e,5,153.201665,42,2,1,1,1,cyclic_4_1,cyclic_2_1,complete_1,unroll_2,unroll_2,pipeline_1,1,1.25,0.793840692135,False
workload_3846.cpp,xcu200-fsgd2104-2-e,5,28.066125,1461,2,1,4,16,cyclic_4_1,cyclic_2_1,complete_1,unroll_4,pipeline_1,pipeline_1,1,5.75,0.91171613383,False
workload_3882.cpp,xcu200-fsgd2104-2-e,5,28.066125,1387,2,1,4,16,cyclic_4_1,cyclic_2_1,complete_1,unroll_4,pipeline_1,unroll_4,1,5.75,0.91171613383,False
workload_3474.cpp,xcu200-fsgd2104-2-e,5,155.864045,49.5,2,1,1,1,cyclic_4_1,cyclic_2_1,complete_1,unroll_4,unroll_2,pipeline_1,2,1.25,0.786379973136,False
workload_3773.cpp,xcu200-fsgd2104-2-e,5,179.73207,42,2,1,1,1,cyclic_4_1,cyclic_2_1,cyclic_2_1,unroll_2,unroll_2,unroll_2,1,1.25,0.721263477516,False
workload_3701.cpp,xcu200-fsgd2104-2-e,5,251.28037,60,2,1,1,1,cyclic_4_1,cyclic_2_1,cyclic_2_1,unroll_4,unroll_4,unroll_2,1,1.25,0.545101679661,False
workload_3657.cpp,xcu200-fsgd2104-2-e,5,266.53551,58,2,1,1,1,cyclic_4_1,cyclic_2_1,cyclic_4_1,unroll_2,unroll_8,pipeline_1,1,1.25,0.511277515438,False
workload_3627.cpp,xcu200-fsgd2104-2-e,5,153.20173,50,2,1,1,1,cyclic_4_1,cyclic_2_1,cyclic_4_1,unroll_4,unroll_2,pipeline_1,1,1.25,0.793840509522,False
workload_3613.cpp,xcu200-fsgd2104-2-e,5,198.550865,48,2,1,1,1,cyclic_4_1,cyclic_32_1,complete_1,unroll_2,unroll_2,pipeline_1,1,1.25,0.672165915254,False
workload_3874.cpp,xcu200-fsgd2104-2-e,5,28.076505,570,1,1,2,9,cyclic_4_1,cyclic_4_1,complete_1,unroll_2,pipeline_1,pipeline_1,1,3.25,0.990233242189,False
workload_4018.cpp,xcu200-fsgd2104-2-e,5,28.076505,657,1,1,2,9,cyclic_4_1,cyclic_4_1,complete_1,unroll_2,pipeline_1,unroll_64,1,3.25,0.990233242189,False
workload_3853.cpp,xcu200-fsgd2104-2-e,5,155.874545,41.5,1,1,1,1,cyclic_4_1,cyclic_4_1,complete_1,unroll_2,unroll_2,pipeline_1,2,1,0.785826966223,False
workload_4140.cpp,xcu200-fsgd2104-2-e,5,235.567065,285,1,1,1,6,cyclic_4_1,cyclic_4_1,complete_1,unroll_2,unroll_4,unroll_64,1,2.25,0.58131756575,False
workload_3535.cpp,xcu200-fsgd2104-2-e,5,266.538205,93,1,1,1,3,cyclic_4_1,cyclic_4_1,complete_1,unroll_4,unroll_8,pipeline_1,1,1.5,0.511421843031,False
workload_4044.cpp,xcu200-fsgd2104-2-e,5,179.73207,42,1,1,1,1,cyclic_4_1,cyclic_4_1,cyclic_2_1,unroll_2,unroll_2,unroll_2,1,1,0.720831827504,False
workload_3576.cpp,xcu200-fsgd2104-2-e,5,213.10047,100,3,1,1,2,cyclic_4_1,cyclic_64_1,cyclic_4_1,unroll_2,unroll_2,unroll_8,1,1.75,0.635835551211,False
workload_3956.cpp,xcu200-fsgd2104-2-e,5,28.251885,1950,2,1,5,17,cyclic_4_1,cyclic_8_1,complete_1,unroll_4,pipeline_1,pipeline_1,1,6.25,0.897593407388,False
workload_3621.cpp,xcu200-fsgd2104-2-e,5,346.461245,98,2,1,1,3,cyclic_4_1,cyclic_8_1,complete_1,unroll_4,unroll_8,pipeline_1,1,1.75,0.355951855243,False
workload_3599.cpp,xcu200-fsgd2104-2-e,5,267.03714,1832,3,1,7,24,cyclic_64_1,block_2_1,complete_1,unroll_17,unroll_8,pipeline_1,1,8.75,0.478118724356,False
workload_4115.cpp,xcu200-fsgd2104-2-e,5,28.39455,464,3,1,2,8,cyclic_64_1,block_2_1,complete_1,unroll_2,pipeline_1,unroll_64,1,3.5,0.980491635286,False
workload_3754.cpp,xcu200-fsgd2104-2-e,5,143.09811,310,3,3,3,5,cyclic_64_1,block_4_1,complete_1,unroll_2,unroll_2,unroll_64,1,3.5,0.810843451657,False
workload_3519.cpp,xcu200-fsgd2104-2-e,5,351.7937,2717.5,3,1,3,22,cyclic_64_1,cyclic_16_1,complete_1,unroll_17,unroll_8,pipeline_1,2,7.25,0.337019382056,False
workload_3634.cpp,xcu200-fsgd2104-2-e,5,165.083755,110,3,1,1,3,cyclic_64_1,cyclic_2_1,block_4_1,unroll_2,unroll_2,unroll_32,1,2,0.761098020181,False
workload_4071.cpp,xcu200-fsgd2104-2-e,5,147.778155,51,3,1,1,1,cyclic_8_1,block_2_1,block_4_1,unroll_2,unroll_2,unroll_4,1,1.5,0.808852747133,False
workload_4105.cpp,xcu200-fsgd2104-2-e,5,28.39455,461,3,1,2,8,cyclic_8_1,block_2_1,complete_1,unroll_2,pipeline_1,unroll_16,1,3.5,0.980491635286,False
workload_4107.cpp,xcu200-fsgd2104-2-e,5,28.39455,506,3,1,2,8,cyclic_8_1,block_2_1,complete_1,unroll_2,pipeline_1,unroll_64,1,3.5,0.980491635286,False
workload_3561.cpp,xcu200-fsgd2104-2-e,5,28.39455,486,3,1,2,8,cyclic_8_1,block_2_1,complete_1,unroll_2,pipeline_1,unroll_8,1,3.5,0.980491635286,False
workload_4039.cpp,xcu200-fsgd2104-2-e,5,144.20051,77,3,1,1,2,cyclic_8_1,block_2_1,complete_1,unroll_2,unroll_2,unroll_16,1,1.75,0.819684369285,False
workload_4047.cpp,xcu200-fsgd2104-2-e,5,143.49331,131,3,1,1,3,cyclic_8_1,block_2_1,complete_1,unroll_2,unroll_2,unroll_32,1,2,0.818297433768,False
workload_4008.cpp,xcu200-fsgd2104-2-e,5,143.13971,300,3,1,3,5,cyclic_8_1,block_2_1,complete_1,unroll_2,unroll_2,unroll_64,1,3,0.819725996896,False
workload_3924.cpp,xcu200-fsgd2104-2-e,5,145.28211,60,3,1,1,1,cyclic_8_1,block_2_1,complete_1,unroll_2,unroll_2,unroll_8,1,1.5,0.815967390175,False
workload_3716.cpp,xcu200-fsgd2104-2-e,5,28.393915,454,3,1,2,8,cyclic_8_1,block_2_1,cyclic_2_1,unroll_2,pipeline_1,pipeline_1,1,3.5,0.980491744351,False
workload_4049.cpp,xcu200-fsgd2104-2-e,5,28.393915,430,3,1,2,8,cyclic_8_1,block_2_1,cyclic_2_1,unroll_2,pipeline_1,unroll_16,1,3.5,0.980491744351,False
workload_4142.cpp,xcu200-fsgd2104-2-e,5,28.393915,461,3,1,2,8,cyclic_8_1,block_2_1,cyclic_2_1,unroll_2,pipeline_1,unroll_2,1,3.5,0.980491744351,False
workload_4085.cpp,xcu200-fsgd2104-2-e,5,28.393915,443,3,1,2,8,cyclic_8_1,block_2_1,cyclic_2_1,unroll_2,pipeline_1,unroll_8,1,3.5,0.980491744351,False
workload_4031.cpp,xcu200-fsgd2104-2-e,5,150.107755,43,3,1,1,1,cyclic_8_1,block_2_1,cyclic_2_1,unroll_2,unroll_2,unroll_2,1,1.5,0.802251532856,False
workload_3707.cpp,xcu200-fsgd2104-2-e,5,143.139755,287,3,3,3,5,cyclic_8_1,block_4_1,block_2_1,unroll_2,unroll_2,unroll_64,1,3.5,0.810781895998,False
workload_3761.cpp,xcu200-fsgd2104-2-e,5,28.405595,588,3,1,6,11,cyclic_8_1,block_4_1,block_4_1,unroll_2,pipeline_1,pipeline_1,1,5.25,0.923116400189,False
workload_3653.cpp,xcu200-fsgd2104-2-e,5,153.706235,47,3,1,1,1,cyclic_8_1,block_4_1,block_4_1,unroll_2,unroll_2,pipeline_1,1,1.5,0.792442301387,False
workload_3965.cpp,xcu200-fsgd2104-2-e,5,144.200555,87,3,1,1,2,cyclic_8_1,block_4_1,block_4_1,unroll_2,unroll_2,unroll_16,1,1.75,0.819684240158,False
workload_3636.cpp,xcu200-fsgd2104-2-e,5,143.139755,293,3,3,3,5,cyclic_8_1,block_4_1,block_4_1,unroll_2,unroll_2,unroll_64,1,3.5,0.810781895998,False
workload_3639.cpp,xcu200-fsgd2104-2-e,5,28.40555,532,3,1,6,11,cyclic_8_1,block_4_1,complete_1,unroll_2,pipeline_1,pipeline_1,1,5.25,0.923116469688,False
workload_3944.cpp,xcu200-fsgd2104-2-e,5,28.40555,599,3,1,6,11,cyclic_8_1,block_4_1,complete_1,unroll_2,pipeline_1,unroll_16,1,5.25,0.923116469688,False
workload_3939.cpp,xcu200-fsgd2104-2-e,5,28.40555,485,3,1,6,11,cyclic_8_1,block_4_1,complete_1,unroll_2,pipeline_1,unroll_4,1,5.25,0.923116469688,False
workload_3865.cpp,xcu200-fsgd2104-2-e,5,153.70615,47,3,1,1,1,cyclic_8_1,block_4_1,complete_1,unroll_2,unroll_2,pipeline_1,1,1.5,0.792442535046,False
workload_3894.cpp,xcu200-fsgd2104-2-e,5,144.20051,78,3,1,1,2,cyclic_8_1,block_4_1,complete_1,unroll_2,unroll_2,unroll_16,1,1.75,0.819684369285,False
workload_4099.cpp,xcu200-fsgd2104-2-e,5,143.49331,139,3,2,1,3,cyclic_8_1,block_4_1,complete_1,unroll_2,unroll_2,unroll_32,1,2.25,0.818694714292,False
workload_3832.cpp,xcu200-fsgd2104-2-e,5,145.28211,58,3,1,1,1,cyclic_8_1,block_4_1,complete_1,unroll_2,unroll_2,unroll_8,1,1.5,0.815967390175,False
workload_3724.cpp,xcu200-fsgd2104-2-e,5,143.15005,912,3,7,6,10,cyclic_8_1,block_4_1,complete_1,unroll_4,unroll_2,unroll_64,1,6.5,0.749274938194,False
workload_3862.cpp,xcu200-fsgd2104-2-e,5,150.107755,47,3,1,1,1,cyclic_8_1,block_4_1,cyclic_2_1,unroll_2,unroll_2,unroll_2,1,1.5,0.802251532856,False
workload_4051.cpp,xcu200-fsgd2104-2-e,5,28.405595,579,3,1,6,11,cyclic_8_1,block_4_1,cyclic_4_1,unroll_2,pipeline_1,unroll_4,1,5.25,0.923116400189,False
workload_3900.cpp,xcu200-fsgd2104-2-e,5,145.282155,61,3,1,1,1,cyclic_8_1,block_4_1,cyclic_4_1,unroll_2,unroll_2,unroll_8,1,1.5,0.815967261604,False
workload_3962.cpp,xcu200-fsgd2104-2-e,5,193.12731,55,3,1,1,1,cyclic_8_1,block_8_1,complete_1,unroll_2,unroll_2,unroll_4,1,1.5,0.686378179584,False
workload_4073.cpp,xcu200-fsgd2104-2-e,5,190.63131,60,3,1,1,1,cyclic_8_1,block_8_1,complete_1,unroll_2,unroll_2,unroll_8,1,1.5,0.692861994764,False
workload_3614.cpp,xcu200-fsgd2104-2-e,5,299.225835,54,3,1,1,1,cyclic_8_1,block_8_1,cyclic_2_1,unroll_2,unroll_4,pipeline_1,1,1.5,0.443399279187,False
workload_3476.cpp,xcu200-fsgd2104-2-e,5,211.431355,93,3,1,1,2,cyclic_8_1,cyclic_16_1,block_2_1,unroll_2,unroll_2,unroll_16,1,1.75,0.63997860606,False
workload_3625.cpp,xcu200-fsgd2104-2-e,5,299.046315,53,3,1,1,1,cyclic_8_1,cyclic_16_1,block_4_1,unroll_2,unroll_4,pipeline_1,1,1.5,0.44375617452,False
workload_3838.cpp,xcu200-fsgd2104-2-e,5,28.393915,477,3,1,2,8,cyclic_8_1,cyclic_2_1,block_2_1,unroll_2,pipeline_1,pipeline_1,1,3.5,0.980491744351,False
workload_3820.cpp,xcu200-fsgd2104-2-e,5,153.52935,43,3,1,1,1,cyclic_8_1,cyclic_2_1,complete_1,unroll_2,unroll_2,pipeline_1,1,1.5,0.792928437068,False
workload_3585.cpp,xcu200-fsgd2104-2-e,5,299.046315,70,3,1,1,1,cyclic_8_1,cyclic_32_1,cyclic_2_1,unroll_2,unroll_4,pipeline_1,1,1.5,0.44375617452,False
workload_3056.cpp,xcu200-fsgd2104-2-e,10,292.22534,346,6,3,1,3,block_128_1,block_4_1,complete_1,unroll_2,unroll_2,unroll_4,1,3.25,0.765964615315,False
workload_2806.cpp,xcu200-fsgd2104-2-e,10,379.26303,1531,7,7,1,7,block_128_1,cyclic_64_1,block_2_1,unroll_2,unroll_2,unroll_8,1,5.5,0.646104231008,False
workload_2878.cpp,xcu200-fsgd2104-2-e,10,677.90799,326,7,3,6,15,block_128_1,cyclic_64_1,block_2_1,unroll_2,unroll_8,pipeline_1,1,7.75,0.341618007792,False
workload_2882.cpp,xcu200-fsgd2104-2-e,10,390.91099,490,7,3,1,4,block_128_1,cyclic_64_1,cyclic_4_1,unroll_4,unroll_2,unroll_2,1,3.75,0.654482217525,False
workload_2903.cpp,xcu200-fsgd2104-2-e,10,287.08789,138,5,7,13,22,block_16_1,block_4_1,block_4_1,unroll_17,unroll_2,pipeline_1,1,11.75,0.583941101243,False
workload_2783.cpp,xcu200-fsgd2104-2-e,10,890.9031,339,6,14,25,45,block_16_1,cyclic_16_1,complete_1,unroll_2,unroll_32,pipeline_1,1,22.5,0.136866992072,False
workload_2953.cpp,xcu200-fsgd2104-2-e,10,377.78629,155,6,7,12,22,block_16_1,cyclic_16_1,cyclic_4_1,unroll_17,unroll_2,pipeline_1,1,11.75,0.533040808758,False
workload_2755.cpp,xcu200-fsgd2104-2-e,10,890.90319,642,6,14,25,47,block_16_1,cyclic_32_1,cyclic_2_1,unroll_2,unroll_32,pipeline_1,1,23,0.134575140191,False
workload_2776.cpp,xcu200-fsgd2104-2-e,10,523.97503,84,5,3,6,11,block_16_1,cyclic_4_1,block_2_1,unroll_2,unroll_8,pipeline_1,1,6.25,0.489317439273,False
workload_2825.cpp,xcu200-fsgd2104-2-e,10,677.90799,179,7,3,6,13,block_16_1,cyclic_64_1,block_2_1,unroll_2,unroll_8,pipeline_1,1,7.25,0.344449654953,False
workload_3358.cpp,xcu200-fsgd2104-2-e,10,14.62526,1459,1,1,10,22,block_2_1,block_128_1,block_2_1,unroll_2,pipeline_1,unroll_2,1,8.5,0.883713757056,False
workload_3214.cpp,xcu200-fsgd2104-2-e,10,14.62517,1454,1,1,10,22,block_2_1,block_128_1,complete_1,unroll_2,pipeline_1,pipeline_1,1,8.5,0.883713749016,False
workload_3330.cpp,xcu200-fsgd2104-2-e,10,14.62517,1508,1,1,10,22,block_2_1,block_128_1,complete_1,unroll_2,pipeline_1,unroll_2,1,8.5,0.883713749016,False
workload_3299.cpp,xcu200-fsgd2104-2-e,10,14.62517,1619,1,1,10,22,block_2_1,block_128_1,complete_1,unroll_2,pipeline_1,unroll_32,1,8.5,0.883713749016,False
workload_3357.cpp,xcu200-fsgd2104-2-e,10,14.62517,1448,1,1,10,22,block_2_1,block_128_1,complete_1,unroll_2,pipeline_1,unroll_4,1,8.5,0.883713749016,False
workload_3394.cpp,xcu200-fsgd2104-2-e,10,14.62517,1305,1,1,10,22,block_2_1,block_128_1,complete_1,unroll_2,pipeline_1,unroll_64,1,8.5,0.883713749016,False
workload_3395.cpp,xcu200-fsgd2104-2-e,10,14.62517,1314,1,1,10,22,block_2_1,block_128_1,complete_1,unroll_2,pipeline_1,unroll_8,1,8.5,0.883713749016,False
workload_3317.cpp,xcu200-fsgd2104-2-e,10,377.13081,155,1,1,3,8,block_2_1,block_128_1,complete_1,unroll_4,unroll_2,pipeline_1,1,3.25,0.675112556537,False
workload_3301.cpp,xcu200-fsgd2104-2-e,10,14.6239,1441.5,1,1,10,22,block_2_1,block_128_1,cyclic_2_1,unroll_2,pipeline_1,pipeline_1,2,8.5,0.883713635518,False
workload_3001.cpp,xcu200-fsgd2104-2-e,10,14.27302,1092.5,1,1,3,14,block_2_1,block_2_1,block_2_1,unroll_2,pipeline_1,pipeline_1,2,4.75,0.961912667491,False
workload_3108.cpp,xcu200-fsgd2104-2-e,10,14.27302,1214,1,1,3,14,block_2_1,block_2_1,block_2_1,unroll_2,pipeline_1,unroll_8,1,4.75,0.961912667491,False
workload_2946.cpp,xcu200-fsgd2104-2-e,10,286.43262,44,1,1,1,3,block_2_1,block_2_1,block_2_1,unroll_2,unroll_2,pipeline_1,1,1.5,0.798673970608,False
workload_2887.cpp,xcu200-fsgd2104-2-e,10,14.27366,2993,1,1,7,27,block_2_1,block_2_1,block_2_1,unroll_4,pipeline_1,unroll_4,1,9,0.883773245357,False
workload_3237.cpp,xcu200-fsgd2104-2-e,10,14.27302,1168,1,1,3,14,block_2_1,block_2_1,block_4_1,unroll_2,pipeline_1,pipeline_1,1,4.75,0.961912667491,False
workload_3266.cpp,xcu200-fsgd2104-2-e,10,14.27302,1183,1,1,3,14,block_2_1,block_2_1,block_4_1,unroll_2,pipeline_1,unroll_8,1,4.75,0.961912667491,False
workload_3038.cpp,xcu200-fsgd2104-2-e,10,14.27293,1057,1,1,3,14,block_2_1,block_2_1,complete_1,unroll_2,pipeline_1,pipeline_1,3,4.75,0.961912707706,False
workload_3327.cpp,xcu200-fsgd2104-2-e,10,14.27293,1185,1,1,3,14,block_2_1,block_2_1,complete_1,unroll_2,pipeline_1,unroll_2,1,4.75,0.961912707706,False
workload_3175.cpp,xcu200-fsgd2104-2-e,10,14.27293,1077.5,1,1,3,14,block_2_1,block_2_1,complete_1,unroll_2,pipeline_1,unroll_4,2,4.75,0.961912707706,False
workload_3270.cpp,xcu200-fsgd2104-2-e,10,14.27293,1137.5,1,1,3,14,block_2_1,block_2_1,complete_1,unroll_2,pipeline_1,unroll_64,2,4.75,0.961912707706,False
workload_3206.cpp,xcu200-fsgd2104-2-e,10,14.27293,1090.5,1,1,3,14,block_2_1,block_2_1,complete_1,unroll_2,pipeline_1,unroll_8,2,4.75,0.961912707706,False
workload_2914.cpp,xcu200-fsgd2104-2-e,10,286.41157,123,1,1,3,4,block_2_1,block_2_1,complete_1,unroll_2,unroll_2,unroll_16,1,2.25,0.787096016355,False
workload_2938.cpp,xcu200-fsgd2104-2-e,10,288.24197,73,1,1,1,2,block_2_1,block_2_1,complete_1,unroll_2,unroll_2,unroll_8,1,1.25,0.800599441955,False
workload_2899.cpp,xcu200-fsgd2104-2-e,10,512.17845,68,1,1,6,11,block_2_1,block_2_1,complete_1,unroll_2,unroll_8,pipeline_1,1,4.75,0.51234173644,False
workload_3117.cpp,xcu200-fsgd2104-2-e,10,14.27349,3087,1,1,7,27,block_2_1,block_2_1,complete_1,unroll_4,pipeline_1,pipeline_1,3,9,0.88377335513,False
workload_2850.cpp,xcu200-fsgd2104-2-e,10,14.27349,3107,1,1,7,27,block_2_1,block_2_1,complete_1,unroll_4,pipeline_1,unroll_4,2,9,0.88377335513,False
workload_3007.cpp,xcu200-fsgd2104-2-e,10,14.27349,2999,1,1,7,27,block_2_1,block_2_1,complete_1,unroll_4,pipeline_1,unroll_8,2,9,0.88377335513,False
workload_3068.cpp,xcu200-fsgd2104-2-e,10,286.43241,53,1,1,3,5,block_2_1,block_2_1,complete_1,unroll_4,unroll_2,pipeline_1,1,2.5,0.783020792573,False
workload_2951.cpp,xcu200-fsgd2104-2-e,10,286.66105,266,1,1,6,9,block_2_1,block_2_1,complete_1,unroll_4,unroll_2,unroll_16,1,4.25,0.751862721945,False
workload_2939.cpp,xcu200-fsgd2104-2-e,10,292.23545,76,1,1,1,3,block_2_1,block_2_1,complete_1,unroll_4,unroll_2,unroll_4,1,1.5,0.793304502425,False
workload_3136.cpp,xcu200-fsgd2104-2-e,10,300.55556,175,1,1,3,6,block_2_1,block_2_1,cyclic_2_1,unroll_17,unroll_2,unroll_2,1,2.75,0.767207096874,False
workload_3081.cpp,xcu200-fsgd2104-2-e,10,14.27166,1151,1,1,3,14,block_2_1,block_2_1,cyclic_2_1,unroll_2,pipeline_1,pipeline_1,3,4.75,1,True
workload_3042.cpp,xcu200-fsgd2104-2-e,10,14.27166,1089.5,1,1,3,14,block_2_1,block_2_1,cyclic_2_1,unroll_2,pipeline_1,unroll_2,2,4.75,1,True
workload_3428.cpp,xcu200-fsgd2104-2-e,10,14.27166,1046.5,1,1,3,14,block_2_1,block_2_1,cyclic_2_1,unroll_2,pipeline_1,unroll_32,2,4.75,1,True
workload_3003.cpp,xcu200-fsgd2104-2-e,10,14.27166,1063,1,1,3,14,block_2_1,block_2_1,cyclic_2_1,unroll_2,pipeline_1,unroll_4,2,4.75,1,True
workload_3230.cpp,xcu200-fsgd2104-2-e,10,14.27166,1182,1,1,3,14,block_2_1,block_2_1,cyclic_2_1,unroll_2,pipeline_1,unroll_64,1,4.75,1,True
workload_2969.cpp,xcu200-fsgd2104-2-e,10,14.27166,1075.5,1,1,3,14,block_2_1,block_2_1,cyclic_2_1,unroll_2,pipeline_1,unroll_8,2,4.75,1,True
workload_3089.cpp,xcu200-fsgd2104-2-e,10,286.43262,45,1,1,1,3,block_2_1,block_2_1,cyclic_2_1,unroll_2,unroll_2,pipeline_1,1,1.5,0.798673970608,False
workload_3058.cpp,xcu200-fsgd2104-2-e,10,291.57006,57,1,1,1,1,block_2_1,block_2_1,cyclic_2_1,unroll_2,unroll_2,unroll_4,1,1,0.797804908029,False
workload_3018.cpp,xcu200-fsgd2104-2-e,10,288.24206,74,1,1,1,2,block_2_1,block_2_1,cyclic_2_1,unroll_2,unroll_2,unroll_8,1,1.25,0.800599349789,False
workload_3082.cpp,xcu200-fsgd2104-2-e,10,14.27162,2979,1,1,7,27,block_2_1,block_2_1,cyclic_2_1,unroll_4,pipeline_1,pipeline_1,1,9,0.883774562622,False
workload_3272.cpp,xcu200-fsgd2104-2-e,10,14.27162,3145,1,1,7,27,block_2_1,block_2_1,cyclic_2_1,unroll_4,pipeline_1,unroll_2,1,9,0.883774562622,False
workload_3274.cpp,xcu200-fsgd2104-2-e,10,14.27162,3461,1,1,7,27,block_2_1,block_2_1,cyclic_2_1,unroll_4,pipeline_1,unroll_4,1,9,0.883774562622,False
workload_3431.cpp,xcu200-fsgd2104-2-e,10,14.27162,3076,1,1,7,27,block_2_1,block_2_1,cyclic_2_1,unroll_4,pipeline_1,unroll_8,1,9,0.883774562622,False
workload_3402.cpp,xcu200-fsgd2104-2-e,10,286.43258,53,1,1,3,5,block_2_1,block_2_1,cyclic_2_1,unroll_4,unroll_2,pipeline_1,1,2.5,0.783020669363,False
workload_2949.cpp,xcu200-fsgd2104-2-e,10,286.43252,112,1,1,13,22,block_2_1,block_2_1,cyclic_4_1,unroll_17,unroll_2,pipeline_1,1,9.25,0.643898079388,False
workload_2958.cpp,xcu200-fsgd2104-2-e,10,292.73476,385,1,1,6,10,block_2_1,block_2_1,cyclic_4_1,unroll_17,unroll_2,unroll_4,1,4.5,0.742777942578,False
workload_3069.cpp,xcu200-fsgd2104-2-e,10,14.27302,1118,1,1,3,14,block_2_1,block_2_1,cyclic_4_1,unroll_2,pipeline_1,pipeline_1,2,4.75,0.961912667491,False
workload_3371.cpp,xcu200-fsgd2104-2-e,10,14.27302,1046,1,1,3,14,block_2_1,block_2_1,cyclic_4_1,unroll_2,pipeline_1,unroll_8,2,4.75,0.961912667491,False
workload_2913.cpp,xcu200-fsgd2104-2-e,10,286.43262,46,1,1,1,3,block_2_1,block_4_1,block_2_1,unroll_2,unroll_2,pipeline_1,1,1.5,0.798673970608,False
workload_3048.cpp,xcu200-fsgd2104-2-e,10,14.27434,3140,1,1,14,34,block_2_1,block_4_1,block_2_1,unroll_4,pipeline_1,pipeline_1,1,12.5,0.75984167455,False
workload_3006.cpp,xcu200-fsgd2104-2-e,10,14.27438,1259,1,1,7,18,block_2_1,block_4_1,block_4_1,unroll_2,pipeline_1,unroll_64,2,6.75,0.89242787672,False
workload_3144.cpp,xcu200-fsgd2104-2-e,10,14.27429,1189,1,1,7,18,block_2_1,block_4_1,complete_1,unroll_2,pipeline_1,pipeline_1,2,6.75,0.892427861966,False
workload_3043.cpp,xcu200-fsgd2104-2-e,10,14.27429,1231,1,1,7,18,block_2_1,block_4_1,complete_1,unroll_2,pipeline_1,unroll_64,1,6.75,0.892427861966,False
workload_3022.cpp,xcu200-fsgd2104-2-e,10,286.43245,42,1,1,1,3,block_2_1,block_4_1,complete_1,unroll_2,unroll_2,pipeline_1,1,1.5,0.798674103036,False
workload_3193.cpp,xcu200-fsgd2104-2-e,10,291.56997,58,1,1,1,1,block_2_1,block_4_1,complete_1,unroll_2,unroll_2,unroll_4,1,1,0.797805034117,False
workload_3161.cpp,xcu200-fsgd2104-2-e,10,288.24197,73,1,1,1,2,block_2_1,block_4_1,complete_1,unroll_2,unroll_2,unroll_8,1,1.25,0.800599441955,False
workload_2937.cpp,xcu200-fsgd2104-2-e,10,512.17845,64,1,1,6,11,block_2_1,block_4_1,complete_1,unroll_2,unroll_8,pipeline_1,1,4.75,0.51234173644,False
workload_3050.cpp,xcu200-fsgd2104-2-e,10,14.27417,3066,1,1,14,34,block_2_1,block_4_1,complete_1,unroll_4,pipeline_1,unroll_8,1,12.5,0.759841664306,False
workload_2975.cpp,xcu200-fsgd2104-2-e,10,286.43241,50,1,1,3,5,block_2_1,block_4_1,complete_1,unroll_4,unroll_2,pipeline_1,1,2.5,0.783020792573,False
workload_2826.cpp,xcu200-fsgd2104-2-e,10,292.23545,86,1,1,1,3,block_2_1,block_4_1,complete_1,unroll_4,unroll_2,unroll_4,1,1.5,0.793304502425,False
workload_3145.cpp,xcu200-fsgd2104-2-e,10,14.27302,1275.5,1,1,7,18,block_2_1,block_4_1,cyclic_2_1,unroll_2,pipeline_1,unroll_2,2,6.75,0.892427653758,False
workload_3044.cpp,xcu200-fsgd2104-2-e,10,14.27302,1189.5,1,1,7,18,block_2_1,block_4_1,cyclic_2_1,unroll_2,pipeline_1,unroll_4,2,6.75,0.892427653758,False
workload_3004.cpp,xcu200-fsgd2104-2-e,10,14.27302,1210,1,1,7,18,block_2_1,block_4_1,cyclic_2_1,unroll_2,pipeline_1,unroll_8,2,6.75,0.892427653758,False
workload_3029.cpp,xcu200-fsgd2104-2-e,10,291.57006,56,1,1,1,1,block_2_1,block_4_1,cyclic_2_1,unroll_2,unroll_2,unroll_4,1,1,0.797804908029,False
workload_2955.cpp,xcu200-fsgd2104-2-e,10,288.24206,75,1,1,1,2,block_2_1,block_4_1,cyclic_2_1,unroll_2,unroll_2,unroll_8,1,1.25,0.800599349789,False
workload_3049.cpp,xcu200-fsgd2104-2-e,10,14.2723,3147,1,1,14,34,block_2_1,block_4_1,cyclic_2_1,unroll_4,pipeline_1,pipeline_1,1,12.5,0.759841551598,False
workload_2906.cpp,xcu200-fsgd2104-2-e,10,286.43252,115,1,1,13,22,block_2_1,block_4_1,cyclic_4_1,unroll_17,unroll_2,pipeline_1,1,9.25,0.643898079388,False
workload_3033.cpp,xcu200-fsgd2104-2-e,10,300.55556,181,1,1,3,6,block_2_1,block_4_1,cyclic_4_1,unroll_17,unroll_2,unroll_2,1,2.75,0.767207096874,False
workload_2919.cpp,xcu200-fsgd2104-2-e,10,428.38452,195,1,1,27,43,block_2_1,block_4_1,cyclic_4_1,unroll_17,unroll_4,pipeline_1,1,18,0.383053788627,False
workload_3176.cpp,xcu200-fsgd2104-2-e,10,14.27438,1171,1,1,7,18,block_2_1,block_4_1,cyclic_4_1,unroll_2,pipeline_1,pipeline_1,1,6.75,0.89242787672,False
workload_2970.cpp,xcu200-fsgd2104-2-e,10,14.27438,1062,1,1,7,18,block_2_1,block_4_1,cyclic_4_1,unroll_2,pipeline_1,unroll_64,1,6.75,0.89242787672,False
workload_2992.cpp,xcu200-fsgd2104-2-e,10,286.43262,45,1,1,1,3,block_2_1,block_4_1,cyclic_4_1,unroll_2,unroll_2,pipeline_1,1,1.5,0.798673970608,False
workload_3035.cpp,xcu200-fsgd2104-2-e,10,285.20526,981,1,3,12,17,block_2_1,block_4_1,cyclic_4_1,unroll_2,unroll_2,unroll_64,1,8.25,0.667857326827,False
workload_2915.cpp,xcu200-fsgd2104-2-e,10,288.24206,76,1,1,1,2,block_2_1,block_4_1,cyclic_4_1,unroll_2,unroll_2,unroll_8,1,1.25,0.800599349789,False
workload_3448.cpp,xcu200-fsgd2104-2-e,10,14.6239,1220,2,1,10,21,block_2_1,block_64_1,cyclic_2_1,unroll_2,pipeline_1,pipeline_1,1,8.5,0.883713635518,False
workload_3076.cpp,xcu200-fsgd2104-2-e,10,14.62517,1252,1,1,9,19,block_2_1,block_8_1,complete_1,unroll_2,pipeline_1,pipeline_1,1,7.5,0.883468494614,False
workload_3271.cpp,xcu200-fsgd2104-2-e,10,14.65341,3059,1,1,6,37,block_2_1,cyclic_16_1,complete_1,unroll_2,pipeline_1,unroll_2,1,11.25,0.802941911556,False
workload_2868.cpp,xcu200-fsgd2104-2-e,10,378.94046,87,1,1,1,2,block_2_1,cyclic_16_1,cyclic_2_1,unroll_2,unroll_2,unroll_8,1,1.25,0.680916104921,False
workload_3109.cpp,xcu200-fsgd2104-2-e,10,14.27166,1160.5,1,1,3,15,block_2_1,cyclic_2_1,block_2_1,unroll_2,pipeline_1,pipeline_1,2,5,0.957485616878,False
workload_3178.cpp,xcu200-fsgd2104-2-e,10,14.27166,1091,1,1,3,15,block_2_1,cyclic_2_1,block_2_1,unroll_2,pipeline_1,unroll_4,2,5,0.957485616878,False
workload_3373.cpp,xcu200-fsgd2104-2-e,10,14.27166,1171,1,1,3,15,block_2_1,cyclic_2_1,block_2_1,unroll_2,pipeline_1,unroll_64,1,5,0.957485616878,False
workload_2968.cpp,xcu200-fsgd2104-2-e,10,14.27166,982,1,1,3,15,block_2_1,cyclic_2_1,block_2_1,unroll_2,pipeline_1,unroll_8,1,5,0.957485616878,False
workload_3021.cpp,xcu200-fsgd2104-2-e,10,286.43262,42,1,1,1,2,block_2_1,cyclic_2_1,block_2_1,unroll_2,unroll_2,pipeline_1,1,1.25,0.802306607927,False
workload_2978.cpp,xcu200-fsgd2104-2-e,10,288.24206,70,1,1,1,2,block_2_1,cyclic_2_1,block_2_1,unroll_2,unroll_2,unroll_8,1,1.25,0.800599349789,False
workload_3013.cpp,xcu200-fsgd2104-2-e,10,298.22606,45,1,1,1,1,block_2_1,cyclic_2_1,block_4_1,unroll_2,unroll_2,unroll_2,1,1,0.788509055095,False
workload_3404.cpp,xcu200-fsgd2104-2-e,10,286.43235,93,1,1,12,20,block_2_1,cyclic_2_1,complete_1,unroll_17,unroll_2,pipeline_1,1,8.5,0.66139460471,False
workload_3318.cpp,xcu200-fsgd2104-2-e,10,300.55539,157,1,1,3,5,block_2_1,cyclic_2_1,complete_1,unroll_17,unroll_2,unroll_2,1,2.5,0.771047889946,False
workload_3002.cpp,xcu200-fsgd2104-2-e,10,14.27157,1170,1,1,3,15,block_2_1,cyclic_2_1,complete_1,unroll_2,pipeline_1,pipeline_1,4,5,1,True
workload_3229.cpp,xcu200-fsgd2104-2-e,10,14.27157,1168.5,1,1,3,15,block_2_1,cyclic_2_1,complete_1,unroll_2,pipeline_1,unroll_16,2,5,1,True
workload_3107.cpp,xcu200-fsgd2104-2-e,10,14.27157,1219.5,1,1,3,15,block_2_1,cyclic_2_1,complete_1,unroll_2,pipeline_1,unroll_2,2,5,1,True
workload_3262.cpp,xcu200-fsgd2104-2-e,10,14.27157,1063,1,1,3,15,block_2_1,cyclic_2_1,complete_1,unroll_2,pipeline_1,unroll_32,2,5,1,True
workload_3140.cpp,xcu200-fsgd2104-2-e,10,14.27157,1121,1,1,3,15,block_2_1,cyclic_2_1,complete_1,unroll_2,pipeline_1,unroll_4,2,5,1,True
workload_3142.cpp,xcu200-fsgd2104-2-e,10,14.27157,1197.5,1,1,3,15,block_2_1,cyclic_2_1,complete_1,unroll_2,pipeline_1,unroll_64,2,5,1,True
workload_3041.cpp,xcu200-fsgd2104-2-e,10,14.27157,1142.5,1,1,3,15,block_2_1,cyclic_2_1,complete_1,unroll_2,pipeline_1,unroll_8,2,5,1,True
workload_3158.cpp,xcu200-fsgd2104-2-e,10,286.43245,43,1,1,1,2,block_2_1,cyclic_2_1,complete_1,unroll_2,unroll_2,pipeline_1,1,1.25,0.802306753255,False
workload_3284.cpp,xcu200-fsgd2104-2-e,10,291.56997,48,1,1,1,1,block_2_1,cyclic_2_1,complete_1,unroll_2,unroll_2,unroll_4,1,1,0.797805034117,False
workload_3194.cpp,xcu200-fsgd2104-2-e,10,288.24197,68,1,1,1,2,block_2_1,cyclic_2_1,complete_1,unroll_2,unroll_2,unroll_8,1,1.25,0.800599441955,False
workload_2923.cpp,xcu200-fsgd2104-2-e,10,14.27145,3182,1,1,7,27,block_2_1,cyclic_2_1,complete_1,unroll_4,pipeline_1,pipeline_1,4,9,1,True
workload_3413.cpp,xcu200-fsgd2104-2-e,10,14.27145,2869,1,1,7,27,block_2_1,cyclic_2_1,complete_1,unroll_4,pipeline_1,unroll_16,1,9,1,True
workload_3360.cpp,xcu200-fsgd2104-2-e,10,14.27145,3021,1,1,7,27,block_2_1,cyclic_2_1,complete_1,unroll_4,pipeline_1,unroll_32,2,9,1,True
workload_3118.cpp,xcu200-fsgd2104-2-e,10,14.27145,2985,1,1,7,27,block_2_1,cyclic_2_1,complete_1,unroll_4,pipeline_1,unroll_4,1,9,1,True
workload_3243.cpp,xcu200-fsgd2104-2-e,10,14.27145,3187,1,1,7,27,block_2_1,cyclic_2_1,complete_1,unroll_4,pipeline_1,unroll_64,1,9,1,True
workload_3152.cpp,xcu200-fsgd2104-2-e,10,14.27145,3043.5,1,1,7,27,block_2_1,cyclic_2_1,complete_1,unroll_4,pipeline_1,unroll_8,2,9,1,True
workload_2866.cpp,xcu200-fsgd2104-2-e,10,286.43241,54,1,1,3,5,block_2_1,cyclic_2_1,complete_1,unroll_4,unroll_2,pipeline_1,1,2.5,0.783020792573,False
workload_3384.cpp,xcu200-fsgd2104-2-e,10,288.57465,110,1,1,2,4,block_2_1,cyclic_2_1,complete_1,unroll_4,unroll_2,unroll_8,1,2,0.789396843709,False
workload_3285.cpp,xcu200-fsgd2104-2-e,10,439.19785,58,1,1,6,11,block_2_1,cyclic_2_1,complete_1,unroll_4,unroll_4,pipeline_1,1,4.75,0.590779183102,False
workload_3045.cpp,xcu200-fsgd2104-2-e,10,14.27166,1173.5,1,1,3,15,block_2_1,cyclic_2_1,cyclic_2_1,unroll_2,pipeline_1,pipeline_1,4,5,0.957485616878,False
workload_3073.cpp,xcu200-fsgd2104-2-e,10,14.27166,1163,1,1,3,15,block_2_1,cyclic_2_1,cyclic_2_1,unroll_2,pipeline_1,unroll_16,1,5,0.957485616878,False
workload_3411.cpp,xcu200-fsgd2104-2-e,10,14.27166,977,1,1,3,15,block_2_1,cyclic_2_1,cyclic_2_1,unroll_2,pipeline_1,unroll_32,1,5,0.957485616878,False
workload_3071.cpp,xcu200-fsgd2104-2-e,10,14.27166,1153,1,1,3,15,block_2_1,cyclic_2_1,cyclic_2_1,unroll_2,pipeline_1,unroll_4,1,5,0.957485616878,False
workload_3111.cpp,xcu200-fsgd2104-2-e,10,14.27166,1154,1,1,3,15,block_2_1,cyclic_2_1,cyclic_2_1,unroll_2,pipeline_1,unroll_8,2,5,0.957485616878,False
workload_3376.cpp,xcu200-fsgd2104-2-e,10,14.27162,3020.5,1,1,7,27,block_2_1,cyclic_2_1,cyclic_2_1,unroll_4,pipeline_1,pipeline_1,2,9,0.883774562622,False
workload_3240.cpp,xcu200-fsgd2104-2-e,10,14.27162,3172,1,1,7,27,block_2_1,cyclic_2_1,cyclic_2_1,unroll_4,pipeline_1,unroll_8,1,9,0.883774562622,False
workload_2956.cpp,xcu200-fsgd2104-2-e,10,292.73476,342,1,1,5,8,block_2_1,cyclic_2_1,cyclic_4_1,unroll_17,unroll_2,unroll_4,1,3.75,0.756719010147,False
workload_3039.cpp,xcu200-fsgd2104-2-e,10,14.27166,1105,1,1,3,15,block_2_1,cyclic_2_1,cyclic_4_1,unroll_2,pipeline_1,pipeline_1,1,5,0.957485616878,False
workload_2980.cpp,xcu200-fsgd2104-2-e,10,286.43262,42,1,1,1,2,block_2_1,cyclic_2_1,cyclic_4_1,unroll_2,unroll_2,pipeline_1,1,1.25,0.802306607927,False
workload_2940.cpp,xcu200-fsgd2104-2-e,10,286.43258,54,1,1,3,5,block_2_1,cyclic_2_1,cyclic_4_1,unroll_4,unroll_2,pipeline_1,1,2.5,0.783020669363,False
workload_2911.cpp,xcu200-fsgd2104-2-e,10,387.78062,53,1,1,1,3,block_2_1,cyclic_32_1,block_2_1,unroll_2,unroll_2,pipeline_1,1,1.5,0.669715151208,False
workload_2775.cpp,xcu200-fsgd2104-2-e,10,378.94046,110,1,1,1,3,block_2_1,cyclic_32_1,block_2_1,unroll_2,unroll_2,unroll_8,1,1.5,0.68098705676,False
workload_2905.cpp,xcu200-fsgd2104-2-e,10,568.54206,177,1,1,2,6,block_2_1,cyclic_32_1,block_2_1,unroll_2,unroll_4,unroll_8,1,2.5,0.462267904792,False
workload_2869.cpp,xcu200-fsgd2104-2-e,10,387.78052,207,1,1,12,23,block_2_1,cyclic_32_1,cyclic_2_1,unroll_17,unroll_2,pipeline_1,1,9.25,0.574829502812,False
workload_2812.cpp,xcu200-fsgd2104-2-e,10,387.78062,49,1,1,1,3,block_2_1,cyclic_32_1,cyclic_2_1,unroll_2,unroll_2,pipeline_1,1,1.5,0.669715151208,False
workload_2912.cpp,xcu200-fsgd2104-2-e,10,378.94046,99,1,1,1,3,block_2_1,cyclic_32_1,cyclic_2_1,unroll_2,unroll_2,unroll_8,1,1.5,0.68098705676,False
workload_2694.cpp,xcu200-fsgd2104-2-e,10,890.24782,519,1,1,25,46,block_2_1,cyclic_32_1,cyclic_2_1,unroll_2,unroll_32,pipeline_1,1,18.25,0.157572135029,False
workload_2752.cpp,xcu200-fsgd2104-2-e,10,677.25262,98,1,1,6,11,block_2_1,cyclic_32_1,cyclic_2_1,unroll_2,unroll_8,pipeline_1,1,4.75,0.355822063309,False
workload_2950.cpp,xcu200-fsgd2104-2-e,10,378.94046,99,1,1,1,3,block_2_1,cyclic_32_1,cyclic_4_1,unroll_2,unroll_2,unroll_8,1,1.5,0.68098705676,False
workload_2867.cpp,xcu200-fsgd2104-2-e,10,568.54206,177,1,1,2,6,block_2_1,cyclic_32_1,cyclic_4_1,unroll_2,unroll_4,unroll_8,1,2.5,0.462267904792,False
workload_3080.cpp,xcu200-fsgd2104-2-e,10,14.27166,1435,1,1,4,15,block_2_1,cyclic_4_1,block_2_1,unroll_2,pipeline_1,pipeline_1,2,5.25,0.948161767699,False
workload_3148.cpp,xcu200-fsgd2104-2-e,10,14.27166,1451,1,1,4,15,block_2_1,cyclic_4_1,block_2_1,unroll_2,pipeline_1,unroll_16,1,5.25,0.948161767699,False
workload_2824.cpp,xcu200-fsgd2104-2-e,10,288.24206,78,1,1,1,2,block_2_1,cyclic_4_1,block_2_1,unroll_2,unroll_2,unroll_8,1,1.25,0.800599349789,False
workload_3017.cpp,xcu200-fsgd2104-2-e,10,288.24206,74,1,1,1,2,block_2_1,cyclic_4_1,block_4_1,unroll_2,unroll_2,unroll_8,1,1.25,0.800599349789,False
workload_3112.cpp,xcu200-fsgd2104-2-e,10,14.27157,1345.5,1,1,4,15,block_2_1,cyclic_4_1,complete_1,unroll_2,pipeline_1,pipeline_1,4,5.25,0.948161743259,False
workload_3295.cpp,xcu200-fsgd2104-2-e,10,14.27157,1270,1,1,4,15,block_2_1,cyclic_4_1,complete_1,unroll_2,pipeline_1,unroll_16,2,5.25,0.948161743259,False
workload_3212.cpp,xcu200-fsgd2104-2-e,10,14.27157,1357,1,1,4,15,block_2_1,cyclic_4_1,complete_1,unroll_2,pipeline_1,unroll_2,2,5.25,0.948161743259,False
workload_3412.cpp,xcu200-fsgd2104-2-e,10,14.27157,1108,1,1,4,15,block_2_1,cyclic_4_1,complete_1,unroll_2,pipeline_1,unroll_32,1,5.25,0.948161743259,False
workload_3263.cpp,xcu200-fsgd2104-2-e,10,14.27157,1379.5,1,1,4,15,block_2_1,cyclic_4_1,complete_1,unroll_2,pipeline_1,unroll_4,2,5.25,0.948161743259,False
workload_3298.cpp,xcu200-fsgd2104-2-e,10,14.27157,1388,1,1,4,15,block_2_1,cyclic_4_1,complete_1,unroll_2,pipeline_1,unroll_64,2,5.25,0.948161743259,False
workload_3147.cpp,xcu200-fsgd2104-2-e,10,14.27157,1400,1,1,4,15,block_2_1,cyclic_4_1,complete_1,unroll_2,pipeline_1,unroll_8,2,5.25,0.948161743259,False
workload_3314.cpp,xcu200-fsgd2104-2-e,10,286.43245,48,1,1,1,2,block_2_1,cyclic_4_1,complete_1,unroll_2,unroll_2,pipeline_1,1,1.25,0.802306753255,False
workload_3340.cpp,xcu200-fsgd2104-2-e,10,298.22597,42,1,1,1,1,block_2_1,cyclic_4_1,complete_1,unroll_2,unroll_2,unroll_2,1,1,0.788509180396,False
workload_3440.cpp,xcu200-fsgd2104-2-e,10,285.57957,268,1,1,5,7,block_2_1,cyclic_4_1,complete_1,unroll_2,unroll_2,unroll_32,1,3.5,0.766444029433,False
workload_3160.cpp,xcu200-fsgd2104-2-e,10,291.56997,54,1,1,1,1,block_2_1,cyclic_4_1,complete_1,unroll_2,unroll_2,unroll_4,1,1,0.797805034117,False
workload_3232.cpp,xcu200-fsgd2104-2-e,10,288.24197,70,1,1,1,2,block_2_1,cyclic_4_1,complete_1,unroll_2,unroll_2,unroll_8,1,1.25,0.800599441955,False
workload_3315.cpp,xcu200-fsgd2104-2-e,10,441.73221,59,1,1,1,1,block_2_1,cyclic_4_1,complete_1,unroll_2,unroll_4,unroll_2,1,1,0.602694679482,False
workload_3216.cpp,xcu200-fsgd2104-2-e,10,14.27145,3280,1,1,7,28,block_2_1,cyclic_4_1,complete_1,unroll_4,pipeline_1,pipeline_1,4,9.25,0.874583183629,False
workload_3397.cpp,xcu200-fsgd2104-2-e,10,14.27145,2970,1,1,7,28,block_2_1,cyclic_4_1,complete_1,unroll_4,pipeline_1,unroll_16,1,9.25,0.874583183629,False
workload_3433.cpp,xcu200-fsgd2104-2-e,10,14.27145,3112,1,1,7,28,block_2_1,cyclic_4_1,complete_1,unroll_4,pipeline_1,unroll_2,1,9.25,0.874583183629,False
workload_3217.cpp,xcu200-fsgd2104-2-e,10,14.27145,3211,1,1,7,28,block_2_1,cyclic_4_1,complete_1,unroll_4,pipeline_1,unroll_4,2,9.25,0.874583183629,False
workload_3281.cpp,xcu200-fsgd2104-2-e,10,14.27145,3498,1,1,7,28,block_2_1,cyclic_4_1,complete_1,unroll_4,pipeline_1,unroll_64,1,9.25,0.874583183629,False
workload_3310.cpp,xcu200-fsgd2104-2-e,10,14.27145,3499,1,1,7,28,block_2_1,cyclic_4_1,complete_1,unroll_4,pipeline_1,unroll_8,1,9.25,0.874583183629,False
workload_3252.cpp,xcu200-fsgd2104-2-e,10,286.43241,54,1,1,3,5,block_2_1,cyclic_4_1,complete_1,unroll_4,unroll_2,pipeline_1,1,2.5,0.783020792573,False
workload_3163.cpp,xcu200-fsgd2104-2-e,10,292.23545,72,1,1,1,2,block_2_1,cyclic_4_1,complete_1,unroll_4,unroll_2,unroll_4,1,1.25,0.796029769173,False
workload_3077.cpp,xcu200-fsgd2104-2-e,10,14.27166,1413.5,1,1,4,15,block_2_1,cyclic_4_1,cyclic_2_1,unroll_2,pipeline_1,pipeline_1,2,5.25,0.948161767699,False
workload_3359.cpp,xcu200-fsgd2104-2-e,10,14.27166,1426,1,1,4,15,block_2_1,cyclic_4_1,cyclic_2_1,unroll_2,pipeline_1,unroll_16,1,5.25,0.948161767699,False
workload_3047.cpp,xcu200-fsgd2104-2-e,10,14.27166,1346.5,1,1,4,15,block_2_1,cyclic_4_1,cyclic_2_1,unroll_2,pipeline_1,unroll_4,2,5.25,0.948161767699,False
workload_3236.cpp,xcu200-fsgd2104-2-e,10,14.27166,1522.5,1,1,4,15,block_2_1,cyclic_4_1,cyclic_2_1,unroll_2,pipeline_1,unroll_8,2,5.25,0.948161767699,False
workload_3051.cpp,xcu200-fsgd2104-2-e,10,286.43262,44,1,1,1,2,block_2_1,cyclic_4_1,cyclic_2_1,unroll_2,unroll_2,pipeline_1,1,1.25,0.802306607927,False
workload_2977.cpp,xcu200-fsgd2104-2-e,10,288.24206,70,1,1,1,2,block_2_1,cyclic_4_1,cyclic_2_1,unroll_2,unroll_2,unroll_8,1,1.25,0.800599349789,False
workload_3083.cpp,xcu200-fsgd2104-2-e,10,14.27162,2997,1,1,7,28,block_2_1,cyclic_4_1,cyclic_2_1,unroll_4,pipeline_1,pipeline_1,1,9.25,0.874583200422,False
workload_3184.cpp,xcu200-fsgd2104-2-e,10,14.27162,3213.5,1,1,7,28,block_2_1,cyclic_4_1,cyclic_2_1,unroll_4,pipeline_1,unroll_4,2,9.25,0.874583200422,False
workload_3102.cpp,xcu200-fsgd2104-2-e,10,286.43258,55,1,1,3,5,block_2_1,cyclic_4_1,cyclic_2_1,unroll_4,unroll_2,pipeline_1,1,2.5,0.783020669363,False
workload_2895.cpp,xcu200-fsgd2104-2-e,10,288.24206,71,1,1,1,2,block_2_1,cyclic_4_1,cyclic_4_1,unroll_2,unroll_2,unroll_8,1,1.25,0.800599349789,False
workload_2693.cpp,xcu200-fsgd2104-2-e,10,378.94046,139,2,1,1,4,block_2_1,cyclic_64_1,block_2_1,unroll_2,unroll_2,unroll_8,1,2,0.680159080687,False
workload_2857.cpp,xcu200-fsgd2104-2-e,10,387.78062,61,2,1,1,3,block_2_1,cyclic_64_1,cyclic_2_1,unroll_2,unroll_2,pipeline_1,1,1.75,0.669506871862,False
workload_2781.cpp,xcu200-fsgd2104-2-e,10,883.69422,1246.5,2,1,25,49,block_2_1,cyclic_64_1,cyclic_2_1,unroll_2,unroll_32,pipeline_1,2,19.25,0.154846730219,False
workload_3269.cpp,xcu200-fsgd2104-2-e,10,14.64309,1844,1,1,4,24,block_2_1,cyclic_8_1,complete_1,unroll_2,pipeline_1,unroll_32,1,7.5,0.88347077471,False
workload_3450.cpp,xcu200-fsgd2104-2-e,10,14.64309,1665,1,1,4,24,block_2_1,cyclic_8_1,complete_1,unroll_2,pipeline_1,unroll_4,1,7.5,0.88347077471,False
workload_3332.cpp,xcu200-fsgd2104-2-e,10,14.64318,1883.5,1,1,4,24,block_2_1,cyclic_8_1,cyclic_2_1,unroll_2,pipeline_1,pipeline_1,2,7.5,0.88347078614,False
workload_3019.cpp,xcu200-fsgd2104-2-e,10,382.92383,91,1,3,1,2,block_32_1,block_16_1,cyclic_4_1,unroll_2,unroll_2,unroll_4,1,1.75,0.675662760409,False
workload_2836.cpp,xcu200-fsgd2104-2-e,10,293.39013,1607,1,28,7,13,block_32_1,block_2_1,block_2_1,unroll_17,unroll_2,unroll_4,1,12.25,0.569131650422,False
workload_2834.cpp,xcu200-fsgd2104-2-e,10,301.21093,520,1,14,3,7,block_32_1,block_2_1,cyclic_4_1,unroll_17,unroll_2,unroll_2,1,6.25,0.701657487168,False
workload_2804.cpp,xcu200-fsgd2104-2-e,10,293.39013,1199,1,28,7,13,block_32_1,block_2_1,cyclic_4_1,unroll_17,unroll_2,unroll_4,1,12.25,0.569131650422,False
workload_2885.cpp,xcu200-fsgd2104-2-e,10,443.57029,1374,1,28,7,14,block_32_1,block_2_1,cyclic_4_1,unroll_17,unroll_4,unroll_2,1,12.5,0.473971491764,False
workload_2945.cpp,xcu200-fsgd2104-2-e,10,288.56463,148,1,7,1,3,block_32_1,block_2_1,cyclic_4_1,unroll_2,unroll_2,unroll_8,1,3,0.773063594956,False
workload_2909.cpp,xcu200-fsgd2104-2-e,10,442.38767,83,1,3,1,2,block_32_1,block_2_1,cyclic_4_1,unroll_2,unroll_4,unroll_2,1,1.75,0.602349307609,False
workload_2995.cpp,xcu200-fsgd2104-2-e,10,431.06735,371,1,14,3,6,block_32_1,block_2_1,cyclic_4_1,unroll_2,unroll_4,unroll_8,1,6,0.586118024032,False
workload_3005.cpp,xcu200-fsgd2104-2-e,10,293.39013,1360,1,30,7,13,block_32_1,block_4_1,block_2_1,unroll_17,unroll_2,unroll_4,1,12.75,0.557227548648,False
workload_2934.cpp,xcu200-fsgd2104-2-e,10,287.08799,50,1,1,1,3,block_32_1,block_4_1,block_2_1,unroll_2,unroll_2,pipeline_1,1,1.5,0.798151549321,False
workload_2884.cpp,xcu200-fsgd2104-2-e,10,293.39013,1294,1,30,7,13,block_32_1,block_4_1,block_4_1,unroll_17,unroll_2,unroll_4,1,12.75,0.557227548648,False
workload_2984.cpp,xcu200-fsgd2104-2-e,10,287.08782,48,1,1,1,3,block_32_1,block_4_1,complete_1,unroll_2,unroll_2,pipeline_1,1,1.5,0.798151687895,False
workload_2979.cpp,xcu200-fsgd2104-2-e,10,512.83382,86,1,3,6,11,block_32_1,block_4_1,complete_1,unroll_2,unroll_8,pipeline_1,1,5.25,0.508301478865,False
workload_2877.cpp,xcu200-fsgd2104-2-e,10,287.08789,155,1,7,13,23,block_32_1,block_4_1,cyclic_4_1,unroll_17,unroll_2,pipeline_1,1,11,0.601947288884,False
workload_2963.cpp,xcu200-fsgd2104-2-e,10,301.21093,470,1,15,3,7,block_32_1,block_4_1,cyclic_4_1,unroll_17,unroll_2,unroll_2,1,6.5,0.696428285109,False
workload_2757.cpp,xcu200-fsgd2104-2-e,10,293.39013,1514,1,30,7,13,block_32_1,block_4_1,cyclic_4_1,unroll_17,unroll_2,unroll_4,1,12.75,0.557227548648,False
workload_2954.cpp,xcu200-fsgd2104-2-e,10,429.03989,320,1,15,27,45,block_32_1,block_4_1,cyclic_4_1,unroll_17,unroll_4,pipeline_1,1,22,0.318306687482,False
workload_2819.cpp,xcu200-fsgd2104-2-e,10,292.22543,86,1,3,1,2,block_32_1,block_4_1,cyclic_4_1,unroll_2,unroll_2,unroll_4,1,1.75,0.789952426273,False
workload_2718.cpp,xcu200-fsgd2104-2-e,10,287.23339,1481,1,30,6,12,block_32_1,block_4_1,cyclic_4_1,unroll_4,unroll_2,unroll_16,1,12.25,0.571861364499,False
workload_2898.cpp,xcu200-fsgd2104-2-e,10,292.22543,78,1,3,1,2,block_32_1,cyclic_2_1,block_2_1,unroll_2,unroll_2,unroll_4,1,1.75,0.789952426273,False
workload_3024.cpp,xcu200-fsgd2104-2-e,10,288.56463,149,1,7,1,3,block_32_1,cyclic_2_1,block_2_1,unroll_2,unroll_2,unroll_8,1,3,0.773063594956,False
workload_2991.cpp,xcu200-fsgd2104-2-e,10,442.38767,79,1,3,1,2,block_32_1,cyclic_2_1,block_2_1,unroll_2,unroll_4,unroll_2,1,1.75,0.602349307609,False
workload_2987.cpp,xcu200-fsgd2104-2-e,10,287.08789,159,1,7,12,22,block_32_1,cyclic_2_1,cyclic_4_1,unroll_17,unroll_2,pipeline_1,1,10.5,0.61391275441,False
workload_2962.cpp,xcu200-fsgd2104-2-e,10,301.21093,421,1,14,3,6,block_32_1,cyclic_2_1,cyclic_4_1,unroll_17,unroll_2,unroll_2,1,6,0.706823571255,False
workload_2907.cpp,xcu200-fsgd2104-2-e,10,379.26303,199,1,7,1,4,block_32_1,cyclic_32_1,block_2_1,unroll_2,unroll_2,unroll_8,1,3.25,0.672572509768,False
workload_2916.cpp,xcu200-fsgd2104-2-e,10,572.91455,202,1,7,1,4,block_32_1,cyclic_32_1,cyclic_4_1,unroll_2,unroll_4,unroll_4,1,3.25,0.456410344764,False
workload_2986.cpp,xcu200-fsgd2104-2-e,10,287.08799,51,1,1,1,3,block_32_1,cyclic_4_1,block_2_1,unroll_2,unroll_2,pipeline_1,1,1.5,0.798151549321,False
workload_3015.cpp,xcu200-fsgd2104-2-e,10,297.08205,45,2,1,1,3,block_4_1,block_2_1,complete_1,unroll_2,unroll_2,pipeline_1,1,1.75,0.785008562105,False
workload_3438.cpp,xcu200-fsgd2104-2-e,10,286.43262,46,2,1,1,3,block_4_1,block_2_1,cyclic_2_1,unroll_2,unroll_2,pipeline_1,1,1.75,0.794911118623,False
workload_2859.cpp,xcu200-fsgd2104-2-e,10,377.13102,91,1,1,1,5,block_4_1,cyclic_128_1,cyclic_4_1,unroll_2,unroll_2,pipeline_1,1,2,0.682451676333,False
workload_2901.cpp,xcu200-fsgd2104-2-e,10,382.26846,131,1,1,1,5,block_4_1,cyclic_128_1,cyclic_4_1,unroll_2,unroll_2,unroll_4,1,2,0.675950549656,False
workload_2827.cpp,xcu200-fsgd2104-2-e,10,890.24773,314,2,1,25,46,block_4_1,cyclic_16_1,complete_1,unroll_2,unroll_32,pipeline_1,1,18.5,0.156342663267,False
workload_2870.cpp,xcu200-fsgd2104-2-e,10,387.78052,219,2,1,13,24,block_4_1,cyclic_32_1,block_2_1,unroll_17,unroll_2,pipeline_1,1,10,0.560645480968,False
workload_2862.cpp,xcu200-fsgd2104-2-e,10,387.78045,53,2,1,1,3,block_4_1,cyclic_32_1,complete_1,unroll_2,unroll_2,pipeline_1,1,1.75,0.669507086844,False
workload_2695.cpp,xcu200-fsgd2104-2-e,10,878.88121,1706,2,1,51,92,block_4_1,cyclic_32_1,complete_1,unroll_4,unroll_32,pipeline_1,1,36.5,0.1,False
workload_2813.cpp,xcu200-fsgd2104-2-e,10,387.78062,52,2,1,1,3,block_4_1,cyclic_32_1,cyclic_2_1,unroll_2,unroll_2,pipeline_1,1,1.75,0.669506871862,False
workload_2832.cpp,xcu200-fsgd2104-2-e,10,574.28676,597,2,1,25,48,block_4_1,cyclic_32_1,cyclic_4_1,unroll_17,unroll_4,pipeline_1,1,19,0.294581582625,False
workload_2873.cpp,xcu200-fsgd2104-2-e,10,377.13102,65,3,1,1,3,block_4_1,cyclic_64_1,cyclic_2_1,unroll_2,unroll_2,pipeline_1,1,2,0.682451676333,False
workload_2830.cpp,xcu200-fsgd2104-2-e,10,891.98841,576,2,1,51,89,block_4_1,cyclic_8_1,complete_1,unroll_4,unroll_32,pipeline_1,1,35.75,0.100022535877,False
workload_2797.cpp,xcu200-fsgd2104-2-e,10,377.13092,106,2,1,13,22,block_4_1,cyclic_8_1,cyclic_4_1,unroll_17,unroll_2,pipeline_1,1,9.5,0.578384674761,False
workload_2734.cpp,xcu200-fsgd2104-2-e,10,379.52276,1184,2,1,10,21,block_4_1,cyclic_8_1,cyclic_4_1,unroll_17,unroll_2,unroll_8,1,8.5,0.595471953564,False
workload_2872.cpp,xcu200-fsgd2104-2-e,10,287.08772,235,6,7,13,24,block_64_1,block_2_1,complete_1,unroll_17,unroll_2,pipeline_1,1,12.5,0.565919143715,False
workload_2855.cpp,xcu200-fsgd2104-2-e,10,297.73759,58,6,1,1,3,block_64_1,block_2_1,cyclic_4_1,unroll_2,unroll_2,pipeline_1,1,2.75,0.76976033657,False
workload_2863.cpp,xcu200-fsgd2104-2-e,10,388.43599,68,6,1,1,3,block_64_1,block_32_1,cyclic_2_1,unroll_2,unroll_2,pipeline_1,1,2.75,0.665018923989,False
workload_2692.cpp,xcu200-fsgd2104-2-e,10,297.73759,66,6,1,1,3,block_64_1,block_4_1,cyclic_4_1,unroll_2,unroll_2,pipeline_1,1,2.75,0.76976033657,False
workload_2817.cpp,xcu200-fsgd2104-2-e,10,388.43599,63,6,1,1,3,block_64_1,block_8_1,cyclic_4_1,unroll_2,unroll_2,pipeline_1,1,2.75,0.665018923989,False
workload_3363.cpp,xcu200-fsgd2104-2-e,10,287.08778,70,6,1,3,6,block_64_1,cyclic_2_1,complete_1,unroll_4,unroll_2,pipeline_1,1,4,0.756258601564,False
workload_2828.cpp,xcu200-fsgd2104-2-e,10,592.16319,243,6,7,12,23,block_64_1,cyclic_2_1,cyclic_4_1,unroll_2,unroll_16,pipeline_1,1,12,0.371702835503,False
workload_2772.cpp,xcu200-fsgd2104-2-e,10,297.73759,61,6,1,1,3,block_64_1,cyclic_2_1,cyclic_4_1,unroll_2,unroll_2,pipeline_1,1,2.75,0.76976033657,False
workload_2883.cpp,xcu200-fsgd2104-2-e,10,388.43572,353,6,7,12,25,block_64_1,cyclic_32_1,complete_1,unroll_17,unroll_2,pipeline_1,1,12.5,0.511019386,False
workload_3253.cpp,xcu200-fsgd2104-2-e,10,287.08782,60,6,1,1,3,block_64_1,cyclic_4_1,complete_1,unroll_2,unroll_2,pipeline_1,1,2.75,0.778391353864,False
workload_2777.cpp,xcu200-fsgd2104-2-e,10,390.91099,247,7,3,1,3,block_64_1,cyclic_64_1,block_2_1,unroll_4,unroll_2,unroll_2,1,3.5,0.656688418837,False
workload_2833.cpp,xcu200-fsgd2104-2-e,10,377.78612,698,7,7,12,26,block_64_1,cyclic_64_1,complete_1,unroll_17,unroll_2,pipeline_1,1,13,0.50745402251,False
workload_2779.cpp,xcu200-fsgd2104-2-e,10,377.78629,659,7,7,12,26,block_64_1,cyclic_64_1,cyclic_2_1,unroll_17,unroll_2,pipeline_1,1,13,0.507453920634,False
workload_2874.cpp,xcu200-fsgd2104-2-e,10,666.76687,231,7,3,6,13,block_64_1,cyclic_64_1,cyclic_2_1,unroll_2,unroll_8,pipeline_1,1,7.25,0.353459596087,False
workload_2990.cpp,xcu200-fsgd2104-2-e,10,434.95343,95,3,1,1,5,block_8_1,block_2_1,cyclic_4_1,unroll_2,unroll_4,unroll_4,1,2.5,0.609824523762,False
workload_3342.cpp,xcu200-fsgd2104-2-e,10,35.60822,307,1,1,2,8,cyclic_16_1,cyclic_2_1,complete_1,unroll_2,pipeline_1,unroll_2,1,3,0.998948215547,False
workload_3105.cpp,xcu200-fsgd2104-2-e,10,35.30654,558,1,1,8,16,cyclic_2_1,block_128_1,block_2_1,unroll_2,pipeline_1,unroll_8,1,6.5,0.899289515635,False
workload_2924.cpp,xcu200-fsgd2104-2-e,10,875.86053,3104,1,1,3,24,cyclic_2_1,block_128_1,complete_1,unroll_2,unroll_32,pipeline_1,1,7.25,0.210051055454,False
workload_3215.cpp,xcu200-fsgd2104-2-e,10,35.30633,1664,1,1,17,31,cyclic_2_1,block_128_1,complete_1,unroll_4,pipeline_1,pipeline_1,1,12.5,0.758734334448,False
workload_3386.cpp,xcu200-fsgd2104-2-e,10,34.9543,363,1,1,2,8,cyclic_2_1,block_2_1,block_4_1,unroll_2,pipeline_1,pipeline_1,2,3,0.999997816439,False
workload_3135.cpp,xcu200-fsgd2104-2-e,10,285.37025,88,1,1,1,4,cyclic_2_1,block_2_1,complete_1,unroll_17,unroll_2,pipeline_1,1,1.75,0.79568993127,False
workload_2965.cpp,xcu200-fsgd2104-2-e,10,34.95421,371,1,1,2,8,cyclic_2_1,block_2_1,complete_1,unroll_2,pipeline_1,pipeline_1,2,3,0.999997960939,False
workload_3323.cpp,xcu200-fsgd2104-2-e,10,34.95421,392,1,1,2,8,cyclic_2_1,block_2_1,complete_1,unroll_2,pipeline_1,unroll_16,1,3,0.999997960939,False
workload_2997.cpp,xcu200-fsgd2104-2-e,10,34.95421,362.5,1,1,2,8,cyclic_2_1,block_2_1,complete_1,unroll_2,pipeline_1,unroll_4,2,3,0.999997960939,False
workload_3387.cpp,xcu200-fsgd2104-2-e,10,34.95421,400,1,1,2,8,cyclic_2_1,block_2_1,complete_1,unroll_2,pipeline_1,unroll_64,2,3,0.999997960939,False
workload_3420.cpp,xcu200-fsgd2104-2-e,10,34.95421,356,1,1,2,8,cyclic_2_1,block_2_1,complete_1,unroll_2,pipeline_1,unroll_8,1,3,0.999997960939,False
workload_3156.cpp,xcu200-fsgd2104-2-e,10,285.39245,40,1,1,1,1,cyclic_2_1,block_2_1,complete_1,unroll_2,unroll_2,pipeline_1,1,1,0.806484552032,False
workload_3032.cpp,xcu200-fsgd2104-2-e,10,289.57317,53,1,1,1,1,cyclic_2_1,block_2_1,complete_1,unroll_2,unroll_2,unroll_8,1,1,0.800605121287,False
workload_3369.cpp,xcu200-fsgd2104-2-e,10,34.95477,1005,1,1,4,15,cyclic_2_1,block_2_1,complete_1,unroll_4,pipeline_1,pipeline_1,1,5.25,0.93907907765,False
workload_3173.cpp,xcu200-fsgd2104-2-e,10,34.95477,1092,1,1,4,15,cyclic_2_1,block_2_1,complete_1,unroll_4,pipeline_1,unroll_4,1,5.25,0.93907907765,False
workload_2983.cpp,xcu200-fsgd2104-2-e,10,285.39241,47,1,1,1,1,cyclic_2_1,block_2_1,complete_1,unroll_4,unroll_2,pipeline_1,1,1,0.806484608394,False
workload_3346.cpp,xcu200-fsgd2104-2-e,10,34.95294,376,1,1,2,8,cyclic_2_1,block_2_1,cyclic_2_1,unroll_2,pipeline_1,pipeline_1,4,3,1,True
workload_3259.cpp,xcu200-fsgd2104-2-e,10,34.95294,392,1,1,2,8,cyclic_2_1,block_2_1,cyclic_2_1,unroll_2,pipeline_1,unroll_2,1,3,1,True
workload_3366.cpp,xcu200-fsgd2104-2-e,10,34.95294,399,1,1,2,8,cyclic_2_1,block_2_1,cyclic_2_1,unroll_2,pipeline_1,unroll_32,1,3,1,True
workload_3289.cpp,xcu200-fsgd2104-2-e,10,34.95294,389,1,1,2,8,cyclic_2_1,block_2_1,cyclic_2_1,unroll_2,pipeline_1,unroll_4,2,3,1,True
workload_3320.cpp,xcu200-fsgd2104-2-e,10,34.95294,360,1,1,2,8,cyclic_2_1,block_2_1,cyclic_2_1,unroll_2,pipeline_1,unroll_64,1,3,1,True
workload_3226.cpp,xcu200-fsgd2104-2-e,10,34.95294,406.5,1,1,2,8,cyclic_2_1,block_2_1,cyclic_2_1,unroll_2,pipeline_1,unroll_8,2,3,1,True
workload_3418.cpp,xcu200-fsgd2104-2-e,10,285.39262,42,1,1,1,1,cyclic_2_1,block_2_1,cyclic_2_1,unroll_2,unroll_2,pipeline_1,1,1,0.806484312495,False
workload_3393.cpp,xcu200-fsgd2104-2-e,10,34.9529,1034,1,1,4,15,cyclic_2_1,block_2_1,cyclic_2_1,unroll_4,pipeline_1,pipeline_1,1,5.25,0.939080466479,False
workload_3391.cpp,xcu200-fsgd2104-2-e,10,34.9529,981,1,1,4,15,cyclic_2_1,block_2_1,cyclic_2_1,unroll_4,pipeline_1,unroll_32,1,5.25,0.939080466479,False
workload_3446.cpp,xcu200-fsgd2104-2-e,10,34.9529,906,1,1,4,15,cyclic_2_1,block_2_1,cyclic_2_1,unroll_4,pipeline_1,unroll_8,1,5.25,0.939080466479,False
workload_2989.cpp,xcu200-fsgd2104-2-e,10,511.09054,60,1,1,1,2,cyclic_2_1,block_4_1,block_2_1,unroll_2,unroll_8,pipeline_1,1,1.25,0.52343581087,False
workload_3027.cpp,xcu200-fsgd2104-2-e,10,34.95566,430,1,1,5,12,cyclic_2_1,block_4_1,block_4_1,unroll_2,pipeline_1,unroll_4,1,4.75,0.949392939171,False
workload_3052.cpp,xcu200-fsgd2104-2-e,10,285.39262,44,1,1,1,1,cyclic_2_1,block_4_1,block_4_1,unroll_2,unroll_2,pipeline_1,1,1,0.806484312495,False
workload_3063.cpp,xcu200-fsgd2104-2-e,10,34.95557,439.5,1,1,5,12,cyclic_2_1,block_4_1,complete_1,unroll_2,pipeline_1,pipeline_1,2,4.75,0.949393009365,False
workload_3064.cpp,xcu200-fsgd2104-2-e,10,34.95557,447,1,1,5,12,cyclic_2_1,block_4_1,complete_1,unroll_2,pipeline_1,unroll_4,1,4.75,0.949393009365,False
workload_2943.cpp,xcu200-fsgd2104-2-e,10,285.39245,41,1,1,1,1,cyclic_2_1,block_4_1,complete_1,unroll_2,unroll_2,pipeline_1,1,1,0.806484552032,False
workload_2823.cpp,xcu200-fsgd2104-2-e,10,663.46933,161,1,1,3,7,cyclic_2_1,block_4_1,complete_1,unroll_2,unroll_32,pipeline_1,1,3,0.371733333973,False
workload_2871.cpp,xcu200-fsgd2104-2-e,10,511.09045,60,1,1,1,2,cyclic_2_1,block_4_1,complete_1,unroll_2,unroll_8,pipeline_1,1,1.25,0.523435909763,False
workload_3192.cpp,xcu200-fsgd2104-2-e,10,285.39241,50,1,1,1,1,cyclic_2_1,block_4_1,complete_1,unroll_4,unroll_2,pipeline_1,1,1,0.806484608394,False
workload_3090.cpp,xcu200-fsgd2104-2-e,10,285.39252,99,1,1,1,4,cyclic_2_1,block_4_1,cyclic_2_1,unroll_17,unroll_2,pipeline_1,1,1.75,0.795674041144,False
workload_3322.cpp,xcu200-fsgd2104-2-e,10,34.9543,463,1,1,5,12,cyclic_2_1,block_4_1,cyclic_2_1,unroll_2,pipeline_1,unroll_4,1,4.75,0.949393999863,False
workload_3067.cpp,xcu200-fsgd2104-2-e,10,285.39262,46,1,1,1,1,cyclic_2_1,block_4_1,cyclic_2_1,unroll_2,unroll_2,pipeline_1,1,1,0.806484312495,False
workload_3023.cpp,xcu200-fsgd2104-2-e,10,285.39252,98,1,1,1,4,cyclic_2_1,block_4_1,cyclic_4_1,unroll_17,unroll_2,pipeline_1,1,1.75,0.795674041144,False
workload_3104.cpp,xcu200-fsgd2104-2-e,10,34.95566,424,1,1,5,12,cyclic_2_1,block_4_1,cyclic_4_1,unroll_2,pipeline_1,pipeline_1,2,4.75,0.949392939171,False
workload_3011.cpp,xcu200-fsgd2104-2-e,10,285.39262,42,1,1,1,1,cyclic_2_1,block_4_1,cyclic_4_1,unroll_2,unroll_2,pipeline_1,1,1,0.806484312495,False
workload_2982.cpp,xcu200-fsgd2104-2-e,10,294.23246,47,1,1,1,1,cyclic_2_1,block_4_1,cyclic_4_1,unroll_2,unroll_2,unroll_4,1,1,0.794079582781,False
workload_3195.cpp,xcu200-fsgd2104-2-e,10,376.09085,42,1,1,1,1,cyclic_2_1,block_8_1,complete_1,unroll_2,unroll_2,pipeline_1,1,1,0.684176218739,False
workload_3177.cpp,xcu200-fsgd2104-2-e,10,35.30633,1311,1,1,15,26,cyclic_2_1,block_8_1,complete_1,unroll_4,pipeline_1,unroll_8,1,10.75,0.817841505332,False
workload_3129.cpp,xcu200-fsgd2104-2-e,10,34.95285,383,1,1,2,9,cyclic_2_1,cyclic_2_1,complete_1,unroll_2,pipeline_1,pipeline_1,4,3.25,1,True
workload_3365.cpp,xcu200-fsgd2104-2-e,10,34.95285,392,1,1,2,9,cyclic_2_1,cyclic_2_1,complete_1,unroll_2,pipeline_1,unroll_16,1,3.25,1,True
workload_3421.cpp,xcu200-fsgd2104-2-e,10,34.95285,387,1,1,2,9,cyclic_2_1,cyclic_2_1,complete_1,unroll_2,pipeline_1,unroll_2,1,3.25,1,True
workload_3202.cpp,xcu200-fsgd2104-2-e,10,34.95285,397,1,1,2,9,cyclic_2_1,cyclic_2_1,complete_1,unroll_2,pipeline_1,unroll_4,1,3.25,1,True
workload_3223.cpp,xcu200-fsgd2104-2-e,10,34.95285,423.5,1,1,2,9,cyclic_2_1,cyclic_2_1,complete_1,unroll_2,pipeline_1,unroll_64,2,3.25,1,True
workload_3257.cpp,xcu200-fsgd2104-2-e,10,34.95285,393,1,1,2,9,cyclic_2_1,cyclic_2_1,complete_1,unroll_2,pipeline_1,unroll_8,1,3.25,1,True
workload_3157.cpp,xcu200-fsgd2104-2-e,10,285.03885,40,1,1,1,1,cyclic_2_1,cyclic_2_1,complete_1,unroll_2,unroll_2,pipeline_1,1,1,0.806982870996,False
workload_3070.cpp,xcu200-fsgd2104-2-e,10,34.95273,1144,1,1,4,16,cyclic_2_1,cyclic_2_1,complete_1,unroll_4,pipeline_1,pipeline_1,3,5.5,0.932357960975,False
workload_3174.cpp,xcu200-fsgd2104-2-e,10,34.95273,1152,1,1,4,16,cyclic_2_1,cyclic_2_1,complete_1,unroll_4,pipeline_1,unroll_2,1,5.5,0.932357960975,False
workload_3261.cpp,xcu200-fsgd2104-2-e,10,34.95273,1114,1,1,4,16,cyclic_2_1,cyclic_2_1,complete_1,unroll_4,pipeline_1,unroll_8,2,5.5,0.932357960975,False
workload_3133.cpp,xcu200-fsgd2104-2-e,10,285.03881,45,1,1,1,1,cyclic_2_1,cyclic_2_1,complete_1,unroll_4,unroll_2,pipeline_1,1,1,1,True
workload_3094.cpp,xcu200-fsgd2104-2-e,10,34.95294,402,1,1,2,9,cyclic_2_1,cyclic_2_1,cyclic_2_1,unroll_2,pipeline_1,pipeline_1,2,3.25,0.995044697003,False
workload_3423.cpp,xcu200-fsgd2104-2-e,10,34.95294,414,1,1,2,9,cyclic_2_1,cyclic_2_1,cyclic_2_1,unroll_2,pipeline_1,unroll_32,1,3.25,0.995044697003,False
workload_3324.cpp,xcu200-fsgd2104-2-e,10,34.95294,413,1,1,2,9,cyclic_2_1,cyclic_2_1,cyclic_2_1,unroll_2,pipeline_1,unroll_4,1,3.25,0.995044697003,False
workload_3367.cpp,xcu200-fsgd2104-2-e,10,34.95294,408,1,1,2,9,cyclic_2_1,cyclic_2_1,cyclic_2_1,unroll_2,pipeline_1,unroll_64,1,3.25,0.995044697003,False
workload_3408.cpp,xcu200-fsgd2104-2-e,10,34.95294,342,1,1,2,9,cyclic_2_1,cyclic_2_1,cyclic_2_1,unroll_2,pipeline_1,unroll_8,1,3.25,0.995044697003,False
workload_3188.cpp,xcu200-fsgd2104-2-e,10,322.18766,40,1,1,1,1,cyclic_2_1,cyclic_2_1,cyclic_2_1,unroll_2,unroll_2,unroll_2,1,1,0.75552998555,False
workload_2973.cpp,xcu200-fsgd2104-2-e,10,314.20042,50,1,1,1,1,cyclic_2_1,cyclic_2_1,cyclic_2_1,unroll_4,unroll_2,unroll_4,1,1,0.766438004125,False
workload_2935.cpp,xcu200-fsgd2104-2-e,10,310.20682,61,1,1,1,1,cyclic_2_1,cyclic_2_1,cyclic_2_1,unroll_4,unroll_2,unroll_8,1,1,0.771923983268,False
workload_3210.cpp,xcu200-fsgd2104-2-e,10,34.9529,1159,1,1,4,16,cyclic_2_1,cyclic_2_1,cyclic_4_1,unroll_4,pipeline_1,pipeline_1,1,5.5,0.932357848323,False
workload_2918.cpp,xcu200-fsgd2104-2-e,10,702.85301,207,1,1,1,6,cyclic_2_1,cyclic_32_1,complete_1,unroll_2,unroll_8,unroll_8,1,2.25,0.338850259427,False
workload_2896.cpp,xcu200-fsgd2104-2-e,10,400.90526,72,1,1,1,1,cyclic_2_1,cyclic_32_1,cyclic_2_1,unroll_2,unroll_2,unroll_8,1,1,0.652669536629,False
workload_3100.cpp,xcu200-fsgd2104-2-e,10,34.95294,464,1,1,2,9,cyclic_2_1,cyclic_4_1,block_2_1,unroll_2,pipeline_1,unroll_16,1,3.25,0.995044697003,False
workload_3028.cpp,xcu200-fsgd2104-2-e,10,34.95294,476,1,1,2,9,cyclic_2_1,cyclic_4_1,block_2_1,unroll_2,pipeline_1,unroll_8,2,3.25,0.995044697003,False
workload_2933.cpp,xcu200-fsgd2104-2-e,10,310.20686,49,1,1,1,1,cyclic_2_1,cyclic_4_1,block_2_1,unroll_2,unroll_2,unroll_8,1,1,0.771923928213,False
workload_3349.cpp,xcu200-fsgd2104-2-e,10,34.95294,492,1,1,2,9,cyclic_2_1,cyclic_4_1,block_4_1,unroll_2,pipeline_1,unroll_4,1,3.25,0.995044697003,False
workload_2972.cpp,xcu200-fsgd2104-2-e,10,322.18766,41,1,1,1,1,cyclic_2_1,cyclic_4_1,block_4_1,unroll_2,unroll_2,unroll_2,1,1,0.75552998555,False
workload_3130.cpp,xcu200-fsgd2104-2-e,10,34.95285,439,1,1,2,9,cyclic_2_1,cyclic_4_1,complete_1,unroll_2,pipeline_1,pipeline_1,3,3.25,1,True
workload_3224.cpp,xcu200-fsgd2104-2-e,10,34.95285,407,1,1,2,9,cyclic_2_1,cyclic_4_1,complete_1,unroll_2,pipeline_1,unroll_4,2,3.25,1,True
workload_3258.cpp,xcu200-fsgd2104-2-e,10,34.95285,492,1,1,2,9,cyclic_2_1,cyclic_4_1,complete_1,unroll_2,pipeline_1,unroll_64,1,3.25,1,True
workload_3189.cpp,xcu200-fsgd2104-2-e,10,285.03885,40,1,1,1,1,cyclic_2_1,cyclic_4_1,complete_1,unroll_2,unroll_2,pipeline_1,1,1,0.806982870996,False
workload_3124.cpp,xcu200-fsgd2104-2-e,10,322.18749,41,1,1,1,1,cyclic_2_1,cyclic_4_1,complete_1,unroll_2,unroll_2,unroll_2,1,1,0.755530216806,False
workload_3313.cpp,xcu200-fsgd2104-2-e,10,314.20037,41,1,1,1,1,cyclic_2_1,cyclic_4_1,complete_1,unroll_2,unroll_2,unroll_4,1,1,0.766438072676,False
workload_3294.cpp,xcu200-fsgd2104-2-e,10,34.95273,1123,1,1,4,16,cyclic_2_1,cyclic_4_1,complete_1,unroll_4,pipeline_1,pipeline_1,2,5.5,0.932357960975,False
workload_3150.cpp,xcu200-fsgd2104-2-e,10,34.95273,1129.5,1,1,4,16,cyclic_2_1,cyclic_4_1,complete_1,unroll_4,pipeline_1,unroll_16,2,5.5,0.932357960975,False
workload_3326.cpp,xcu200-fsgd2104-2-e,10,34.95273,1183,1,1,4,16,cyclic_2_1,cyclic_4_1,complete_1,unroll_4,pipeline_1,unroll_2,1,5.5,0.932357960975,False
workload_3328.cpp,xcu200-fsgd2104-2-e,10,34.95273,1199,1,1,4,16,cyclic_2_1,cyclic_4_1,complete_1,unroll_4,pipeline_1,unroll_64,1,5.5,0.932357960975,False
workload_3066.cpp,xcu200-fsgd2104-2-e,10,290.36361,50,1,1,1,1,cyclic_2_1,cyclic_4_1,complete_1,unroll_4,unroll_2,pipeline_1,2,1,0.799496073712,False
workload_3341.cpp,xcu200-fsgd2104-2-e,10,310.20665,57,1,1,1,1,cyclic_2_1,cyclic_4_1,complete_1,unroll_4,unroll_2,unroll_8,1,1,0.771924217248,False
workload_3316.cpp,xcu200-fsgd2104-2-e,10,295.68852,94,1,1,1,2,cyclic_2_1,cyclic_4_1,cyclic_2_1,unroll_17,unroll_2,pipeline_1,1,1.25,0.791636615974,False
workload_3225.cpp,xcu200-fsgd2104-2-e,10,34.95294,468,1,1,2,9,cyclic_2_1,cyclic_4_1,cyclic_2_1,unroll_2,pipeline_1,pipeline_1,2,3.25,0.995044697003,False
workload_3445.cpp,xcu200-fsgd2104-2-e,10,34.95294,466,1,1,2,9,cyclic_2_1,cyclic_4_1,cyclic_2_1,unroll_2,pipeline_1,unroll_16,1,3.25,0.995044697003,False
workload_3170.cpp,xcu200-fsgd2104-2-e,10,34.95294,439,1,1,2,9,cyclic_2_1,cyclic_4_1,cyclic_2_1,unroll_2,pipeline_1,unroll_4,1,3.25,0.995044697003,False
workload_3362.cpp,xcu200-fsgd2104-2-e,10,285.03902,44,1,1,1,1,cyclic_2_1,cyclic_4_1,cyclic_2_1,unroll_2,unroll_2,pipeline_1,1,1,0.80698263138,False
workload_3203.cpp,xcu200-fsgd2104-2-e,10,34.95294,451,1,1,2,9,cyclic_2_1,cyclic_4_1,cyclic_4_1,unroll_2,pipeline_1,pipeline_1,1,3.25,0.995044697003,False
workload_3088.cpp,xcu200-fsgd2104-2-e,10,295.68858,45,1,1,1,1,cyclic_2_1,cyclic_4_1,cyclic_4_1,unroll_4,unroll_2,pipeline_1,1,1,0.792046063502,False
workload_2876.cpp,xcu200-fsgd2104-2-e,10,412.88585,96,2,1,1,2,cyclic_2_1,cyclic_64_1,complete_1,unroll_4,unroll_2,unroll_2,1,1.5,0.63826611815,False
workload_2820.cpp,xcu200-fsgd2104-2-e,10,412.88602,96,2,1,1,2,cyclic_2_1,cyclic_64_1,cyclic_4_1,unroll_4,unroll_2,unroll_2,1,1.5,0.638265908062,False
workload_3325.cpp,xcu200-fsgd2104-2-e,10,35.32437,735,1,1,4,19,cyclic_2_1,cyclic_8_1,complete_1,unroll_2,pipeline_1,pipeline_1,1,6.25,0.907954637,False
workload_3390.cpp,xcu200-fsgd2104-2-e,10,35.32437,636,1,1,4,19,cyclic_2_1,cyclic_8_1,complete_1,unroll_2,pipeline_1,unroll_8,1,6.25,0.907954637,False
workload_3439.cpp,xcu200-fsgd2104-2-e,10,397.90997,104,1,1,1,2,cyclic_2_1,cyclic_8_1,complete_1,unroll_2,unroll_2,unroll_32,1,1.25,0.656814983815,False
workload_3419.cpp,xcu200-fsgd2104-2-e,10,412.88585,52,1,1,1,1,cyclic_2_1,cyclic_8_1,complete_1,unroll_4,unroll_2,unroll_2,1,1,0.637763591844,False
workload_3146.cpp,xcu200-fsgd2104-2-e,10,35.32446,715,1,1,4,19,cyclic_2_1,cyclic_8_1,cyclic_2_1,unroll_2,pipeline_1,unroll_8,1,6.25,0.907954598143,False
workload_2920.cpp,xcu200-fsgd2104-2-e,10,35.60958,339,3,1,2,8,cyclic_32_1,block_2_1,complete_1,unroll_2,pipeline_1,unroll_8,1,3.5,0.985133772275,False
workload_2858.cpp,xcu200-fsgd2104-2-e,10,289.89574,64,3,1,1,1,cyclic_32_1,block_2_1,complete_1,unroll_2,unroll_2,unroll_8,1,1.5,0.795658328905,False
workload_2778.cpp,xcu200-fsgd2104-2-e,10,35.61103,524,3,1,5,11,cyclic_32_1,block_4_1,block_4_1,unroll_2,pipeline_1,unroll_64,1,5,0.944066175946,False
workload_2853.cpp,xcu200-fsgd2104-2-e,10,286.04799,49,3,1,1,1,cyclic_32_1,block_4_1,block_4_1,unroll_2,unroll_2,pipeline_1,1,1.5,0.798969455103,False
workload_2860.cpp,xcu200-fsgd2104-2-e,10,294.22223,61,3,1,1,1,cyclic_32_1,block_4_1,block_4_1,unroll_2,unroll_2,unroll_4,1,1.5,0.791148587319,False
workload_2814.cpp,xcu200-fsgd2104-2-e,10,427.98399,56,3,1,1,1,cyclic_32_1,block_4_1,block_4_1,unroll_2,unroll_4,pipeline_1,1,1.5,0.61976315193,False
workload_2875.cpp,xcu200-fsgd2104-2-e,10,432.08111,93,3,1,1,3,cyclic_32_1,block_4_1,block_4_1,unroll_2,unroll_4,unroll_8,1,2,0.614440062523,False
workload_2917.cpp,xcu200-fsgd2104-2-e,10,35.61094,400,3,1,5,11,cyclic_32_1,block_4_1,complete_1,unroll_2,pipeline_1,unroll_4,1,5,0.944066246847,False
workload_2864.cpp,xcu200-fsgd2104-2-e,10,427.98399,59,3,1,1,1,cyclic_32_1,block_4_1,cyclic_4_1,unroll_2,unroll_4,pipeline_1,1,1.5,0.61976315193,False
workload_2732.cpp,xcu200-fsgd2104-2-e,10,380.59423,78,3,1,1,2,cyclic_32_1,block_8_1,block_2_1,unroll_2,unroll_2,unroll_8,1,1.75,0.678625276974,False
workload_2960.cpp,xcu200-fsgd2104-2-e,10,35.96191,448,3,1,7,13,cyclic_32_1,block_8_1,block_4_1,unroll_2,pipeline_1,unroll_64,1,6,0.916098252238,False
workload_2816.cpp,xcu200-fsgd2104-2-e,10,384.92063,63,3,1,1,1,cyclic_32_1,block_8_1,block_4_1,unroll_2,unroll_2,unroll_4,1,1.5,0.673350805966,False
workload_2821.cpp,xcu200-fsgd2104-2-e,10,378.09814,104,3,1,1,2,cyclic_32_1,block_8_1,complete_1,unroll_2,unroll_2,unroll_16,1,1.75,0.681806412664,False
workload_2773.cpp,xcu200-fsgd2104-2-e,10,380.59414,73,3,1,1,2,cyclic_32_1,block_8_1,complete_1,unroll_2,unroll_2,unroll_8,1,1.75,0.678625391547,False
workload_2829.cpp,xcu200-fsgd2104-2-e,10,35.60831,449,3,1,2,8,cyclic_32_1,cyclic_2_1,block_2_1,unroll_2,pipeline_1,unroll_64,1,3.5,0.985133932575,False
workload_2733.cpp,xcu200-fsgd2104-2-e,10,35.60831,430,3,1,2,8,cyclic_32_1,cyclic_2_1,block_4_1,unroll_2,pipeline_1,unroll_64,1,3.5,0.985133932575,False
workload_2902.cpp,xcu200-fsgd2104-2-e,10,307.36783,138,3,1,1,3,cyclic_32_1,cyclic_2_1,block_4_1,unroll_2,unroll_2,unroll_64,1,2,0.770522750031,False
workload_2976.cpp,xcu200-fsgd2104-2-e,10,285.69435,53,3,1,1,1,cyclic_32_1,cyclic_2_1,block_4_1,unroll_4,unroll_2,pipeline_1,1,1.5,0.799233784633,False
workload_2988.cpp,xcu200-fsgd2104-2-e,10,310.86223,57,3,1,1,1,cyclic_32_1,cyclic_2_1,cyclic_2_1,unroll_2,unroll_2,unroll_8,1,1.5,0.770404190841,False
workload_2782.cpp,xcu200-fsgd2104-2-e,10,877.82155,2831,3,1,2,21,cyclic_32_1,cyclic_32_1,cyclic_4_1,unroll_4,unroll_32,pipeline_1,1,6.75,0.21021906673,False
workload_2957.cpp,xcu200-fsgd2104-2-e,10,307.36783,156,3,1,1,3,cyclic_32_1,cyclic_4_1,block_2_1,unroll_2,unroll_2,unroll_64,1,2,0.770522750031,False
workload_2881.cpp,xcu200-fsgd2104-2-e,10,35.60831,479,3,1,2,9,cyclic_32_1,cyclic_4_1,cyclic_4_1,unroll_2,pipeline_1,unroll_64,1,3.75,0.975337721193,False
workload_2967.cpp,xcu200-fsgd2104-2-e,10,35.60831,443,3,1,2,9,cyclic_32_1,cyclic_4_1,cyclic_4_1,unroll_2,pipeline_1,unroll_8,1,3.75,0.975337721193,False
workload_2944.cpp,xcu200-fsgd2104-2-e,10,310.86223,59,3,1,1,1,cyclic_32_1,cyclic_4_1,cyclic_4_1,unroll_2,unroll_2,unroll_8,1,1.5,0.770404190841,False
workload_2904.cpp,xcu200-fsgd2104-2-e,10,308.86539,103,3,1,1,3,cyclic_32_1,cyclic_4_1,cyclic_4_1,unroll_4,unroll_2,unroll_16,1,2,0.768782450294,False
workload_2696.cpp,xcu200-fsgd2104-2-e,10,562.71348,1684,4,1,1,14,cyclic_32_1,cyclic_64_1,complete_1,unroll_17,unroll_4,pipeline_1,1,5,0.459633465243,False
workload_2837.cpp,xcu200-fsgd2104-2-e,10,562.71365,1591,4,1,1,14,cyclic_32_1,cyclic_64_1,cyclic_2_1,unroll_17,unroll_4,pipeline_1,1,5,0.459633298082,False
workload_3410.cpp,xcu200-fsgd2104-2-e,10,35.30645,497,1,1,9,16,cyclic_4_1,block_128_1,complete_1,unroll_2,pipeline_1,pipeline_1,1,6.75,0.890497000161,False
workload_3239.cpp,xcu200-fsgd2104-2-e,10,35.30633,1457,1,1,17,31,cyclic_4_1,block_128_1,complete_1,unroll_4,pipeline_1,unroll_2,1,12.5,0.758734334448,False
workload_3095.cpp,xcu200-fsgd2104-2-e,10,34.9543,364,2,1,2,8,cyclic_4_1,block_2_1,block_2_1,unroll_2,pipeline_1,pipeline_1,1,3.25,0.995043608111,False
workload_2716.cpp,xcu200-fsgd2104-2-e,10,34.95421,359.5,2,1,2,8,cyclic_4_1,block_2_1,complete_1,unroll_2,pipeline_1,pipeline_1,2,3.25,0.995043680178,False
workload_3405.cpp,xcu200-fsgd2104-2-e,10,34.95421,295,2,1,2,8,cyclic_4_1,block_2_1,complete_1,unroll_2,pipeline_1,unroll_2,1,3.25,0.995043680178,False
workload_3385.cpp,xcu200-fsgd2104-2-e,10,34.95421,327,2,1,2,8,cyclic_4_1,block_2_1,complete_1,unroll_2,pipeline_1,unroll_32,1,3.25,0.995043680178,False
workload_3442.cpp,xcu200-fsgd2104-2-e,10,34.95421,333,2,1,2,8,cyclic_4_1,block_2_1,complete_1,unroll_2,pipeline_1,unroll_64,1,3.25,0.995043680178,False
workload_2999.cpp,xcu200-fsgd2104-2-e,10,34.95477,887.5,2,1,4,16,cyclic_4_1,block_2_1,complete_1,unroll_4,pipeline_1,pipeline_1,2,5.75,0.924759065093,False
workload_2852.cpp,xcu200-fsgd2104-2-e,10,285.39241,49,2,1,1,1,cyclic_4_1,block_2_1,complete_1,unroll_4,unroll_2,pipeline_1,1,1.25,0.803136688189,False
workload_2948.cpp,xcu200-fsgd2104-2-e,10,294.56505,55,2,1,1,1,cyclic_4_1,block_2_1,complete_1,unroll_4,unroll_2,unroll_4,1,1.25,0.79309124702,False
workload_2959.cpp,xcu200-fsgd2104-2-e,10,34.95294,353.5,2,1,2,8,cyclic_4_1,block_2_1,cyclic_2_1,unroll_2,pipeline_1,pipeline_1,2,3.25,0.995044697003,False
workload_3345.cpp,xcu200-fsgd2104-2-e,10,34.95294,365,2,1,2,8,cyclic_4_1,block_2_1,cyclic_2_1,unroll_2,pipeline_1,unroll_2,1,3.25,0.995044697003,False
workload_3091.cpp,xcu200-fsgd2104-2-e,10,34.95294,339,2,1,2,8,cyclic_4_1,block_2_1,cyclic_2_1,unroll_2,pipeline_1,unroll_4,1,3.25,0.995044697003,False
workload_3231.cpp,xcu200-fsgd2104-2-e,10,34.95294,369,2,1,2,8,cyclic_4_1,block_2_1,cyclic_2_1,unroll_2,pipeline_1,unroll_64,2,3.25,0.995044697003,False
workload_3164.cpp,xcu200-fsgd2104-2-e,10,34.95294,343.5,2,1,2,8,cyclic_4_1,block_2_1,cyclic_2_1,unroll_2,pipeline_1,unroll_8,2,3.25,0.995044697003,False
workload_3059.cpp,xcu200-fsgd2104-2-e,10,285.39262,45,2,1,1,1,cyclic_4_1,block_2_1,cyclic_2_1,unroll_2,unroll_2,pipeline_1,1,1.25,0.803136532842,False
workload_2998.cpp,xcu200-fsgd2104-2-e,10,34.95566,433,1,1,5,12,cyclic_4_1,block_4_1,block_2_1,unroll_2,pipeline_1,pipeline_1,1,4.75,0.949392939171,False
workload_3014.cpp,xcu200-fsgd2104-2-e,10,293.56686,45,1,1,1,1,cyclic_4_1,block_4_1,block_2_1,unroll_2,unroll_2,unroll_4,1,1,0.795010042453,False
workload_2985.cpp,xcu200-fsgd2104-2-e,10,520.89326,85,1,1,1,2,cyclic_4_1,block_4_1,block_2_1,unroll_2,unroll_8,unroll_4,1,1.25,0.512732379114,False
workload_3093.cpp,xcu200-fsgd2104-2-e,10,34.95566,400,1,1,5,12,cyclic_4_1,block_4_1,block_4_1,unroll_2,pipeline_1,pipeline_1,1,4.75,0.949392939171,False
workload_2981.cpp,xcu200-fsgd2104-2-e,10,285.39235,105,1,1,1,4,cyclic_4_1,block_4_1,complete_1,unroll_17,unroll_2,pipeline_1,1,1.75,0.795674162513,False
workload_2780.cpp,xcu200-fsgd2104-2-e,10,34.95557,482,1,1,5,12,cyclic_4_1,block_4_1,complete_1,unroll_2,pipeline_1,pipeline_1,1,4.75,0.949393009365,False
workload_3131.cpp,xcu200-fsgd2104-2-e,10,34.95557,442,1,1,5,12,cyclic_4_1,block_4_1,complete_1,unroll_2,pipeline_1,unroll_64,1,4.75,0.949393009365,False
workload_2897.cpp,xcu200-fsgd2104-2-e,10,286.91077,78,1,1,1,2,cyclic_4_1,block_4_1,complete_1,unroll_2,unroll_2,unroll_16,1,1.25,0.801885942541,False
workload_3072.cpp,xcu200-fsgd2104-2-e,10,34.95545,1161,1,1,11,23,cyclic_4_1,block_4_1,complete_1,unroll_4,pipeline_1,unroll_8,1,9,0.869420313178,False
workload_2900.cpp,xcu200-fsgd2104-2-e,10,285.39241,52,1,1,1,1,cyclic_4_1,block_4_1,complete_1,unroll_4,unroll_2,pipeline_1,1,1,0.806484608394,False
workload_3061.cpp,xcu200-fsgd2104-2-e,10,34.9543,420,1,1,5,12,cyclic_4_1,block_4_1,cyclic_2_1,unroll_2,pipeline_1,unroll_4,1,4.75,0.949393999863,False
workload_2893.cpp,xcu200-fsgd2104-2-e,10,285.39262,43,1,1,1,1,cyclic_4_1,block_4_1,cyclic_2_1,unroll_2,unroll_2,pipeline_1,1,1,0.806484312495,False
workload_3126.cpp,xcu200-fsgd2104-2-e,10,285.39252,100,1,1,1,4,cyclic_4_1,block_4_1,cyclic_4_1,unroll_17,unroll_2,pipeline_1,1,1.75,0.795674041144,False
workload_2993.cpp,xcu200-fsgd2104-2-e,10,295.31396,165,1,2,2,4,cyclic_4_1,block_4_1,cyclic_4_1,unroll_17,unroll_2,unroll_4,1,2.25,0.779742396113,False
workload_3159.cpp,xcu200-fsgd2104-2-e,10,285.39262,43,1,1,1,1,cyclic_4_1,block_4_1,cyclic_4_1,unroll_2,unroll_2,pipeline_1,1,1,0.806484312495,False
workload_2910.cpp,xcu200-fsgd2104-2-e,10,286.91086,83,1,1,1,2,cyclic_4_1,block_4_1,cyclic_4_1,unroll_2,unroll_2,unroll_16,1,1.25,0.801885861162,False
workload_3030.cpp,xcu200-fsgd2104-2-e,10,35.30654,451.5,2,1,7,13,cyclic_4_1,block_8_1,block_2_1,unroll_2,pipeline_1,unroll_16,2,5.75,0.92455633307,False
workload_2932.cpp,xcu200-fsgd2104-2-e,10,375.73725,47,2,1,1,1,cyclic_4_1,cyclic_16_1,complete_1,unroll_2,unroll_2,pipeline_1,1,1.25,0.685034337397,False
workload_3057.cpp,xcu200-fsgd2104-2-e,10,34.95294,350,2,1,2,8,cyclic_4_1,cyclic_2_1,block_2_1,unroll_2,pipeline_1,pipeline_1,1,3.25,0.995044697003,False
workload_2964.cpp,xcu200-fsgd2104-2-e,10,34.95294,352,2,1,2,8,cyclic_4_1,cyclic_2_1,block_2_1,unroll_2,pipeline_1,unroll_16,2,3.25,0.995044697003,False
workload_3031.cpp,xcu200-fsgd2104-2-e,10,34.95294,365,2,1,2,8,cyclic_4_1,cyclic_2_1,block_2_1,unroll_2,pipeline_1,unroll_64,2,3.25,0.995044697003,False
workload_2815.cpp,xcu200-fsgd2104-2-e,10,308.21006,59,2,1,1,1,cyclic_4_1,cyclic_2_1,block_2_1,unroll_2,unroll_2,unroll_16,1,1.25,0.774830266989,False
workload_3053.cpp,xcu200-fsgd2104-2-e,10,306.71246,140,2,1,1,3,cyclic_4_1,cyclic_2_1,block_2_1,unroll_2,unroll_2,unroll_64,1,1.75,0.773862993932,False
workload_2922.cpp,xcu200-fsgd2104-2-e,10,34.9529,961,2,1,4,16,cyclic_4_1,cyclic_2_1,block_2_1,unroll_4,pipeline_1,pipeline_1,1,5.75,0.924760135102,False
workload_3036.cpp,xcu200-fsgd2104-2-e,10,34.9529,1067,2,1,4,16,cyclic_4_1,cyclic_2_1,block_2_1,unroll_4,pipeline_1,unroll_64,1,5.75,0.924760135102,False
workload_2854.cpp,xcu200-fsgd2104-2-e,10,290.36378,48,2,1,1,1,cyclic_4_1,cyclic_2_1,block_2_1,unroll_4,unroll_2,pipeline_1,2,1.25,0.798272169213,False
workload_3268.cpp,xcu200-fsgd2104-2-e,10,34.95294,398,2,1,2,8,cyclic_4_1,cyclic_2_1,block_4_1,unroll_2,pipeline_1,unroll_8,1,3.25,0.995044697003,False
workload_3101.cpp,xcu200-fsgd2104-2-e,10,290.36355,87.5,2,1,1,3,cyclic_4_1,cyclic_2_1,complete_1,unroll_17,unroll_2,pipeline_1,2,1.75,0.791670680998,False
workload_3286.cpp,xcu200-fsgd2104-2-e,10,314.20019,105,2,1,1,3,cyclic_4_1,cyclic_2_1,complete_1,unroll_17,unroll_2,unroll_4,1,1.75,0.764535100396,False
workload_3054.cpp,xcu200-fsgd2104-2-e,10,310.20659,140,2,1,1,4,cyclic_4_1,cyclic_2_1,complete_1,unroll_17,unroll_2,unroll_8,1,2,0.76720579173,False
workload_3165.cpp,xcu200-fsgd2104-2-e,10,34.95285,368,2,1,2,8,cyclic_4_1,cyclic_2_1,complete_1,unroll_2,pipeline_1,pipeline_1,4,3.25,1,True
workload_3025.cpp,xcu200-fsgd2104-2-e,10,34.95285,334,2,1,2,8,cyclic_4_1,cyclic_2_1,complete_1,unroll_2,pipeline_1,unroll_16,2,3.25,1,True
workload_3256.cpp,xcu200-fsgd2104-2-e,10,34.95285,339,2,1,2,8,cyclic_4_1,cyclic_2_1,complete_1,unroll_2,pipeline_1,unroll_2,2,3.25,1,True
workload_3288.cpp,xcu200-fsgd2104-2-e,10,34.95285,397,2,1,2,8,cyclic_4_1,cyclic_2_1,complete_1,unroll_2,pipeline_1,unroll_32,1,3.25,1,True
workload_3287.cpp,xcu200-fsgd2104-2-e,10,34.95285,379,2,1,2,8,cyclic_4_1,cyclic_2_1,complete_1,unroll_2,pipeline_1,unroll_4,1,3.25,1,True
workload_2996.cpp,xcu200-fsgd2104-2-e,10,34.95285,371,2,1,2,8,cyclic_4_1,cyclic_2_1,complete_1,unroll_2,pipeline_1,unroll_64,2,3.25,1,True
workload_3092.cpp,xcu200-fsgd2104-2-e,10,34.95285,352.5,2,1,2,8,cyclic_4_1,cyclic_2_1,complete_1,unroll_2,pipeline_1,unroll_8,2,3.25,1,True
workload_2947.cpp,xcu200-fsgd2104-2-e,10,290.36365,40.5,2,1,1,1,cyclic_4_1,cyclic_2_1,complete_1,unroll_2,unroll_2,pipeline_1,2,1.25,0.798272319844,False
workload_2856.cpp,xcu200-fsgd2104-2-e,10,308.20997,61,2,1,1,1,cyclic_4_1,cyclic_2_1,complete_1,unroll_2,unroll_2,unroll_16,1,1.25,0.77483038923,False
workload_3166.cpp,xcu200-fsgd2104-2-e,10,310.20677,47,2,1,1,1,cyclic_4_1,cyclic_2_1,complete_1,unroll_2,unroll_2,unroll_8,1,1.25,0.772117311069,False
workload_3065.cpp,xcu200-fsgd2104-2-e,10,34.95273,997,2,1,4,16,cyclic_4_1,cyclic_2_1,complete_1,unroll_4,pipeline_1,pipeline_1,2,5.75,0.924760232371,False
workload_3171.cpp,xcu200-fsgd2104-2-e,10,34.95273,1012,2,1,4,16,cyclic_4_1,cyclic_2_1,complete_1,unroll_4,pipeline_1,unroll_16,2,5.75,0.924760232371,False
workload_3138.cpp,xcu200-fsgd2104-2-e,10,34.95273,1000.5,2,1,4,16,cyclic_4_1,cyclic_2_1,complete_1,unroll_4,pipeline_1,unroll_8,2,5.75,0.924760232371,False
workload_2713.cpp,xcu200-fsgd2104-2-e,10,285.03881,50,2,1,1,1,cyclic_4_1,cyclic_2_1,complete_1,unroll_4,unroll_2,pipeline_1,1,1.25,0.803391118237,False
workload_3254.cpp,xcu200-fsgd2104-2-e,10,306.71225,233,2,1,1,6,cyclic_4_1,cyclic_2_1,complete_1,unroll_4,unroll_2,unroll_64,1,2.5,0.764890014072,False
workload_2952.cpp,xcu200-fsgd2104-2-e,10,663.03401,287,2,1,2,10,cyclic_4_1,cyclic_2_1,complete_1,unroll_4,unroll_32,pipeline_1,1,3.75,0.370740684817,False
workload_3197.cpp,xcu200-fsgd2104-2-e,10,34.95294,356,2,1,2,8,cyclic_4_1,cyclic_2_1,cyclic_2_1,unroll_2,pipeline_1,pipeline_1,1,3.25,0.995044697003,False
workload_3037.cpp,xcu200-fsgd2104-2-e,10,34.9529,951,2,1,4,16,cyclic_4_1,cyclic_2_1,cyclic_4_1,unroll_4,pipeline_1,pipeline_1,1,5.75,0.924760135102,False
workload_2936.cpp,xcu200-fsgd2104-2-e,10,375.73738,61,2,1,1,1,cyclic_4_1,cyclic_32_1,block_2_1,unroll_4,unroll_2,pipeline_1,1,1.25,0.685034169979,False
workload_2942.cpp,xcu200-fsgd2104-2-e,10,400.90505,114,2,1,1,3,cyclic_4_1,cyclic_32_1,complete_1,unroll_4,unroll_2,unroll_8,1,1.75,0.65301495673,False
workload_3020.cpp,xcu200-fsgd2104-2-e,10,285.03892,91,1,1,1,3,cyclic_4_1,cyclic_4_1,block_2_1,unroll_17,unroll_2,pipeline_1,1,1.5,0.799704930992,False
workload_3167.cpp,xcu200-fsgd2104-2-e,10,34.95294,427,1,1,2,9,cyclic_4_1,cyclic_4_1,block_2_1,unroll_2,pipeline_1,pipeline_1,1,3.25,0.995044697003,False
workload_3103.cpp,xcu200-fsgd2104-2-e,10,34.95294,439,1,1,2,9,cyclic_4_1,cyclic_4_1,block_2_1,unroll_2,pipeline_1,unroll_16,1,3.25,0.995044697003,False
workload_2892.cpp,xcu200-fsgd2104-2-e,10,314.20046,43,1,1,1,1,cyclic_4_1,cyclic_4_1,block_2_1,unroll_2,unroll_2,unroll_4,1,1,0.766437949284,False
workload_2865.cpp,xcu200-fsgd2104-2-e,10,310.20686,54,1,1,1,1,cyclic_4_1,cyclic_4_1,block_2_1,unroll_2,unroll_2,unroll_8,1,1,0.771923928213,False
workload_3168.cpp,xcu200-fsgd2104-2-e,10,34.95285,441,1,1,2,9,cyclic_4_1,cyclic_4_1,complete_1,unroll_2,pipeline_1,pipeline_1,2,3.25,1,True
workload_3348.cpp,xcu200-fsgd2104-2-e,10,34.95285,451,1,1,2,9,cyclic_4_1,cyclic_4_1,complete_1,unroll_2,pipeline_1,unroll_2,1,3.25,1,True
workload_3098.cpp,xcu200-fsgd2104-2-e,10,34.95285,440,1,1,2,9,cyclic_4_1,cyclic_4_1,complete_1,unroll_2,pipeline_1,unroll_64,2,3.25,1,True
workload_3169.cpp,xcu200-fsgd2104-2-e,10,34.95285,449,1,1,2,9,cyclic_4_1,cyclic_4_1,complete_1,unroll_2,pipeline_1,unroll_8,1,3.25,1,True
workload_3128.cpp,xcu200-fsgd2104-2-e,10,290.36365,41.5,1,1,1,1,cyclic_4_1,cyclic_4_1,complete_1,unroll_2,unroll_2,pipeline_1,2,1,0.799496017609,False
workload_3191.cpp,xcu200-fsgd2104-2-e,10,314.20037,43,1,1,1,1,cyclic_4_1,cyclic_4_1,complete_1,unroll_2,unroll_2,unroll_4,1,1,0.766438072676,False
workload_3079.cpp,xcu200-fsgd2104-2-e,10,34.95273,981.5,1,1,4,16,cyclic_4_1,cyclic_4_1,complete_1,unroll_4,pipeline_1,pipeline_1,2,5.5,0.932357960975,False
workload_3425.cpp,xcu200-fsgd2104-2-e,10,34.95273,930,1,1,4,16,cyclic_4_1,cyclic_4_1,complete_1,unroll_4,pipeline_1,unroll_4,1,5.5,0.932357960975,False
workload_3016.cpp,xcu200-fsgd2104-2-e,10,285.03881,48,1,1,1,1,cyclic_4_1,cyclic_4_1,complete_1,unroll_4,unroll_2,pipeline_1,1,1,1,True
workload_2880.cpp,xcu200-fsgd2104-2-e,10,663.03401,312,1,1,2,10,cyclic_4_1,cyclic_4_1,complete_1,unroll_4,unroll_32,pipeline_1,1,3.5,0.371268416926,False
workload_2774.cpp,xcu200-fsgd2104-2-e,10,510.72041,95,1,1,1,3,cyclic_4_1,cyclic_4_1,complete_1,unroll_4,unroll_8,pipeline_1,1,1.5,0.523989395529,False
workload_3097.cpp,xcu200-fsgd2104-2-e,10,34.95294,429,1,1,2,9,cyclic_4_1,cyclic_4_1,cyclic_2_1,unroll_2,pipeline_1,pipeline_1,1,3.25,0.995044697003,False
workload_3139.cpp,xcu200-fsgd2104-2-e,10,34.9529,987,1,1,4,16,cyclic_4_1,cyclic_4_1,cyclic_2_1,unroll_4,pipeline_1,pipeline_1,1,5.5,0.932357848323,False
workload_3096.cpp,xcu200-fsgd2104-2-e,10,34.95294,426,1,1,2,9,cyclic_4_1,cyclic_4_1,cyclic_4_1,unroll_2,pipeline_1,pipeline_1,1,3.25,0.995044697003,False
workload_3123.cpp,xcu200-fsgd2104-2-e,10,322.18766,41,1,1,1,1,cyclic_4_1,cyclic_4_1,cyclic_4_1,unroll_2,unroll_2,unroll_2,1,1,0.75552998555,False
workload_2941.cpp,xcu200-fsgd2104-2-e,10,412.88606,46,2,1,1,1,cyclic_4_1,cyclic_8_1,block_2_1,unroll_2,unroll_2,unroll_2,1,1.25,0.638137703773,False
workload_2758.cpp,xcu200-fsgd2104-2-e,10,686.80756,2483,3,1,2,22,cyclic_64_1,cyclic_16_1,complete_1,unroll_17,unroll_8,pipeline_1,1,7,0.338650833586,False
workload_2831.cpp,xcu200-fsgd2104-2-e,10,671.22763,293,3,1,1,5,cyclic_64_1,cyclic_16_1,cyclic_4_1,unroll_4,unroll_8,pipeline_1,1,2.5,0.365507267175,False
workload_2838.cpp,xcu200-fsgd2104-2-e,10,675.66661,3518,3,1,2,26,cyclic_64_1,cyclic_32_1,cyclic_2_1,unroll_17,unroll_8,pipeline_1,1,8,0.341891716039,False
workload_2861.cpp,xcu200-fsgd2104-2-e,10,384.92063,56,3,1,1,1,cyclic_8_1,block_16_1,block_2_1,unroll_2,unroll_2,unroll_4,1,1.5,0.673350805966,False
workload_2966.cpp,xcu200-fsgd2104-2-e,10,35.60958,321,3,1,2,8,cyclic_8_1,block_2_1,complete_1,unroll_2,pipeline_1,unroll_64,1,3.5,0.985133772275,False
workload_2800.cpp,xcu200-fsgd2104-2-e,10,35.60958,389,3,1,2,8,cyclic_8_1,block_2_1,complete_1,unroll_2,pipeline_1,unroll_8,1,3.5,0.985133772275,False
workload_2894.cpp,xcu200-fsgd2104-2-e,10,289.89574,56,3,1,1,1,cyclic_8_1,block_2_1,complete_1,unroll_2,unroll_2,unroll_8,1,1.5,0.795658328905,False
workload_3260.cpp,xcu200-fsgd2104-2-e,10,35.60831,359,3,1,2,8,cyclic_8_1,block_2_1,cyclic_2_1,unroll_2,pipeline_1,unroll_4,1,3.5,0.985133932575,False
workload_2921.cpp,xcu200-fsgd2104-2-e,10,288.43973,736,3,1,5,12,cyclic_8_1,block_2_1,cyclic_4_1,unroll_17,unroll_2,unroll_16,1,5.25,0.731067699281,False
workload_2961.cpp,xcu200-fsgd2104-2-e,10,35.61094,375,3,1,5,11,cyclic_8_1,block_4_1,complete_1,unroll_2,pipeline_1,unroll_8,1,5,0.944066246847,False
workload_2818.cpp,xcu200-fsgd2104-2-e,10,287.56623,83,3,1,1,2,cyclic_8_1,block_4_1,cyclic_4_1,unroll_2,unroll_2,unroll_16,1,1.75,0.794033641266,False
workload_2908.cpp,xcu200-fsgd2104-2-e,10,295.22059,64,3,1,1,1,cyclic_8_1,block_4_1,cyclic_4_1,unroll_4,unroll_2,unroll_4,1,1.5,0.790020815976,False
workload_2879.cpp,xcu200-fsgd2104-2-e,10,35.96182,422,3,1,7,13,cyclic_8_1,block_8_1,complete_1,unroll_2,pipeline_1,unroll_8,1,6,0.916098298546,False
workload_2715.cpp,xcu200-fsgd2104-2-e,10,399.56383,90,3,1,1,2,cyclic_8_1,cyclic_16_1,block_2_1,unroll_2,unroll_2,unroll_16,1,1.75,0.654690497911,False
workload_2886.cpp,xcu200-fsgd2104-2-e,10,35.97962,1838,3,1,9,36,cyclic_8_1,cyclic_16_1,complete_1,unroll_4,pipeline_1,pipeline_1,1,12.25,0.767001296844,False
workload_2822.cpp,xcu200-fsgd2104-2-e,10,376.39258,58,3,1,1,1,cyclic_8_1,cyclic_16_1,complete_1,unroll_4,unroll_2,pipeline_1,1,1.5,0.68425441094,False
workload_3162.cpp,xcu200-fsgd2104-2-e,10,285.69412,96,3,1,1,3,cyclic_8_1,cyclic_2_1,complete_1,unroll_17,unroll_2,pipeline_1,1,2,0.791583426553,False
workload_3255.cpp,xcu200-fsgd2104-2-e,10,35.60822,359,3,1,2,8,cyclic_8_1,cyclic_2_1,complete_1,unroll_2,pipeline_1,pipeline_1,1,3.5,0.985133943923,False
workload_3222.cpp,xcu200-fsgd2104-2-e,10,35.60822,322,3,1,2,8,cyclic_8_1,cyclic_2_1,complete_1,unroll_2,pipeline_1,unroll_8,1,3.5,0.985133943923,False
workload_3125.cpp,xcu200-fsgd2104-2-e,10,285.69422,44,3,1,1,1,cyclic_8_1,cyclic_2_1,complete_1,unroll_2,unroll_2,pipeline_1,1,1.5,0.799233880501,False
workload_2974.cpp,xcu200-fsgd2104-2-e,10,285.69435,50,3,1,1,1,cyclic_8_1,cyclic_4_1,block_2_1,unroll_4,unroll_2,pipeline_1,1,1.5,0.799233784633,False
workload_3099.cpp,xcu200-fsgd2104-2-e,10,35.60831,452,3,1,2,9,cyclic_8_1,cyclic_4_1,block_4_1,unroll_2,pipeline_1,unroll_8,1,3.75,0.975337721193,False
workload_2284.cpp,xczu7ev-ffvc1156-2-e,3.33,43.56753219,1422,25,1,14,44,block_1024_1,block_256_1,block_2_1,unroll_2,pipeline_1,unroll_16,1,21,0.713113739444,False
workload_2195.cpp,xczu7ev-ffvc1156-2-e,3.33,116.47385955,40,25,1,1,4,block_1024_1,block_256_1,block_2_1,unroll_2,unroll_2,pipeline_1,1,7.75,0.94179699252,False
workload_2440.cpp,xczu7ev-ffvc1156-2-e,3.33,136.32481539,56,25,1,2,7,block_1024_1,block_256_1,block_2_1,unroll_2,unroll_2,unroll_16,1,8.75,0.860596765161,False
workload_2153.cpp,xczu7ev-ffvc1156-2-e,3.33,333.32388579,1535,25,1,24,80,block_1024_1,block_256_1,block_2_1,unroll_2,unroll_64,unroll_8,1,32.5,0.117018221174,False
workload_2309.cpp,xczu7ev-ffvc1156-2-e,3.33,43.56753219,1308,25,1,14,44,block_1024_1,block_256_1,block_4_1,unroll_2,pipeline_1,pipeline_1,1,21,0.713113739444,False
workload_2272.cpp,xczu7ev-ffvc1156-2-e,3.33,116.47385955,40,25,1,1,5,block_1024_1,block_256_1,block_4_1,unroll_2,unroll_2,pipeline_1,1,8,0.93735429289,False
workload_2207.cpp,xczu7ev-ffvc1156-2-e,3.33,43.56744894,1321.5,25,1,14,44,block_1024_1,block_256_1,complete_1,unroll_2,pipeline_1,pipeline_1,2,21,0.713113643184,False
workload_2635.cpp,xczu7ev-ffvc1156-2-e,3.33,43.56744894,1269,25,1,14,44,block_1024_1,block_256_1,complete_1,unroll_2,pipeline_1,unroll_4,1,21,0.713113643184,False
workload_2216.cpp,xczu7ev-ffvc1156-2-e,3.33,116.47374966,35,25,1,1,4,block_1024_1,block_256_1,complete_1,unroll_2,unroll_2,pipeline_1,1,7.75,0.941797334304,False
workload_2422.cpp,xczu7ev-ffvc1156-2-e,3.33,136.32473214,56,25,1,2,7,block_1024_1,block_256_1,complete_1,unroll_2,unroll_2,unroll_16,1,8.75,0.860597091488,False
workload_2447.cpp,xczu7ev-ffvc1156-2-e,3.33,138.54118014,46,25,1,2,6,block_1024_1,block_256_1,complete_1,unroll_2,unroll_2,unroll_8,1,8.5,0.855349062514,False
workload_2178.cpp,xczu7ev-ffvc1156-2-e,3.33,43.56753219,1341,25,1,14,44,block_1024_1,block_256_1,cyclic_2_1,unroll_2,pipeline_1,unroll_16,1,21,0.713113739444,False
workload_2439.cpp,xczu7ev-ffvc1156-2-e,3.33,136.32481539,55,25,1,2,7,block_1024_1,block_256_1,cyclic_2_1,unroll_2,unroll_2,unroll_16,1,8.75,0.860596765161,False
workload_2220.cpp,xczu7ev-ffvc1156-2-e,3.33,134.60706819,146,25,1,4,18,block_1024_1,block_256_1,cyclic_2_1,unroll_2,unroll_2,unroll_64,1,12,0.790116785822,False
workload_2108.cpp,xczu7ev-ffvc1156-2-e,3.33,300.70224675,357,25,1,18,65,block_1024_1,block_256_1,cyclic_2_1,unroll_2,unroll_64,pipeline_1,1,27.25,0.169949824769,False
workload_2431.cpp,xczu7ev-ffvc1156-2-e,3.33,43.56798507,1212,32,1,14,43,block_1024_1,block_2_1,block_2_1,unroll_2,pipeline_1,pipeline_1,1,22.5,0.669267484364,False
workload_1868.cpp,xczu7ev-ffvc1156-2-e,3.33,43.458865965,1374.5,28,1,14,42,block_1024_1,block_2_1,block_2_1,unroll_2,pipeline_1,unroll_16,2,21.25,0.705607799845,False
workload_2360.cpp,xczu7ev-ffvc1156-2-e,3.33,43.56798507,1457,32,1,14,43,block_1024_1,block_2_1,block_2_1,unroll_2,pipeline_1,unroll_8,1,22.5,0.669267484364,False
workload_2408.cpp,xczu7ev-ffvc1156-2-e,3.33,130.78380195,40,25,1,2,5,block_1024_1,block_2_1,block_2_1,unroll_2,unroll_2,pipeline_1,1,8.25,0.889187997495,False
workload_1793.cpp,xczu7ev-ffvc1156-2-e,3.33,95.49016758,71,24,1,6,10,block_1024_1,block_2_1,block_2_1,unroll_2,unroll_2,unroll_16,1,10.25,1,True
workload_2641.cpp,xczu7ev-ffvc1156-2-e,3.33,98.42355459,42,25,1,2,6,block_1024_1,block_2_1,block_2_1,unroll_2,unroll_2,unroll_4,1,8.5,0.982134387084,False
workload_1873.cpp,xczu7ev-ffvc1156-2-e,3.33,96.21051318,53,24,1,3,7,block_1024_1,block_2_1,block_2_1,unroll_2,unroll_2,unroll_8,1,8.75,1,True
workload_2331.cpp,xczu7ev-ffvc1156-2-e,3.33,43.56798507,1342,32,1,14,43,block_1024_1,block_2_1,block_4_1,unroll_2,pipeline_1,unroll_16,1,22.5,0.669267484364,False
workload_2243.cpp,xczu7ev-ffvc1156-2-e,3.33,43.56790182,1259.5,32,1,14,43,block_1024_1,block_2_1,complete_1,unroll_2,pipeline_1,pipeline_1,2,22.5,0.669267395712,False
workload_2277.cpp,xczu7ev-ffvc1156-2-e,3.33,43.56790182,1413,32,1,14,43,block_1024_1,block_2_1,complete_1,unroll_2,pipeline_1,unroll_16,1,22.5,0.669267395712,False
workload_2418.cpp,xczu7ev-ffvc1156-2-e,3.33,43.56790182,1307,32,1,14,43,block_1024_1,block_2_1,complete_1,unroll_2,pipeline_1,unroll_2,1,22.5,0.669267395712,False
workload_2328.cpp,xczu7ev-ffvc1156-2-e,3.33,116.59149846,38,25,1,2,5,block_1024_1,block_2_1,complete_1,unroll_2,unroll_2,pipeline_1,1,8.25,0.932155332129,False
workload_2442.cpp,xczu7ev-ffvc1156-2-e,3.33,95.87455614,71,25,1,6,10,block_1024_1,block_2_1,complete_1,unroll_2,unroll_2,unroll_16,1,10.5,0.947242056836,False
workload_2577.cpp,xczu7ev-ffvc1156-2-e,3.33,98.42347134,47,25,1,2,6,block_1024_1,block_2_1,complete_1,unroll_2,unroll_2,unroll_4,1,8.5,0.982134633479,False
workload_2330.cpp,xczu7ev-ffvc1156-2-e,3.33,43.56753219,1301,32,1,14,43,block_1024_1,block_2_1,cyclic_2_1,unroll_2,pipeline_1,pipeline_1,2,22.5,0.669267002086,False
workload_2224.cpp,xczu7ev-ffvc1156-2-e,3.33,43.56753219,1293,32,1,14,43,block_1024_1,block_2_1,cyclic_2_1,unroll_2,pipeline_1,unroll_16,2,22.5,0.669267002086,False
workload_2659.cpp,xczu7ev-ffvc1156-2-e,3.33,130.78380195,37,25,1,2,5,block_1024_1,block_2_1,cyclic_2_1,unroll_2,unroll_2,pipeline_1,1,8.25,0.889187997495,False
workload_1899.cpp,xczu7ev-ffvc1156-2-e,3.33,95.49016758,74,24,1,6,10,block_1024_1,block_2_1,cyclic_2_1,unroll_2,unroll_2,unroll_16,1,10.25,1,True
workload_2354.cpp,xczu7ev-ffvc1156-2-e,3.33,101.30493699,37,25,1,2,5,block_1024_1,block_2_1,cyclic_2_1,unroll_2,unroll_2,unroll_2,1,8.25,0.976573041879,False
workload_2475.cpp,xczu7ev-ffvc1156-2-e,3.33,96.76121859,50,25,1,3,7,block_1024_1,block_2_1,cyclic_2_1,unroll_2,unroll_2,unroll_8,1,9,0.975609585835,False
workload_2504.cpp,xczu7ev-ffvc1156-2-e,3.33,101.30492367,46,25,1,3,7,block_1024_1,block_2_1,cyclic_2_1,unroll_4,unroll_2,unroll_2,1,9,0.962922886579,False
workload_2208.cpp,xczu7ev-ffvc1156-2-e,3.33,43.56798507,1232,32,1,14,43,block_1024_1,block_2_1,cyclic_4_1,unroll_2,pipeline_1,unroll_16,1,22.5,0.669267484364,False
workload_2235.cpp,xczu7ev-ffvc1156-2-e,3.33,43.56798507,1319,32,1,14,43,block_1024_1,block_2_1,cyclic_4_1,unroll_2,pipeline_1,unroll_2,1,22.5,0.669267484364,False
workload_2281.cpp,xczu7ev-ffvc1156-2-e,3.33,43.56843795,1670,35,1,33,61,block_1024_1,block_4_1,block_2_1,unroll_2,pipeline_1,unroll_2,1,32.5,0.492951812259,False
workload_2165.cpp,xczu7ev-ffvc1156-2-e,3.33,116.59160835,42,26,1,2,5,block_1024_1,block_4_1,block_2_1,unroll_2,unroll_2,pipeline_1,1,8.5,0.926906862547,False
workload_2092.cpp,xczu7ev-ffvc1156-2-e,3.33,95.87463939,73,26,4,6,10,block_1024_1,block_4_1,block_2_1,unroll_2,unroll_2,unroll_16,1,11.5,0.910275741529,False
workload_2258.cpp,xczu7ev-ffvc1156-2-e,3.33,95.87455614,84,26,4,6,10,block_1024_1,block_4_1,complete_1,unroll_2,unroll_2,unroll_16,1,11.5,0.910275735947,False
workload_2313.cpp,xczu7ev-ffvc1156-2-e,3.33,95.87463939,75,26,4,6,10,block_1024_1,block_4_1,cyclic_2_1,unroll_2,unroll_2,unroll_16,1,11.5,0.910275741529,False
workload_2315.cpp,xczu7ev-ffvc1156-2-e,3.33,136.32473214,53,26,1,2,8,block_1024_1,block_512_1,complete_1,unroll_2,unroll_2,unroll_16,1,9.25,0.85114726982,False
workload_2275.cpp,xczu7ev-ffvc1156-2-e,3.33,116.47373634,48,26,1,2,7,block_1024_1,block_512_1,complete_1,unroll_4,unroll_2,pipeline_1,1,9,0.915614841441,False
workload_2638.cpp,xczu7ev-ffvc1156-2-e,3.33,43.56753219,1530,26,2,16,47,block_1024_1,block_512_1,cyclic_2_1,unroll_2,pipeline_1,pipeline_1,1,22.75,0.66206659464,False
workload_2227.cpp,xczu7ev-ffvc1156-2-e,3.33,43.56753219,1467,26,2,16,47,block_1024_1,block_512_1,cyclic_2_1,unroll_2,pipeline_1,unroll_16,1,22.75,0.66206659464,False
workload_2276.cpp,xczu7ev-ffvc1156-2-e,3.33,192.02260851,61,26,2,4,10,block_1024_1,block_8_1,block_2_1,unroll_2,unroll_4,unroll_4,1,10.5,0.59804483936,False
workload_1855.cpp,xczu7ev-ffvc1156-2-e,3.33,116.25210486,35,24,1,1,4,block_1024_1,cyclic_2_1,block_2_1,unroll_2,unroll_2,pipeline_1,1,7.5,1,True
workload_1959.cpp,xczu7ev-ffvc1156-2-e,3.33,166.52738259,74,26,1,2,11,block_1024_1,cyclic_2_1,block_2_1,unroll_2,unroll_2,unroll_16,1,10,0.711064339542,False
workload_1895.cpp,xczu7ev-ffvc1156-2-e,3.33,151.62171318,36,24,1,1,4,block_1024_1,cyclic_2_1,block_2_1,unroll_2,unroll_2,unroll_2,1,7.5,0.797419460136,False
workload_1976.cpp,xczu7ev-ffvc1156-2-e,3.33,164.80963539,281,26,1,5,28,block_1024_1,cyclic_2_1,block_2_1,unroll_2,unroll_2,unroll_64,1,15,0.633397011494,False
workload_2019.cpp,xczu7ev-ffvc1156-2-e,3.33,230.16938355,120,26,1,3,17,block_1024_1,cyclic_2_1,block_2_1,unroll_2,unroll_4,unroll_16,1,11.75,0.446205967268,False
workload_2063.cpp,xczu7ev-ffvc1156-2-e,3.33,228.42520947,836,26,1,8,51,block_1024_1,cyclic_2_1,block_2_1,unroll_2,unroll_4,unroll_64,1,21.5,0.355994101707,False
workload_2152.cpp,xczu7ev-ffvc1156-2-e,3.33,160.86168063,50,26,1,2,8,block_1024_1,cyclic_2_1,block_2_1,unroll_4,unroll_2,pipeline_1,1,9.25,0.743803920889,False
workload_1906.cpp,xczu7ev-ffvc1156-2-e,3.33,116.25210486,37,24,1,1,4,block_1024_1,cyclic_2_1,cyclic_2_1,unroll_2,unroll_2,pipeline_1,1,7.5,1,True
workload_1732.cpp,xczu7ev-ffvc1156-2-e,3.33,199.65136212,180,25,1,7,25,block_1024_1,cyclic_4_1,block_2_1,unroll_17,unroll_4,unroll_2,1,14.5,0.527100744089,False
workload_2117.cpp,xczu7ev-ffvc1156-2-e,3.33,278.99070003,259,31,1,5,38,block_1024_1,cyclic_8_1,block_2_1,unroll_2,unroll_16,pipeline_1,1,18.75,0.261471875149,False
workload_2161.cpp,xczu7ev-ffvc1156-2-e,3.33,166.52738259,105,31,1,2,25,block_1024_1,cyclic_8_1,block_2_1,unroll_2,unroll_2,unroll_16,1,14.75,0.633325894662,False
workload_2672.cpp,xczu7ev-ffvc1156-2-e,3.33,96.6469896,1057,46,28,10,30,block_128_1,block_256_1,cyclic_4_1,unroll_2,unroll_2,unroll_8,1,28.5,0.51316976215,False
workload_1600.cpp,xczu7ev-ffvc1156-2-e,3.33,189.99021627,211,34,60,20,33,block_16_1,block_16_1,complete_1,unroll_2,unroll_4,unroll_8,1,36.75,0.25492960645,False
workload_1923.cpp,xczu7ev-ffvc1156-2-e,3.33,126.8495568,1039,29,30,21,98,block_16_1,block_512_1,block_2_1,unroll_2,unroll_2,unroll_8,1,44.5,0.229654148604,False
workload_1569.cpp,xczu7ev-ffvc1156-2-e,3.33,161.54735427,42,34,1,10,17,block_16_1,block_8_1,complete_1,unroll_2,unroll_2,pipeline_1,1,15.5,0.632020370401,False
workload_1518.cpp,xczu7ev-ffvc1156-2-e,3.33,161.54745084,107,50,1,25,43,block_16_1,cyclic_128_1,block_4_1,unroll_4,unroll_2,pipeline_1,1,29.75,0.411901653585,False
workload_1881.cpp,xczu7ev-ffvc1156-2-e,3.33,96.75779868,179,33,56,17,26,block_16_1,cyclic_2_1,block_2_1,unroll_4,unroll_2,unroll_8,1,33,0.408421682373,False
workload_1696.cpp,xczu7ev-ffvc1156-2-e,3.33,131.34489696,43,33,1,9,16,block_16_1,cyclic_2_1,block_4_1,unroll_2,unroll_2,pipeline_1,1,14.75,0.753789466667,False
workload_1912.cpp,xczu7ev-ffvc1156-2-e,3.33,100.636596,44,33,7,3,6,block_16_1,cyclic_2_1,cyclic_2_1,unroll_2,unroll_2,unroll_2,1,12.25,0.880198812485,False
workload_1735.cpp,xczu7ev-ffvc1156-2-e,3.33,96.6469896,85,33,28,9,14,block_16_1,cyclic_2_1,cyclic_2_1,unroll_2,unroll_2,unroll_8,1,21,0.732988775578,False
workload_1772.cpp,xczu7ev-ffvc1156-2-e,3.33,144.04924656,179,33,56,17,25,block_16_1,cyclic_2_1,cyclic_2_1,unroll_2,unroll_4,unroll_8,1,32.75,0.379220581337,False
workload_1635.cpp,xczu7ev-ffvc1156-2-e,3.33,96.6469896,82,34,28,9,14,block_16_1,cyclic_4_1,block_2_1,unroll_2,unroll_2,unroll_8,1,21.25,0.724927230033,False
workload_1616.cpp,xczu7ev-ffvc1156-2-e,3.33,131.34488364,51,34,1,18,30,block_16_1,cyclic_4_1,block_4_1,unroll_4,unroll_2,pipeline_1,1,20.75,0.664958864204,False
workload_1733.cpp,xczu7ev-ffvc1156-2-e,3.33,164.75076099,48,34,1,18,30,block_16_1,cyclic_4_1,complete_1,unroll_2,unroll_4,pipeline_1,1,20.75,0.559072845986,False
workload_1425.cpp,xczu7ev-ffvc1156-2-e,3.33,161.54745084,2356,34,1,18,31,block_16_1,cyclic_8_1,block_4_1,unroll_4,unroll_2,pipeline_1,1,21,0.566058329197,False
workload_1597.cpp,xczu7ev-ffvc1156-2-e,3.33,225.0989424,47,34,1,17,30,block_16_1,cyclic_8_1,cyclic_2_1,unroll_2,unroll_4,pipeline_1,1,20.5,0.372337517909,False
workload_1467.cpp,xczu7ev-ffvc1156-2-e,3.33,161.54745084,53,34,1,18,31,block_16_1,cyclic_8_1,cyclic_2_1,unroll_4,unroll_2,pipeline_1,1,21,0.566058329197,False
workload_2660.cpp,xczu7ev-ffvc1156-2-e,3.33,43.46704278,1844,41,1,49,82,block_256_1,block_128_1,block_2_1,unroll_2,pipeline_1,unroll_16,1,43.25,0.318305302675,False
workload_2603.cpp,xczu7ev-ffvc1156-2-e,3.33,126.85628673,109,41,2,4,26,block_256_1,block_128_1,complete_1,unroll_2,unroll_2,unroll_8,1,18.25,0.719034617062,False
workload_2358.cpp,xczu7ev-ffvc1156-2-e,3.33,146.57581413,88,41,1,3,20,block_256_1,block_128_1,complete_1,unroll_4,unroll_2,pipeline_1,1,16.25,0.67681240753,False
workload_2675.cpp,xczu7ev-ffvc1156-2-e,3.33,43.4665899,1849,41,1,49,82,block_256_1,block_128_1,cyclic_2_1,unroll_2,pipeline_1,pipeline_1,1,43.25,0.318305489709,False
workload_2583.cpp,xczu7ev-ffvc1156-2-e,3.33,43.4665899,2095,41,1,49,82,block_256_1,block_128_1,cyclic_2_1,unroll_2,pipeline_1,unroll_4,1,43.25,0.318305489709,False
workload_2388.cpp,xczu7ev-ffvc1156-2-e,3.33,43.4665899,1907,41,1,49,82,block_256_1,block_128_1,cyclic_2_1,unroll_2,pipeline_1,unroll_64,1,43.25,0.318305489709,False
workload_2415.cpp,xczu7ev-ffvc1156-2-e,3.33,43.4665899,1873,41,1,49,82,block_256_1,block_128_1,cyclic_2_1,unroll_2,pipeline_1,unroll_8,1,43.25,0.318305489709,False
workload_2344.cpp,xczu7ev-ffvc1156-2-e,3.33,43.34929398,1422,24,1,13,47,block_256_1,block_256_1,block_2_1,unroll_2,pipeline_1,pipeline_1,3,21.25,0.705476843897,False
workload_2471.cpp,xczu7ev-ffvc1156-2-e,3.33,43.34929398,1378.5,24,1,13,47,block_256_1,block_256_1,block_2_1,unroll_2,pipeline_1,unroll_16,2,21.25,0.705476843897,False
workload_2451.cpp,xczu7ev-ffvc1156-2-e,3.33,43.34929398,1445.5,24,1,13,47,block_256_1,block_256_1,block_2_1,unroll_2,pipeline_1,unroll_2,2,21.25,0.705476843897,False
workload_2553.cpp,xczu7ev-ffvc1156-2-e,3.33,43.34929398,1415,24,1,13,47,block_256_1,block_256_1,block_2_1,unroll_2,pipeline_1,unroll_4,1,21.25,0.705476843897,False
workload_2322.cpp,xczu7ev-ffvc1156-2-e,3.33,43.34929398,1401,24,1,13,47,block_256_1,block_256_1,block_2_1,unroll_2,pipeline_1,unroll_64,2,21.25,0.705476843897,False
workload_2374.cpp,xczu7ev-ffvc1156-2-e,3.33,43.34929398,1359.5,24,1,13,47,block_256_1,block_256_1,block_2_1,unroll_2,pipeline_1,unroll_8,2,21.25,0.705476843897,False
workload_2512.cpp,xczu7ev-ffvc1156-2-e,3.33,116.25562134,39,24,1,1,4,block_256_1,block_256_1,block_2_1,unroll_2,unroll_2,pipeline_1,1,7.5,0.94648308922,False
workload_2671.cpp,xczu7ev-ffvc1156-2-e,3.33,151.62171318,34,24,1,1,4,block_256_1,block_256_1,block_2_1,unroll_2,unroll_2,unroll_2,1,7.5,0.797419460136,False
workload_2576.cpp,xczu7ev-ffvc1156-2-e,3.33,134.38882998,152,24,1,4,18,block_256_1,block_256_1,block_2_1,unroll_2,unroll_2,unroll_64,1,11.75,0.797301985481,False
workload_2478.cpp,xczu7ev-ffvc1156-2-e,3.33,138.32302518,45,24,1,1,5,block_256_1,block_256_1,block_2_1,unroll_2,unroll_2,unroll_8,1,7.75,0.864431648892,False
workload_2534.cpp,xczu7ev-ffvc1156-2-e,3.33,43.34929398,1350.5,24,1,14,47,block_256_1,block_256_1,block_4_1,unroll_2,pipeline_1,pipeline_1,2,21.5,0.698128572599,False
workload_2604.cpp,xczu7ev-ffvc1156-2-e,3.33,43.34929398,1339,24,1,14,47,block_256_1,block_256_1,block_4_1,unroll_2,pipeline_1,unroll_16,1,21.5,0.698128572599,False
workload_2021.cpp,xczu7ev-ffvc1156-2-e,3.33,43.34921073,1536,24,1,14,47,block_256_1,block_256_1,complete_1,unroll_2,pipeline_1,pipeline_1,3,21.5,0.698128473753,False
workload_2552.cpp,xczu7ev-ffvc1156-2-e,3.33,43.34921073,1427,24,1,14,47,block_256_1,block_256_1,complete_1,unroll_2,pipeline_1,unroll_16,2,21.5,0.698128473753,False
workload_2373.cpp,xczu7ev-ffvc1156-2-e,3.33,43.34921073,1457,24,1,14,47,block_256_1,block_256_1,complete_1,unroll_2,pipeline_1,unroll_2,2,21.5,0.698128473753,False
workload_2530.cpp,xczu7ev-ffvc1156-2-e,3.33,43.34921073,1398,24,1,14,47,block_256_1,block_256_1,complete_1,unroll_2,pipeline_1,unroll_32,1,21.5,0.698128473753,False
workload_2285.cpp,xczu7ev-ffvc1156-2-e,3.33,43.34921073,1368,24,1,14,47,block_256_1,block_256_1,complete_1,unroll_2,pipeline_1,unroll_64,2,21.5,0.698128473753,False
workload_2318.cpp,xczu7ev-ffvc1156-2-e,3.33,43.34921073,1415.5,24,1,14,47,block_256_1,block_256_1,complete_1,unroll_2,pipeline_1,unroll_8,2,21.5,0.698128473753,False
workload_2289.cpp,xczu7ev-ffvc1156-2-e,3.33,116.25551145,36,24,1,1,4,block_256_1,block_256_1,complete_1,unroll_2,unroll_2,pipeline_1,1,7.5,0.946483693194,False
workload_2654.cpp,xczu7ev-ffvc1156-2-e,3.33,136.10649393,53,24,1,2,7,block_256_1,block_256_1,complete_1,unroll_2,unroll_2,unroll_16,1,8.5,0.865737076394,False
workload_2467.cpp,xczu7ev-ffvc1156-2-e,3.33,151.62160329,35,24,1,1,4,block_256_1,block_256_1,complete_1,unroll_2,unroll_2,unroll_2,1,7.5,0.797420011355,False
workload_2538.cpp,xczu7ev-ffvc1156-2-e,3.33,134.88744753,78,24,1,3,11,block_256_1,block_256_1,complete_1,unroll_2,unroll_2,unroll_32,1,9.75,0.845358762864,False
workload_2304.cpp,xczu7ev-ffvc1156-2-e,3.33,138.32294193,43,24,1,1,5,block_256_1,block_256_1,complete_1,unroll_2,unroll_2,unroll_8,1,7.75,0.864432069225,False
workload_2292.cpp,xczu7ev-ffvc1156-2-e,3.33,43.34929398,1394,24,1,13,47,block_256_1,block_256_1,cyclic_2_1,unroll_2,pipeline_1,pipeline_1,3,21.25,0.705476843897,False
workload_2435.cpp,xczu7ev-ffvc1156-2-e,3.33,43.34929398,1441.5,24,1,13,47,block_256_1,block_256_1,cyclic_2_1,unroll_2,pipeline_1,unroll_16,2,21.25,0.705476843897,False
workload_2536.cpp,xczu7ev-ffvc1156-2-e,3.33,43.34929398,1376.5,24,1,13,47,block_256_1,block_256_1,cyclic_2_1,unroll_2,pipeline_1,unroll_2,2,21.25,0.705476843897,False
workload_2474.cpp,xczu7ev-ffvc1156-2-e,3.33,43.34929398,1405,24,1,13,47,block_256_1,block_256_1,cyclic_2_1,unroll_2,pipeline_1,unroll_4,1,21.25,0.705476843897,False
workload_2126.cpp,xczu7ev-ffvc1156-2-e,3.33,43.34929398,1378,24,1,13,47,block_256_1,block_256_1,cyclic_2_1,unroll_2,pipeline_1,unroll_64,2,21.25,0.705476843897,False
workload_2412.cpp,xczu7ev-ffvc1156-2-e,3.33,43.34929398,1349,24,1,13,47,block_256_1,block_256_1,cyclic_2_1,unroll_2,pipeline_1,unroll_8,2,21.25,0.705476843897,False
workload_2427.cpp,xczu7ev-ffvc1156-2-e,3.33,116.25562134,34,24,1,1,4,block_256_1,block_256_1,cyclic_2_1,unroll_2,unroll_2,pipeline_1,1,7.5,0.94648308922,False
workload_2619.cpp,xczu7ev-ffvc1156-2-e,3.33,136.10657718,52,24,1,2,7,block_256_1,block_256_1,cyclic_2_1,unroll_2,unroll_2,unroll_16,1,8.5,0.865736735888,False
workload_2618.cpp,xczu7ev-ffvc1156-2-e,3.33,151.62171318,34,24,1,1,4,block_256_1,block_256_1,cyclic_2_1,unroll_2,unroll_2,unroll_2,1,7.5,0.797419460136,False
workload_2640.cpp,xczu7ev-ffvc1156-2-e,3.33,134.38882998,139,24,1,4,18,block_256_1,block_256_1,cyclic_2_1,unroll_2,unroll_2,unroll_64,1,11.75,0.797301985481,False
workload_2180.cpp,xczu7ev-ffvc1156-2-e,3.33,43.34929398,1347,24,1,13,47,block_256_1,block_256_1,cyclic_4_1,unroll_2,pipeline_1,pipeline_1,3,21.25,0.705476843897,False
workload_2554.cpp,xczu7ev-ffvc1156-2-e,3.33,43.34929398,1404,24,1,13,47,block_256_1,block_256_1,cyclic_4_1,unroll_2,pipeline_1,unroll_16,2,21.25,0.705476843897,False
workload_2589.cpp,xczu7ev-ffvc1156-2-e,3.33,43.34929398,1437.5,24,1,13,47,block_256_1,block_256_1,cyclic_4_1,unroll_2,pipeline_1,unroll_2,2,21.25,0.705476843897,False
workload_2547.cpp,xczu7ev-ffvc1156-2-e,3.33,43.34929398,1387,24,1,13,47,block_256_1,block_256_1,cyclic_4_1,unroll_2,pipeline_1,unroll_4,1,21.25,0.705476843897,False
workload_2417.cpp,xczu7ev-ffvc1156-2-e,3.33,43.34929398,1380.5,24,1,13,47,block_256_1,block_256_1,cyclic_4_1,unroll_2,pipeline_1,unroll_64,2,21.25,0.705476843897,False
workload_2508.cpp,xczu7ev-ffvc1156-2-e,3.33,43.34929398,1383.5,24,1,13,47,block_256_1,block_256_1,cyclic_4_1,unroll_2,pipeline_1,unroll_8,2,21.25,0.705476843897,False
workload_2385.cpp,xczu7ev-ffvc1156-2-e,3.33,151.62171318,35,24,1,1,4,block_256_1,block_256_1,cyclic_4_1,unroll_2,unroll_2,unroll_2,1,7.5,0.797419460136,False
workload_2673.cpp,xczu7ev-ffvc1156-2-e,3.33,43.34974686,1320,24,1,14,46,block_256_1,block_2_1,block_2_1,unroll_2,pipeline_1,pipeline_1,1,21.25,0.705477392375,False
workload_2623.cpp,xczu7ev-ffvc1156-2-e,3.33,43.34974686,1398,24,1,14,46,block_256_1,block_2_1,block_2_1,unroll_2,pipeline_1,unroll_16,1,21.25,0.705477392375,False
workload_2457.cpp,xczu7ev-ffvc1156-2-e,3.33,43.34974686,1325,24,1,14,46,block_256_1,block_2_1,block_2_1,unroll_2,pipeline_1,unroll_4,1,21.25,0.705477392375,False
workload_2614.cpp,xczu7ev-ffvc1156-2-e,3.33,43.34974686,1450,24,1,14,46,block_256_1,block_2_1,block_2_1,unroll_2,pipeline_1,unroll_64,1,21.25,0.705477392375,False
workload_2307.cpp,xczu7ev-ffvc1156-2-e,3.33,43.34974686,1334,24,1,14,46,block_256_1,block_2_1,block_2_1,unroll_2,pipeline_1,unroll_8,1,21.25,0.705477392375,False
workload_2666.cpp,xczu7ev-ffvc1156-2-e,3.33,95.07458358,341,24,1,20,31,block_256_1,block_2_1,block_2_1,unroll_2,unroll_2,unroll_64,1,19,1,True
workload_2600.cpp,xczu7ev-ffvc1156-2-e,3.33,43.34966361,1491,24,1,14,46,block_256_1,block_2_1,complete_1,unroll_2,pipeline_1,unroll_2,1,21.25,0.705477291556,False
workload_2556.cpp,xczu7ev-ffvc1156-2-e,3.33,43.34966361,1396,24,1,14,46,block_256_1,block_2_1,complete_1,unroll_2,pipeline_1,unroll_64,1,21.25,0.705477291556,False
workload_2434.cpp,xczu7ev-ffvc1156-2-e,3.33,43.34966361,1309,24,1,14,46,block_256_1,block_2_1,complete_1,unroll_2,pipeline_1,unroll_8,2,21.25,0.705477291556,False
workload_2369.cpp,xczu7ev-ffvc1156-2-e,3.33,123.46935705,38.5,24,1,2,5,block_256_1,block_2_1,complete_1,unroll_2,unroll_2,pipeline_1,2,8,0.905768201058,False
workload_2402.cpp,xczu7ev-ffvc1156-2-e,3.33,95.65631793,72,24,1,6,10,block_256_1,block_2_1,complete_1,unroll_2,unroll_2,unroll_16,1,10.25,0.956214199954,False
workload_2634.cpp,xczu7ev-ffvc1156-2-e,3.33,101.08658889,35,24,1,2,5,block_256_1,block_2_1,complete_1,unroll_2,unroll_2,unroll_2,1,8,0.979854922199,False
workload_2296.cpp,xczu7ev-ffvc1156-2-e,3.33,96.65371953,53,24,1,3,7,block_256_1,block_2_1,complete_1,unroll_2,unroll_2,unroll_8,1,8.75,0.984077103842,False
workload_1795.cpp,xczu7ev-ffvc1156-2-e,3.33,148.43773035,1182,46,14,34,29,block_256_1,block_2_1,complete_1,unroll_2,unroll_4,unroll_2,1,30.75,0.413783254265,False
workload_2366.cpp,xczu7ev-ffvc1156-2-e,3.33,43.34929398,1310,24,1,14,46,block_256_1,block_2_1,cyclic_2_1,unroll_2,pipeline_1,pipeline_1,3,21.25,0.705476843897,False
workload_2362.cpp,xczu7ev-ffvc1156-2-e,3.33,43.34929398,1435,24,1,14,46,block_256_1,block_2_1,cyclic_2_1,unroll_2,pipeline_1,unroll_16,2,21.25,0.705476843897,False
workload_2509.cpp,xczu7ev-ffvc1156-2-e,3.33,43.34929398,1380.5,24,1,14,46,block_256_1,block_2_1,cyclic_2_1,unroll_2,pipeline_1,unroll_2,2,21.25,0.705476843897,False
workload_2456.cpp,xczu7ev-ffvc1156-2-e,3.33,43.34929398,1375.5,24,1,14,46,block_256_1,block_2_1,cyclic_2_1,unroll_2,pipeline_1,unroll_4,2,21.25,0.705476843897,False
workload_2443.cpp,xczu7ev-ffvc1156-2-e,3.33,43.34929398,1392.5,24,1,14,46,block_256_1,block_2_1,cyclic_2_1,unroll_2,pipeline_1,unroll_64,2,21.25,0.705476843897,False
workload_2400.cpp,xczu7ev-ffvc1156-2-e,3.33,43.34929398,1313.5,24,1,14,46,block_256_1,block_2_1,cyclic_2_1,unroll_2,pipeline_1,unroll_8,2,21.25,0.705476843897,False
workload_2303.cpp,xczu7ev-ffvc1156-2-e,3.33,116.37337014,37,24,1,2,5,block_256_1,block_2_1,cyclic_2_1,unroll_2,unroll_2,pipeline_1,1,8,0.937645194599,False
workload_2595.cpp,xczu7ev-ffvc1156-2-e,3.33,95.65640118,74,24,1,6,10,block_256_1,block_2_1,cyclic_2_1,unroll_2,unroll_2,unroll_16,1,10.25,0.956213996473,False
workload_2651.cpp,xczu7ev-ffvc1156-2-e,3.33,101.08669878,37,24,1,2,5,block_256_1,block_2_1,cyclic_2_1,unroll_2,unroll_2,unroll_2,1,8,0.979854301476,False
workload_2528.cpp,xczu7ev-ffvc1156-2-e,3.33,98.42696118,40,24,1,2,5,block_256_1,block_2_1,cyclic_2_1,unroll_2,unroll_2,unroll_4,1,8,0.994942197451,False
workload_2624.cpp,xczu7ev-ffvc1156-2-e,3.33,95.07458358,313,24,1,20,31,block_256_1,block_2_1,cyclic_2_1,unroll_2,unroll_2,unroll_64,1,19,1,True
workload_2570.cpp,xczu7ev-ffvc1156-2-e,3.33,43.34974686,1500,24,1,14,46,block_256_1,block_2_1,cyclic_4_1,unroll_2,pipeline_1,pipeline_1,1,21.25,0.705477392375,False
workload_2685.cpp,xczu7ev-ffvc1156-2-e,3.33,43.34974686,1311,24,1,14,46,block_256_1,block_2_1,cyclic_4_1,unroll_2,pipeline_1,unroll_4,1,21.25,0.705477392375,False
workload_2591.cpp,xczu7ev-ffvc1156-2-e,3.33,43.34974686,1502,24,1,14,46,block_256_1,block_2_1,cyclic_4_1,unroll_2,pipeline_1,unroll_8,1,21.25,0.705477392375,False
workload_2683.cpp,xczu7ev-ffvc1156-2-e,3.33,43.46704278,1967,26,1,47,77,block_256_1,block_32_1,block_2_1,unroll_2,pipeline_1,pipeline_1,1,37.75,0.417685897826,False
workload_2345.cpp,xczu7ev-ffvc1156-2-e,3.33,116.37337014,37,25,1,2,5,block_256_1,block_4_1,block_4_1,unroll_2,unroll_2,pipeline_1,1,8.25,0.932779331471,False
workload_2359.cpp,xczu7ev-ffvc1156-2-e,3.33,116.37326025,39,25,1,2,5,block_256_1,block_4_1,complete_1,unroll_2,unroll_2,pipeline_1,1,8.25,0.932779639406,False
workload_2213.cpp,xczu7ev-ffvc1156-2-e,3.33,96.65371953,52,25,2,4,7,block_256_1,block_4_1,complete_1,unroll_2,unroll_2,unroll_8,1,9.5,0.956839134433,False
workload_2267.cpp,xczu7ev-ffvc1156-2-e,3.33,43.34974686,1784,25,1,32,64,block_256_1,block_4_1,cyclic_2_1,unroll_2,pipeline_1,pipeline_1,1,30.5,0.5092084311,False
workload_2314.cpp,xczu7ev-ffvc1156-2-e,3.33,96.65380278,51,25,2,3,7,block_256_1,block_4_1,cyclic_2_1,unroll_2,unroll_2,unroll_8,1,9.25,0.966254319388,False
workload_2452.cpp,xczu7ev-ffvc1156-2-e,3.33,43.34921073,1463,25,1,16,49,block_256_1,block_512_1,complete_1,unroll_2,pipeline_1,pipeline_1,1,22.75,0.661834868851,False
workload_2338.cpp,xczu7ev-ffvc1156-2-e,3.33,43.34921073,1702,25,1,16,49,block_256_1,block_512_1,complete_1,unroll_2,pipeline_1,unroll_4,1,22.75,0.661834868851,False
workload_2503.cpp,xczu7ev-ffvc1156-2-e,3.33,43.34921073,1484,25,1,16,49,block_256_1,block_512_1,complete_1,unroll_2,pipeline_1,unroll_8,1,22.75,0.661834868851,False
workload_2237.cpp,xczu7ev-ffvc1156-2-e,3.33,123.34814505,36,25,1,1,4,block_256_1,block_512_1,complete_1,unroll_2,unroll_2,pipeline_1,2,7.75,0.907776630425,False
workload_2273.cpp,xczu7ev-ffvc1156-2-e,3.33,151.62160329,37,25,1,1,4,block_256_1,block_512_1,complete_1,unroll_2,unroll_2,unroll_2,1,7.75,0.797113289817,False
workload_2658.cpp,xczu7ev-ffvc1156-2-e,3.33,43.34929398,1666,25,1,15,49,block_256_1,block_512_1,cyclic_2_1,unroll_2,pipeline_1,unroll_16,1,22.5,0.669031049216,False
workload_2137.cpp,xczu7ev-ffvc1156-2-e,3.33,123.34825494,36,25,1,1,4,block_256_1,block_512_1,cyclic_2_1,unroll_2,unroll_2,pipeline_1,2,7.75,0.907776044427,False
workload_2199.cpp,xczu7ev-ffvc1156-2-e,3.33,134.38882998,164,25,1,4,19,block_256_1,block_512_1,cyclic_2_1,unroll_2,unroll_2,unroll_64,1,12.25,0.783876430892,False
workload_2245.cpp,xczu7ev-ffvc1156-2-e,3.33,43.4665899,1746,26,1,41,71,block_256_1,block_8_1,cyclic_2_1,unroll_2,pipeline_1,pipeline_1,1,34.75,0.46610045933,False
workload_2177.cpp,xczu7ev-ffvc1156-2-e,3.33,125.23559238,1194,26,1,59,80,block_2_1,block_1024_1,cyclic_2_1,unroll_2,unroll_2,unroll_64,1,41.5,0.26557201465,False
workload_2039.cpp,xczu7ev-ffvc1156-2-e,3.33,262.91739942,75,26,1,33,56,block_2_1,block_1024_1,cyclic_2_1,unroll_2,unroll_8,pipeline_1,1,29,0.220987765964,False
workload_2127.cpp,xczu7ev-ffvc1156-2-e,3.33,262.91739942,59,26,1,33,56,block_2_1,block_1024_1,cyclic_4_1,unroll_2,unroll_8,pipeline_1,1,29,0.220987765964,False
workload_2223.cpp,xczu7ev-ffvc1156-2-e,3.33,146.92214745,57,41,1,13,23,block_2_1,block_128_1,complete_1,unroll_2,unroll_2,pipeline_1,1,19.5,0.6352822341,False
workload_1594.cpp,xczu7ev-ffvc1156-2-e,3.33,126.41308038,74,26,2,10,16,block_2_1,block_16_1,block_2_1,unroll_2,unroll_2,unroll_8,1,13.5,0.783779491781,False
workload_1725.cpp,xczu7ev-ffvc1156-2-e,3.33,189.5538231,138,26,4,19,29,block_2_1,block_16_1,cyclic_4_1,unroll_2,unroll_4,unroll_8,1,19.5,0.490464835262,False
workload_2513.cpp,xczu7ev-ffvc1156-2-e,3.33,4.8666951,2196,24,1,34,76,block_2_1,block_256_1,block_2_1,unroll_2,pipeline_1,pipeline_1,1,33.75,0.524292991806,False
workload_2584.cpp,xczu7ev-ffvc1156-2-e,3.33,4.8666951,2304.5,24,1,34,76,block_2_1,block_256_1,block_2_1,unroll_2,pipeline_1,unroll_16,2,33.75,0.524292991806,False
workload_2334.cpp,xczu7ev-ffvc1156-2-e,3.33,4.8666951,2349,24,1,34,76,block_2_1,block_256_1,block_2_1,unroll_2,pipeline_1,unroll_2,2,33.75,0.524292991806,False
workload_2353.cpp,xczu7ev-ffvc1156-2-e,3.33,4.8666951,2528,24,1,34,76,block_2_1,block_256_1,block_2_1,unroll_2,pipeline_1,unroll_64,1,33.75,0.524292991806,False
workload_2585.cpp,xczu7ev-ffvc1156-2-e,3.33,4.8666951,2477,24,1,34,76,block_2_1,block_256_1,block_2_1,unroll_2,pipeline_1,unroll_8,1,33.75,0.524292991806,False
workload_2222.cpp,xczu7ev-ffvc1156-2-e,3.33,97.54038198,46,24,1,5,8,block_2_1,block_256_1,block_2_1,unroll_2,unroll_2,unroll_4,1,9.5,0.956523415641,False
workload_2311.cpp,xczu7ev-ffvc1156-2-e,3.33,100.97584308,208,24,1,18,27,block_2_1,block_256_1,block_4_1,unroll_17,unroll_2,unroll_2,1,17.5,0.795557240997,False
workload_2531.cpp,xczu7ev-ffvc1156-2-e,3.33,4.8666951,2170,24,1,34,76,block_2_1,block_256_1,block_4_1,unroll_2,pipeline_1,pipeline_1,1,33.75,0.524292991806,False
workload_2511.cpp,xczu7ev-ffvc1156-2-e,3.33,4.8666951,2241,24,1,34,76,block_2_1,block_256_1,block_4_1,unroll_2,pipeline_1,unroll_16,1,33.75,0.524292991806,False
workload_2278.cpp,xczu7ev-ffvc1156-2-e,3.33,4.8666951,2417,24,1,34,76,block_2_1,block_256_1,block_4_1,unroll_2,pipeline_1,unroll_2,2,33.75,0.524292991806,False
workload_2393.cpp,xczu7ev-ffvc1156-2-e,3.33,4.8666951,2106,24,1,34,76,block_2_1,block_256_1,block_4_1,unroll_2,pipeline_1,unroll_4,1,33.75,0.524292991806,False
workload_2203.cpp,xczu7ev-ffvc1156-2-e,3.33,116.71969014,40,24,1,9,16,block_2_1,block_256_1,block_4_1,unroll_2,unroll_2,pipeline_1,1,12.5,0.83125152844,False
workload_2184.cpp,xczu7ev-ffvc1156-2-e,3.33,100.20011958,40,24,1,3,6,block_2_1,block_256_1,block_4_1,unroll_2,unroll_2,unroll_2,1,8.5,0.975569292149,False
workload_2151.cpp,xczu7ev-ffvc1156-2-e,3.33,95.03302518,1240,24,1,59,76,block_2_1,block_256_1,block_4_1,unroll_2,unroll_2,unroll_64,1,40,0.323206077481,False
workload_2111.cpp,xczu7ev-ffvc1156-2-e,3.33,100.64339586,56,24,1,5,9,block_2_1,block_256_1,block_4_1,unroll_4,unroll_2,unroll_2,1,9.75,0.948160996665,False
workload_2228.cpp,xczu7ev-ffvc1156-2-e,3.33,148.22637858,70,24,1,9,15,block_2_1,block_256_1,block_4_1,unroll_4,unroll_4,unroll_2,1,12.25,0.745371101307,False
workload_2339.cpp,xczu7ev-ffvc1156-2-e,3.33,4.86661185,2153.5,24,1,34,76,block_2_1,block_256_1,complete_1,unroll_2,pipeline_1,pipeline_1,4,33.75,1,True
workload_2372.cpp,xczu7ev-ffvc1156-2-e,3.33,4.86661185,2344,24,1,34,76,block_2_1,block_256_1,complete_1,unroll_2,pipeline_1,unroll_16,2,33.75,1,True
workload_2395.cpp,xczu7ev-ffvc1156-2-e,3.33,4.86661185,2064.5,24,1,34,76,block_2_1,block_256_1,complete_1,unroll_2,pipeline_1,unroll_2,2,33.75,1,True
workload_2564.cpp,xczu7ev-ffvc1156-2-e,3.33,4.86661185,2404,24,1,34,76,block_2_1,block_256_1,complete_1,unroll_2,pipeline_1,unroll_32,1,33.75,1,True
workload_2337.cpp,xczu7ev-ffvc1156-2-e,3.33,4.86661185,2117.5,24,1,34,76,block_2_1,block_256_1,complete_1,unroll_2,pipeline_1,unroll_4,2,33.75,1,True
workload_2288.cpp,xczu7ev-ffvc1156-2-e,3.33,4.86661185,2162,24,1,34,76,block_2_1,block_256_1,complete_1,unroll_2,pipeline_1,unroll_64,1,33.75,1,True
workload_2248.cpp,xczu7ev-ffvc1156-2-e,3.33,4.86661185,2169,24,1,34,76,block_2_1,block_256_1,complete_1,unroll_2,pipeline_1,unroll_8,2,33.75,1,True
workload_2445.cpp,xczu7ev-ffvc1156-2-e,3.33,123.81394545,39,24,1,9,16,block_2_1,block_256_1,complete_1,unroll_2,unroll_2,pipeline_1,2,12.5,0.805073939245,False
workload_2498.cpp,xczu7ev-ffvc1156-2-e,3.33,95.49008433,111,24,1,15,22,block_2_1,block_256_1,complete_1,unroll_2,unroll_2,unroll_16,1,15.5,1,True
workload_2204.cpp,xczu7ev-ffvc1156-2-e,3.33,100.20003633,38,24,1,3,6,block_2_1,block_256_1,complete_1,unroll_2,unroll_2,unroll_2,1,8.5,0.975569581911,False
workload_2586.cpp,xczu7ev-ffvc1156-2-e,3.33,95.18532273,319,24,1,30,40,block_2_1,block_256_1,complete_1,unroll_2,unroll_2,unroll_32,1,23.75,0.647059352661,False
workload_2414.cpp,xczu7ev-ffvc1156-2-e,3.33,95.03294193,1188,24,1,59,76,block_2_1,block_256_1,complete_1,unroll_2,unroll_2,unroll_64,1,40,0.323206183312,False
workload_2464.cpp,xczu7ev-ffvc1156-2-e,3.33,96.21042993,61,24,1,8,13,block_2_1,block_256_1,complete_1,unroll_2,unroll_2,unroll_8,1,11.5,0.910273890215,False
workload_2568.cpp,xczu7ev-ffvc1156-2-e,3.33,142.85312721,316,24,1,30,40,block_2_1,block_256_1,complete_1,unroll_2,unroll_4,unroll_16,1,23.75,0.572656556869,False
workload_2349.cpp,xczu7ev-ffvc1156-2-e,3.33,148.00125393,48,24,1,5,9,block_2_1,block_256_1,complete_1,unroll_2,unroll_4,unroll_2,1,9.75,0.795431167779,False
workload_2238.cpp,xczu7ev-ffvc1156-2-e,3.33,116.71956693,46,24,1,17,29,block_2_1,block_256_1,complete_1,unroll_4,unroll_2,pipeline_1,1,17.75,0.756389004878,False
workload_2446.cpp,xczu7ev-ffvc1156-2-e,3.33,4.8666951,2136,24,1,34,76,block_2_1,block_256_1,cyclic_2_1,unroll_2,pipeline_1,pipeline_1,3,33.75,0.524292991806,False
workload_2468.cpp,xczu7ev-ffvc1156-2-e,3.33,4.8666951,2200,24,1,34,76,block_2_1,block_256_1,cyclic_2_1,unroll_2,pipeline_1,unroll_16,1,33.75,0.524292991806,False
workload_2567.cpp,xczu7ev-ffvc1156-2-e,3.33,4.8666951,2303,24,1,34,76,block_2_1,block_256_1,cyclic_2_1,unroll_2,pipeline_1,unroll_2,2,33.75,0.524292991806,False
workload_2572.cpp,xczu7ev-ffvc1156-2-e,3.33,4.8666951,2452,24,1,34,76,block_2_1,block_256_1,cyclic_2_1,unroll_2,pipeline_1,unroll_4,1,33.75,0.524292991806,False
workload_2305.cpp,xczu7ev-ffvc1156-2-e,3.33,4.8666951,2221.5,24,1,34,76,block_2_1,block_256_1,cyclic_2_1,unroll_2,pipeline_1,unroll_64,2,33.75,0.524292991806,False
workload_2454.cpp,xczu7ev-ffvc1156-2-e,3.33,4.8666951,2226.5,24,1,34,76,block_2_1,block_256_1,cyclic_2_1,unroll_2,pipeline_1,unroll_8,2,33.75,0.524292991806,False
workload_2329.cpp,xczu7ev-ffvc1156-2-e,3.33,97.54038198,47,24,1,5,8,block_2_1,block_256_1,cyclic_2_1,unroll_2,unroll_2,unroll_4,1,9.5,0.956523415641,False
workload_2225.cpp,xczu7ev-ffvc1156-2-e,3.33,95.03302518,1105,24,1,59,76,block_2_1,block_256_1,cyclic_2_1,unroll_2,unroll_2,unroll_64,1,40,0.323206077481,False
workload_2383.cpp,xczu7ev-ffvc1156-2-e,3.33,95.57327106,295,24,1,30,40,block_2_1,block_256_1,cyclic_2_1,unroll_4,unroll_2,unroll_16,1,23.75,0.647068670275,False
workload_2650.cpp,xczu7ev-ffvc1156-2-e,3.33,4.8666951,2140,24,1,34,76,block_2_1,block_256_1,cyclic_4_1,unroll_2,pipeline_1,unroll_16,1,33.75,0.524292991806,False
workload_2492.cpp,xczu7ev-ffvc1156-2-e,3.33,4.8666951,2138,24,1,34,76,block_2_1,block_256_1,cyclic_4_1,unroll_2,pipeline_1,unroll_2,1,33.75,0.524292991806,False
workload_2295.cpp,xczu7ev-ffvc1156-2-e,3.33,4.8666951,2387,24,1,34,76,block_2_1,block_256_1,cyclic_4_1,unroll_2,pipeline_1,unroll_64,1,33.75,0.524292991806,False
workload_2571.cpp,xczu7ev-ffvc1156-2-e,3.33,4.8666951,2533,24,1,34,76,block_2_1,block_256_1,cyclic_4_1,unroll_2,pipeline_1,unroll_8,1,33.75,0.524292991806,False
workload_2608.cpp,xczu7ev-ffvc1156-2-e,3.33,95.18540598,269,24,1,30,40,block_2_1,block_256_1,cyclic_4_1,unroll_2,unroll_2,unroll_32,1,23.75,0.647059356115,False
workload_1854.cpp,xczu7ev-ffvc1156-2-e,3.33,126.41308038,292,62,2,12,54,block_2_1,block_256_1,cyclic_4_1,unroll_2,unroll_2,unroll_8,1,32.5,0.402100077208,False
workload_2392.cpp,xczu7ev-ffvc1156-2-e,3.33,4.86714798,2179,24,1,34,75,block_2_1,block_2_1,block_2_1,unroll_2,pipeline_1,pipeline_1,1,33.5,0.527226830615,False
workload_2300.cpp,xczu7ev-ffvc1156-2-e,3.33,4.86714798,2335.5,24,1,34,75,block_2_1,block_2_1,block_2_1,unroll_2,pipeline_1,unroll_4,2,33.5,0.527226830615,False
workload_2262.cpp,xczu7ev-ffvc1156-2-e,3.33,4.86714798,2409,24,1,34,75,block_2_1,block_2_1,block_2_1,unroll_2,pipeline_1,unroll_8,1,33.5,0.527226830615,False
workload_2364.cpp,xczu7ev-ffvc1156-2-e,3.33,95.49016758,124,24,1,19,25,block_2_1,block_2_1,block_2_1,unroll_2,unroll_2,unroll_16,1,17.25,0.799701281192,False
workload_2376.cpp,xczu7ev-ffvc1156-2-e,3.33,100.20011958,41,24,1,3,6,block_2_1,block_2_1,block_2_1,unroll_2,unroll_2,unroll_2,1,8.5,0.975569292149,False
workload_2240.cpp,xczu7ev-ffvc1156-2-e,3.33,97.54038198,48,24,1,5,9,block_2_1,block_2_1,block_2_1,unroll_2,unroll_2,unroll_4,1,9.75,0.95540608603,False
workload_2231.cpp,xczu7ev-ffvc1156-2-e,3.33,95.03302518,1129,24,1,71,90,block_2_1,block_2_1,block_2_1,unroll_2,unroll_2,unroll_64,1,46.5,0.235561680113,False
workload_1726.cpp,xczu7ev-ffvc1156-2-e,3.33,142.85321046,331,24,1,37,48,block_2_1,block_2_1,block_2_1,unroll_2,unroll_4,unroll_16,1,27.5,0.491709909169,False
workload_2325.cpp,xczu7ev-ffvc1156-2-e,3.33,100.20011958,41,24,1,3,6,block_2_1,block_2_1,block_4_1,unroll_2,unroll_2,unroll_2,1,8.5,0.975569292149,False
workload_2333.cpp,xczu7ev-ffvc1156-2-e,3.33,4.86706473,2190,24,1,34,75,block_2_1,block_2_1,complete_1,unroll_2,pipeline_1,pipeline_1,3,33.5,0.527226916983,False
workload_2377.cpp,xczu7ev-ffvc1156-2-e,3.33,4.86706473,2311,24,1,34,75,block_2_1,block_2_1,complete_1,unroll_2,pipeline_1,unroll_16,2,33.5,0.527226916983,False
workload_2502.cpp,xczu7ev-ffvc1156-2-e,3.33,4.86706473,2162,24,1,34,75,block_2_1,block_2_1,complete_1,unroll_2,pipeline_1,unroll_2,1,33.5,0.527226916983,False
workload_2644.cpp,xczu7ev-ffvc1156-2-e,3.33,4.86706473,2338,24,1,34,75,block_2_1,block_2_1,complete_1,unroll_2,pipeline_1,unroll_4,1,33.5,0.527226916983,False
workload_2379.cpp,xczu7ev-ffvc1156-2-e,3.33,4.86706473,2282.5,24,1,34,75,block_2_1,block_2_1,complete_1,unroll_2,pipeline_1,unroll_64,2,33.5,0.527226916983,False
workload_2481.cpp,xczu7ev-ffvc1156-2-e,3.33,4.86706473,2190.5,24,1,34,75,block_2_1,block_2_1,complete_1,unroll_2,pipeline_1,unroll_8,2,33.5,0.527226916983,False
workload_2251.cpp,xczu7ev-ffvc1156-2-e,3.33,130.90831065,36,24,1,9,16,block_2_1,block_2_1,complete_1,unroll_2,unroll_2,pipeline_1,1,12.5,0.784125470977,False
workload_2327.cpp,xczu7ev-ffvc1156-2-e,3.33,95.49008433,116,24,1,19,25,block_2_1,block_2_1,complete_1,unroll_2,unroll_2,unroll_16,1,17.25,0.799701274334,False
workload_2423.cpp,xczu7ev-ffvc1156-2-e,3.33,95.03294193,1103,24,1,71,90,block_2_1,block_2_1,complete_1,unroll_2,unroll_2,unroll_64,1,46.5,0.235561745882,False
workload_2437.cpp,xczu7ev-ffvc1156-2-e,3.33,142.85312721,296,24,1,37,48,block_2_1,block_2_1,complete_1,unroll_2,unroll_4,unroll_16,1,27.5,0.49171006028,False
workload_2181.cpp,xczu7ev-ffvc1156-2-e,3.33,4.8666951,2148.5,24,1,34,75,block_2_1,block_2_1,cyclic_2_1,unroll_2,pipeline_1,pipeline_1,4,33.5,1,True
workload_2416.cpp,xczu7ev-ffvc1156-2-e,3.33,4.8666951,2237,24,1,34,75,block_2_1,block_2_1,cyclic_2_1,unroll_2,pipeline_1,unroll_16,2,33.5,1,True
workload_2494.cpp,xczu7ev-ffvc1156-2-e,3.33,4.8666951,2185,24,1,34,75,block_2_1,block_2_1,cyclic_2_1,unroll_2,pipeline_1,unroll_2,2,33.5,1,True
workload_2573.cpp,xczu7ev-ffvc1156-2-e,3.33,4.8666951,2359,24,1,34,75,block_2_1,block_2_1,cyclic_2_1,unroll_2,pipeline_1,unroll_32,1,33.5,1,True
workload_2323.cpp,xczu7ev-ffvc1156-2-e,3.33,4.8666951,2209,24,1,34,75,block_2_1,block_2_1,cyclic_2_1,unroll_2,pipeline_1,unroll_4,2,33.5,1,True
workload_2343.cpp,xczu7ev-ffvc1156-2-e,3.33,4.8666951,2200,24,1,34,75,block_2_1,block_2_1,cyclic_2_1,unroll_2,pipeline_1,unroll_64,2,33.5,1,True
workload_2449.cpp,xczu7ev-ffvc1156-2-e,3.33,4.8666951,2340,24,1,34,75,block_2_1,block_2_1,cyclic_2_1,unroll_2,pipeline_1,unroll_8,1,33.5,1,True
workload_2326.cpp,xczu7ev-ffvc1156-2-e,3.33,123.81405534,38,24,1,9,16,block_2_1,block_2_1,cyclic_2_1,unroll_2,unroll_2,pipeline_1,2,12.5,0.805073513161,False
workload_2301.cpp,xczu7ev-ffvc1156-2-e,3.33,95.49016758,119,24,1,19,25,block_2_1,block_2_1,cyclic_2_1,unroll_2,unroll_2,unroll_16,1,17.25,0.799701281192,False
workload_2542.cpp,xczu7ev-ffvc1156-2-e,3.33,100.20011958,41,24,1,3,6,block_2_1,block_2_1,cyclic_2_1,unroll_2,unroll_2,unroll_2,1,8.5,0.975569292149,False
workload_2312.cpp,xczu7ev-ffvc1156-2-e,3.33,97.54038198,48,24,1,5,9,block_2_1,block_2_1,cyclic_2_1,unroll_2,unroll_2,unroll_4,1,9.75,0.95540608603,False
workload_2615.cpp,xczu7ev-ffvc1156-2-e,3.33,4.86714798,2276,24,1,34,75,block_2_1,block_2_1,cyclic_4_1,unroll_2,pipeline_1,pipeline_1,1,33.5,0.527226830615,False
workload_1896.cpp,xczu7ev-ffvc1156-2-e,3.33,4.86714798,2264,24,1,34,75,block_2_1,block_2_1,cyclic_4_1,unroll_2,pipeline_1,unroll_8,1,33.5,0.527226830615,False
workload_2396.cpp,xczu7ev-ffvc1156-2-e,3.33,95.49016758,122,24,1,19,25,block_2_1,block_2_1,cyclic_4_1,unroll_2,unroll_2,unroll_16,1,17.25,0.799701281192,False
workload_2678.cpp,xczu7ev-ffvc1156-2-e,3.33,4.86760086,2238,25,1,52,93,block_2_1,block_4_1,block_2_1,unroll_2,pipeline_1,pipeline_1,1,42.75,0.326715602218,False
workload_2302.cpp,xczu7ev-ffvc1156-2-e,3.33,4.86760086,2346,25,1,52,93,block_2_1,block_4_1,block_2_1,unroll_2,pipeline_1,unroll_8,1,42.75,0.326715602218,False
workload_2367.cpp,xczu7ev-ffvc1156-2-e,3.33,100.20011958,44,25,1,3,6,block_2_1,block_4_1,block_2_1,unroll_2,unroll_2,unroll_2,1,8.75,0.972440798929,False
workload_2242.cpp,xczu7ev-ffvc1156-2-e,3.33,4.86760086,2315,25,1,52,93,block_2_1,block_4_1,block_4_1,unroll_2,pipeline_1,pipeline_1,1,42.75,0.326715602218,False
workload_2138.cpp,xczu7ev-ffvc1156-2-e,3.33,116.71969014,42,25,1,9,17,block_2_1,block_4_1,block_4_1,unroll_2,unroll_2,pipeline_1,1,13,0.82116810961,False
workload_2209.cpp,xczu7ev-ffvc1156-2-e,3.33,4.86751761,2241,25,1,52,93,block_2_1,block_4_1,complete_1,unroll_2,pipeline_1,unroll_4,1,42.75,0.326715558489,False
workload_2135.cpp,xczu7ev-ffvc1156-2-e,3.33,123.81394545,41.5,25,1,9.5,16.5,block_2_1,block_4_1,complete_1,unroll_2,unroll_2,pipeline_1,2,13,0.796359272004,False
workload_2274.cpp,xczu7ev-ffvc1156-2-e,3.33,95.49008433,130,25,4,19,25,block_2_1,block_4_1,complete_1,unroll_2,unroll_2,unroll_16,1,18.25,0.799666781405,False
workload_2247.cpp,xczu7ev-ffvc1156-2-e,3.33,97.54029873,49,25,1,5,9,block_2_1,block_4_1,complete_1,unroll_2,unroll_2,unroll_4,1,10,0.954310689524,False
workload_2486.cpp,xczu7ev-ffvc1156-2-e,3.33,95.03294193,1168,25,15,72,89,block_2_1,block_4_1,complete_1,unroll_2,unroll_2,unroll_64,1,50.25,0.191047260921,False
workload_2413.cpp,xczu7ev-ffvc1156-2-e,3.33,4.86714798,2305,25,1,52,93,block_2_1,block_4_1,cyclic_2_1,unroll_2,pipeline_1,unroll_64,1,42.75,0.326715364331,False
workload_2095.cpp,xczu7ev-ffvc1156-2-e,3.33,130.90842054,39,25,1,9,16,block_2_1,block_4_1,cyclic_2_1,unroll_2,unroll_2,pipeline_1,1,12.75,0.777042077957,False
workload_2232.cpp,xczu7ev-ffvc1156-2-e,3.33,100.20011958,41,25,1,3,6,block_2_1,block_4_1,cyclic_2_1,unroll_2,unroll_2,unroll_2,1,8.75,0.972440798929,False
workload_2516.cpp,xczu7ev-ffvc1156-2-e,3.33,4.86760086,2386,25,1,52,93,block_2_1,block_4_1,cyclic_4_1,unroll_2,pipeline_1,pipeline_1,1,42.75,0.326715602218,False
workload_2401.cpp,xczu7ev-ffvc1156-2-e,3.33,4.86760086,2457,25,1,52,93,block_2_1,block_4_1,cyclic_4_1,unroll_2,pipeline_1,unroll_4,1,42.75,0.326715602218,False
workload_2122.cpp,xczu7ev-ffvc1156-2-e,3.33,207.71585622,58,25,1,36,59,block_2_1,block_4_1,cyclic_4_1,unroll_2,unroll_8,pipeline_1,1,30.25,0.314308018975,False
workload_2297.cpp,xczu7ev-ffvc1156-2-e,3.33,4.8666951,2585,25,1,36,78,block_2_1,block_512_1,block_2_1,unroll_2,pipeline_1,unroll_4,1,35,0.493532194267,False
workload_2147.cpp,xczu7ev-ffvc1156-2-e,3.33,97.54038198,53,25,1,5,8,block_2_1,block_512_1,block_2_1,unroll_2,unroll_2,unroll_4,1,9.75,0.95540608603,False
workload_2233.cpp,xczu7ev-ffvc1156-2-e,3.33,95.03302518,1149,25,1,59,77,block_2_1,block_512_1,block_2_1,unroll_2,unroll_2,unroll_64,1,40.5,0.316330312144,False
workload_2264.cpp,xczu7ev-ffvc1156-2-e,3.33,96.21051318,73,25,1,8,13,block_2_1,block_512_1,block_2_1,unroll_2,unroll_2,unroll_8,1,11.75,0.901142694654,False
workload_2246.cpp,xczu7ev-ffvc1156-2-e,3.33,4.8666951,2410,25,1,36,78,block_2_1,block_512_1,block_4_1,unroll_2,pipeline_1,unroll_2,1,35,0.493532194267,False
workload_2270.cpp,xczu7ev-ffvc1156-2-e,3.33,95.49016758,125,25,1,15,22,block_2_1,block_512_1,block_4_1,unroll_2,unroll_2,unroll_16,1,15.75,0.851790346255,False
workload_2215.cpp,xczu7ev-ffvc1156-2-e,3.33,100.20011958,40,25,1,3,6,block_2_1,block_512_1,block_4_1,unroll_2,unroll_2,unroll_2,1,8.75,0.972440798929,False
workload_2317.cpp,xczu7ev-ffvc1156-2-e,3.33,97.54038198,48,25,1,5,8,block_2_1,block_512_1,block_4_1,unroll_2,unroll_2,unroll_4,1,9.75,0.95540608603,False
workload_2269.cpp,xczu7ev-ffvc1156-2-e,3.33,95.03302518,1243,25,1,59,77,block_2_1,block_512_1,block_4_1,unroll_2,unroll_2,unroll_64,1,40.5,0.316330312144,False
workload_2450.cpp,xczu7ev-ffvc1156-2-e,3.33,4.86661185,2535.5,25,1,36,78,block_2_1,block_512_1,complete_1,unroll_2,pipeline_1,unroll_16,2,35,0.493532123181,False
workload_2470.cpp,xczu7ev-ffvc1156-2-e,3.33,4.86661185,2453,25,1,36,78,block_2_1,block_512_1,complete_1,unroll_2,pipeline_1,unroll_2,1,35,0.493532123181,False
workload_2593.cpp,xczu7ev-ffvc1156-2-e,3.33,4.86661185,2584,25,1,36,78,block_2_1,block_512_1,complete_1,unroll_2,pipeline_1,unroll_32,1,35,0.493532123181,False
workload_2256.cpp,xczu7ev-ffvc1156-2-e,3.33,4.86661185,2369,25,1,36,78,block_2_1,block_512_1,complete_1,unroll_2,pipeline_1,unroll_4,1,35,0.493532123181,False
workload_2549.cpp,xczu7ev-ffvc1156-2-e,3.33,4.86661185,2475,25,1,36,78,block_2_1,block_512_1,complete_1,unroll_2,pipeline_1,unroll_8,1,35,0.493532123181,False
workload_2105.cpp,xczu7ev-ffvc1156-2-e,3.33,116.71958025,38,25,1,9,16,block_2_1,block_512_1,complete_1,unroll_2,unroll_2,pipeline_1,1,12.75,0.824916586224,False
workload_2290.cpp,xczu7ev-ffvc1156-2-e,3.33,97.54029873,48,25,1,5,8,block_2_1,block_512_1,complete_1,unroll_2,unroll_2,unroll_4,1,9.75,0.955406206101,False
workload_2166.cpp,xczu7ev-ffvc1156-2-e,3.33,95.03294193,1265,25,1,59,77,block_2_1,block_512_1,complete_1,unroll_2,unroll_2,unroll_64,1,40.5,0.316330414802,False
workload_2056.cpp,xczu7ev-ffvc1156-2-e,3.33,192.87215145,74,25,1,33,55,block_2_1,block_512_1,complete_1,unroll_2,unroll_8,pipeline_1,1,28.5,0.369265223102,False
workload_2286.cpp,xczu7ev-ffvc1156-2-e,3.33,4.8666951,2555.5,25,1,36,78,block_2_1,block_512_1,cyclic_2_1,unroll_2,pipeline_1,pipeline_1,2,35,0.493532194267,False
workload_2461.cpp,xczu7ev-ffvc1156-2-e,3.33,4.8666951,2438,25,1,36,78,block_2_1,block_512_1,cyclic_2_1,unroll_2,pipeline_1,unroll_16,1,35,0.493532194267,False
workload_2191.cpp,xczu7ev-ffvc1156-2-e,3.33,4.8666951,2559,25,1,36,78,block_2_1,block_512_1,cyclic_2_1,unroll_2,pipeline_1,unroll_2,1,35,0.493532194267,False
workload_2210.cpp,xczu7ev-ffvc1156-2-e,3.33,4.8666951,2620.5,25,1,36,78,block_2_1,block_512_1,cyclic_2_1,unroll_2,pipeline_1,unroll_64,2,35,0.493532194267,False
workload_2287.cpp,xczu7ev-ffvc1156-2-e,3.33,4.8666951,2622,25,1,36,78,block_2_1,block_512_1,cyclic_2_1,unroll_2,pipeline_1,unroll_8,1,35,0.493532194267,False
workload_2107.cpp,xczu7ev-ffvc1156-2-e,3.33,123.81405534,39,25,1,9,16,block_2_1,block_512_1,cyclic_2_1,unroll_2,unroll_2,pipeline_1,2,12.75,0.799691378261,False
workload_2162.cpp,xczu7ev-ffvc1156-2-e,3.33,100.20011958,43,25,1,3,6,block_2_1,block_512_1,cyclic_2_1,unroll_2,unroll_2,unroll_2,1,8.75,0.972440798929,False
workload_2017.cpp,xczu7ev-ffvc1156-2-e,3.33,95.03302518,1364,25,1,59,77,block_2_1,block_512_1,cyclic_2_1,unroll_2,unroll_2,unroll_64,1,40.5,0.316330312144,False
workload_1996.cpp,xczu7ev-ffvc1156-2-e,3.33,200.29405878,62,25,1,33,55,block_2_1,block_512_1,cyclic_2_1,unroll_2,unroll_8,pipeline_1,2,28.5,0.352992228,False
workload_2545.cpp,xczu7ev-ffvc1156-2-e,3.33,4.8666951,2535,25,1,36,78,block_2_1,block_512_1,cyclic_4_1,unroll_2,pipeline_1,pipeline_1,1,35,0.493532194267,False
workload_2018.cpp,xczu7ev-ffvc1156-2-e,3.33,126.41308038,114,31,2,10,23,block_2_1,block_64_1,block_4_1,unroll_2,unroll_2,unroll_8,1,16.5,0.746534397118,False
workload_2129.cpp,xczu7ev-ffvc1156-2-e,3.33,226.8082647,716,31,8,38,85,block_2_1,block_64_1,block_4_1,unroll_2,unroll_8,unroll_8,1,40.5,0.172253203015,False
workload_2198.cpp,xczu7ev-ffvc1156-2-e,3.33,130.84596306,75,31,1,6,17,block_2_1,block_64_1,block_4_1,unroll_4,unroll_2,unroll_2,1,13.75,0.764881410307,False
workload_2175.cpp,xczu7ev-ffvc1156-2-e,3.33,127.74294918,51,26,1,5,10,block_2_1,block_8_1,block_2_1,unroll_2,unroll_2,unroll_4,1,10.5,0.845068422684,False
workload_1559.cpp,xczu7ev-ffvc1156-2-e,3.33,189.5538231,125,26,4,19,27,block_2_1,block_8_1,block_2_1,unroll_2,unroll_4,unroll_8,1,19,0.494653042613,False
workload_1411.cpp,xczu7ev-ffvc1156-2-e,3.33,262.91739942,60,26,1,36,60,block_2_1,block_8_1,block_2_1,unroll_2,unroll_8,pipeline_1,1,30.75,0.20808590072,False
workload_1634.cpp,xczu7ev-ffvc1156-2-e,3.33,231.50372454,76,26,2,11,18,block_2_1,block_8_1,block_2_1,unroll_2,unroll_8,unroll_2,1,14.25,0.423899507911,False
workload_1542.cpp,xczu7ev-ffvc1156-2-e,3.33,228.37341798,144,26,4,20,29,block_2_1,block_8_1,block_2_1,unroll_2,unroll_8,unroll_4,1,19.75,0.373804575869,False
workload_1608.cpp,xczu7ev-ffvc1156-2-e,3.33,261.74460006,1836,26,4,21,33,block_2_1,block_8_1,block_4_1,unroll_2,unroll_16,unroll_2,1,21,0.281345960605,False
workload_1581.cpp,xczu7ev-ffvc1156-2-e,3.33,231.50372454,76,26,2,11,18,block_2_1,block_8_1,block_4_1,unroll_2,unroll_8,unroll_2,1,14.25,0.423899507911,False
workload_1572.cpp,xczu7ev-ffvc1156-2-e,3.33,226.8082647,351,26,1,32,51,block_2_1,cyclic_16_1,block_2_1,unroll_2,unroll_8,unroll_8,1,27.5,0.306156466199,False
workload_1552.cpp,xczu7ev-ffvc1156-2-e,3.33,300.14690598,1565,26,1,35,62,block_2_1,cyclic_16_1,block_4_1,unroll_2,unroll_32,unroll_2,1,31,0.153754705567,False
workload_1857.cpp,xczu7ev-ffvc1156-2-e,3.33,143.61277014,109,24,1,16,22,block_2_1,cyclic_2_1,block_2_1,unroll_2,unroll_4,unroll_8,1,15.75,0.694519294138,False
workload_2100.cpp,xczu7ev-ffvc1156-2-e,3.33,146.92213413,48,26,1,17,31,block_2_1,cyclic_2_1,complete_1,unroll_4,unroll_2,pipeline_1,1,18.75,0.644864214608,False
workload_1707.cpp,xczu7ev-ffvc1156-2-e,3.33,142.85321046,319,25,1,30,41,block_2_1,cyclic_4_1,block_2_1,unroll_2,unroll_4,unroll_16,1,24.25,0.562196254643,False
workload_1605.cpp,xczu7ev-ffvc1156-2-e,3.33,143.61277014,114,25,1,16,23,block_2_1,cyclic_4_1,block_2_1,unroll_2,unroll_4,unroll_8,1,16.25,0.687997818728,False
workload_1750.cpp,xczu7ev-ffvc1156-2-e,3.33,116.71969014,41,25,1,9,16,block_2_1,cyclic_4_1,cyclic_4_1,unroll_2,unroll_2,pipeline_1,1,12.75,0.824916221711,False
workload_1689.cpp,xczu7ev-ffvc1156-2-e,3.33,96.21051318,65,25,1,8,13,block_2_1,cyclic_4_1,cyclic_4_1,unroll_2,unroll_2,unroll_8,1,11.75,0.901142694654,False
workload_1736.cpp,xczu7ev-ffvc1156-2-e,3.33,142.85321046,292,25,1,30,41,block_2_1,cyclic_4_1,cyclic_4_1,unroll_2,unroll_4,unroll_16,1,24.25,0.562196254643,False
workload_1720.cpp,xczu7ev-ffvc1156-2-e,3.33,192.87226134,58,25,1,33,55,block_2_1,cyclic_4_1,cyclic_4_1,unroll_2,unroll_8,pipeline_1,1,28.5,0.369264982475,False
workload_2155.cpp,xczu7ev-ffvc1156-2-e,3.33,127.74294918,65,31,1,5,14,block_2_1,cyclic_8_1,block_2_1,unroll_2,unroll_2,unroll_4,1,12.75,0.784615288387,False
workload_1937.cpp,xczu7ev-ffvc1156-2-e,3.33,126.41308038,117,31,1,8,22,block_2_1,cyclic_8_1,block_2_1,unroll_2,unroll_2,unroll_8,1,15.5,0.762875410232,False
workload_2160.cpp,xczu7ev-ffvc1156-2-e,3.33,126.41308038,92,31,1,8,22,block_2_1,cyclic_8_1,block_4_1,unroll_2,unroll_2,unroll_8,1,15.5,0.762875410232,False
workload_1902.cpp,xczu7ev-ffvc1156-2-e,3.33,126.41308038,71,26,1,8,13,block_2_1,cyclic_8_1,cyclic_4_1,unroll_2,unroll_2,unroll_8,1,12,0.806804402662,False
workload_1622.cpp,xczu7ev-ffvc1156-2-e,3.33,131.28243948,76,42,14,5,13,block_32_1,cyclic_16_1,cyclic_2_1,unroll_4,unroll_2,unroll_2,1,18.5,0.70130881278,False
workload_1577.cpp,xczu7ev-ffvc1156-2-e,3.33,194.60390796,164,42,28,10,22,block_32_1,cyclic_16_1,cyclic_2_1,unroll_4,unroll_4,unroll_2,1,25.5,0.407157892273,False
workload_1582.cpp,xczu7ev-ffvc1156-2-e,3.33,144.04916331,347,41,56,17,30,block_32_1,cyclic_4_1,complete_1,unroll_2,unroll_4,unroll_8,1,36,0.317520604157,False
workload_1598.cpp,xczu7ev-ffvc1156-2-e,3.33,194.60390796,136,42,28,10,20,block_32_1,cyclic_8_1,cyclic_2_1,unroll_4,unroll_4,unroll_2,1,25,0.413750076786,False
workload_1627.cpp,xczu7ev-ffvc1156-2-e,3.33,231.83777682,1145,42,4,22,91,block_4_1,block_128_1,complete_1,unroll_4,unroll_8,unroll_2,1,39.75,0.173881539514,False
workload_2680.cpp,xczu7ev-ffvc1156-2-e,3.33,95.70832254,134,25,1,16,29,block_4_1,block_256_1,complete_1,unroll_2,unroll_2,unroll_16,1,17.75,0.799662095303,False
workload_1541.cpp,xczu7ev-ffvc1156-2-e,3.33,231.7218795,938,63,2,13,72,block_4_1,block_256_1,complete_1,unroll_2,unroll_8,unroll_2,1,37.5,0.194415725032,False
workload_2609.cpp,xczu7ev-ffvc1156-2-e,3.33,95.40356094,349,25,1,36,62,block_4_1,block_2_1,complete_1,unroll_2,unroll_2,unroll_32,1,31,0.450245160248,False
workload_2146.cpp,xczu7ev-ffvc1156-2-e,3.33,126.63131859,84,27,2,10,22,block_4_1,block_32_1,block_2_1,unroll_2,unroll_2,unroll_8,1,15.25,0.765551598484,False
workload_2054.cpp,xczu7ev-ffvc1156-2-e,3.33,116.93792835,47,26,1,10,17,block_4_1,block_4_1,block_4_1,unroll_2,unroll_2,pipeline_1,1,13.5,0.817867098333,False
workload_2218.cpp,xczu7ev-ffvc1156-2-e,3.33,95.70840579,132,26,4,19,33,block_4_1,block_4_1,block_4_1,unroll_2,unroll_2,unroll_16,1,20.5,0.749451734751,False
workload_2268.cpp,xczu7ev-ffvc1156-2-e,3.33,97.75862019,59,26,1,5,11,block_4_1,block_4_1,block_4_1,unroll_2,unroll_2,unroll_4,1,10.75,0.936324065608,False
workload_2114.cpp,xczu7ev-ffvc1156-2-e,3.33,96.42875139,79,26,2,10,18,block_4_1,block_4_1,block_4_1,unroll_2,unroll_2,unroll_8,1,14,0.860608042706,False
workload_2202.cpp,xczu7ev-ffvc1156-2-e,3.33,96.42866814,76,26,2,10,18,block_4_1,block_4_1,complete_1,unroll_2,unroll_2,unroll_8,1,14,0.860608056841,False
workload_2150.cpp,xczu7ev-ffvc1156-2-e,3.33,116.93780514,52,26,1,19,33,block_4_1,block_4_1,complete_1,unroll_4,unroll_2,pipeline_1,1,19.75,0.726608789437,False
workload_2174.cpp,xczu7ev-ffvc1156-2-e,3.33,95.70840579,126,26,4,19,33,block_4_1,block_4_1,cyclic_2_1,unroll_2,unroll_2,unroll_16,1,20.5,0.749451734751,False
workload_2263.cpp,xczu7ev-ffvc1156-2-e,3.33,95.40364419,378,26,8,36,62,block_4_1,block_4_1,cyclic_2_1,unroll_2,unroll_2,unroll_32,1,33,0.410669040313,False
workload_2347.cpp,xczu7ev-ffvc1156-2-e,3.33,95.70840579,122,26,1,16,30,block_4_1,block_512_1,block_4_1,unroll_2,unroll_2,unroll_16,1,18.25,0.799625668045,False
workload_2148.cpp,xczu7ev-ffvc1156-2-e,3.33,193.09038966,63,26,1,34,58,block_4_1,block_512_1,complete_1,unroll_2,unroll_8,pipeline_1,1,29.75,0.350547754291,False
workload_2169.cpp,xczu7ev-ffvc1156-2-e,3.33,131.12665875,37,26,1,9,16,block_4_1,block_512_1,cyclic_2_1,unroll_2,unroll_2,pipeline_1,1,13,0.769530648797,False
workload_2083.cpp,xczu7ev-ffvc1156-2-e,3.33,126.63131859,160,42,1,9,37,block_4_1,cyclic_16_1,block_2_1,unroll_2,unroll_2,unroll_8,1,22.25,0.64614573138,False
workload_2134.cpp,xczu7ev-ffvc1156-2-e,3.33,147.14049555,62,42,1,13,23,block_4_1,cyclic_16_1,cyclic_2_1,unroll_2,unroll_2,pipeline_1,1,19.75,0.631094728194,False
workload_1675.cpp,xczu7ev-ffvc1156-2-e,3.33,131.06420127,58,27,1,5,12,block_4_1,cyclic_16_1,cyclic_2_1,unroll_4,unroll_2,unroll_2,1,11.25,0.818282197449,False
workload_1718.cpp,xczu7ev-ffvc1156-2-e,3.33,143.07144867,311,25,1,30,56,block_4_1,cyclic_2_1,cyclic_2_1,unroll_2,unroll_4,unroll_16,1,28,0.48039728598,False
workload_2057.cpp,xczu7ev-ffvc1156-2-e,3.33,127.96118739,74,32,1,5,16,block_4_1,cyclic_8_1,block_2_1,unroll_2,unroll_2,unroll_4,1,13.5,0.777847947256,False
workload_1997.cpp,xczu7ev-ffvc1156-2-e,3.33,126.63131859,126,32,1,8,26,block_4_1,cyclic_8_1,block_2_1,unroll_2,unroll_2,unroll_8,1,16.75,0.741148991136,False
workload_2149.cpp,xczu7ev-ffvc1156-2-e,3.33,161.32911606,49,32,1,9,19,block_4_1,cyclic_8_1,complete_1,unroll_2,unroll_2,pipeline_1,1,15.25,0.638180364355,False
workload_2123.cpp,xczu7ev-ffvc1156-2-e,3.33,127.96110414,68,32,1,5,16,block_4_1,cyclic_8_1,complete_1,unroll_2,unroll_2,unroll_4,1,13.5,0.777848268267,False
workload_2136.cpp,xczu7ev-ffvc1156-2-e,3.33,248.29204275,118,32,1,34,68,block_4_1,cyclic_8_1,cyclic_2_1,unroll_2,unroll_8,pipeline_1,1,33.75,0.206465460182,False
workload_1928.cpp,xczu7ev-ffvc1156-2-e,3.33,43.34929398,1393,24,1,14,41,block_512_1,block_1024_1,block_2_1,unroll_2,pipeline_1,unroll_8,1,20,0.742610683041,False
workload_1917.cpp,xczu7ev-ffvc1156-2-e,3.33,136.10657718,52,24,1,2,7,block_512_1,block_1024_1,block_2_1,unroll_2,unroll_2,unroll_16,1,8.5,0.865736735888,False
workload_2145.cpp,xczu7ev-ffvc1156-2-e,3.33,168.52559238,47,26,1,2,7,block_512_1,block_1024_1,block_4_1,unroll_2,unroll_2,unroll_8,1,9,0.710403856918,False
workload_2205.cpp,xczu7ev-ffvc1156-2-e,3.33,146.45817522,47,26,1,2,7,block_512_1,block_1024_1,block_4_1,unroll_4,unroll_2,pipeline_1,1,9,0.812908607336,False
workload_1903.cpp,xczu7ev-ffvc1156-2-e,3.33,130.44077865,37,24,1,1,3,block_512_1,block_1024_1,complete_1,unroll_2,unroll_2,pipeline_1,1,7.25,1,True
workload_2062.cpp,xczu7ev-ffvc1156-2-e,3.33,146.45806533,54,26,1,2,7,block_512_1,block_1024_1,complete_1,unroll_4,unroll_2,pipeline_1,1,9,0.812909108644,False
workload_1890.cpp,xczu7ev-ffvc1156-2-e,3.33,43.34929398,1392,24,1,14,41,block_512_1,block_1024_1,cyclic_4_1,unroll_2,pipeline_1,pipeline_1,1,20,0.742610683041,False
workload_1883.cpp,xczu7ev-ffvc1156-2-e,3.33,43.34929398,1323,24,1,14,41,block_512_1,block_1024_1,cyclic_4_1,unroll_2,pipeline_1,unroll_8,1,20,0.742610683041,False
workload_2226.cpp,xczu7ev-ffvc1156-2-e,3.33,146.57593734,56,41,1,2,12,block_512_1,block_128_1,block_4_1,unroll_2,unroll_2,pipeline_1,1,14,0.708131317164,False
workload_1715.cpp,xczu7ev-ffvc1156-2-e,3.33,126.41308038,60,26,2,3,9,block_512_1,block_16_1,block_4_1,unroll_2,unroll_2,unroll_8,1,10,0.860357498251,False
workload_2565.cpp,xczu7ev-ffvc1156-2-e,3.33,43.46695953,1924,31,1,45,73,block_512_1,block_16_1,complete_1,unroll_2,pipeline_1,unroll_32,1,37.5,0.422090710516,False
workload_2628.cpp,xczu7ev-ffvc1156-2-e,3.33,146.57582745,39,26,1,2,6,block_512_1,block_16_1,complete_1,unroll_2,unroll_2,pipeline_1,1,8.75,0.815313692285,False
workload_2681.cpp,xczu7ev-ffvc1156-2-e,3.33,43.34929398,1261,24,1,14,45,block_512_1,block_256_1,block_2_1,unroll_2,pipeline_1,pipeline_1,1,21,0.71285274977,False
workload_2620.cpp,xczu7ev-ffvc1156-2-e,3.33,43.34929398,1334,24,1,14,45,block_512_1,block_256_1,block_2_1,unroll_2,pipeline_1,unroll_16,1,21,0.71285274977,False
workload_2677.cpp,xczu7ev-ffvc1156-2-e,3.33,43.34929398,1430,24,1,14,45,block_512_1,block_256_1,block_2_1,unroll_2,pipeline_1,unroll_2,1,21,0.71285274977,False
workload_2606.cpp,xczu7ev-ffvc1156-2-e,3.33,43.34929398,1289,24,1,14,45,block_512_1,block_256_1,block_2_1,unroll_2,pipeline_1,unroll_32,1,21,0.71285274977,False
workload_2411.cpp,xczu7ev-ffvc1156-2-e,3.33,43.34929398,1313,24,1,14,45,block_512_1,block_256_1,block_2_1,unroll_2,pipeline_1,unroll_64,1,21,0.71285274977,False
workload_2341.cpp,xczu7ev-ffvc1156-2-e,3.33,136.10657718,60,24,1,2,7,block_512_1,block_256_1,block_2_1,unroll_2,unroll_2,unroll_16,1,8.5,0.865736735888,False
workload_2308.cpp,xczu7ev-ffvc1156-2-e,3.33,142.75592118,40,24,1,1,5,block_512_1,block_256_1,block_2_1,unroll_2,unroll_2,unroll_4,1,7.75,0.841900257153,False
workload_1737.cpp,xczu7ev-ffvc1156-2-e,3.33,146.57592402,240,62,1,3,32,block_512_1,block_256_1,block_2_1,unroll_4,unroll_2,pipeline_1,1,24.5,0.547941693003,False
workload_2391.cpp,xczu7ev-ffvc1156-2-e,3.33,43.34929398,1304,24,1,14,45,block_512_1,block_256_1,block_4_1,unroll_2,pipeline_1,pipeline_1,1,21,0.71285274977,False
workload_2121.cpp,xczu7ev-ffvc1156-2-e,3.33,116.25562134,38,24,1,1,4,block_512_1,block_256_1,block_4_1,unroll_2,unroll_2,pipeline_1,1,7.5,0.94648308922,False
workload_2363.cpp,xczu7ev-ffvc1156-2-e,3.33,151.62171318,34,24,1,1,4,block_512_1,block_256_1,block_4_1,unroll_2,unroll_2,unroll_2,1,7.5,0.797419460136,False
workload_2355.cpp,xczu7ev-ffvc1156-2-e,3.33,142.75592118,38,24,1,1,5,block_512_1,block_256_1,block_4_1,unroll_2,unroll_2,unroll_4,1,7.75,0.841900257153,False
workload_2438.cpp,xczu7ev-ffvc1156-2-e,3.33,163.84318614,41,24,1,2,6,block_512_1,block_256_1,block_4_1,unroll_2,unroll_4,pipeline_1,1,8.25,0.736043813859,False
workload_2404.cpp,xczu7ev-ffvc1156-2-e,3.33,43.34921073,1286,24,1,14,45,block_512_1,block_256_1,complete_1,unroll_2,pipeline_1,pipeline_1,3,21,0.71285264691,False
workload_2466.cpp,xczu7ev-ffvc1156-2-e,3.33,43.34921073,1393.5,24,1,14,45,block_512_1,block_256_1,complete_1,unroll_2,pipeline_1,unroll_16,2,21,0.71285264691,False
workload_2265.cpp,xczu7ev-ffvc1156-2-e,3.33,43.34921073,1445.5,24,1,14,45,block_512_1,block_256_1,complete_1,unroll_2,pipeline_1,unroll_2,2,21,0.71285264691,False
workload_2527.cpp,xczu7ev-ffvc1156-2-e,3.33,43.34921073,1289,24,1,14,45,block_512_1,block_256_1,complete_1,unroll_2,pipeline_1,unroll_32,1,21,0.71285264691,False
workload_2578.cpp,xczu7ev-ffvc1156-2-e,3.33,43.34921073,1450,24,1,14,45,block_512_1,block_256_1,complete_1,unroll_2,pipeline_1,unroll_4,1,21,0.71285264691,False
workload_2465.cpp,xczu7ev-ffvc1156-2-e,3.33,43.34921073,1312,24,1,14,45,block_512_1,block_256_1,complete_1,unroll_2,pipeline_1,unroll_8,1,21,0.71285264691,False
workload_2139.cpp,xczu7ev-ffvc1156-2-e,3.33,123.34814505,37.5,24,1,1,4,block_512_1,block_256_1,complete_1,unroll_2,unroll_2,pipeline_1,2,7.5,0.907867193801,False
workload_2212.cpp,xczu7ev-ffvc1156-2-e,3.33,151.62160329,34,24,1,1,4,block_512_1,block_256_1,complete_1,unroll_2,unroll_2,unroll_2,1,7.5,0.797420011355,False
workload_2432.cpp,xczu7ev-ffvc1156-2-e,3.33,134.88744753,84,24,1,3,11,block_512_1,block_256_1,complete_1,unroll_2,unroll_2,unroll_32,1,9.75,0.845358762864,False
workload_2597.cpp,xczu7ev-ffvc1156-2-e,3.33,142.75581129,44,24,1,1,5,block_512_1,block_256_1,complete_1,unroll_2,unroll_2,unroll_4,1,7.75,0.841900816743,False
workload_2587.cpp,xczu7ev-ffvc1156-2-e,3.33,134.38874673,157,24,1,4,18,block_512_1,block_256_1,complete_1,unroll_2,unroll_2,unroll_64,1,11.75,0.797302184719,False
workload_2332.cpp,xczu7ev-ffvc1156-2-e,3.33,138.32294193,43,24,1,2,5,block_512_1,block_256_1,complete_1,unroll_2,unroll_2,unroll_8,1,8,0.862424525473,False
workload_2252.cpp,xczu7ev-ffvc1156-2-e,3.33,163.84307625,40,24,1,2,6,block_512_1,block_256_1,complete_1,unroll_2,unroll_4,pipeline_1,1,8.25,0.736044336271,False
workload_1957.cpp,xczu7ev-ffvc1156-2-e,3.33,116.25549813,50,24,1,2,6,block_512_1,block_256_1,complete_1,unroll_4,unroll_2,pipeline_1,1,8.25,0.933105905355,False
workload_2241.cpp,xczu7ev-ffvc1156-2-e,3.33,290.59447797,295,24,1,14,49,block_512_1,block_256_1,complete_1,unroll_4,unroll_32,unroll_2,1,22,0.216091799749,False
workload_2236.cpp,xczu7ev-ffvc1156-2-e,3.33,43.34929398,1358,24,1,14,45,block_512_1,block_256_1,cyclic_2_1,unroll_2,pipeline_1,pipeline_1,3,21,0.71285274977,False
workload_2676.cpp,xczu7ev-ffvc1156-2-e,3.33,43.34929398,1288,24,1,14,45,block_512_1,block_256_1,cyclic_2_1,unroll_2,pipeline_1,unroll_16,1,21,0.71285274977,False
workload_2321.cpp,xczu7ev-ffvc1156-2-e,3.33,43.34929398,1369,24,1,14,45,block_512_1,block_256_1,cyclic_2_1,unroll_2,pipeline_1,unroll_2,2,21,0.71285274977,False
workload_2501.cpp,xczu7ev-ffvc1156-2-e,3.33,43.34929398,1327.5,24,1,14,45,block_512_1,block_256_1,cyclic_2_1,unroll_2,pipeline_1,unroll_4,2,21,0.71285274977,False
workload_2611.cpp,xczu7ev-ffvc1156-2-e,3.33,43.34929398,1435,24,1,14,45,block_512_1,block_256_1,cyclic_2_1,unroll_2,pipeline_1,unroll_64,1,21,0.71285274977,False
workload_2459.cpp,xczu7ev-ffvc1156-2-e,3.33,43.34929398,1347.5,24,1,14,45,block_512_1,block_256_1,cyclic_2_1,unroll_2,pipeline_1,unroll_8,2,21,0.71285274977,False
workload_2643.cpp,xczu7ev-ffvc1156-2-e,3.33,116.25562134,38,24,1,1,4,block_512_1,block_256_1,cyclic_2_1,unroll_2,unroll_2,pipeline_1,1,7.5,0.94648308922,False
workload_2214.cpp,xczu7ev-ffvc1156-2-e,3.33,136.10657718,52,24,1,2,7,block_512_1,block_256_1,cyclic_2_1,unroll_2,unroll_2,unroll_16,1,8.5,0.865736735888,False
workload_2206.cpp,xczu7ev-ffvc1156-2-e,3.33,151.62171318,37,24,1,1,4,block_512_1,block_256_1,cyclic_2_1,unroll_2,unroll_2,unroll_2,1,7.5,0.797419460136,False
workload_2627.cpp,xczu7ev-ffvc1156-2-e,3.33,134.88753078,80,24,1,3,11,block_512_1,block_256_1,cyclic_2_1,unroll_2,unroll_2,unroll_32,1,9.75,0.845358501621,False
workload_1716.cpp,xczu7ev-ffvc1156-2-e,3.33,126.41308038,266,62,2,5,46,block_512_1,block_256_1,cyclic_2_1,unroll_2,unroll_2,unroll_8,1,28.75,0.487719456415,False
workload_2060.cpp,xczu7ev-ffvc1156-2-e,3.33,247.04310294,154,24,1,7,28,block_512_1,block_256_1,cyclic_2_1,unroll_2,unroll_32,pipeline_1,1,15,0.370462215635,False
workload_2112.cpp,xczu7ev-ffvc1156-2-e,3.33,290.59460118,135,24,1,7,26,block_512_1,block_256_1,cyclic_2_1,unroll_2,unroll_32,unroll_2,1,14.5,0.258722632346,False
workload_2221.cpp,xczu7ev-ffvc1156-2-e,3.33,300.48400854,285,24,1,14,54,block_512_1,block_256_1,cyclic_2_1,unroll_2,unroll_64,pipeline_1,1,23.25,0.191394036743,False
workload_1654.cpp,xczu7ev-ffvc1156-2-e,3.33,43.34929398,1500,24,1,14,45,block_512_1,block_256_1,cyclic_4_1,unroll_2,pipeline_1,pipeline_1,3,21,0.71285274977,False
workload_2436.cpp,xczu7ev-ffvc1156-2-e,3.33,43.34929398,1418,24,1,14,45,block_512_1,block_256_1,cyclic_4_1,unroll_2,pipeline_1,unroll_16,1,21,0.71285274977,False
workload_1685.cpp,xczu7ev-ffvc1156-2-e,3.33,43.46704278,2127,62,1,51,82,block_512_1,block_256_1,cyclic_4_1,unroll_2,pipeline_1,unroll_8,1,49,0.227323681468,False
workload_2279.cpp,xczu7ev-ffvc1156-2-e,3.33,116.25562134,36,24,1,1,4,block_512_1,block_256_1,cyclic_4_1,unroll_2,unroll_2,pipeline_1,1,7.5,0.94648308922,False
workload_2299.cpp,xczu7ev-ffvc1156-2-e,3.33,151.62171318,37,24,1,1,4,block_512_1,block_256_1,cyclic_4_1,unroll_2,unroll_2,unroll_2,1,7.5,0.797419460136,False
workload_1882.cpp,xczu7ev-ffvc1156-2-e,3.33,43.34974686,1320,24,1,14,41,block_512_1,block_2_1,block_2_1,unroll_2,pipeline_1,pipeline_1,1,20,0.742610196377,False
workload_1835.cpp,xczu7ev-ffvc1156-2-e,3.33,43.34974686,1319,24,1,14,41,block_512_1,block_2_1,block_2_1,unroll_2,pipeline_1,unroll_2,1,20,0.742610196377,False
workload_1874.cpp,xczu7ev-ffvc1156-2-e,3.33,43.34974686,1324,24,1,14,41,block_512_1,block_2_1,block_2_1,unroll_2,pipeline_1,unroll_4,1,20,0.742610196377,False
workload_2664.cpp,xczu7ev-ffvc1156-2-e,3.33,43.34974686,1282,29,1,14,44,block_512_1,block_2_1,block_2_1,unroll_2,pipeline_1,unroll_8,1,22,0.683519389344,False
workload_1752.cpp,xczu7ev-ffvc1156-2-e,3.33,116.37337014,35,24,1,2,5,block_512_1,block_2_1,block_2_1,unroll_2,unroll_2,pipeline_1,1,8,0.937645194599,False
workload_1870.cpp,xczu7ev-ffvc1156-2-e,3.33,101.08669878,39,24,1,2,5,block_512_1,block_2_1,block_2_1,unroll_2,unroll_2,unroll_2,1,8,0.979854301476,False
workload_1834.cpp,xczu7ev-ffvc1156-2-e,3.33,97.54038198,43,24,1,2,5,block_512_1,block_2_1,block_2_1,unroll_2,unroll_2,unroll_4,1,8,1,True
workload_1721.cpp,xczu7ev-ffvc1156-2-e,3.33,96.21051318,54,24,1,3,7,block_512_1,block_2_1,block_2_1,unroll_2,unroll_2,unroll_8,1,8.75,1,True
workload_1800.cpp,xczu7ev-ffvc1156-2-e,3.33,178.3732815,42,24,1,3,7,block_512_1,block_2_1,block_2_1,unroll_2,unroll_4,pipeline_1,1,8.75,0.666989379833,False
workload_1787.cpp,xczu7ev-ffvc1156-2-e,3.33,143.61277014,67,24,1,6,11,block_512_1,block_2_1,block_2_1,unroll_2,unroll_4,unroll_8,1,10.5,0.799182106328,False
workload_2193.cpp,xczu7ev-ffvc1156-2-e,3.33,300.65791446,310,24,1,32,78,block_512_1,block_2_1,block_2_1,unroll_2,unroll_64,pipeline_1,1,33.75,0.140623215251,False
workload_1864.cpp,xczu7ev-ffvc1156-2-e,3.33,95.57327106,135,24,1,11,18,block_512_1,block_2_1,block_2_1,unroll_4,unroll_2,unroll_16,1,13.5,0.860624627449,False
workload_1792.cpp,xczu7ev-ffvc1156-2-e,3.33,43.34974686,1320,24,1,14,41,block_512_1,block_2_1,block_4_1,unroll_2,pipeline_1,pipeline_1,1,20,0.742610196377,False
workload_1754.cpp,xczu7ev-ffvc1156-2-e,3.33,43.34974686,1401,24,1,14,41,block_512_1,block_2_1,block_4_1,unroll_2,pipeline_1,unroll_16,1,20,0.742610196377,False
workload_2444.cpp,xczu7ev-ffvc1156-2-e,3.33,116.37337014,36,24,1,2,5,block_512_1,block_2_1,block_4_1,unroll_2,unroll_2,pipeline_1,1,8,0.937645194599,False
workload_1637.cpp,xczu7ev-ffvc1156-2-e,3.33,142.85321046,137,24,1,11,18,block_512_1,block_2_1,block_4_1,unroll_2,unroll_4,unroll_16,1,13.5,0.730389383154,False
workload_1876.cpp,xczu7ev-ffvc1156-2-e,3.33,116.37335682,44,24,1,3,7,block_512_1,block_2_1,block_4_1,unroll_4,unroll_2,pipeline_1,1,8.75,0.92187248837,False
workload_1768.cpp,xczu7ev-ffvc1156-2-e,3.33,43.34966361,1293,29,1,14,44,block_512_1,block_2_1,complete_1,unroll_2,pipeline_1,pipeline_1,3,22,0.683519294335,False
workload_1797.cpp,xczu7ev-ffvc1156-2-e,3.33,43.34966361,1305,24,1,14,41,block_512_1,block_2_1,complete_1,unroll_2,pipeline_1,unroll_16,1,20,0.742610285837,False
workload_1931.cpp,xczu7ev-ffvc1156-2-e,3.33,43.34966361,1332,26.5,1,14,42.5,block_512_1,block_2_1,complete_1,unroll_2,pipeline_1,unroll_2,2,21,0.712853206438,False
workload_2352.cpp,xczu7ev-ffvc1156-2-e,3.33,43.34966361,1469,29,1,14,44,block_512_1,block_2_1,complete_1,unroll_2,pipeline_1,unroll_4,2,22,0.683519294335,False
workload_2605.cpp,xczu7ev-ffvc1156-2-e,3.33,43.34966361,1305,29,1,14,44,block_512_1,block_2_1,complete_1,unroll_2,pipeline_1,unroll_8,2,22,0.683519294335,False
workload_2390.cpp,xczu7ev-ffvc1156-2-e,3.33,116.37326025,35,24,1,2,5,block_512_1,block_2_1,complete_1,unroll_2,unroll_2,pipeline_1,1,8,0.937645508258,False
workload_2291.cpp,xczu7ev-ffvc1156-2-e,3.33,95.65631793,75,24,1,6,10,block_512_1,block_2_1,complete_1,unroll_2,unroll_2,unroll_16,1,10.25,0.956214199954,False
workload_2380.cpp,xczu7ev-ffvc1156-2-e,3.33,98.20523313,43,24,1,2,5,block_512_1,block_2_1,complete_1,unroll_2,unroll_2,unroll_4,1,8,0.996205786563,False
workload_2441.cpp,xczu7ev-ffvc1156-2-e,3.33,96.65371953,51,24,1,3,7,block_512_1,block_2_1,complete_1,unroll_2,unroll_2,unroll_8,1,8.75,0.984077103842,False
workload_1672.cpp,xczu7ev-ffvc1156-2-e,3.33,163.96263657,42,24,1,3,7,block_512_1,block_2_1,complete_1,unroll_2,unroll_4,pipeline_1,1,8.75,0.733076887749,False
workload_2142.cpp,xczu7ev-ffvc1156-2-e,3.33,43.34929398,1412,29,1,14,44,block_512_1,block_2_1,cyclic_2_1,unroll_2,pipeline_1,pipeline_1,3,22,0.683518872484,False
workload_2350.cpp,xczu7ev-ffvc1156-2-e,3.33,43.34929398,1361,29,1,14,44,block_512_1,block_2_1,cyclic_2_1,unroll_2,pipeline_1,unroll_16,2,22,0.683518872484,False
workload_2477.cpp,xczu7ev-ffvc1156-2-e,3.33,43.34929398,1310,29,1,14,44,block_512_1,block_2_1,cyclic_2_1,unroll_2,pipeline_1,unroll_2,2,22,0.683518872484,False
workload_2574.cpp,xczu7ev-ffvc1156-2-e,3.33,43.34929398,1355,29,1,14,44,block_512_1,block_2_1,cyclic_2_1,unroll_2,pipeline_1,unroll_4,2,22,0.683518872484,False
workload_2368.cpp,xczu7ev-ffvc1156-2-e,3.33,43.34929398,1356.5,29,1,14,44,block_512_1,block_2_1,cyclic_2_1,unroll_2,pipeline_1,unroll_8,2,22,0.683518872484,False
workload_2255.cpp,xczu7ev-ffvc1156-2-e,3.33,123.46946694,39,24,1,2,5,block_512_1,block_2_1,cyclic_2_1,unroll_2,unroll_2,pipeline_1,2,8,0.905767635166,False
workload_2283.cpp,xczu7ev-ffvc1156-2-e,3.33,95.65640118,77,24,1,6,10,block_512_1,block_2_1,cyclic_2_1,unroll_2,unroll_2,unroll_16,1,10.25,0.956213996473,False
workload_2598.cpp,xczu7ev-ffvc1156-2-e,3.33,96.65380278,59,24,1,3,7,block_512_1,block_2_1,cyclic_2_1,unroll_2,unroll_2,unroll_8,1,8.75,0.984076908684,False
workload_2687.cpp,xczu7ev-ffvc1156-2-e,3.33,43.34974686,1371,29,1,14,44,block_512_1,block_2_1,cyclic_4_1,unroll_2,pipeline_1,pipeline_1,1,22,0.683519389344,False
workload_2674.cpp,xczu7ev-ffvc1156-2-e,3.33,43.34974686,1369,29,1,14,44,block_512_1,block_2_1,cyclic_4_1,unroll_2,pipeline_1,unroll_2,1,22,0.683519389344,False
workload_1930.cpp,xczu7ev-ffvc1156-2-e,3.33,96.21051318,53,24,1,3,7,block_512_1,block_2_1,cyclic_4_1,unroll_2,unroll_2,unroll_8,1,8.75,1,True
workload_2324.cpp,xczu7ev-ffvc1156-2-e,3.33,101.08669878,37,25,1,2,5,block_512_1,block_4_1,block_2_1,unroll_2,unroll_2,unroll_2,1,8.25,0.977689818774,False
workload_1850.cpp,xczu7ev-ffvc1156-2-e,3.33,43.35019974,1563,25,1,32,59,block_512_1,block_4_1,block_4_1,unroll_2,pipeline_1,unroll_16,1,29.25,0.515804111527,False
workload_2183.cpp,xczu7ev-ffvc1156-2-e,3.33,116.37337014,37,25,1,2,5,block_512_1,block_4_1,block_4_1,unroll_2,unroll_2,pipeline_1,1,8.25,0.932779331471,False
workload_2346.cpp,xczu7ev-ffvc1156-2-e,3.33,43.35011649,1714,31,1,32,62,block_512_1,block_4_1,complete_1,unroll_2,pipeline_1,pipeline_1,1,31.5,0.502157769133,False
workload_2144.cpp,xczu7ev-ffvc1156-2-e,3.33,43.35011649,1739,31,1,32,62,block_512_1,block_4_1,complete_1,unroll_2,pipeline_1,unroll_4,1,31.5,0.502157769133,False
workload_2588.cpp,xczu7ev-ffvc1156-2-e,3.33,43.35011649,1666,31,1,32,62,block_512_1,block_4_1,complete_1,unroll_2,pipeline_1,unroll_8,1,31.5,0.502157769133,False
workload_2097.cpp,xczu7ev-ffvc1156-2-e,3.33,123.46935705,38,25,1,2,5,block_512_1,block_4_1,complete_1,unroll_2,unroll_2,pipeline_1,2,8.25,0.903314673285,False
workload_2316.cpp,xczu7ev-ffvc1156-2-e,3.33,95.65631793,73,25,4,6,10,block_512_1,block_4_1,complete_1,unroll_2,unroll_2,unroll_16,1,11.25,0.919437484016,False
workload_2403.cpp,xczu7ev-ffvc1156-2-e,3.33,96.65371953,55,25,2,4,7,block_512_1,block_4_1,complete_1,unroll_2,unroll_2,unroll_8,1,9.5,0.956839134433,False
workload_2185.cpp,xczu7ev-ffvc1156-2-e,3.33,130.56544053,43,25,1,3,8,block_512_1,block_4_1,complete_1,unroll_4,unroll_2,pipeline_1,1,9.25,0.869068220597,False
workload_2253.cpp,xczu7ev-ffvc1156-2-e,3.33,95.94727668,1854,25,30,39,62,block_512_1,block_4_1,cyclic_2_1,unroll_17,unroll_2,unroll_16,1,39,0.335626993418,False
workload_2320.cpp,xczu7ev-ffvc1156-2-e,3.33,43.34974686,1529,31,1,32,62,block_512_1,block_4_1,cyclic_2_1,unroll_2,pipeline_1,pipeline_1,2,31.5,0.50215820739,False
workload_2293.cpp,xczu7ev-ffvc1156-2-e,3.33,43.34974686,1589,31,1,32,62,block_512_1,block_4_1,cyclic_2_1,unroll_2,pipeline_1,unroll_2,1,31.5,0.50215820739,False
workload_2159.cpp,xczu7ev-ffvc1156-2-e,3.33,95.65640118,74,25,4,6,10,block_512_1,block_4_1,cyclic_2_1,unroll_2,unroll_2,unroll_16,1,11.25,0.919437497802,False
workload_2271.cpp,xczu7ev-ffvc1156-2-e,3.33,101.08669878,42,25,1,2,5,block_512_1,block_4_1,cyclic_2_1,unroll_2,unroll_2,unroll_2,1,8.25,0.977689818774,False
workload_1865.cpp,xczu7ev-ffvc1156-2-e,3.33,131.28926598,224,21,1,12,36,block_512_1,block_512_1,block_2_1,unroll_2,unroll_2,unroll_2,1,17.5,0.71259318203,False
workload_1877.cpp,xczu7ev-ffvc1156-2-e,3.33,131.28925266,677,21,1,13,65,block_512_1,block_512_1,block_2_1,unroll_4,unroll_2,unroll_2,1,25,0.570763414929,False
workload_2406.cpp,xczu7ev-ffvc1156-2-e,3.33,43.34921073,1445,25,1,16,48,block_512_1,block_512_1,complete_1,unroll_2,pipeline_1,unroll_4,1,22.5,0.669030957858,False
workload_2653.cpp,xczu7ev-ffvc1156-2-e,3.33,43.34921073,1445,25,1,16,48,block_512_1,block_512_1,complete_1,unroll_2,pipeline_1,unroll_8,1,22.5,0.669030957858,False
workload_2154.cpp,xczu7ev-ffvc1156-2-e,3.33,116.25551145,37,25,1,1,4,block_512_1,block_512_1,complete_1,unroll_2,unroll_2,pipeline_1,1,7.75,0.942437822795,False
workload_2310.cpp,xczu7ev-ffvc1156-2-e,3.33,134.38874673,153,25,1,4,19,block_512_1,block_512_1,complete_1,unroll_2,unroll_2,unroll_64,1,12.25,0.783876618259,False
workload_2192.cpp,xczu7ev-ffvc1156-2-e,3.33,123.34813173,43.5,25,1,2,6.5,block_512_1,block_512_1,complete_1,unroll_4,unroll_2,pipeline_1,2,8.625,0.898586780727,False
workload_2244.cpp,xczu7ev-ffvc1156-2-e,3.33,43.34929398,1551,25,1,16,48,block_512_1,block_512_1,cyclic_2_1,unroll_2,pipeline_1,pipeline_1,2,22.5,0.669031049216,False
workload_2234.cpp,xczu7ev-ffvc1156-2-e,3.33,43.34929398,1499,25,1,16,48,block_512_1,block_512_1,cyclic_2_1,unroll_2,pipeline_1,unroll_2,1,22.5,0.669031049216,False
workload_2657.cpp,xczu7ev-ffvc1156-2-e,3.33,43.34929398,1452,25,1,16,48,block_512_1,block_512_1,cyclic_2_1,unroll_2,pipeline_1,unroll_64,1,22.5,0.669031049216,False
workload_2217.cpp,xczu7ev-ffvc1156-2-e,3.33,116.25562134,35,25,1,1,4,block_512_1,block_512_1,cyclic_2_1,unroll_2,unroll_2,pipeline_1,1,7.75,0.942437519719,False
workload_2336.cpp,xczu7ev-ffvc1156-2-e,3.33,142.75592118,41,25,1,1,5,block_512_1,block_512_1,cyclic_2_1,unroll_2,unroll_2,unroll_4,1,8,0.84055852941,False
workload_2424.cpp,xczu7ev-ffvc1156-2-e,3.33,116.25560802,43,25,1,2,7,block_512_1,block_512_1,cyclic_4_1,unroll_4,unroll_2,pipeline_1,1,8.75,0.922185144961,False
workload_2563.cpp,xczu7ev-ffvc1156-2-e,3.33,43.46695953,1901,62,1,49,78,block_512_1,block_64_1,complete_1,unroll_2,pipeline_1,unroll_2,1,47.5,0.249039561583,False
workload_2116.cpp,xczu7ev-ffvc1156-2-e,3.33,126.85628673,77,31,2,4,15,block_512_1,block_64_1,complete_1,unroll_2,unroll_2,unroll_8,1,13,0.784911306558,False
workload_2140.cpp,xczu7ev-ffvc1156-2-e,3.33,300.14682273,1295,31,8,17,82,block_512_1,block_64_1,complete_1,unroll_2,unroll_32,unroll_2,1,34.5,0.13778401985,False
workload_2254.cpp,xczu7ev-ffvc1156-2-e,3.33,43.4665899,1887,62,1,49,78,block_512_1,block_64_1,cyclic_2_1,unroll_2,pipeline_1,pipeline_1,1,47.5,0.249039640982,False
workload_1655.cpp,xczu7ev-ffvc1156-2-e,3.33,160.76813094,36,26,1,2,5,block_512_1,block_8_1,block_2_1,unroll_2,unroll_2,pipeline_1,1,8.5,0.749565648454,False
workload_1648.cpp,xczu7ev-ffvc1156-2-e,3.33,189.5538231,74,26,4,6,12,block_512_1,block_8_1,block_2_1,unroll_2,unroll_4,unroll_8,1,12,0.594157295312,False
workload_1617.cpp,xczu7ev-ffvc1156-2-e,3.33,231.27184998,62,26,2,4,10,block_512_1,block_8_1,block_2_1,unroll_2,unroll_8,unroll_2,1,10.5,0.448540213849,False
workload_1519.cpp,xczu7ev-ffvc1156-2-e,3.33,226.75029606,142,26,8,12,21,block_512_1,block_8_1,block_2_1,unroll_2,unroll_8,unroll_8,1,16.75,0.413948932772,False
workload_1662.cpp,xczu7ev-ffvc1156-2-e,3.33,231.38777394,108,26,4,8,18,block_512_1,block_8_1,block_2_1,unroll_4,unroll_8,unroll_2,1,14,0.426347345735,False
workload_2179.cpp,xczu7ev-ffvc1156-2-e,3.33,43.46704278,1647,31,1,41,70,block_512_1,block_8_1,block_4_1,unroll_2,pipeline_1,pipeline_1,1,35.75,0.451283408643,False
workload_2133.cpp,xczu7ev-ffvc1156-2-e,3.33,146.57593734,40,26,1,2,5,block_512_1,block_8_1,block_4_1,unroll_2,unroll_2,pipeline_1,1,8.5,0.817839581798,False
workload_2189.cpp,xczu7ev-ffvc1156-2-e,3.33,131.28926598,41,26,1,2,5,block_512_1,block_8_1,block_4_1,unroll_2,unroll_2,unroll_2,1,8.5,0.882891669646,False
workload_1560.cpp,xczu7ev-ffvc1156-2-e,3.33,300.14690598,211,26,8,16,33,block_512_1,block_8_1,block_4_1,unroll_2,unroll_32,unroll_2,1,20.75,0.206871735558,False
workload_1604.cpp,xczu7ev-ffvc1156-2-e,3.33,188.79426342,141,26,8,11,20,block_512_1,block_8_1,block_4_1,unroll_2,unroll_4,unroll_16,1,16.25,0.53634501788,False
workload_1661.cpp,xczu7ev-ffvc1156-2-e,3.33,188.41448358,341,26,15,21,35,block_512_1,block_8_1,block_4_1,unroll_2,unroll_4,unroll_32,1,24.25,0.440414016779,False
workload_1628.cpp,xczu7ev-ffvc1156-2-e,3.33,296.41303026,2072,26,30,51,90,block_512_1,block_8_1,block_4_1,unroll_4,unroll_32,unroll_4,1,49.25,0.1,False
workload_2176.cpp,xczu7ev-ffvc1156-2-e,3.33,146.57582745,38,26,1,2,5,block_512_1,block_8_1,complete_1,unroll_2,unroll_2,pipeline_1,1,8.5,0.817840109709,False
workload_1724.cpp,xczu7ev-ffvc1156-2-e,3.33,127.96458066,60,26,2,4,9,block_512_1,block_8_1,cyclic_4_1,unroll_4,unroll_2,unroll_4,1,10.25,0.851071310008,False
workload_2164.cpp,xczu7ev-ffvc1156-2-e,3.33,168.96879873,135,62,1,3,28,block_512_1,cyclic_16_1,complete_1,unroll_2,unroll_2,unroll_8,1,23.5,0.506023583331,False
workload_1907.cpp,xczu7ev-ffvc1156-2-e,3.33,43.34929398,1423,24,1,13,42,block_512_1,cyclic_2_1,block_2_1,unroll_2,pipeline_1,pipeline_1,1,20,0.742610683041,False
workload_1891.cpp,xczu7ev-ffvc1156-2-e,3.33,43.34929398,1408,24,1,13,42,block_512_1,cyclic_2_1,block_2_1,unroll_2,pipeline_1,unroll_2,1,20,0.742610683041,False
workload_1809.cpp,xczu7ev-ffvc1156-2-e,3.33,43.34929398,1439,24,1,13,42,block_512_1,cyclic_2_1,block_2_1,unroll_2,pipeline_1,unroll_8,1,20,0.742610683041,False
workload_1886.cpp,xczu7ev-ffvc1156-2-e,3.33,116.25210486,36,24,1,1,4,block_512_1,cyclic_2_1,block_2_1,unroll_2,unroll_2,pipeline_1,1,7.5,1,True
workload_2102.cpp,xczu7ev-ffvc1156-2-e,3.33,166.30914438,62,26,1,2,11,block_512_1,cyclic_2_1,block_2_1,unroll_2,unroll_2,unroll_16,1,10,0.712024895687,False
workload_1929.cpp,xczu7ev-ffvc1156-2-e,3.33,151.62171318,37,24,1,1,4,block_512_1,cyclic_2_1,block_2_1,unroll_2,unroll_2,unroll_2,1,7.5,0.797419460136,False
workload_1727.cpp,xczu7ev-ffvc1156-2-e,3.33,138.32302518,2079,24,1,1,5,block_512_1,cyclic_2_1,block_2_1,unroll_2,unroll_2,unroll_8,1,7.75,0.864431648892,False
workload_1763.cpp,xczu7ev-ffvc1156-2-e,3.33,186.26063958,54,24,1,2,8,block_512_1,cyclic_2_1,block_2_1,unroll_2,unroll_4,unroll_8,1,8.75,0.632144428268,False
workload_1894.cpp,xczu7ev-ffvc1156-2-e,3.33,43.34921073,1358,24,1,13,42,block_512_1,cyclic_2_1,complete_1,unroll_2,pipeline_1,unroll_32,1,20,1,True
workload_2015.cpp,xczu7ev-ffvc1156-2-e,3.33,146.45806533,54,26,1,2,8,block_512_1,cyclic_2_1,complete_1,unroll_4,unroll_2,pipeline_1,1,9.25,0.809578150631,False
workload_2163.cpp,xczu7ev-ffvc1156-2-e,3.33,318.92862213,600,26,1,14,73,block_512_1,cyclic_2_1,complete_1,unroll_4,unroll_32,pipeline_1,1,28.5,0.141871110021,False
workload_1871.cpp,xczu7ev-ffvc1156-2-e,3.33,43.34929398,1418,24,1,13,42,block_512_1,cyclic_2_1,cyclic_2_1,unroll_2,pipeline_1,pipeline_1,1,20,0.742610683041,False
workload_1824.cpp,xczu7ev-ffvc1156-2-e,3.33,130.43737206,39,24,1,1,4,block_512_1,cyclic_2_1,cyclic_2_1,unroll_2,unroll_2,pipeline_1,1,7.5,0.903437977994,False
workload_1811.cpp,xczu7ev-ffvc1156-2-e,3.33,138.32302518,44,24,1,1,5,block_512_1,cyclic_2_1,cyclic_2_1,unroll_2,unroll_2,unroll_8,1,7.75,0.864431648892,False
workload_2041.cpp,xczu7ev-ffvc1156-2-e,3.33,318.92874534,267,26,1,7,37,block_512_1,cyclic_2_1,cyclic_2_1,unroll_2,unroll_32,pipeline_1,1,17.75,0.188561452169,False
workload_1646.cpp,xczu7ev-ffvc1156-2-e,3.33,186.26063958,54,24,1,2,8,block_512_1,cyclic_2_1,cyclic_2_1,unroll_2,unroll_4,unroll_8,1,8.75,0.632144428268,False
workload_1799.cpp,xczu7ev-ffvc1156-2-e,3.33,138.44776698,48.5,25,1,2,6.5,block_512_1,cyclic_2_1,cyclic_2_1,unroll_4,unroll_2,pipeline_1,2,8.625,0.853910992153,False
workload_1755.cpp,xczu7ev-ffvc1156-2-e,3.33,151.62169986,45,24,1,1,5,block_512_1,cyclic_2_1,cyclic_2_1,unroll_4,unroll_2,unroll_2,1,7.75,0.797112807436,False
workload_1829.cpp,xczu7ev-ffvc1156-2-e,3.33,43.34929398,1394,24,1,13,42,block_512_1,cyclic_2_1,cyclic_4_1,unroll_2,pipeline_1,unroll_2,1,20,0.742610683041,False
workload_1781.cpp,xczu7ev-ffvc1156-2-e,3.33,43.34929398,1402,24,1,13,42,block_512_1,cyclic_2_1,cyclic_4_1,unroll_2,pipeline_1,unroll_8,1,20,0.742610683041,False
workload_1842.cpp,xczu7ev-ffvc1156-2-e,3.33,116.25210486,37,24,1,1,4,block_512_1,cyclic_2_1,cyclic_4_1,unroll_2,unroll_2,pipeline_1,1,7.5,1,True
workload_1900.cpp,xczu7ev-ffvc1156-2-e,3.33,151.62171318,36,24,1,1,4,block_512_1,cyclic_2_1,cyclic_4_1,unroll_2,unroll_2,unroll_2,1,7.5,0.797419460136,False
workload_1796.cpp,xczu7ev-ffvc1156-2-e,3.33,43.34929398,1498,25,1,15,45,block_512_1,cyclic_4_1,block_2_1,unroll_2,pipeline_1,pipeline_1,1,21.5,0.698128572599,False
workload_1710.cpp,xczu7ev-ffvc1156-2-e,3.33,43.34929398,1548,25,1,15,45,block_512_1,cyclic_4_1,block_2_1,unroll_2,pipeline_1,unroll_2,1,21.5,0.698128572599,False
workload_1729.cpp,xczu7ev-ffvc1156-2-e,3.33,43.34929398,2927,25,1,15,45,block_512_1,cyclic_4_1,block_2_1,unroll_2,pipeline_1,unroll_8,1,21.5,0.698128572599,False
workload_1771.cpp,xczu7ev-ffvc1156-2-e,3.33,123.34825494,37.5,25,1,1,4,block_512_1,cyclic_4_1,block_2_1,unroll_2,unroll_2,pipeline_1,2,7.75,0.907776044427,False
workload_1694.cpp,xczu7ev-ffvc1156-2-e,3.33,151.62171318,39,25,1,1,4,block_512_1,cyclic_4_1,block_2_1,unroll_2,unroll_2,unroll_2,1,7.75,0.797112740901,False
workload_1601.cpp,xczu7ev-ffvc1156-2-e,3.33,138.32302518,46,25,1,2,6,block_512_1,cyclic_4_1,block_2_1,unroll_2,unroll_2,unroll_8,1,8.5,0.856310170558,False
workload_1703.cpp,xczu7ev-ffvc1156-2-e,3.33,186.26063958,55,25,1,2,8,block_512_1,cyclic_4_1,block_2_1,unroll_2,unroll_4,unroll_8,1,9,0.631177813507,False
workload_1580.cpp,xczu7ev-ffvc1156-2-e,3.33,215.48898198,86,25,1,4,14,block_512_1,cyclic_4_1,block_2_1,unroll_2,unroll_8,unroll_8,1,11,0.50306547534,False
workload_1723.cpp,xczu7ev-ffvc1156-2-e,3.33,142.75590786,50,25,1,2,7,block_512_1,cyclic_4_1,block_2_1,unroll_4,unroll_2,unroll_4,1,8.75,0.832993397181,False
workload_1846.cpp,xczu7ev-ffvc1156-2-e,3.33,138.32301186,62,25,1,2,9,block_512_1,cyclic_4_1,block_2_1,unroll_4,unroll_2,unroll_8,1,9.25,0.843707047778,False
workload_1776.cpp,xczu7ev-ffvc1156-2-e,3.33,151.62171318,39,25,1,1,4,block_512_1,cyclic_4_1,block_4_1,unroll_2,unroll_2,unroll_2,1,7.75,0.797112740901,False
workload_1798.cpp,xczu7ev-ffvc1156-2-e,3.33,163.84318614,42,25,1,2,5,block_512_1,cyclic_4_1,block_4_1,unroll_2,unroll_4,pipeline_1,1,8.25,0.736043813859,False
workload_1778.cpp,xczu7ev-ffvc1156-2-e,3.33,184.01009238,77,25,1,3,12,block_512_1,cyclic_4_1,block_4_1,unroll_2,unroll_4,unroll_16,1,10.25,0.633259724023,False
workload_1863.cpp,xczu7ev-ffvc1156-2-e,3.33,213.17023638,132,25,1,5,22,block_512_1,cyclic_4_1,block_4_1,unroll_2,unroll_8,unroll_16,1,13.25,0.494135116972,False
workload_1843.cpp,xczu7ev-ffvc1156-2-e,3.33,138.32301186,59,25,1,2,9,block_512_1,cyclic_4_1,block_4_1,unroll_4,unroll_2,unroll_8,1,9.25,0.843707047778,False
workload_1830.cpp,xczu7ev-ffvc1156-2-e,3.33,138.32294193,48,25,1,2,6,block_512_1,cyclic_4_1,complete_1,unroll_2,unroll_2,unroll_8,1,8.5,0.856310536351,False
workload_1901.cpp,xczu7ev-ffvc1156-2-e,3.33,136.10657718,59,25,1,2,8,block_512_1,cyclic_4_1,cyclic_2_1,unroll_2,unroll_2,unroll_16,1,9,0.856826966255,False
workload_1673.cpp,xczu7ev-ffvc1156-2-e,3.33,178.24668822,42,25,1,1,5,block_512_1,cyclic_4_1,cyclic_2_1,unroll_2,unroll_4,pipeline_1,1,8,0.669731872629,False
workload_1849.cpp,xczu7ev-ffvc1156-2-e,3.33,116.25560802,41,25,1,2,6,block_512_1,cyclic_4_1,cyclic_2_1,unroll_4,unroll_2,pipeline_1,1,8.5,0.927835928877,False
workload_1859.cpp,xczu7ev-ffvc1156-2-e,3.33,151.62169986,42,25,1,2,6,block_512_1,cyclic_4_1,cyclic_2_1,unroll_4,unroll_2,unroll_2,1,8.5,0.793498712216,False
workload_1858.cpp,xczu7ev-ffvc1156-2-e,3.33,43.34929398,1531,25,1,15,45,block_512_1,cyclic_4_1,cyclic_4_1,unroll_2,pipeline_1,pipeline_1,1,21.5,0.698128572599,False
workload_1775.cpp,xczu7ev-ffvc1156-2-e,3.33,116.25562134,38,25,1,1,4,block_512_1,cyclic_4_1,cyclic_4_1,unroll_2,unroll_2,pipeline_1,1,7.75,0.942437519719,False
workload_1911.cpp,xczu7ev-ffvc1156-2-e,3.33,136.10657718,56,25,1,2,8,block_512_1,cyclic_4_1,cyclic_4_1,unroll_2,unroll_2,unroll_16,1,9,0.856826966255,False
workload_1765.cpp,xczu7ev-ffvc1156-2-e,3.33,138.32301186,62,25,1,2,9,block_512_1,cyclic_4_1,cyclic_4_1,unroll_4,unroll_2,unroll_8,1,9.25,0.843707047778,False
workload_1758.cpp,xczu7ev-ffvc1156-2-e,3.33,245.59241508,213,26,1,7,31,block_512_1,cyclic_8_1,block_2_1,unroll_17,unroll_4,unroll_2,1,16.25,0.36451017538,False
workload_1739.cpp,xczu7ev-ffvc1156-2-e,3.33,168.52559238,47,26,1,2,6,block_512_1,cyclic_8_1,block_2_1,unroll_2,unroll_2,unroll_8,1,8.75,0.71184141857,False
workload_2104.cpp,xczu7ev-ffvc1156-2-e,3.33,263.35387584,80,47,1,34,63,block_64_1,block_1024_1,cyclic_4_1,unroll_2,unroll_8,pipeline_1,1,36.25,0.167149600297,False
workload_2229.cpp,xczu7ev-ffvc1156-2-e,3.33,126.1292112,1548,63,60,21,77,block_64_1,block_128_1,cyclic_4_1,unroll_2,unroll_2,unroll_16,1,55.25,0.132311802256,False
workload_2141.cpp,xczu7ev-ffvc1156-2-e,3.33,100.636596,60,46,7,3,8,block_64_1,block_256_1,cyclic_4_1,unroll_2,unroll_2,unroll_2,1,16,0.835668183794,False
workload_1862.cpp,xczu7ev-ffvc1156-2-e,3.33,117.15616656,45,46,1,10,19,block_64_1,block_2_1,block_2_1,unroll_2,unroll_2,pipeline_1,1,19,0.739145553026,False
workload_2382.cpp,xczu7ev-ffvc1156-2-e,3.33,96.64690635,270,46,28,10,22,block_64_1,block_2_1,complete_1,unroll_2,unroll_2,unroll_8,1,26.5,0.5672501015,False
workload_2037.cpp,xczu7ev-ffvc1156-2-e,3.33,131.34489696,53,47,1,10,19,block_64_1,block_4_1,cyclic_2_1,unroll_2,unroll_2,pipeline_1,1,19.25,0.690647707406,False
workload_1936.cpp,xczu7ev-ffvc1156-2-e,3.33,131.34489696,58,47,1,10,19,block_64_1,block_4_1,cyclic_4_1,unroll_2,unroll_2,pipeline_1,1,19.25,0.690647707406,False
workload_2113.cpp,xczu7ev-ffvc1156-2-e,3.33,131.34489696,44,47,1,9,18,block_64_1,block_512_1,cyclic_2_1,unroll_2,unroll_2,pipeline_1,1,18.75,0.697804380299,False
workload_2186.cpp,xczu7ev-ffvc1156-2-e,3.33,100.636596,56,47,7,3,8,block_64_1,block_512_1,cyclic_4_1,unroll_2,unroll_2,unroll_2,1,16.25,0.828555904538,False
workload_1464.cpp,xczu7ev-ffvc1156-2-e,3.33,194.37878331,108,47,15,6,15,block_64_1,block_8_1,complete_1,unroll_2,unroll_4,unroll_2,1,20.75,0.463362257578,False
workload_2082.cpp,xczu7ev-ffvc1156-2-e,3.33,161.54746416,46,47,1,10,19,block_64_1,block_8_1,cyclic_4_1,unroll_2,unroll_2,pipeline_1,1,19.25,0.588282355719,False
workload_2096.cpp,xczu7ev-ffvc1156-2-e,3.33,130.8391632,60,47,8,3,9,block_64_1,block_8_1,cyclic_4_1,unroll_2,unroll_2,unroll_2,1,16.75,0.726677761367,False
workload_2109.cpp,xczu7ev-ffvc1156-2-e,3.33,225.0989424,83,52,1,18,38,block_64_1,cyclic_8_1,cyclic_4_1,unroll_2,unroll_4,pipeline_1,1,27.25,0.312558623372,False
workload_2065.cpp,xczu7ev-ffvc1156-2-e,3.33,194.37886656,235,52,14,5,19,block_64_1,cyclic_8_1,cyclic_4_1,unroll_2,unroll_4,unroll_2,1,22.5,0.444985209014,False
workload_1652.cpp,xczu7ev-ffvc1156-2-e,3.33,126.1292112,2768,45,4,20,85,block_8_1,block_128_1,cyclic_4_1,unroll_2,unroll_2,unroll_16,1,38.5,0.298810104066,False
workload_1630.cpp,xczu7ev-ffvc1156-2-e,3.33,189.99029952,244,29,4,20,52,block_8_1,block_16_1,block_2_1,unroll_2,unroll_4,unroll_8,1,26.25,0.408512202768,False
workload_1595.cpp,xczu7ev-ffvc1156-2-e,3.33,225.10597536,53,29,1,19,36,block_8_1,block_16_1,block_4_1,unroll_2,unroll_4,pipeline_1,1,21.25,0.367064309302,False
workload_1591.cpp,xczu7ev-ffvc1156-2-e,3.33,225.10596204,3070,29,1,38,69,block_8_1,block_16_1,block_4_1,unroll_4,unroll_4,pipeline_1,1,34.25,0.236368906298,False
workload_1473.cpp,xczu7ev-ffvc1156-2-e,3.33,147.36553695,637,29,1,19,36,block_8_1,block_16_1,complete_1,unroll_4,unroll_2,pipeline_1,1,21.25,0.607181249113,False
workload_1660.cpp,xczu7ev-ffvc1156-2-e,3.33,126.8495568,97,29,2,10,27,block_8_1,block_16_1,cyclic_2_1,unroll_2,unroll_2,unroll_8,1,17,0.735590234462,False
workload_1618.cpp,xczu7ev-ffvc1156-2-e,3.33,126.8495568,90,29,2,10,27,block_8_1,block_16_1,cyclic_4_1,unroll_2,unroll_2,unroll_8,1,17,0.735590234462,False
workload_1443.cpp,xczu7ev-ffvc1156-2-e,3.33,147.36564684,2381,29,1,19,36,block_8_1,block_16_1,cyclic_4_1,unroll_4,unroll_2,pipeline_1,1,21.25,0.607180908496,False
workload_1740.cpp,xczu7ev-ffvc1156-2-e,3.33,147.36566016,106,65,1,17,32,block_8_1,block_256_1,cyclic_2_1,unroll_2,unroll_2,pipeline_1,1,28.75,0.456907617193,False
workload_2219.cpp,xczu7ev-ffvc1156-2-e,3.33,100.636596,42,28,1,3,9,block_8_1,block_256_1,cyclic_2_1,unroll_2,unroll_2,unroll_2,1,10.25,0.941855128657,False
workload_2266.cpp,xczu7ev-ffvc1156-2-e,3.33,96.64690635,92,29,2,10,26,block_8_1,block_4_1,complete_1,unroll_2,unroll_2,unroll_8,1,16.75,0.816729820576,False
workload_1678.cpp,xczu7ev-ffvc1156-2-e,3.33,126.1292112,236,34,4,19,64,block_8_1,block_64_1,cyclic_4_1,unroll_2,unroll_2,unroll_16,1,30.25,0.452744007033,False
workload_1722.cpp,xczu7ev-ffvc1156-2-e,3.33,96.75779868,171,29,1,16,46,block_8_1,cyclic_4_1,block_2_1,unroll_4,unroll_2,unroll_8,1,23,0.669850158233,False
workload_1664.cpp,xczu7ev-ffvc1156-2-e,3.33,96.64690635,86,29,1,9,24,block_8_1,cyclic_4_1,complete_1,unroll_2,unroll_2,unroll_8,1,15.75,0.850941993379,False
workload_1813.cpp,xczu7ev-ffvc1156-2-e,3.33,144.04916331,145,29,1,16,45,block_8_1,cyclic_4_1,complete_1,unroll_2,unroll_4,unroll_8,1,22.75,0.589641345173,False
workload_1676.cpp,xczu7ev-ffvc1156-2-e,3.33,96.6469896,84,29,1,8,24,block_8_1,cyclic_4_1,cyclic_2_1,unroll_2,unroll_2,unroll_8,1,15.5,0.857705781003,False
workload_1783.cpp,xczu7ev-ffvc1156-2-e,3.33,125.66162259,218,27,8,12,34,cyclic_128_1,block_16_1,cyclic_4_1,unroll_2,unroll_2,unroll_32,1,20.25,0.691404181435,False
workload_1578.cpp,xczu7ev-ffvc1156-2-e,3.33,125.48153619,594,27,15,22,54,cyclic_128_1,block_16_1,cyclic_4_1,unroll_2,unroll_2,unroll_64,1,29.5,0.470940294696,False
workload_1687.cpp,xczu7ev-ffvc1156-2-e,3.33,125.48153619,2077,27,15,22,73,cyclic_128_1,block_32_1,cyclic_4_1,unroll_2,unroll_2,unroll_64,1,34.25,0.365928579399,False
workload_1714.cpp,xczu7ev-ffvc1156-2-e,3.33,134.60706819,188,27,1,6,31,cyclic_128_1,cyclic_4_1,block_2_1,unroll_2,unroll_2,unroll_64,1,16.25,0.721508735807,False
workload_1919.cpp,xczu7ev-ffvc1156-2-e,3.33,136.32481539,85,27,1,3,19,cyclic_128_1,cyclic_4_1,cyclic_4_1,unroll_2,unroll_2,unroll_16,1,12.5,0.77267939995,False
workload_1713.cpp,xczu7ev-ffvc1156-2-e,3.33,126.96378579,59,28,2,4,10,cyclic_16_1,block_16_1,block_2_1,unroll_2,unroll_2,unroll_8,1,11,0.83318606718,False
workload_2143.cpp,xczu7ev-ffvc1156-2-e,3.33,116.47385955,51,26,1,5,8,cyclic_16_1,block_256_1,block_2_1,unroll_2,unroll_2,pipeline_1,1,10,0.888802325853,False
workload_2200.cpp,xczu7ev-ffvc1156-2-e,3.33,116.59160835,53,27,1,5,9,cyclic_16_1,block_4_1,block_2_1,unroll_2,unroll_2,pipeline_1,1,10.5,0.873910401424,False
workload_1826.cpp,xczu7ev-ffvc1156-2-e,3.33,131.50749087,720,22,1,14,68,cyclic_16_1,block_512_1,block_2_1,unroll_4,unroll_2,unroll_2,1,26.25,0.540458124853,False
workload_1619.cpp,xczu7ev-ffvc1156-2-e,3.33,224.53257267,42,28,1,3,8,cyclic_16_1,block_8_1,cyclic_2_1,unroll_2,unroll_4,pipeline_1,1,10,0.474560677379,False
workload_1589.cpp,xczu7ev-ffvc1156-2-e,3.33,190.16590707,83,28,4,7,15,cyclic_16_1,block_8_1,cyclic_2_1,unroll_2,unroll_4,unroll_8,1,13.5,0.573591142173,False
workload_1642.cpp,xczu7ev-ffvc1156-2-e,3.33,262.77695667,660,28,1,5,14,cyclic_16_1,block_8_1,cyclic_2_1,unroll_2,unroll_8,pipeline_1,1,12,0.341642547158,False
workload_1505.cpp,xczu7ev-ffvc1156-2-e,3.33,232.87004019,399,63,1,5,52,cyclic_16_1,cyclic_128_1,block_4_1,unroll_2,unroll_4,unroll_8,1,30.25,0.265427273527,False
workload_1571.cpp,xczu7ev-ffvc1156-2-e,3.33,262.65377331,245,43,1,17,32,cyclic_16_1,cyclic_128_1,block_4_1,unroll_2,unroll_8,pipeline_1,1,23.25,0.259604949756,False
workload_1444.cpp,xczu7ev-ffvc1156-2-e,3.33,232.86995694,2680,63,1,5,52,cyclic_16_1,cyclic_128_1,complete_1,unroll_2,unroll_4,unroll_8,1,30.25,0.265427430871,False
workload_1623.cpp,xczu7ev-ffvc1156-2-e,3.33,130.65912675,39,27,1,1,4,cyclic_16_1,cyclic_4_1,block_2_1,unroll_2,unroll_2,pipeline_1,1,8.25,0.88953489535,False
workload_1680.cpp,xczu7ev-ffvc1156-2-e,3.33,151.83995139,38,27,1,1,5,cyclic_16_1,cyclic_4_1,block_2_1,unroll_2,unroll_2,unroll_2,1,8.5,0.792444407209,False
workload_1633.cpp,xczu7ev-ffvc1156-2-e,3.33,207.44498403,54,27,1,2,9,cyclic_16_1,cyclic_4_1,block_2_1,unroll_2,unroll_8,pipeline_1,1,9.75,0.540322301675,False
workload_1540.cpp,xczu7ev-ffvc1156-2-e,3.33,232.08931503,158,27,1,7,29,cyclic_16_1,cyclic_4_1,block_2_1,unroll_4,unroll_16,pipeline_1,1,16,0.406011304489,False
workload_1679.cpp,xczu7ev-ffvc1156-2-e,3.33,130.65911343,46,27,1,2,7,cyclic_16_1,cyclic_4_1,block_2_1,unroll_4,unroll_2,pipeline_1,1,9.25,0.868825489896,False
workload_1719.cpp,xczu7ev-ffvc1156-2-e,3.33,151.83993807,48,27,1,2,8,cyclic_16_1,cyclic_4_1,block_2_1,unroll_4,unroll_2,unroll_2,1,9.5,0.782225363163,False
workload_1683.cpp,xczu7ev-ffvc1156-2-e,3.33,138.54118014,1731,27,1,2,7,cyclic_16_1,cyclic_4_1,complete_1,unroll_2,unroll_2,unroll_8,1,9.25,0.842864693721,False
workload_1536.cpp,xczu7ev-ffvc1156-2-e,3.33,186.47887779,62,27,1,3,11,cyclic_16_1,cyclic_4_1,cyclic_2_1,unroll_2,unroll_4,unroll_8,1,10.5,0.620916746989,False
workload_1606.cpp,xczu7ev-ffvc1156-2-e,3.33,138.54125007,66,27,1,3,12,cyclic_16_1,cyclic_4_1,cyclic_2_1,unroll_4,unroll_2,unroll_8,1,10.75,0.810947708309,False
workload_1625.cpp,xczu7ev-ffvc1156-2-e,3.33,294.70361139,79,28,1,4,17,cyclic_16_1,cyclic_8_1,block_2_1,unroll_2,unroll_16,pipeline_1,1,12.5,0.256272080268,False
workload_1641.cpp,xczu7ev-ffvc1156-2-e,3.33,294.70359807,707,28,1,7,32,cyclic_16_1,cyclic_8_1,block_2_1,unroll_4,unroll_16,pipeline_1,1,17,0.237991882941,False
workload_1521.cpp,xczu7ev-ffvc1156-2-e,3.33,43.68528099,2863,84,1,53,85,cyclic_256_1,block_256_1,cyclic_4_1,unroll_2,pipeline_1,pipeline_1,1,55.75,0.149884639609,False
workload_1406.cpp,xczu7ev-ffvc1156-2-e,3.33,43.68528099,2107,84,1,53,85,cyclic_256_1,block_256_1,cyclic_4_1,unroll_2,pipeline_1,unroll_64,1,55.75,0.149884639609,False
workload_1837.cpp,xczu7ev-ffvc1156-2-e,3.33,116.59160835,79,46,1,9,14,cyclic_256_1,block_2_1,block_2_1,unroll_2,unroll_2,pipeline_1,1,17.5,0.759093947095,False
workload_1638.cpp,xczu7ev-ffvc1156-2-e,3.33,160.86862035,106,63,1,12,20,cyclic_256_1,cyclic_128_1,block_2_1,unroll_2,unroll_2,pipeline_1,1,24,0.520340931728,False
workload_1905.cpp,xczu7ev-ffvc1156-2-e,3.33,43.56744894,1381,46,1,15,45,cyclic_256_1,cyclic_2_1,complete_1,unroll_2,pipeline_1,unroll_32,1,26.75,0.55177662903,False
workload_1872.cpp,xczu7ev-ffvc1156-2-e,3.33,43.56753219,1551,51,2,18,48,cyclic_256_1,cyclic_4_1,block_2_1,unroll_2,pipeline_1,unroll_2,1,29.75,0.513222273767,False
workload_1934.cpp,xczu7ev-ffvc1156-2-e,3.33,95.81922819,1083,47,1,3,13,cyclic_256_1,cyclic_4_1,block_2_1,unroll_2,unroll_2,unroll_16,1,16,0.842967705847,False
workload_1731.cpp,xczu7ev-ffvc1156-2-e,3.33,101.30493699,220,47,1,3,10,cyclic_256_1,cyclic_4_1,block_2_1,unroll_2,unroll_2,unroll_2,1,15.25,0.848970426873,False
workload_1663.cpp,xczu7ev-ffvc1156-2-e,3.33,96.76121859,563,47,1,2,11,cyclic_256_1,cyclic_4_1,block_2_1,unroll_2,unroll_2,unroll_8,1,15.25,0.859632112625,False
workload_1766.cpp,xczu7ev-ffvc1156-2-e,3.33,101.30492367,707,47,1,4,16,cyclic_256_1,cyclic_4_1,block_2_1,unroll_4,unroll_2,unroll_2,1,17,0.804133551145,False
workload_1621.cpp,xczu7ev-ffvc1156-2-e,3.33,178.46491311,335,47,1,31,37,cyclic_256_1,cyclic_4_1,block_4_1,unroll_4,unroll_4,pipeline_1,1,29,0.392262980291,False
workload_1879.cpp,xczu7ev-ffvc1156-2-e,3.33,43.56744894,1603,49,2,18,48,cyclic_256_1,cyclic_4_1,complete_1,unroll_2,pipeline_1,unroll_8,1,29.25,0.51561439383,False
workload_1728.cpp,xczu7ev-ffvc1156-2-e,3.33,96.76113534,2616,47,1,2,11,cyclic_256_1,cyclic_4_1,complete_1,unroll_2,unroll_2,unroll_8,1,15.25,0.859632240325,False
workload_1761.cpp,xczu7ev-ffvc1156-2-e,3.33,144.1122435,2074,47,1,3,18,cyclic_256_1,cyclic_4_1,complete_1,unroll_2,unroll_4,unroll_8,1,17.25,0.671270679114,False
workload_1827.cpp,xczu7ev-ffvc1156-2-e,3.33,101.30492367,773,47,1,4,16,cyclic_256_1,cyclic_4_1,cyclic_2_1,unroll_4,unroll_2,unroll_2,1,17,0.804133551145,False
workload_1831.cpp,xczu7ev-ffvc1156-2-e,3.33,116.47385955,78,47,1,8,13,cyclic_256_1,cyclic_4_1,cyclic_4_1,unroll_2,unroll_2,pipeline_1,1,17.25,0.762400350401,False
workload_1866.cpp,xczu7ev-ffvc1156-2-e,3.33,95.81922819,1116,47,1,3,13,cyclic_256_1,cyclic_4_1,cyclic_4_1,unroll_2,unroll_2,unroll_16,1,16,0.842967705847,False
workload_1804.cpp,xczu7ev-ffvc1156-2-e,3.33,138.32302518,45,24,1,1,5,cyclic_2_1,block_1024_1,block_2_1,unroll_2,unroll_2,unroll_8,1,7.75,0.864431648892,False
workload_1712.cpp,xczu7ev-ffvc1156-2-e,3.33,186.26063958,56,24,1,2,8,cyclic_2_1,block_1024_1,block_2_1,unroll_2,unroll_4,unroll_8,1,8.75,0.632144428268,False
workload_1897.cpp,xczu7ev-ffvc1156-2-e,3.33,43.34921073,1353,24,1,14,45,cyclic_2_1,block_1024_1,complete_1,unroll_2,pipeline_1,pipeline_1,1,21,0.71285264691,False
workload_1840.cpp,xczu7ev-ffvc1156-2-e,3.33,43.34921073,1482,24,1,14,45,cyclic_2_1,block_1024_1,complete_1,unroll_2,pipeline_1,unroll_4,1,21,0.71285264691,False
workload_1880.cpp,xczu7ev-ffvc1156-2-e,3.33,142.75581129,38,24,1,1,4,cyclic_2_1,block_1024_1,complete_1,unroll_2,unroll_2,unroll_4,1,7.5,0.84253967567,False
workload_1762.cpp,xczu7ev-ffvc1156-2-e,3.33,43.46704278,2059,62,1,51,86,cyclic_2_1,block_256_1,block_2_1,unroll_2,pipeline_1,unroll_8,1,50,0.213721309119,False
workload_1692.cpp,xczu7ev-ffvc1156-2-e,3.33,131.28926598,108,62,1,3,19,cyclic_2_1,block_256_1,block_2_1,unroll_2,unroll_2,unroll_2,1,21.25,0.655327959128,False
workload_2294.cpp,xczu7ev-ffvc1156-2-e,3.33,116.47385955,36,26,1,1,4,cyclic_2_1,block_256_1,block_4_1,unroll_2,unroll_2,pipeline_1,1,8,0.93735429289,False
workload_2544.cpp,xczu7ev-ffvc1156-2-e,3.33,43.56744894,1302,26,1,14,44,cyclic_2_1,block_256_1,complete_1,unroll_2,pipeline_1,unroll_4,1,21.25,0.705734115711,False
workload_1704.cpp,xczu7ev-ffvc1156-2-e,3.33,146.57593734,91,62,1,2,19,cyclic_2_1,block_256_1,cyclic_4_1,unroll_2,unroll_2,pipeline_1,1,21,0.613799937376,False
workload_1794.cpp,xczu7ev-ffvc1156-2-e,3.33,43.34974686,1444,24,1,14,46,cyclic_2_1,block_2_1,block_2_1,unroll_2,pipeline_1,pipeline_1,1,21.25,0.705477392375,False
workload_1832.cpp,xczu7ev-ffvc1156-2-e,3.33,96.65380278,54,24,1,3,7,cyclic_2_1,block_2_1,block_2_1,unroll_2,unroll_2,unroll_8,1,8.75,0.984076908684,False
workload_1777.cpp,xczu7ev-ffvc1156-2-e,3.33,178.3732815,42,24,1,3,7,cyclic_2_1,block_2_1,block_2_1,unroll_2,unroll_4,pipeline_1,1,8.75,0.666989379833,False
workload_1788.cpp,xczu7ev-ffvc1156-2-e,3.33,144.2879343,78,24,1,6,11,cyclic_2_1,block_2_1,block_2_1,unroll_2,unroll_4,unroll_8,1,10.5,0.796698266333,False
workload_1852.cpp,xczu7ev-ffvc1156-2-e,3.33,95.82262146,138,24,1,11,18,cyclic_2_1,block_2_1,block_2_1,unroll_4,unroll_2,unroll_16,1,13.5,0.860646929452,False
workload_1779.cpp,xczu7ev-ffvc1156-2-e,3.33,96.87543426,78,24,1,6,11,cyclic_2_1,block_2_1,block_2_1,unroll_4,unroll_2,unroll_8,1,10.5,0.946181729697,False
workload_1893.cpp,xczu7ev-ffvc1156-2-e,3.33,43.34966361,1359,24,1,14,46,cyclic_2_1,block_2_1,complete_1,unroll_2,pipeline_1,pipeline_1,1,21.25,0.705477291556,False
workload_2648.cpp,xczu7ev-ffvc1156-2-e,3.33,43.56753219,1381,33,1,14,43,cyclic_2_1,block_2_1,cyclic_2_1,unroll_2,pipeline_1,pipeline_1,1,22.75,0.66206659464,False
workload_1909.cpp,xczu7ev-ffvc1156-2-e,3.33,130.56556374,36,24,1,2,5,cyclic_2_1,block_2_1,cyclic_4_1,unroll_2,unroll_2,pipeline_1,1,8,0.894443519373,False
workload_1889.cpp,xczu7ev-ffvc1156-2-e,3.33,96.65380278,53,24,1,3,7,cyclic_2_1,block_2_1,cyclic_4_1,unroll_2,unroll_2,unroll_8,1,8.75,0.984076908684,False
workload_1807.cpp,xczu7ev-ffvc1156-2-e,3.33,178.3732815,42,24,1,3,7,cyclic_2_1,block_2_1,cyclic_4_1,unroll_2,unroll_4,pipeline_1,1,8.75,0.666989379833,False
workload_2239.cpp,xczu7ev-ffvc1156-2-e,3.33,116.59149846,37,27,1,2,5,cyclic_2_1,block_4_1,complete_1,unroll_2,unroll_2,pipeline_1,1,8.75,0.921281269672,False
workload_2230.cpp,xczu7ev-ffvc1156-2-e,3.33,116.47385955,37,27,1,1,4,cyclic_2_1,block_512_1,cyclic_2_1,unroll_2,unroll_2,pipeline_1,1,8.25,0.932495026299,False
workload_2110.cpp,xczu7ev-ffvc1156-2-e,3.33,146.79051588,352,33,2,11,44,cyclic_2_1,block_64_1,complete_1,unroll_17,unroll_2,pipeline_1,1,22.5,0.58671657693,False
workload_1624.cpp,xczu7ev-ffvc1156-2-e,3.33,262.55871846,55,26,1,5,13,cyclic_2_1,block_8_1,block_2_1,unroll_2,unroll_8,pipeline_1,1,11.25,0.345037926525,False
workload_1674.cpp,xczu7ev-ffvc1156-2-e,3.33,160.76811762,46,26,1,3,8,cyclic_2_1,block_8_1,block_2_1,unroll_4,unroll_2,pipeline_1,1,9.5,0.741886804326,False
workload_1801.cpp,xczu7ev-ffvc1156-2-e,3.33,43.34929398,1485,24,1,13,47,cyclic_2_1,cyclic_2_1,block_2_1,unroll_2,pipeline_1,unroll_2,1,21.25,0.705476843897,False
workload_1847.cpp,xczu7ev-ffvc1156-2-e,3.33,43.34929398,1506,24,1,13,47,cyclic_2_1,cyclic_2_1,block_2_1,unroll_2,pipeline_1,unroll_4,1,21.25,0.705476843897,False
workload_1828.cpp,xczu7ev-ffvc1156-2-e,3.33,138.32302518,44,24,1,1,5,cyclic_2_1,cyclic_2_1,block_2_1,unroll_2,unroll_2,unroll_8,1,7.75,0.864431648892,False
workload_1695.cpp,xczu7ev-ffvc1156-2-e,3.33,186.26063958,54,24,1,2,8,cyclic_2_1,cyclic_2_1,block_2_1,unroll_2,unroll_4,unroll_8,1,8.75,0.632144428268,False
workload_1927.cpp,xczu7ev-ffvc1156-2-e,3.33,43.34921073,1397,24,1,14,47,cyclic_2_1,cyclic_2_1,complete_1,unroll_2,pipeline_1,pipeline_1,1,21.5,0.698128473753,False
workload_1856.cpp,xczu7ev-ffvc1156-2-e,3.33,43.34921073,1381,24,1,14,47,cyclic_2_1,cyclic_2_1,complete_1,unroll_2,pipeline_1,unroll_32,1,21.5,0.698128473753,False
workload_1812.cpp,xczu7ev-ffvc1156-2-e,3.33,134.88744753,88,24,1,3,11,cyclic_2_1,cyclic_2_1,complete_1,unroll_2,unroll_2,unroll_32,1,9.75,0.845358762864,False
workload_1888.cpp,xczu7ev-ffvc1156-2-e,3.33,142.75592118,40,24,1,1,5,cyclic_2_1,cyclic_2_1,cyclic_2_1,unroll_2,unroll_2,unroll_4,1,7.75,0.841900257153,False
workload_1744.cpp,xczu7ev-ffvc1156-2-e,3.33,138.32302518,45,24,1,1,5,cyclic_2_1,cyclic_2_1,cyclic_2_1,unroll_2,unroll_2,unroll_8,1,7.75,0.864431648892,False
workload_1808.cpp,xczu7ev-ffvc1156-2-e,3.33,151.62169986,43,24,1,1,5,cyclic_2_1,cyclic_2_1,cyclic_2_1,unroll_4,unroll_2,unroll_2,1,7.75,0.797112807436,False
workload_1898.cpp,xczu7ev-ffvc1156-2-e,3.33,43.34929398,1528,25,1,15,49,cyclic_2_1,cyclic_4_1,block_2_1,unroll_2,pipeline_1,unroll_2,1,22.5,0.669031049216,False
workload_1769.cpp,xczu7ev-ffvc1156-2-e,3.33,43.34929398,1537,25,1,15,49,cyclic_2_1,cyclic_4_1,block_2_1,unroll_2,pipeline_1,unroll_8,1,22.5,0.669031049216,False
workload_1914.cpp,xczu7ev-ffvc1156-2-e,3.33,116.25562134,37,25,1,1,4,cyclic_2_1,cyclic_4_1,block_2_1,unroll_2,unroll_2,pipeline_1,1,7.75,0.942437519719,False
workload_1825.cpp,xczu7ev-ffvc1156-2-e,3.33,136.10657718,54,25,1,2,8,cyclic_2_1,cyclic_4_1,block_2_1,unroll_2,unroll_2,unroll_16,1,9,0.856826966255,False
workload_1558.cpp,xczu7ev-ffvc1156-2-e,3.33,151.62171318,36,25,1,1,4,cyclic_2_1,cyclic_4_1,block_2_1,unroll_2,unroll_2,unroll_2,1,7.75,0.797112740901,False
workload_1656.cpp,xczu7ev-ffvc1156-2-e,3.33,178.24668822,39,25,1,1,5,cyclic_2_1,cyclic_4_1,block_2_1,unroll_2,unroll_4,pipeline_1,1,8,0.669731872629,False
workload_1806.cpp,xczu7ev-ffvc1156-2-e,3.33,199.76392278,41,25,1,1,6,cyclic_2_1,cyclic_4_1,block_2_1,unroll_2,unroll_4,unroll_2,1,8.25,0.575969637271,False
workload_1522.cpp,xczu7ev-ffvc1156-2-e,3.33,151.62169986,43,25,1,2,6,cyclic_2_1,cyclic_4_1,block_2_1,unroll_4,unroll_2,unroll_2,1,8.5,0.793498712216,False
workload_1701.cpp,xczu7ev-ffvc1156-2-e,3.33,142.75590786,54,25,1,2,7,cyclic_2_1,cyclic_4_1,block_2_1,unroll_4,unroll_2,unroll_4,1,8.75,0.832993397181,False
workload_1742.cpp,xczu7ev-ffvc1156-2-e,3.33,138.32301186,63,25,1,3,9,cyclic_2_1,cyclic_4_1,block_2_1,unroll_4,unroll_2,unroll_8,1,9.5,0.838881878133,False
workload_1607.cpp,xczu7ev-ffvc1156-2-e,3.33,199.76390946,1767,25,1,2,9,cyclic_2_1,cyclic_4_1,block_2_1,unroll_4,unroll_4,unroll_2,1,9.25,0.573238481206,False
workload_1658.cpp,xczu7ev-ffvc1156-2-e,3.33,151.62169986,42,25,1,2,6,cyclic_2_1,cyclic_4_1,block_4_1,unroll_4,unroll_2,unroll_2,1,8.5,0.793498712216,False
workload_1869.cpp,xczu7ev-ffvc1156-2-e,3.33,43.34921073,1558,25,1,16,49,cyclic_2_1,cyclic_4_1,complete_1,unroll_2,pipeline_1,pipeline_1,1,22.75,0.661834868851,False
workload_1802.cpp,xczu7ev-ffvc1156-2-e,3.33,43.34921073,1633,25,1,16,49,cyclic_2_1,cyclic_4_1,complete_1,unroll_2,pipeline_1,unroll_4,1,22.75,0.661834868851,False
workload_1746.cpp,xczu7ev-ffvc1156-2-e,3.33,142.75581129,38,25,1,1,5,cyclic_2_1,cyclic_4_1,complete_1,unroll_2,unroll_2,unroll_4,1,8,0.840559077372,False
workload_1774.cpp,xczu7ev-ffvc1156-2-e,3.33,138.32294193,45,25,1,2,6,cyclic_2_1,cyclic_4_1,complete_1,unroll_2,unroll_2,unroll_8,1,8.5,0.856310536351,False
workload_1875.cpp,xczu7ev-ffvc1156-2-e,3.33,116.25562134,35,25,1,1,4,cyclic_2_1,cyclic_4_1,cyclic_2_1,unroll_2,unroll_2,pipeline_1,1,7.75,0.942437519719,False
workload_1764.cpp,xczu7ev-ffvc1156-2-e,3.33,138.32302518,45,25,1,2,6,cyclic_2_1,cyclic_4_1,cyclic_2_1,unroll_2,unroll_2,unroll_8,1,8.5,0.856310170558,False
workload_1910.cpp,xczu7ev-ffvc1156-2-e,3.33,43.34929398,1562,25,1,15,49,cyclic_2_1,cyclic_4_1,cyclic_4_1,unroll_2,pipeline_1,pipeline_1,1,22.5,0.669031049216,False
workload_1836.cpp,xczu7ev-ffvc1156-2-e,3.33,138.32302518,47,25,1,2,6,cyclic_2_1,cyclic_4_1,cyclic_4_1,unroll_2,unroll_2,unroll_8,1,8.5,0.856310170558,False
workload_1841.cpp,xczu7ev-ffvc1156-2-e,3.33,116.25560802,45,25,1,2,6,cyclic_2_1,cyclic_4_1,cyclic_4_1,unroll_4,unroll_2,pipeline_1,1,8.5,0.927835928877,False
workload_2103.cpp,xczu7ev-ffvc1156-2-e,3.33,230.16938355,261,43,1,4,47,cyclic_2_1,cyclic_8_1,block_2_1,unroll_2,unroll_4,unroll_16,1,23.75,0.333659962437,False
workload_1922.cpp,xczu7ev-ffvc1156-2-e,3.33,146.45818854,38,26,1,1,4,cyclic_2_1,cyclic_8_1,cyclic_2_1,unroll_2,unroll_2,pipeline_1,1,8,0.822060376133,False
workload_1867.cpp,xczu7ev-ffvc1156-2-e,3.33,130.65912675,39,25,1,1,5,cyclic_32_1,block_1024_1,cyclic_2_1,unroll_2,unroll_2,pipeline_1,1,8,0.894183967979,False
workload_1925.cpp,xczu7ev-ffvc1156-2-e,3.33,101.30493699,39,25,1,1,5,cyclic_32_1,block_1024_1,cyclic_2_1,unroll_2,unroll_2,unroll_2,1,8,0.978621995502,False
workload_1904.cpp,xczu7ev-ffvc1156-2-e,3.33,128.62612179,370,22,1,13,58,cyclic_32_1,block_512_1,block_2_1,unroll_2,unroll_2,unroll_4,1,23.5,0.612127122696,False
workload_1820.cpp,xczu7ev-ffvc1156-2-e,3.33,131.50749087,735,22,1,13,67,cyclic_32_1,block_512_1,block_2_1,unroll_4,unroll_2,unroll_2,1,25.75,0.552420724393,False
workload_1885.cpp,xczu7ev-ffvc1156-2-e,3.33,131.50750419,257,22,1,12,37,cyclic_32_1,block_512_1,cyclic_2_1,unroll_2,unroll_2,unroll_2,1,18,0.706581832792,False
workload_1916.cpp,xczu7ev-ffvc1156-2-e,3.33,128.62612179,369,22,1,13,58,cyclic_32_1,block_512_1,cyclic_2_1,unroll_2,unroll_2,unroll_4,1,23.5,0.612127122696,False
workload_1861.cpp,xczu7ev-ffvc1156-2-e,3.33,142.97415939,42,26,1,1,7,cyclic_32_1,cyclic_2_1,block_2_1,unroll_2,unroll_2,unroll_4,1,8.75,0.831999064937,False
workload_1851.cpp,xczu7ev-ffvc1156-2-e,3.33,101.30492367,53,26,1,2,7,cyclic_32_1,cyclic_2_1,block_2_1,unroll_4,unroll_2,unroll_2,1,9,0.962922886579,False
workload_1918.cpp,xczu7ev-ffvc1156-2-e,3.33,101.30492367,53,26,1,2,7,cyclic_32_1,cyclic_2_1,cyclic_2_1,unroll_4,unroll_2,unroll_2,1,9,0.962922886579,False
workload_1759.cpp,xczu7ev-ffvc1156-2-e,3.33,136.32481539,63,27,1,3,11,cyclic_32_1,cyclic_4_1,block_2_1,unroll_2,unroll_2,unroll_16,1,10.5,0.823646181921,False
workload_1741.cpp,xczu7ev-ffvc1156-2-e,3.33,101.30492367,55,27,1,2,7,cyclic_32_1,cyclic_4_1,block_2_1,unroll_4,unroll_2,unroll_2,1,9.25,0.956598949506,False
workload_1665.cpp,xczu7ev-ffvc1156-2-e,3.33,215.70713694,1845,27,1,5,25,cyclic_32_1,cyclic_4_1,complete_1,unroll_2,unroll_8,unroll_8,1,14.5,0.472972816769,False
workload_1643.cpp,xczu7ev-ffvc1156-2-e,3.33,138.54125007,73,27,1,3,14,cyclic_32_1,cyclic_4_1,cyclic_2_1,unroll_4,unroll_2,unroll_8,1,11.25,0.798994913883,False
workload_1700.cpp,xczu7ev-ffvc1156-2-e,3.33,126.85636998,57,26,2,3,9,cyclic_4_1,block_16_1,block_2_1,unroll_2,unroll_2,unroll_8,1,10,0.85953561944,False
workload_1682.cpp,xczu7ev-ffvc1156-2-e,3.33,189.10371366,167,26,8,11,24,cyclic_4_1,block_16_1,cyclic_2_1,unroll_2,unroll_4,unroll_16,1,17.25,0.51831806143,False
workload_1583.cpp,xczu7ev-ffvc1156-2-e,3.33,126.02518866,168,26,8,11,24,cyclic_4_1,block_16_1,cyclic_4_1,unroll_4,unroll_2,unroll_16,1,17.25,0.733251805525,False
workload_1609.cpp,xczu7ev-ffvc1156-2-e,3.33,189.18809586,509,26,15,22,45,cyclic_4_1,block_16_1,cyclic_4_1,unroll_4,unroll_4,unroll_16,1,27,0.399612190934,False
workload_2201.cpp,xczu7ev-ffvc1156-2-e,3.33,43.56753219,1277,26,1,14,44,cyclic_4_1,block_256_1,block_2_1,unroll_2,pipeline_1,pipeline_1,1,21.25,0.705734211237,False
workload_2125.cpp,xczu7ev-ffvc1156-2-e,3.33,116.47385955,40,26,1,1,5,cyclic_4_1,block_256_1,block_2_1,unroll_2,unroll_2,pipeline_1,1,8.25,0.932495026299,False
workload_2173.cpp,xczu7ev-ffvc1156-2-e,3.33,116.47385955,37,26,1,1,5,cyclic_4_1,block_256_1,block_4_1,unroll_2,unroll_2,pipeline_1,1,8.25,0.932495026299,False
workload_2016.cpp,xczu7ev-ffvc1156-2-e,3.33,116.47371636,139,26,1,5,21,cyclic_4_1,block_256_1,complete_1,unroll_17,unroll_2,pipeline_1,1,13.25,0.820799770657,False
workload_2094.cpp,xczu7ev-ffvc1156-2-e,3.33,116.47374966,39,26,1,1,5,cyclic_4_1,block_256_1,complete_1,unroll_2,unroll_2,pipeline_1,1,8.25,0.932495340157,False
workload_1995.cpp,xczu7ev-ffvc1156-2-e,3.33,116.47373634,63,26,1,2,8,cyclic_4_1,block_256_1,complete_1,unroll_4,unroll_2,pipeline_1,1,9.25,0.909306727283,False
workload_2156.cpp,xczu7ev-ffvc1156-2-e,3.33,247.26132783,692,26,1,16,72,cyclic_4_1,block_256_1,cyclic_2_1,unroll_4,unroll_32,pipeline_1,1,28.75,0.251945121968,False
workload_2190.cpp,xczu7ev-ffvc1156-2-e,3.33,130.78380195,40,27,1,2,6,cyclic_4_1,block_4_1,block_2_1,unroll_2,unroll_2,pipeline_1,1,9,0.873974774196,False
workload_2098.cpp,xczu7ev-ffvc1156-2-e,3.33,192.6049023,60,27,1,3,12,cyclic_4_1,block_512_1,complete_1,unroll_2,unroll_8,pipeline_1,1,10.75,0.593767570378,False
workload_2058.cpp,xczu7ev-ffvc1156-2-e,3.33,216.37641699,115,27,1,4,20,cyclic_4_1,block_512_1,cyclic_4_1,unroll_2,unroll_16,pipeline_1,1,13,0.485169108893,False
workload_2061.cpp,xczu7ev-ffvc1156-2-e,3.33,146.79051588,493,33,2,11,47,cyclic_4_1,block_64_1,complete_1,unroll_17,unroll_2,pipeline_1,1,23.25,0.572414087079,False
workload_1690.cpp,xczu7ev-ffvc1156-2-e,3.33,160.65036882,102,41,1,9,19,cyclic_4_1,cyclic_128_1,block_2_1,unroll_4,unroll_2,pipeline_1,1,17.5,0.60851859621,False
workload_1848.cpp,xczu7ev-ffvc1156-2-e,3.33,160.64345574,38,26,1,1,5,cyclic_4_1,cyclic_16_1,block_2_1,unroll_2,unroll_2,pipeline_1,1,8.25,0.751330124756,False
workload_2106.cpp,xczu7ev-ffvc1156-2-e,3.33,169.18712019,136,63,1,4,31,cyclic_4_1,cyclic_16_1,cyclic_4_1,unroll_2,unroll_2,unroll_8,1,24.75,0.485215751291,False
workload_2055.cpp,xczu7ev-ffvc1156-2-e,3.33,146.67630354,58,28,1,2,9,cyclic_4_1,cyclic_2_1,complete_1,unroll_4,unroll_2,pipeline_1,1,10,0.796816250331,False
workload_1810.cpp,xczu7ev-ffvc1156-2-e,3.33,142.75592118,39,24,1,1,5,cyclic_4_1,cyclic_2_1,cyclic_2_1,unroll_2,unroll_2,unroll_4,1,7.75,0.841900257153,False
workload_1753.cpp,xczu7ev-ffvc1156-2-e,3.33,134.88753078,89,24,1,3,11,cyclic_4_1,cyclic_2_1,cyclic_4_1,unroll_2,unroll_2,unroll_32,1,9.75,0.845358501621,False
workload_1730.cpp,xczu7ev-ffvc1156-2-e,3.33,130.44088854,41,25,1,1,4,cyclic_4_1,cyclic_4_1,block_2_1,unroll_2,unroll_2,pipeline_1,1,7.75,0.899216274521,False
workload_1593.cpp,xczu7ev-ffvc1156-2-e,3.33,151.62171318,38,25,1,1,4,cyclic_4_1,cyclic_4_1,block_2_1,unroll_2,unroll_2,unroll_2,1,7.75,0.797112740901,False
workload_1717.cpp,xczu7ev-ffvc1156-2-e,3.33,138.32302518,45,25,1,2,6,cyclic_4_1,cyclic_4_1,block_2_1,unroll_2,unroll_2,unroll_8,1,8.5,0.856310170558,False
workload_1790.cpp,xczu7ev-ffvc1156-2-e,3.33,186.26063958,53,25,1,2,8,cyclic_4_1,cyclic_4_1,block_2_1,unroll_2,unroll_4,unroll_8,1,9,0.631177813507,False
workload_1639.cpp,xczu7ev-ffvc1156-2-e,3.33,116.25560802,645,25,1,2,7,cyclic_4_1,cyclic_4_1,block_2_1,unroll_4,unroll_2,pipeline_1,1,8.75,0.922185144961,False
workload_1751.cpp,xczu7ev-ffvc1156-2-e,3.33,151.62169986,41,25,1,2,6,cyclic_4_1,cyclic_4_1,block_2_1,unroll_4,unroll_2,unroll_2,1,8.5,0.793498712216,False
workload_1789.cpp,xczu7ev-ffvc1156-2-e,3.33,163.84317282,52,25,1,3,10,cyclic_4_1,cyclic_4_1,block_2_1,unroll_4,unroll_4,pipeline_1,1,9.75,0.725532679489,False
workload_1747.cpp,xczu7ev-ffvc1156-2-e,3.33,43.34929398,1487,25,1,16,48,cyclic_4_1,cyclic_4_1,cyclic_4_1,unroll_2,pipeline_1,pipeline_1,1,22.5,0.669031049216,False
workload_1743.cpp,xczu7ev-ffvc1156-2-e,3.33,134.88753078,83,25,1,3,11,cyclic_4_1,cyclic_4_1,cyclic_4_1,unroll_2,unroll_2,unroll_32,1,10,0.839683576396,False
workload_1657.cpp,xczu7ev-ffvc1156-2-e,3.33,138.32302518,42,25,1,2,6,cyclic_4_1,cyclic_4_1,cyclic_4_1,unroll_2,unroll_2,unroll_8,1,8.5,0.856310170558,False
workload_1940.cpp,xczu7ev-ffvc1156-2-e,3.33,210.00233412,1590,33,1,9,78,cyclic_4_1,cyclic_8_1,complete_1,unroll_17,unroll_4,pipeline_1,1,30.25,0.309790170111,False
workload_2118.cpp,xczu7ev-ffvc1156-2-e,3.33,230.16938355,290,43,1,5,53,cyclic_4_1,cyclic_8_1,cyclic_4_1,unroll_2,unroll_4,unroll_16,1,25.5,0.31809135298,False
workload_1915.cpp,xczu7ev-ffvc1156-2-e,3.33,98.43053427,285,87,1,6,17,cyclic_512_1,block_2_1,block_2_1,unroll_2,unroll_2,unroll_4,1,27.75,0.532914032435,False
workload_1610.cpp,xczu7ev-ffvc1156-2-e,3.33,227.41059843,3490,89,1,10,57,cyclic_512_1,cyclic_16_1,block_2_1,unroll_2,unroll_8,unroll_8,1,39.25,0.182917255656,False
workload_1706.cpp,xczu7ev-ffvc1156-2-e,3.33,96.76819827,263,87,1,5,16,cyclic_512_1,cyclic_2_1,block_2_1,unroll_2,unroll_2,unroll_8,1,27.25,0.546575349544,False
workload_1784.cpp,xczu7ev-ffvc1156-2-e,3.33,98.87382387,261,87,1,5,16,cyclic_512_1,cyclic_2_1,cyclic_2_1,unroll_2,unroll_2,unroll_4,1,27.25,0.546358282052,False
workload_1666.cpp,xczu7ev-ffvc1156-2-e,3.33,144.11941299,2408,87,1,6,27,cyclic_512_1,cyclic_2_1,cyclic_2_1,unroll_2,unroll_4,unroll_8,1,30.25,0.430429604424,False
workload_1709.cpp,xczu7ev-ffvc1156-2-e,3.33,96.93441855,905,87,1,6,27,cyclic_512_1,cyclic_2_1,cyclic_4_1,unroll_4,unroll_2,unroll_8,1,30.25,0.468565024413,False
workload_1528.cpp,xczu7ev-ffvc1156-2-e,3.33,96.76819827,296,88,1,5,16,cyclic_512_1,cyclic_4_1,block_2_1,unroll_2,unroll_2,unroll_8,1,27.5,0.539789577791,False
workload_1565.cpp,xczu7ev-ffvc1156-2-e,3.33,144.11941299,862,88,1,6,28,cyclic_512_1,cyclic_4_1,block_2_1,unroll_2,unroll_4,unroll_8,1,30.75,0.419950288877,False
workload_1839.cpp,xczu7ev-ffvc1156-2-e,3.33,101.31180678,320,88,1,5,16,cyclic_512_1,cyclic_4_1,complete_1,unroll_2,unroll_2,unroll_2,1,27.5,0.53906386102,False
workload_1404.cpp,xczu7ev-ffvc1156-2-e,3.33,96.76811502,326,88,1,5,16,cyclic_512_1,cyclic_4_1,complete_1,unroll_2,unroll_2,unroll_8,1,27.5,0.539789581707,False
workload_1629.cpp,xczu7ev-ffvc1156-2-e,3.33,172.20897198,3360,88,1,9,48,cyclic_512_1,cyclic_4_1,complete_1,unroll_2,unroll_8,unroll_8,1,36.5,0.27997935197,False
workload_1671.cpp,xczu7ev-ffvc1156-2-e,3.33,144.2036853,3493,88,1,9,48,cyclic_512_1,cyclic_4_1,complete_1,unroll_4,unroll_4,unroll_8,1,36.5,0.308476872809,False
workload_1791.cpp,xczu7ev-ffvc1156-2-e,3.33,98.87382387,284,88,1,5,16,cyclic_512_1,cyclic_4_1,cyclic_2_1,unroll_2,unroll_2,unroll_4,1,27.5,0.539580334727,False
workload_1684.cpp,xczu7ev-ffvc1156-2-e,3.33,96.93441855,2405,88,1,6,28,cyclic_512_1,cyclic_4_1,cyclic_2_1,unroll_4,unroll_2,unroll_8,1,30.75,0.456291382066,False
workload_1818.cpp,xczu7ev-ffvc1156-2-e,3.33,43.56753219,1600,92,2,19,50,cyclic_512_1,cyclic_4_1,cyclic_4_1,unroll_2,pipeline_1,pipeline_1,1,40.75,0.363069102809,False
workload_1805.cpp,xczu7ev-ffvc1156-2-e,3.33,95.82620787,335,88,1,6,18,cyclic_512_1,cyclic_4_1,cyclic_4_1,unroll_2,unroll_2,unroll_16,1,28.25,0.519762681063,False
workload_1760.cpp,xczu7ev-ffvc1156-2-e,3.33,126.97068222,295,89,1,5,17,cyclic_512_1,cyclic_8_1,complete_1,unroll_2,unroll_2,unroll_8,1,28,0.505066830885,False
workload_1659.cpp,xczu7ev-ffvc1156-2-e,3.33,126.96370254,68,27,2,4,14,cyclic_64_1,block_16_1,complete_1,unroll_2,unroll_2,unroll_8,1,11.75,0.812320942272,False
workload_1653.cpp,xczu7ev-ffvc1156-2-e,3.33,43.68528099,2914,64,1,51,83,cyclic_64_1,block_256_1,cyclic_4_1,unroll_2,pipeline_1,pipeline_1,1,49.75,0.217021412065,False
workload_1780.cpp,xczu7ev-ffvc1156-2-e,3.33,210.12203763,258,63,1,3,36,cyclic_64_1,block_256_1,cyclic_4_1,unroll_2,unroll_4,pipeline_1,1,25.75,0.364570361277,False
workload_1494.cpp,xczu7ev-ffvc1156-2-e,3.33,262.77695667,79,27,1,5,19,cyclic_64_1,block_8_1,block_2_1,unroll_2,unroll_8,pipeline_1,1,13,0.337244947789,False
workload_1599.cpp,xczu7ev-ffvc1156-2-e,3.33,160.86862035,63,43,1,5,13,cyclic_64_1,cyclic_128_1,block_2_1,unroll_2,unroll_2,pipeline_1,1,15.5,0.633906311826,False
workload_1667.cpp,xczu7ev-ffvc1156-2-e,3.33,231.60601215,2378,43,1,6,74,cyclic_64_1,cyclic_128_1,block_2_1,unroll_4,unroll_8,unroll_2,1,31,0.260068250147,False
workload_1632.cpp,xczu7ev-ffvc1156-2-e,3.33,232.86995694,375,63,1,5,60,cyclic_64_1,cyclic_128_1,complete_1,unroll_2,unroll_4,unroll_8,1,32.25,0.244975261166,False
workload_1815.cpp,xczu7ev-ffvc1156-2-e,3.33,168.74381727,100,27,1,4,24,cyclic_64_1,cyclic_16_1,block_2_1,unroll_4,unroll_2,unroll_8,1,14,0.640924895083,False
workload_1853.cpp,xczu7ev-ffvc1156-2-e,3.33,101.30492367,76,26,1,2,8,cyclic_64_1,cyclic_2_1,block_2_1,unroll_4,unroll_2,unroll_2,1,9.25,0.956598949506,False
workload_1892.cpp,xczu7ev-ffvc1156-2-e,3.33,135.10568574,95,26,1,4,17,cyclic_64_1,cyclic_2_1,complete_1,unroll_2,unroll_2,unroll_32,1,12,0.788938406509,False
workload_1814.cpp,xczu7ev-ffvc1156-2-e,3.33,43.56753219,1425,26,1,14,44,cyclic_64_1,cyclic_2_1,cyclic_4_1,unroll_2,pipeline_1,pipeline_1,1,21.25,0.705734211237,False
workload_1767.cpp,xczu7ev-ffvc1156-2-e,3.33,43.56753219,1483,29,2,16,47,cyclic_64_1,cyclic_4_1,block_2_1,unroll_2,pipeline_1,unroll_8,1,23.5,0.640666215902,False
workload_1564.cpp,xczu7ev-ffvc1156-2-e,3.33,123.56649315,570,27,1,1,6,cyclic_64_1,cyclic_4_1,block_2_1,unroll_2,unroll_2,pipeline_1,2,8.75,0.895520607053,False
workload_1734.cpp,xczu7ev-ffvc1156-2-e,3.33,101.30493699,51,27,1,1,5,cyclic_64_1,cyclic_4_1,block_2_1,unroll_2,unroll_2,unroll_2,1,8.5,0.971305834726,False
workload_1677.cpp,xczu7ev-ffvc1156-2-e,3.33,138.54126339,60,27,1,2,12,cyclic_64_1,cyclic_4_1,block_2_1,unroll_2,unroll_2,unroll_8,1,10.5,0.816720111295,False
workload_1620.cpp,xczu7ev-ffvc1156-2-e,3.33,101.30492367,81,27,1,2,8,cyclic_64_1,cyclic_4_1,block_2_1,unroll_4,unroll_2,unroll_2,1,9.5,0.949242202201,False
workload_1702.cpp,xczu7ev-ffvc1156-2-e,3.33,148.21956207,179,27,1,3,13,cyclic_64_1,cyclic_4_1,block_2_1,unroll_4,unroll_4,unroll_2,1,11,0.772093579055,False
workload_1691.cpp,xczu7ev-ffvc1156-2-e,3.33,130.65912675,40,27,1,1,6,cyclic_64_1,cyclic_4_1,block_4_1,unroll_2,unroll_2,pipeline_1,1,8.75,0.879589917435,False
workload_1845.cpp,xczu7ev-ffvc1156-2-e,3.33,136.32473214,66,27,1,3,13,cyclic_64_1,cyclic_4_1,complete_1,unroll_2,unroll_2,unroll_16,1,11,0.811529156951,False
workload_1913.cpp,xczu7ev-ffvc1156-2-e,3.33,138.54118014,54,27,1,2,12,cyclic_64_1,cyclic_4_1,complete_1,unroll_2,unroll_2,unroll_8,1,10.5,0.816720380732,False
workload_1686.cpp,xczu7ev-ffvc1156-2-e,3.33,43.56753219,2405,29,2,16,47,cyclic_64_1,cyclic_4_1,cyclic_4_1,unroll_2,pipeline_1,pipeline_1,1,23.5,0.640666215902,False
workload_1920.cpp,xczu7ev-ffvc1156-2-e,3.33,131.50750419,49,27,1,1,6,cyclic_64_1,cyclic_8_1,block_2_1,unroll_2,unroll_2,unroll_2,1,8.75,0.877219480365,False
workload_1698.cpp,xczu7ev-ffvc1156-2-e,3.33,131.5073943,61,42,1,3,12,cyclic_8_1,block_128_1,complete_1,unroll_2,unroll_2,unroll_2,1,14.5,0.755780909319,False
workload_1708.cpp,xczu7ev-ffvc1156-2-e,3.33,126.96378579,54,26,2,3,9,cyclic_8_1,block_16_1,block_2_1,unroll_2,unroll_2,unroll_8,1,10,0.859332173785,False
workload_1697.cpp,xczu7ev-ffvc1156-2-e,3.33,224.53257267,45,26,1,3,9,cyclic_8_1,block_16_1,block_2_1,unroll_2,unroll_4,pipeline_1,1,9.75,0.475450809637,False
workload_1773.cpp,xczu7ev-ffvc1156-2-e,3.33,126.96378579,57,26,2,4,9,cyclic_8_1,block_16_1,block_4_1,unroll_2,unroll_2,unroll_8,1,10.25,0.853021220858,False
workload_1693.cpp,xczu7ev-ffvc1156-2-e,3.33,127.13000607,97,26,4,6,15,cyclic_8_1,block_16_1,block_4_1,unroll_4,unroll_2,unroll_8,1,12.75,0.787006148297,False
workload_1699.cpp,xczu7ev-ffvc1156-2-e,3.33,160.98625926,38,26,1,2,6,cyclic_8_1,block_16_1,complete_1,unroll_2,unroll_2,pipeline_1,1,8.75,0.747058352379,False
workload_1570.cpp,xczu7ev-ffvc1156-2-e,3.33,126.96370254,56,26,2,4,9,cyclic_8_1,block_16_1,complete_1,unroll_2,unroll_2,unroll_8,1,10.25,0.853021377318,False
workload_1602.cpp,xczu7ev-ffvc1156-2-e,3.33,146.79405234,49,26,1,3,10,cyclic_8_1,block_16_1,complete_1,unroll_4,unroll_2,pipeline_1,1,10,0.796336124239,False
workload_1649.cpp,xczu7ev-ffvc1156-2-e,3.33,189.40633407,477,26,15,22,45,cyclic_8_1,block_16_1,cyclic_2_1,unroll_4,unroll_4,unroll_16,1,27,0.399091781636,False
workload_1705.cpp,xczu7ev-ffvc1156-2-e,3.33,127.13000607,97,26,4,6,15,cyclic_8_1,block_16_1,cyclic_4_1,unroll_4,unroll_2,unroll_8,1,12.75,0.787006148297,False
workload_1908.cpp,xczu7ev-ffvc1156-2-e,3.33,96.76121859,54,25,1,3,7,cyclic_8_1,block_2_1,block_2_1,unroll_2,unroll_2,unroll_8,1,9,0.975609585835,False
workload_2405.cpp,xczu7ev-ffvc1156-2-e,3.33,95.81914494,86,26,1,6,16,cyclic_8_1,block_2_1,complete_1,unroll_2,unroll_2,unroll_16,1,12.25,0.883008250156,False
workload_2378.cpp,xczu7ev-ffvc1156-2-e,3.33,95.81922819,87,26,1,6,16,cyclic_8_1,block_2_1,cyclic_2_1,unroll_2,unroll_2,unroll_16,1,12.25,0.88300825801,False
workload_1644.cpp,xczu7ev-ffvc1156-2-e,3.33,131.5073943,47,31,1,2,8,cyclic_8_1,block_64_1,complete_1,unroll_2,unroll_2,unroll_2,1,10.5,0.836802122131,False
workload_1596.cpp,xczu7ev-ffvc1156-2-e,3.33,169.18703694,127,62,1,3,28,cyclic_8_1,cyclic_128_1,complete_1,unroll_2,unroll_2,unroll_8,1,23.5,0.505400860876,False
workload_1547.cpp,xczu7ev-ffvc1156-2-e,3.33,232.86995694,350,62,1,4,49,cyclic_8_1,cyclic_128_1,complete_1,unroll_2,unroll_4,unroll_8,1,29,0.278070759381,False
workload_2119.cpp,xczu7ev-ffvc1156-2-e,3.33,228.42520947,668,27,2,8,52,cyclic_8_1,cyclic_2_1,block_2_1,unroll_2,unroll_4,unroll_64,1,22.25,0.350395028738,False
workload_2115.cpp,xczu7ev-ffvc1156-2-e,3.33,210.00244401,515,27,1,9,57,cyclic_8_1,cyclic_2_1,cyclic_4_1,unroll_17,unroll_4,pipeline_1,1,23.5,0.389530202676,False
workload_1838.cpp,xczu7ev-ffvc1156-2-e,3.33,43.56753219,1486,26,2,16,47,cyclic_8_1,cyclic_4_1,block_2_1,unroll_2,pipeline_1,unroll_8,1,22.75,0.66206659464,False
workload_1483.cpp,xczu7ev-ffvc1156-2-e,3.33,232.08932835,79,26,1,5,18,cyclic_8_1,cyclic_4_1,block_2_1,unroll_2,unroll_16,pipeline_1,1,12.5,0.435091474002,False
workload_1651.cpp,xczu7ev-ffvc1156-2-e,3.33,116.47385955,2383,26,1,1,5,cyclic_8_1,cyclic_4_1,block_2_1,unroll_2,unroll_2,pipeline_1,1,8.25,0.932495026299,False
workload_1756.cpp,xczu7ev-ffvc1156-2-e,3.33,138.54126339,47,26,1,2,6,cyclic_8_1,cyclic_4_1,block_2_1,unroll_2,unroll_2,unroll_8,1,8.75,0.851559240743,False
workload_1636.cpp,xczu7ev-ffvc1156-2-e,3.33,178.46492643,41,26,1,2,7,cyclic_8_1,cyclic_4_1,block_2_1,unroll_2,unroll_4,pipeline_1,1,9,0.665442192367,False
workload_1603.cpp,xczu7ev-ffvc1156-2-e,3.33,207.44498403,55,26,1,3,10,cyclic_8_1,cyclic_4_1,block_2_1,unroll_2,unroll_8,pipeline_1,1,10,0.539173927278,False
workload_1640.cpp,xczu7ev-ffvc1156-2-e,3.33,215.70722019,660,26,1,4,14,cyclic_8_1,cyclic_4_1,block_2_1,unroll_2,unroll_8,unroll_8,1,11.25,0.500735400446,False
workload_1458.cpp,xczu7ev-ffvc1156-2-e,3.33,232.08931503,1291,26,1,9,34,cyclic_8_1,cyclic_4_1,block_2_1,unroll_4,unroll_16,pipeline_1,1,17.5,0.390357127621,False
workload_1647.cpp,xczu7ev-ffvc1156-2-e,3.33,255.57130287,157,26,1,8,34,cyclic_8_1,cyclic_4_1,block_2_1,unroll_4,unroll_16,unroll_2,1,17.25,0.329018428291,False
workload_1537.cpp,xczu7ev-ffvc1156-2-e,3.33,207.44497071,84,26,1,5,18,cyclic_8_1,cyclic_4_1,block_2_1,unroll_4,unroll_8,pipeline_1,1,12.5,0.521580333632,False
workload_1416.cpp,xczu7ev-ffvc1156-2-e,3.33,220.34469807,109,26,1,6,22,cyclic_8_1,cyclic_4_1,block_2_1,unroll_4,unroll_8,unroll_4,1,13.75,0.464852125076,False
workload_1539.cpp,xczu7ev-ffvc1156-2-e,3.33,232.08920514,149,26,1,9,34,cyclic_8_1,cyclic_4_1,complete_1,unroll_4,unroll_16,pipeline_1,1,17.5,0.390357435703,False
workload_1626.cpp,xczu7ev-ffvc1156-2-e,3.33,186.47887779,56,26,1,3,9,cyclic_8_1,cyclic_4_1,cyclic_2_1,unroll_2,unroll_4,unroll_8,1,9.75,0.626312804499,False
workload_1645.cpp,xczu7ev-ffvc1156-2-e,3.33,186.47886447,84,26,1,4,14,cyclic_8_1,cyclic_4_1,cyclic_2_1,unroll_4,unroll_4,unroll_8,1,11.25,0.614153259837,False
workload_1816.cpp,xczu7ev-ffvc1156-2-e,3.33,43.69124835,1897,78,5,28,98,cyclic_8_1,cyclic_8_1,block_2_1,unroll_2,pipeline_1,unroll_8,1,52.25,0.185753198897,False
workload_2045.cpp,xczu7ev-ffvc1156-2-e,3.33,210.00244401,1860,33,1,9,90,cyclic_8_1,cyclic_8_1,cyclic_4_1,unroll_17,unroll_4,pipeline_1,1,33.25,0.271917296457,False
workload_1242.cpp,xczu7ev-ffvc1156-2-e,5,146.11787,318,46,14,6,19,block_128_1,block_2_1,complete_1,unroll_2,unroll_2,unroll_4,1,21.25,0.679227011389,False
workload_1170.cpp,xczu7ev-ffvc1156-2-e,5,144.45387,1086,46,28,12,34,block_128_1,block_2_1,complete_1,unroll_2,unroll_2,unroll_8,1,30,0.416479981646,False
workload_754.cpp,xczu7ev-ffvc1156-2-e,5,180.874875,63,47,1,10,21,block_128_1,block_4_1,block_2_1,unroll_2,unroll_2,pipeline_1,1,19.75,0.681913859266,False
workload_762.cpp,xczu7ev-ffvc1156-2-e,5,226.22399,67,47,1,10,21,block_128_1,block_8_1,complete_1,unroll_2,unroll_2,pipeline_1,1,19.75,0.586977643104,False
workload_1037.cpp,xczu7ev-ffvc1156-2-e,5,164.900475,61,46,1,9,20,block_128_1,cyclic_2_1,block_2_1,unroll_2,unroll_2,pipeline_1,1,19,0.728710479653,False
workload_1040.cpp,xczu7ev-ffvc1156-2-e,5,188.560185,405,41,4,17,62,block_2_1,block_128_1,complete_1,unroll_2,unroll_2,unroll_16,1,31,0.379544823403,False
workload_973.cpp,xczu7ev-ffvc1156-2-e,5,189.475385,153,41,2,9,34,block_2_1,block_128_1,complete_1,unroll_2,unroll_2,unroll_8,1,21.5,0.624261427818,False
workload_1174.cpp,xczu7ev-ffvc1156-2-e,5,7.24491,1783,24,1,29,75,block_2_1,block_2_1,block_2_1,unroll_2,pipeline_1,pipeline_1,1,32.25,0.495603644335,False
workload_1083.cpp,xczu7ev-ffvc1156-2-e,5,7.24491,1799,24,1,29,75,block_2_1,block_2_1,block_2_1,unroll_2,pipeline_1,unroll_64,1,32.25,0.495603644335,False
workload_1205.cpp,xczu7ev-ffvc1156-2-e,5,7.24491,2035,24,1,29,75,block_2_1,block_2_1,block_2_1,unroll_2,pipeline_1,unroll_8,1,32.25,0.495603644335,False
workload_954.cpp,xczu7ev-ffvc1156-2-e,5,164.56751,42,24,1,9,16,block_2_1,block_2_1,block_2_1,unroll_2,unroll_2,pipeline_1,1,12.5,0.851301689899,False
workload_968.cpp,xczu7ev-ffvc1156-2-e,5,143.21103,133,24,1,17,25,block_2_1,block_2_1,block_2_1,unroll_2,unroll_2,unroll_16,1,16.75,0.778157763774,False
workload_1153.cpp,xczu7ev-ffvc1156-2-e,5,149.11823,47,24,1,3,6,block_2_1,block_2_1,block_2_1,unroll_2,unroll_2,unroll_2,1,8.5,0.968307756186,False
workload_976.cpp,xczu7ev-ffvc1156-2-e,5,142.83663,288,24,1,34,47,block_2_1,block_2_1,block_2_1,unroll_2,unroll_2,unroll_32,1,26.5,0.512140658412,False
workload_892.cpp,xczu7ev-ffvc1156-2-e,5,146.12301,84,24,1,9,15,block_2_1,block_2_1,block_2_1,unroll_4,unroll_2,unroll_4,1,12.25,0.888467471663,False
workload_1112.cpp,xczu7ev-ffvc1156-2-e,5,7.244865,1896,24,1,29,75,block_2_1,block_2_1,complete_1,unroll_2,pipeline_1,pipeline_1,3,32.25,0.495603675863,False
workload_1233.cpp,xczu7ev-ffvc1156-2-e,5,7.244865,1747,24,1,29,75,block_2_1,block_2_1,complete_1,unroll_2,pipeline_1,unroll_16,2,32.25,0.495603675863,False
workload_1204.cpp,xczu7ev-ffvc1156-2-e,5,7.244865,1838.5,24,1,29,75,block_2_1,block_2_1,complete_1,unroll_2,pipeline_1,unroll_2,2,32.25,0.495603675863,False
workload_1286.cpp,xczu7ev-ffvc1156-2-e,5,7.244865,1886,24,1,29,75,block_2_1,block_2_1,complete_1,unroll_2,pipeline_1,unroll_32,1,32.25,0.495603675863,False
workload_1288.cpp,xczu7ev-ffvc1156-2-e,5,7.244865,1878,24,1,29,75,block_2_1,block_2_1,complete_1,unroll_2,pipeline_1,unroll_4,2,32.25,0.495603675863,False
workload_1113.cpp,xczu7ev-ffvc1156-2-e,5,7.244865,1788,24,1,29,75,block_2_1,block_2_1,complete_1,unroll_2,pipeline_1,unroll_64,1,32.25,0.495603675863,False
workload_1149.cpp,xczu7ev-ffvc1156-2-e,5,7.244865,1710,24,1,29,75,block_2_1,block_2_1,complete_1,unroll_2,pipeline_1,unroll_8,1,32.25,0.495603675863,False
workload_967.cpp,xczu7ev-ffvc1156-2-e,5,143.210985,133,24,1,17,25,block_2_1,block_2_1,complete_1,unroll_2,unroll_2,unroll_16,1,16.75,0.778157760108,False
workload_1012.cpp,xczu7ev-ffvc1156-2-e,5,142.836585,326,24,1,34,47,block_2_1,block_2_1,complete_1,unroll_2,unroll_2,unroll_32,1,26.5,0.512140656192,False
workload_1300.cpp,xczu7ev-ffvc1156-2-e,5,145.790185,65,24,1,5,9,block_2_1,block_2_1,complete_1,unroll_2,unroll_2,unroll_4,1,9.75,0.944359915034,False
workload_1023.cpp,xczu7ev-ffvc1156-2-e,5,142.649385,1120,24,1,66,90,block_2_1,block_2_1,complete_1,unroll_2,unroll_2,unroll_64,1,45.25,0.199658382128,False
workload_1201.cpp,xczu7ev-ffvc1156-2-e,5,7.24423,1596,24,1,29,75,block_2_1,block_2_1,cyclic_2_1,unroll_2,pipeline_1,pipeline_1,1,32.25,1,True
workload_1259.cpp,xczu7ev-ffvc1156-2-e,5,7.24423,1942,24,1,29,75,block_2_1,block_2_1,cyclic_2_1,unroll_2,pipeline_1,unroll_2,1,32.25,1,True
workload_1052.cpp,xczu7ev-ffvc1156-2-e,5,142.64943,1109,24,1,66,90,block_2_1,block_2_1,cyclic_2_1,unroll_2,unroll_2,unroll_64,1,45.25,0.199658361364,False
workload_916.cpp,xczu7ev-ffvc1156-2-e,5,180.54191,44,25,1,9,16,block_2_1,block_4_1,block_2_1,unroll_2,unroll_2,pipeline_1,1,12.75,0.807267823433,False
workload_1285.cpp,xczu7ev-ffvc1156-2-e,5,7.245545,1739,25,1,47,93,block_2_1,block_4_1,complete_1,unroll_2,pipeline_1,pipeline_1,1,41.5,0.286147764714,False
workload_1367.cpp,xczu7ev-ffvc1156-2-e,5,7.245545,2109,25,1,47,93,block_2_1,block_4_1,complete_1,unroll_2,pipeline_1,unroll_64,1,41.5,0.286147764714,False
workload_1177.cpp,xczu7ev-ffvc1156-2-e,5,7.245545,1876,25,1,47,93,block_2_1,block_4_1,complete_1,unroll_2,pipeline_1,unroll_8,1,41.5,0.286147764714,False
workload_1368.cpp,xczu7ev-ffvc1156-2-e,5,7.24491,2026,25,1,47,93,block_2_1,block_4_1,cyclic_2_1,unroll_2,pipeline_1,pipeline_1,1,41.5,0.286147550356,False
workload_675.cpp,xczu7ev-ffvc1156-2-e,5,189.47543,129,31,2,9,23,block_2_1,block_64_1,block_4_1,unroll_2,unroll_2,unroll_8,1,16.25,0.716273951559,False
workload_804.cpp,xczu7ev-ffvc1156-2-e,5,188.56023,145,26,1,14,24,block_2_1,cyclic_16_1,block_2_1,unroll_2,unroll_2,unroll_16,1,16.25,0.718218610781,False
workload_766.cpp,xczu7ev-ffvc1156-2-e,5,188.56023,155,26,1,14,24,block_2_1,cyclic_16_1,block_4_1,unroll_2,unroll_2,unroll_16,1,16.25,0.718218610781,False
workload_1033.cpp,xczu7ev-ffvc1156-2-e,5,188.560185,142,26,1,14,24,block_2_1,cyclic_16_1,complete_1,unroll_2,unroll_2,unroll_16,1,16.25,0.718218706041,False
workload_849.cpp,xczu7ev-ffvc1156-2-e,5,225.89111,46,26,1,9,16,block_2_1,cyclic_16_1,cyclic_4_1,unroll_2,unroll_2,pipeline_1,1,13,0.675446841004,False
workload_864.cpp,xczu7ev-ffvc1156-2-e,5,187.99863,1212,26,1,55,85,block_2_1,cyclic_16_1,cyclic_4_1,unroll_2,unroll_2,unroll_64,1,41.75,0.214587582204,False
workload_1148.cpp,xczu7ev-ffvc1156-2-e,5,7.24423,1807,24,1,29,76,block_2_1,cyclic_2_1,block_2_1,unroll_2,pipeline_1,pipeline_1,1,32.5,0.492468464228,False
workload_1176.cpp,xczu7ev-ffvc1156-2-e,5,7.24423,1941,24,1,29,76,block_2_1,cyclic_2_1,block_2_1,unroll_2,pipeline_1,unroll_4,2,32.5,0.492468464228,False
workload_1147.cpp,xczu7ev-ffvc1156-2-e,5,7.24423,1730,24,1,29,76,block_2_1,cyclic_2_1,block_2_1,unroll_2,pipeline_1,unroll_8,1,32.5,0.492468464228,False
workload_1185.cpp,xczu7ev-ffvc1156-2-e,5,144.12623,67,24,1,8,13,block_2_1,cyclic_2_1,block_2_1,unroll_2,unroll_2,unroll_8,1,11.5,0.889478486576,False
workload_917.cpp,xczu7ev-ffvc1156-2-e,5,164.56749,52,24,1,17,29,block_2_1,cyclic_2_1,block_2_1,unroll_4,unroll_2,pipeline_1,1,17.75,0.750538184024,False
workload_803.cpp,xczu7ev-ffvc1156-2-e,5,144.29261,138,24,1,15,22,block_2_1,cyclic_2_1,block_2_1,unroll_4,unroll_2,unroll_8,1,15.5,0.782875607251,False
workload_1235.cpp,xczu7ev-ffvc1156-2-e,5,7.244185,1928.5,24,1,29,76,block_2_1,cyclic_2_1,complete_1,unroll_2,pipeline_1,pipeline_1,2,32.5,1,True
workload_1210.cpp,xczu7ev-ffvc1156-2-e,5,7.244185,2011.5,24,1,29,76,block_2_1,cyclic_2_1,complete_1,unroll_2,pipeline_1,unroll_16,2,32.5,1,True
workload_1236.cpp,xczu7ev-ffvc1156-2-e,5,7.244185,1902,24,1,29,76,block_2_1,cyclic_2_1,complete_1,unroll_2,pipeline_1,unroll_2,2,32.5,1,True
workload_1234.cpp,xczu7ev-ffvc1156-2-e,5,7.244185,1648.5,24,1,29,76,block_2_1,cyclic_2_1,complete_1,unroll_2,pipeline_1,unroll_4,2,32.5,1,True
workload_1310.cpp,xczu7ev-ffvc1156-2-e,5,7.244185,1960,24,1,29,76,block_2_1,cyclic_2_1,complete_1,unroll_2,pipeline_1,unroll_64,1,32.5,1,True
workload_1057.cpp,xczu7ev-ffvc1156-2-e,5,7.244185,1725,24,1,29,76,block_2_1,cyclic_2_1,complete_1,unroll_2,pipeline_1,unroll_8,2,32.5,1,True
workload_1295.cpp,xczu7ev-ffvc1156-2-e,5,164.567425,48,24,1,9,15,block_2_1,cyclic_2_1,complete_1,unroll_2,unroll_2,pipeline_1,1,12.25,0.855161442202,False
workload_943.cpp,xczu7ev-ffvc1156-2-e,5,143.210985,124,24,1,14,21,block_2_1,cyclic_2_1,complete_1,unroll_2,unroll_2,unroll_16,1,15,0.801633226598,False
workload_1097.cpp,xczu7ev-ffvc1156-2-e,5,142.836585,309,24,1,28,40,block_2_1,cyclic_2_1,complete_1,unroll_2,unroll_2,unroll_32,1,23.25,0.612296956351,False
workload_1207.cpp,xczu7ev-ffvc1156-2-e,5,142.649385,1206,24,1,55,76,block_2_1,cyclic_2_1,complete_1,unroll_2,unroll_2,unroll_64,1,39,0.284017470003,False
workload_1375.cpp,xczu7ev-ffvc1156-2-e,5,144.126185,65,24,1,8,12,block_2_1,cyclic_2_1,complete_1,unroll_2,unroll_2,unroll_8,1,11.25,0.894537166745,False
workload_928.cpp,xczu7ev-ffvc1156-2-e,5,164.567405,54,24,1,17,29,block_2_1,cyclic_2_1,complete_1,unroll_4,unroll_2,pipeline_1,1,17.75,0.750538339845,False
workload_1306.cpp,xczu7ev-ffvc1156-2-e,5,7.24423,1840,24,1,29,76,block_2_1,cyclic_2_1,cyclic_2_1,unroll_2,pipeline_1,pipeline_1,2,32.5,0.492468464228,False
workload_1336.cpp,xczu7ev-ffvc1156-2-e,5,7.24423,1655,24,1,29,76,block_2_1,cyclic_2_1,cyclic_2_1,unroll_2,pipeline_1,unroll_16,1,32.5,0.492468464228,False
workload_1284.cpp,xczu7ev-ffvc1156-2-e,5,7.24423,1785,24,1,29,76,block_2_1,cyclic_2_1,cyclic_2_1,unroll_2,pipeline_1,unroll_4,2,32.5,0.492468464228,False
workload_774.cpp,xczu7ev-ffvc1156-2-e,5,340.20359,521,26,1,29,62,block_2_1,cyclic_32_1,block_2_1,unroll_2,unroll_8,unroll_8,1,29.5,0.246552853353,False
workload_1114.cpp,xczu7ev-ffvc1156-2-e,5,7.24423,1903,25,1,31,78,block_2_1,cyclic_4_1,block_2_1,unroll_2,pipeline_1,pipeline_1,1,33.75,0.459653883275,False
workload_898.cpp,xczu7ev-ffvc1156-2-e,5,143.21103,119,25,1,14,22,block_2_1,cyclic_4_1,block_2_1,unroll_2,unroll_2,unroll_16,1,15.5,0.782777901138,False
workload_880.cpp,xczu7ev-ffvc1156-2-e,5,144.12623,79,25,1,8,13,block_2_1,cyclic_4_1,block_2_1,unroll_2,unroll_2,unroll_8,1,11.75,0.889505957355,False
workload_1084.cpp,xczu7ev-ffvc1156-2-e,5,7.244185,1939,25,1,31,78,block_2_1,cyclic_4_1,complete_1,unroll_2,pipeline_1,pipeline_1,1,33.75,0.459653857096,False
workload_1024.cpp,xczu7ev-ffvc1156-2-e,5,7.244185,1802,25,1,31,78,block_2_1,cyclic_4_1,complete_1,unroll_2,pipeline_1,unroll_16,1,33.75,0.459653857096,False
workload_1311.cpp,xczu7ev-ffvc1156-2-e,5,7.244185,1979,25,1,31,78,block_2_1,cyclic_4_1,complete_1,unroll_2,pipeline_1,unroll_2,1,33.75,0.459653857096,False
workload_983.cpp,xczu7ev-ffvc1156-2-e,5,7.244185,1812,25,1,31,78,block_2_1,cyclic_4_1,complete_1,unroll_2,pipeline_1,unroll_8,1,33.75,0.459653857096,False
workload_851.cpp,xczu7ev-ffvc1156-2-e,5,172.554625,45,25,1,9,15,block_2_1,cyclic_4_1,complete_1,unroll_2,unroll_2,pipeline_1,2,12.5,0.83203217436,False
workload_893.cpp,xczu7ev-ffvc1156-2-e,5,143.210985,120,25,1,14,22,block_2_1,cyclic_4_1,complete_1,unroll_2,unroll_2,unroll_16,1,15.5,0.782777895116,False
workload_1091.cpp,xczu7ev-ffvc1156-2-e,5,145.790185,54,25,1,4,8,block_2_1,cyclic_4_1,complete_1,unroll_2,unroll_2,unroll_4,1,9.5,0.945011600933,False
workload_1021.cpp,xczu7ev-ffvc1156-2-e,5,142.649385,1078,25,1,55,77,block_2_1,cyclic_4_1,complete_1,unroll_2,unroll_2,unroll_64,1,39.5,0.276932271061,False
workload_856.cpp,xczu7ev-ffvc1156-2-e,5,144.126185,73,25,1,8,13,block_2_1,cyclic_4_1,complete_1,unroll_2,unroll_2,unroll_8,1,11.75,0.889505954835,False
workload_832.cpp,xczu7ev-ffvc1156-2-e,5,235.869185,49,25,1,17,28,block_2_1,cyclic_4_1,complete_1,unroll_2,unroll_4,pipeline_1,1,17.75,0.591985261874,False
workload_1366.cpp,xczu7ev-ffvc1156-2-e,5,7.24423,1923,25,1,31,78,block_2_1,cyclic_4_1,cyclic_2_1,unroll_2,pipeline_1,pipeline_1,1,33.75,0.459653883275,False
workload_1312.cpp,xczu7ev-ffvc1156-2-e,5,7.24423,2008,25,1,31,78,block_2_1,cyclic_4_1,cyclic_2_1,unroll_2,pipeline_1,unroll_2,1,33.75,0.459653883275,False
workload_872.cpp,xczu7ev-ffvc1156-2-e,5,180.54191,43,25,1,9,15,block_2_1,cyclic_4_1,cyclic_2_1,unroll_2,unroll_2,pipeline_1,1,12.5,0.811286165566,False
workload_999.cpp,xczu7ev-ffvc1156-2-e,5,143.21103,126,25,1,14,22,block_2_1,cyclic_4_1,cyclic_2_1,unroll_2,unroll_2,unroll_16,1,15.5,0.782777901138,False
workload_1014.cpp,xczu7ev-ffvc1156-2-e,5,142.83663,304,25,1,28,40,block_2_1,cyclic_4_1,cyclic_2_1,unroll_2,unroll_2,unroll_32,1,23.5,0.604206886859,False
workload_674.cpp,xczu7ev-ffvc1156-2-e,5,142.64943,1107,25,1,55,77,block_2_1,cyclic_4_1,cyclic_2_1,unroll_2,unroll_2,unroll_64,1,39.5,0.276932236679,False
workload_794.cpp,xczu7ev-ffvc1156-2-e,5,235.86927,53,25,1,17,28,block_2_1,cyclic_4_1,cyclic_2_1,unroll_2,unroll_4,pipeline_1,1,17.75,0.591985057176,False
workload_653.cpp,xczu7ev-ffvc1156-2-e,5,295.13327,75,25,1,33,55,block_2_1,cyclic_4_1,cyclic_2_1,unroll_2,unroll_8,pipeline_1,1,28.5,0.317843640191,False
workload_739.cpp,xczu7ev-ffvc1156-2-e,5,188.56023,248,31,1,15,39,block_2_1,cyclic_64_1,block_2_1,unroll_2,unroll_2,unroll_16,1,21.5,0.625776620554,False
workload_592.cpp,xczu7ev-ffvc1156-2-e,5,189.47543,112,31,1,8,22,block_2_1,cyclic_64_1,block_2_1,unroll_2,unroll_2,unroll_8,1,15.5,0.724493704174,False
workload_719.cpp,xczu7ev-ffvc1156-2-e,5,340.20359,840,31,1,29,81,block_2_1,cyclic_64_1,block_2_1,unroll_2,unroll_8,unroll_8,1,35.5,0.182114790014,False
workload_935.cpp,xczu7ev-ffvc1156-2-e,5,188.56023,132,26,1,14,23,block_2_1,cyclic_8_1,block_2_1,unroll_2,unroll_2,unroll_16,1,16,0.72018609879,False
workload_905.cpp,xczu7ev-ffvc1156-2-e,5,187.99863,1082,26,1,55,80,block_2_1,cyclic_8_1,block_2_1,unroll_2,unroll_2,unroll_64,1,40.5,0.228920838512,False
workload_901.cpp,xczu7ev-ffvc1156-2-e,5,144.620295,354,41,60,24,37,block_32_1,block_4_1,block_2_1,unroll_4,unroll_2,unroll_8,1,40.5,0.261421186362,False
workload_862.cpp,xczu7ev-ffvc1156-2-e,5,188.887915,374,42,56,20,36,block_32_1,cyclic_16_1,block_4_1,unroll_2,unroll_2,unroll_16,1,38.5,0.251539576263,False
workload_758.cpp,xczu7ev-ffvc1156-2-e,5,189.47543,122,32,2,9,27,block_4_1,block_64_1,cyclic_2_1,unroll_2,unroll_2,unroll_8,1,17.5,0.703273302783,False
workload_759.cpp,xczu7ev-ffvc1156-2-e,5,361.30679,148,32,1,36,71,block_4_1,block_64_1,cyclic_4_1,unroll_2,unroll_8,pipeline_1,1,35,0.170393364798,False
workload_679.cpp,xczu7ev-ffvc1156-2-e,5,342.20551,351,32,4,18,55,block_4_1,block_64_1,cyclic_4_1,unroll_2,unroll_8,unroll_4,1,27.25,0.26883851962,False
workload_825.cpp,xczu7ev-ffvc1156-2-e,5,189.475385,151,42,1,8,36,block_4_1,cyclic_128_1,complete_1,unroll_2,unroll_2,unroll_8,1,21.75,0.617917050032,False
workload_1221.cpp,xczu7ev-ffvc1156-2-e,5,215.295625,140,25,1,15,30,block_4_1,cyclic_2_1,complete_1,unroll_2,unroll_4,unroll_8,1,17.75,0.641117390675,False
workload_713.cpp,xczu7ev-ffvc1156-2-e,5,191.13943,71,32,1,4,16,block_4_1,cyclic_64_1,block_2_1,unroll_2,unroll_2,unroll_4,1,13.25,0.770293782739,False
workload_654.cpp,xczu7ev-ffvc1156-2-e,5,189.47543,124,32,1,8,26,block_4_1,cyclic_64_1,block_2_1,unroll_2,unroll_2,unroll_8,1,16.75,0.711720404425,False
workload_770.cpp,xczu7ev-ffvc1156-2-e,5,189.475385,128,32,1,8,26,block_4_1,cyclic_64_1,complete_1,unroll_2,unroll_2,unroll_8,1,16.75,0.711720501622,False
workload_716.cpp,xczu7ev-ffvc1156-2-e,5,180.874875,55,47,1,10,19,block_64_1,block_4_1,block_2_1,unroll_2,unroll_2,pipeline_1,1,19.25,0.692715073469,False
workload_767.cpp,xczu7ev-ffvc1156-2-e,5,180.874855,72,47,2,19,35,block_64_1,block_4_1,block_2_1,unroll_4,unroll_2,pipeline_1,1,25.75,0.51881920507,False
workload_828.cpp,xczu7ev-ffvc1156-2-e,5,144.620295,983,47,60,24,45,block_64_1,block_4_1,block_2_1,unroll_4,unroll_2,unroll_8,1,44,0.214345277542,False
workload_591.cpp,xczu7ev-ffvc1156-2-e,5,180.874875,55,47,1,10,19,block_64_1,block_4_1,cyclic_4_1,unroll_2,unroll_2,pipeline_1,1,19.25,0.692715073469,False
workload_822.cpp,xczu7ev-ffvc1156-2-e,5,189.80307,300,47,30,12,25,block_64_1,block_8_1,complete_1,unroll_2,unroll_2,unroll_8,1,28.5,0.439288175719,False
workload_801.cpp,xczu7ev-ffvc1156-2-e,5,378.347595,102,47,2,36,66,block_64_1,block_8_1,cyclic_2_1,unroll_2,unroll_8,pipeline_1,1,37.75,0.138179620191,False
workload_711.cpp,xczu7ev-ffvc1156-2-e,5,226.224075,52,47,1,10,19,block_64_1,block_8_1,cyclic_4_1,unroll_2,unroll_2,pipeline_1,1,19.25,0.594828678302,False
workload_861.cpp,xczu7ev-ffvc1156-2-e,5,189.803115,396,52,28,11,31,block_64_1,cyclic_64_1,block_2_1,unroll_2,unroll_2,unroll_8,1,30.5,0.390552173091,False
workload_764.cpp,xczu7ev-ffvc1156-2-e,5,210.244395,58,34,1,9,21,block_8_1,cyclic_64_1,block_2_1,unroll_2,unroll_2,pipeline_1,1,16.25,0.669076448201,False
workload_795.cpp,xczu7ev-ffvc1156-2-e,5,210.24431,53,34,1,9,20,block_8_1,cyclic_64_1,complete_1,unroll_2,unroll_2,pipeline_1,1,16,0.671165373556,False
workload_1160.cpp,xczu7ev-ffvc1156-2-e,5,147.116315,125,26,1,2,8,cyclic_128_1,block_2_1,block_2_1,unroll_2,unroll_2,unroll_4,1,9.25,0.950649963573,False
workload_1015.cpp,xczu7ev-ffvc1156-2-e,5,49.54399,885.5,33,1,14,43,cyclic_128_1,block_2_1,complete_1,unroll_2,pipeline_1,unroll_16,2,22.75,0.62157227037,False
workload_1190.cpp,xczu7ev-ffvc1156-2-e,5,49.54399,851,33,1,14,43,cyclic_128_1,block_2_1,complete_1,unroll_2,pipeline_1,unroll_64,1,22.75,0.62157227037,False
workload_1347.cpp,xczu7ev-ffvc1156-2-e,5,150.77703,93,26,1,1,7,cyclic_128_1,block_2_1,complete_1,unroll_2,unroll_2,unroll_2,1,8.75,0.961394864273,False
workload_846.cpp,xczu7ev-ffvc1156-2-e,5,147.11627,124,26,1,2,8,cyclic_128_1,block_2_1,complete_1,unroll_2,unroll_2,unroll_4,1,9.25,0.950649983357,False
workload_1009.cpp,xczu7ev-ffvc1156-2-e,5,144.95307,187,26,1,3,10,cyclic_128_1,block_2_1,complete_1,unroll_2,unroll_2,unroll_8,1,10,0.942931034482,False
workload_1093.cpp,xczu7ev-ffvc1156-2-e,5,150.777115,86,26,1,1,7,cyclic_128_1,block_2_1,cyclic_2_1,unroll_2,unroll_2,unroll_2,1,8.75,0.961394692134,False
workload_1127.cpp,xczu7ev-ffvc1156-2-e,5,144.953115,192,27,2,3,10,cyclic_128_1,block_4_1,block_2_1,unroll_2,unroll_2,unroll_8,1,10.5,0.924878125077,False
workload_1321.cpp,xczu7ev-ffvc1156-2-e,5,147.11627,112,27,1,2,8,cyclic_128_1,block_4_1,complete_1,unroll_2,unroll_2,unroll_4,1,9.5,0.944224623504,False
workload_1349.cpp,xczu7ev-ffvc1156-2-e,5,144.95307,195,27,2,3,10,cyclic_128_1,block_4_1,complete_1,unroll_2,unroll_2,unroll_8,1,10.5,0.924878133803,False
workload_796.cpp,xczu7ev-ffvc1156-2-e,5,180.354875,60,27,1,2,9,cyclic_128_1,block_4_1,cyclic_4_1,unroll_2,unroll_2,pipeline_1,1,9.75,0.854239634942,False
workload_1041.cpp,xczu7ev-ffvc1156-2-e,5,283.885835,535,32,8,11,73,cyclic_128_1,block_64_1,block_2_1,unroll_2,unroll_4,unroll_16,1,31,0.293301107947,False
workload_765.cpp,xczu7ev-ffvc1156-2-e,5,192.46547,141,27,1,2,8,cyclic_128_1,block_8_1,complete_1,unroll_2,unroll_2,unroll_4,1,9.5,0.819676409092,False
workload_697.cpp,xczu7ev-ffvc1156-2-e,5,190.30227,215,27,2,3,10,cyclic_128_1,block_8_1,complete_1,unroll_2,unroll_2,unroll_8,1,10.5,0.812449146856,False
workload_806.cpp,xczu7ev-ffvc1156-2-e,5,225.704075,61,27,1,2,9,cyclic_128_1,block_8_1,cyclic_4_1,unroll_2,unroll_2,pipeline_1,1,9.75,0.709131046653,False
workload_807.cpp,xczu7ev-ffvc1156-2-e,5,192.465515,120,27,1,2,9,cyclic_128_1,block_8_1,cyclic_4_1,unroll_2,unroll_2,unroll_4,1,9.75,0.815113268686,False
workload_763.cpp,xczu7ev-ffvc1156-2-e,5,190.302315,216,27,2,3,10,cyclic_128_1,block_8_1,cyclic_4_1,unroll_2,unroll_2,unroll_8,1,10.5,0.812449003399,False
workload_1095.cpp,xczu7ev-ffvc1156-2-e,5,193.46383,128,27,1,1,8,cyclic_128_1,cyclic_16_1,complete_1,unroll_2,unroll_2,unroll_4,1,9.25,0.820510338269,False
workload_1106.cpp,xczu7ev-ffvc1156-2-e,5,49.543355,972,26,1,14,44,cyclic_128_1,cyclic_2_1,block_2_1,unroll_2,pipeline_1,unroll_4,1,21.25,0.667731209834,False
workload_884.cpp,xczu7ev-ffvc1156-2-e,5,164.203675,54,26,1,1,8,cyclic_128_1,cyclic_2_1,block_2_1,unroll_2,unroll_2,pipeline_1,1,9,0.919670723065,False
workload_942.cpp,xczu7ev-ffvc1156-2-e,5,186.553115,117,26,1,3,22,cyclic_128_1,cyclic_2_1,block_2_1,unroll_2,unroll_2,unroll_32,1,13,0.786988611376,False
workload_1126.cpp,xczu7ev-ffvc1156-2-e,5,148.114715,119,26,1,1,7,cyclic_128_1,cyclic_2_1,block_2_1,unroll_2,unroll_2,unroll_4,1,8.75,0.966270876386,False
workload_1004.cpp,xczu7ev-ffvc1156-2-e,5,144.953115,178,26,1,2,8,cyclic_128_1,cyclic_2_1,block_2_1,unroll_2,unroll_2,unroll_8,1,9.25,0.950620497414,False
workload_974.cpp,xczu7ev-ffvc1156-2-e,5,187.717895,151,26,1,3,34,cyclic_128_1,cyclic_2_1,block_2_1,unroll_4,unroll_2,unroll_16,1,16,0.72194825411,False
workload_1299.cpp,xczu7ev-ffvc1156-2-e,5,49.54331,903,26,1,14,44,cyclic_128_1,cyclic_2_1,complete_1,unroll_2,pipeline_1,pipeline_1,1,21.25,0.667731173324,False
workload_1246.cpp,xczu7ev-ffvc1156-2-e,5,49.54331,913,26,1,14,44,cyclic_128_1,cyclic_2_1,complete_1,unroll_2,pipeline_1,unroll_4,1,21.25,0.667731173324,False
workload_1361.cpp,xczu7ev-ffvc1156-2-e,5,49.54331,1000,26,1,14,44,cyclic_128_1,cyclic_2_1,complete_1,unroll_2,pipeline_1,unroll_8,1,21.25,0.667731173324,False
workload_1121.cpp,xczu7ev-ffvc1156-2-e,5,164.20359,48,26,1,1,8,cyclic_128_1,cyclic_2_1,complete_1,unroll_2,unroll_2,pipeline_1,1,9,0.919670992293,False
workload_963.cpp,xczu7ev-ffvc1156-2-e,5,187.71787,87,26,1,2,18,cyclic_128_1,cyclic_2_1,complete_1,unroll_2,unroll_2,unroll_16,1,11.75,0.800929172767,False
workload_1320.cpp,xczu7ev-ffvc1156-2-e,5,150.77703,91,26,1,1,6,cyclic_128_1,cyclic_2_1,complete_1,unroll_2,unroll_2,unroll_2,1,8.5,0.965546405213,False
workload_1348.cpp,xczu7ev-ffvc1156-2-e,5,186.55307,131,26,1,3,22,cyclic_128_1,cyclic_2_1,complete_1,unroll_2,unroll_2,unroll_32,1,13,0.786988732305,False
workload_1220.cpp,xczu7ev-ffvc1156-2-e,5,148.11463,122,26,1,1,7,cyclic_128_1,cyclic_2_1,complete_1,unroll_2,unroll_2,unroll_4,1,8.75,0.966271015799,False
workload_896.cpp,xczu7ev-ffvc1156-2-e,5,144.95307,190,26,1,2,8,cyclic_128_1,cyclic_2_1,complete_1,unroll_2,unroll_2,unroll_8,1,9.25,0.950620475112,False
workload_1240.cpp,xczu7ev-ffvc1156-2-e,5,259.38395,154,26,1,3,33,cyclic_128_1,cyclic_2_1,complete_1,unroll_2,unroll_4,unroll_16,1,15.75,0.550897161317,False
workload_1132.cpp,xczu7ev-ffvc1156-2-e,5,216.04571,675,26,1,3,13,cyclic_128_1,cyclic_2_1,complete_1,unroll_2,unroll_4,unroll_8,1,10.75,0.727148865063,False
workload_1272.cpp,xczu7ev-ffvc1156-2-e,5,148.114715,117,26,1,1,7,cyclic_128_1,cyclic_2_1,cyclic_2_1,unroll_2,unroll_2,unroll_4,1,8.75,0.966270876386,False
workload_1034.cpp,xczu7ev-ffvc1156-2-e,5,144.953115,179,26,1,2,8,cyclic_128_1,cyclic_2_1,cyclic_2_1,unroll_2,unroll_2,unroll_8,1,9.25,0.950620497414,False
workload_1031.cpp,xczu7ev-ffvc1156-2-e,5,148.114715,115,27,1,1,7,cyclic_128_1,cyclic_4_1,block_2_1,unroll_2,unroll_2,unroll_4,1,9,0.959210609852,False
workload_1098.cpp,xczu7ev-ffvc1156-2-e,5,144.953115,184,27,1,2,8,cyclic_128_1,cyclic_4_1,block_2_1,unroll_2,unroll_2,unroll_8,1,9.5,0.945183729464,False
workload_1035.cpp,xczu7ev-ffvc1156-2-e,5,144.95307,179,27,1,2,8,cyclic_128_1,cyclic_4_1,complete_1,unroll_2,unroll_2,unroll_8,1,9.5,0.945183731227,False
workload_1003.cpp,xczu7ev-ffvc1156-2-e,5,144.953115,175,27,1,2,8,cyclic_128_1,cyclic_4_1,cyclic_2_1,unroll_2,unroll_2,unroll_8,1,9.5,0.945183729464,False
workload_1217.cpp,xczu7ev-ffvc1156-2-e,5,190.30227,68,28,2,3,10,cyclic_16_1,block_16_1,complete_1,unroll_2,unroll_2,unroll_8,1,10.75,0.808706583158,False
workload_1073.cpp,xczu7ev-ffvc1156-2-e,5,49.544035,953,33,1,13,43,cyclic_16_1,block_2_1,block_2_1,unroll_2,pipeline_1,unroll_16,1,22.5,0.629174574604,False
workload_914.cpp,xczu7ev-ffvc1156-2-e,5,164.380475,41,26,1,2,5,cyclic_16_1,block_2_1,block_2_1,unroll_2,unroll_2,pipeline_1,1,8.5,0.930507941203,False
workload_850.cpp,xczu7ev-ffvc1156-2-e,5,143.247515,142,26,1,9,17,cyclic_16_1,block_2_1,block_2_1,unroll_2,unroll_2,unroll_32,1,13.25,0.869595291814,False
workload_1039.cpp,xczu7ev-ffvc1156-2-e,5,143.018715,317,26,1,18,31,cyclic_16_1,block_2_1,block_2_1,unroll_2,unroll_2,unroll_64,1,19,0.759653107055,False
workload_1158.cpp,xczu7ev-ffvc1156-2-e,5,144.953115,65,26,1,3,8,cyclic_16_1,block_2_1,block_2_1,unroll_2,unroll_2,unroll_8,1,9.5,0.945183729464,False
workload_1296.cpp,xczu7ev-ffvc1156-2-e,5,49.54399,854,33,1,13,43,cyclic_16_1,block_2_1,complete_1,unroll_2,pipeline_1,unroll_16,1,22.5,0.629174538631,False
workload_1102.cpp,xczu7ev-ffvc1156-2-e,5,49.54399,924,33,1,13,43,cyclic_16_1,block_2_1,complete_1,unroll_2,pipeline_1,unroll_8,1,22.5,0.629174538631,False
workload_1372.cpp,xczu7ev-ffvc1156-2-e,5,147.11627,45,26,1,2,7,cyclic_16_1,block_2_1,complete_1,unroll_2,unroll_2,unroll_4,1,9,0.960294892638,False
workload_946.cpp,xczu7ev-ffvc1156-2-e,5,143.01867,297,26,1,18,31,cyclic_16_1,block_2_1,complete_1,unroll_2,unroll_2,unroll_64,1,19,0.759653106821,False
workload_1186.cpp,xczu7ev-ffvc1156-2-e,5,144.95307,66,26,1,3,8,cyclic_16_1,block_2_1,complete_1,unroll_2,unroll_2,unroll_8,1,9.5,0.945183731227,False
workload_1189.cpp,xczu7ev-ffvc1156-2-e,5,214.04987,826,26,1,35,58,cyclic_16_1,block_2_1,complete_1,unroll_2,unroll_4,unroll_64,1,30,0.384455651829,False
workload_1331.cpp,xczu7ev-ffvc1156-2-e,5,49.543355,957,33,1,13,43,cyclic_16_1,block_2_1,cyclic_2_1,unroll_2,pipeline_1,pipeline_1,1,22.5,0.629174031001,False
workload_1324.cpp,xczu7ev-ffvc1156-2-e,5,49.543355,819,33,1,13,43,cyclic_16_1,block_2_1,cyclic_2_1,unroll_2,pipeline_1,unroll_4,1,22.5,0.629174031001,False
workload_1262.cpp,xczu7ev-ffvc1156-2-e,5,49.54467,1168,36,1,32,61,cyclic_16_1,block_4_1,complete_1,unroll_2,pipeline_1,unroll_32,1,32.5,0.460170589265,False
workload_1075.cpp,xczu7ev-ffvc1156-2-e,5,49.543355,978,26,1,13,43,cyclic_16_1,cyclic_2_1,block_2_1,unroll_2,pipeline_1,unroll_8,1,20.75,0.682880662798,False
workload_1374.cpp,xczu7ev-ffvc1156-2-e,5,187.717915,65,26,1,2,7,cyclic_16_1,cyclic_2_1,block_2_1,unroll_2,unroll_2,unroll_16,1,9,0.843584558521,False
workload_1280.cpp,xczu7ev-ffvc1156-2-e,5,49.54331,961,26,1,13,43,cyclic_16_1,cyclic_2_1,complete_1,unroll_2,pipeline_1,unroll_16,1,20.75,0.68288069344,False
workload_1231.cpp,xczu7ev-ffvc1156-2-e,5,49.54331,971,26,1,13,43,cyclic_16_1,cyclic_2_1,complete_1,unroll_2,pipeline_1,unroll_2,1,20.75,0.68288069344,False
workload_1278.cpp,xczu7ev-ffvc1156-2-e,5,49.54331,824,26,1,13,43,cyclic_16_1,cyclic_2_1,complete_1,unroll_2,pipeline_1,unroll_32,1,20.75,0.68288069344,False
workload_1297.cpp,xczu7ev-ffvc1156-2-e,5,49.54331,874,26,1,13,43,cyclic_16_1,cyclic_2_1,complete_1,unroll_2,pipeline_1,unroll_4,2,20.75,0.68288069344,False
workload_1196.cpp,xczu7ev-ffvc1156-2-e,5,49.54331,996.5,26,1,13,43,cyclic_16_1,cyclic_2_1,complete_1,unroll_2,pipeline_1,unroll_8,2,20.75,0.68288069344,False
workload_1241.cpp,xczu7ev-ffvc1156-2-e,5,204.02503,47,26,1,1,5,cyclic_16_1,cyclic_2_1,complete_1,unroll_2,unroll_2,unroll_2,1,8.25,0.79442302107,False
workload_844.cpp,xczu7ev-ffvc1156-2-e,5,194.70663,48,26,1,1,6,cyclic_16_1,cyclic_2_1,complete_1,unroll_2,unroll_2,unroll_4,1,8.5,0.825448972788,False
workload_1090.cpp,xczu7ev-ffvc1156-2-e,5,190.04747,51,26,1,2,7,cyclic_16_1,cyclic_2_1,complete_1,unroll_2,unroll_2,unroll_8,1,9,0.835706464629,False
workload_1340.cpp,xczu7ev-ffvc1156-2-e,5,49.54325,3132.5,26,1,26,81,cyclic_16_1,cyclic_2_1,complete_1,unroll_4,pipeline_1,unroll_8,2,33.5,0.44585002209,False
workload_1354.cpp,xczu7ev-ffvc1156-2-e,5,49.543355,994,26,1,13,43,cyclic_16_1,cyclic_2_1,cyclic_2_1,unroll_2,pipeline_1,unroll_2,1,20.75,0.682880662798,False
workload_1384.cpp,xczu7ev-ffvc1156-2-e,5,49.543355,993,26,1,13,43,cyclic_16_1,cyclic_2_1,cyclic_2_1,unroll_2,pipeline_1,unroll_8,1,20.75,0.682880662798,False
workload_852.cpp,xczu7ev-ffvc1156-2-e,5,278.021735,89,26,1,4,16,cyclic_16_1,cyclic_2_1,cyclic_2_1,unroll_4,unroll_8,pipeline_1,1,11.75,0.536081325879,False
workload_1255.cpp,xczu7ev-ffvc1156-2-e,5,49.54331,1100,31,2,15,46,cyclic_16_1,cyclic_4_1,complete_1,unroll_2,pipeline_1,unroll_16,1,23.5,0.5990033255,False
workload_1017.cpp,xczu7ev-ffvc1156-2-e,5,49.54331,995.5,31,2,15,46,cyclic_16_1,cyclic_4_1,complete_1,unroll_2,pipeline_1,unroll_8,2,23.5,0.5990033255,False
workload_971.cpp,xczu7ev-ffvc1156-2-e,5,185.97067,165,27,1,4,20,cyclic_16_1,cyclic_4_1,complete_1,unroll_2,unroll_2,unroll_64,1,13,0.788551513735,False
workload_975.cpp,xczu7ev-ffvc1156-2-e,5,185.970715,159,27,1,4,20,cyclic_16_1,cyclic_4_1,cyclic_2_1,unroll_2,unroll_2,unroll_64,1,13,0.788551393164,False
workload_944.cpp,xczu7ev-ffvc1156-2-e,5,327.18179,160,28,1,4,23,cyclic_16_1,cyclic_8_1,complete_1,unroll_2,unroll_4,unroll_32,1,14,0.402347741262,False
workload_1282.cpp,xczu7ev-ffvc1156-2-e,5,49.392425,1449,41,1,48,82,cyclic_2_1,block_128_1,complete_1,unroll_2,pipeline_1,pipeline_1,1,43,0.263319638118,False
workload_969.cpp,xczu7ev-ffvc1156-2-e,5,209.40199,65,41,1,2,12,cyclic_2_1,block_128_1,cyclic_2_1,unroll_2,unroll_2,pipeline_1,1,14,0.707836998157,False
workload_1022.cpp,xczu7ev-ffvc1156-2-e,5,49.21635,931,24,1,13,46,cyclic_2_1,block_2_1,block_2_1,unroll_2,pipeline_1,pipeline_1,1,21,0.675261045422,False
workload_1051.cpp,xczu7ev-ffvc1156-2-e,5,49.21635,930,24,1,13,46,cyclic_2_1,block_2_1,block_2_1,unroll_2,pipeline_1,unroll_16,1,21,0.675261045422,False
workload_1016.cpp,xczu7ev-ffvc1156-2-e,5,49.21635,914,24,1,13,46,cyclic_2_1,block_2_1,block_2_1,unroll_2,pipeline_1,unroll_4,1,21,0.675261045422,False
workload_1078.cpp,xczu7ev-ffvc1156-2-e,5,49.21635,1033,24,1,13,46,cyclic_2_1,block_2_1,block_2_1,unroll_2,pipeline_1,unroll_64,1,21,0.675261045422,False
workload_1107.cpp,xczu7ev-ffvc1156-2-e,5,49.21635,1000,24,1,13,46,cyclic_2_1,block_2_1,block_2_1,unroll_2,pipeline_1,unroll_8,1,21,0.675261045422,False
workload_812.cpp,xczu7ev-ffvc1156-2-e,5,143.46063,84,24,1,5,10,cyclic_2_1,block_2_1,block_2_1,unroll_2,unroll_2,unroll_16,1,10,0.945185523701,False
workload_1099.cpp,xczu7ev-ffvc1156-2-e,5,150.44943,45,24,1,1,4,cyclic_2_1,block_2_1,block_2_1,unroll_2,unroll_2,unroll_2,1,7.5,0.999999656534,False
workload_1096.cpp,xczu7ev-ffvc1156-2-e,5,142.96143,139,24,1,9,17,cyclic_2_1,block_2_1,block_2_1,unroll_2,unroll_2,unroll_32,1,12.75,0.88951319602,False
workload_1027.cpp,xczu7ev-ffvc1156-2-e,5,147.12143,49,24,1,2,5,cyclic_2_1,block_2_1,block_2_1,unroll_2,unroll_2,unroll_4,1,8,0.986679811174,False
workload_1010.cpp,xczu7ev-ffvc1156-2-e,5,142.71183,313,24,1,18,31,cyclic_2_1,block_2_1,block_2_1,unroll_2,unroll_2,unroll_64,1,18.5,0.778187472089,False
workload_919.cpp,xczu7ev-ffvc1156-2-e,5,144.79183,55,24,1,3,7,cyclic_2_1,block_2_1,block_2_1,unroll_2,unroll_2,unroll_8,1,8.75,0.970984433383,False
workload_926.cpp,xczu7ev-ffvc1156-2-e,5,251.56415,48,24,1,3,7,cyclic_2_1,block_2_1,block_2_1,unroll_2,unroll_4,pipeline_1,1,8.75,0.635061483977,False
workload_1215.cpp,xczu7ev-ffvc1156-2-e,5,220.87135,47,24,1,2,6,cyclic_2_1,block_2_1,block_2_1,unroll_2,unroll_4,unroll_2,1,8.25,0.736394574941,False
workload_1038.cpp,xczu7ev-ffvc1156-2-e,5,142.71183,317,24,1,18,31,cyclic_2_1,block_2_1,block_4_1,unroll_2,unroll_2,unroll_64,1,18.5,0.778187472089,False
workload_1326.cpp,xczu7ev-ffvc1156-2-e,5,49.216305,874.5,24,1,13,46,cyclic_2_1,block_2_1,complete_1,unroll_2,pipeline_1,pipeline_1,2,21,0.675261003626,False
workload_1232.cpp,xczu7ev-ffvc1156-2-e,5,49.216305,1039,24,1,13,46,cyclic_2_1,block_2_1,complete_1,unroll_2,pipeline_1,unroll_32,1,21,0.675261003626,False
workload_1076.cpp,xczu7ev-ffvc1156-2-e,5,49.216305,1000.5,24,1,13,46,cyclic_2_1,block_2_1,complete_1,unroll_2,pipeline_1,unroll_4,2,21,0.675261003626,False
workload_1056.cpp,xczu7ev-ffvc1156-2-e,5,49.216305,1000,24,1,13,46,cyclic_2_1,block_2_1,complete_1,unroll_2,pipeline_1,unroll_64,2,21,0.675261003626,False
workload_1079.cpp,xczu7ev-ffvc1156-2-e,5,49.216305,932.5,24,1,13,46,cyclic_2_1,block_2_1,complete_1,unroll_2,pipeline_1,unroll_8,2,21,0.675261003626,False
workload_965.cpp,xczu7ev-ffvc1156-2-e,5,164.052705,43,24,1,2,5,cyclic_2_1,block_2_1,complete_1,unroll_2,unroll_2,pipeline_1,1,8,0.941929618721,False
workload_1124.cpp,xczu7ev-ffvc1156-2-e,5,143.460585,75,24,1,5,10,cyclic_2_1,block_2_1,complete_1,unroll_2,unroll_2,unroll_16,1,10,1,True
workload_1213.cpp,xczu7ev-ffvc1156-2-e,5,150.449345,44,24,1,1,4,cyclic_2_1,block_2_1,complete_1,unroll_2,unroll_2,unroll_2,1,7.5,1,True
workload_1005.cpp,xczu7ev-ffvc1156-2-e,5,142.961385,140,24,1,9,17,cyclic_2_1,block_2_1,complete_1,unroll_2,unroll_2,unroll_32,1,12.75,1,True
workload_932.cpp,xczu7ev-ffvc1156-2-e,5,147.121385,50,24,1,2,5,cyclic_2_1,block_2_1,complete_1,unroll_2,unroll_2,unroll_4,1,8,0.986679853629,False
workload_899.cpp,xczu7ev-ffvc1156-2-e,5,142.711785,295,24,1,18,31,cyclic_2_1,block_2_1,complete_1,unroll_2,unroll_2,unroll_64,1,18.5,1,True
workload_1007.cpp,xczu7ev-ffvc1156-2-e,5,144.791785,53,24,1,3,7,cyclic_2_1,block_2_1,complete_1,unroll_2,unroll_2,unroll_8,1,8.75,1,True
workload_991.cpp,xczu7ev-ffvc1156-2-e,5,219.181705,57,24,1,3,8,cyclic_2_1,block_2_1,complete_1,unroll_2,unroll_4,unroll_4,1,9,0.737434634127,False
workload_1155.cpp,xczu7ev-ffvc1156-2-e,5,143.086125,319,24,1,18,31,cyclic_2_1,block_2_1,complete_1,unroll_4,unroll_2,unroll_32,1,18.5,0.777573332342,False
workload_1307.cpp,xczu7ev-ffvc1156-2-e,5,49.21567,1022,24,1,13,46,cyclic_2_1,block_2_1,cyclic_2_1,unroll_2,pipeline_1,pipeline_1,1,21,0.675260413713,False
workload_1165.cpp,xczu7ev-ffvc1156-2-e,5,49.21567,942,24,1,13,46,cyclic_2_1,block_2_1,cyclic_2_1,unroll_2,pipeline_1,unroll_16,1,21,0.675260413713,False
workload_1077.cpp,xczu7ev-ffvc1156-2-e,5,49.21567,1017,24,1,13,46,cyclic_2_1,block_2_1,cyclic_2_1,unroll_2,pipeline_1,unroll_2,1,21,0.675260413713,False
workload_1309.cpp,xczu7ev-ffvc1156-2-e,5,49.21567,1049,24,1,13,46,cyclic_2_1,block_2_1,cyclic_2_1,unroll_2,pipeline_1,unroll_64,1,21,0.675260413713,False
workload_1251.cpp,xczu7ev-ffvc1156-2-e,5,49.21567,1022,24,1,13,46,cyclic_2_1,block_2_1,cyclic_2_1,unroll_2,pipeline_1,unroll_8,1,21,0.675260413713,False
workload_1275.cpp,xczu7ev-ffvc1156-2-e,5,143.46063,85,24,1,5,10,cyclic_2_1,block_2_1,cyclic_2_1,unroll_2,unroll_2,unroll_16,1,10,0.945185523701,False
workload_1061.cpp,xczu7ev-ffvc1156-2-e,5,150.44943,43,24,1,1,4,cyclic_2_1,block_2_1,cyclic_2_1,unroll_2,unroll_2,unroll_2,1,7.5,0.999999656534,False
workload_1154.cpp,xczu7ev-ffvc1156-2-e,5,142.71183,319,24,1,18,31,cyclic_2_1,block_2_1,cyclic_2_1,unroll_2,unroll_2,unroll_64,1,18.5,0.778187472089,False
workload_1216.cpp,xczu7ev-ffvc1156-2-e,5,144.79183,61,24,1,3,7,cyclic_2_1,block_2_1,cyclic_2_1,unroll_2,unroll_2,unroll_8,1,8.75,0.970984433383,False
workload_1120.cpp,xczu7ev-ffvc1156-2-e,5,220.87135,45,24,1,2,6,cyclic_2_1,block_2_1,cyclic_2_1,unroll_2,unroll_4,unroll_2,1,8.25,0.736394574941,False
workload_1167.cpp,xczu7ev-ffvc1156-2-e,5,49.21635,1030,24,1,13,46,cyclic_2_1,block_2_1,cyclic_4_1,unroll_2,pipeline_1,unroll_64,1,21,0.675261045422,False
workload_829.cpp,xczu7ev-ffvc1156-2-e,5,413.52703,1579,25,30,48,82,cyclic_2_1,block_4_1,block_2_1,unroll_2,unroll_64,unroll_4,1,46.25,0.1,False
workload_1081.cpp,xczu7ev-ffvc1156-2-e,5,49.216985,1116,25,1,31,64,cyclic_2_1,block_4_1,complete_1,unroll_2,pipeline_1,pipeline_1,1,30.25,0.482745625064,False
workload_1194.cpp,xczu7ev-ffvc1156-2-e,5,49.216985,1006,25,1,31,64,cyclic_2_1,block_4_1,complete_1,unroll_2,pipeline_1,unroll_8,1,30.25,0.482745625064,False
workload_1319.cpp,xczu7ev-ffvc1156-2-e,5,150.449345,40,25,1,1,4,cyclic_2_1,block_4_1,complete_1,unroll_2,unroll_2,unroll_2,1,7.75,0.989261188155,False
workload_1152.cpp,xczu7ev-ffvc1156-2-e,5,147.121385,47,25,1,2,5,cyclic_2_1,block_4_1,complete_1,unroll_2,unroll_2,unroll_4,1,8.25,0.977218872303,False
workload_1029.cpp,xczu7ev-ffvc1156-2-e,5,144.791785,58,25,2,3,7,cyclic_2_1,block_4_1,complete_1,unroll_2,unroll_2,unroll_8,1,9.25,0.950534549841,False
workload_1346.cpp,xczu7ev-ffvc1156-2-e,5,216.309385,86,25,4,6,11,cyclic_2_1,block_4_1,complete_1,unroll_2,unroll_4,unroll_8,1,11.5,0.717402712157,False
workload_1359.cpp,xczu7ev-ffvc1156-2-e,5,142.774125,1054,25,30,36,56,cyclic_2_1,block_4_1,complete_1,unroll_4,unroll_2,unroll_64,1,36.75,0.315590575039,False
workload_678.cpp,xczu7ev-ffvc1156-2-e,5,413.52703,2040,25,30,48,82,cyclic_2_1,block_4_1,cyclic_2_1,unroll_2,unroll_64,unroll_4,1,46.25,0.1,False
workload_712.cpp,xczu7ev-ffvc1156-2-e,5,232.73943,71,26,1,2,11,cyclic_2_1,cyclic_16_1,block_2_1,unroll_2,unroll_2,unroll_16,1,10,0.684409886578,False
workload_802.cpp,xczu7ev-ffvc1156-2-e,5,232.73943,69,26,1,2,11,cyclic_2_1,cyclic_16_1,cyclic_2_1,unroll_2,unroll_2,unroll_16,1,10,0.684409886578,False
workload_1206.cpp,xczu7ev-ffvc1156-2-e,5,49.21567,1051,24,1,13,47,cyclic_2_1,cyclic_2_1,block_2_1,unroll_2,pipeline_1,unroll_4,1,21.25,0.667448943396,False
workload_992.cpp,xczu7ev-ffvc1156-2-e,5,187.39023,64,24,1,1,7,cyclic_2_1,cyclic_2_1,block_2_1,unroll_2,unroll_2,unroll_16,1,8.25,0.853752083459,False
workload_1164.cpp,xczu7ev-ffvc1156-2-e,5,203.69743,42,24,1,1,4,cyclic_2_1,cyclic_2_1,block_2_1,unroll_2,unroll_2,unroll_2,1,7.5,0.797696278491,False
workload_1094.cpp,xczu7ev-ffvc1156-2-e,5,185.64303,161,24,1,3,19,cyclic_2_1,cyclic_2_1,block_2_1,unroll_2,unroll_2,unroll_64,1,11.75,0.806845621594,False
workload_1172.cpp,xczu7ev-ffvc1156-2-e,5,49.215625,992,24,1,13,47,cyclic_2_1,cyclic_2_1,complete_1,unroll_2,pipeline_1,unroll_16,1,21.25,0.667448902376,False
workload_1330.cpp,xczu7ev-ffvc1156-2-e,5,49.215625,1046.5,24,1,13,47,cyclic_2_1,cyclic_2_1,complete_1,unroll_2,pipeline_1,unroll_4,2,21.25,0.667448902376,False
workload_1226.cpp,xczu7ev-ffvc1156-2-e,5,49.215625,859,24,1,13,47,cyclic_2_1,cyclic_2_1,complete_1,unroll_2,pipeline_1,unroll_8,1,21.25,0.667448902376,False
workload_952.cpp,xczu7ev-ffvc1156-2-e,5,163.875905,39,24,1,1,4,cyclic_2_1,cyclic_2_1,complete_1,unroll_2,unroll_2,pipeline_1,1,7.5,0.946563918669,False
workload_1008.cpp,xczu7ev-ffvc1156-2-e,5,187.390185,61,24,1,2,7,cyclic_2_1,cyclic_2_1,complete_1,unroll_2,unroll_2,unroll_16,1,8.5,0.851341891769,False
workload_1247.cpp,xczu7ev-ffvc1156-2-e,5,203.697345,47,24,1,1,4,cyclic_2_1,cyclic_2_1,complete_1,unroll_2,unroll_2,unroll_2,1,7.5,0.7976965809,False
workload_1064.cpp,xczu7ev-ffvc1156-2-e,5,186.225385,90,24,1,2,11,cyclic_2_1,cyclic_2_1,complete_1,unroll_2,unroll_2,unroll_32,1,9.5,0.83957198619,False
workload_1268.cpp,xczu7ev-ffvc1156-2-e,5,194.378945,41,24,1,1,4,cyclic_2_1,cyclic_2_1,complete_1,unroll_2,unroll_2,unroll_4,1,7.5,0.831243048767,False
workload_1254.cpp,xczu7ev-ffvc1156-2-e,5,185.642985,168,24,1,3,19,cyclic_2_1,cyclic_2_1,complete_1,unroll_2,unroll_2,unroll_64,1,11.75,0.806845749186,False
workload_1089.cpp,xczu7ev-ffvc1156-2-e,5,189.719785,48,24,1,1,5,cyclic_2_1,cyclic_2_1,complete_1,unroll_2,unroll_2,unroll_8,1,7.75,0.847978598259,False
workload_1341.cpp,xczu7ev-ffvc1156-2-e,5,49.215565,3181,24,1,25,83,cyclic_2_1,cyclic_2_1,complete_1,unroll_4,pipeline_1,unroll_8,1,33.25,0.44997778682,False
workload_1026.cpp,xczu7ev-ffvc1156-2-e,5,179.85039,41,24,1,1,4,cyclic_2_1,cyclic_2_1,cyclic_2_1,unroll_2,unroll_2,pipeline_1,1,7.5,0.885117585694,False
workload_1239.cpp,xczu7ev-ffvc1156-2-e,5,203.69743,39,24,1,1,4,cyclic_2_1,cyclic_2_1,cyclic_2_1,unroll_2,unroll_2,unroll_2,1,7.5,0.797696278491,False
workload_1020.cpp,xczu7ev-ffvc1156-2-e,5,49.21567,1067,25,1,15,49,cyclic_2_1,cyclic_4_1,block_2_1,unroll_2,pipeline_1,pipeline_1,1,22.5,0.62890732717,False
workload_1054.cpp,xczu7ev-ffvc1156-2-e,5,49.21567,1128,25,1,15,49,cyclic_2_1,cyclic_4_1,block_2_1,unroll_2,pipeline_1,unroll_2,1,22.5,0.62890732717,False
workload_887.cpp,xczu7ev-ffvc1156-2-e,5,163.87599,39,25,1,1,4,cyclic_2_1,cyclic_4_1,block_2_1,unroll_2,unroll_2,pipeline_1,1,7.75,0.945536959372,False
workload_838.cpp,xczu7ev-ffvc1156-2-e,5,187.39023,65,25,1,2,8,cyclic_2_1,cyclic_4_1,block_2_1,unroll_2,unroll_2,unroll_16,1,9,0.844690218258,False
workload_940.cpp,xczu7ev-ffvc1156-2-e,5,186.22541,156,25,1,4,21,cyclic_2_1,cyclic_4_1,block_2_1,unroll_4,unroll_2,unroll_32,1,12.75,0.792013361955,False
workload_1049.cpp,xczu7ev-ffvc1156-2-e,5,49.215625,1098,25,1,15,49,cyclic_2_1,cyclic_4_1,complete_1,unroll_2,pipeline_1,pipeline_1,2,22.5,0.628907289894,False
workload_1111.cpp,xczu7ev-ffvc1156-2-e,5,49.215625,1139,25,1,15,49,cyclic_2_1,cyclic_4_1,complete_1,unroll_2,pipeline_1,unroll_4,1,22.5,0.628907289894,False
workload_1145.cpp,xczu7ev-ffvc1156-2-e,5,49.215625,1095,25,1,15,49,cyclic_2_1,cyclic_4_1,complete_1,unroll_2,pipeline_1,unroll_64,1,22.5,0.628907289894,False
workload_1171.cpp,xczu7ev-ffvc1156-2-e,5,49.215625,1153,25,1,15,49,cyclic_2_1,cyclic_4_1,complete_1,unroll_2,pipeline_1,unroll_8,1,22.5,0.628907289894,False
workload_890.cpp,xczu7ev-ffvc1156-2-e,5,171.863105,40.5,25,1,1,4,cyclic_2_1,cyclic_4_1,complete_1,unroll_2,unroll_2,pipeline_1,2,7.75,0.914915981082,False
workload_1067.cpp,xczu7ev-ffvc1156-2-e,5,185.642985,170,25,1,3,20,cyclic_2_1,cyclic_4_1,complete_1,unroll_2,unroll_2,unroll_64,1,12.25,0.800918648265,False
workload_918.cpp,xczu7ev-ffvc1156-2-e,5,189.719785,52,25,1,1,6,cyclic_2_1,cyclic_4_1,complete_1,unroll_2,unroll_2,unroll_8,1,8.25,0.845344953588,False
workload_923.cpp,xczu7ev-ffvc1156-2-e,5,163.87599,41,25,1,1,4,cyclic_2_1,cyclic_4_1,cyclic_2_1,unroll_2,unroll_2,pipeline_1,1,7.75,0.945536959372,False
workload_761.cpp,xczu7ev-ffvc1156-2-e,5,302.31807,158,25,1,4,22,cyclic_2_1,cyclic_4_1,cyclic_2_1,unroll_2,unroll_8,unroll_16,1,13,0.466772403188,False
workload_900.cpp,xczu7ev-ffvc1156-2-e,5,301.09951,324,25,1,7,38,cyclic_2_1,cyclic_4_1,cyclic_2_1,unroll_2,unroll_8,unroll_32,1,17.75,0.438289655156,False
workload_882.cpp,xczu7ev-ffvc1156-2-e,5,304.75519,85,25,1,3,14,cyclic_2_1,cyclic_4_1,cyclic_2_1,unroll_2,unroll_8,unroll_8,1,10.75,0.474393823725,False
workload_1032.cpp,xczu7ev-ffvc1156-2-e,5,209.225105,41,26,1,1,4,cyclic_2_1,cyclic_8_1,complete_1,unroll_2,unroll_2,pipeline_1,1,8,0.777322656453,False
workload_947.cpp,xczu7ev-ffvc1156-2-e,5,209.719145,895,43,2,11,70,cyclic_32_1,block_128_1,block_2_1,unroll_17,unroll_2,pipeline_1,1,31.5,0.355067520284,False
workload_847.cpp,xczu7ev-ffvc1156-2-e,5,209.729655,132,43,1,3,22,cyclic_32_1,block_128_1,block_2_1,unroll_4,unroll_2,pipeline_1,1,17.25,0.66023923406,False
workload_1335.cpp,xczu7ev-ffvc1156-2-e,5,49.72011,1438,51,1,49,79,cyclic_32_1,block_128_1,complete_1,unroll_2,pipeline_1,unroll_4,1,45,0.230078295876,False
workload_1137.cpp,xczu7ev-ffvc1156-2-e,5,49.544035,910,33,1,13,43,cyclic_32_1,block_2_1,block_2_1,unroll_2,pipeline_1,pipeline_1,1,22.5,0.629174574604,False
workload_1138.cpp,xczu7ev-ffvc1156-2-e,5,49.544035,912,33,1,13,43,cyclic_32_1,block_2_1,block_2_1,unroll_2,pipeline_1,unroll_4,1,22.5,0.629174574604,False
workload_842.cpp,xczu7ev-ffvc1156-2-e,5,164.380475,47,26,1,2,6,cyclic_32_1,block_2_1,block_2_1,unroll_2,unroll_2,pipeline_1,1,8.75,0.923780606796,False
workload_993.cpp,xczu7ev-ffvc1156-2-e,5,144.953115,67,26,1,3,10,cyclic_32_1,block_2_1,block_2_1,unroll_2,unroll_2,unroll_8,1,10,0.942930964263,False
workload_1048.cpp,xczu7ev-ffvc1156-2-e,5,49.54399,870,33,1,13,43,cyclic_32_1,block_2_1,complete_1,unroll_2,pipeline_1,unroll_8,1,22.5,0.629174538631,False
workload_955.cpp,xczu7ev-ffvc1156-2-e,5,164.38039,42,26,1,2,6,cyclic_32_1,block_2_1,complete_1,unroll_2,unroll_2,pipeline_1,1,8.75,0.923780844235,False
workload_925.cpp,xczu7ev-ffvc1156-2-e,5,143.70507,87,26,1,6,13,cyclic_32_1,block_2_1,complete_1,unroll_2,unroll_2,unroll_16,1,11.5,0.889414716069,False
workload_990.cpp,xczu7ev-ffvc1156-2-e,5,150.77703,42,26,1,1,5,cyclic_32_1,block_2_1,complete_1,unroll_2,unroll_2,unroll_2,1,8.25,0.974323491213,False
workload_1028.cpp,xczu7ev-ffvc1156-2-e,5,147.11627,55,26,1,2,8,cyclic_32_1,block_2_1,complete_1,unroll_2,unroll_2,unroll_4,1,9.25,0.950649983357,False
workload_823.cpp,xczu7ev-ffvc1156-2-e,5,143.01867,300,26,1,18,31,cyclic_32_1,block_2_1,complete_1,unroll_2,unroll_2,unroll_64,1,19,0.759653106821,False
workload_753.cpp,xczu7ev-ffvc1156-2-e,5,243.78167,53.5,26,1,3,9,cyclic_32_1,block_2_1,complete_1,unroll_2,unroll_4,pipeline_1,2,9.75,0.652724485305,False
workload_1046.cpp,xczu7ev-ffvc1156-2-e,5,49.543355,932,33,1,13,43,cyclic_32_1,block_2_1,cyclic_2_1,unroll_2,pipeline_1,unroll_16,1,22.5,0.629174031001,False
workload_978.cpp,xczu7ev-ffvc1156-2-e,5,49.543355,882,33,1,13,43,cyclic_32_1,block_2_1,cyclic_2_1,unroll_2,pipeline_1,unroll_2,1,22.5,0.629174031001,False
workload_1139.cpp,xczu7ev-ffvc1156-2-e,5,49.543355,973,33,1,13,43,cyclic_32_1,block_2_1,cyclic_2_1,unroll_2,pipeline_1,unroll_32,1,22.5,0.629174031001,False
workload_1069.cpp,xczu7ev-ffvc1156-2-e,5,49.543355,936,33,1,13,43,cyclic_32_1,block_2_1,cyclic_2_1,unroll_2,pipeline_1,unroll_4,1,22.5,0.629174031001,False
workload_1103.cpp,xczu7ev-ffvc1156-2-e,5,49.543355,942,33,1,13,43,cyclic_32_1,block_2_1,cyclic_2_1,unroll_2,pipeline_1,unroll_64,1,22.5,0.629174031001,False
workload_1019.cpp,xczu7ev-ffvc1156-2-e,5,49.543355,872,33,1,13,43,cyclic_32_1,block_2_1,cyclic_2_1,unroll_2,pipeline_1,unroll_8,1,22.5,0.629174031001,False
workload_883.cpp,xczu7ev-ffvc1156-2-e,5,164.380475,45,26,1,2,6,cyclic_32_1,block_2_1,cyclic_2_1,unroll_2,unroll_2,pipeline_1,1,8.75,0.923780606796,False
workload_1065.cpp,xczu7ev-ffvc1156-2-e,5,143.705115,90,26,1,6,13,cyclic_32_1,block_2_1,cyclic_2_1,unroll_2,unroll_2,unroll_16,1,11.5,0.889414724624,False
workload_1001.cpp,xczu7ev-ffvc1156-2-e,5,150.777115,46,26,1,1,5,cyclic_32_1,block_2_1,cyclic_2_1,unroll_2,unroll_2,unroll_2,1,8.25,0.974323343552,False
workload_879.cpp,xczu7ev-ffvc1156-2-e,5,278.206715,67,26,1,5,15,cyclic_32_1,block_2_1,cyclic_2_1,unroll_2,unroll_8,pipeline_1,1,11.75,0.535591138281,False
workload_1115.cpp,xczu7ev-ffvc1156-2-e,5,49.543335,2944,33,1,26,77,cyclic_32_1,block_2_1,cyclic_2_1,unroll_4,pipeline_1,unroll_2,1,34.25,0.433271289372,False
workload_811.cpp,xczu7ev-ffvc1156-2-e,5,190.302315,75,28,2,3,14,cyclic_32_1,block_32_1,block_2_1,unroll_2,unroll_2,unroll_8,1,11.75,0.793473976987,False
workload_751.cpp,xczu7ev-ffvc1156-2-e,5,196.12623,55,28,1,2,7,cyclic_32_1,block_32_1,complete_1,unroll_2,unroll_2,unroll_2,1,9.5,0.807831726904,False
workload_824.cpp,xczu7ev-ffvc1156-2-e,5,164.36986,141,27,2,11,29,cyclic_32_1,block_4_1,complete_1,unroll_17,unroll_2,pipeline_1,1,17.25,0.75596668007,False
workload_1277.cpp,xczu7ev-ffvc1156-2-e,5,143.01867,354,27,15,18,29,cyclic_32_1,block_4_1,complete_1,unroll_2,unroll_2,unroll_64,1,22.25,0.64531180772,False
workload_843.cpp,xczu7ev-ffvc1156-2-e,5,164.38037,58,27,1,3,10,cyclic_32_1,block_4_1,complete_1,unroll_4,unroll_2,pipeline_1,1,10.25,0.895056835289,False
workload_875.cpp,xczu7ev-ffvc1156-2-e,5,209.729675,46,28,1,2,6,cyclic_32_1,block_8_1,block_2_1,unroll_2,unroll_2,pipeline_1,1,9.25,0.766393279725,False
workload_860.cpp,xczu7ev-ffvc1156-2-e,5,188.36787,379,28,15,19,34,cyclic_32_1,block_8_1,complete_1,unroll_2,unroll_2,unroll_64,1,24,0.55955792236,False
workload_797.cpp,xczu7ev-ffvc1156-2-e,5,190.30227,63,28,2,3,10,cyclic_32_1,block_8_1,complete_1,unroll_2,unroll_2,unroll_8,1,10.75,0.808706583158,False
workload_809.cpp,xczu7ev-ffvc1156-2-e,5,209.54226,167,28,1,5,24,cyclic_32_1,cyclic_16_1,complete_1,unroll_17,unroll_2,pipeline_1,1,14.5,0.698587009719,False
workload_775.cpp,xczu7ev-ffvc1156-2-e,5,304.46722,455,28,1,8,45,cyclic_32_1,cyclic_16_1,complete_1,unroll_17,unroll_4,pipeline_1,1,20.5,0.407258178786,False
workload_827.cpp,xczu7ev-ffvc1156-2-e,5,360.90402,964,28,1,15,91,cyclic_32_1,cyclic_16_1,complete_1,unroll_17,unroll_8,pipeline_1,1,33.75,0.181817135259,False
workload_792.cpp,xczu7ev-ffvc1156-2-e,5,209.55279,43,28,1,1,5,cyclic_32_1,cyclic_16_1,complete_1,unroll_2,unroll_2,pipeline_1,1,8.75,0.771828546186,False
workload_772.cpp,xczu7ev-ffvc1156-2-e,5,164.193145,142,26,1,5,20,cyclic_32_1,cyclic_2_1,block_2_1,unroll_17,unroll_2,pipeline_1,1,13,0.842630674586,False
workload_820.cpp,xczu7ev-ffvc1156-2-e,5,235.486745,244,26,1,8,37,cyclic_32_1,cyclic_2_1,block_2_1,unroll_17,unroll_4,pipeline_1,1,18,0.590036127534,False
workload_1383.cpp,xczu7ev-ffvc1156-2-e,5,49.543355,1000,26,1,13,43,cyclic_32_1,cyclic_2_1,block_2_1,unroll_2,pipeline_1,unroll_8,1,20.75,0.682880662798,False
workload_888.cpp,xczu7ev-ffvc1156-2-e,5,164.203675,48,26,1,1,5,cyclic_32_1,cyclic_2_1,block_2_1,unroll_2,unroll_2,pipeline_1,1,8.25,0.936859127276,False
workload_818.cpp,xczu7ev-ffvc1156-2-e,5,164.203655,56,26,1,2,8,cyclic_32_1,cyclic_2_1,block_2_1,unroll_4,unroll_2,pipeline_1,1,9.25,0.914621404399,False
workload_854.cpp,xczu7ev-ffvc1156-2-e,5,235.492135,68,26,1,2,12,cyclic_32_1,cyclic_2_1,block_2_1,unroll_4,unroll_4,pipeline_1,1,10.25,0.673210846395,False
workload_672.cpp,xczu7ev-ffvc1156-2-e,5,164.19306,133,26,1,5,20,cyclic_32_1,cyclic_2_1,complete_1,unroll_17,unroll_2,pipeline_1,1,13,0.842630864964,False
workload_1352.cpp,xczu7ev-ffvc1156-2-e,5,49.54331,873,26,1,13,43,cyclic_32_1,cyclic_2_1,complete_1,unroll_2,pipeline_1,unroll_16,1,20.75,0.68288069344,False
workload_1329.cpp,xczu7ev-ffvc1156-2-e,5,49.54331,995,26,1,13,43,cyclic_32_1,cyclic_2_1,complete_1,unroll_2,pipeline_1,unroll_32,1,20.75,0.68288069344,False
workload_1356.cpp,xczu7ev-ffvc1156-2-e,5,49.54331,891,26,1,13,43,cyclic_32_1,cyclic_2_1,complete_1,unroll_2,pipeline_1,unroll_4,2,20.75,0.68288069344,False
workload_1228.cpp,xczu7ev-ffvc1156-2-e,5,49.54331,972,26,1,13,43,cyclic_32_1,cyclic_2_1,complete_1,unroll_2,pipeline_1,unroll_8,1,20.75,0.68288069344,False
workload_913.cpp,xczu7ev-ffvc1156-2-e,5,164.20359,41,26,1,1,5,cyclic_32_1,cyclic_2_1,complete_1,unroll_2,unroll_2,pipeline_1,1,8.25,0.936859413599,False
workload_1350.cpp,xczu7ev-ffvc1156-2-e,5,185.97067,150,26,1,3,18,cyclic_32_1,cyclic_2_1,complete_1,unroll_2,unroll_2,unroll_64,1,12,0.803134864246,False
workload_1342.cpp,xczu7ev-ffvc1156-2-e,5,49.54325,3367,26,1,26,79,cyclic_32_1,cyclic_2_1,complete_1,unroll_4,pipeline_1,unroll_8,1,33,0.453395869219,False
workload_652.cpp,xczu7ev-ffvc1156-2-e,5,164.20357,59,26,1,2,8,cyclic_32_1,cyclic_2_1,complete_1,unroll_4,unroll_2,pipeline_1,1,9.25,0.914621658894,False
workload_941.cpp,xczu7ev-ffvc1156-2-e,5,186.55301,140,26,1,4,19,cyclic_32_1,cyclic_2_1,complete_1,unroll_4,unroll_2,unroll_32,1,12.5,0.794918055199,False
workload_755.cpp,xczu7ev-ffvc1156-2-e,5,194.70661,72,26,1,2,11,cyclic_32_1,cyclic_2_1,complete_1,unroll_4,unroll_2,unroll_4,1,10,0.804088935557,False
workload_1355.cpp,xczu7ev-ffvc1156-2-e,5,49.543355,997,26,1,13,43,cyclic_32_1,cyclic_2_1,cyclic_2_1,unroll_2,pipeline_1,pipeline_1,1,20.75,0.682880662798,False
workload_1030.cpp,xczu7ev-ffvc1156-2-e,5,180.178075,46,26,1,1,5,cyclic_32_1,cyclic_2_1,cyclic_2_1,unroll_2,unroll_2,pipeline_1,1,8.25,0.879901326247,False
workload_835.cpp,xczu7ev-ffvc1156-2-e,5,164.203655,56,26,1,2,8,cyclic_32_1,cyclic_2_1,cyclic_2_1,unroll_4,unroll_2,pipeline_1,1,9.25,0.914621404399,False
workload_1380.cpp,xczu7ev-ffvc1156-2-e,5,49.54331,890,31,2,15,46,cyclic_32_1,cyclic_4_1,complete_1,unroll_2,pipeline_1,unroll_16,1,23.5,0.5990033255,False
workload_1386.cpp,xczu7ev-ffvc1156-2-e,5,49.54331,1123,31,2,15,46,cyclic_32_1,cyclic_4_1,complete_1,unroll_2,pipeline_1,unroll_4,1,23.5,0.5990033255,False
workload_1062.cpp,xczu7ev-ffvc1156-2-e,5,164.20359,43,27,1,1,5,cyclic_32_1,cyclic_4_1,complete_1,unroll_2,unroll_2,pipeline_1,1,8.5,0.931051978089,False
workload_1088.cpp,xczu7ev-ffvc1156-2-e,5,150.77703,41,27,1,1,4,cyclic_32_1,cyclic_4_1,complete_1,unroll_2,unroll_2,unroll_2,1,8.25,0.974323491213,False
workload_1108.cpp,xczu7ev-ffvc1156-2-e,5,49.543355,1070,29,2,15,46,cyclic_32_1,cyclic_4_1,cyclic_2_1,unroll_2,pipeline_1,unroll_2,1,23,0.614008627179,False
workload_840.cpp,xczu7ev-ffvc1156-2-e,5,164.203675,44,27,1,1,5,cyclic_32_1,cyclic_4_1,cyclic_2_1,unroll_2,unroll_2,pipeline_1,1,8.5,0.93105171724,False
workload_930.cpp,xczu7ev-ffvc1156-2-e,5,150.777115,47,27,1,1,4,cyclic_32_1,cyclic_4_1,cyclic_2_1,unroll_2,unroll_2,unroll_2,1,8.25,0.974323343552,False
workload_937.cpp,xczu7ev-ffvc1156-2-e,5,164.203655,55,27,1,2,8,cyclic_32_1,cyclic_4_1,cyclic_2_1,unroll_4,unroll_2,pipeline_1,1,9.5,0.908752382815,False
workload_594.cpp,xczu7ev-ffvc1156-2-e,5,304.46722,1617,33,1,8,77,cyclic_32_1,cyclic_64_1,complete_1,unroll_17,unroll_4,pipeline_1,1,29.75,0.287541779287,False
workload_715.cpp,xczu7ev-ffvc1156-2-e,5,304.47261,169,33,1,3,22,cyclic_32_1,cyclic_64_1,complete_1,unroll_4,unroll_4,pipeline_1,1,14.75,0.45010943175,False
workload_1063.cpp,xczu7ev-ffvc1156-2-e,5,196.126315,46,28,1,1,5,cyclic_32_1,cyclic_8_1,cyclic_2_1,unroll_2,unroll_2,unroll_2,1,8.75,0.818001493347,False
workload_994.cpp,xczu7ev-ffvc1156-2-e,5,209.401905,67,41,1,2,12,cyclic_4_1,block_128_1,complete_1,unroll_2,unroll_2,pipeline_1,1,14,0.707837227975,False
workload_1173.cpp,xczu7ev-ffvc1156-2-e,5,188.123325,1633,26,30,37,80,cyclic_4_1,block_16_1,complete_1,unroll_4,unroll_2,unroll_64,1,43.25,0.197837404386,False
workload_1110.cpp,xczu7ev-ffvc1156-2-e,5,49.21635,904,29,1,13,44,cyclic_4_1,block_2_1,block_2_1,unroll_2,pipeline_1,pipeline_1,2,21.75,0.651926406832,False
workload_1071.cpp,xczu7ev-ffvc1156-2-e,5,49.21635,945,29,1,13,44,cyclic_4_1,block_2_1,block_2_1,unroll_2,pipeline_1,unroll_16,1,21.75,0.651926406832,False
workload_1193.cpp,xczu7ev-ffvc1156-2-e,5,49.21635,1006,29,1,13,44,cyclic_4_1,block_2_1,block_2_1,unroll_2,pipeline_1,unroll_2,1,21.75,0.651926406832,False
workload_1230.cpp,xczu7ev-ffvc1156-2-e,5,49.21635,989,29,1,13,44,cyclic_4_1,block_2_1,block_2_1,unroll_2,pipeline_1,unroll_32,1,21.75,0.651926406832,False
workload_1141.cpp,xczu7ev-ffvc1156-2-e,5,49.21635,986,29,1,13,44,cyclic_4_1,block_2_1,block_2_1,unroll_2,pipeline_1,unroll_64,1,21.75,0.651926406832,False
workload_1136.cpp,xczu7ev-ffvc1156-2-e,5,49.21635,915,29,1,13,44,cyclic_4_1,block_2_1,block_2_1,unroll_2,pipeline_1,unroll_8,2,21.75,0.651926406832,False
workload_718.cpp,xczu7ev-ffvc1156-2-e,5,172.03999,45.5,24,1,2,5,cyclic_4_1,block_2_1,block_2_1,unroll_2,unroll_2,pipeline_1,2,8,0.91237997899,False
workload_895.cpp,xczu7ev-ffvc1156-2-e,5,143.46063,85,24,1,5,10,cyclic_4_1,block_2_1,block_2_1,unroll_2,unroll_2,unroll_16,1,10,0.945185523701,False
workload_1156.cpp,xczu7ev-ffvc1156-2-e,5,150.44943,46,24,1,1,5,cyclic_4_1,block_2_1,block_2_1,unroll_2,unroll_2,unroll_2,1,7.75,0.989261188149,False
workload_1100.cpp,xczu7ev-ffvc1156-2-e,5,142.71183,312,24,1,18,31,cyclic_4_1,block_2_1,block_2_1,unroll_2,unroll_2,unroll_64,1,18.5,0.778187472089,False
workload_920.cpp,xczu7ev-ffvc1156-2-e,5,144.79183,59,24,1,3,7,cyclic_4_1,block_2_1,block_2_1,unroll_2,unroll_2,unroll_8,1,8.75,0.970984433383,False
workload_821.cpp,xczu7ev-ffvc1156-2-e,5,214.02847,281,24,1,18,31,cyclic_4_1,block_2_1,block_2_1,unroll_2,unroll_4,unroll_32,1,18.5,0.633896797365,False
workload_921.cpp,xczu7ev-ffvc1156-2-e,5,147.28781,59,24,1,3,8,cyclic_4_1,block_2_1,block_2_1,unroll_4,unroll_2,unroll_4,1,9,0.960135097632,False
workload_959.cpp,xczu7ev-ffvc1156-2-e,5,145.12461,81,24,1,6,11,cyclic_4_1,block_2_1,block_2_1,unroll_4,unroll_2,unroll_8,1,10.5,0.924839295153,False
workload_1248.cpp,xczu7ev-ffvc1156-2-e,5,49.21635,961,29,1,13,44,cyclic_4_1,block_2_1,block_4_1,unroll_2,pipeline_1,pipeline_1,1,21.75,0.651926406832,False
workload_1322.cpp,xczu7ev-ffvc1156-2-e,5,164.05279,47,24,1,2,5,cyclic_4_1,block_2_1,block_4_1,unroll_2,unroll_2,pipeline_1,1,8,0.941929309424,False
workload_1191.cpp,xczu7ev-ffvc1156-2-e,5,49.216305,951,29,1,13,44,cyclic_4_1,block_2_1,complete_1,unroll_2,pipeline_1,pipeline_1,2,21.75,0.65192636736,False
workload_1351.cpp,xczu7ev-ffvc1156-2-e,5,49.216305,858,29,1,13,44,cyclic_4_1,block_2_1,complete_1,unroll_2,pipeline_1,unroll_16,1,21.75,0.65192636736,False
workload_1068.cpp,xczu7ev-ffvc1156-2-e,5,49.216305,911.5,29,1,13,44,cyclic_4_1,block_2_1,complete_1,unroll_2,pipeline_1,unroll_2,2,21.75,0.65192636736,False
workload_1072.cpp,xczu7ev-ffvc1156-2-e,5,49.216305,945,29,1,13,44,cyclic_4_1,block_2_1,complete_1,unroll_2,pipeline_1,unroll_32,1,21.75,0.65192636736,False
workload_1042.cpp,xczu7ev-ffvc1156-2-e,5,49.216305,945.5,29,1,13,44,cyclic_4_1,block_2_1,complete_1,unroll_2,pipeline_1,unroll_4,2,21.75,0.65192636736,False
workload_1047.cpp,xczu7ev-ffvc1156-2-e,5,49.216305,920,29,1,13,44,cyclic_4_1,block_2_1,complete_1,unroll_2,pipeline_1,unroll_64,2,21.75,0.65192636736,False
workload_1070.cpp,xczu7ev-ffvc1156-2-e,5,49.216305,894,29,1,13,44,cyclic_4_1,block_2_1,complete_1,unroll_2,pipeline_1,unroll_8,2,21.75,0.65192636736,False
workload_1006.cpp,xczu7ev-ffvc1156-2-e,5,172.039905,43.5,24,1,2,5,cyclic_4_1,block_2_1,complete_1,unroll_2,unroll_2,pipeline_1,2,8,0.912380295794,False
workload_881.cpp,xczu7ev-ffvc1156-2-e,5,143.460585,85,24,1,5,10,cyclic_4_1,block_2_1,complete_1,unroll_2,unroll_2,unroll_16,1,10,1,True
workload_1087.cpp,xczu7ev-ffvc1156-2-e,5,150.449345,41,24,1,1,5,cyclic_4_1,block_2_1,complete_1,unroll_2,unroll_2,unroll_2,1,7.75,0.989261188155,False
workload_813.cpp,xczu7ev-ffvc1156-2-e,5,142.961385,144,24,1,9,17,cyclic_4_1,block_2_1,complete_1,unroll_2,unroll_2,unroll_32,1,12.75,1,True
workload_799.cpp,xczu7ev-ffvc1156-2-e,5,146.788585,46,24,1,2,5,cyclic_4_1,block_2_1,complete_1,unroll_2,unroll_2,unroll_4,1,8,1,True
workload_1013.cpp,xczu7ev-ffvc1156-2-e,5,142.711785,314,24,1,18,31,cyclic_4_1,block_2_1,complete_1,unroll_2,unroll_2,unroll_64,1,18.5,1,True
workload_998.cpp,xczu7ev-ffvc1156-2-e,5,144.791785,59,24,1,3,7,cyclic_4_1,block_2_1,complete_1,unroll_2,unroll_2,unroll_8,1,8.75,1,True
workload_934.cpp,xczu7ev-ffvc1156-2-e,5,235.343905,45,24,1,3,7,cyclic_4_1,block_2_1,complete_1,unroll_2,unroll_4,pipeline_1,1,8.75,0.686251960104,False
workload_1273.cpp,xczu7ev-ffvc1156-2-e,5,214.788745,140,24,1,10,18,cyclic_4_1,block_2_1,complete_1,unroll_2,unroll_4,unroll_16,1,13.25,0.70427895592,False
workload_776.cpp,xczu7ev-ffvc1156-2-e,5,214.028425,314,24,1,18,31,cyclic_4_1,block_2_1,complete_1,unroll_2,unroll_4,unroll_32,1,18.5,0.633896900763,False
workload_837.cpp,xczu7ev-ffvc1156-2-e,5,277.878945,62,24,1,5,12,cyclic_4_1,block_2_1,complete_1,unroll_2,unroll_8,pipeline_1,1,10.5,0.54740084315,False
workload_924.cpp,xczu7ev-ffvc1156-2-e,5,260.451785,87,24,1,6,13,cyclic_4_1,block_2_1,complete_1,unroll_2,unroll_8,unroll_4,1,11,0.591821432572,False
workload_945.cpp,xczu7ev-ffvc1156-2-e,5,258.536905,126,24,1,11,19,cyclic_4_1,block_2_1,complete_1,unroll_2,unroll_8,unroll_8,1,13.75,0.575933117592,False
workload_1264.cpp,xczu7ev-ffvc1156-2-e,5,49.216585,3017,29,1,26,83,cyclic_4_1,block_2_1,complete_1,unroll_4,pipeline_1,unroll_8,2,34.75,0.424415701864,False
workload_956.cpp,xczu7ev-ffvc1156-2-e,5,164.052685,45,24,1,3,8,cyclic_4_1,block_2_1,complete_1,unroll_4,unroll_2,pipeline_1,1,9,0.920148414624,False
workload_1377.cpp,xczu7ev-ffvc1156-2-e,5,143.086125,263,24,1,18,31,cyclic_4_1,block_2_1,complete_1,unroll_4,unroll_2,unroll_32,1,18.5,0.777573332342,False
workload_1166.cpp,xczu7ev-ffvc1156-2-e,5,142.774125,1009,24,1,35,58,cyclic_4_1,block_2_1,complete_1,unroll_4,unroll_2,unroll_64,1,29.5,0.429336481694,False
workload_1376.cpp,xczu7ev-ffvc1156-2-e,5,145.124525,89,24,1,6,11,cyclic_4_1,block_2_1,complete_1,unroll_4,unroll_2,unroll_8,1,10.5,0.924839317141,False
workload_1101.cpp,xczu7ev-ffvc1156-2-e,5,49.21567,907.5,29,1,13,44,cyclic_4_1,block_2_1,cyclic_2_1,unroll_2,pipeline_1,pipeline_1,2,21.75,0.651925810322,False
workload_1302.cpp,xczu7ev-ffvc1156-2-e,5,49.21567,974,29,1,13,44,cyclic_4_1,block_2_1,cyclic_2_1,unroll_2,pipeline_1,unroll_16,1,21.75,0.651925810322,False
workload_1043.cpp,xczu7ev-ffvc1156-2-e,5,49.21567,899,29,1,13,44,cyclic_4_1,block_2_1,cyclic_2_1,unroll_2,pipeline_1,unroll_2,1,21.75,0.651925810322,False
workload_1195.cpp,xczu7ev-ffvc1156-2-e,5,49.21567,1006,29,1,13,44,cyclic_4_1,block_2_1,cyclic_2_1,unroll_2,pipeline_1,unroll_32,1,21.75,0.651925810322,False
workload_1301.cpp,xczu7ev-ffvc1156-2-e,5,49.21567,965,29,1,13,44,cyclic_4_1,block_2_1,cyclic_2_1,unroll_2,pipeline_1,unroll_4,1,21.75,0.651925810322,False
workload_1382.cpp,xczu7ev-ffvc1156-2-e,5,49.21567,994,29,1,13,44,cyclic_4_1,block_2_1,cyclic_2_1,unroll_2,pipeline_1,unroll_64,1,21.75,0.651925810322,False
workload_1202.cpp,xczu7ev-ffvc1156-2-e,5,49.21567,971,29,1,13,44,cyclic_4_1,block_2_1,cyclic_2_1,unroll_2,pipeline_1,unroll_8,1,21.75,0.651925810322,False
workload_1212.cpp,xczu7ev-ffvc1156-2-e,5,172.03999,44,24,1,2,5,cyclic_4_1,block_2_1,cyclic_2_1,unroll_2,unroll_2,pipeline_1,2,8,0.91237997899,False
workload_960.cpp,xczu7ev-ffvc1156-2-e,5,143.46063,81,24,1,5,10,cyclic_4_1,block_2_1,cyclic_2_1,unroll_2,unroll_2,unroll_16,1,10,0.945185523701,False
workload_1271.cpp,xczu7ev-ffvc1156-2-e,5,150.44943,47,24,1,1,5,cyclic_4_1,block_2_1,cyclic_2_1,unroll_2,unroll_2,unroll_2,1,7.75,0.989261188149,False
workload_1276.cpp,xczu7ev-ffvc1156-2-e,5,142.71183,274,24,1,18,31,cyclic_4_1,block_2_1,cyclic_2_1,unroll_2,unroll_2,unroll_64,1,18.5,0.778187472089,False
workload_997.cpp,xczu7ev-ffvc1156-2-e,5,144.79183,57,24,1,3,7,cyclic_4_1,block_2_1,cyclic_2_1,unroll_2,unroll_2,unroll_8,1,8.75,0.970984433383,False
workload_1373.cpp,xczu7ev-ffvc1156-2-e,5,218.33695,52,24,1,3,8,cyclic_4_1,block_2_1,cyclic_2_1,unroll_2,unroll_4,unroll_4,1,9,0.74023476999,False
workload_836.cpp,xczu7ev-ffvc1156-2-e,5,277.87903,59,24,1,5,12,cyclic_4_1,block_2_1,cyclic_2_1,unroll_2,unroll_8,pipeline_1,1,10.5,0.547400608272,False
workload_1389.cpp,xczu7ev-ffvc1156-2-e,5,49.21565,3196,29,1,26,83,cyclic_4_1,block_2_1,cyclic_2_1,unroll_4,pipeline_1,unroll_8,1,34.75,0.424416313366,False
workload_1360.cpp,xczu7ev-ffvc1156-2-e,5,49.21635,975,29,1,13,44,cyclic_4_1,block_2_1,cyclic_4_1,unroll_2,pipeline_1,pipeline_1,1,21.75,0.651926406832,False
workload_833.cpp,xczu7ev-ffvc1156-2-e,5,195.798545,49,26,1,2,6,cyclic_4_1,block_32_1,complete_1,unroll_2,unroll_2,unroll_2,1,8.75,0.819137238973,False
workload_1168.cpp,xczu7ev-ffvc1156-2-e,5,49.21703,1078,31,1,31,62,cyclic_4_1,block_4_1,block_2_1,unroll_2,pipeline_1,pipeline_1,1,31.25,0.474754124187,False
workload_878.cpp,xczu7ev-ffvc1156-2-e,5,218.33695,57,25,2,3,8,cyclic_4_1,block_4_1,block_2_1,unroll_2,unroll_4,unroll_4,1,9.5,0.735431730115,False
workload_858.cpp,xczu7ev-ffvc1156-2-e,5,216.30943,85,25,4,6,11,cyclic_4_1,block_4_1,block_2_1,unroll_2,unroll_4,unroll_8,1,11.5,0.717402574861,False
workload_939.cpp,xczu7ev-ffvc1156-2-e,5,143.71021,145,25,8,10,18,cyclic_4_1,block_4_1,block_2_1,unroll_4,unroll_2,unroll_16,1,15.25,0.792232041217,False
workload_855.cpp,xczu7ev-ffvc1156-2-e,5,145.12461,85,25,4,6,11,cyclic_4_1,block_4_1,block_2_1,unroll_4,unroll_2,unroll_8,1,11.5,0.889500178351,False
workload_1199.cpp,xczu7ev-ffvc1156-2-e,5,49.216985,1175,31,1,31,62,cyclic_4_1,block_4_1,complete_1,unroll_2,pipeline_1,pipeline_1,1,31.25,0.474754159271,False
workload_1358.cpp,xczu7ev-ffvc1156-2-e,5,49.216985,1026,31,1,31,62,cyclic_4_1,block_4_1,complete_1,unroll_2,pipeline_1,unroll_8,1,31.25,0.474754159271,False
workload_1060.cpp,xczu7ev-ffvc1156-2-e,5,172.039905,42.5,25,1,2,5,cyclic_4_1,block_4_1,complete_1,unroll_2,unroll_2,pipeline_1,2,8.25,0.909369832184,False
workload_1218.cpp,xczu7ev-ffvc1156-2-e,5,143.460585,85,25,4,5,10,cyclic_4_1,block_4_1,complete_1,unroll_2,unroll_2,unroll_16,1,11,0.904431301188,False
workload_1222.cpp,xczu7ev-ffvc1156-2-e,5,142.961385,149,25,8,10,17,cyclic_4_1,block_4_1,complete_1,unroll_2,unroll_2,unroll_32,1,15,0.801594718046,False
workload_1187.cpp,xczu7ev-ffvc1156-2-e,5,142.711785,353,25,15,18,30,cyclic_4_1,block_4_1,complete_1,unroll_2,unroll_2,unroll_64,1,22,0.653701428686,False
workload_964.cpp,xczu7ev-ffvc1156-2-e,5,144.791785,62,25,2,3,7,cyclic_4_1,block_4_1,complete_1,unroll_2,unroll_2,unroll_8,1,9.25,0.950534549841,False
workload_970.cpp,xczu7ev-ffvc1156-2-e,5,143.710125,146,25,8,10,18,cyclic_4_1,block_4_1,complete_1,unroll_4,unroll_2,unroll_16,1,15.25,0.792232033203,False
workload_1387.cpp,xczu7ev-ffvc1156-2-e,5,49.21635,1170,31,1,31,62,cyclic_4_1,block_4_1,cyclic_2_1,unroll_2,pipeline_1,pipeline_1,1,31.25,0.474754654347,False
workload_1332.cpp,xczu7ev-ffvc1156-2-e,5,49.21635,1168,31,1,31,62,cyclic_4_1,block_4_1,cyclic_2_1,unroll_2,pipeline_1,unroll_16,1,31.25,0.474754654347,False
workload_1253.cpp,xczu7ev-ffvc1156-2-e,5,49.21635,1050,31,1,31,62,cyclic_4_1,block_4_1,cyclic_2_1,unroll_2,pipeline_1,unroll_8,1,31.25,0.474754654347,False
workload_885.cpp,xczu7ev-ffvc1156-2-e,5,277.87903,57,25,1,5,13,cyclic_4_1,block_4_1,cyclic_2_1,unroll_2,unroll_8,pipeline_1,1,11,0.54342468527,False
workload_1333.cpp,xczu7ev-ffvc1156-2-e,5,49.392425,1383,62,1,48,78,cyclic_4_1,block_64_1,complete_1,unroll_2,pipeline_1,unroll_2,1,47.25,0.196936760705,False
workload_982.cpp,xczu7ev-ffvc1156-2-e,5,188.06103,1397,31,15,19,94,cyclic_4_1,block_64_1,cyclic_2_1,unroll_2,unroll_2,unroll_64,1,39.75,0.237600642261,False
workload_1128.cpp,xczu7ev-ffvc1156-2-e,5,209.401905,47,26,1,2,5,cyclic_4_1,block_8_1,complete_1,unroll_2,unroll_2,pipeline_1,1,8.5,0.774199522668,False
workload_1011.cpp,xczu7ev-ffvc1156-2-e,5,188.310585,147,26,8,10,19,cyclic_4_1,block_8_1,complete_1,unroll_2,unroll_2,unroll_32,1,15.75,0.722489537927,False
workload_1036.cpp,xczu7ev-ffvc1156-2-e,5,192.137785,51,26,1,2,6,cyclic_4_1,block_8_1,complete_1,unroll_2,unroll_2,unroll_4,1,8.75,0.831835004785,False
workload_871.cpp,xczu7ev-ffvc1156-2-e,5,209.22519,43,26,1,1,5,cyclic_4_1,cyclic_16_1,block_2_1,unroll_2,unroll_2,pipeline_1,1,8.25,0.776270356965,False
workload_752.cpp,xczu7ev-ffvc1156-2-e,5,235.06903,55,26,1,1,8,cyclic_4_1,cyclic_16_1,block_2_1,unroll_2,unroll_2,unroll_8,1,9,0.685653821303,False
workload_798.cpp,xczu7ev-ffvc1156-2-e,5,330.40231,71,26,1,2,13,cyclic_4_1,cyclic_16_1,block_2_1,unroll_2,unroll_4,unroll_8,1,10.5,0.412966998637,False
workload_848.cpp,xczu7ev-ffvc1156-2-e,5,209.225105,46,26,1,1,5,cyclic_4_1,cyclic_16_1,complete_1,unroll_2,unroll_2,pipeline_1,1,8.25,0.776270651977,False
workload_886.cpp,xczu7ev-ffvc1156-2-e,5,231.574585,117,26,1,3,16,cyclic_4_1,cyclic_16_1,complete_1,unroll_2,unroll_2,unroll_32,1,11.5,0.671124080285,False
workload_1135.cpp,xczu7ev-ffvc1156-2-e,5,49.21567,929,24,1,13,45,cyclic_4_1,cyclic_2_1,block_2_1,unroll_2,pipeline_1,pipeline_1,1,20.75,0.683103476752,False
workload_1018.cpp,xczu7ev-ffvc1156-2-e,5,49.21567,919,24,1,13,45,cyclic_4_1,cyclic_2_1,block_2_1,unroll_2,pipeline_1,unroll_4,1,20.75,0.683103476752,False
workload_1249.cpp,xczu7ev-ffvc1156-2-e,5,49.21567,996,24,1,13,45,cyclic_4_1,cyclic_2_1,block_2_1,unroll_2,pipeline_1,unroll_8,1,20.75,0.683103476752,False
workload_1059.cpp,xczu7ev-ffvc1156-2-e,5,163.87599,42,24,1,1,4,cyclic_4_1,cyclic_2_1,block_2_1,unroll_2,unroll_2,pipeline_1,1,7.5,0.946563585556,False
workload_1159.cpp,xczu7ev-ffvc1156-2-e,5,194.37903,47,24,1,1,4,cyclic_4_1,cyclic_2_1,block_2_1,unroll_2,unroll_2,unroll_4,1,7.5,0.831242739173,False
workload_1345.cpp,xczu7ev-ffvc1156-2-e,5,189.71983,50,24,1,1,5,cyclic_4_1,cyclic_2_1,block_2_1,unroll_2,unroll_2,unroll_8,1,7.75,0.847978432872,False
workload_1244.cpp,xczu7ev-ffvc1156-2-e,5,49.215625,886,24,1,13,45,cyclic_4_1,cyclic_2_1,complete_1,unroll_2,pipeline_1,pipeline_1,1,20.75,1,True
workload_1203.cpp,xczu7ev-ffvc1156-2-e,5,49.215625,992,24,1,13,45,cyclic_4_1,cyclic_2_1,complete_1,unroll_2,pipeline_1,unroll_16,1,20.75,1,True
workload_1281.cpp,xczu7ev-ffvc1156-2-e,5,49.215625,973,24,1,13,45,cyclic_4_1,cyclic_2_1,complete_1,unroll_2,pipeline_1,unroll_2,1,20.75,1,True
workload_1105.cpp,xczu7ev-ffvc1156-2-e,5,49.215625,895.5,24,1,13,45,cyclic_4_1,cyclic_2_1,complete_1,unroll_2,pipeline_1,unroll_4,2,20.75,1,True
workload_1225.cpp,xczu7ev-ffvc1156-2-e,5,49.215625,840,24,1,13,45,cyclic_4_1,cyclic_2_1,complete_1,unroll_2,pipeline_1,unroll_64,1,20.75,1,True
workload_1074.cpp,xczu7ev-ffvc1156-2-e,5,49.215625,972,24,1,13,45,cyclic_4_1,cyclic_2_1,complete_1,unroll_2,pipeline_1,unroll_8,2,20.75,1,True
workload_1151.cpp,xczu7ev-ffvc1156-2-e,5,171.863105,42.5,24,1,1,4,cyclic_4_1,cyclic_2_1,complete_1,unroll_2,unroll_2,pipeline_1,2,7.5,0.915551567571,False
workload_1223.cpp,xczu7ev-ffvc1156-2-e,5,187.390185,66,24,1,2,7,cyclic_4_1,cyclic_2_1,complete_1,unroll_2,unroll_2,unroll_16,1,8.5,0.851341891769,False
workload_962.cpp,xczu7ev-ffvc1156-2-e,5,186.225385,84,24,1,2,11,cyclic_4_1,cyclic_2_1,complete_1,unroll_2,unroll_2,unroll_32,1,9.5,0.83957198619,False
workload_995.cpp,xczu7ev-ffvc1156-2-e,5,194.378945,45,24,1,1,4,cyclic_4_1,cyclic_2_1,complete_1,unroll_2,unroll_2,unroll_4,1,7.5,0.831243048767,False
workload_1323.cpp,xczu7ev-ffvc1156-2-e,5,185.642985,166,24,1,3,19,cyclic_4_1,cyclic_2_1,complete_1,unroll_2,unroll_2,unroll_64,1,11.75,0.806845749186,False
workload_1123.cpp,xczu7ev-ffvc1156-2-e,5,189.719785,51,24,1,1,5,cyclic_4_1,cyclic_2_1,complete_1,unroll_2,unroll_2,unroll_8,1,7.75,0.847978598259,False
workload_1214.cpp,xczu7ev-ffvc1156-2-e,5,235.164385,47,24,1,1,6,cyclic_4_1,cyclic_2_1,complete_1,unroll_2,unroll_4,pipeline_1,1,8,0.689687084667,False
workload_1344.cpp,xczu7ev-ffvc1156-2-e,5,266.152545,47,24,1,1,6,cyclic_4_1,cyclic_2_1,complete_1,unroll_2,unroll_4,unroll_4,1,8,0.59282028197,False
workload_1116.cpp,xczu7ev-ffvc1156-2-e,5,49.215565,3184.5,24,1,25,83,cyclic_4_1,cyclic_2_1,complete_1,unroll_4,pipeline_1,unroll_8,2,33.25,0.44997778682,False
workload_612.cpp,xczu7ev-ffvc1156-2-e,5,163.875885,49,24,1,2,6,cyclic_4_1,cyclic_2_1,complete_1,unroll_4,unroll_2,pipeline_1,1,8.25,0.937960268044,False
workload_1183.cpp,xczu7ev-ffvc1156-2-e,5,203.697325,50,24,1,1,6,cyclic_4_1,cyclic_2_1,complete_1,unroll_4,unroll_2,unroll_2,1,8,0.796749853269,False
workload_957.cpp,xczu7ev-ffvc1156-2-e,5,194.378925,49,24,1,2,6,cyclic_4_1,cyclic_2_1,complete_1,unroll_4,unroll_2,unroll_4,1,8.25,0.82861605516,False
workload_972.cpp,xczu7ev-ffvc1156-2-e,5,189.719725,63,24,1,2,8,cyclic_4_1,cyclic_2_1,complete_1,unroll_4,unroll_2,unroll_8,1,8.75,0.84022748117,False
workload_1066.cpp,xczu7ev-ffvc1156-2-e,5,189.71978,210,24,1,6,23,cyclic_4_1,cyclic_2_1,cyclic_2_1,unroll_17,unroll_2,unroll_8,1,13.5,0.769512694506,False
workload_1304.cpp,xczu7ev-ffvc1156-2-e,5,49.21567,937,24,1,13,45,cyclic_4_1,cyclic_2_1,cyclic_2_1,unroll_2,pipeline_1,unroll_16,2,20.75,0.683103476752,False
workload_1298.cpp,xczu7ev-ffvc1156-2-e,5,49.21567,896,24,1,13,45,cyclic_4_1,cyclic_2_1,cyclic_2_1,unroll_2,pipeline_1,unroll_4,1,20.75,0.683103476752,False
workload_911.cpp,xczu7ev-ffvc1156-2-e,5,179.85039,41,24,1,1,4,cyclic_4_1,cyclic_2_1,cyclic_2_1,unroll_2,unroll_2,pipeline_1,1,7.5,0.885117585694,False
workload_768.cpp,xczu7ev-ffvc1156-2-e,5,357.78877,371,24,1,14,53,cyclic_4_1,cyclic_2_1,cyclic_2_1,unroll_4,unroll_32,pipeline_1,1,23,0.286359358522,False
workload_951.cpp,xczu7ev-ffvc1156-2-e,5,179.85039,39,24,1,1,4,cyclic_4_1,cyclic_2_1,cyclic_4_1,unroll_2,unroll_2,pipeline_1,1,7.5,0.885117585694,False
workload_989.cpp,xczu7ev-ffvc1156-2-e,5,194.37903,42,24,1,1,4,cyclic_4_1,cyclic_2_1,cyclic_4_1,unroll_2,unroll_2,unroll_4,1,7.5,0.831242739173,False
workload_894.cpp,xczu7ev-ffvc1156-2-e,5,235.06901,98,31,1,2,18,cyclic_4_1,cyclic_32_1,block_2_1,unroll_4,unroll_2,unroll_8,1,13,0.648982440833,False
workload_933.cpp,xczu7ev-ffvc1156-2-e,5,179.85039,45,25,1,1,4,cyclic_4_1,cyclic_4_1,block_2_1,unroll_2,unroll_2,pipeline_1,1,7.75,0.884662544061,False
workload_1092.cpp,xczu7ev-ffvc1156-2-e,5,187.39023,62,25,1,2,8,cyclic_4_1,cyclic_4_1,block_2_1,unroll_2,unroll_2,unroll_16,1,9,0.844690218258,False
workload_1142.cpp,xczu7ev-ffvc1156-2-e,5,49.215625,1054,25,1,15,47,cyclic_4_1,cyclic_4_1,complete_1,unroll_2,pipeline_1,pipeline_1,1,22,0.644216383835,False
workload_1053.cpp,xczu7ev-ffvc1156-2-e,5,49.215625,1064,25,1,15,47,cyclic_4_1,cyclic_4_1,complete_1,unroll_2,pipeline_1,unroll_4,1,22,0.644216383835,False
workload_1143.cpp,xczu7ev-ffvc1156-2-e,5,49.215625,1054,25,1,15,47,cyclic_4_1,cyclic_4_1,complete_1,unroll_2,pipeline_1,unroll_8,1,22,0.644216383835,False
workload_1000.cpp,xczu7ev-ffvc1156-2-e,5,163.875905,42,25,1,1,4,cyclic_4_1,cyclic_4_1,complete_1,unroll_2,unroll_2,pipeline_1,1,7.75,0.945537285911,False
workload_1058.cpp,xczu7ev-ffvc1156-2-e,5,194.378945,42,25,1,1,5,cyclic_4_1,cyclic_4_1,complete_1,unroll_2,unroll_2,unroll_4,1,8,0.830069588971,False
workload_1243.cpp,xczu7ev-ffvc1156-2-e,5,185.642985,168,25,1,3,20,cyclic_4_1,cyclic_4_1,complete_1,unroll_2,unroll_2,unroll_64,1,12.25,0.800918648265,False
workload_958.cpp,xczu7ev-ffvc1156-2-e,5,189.719785,49,25,1,1,6,cyclic_4_1,cyclic_4_1,complete_1,unroll_2,unroll_2,unroll_8,1,8.25,0.845344953588,False
workload_1119.cpp,xczu7ev-ffvc1156-2-e,5,266.152545,45,25,1,2,7,cyclic_4_1,cyclic_4_1,complete_1,unroll_2,unroll_4,unroll_4,1,8.75,0.590901476441,False
workload_931.cpp,xczu7ev-ffvc1156-2-e,5,163.875885,50,25,1,2,6,cyclic_4_1,cyclic_4_1,complete_1,unroll_4,unroll_2,pipeline_1,1,8.5,0.932053378655,False
workload_1050.cpp,xczu7ev-ffvc1156-2-e,5,49.21567,1091,25,1,15,47,cyclic_4_1,cyclic_4_1,cyclic_2_1,unroll_2,pipeline_1,unroll_2,1,22,0.644216422564,False
workload_810.cpp,xczu7ev-ffvc1156-2-e,5,171.86319,43.5,25,1,1,4,cyclic_4_1,cyclic_4_1,cyclic_2_1,unroll_2,unroll_2,pipeline_1,2,7.75,0.914915656757,False
workload_897.cpp,xczu7ev-ffvc1156-2-e,5,257.87359,139,25,1,4,21,cyclic_4_1,cyclic_4_1,cyclic_2_1,unroll_2,unroll_4,unroll_32,1,12.75,0.586272555411,False
workload_816.cpp,xczu7ev-ffvc1156-2-e,5,277.69407,57,25,1,2,9,cyclic_4_1,cyclic_4_1,cyclic_2_1,unroll_2,unroll_8,pipeline_1,1,9.25,0.555348627597,False
workload_834.cpp,xczu7ev-ffvc1156-2-e,5,209.22519,49,31,1,1,7,cyclic_4_1,cyclic_64_1,block_2_1,unroll_2,unroll_2,pipeline_1,1,10,0.758108060811,False
workload_676.cpp,xczu7ev-ffvc1156-2-e,5,235.06903,94,41,1,1,16,cyclic_4_1,cyclic_64_1,block_2_1,unroll_2,unroll_2,unroll_8,1,14.75,0.627025583182,False
workload_756.cpp,xczu7ev-ffvc1156-2-e,5,209.22517,79,31,1,2,12,cyclic_4_1,cyclic_64_1,block_2_1,unroll_4,unroll_2,pipeline_1,1,11.5,0.739011892015,False
workload_805.cpp,xczu7ev-ffvc1156-2-e,5,235.06901,148,41,1,2,27,cyclic_4_1,cyclic_64_1,block_2_1,unroll_4,unroll_2,unroll_8,1,17.75,0.593911949628,False
workload_800.cpp,xczu7ev-ffvc1156-2-e,5,209.225105,49,31,1,1,7,cyclic_4_1,cyclic_64_1,complete_1,unroll_2,unroll_2,pipeline_1,1,10,0.758108328294,False
workload_814.cpp,xczu7ev-ffvc1156-2-e,5,249.046545,53,31,1,1,7,cyclic_4_1,cyclic_64_1,complete_1,unroll_2,unroll_2,unroll_2,1,10,0.634602073119,False
workload_714.cpp,xczu7ev-ffvc1156-2-e,5,235.068985,87,41,1,1,16,cyclic_4_1,cyclic_64_1,complete_1,unroll_2,unroll_2,unroll_8,1,14.75,0.627025702329,False
workload_839.cpp,xczu7ev-ffvc1156-2-e,5,304.144945,68,31,1,1,11,cyclic_4_1,cyclic_64_1,complete_1,unroll_2,unroll_4,pipeline_1,1,11,0.474361787764,False
workload_841.cpp,xczu7ev-ffvc1156-2-e,5,335.133105,93,41,1,2,17,cyclic_4_1,cyclic_64_1,complete_1,unroll_2,unroll_4,unroll_4,1,15.25,0.377356701878,False
workload_819.cpp,xczu7ev-ffvc1156-2-e,5,209.225085,67,31,1,2,12,cyclic_4_1,cyclic_64_1,complete_1,unroll_4,unroll_2,pipeline_1,1,11.5,0.739012151001,False
workload_863.cpp,xczu7ev-ffvc1156-2-e,5,230.99223,821,41,2,5,72,cyclic_4_1,cyclic_64_1,cyclic_2_1,unroll_2,unroll_2,unroll_64,1,30,0.368661876019,False
workload_1002.cpp,xczu7ev-ffvc1156-2-e,5,239.728145,46,26,1,1,5,cyclic_4_1,cyclic_8_1,complete_1,unroll_2,unroll_2,unroll_4,1,8.25,0.674241486192,False
workload_673.cpp,xczu7ev-ffvc1156-2-e,5,465.72517,528,26,1,14,62,cyclic_4_1,cyclic_8_1,cyclic_2_1,unroll_4,unroll_32,pipeline_1,1,25.75,0.140200926829,False
workload_1122.cpp,xczu7ev-ffvc1156-2-e,5,150.77703,48,26,1,1,6,cyclic_64_1,block_2_1,complete_1,unroll_2,unroll_2,unroll_2,1,8.5,0.965546405213,False
workload_1388.cpp,xczu7ev-ffvc1156-2-e,5,49.54467,1219,36,1,32,61,cyclic_64_1,block_4_1,complete_1,unroll_2,pipeline_1,unroll_64,1,32.5,0.460170589265,False
workload_1294.cpp,xczu7ev-ffvc1156-2-e,5,190.04747,65,26,1,2,11,cyclic_64_1,cyclic_2_1,complete_1,unroll_2,unroll_2,unroll_8,1,10,0.819522501277,False
workload_1129.cpp,xczu7ev-ffvc1156-2-e,5,150.77703,53,27,1,1,5,cyclic_64_1,cyclic_4_1,complete_1,unroll_2,unroll_2,unroll_2,1,8.5,0.965546405213,False
workload_1334.cpp,xczu7ev-ffvc1156-2-e,5,49.72011,1438,72,1,49,80,cyclic_8_1,block_128_1,complete_1,unroll_2,pipeline_1,unroll_8,1,50.5,0.157369959381,False
workload_1192.cpp,xczu7ev-ffvc1156-2-e,5,49.544035,996,32,1,13,43,cyclic_8_1,block_2_1,block_2_1,unroll_2,pipeline_1,pipeline_1,1,22.25,0.636814964766,False
workload_1045.cpp,xczu7ev-ffvc1156-2-e,5,49.544035,921,32,1,13,43,cyclic_8_1,block_2_1,block_2_1,unroll_2,pipeline_1,unroll_64,1,22.25,0.636814964766,False
workload_859.cpp,xczu7ev-ffvc1156-2-e,5,214.356155,302,25,1,18,31,cyclic_8_1,block_2_1,block_2_1,unroll_2,unroll_4,unroll_32,1,18.75,0.629423988444,False
workload_1328.cpp,xczu7ev-ffvc1156-2-e,5,49.54399,949,32,1,13,43,cyclic_8_1,block_2_1,complete_1,unroll_2,pipeline_1,unroll_2,1,22.25,0.63681492829,False
workload_1224.cpp,xczu7ev-ffvc1156-2-e,5,49.54399,783,32,1,13,43,cyclic_8_1,block_2_1,complete_1,unroll_2,pipeline_1,unroll_4,1,22.25,0.63681492829,False
workload_1188.cpp,xczu7ev-ffvc1156-2-e,5,49.54399,825,32,1,13,43,cyclic_8_1,block_2_1,complete_1,unroll_2,pipeline_1,unroll_64,1,22.25,0.63681492829,False
workload_1274.cpp,xczu7ev-ffvc1156-2-e,5,143.28907,148,25,1,9,17,cyclic_8_1,block_2_1,complete_1,unroll_2,unroll_2,unroll_32,1,13,0.879538133253,False
workload_1130.cpp,xczu7ev-ffvc1156-2-e,5,143.03947,322,25,1,18,31,cyclic_8_1,block_2_1,complete_1,unroll_2,unroll_2,unroll_64,1,18.75,0.768880643446,False
workload_1269.cpp,xczu7ev-ffvc1156-2-e,5,144.95307,61,25,1,3,7,cyclic_8_1,block_2_1,complete_1,unroll_2,unroll_2,unroll_8,1,9,0.960871462681,False
workload_1197.cpp,xczu7ev-ffvc1156-2-e,5,49.543355,989,32,1,13,43,cyclic_8_1,block_2_1,cyclic_2_1,unroll_2,pipeline_1,pipeline_1,1,22.25,0.636814413546,False
workload_1200.cpp,xczu7ev-ffvc1156-2-e,5,49.543355,976,32,1,13,43,cyclic_8_1,block_2_1,cyclic_2_1,unroll_2,pipeline_1,unroll_2,1,22.25,0.636814413546,False
workload_1133.cpp,xczu7ev-ffvc1156-2-e,5,49.543355,895,32,1,13,43,cyclic_8_1,block_2_1,cyclic_2_1,unroll_2,pipeline_1,unroll_4,1,22.25,0.636814413546,False
workload_1227.cpp,xczu7ev-ffvc1156-2-e,5,49.543355,957,32,1,13,43,cyclic_8_1,block_2_1,cyclic_2_1,unroll_2,pipeline_1,unroll_8,1,22.25,0.636814413546,False
workload_1270.cpp,xczu7ev-ffvc1156-2-e,5,143.788315,85,25,1,5,10,cyclic_8_1,block_2_1,cyclic_2_1,unroll_2,unroll_2,unroll_16,1,10.25,0.935040287463,False
workload_1219.cpp,xczu7ev-ffvc1156-2-e,5,150.777115,49,25,1,1,5,cyclic_8_1,block_2_1,cyclic_2_1,unroll_2,unroll_2,unroll_2,1,8,0.981248945165,False
workload_1184.cpp,xczu7ev-ffvc1156-2-e,5,144.953115,53,25,1,3,7,cyclic_8_1,block_2_1,cyclic_2_1,unroll_2,unroll_2,unroll_8,1,9,0.960871486209,False
workload_902.cpp,xczu7ev-ffvc1156-2-e,5,145.389865,507,26,15,20,36,cyclic_8_1,block_4_1,block_2_1,unroll_17,unroll_2,unroll_8,1,24.25,0.580369786542,False
workload_912.cpp,xczu7ev-ffvc1156-2-e,5,164.380475,41,26,1,2,5,cyclic_8_1,block_4_1,block_2_1,unroll_2,unroll_2,pipeline_1,1,8.5,0.930507941203,False
workload_1109.cpp,xczu7ev-ffvc1156-2-e,5,49.54467,1116,35,1,32,61,cyclic_8_1,block_4_1,complete_1,unroll_2,pipeline_1,unroll_8,1,32.25,0.463361928496,False
workload_889.cpp,xczu7ev-ffvc1156-2-e,5,180.354875,43,26,1,2,5,cyclic_8_1,block_4_1,cyclic_4_1,unroll_2,unroll_2,pipeline_1,1,8.5,0.876279606656,False
workload_769.cpp,xczu7ev-ffvc1156-2-e,5,190.302315,91,31,2,3,15,cyclic_8_1,block_64_1,block_2_1,unroll_2,unroll_2,unroll_8,1,12.75,0.780794628187,False
workload_1157.cpp,xczu7ev-ffvc1156-2-e,5,196.12623,55,31,1,2,8,cyclic_8_1,block_64_1,complete_1,unroll_2,unroll_2,unroll_2,1,10.5,0.793784779496,False
workload_853.cpp,xczu7ev-ffvc1156-2-e,5,192.46547,53,26,1,2,6,cyclic_8_1,block_8_1,complete_1,unroll_2,unroll_2,unroll_4,1,8.75,0.830697737175,False
workload_613.cpp,xczu7ev-ffvc1156-2-e,5,233.067115,71,26,1,2,11,cyclic_8_1,cyclic_16_1,block_2_1,unroll_2,unroll_2,unroll_16,1,10,0.683395076039,False
workload_632.cpp,xczu7ev-ffvc1156-2-e,5,231.319915,261,26,2,4,29,cyclic_8_1,cyclic_16_1,block_2_1,unroll_2,unroll_2,unroll_64,1,15.25,0.62895015713,False
workload_735.cpp,xczu7ev-ffvc1156-2-e,5,235.396715,61,26,1,1,8,cyclic_8_1,cyclic_16_1,block_2_1,unroll_2,unroll_2,unroll_8,1,9,0.68460468242,False
workload_677.cpp,xczu7ev-ffvc1156-2-e,5,328.364555,125,26,1,3,17,cyclic_8_1,cyclic_16_1,block_2_1,unroll_2,unroll_4,unroll_16,1,11.75,0.411012199763,False
workload_717.cpp,xczu7ev-ffvc1156-2-e,5,327.181835,236,26,1,4,29,cyclic_8_1,cyclic_16_1,block_2_1,unroll_2,unroll_4,unroll_32,1,15,0.396264882987,False
workload_742.cpp,xczu7ev-ffvc1156-2-e,5,326.590475,595,26,1,6,53,cyclic_8_1,cyclic_16_1,block_2_1,unroll_2,unroll_4,unroll_64,1,21.5,0.354102979042,False
workload_857.cpp,xczu7ev-ffvc1156-2-e,5,233.067115,75,26,1,2,11,cyclic_8_1,cyclic_16_1,block_4_1,unroll_2,unroll_2,unroll_16,1,10,0.683395076039,False
workload_757.cpp,xczu7ev-ffvc1156-2-e,5,328.36451,122,26,1,3,17,cyclic_8_1,cyclic_16_1,complete_1,unroll_2,unroll_4,unroll_16,1,11.75,0.411012303348,False
workload_771.cpp,xczu7ev-ffvc1156-2-e,5,377.618635,72,26,1,2,12,cyclic_8_1,cyclic_16_1,cyclic_2_1,unroll_2,unroll_8,pipeline_1,1,10.25,0.312403986527,False
workload_791.cpp,xczu7ev-ffvc1156-2-e,5,225.527275,43,26,1,1,5,cyclic_8_1,cyclic_16_1,cyclic_4_1,unroll_2,unroll_2,pipeline_1,1,8.25,0.720766307531,False
workload_845.cpp,xczu7ev-ffvc1156-2-e,5,164.193145,117,25,1,4,19,cyclic_8_1,cyclic_2_1,block_2_1,unroll_17,unroll_2,pipeline_1,1,12.25,0.85601755717,False
workload_815.cpp,xczu7ev-ffvc1156-2-e,5,190.047465,198,25,1,6,23,cyclic_8_1,cyclic_2_1,block_2_1,unroll_17,unroll_2,unroll_8,1,13.75,0.763788244639,False
workload_1104.cpp,xczu7ev-ffvc1156-2-e,5,49.543355,963,25,1,13,44,cyclic_8_1,cyclic_2_1,block_2_1,unroll_2,pipeline_1,pipeline_1,1,20.75,0.682880662798,False
workload_1163.cpp,xczu7ev-ffvc1156-2-e,5,49.543355,906,25,1,13,44,cyclic_8_1,cyclic_2_1,block_2_1,unroll_2,pipeline_1,unroll_2,1,20.75,0.682880662798,False
workload_1044.cpp,xczu7ev-ffvc1156-2-e,5,49.543355,918,25,1,13,44,cyclic_8_1,cyclic_2_1,block_2_1,unroll_2,pipeline_1,unroll_4,1,20.75,0.682880662798,False
workload_1146.cpp,xczu7ev-ffvc1156-2-e,5,49.543355,954,25,1,13,44,cyclic_8_1,cyclic_2_1,block_2_1,unroll_2,pipeline_1,unroll_64,1,20.75,0.682880662798,False
workload_961.cpp,xczu7ev-ffvc1156-2-e,5,164.203675,42,25,1,1,4,cyclic_8_1,cyclic_2_1,block_2_1,unroll_2,unroll_2,pipeline_1,1,7.75,0.944278014938,False
workload_1131.cpp,xczu7ev-ffvc1156-2-e,5,194.706715,48,25,1,1,5,cyclic_8_1,cyclic_2_1,block_2_1,unroll_2,unroll_2,unroll_4,1,8,0.828885819263,False
workload_927.cpp,xczu7ev-ffvc1156-2-e,5,164.203655,51,25,1,2,7,cyclic_8_1,cyclic_2_1,block_2_1,unroll_4,unroll_2,pipeline_1,1,8.75,0.924273101617,False
workload_817.cpp,xczu7ev-ffvc1156-2-e,5,194.70658,154,25,1,5,21,cyclic_8_1,cyclic_2_1,complete_1,unroll_17,unroll_2,unroll_4,1,13,0.764677289224,False
workload_1378.cpp,xczu7ev-ffvc1156-2-e,5,49.54331,785,25,1,13,44,cyclic_8_1,cyclic_2_1,complete_1,unroll_2,pipeline_1,pipeline_1,1,20.75,0.68288069344,False
workload_1325.cpp,xczu7ev-ffvc1156-2-e,5,49.54331,848,25,1,13,44,cyclic_8_1,cyclic_2_1,complete_1,unroll_2,pipeline_1,unroll_16,1,20.75,0.68288069344,False
workload_1303.cpp,xczu7ev-ffvc1156-2-e,5,49.54331,982,25,1,13,44,cyclic_8_1,cyclic_2_1,complete_1,unroll_2,pipeline_1,unroll_2,1,20.75,0.68288069344,False
workload_1162.cpp,xczu7ev-ffvc1156-2-e,5,49.54331,902,25,1,13,44,cyclic_8_1,cyclic_2_1,complete_1,unroll_2,pipeline_1,unroll_4,1,20.75,0.68288069344,False
workload_1357.cpp,xczu7ev-ffvc1156-2-e,5,49.54331,1017,25,1,13,44,cyclic_8_1,cyclic_2_1,complete_1,unroll_2,pipeline_1,unroll_64,1,20.75,0.68288069344,False
workload_873.cpp,xczu7ev-ffvc1156-2-e,5,164.20359,43,25,1,1,4,cyclic_8_1,cyclic_2_1,complete_1,unroll_2,unroll_2,pipeline_1,1,7.75,0.944278341525,False
workload_1125.cpp,xczu7ev-ffvc1156-2-e,5,204.02503,44,25,1,1,4,cyclic_8_1,cyclic_2_1,complete_1,unroll_2,unroll_2,unroll_2,1,7.75,0.796295685823,False
workload_1182.cpp,xczu7ev-ffvc1156-2-e,5,194.70663,43,25,1,1,5,cyclic_8_1,cyclic_2_1,complete_1,unroll_2,unroll_2,unroll_4,1,8,0.82888612614,False
workload_876.cpp,xczu7ev-ffvc1156-2-e,5,164.20357,49,25,1,2,7,cyclic_8_1,cyclic_2_1,complete_1,unroll_4,unroll_2,pipeline_1,1,8.75,0.924273337671,False
workload_1198.cpp,xczu7ev-ffvc1156-2-e,5,49.543355,1014,25,1,13,44,cyclic_8_1,cyclic_2_1,cyclic_2_1,unroll_2,pipeline_1,unroll_4,1,20.75,0.682880662798,False
workload_988.cpp,xczu7ev-ffvc1156-2-e,5,180.178075,42,25,1,1,4,cyclic_8_1,cyclic_2_1,cyclic_2_1,unroll_2,unroll_2,pipeline_1,1,7.75,0.8834316719,False
workload_1140.cpp,xczu7ev-ffvc1156-2-e,5,49.543355,931,25,1,13,44,cyclic_8_1,cyclic_2_1,cyclic_4_1,unroll_2,pipeline_1,unroll_2,1,20.75,0.682880662798,False
workload_773.cpp,xczu7ev-ffvc1156-2-e,5,231.319915,435,31,2,4,42,cyclic_8_1,cyclic_32_1,block_2_1,unroll_2,unroll_2,unroll_64,1,19.75,0.575665589147,False
workload_1169.cpp,xczu7ev-ffvc1156-2-e,5,49.54331,1081,26,2,15,47,cyclic_8_1,cyclic_4_1,complete_1,unroll_2,pipeline_1,unroll_4,1,22.5,0.629173995025,False
workload_1144.cpp,xczu7ev-ffvc1156-2-e,5,49.54331,1078,26,2,15,47,cyclic_8_1,cyclic_4_1,complete_1,unroll_2,pipeline_1,unroll_8,1,22.5,0.629173995025,False
workload_922.cpp,xczu7ev-ffvc1156-2-e,5,187.71787,67,26,1,2,8,cyclic_8_1,cyclic_4_1,complete_1,unroll_2,unroll_2,unroll_16,1,9.25,0.839464836924,False
workload_874.cpp,xczu7ev-ffvc1156-2-e,5,235.49207,46,26,1,1,6,cyclic_8_1,cyclic_4_1,complete_1,unroll_2,unroll_4,pipeline_1,1,8.5,0.686988821104,False
workload_831.cpp,xczu7ev-ffvc1156-2-e,5,172.190875,44.5,26,1,1,4,cyclic_8_1,cyclic_4_1,cyclic_2_1,unroll_2,unroll_2,pipeline_1,2,8,0.91181760005,False
workload_793.cpp,xczu7ev-ffvc1156-2-e,5,209.552875,50,31,1,1,8,cyclic_8_1,cyclic_64_1,block_2_1,unroll_2,unroll_2,pipeline_1,1,10.25,0.753144445699,False
workload_777.cpp,xczu7ev-ffvc1156-2-e,5,327.181835,1009,31,1,5,91,cyclic_8_1,cyclic_64_1,block_2_1,unroll_2,unroll_4,unroll_32,1,32,0.232265828001,False
workload_274.cpp,xczu7ev-ffvc1156-2-e,10,301.21348,3299,46,56,20,66,block_128_1,block_2_1,complete_1,unroll_17,unroll_2,unroll_2,1,47,0.118130704456,False
workload_545.cpp,xczu7ev-ffvc1156-2-e,10,298.88406,127,47,8,3,12,block_128_1,block_4_1,complete_1,unroll_2,unroll_2,unroll_2,1,17.5,0.600075422826,False
workload_327.cpp,xczu7ev-ffvc1156-2-e,10,308.44191,58,46,4,9,20,block_128_1,cyclic_2_1,block_2_1,unroll_2,unroll_2,pipeline_1,1,19.75,0.515528192164,False
workload_374.cpp,xczu7ev-ffvc1156-2-e,10,298.88406,123,46,7,2,11,block_128_1,cyclic_2_1,complete_1,unroll_2,unroll_2,unroll_2,1,16.5,0.639772717515,False
workload_405.cpp,xczu7ev-ffvc1156-2-e,10,288.90015,95,33,28,9,16,block_16_1,block_2_1,cyclic_2_1,unroll_2,unroll_2,unroll_8,1,21.5,0.465995275888,False
workload_366.cpp,xczu7ev-ffvc1156-2-e,10,292.22815,57,34,14,4,9,block_16_1,cyclic_4_1,cyclic_4_1,unroll_2,unroll_2,unroll_4,1,15.25,0.691859004139,False
workload_180.cpp,xczu7ev-ffvc1156-2-e,10,379.59855,147,39,28,8,24,block_16_1,cyclic_64_1,block_2_1,unroll_2,unroll_2,unroll_8,1,24.75,0.344450809648,False
workload_129.cpp,xczu7ev-ffvc1156-2-e,10,688.43998,301,41,1,35,81,block_2_1,block_128_1,cyclic_2_1,unroll_2,unroll_8,pipeline_1,1,39.5,0.100356388705,False
workload_184.cpp,xczu7ev-ffvc1156-2-e,10,300.55811,203,24,1,19,31,block_2_1,block_2_1,complete_1,unroll_17,unroll_2,unroll_2,1,18.75,0.552469448843,False
workload_154.cpp,xczu7ev-ffvc1156-2-e,10,14.33757,1079,24,1,27,76,block_2_1,block_2_1,complete_1,unroll_2,pipeline_1,pipeline_1,3,32,0.422948418289,False
workload_273.cpp,xczu7ev-ffvc1156-2-e,10,14.33757,1136,24,1,27,76,block_2_1,block_2_1,complete_1,unroll_2,pipeline_1,unroll_16,1,32,0.422948418289,False
workload_424.cpp,xczu7ev-ffvc1156-2-e,10,14.33757,1197,24,1,27,76,block_2_1,block_2_1,complete_1,unroll_2,pipeline_1,unroll_2,1,32,0.422948418289,False
workload_391.cpp,xczu7ev-ffvc1156-2-e,10,14.33757,1074,24,1,27,76,block_2_1,block_2_1,complete_1,unroll_2,pipeline_1,unroll_4,1,32,0.422948418289,False
workload_343.cpp,xczu7ev-ffvc1156-2-e,10,307.77597,41,24,1,9,16,block_2_1,block_2_1,complete_1,unroll_2,unroll_2,pipeline_1,1,12.5,0.810168500185,False
workload_342.cpp,xczu7ev-ffvc1156-2-e,10,298.22869,45,24,1,3,6,block_2_1,block_2_1,complete_1,unroll_2,unroll_2,unroll_2,1,8.5,0.962199628452,False
workload_163.cpp,xczu7ev-ffvc1156-2-e,10,291.57269,56,24,1,5,9,block_2_1,block_2_1,complete_1,unroll_2,unroll_2,unroll_4,1,9.75,0.933400839292,False
workload_475.cpp,xczu7ev-ffvc1156-2-e,10,288.24469,74,24,1,9,14,block_2_1,block_2_1,complete_1,unroll_2,unroll_2,unroll_8,1,12,0.83746168158,False
workload_430.cpp,xczu7ev-ffvc1156-2-e,10,14.3363,1211,24,1,27,76,block_2_1,block_2_1,cyclic_2_1,unroll_2,pipeline_1,pipeline_1,1,32,1,True
workload_297.cpp,xczu7ev-ffvc1156-2-e,10,298.22878,46,24,1,3,6,block_2_1,block_2_1,cyclic_2_1,unroll_2,unroll_2,unroll_2,1,8.5,0.96219954193,False
workload_364.cpp,xczu7ev-ffvc1156-2-e,10,291.57278,54,24,1,5,9,block_2_1,block_2_1,cyclic_2_1,unroll_2,unroll_2,unroll_4,1,9.75,0.933400787737,False
workload_328.cpp,xczu7ev-ffvc1156-2-e,10,288.24478,75,24,1,9,14,block_2_1,block_2_1,cyclic_2_1,unroll_2,unroll_2,unroll_8,1,12,0.837461688151,False
workload_497.cpp,xczu7ev-ffvc1156-2-e,10,14.33766,1217,24,1,27,76,block_2_1,block_2_1,cyclic_4_1,unroll_2,pipeline_1,pipeline_1,1,32,0.422948384242,False
workload_440.cpp,xczu7ev-ffvc1156-2-e,10,307.77614,47,24,1,9,16,block_2_1,block_2_1,cyclic_4_1,unroll_2,unroll_2,pipeline_1,1,12.5,0.810168423432,False
workload_261.cpp,xczu7ev-ffvc1156-2-e,10,382.27118,59,26,1,5,12,block_2_1,block_32_1,block_4_1,unroll_2,unroll_2,unroll_4,1,11,0.768341163092,False
workload_429.cpp,xczu7ev-ffvc1156-2-e,10,14.33893,1295,25,1,45,94,block_2_1,block_4_1,complete_1,unroll_2,pipeline_1,unroll_8,1,41.25,0.207260420948,False
workload_398.cpp,xczu7ev-ffvc1156-2-e,10,291.57269,54,25,1,5,9,block_2_1,block_4_1,complete_1,unroll_2,unroll_2,unroll_4,1,10,0.930107905907,False
workload_367.cpp,xczu7ev-ffvc1156-2-e,10,288.24469,77,25,2,9,14,block_2_1,block_4_1,complete_1,unroll_2,unroll_2,unroll_8,1,12.5,0.814029027574,False
workload_335.cpp,xczu7ev-ffvc1156-2-e,10,450.05629,53,25,1,18,31,block_2_1,block_4_1,complete_1,unroll_2,unroll_4,pipeline_1,1,18.75,0.472708852704,False
workload_326.cpp,xczu7ev-ffvc1156-2-e,10,291.57278,55,25,1,5,9,block_2_1,block_4_1,cyclic_2_1,unroll_2,unroll_2,unroll_4,1,10,0.930107816772,False
workload_263.cpp,xczu7ev-ffvc1156-2-e,10,300.55828,187,25,4,19,32,block_2_1,block_4_1,cyclic_4_1,unroll_17,unroll_2,unroll_2,1,20,0.507337544919,False
workload_224.cpp,xczu7ev-ffvc1156-2-e,10,307.77614,46,25,1,9,16,block_2_1,block_4_1,cyclic_4_1,unroll_2,unroll_2,pipeline_1,1,12.75,0.798951128217,False
workload_162.cpp,xczu7ev-ffvc1156-2-e,10,398.47454,51,31,1,9,20,block_2_1,block_64_1,block_4_1,unroll_2,unroll_2,pipeline_1,1,15.25,0.626244006906,False
workload_122.cpp,xczu7ev-ffvc1156-2-e,10,382.27118,74,31,1,5,14,block_2_1,block_64_1,block_4_1,unroll_2,unroll_2,unroll_4,1,12.75,0.723684928141,False
workload_83.cpp,xczu7ev-ffvc1156-2-e,10,378.94318,117,31,2,9,23,block_2_1,block_64_1,block_4_1,unroll_2,unroll_2,unroll_8,1,16.25,0.61127994803,False
workload_264.cpp,xczu7ev-ffvc1156-2-e,10,382.27109,70,31,1,5,14,block_2_1,block_64_1,complete_1,unroll_2,unroll_2,unroll_4,1,12.75,0.723685052762,False
workload_217.cpp,xczu7ev-ffvc1156-2-e,10,398.47437,46,26,1,9,16,block_2_1,block_8_1,complete_1,unroll_2,unroll_2,pipeline_1,1,13,0.693871478777,False
workload_561.cpp,xczu7ev-ffvc1156-2-e,10,14.3363,1135,24,1,27,77,block_2_1,cyclic_2_1,block_2_1,unroll_2,pipeline_1,unroll_16,1,32.25,0.419476261607,False
workload_302.cpp,xczu7ev-ffvc1156-2-e,10,300.55811,168,24,1,16,27,block_2_1,cyclic_2_1,complete_1,unroll_17,unroll_2,unroll_2,1,17,0.619604904956,False
workload_464.cpp,xczu7ev-ffvc1156-2-e,10,14.33621,1100.5,24,1,27,77,block_2_1,cyclic_2_1,complete_1,unroll_2,pipeline_1,pipeline_1,2,32.25,1,True
workload_427.cpp,xczu7ev-ffvc1156-2-e,10,14.33621,1206,24,1,27,77,block_2_1,cyclic_2_1,complete_1,unroll_2,pipeline_1,unroll_16,1,32.25,1,True
workload_425.cpp,xczu7ev-ffvc1156-2-e,10,14.33621,1197,24,1,27,77,block_2_1,cyclic_2_1,complete_1,unroll_2,pipeline_1,unroll_4,1,32.25,1,True
workload_428.cpp,xczu7ev-ffvc1156-2-e,10,14.33621,1162.5,24,1,27,77,block_2_1,cyclic_2_1,complete_1,unroll_2,pipeline_1,unroll_8,2,32.25,1,True
workload_294.cpp,xczu7ev-ffvc1156-2-e,10,307.77597,45,24,1,9,15,block_2_1,cyclic_2_1,complete_1,unroll_2,unroll_2,pipeline_1,1,12.25,0.821405454897,False
workload_401.cpp,xczu7ev-ffvc1156-2-e,10,298.22869,45,24,1,2,6,block_2_1,cyclic_2_1,complete_1,unroll_2,unroll_2,unroll_2,1,8.25,0.972089693574,False
workload_521.cpp,xczu7ev-ffvc1156-2-e,10,291.57269,51,24,1,4,8,block_2_1,cyclic_2_1,complete_1,unroll_2,unroll_2,unroll_4,1,9.25,0.941272089725,False
workload_420.cpp,xczu7ev-ffvc1156-2-e,10,285.20789,948,24,1,54,76,block_2_1,cyclic_2_1,complete_1,unroll_2,unroll_2,unroll_64,1,38.75,0.207783927459,False
workload_400.cpp,xczu7ev-ffvc1156-2-e,10,288.24469,71,24,1,7,12,block_2_1,cyclic_2_1,complete_1,unroll_2,unroll_2,unroll_8,1,11,0.885403384841,False
workload_447.cpp,xczu7ev-ffvc1156-2-e,10,430.58357,108,24,1,14,22,block_2_1,cyclic_2_1,complete_1,unroll_2,unroll_4,unroll_8,1,15.25,0.589843720853,False
workload_279.cpp,xczu7ev-ffvc1156-2-e,10,307.77614,41,24,1,8,15,block_2_1,cyclic_2_1,cyclic_2_1,unroll_2,unroll_2,pipeline_1,2,12,0.83263845617,False
workload_330.cpp,xczu7ev-ffvc1156-2-e,10,298.22878,43,24,1,2,6,block_2_1,cyclic_2_1,cyclic_2_1,unroll_2,unroll_2,unroll_2,1,8.25,0.972089627252,False
workload_271.cpp,xczu7ev-ffvc1156-2-e,10,285.20798,854,24,1,53,76,block_2_1,cyclic_2_1,cyclic_2_1,unroll_2,unroll_2,unroll_64,1,38.5,0.211126193113,False
workload_303.cpp,xczu7ev-ffvc1156-2-e,10,288.24478,72,24,1,7,12,block_2_1,cyclic_2_1,cyclic_2_1,unroll_2,unroll_2,unroll_8,1,11,0.885403391438,False
workload_414.cpp,xczu7ev-ffvc1156-2-e,10,307.7761,49,24,1,17,29,block_2_1,cyclic_2_1,cyclic_2_1,unroll_4,unroll_2,pipeline_1,1,17.75,0.58949191909,False
workload_380.cpp,xczu7ev-ffvc1156-2-e,10,300.55828,169,24,1,16,27,block_2_1,cyclic_2_1,cyclic_4_1,unroll_17,unroll_2,unroll_2,1,17,0.619604890186,False
workload_449.cpp,xczu7ev-ffvc1156-2-e,10,307.77614,42,24,1,9,15,block_2_1,cyclic_2_1,cyclic_4_1,unroll_2,unroll_2,pipeline_1,1,12.25,0.821405370805,False
workload_486.cpp,xczu7ev-ffvc1156-2-e,10,298.22878,46,24,1,2,6,block_2_1,cyclic_2_1,cyclic_4_1,unroll_2,unroll_2,unroll_2,1,8.25,0.972089627252,False
workload_498.cpp,xczu7ev-ffvc1156-2-e,10,14.33621,1368,25,1,29,79,block_2_1,cyclic_4_1,complete_1,unroll_2,pipeline_1,unroll_4,1,33.5,0.383639234244,False
workload_446.cpp,xczu7ev-ffvc1156-2-e,10,298.22869,43,25,1,2,6,block_2_1,cyclic_4_1,complete_1,unroll_2,unroll_2,unroll_2,1,8.5,0.962199628452,False
workload_373.cpp,xczu7ev-ffvc1156-2-e,10,288.24469,69,25,1,7,13,block_2_1,cyclic_4_1,complete_1,unroll_2,unroll_2,unroll_8,1,11.5,0.86125670025,False
workload_319.cpp,xczu7ev-ffvc1156-2-e,10,307.77614,42,25,1,8,15,block_2_1,cyclic_4_1,cyclic_2_1,unroll_2,unroll_2,pipeline_1,1,12.25,0.821405370805,False
workload_87.cpp,xczu7ev-ffvc1156-2-e,10,285.20798,944,25,1,53,77,block_2_1,cyclic_4_1,cyclic_2_1,unroll_2,unroll_2,unroll_64,1,39,0.204461162491,False
workload_62.cpp,xczu7ev-ffvc1156-2-e,10,534.50702,69,25,1,33,56,block_2_1,cyclic_4_1,cyclic_2_1,unroll_2,unroll_8,pipeline_1,1,28.75,0.203262831193,False
workload_181.cpp,xczu7ev-ffvc1156-2-e,10,514.6291,263,25,1,28,42,block_2_1,cyclic_4_1,cyclic_2_1,unroll_2,unroll_8,unroll_8,1,24,0.299223327961,False
workload_128.cpp,xczu7ev-ffvc1156-2-e,10,377.11278,213,31,1,14,39,block_2_1,cyclic_64_1,block_2_1,unroll_2,unroll_2,unroll_16,1,21.25,0.44601130744,False
workload_1.cpp,xczu7ev-ffvc1156-2-e,10,378.94318,108,31,1,7,22,block_2_1,cyclic_64_1,block_2_1,unroll_2,unroll_2,unroll_8,1,15.25,0.645926185944,False
workload_221.cpp,xczu7ev-ffvc1156-2-e,10,378.94309,107,31,1,7,22,block_2_1,cyclic_64_1,complete_1,unroll_2,unroll_2,unroll_8,1,15.25,0.645926271111,False
workload_170.cpp,xczu7ev-ffvc1156-2-e,10,378.94318,103,31,1,7,22,block_2_1,cyclic_64_1,cyclic_2_1,unroll_2,unroll_2,unroll_8,1,15.25,0.645926185944,False
workload_205.cpp,xczu7ev-ffvc1156-2-e,10,572.2619,74,26,1,8,15,block_2_1,cyclic_8_1,block_4_1,unroll_2,unroll_4,unroll_4,1,12.5,0.444694665476,False
workload_351.cpp,xczu7ev-ffvc1156-2-e,10,375.90638,939,26,1,53,80,block_2_1,cyclic_8_1,cyclic_2_1,unroll_2,unroll_2,unroll_64,1,40,0.162967572928,False
workload_105.cpp,xczu7ev-ffvc1156-2-e,10,688.43998,64,26,1,33,56,block_2_1,cyclic_8_1,cyclic_2_1,unroll_2,unroll_8,pipeline_1,1,29,0.142689065247,False
workload_127.cpp,xczu7ev-ffvc1156-2-e,10,684.40334,139,26,1,15,26,block_2_1,cyclic_8_1,cyclic_2_1,unroll_2,unroll_8,unroll_4,1,17,0.271139164351,False
workload_166.cpp,xczu7ev-ffvc1156-2-e,10,688.43998,67,26,1,33,56,block_2_1,cyclic_8_1,cyclic_4_1,unroll_2,unroll_8,pipeline_1,1,29,0.142689065247,False
workload_123.cpp,xczu7ev-ffvc1156-2-e,10,700.93551,101,42,15,38,65,block_32_1,block_16_1,cyclic_4_1,unroll_2,unroll_8,pipeline_1,1,40,0.1,False
workload_179.cpp,xczu7ev-ffvc1156-2-e,10,378.94318,164,42,1,7,37,block_4_1,cyclic_128_1,block_2_1,unroll_2,unroll_2,unroll_8,1,21.75,0.429929417425,False
workload_231.cpp,xczu7ev-ffvc1156-2-e,10,514.6291,316,26,1,28,58,block_4_1,cyclic_4_1,cyclic_4_1,unroll_2,unroll_8,unroll_8,1,28.25,0.218991327771,False
workload_63.cpp,xczu7ev-ffvc1156-2-e,10,378.94318,108,32,1,7,26,block_4_1,cyclic_64_1,block_2_1,unroll_2,unroll_2,unroll_8,1,16.5,0.602610145316,False
workload_171.cpp,xczu7ev-ffvc1156-2-e,10,378.94309,113,32,1,8,26,block_4_1,cyclic_64_1,complete_1,unroll_2,unroll_2,unroll_8,1,16.75,0.593952169173,False
workload_228.cpp,xczu7ev-ffvc1156-2-e,10,568.54469,217,32,1,15,49,block_4_1,cyclic_64_1,complete_1,unroll_2,unroll_4,unroll_8,1,24.25,0.261422653433,False
workload_212.cpp,xczu7ev-ffvc1156-2-e,10,378.94318,99,32,1,7,26,block_4_1,cyclic_64_1,cyclic_2_1,unroll_2,unroll_2,unroll_8,1,16.5,0.602610145316,False
workload_289.cpp,xczu7ev-ffvc1156-2-e,10,378.94309,80,27,1,7,17,block_4_1,cyclic_8_1,complete_1,unroll_2,unroll_2,unroll_8,1,13,0.720620899815,False
workload_418.cpp,xczu7ev-ffvc1156-2-e,10,379.59846,491,63,30,9,42,block_64_1,block_128_1,complete_1,unroll_2,unroll_2,unroll_8,1,36,0.203422836177,False
workload_202.cpp,xczu7ev-ffvc1156-2-e,10,308.44191,52,46,4,10,19,block_64_1,block_2_1,block_4_1,unroll_2,unroll_2,pipeline_1,1,19.75,0.515528192164,False
workload_235.cpp,xczu7ev-ffvc1156-2-e,10,301.21348,1071,46,56,20,47,block_64_1,block_2_1,complete_1,unroll_17,unroll_2,unroll_2,1,42.25,0.160218426473,False
workload_172.cpp,xczu7ev-ffvc1156-2-e,10,308.44191,56,46,4,10,19,block_64_1,block_2_1,cyclic_2_1,unroll_2,unroll_2,pipeline_1,1,19.75,0.515528192164,False
workload_287.cpp,xczu7ev-ffvc1156-2-e,10,298.88415,70,46,7,3,9,block_64_1,block_2_1,cyclic_4_1,unroll_2,unroll_2,unroll_2,1,16.25,0.649930936589,False
workload_379.cpp,xczu7ev-ffvc1156-2-e,10,292.22815,122,46,14,5,13,block_64_1,block_2_1,cyclic_4_1,unroll_2,unroll_2,unroll_4,1,19.5,0.525359942512,False
workload_347.cpp,xczu7ev-ffvc1156-2-e,10,288.90015,287,46,28,9,22,block_64_1,block_2_1,cyclic_4_1,unroll_2,unroll_2,unroll_8,1,26.25,0.370903997552,False
workload_126.cpp,xczu7ev-ffvc1156-2-e,10,399.14031,62,47,4,10,20,block_64_1,block_32_1,cyclic_4_1,unroll_2,unroll_2,pipeline_1,1,20.25,0.465900885432,False
workload_85.cpp,xczu7ev-ffvc1156-2-e,10,389.58255,85,47,8,3,10,block_64_1,block_32_1,cyclic_4_1,unroll_2,unroll_2,unroll_2,1,17,0.577096132342,False
workload_215.cpp,xczu7ev-ffvc1156-2-e,10,308.44191,55,47,4,10,19,block_64_1,block_4_1,block_2_1,unroll_2,unroll_2,pipeline_1,1,20,0.506712602027,False
workload_295.cpp,xczu7ev-ffvc1156-2-e,10,300.21514,129,47,15,5,14,block_64_1,block_4_1,complete_1,unroll_4,unroll_2,unroll_2,1,20.25,0.498611965166,False
workload_104.cpp,xczu7ev-ffvc1156-2-e,10,308.44191,52,47,4,10,19,block_64_1,block_4_1,cyclic_2_1,unroll_2,unroll_2,pipeline_1,1,20,0.506712602027,False
workload_175.cpp,xczu7ev-ffvc1156-2-e,10,298.88415,74,47,8,3,9,block_64_1,block_4_1,cyclic_2_1,unroll_2,unroll_2,unroll_2,1,16.75,0.62970788336,False
workload_227.cpp,xczu7ev-ffvc1156-2-e,10,442.39039,118,47,15,5,14,block_64_1,block_4_1,cyclic_2_1,unroll_2,unroll_4,unroll_2,1,20.25,0.437546744028,False
workload_0.cpp,xczu7ev-ffvc1156-2-e,10,308.44191,60,47,4,10,19,block_64_1,block_4_1,cyclic_4_1,unroll_2,unroll_2,pipeline_1,1,20,0.506712602027,False
workload_121.cpp,xczu7ev-ffvc1156-2-e,10,298.88415,74,47,8,3,9,block_64_1,block_4_1,cyclic_4_1,unroll_2,unroll_2,unroll_2,1,16.75,0.62970788336,False
workload_301.cpp,xczu7ev-ffvc1156-2-e,10,292.22815,117,47,15,5,13,block_64_1,block_4_1,cyclic_4_1,unroll_2,unroll_2,unroll_4,1,20,0.50757202451,False
workload_269.cpp,xczu7ev-ffvc1156-2-e,10,288.90015,305,47,30,9,22,block_64_1,block_4_1,cyclic_4_1,unroll_2,unroll_2,unroll_8,1,27,0.355102033161,False
workload_305.cpp,xczu7ev-ffvc1156-2-e,10,442.39039,123,47,15,5,14,block_64_1,block_4_1,cyclic_4_1,unroll_2,unroll_4,unroll_2,1,20.25,0.437546744028,False
workload_164.cpp,xczu7ev-ffvc1156-2-e,10,399.14031,56,47,4,10,19,block_64_1,block_8_1,block_2_1,unroll_2,unroll_2,pipeline_1,1,20,0.473603461862,False
workload_248.cpp,xczu7ev-ffvc1156-2-e,10,389.58255,69,47,7,2,9,block_64_1,cyclic_16_1,cyclic_4_1,unroll_2,unroll_2,unroll_2,1,16.25,0.602190349744,False
workload_230.cpp,xczu7ev-ffvc1156-2-e,10,382.92655,113,47,14,4,14,block_64_1,cyclic_16_1,cyclic_4_1,unroll_2,unroll_2,unroll_4,1,19.75,0.490687966553,False
workload_324.cpp,xczu7ev-ffvc1156-2-e,10,308.44174,49.5,46,4,9,18,block_64_1,cyclic_2_1,complete_1,unroll_2,unroll_2,pipeline_1,2,19.25,0.533439108895,False
workload_267.cpp,xczu7ev-ffvc1156-2-e,10,288.90006,298,46,28,8,20,block_64_1,cyclic_2_1,complete_1,unroll_2,unroll_2,unroll_8,1,25.5,0.386652856214,False
workload_254.cpp,xczu7ev-ffvc1156-2-e,10,308.4417,69,46,7,18,34,block_64_1,cyclic_2_1,complete_1,unroll_4,unroll_2,pipeline_1,1,26.25,0.35982989512,False
workload_338.cpp,xczu7ev-ffvc1156-2-e,10,300.21514,118,46,14,5,13,block_64_1,cyclic_2_1,complete_1,unroll_4,unroll_2,unroll_2,1,19.5,0.525127016063,False
workload_371.cpp,xczu7ev-ffvc1156-2-e,10,450.7169,99,46,14,36,63,block_64_1,cyclic_2_1,complete_1,unroll_4,unroll_4,pipeline_1,1,39.75,0.142474589021,False
workload_370.cpp,xczu7ev-ffvc1156-2-e,10,308.44191,52,46,4,9,18,block_64_1,cyclic_2_1,cyclic_4_1,unroll_2,unroll_2,pipeline_1,1,19.25,0.533439089259,False
workload_204.cpp,xczu7ev-ffvc1156-2-e,10,298.88415,67,46,7,2,8,block_64_1,cyclic_2_1,cyclic_4_1,unroll_2,unroll_2,unroll_2,1,15.75,0.670526740616,False
workload_404.cpp,xczu7ev-ffvc1156-2-e,10,292.22815,116,46,14,4,12,block_64_1,cyclic_2_1,cyclic_4_1,unroll_2,unroll_2,unroll_4,1,19,0.543527284587,False
workload_288.cpp,xczu7ev-ffvc1156-2-e,10,298.88406,70,47,7,3,8,block_64_1,cyclic_4_1,complete_1,unroll_2,unroll_2,unroll_2,1,16.25,0.649930943884,False
workload_340.cpp,xczu7ev-ffvc1156-2-e,10,292.22806,118,47,14,4,12,block_64_1,cyclic_4_1,complete_1,unroll_2,unroll_2,unroll_4,1,19.25,0.534396192213,False
workload_249.cpp,xczu7ev-ffvc1156-2-e,10,308.4417,69,47,7,18,34,block_64_1,cyclic_4_1,complete_1,unroll_4,unroll_2,pipeline_1,1,26.5,0.354771107279,False
workload_168.cpp,xczu7ev-ffvc1156-2-e,10,308.44191,55,47,4,9,18,block_64_1,cyclic_4_1,cyclic_4_1,unroll_2,unroll_2,pipeline_1,1,19.5,0.524437066901,False
workload_177.cpp,xczu7ev-ffvc1156-2-e,10,298.88415,68,47,7,2,8,block_64_1,cyclic_4_1,cyclic_4_1,unroll_2,unroll_2,unroll_2,1,16,0.66018235903,False
workload_339.cpp,xczu7ev-ffvc1156-2-e,10,300.21531,118,47,14,5,13,block_64_1,cyclic_4_1,cyclic_4_1,unroll_4,unroll_2,unroll_2,1,19.75,0.516194216979,False
workload_223.cpp,xczu7ev-ffvc1156-2-e,10,399.14031,58,52,4,9,21,block_64_1,cyclic_64_1,cyclic_2_1,unroll_2,unroll_2,pipeline_1,1,21.5,0.428244454939,False
workload_284.cpp,xczu7ev-ffvc1156-2-e,10,298.88406,48,28,1,3,9,block_8_1,block_2_1,complete_1,unroll_2,unroll_2,unroll_2,1,10.25,0.914732666907,False
workload_201.cpp,xczu7ev-ffvc1156-2-e,10,308.43151,45,28,1,9,18,block_8_1,block_2_1,cyclic_4_1,unroll_2,unroll_2,pipeline_1,1,14,0.743419941142,False
workload_244.cpp,xczu7ev-ffvc1156-2-e,10,298.88415,49,28,1,3,9,block_8_1,block_2_1,cyclic_4_1,unroll_2,unroll_2,unroll_2,1,10.25,0.914732575109,False
workload_286.cpp,xczu7ev-ffvc1156-2-e,10,308.4313,57,28,1,17,33,block_8_1,cyclic_2_1,complete_1,unroll_4,unroll_2,pipeline_1,1,19.75,0.515529334106,False
workload_333.cpp,xczu7ev-ffvc1156-2-e,10,308.43151,43,28,1,9,17,block_8_1,cyclic_2_1,cyclic_2_1,unroll_2,unroll_2,pipeline_1,1,13.75,0.754347223634,False
workload_345.cpp,xczu7ev-ffvc1156-2-e,10,307.39151,58,26,1,2,9,cyclic_128_1,block_2_1,block_2_1,unroll_2,unroll_2,pipeline_1,1,9.5,0.921120314262,False
workload_290.cpp,xczu7ev-ffvc1156-2-e,10,307.39147,80,26,1,3,15,cyclic_128_1,block_2_1,block_2_1,unroll_4,unroll_2,pipeline_1,1,11.25,0.866179017604,False
workload_270.cpp,xczu7ev-ffvc1156-2-e,10,46.22126,356,33,1,13,43,cyclic_128_1,block_2_1,complete_1,unroll_2,pipeline_1,pipeline_1,2,22.5,0.53887469118,False
workload_232.cpp,xczu7ev-ffvc1156-2-e,10,46.22126,333,33,1,13,43,cyclic_128_1,block_2_1,complete_1,unroll_2,pipeline_1,unroll_8,1,22.5,0.53887469118,False
workload_378.cpp,xczu7ev-ffvc1156-2-e,10,307.39134,52.5,26,1,2,9,cyclic_128_1,block_2_1,complete_1,unroll_2,unroll_2,pipeline_1,2,9.5,0.921120519027,False
workload_476.cpp,xczu7ev-ffvc1156-2-e,10,287.40246,112,26,1,5,21,cyclic_128_1,block_2_1,complete_1,unroll_2,unroll_2,unroll_16,1,13.25,0.779512552906,False
workload_543.cpp,xczu7ev-ffvc1156-2-e,10,298.88406,86,26,1,1,7,cyclic_128_1,block_2_1,complete_1,unroll_2,unroll_2,unroll_2,1,8.75,0.956936324112,False
workload_376.cpp,xczu7ev-ffvc1156-2-e,10,294.22486,114,26,1,2,8,cyclic_128_1,block_2_1,complete_1,unroll_2,unroll_2,unroll_4,1,9.25,0.940827475629,False
workload_445.cpp,xczu7ev-ffvc1156-2-e,10,289.89846,184,26,1,3,10,cyclic_128_1,block_2_1,complete_1,unroll_2,unroll_2,unroll_8,1,10,0.931739372371,False
workload_350.cpp,xczu7ev-ffvc1156-2-e,10,46.22262,396,36,1,31,61,cyclic_128_1,block_4_1,complete_1,unroll_2,pipeline_1,unroll_8,1,32.25,0.407058921091,False
workload_150.cpp,xczu7ev-ffvc1156-2-e,10,380.59695,168,27,2,3,11,cyclic_128_1,block_8_1,block_4_1,unroll_2,unroll_2,unroll_8,1,10.75,0.776193578709,False
workload_247.cpp,xczu7ev-ffvc1156-2-e,10,398.08974,57,27,1,2,9,cyclic_128_1,block_8_1,complete_1,unroll_2,unroll_2,pipeline_1,1,9.75,0.761871596995,False
workload_213.cpp,xczu7ev-ffvc1156-2-e,10,384.92326,126,27,1,2,9,cyclic_128_1,block_8_1,complete_1,unroll_2,unroll_2,unroll_4,1,9.75,0.78471047336,False
workload_178.cpp,xczu7ev-ffvc1156-2-e,10,380.59686,211,27,2,3,10,cyclic_128_1,block_8_1,complete_1,unroll_2,unroll_2,unroll_8,1,10.5,0.780704280016,False
workload_229.cpp,xczu7ev-ffvc1156-2-e,10,409.05135,245,27,2,5,40,cyclic_128_1,cyclic_16_1,block_2_1,unroll_2,unroll_2,unroll_64,1,18.5,0.513551924219,False
workload_438.cpp,xczu7ev-ffvc1156-2-e,10,307.03774,53,26,1,1,8,cyclic_128_1,cyclic_2_1,complete_1,unroll_2,unroll_2,pipeline_1,2,9,0.939059381647,False
workload_448.cpp,xczu7ev-ffvc1156-2-e,10,294.22486,110,26,1,1,7,cyclic_128_1,cyclic_2_1,complete_1,unroll_2,unroll_2,unroll_4,1,8.75,0.961943674645,False
workload_304.cpp,xczu7ev-ffvc1156-2-e,10,289.89846,180,26,1,1,8,cyclic_128_1,cyclic_2_1,complete_1,unroll_2,unroll_2,unroll_8,1,9,0.953635031354,False
workload_567.cpp,xczu7ev-ffvc1156-2-e,10,436.64566,345,26,1,2,11,cyclic_128_1,cyclic_2_1,complete_1,unroll_2,unroll_4,unroll_4,1,10,0.689639634948,False
workload_547.cpp,xczu7ev-ffvc1156-2-e,10,289.89846,170,27,1,1,8,cyclic_128_1,cyclic_4_1,complete_1,unroll_2,unroll_2,unroll_8,1,9.25,0.941110968833,False
workload_323.cpp,xczu7ev-ffvc1156-2-e,10,397.73631,52,27,1,1,8,cyclic_128_1,cyclic_8_1,cyclic_4_1,unroll_2,unroll_2,pipeline_1,1,9.25,0.772532826228,False
workload_344.cpp,xczu7ev-ffvc1156-2-e,10,301.21365,141,26,1,7,26,cyclic_16_1,block_2_1,block_2_1,unroll_17,unroll_2,unroll_2,1,15,0.701830509694,False
workload_258.cpp,xczu7ev-ffvc1156-2-e,10,301.21348,140,26,1,7,26,cyclic_16_1,block_2_1,complete_1,unroll_17,unroll_2,unroll_2,1,15,0.701830533206,False
workload_417.cpp,xczu7ev-ffvc1156-2-e,10,46.22135,383,33,1,12,43,cyclic_16_1,block_2_1,cyclic_4_1,unroll_2,pipeline_1,pipeline_1,1,22.25,0.54711924178,False
workload_253.cpp,xczu7ev-ffvc1156-2-e,10,398.08991,44,28,1,2,5,cyclic_16_1,block_8_1,block_4_1,unroll_2,unroll_2,pipeline_1,1,9,0.776166884702,False
workload_169.cpp,xczu7ev-ffvc1156-2-e,10,411.54714,103,28,2,3,18,cyclic_16_1,cyclic_16_1,complete_1,unroll_4,unroll_2,unroll_16,1,12.75,0.681307950551,False
workload_255.cpp,xczu7ev-ffvc1156-2-e,10,486.99583,50,26,1,1,7,cyclic_16_1,cyclic_2_1,block_2_1,unroll_2,unroll_4,unroll_2,1,8.75,0.615291993035,False
workload_557.cpp,xczu7ev-ffvc1156-2-e,10,46.2199,369,26,1,12,43,cyclic_16_1,cyclic_2_1,complete_1,unroll_2,pipeline_1,pipeline_1,2,20.5,0.605683904223,False
workload_584.cpp,xczu7ev-ffvc1156-2-e,10,46.2199,377,26,1,12,43,cyclic_16_1,cyclic_2_1,complete_1,unroll_2,pipeline_1,unroll_8,1,20.5,0.605683904223,False
workload_519.cpp,xczu7ev-ffvc1156-2-e,10,330.83278,45,26,1,1,5,cyclic_16_1,cyclic_2_1,complete_1,unroll_2,unroll_2,unroll_4,1,8.25,0.920217678373,False
workload_587.cpp,xczu7ev-ffvc1156-2-e,10,46.21978,1048,26,1,23,80,cyclic_16_1,cyclic_2_1,complete_1,unroll_4,pipeline_1,unroll_8,1,32.5,0.403260055627,False
workload_473.cpp,xczu7ev-ffvc1156-2-e,10,324.17691,64,26,1,2,11,cyclic_16_1,cyclic_2_1,cyclic_2_1,unroll_4,unroll_2,unroll_8,1,10,0.888046751515,False
workload_372.cpp,xczu7ev-ffvc1156-2-e,10,344.14495,42,26,1,1,5,cyclic_16_1,cyclic_2_1,cyclic_4_1,unroll_2,unroll_2,unroll_2,1,8.25,0.894773923672,False
workload_185.cpp,xczu7ev-ffvc1156-2-e,10,587.25764,555,28,1,8,49,cyclic_16_1,cyclic_32_1,complete_1,unroll_17,unroll_4,pipeline_1,1,21.5,0.295626182853,False
workload_406.cpp,xczu7ev-ffvc1156-2-e,10,397.43454,64,41,1,2,11,cyclic_2_1,block_128_1,block_2_1,unroll_2,unroll_2,pipeline_1,1,13.75,0.673822092751,False
workload_474.cpp,xczu7ev-ffvc1156-2-e,10,397.43437,64,41,1,2,11,cyclic_2_1,block_128_1,complete_1,unroll_2,unroll_2,pipeline_1,1,13.75,0.673822311075,False
workload_381.cpp,xczu7ev-ffvc1156-2-e,10,397.43433,105,41,1,3,20,cyclic_2_1,block_128_1,complete_1,unroll_4,unroll_2,pipeline_1,1,16.25,0.595055599746,False
workload_458.cpp,xczu7ev-ffvc1156-2-e,10,45.56598,415,24,1,12,46,cyclic_2_1,block_2_1,block_2_1,unroll_2,pipeline_1,pipeline_1,1,20.75,0.597300692045,False
workload_492.cpp,xczu7ev-ffvc1156-2-e,10,45.56589,398,24,1,12,46,cyclic_2_1,block_2_1,complete_1,unroll_2,pipeline_1,pipeline_1,1,20.75,0.597300641306,False
workload_453.cpp,xczu7ev-ffvc1156-2-e,10,45.56589,380,24,1,12,46,cyclic_2_1,block_2_1,complete_1,unroll_2,pipeline_1,unroll_2,1,20.75,0.597300641306,False
workload_482.cpp,xczu7ev-ffvc1156-2-e,10,45.56589,410,24,1,12,46,cyclic_2_1,block_2_1,complete_1,unroll_2,pipeline_1,unroll_4,1,20.75,0.597300641306,False
workload_514.cpp,xczu7ev-ffvc1156-2-e,10,45.56589,383,24,1,12,46,cyclic_2_1,block_2_1,complete_1,unroll_2,pipeline_1,unroll_8,1,20.75,0.597300641306,False
workload_415.cpp,xczu7ev-ffvc1156-2-e,10,306.73597,38,24,1,2,4,cyclic_2_1,block_2_1,complete_1,unroll_2,unroll_2,pipeline_1,1,7.75,0.978278174122,False
workload_576.cpp,xczu7ev-ffvc1156-2-e,10,45.56462,433,24,1,12,46,cyclic_2_1,block_2_1,cyclic_2_1,unroll_2,pipeline_1,pipeline_1,1,20.75,0.597299925195,False
workload_252.cpp,xczu7ev-ffvc1156-2-e,10,306.73614,41,25,1,2,5,cyclic_2_1,block_4_1,block_2_1,unroll_2,unroll_2,pipeline_1,1,8.25,0.961980591317,False
workload_503.cpp,xczu7ev-ffvc1156-2-e,10,298.22878,40,25,1,1,4,cyclic_2_1,block_4_1,block_2_1,unroll_2,unroll_2,unroll_2,1,7.75,0.993472373001,False
workload_489.cpp,xczu7ev-ffvc1156-2-e,10,45.56725,478,25,1,30,64,cyclic_2_1,block_4_1,complete_1,unroll_2,pipeline_1,unroll_2,1,30,0.422587244785,False
workload_566.cpp,xczu7ev-ffvc1156-2-e,10,306.73597,43,25,1,2,5,cyclic_2_1,block_4_1,complete_1,unroll_2,unroll_2,pipeline_1,1,8.25,0.961980797112,False
workload_443.cpp,xczu7ev-ffvc1156-2-e,10,298.22869,40,25,1,1,4,cyclic_2_1,block_4_1,complete_1,unroll_2,unroll_2,unroll_2,1,7.75,1,True
workload_285.cpp,xczu7ev-ffvc1156-2-e,10,380.27429,57,26,2,3,8,cyclic_2_1,block_8_1,complete_1,unroll_2,unroll_2,unroll_8,1,9.75,0.792628624062,False
workload_211.cpp,xczu7ev-ffvc1156-2-e,10,397.08094,44,26,1,1,4,cyclic_2_1,cyclic_16_1,block_2_1,unroll_2,unroll_2,pipeline_1,1,8,0.789755265701,False
workload_282.cpp,xczu7ev-ffvc1156-2-e,10,397.0809,48,26,1,1,7,cyclic_2_1,cyclic_16_1,block_2_1,unroll_4,unroll_2,pipeline_1,1,8.75,0.781878861726,False
workload_226.cpp,xczu7ev-ffvc1156-2-e,10,586.6025,63,26,1,2,10,cyclic_2_1,cyclic_16_1,block_2_1,unroll_4,unroll_4,pipeline_1,1,9.75,0.450622027655,False
workload_240.cpp,xczu7ev-ffvc1156-2-e,10,306.38254,42,24,1,1,3,cyclic_2_1,cyclic_2_1,block_2_1,unroll_2,unroll_2,pipeline_1,1,7.25,0.988474523947,False
workload_528.cpp,xczu7ev-ffvc1156-2-e,10,45.56453,368.5,24,1,11,47,cyclic_2_1,cyclic_2_1,complete_1,unroll_2,pipeline_1,pipeline_1,2,20.75,0.597299874437,False
workload_583.cpp,xczu7ev-ffvc1156-2-e,10,45.56453,354,24,1,11,47,cyclic_2_1,cyclic_2_1,complete_1,unroll_2,pipeline_1,unroll_2,1,20.75,0.597299874437,False
workload_555.cpp,xczu7ev-ffvc1156-2-e,10,45.56453,361,24,1,11,47,cyclic_2_1,cyclic_2_1,complete_1,unroll_2,pipeline_1,unroll_4,1,20.75,0.597299874437,False
workload_577.cpp,xczu7ev-ffvc1156-2-e,10,45.56453,437,24,1,11,47,cyclic_2_1,cyclic_2_1,complete_1,unroll_2,pipeline_1,unroll_8,1,20.75,0.597299874437,False
workload_470.cpp,xczu7ev-ffvc1156-2-e,10,306.38237,41,24,1,1,3,cyclic_2_1,cyclic_2_1,complete_1,unroll_2,unroll_2,pipeline_1,1,7.25,1,True
workload_413.cpp,xczu7ev-ffvc1156-2-e,10,343.48941,41,24,1,1,3,cyclic_2_1,cyclic_2_1,complete_1,unroll_2,unroll_2,unroll_2,1,7.25,0.905870865458,False
workload_377.cpp,xczu7ev-ffvc1156-2-e,10,323.52149,46,24,1,1,5,cyclic_2_1,cyclic_2_1,complete_1,unroll_2,unroll_2,unroll_8,1,7.75,0.946590550847,False
workload_337.cpp,xczu7ev-ffvc1156-2-e,10,306.38233,42,24,1,1,5,cyclic_2_1,cyclic_2_1,complete_1,unroll_4,unroll_2,pipeline_1,1,7.75,0.97902607438,False
workload_329.cpp,xczu7ev-ffvc1156-2-e,10,343.48948,78,24,1,3,13,cyclic_2_1,cyclic_2_1,cyclic_2_1,unroll_17,unroll_2,unroll_2,1,10.25,0.850947677308,False
workload_579.cpp,xczu7ev-ffvc1156-2-e,10,45.56462,443,24,1,11,47,cyclic_2_1,cyclic_2_1,cyclic_2_1,unroll_2,pipeline_1,pipeline_1,1,20.75,0.597299925195,False
workload_292.cpp,xczu7ev-ffvc1156-2-e,10,343.48954,47,25,1,1,5,cyclic_2_1,cyclic_4_1,cyclic_4_1,unroll_4,unroll_2,unroll_2,1,8,0.900751918926,False
workload_257.cpp,xczu7ev-ffvc1156-2-e,10,737.67178,81,26,1,3,16,cyclic_2_1,cyclic_8_1,cyclic_2_1,unroll_4,unroll_8,unroll_2,1,11.5,0.260049548777,False
workload_490.cpp,xczu7ev-ffvc1156-2-e,10,46.5735,591,51,1,47,79,cyclic_32_1,block_128_1,complete_1,unroll_2,pipeline_1,unroll_8,1,44.5,0.160261864483,False
workload_580.cpp,xczu7ev-ffvc1156-2-e,10,398.08974,64,43,1,2,12,cyclic_32_1,block_128_1,complete_1,unroll_2,unroll_2,pipeline_1,1,14.5,0.650246708866,False
workload_272.cpp,xczu7ev-ffvc1156-2-e,10,398.08981,972,43,2,11,70,cyclic_32_1,block_128_1,cyclic_2_1,unroll_17,unroll_2,pipeline_1,1,31.5,0.24100481516,False
workload_542.cpp,xczu7ev-ffvc1156-2-e,10,389.58255,76,43,1,1,12,cyclic_32_1,block_128_1,cyclic_2_1,unroll_2,unroll_2,unroll_2,1,14.25,0.668027814198,False
workload_383.cpp,xczu7ev-ffvc1156-2-e,10,46.22126,345,33,1,12,42,cyclic_32_1,block_2_1,complete_1,unroll_2,pipeline_1,pipeline_1,3,22,0.555417143989,False
workload_477.cpp,xczu7ev-ffvc1156-2-e,10,46.22126,368,33,1,12,42,cyclic_32_1,block_2_1,complete_1,unroll_2,pipeline_1,unroll_2,1,22,0.555417143989,False
workload_346.cpp,xczu7ev-ffvc1156-2-e,10,46.22126,329,33,1,12,42,cyclic_32_1,block_2_1,complete_1,unroll_2,pipeline_1,unroll_8,1,22,0.555417143989,False
workload_435.cpp,xczu7ev-ffvc1156-2-e,10,307.39134,43,26,1,2,6,cyclic_32_1,block_2_1,complete_1,unroll_2,unroll_2,pipeline_1,1,8.75,0.945605246775,False
workload_539.cpp,xczu7ev-ffvc1156-2-e,10,294.22486,50,26,1,2,8,cyclic_32_1,block_2_1,complete_1,unroll_2,unroll_2,unroll_4,1,9.25,0.940827475629,False
workload_507.cpp,xczu7ev-ffvc1156-2-e,10,289.89846,63,26,1,3,10,cyclic_32_1,block_2_1,complete_1,unroll_2,unroll_2,unroll_8,1,10,0.931739372371,False
workload_390.cpp,xczu7ev-ffvc1156-2-e,10,46.22182,972,33,1,24,77,cyclic_32_1,block_2_1,complete_1,unroll_4,pipeline_1,unroll_8,1,33.75,0.377033249359,False
workload_456.cpp,xczu7ev-ffvc1156-2-e,10,46.21999,389,33,1,12,42,cyclic_32_1,block_2_1,cyclic_2_1,unroll_2,pipeline_1,unroll_2,1,22,0.555416516405,False
workload_553.cpp,xczu7ev-ffvc1156-2-e,10,46.21999,333,33,1,12,42,cyclic_32_1,block_2_1,cyclic_2_1,unroll_2,pipeline_1,unroll_8,1,22,0.555416516405,False
workload_439.cpp,xczu7ev-ffvc1156-2-e,10,289.89855,64,26,1,3,10,cyclic_32_1,block_2_1,cyclic_2_1,unroll_2,unroll_2,unroll_8,1,10,0.931739286098,False
workload_281.cpp,xczu7ev-ffvc1156-2-e,10,298.88415,45,26,1,1,5,cyclic_32_1,block_2_1,cyclic_4_1,unroll_2,unroll_2,unroll_2,1,8.25,0.971573083598,False
workload_546.cpp,xczu7ev-ffvc1156-2-e,10,294.22495,55,26,1,2,8,cyclic_32_1,block_2_1,cyclic_4_1,unroll_2,unroll_2,unroll_4,1,9.25,0.940827446931,False
workload_265.cpp,xczu7ev-ffvc1156-2-e,10,307.39141,124,27,2,11,30,cyclic_32_1,block_4_1,block_2_1,unroll_17,unroll_2,pipeline_1,1,17.5,0.599199426147,False
workload_311.cpp,xczu7ev-ffvc1156-2-e,10,46.22262,425,36,1,30,61,cyclic_32_1,block_4_1,complete_1,unroll_2,pipeline_1,unroll_8,1,32,0.410542192884,False
workload_416.cpp,xczu7ev-ffvc1156-2-e,10,307.39134,42,27,1,2,6,cyclic_32_1,block_4_1,complete_1,unroll_2,unroll_2,pipeline_1,1,9,0.93857555146,False
workload_125.cpp,xczu7ev-ffvc1156-2-e,10,411.54714,127,28,2,4,23,cyclic_32_1,cyclic_16_1,complete_1,unroll_4,unroll_2,unroll_16,1,14.25,0.641279636322,False
workload_176.cpp,xczu7ev-ffvc1156-2-e,10,307.03781,123,26,1,4,20,cyclic_32_1,cyclic_2_1,block_2_1,unroll_17,unroll_2,pipeline_1,1,12.75,0.799250968844,False
workload_332.cpp,xczu7ev-ffvc1156-2-e,10,307.03791,43,26,1,1,4,cyclic_32_1,cyclic_2_1,block_2_1,unroll_2,unroll_2,pipeline_1,1,8,0.971380077178,False
workload_81.cpp,xczu7ev-ffvc1156-2-e,10,307.03764,117,26,1,4,20,cyclic_32_1,cyclic_2_1,complete_1,unroll_17,unroll_2,pipeline_1,1,12.75,0.799251036444,False
workload_268.cpp,xczu7ev-ffvc1156-2-e,10,449.29652,227,26,1,8,36,cyclic_32_1,cyclic_2_1,complete_1,unroll_17,unroll_4,pipeline_1,1,17.75,0.500759477821,False
workload_312.cpp,xczu7ev-ffvc1156-2-e,10,46.2199,370.5,26,1,12,43,cyclic_32_1,cyclic_2_1,complete_1,unroll_2,pipeline_1,pipeline_1,4,20.5,0.605683904223,False
workload_512.cpp,xczu7ev-ffvc1156-2-e,10,46.2199,367,26,1,12,43,cyclic_32_1,cyclic_2_1,complete_1,unroll_2,pipeline_1,unroll_16,1,20.5,0.605683904223,False
workload_510.cpp,xczu7ev-ffvc1156-2-e,10,46.2199,379,26,1,12,43,cyclic_32_1,cyclic_2_1,complete_1,unroll_2,pipeline_1,unroll_2,2,20.5,0.605683904223,False
workload_515.cpp,xczu7ev-ffvc1156-2-e,10,46.2199,392.5,26,1,12,43,cyclic_32_1,cyclic_2_1,complete_1,unroll_2,pipeline_1,unroll_4,2,20.5,0.605683904223,False
workload_384.cpp,xczu7ev-ffvc1156-2-e,10,46.2199,392,26,1,12,43,cyclic_32_1,cyclic_2_1,complete_1,unroll_2,pipeline_1,unroll_8,2,20.5,0.605683904223,False
workload_396.cpp,xczu7ev-ffvc1156-2-e,10,307.03774,43,26,1,1,4,cyclic_32_1,cyclic_2_1,complete_1,unroll_2,unroll_2,pipeline_1,1,8,0.971380363381,False
workload_397.cpp,xczu7ev-ffvc1156-2-e,10,330.83278,46,26,1,1,7,cyclic_32_1,cyclic_2_1,complete_1,unroll_2,unroll_2,unroll_4,1,8.75,0.90611723382,False
workload_411.cpp,xczu7ev-ffvc1156-2-e,10,324.17686,54,26,1,1,8,cyclic_32_1,cyclic_2_1,complete_1,unroll_2,unroll_2,unroll_8,1,9,0.911688500439,False
workload_586.cpp,xczu7ev-ffvc1156-2-e,10,46.21978,1096,26,1,23,79,cyclic_32_1,cyclic_2_1,complete_1,unroll_4,pipeline_1,pipeline_1,2,32.25,0.407060057299,False
workload_61.cpp,xczu7ev-ffvc1156-2-e,10,307.0377,55,26,1,1,7,cyclic_32_1,cyclic_2_1,complete_1,unroll_4,unroll_2,pipeline_1,1,8.75,0.946128858948,False
workload_409.cpp,xczu7ev-ffvc1156-2-e,10,46.21999,365,26,1,12,43,cyclic_32_1,cyclic_2_1,cyclic_2_1,unroll_2,pipeline_1,pipeline_1,1,20.5,0.605683877,False
workload_487.cpp,xczu7ev-ffvc1156-2-e,10,46.21999,396,26,1,12,43,cyclic_32_1,cyclic_2_1,cyclic_2_1,unroll_2,pipeline_1,unroll_2,1,20.5,0.605683877,False
workload_436.cpp,xczu7ev-ffvc1156-2-e,10,301.54655,43,26,1,1,4,cyclic_32_1,cyclic_2_1,cyclic_2_1,unroll_2,unroll_2,unroll_2,1,8,0.97887931516,False
workload_437.cpp,xczu7ev-ffvc1156-2-e,10,324.17695,54,26,1,1,8,cyclic_32_1,cyclic_2_1,cyclic_2_1,unroll_2,unroll_2,unroll_8,1,9,0.911688340615,False
workload_307.cpp,xczu7ev-ffvc1156-2-e,10,307.03781,116,26,1,4,20,cyclic_32_1,cyclic_2_1,cyclic_4_1,unroll_17,unroll_2,pipeline_1,1,12.75,0.799250968844,False
workload_349.cpp,xczu7ev-ffvc1156-2-e,10,46.21999,338,26,1,12,43,cyclic_32_1,cyclic_2_1,cyclic_4_1,unroll_2,pipeline_1,pipeline_1,2,20.5,0.605683877,False
workload_556.cpp,xczu7ev-ffvc1156-2-e,10,46.21999,345,26,1,12,43,cyclic_32_1,cyclic_2_1,cyclic_4_1,unroll_2,pipeline_1,unroll_2,1,20.5,0.605683877,False
workload_481.cpp,xczu7ev-ffvc1156-2-e,10,46.21999,410,26,1,12,43,cyclic_32_1,cyclic_2_1,cyclic_4_1,unroll_2,pipeline_1,unroll_4,1,20.5,0.605683877,False
workload_251.cpp,xczu7ev-ffvc1156-2-e,10,307.03791,43.5,26,1,1,4,cyclic_32_1,cyclic_2_1,cyclic_4_1,unroll_2,unroll_2,pipeline_1,2,8,0.971380077178,False
workload_540.cpp,xczu7ev-ffvc1156-2-e,10,320.84895,62,26,1,2,10,cyclic_32_1,cyclic_2_1,cyclic_4_1,unroll_2,unroll_2,unroll_16,1,9.75,0.89830015068,False
workload_471.cpp,xczu7ev-ffvc1156-2-e,10,301.54655,41,26,1,1,4,cyclic_32_1,cyclic_2_1,cyclic_4_1,unroll_2,unroll_2,unroll_2,1,8,0.97887931516,False
workload_387.cpp,xczu7ev-ffvc1156-2-e,10,46.2199,433,29,2,14,46,cyclic_32_1,cyclic_4_1,complete_1,unroll_2,pipeline_1,pipeline_1,2,22.75,0.530684394958,False
workload_395.cpp,xczu7ev-ffvc1156-2-e,10,307.03774,43,27,1,1,5,cyclic_32_1,cyclic_4_1,complete_1,unroll_2,unroll_2,pipeline_1,1,8.5,0.952069824917,False
workload_234.cpp,xczu7ev-ffvc1156-2-e,10,689.9577,647,27,1,14,72,cyclic_32_1,cyclic_4_1,complete_1,unroll_4,unroll_32,pipeline_1,1,28.5,0.146513262485,False
workload_578.cpp,xczu7ev-ffvc1156-2-e,10,46.21999,439,31,2,14,46,cyclic_32_1,cyclic_4_1,cyclic_2_1,unroll_2,pipeline_1,unroll_4,1,23.25,0.514474967029,False
workload_461.cpp,xczu7ev-ffvc1156-2-e,10,46.21995,1057,27,1,23,81,cyclic_32_1,cyclic_4_1,cyclic_2_1,unroll_4,pipeline_1,unroll_2,1,33,0.393917356109,False
workload_298.cpp,xczu7ev-ffvc1156-2-e,10,318.35295,142,27,1,3,20,cyclic_32_1,cyclic_4_1,cyclic_4_1,unroll_2,unroll_2,unroll_64,1,12.75,0.793343870892,False
workload_4.cpp,xczu7ev-ffvc1156-2-e,10,587.25764,1574,33,1,8,77,cyclic_32_1,cyclic_64_1,complete_1,unroll_17,unroll_4,pipeline_1,1,29.75,0.170072156597,False
workload_433.cpp,xczu7ev-ffvc1156-2-e,10,397.73614,43,28,1,1,5,cyclic_32_1,cyclic_8_1,complete_1,unroll_2,unroll_2,pipeline_1,1,8.75,0.780611653976,False
workload_299.cpp,xczu7ev-ffvc1156-2-e,10,397.43454,65,41,1,2,12,cyclic_4_1,block_128_1,block_2_1,unroll_2,unroll_2,pipeline_1,1,14,0.66633870018,False
workload_214.cpp,xczu7ev-ffvc1156-2-e,10,380.27438,126,41,2,3,26,cyclic_4_1,block_128_1,cyclic_2_1,unroll_2,unroll_2,unroll_8,1,18,0.550172831852,False
workload_585.cpp,xczu7ev-ffvc1156-2-e,10,287.78691,927,24,1,33,63,cyclic_4_1,block_2_1,complete_1,unroll_17,unroll_2,unroll_16,1,30.25,0.315962659999,False
workload_24.cpp,xczu7ev-ffvc1156-2-e,10,45.56589,373.5,29,1,12,44,cyclic_4_1,block_2_1,complete_1,unroll_2,pipeline_1,pipeline_1,4,21.5,0.571827016298,False
workload_571.cpp,xczu7ev-ffvc1156-2-e,10,45.56589,391,29,1,12,44,cyclic_4_1,block_2_1,complete_1,unroll_2,pipeline_1,unroll_16,1,21.5,0.571827016298,False
workload_382.cpp,xczu7ev-ffvc1156-2-e,10,45.56589,375,29,1,12,44,cyclic_4_1,block_2_1,complete_1,unroll_2,pipeline_1,unroll_2,2,21.5,0.571827016298,False
workload_454.cpp,xczu7ev-ffvc1156-2-e,10,45.56589,380,29,1,12,44,cyclic_4_1,block_2_1,complete_1,unroll_2,pipeline_1,unroll_4,1,21.5,0.571827016298,False
workload_491.cpp,xczu7ev-ffvc1156-2-e,10,45.56589,374.5,29,1,12,44,cyclic_4_1,block_2_1,complete_1,unroll_2,pipeline_1,unroll_8,2,21.5,0.571827016298,False
workload_262.cpp,xczu7ev-ffvc1156-2-e,10,306.73597,43,24,1,2,5,cyclic_4_1,block_2_1,complete_1,unroll_2,unroll_2,pipeline_1,2,8,0.971884697847,False
workload_541.cpp,xczu7ev-ffvc1156-2-e,10,286.91349,76,24,1,5,10,cyclic_4_1,block_2_1,complete_1,unroll_2,unroll_2,unroll_16,1,10,1,True
workload_434.cpp,xczu7ev-ffvc1156-2-e,10,293.56949,43,24,1,2,5,cyclic_4_1,block_2_1,complete_1,unroll_2,unroll_2,unroll_4,1,8,1,True
workload_399.cpp,xczu7ev-ffvc1156-2-e,10,289.57589,55,24,1,3,7,cyclic_4_1,block_2_1,complete_1,unroll_2,unroll_2,unroll_8,1,8.75,1,True
workload_283.cpp,xczu7ev-ffvc1156-2-e,10,449.00029,48,24,1,3,7,cyclic_4_1,block_2_1,complete_1,unroll_2,unroll_4,pipeline_1,1,8.75,0.683491209455,False
workload_314.cpp,xczu7ev-ffvc1156-2-e,10,45.56645,1003,29,1,23,83,cyclic_4_1,block_2_1,complete_1,unroll_4,pipeline_1,pipeline_1,1,34,0.371103792484,False
workload_560.cpp,xczu7ev-ffvc1156-2-e,10,45.56645,1099,29,1,23,83,cyclic_4_1,block_2_1,complete_1,unroll_4,pipeline_1,unroll_16,1,34,0.371103792484,False
workload_389.cpp,xczu7ev-ffvc1156-2-e,10,45.56645,975,29,1,23,83,cyclic_4_1,block_2_1,complete_1,unroll_4,pipeline_1,unroll_2,1,34,0.371103792484,False
workload_422.cpp,xczu7ev-ffvc1156-2-e,10,45.56645,1160,29,1,23,83,cyclic_4_1,block_2_1,complete_1,unroll_4,pipeline_1,unroll_4,2,34,0.371103792484,False
workload_392.cpp,xczu7ev-ffvc1156-2-e,10,45.56645,1043.5,29,1,23,83,cyclic_4_1,block_2_1,complete_1,unroll_4,pipeline_1,unroll_8,2,34,0.371103792484,False
workload_360.cpp,xczu7ev-ffvc1156-2-e,10,299.55977,47,24,1,2,7,cyclic_4_1,block_2_1,complete_1,unroll_4,unroll_2,unroll_2,1,8.5,0.960849089182,False
workload_334.cpp,xczu7ev-ffvc1156-2-e,10,306.73614,39.5,24,1,1,5,cyclic_4_1,block_2_1,cyclic_2_1,unroll_2,unroll_2,pipeline_1,2,7.75,0.978277813612,False
workload_365.cpp,xczu7ev-ffvc1156-2-e,10,289.57598,54,24,1,3,7,cyclic_4_1,block_2_1,cyclic_2_1,unroll_2,unroll_2,unroll_8,1,8.75,0.966098269531,False
workload_465.cpp,xczu7ev-ffvc1156-2-e,10,45.56458,1075,29,1,23,83,cyclic_4_1,block_2_1,cyclic_2_1,unroll_4,pipeline_1,pipeline_1,1,34,0.371104070382,False
workload_423.cpp,xczu7ev-ffvc1156-2-e,10,45.56458,1180,29,1,23,83,cyclic_4_1,block_2_1,cyclic_2_1,unroll_4,pipeline_1,unroll_2,1,34,0.371104070382,False
workload_538.cpp,xczu7ev-ffvc1156-2-e,10,298.22878,43,24,1,1,4,cyclic_4_1,block_2_1,cyclic_4_1,unroll_2,unroll_2,unroll_2,1,7.5,1,True
workload_581.cpp,xczu7ev-ffvc1156-2-e,10,45.91813,532,41,1,45,76,cyclic_4_1,block_32_1,complete_1,unroll_2,pipeline_1,unroll_4,1,40.75,0.21960486631,False
workload_220.cpp,xczu7ev-ffvc1156-2-e,10,306.7361,49,25,1,3,8,cyclic_4_1,block_4_1,block_2_1,unroll_4,unroll_2,pipeline_1,1,9.25,0.930593995632,False
workload_551.cpp,xczu7ev-ffvc1156-2-e,10,45.56725,399,31,1,30,62,cyclic_4_1,block_4_1,complete_1,unroll_2,pipeline_1,unroll_4,1,31,0.419839807791,False
workload_459.cpp,xczu7ev-ffvc1156-2-e,10,45.56725,446,31,1,30,62,cyclic_4_1,block_4_1,complete_1,unroll_2,pipeline_1,unroll_8,1,31,0.419839807791,False
workload_419.cpp,xczu7ev-ffvc1156-2-e,10,45.56598,394,31,1,30,62,cyclic_4_1,block_4_1,cyclic_2_1,unroll_2,pipeline_1,unroll_8,1,31,0.419840144029,False
workload_523.cpp,xczu7ev-ffvc1156-2-e,10,45.91813,460,31,1,39,69,cyclic_4_1,block_8_1,complete_1,unroll_2,pipeline_1,unroll_4,1,35,0.346301071351,False
workload_256.cpp,xczu7ev-ffvc1156-2-e,10,407.7305,50,26,1,1,7,cyclic_4_1,cyclic_16_1,block_2_1,unroll_4,unroll_2,pipeline_1,1,8.75,0.761334504728,False
workload_167.cpp,xczu7ev-ffvc1156-2-e,10,586.6025,67,26,1,2,11,cyclic_4_1,cyclic_16_1,block_2_1,unroll_4,unroll_4,pipeline_1,1,10,0.449047372211,False
workload_493.cpp,xczu7ev-ffvc1156-2-e,10,45.56462,359,24,1,11,45,cyclic_4_1,cyclic_2_1,block_2_1,unroll_2,pipeline_1,pipeline_1,1,20.25,1,True
workload_472.cpp,xczu7ev-ffvc1156-2-e,10,306.38254,41,24,1,1,4,cyclic_4_1,cyclic_2_1,block_2_1,unroll_2,unroll_2,pipeline_1,1,7.5,0.983996882519,False
workload_590.cpp,xczu7ev-ffvc1156-2-e,10,45.56458,1167,24,1,23,83,cyclic_4_1,cyclic_2_1,block_2_1,unroll_4,pipeline_1,pipeline_1,1,32.75,0.399086116674,False
workload_457.cpp,xczu7ev-ffvc1156-2-e,10,45.56453,395.5,24,1,12,45,cyclic_4_1,cyclic_2_1,complete_1,unroll_2,pipeline_1,pipeline_1,4,20.5,1,True
workload_524.cpp,xczu7ev-ffvc1156-2-e,10,45.56453,334.5,24,1,12,45,cyclic_4_1,cyclic_2_1,complete_1,unroll_2,pipeline_1,unroll_16,2,20.5,1,True
workload_480.cpp,xczu7ev-ffvc1156-2-e,10,45.56453,381,24,1,12,45,cyclic_4_1,cyclic_2_1,complete_1,unroll_2,pipeline_1,unroll_4,2,20.5,1,True
workload_408.cpp,xczu7ev-ffvc1156-2-e,10,45.56453,361.5,24,1,12,45,cyclic_4_1,cyclic_2_1,complete_1,unroll_2,pipeline_1,unroll_8,2,20.5,1,True
workload_278.cpp,xczu7ev-ffvc1156-2-e,10,311.70717,42,24,1,1,4,cyclic_4_1,cyclic_2_1,complete_1,unroll_2,unroll_2,pipeline_1,2,7.5,0.975378296947,False
workload_441.cpp,xczu7ev-ffvc1156-2-e,10,343.48941,39,24,1,1,4,cyclic_4_1,cyclic_2_1,complete_1,unroll_2,unroll_2,unroll_2,1,7.5,0.905788044094,False
workload_505.cpp,xczu7ev-ffvc1156-2-e,10,330.17741,43,24,1,1,4,cyclic_4_1,cyclic_2_1,complete_1,unroll_2,unroll_2,unroll_4,1,7.5,0.935260059949,False
workload_308.cpp,xczu7ev-ffvc1156-2-e,10,317.69749,132,24,1,3,19,cyclic_4_1,cyclic_2_1,complete_1,unroll_2,unroll_2,unroll_64,1,11.75,0.836476770259,False
workload_160.cpp,xczu7ev-ffvc1156-2-e,10,323.52149,48,24,1,1,5,cyclic_4_1,cyclic_2_1,complete_1,unroll_2,unroll_2,unroll_8,1,7.75,0.946590550847,False
workload_352.cpp,xczu7ev-ffvc1156-2-e,10,45.56441,1100,24,1,23,83,cyclic_4_1,cyclic_2_1,complete_1,unroll_4,pipeline_1,pipeline_1,3,32.75,0.399086177769,False
workload_531.cpp,xczu7ev-ffvc1156-2-e,10,45.56441,1200,24,1,23,83,cyclic_4_1,cyclic_2_1,complete_1,unroll_4,pipeline_1,unroll_16,1,32.75,0.399086177769,False
workload_529.cpp,xczu7ev-ffvc1156-2-e,10,45.56441,1148.5,24,1,23,83,cyclic_4_1,cyclic_2_1,complete_1,unroll_4,pipeline_1,unroll_2,2,32.75,0.399086177769,False
workload_496.cpp,xczu7ev-ffvc1156-2-e,10,45.56441,1091,24,1,23,83,cyclic_4_1,cyclic_2_1,complete_1,unroll_4,pipeline_1,unroll_4,1,32.75,0.399086177769,False
workload_559.cpp,xczu7ev-ffvc1156-2-e,10,45.56441,1017,24,1,23,83,cyclic_4_1,cyclic_2_1,complete_1,unroll_4,pipeline_1,unroll_8,1,32.75,0.399086177769,False
workload_21.cpp,xczu7ev-ffvc1156-2-e,10,311.70713,48,24,1,1,5.5,cyclic_4_1,cyclic_2_1,complete_1,unroll_4,unroll_2,pipeline_1,2,7.875,0.96567038769,False
workload_206.cpp,xczu7ev-ffvc1156-2-e,10,306.38244,87,24,1,4,16,cyclic_4_1,cyclic_2_1,cyclic_2_1,unroll_17,unroll_2,pipeline_1,1,11.25,0.866923831512,False
workload_525.cpp,xczu7ev-ffvc1156-2-e,10,45.56462,375,24,1,11,45,cyclic_4_1,cyclic_2_1,cyclic_2_1,unroll_2,pipeline_1,pipeline_1,2,20.25,1,True
workload_516.cpp,xczu7ev-ffvc1156-2-e,10,45.56462,406,24,1,11,45,cyclic_4_1,cyclic_2_1,cyclic_2_1,unroll_2,pipeline_1,unroll_8,2,20.25,1,True
workload_291.cpp,xczu7ev-ffvc1156-2-e,10,317.03214,44,24,1,1,4,cyclic_4_1,cyclic_2_1,cyclic_2_1,unroll_2,unroll_2,pipeline_1,1,7.5,0.964304455605,False
workload_358.cpp,xczu7ev-ffvc1156-2-e,10,343.48958,40,24,1,1,4,cyclic_4_1,cyclic_2_1,cyclic_2_1,unroll_2,unroll_2,unroll_2,1,7.5,0.905787669964,False
workload_562.cpp,xczu7ev-ffvc1156-2-e,10,45.56458,1155,24,1,23,83,cyclic_4_1,cyclic_2_1,cyclic_2_1,unroll_4,pipeline_1,unroll_2,1,32.75,0.399086116674,False
workload_363.cpp,xczu7ev-ffvc1156-2-e,10,306.3825,47,24,1,1,6,cyclic_4_1,cyclic_2_1,cyclic_2_1,unroll_4,unroll_2,pipeline_1,1,8,0.972465625614,False
workload_452.cpp,xczu7ev-ffvc1156-2-e,10,45.56462,376,24,1,12,45,cyclic_4_1,cyclic_2_1,cyclic_4_1,unroll_2,pipeline_1,pipeline_1,1,20.5,0.605881856003,False
workload_369.cpp,xczu7ev-ffvc1156-2-e,10,306.38254,39,24,1,1,4,cyclic_4_1,cyclic_2_1,cyclic_4_1,unroll_2,unroll_2,pipeline_1,1,7.5,0.983996882519,False
workload_504.cpp,xczu7ev-ffvc1156-2-e,10,343.48958,40,24,1,1,4,cyclic_4_1,cyclic_2_1,cyclic_4_1,unroll_2,unroll_2,unroll_2,1,7.5,0.905787669964,False
workload_233.cpp,xczu7ev-ffvc1156-2-e,10,391.58931,494,26,1,5,21,cyclic_4_1,cyclic_32_1,complete_1,unroll_17,unroll_2,unroll_2,1,13.25,0.696259602928,False
workload_132.cpp,xczu7ev-ffvc1156-2-e,10,597.41571,500,26,1,7,47,cyclic_4_1,cyclic_32_1,complete_1,unroll_17,unroll_4,pipeline_1,1,20.25,0.30796000102,False
workload_110.cpp,xczu7ev-ffvc1156-2-e,10,579.52691,1727,26,1,9,39,cyclic_4_1,cyclic_32_1,complete_1,unroll_17,unroll_4,unroll_2,1,18.75,0.349078633935,False
workload_243.cpp,xczu7ev-ffvc1156-2-e,10,407.73037,42,26,1,1,5,cyclic_4_1,cyclic_32_1,complete_1,unroll_2,unroll_2,pipeline_1,1,8.25,0.766563708744,False
workload_488.cpp,xczu7ev-ffvc1156-2-e,10,45.56453,429.5,25,1,14,47,cyclic_4_1,cyclic_4_1,complete_1,unroll_2,pipeline_1,pipeline_1,2,21.75,0.563431339171,False
workload_460.cpp,xczu7ev-ffvc1156-2-e,10,45.56453,437,25,1,14,47,cyclic_4_1,cyclic_4_1,complete_1,unroll_2,pipeline_1,unroll_4,1,21.75,0.563431339171,False
workload_403.cpp,xczu7ev-ffvc1156-2-e,10,306.38237,42,25,1,1,4,cyclic_4_1,cyclic_4_1,complete_1,unroll_2,unroll_2,pipeline_1,1,7.75,0.979025990024,False
workload_469.cpp,xczu7ev-ffvc1156-2-e,10,330.17741,41,25,1,1,4,cyclic_4_1,cyclic_4_1,complete_1,unroll_2,unroll_2,unroll_4,1,7.75,0.932631971262,False
workload_442.cpp,xczu7ev-ffvc1156-2-e,10,306.38233,49,25,1,1,6,cyclic_4_1,cyclic_4_1,complete_1,unroll_4,unroll_2,pipeline_1,1,8.25,0.962402620149,False
workload_266.cpp,xczu7ev-ffvc1156-2-e,10,317.69737,258,25,1,6,37,cyclic_4_1,cyclic_4_1,complete_1,unroll_4,unroll_2,unroll_64,1,17.25,0.606939993924,False
workload_250.cpp,xczu7ev-ffvc1156-2-e,10,551.01182,79,25,1,3,14,cyclic_4_1,cyclic_4_1,cyclic_2_1,unroll_2,unroll_8,unroll_8,1,10.75,0.494699829277,False
workload_182.cpp,xczu7ev-ffvc1156-2-e,10,689.3025,340,25,1,13,54,cyclic_4_1,cyclic_4_1,cyclic_2_1,unroll_4,unroll_32,pipeline_1,1,23.25,0.200006412606,False
workload_402.cpp,xczu7ev-ffvc1156-2-e,10,330.17758,45,25,1,1,4,cyclic_4_1,cyclic_4_1,cyclic_4_1,unroll_2,unroll_2,unroll_4,1,7.75,0.932631609841,False
workload_322.cpp,xczu7ev-ffvc1156-2-e,10,306.3825,45,25,1,1,6,cyclic_4_1,cyclic_4_1,cyclic_4_1,unroll_4,unroll_2,pipeline_1,1,8.25,0.962402420425,False
workload_310.cpp,xczu7ev-ffvc1156-2-e,10,317.69754,253,25,1,6,37,cyclic_4_1,cyclic_4_1,cyclic_4_1,unroll_4,unroll_2,unroll_64,1,17.25,0.606939952829,False
workload_82.cpp,xczu7ev-ffvc1156-2-e,10,414.21998,77,41,1,1,15,cyclic_4_1,cyclic_64_1,block_2_1,unroll_2,unroll_2,unroll_8,1,14.5,0.630791004406,False
workload_173.cpp,xczu7ev-ffvc1156-2-e,10,397.0809,75,31,1,1,12,cyclic_4_1,cyclic_64_1,block_2_1,unroll_4,unroll_2,pipeline_1,1,11.25,0.737956354542,False
workload_207.cpp,xczu7ev-ffvc1156-2-e,10,420.87594,87,41,1,2,17,cyclic_4_1,cyclic_64_1,block_2_1,unroll_4,unroll_2,unroll_4,1,15.25,0.601264689981,False
workload_260.cpp,xczu7ev-ffvc1156-2-e,10,397.0809,50,26,1,1,6,cyclic_4_1,cyclic_8_1,block_4_1,unroll_4,unroll_2,pipeline_1,1,8.5,0.785113549417,False
workload_341.cpp,xczu7ev-ffvc1156-2-e,10,397.08077,41,26,1,1,4,cyclic_4_1,cyclic_8_1,complete_1,unroll_2,unroll_2,pipeline_1,1,8,0.789755609784,False
workload_241.cpp,xczu7ev-ffvc1156-2-e,10,420.87581,42,26,1,1,5,cyclic_4_1,cyclic_8_1,complete_1,unroll_2,unroll_2,unroll_4,1,8.25,0.740770884369,False
workload_130.cpp,xczu7ev-ffvc1156-2-e,10,397.08073,53,26,1,1,6,cyclic_4_1,cyclic_8_1,complete_1,unroll_4,unroll_2,pipeline_1,1,8.5,0.785113884359,False
workload_200.cpp,xczu7ev-ffvc1156-2-e,10,420.87598,45,26,1,1,5,cyclic_4_1,cyclic_8_1,cyclic_2_1,unroll_2,unroll_2,unroll_4,1,8.25,0.740770553527,False
workload_124.cpp,xczu7ev-ffvc1156-2-e,10,397.0809,53,26,1,1,6,cyclic_4_1,cyclic_8_1,cyclic_2_1,unroll_4,unroll_2,pipeline_1,1,8.5,0.785113549417,False
workload_86.cpp,xczu7ev-ffvc1156-2-e,10,903.4345,474,26,1,13,60,cyclic_4_1,cyclic_8_1,cyclic_2_1,unroll_4,unroll_32,pipeline_1,1,25,0.105157480825,False
workload_509.cpp,xczu7ev-ffvc1156-2-e,10,46.22126,359,33,1,12,43,cyclic_64_1,block_2_1,complete_1,unroll_2,pipeline_1,pipeline_1,1,22.25,0.547119197992,False
workload_494.cpp,xczu7ev-ffvc1156-2-e,10,46.2199,391,26,1,12,44,cyclic_64_1,cyclic_2_1,complete_1,unroll_2,pipeline_1,pipeline_1,1,20.75,0.597635997232,False
workload_548.cpp,xczu7ev-ffvc1156-2-e,10,46.2199,347,26,1,12,44,cyclic_64_1,cyclic_2_1,complete_1,unroll_2,pipeline_1,unroll_4,1,20.75,0.597635997232,False
workload_526.cpp,xczu7ev-ffvc1156-2-e,10,46.2199,397,26,1,12,44,cyclic_64_1,cyclic_2_1,complete_1,unroll_2,pipeline_1,unroll_8,1,20.75,0.597635997232,False
workload_444.cpp,xczu7ev-ffvc1156-2-e,10,324.17686,58,27,1,2,11,cyclic_64_1,cyclic_4_1,complete_1,unroll_2,unroll_2,unroll_8,1,10.25,0.882005787516,False
workload_296.cpp,xczu7ev-ffvc1156-2-e,10,381.09611,91,26,4,5,15,cyclic_8_1,block_16_1,block_4_1,unroll_4,unroll_2,unroll_8,1,12.5,0.732629689544,False
workload_549.cpp,xczu7ev-ffvc1156-2-e,10,46.22126,379,32,1,12,43,cyclic_8_1,block_2_1,complete_1,unroll_2,pipeline_1,unroll_16,1,22,0.555417143989,False
workload_570.cpp,xczu7ev-ffvc1156-2-e,10,46.21999,391,32,1,12,43,cyclic_8_1,block_2_1,cyclic_2_1,unroll_2,pipeline_1,pipeline_1,1,22,0.555416516405,False
workload_565.cpp,xczu7ev-ffvc1156-2-e,10,298.88415,43,25,1,1,5,cyclic_8_1,block_2_1,cyclic_4_1,unroll_2,unroll_2,unroll_2,1,8,0.980787125829,False
workload_336.cpp,xczu7ev-ffvc1156-2-e,10,300.21531,54,25,1,2,7,cyclic_8_1,block_2_1,cyclic_4_1,unroll_4,unroll_2,unroll_2,1,8.75,0.955346251379,False
workload_225.cpp,xczu7ev-ffvc1156-2-e,10,398.08991,47,26,1,2,7,cyclic_8_1,block_32_1,block_2_1,unroll_2,unroll_2,pipeline_1,1,9,0.776166884702,False
workload_203.cpp,xczu7ev-ffvc1156-2-e,10,587.61695,55,26,1,3,11,cyclic_8_1,block_32_1,block_2_1,unroll_2,unroll_4,pipeline_1,1,10.25,0.445890036459,False
workload_293.cpp,xczu7ev-ffvc1156-2-e,10,449.65583,51,26,1,3,8,cyclic_8_1,block_4_1,block_2_1,unroll_2,unroll_4,pipeline_1,1,9.5,0.674207524124,False
workload_300.cpp,xczu7ev-ffvc1156-2-e,10,307.39147,54,26,1,3,9,cyclic_8_1,block_4_1,cyclic_2_1,unroll_4,unroll_2,pipeline_1,1,9.75,0.917343239584,False
workload_216.cpp,xczu7ev-ffvc1156-2-e,10,378.26735,140,31,4,5,26,cyclic_8_1,block_64_1,cyclic_2_1,unroll_2,unroll_2,unroll_16,1,16.5,0.603144369678,False
workload_219.cpp,xczu7ev-ffvc1156-2-e,10,380.59695,55,26,2,3,8,cyclic_8_1,block_8_1,block_4_1,unroll_2,unroll_2,unroll_8,1,9.75,0.792082241016,False
workload_161.cpp,xczu7ev-ffvc1156-2-e,10,397.73631,48,26,1,1,5,cyclic_8_1,cyclic_16_1,block_2_1,unroll_2,unroll_2,pipeline_1,1,8.25,0.78643778601,False
workload_22.cpp,xczu7ev-ffvc1156-2-e,10,411.54735,66,26,1,2,10,cyclic_8_1,cyclic_16_1,block_2_1,unroll_2,unroll_2,unroll_16,1,9.75,0.738156993664,False
workload_40.cpp,xczu7ev-ffvc1156-2-e,10,409.05135,222,26,2,4,29,cyclic_8_1,cyclic_16_1,block_2_1,unroll_2,unroll_2,unroll_64,1,15.25,0.614720782019,False
workload_84.cpp,xczu7ev-ffvc1156-2-e,10,601.30255,103,26,1,3,17,cyclic_8_1,cyclic_16_1,block_2_1,unroll_2,unroll_4,unroll_16,1,11.75,0.414536881326,False
workload_120.cpp,xczu7ev-ffvc1156-2-e,10,449.29679,54,25,1,1,6,cyclic_8_1,cyclic_2_1,block_2_1,unroll_2,unroll_4,pipeline_1,1,8.25,0.686510618173,False
workload_183.cpp,xczu7ev-ffvc1156-2-e,10,460.80703,256,25,1,5,34,cyclic_8_1,cyclic_2_1,block_2_1,unroll_2,unroll_4,unroll_64,1,16.25,0.528162144962,False
workload_325.cpp,xczu7ev-ffvc1156-2-e,10,324.17691,55,25,1,2,8,cyclic_8_1,cyclic_2_1,block_2_1,unroll_4,unroll_2,unroll_8,1,9,0.911688411647,False
workload_485.cpp,xczu7ev-ffvc1156-2-e,10,46.2199,376,25,1,12,44,cyclic_8_1,cyclic_2_1,complete_1,unroll_2,pipeline_1,pipeline_1,2,20.5,0.605683904223,False
workload_451.cpp,xczu7ev-ffvc1156-2-e,10,46.2199,369,25,1,12,44,cyclic_8_1,cyclic_2_1,complete_1,unroll_2,pipeline_1,unroll_16,1,20.5,0.605683904223,False
workload_479.cpp,xczu7ev-ffvc1156-2-e,10,46.2199,389,25,1,12,44,cyclic_8_1,cyclic_2_1,complete_1,unroll_2,pipeline_1,unroll_4,1,20.5,0.605683904223,False
workload_522.cpp,xczu7ev-ffvc1156-2-e,10,46.2199,391,25,1,12,44,cyclic_8_1,cyclic_2_1,complete_1,unroll_2,pipeline_1,unroll_8,1,20.5,0.605683904223,False
workload_331.cpp,xczu7ev-ffvc1156-2-e,10,307.03774,43,25,1,1,4,cyclic_8_1,cyclic_2_1,complete_1,unroll_2,unroll_2,pipeline_1,1,7.75,0.977636822396,False
workload_537.cpp,xczu7ev-ffvc1156-2-e,10,330.83278,43,25,1,1,4,cyclic_8_1,cyclic_2_1,complete_1,unroll_2,unroll_2,unroll_4,1,7.75,0.931237393927,False
workload_321.cpp,xczu7ev-ffvc1156-2-e,10,324.17686,45,25,1,1,5,cyclic_8_1,cyclic_2_1,complete_1,unroll_2,unroll_2,unroll_8,1,8,0.939412353247,False
workload_533.cpp,xczu7ev-ffvc1156-2-e,10,46.21978,963,25,1,23,82,cyclic_8_1,cyclic_2_1,complete_1,unroll_4,pipeline_1,unroll_4,1,32.75,0.398850015562,False
workload_209.cpp,xczu7ev-ffvc1156-2-e,10,307.0377,51,25,1,1,6,cyclic_8_1,cyclic_2_1,complete_1,unroll_4,unroll_2,pipeline_1,1,8.25,0.961611071519,False
workload_520.cpp,xczu7ev-ffvc1156-2-e,10,46.21999,369,25,1,12,44,cyclic_8_1,cyclic_2_1,cyclic_2_1,unroll_2,pipeline_1,pipeline_1,1,20.5,0.605683877,False
workload_208.cpp,xczu7ev-ffvc1156-2-e,10,449.29679,45,25,1,1,6,cyclic_8_1,cyclic_2_1,cyclic_2_1,unroll_2,unroll_4,pipeline_1,1,8.25,0.686510618173,False
workload_246.cpp,xczu7ev-ffvc1156-2-e,10,307.03787,49,25,1,1,6,cyclic_8_1,cyclic_2_1,cyclic_2_1,unroll_4,unroll_2,pipeline_1,1,8.25,0.961610860718,False
workload_165.cpp,xczu7ev-ffvc1156-2-e,10,449.29675,64,25,1,2,10,cyclic_8_1,cyclic_2_1,cyclic_2_1,unroll_4,unroll_4,pipeline_1,1,9.5,0.674845769332,False
workload_280.cpp,xczu7ev-ffvc1156-2-e,10,307.03791,42,25,1,1,4,cyclic_8_1,cyclic_2_1,cyclic_4_1,unroll_2,unroll_2,pipeline_1,1,7.75,0.977636460325,False
workload_361.cpp,xczu7ev-ffvc1156-2-e,10,307.03787,47,25,1,1,6,cyclic_8_1,cyclic_2_1,cyclic_4_1,unroll_4,unroll_2,pipeline_1,1,8.25,0.961610860718,False
workload_309.cpp,xczu7ev-ffvc1156-2-e,10,318.35295,132,26,1,3,20,cyclic_8_1,cyclic_4_1,block_2_1,unroll_2,unroll_2,unroll_64,1,12.5,0.804097446086,False
workload_407.cpp,xczu7ev-ffvc1156-2-e,10,324.17686,49,26,1,1,6,cyclic_8_1,cyclic_4_1,complete_1,unroll_2,unroll_2,unroll_8,1,8.5,0.92541502385,False
workload_589.cpp,xczu7ev-ffvc1156-2-e,10,46.21978,1155,26,1,23,83,cyclic_8_1,cyclic_4_1,complete_1,unroll_4,pipeline_1,unroll_16,1,33.25,0.388569934465,False
workload_218.cpp,xczu7ev-ffvc1156-2-e,10,318.35295,142,26,1,3,20,cyclic_8_1,cyclic_4_1,cyclic_2_1,unroll_2,unroll_2,unroll_64,1,12.5,0.804097446086,False
workload_245.cpp,xczu7ev-ffvc1156-2-e,10,449.29679,49,26,1,1,6,cyclic_8_1,cyclic_4_1,cyclic_2_1,unroll_2,unroll_4,pipeline_1,1,8.5,0.684918322611,False
workload_259.cpp,xczu7ev-ffvc1156-2-e,10,414.87531,141,42,1,2,27,cyclic_8_1,cyclic_64_1,block_2_1,unroll_4,unroll_2,unroll_8,1,18,0.524409123566,False
workload_222.cpp,xczu7ev-ffvc1156-2-e,10,397.7361,52,26,1,1,7,cyclic_8_1,cyclic_8_1,complete_1,unroll_4,unroll_2,pipeline_1,1,8.75,0.780611731324,False
workload_242.cpp,xczu7ev-ffvc1156-2-e,10,397.73631,42,26,1,1,4,cyclic_8_1,cyclic_8_1,cyclic_2_1,unroll_2,unroll_2,pipeline_1,1,8,0.788429316408,False
workload_174.cpp,xczu7ev-ffvc1156-2-e,10,411.54735,63,26,1,2,8,cyclic_8_1,cyclic_8_1,cyclic_2_1,unroll_2,unroll_2,unroll_16,1,9.25,0.746977037742,False
