Version,Device,Clock_Period_nsec,Latency_msec,Synthesis_Time_sec,BRAM_Utilization_percentage,DSP_Utilization_percentage,FF_Utilization_percentage,LUT_Utilization_percentage,Array_1,Array_2,Array_3,Array_4,Array_5,OuterLoop_1,InnerLoop_1_1,InnerLoop_2_1,InnerLoop_3_1,InnerLoop_3_2,InnerLoop_3_3,Replicate_Count,Area,Weight,is_pareto
workload_4142.cpp,xcu200-fsgd2104-2-e,3.33,7.62944958,111,1,1,1,1,block_2_2,block_8_2,block_4_1,block_4_1,complete_1,unroll_2,pipeline_1,unroll_2,pipeline_1,unroll_4,pipeline_1,1,1,1,True
workload_4217.cpp,xcu200-fsgd2104-2-e,3.33,7.62944958,113,1,1,1,1,block_2_2,block_8_2,block_4_1,block_8_1,block_2_1,unroll_2,pipeline_1,unroll_2,pipeline_1,unroll_4,pipeline_1,1,1,1,True
workload_4096.cpp,xcu200-fsgd2104-2-e,3.33,7.62944958,107,1,1,1,1,block_2_2,complete_1,complete_1,block_4_1,cyclic_2_1,unroll_2,pipeline_1,unroll_2,unroll_8,pipeline_1,unroll_2,1,1,1,True
workload_3974.cpp,xcu200-fsgd2104-2-e,3.33,163.58750208,94,1,1,1,1,block_2_2,cyclic_2_2,cyclic_8_1,complete_1,block_4_1,unroll_2,unroll_2,unroll_2,unroll_16,pipeline_1,unroll_2,1,1,0.374050903637,False
workload_4015.cpp,xcu200-fsgd2104-2-e,3.33,120.21072894,134,1,1,1,1,block_4_2,block_2_2,complete_1,block_4_1,cyclic_2_1,unroll_4,pipeline_1,pipeline_1,unroll_2,pipeline_1,unroll_16,1,1,0.511850428044,False
workload_3818.cpp,xcu200-fsgd2104-2-e,3.33,7.81224993,279,1,1,2,3,block_4_2,block_4_2,block_8_1,block_2_1,cyclic_2_1,unroll_8,pipeline_1,pipeline_1,unroll_2,unroll_2,unroll_8,1,1.75,0.884003447226,False
workload_3967.cpp,xcu200-fsgd2104-2-e,3.33,122.11872903,286,1,1,1,3,block_4_2,block_4_2,block_8_1,block_2_1,cyclic_8_1,unroll_8,pipeline_1,pipeline_1,unroll_16,pipeline_1,pipeline_1,1,1.5,0.50160028521,False
workload_4046.cpp,xcu200-fsgd2104-2-e,3.33,7.69028868,152,1,1,1,2,block_4_2,block_4_2,complete_1,block_4_1,block_2_1,unroll_4,pipeline_1,pipeline_1,pipeline_1,unroll_2,unroll_8,1,1.25,0.960445651994,False
workload_3978.cpp,xcu200-fsgd2104-2-e,3.33,7.69028868,143,1,1,1,2,block_4_2,block_4_2,complete_1,block_4_1,block_2_1,unroll_4,pipeline_1,pipeline_1,unroll_2,unroll_2,unroll_8,1,1.25,0.960445651994,False
workload_3875.cpp,xcu200-fsgd2104-2-e,3.33,7.69028868,147,1,1,1,2,block_4_2,block_4_2,complete_1,block_4_1,cyclic_2_1,unroll_4,pipeline_1,pipeline_1,unroll_2,unroll_2,unroll_8,1,1.25,0.960445651994,False
workload_4035.cpp,xcu200-fsgd2104-2-e,3.33,7.69028868,144,1,1,1,2,block_4_2,block_4_2,complete_1,block_4_1,cyclic_2_1,unroll_4,pipeline_1,unroll_2,unroll_2,unroll_2,unroll_8,1,1.25,0.960445651994,False
workload_4085.cpp,xcu200-fsgd2104-2-e,3.33,7.69028868,158,1,1,1,2,block_4_2,block_4_2,complete_1,cyclic_8_1,block_2_1,unroll_4,pipeline_1,pipeline_1,unroll_2,unroll_2,unroll_8,1,1.25,0.960445651994,False
workload_3944.cpp,xcu200-fsgd2104-2-e,3.33,7.81224993,340,1,1,2,3,block_4_2,block_8_2,block_4_1,cyclic_8_1,block_2_1,unroll_8,pipeline_1,unroll_2,unroll_2,unroll_8,unroll_16,1,1.75,0.884003447226,False
workload_3979.cpp,xcu200-fsgd2104-2-e,3.33,7.81224993,281,1,1,2,3,block_4_2,block_8_2,cyclic_4_1,cyclic_8_1,cyclic_2_1,unroll_8,pipeline_1,unroll_2,unroll_2,unroll_2,unroll_16,1,1.75,0.884003447226,False
workload_3883.cpp,xcu200-fsgd2104-2-e,3.33,122.11870239,858,1,1,3,6,block_4_2,complete_1,block_2_1,block_2_1,cyclic_8_1,unroll_16,pipeline_1,pipeline_1,unroll_16,pipeline_1,unroll_8,1,2.75,0.464127947821,False
workload_3946.cpp,xcu200-fsgd2104-2-e,3.33,7.81224993,893,1,1,4,7,block_4_2,complete_1,block_2_1,block_4_1,complete_1,unroll_16,pipeline_1,pipeline_1,unroll_2,unroll_2,unroll_8,1,3.25,0.676016812498,False
workload_3917.cpp,xcu200-fsgd2104-2-e,3.33,122.11872903,272,1,1,1,3,block_4_2,complete_1,block_8_1,block_2_1,cyclic_8_1,unroll_8,pipeline_1,pipeline_1,unroll_16,pipeline_1,unroll_8,1,1.5,0.50160028521,False
workload_4012.cpp,xcu200-fsgd2104-2-e,3.33,7.81224993,409,1,1,2,3,block_4_2,complete_1,complete_1,block_4_1,complete_1,unroll_8,pipeline_1,pipeline_1,unroll_4,unroll_2,pipeline_1,1,1.75,0.884003447226,False
workload_4020.cpp,xcu200-fsgd2104-2-e,3.33,301.45920903,562,1,1,1,5,block_4_2,complete_1,cyclic_4_1,cyclic_8_1,block_2_1,unroll_8,unroll_2,pipeline_1,unroll_2,unroll_2,unroll_16,1,2,0.120505295734,False
workload_3950.cpp,xcu200-fsgd2104-2-e,3.33,7.81224993,788,1,1,4,7,block_4_2,complete_2,block_4_1,cyclic_2_1,block_8_1,unroll_16,pipeline_1,pipeline_1,pipeline_1,unroll_8,unroll_2,1,3.25,0.676016812498,False
workload_3886.cpp,xcu200-fsgd2104-2-e,3.33,7.81224993,739,1,1,4,7,block_4_2,complete_2,block_8_1,cyclic_2_1,block_2_1,unroll_16,pipeline_1,pipeline_1,pipeline_1,unroll_4,unroll_8,1,3.25,0.676016812498,False
workload_3814.cpp,xcu200-fsgd2104-2-e,3.33,7.81224993,680,1,1,4,7,block_4_2,complete_2,block_8_1,cyclic_2_1,block_2_1,unroll_16,pipeline_1,pipeline_1,pipeline_1,unroll_8,unroll_8,1,3.25,0.676016812498,False
workload_3968.cpp,xcu200-fsgd2104-2-e,3.33,7.81224993,278,1,1,2,3,block_4_2,complete_2,complete_1,block_4_1,block_4_1,unroll_8,pipeline_1,pipeline_1,pipeline_1,unroll_4,unroll_2,1,1.75,0.884003447226,False
workload_4024.cpp,xcu200-fsgd2104-2-e,3.33,7.81224993,331,1,1,2,3,block_4_2,complete_2,complete_1,block_8_1,block_4_1,unroll_8,pipeline_1,pipeline_1,pipeline_1,unroll_2,unroll_2,1,1.75,0.884003447226,False
workload_3884.cpp,xcu200-fsgd2104-2-e,3.33,7.81224993,699,1,1,4,7,block_4_2,cyclic_2_2,block_4_1,block_2_1,cyclic_8_1,unroll_16,pipeline_1,pipeline_1,unroll_8,unroll_2,unroll_2,1,3.25,0.676016812498,False
workload_3937.cpp,xcu200-fsgd2104-2-e,3.33,7.81232985,2246,1,1,7,13,block_4_2,cyclic_2_2,block_4_1,block_2_1,cyclic_8_1,unroll_32,pipeline_1,pipeline_1,unroll_8,unroll_2,unroll_4,1,5.5,0.424026336489,False
workload_4000.cpp,xcu200-fsgd2104-2-e,3.33,122.11872903,295,1,1,1,3,block_4_2,cyclic_4_2,block_8_1,block_2_1,cyclic_2_1,unroll_8,pipeline_1,pipeline_1,unroll_2,pipeline_1,unroll_2,1,1.5,0.50160028521,False
workload_3851.cpp,xcu200-fsgd2104-2-e,3.33,122.11870239,836,1,1,3,6,block_4_2,cyclic_8_2,block_4_1,block_2_1,block_8_1,unroll_16,pipeline_1,pipeline_1,unroll_8,pipeline_1,unroll_2,1,2.75,0.464127947821,False
workload_3922.cpp,xcu200-fsgd2104-2-e,3.33,122.11870239,813,1,1,3,6,block_4_2,cyclic_8_2,block_8_1,block_2_1,block_2_1,unroll_16,pipeline_1,pipeline_1,unroll_8,pipeline_1,unroll_8,1,2.75,0.464127947821,False
workload_3920.cpp,xcu200-fsgd2104-2-e,3.33,122.11870239,749,1,1,3,6,block_4_2,cyclic_8_2,complete_1,block_4_1,cyclic_2_1,unroll_16,pipeline_1,pipeline_1,unroll_8,pipeline_1,unroll_2,1,2.75,0.464127947821,False
workload_3923.cpp,xcu200-fsgd2104-2-e,3.33,7.69028868,158,1,1,1,2,block_8_2,block_4_2,block_4_1,block_2_1,block_8_1,unroll_4,pipeline_1,pipeline_1,unroll_2,unroll_2,unroll_8,1,1.25,0.960445651994,False
workload_3981.cpp,xcu200-fsgd2104-2-e,3.33,7.69028868,145,1,1,1,2,block_8_2,block_4_2,block_4_1,block_2_1,block_8_1,unroll_4,pipeline_1,unroll_2,unroll_2,unroll_2,unroll_2,1,1.25,0.960445651994,False
workload_4011.cpp,xcu200-fsgd2104-2-e,3.33,7.69028868,202,1,1,1,2,block_8_2,block_4_2,block_4_1,block_2_1,complete_1,unroll_4,pipeline_1,pipeline_1,unroll_2,unroll_2,unroll_8,1,1.25,0.960445651994,False
workload_4069.cpp,xcu200-fsgd2104-2-e,3.33,7.69028868,153,1,1,1,2,block_8_2,block_4_2,block_4_1,block_4_1,block_8_1,unroll_4,pipeline_1,pipeline_1,unroll_2,unroll_2,unroll_8,1,1.25,0.960445651994,False
workload_4010.cpp,xcu200-fsgd2104-2-e,3.33,14.97904929,375,1,1,1,2,block_8_2,block_4_2,block_4_1,complete_1,block_8_1,unroll_8,pipeline_1,unroll_2,unroll_16,unroll_2,unroll_2,1,1.25,0.945663087565,False
workload_3980.cpp,xcu200-fsgd2104-2-e,3.33,97.60992903,453,1,1,2,6,block_8_2,block_4_2,complete_1,block_4_1,block_8_1,unroll_8,unroll_2,pipeline_1,unroll_2,pipeline_1,unroll_16,1,2.5,0.55250335144,False
workload_3942.cpp,xcu200-fsgd2104-2-e,3.33,97.60992903,456,1,1,2,6,block_8_2,block_4_2,complete_1,block_4_1,cyclic_4_1,unroll_8,unroll_2,pipeline_1,unroll_2,pipeline_1,pipeline_1,1,2.5,0.55250335144,False
workload_4108.cpp,xcu200-fsgd2104-2-e,3.33,7.62944958,107,1,1,1,1,block_8_2,block_8_2,cyclic_4_1,block_8_1,block_8_1,unroll_2,pipeline_1,unroll_2,pipeline_1,unroll_2,pipeline_1,1,1,1,True
workload_4126.cpp,xcu200-fsgd2104-2-e,3.33,7.62944958,105,1,1,1,1,block_8_2,complete_2,cyclic_4_1,block_8_1,block_8_1,unroll_2,pipeline_1,unroll_2,pipeline_1,unroll_2,pipeline_1,1,1,1,True
workload_4089.cpp,xcu200-fsgd2104-2-e,3.33,7.69028868,154,1,1,1,2,block_8_2,cyclic_4_2,block_4_1,block_2_1,block_8_1,unroll_4,pipeline_1,unroll_2,pipeline_1,unroll_2,unroll_8,1,1.25,0.960445651994,False
workload_4041.cpp,xcu200-fsgd2104-2-e,3.33,7.69028868,169,1,1,1,2,block_8_2,cyclic_4_2,block_4_1,block_2_1,block_8_1,unroll_4,pipeline_1,unroll_2,unroll_2,unroll_2,unroll_8,1,1.25,0.960445651994,False
workload_4094.cpp,xcu200-fsgd2104-2-e,3.33,7.69028868,148,1,1,1,2,block_8_2,cyclic_4_2,complete_1,block_4_1,complete_1,unroll_4,pipeline_1,unroll_2,pipeline_1,pipeline_1,unroll_8,1,1.25,0.960445651994,False
workload_4051.cpp,xcu200-fsgd2104-2-e,3.33,7.69028868,158,1,1,1,2,block_8_2,cyclic_4_2,complete_1,block_4_1,complete_1,unroll_4,pipeline_1,unroll_2,unroll_2,pipeline_1,unroll_8,1,1.25,0.960445651994,False
workload_3824.cpp,xcu200-fsgd2104-2-e,3.33,122.11870239,730,1,1,3,6,block_8_2,cyclic_8_2,block_4_1,block_2_1,block_8_1,unroll_16,pipeline_1,pipeline_1,unroll_8,pipeline_1,unroll_2,1,2.75,0.464127947821,False
workload_3899.cpp,xcu200-fsgd2104-2-e,3.33,122.11872903,2950,1,1,6,11,block_8_2,cyclic_8_2,block_4_1,block_2_1,block_8_1,unroll_32,pipeline_1,pipeline_1,unroll_8,pipeline_1,unroll_4,1,4.75,0.354391340172,False
workload_3941.cpp,xcu200-fsgd2104-2-e,3.33,122.11870239,765,1,1,3,6,block_8_2,cyclic_8_2,block_4_1,cyclic_8_1,block_2_1,unroll_16,pipeline_1,pipeline_1,unroll_8,pipeline_1,unroll_16,1,2.75,0.464127947821,False
workload_4206.cpp,xcu200-fsgd2104-2-e,3.33,7.62944958,101,1,1,1,1,complete_1,block_2_2,block_4_1,block_8_1,complete_1,unroll_2,pipeline_1,pipeline_1,pipeline_1,unroll_2,unroll_16,1,1,1,True
workload_4151.cpp,xcu200-fsgd2104-2-e,3.33,7.62944958,93,1,1,1,1,complete_1,block_2_2,complete_1,block_4_1,block_2_1,unroll_2,pipeline_1,unroll_2,pipeline_1,unroll_2,unroll_16,1,1,1,True
workload_4169.cpp,xcu200-fsgd2104-2-e,3.33,7.62944958,90,1,1,1,1,complete_1,block_2_2,complete_1,block_4_1,block_2_1,unroll_2,pipeline_1,unroll_2,pipeline_1,unroll_4,unroll_16,1,1,1,True
workload_4487.cpp,xcu200-fsgd2104-2-e,3.33,7.62944958,86,1,1,1,1,complete_1,block_2_2,complete_1,block_4_1,complete_1,unroll_2,pipeline_1,pipeline_1,pipeline_1,unroll_2,pipeline_1,1,1,1,True
workload_4248.cpp,xcu200-fsgd2104-2-e,3.33,7.62944958,114,1,1,1,1,complete_1,block_2_2,complete_1,block_4_1,cyclic_2_1,unroll_2,pipeline_1,unroll_2,unroll_8,unroll_4,unroll_16,1,1,1,True
workload_4252.cpp,xcu200-fsgd2104-2-e,3.33,7.62944958,85,1,1,1,1,complete_1,block_2_2,cyclic_4_1,block_4_1,cyclic_2_1,unroll_2,pipeline_1,unroll_2,pipeline_1,unroll_4,unroll_16,1,1,1,True
workload_4215.cpp,xcu200-fsgd2104-2-e,3.33,7.62944958,114,1,1,1,1,complete_1,block_4_2,block_2_1,block_4_1,block_2_1,unroll_2,pipeline_1,pipeline_1,pipeline_1,unroll_4,unroll_16,1,1,1,True
workload_4236.cpp,xcu200-fsgd2104-2-e,3.33,7.62944958,112,1,1,1,1,complete_1,block_4_2,block_2_1,block_4_1,block_2_1,unroll_2,pipeline_1,pipeline_1,unroll_8,unroll_4,unroll_16,1,1,1,True
workload_4256.cpp,xcu200-fsgd2104-2-e,3.33,7.62944958,84,1,1,1,1,complete_1,block_4_2,block_2_1,block_8_1,block_2_1,unroll_2,pipeline_1,pipeline_1,pipeline_1,unroll_4,unroll_16,1,1,1,True
workload_4300.cpp,xcu200-fsgd2104-2-e,3.33,7.62944958,84,1,1,1,1,complete_1,block_4_2,block_2_1,block_8_1,block_2_1,unroll_2,pipeline_1,unroll_2,pipeline_1,unroll_4,unroll_16,1,1,1,True
workload_4060.cpp,xcu200-fsgd2104-2-e,3.33,7.69028868,149,1,1,1,2,complete_1,block_4_2,block_4_1,block_2_1,block_2_1,unroll_4,pipeline_1,pipeline_1,pipeline_1,unroll_2,unroll_2,1,1.25,0.960445651994,False
workload_4443.cpp,xcu200-fsgd2104-2-e,3.33,7.62944958,84,1,1,1,1,complete_1,block_4_2,block_4_1,block_4_1,block_2_1,unroll_2,pipeline_1,pipeline_1,pipeline_1,unroll_2,unroll_16,1,1,1,True
workload_4269.cpp,xcu200-fsgd2104-2-e,3.33,7.62944958,95,1,1,1,1,complete_1,block_4_2,block_4_1,block_4_1,block_2_1,unroll_2,pipeline_1,pipeline_1,pipeline_1,unroll_4,pipeline_1,1,1,1,True
workload_3999.cpp,xcu200-fsgd2104-2-e,3.33,7.69028868,152,1,1,1,2,complete_1,block_4_2,block_4_1,block_4_1,block_2_1,unroll_4,pipeline_1,pipeline_1,unroll_2,unroll_2,unroll_8,1,1.25,0.960445651994,False
workload_4230.cpp,xcu200-fsgd2104-2-e,3.33,7.62944958,104,1,1,1,1,complete_1,block_4_2,block_4_1,block_4_1,complete_1,unroll_2,pipeline_1,pipeline_1,pipeline_1,unroll_4,pipeline_1,1,1,1,True
workload_4262.cpp,xcu200-fsgd2104-2-e,3.33,7.62944958,92,1,1,1,1,complete_1,block_4_2,block_4_1,block_4_1,complete_1,unroll_2,pipeline_1,unroll_2,pipeline_1,unroll_4,pipeline_1,1,1,1,True
workload_4405.cpp,xcu200-fsgd2104-2-e,3.33,7.62944958,101,1,1,1,1,complete_1,block_4_2,block_4_1,block_8_1,block_2_1,unroll_2,pipeline_1,pipeline_1,pipeline_1,unroll_2,pipeline_1,1,1,1,True
workload_4500.cpp,xcu200-fsgd2104-2-e,3.33,7.62944958,86,1,1,1,1,complete_1,block_4_2,block_4_1,block_8_1,block_2_1,unroll_2,pipeline_1,pipeline_1,pipeline_1,unroll_2,unroll_16,1,1,1,True
workload_4047.cpp,xcu200-fsgd2104-2-e,3.33,7.62944958,101,1,1,1,1,complete_1,block_4_2,complete_1,block_4_1,block_2_1,unroll_2,pipeline_1,pipeline_1,pipeline_1,unroll_2,unroll_2,1,1,1,True
workload_4275.cpp,xcu200-fsgd2104-2-e,3.33,7.62944958,101,1,1,1,1,complete_1,block_4_2,complete_1,block_4_1,block_2_1,unroll_2,pipeline_1,pipeline_1,pipeline_1,unroll_4,pipeline_1,1,1,1,True
workload_4110.cpp,xcu200-fsgd2104-2-e,3.33,7.62944958,104,1,1,1,1,complete_1,block_4_2,complete_1,block_4_1,block_2_1,unroll_2,pipeline_1,pipeline_1,pipeline_1,unroll_4,unroll_16,1,1,1,True
workload_4412.cpp,xcu200-fsgd2104-2-e,3.33,7.62944958,95,1,1,1,1,complete_1,block_4_2,complete_1,block_4_1,block_2_1,unroll_2,pipeline_1,unroll_2,pipeline_1,unroll_2,unroll_16,1,1,1,True
workload_4104.cpp,xcu200-fsgd2104-2-e,3.33,7.62944958,108,1,1,1,1,complete_1,block_4_2,complete_1,block_4_1,block_2_1,unroll_2,pipeline_1,unroll_2,pipeline_1,unroll_2,unroll_8,1,1,1,True
workload_4026.cpp,xcu200-fsgd2104-2-e,3.33,7.69028868,165,1,1,1,2,complete_1,block_4_2,complete_1,block_4_1,block_2_1,unroll_4,pipeline_1,pipeline_1,unroll_2,unroll_2,unroll_8,1,1.25,0.960445651994,False
workload_4105.cpp,xcu200-fsgd2104-2-e,3.33,7.69028868,178,1,1,1,2,complete_1,block_4_2,complete_1,block_4_1,block_2_1,unroll_4,pipeline_1,pipeline_1,unroll_2,unroll_4,unroll_8,1,1.25,0.960445651994,False
workload_4028.cpp,xcu200-fsgd2104-2-e,3.33,7.69028868,169,1,1,1,2,complete_1,block_4_2,complete_1,block_4_1,block_2_1,unroll_4,pipeline_1,unroll_2,pipeline_1,unroll_2,unroll_8,1,1.25,0.960445651994,False
workload_4062.cpp,xcu200-fsgd2104-2-e,3.33,7.69028868,149,1,1,1,2,complete_1,block_4_2,complete_1,block_4_1,block_2_1,unroll_4,pipeline_1,unroll_2,unroll_2,unroll_2,unroll_8,1,1.25,0.960445651994,False
workload_4473.cpp,xcu200-fsgd2104-2-e,3.33,7.62944958,88,1,1,1,1,complete_1,block_4_2,complete_1,block_4_1,complete_1,unroll_2,pipeline_1,pipeline_1,pipeline_1,unroll_2,pipeline_1,1,1,1,True
workload_4253.cpp,xcu200-fsgd2104-2-e,3.33,7.62944958,85,1,1,1,1,complete_1,block_4_2,complete_1,block_4_1,complete_1,unroll_2,pipeline_1,pipeline_1,pipeline_1,unroll_4,unroll_16,1,1,1,True
workload_4360.cpp,xcu200-fsgd2104-2-e,3.33,7.62944958,97,1,1,1,1,complete_1,block_4_2,complete_1,block_4_1,complete_1,unroll_2,pipeline_1,unroll_2,pipeline_1,unroll_4,pipeline_1,1,1,1,True
workload_4390.cpp,xcu200-fsgd2104-2-e,3.33,14.62827708,87,1,1,1,1,complete_1,block_4_2,complete_1,block_4_1,complete_1,unroll_2,pipeline_1,unroll_2,unroll_16,unroll_2,pipeline_1,1,1,0.964160933717,False
workload_4310.cpp,xcu200-fsgd2104-2-e,3.33,7.69028868,142,1,1,1,2,complete_1,block_4_2,complete_1,block_4_1,complete_1,unroll_4,pipeline_1,pipeline_1,pipeline_1,unroll_4,unroll_16,1,1.25,0.960445651994,False
workload_4249.cpp,xcu200-fsgd2104-2-e,3.33,7.62944958,90,1,1,1,1,complete_1,block_4_2,cyclic_2_1,block_8_1,complete_1,unroll_2,pipeline_1,pipeline_1,pipeline_1,unroll_4,pipeline_1,1,1,1,True
workload_4139.cpp,xcu200-fsgd2104-2-e,3.33,7.62944958,110,1,1,1,1,complete_1,block_4_2,cyclic_4_1,block_8_1,block_2_1,unroll_2,pipeline_1,pipeline_1,pipeline_1,unroll_2,unroll_2,1,1,1,True
workload_4285.cpp,xcu200-fsgd2104-2-e,3.33,7.62944958,84,1,1,1,1,complete_1,block_4_2,cyclic_4_1,block_8_1,cyclic_2_1,unroll_2,pipeline_1,unroll_2,pipeline_1,unroll_4,pipeline_1,1,1,1,True
workload_4273.cpp,xcu200-fsgd2104-2-e,3.33,7.62944958,92,1,1,1,1,complete_1,block_8_2,block_2_1,block_4_1,block_2_1,unroll_2,pipeline_1,pipeline_1,pipeline_1,unroll_4,unroll_16,1,1,1,True
workload_3902.cpp,xcu200-fsgd2104-2-e,3.33,236.74094208,1413,1,1,4,15,complete_1,block_8_2,block_2_1,block_8_1,cyclic_8_1,unroll_2,unroll_16,pipeline_1,unroll_2,unroll_16,pipeline_1,1,5.25,0.152238914707,False
workload_3934.cpp,xcu200-fsgd2104-2-e,3.33,136.93056903,425,1,1,1,5,complete_1,block_8_2,block_4_1,block_2_1,block_2_1,unroll_8,unroll_2,unroll_2,pipeline_1,pipeline_1,unroll_16,1,2,0.443663262394,False
workload_3940.cpp,xcu200-fsgd2104-2-e,3.33,7.81224993,283,1,1,2,3,complete_1,block_8_2,block_4_1,block_2_1,complete_1,unroll_8,pipeline_1,pipeline_1,pipeline_1,unroll_4,unroll_16,1,1.75,0.884003447226,False
workload_3805.cpp,xcu200-fsgd2104-2-e,3.33,130.53696903,641,1,1,3,7,complete_1,block_8_2,block_4_1,block_2_1,complete_1,unroll_8,unroll_2,unroll_2,pipeline_1,pipeline_1,unroll_16,1,3,0.428968220853,False
workload_4321.cpp,xcu200-fsgd2104-2-e,3.33,7.62944958,90,1,1,1,1,complete_1,block_8_2,block_4_1,block_4_1,block_2_1,unroll_2,pipeline_1,unroll_2,pipeline_1,unroll_2,pipeline_1,1,1,1,True
workload_4428.cpp,xcu200-fsgd2104-2-e,3.33,7.62944958,90,1,1,1,1,complete_1,block_8_2,block_4_1,block_4_1,block_4_1,unroll_2,pipeline_1,pipeline_1,pipeline_1,unroll_4,pipeline_1,1,1,1,True
workload_4290.cpp,xcu200-fsgd2104-2-e,3.33,7.62944958,91,1,1,1,1,complete_1,block_8_2,block_4_1,block_4_1,complete_1,unroll_2,pipeline_1,pipeline_1,pipeline_1,unroll_2,pipeline_1,1,1,1,True
workload_4323.cpp,xcu200-fsgd2104-2-e,3.33,7.62944958,87,1,1,1,1,complete_1,block_8_2,block_4_1,block_4_1,complete_1,unroll_2,pipeline_1,pipeline_1,pipeline_1,unroll_2,unroll_16,1,1,1,True
workload_4075.cpp,xcu200-fsgd2104-2-e,3.33,7.62944958,108,1,1,1,1,complete_1,block_8_2,block_4_1,block_4_1,complete_1,unroll_2,pipeline_1,pipeline_1,pipeline_1,unroll_4,pipeline_1,1,1,1,True
workload_4234.cpp,xcu200-fsgd2104-2-e,3.33,7.62944958,105,1,1,1,1,complete_1,block_8_2,block_4_1,block_4_1,complete_1,unroll_2,pipeline_1,pipeline_1,pipeline_1,unroll_4,unroll_16,1,1,1,True
workload_4380.cpp,xcu200-fsgd2104-2-e,3.33,7.62944958,88,1,1,1,1,complete_1,block_8_2,block_4_1,block_4_1,cyclic_2_1,unroll_2,pipeline_1,pipeline_1,pipeline_1,unroll_2,pipeline_1,1,1,1,True
workload_4407.cpp,xcu200-fsgd2104-2-e,3.33,7.62944958,90,1,1,1,1,complete_1,block_8_2,block_4_1,block_4_1,cyclic_2_1,unroll_2,pipeline_1,pipeline_1,pipeline_1,unroll_4,pipeline_1,1,1,1,True
workload_4278.cpp,xcu200-fsgd2104-2-e,3.33,7.62944958,88,1,1,1,1,complete_1,block_8_2,block_4_1,block_4_1,cyclic_2_1,unroll_2,pipeline_1,unroll_2,pipeline_1,unroll_4,pipeline_1,1,1,1,True
workload_4155.cpp,xcu200-fsgd2104-2-e,3.33,7.62944958,87,1,1,1,1,complete_1,block_8_2,block_4_1,block_8_1,block_2_1,unroll_2,pipeline_1,pipeline_1,pipeline_1,unroll_2,pipeline_1,1,1,1,True
workload_4369.cpp,xcu200-fsgd2104-2-e,3.33,7.62944958,94,1,1,1,1,complete_1,block_8_2,block_4_1,block_8_1,block_2_1,unroll_2,pipeline_1,pipeline_1,pipeline_1,unroll_4,pipeline_1,1,1,1,True
workload_4519.cpp,xcu200-fsgd2104-2-e,3.33,7.62944958,83,1,1,1,1,complete_1,block_8_2,block_4_1,block_8_1,block_2_1,unroll_2,pipeline_1,unroll_2,pipeline_1,unroll_4,pipeline_1,1,1,1,True
workload_4472.cpp,xcu200-fsgd2104-2-e,3.33,7.69028868,153,1,1,1,2,complete_1,block_8_2,block_4_1,block_8_1,block_2_1,unroll_4,pipeline_1,unroll_2,pipeline_1,unroll_2,unroll_16,1,1.25,0.960445651994,False
workload_4416.cpp,xcu200-fsgd2104-2-e,3.33,7.62944958,89,1,1,1,1,complete_1,block_8_2,block_4_1,block_8_1,block_4_1,unroll_2,pipeline_1,unroll_2,pipeline_1,unroll_4,pipeline_1,1,1,1,True
workload_4125.cpp,xcu200-fsgd2104-2-e,3.33,7.62944958,106,1,1,1,1,complete_1,block_8_2,block_4_1,block_8_1,complete_1,unroll_2,pipeline_1,pipeline_1,pipeline_1,unroll_2,pipeline_1,1,1,1,True
workload_4027.cpp,xcu200-fsgd2104-2-e,3.33,7.62944958,101,1,1,1,1,complete_1,block_8_2,block_4_1,block_8_1,complete_1,unroll_2,pipeline_1,pipeline_1,pipeline_1,unroll_4,pipeline_1,1,1,1,True
workload_4408.cpp,xcu200-fsgd2104-2-e,3.33,7.62944958,91,1,1,1,1,complete_1,block_8_2,block_4_1,block_8_1,complete_1,unroll_2,pipeline_1,unroll_2,pipeline_1,unroll_2,pipeline_1,1,1,1,True
workload_4401.cpp,xcu200-fsgd2104-2-e,3.33,7.62944958,103,1,1,1,1,complete_1,block_8_2,block_4_1,block_8_1,complete_1,unroll_2,pipeline_1,unroll_2,pipeline_1,unroll_4,pipeline_1,1,1,1,True
workload_4509.cpp,xcu200-fsgd2104-2-e,3.33,7.62944958,84,1,1,1,1,complete_1,block_8_2,block_4_1,block_8_1,complete_1,unroll_2,pipeline_1,unroll_2,pipeline_1,unroll_8,unroll_16,1,1,1,True
workload_4383.cpp,xcu200-fsgd2104-2-e,3.33,7.62944958,93,1,1,1,1,complete_1,block_8_2,block_4_1,block_8_1,cyclic_2_1,unroll_2,pipeline_1,pipeline_1,pipeline_1,unroll_4,pipeline_1,1,1,1,True
workload_4361.cpp,xcu200-fsgd2104-2-e,3.33,7.62944958,99,1,1,1,1,complete_1,block_8_2,block_4_1,block_8_1,cyclic_2_1,unroll_2,pipeline_1,unroll_2,pipeline_1,unroll_4,pipeline_1,1,1,1,True
workload_4302.cpp,xcu200-fsgd2104-2-e,3.33,7.62944958,84,1,1,1,1,complete_1,block_8_2,complete_1,block_4_1,block_2_1,unroll_2,pipeline_1,pipeline_1,pipeline_1,unroll_2,pipeline_1,1,1,1,True
workload_4274.cpp,xcu200-fsgd2104-2-e,3.33,7.62944958,95,1,1,1,1,complete_1,block_8_2,complete_1,block_4_1,block_2_1,unroll_2,pipeline_1,pipeline_1,pipeline_1,unroll_4,unroll_16,1,1,1,True
workload_4061.cpp,xcu200-fsgd2104-2-e,3.33,7.62944958,96,1,1,1,1,complete_1,block_8_2,complete_1,block_4_1,block_2_1,unroll_2,pipeline_1,pipeline_1,pipeline_1,unroll_4,unroll_2,1,1,1,True
workload_4127.cpp,xcu200-fsgd2104-2-e,3.33,7.62944958,107,1,1,1,1,complete_1,block_8_2,complete_1,block_4_1,block_2_1,unroll_2,pipeline_1,pipeline_1,pipeline_1,unroll_8,unroll_2,1,1,1,True
workload_4223.cpp,xcu200-fsgd2104-2-e,3.33,7.62944958,115,1,1,1,1,complete_1,block_8_2,complete_1,block_4_1,block_2_1,unroll_2,pipeline_1,unroll_2,pipeline_1,unroll_2,pipeline_1,1,1,1,True
workload_4115.cpp,xcu200-fsgd2104-2-e,3.33,7.62944958,99,1,1,1,1,complete_1,block_8_2,complete_1,block_4_1,block_2_1,unroll_2,pipeline_1,unroll_2,pipeline_1,unroll_2,unroll_16,1,1,1,True
workload_4143.cpp,xcu200-fsgd2104-2-e,3.33,7.62944958,109,1,1,1,1,complete_1,block_8_2,complete_1,block_4_1,block_2_1,unroll_2,pipeline_1,unroll_2,pipeline_1,unroll_2,unroll_2,1,1,1,True
workload_4167.cpp,xcu200-fsgd2104-2-e,3.33,7.62944958,88,1,1,1,1,complete_1,block_8_2,complete_1,block_4_1,block_2_1,unroll_2,pipeline_1,unroll_2,pipeline_1,unroll_4,pipeline_1,1,1,1,True
workload_4170.cpp,xcu200-fsgd2104-2-e,3.33,7.62944958,105,1,1,1,1,complete_1,block_8_2,complete_1,block_4_1,block_2_1,unroll_2,pipeline_1,unroll_2,pipeline_1,unroll_4,unroll_16,1,1,1,True
workload_4118.cpp,xcu200-fsgd2104-2-e,3.33,7.62944958,95,1,1,1,1,complete_1,block_8_2,complete_1,block_4_1,block_2_1,unroll_2,pipeline_1,unroll_2,pipeline_1,unroll_4,unroll_2,1,1,1,True
workload_4216.cpp,xcu200-fsgd2104-2-e,3.33,7.62944958,111,1,1,1,1,complete_1,block_8_2,complete_1,block_4_1,block_2_1,unroll_2,pipeline_1,unroll_2,pipeline_1,unroll_8,unroll_2,1,1,1,True
workload_3983.cpp,xcu200-fsgd2104-2-e,3.33,7.69028868,147,1,1,1,2,complete_1,block_8_2,complete_1,block_4_1,block_2_1,unroll_4,pipeline_1,unroll_2,pipeline_1,unroll_2,unroll_4,1,1.25,0.960445651994,False
workload_4344.cpp,xcu200-fsgd2104-2-e,3.33,7.62944958,90,1,1,1,1,complete_1,block_8_2,complete_1,block_4_1,block_4_1,unroll_2,pipeline_1,pipeline_1,pipeline_1,unroll_4,pipeline_1,1,1,1,True
workload_4415.cpp,xcu200-fsgd2104-2-e,3.33,7.62944958,89,1,1,1,1,complete_1,block_8_2,complete_1,block_4_1,block_4_1,unroll_2,pipeline_1,pipeline_1,pipeline_1,unroll_4,unroll_16,1,1,1,True
workload_4413.cpp,xcu200-fsgd2104-2-e,3.33,7.62944958,102,1,1,1,1,complete_1,block_8_2,complete_1,block_4_1,complete_1,unroll_2,pipeline_1,pipeline_1,pipeline_1,unroll_2,pipeline_1,1,1,1,True
workload_4345.cpp,xcu200-fsgd2104-2-e,3.33,7.62944958,90,1,1,1,1,complete_1,block_8_2,complete_1,block_4_1,complete_1,unroll_2,pipeline_1,pipeline_1,pipeline_1,unroll_4,pipeline_1,1,1,1,True
workload_4174.cpp,xcu200-fsgd2104-2-e,3.33,7.62944958,88,1,1,1,1,complete_1,block_8_2,complete_1,block_4_1,complete_1,unroll_2,pipeline_1,unroll_2,pipeline_1,pipeline_1,pipeline_1,1,1,1,True
workload_4392.cpp,xcu200-fsgd2104-2-e,3.33,7.62944958,93,1,1,1,1,complete_1,block_8_2,complete_1,block_4_1,complete_1,unroll_2,pipeline_1,unroll_2,pipeline_1,unroll_2,unroll_16,1,1,1,True
workload_4377.cpp,xcu200-fsgd2104-2-e,3.33,7.62944958,101,1,1,1,1,complete_1,block_8_2,complete_1,block_4_1,complete_1,unroll_2,pipeline_1,unroll_2,pipeline_1,unroll_4,pipeline_1,1,1,1,True
workload_4240.cpp,xcu200-fsgd2104-2-e,3.33,7.62944958,104,1,1,1,1,complete_1,block_8_2,complete_1,block_4_1,complete_1,unroll_2,pipeline_1,unroll_2,pipeline_1,unroll_8,unroll_16,1,1,1,True
workload_4433.cpp,xcu200-fsgd2104-2-e,3.33,7.62944958,93,1,1,1,1,complete_1,block_8_2,complete_1,block_4_1,cyclic_2_1,unroll_2,pipeline_1,pipeline_1,pipeline_1,unroll_2,pipeline_1,2,1,1,True
workload_4194.cpp,xcu200-fsgd2104-2-e,3.33,7.62944958,99.5,1,1,1,1,complete_1,block_8_2,complete_1,block_4_1,cyclic_2_1,unroll_2,pipeline_1,unroll_2,pipeline_1,unroll_4,pipeline_1,2,1,1,True
workload_4399.cpp,xcu200-fsgd2104-2-e,3.33,7.62944958,102,1,1,1,1,complete_1,block_8_2,complete_1,block_4_1,cyclic_2_1,unroll_2,pipeline_1,unroll_2,pipeline_1,unroll_4,unroll_16,1,1,1,True
workload_4292.cpp,xcu200-fsgd2104-2-e,3.33,7.62944958,89,1,1,1,1,complete_1,block_8_2,complete_1,block_8_1,block_2_1,unroll_2,pipeline_1,pipeline_1,pipeline_1,unroll_4,pipeline_1,1,1,1,True
workload_4092.cpp,xcu200-fsgd2104-2-e,3.33,7.62944958,88,1,1,1,1,complete_1,block_8_2,complete_1,block_8_1,block_2_1,unroll_2,pipeline_1,pipeline_1,pipeline_1,unroll_4,unroll_2,1,1,1,True
workload_4128.cpp,xcu200-fsgd2104-2-e,3.33,7.62944958,110,1,1,1,1,complete_1,block_8_2,complete_1,block_8_1,block_2_1,unroll_2,pipeline_1,unroll_2,unroll_2,unroll_2,unroll_16,1,1,1,True
workload_4212.cpp,xcu200-fsgd2104-2-e,3.33,7.62944958,105,1,1,1,1,complete_1,block_8_2,complete_1,block_8_1,complete_1,unroll_2,pipeline_1,pipeline_1,pipeline_1,unroll_4,pipeline_1,1,1,1,True
workload_4429.cpp,xcu200-fsgd2104-2-e,3.33,7.62944958,95,1,1,1,1,complete_1,block_8_2,complete_1,block_8_1,complete_1,unroll_2,pipeline_1,pipeline_1,pipeline_1,unroll_4,unroll_16,1,1,1,True
workload_4132.cpp,xcu200-fsgd2104-2-e,3.33,7.62944958,116,1,1,1,1,complete_1,block_8_2,complete_1,block_8_1,complete_1,unroll_2,pipeline_1,pipeline_1,pipeline_1,unroll_4,unroll_2,1,1,1,True
workload_4111.cpp,xcu200-fsgd2104-2-e,3.33,7.69028868,177,1,1,1,2,complete_1,block_8_2,complete_1,block_8_1,complete_1,unroll_4,pipeline_1,pipeline_1,unroll_8,unroll_4,pipeline_1,1,1.25,0.960445651994,False
workload_4464.cpp,xcu200-fsgd2104-2-e,3.33,7.62944958,83,1,1,1,1,complete_1,block_8_2,cyclic_4_1,block_4_1,block_2_1,unroll_2,pipeline_1,pipeline_1,pipeline_1,unroll_2,pipeline_1,1,1,1,True
workload_4254.cpp,xcu200-fsgd2104-2-e,3.33,7.62944958,85,1,1,1,1,complete_1,block_8_2,cyclic_4_1,block_4_1,block_2_1,unroll_2,pipeline_1,unroll_2,pipeline_1,unroll_2,pipeline_1,1,1,1,True
workload_4469.cpp,xcu200-fsgd2104-2-e,3.33,7.62944958,85.5,1,1,1,1,complete_1,block_8_2,cyclic_4_1,block_4_1,block_2_1,unroll_2,pipeline_1,unroll_2,pipeline_1,unroll_4,pipeline_1,2,1,1,True
workload_4329.cpp,xcu200-fsgd2104-2-e,3.33,7.62944958,100,1,1,1,1,complete_1,block_8_2,cyclic_4_1,block_4_1,complete_1,unroll_2,pipeline_1,unroll_2,pipeline_1,unroll_4,unroll_16,1,1,1,True
workload_4427.cpp,xcu200-fsgd2104-2-e,3.33,14.62827708,93,1,1,1,1,complete_1,block_8_2,cyclic_4_1,block_4_1,cyclic_2_1,unroll_2,pipeline_1,unroll_2,unroll_16,unroll_4,pipeline_1,1,1,0.964160933717,False
workload_4354.cpp,xcu200-fsgd2104-2-e,3.33,7.62944958,93,1,1,1,1,complete_1,block_8_2,cyclic_4_1,block_4_1,cyclic_2_1,unroll_2,pipeline_1,unroll_2,unroll_4,unroll_4,pipeline_1,1,1,1,True
workload_4059.cpp,xcu200-fsgd2104-2-e,3.33,7.62944958,100,1,1,1,1,complete_1,block_8_2,cyclic_4_1,block_8_1,block_2_1,unroll_2,pipeline_1,unroll_2,pipeline_1,unroll_2,pipeline_1,1,1,1,True
workload_4442.cpp,xcu200-fsgd2104-2-e,3.33,7.62944958,89,1,1,1,1,complete_1,block_8_2,cyclic_4_1,block_8_1,block_2_1,unroll_2,pipeline_1,unroll_2,pipeline_1,unroll_4,pipeline_1,1,1,1,True
workload_4447.cpp,xcu200-fsgd2104-2-e,3.33,7.62944958,86,1,1,1,1,complete_1,block_8_2,cyclic_4_1,block_8_1,block_4_1,unroll_2,pipeline_1,unroll_2,pipeline_1,unroll_2,pipeline_1,1,1,1,True
workload_4471.cpp,xcu200-fsgd2104-2-e,3.33,7.62944958,90,1,1,1,1,complete_1,block_8_2,cyclic_4_1,block_8_1,complete_1,unroll_2,pipeline_1,pipeline_1,pipeline_1,unroll_2,pipeline_1,1,1,1,True
workload_4351.cpp,xcu200-fsgd2104-2-e,3.33,7.62944958,98,1,1,1,1,complete_1,block_8_2,cyclic_4_1,block_8_1,complete_1,unroll_2,pipeline_1,unroll_2,pipeline_1,unroll_2,pipeline_1,1,1,1,True
workload_3896.cpp,xcu200-fsgd2104-2-e,3.33,130.53696903,656,1,1,3,8,complete_1,block_8_2,cyclic_8_1,block_2_1,complete_1,unroll_8,unroll_2,unroll_2,pipeline_1,pipeline_1,unroll_16,1,3.25,0.417667164321,False
workload_4052.cpp,xcu200-fsgd2104-2-e,3.33,7.81224993,328,1,1,2,3,complete_1,complete_1,block_4_1,block_2_1,block_4_1,unroll_8,pipeline_1,pipeline_1,unroll_2,unroll_4,unroll_2,1,1.75,0.884003447226,False
workload_3987.cpp,xcu200-fsgd2104-2-e,3.33,122.11872903,288,1,1,1,3,complete_1,complete_1,block_4_1,block_2_1,complete_1,unroll_8,pipeline_1,pipeline_1,pipeline_1,pipeline_1,unroll_2,1,1.5,0.50160028521,False
workload_3935.cpp,xcu200-fsgd2104-2-e,3.33,7.81224993,297.5,1,1,2,3,complete_1,complete_1,block_4_1,block_4_1,block_4_1,unroll_8,pipeline_1,pipeline_1,unroll_2,unroll_4,unroll_2,2,1.75,0.884003447226,False
workload_3982.cpp,xcu200-fsgd2104-2-e,3.33,7.81224993,283,1,1,2,3,complete_1,complete_1,block_4_1,block_4_1,complete_1,unroll_8,pipeline_1,pipeline_1,unroll_4,unroll_2,pipeline_1,1,1.75,0.884003447226,False
workload_4138.cpp,xcu200-fsgd2104-2-e,3.33,7.62944958,100,1,1,1,1,complete_1,complete_1,complete_1,block_4_1,block_2_1,unroll_2,pipeline_1,unroll_2,pipeline_1,unroll_4,unroll_16,1,1,1,True
workload_4081.cpp,xcu200-fsgd2104-2-e,3.33,7.69028868,158,1,1,1,2,complete_1,complete_1,complete_1,block_4_1,block_2_1,unroll_4,pipeline_1,unroll_2,unroll_2,unroll_2,unroll_8,1,1.25,0.960445651994,False
workload_3909.cpp,xcu200-fsgd2104-2-e,3.33,122.11872903,304,1,1,1,3,complete_1,complete_1,complete_1,block_4_1,block_2_1,unroll_8,pipeline_1,pipeline_1,pipeline_1,pipeline_1,unroll_2,1,1.5,0.50160028521,False
workload_3842.cpp,xcu200-fsgd2104-2-e,3.33,7.81224993,298,1,1,2,3,complete_1,complete_1,complete_1,block_4_1,block_4_1,unroll_8,pipeline_1,pipeline_1,pipeline_1,unroll_4,unroll_2,1,1.75,0.884003447226,False
workload_3947.cpp,xcu200-fsgd2104-2-e,3.33,176.57088903,253,1,1,1,6,complete_1,complete_1,complete_1,block_4_1,block_4_1,unroll_8,unroll_2,unroll_2,pipeline_1,pipeline_1,unroll_2,1,2.25,0.326762399529,False
workload_4120.cpp,xcu200-fsgd2104-2-e,3.33,119.25687708,100,1,1,1,1,complete_1,complete_1,complete_1,block_4_1,cyclic_2_1,unroll_2,pipeline_1,pipeline_1,unroll_8,pipeline_1,unroll_2,1,1,0.515194914238,False
workload_4159.cpp,xcu200-fsgd2104-2-e,3.33,7.62944958,87,1,1,1,1,complete_1,complete_1,complete_1,block_4_1,cyclic_2_1,unroll_2,pipeline_1,unroll_2,pipeline_1,unroll_4,unroll_16,1,1,1,True
workload_4189.cpp,xcu200-fsgd2104-2-e,3.33,7.62944958,124,1,1,1,1,complete_1,complete_1,complete_1,block_4_1,cyclic_2_1,unroll_2,pipeline_1,unroll_2,unroll_8,unroll_4,unroll_2,1,1,1,True
workload_3988.cpp,xcu200-fsgd2104-2-e,3.33,7.81224993,345.5,1,1,2,3,complete_1,complete_1,complete_1,block_8_1,block_4_1,unroll_8,pipeline_1,pipeline_1,pipeline_1,unroll_2,unroll_2,2,1.75,0.884003447226,False
workload_4190.cpp,xcu200-fsgd2104-2-e,3.33,7.62944958,100,1,1,1,1,complete_1,complete_1,cyclic_4_1,block_4_1,block_2_1,unroll_2,pipeline_1,unroll_2,pipeline_1,unroll_4,unroll_16,1,1,1,True
workload_4242.cpp,xcu200-fsgd2104-2-e,3.33,7.62944958,99,1,1,1,1,complete_1,complete_1,cyclic_4_1,block_4_1,cyclic_2_1,unroll_2,pipeline_1,unroll_2,pipeline_1,unroll_2,pipeline_1,1,1,1,True
workload_4022.cpp,xcu200-fsgd2104-2-e,3.33,7.69028868,167,1,1,1,2,complete_1,complete_1,cyclic_8_1,block_2_1,block_2_1,unroll_4,pipeline_1,unroll_2,unroll_2,pipeline_1,unroll_2,1,1.25,0.960445651994,False
workload_4045.cpp,xcu200-fsgd2104-2-e,3.33,7.69028868,148,1,1,1,2,complete_1,complete_1,cyclic_8_1,block_4_1,block_2_1,unroll_4,pipeline_1,unroll_2,unroll_2,pipeline_1,unroll_2,1,1.25,0.960445651994,False
workload_3933.cpp,xcu200-fsgd2104-2-e,3.33,14.97904929,251,1,1,1,2,complete_1,complete_1,cyclic_8_1,complete_1,block_2_1,unroll_8,pipeline_1,unroll_2,unroll_16,pipeline_1,unroll_2,1,1.25,0.945663087565,False
workload_4030.cpp,xcu200-fsgd2104-2-e,3.33,14.97904929,287,1,1,1,2,complete_1,complete_1,cyclic_8_1,complete_1,block_2_1,unroll_8,pipeline_1,unroll_2,unroll_16,pipeline_1,unroll_4,1,1.25,0.945663087565,False
workload_3973.cpp,xcu200-fsgd2104-2-e,3.33,7.81224993,297,1,1,2,3,complete_1,complete_1,cyclic_8_1,complete_1,block_2_1,unroll_8,pipeline_1,unroll_2,unroll_4,pipeline_1,unroll_2,1,1.75,0.884003447226,False
workload_4424.cpp,xcu200-fsgd2104-2-e,3.33,7.62944958,95,1,1,1,1,complete_1,complete_2,block_4_1,block_2_1,block_2_1,unroll_2,pipeline_1,pipeline_1,pipeline_1,unroll_2,unroll_16,1,1,1,True
workload_4494.cpp,xcu200-fsgd2104-2-e,3.33,7.62944958,87,1,1,1,1,complete_1,complete_2,block_4_1,block_2_1,block_2_1,unroll_2,pipeline_1,unroll_2,pipeline_1,unroll_4,unroll_16,1,1,1,True
workload_4459.cpp,xcu200-fsgd2104-2-e,3.33,7.62944958,90,1,1,1,1,complete_1,complete_2,block_4_1,block_2_1,complete_1,unroll_2,pipeline_1,pipeline_1,pipeline_1,unroll_4,pipeline_1,1,1,1,True
workload_4495.cpp,xcu200-fsgd2104-2-e,3.33,7.62944958,83,1,1,1,1,complete_1,complete_2,block_4_1,block_4_1,block_2_1,unroll_2,pipeline_1,pipeline_1,pipeline_1,unroll_2,pipeline_1,1,1,1,True
workload_4403.cpp,xcu200-fsgd2104-2-e,3.33,7.62944958,95,1,1,1,1,complete_1,complete_2,block_4_1,block_4_1,block_2_1,unroll_2,pipeline_1,pipeline_1,pipeline_1,unroll_2,unroll_16,1,1,1,True
workload_4326.cpp,xcu200-fsgd2104-2-e,3.33,7.62944958,108,1,1,1,1,complete_1,complete_2,block_4_1,block_4_1,block_2_1,unroll_2,pipeline_1,pipeline_1,pipeline_1,unroll_4,pipeline_1,1,1,1,True
workload_4207.cpp,xcu200-fsgd2104-2-e,3.33,7.62944958,98,1,1,1,1,complete_1,complete_2,block_4_1,block_4_1,block_2_1,unroll_2,pipeline_1,pipeline_1,pipeline_1,unroll_4,unroll_16,2,1,1,True
workload_4481.cpp,xcu200-fsgd2104-2-e,3.33,7.62944958,89,1,1,1,1,complete_1,complete_2,block_4_1,block_4_1,block_2_1,unroll_2,pipeline_1,pipeline_1,pipeline_1,unroll_8,unroll_16,1,1,1,True
workload_4410.cpp,xcu200-fsgd2104-2-e,3.33,7.62944958,99,1,1,1,1,complete_1,complete_2,block_4_1,block_4_1,block_2_1,unroll_2,pipeline_1,pipeline_1,unroll_2,unroll_2,unroll_16,1,1,1,True
workload_4299.cpp,xcu200-fsgd2104-2-e,3.33,7.62944958,84,1,1,1,1,complete_1,complete_2,block_4_1,block_4_1,block_2_1,unroll_2,pipeline_1,pipeline_1,unroll_2,unroll_4,pipeline_1,1,1,1,True
workload_4314.cpp,xcu200-fsgd2104-2-e,3.33,7.62944958,93,1,1,1,1,complete_1,complete_2,block_4_1,block_4_1,block_2_1,unroll_2,pipeline_1,pipeline_1,unroll_2,unroll_8,unroll_16,1,1,1,True
workload_4277.cpp,xcu200-fsgd2104-2-e,3.33,7.62944958,88,1,1,1,1,complete_1,complete_2,block_4_1,block_4_1,block_2_1,unroll_2,pipeline_1,unroll_2,pipeline_1,unroll_2,pipeline_1,1,1,1,True
workload_4337.cpp,xcu200-fsgd2104-2-e,3.33,7.62944958,102,1,1,1,1,complete_1,complete_2,block_4_1,block_4_1,block_2_1,unroll_2,pipeline_1,unroll_2,pipeline_1,unroll_2,unroll_16,1,1,1,True
workload_4489.cpp,xcu200-fsgd2104-2-e,3.33,7.62944958,85,1,1,1,1,complete_1,complete_2,block_4_1,block_4_1,block_2_1,unroll_2,pipeline_1,unroll_2,pipeline_1,unroll_4,pipeline_1,1,1,1,True
workload_4423.cpp,xcu200-fsgd2104-2-e,3.33,7.62944958,92,1,1,1,1,complete_1,complete_2,block_4_1,block_4_1,complete_1,unroll_2,pipeline_1,pipeline_1,pipeline_1,unroll_2,pipeline_1,1,1,1,True
workload_4478.cpp,xcu200-fsgd2104-2-e,3.33,7.62944958,84,1,1,1,1,complete_1,complete_2,block_4_1,block_4_1,complete_1,unroll_2,pipeline_1,unroll_2,pipeline_1,unroll_8,unroll_16,1,1,1,True
workload_4436.cpp,xcu200-fsgd2104-2-e,3.33,7.62944958,91,1,1,1,1,complete_1,complete_2,block_4_1,block_8_1,cyclic_2_1,unroll_2,pipeline_1,unroll_2,pipeline_1,unroll_2,pipeline_1,1,1,1,True
workload_4308.cpp,xcu200-fsgd2104-2-e,3.33,7.62944958,89,1,1,1,1,complete_1,complete_2,complete_1,block_4_1,block_2_1,unroll_2,pipeline_1,pipeline_1,pipeline_1,unroll_2,pipeline_1,1,1,1,True
workload_4306.cpp,xcu200-fsgd2104-2-e,3.33,7.62944958,85,1,1,1,1,complete_1,complete_2,complete_1,block_4_1,block_2_1,unroll_2,pipeline_1,pipeline_1,pipeline_1,unroll_4,unroll_16,1,1,1,True
workload_4222.cpp,xcu200-fsgd2104-2-e,3.33,14.62827708,111,1,1,1,1,complete_1,complete_2,complete_1,block_4_1,block_2_1,unroll_2,pipeline_1,pipeline_1,unroll_16,unroll_4,unroll_16,1,1,0.964160933717,False
workload_4074.cpp,xcu200-fsgd2104-2-e,3.33,7.62944958,106,1,1,1,1,complete_1,complete_2,complete_1,block_4_1,block_2_1,unroll_2,pipeline_1,unroll_2,pipeline_1,unroll_2,unroll_16,2,1,1,True
workload_4195.cpp,xcu200-fsgd2104-2-e,3.33,7.62944958,112,1,1,1,1,complete_1,complete_2,complete_1,block_4_1,block_2_1,unroll_2,pipeline_1,unroll_2,pipeline_1,unroll_4,unroll_16,1,1,1,True
workload_4309.cpp,xcu200-fsgd2104-2-e,3.33,7.62944958,90,1,1,1,1,complete_1,complete_2,complete_1,block_4_1,block_2_1,unroll_2,pipeline_1,unroll_2,unroll_8,unroll_2,pipeline_1,1,1,1,True
workload_4134.cpp,xcu200-fsgd2104-2-e,3.33,7.62944958,108,1,1,1,1,complete_1,complete_2,complete_1,block_4_1,block_2_1,unroll_2,pipeline_1,unroll_2,unroll_8,unroll_4,unroll_16,1,1,1,True
workload_4066.cpp,xcu200-fsgd2104-2-e,3.33,7.69028868,141,1,1,1,2,complete_1,complete_2,complete_1,block_4_1,block_2_1,unroll_4,pipeline_1,pipeline_1,unroll_2,unroll_2,unroll_8,1,1.25,0.960445651994,False
workload_4103.cpp,xcu200-fsgd2104-2-e,3.33,7.69028868,190,1,1,1,2,complete_1,complete_2,complete_1,block_4_1,block_2_1,unroll_4,pipeline_1,unroll_2,pipeline_1,pipeline_1,unroll_16,1,1.25,0.960445651994,False
workload_4064.cpp,xcu200-fsgd2104-2-e,3.33,7.69028868,143,1,1,1,2,complete_1,complete_2,complete_1,block_4_1,block_2_1,unroll_4,pipeline_1,unroll_2,pipeline_1,unroll_2,unroll_16,1,1.25,0.960445651994,False
workload_4076.cpp,xcu200-fsgd2104-2-e,3.33,7.69028868,156,1,1,1,2,complete_1,complete_2,complete_1,block_4_1,block_2_1,unroll_4,pipeline_1,unroll_2,unroll_2,unroll_2,unroll_16,1,1.25,0.960445651994,False
workload_4304.cpp,xcu200-fsgd2104-2-e,3.33,7.62944958,84,1,1,1,1,complete_1,complete_2,complete_1,block_4_1,complete_1,unroll_2,pipeline_1,pipeline_1,pipeline_1,unroll_4,unroll_16,1,1,1,True
workload_4287.cpp,xcu200-fsgd2104-2-e,3.33,7.62944958,88,1,1,1,1,complete_1,complete_2,complete_1,block_4_1,complete_1,unroll_2,pipeline_1,unroll_2,unroll_8,unroll_4,unroll_16,1,1,1,True
workload_4322.cpp,xcu200-fsgd2104-2-e,3.33,7.62944958,88,1,1,1,1,complete_1,complete_2,complete_1,block_4_1,cyclic_2_1,unroll_2,pipeline_1,pipeline_1,pipeline_1,unroll_4,unroll_16,1,1,1,True
workload_4365.cpp,xcu200-fsgd2104-2-e,3.33,14.62827708,103,1,1,1,1,complete_1,complete_2,complete_1,block_4_1,cyclic_2_1,unroll_2,pipeline_1,pipeline_1,unroll_16,unroll_4,unroll_16,1,1,0.964160933717,False
workload_4270.cpp,xcu200-fsgd2104-2-e,3.33,7.62944958,97,1,1,1,1,complete_1,complete_2,complete_1,block_4_1,cyclic_2_1,unroll_2,pipeline_1,unroll_2,pipeline_1,unroll_4,unroll_16,1,1,1,True
workload_4168.cpp,xcu200-fsgd2104-2-e,3.33,7.62944958,94,1,1,1,1,complete_1,complete_2,complete_1,block_4_1,cyclic_2_1,unroll_2,pipeline_1,unroll_2,unroll_8,unroll_4,unroll_16,1,1,1,True
workload_4039.cpp,xcu200-fsgd2104-2-e,3.33,7.69028868,162,1,1,1,2,complete_1,complete_2,complete_1,block_4_1,cyclic_2_1,unroll_4,pipeline_1,unroll_2,unroll_8,pipeline_1,unroll_16,1,1.25,0.960445651994,False
workload_4149.cpp,xcu200-fsgd2104-2-e,3.33,7.62944958,105,1,1,1,1,complete_1,complete_2,complete_1,block_8_1,cyclic_2_1,unroll_2,pipeline_1,unroll_2,pipeline_1,unroll_4,pipeline_1,1,1,1,True
workload_4414.cpp,xcu200-fsgd2104-2-e,3.33,7.62944958,86,1,1,1,1,complete_1,complete_2,cyclic_2_1,block_8_1,block_2_1,unroll_2,pipeline_1,unroll_2,pipeline_1,unroll_4,pipeline_1,1,1,1,True
workload_4513.cpp,xcu200-fsgd2104-2-e,3.33,7.62944958,83,1,1,1,1,complete_1,complete_2,cyclic_2_1,block_8_1,cyclic_2_1,unroll_2,pipeline_1,unroll_2,pipeline_1,unroll_4,pipeline_1,1,1,1,True
workload_4385.cpp,xcu200-fsgd2104-2-e,3.33,7.62944958,96,1,1,1,1,complete_1,complete_2,cyclic_4_1,block_4_1,block_2_1,unroll_2,pipeline_1,pipeline_1,pipeline_1,unroll_2,pipeline_1,1,1,1,True
workload_4370.cpp,xcu200-fsgd2104-2-e,3.33,7.62944958,96,1,1,1,1,complete_1,complete_2,cyclic_4_1,block_4_1,block_2_1,unroll_2,pipeline_1,pipeline_1,pipeline_1,unroll_4,pipeline_1,1,1,1,True
workload_4087.cpp,xcu200-fsgd2104-2-e,3.33,7.62944958,94,1,1,1,1,complete_1,complete_2,cyclic_4_1,block_4_1,block_2_1,unroll_2,pipeline_1,unroll_2,unroll_4,unroll_4,pipeline_1,1,1,1,True
workload_4031.cpp,xcu200-fsgd2104-2-e,3.33,7.81224993,329,1,1,2,3,complete_1,complete_2,cyclic_4_1,block_4_1,block_4_1,unroll_8,pipeline_1,pipeline_1,pipeline_1,unroll_2,unroll_2,1,1.75,0.884003447226,False
workload_3938.cpp,xcu200-fsgd2104-2-e,3.33,7.81224993,294,1,1,2,3,complete_1,complete_2,cyclic_4_1,block_4_1,block_4_1,unroll_8,pipeline_1,pipeline_1,pipeline_1,unroll_2,unroll_4,1,1.75,0.884003447226,False
workload_4440.cpp,xcu200-fsgd2104-2-e,3.33,7.62944958,88,1,1,1,1,complete_1,complete_2,cyclic_4_1,block_4_1,cyclic_2_1,unroll_2,pipeline_1,unroll_2,unroll_4,unroll_4,unroll_16,1,1,1,True
workload_4474.cpp,xcu200-fsgd2104-2-e,3.33,7.62944958,90,1,1,1,1,complete_1,complete_2,cyclic_4_1,block_8_1,block_2_1,unroll_2,pipeline_1,unroll_2,pipeline_1,unroll_4,pipeline_1,1,1,1,True
workload_3997.cpp,xcu200-fsgd2104-2-e,3.33,7.81224993,300,1,1,2,3,complete_1,complete_2,cyclic_8_1,complete_1,block_4_1,unroll_8,pipeline_1,pipeline_1,pipeline_1,unroll_2,unroll_4,1,1.75,0.884003447226,False
workload_3960.cpp,xcu200-fsgd2104-2-e,3.33,7.81224993,293,1,1,2,3,complete_1,complete_2,cyclic_8_1,complete_1,block_4_1,unroll_8,pipeline_1,pipeline_1,pipeline_1,unroll_4,unroll_4,1,1.75,0.884003447226,False
workload_4003.cpp,xcu200-fsgd2104-2-e,3.33,7.81224993,314,1,1,2,3,complete_1,cyclic_2_2,block_4_1,block_8_1,block_4_1,unroll_8,pipeline_1,pipeline_1,pipeline_1,unroll_2,unroll_2,1,1.75,0.884003447226,False
workload_4048.cpp,xcu200-fsgd2104-2-e,3.33,7.81224993,763,1,1,4,7,complete_1,cyclic_2_2,complete_1,block_4_1,block_4_1,unroll_16,pipeline_1,pipeline_1,pipeline_1,unroll_4,unroll_2,1,3.25,0.676016812498,False
workload_3918.cpp,xcu200-fsgd2104-2-e,3.33,7.81224993,297,1,1,2,3,complete_1,cyclic_2_2,complete_1,block_8_1,block_4_1,unroll_8,pipeline_1,pipeline_1,pipeline_1,unroll_2,unroll_2,1,1.75,0.884003447226,False
workload_3854.cpp,xcu200-fsgd2104-2-e,3.33,7.81232985,2329,1,1,7,13,complete_1,cyclic_2_2,cyclic_2_1,cyclic_4_1,block_2_1,unroll_32,pipeline_1,unroll_2,unroll_4,unroll_4,unroll_4,1,5.5,0.424026336489,False
workload_3929.cpp,xcu200-fsgd2104-2-e,3.33,7.81232985,2349,1,1,7,13,complete_1,cyclic_2_2,cyclic_8_1,block_8_1,cyclic_8_1,unroll_32,pipeline_1,pipeline_1,pipeline_1,unroll_16,unroll_4,1,5.5,0.424026336489,False
workload_4109.cpp,xcu200-fsgd2104-2-e,3.33,7.69028868,176,1,1,1,2,complete_1,cyclic_4_2,block_4_1,block_2_1,block_2_1,unroll_4,pipeline_1,unroll_2,unroll_2,unroll_2,unroll_8,1,1.25,0.960445651994,False
workload_3844.cpp,xcu200-fsgd2104-2-e,3.33,136.93054239,1408,1,1,3,9,complete_1,cyclic_4_2,block_4_1,block_2_1,cyclic_8_1,unroll_16,unroll_2,unroll_2,pipeline_1,pipeline_1,unroll_16,1,3.5,0.389389324536,False
workload_4382.cpp,xcu200-fsgd2104-2-e,3.33,7.62944958,93,1,1,1,1,complete_1,cyclic_4_2,block_4_1,block_4_1,block_2_1,unroll_2,pipeline_1,pipeline_1,pipeline_1,unroll_2,pipeline_1,1,1,1,True
workload_4178.cpp,xcu200-fsgd2104-2-e,3.33,7.62944958,95,1,1,1,1,complete_1,cyclic_4_2,block_4_1,block_4_1,block_2_1,unroll_2,pipeline_1,pipeline_1,pipeline_1,unroll_4,unroll_16,1,1,1,True
workload_4434.cpp,xcu200-fsgd2104-2-e,3.33,7.62944958,90,1,1,1,1,complete_1,cyclic_4_2,block_4_1,block_4_1,block_2_1,unroll_2,pipeline_1,unroll_2,pipeline_1,unroll_2,pipeline_1,1,1,1,True
workload_4371.cpp,xcu200-fsgd2104-2-e,3.33,7.62944958,98,1,1,1,1,complete_1,cyclic_4_2,block_4_1,block_4_1,block_2_1,unroll_2,pipeline_1,unroll_2,pipeline_1,unroll_2,unroll_16,1,1,1,True
workload_4148.cpp,xcu200-fsgd2104-2-e,3.33,7.62944958,106,1,1,1,1,complete_1,cyclic_4_2,block_4_1,block_4_1,complete_1,unroll_2,pipeline_1,pipeline_1,pipeline_1,unroll_4,pipeline_1,1,1,1,True
workload_4312.cpp,xcu200-fsgd2104-2-e,3.33,7.62944958,87,1,1,1,1,complete_1,cyclic_4_2,block_4_1,block_4_1,cyclic_2_1,unroll_2,pipeline_1,pipeline_1,pipeline_1,unroll_2,unroll_16,1,1,1,True
workload_4224.cpp,xcu200-fsgd2104-2-e,3.33,7.62944958,116,1,1,1,1,complete_1,cyclic_4_2,block_4_1,block_4_1,cyclic_2_1,unroll_2,pipeline_1,unroll_2,pipeline_1,unroll_4,unroll_16,1,1,1,True
workload_4356.cpp,xcu200-fsgd2104-2-e,3.33,7.62944958,101,1,1,1,1,complete_1,cyclic_4_2,block_4_1,block_8_1,block_2_1,unroll_2,pipeline_1,pipeline_1,pipeline_1,unroll_2,pipeline_1,1,1,1,True
workload_4439.cpp,xcu200-fsgd2104-2-e,3.33,7.62944958,89,1,1,1,1,complete_1,cyclic_4_2,block_4_1,block_8_1,block_2_1,unroll_2,pipeline_1,unroll_2,pipeline_1,unroll_2,pipeline_1,1,1,1,True
workload_4463.cpp,xcu200-fsgd2104-2-e,3.33,7.62944958,85,1,1,1,1,complete_1,cyclic_4_2,block_4_1,block_8_1,block_4_1,unroll_2,pipeline_1,unroll_2,pipeline_1,unroll_4,unroll_16,1,1,1,True
workload_4454.cpp,xcu200-fsgd2104-2-e,3.33,7.62944958,91,1,1,1,1,complete_1,cyclic_4_2,block_4_1,block_8_1,complete_1,unroll_2,pipeline_1,pipeline_1,pipeline_1,unroll_4,unroll_16,1,1,1,True
workload_3880.cpp,xcu200-fsgd2104-2-e,3.33,280.57342239,903,1,1,3,10,complete_1,cyclic_4_2,block_8_1,block_2_1,cyclic_8_1,unroll_16,unroll_2,unroll_2,unroll_2,pipeline_1,unroll_8,1,3.75,0.128652068067,False
workload_3991.cpp,xcu200-fsgd2104-2-e,3.33,7.81224993,723,1,1,4,7,complete_1,cyclic_4_2,block_8_1,cyclic_2_1,block_2_1,unroll_16,pipeline_1,pipeline_1,pipeline_1,unroll_8,unroll_8,1,3.25,0.676016812498,False
workload_4510.cpp,xcu200-fsgd2104-2-e,3.33,7.62944958,87,1,1,1,1,complete_1,cyclic_4_2,complete_1,block_2_1,complete_1,unroll_2,pipeline_1,unroll_2,pipeline_1,unroll_2,unroll_16,1,1,1,True
workload_4009.cpp,xcu200-fsgd2104-2-e,3.33,7.62944958,119,1,1,1,1,complete_1,cyclic_4_2,complete_1,block_4_1,block_2_1,unroll_2,pipeline_1,pipeline_1,pipeline_1,unroll_2,unroll_16,1,1,1,True
workload_4136.cpp,xcu200-fsgd2104-2-e,3.33,7.62944958,102.5,1,1,1,1,complete_1,cyclic_4_2,complete_1,block_4_1,block_2_1,unroll_2,pipeline_1,pipeline_1,pipeline_1,unroll_4,unroll_16,2,1,1,True
workload_4336.cpp,xcu200-fsgd2104-2-e,3.33,14.62827708,86,1,1,1,1,complete_1,cyclic_4_2,complete_1,block_4_1,block_2_1,unroll_2,pipeline_1,pipeline_1,unroll_16,unroll_4,pipeline_1,1,1,0.964160933717,False
workload_4296.cpp,xcu200-fsgd2104-2-e,3.33,14.62827708,88,1,1,1,1,complete_1,cyclic_4_2,complete_1,block_4_1,block_2_1,unroll_2,pipeline_1,pipeline_1,unroll_16,unroll_4,unroll_16,1,1,0.964160933717,False
workload_4318.cpp,xcu200-fsgd2104-2-e,3.33,7.62944958,91.5,1,1,1,1,complete_1,cyclic_4_2,complete_1,block_4_1,block_2_1,unroll_2,pipeline_1,unroll_2,pipeline_1,unroll_2,unroll_16,2,1,1,True
workload_4019.cpp,xcu200-fsgd2104-2-e,3.33,7.62944958,98,1,1,1,1,complete_1,cyclic_4_2,complete_1,block_4_1,block_2_1,unroll_2,pipeline_1,unroll_2,pipeline_1,unroll_2,unroll_2,1,1,1,True
workload_4091.cpp,xcu200-fsgd2104-2-e,3.33,7.62944958,100,1,1,1,1,complete_1,cyclic_4_2,complete_1,block_4_1,block_2_1,unroll_2,pipeline_1,unroll_2,pipeline_1,unroll_4,pipeline_1,2,1,1,True
workload_3890.cpp,xcu200-fsgd2104-2-e,3.33,7.62944958,86,1,1,1,1,complete_1,cyclic_4_2,complete_1,block_4_1,block_2_1,unroll_2,pipeline_1,unroll_2,pipeline_1,unroll_4,unroll_2,1,1,1,True
workload_4350.cpp,xcu200-fsgd2104-2-e,3.33,7.62944958,106,1,1,1,1,complete_1,cyclic_4_2,complete_1,block_4_1,block_2_1,unroll_2,pipeline_1,unroll_2,unroll_8,unroll_2,pipeline_1,1,1,1,True
workload_4197.cpp,xcu200-fsgd2104-2-e,3.33,7.62944958,118,1,1,1,1,complete_1,cyclic_4_2,complete_1,block_4_1,block_2_1,unroll_2,pipeline_1,unroll_2,unroll_8,unroll_4,unroll_16,1,1,1,True
workload_3915.cpp,xcu200-fsgd2104-2-e,3.33,7.69028868,149,1,1,1,2,complete_1,cyclic_4_2,complete_1,block_4_1,block_2_1,unroll_4,pipeline_1,unroll_2,pipeline_1,pipeline_1,unroll_2,1,1.25,0.960445651994,False
workload_3993.cpp,xcu200-fsgd2104-2-e,3.33,96.08487894,218,1,1,1,3,complete_1,cyclic_4_2,complete_1,block_4_1,block_2_1,unroll_4,unroll_2,pipeline_1,pipeline_1,pipeline_1,unroll_2,1,1.5,0.59543531485,False
workload_4406.cpp,xcu200-fsgd2104-2-e,3.33,7.62944958,94,1,1,1,1,complete_1,cyclic_4_2,complete_1,block_4_1,block_4_1,unroll_2,pipeline_1,pipeline_1,pipeline_1,unroll_8,unroll_16,1,1,1,True
workload_3954.cpp,xcu200-fsgd2104-2-e,3.33,7.81232985,2182,1,1,7,13,complete_1,cyclic_4_2,complete_1,block_4_1,block_4_1,unroll_32,pipeline_1,pipeline_1,pipeline_1,unroll_2,unroll_2,1,5.5,0.424026336489,False
workload_3810.cpp,xcu200-fsgd2104-2-e,3.33,7.81224993,268,1,1,2,3,complete_1,cyclic_4_2,complete_1,block_4_1,block_4_1,unroll_8,pipeline_1,pipeline_1,pipeline_1,unroll_4,unroll_2,1,1.75,0.884003447226,False
workload_4079.cpp,xcu200-fsgd2104-2-e,3.33,7.62944958,92,1,1,1,1,complete_1,cyclic_4_2,complete_1,block_4_1,complete_1,unroll_2,pipeline_1,pipeline_1,pipeline_1,unroll_4,unroll_16,1,1,1,True
workload_4317.cpp,xcu200-fsgd2104-2-e,3.33,7.62944958,91,1,1,1,1,complete_1,cyclic_4_2,complete_1,block_4_1,complete_1,unroll_2,pipeline_1,unroll_2,pipeline_1,unroll_2,unroll_16,1,1,1,True
workload_4137.cpp,xcu200-fsgd2104-2-e,3.33,7.62944958,100,1,1,1,1,complete_1,cyclic_4_2,complete_1,block_4_1,complete_1,unroll_2,pipeline_1,unroll_2,pipeline_1,unroll_4,unroll_16,1,1,1,True
workload_4376.cpp,xcu200-fsgd2104-2-e,3.33,7.62944958,100,1,1,1,1,complete_1,cyclic_4_2,complete_1,block_4_1,cyclic_2_1,unroll_2,pipeline_1,unroll_2,pipeline_1,unroll_2,pipeline_1,1,1,1,True
workload_4188.cpp,xcu200-fsgd2104-2-e,3.33,7.62944958,102,1,1,1,1,complete_1,cyclic_4_2,complete_1,block_4_1,cyclic_2_1,unroll_2,pipeline_1,unroll_2,pipeline_1,unroll_4,unroll_16,1,1,1,True
workload_4295.cpp,xcu200-fsgd2104-2-e,3.33,7.69028868,145,1,1,1,2,complete_1,cyclic_4_2,complete_1,block_4_1,cyclic_2_1,unroll_4,pipeline_1,unroll_2,pipeline_1,unroll_2,pipeline_1,1,1.25,0.960445651994,False
workload_4171.cpp,xcu200-fsgd2104-2-e,3.33,7.62944958,108,1,1,1,1,complete_1,cyclic_4_2,complete_1,block_8_1,block_2_1,unroll_2,pipeline_1,unroll_2,pipeline_1,unroll_4,unroll_16,1,1,1,True
workload_4457.cpp,xcu200-fsgd2104-2-e,3.33,7.62944958,87,1,1,1,1,complete_1,cyclic_4_2,complete_1,block_8_1,complete_1,unroll_2,pipeline_1,pipeline_1,pipeline_1,unroll_4,unroll_16,1,1,1,True
workload_4522.cpp,xcu200-fsgd2104-2-e,3.33,7.69028868,139,1,1,1,2,complete_1,cyclic_4_2,complete_1,block_8_1,complete_1,unroll_4,pipeline_1,pipeline_1,pipeline_1,unroll_4,unroll_16,1,1.25,0.960445651994,False
workload_4032.cpp,xcu200-fsgd2104-2-e,3.33,7.81232985,2207,1,1,7,13,complete_1,cyclic_4_2,cyclic_4_1,block_2_1,block_2_1,unroll_32,pipeline_1,unroll_2,pipeline_1,unroll_2,unroll_16,1,5.5,0.424026336489,False
workload_4461.cpp,xcu200-fsgd2104-2-e,3.33,7.62944958,84,1,1,1,1,complete_1,cyclic_4_2,cyclic_4_1,block_4_1,block_2_1,unroll_2,pipeline_1,unroll_2,pipeline_1,unroll_2,pipeline_1,1,1,1,True
workload_4198.cpp,xcu200-fsgd2104-2-e,3.33,119.25687708,98,1,1,1,1,complete_1,cyclic_4_2,cyclic_4_1,block_8_1,block_2_1,unroll_2,pipeline_1,pipeline_1,pipeline_1,pipeline_1,unroll_16,1,1,0.515194914238,False
workload_4483.cpp,xcu200-fsgd2104-2-e,3.33,7.62944958,97,1,1,1,1,complete_1,cyclic_4_2,cyclic_4_1,block_8_1,block_2_1,unroll_2,pipeline_1,pipeline_1,pipeline_1,unroll_4,pipeline_1,1,1,1,True
workload_4063.cpp,xcu200-fsgd2104-2-e,3.33,7.62944958,96,1,1,1,1,complete_1,cyclic_4_2,cyclic_4_1,block_8_1,block_2_1,unroll_2,pipeline_1,unroll_2,pipeline_1,pipeline_1,unroll_16,1,1,1,True
workload_3970.cpp,xcu200-fsgd2104-2-e,3.33,7.62944958,89,1,1,1,1,complete_1,cyclic_4_2,cyclic_4_1,block_8_1,block_2_1,unroll_2,pipeline_1,unroll_2,pipeline_1,unroll_2,pipeline_1,1,1,1,True
workload_4261.cpp,xcu200-fsgd2104-2-e,3.33,7.62944958,87,1,1,1,1,complete_1,cyclic_4_2,cyclic_4_1,block_8_1,block_2_1,unroll_2,pipeline_1,unroll_2,pipeline_1,unroll_4,pipeline_1,1,1,1,True
workload_4080.cpp,xcu200-fsgd2104-2-e,3.33,7.62944958,95,1,1,1,1,complete_1,cyclic_4_2,cyclic_4_1,block_8_1,block_2_1,unroll_2,pipeline_1,unroll_2,unroll_2,pipeline_1,pipeline_1,1,1,1,True
workload_4044.cpp,xcu200-fsgd2104-2-e,3.33,7.62944958,90,1,1,1,1,complete_1,cyclic_4_2,cyclic_4_1,block_8_1,block_2_1,unroll_2,pipeline_1,unroll_2,unroll_2,unroll_8,pipeline_1,1,1,1,True
workload_4347.cpp,xcu200-fsgd2104-2-e,3.33,7.69028868,143,1,1,1,2,complete_1,cyclic_4_2,cyclic_4_1,block_8_1,block_2_1,unroll_4,pipeline_1,unroll_2,pipeline_1,unroll_2,pipeline_1,1,1.25,0.960445651994,False
workload_4098.cpp,xcu200-fsgd2104-2-e,3.33,7.69028868,166,1,1,1,2,complete_1,cyclic_4_2,cyclic_4_1,block_8_1,block_2_1,unroll_4,pipeline_1,unroll_2,pipeline_1,unroll_4,unroll_16,1,1.25,0.960445651994,False
workload_4107.cpp,xcu200-fsgd2104-2-e,3.33,7.69028868,174,1,1,1,2,complete_1,cyclic_4_2,cyclic_4_1,block_8_1,block_4_1,unroll_4,pipeline_1,pipeline_1,unroll_4,unroll_8,pipeline_1,1,1.25,0.960445651994,False
workload_4281.cpp,xcu200-fsgd2104-2-e,3.33,7.62944958,88,1,1,1,1,complete_1,cyclic_4_2,cyclic_4_1,block_8_1,complete_1,unroll_2,pipeline_1,unroll_2,pipeline_1,unroll_4,pipeline_1,1,1,1,True
workload_4332.cpp,xcu200-fsgd2104-2-e,3.33,7.62944958,85,1,1,1,1,complete_1,cyclic_4_2,cyclic_4_1,block_8_1,complete_1,unroll_2,pipeline_1,unroll_2,pipeline_1,unroll_4,unroll_16,1,1,1,True
workload_4391.cpp,xcu200-fsgd2104-2-e,3.33,7.62944958,89,1,1,1,1,complete_1,cyclic_4_2,cyclic_4_1,block_8_1,cyclic_4_1,unroll_2,pipeline_1,unroll_2,pipeline_1,unroll_4,pipeline_1,1,1,1,True
workload_4362.cpp,xcu200-fsgd2104-2-e,3.33,7.62944958,96,1,1,1,1,complete_1,cyclic_8_2,block_4_1,block_4_1,block_2_1,unroll_2,pipeline_1,unroll_2,pipeline_1,unroll_4,pipeline_1,1,1,1,True
workload_3895.cpp,xcu200-fsgd2104-2-e,3.33,122.11872903,2912,1,1,6,11,complete_1,cyclic_8_2,block_8_1,cyclic_4_1,cyclic_8_1,unroll_32,pipeline_1,pipeline_1,pipeline_1,pipeline_1,unroll_4,1,4.75,0.354391340172,False
workload_4355.cpp,xcu200-fsgd2104-2-e,3.33,7.62944958,97,1,1,1,1,complete_1,cyclic_8_2,complete_1,block_4_1,block_2_1,unroll_2,pipeline_1,pipeline_1,pipeline_1,unroll_4,pipeline_1,1,1,1,True
workload_3809.cpp,xcu200-fsgd2104-2-e,3.33,7.81232985,2076,1,1,7,13,complete_1,cyclic_8_2,complete_1,cyclic_4_1,block_2_1,unroll_32,pipeline_1,unroll_2,unroll_4,unroll_4,unroll_4,1,5.5,0.424026336489,False
workload_4202.cpp,xcu200-fsgd2104-2-e,3.33,7.62944958,96,1,1,1,1,complete_2,block_4_2,block_4_1,block_4_1,complete_1,unroll_2,pipeline_1,pipeline_1,pipeline_1,unroll_16,unroll_16,1,1,1,True
workload_4164.cpp,xcu200-fsgd2104-2-e,3.33,7.62944958,85,1,1,1,1,complete_2,block_4_2,block_4_1,block_4_1,complete_1,unroll_2,pipeline_1,pipeline_1,pipeline_1,unroll_4,unroll_16,1,1,1,True
workload_4465.cpp,xcu200-fsgd2104-2-e,3.33,7.62944958,94,1,1,1,1,complete_2,block_8_2,block_4_1,block_4_1,cyclic_2_1,unroll_2,pipeline_1,pipeline_1,pipeline_1,unroll_4,pipeline_1,1,1,1,True
workload_4185.cpp,xcu200-fsgd2104-2-e,3.33,7.62944958,97,1,1,1,1,complete_2,block_8_2,block_4_1,block_4_1,cyclic_2_1,unroll_2,pipeline_1,unroll_2,pipeline_1,unroll_16,unroll_16,2,1,1,True
workload_4219.cpp,xcu200-fsgd2104-2-e,3.33,7.62944958,100,1,1,1,1,complete_2,block_8_2,block_4_1,block_4_1,cyclic_2_1,unroll_2,pipeline_1,unroll_2,pipeline_1,unroll_4,unroll_16,1,1,1,True
workload_4095.cpp,xcu200-fsgd2104-2-e,3.33,7.62944958,108,1,1,1,1,complete_2,block_8_2,complete_1,block_4_1,block_2_1,unroll_2,pipeline_1,pipeline_1,pipeline_1,unroll_2,unroll_16,1,1,1,True
workload_4184.cpp,xcu200-fsgd2104-2-e,3.33,7.62944958,89,1,1,1,1,complete_2,block_8_2,complete_1,block_4_1,block_2_1,unroll_2,pipeline_1,pipeline_1,pipeline_1,unroll_8,unroll_2,1,1,1,True
workload_4179.cpp,xcu200-fsgd2104-2-e,3.33,7.62944958,91,1,1,1,1,complete_2,block_8_2,complete_1,block_4_1,block_2_1,unroll_2,pipeline_1,unroll_2,pipeline_1,pipeline_1,unroll_2,1,1,1,True
workload_4152.cpp,xcu200-fsgd2104-2-e,3.33,7.62944958,85,1,1,1,1,complete_2,block_8_2,complete_1,block_4_1,block_2_1,unroll_2,pipeline_1,unroll_2,unroll_8,unroll_2,unroll_2,1,1,1,True
workload_3977.cpp,xcu200-fsgd2104-2-e,3.33,133.72156458,112,1,1,1,1,complete_2,block_8_2,complete_1,block_4_1,block_2_1,unroll_2,unroll_2,pipeline_1,pipeline_1,unroll_4,unroll_16,1,1,0.465929998579,False
workload_3995.cpp,xcu200-fsgd2104-2-e,3.33,7.62944958,107,1,1,1,1,complete_2,block_8_2,complete_1,block_4_1,cyclic_2_1,unroll_2,pipeline_1,unroll_2,pipeline_1,pipeline_1,unroll_2,1,1,1,True
workload_4082.cpp,xcu200-fsgd2104-2-e,3.33,7.62944958,103,1,1,1,1,complete_2,block_8_2,complete_1,block_4_1,cyclic_2_1,unroll_2,pipeline_1,unroll_2,unroll_2,pipeline_1,unroll_2,1,1,1,True
workload_3966.cpp,xcu200-fsgd2104-2-e,3.33,7.81224993,290,1,1,2,3,complete_2,complete_1,block_4_1,block_4_1,block_2_1,unroll_8,pipeline_1,pipeline_1,pipeline_1,unroll_8,pipeline_1,1,1.75,0.884003447226,False
workload_4029.cpp,xcu200-fsgd2104-2-e,3.33,7.81224993,314,1,1,2,3,complete_2,complete_1,block_4_1,block_4_1,cyclic_2_1,unroll_8,pipeline_1,pipeline_1,pipeline_1,unroll_2,pipeline_1,1,1.75,0.884003447226,False
workload_3969.cpp,xcu200-fsgd2104-2-e,3.33,7.81224993,294,1,1,2,3,complete_2,complete_1,block_8_1,block_4_1,complete_1,unroll_8,pipeline_1,pipeline_1,pipeline_1,unroll_2,pipeline_1,1,1.75,0.884003447226,False
workload_4016.cpp,xcu200-fsgd2104-2-e,3.33,7.81224993,272,1,1,2,3,complete_2,complete_1,block_8_1,block_4_1,complete_1,unroll_8,pipeline_1,pipeline_1,pipeline_1,unroll_4,pipeline_1,1,1.75,0.884003447226,False
workload_3989.cpp,xcu200-fsgd2104-2-e,3.33,7.62944958,99,1,1,1,1,complete_2,complete_1,complete_1,block_4_1,block_2_1,unroll_2,pipeline_1,unroll_2,pipeline_1,pipeline_1,unroll_2,1,1,1,True
workload_4182.cpp,xcu200-fsgd2104-2-e,3.33,7.62944958,92,1,1,1,1,complete_2,complete_1,complete_1,block_4_1,block_2_1,unroll_2,pipeline_1,unroll_2,unroll_8,unroll_4,unroll_2,1,1,1,True
workload_4036.cpp,xcu200-fsgd2104-2-e,3.33,75.44656458,93,1,1,1,1,complete_2,complete_1,complete_1,block_4_1,block_2_1,unroll_2,unroll_2,pipeline_1,pipeline_1,pipeline_1,unroll_16,1,1,0.683383067135,False
workload_3916.cpp,xcu200-fsgd2104-2-e,3.33,75.44656458,101,1,1,1,1,complete_2,complete_1,complete_1,block_4_1,block_2_1,unroll_2,unroll_2,pipeline_1,pipeline_1,pipeline_1,unroll_2,1,1,0.683383067135,False
workload_4017.cpp,xcu200-fsgd2104-2-e,3.33,7.81224993,284,1,1,2,3,complete_2,complete_1,complete_1,block_4_1,block_2_1,unroll_8,pipeline_1,pipeline_1,pipeline_1,unroll_8,pipeline_1,1,1.75,0.884003447226,False
workload_4122.cpp,xcu200-fsgd2104-2-e,3.33,119.25687708,95,1,1,1,1,complete_2,complete_1,complete_1,block_4_1,complete_1,unroll_2,pipeline_1,pipeline_1,pipeline_1,pipeline_1,unroll_16,1,1,0.515194914238,False
workload_4100.cpp,xcu200-fsgd2104-2-e,3.33,7.62944958,112,1,1,1,1,complete_2,complete_1,complete_1,block_4_1,complete_1,unroll_2,pipeline_1,unroll_2,pipeline_1,pipeline_1,unroll_16,1,1,1,True
workload_4220.cpp,xcu200-fsgd2104-2-e,3.33,7.62944958,100,1,1,1,1,complete_2,complete_1,complete_1,block_4_1,cyclic_2_1,unroll_2,pipeline_1,unroll_2,pipeline_1,unroll_4,unroll_16,1,1,1,True
workload_4034.cpp,xcu200-fsgd2104-2-e,3.33,7.62944958,92,1,1,1,1,complete_2,complete_1,complete_1,block_4_1,cyclic_2_1,unroll_2,pipeline_1,unroll_2,unroll_8,pipeline_1,unroll_2,1,1,1,True
workload_4121.cpp,xcu200-fsgd2104-2-e,3.33,7.62944958,111,1,1,1,1,complete_2,complete_1,complete_1,block_4_1,cyclic_2_1,unroll_2,pipeline_1,unroll_2,unroll_8,unroll_4,unroll_2,1,1,1,True
workload_3956.cpp,xcu200-fsgd2104-2-e,3.33,7.81224993,300,1,1,2,3,complete_2,complete_1,complete_1,block_4_1,cyclic_2_1,unroll_8,pipeline_1,pipeline_1,pipeline_1,unroll_2,unroll_2,1,1.75,0.884003447226,False
workload_4068.cpp,xcu200-fsgd2104-2-e,3.33,7.62944958,95,1,1,1,1,complete_2,complete_1,complete_1,cyclic_8_1,block_2_1,unroll_2,pipeline_1,pipeline_1,pipeline_1,unroll_2,unroll_16,1,1,1,True
workload_4025.cpp,xcu200-fsgd2104-2-e,3.33,7.81224993,323,1,1,2,3,complete_2,complete_1,complete_1,cyclic_8_1,cyclic_2_1,unroll_8,pipeline_1,unroll_2,unroll_2,pipeline_1,unroll_2,1,1.75,0.884003447226,False
workload_4033.cpp,xcu200-fsgd2104-2-e,3.33,7.81224993,268,1,1,2,3,complete_2,complete_1,cyclic_4_1,block_4_1,block_2_1,unroll_8,pipeline_1,pipeline_1,pipeline_1,unroll_8,pipeline_1,1,1.75,0.884003447226,False
workload_3930.cpp,xcu200-fsgd2104-2-e,3.33,7.81224993,275,1,1,2,3,complete_2,complete_1,cyclic_4_1,block_4_1,complete_1,unroll_8,pipeline_1,pipeline_1,pipeline_1,unroll_2,pipeline_1,1,1.75,0.884003447226,False
workload_3803.cpp,xcu200-fsgd2104-2-e,3.33,7.81224993,277,1,1,2,3,complete_2,complete_1,cyclic_4_1,block_4_1,cyclic_2_1,unroll_8,pipeline_1,pipeline_1,pipeline_1,unroll_2,pipeline_1,1,1.75,0.884003447226,False
workload_3936.cpp,xcu200-fsgd2104-2-e,3.33,7.81224993,284,1,1,2,3,complete_2,complete_1,cyclic_4_1,block_8_1,cyclic_2_1,unroll_8,pipeline_1,pipeline_1,pipeline_1,unroll_2,pipeline_1,1,1.75,0.884003447226,False
workload_3800.cpp,xcu200-fsgd2104-2-e,3.33,163.58750208,88,1,1,1,1,complete_2,complete_1,cyclic_8_1,complete_1,block_4_1,unroll_2,unroll_2,unroll_2,unroll_16,pipeline_1,unroll_2,1,1,0.374050903637,False
workload_3888.cpp,xcu200-fsgd2104-2-e,3.33,199.90531458,94,1,1,1,2,complete_2,complete_1,cyclic_8_1,complete_1,block_4_1,unroll_2,unroll_2,unroll_2,unroll_4,pipeline_1,unroll_2,1,1.25,0.279829134718,False
workload_4093.cpp,xcu200-fsgd2104-2-e,3.33,95.21843958,113,1,1,1,1,complete_2,cyclic_2_2,complete_1,block_4_1,block_2_1,unroll_2,unroll_2,pipeline_1,pipeline_1,pipeline_1,unroll_2,1,1,0.603946082904,False
workload_4058.cpp,xcu200-fsgd2104-2-e,3.33,7.62944958,93,1,1,1,1,complete_2,cyclic_4_2,complete_1,block_4_1,block_2_1,unroll_2,pipeline_1,pipeline_1,pipeline_1,unroll_2,unroll_16,1,1,1,True
workload_4172.cpp,xcu200-fsgd2104-2-e,3.33,7.62944958,112,1,1,1,1,complete_2,cyclic_4_2,complete_1,block_4_1,block_2_1,unroll_2,pipeline_1,unroll_2,pipeline_1,unroll_2,unroll_2,1,1,1,True
workload_4130.cpp,xcu200-fsgd2104-2-e,3.33,7.62944958,100,1,1,1,1,complete_2,cyclic_4_2,complete_1,block_4_1,cyclic_2_1,unroll_2,pipeline_1,unroll_2,pipeline_1,pipeline_1,unroll_2,1,1,1,True
workload_4117.cpp,xcu200-fsgd2104-2-e,3.33,7.62944958,110,1,1,1,1,complete_2,cyclic_4_2,complete_1,cyclic_8_1,block_2_1,unroll_2,pipeline_1,pipeline_1,pipeline_1,unroll_2,pipeline_1,1,1,1,True
workload_4114.cpp,xcu200-fsgd2104-2-e,3.33,119.25687708,98,1,1,1,1,complete_2,cyclic_4_2,cyclic_2_1,block_4_1,block_2_1,unroll_2,pipeline_1,pipeline_1,pipeline_1,pipeline_1,pipeline_1,1,1,0.515194914238,False
workload_4204.cpp,xcu200-fsgd2104-2-e,3.33,7.62944958,95,1,1,1,1,complete_2,cyclic_4_2,cyclic_4_1,block_8_1,cyclic_2_1,unroll_2,pipeline_1,unroll_2,pipeline_1,unroll_4,pipeline_1,1,1,1,True
workload_4238.cpp,xcu200-fsgd2104-2-e,3.33,7.62944958,105,1,1,1,1,complete_2,cyclic_4_2,cyclic_4_1,block_8_1,cyclic_2_1,unroll_2,pipeline_1,unroll_2,pipeline_1,unroll_4,unroll_16,1,1,1,True
workload_3984.cpp,xcu200-fsgd2104-2-e,3.33,7.81224993,300,1,1,2,3,cyclic_2_2,block_2_2,complete_1,complete_1,cyclic_2_1,unroll_8,pipeline_1,pipeline_1,unroll_2,unroll_2,unroll_8,1,1.75,0.884003447226,False
workload_3962.cpp,xcu200-fsgd2104-2-e,3.33,43.92255681,363,1,1,1,3,cyclic_2_2,block_2_2,complete_1,complete_1,cyclic_8_1,unroll_8,pipeline_1,pipeline_1,pipeline_1,pipeline_1,pipeline_1,1,1.5,0.807499995132,False
workload_3907.cpp,xcu200-fsgd2104-2-e,3.33,43.92255681,342,1,1,1,3,cyclic_2_2,block_2_2,complete_1,complete_1,cyclic_8_1,unroll_8,pipeline_1,pipeline_1,unroll_16,pipeline_1,pipeline_1,1,1.5,0.807499995132,False
workload_3801.cpp,xcu200-fsgd2104-2-e,3.33,43.92255681,327,1,1,1,3,cyclic_2_2,block_2_2,complete_1,complete_1,cyclic_8_1,unroll_8,pipeline_1,pipeline_1,unroll_4,pipeline_1,pipeline_1,1,1.5,0.807499995132,False
workload_3878.cpp,xcu200-fsgd2104-2-e,3.33,97.60992903,488,1,1,2,7,cyclic_2_2,block_4_2,complete_1,block_4_1,cyclic_4_1,unroll_8,unroll_2,pipeline_1,unroll_2,pipeline_1,pipeline_1,1,2.75,0.538785980898,False
workload_3976.cpp,xcu200-fsgd2104-2-e,3.33,7.81224993,712,1,1,4,7,cyclic_2_2,block_8_2,block_2_1,block_4_1,block_4_1,unroll_16,pipeline_1,pipeline_1,unroll_2,unroll_4,unroll_2,1,3.25,0.676016812498,False
workload_3953.cpp,xcu200-fsgd2104-2-e,3.33,7.81224993,271,1,1,2,3,cyclic_2_2,block_8_2,block_4_1,block_2_1,block_8_1,unroll_8,pipeline_1,unroll_2,unroll_2,unroll_4,unroll_2,1,1.75,0.884003447226,False
workload_3943.cpp,xcu200-fsgd2104-2-e,3.33,122.11872903,272,1,1,1,3,cyclic_2_2,block_8_2,block_4_1,block_2_1,cyclic_8_1,unroll_8,pipeline_1,pipeline_1,unroll_16,pipeline_1,pipeline_1,1,1.5,0.50160028521,False
workload_3996.cpp,xcu200-fsgd2104-2-e,3.33,7.62944958,88,1,1,1,1,cyclic_2_2,block_8_2,block_4_1,block_4_1,block_2_1,unroll_2,pipeline_1,unroll_2,pipeline_1,unroll_4,unroll_16,1,1,1,True
workload_3887.cpp,xcu200-fsgd2104-2-e,3.33,7.81224993,281,1,1,2,3,cyclic_2_2,block_8_2,block_4_1,block_4_1,complete_1,unroll_8,pipeline_1,pipeline_1,unroll_2,unroll_2,pipeline_1,1,1.75,0.884003447226,False
workload_4056.cpp,xcu200-fsgd2104-2-e,3.33,7.81224993,296,1,1,2,3,cyclic_2_2,block_8_2,block_4_1,cyclic_8_1,block_2_1,unroll_8,pipeline_1,pipeline_1,unroll_2,unroll_4,unroll_16,1,1.75,0.884003447226,False
workload_3870.cpp,xcu200-fsgd2104-2-e,3.33,7.81224993,279,1,1,2,3,cyclic_2_2,block_8_2,block_4_1,cyclic_8_1,block_2_1,unroll_8,pipeline_1,unroll_2,unroll_2,unroll_4,unroll_16,1,1.75,0.884003447226,False
workload_3990.cpp,xcu200-fsgd2104-2-e,3.33,7.81224993,293,1,1,2,3,cyclic_2_2,block_8_2,block_4_1,cyclic_8_1,cyclic_2_1,unroll_8,pipeline_1,unroll_2,unroll_2,unroll_4,unroll_16,1,1.75,0.884003447226,False
workload_4072.cpp,xcu200-fsgd2104-2-e,3.33,7.81224993,289,1,1,2,3,cyclic_2_2,block_8_2,complete_1,block_4_1,block_2_1,unroll_8,pipeline_1,unroll_2,unroll_2,pipeline_1,unroll_2,1,1.75,0.884003447226,False
workload_3919.cpp,xcu200-fsgd2104-2-e,3.33,7.81224993,670,1,1,4,7,cyclic_2_2,block_8_2,complete_1,block_4_1,complete_1,unroll_16,pipeline_1,pipeline_1,unroll_2,unroll_2,pipeline_1,1,3.25,0.676016812498,False
workload_4140.cpp,xcu200-fsgd2104-2-e,3.33,7.62944958,112,1,1,1,1,cyclic_2_2,block_8_2,complete_1,block_4_1,cyclic_2_1,unroll_2,pipeline_1,unroll_2,pipeline_1,unroll_4,unroll_16,1,1,1,True
workload_4208.cpp,xcu200-fsgd2104-2-e,3.33,7.62944958,111,1,1,1,1,cyclic_2_2,block_8_2,complete_1,block_4_1,cyclic_2_1,unroll_2,pipeline_1,unroll_2,unroll_8,unroll_4,unroll_2,1,1,1,True
workload_4002.cpp,xcu200-fsgd2104-2-e,3.33,7.81224993,734,1,1,4,7,cyclic_2_2,block_8_2,complete_1,cyclic_8_1,block_2_1,unroll_16,pipeline_1,pipeline_1,unroll_2,unroll_4,unroll_2,1,3.25,0.676016812498,False
workload_4040.cpp,xcu200-fsgd2104-2-e,3.33,120.21072894,144,1,1,1,1,cyclic_2_2,block_8_2,complete_1,cyclic_8_1,block_2_1,unroll_4,pipeline_1,pipeline_1,unroll_2,pipeline_1,unroll_16,1,1,0.511850428044,False
workload_3921.cpp,xcu200-fsgd2104-2-e,3.33,7.81224993,283,1,1,2,3,cyclic_2_2,block_8_2,complete_1,cyclic_8_1,block_2_1,unroll_8,pipeline_1,pipeline_1,unroll_2,unroll_2,unroll_16,1,1.75,0.884003447226,False
workload_4070.cpp,xcu200-fsgd2104-2-e,3.33,7.81224993,287,1,1,2,3,cyclic_2_2,block_8_2,complete_1,cyclic_8_1,block_2_1,unroll_8,pipeline_1,unroll_2,unroll_2,unroll_2,unroll_16,1,1.75,0.884003447226,False
workload_3898.cpp,xcu200-fsgd2104-2-e,3.33,7.81224993,314,1,1,2,3,cyclic_2_2,block_8_2,complete_1,cyclic_8_1,block_2_1,unroll_8,pipeline_1,unroll_2,unroll_2,unroll_8,unroll_16,1,1.75,0.884003447226,False
workload_3926.cpp,xcu200-fsgd2104-2-e,3.33,7.81224993,720,1,1,3,7,cyclic_2_2,complete_1,block_2_1,block_2_1,cyclic_8_1,unroll_16,pipeline_1,pipeline_1,pipeline_1,unroll_2,unroll_16,1,3,0.708459562894,False
workload_3985.cpp,xcu200-fsgd2104-2-e,3.33,7.81224993,684,1,1,4,7,cyclic_2_2,complete_1,block_2_1,block_2_1,cyclic_8_1,unroll_16,pipeline_1,pipeline_1,unroll_2,unroll_2,unroll_8,1,3.25,0.676016812498,False
workload_3932.cpp,xcu200-fsgd2104-2-e,3.33,7.81224993,677,1,1,4,7,cyclic_2_2,complete_1,block_2_1,block_4_1,cyclic_2_1,unroll_16,pipeline_1,pipeline_1,unroll_4,unroll_4,unroll_8,1,3.25,0.676016812498,False
workload_3903.cpp,xcu200-fsgd2104-2-e,3.33,7.81224993,259,1,1,2,3,cyclic_2_2,complete_1,block_8_1,block_2_1,cyclic_8_1,unroll_8,pipeline_1,pipeline_1,pipeline_1,unroll_2,unroll_16,1,1.75,0.884003447226,False
workload_4021.cpp,xcu200-fsgd2104-2-e,3.33,7.81224993,271,1,1,2,3,cyclic_2_2,complete_1,block_8_1,block_2_1,cyclic_8_1,unroll_8,pipeline_1,pipeline_1,pipeline_1,unroll_2,unroll_8,1,1.75,0.884003447226,False
workload_3964.cpp,xcu200-fsgd2104-2-e,3.33,7.81224993,299,1,1,2,3,cyclic_2_2,complete_1,block_8_1,block_2_1,cyclic_8_1,unroll_8,pipeline_1,pipeline_1,unroll_2,unroll_2,unroll_16,1,1.75,0.884003447226,False
workload_3838.cpp,xcu200-fsgd2104-2-e,3.33,7.81224993,286,1,1,2,3,cyclic_2_2,complete_1,block_8_1,block_2_1,cyclic_8_1,unroll_8,pipeline_1,pipeline_1,unroll_2,unroll_2,unroll_8,1,1.75,0.884003447226,False
workload_3965.cpp,xcu200-fsgd2104-2-e,3.33,7.81224993,288,1,1,2,3,cyclic_2_2,complete_1,cyclic_4_1,block_2_1,cyclic_8_1,unroll_8,pipeline_1,pipeline_1,pipeline_1,unroll_2,unroll_16,1,1.75,0.884003447226,False
workload_3948.cpp,xcu200-fsgd2104-2-e,3.33,7.81224993,880,1,1,4,7,cyclic_2_2,complete_2,block_8_1,cyclic_2_1,block_2_1,unroll_16,pipeline_1,pipeline_1,pipeline_1,unroll_4,unroll_8,1,3.25,0.676016812498,False
workload_4023.cpp,xcu200-fsgd2104-2-e,3.33,7.81224993,319,1,1,2,3,cyclic_2_2,complete_2,complete_1,block_4_1,cyclic_4_1,unroll_8,pipeline_1,unroll_2,unroll_4,unroll_4,pipeline_1,1,1.75,0.884003447226,False
workload_3927.cpp,xcu200-fsgd2104-2-e,3.33,7.81224993,287,1,1,2,3,cyclic_2_2,complete_2,cyclic_4_1,block_4_1,block_2_1,unroll_8,pipeline_1,pipeline_1,pipeline_1,unroll_2,pipeline_1,1,1.75,0.884003447226,False
workload_4005.cpp,xcu200-fsgd2104-2-e,3.33,7.81224993,365,1,1,2,3,cyclic_2_2,complete_2,cyclic_4_1,block_4_1,block_2_1,unroll_8,pipeline_1,pipeline_1,unroll_2,unroll_2,pipeline_1,1,1.75,0.884003447226,False
workload_3975.cpp,xcu200-fsgd2104-2-e,3.33,7.81224993,286,1,1,2,3,cyclic_2_2,complete_2,cyclic_4_1,block_4_1,block_2_1,unroll_8,pipeline_1,pipeline_1,unroll_4,unroll_2,pipeline_1,1,1.75,0.884003447226,False
workload_3876.cpp,xcu200-fsgd2104-2-e,3.33,7.81224993,280,1,1,2,3,cyclic_2_2,complete_2,cyclic_4_1,block_4_1,block_4_1,unroll_8,pipeline_1,pipeline_1,pipeline_1,unroll_2,pipeline_1,1,1.75,0.884003447226,False
workload_3958.cpp,xcu200-fsgd2104-2-e,3.33,7.81224993,304,1,1,2,3,cyclic_2_2,complete_2,cyclic_4_1,block_4_1,block_4_1,unroll_8,pipeline_1,unroll_2,unroll_8,unroll_2,pipeline_1,1,1.75,0.884003447226,False
workload_4038.cpp,xcu200-fsgd2104-2-e,3.33,7.81224993,278,1,1,2,3,cyclic_2_2,complete_2,cyclic_4_1,cyclic_8_1,block_4_1,unroll_8,pipeline_1,pipeline_1,pipeline_1,unroll_2,unroll_16,1,1.75,0.884003447226,False
workload_3959.cpp,xcu200-fsgd2104-2-e,3.33,7.81224993,301,1,1,2,3,cyclic_2_2,complete_2,cyclic_4_1,cyclic_8_1,block_4_1,unroll_8,pipeline_1,pipeline_1,unroll_2,unroll_8,unroll_16,1,1.75,0.884003447226,False
workload_4006.cpp,xcu200-fsgd2104-2-e,3.33,7.81224993,407,1,1,2,3,cyclic_2_2,complete_2,cyclic_4_1,cyclic_8_1,block_8_1,unroll_8,pipeline_1,pipeline_1,unroll_2,unroll_2,pipeline_1,1,1.75,0.884003447226,False
workload_3957.cpp,xcu200-fsgd2104-2-e,3.33,7.81224993,301,1,1,2,3,cyclic_2_2,complete_2,cyclic_4_1,cyclic_8_1,complete_1,unroll_8,pipeline_1,pipeline_1,unroll_2,unroll_2,pipeline_1,1,1.75,0.884003447226,False
workload_3992.cpp,xcu200-fsgd2104-2-e,3.33,7.81224993,705,1,1,4,7,cyclic_2_2,cyclic_2_2,block_2_1,block_8_1,block_2_1,unroll_16,pipeline_1,pipeline_1,unroll_2,unroll_8,unroll_8,1,3.25,0.676016812498,False
workload_3845.cpp,xcu200-fsgd2104-2-e,3.33,7.81224993,681,1,1,4,7,cyclic_2_2,cyclic_2_2,block_2_1,block_8_1,cyclic_2_1,unroll_16,pipeline_1,pipeline_1,unroll_4,unroll_2,unroll_8,1,3.25,0.676016812498,False
workload_3831.cpp,xcu200-fsgd2104-2-e,3.33,236.74094208,1217,1,1,4,14,cyclic_2_2,cyclic_2_2,block_2_1,block_8_1,cyclic_8_1,unroll_2,unroll_16,pipeline_1,unroll_2,unroll_16,pipeline_1,1,5,0.157031897166,False
workload_3955.cpp,xcu200-fsgd2104-2-e,3.33,14.97904929,261,1,1,1,2,cyclic_2_2,cyclic_2_2,block_4_1,block_2_1,block_8_1,unroll_8,pipeline_1,pipeline_1,unroll_16,unroll_4,unroll_8,1,1.25,0.945663087565,False
workload_4007.cpp,xcu200-fsgd2104-2-e,3.33,7.81224993,856,1,1,4,7,cyclic_2_2,cyclic_2_2,block_4_1,block_4_1,complete_1,unroll_16,pipeline_1,pipeline_1,unroll_2,unroll_2,pipeline_1,1,3.25,0.676016812498,False
workload_3994.cpp,xcu200-fsgd2104-2-e,3.33,7.81224993,305,1,1,2,3,cyclic_2_2,cyclic_2_2,block_4_1,block_4_1,complete_1,unroll_8,pipeline_1,pipeline_1,unroll_2,unroll_2,pipeline_1,1,1.75,0.884003447226,False
workload_3829.cpp,xcu200-fsgd2104-2-e,3.33,98.56896903,2334,1,1,9,30,cyclic_2_2,cyclic_2_2,block_8_1,cyclic_4_1,cyclic_8_1,unroll_32,unroll_2,pipeline_1,pipeline_1,unroll_2,pipeline_1,1,10.25,0.116964500576,False
workload_3949.cpp,xcu200-fsgd2104-2-e,3.33,98.56896903,220,1,1,2,7,cyclic_2_2,cyclic_2_2,block_8_1,cyclic_4_1,cyclic_8_1,unroll_8,unroll_2,pipeline_1,pipeline_1,unroll_4,pipeline_1,1,2.75,0.535818606066,False
workload_3885.cpp,xcu200-fsgd2104-2-e,3.33,7.81232985,2342,1,1,7,13,cyclic_2_2,cyclic_2_2,cyclic_8_1,block_8_1,cyclic_8_1,unroll_32,pipeline_1,pipeline_1,unroll_4,unroll_16,unroll_4,1,5.5,0.424026336489,False
workload_4333.cpp,xcu200-fsgd2104-2-e,3.33,7.62944958,87,1,1,1,1,cyclic_2_2,cyclic_4_2,block_4_1,block_4_1,complete_1,unroll_2,pipeline_1,pipeline_1,pipeline_1,unroll_4,pipeline_1,1,1,1,True
workload_4183.cpp,xcu200-fsgd2104-2-e,3.33,7.62944958,90,1,1,1,1,cyclic_2_2,cyclic_4_2,block_4_1,block_4_1,complete_1,unroll_2,pipeline_1,pipeline_1,pipeline_1,unroll_4,unroll_16,1,1,1,True
workload_4129.cpp,xcu200-fsgd2104-2-e,3.33,7.62944958,105,1,1,1,1,cyclic_2_2,cyclic_4_2,block_4_1,block_8_1,block_2_1,unroll_2,pipeline_1,unroll_2,pipeline_1,unroll_4,unroll_16,1,1,1,True
workload_4201.cpp,xcu200-fsgd2104-2-e,3.33,7.62944958,105,1,1,1,1,cyclic_2_2,cyclic_4_2,block_4_1,block_8_1,complete_1,unroll_2,pipeline_1,unroll_2,pipeline_1,unroll_4,unroll_16,1,1,1,True
workload_3848.cpp,xcu200-fsgd2104-2-e,3.33,97.60992903,505,1,1,2,7,cyclic_2_2,cyclic_4_2,complete_1,block_2_1,cyclic_4_1,unroll_8,unroll_2,pipeline_1,unroll_2,pipeline_1,pipeline_1,1,2.75,0.538785980898,False
workload_4156.cpp,xcu200-fsgd2104-2-e,3.33,7.62944958,95,1,1,1,1,cyclic_2_2,cyclic_4_2,cyclic_4_1,block_8_1,cyclic_2_1,unroll_2,pipeline_1,unroll_2,pipeline_1,pipeline_1,unroll_16,2,1,1,True
workload_3925.cpp,xcu200-fsgd2104-2-e,3.33,122.11872903,2943,1,1,6,11,cyclic_2_2,cyclic_8_2,block_8_1,cyclic_4_1,cyclic_8_1,unroll_32,pipeline_1,pipeline_1,unroll_4,pipeline_1,unroll_4,1,4.75,0.354391340172,False
workload_3952.cpp,xcu200-fsgd2104-2-e,3.33,7.81232985,2352,1,1,7,13,cyclic_2_2,cyclic_8_2,complete_1,cyclic_4_1,block_2_1,unroll_32,pipeline_1,unroll_2,unroll_4,unroll_4,pipeline_1,1,5.5,0.424026336489,False
workload_3900.cpp,xcu200-fsgd2104-2-e,3.33,291.65568903,2796,1,1,6,22,cyclic_4_2,block_2_2,cyclic_4_1,block_4_1,block_2_1,unroll_32,unroll_2,unroll_2,unroll_2,unroll_8,unroll_4,1,7.5,0.1,False
workload_4460.cpp,xcu200-fsgd2104-2-e,3.33,7.62944958,97,1,1,1,1,cyclic_4_2,block_4_2,complete_1,block_8_1,cyclic_2_1,unroll_2,pipeline_1,unroll_2,pipeline_1,unroll_4,unroll_16,1,1,1,True
workload_3889.cpp,xcu200-fsgd2104-2-e,3.33,7.81232985,2284,1,1,7,13,cyclic_4_2,complete_1,block_4_1,block_4_1,block_2_1,unroll_32,pipeline_1,unroll_2,unroll_2,unroll_4,unroll_4,1,5.5,0.424026336489,False
workload_3833.cpp,xcu200-fsgd2104-2-e,3.33,7.81232985,2154,1,1,7,13,cyclic_4_2,complete_1,complete_1,block_4_1,block_2_1,unroll_32,pipeline_1,unroll_2,unroll_2,unroll_8,unroll_4,1,5.5,0.424026336489,False
workload_3853.cpp,xcu200-fsgd2104-2-e,3.33,7.81232985,2367,1,1,7,13,cyclic_4_2,complete_1,cyclic_4_1,block_4_1,block_2_1,unroll_32,pipeline_1,unroll_2,unroll_2,unroll_8,unroll_4,1,5.5,0.424026336489,False
workload_4255.cpp,xcu200-fsgd2104-2-e,3.33,7.62944958,83,1,1,1,1,cyclic_4_2,complete_1,cyclic_4_1,block_4_1,cyclic_2_1,unroll_2,pipeline_1,unroll_2,pipeline_1,unroll_4,unroll_16,1,1,1,True
workload_4235.cpp,xcu200-fsgd2104-2-e,3.33,7.62944958,106,1,1,1,1,cyclic_4_2,complete_1,cyclic_4_1,block_4_1,cyclic_2_1,unroll_2,pipeline_1,unroll_2,unroll_2,unroll_8,pipeline_1,1,1,1,True
workload_4203.cpp,xcu200-fsgd2104-2-e,3.33,7.62944958,105,1,1,1,1,cyclic_4_2,complete_1,cyclic_4_1,block_4_1,cyclic_2_1,unroll_2,pipeline_1,unroll_2,unroll_2,unroll_8,unroll_16,1,1,1,True
workload_4325.cpp,xcu200-fsgd2104-2-e,3.33,7.62944958,94,1,1,1,1,cyclic_4_2,complete_1,cyclic_4_1,block_8_1,complete_1,unroll_2,pipeline_1,pipeline_1,pipeline_1,unroll_4,unroll_16,1,1,1,True
workload_4251.cpp,xcu200-fsgd2104-2-e,3.33,7.62944958,89,1,1,1,1,cyclic_4_2,complete_2,complete_1,block_4_1,cyclic_2_1,unroll_2,pipeline_1,pipeline_1,pipeline_1,unroll_4,unroll_16,1,1,1,True
workload_4373.cpp,xcu200-fsgd2104-2-e,3.33,7.62944958,100,1,1,1,1,cyclic_4_2,complete_2,cyclic_4_1,block_4_1,cyclic_2_1,unroll_2,pipeline_1,pipeline_1,unroll_2,unroll_2,unroll_16,1,1,1,True
workload_3939.cpp,xcu200-fsgd2104-2-e,3.33,7.81224993,288,1,1,2,3,cyclic_4_2,cyclic_2_2,block_4_1,block_4_1,block_2_1,unroll_8,pipeline_1,pipeline_1,unroll_2,unroll_8,unroll_2,1,1.75,0.884003447226,False
workload_3961.cpp,xcu200-fsgd2104-2-e,3.33,7.81224993,302,1,1,2,3,cyclic_4_2,cyclic_2_2,block_4_1,block_4_1,cyclic_2_1,unroll_8,pipeline_1,pipeline_1,unroll_4,unroll_2,unroll_2,1,1.75,0.884003447226,False
workload_3931.cpp,xcu200-fsgd2104-2-e,3.33,98.56896903,2606,1,1,9,31,cyclic_4_2,cyclic_2_2,block_8_1,cyclic_4_1,cyclic_8_1,unroll_32,unroll_2,unroll_2,pipeline_1,unroll_8,pipeline_1,1,10.5,0.112129382281,False
workload_3881.cpp,xcu200-fsgd2104-2-e,3.33,7.81224993,743,1,1,4,7,cyclic_4_2,cyclic_2_2,complete_1,block_4_1,block_2_1,unroll_16,pipeline_1,pipeline_1,unroll_2,unroll_8,unroll_2,1,3.25,0.676016812498,False
workload_3863.cpp,xcu200-fsgd2104-2-e,3.33,7.81232985,2375,1,1,7,13,cyclic_4_2,cyclic_2_2,complete_1,block_4_1,block_2_1,unroll_32,pipeline_1,pipeline_1,unroll_2,unroll_8,unroll_4,1,5.5,0.424026336489,False
workload_4214.cpp,xcu200-fsgd2104-2-e,3.33,7.62944958,113,1,1,1,1,cyclic_4_2,cyclic_4_2,block_4_1,block_4_1,complete_1,unroll_2,pipeline_1,pipeline_1,pipeline_1,unroll_4,unroll_16,1,1,1,True
workload_4359.cpp,xcu200-fsgd2104-2-e,3.33,7.62944958,105,1,1,1,1,cyclic_4_2,cyclic_4_2,block_4_1,block_4_1,complete_1,unroll_2,pipeline_1,unroll_2,pipeline_1,unroll_4,unroll_16,1,1,1,True
workload_3924.cpp,xcu200-fsgd2104-2-e,3.33,7.81232985,2237,1,1,7,13,cyclic_4_2,cyclic_4_2,complete_1,block_4_1,block_2_1,unroll_32,pipeline_1,unroll_2,pipeline_1,unroll_4,unroll_4,1,5.5,0.424026336489,False
workload_4131.cpp,xcu200-fsgd2104-2-e,3.33,7.62944958,107,1,1,1,1,cyclic_4_2,cyclic_4_2,cyclic_4_1,block_4_1,block_2_1,unroll_2,pipeline_1,unroll_2,unroll_2,unroll_8,pipeline_1,1,1,1,True
workload_4163.cpp,xcu200-fsgd2104-2-e,3.33,7.62944958,86,1,1,1,1,cyclic_4_2,cyclic_4_2,cyclic_4_1,block_4_1,cyclic_2_1,unroll_2,pipeline_1,unroll_2,unroll_2,unroll_8,pipeline_1,1,1,1,True
workload_4259.cpp,xcu200-fsgd2104-2-e,3.33,7.62944958,88,1,1,1,1,cyclic_8_2,block_2_2,complete_1,block_4_1,block_2_1,unroll_2,pipeline_1,unroll_2,pipeline_1,unroll_2,unroll_16,1,1,1,True
workload_4462.cpp,xcu200-fsgd2104-2-e,3.33,14.62827708,83,1,1,1,1,cyclic_8_2,block_2_2,complete_1,block_4_1,complete_1,unroll_2,pipeline_1,unroll_2,unroll_16,unroll_4,unroll_16,1,1,0.964160933717,False
workload_4181.cpp,xcu200-fsgd2104-2-e,3.33,7.62944958,93,1,1,1,1,cyclic_8_2,block_2_2,complete_1,block_4_1,cyclic_2_1,unroll_2,pipeline_1,unroll_2,pipeline_1,pipeline_1,unroll_16,1,1,1,True
workload_4397.cpp,xcu200-fsgd2104-2-e,3.33,7.62944958,88,1,1,1,1,cyclic_8_2,block_2_2,complete_1,block_4_1,cyclic_2_1,unroll_2,pipeline_1,unroll_2,pipeline_1,unroll_4,unroll_16,1,1,1,True
workload_4225.cpp,xcu200-fsgd2104-2-e,3.33,7.62944958,118,1,1,1,1,cyclic_8_2,block_2_2,complete_1,block_4_1,cyclic_2_1,unroll_2,pipeline_1,unroll_2,unroll_8,unroll_4,unroll_16,1,1,1,True
workload_3804.cpp,xcu200-fsgd2104-2-e,3.33,146.30784903,633,1,1,3,10,cyclic_8_2,block_2_2,complete_1,block_4_1,cyclic_2_1,unroll_8,unroll_2,unroll_2,unroll_8,pipeline_1,unroll_16,1,3.75,0.355187433478,False
workload_4501.cpp,xcu200-fsgd2104-2-e,3.33,14.62827708,81,1,1,1,1,cyclic_8_2,block_2_2,cyclic_4_1,block_4_1,cyclic_2_1,unroll_2,pipeline_1,unroll_2,unroll_16,unroll_2,unroll_16,1,1,0.964160933717,False
workload_4319.cpp,xcu200-fsgd2104-2-e,3.33,7.62944958,90,1,1,1,1,cyclic_8_2,block_4_2,block_2_1,block_4_1,block_2_1,unroll_2,pipeline_1,pipeline_1,pipeline_1,unroll_4,pipeline_1,1,1,1,True
workload_4050.cpp,xcu200-fsgd2104-2-e,3.33,7.69028868,160,1,1,1,2,cyclic_8_2,block_4_2,block_4_1,block_4_1,block_2_1,unroll_4,pipeline_1,pipeline_1,unroll_2,unroll_2,unroll_8,1,1.25,0.960445651994,False
workload_4293.cpp,xcu200-fsgd2104-2-e,3.33,7.62944958,88,1,1,1,1,cyclic_8_2,block_4_2,block_4_1,block_4_1,complete_1,unroll_2,pipeline_1,pipeline_1,pipeline_1,unroll_8,unroll_16,1,1,1,True
workload_4368.cpp,xcu200-fsgd2104-2-e,3.33,7.62944958,97,1,1,1,1,cyclic_8_2,block_4_2,block_4_1,block_4_1,complete_1,unroll_2,pipeline_1,pipeline_1,unroll_2,unroll_2,unroll_16,1,1,1,True
workload_4334.cpp,xcu200-fsgd2104-2-e,3.33,7.62944958,92,1,1,1,1,cyclic_8_2,block_4_2,block_4_1,block_4_1,complete_1,unroll_2,pipeline_1,pipeline_1,unroll_2,unroll_8,unroll_16,1,1,1,True
workload_4521.cpp,xcu200-fsgd2104-2-e,3.33,7.62944958,83,1,1,1,1,cyclic_8_2,block_4_2,block_4_1,block_8_1,cyclic_2_1,unroll_2,pipeline_1,unroll_2,pipeline_1,unroll_4,unroll_16,1,1,1,True
workload_4420.cpp,xcu200-fsgd2104-2-e,3.33,7.62944958,95,1,1,1,1,cyclic_8_2,block_4_2,complete_1,block_4_1,block_2_1,unroll_2,pipeline_1,pipeline_1,pipeline_1,unroll_4,unroll_16,1,1,1,True
workload_4301.cpp,xcu200-fsgd2104-2-e,3.33,7.62944958,84,1,1,1,1,cyclic_8_2,block_4_2,complete_1,block_4_1,cyclic_2_1,unroll_2,pipeline_1,unroll_2,pipeline_1,unroll_4,unroll_16,1,1,1,True
workload_4001.cpp,xcu200-fsgd2104-2-e,3.33,7.69028868,163,1,1,1,2,cyclic_8_2,block_4_2,complete_1,block_4_1,cyclic_2_1,unroll_4,pipeline_1,unroll_2,unroll_8,unroll_2,unroll_8,1,1.25,0.960445651994,False
workload_4077.cpp,xcu200-fsgd2104-2-e,3.33,7.69028868,156,1,1,1,2,cyclic_8_2,block_4_2,complete_1,block_4_1,cyclic_4_1,unroll_4,pipeline_1,unroll_2,unroll_4,unroll_2,unroll_2,1,1.25,0.960445651994,False
workload_4049.cpp,xcu200-fsgd2104-2-e,3.33,7.69028868,157,1,1,1,2,cyclic_8_2,block_4_2,complete_1,block_4_1,cyclic_4_1,unroll_4,pipeline_1,unroll_2,unroll_4,unroll_4,pipeline_1,1,1.25,0.960445651994,False
workload_4284.cpp,xcu200-fsgd2104-2-e,3.33,7.62944958,83,1,1,1,1,cyclic_8_2,block_4_2,complete_1,block_8_1,block_2_1,unroll_2,pipeline_1,unroll_2,pipeline_1,unroll_4,unroll_16,1,1,1,True
workload_4456.cpp,xcu200-fsgd2104-2-e,3.33,14.62827708,81,1,1,1,1,cyclic_8_2,block_4_2,complete_1,block_8_1,block_2_1,unroll_2,pipeline_1,unroll_2,unroll_16,unroll_4,unroll_16,1,1,0.964160933717,False
workload_4411.cpp,xcu200-fsgd2104-2-e,3.33,7.62944958,104,1,1,1,1,cyclic_8_2,block_4_2,complete_1,block_8_1,cyclic_2_1,unroll_2,pipeline_1,unroll_2,pipeline_1,unroll_4,unroll_16,1,1,1,True
workload_4523.cpp,xcu200-fsgd2104-2-e,3.33,7.62944958,80,1,1,1,1,cyclic_8_2,block_4_2,cyclic_2_1,block_8_1,block_2_1,unroll_2,pipeline_1,unroll_2,pipeline_1,unroll_4,pipeline_1,1,1,1,True
workload_4200.cpp,xcu200-fsgd2104-2-e,3.33,7.62944958,101,1,1,1,1,cyclic_8_2,block_4_2,cyclic_4_1,block_8_1,block_2_1,unroll_2,pipeline_1,unroll_2,pipeline_1,unroll_2,pipeline_1,1,1,1,True
workload_4177.cpp,xcu200-fsgd2104-2-e,3.33,7.62944958,87,1,1,1,1,cyclic_8_2,block_4_2,cyclic_4_1,block_8_1,cyclic_2_1,unroll_2,pipeline_1,unroll_2,pipeline_1,unroll_2,unroll_16,1,1,1,True
workload_4375.cpp,xcu200-fsgd2104-2-e,3.33,14.62827708,97,1,1,1,1,cyclic_8_2,block_8_2,block_4_1,block_4_1,block_2_1,unroll_2,pipeline_1,unroll_2,unroll_16,unroll_8,pipeline_1,1,1,0.964160933717,False
workload_4196.cpp,xcu200-fsgd2104-2-e,3.33,7.62944958,117,1,1,1,1,cyclic_8_2,block_8_2,block_4_1,block_4_1,complete_1,unroll_2,pipeline_1,pipeline_1,pipeline_1,unroll_2,pipeline_1,1,1,1,True
workload_4455.cpp,xcu200-fsgd2104-2-e,3.33,7.62944958,81,1,1,1,1,cyclic_8_2,block_8_2,block_4_1,block_4_1,complete_1,unroll_2,pipeline_1,pipeline_1,pipeline_1,unroll_2,unroll_16,1,1,1,True
workload_4311.cpp,xcu200-fsgd2104-2-e,3.33,7.62944958,86,1,1,1,1,cyclic_8_2,block_8_2,block_4_1,block_4_1,complete_1,unroll_2,pipeline_1,pipeline_1,pipeline_1,unroll_4,pipeline_1,1,1,1,True
workload_4244.cpp,xcu200-fsgd2104-2-e,3.33,7.62944958,109,1,1,1,1,cyclic_8_2,block_8_2,block_4_1,block_4_1,complete_1,unroll_2,pipeline_1,pipeline_1,pipeline_1,unroll_4,unroll_16,1,1,1,True
workload_4504.cpp,xcu200-fsgd2104-2-e,3.33,7.62944958,85,1,1,1,1,cyclic_8_2,block_8_2,block_4_1,block_4_1,complete_1,unroll_2,pipeline_1,unroll_2,pipeline_1,unroll_8,pipeline_1,1,1,1,True
workload_4468.cpp,xcu200-fsgd2104-2-e,3.33,7.62944958,91,1,1,1,1,cyclic_8_2,block_8_2,block_4_1,block_4_1,complete_1,unroll_2,pipeline_1,unroll_2,pipeline_1,unroll_8,unroll_16,1,1,1,True
workload_4446.cpp,xcu200-fsgd2104-2-e,3.33,7.62944958,91,1,1,1,1,cyclic_8_2,block_8_2,block_4_1,block_4_1,cyclic_2_1,unroll_2,pipeline_1,pipeline_1,pipeline_1,unroll_4,pipeline_1,1,1,1,True
workload_4176.cpp,xcu200-fsgd2104-2-e,3.33,7.62944958,93,1,1,1,1,cyclic_8_2,block_8_2,block_4_1,block_4_1,cyclic_2_1,unroll_2,pipeline_1,unroll_2,pipeline_1,unroll_4,pipeline_1,1,1,1,True
workload_4119.cpp,xcu200-fsgd2104-2-e,3.33,7.62944958,96,1,1,1,1,cyclic_8_2,block_8_2,block_4_1,block_8_1,block_2_1,unroll_2,pipeline_1,pipeline_1,pipeline_1,unroll_4,pipeline_1,1,1,1,True
workload_4037.cpp,xcu200-fsgd2104-2-e,3.33,7.62944958,85,1,1,1,1,cyclic_8_2,block_8_2,block_4_1,block_8_1,complete_1,unroll_2,pipeline_1,pipeline_1,pipeline_1,unroll_4,pipeline_1,1,1,1,True
workload_4507.cpp,xcu200-fsgd2104-2-e,3.33,7.62944958,86,1,1,1,1,cyclic_8_2,block_8_2,block_4_1,block_8_1,cyclic_2_1,unroll_2,pipeline_1,pipeline_1,pipeline_1,unroll_4,pipeline_1,1,1,1,True
workload_4438.cpp,xcu200-fsgd2104-2-e,3.33,7.62944958,97,1,1,1,1,cyclic_8_2,block_8_2,block_4_1,block_8_1,cyclic_2_1,unroll_2,pipeline_1,unroll_2,pipeline_1,unroll_2,pipeline_1,1,1,1,True
workload_4479.cpp,xcu200-fsgd2104-2-e,3.33,7.62944958,83,1,1,1,1,cyclic_8_2,block_8_2,complete_1,block_2_1,block_2_1,unroll_2,pipeline_1,unroll_2,pipeline_1,unroll_2,unroll_16,1,1,1,True
workload_4432.cpp,xcu200-fsgd2104-2-e,3.33,7.62944958,90,1,1,1,1,cyclic_8_2,block_8_2,complete_1,block_2_1,complete_1,unroll_2,pipeline_1,unroll_2,pipeline_1,unroll_2,unroll_16,1,1,1,True
workload_4503.cpp,xcu200-fsgd2104-2-e,3.33,7.62944958,83,1,1,1,1,cyclic_8_2,block_8_2,complete_1,block_2_1,cyclic_2_1,unroll_2,pipeline_1,unroll_2,pipeline_1,unroll_2,unroll_16,1,1,1,True
workload_3986.cpp,xcu200-fsgd2104-2-e,3.33,7.62944958,98,1,1,1,1,cyclic_8_2,block_8_2,complete_1,block_4_1,block_2_1,unroll_2,pipeline_1,pipeline_1,pipeline_1,unroll_2,unroll_16,1,1,1,True
workload_4067.cpp,xcu200-fsgd2104-2-e,3.33,7.62944958,92,1,1,1,1,cyclic_8_2,block_8_2,complete_1,block_4_1,block_2_1,unroll_2,pipeline_1,pipeline_1,pipeline_1,unroll_8,unroll_16,1,1,1,True
workload_4083.cpp,xcu200-fsgd2104-2-e,3.33,7.62944958,106,1,1,1,1,cyclic_8_2,block_8_2,complete_1,block_4_1,block_2_1,unroll_2,pipeline_1,pipeline_1,pipeline_1,unroll_8,unroll_2,1,1,1,True
workload_4209.cpp,xcu200-fsgd2104-2-e,3.33,7.62944958,103,1,1,1,1,cyclic_8_2,block_8_2,complete_1,block_4_1,block_2_1,unroll_2,pipeline_1,unroll_2,pipeline_1,pipeline_1,unroll_2,1,1,1,True
workload_4135.cpp,xcu200-fsgd2104-2-e,3.33,7.62944958,104,1,1,1,1,cyclic_8_2,block_8_2,complete_1,block_4_1,block_2_1,unroll_2,pipeline_1,unroll_2,pipeline_1,unroll_2,pipeline_1,1,1,1,True
workload_4162.cpp,xcu200-fsgd2104-2-e,3.33,7.62944958,87,1,1,1,1,cyclic_8_2,block_8_2,complete_1,block_4_1,block_2_1,unroll_2,pipeline_1,unroll_2,pipeline_1,unroll_4,pipeline_1,1,1,1,True
workload_4228.cpp,xcu200-fsgd2104-2-e,3.33,7.62944958,115,1,1,1,1,cyclic_8_2,block_8_2,complete_1,block_4_1,block_2_1,unroll_2,pipeline_1,unroll_2,pipeline_1,unroll_4,unroll_16,1,1,1,True
workload_4431.cpp,xcu200-fsgd2104-2-e,3.33,14.62827708,86,1,1,1,1,cyclic_8_2,block_8_2,complete_1,block_4_1,block_2_1,unroll_2,pipeline_1,unroll_2,unroll_16,unroll_2,pipeline_1,1,1,0.964160933717,False
workload_4374.cpp,xcu200-fsgd2104-2-e,3.33,97.18313958,152,1,1,1,4,cyclic_8_2,block_8_2,complete_1,block_4_1,block_2_1,unroll_2,unroll_4,pipeline_1,pipeline_1,unroll_2,pipeline_1,1,1.75,0.585080928848,False
workload_4141.cpp,xcu200-fsgd2104-2-e,3.33,7.69028868,158,1,1,1,2,cyclic_8_2,block_8_2,complete_1,block_4_1,block_2_1,unroll_4,pipeline_1,pipeline_1,pipeline_1,unroll_2,unroll_16,1,1.25,0.960445651994,False
workload_4417.cpp,xcu200-fsgd2104-2-e,3.33,7.62944958,87,1,1,1,1,cyclic_8_2,block_8_2,complete_1,block_4_1,block_4_1,unroll_2,pipeline_1,unroll_2,pipeline_1,unroll_2,unroll_16,1,1,1,True
workload_4250.cpp,xcu200-fsgd2104-2-e,3.33,7.62944958,89,1,1,1,1,cyclic_8_2,block_8_2,complete_1,block_4_1,block_4_1,unroll_2,pipeline_1,unroll_2,pipeline_1,unroll_4,unroll_16,1,1,1,True
workload_4305.cpp,xcu200-fsgd2104-2-e,3.33,7.62944958,83,1,1,1,1,cyclic_8_2,block_8_2,complete_1,block_4_1,block_8_1,unroll_2,pipeline_1,unroll_2,pipeline_1,unroll_4,unroll_16,1,1,1,True
workload_4289.cpp,xcu200-fsgd2104-2-e,3.33,7.62944958,87,1,1,1,1,cyclic_8_2,block_8_2,complete_1,block_4_1,complete_1,unroll_2,pipeline_1,pipeline_1,pipeline_1,unroll_2,pipeline_1,1,1,1,True
workload_4384.cpp,xcu200-fsgd2104-2-e,3.33,7.62944958,94,1,1,1,1,cyclic_8_2,block_8_2,complete_1,block_4_1,complete_1,unroll_2,pipeline_1,pipeline_1,pipeline_1,unroll_4,unroll_16,1,1,1,True
workload_4298.cpp,xcu200-fsgd2104-2-e,3.33,7.62944958,84,1,1,1,1,cyclic_8_2,block_8_2,complete_1,block_4_1,complete_1,unroll_2,pipeline_1,unroll_2,pipeline_1,pipeline_1,unroll_16,1,1,1,True
workload_4492.cpp,xcu200-fsgd2104-2-e,3.33,7.62944958,86,1,1,1,1,cyclic_8_2,block_8_2,complete_1,block_4_1,complete_1,unroll_2,pipeline_1,unroll_2,pipeline_1,unroll_2,unroll_16,1,1,1,True
workload_4418.cpp,xcu200-fsgd2104-2-e,3.33,14.62827708,82,1,1,1,1,cyclic_8_2,block_8_2,complete_1,block_4_1,complete_1,unroll_2,pipeline_1,unroll_2,unroll_16,unroll_2,pipeline_1,1,1,0.964160933717,False
workload_4425.cpp,xcu200-fsgd2104-2-e,3.33,7.62944958,92,1,1,1,1,cyclic_8_2,block_8_2,complete_1,block_4_1,cyclic_2_1,unroll_2,pipeline_1,unroll_2,pipeline_1,unroll_2,pipeline_1,1,1,1,True
workload_4211.cpp,xcu200-fsgd2104-2-e,3.33,7.62944958,103,1,1,1,1,cyclic_8_2,block_8_2,complete_1,block_4_1,cyclic_2_1,unroll_2,pipeline_1,unroll_2,pipeline_1,unroll_2,unroll_16,3,1,1,True
workload_4512.cpp,xcu200-fsgd2104-2-e,3.33,7.62944958,83.5,1,1,1,1,cyclic_8_2,block_8_2,complete_1,block_4_1,cyclic_2_1,unroll_2,pipeline_1,unroll_2,pipeline_1,unroll_4,pipeline_1,2,1,1,True
workload_4486.cpp,xcu200-fsgd2104-2-e,3.33,7.62944958,87,1,1,1,1,cyclic_8_2,block_8_2,complete_1,block_4_1,cyclic_2_1,unroll_2,pipeline_1,unroll_2,pipeline_1,unroll_4,unroll_16,1,1,1,True
workload_4470.cpp,xcu200-fsgd2104-2-e,3.33,7.62944958,88,1,1,1,1,cyclic_8_2,block_8_2,complete_1,block_4_1,cyclic_2_1,unroll_2,pipeline_1,unroll_2,pipeline_1,unroll_8,pipeline_1,1,1,1,True
workload_4511.cpp,xcu200-fsgd2104-2-e,3.33,14.62827708,83,1,1,1,1,cyclic_8_2,block_8_2,complete_1,block_4_1,cyclic_2_1,unroll_2,pipeline_1,unroll_2,unroll_16,unroll_2,pipeline_1,1,1,0.964160933717,False
workload_4339.cpp,xcu200-fsgd2104-2-e,3.33,14.62827708,85,1,1,1,1,cyclic_8_2,block_8_2,complete_1,block_4_1,cyclic_2_1,unroll_2,pipeline_1,unroll_2,unroll_16,unroll_2,unroll_16,1,1,0.964160933717,False
workload_4112.cpp,xcu200-fsgd2104-2-e,3.33,7.62944958,103,1,1,1,1,cyclic_8_2,block_8_2,complete_1,block_8_1,block_2_1,unroll_2,pipeline_1,unroll_2,pipeline_1,unroll_4,pipeline_1,1,1,1,True
workload_4320.cpp,xcu200-fsgd2104-2-e,3.33,7.62944958,88,1,1,1,1,cyclic_8_2,block_8_2,complete_1,block_8_1,complete_1,unroll_2,pipeline_1,pipeline_1,pipeline_1,unroll_2,pipeline_1,1,1,1,True
workload_4338.cpp,xcu200-fsgd2104-2-e,3.33,7.62944958,88,1,1,1,1,cyclic_8_2,block_8_2,complete_1,block_8_1,complete_1,unroll_2,pipeline_1,unroll_2,pipeline_1,unroll_4,unroll_16,1,1,1,True
workload_4476.cpp,xcu200-fsgd2104-2-e,3.33,7.62944958,89,1,1,1,1,cyclic_8_2,block_8_2,complete_1,block_8_1,cyclic_2_1,unroll_2,pipeline_1,pipeline_1,pipeline_1,unroll_4,unroll_16,1,1,1,True
workload_4466.cpp,xcu200-fsgd2104-2-e,3.33,7.62944958,92,1,1,1,1,cyclic_8_2,block_8_2,complete_1,block_8_1,cyclic_2_1,unroll_2,pipeline_1,unroll_2,pipeline_1,unroll_2,unroll_16,1,1,1,True
workload_4084.cpp,xcu200-fsgd2104-2-e,3.33,7.69028868,161,1,1,1,2,cyclic_8_2,block_8_2,complete_1,block_8_1,cyclic_4_1,unroll_4,pipeline_1,unroll_2,pipeline_1,unroll_2,pipeline_1,1,1.25,0.960445651994,False
workload_4520.cpp,xcu200-fsgd2104-2-e,3.33,7.62944958,86,1,1,1,1,cyclic_8_2,block_8_2,cyclic_2_1,block_8_1,cyclic_2_1,unroll_2,pipeline_1,unroll_2,pipeline_1,unroll_4,unroll_16,1,1,1,True
workload_4180.cpp,xcu200-fsgd2104-2-e,3.33,7.62944958,91,1,1,1,1,cyclic_8_2,block_8_2,cyclic_4_1,block_4_1,block_2_1,unroll_2,pipeline_1,unroll_2,pipeline_1,unroll_2,pipeline_1,1,1,1,True
workload_4173.cpp,xcu200-fsgd2104-2-e,3.33,7.62944958,116,1,1,1,1,cyclic_8_2,block_8_2,cyclic_4_1,block_4_1,block_2_1,unroll_2,pipeline_1,unroll_2,pipeline_1,unroll_2,unroll_16,1,1,1,True
workload_4453.cpp,xcu200-fsgd2104-2-e,3.33,7.62944958,88,1,1,1,1,cyclic_8_2,block_8_2,cyclic_4_1,block_4_1,cyclic_2_1,unroll_2,pipeline_1,unroll_2,pipeline_1,unroll_2,pipeline_1,1,1,1,True
workload_4116.cpp,xcu200-fsgd2104-2-e,3.33,7.62944958,109,1,1,1,1,cyclic_8_2,block_8_2,cyclic_4_1,block_4_1,cyclic_2_1,unroll_2,pipeline_1,unroll_2,pipeline_1,unroll_4,pipeline_1,1,1,1,True
workload_4327.cpp,xcu200-fsgd2104-2-e,3.33,14.62827708,94,1,1,1,1,cyclic_8_2,block_8_2,cyclic_4_1,block_4_1,cyclic_2_1,unroll_2,pipeline_1,unroll_2,unroll_16,unroll_2,pipeline_1,1,1,0.964160933717,False
workload_4288.cpp,xcu200-fsgd2104-2-e,3.33,14.62827708,91,1,1,1,1,cyclic_8_2,block_8_2,cyclic_4_1,block_4_1,cyclic_2_1,unroll_2,pipeline_1,unroll_2,unroll_16,unroll_2,unroll_16,1,1,0.964160933717,False
workload_4348.cpp,xcu200-fsgd2104-2-e,3.33,14.62827708,106,1,1,1,1,cyclic_8_2,block_8_2,cyclic_4_1,block_4_1,cyclic_2_1,unroll_2,pipeline_1,unroll_2,unroll_16,unroll_4,pipeline_1,1,1,0.964160933717,False
workload_4335.cpp,xcu200-fsgd2104-2-e,3.33,14.62827708,84,1,1,1,1,cyclic_8_2,block_8_2,cyclic_4_1,block_4_1,cyclic_2_1,unroll_2,pipeline_1,unroll_2,unroll_16,unroll_4,unroll_16,1,1,0.964160933717,False
workload_4014.cpp,xcu200-fsgd2104-2-e,3.33,7.62944958,114,1,1,1,1,cyclic_8_2,block_8_2,cyclic_4_1,block_8_1,block_2_1,unroll_2,pipeline_1,unroll_2,pipeline_1,unroll_2,pipeline_1,1,1,1,True
workload_4400.cpp,xcu200-fsgd2104-2-e,3.33,7.62944958,103,1,1,1,1,cyclic_8_2,block_8_2,cyclic_4_1,block_8_1,complete_1,unroll_2,pipeline_1,unroll_2,pipeline_1,unroll_2,pipeline_1,1,1,1,True
workload_4054.cpp,xcu200-fsgd2104-2-e,3.33,7.69028868,152,1,1,1,2,cyclic_8_2,block_8_2,cyclic_4_1,cyclic_8_1,block_4_1,unroll_4,pipeline_1,pipeline_1,unroll_2,unroll_8,unroll_4,1,1.25,0.960445651994,False
workload_4286.cpp,xcu200-fsgd2104-2-e,3.33,7.62944958,87,1,1,1,1,cyclic_8_2,complete_1,block_4_1,block_4_1,block_2_1,unroll_2,pipeline_1,pipeline_1,pipeline_1,unroll_4,unroll_16,1,1,1,True
workload_3972.cpp,xcu200-fsgd2104-2-e,3.33,199.90531458,93,1,1,1,2,cyclic_8_2,complete_1,complete_1,block_4_1,block_4_1,unroll_2,unroll_2,unroll_2,unroll_4,pipeline_1,unroll_2,1,1.25,0.279829134718,False
workload_4157.cpp,xcu200-fsgd2104-2-e,3.33,7.62944958,92,1,1,1,1,cyclic_8_2,complete_1,complete_1,block_4_1,complete_1,unroll_2,pipeline_1,unroll_2,pipeline_1,pipeline_1,unroll_16,1,1,1,True
workload_4147.cpp,xcu200-fsgd2104-2-e,3.33,119.25687708,97,1,1,1,1,cyclic_8_2,complete_1,complete_1,block_4_1,cyclic_2_1,unroll_2,pipeline_1,pipeline_1,pipeline_1,pipeline_1,unroll_16,1,1,0.515194914238,False
workload_4263.cpp,xcu200-fsgd2104-2-e,3.33,7.62944958,92,1,1,1,1,cyclic_8_2,complete_1,complete_1,block_4_1,cyclic_2_1,unroll_2,pipeline_1,unroll_2,pipeline_1,pipeline_1,unroll_16,1,1,1,True
workload_4353.cpp,xcu200-fsgd2104-2-e,3.33,7.62944958,90,1,1,1,1,cyclic_8_2,complete_2,block_4_1,block_4_1,block_2_1,unroll_2,pipeline_1,pipeline_1,pipeline_1,unroll_2,unroll_16,1,1,1,True
workload_4496.cpp,xcu200-fsgd2104-2-e,3.33,7.62944958,84,1,1,1,1,cyclic_8_2,complete_2,block_4_1,block_4_1,block_2_1,unroll_2,pipeline_1,pipeline_1,pipeline_1,unroll_4,pipeline_1,1,1,1,True
workload_4160.cpp,xcu200-fsgd2104-2-e,3.33,7.62944958,88,1,1,1,1,cyclic_8_2,complete_2,block_4_1,block_4_1,block_2_1,unroll_2,pipeline_1,pipeline_1,pipeline_1,unroll_4,unroll_16,1,1,1,True
workload_4260.cpp,xcu200-fsgd2104-2-e,3.33,7.62944958,95,1,1,1,1,cyclic_8_2,complete_2,block_4_1,block_4_1,block_2_1,unroll_2,pipeline_1,pipeline_1,unroll_2,unroll_8,unroll_16,1,1,1,True
workload_4192.cpp,xcu200-fsgd2104-2-e,3.33,7.62944958,90,1,1,1,1,cyclic_8_2,complete_2,block_4_1,block_4_1,block_2_1,unroll_2,pipeline_1,unroll_2,pipeline_1,pipeline_1,unroll_16,1,1,1,True
workload_4482.cpp,xcu200-fsgd2104-2-e,3.33,7.62944958,90,1,1,1,1,cyclic_8_2,complete_2,block_4_1,block_4_1,block_2_1,unroll_2,pipeline_1,unroll_2,pipeline_1,unroll_2,unroll_16,1,1,1,True
workload_4393.cpp,xcu200-fsgd2104-2-e,3.33,7.62944958,93,1,1,1,1,cyclic_8_2,complete_2,block_4_1,block_4_1,block_2_1,unroll_2,pipeline_1,unroll_2,pipeline_1,unroll_4,pipeline_1,1,1,1,True
workload_4153.cpp,xcu200-fsgd2104-2-e,3.33,7.62944958,94,1,1,1,1,cyclic_8_2,complete_2,block_4_1,block_4_1,block_2_1,unroll_2,pipeline_1,unroll_2,pipeline_1,unroll_4,unroll_16,1,1,1,True
workload_4394.cpp,xcu200-fsgd2104-2-e,3.33,7.62944958,87,1,1,1,1,cyclic_8_2,complete_2,block_4_1,block_4_1,block_2_1,unroll_2,pipeline_1,unroll_2,pipeline_1,unroll_8,unroll_16,1,1,1,True
workload_4458.cpp,xcu200-fsgd2104-2-e,3.33,7.62944958,90,1,1,1,1,cyclic_8_2,complete_2,block_4_1,block_4_1,complete_1,unroll_2,pipeline_1,pipeline_1,pipeline_1,unroll_2,unroll_16,1,1,1,True
workload_4396.cpp,xcu200-fsgd2104-2-e,3.33,7.62944958,85,1,1,1,1,cyclic_8_2,complete_2,block_4_1,block_4_1,complete_1,unroll_2,pipeline_1,pipeline_1,pipeline_1,unroll_4,pipeline_1,1,1,1,True
workload_4395.cpp,xcu200-fsgd2104-2-e,3.33,7.62944958,85,1,1,1,1,cyclic_8_2,complete_2,block_4_1,block_4_1,complete_1,unroll_2,pipeline_1,unroll_2,pipeline_1,unroll_2,pipeline_1,1,1,1,True
workload_4450.cpp,xcu200-fsgd2104-2-e,3.33,7.62944958,86,1,1,1,1,cyclic_8_2,complete_2,block_4_1,block_4_1,complete_1,unroll_2,pipeline_1,unroll_2,pipeline_1,unroll_8,unroll_16,1,1,1,True
workload_4437.cpp,xcu200-fsgd2104-2-e,3.33,7.62944958,97,1,1,1,1,cyclic_8_2,complete_2,block_4_1,block_4_1,cyclic_2_1,unroll_2,pipeline_1,pipeline_1,pipeline_1,unroll_2,unroll_16,1,1,1,True
workload_4346.cpp,xcu200-fsgd2104-2-e,3.33,7.62944958,91,1,1,1,1,cyclic_8_2,complete_2,block_4_1,block_4_1,cyclic_2_1,unroll_2,pipeline_1,pipeline_1,pipeline_1,unroll_4,pipeline_1,1,1,1,True
workload_4452.cpp,xcu200-fsgd2104-2-e,3.33,7.62944958,84,1,1,1,1,cyclic_8_2,complete_2,block_4_1,block_4_1,cyclic_2_1,unroll_2,pipeline_1,pipeline_1,pipeline_1,unroll_4,unroll_16,1,1,1,True
workload_4276.cpp,xcu200-fsgd2104-2-e,3.33,7.62944958,89,1,1,1,1,cyclic_8_2,complete_2,block_4_1,block_4_1,cyclic_2_1,unroll_2,pipeline_1,pipeline_1,unroll_2,unroll_8,unroll_16,1,1,1,True
workload_4113.cpp,xcu200-fsgd2104-2-e,3.33,7.62944958,90,1,1,1,1,cyclic_8_2,complete_2,block_4_1,block_4_1,cyclic_2_1,unroll_2,pipeline_1,unroll_2,pipeline_1,pipeline_1,unroll_16,1,1,1,True
workload_4282.cpp,xcu200-fsgd2104-2-e,3.33,7.62944958,90,1,1,1,1,cyclic_8_2,complete_2,block_4_1,block_4_1,cyclic_2_1,unroll_2,pipeline_1,unroll_2,pipeline_1,unroll_4,unroll_16,2,1,1,True
workload_4124.cpp,xcu200-fsgd2104-2-e,3.33,14.62827708,106,1,1,1,1,cyclic_8_2,complete_2,block_4_1,block_4_1,cyclic_2_1,unroll_2,pipeline_1,unroll_2,unroll_16,unroll_2,unroll_16,1,1,0.964160933717,False
workload_4233.cpp,xcu200-fsgd2104-2-e,3.33,14.62827708,101,1,1,1,1,cyclic_8_2,complete_2,block_4_1,block_4_1,cyclic_2_1,unroll_2,pipeline_1,unroll_2,unroll_16,unroll_4,unroll_16,1,1,0.964160933717,False
workload_4505.cpp,xcu200-fsgd2104-2-e,3.33,7.62944958,85,1,1,1,1,cyclic_8_2,complete_2,block_4_1,block_8_1,complete_1,unroll_2,pipeline_1,unroll_2,pipeline_1,unroll_8,unroll_16,1,1,1,True
workload_4515.cpp,xcu200-fsgd2104-2-e,3.33,14.62827708,82,1,1,1,1,cyclic_8_2,complete_2,block_4_1,block_8_1,cyclic_2_1,unroll_2,pipeline_1,unroll_2,unroll_16,unroll_2,unroll_16,1,1,0.964160933717,False
workload_4389.cpp,xcu200-fsgd2104-2-e,3.33,7.62944958,84,1,1,1,1,cyclic_8_2,complete_2,complete_1,block_2_1,block_2_1,unroll_2,pipeline_1,unroll_2,pipeline_1,unroll_4,unroll_16,1,1,1,True
workload_4490.cpp,xcu200-fsgd2104-2-e,3.33,7.62944958,84,1,1,1,1,cyclic_8_2,complete_2,complete_1,block_2_1,cyclic_2_1,unroll_2,pipeline_1,unroll_2,pipeline_1,unroll_2,unroll_16,1,1,1,True
workload_4073.cpp,xcu200-fsgd2104-2-e,3.33,120.21072894,136,1,1,1,1,cyclic_8_2,complete_2,complete_1,block_2_1,cyclic_2_1,unroll_4,pipeline_1,pipeline_1,unroll_8,pipeline_1,unroll_16,1,1,0.511850428044,False
workload_4193.cpp,xcu200-fsgd2104-2-e,3.33,14.62827708,93,1,1,1,1,cyclic_8_2,complete_2,complete_1,block_4_1,block_2_1,unroll_2,pipeline_1,pipeline_1,unroll_16,unroll_2,unroll_16,1,1,0.964160933717,False
workload_4133.cpp,xcu200-fsgd2104-2-e,3.33,7.62944958,112,1,1,1,1,cyclic_8_2,complete_2,complete_1,block_4_1,block_2_1,unroll_2,pipeline_1,unroll_2,pipeline_1,pipeline_1,unroll_16,2,1,1,True
workload_4518.cpp,xcu200-fsgd2104-2-e,3.33,7.62944958,82,1,1,1,1,cyclic_8_2,complete_2,complete_1,block_4_1,block_2_1,unroll_2,pipeline_1,unroll_2,pipeline_1,unroll_2,pipeline_1,1,1,1,True
workload_4097.cpp,xcu200-fsgd2104-2-e,3.33,7.62944958,103,1,1,1,1,cyclic_8_2,complete_2,complete_1,block_4_1,block_2_1,unroll_2,pipeline_1,unroll_2,pipeline_1,unroll_2,unroll_16,1,1,1,True
workload_4101.cpp,xcu200-fsgd2104-2-e,3.33,7.62944958,108,1,1,1,1,cyclic_8_2,complete_2,complete_1,block_4_1,block_2_1,unroll_2,pipeline_1,unroll_2,pipeline_1,unroll_2,unroll_2,1,1,1,True
workload_4053.cpp,xcu200-fsgd2104-2-e,3.33,7.62944958,91,1,1,1,1,cyclic_8_2,complete_2,complete_1,block_4_1,block_2_1,unroll_2,pipeline_1,unroll_2,pipeline_1,unroll_4,unroll_16,2,1,1,True
workload_4316.cpp,xcu200-fsgd2104-2-e,3.33,14.62827708,88,1,1,1,1,cyclic_8_2,complete_2,complete_1,block_4_1,block_2_1,unroll_2,pipeline_1,unroll_2,unroll_16,unroll_2,unroll_16,1,1,0.964160933717,False
workload_4352.cpp,xcu200-fsgd2104-2-e,3.33,14.62827708,87,1,1,1,1,cyclic_8_2,complete_2,complete_1,block_4_1,block_2_1,unroll_2,pipeline_1,unroll_2,unroll_16,unroll_8,unroll_16,1,1,0.964160933717,False
workload_4099.cpp,xcu200-fsgd2104-2-e,3.33,7.62944958,108,1,1,1,1,cyclic_8_2,complete_2,complete_1,block_4_1,block_2_1,unroll_2,pipeline_1,unroll_2,unroll_8,unroll_4,unroll_16,1,1,1,True
workload_4272.cpp,xcu200-fsgd2104-2-e,3.33,7.69028868,153,1,1,1,2,cyclic_8_2,complete_2,complete_1,block_4_1,block_2_1,unroll_4,pipeline_1,pipeline_1,pipeline_1,unroll_4,unroll_16,1,1.25,0.960445651994,False
workload_4477.cpp,xcu200-fsgd2104-2-e,3.33,7.62944958,84,1,1,1,1,cyclic_8_2,complete_2,complete_1,block_4_1,block_4_1,unroll_2,pipeline_1,unroll_2,pipeline_1,unroll_2,unroll_16,1,1,1,True
workload_4419.cpp,xcu200-fsgd2104-2-e,3.33,7.62944958,94,1,1,1,1,cyclic_8_2,complete_2,complete_1,block_4_1,complete_1,unroll_2,pipeline_1,pipeline_1,pipeline_1,unroll_4,unroll_16,1,1,1,True
workload_4213.cpp,xcu200-fsgd2104-2-e,3.33,7.62944958,99,1,1,1,1,cyclic_8_2,complete_2,complete_1,block_4_1,complete_1,unroll_2,pipeline_1,unroll_2,pipeline_1,pipeline_1,unroll_16,1,1,1,True
workload_4426.cpp,xcu200-fsgd2104-2-e,3.33,7.62944958,104,1,1,1,1,cyclic_8_2,complete_2,complete_1,block_4_1,complete_1,unroll_2,pipeline_1,unroll_2,pipeline_1,unroll_2,pipeline_1,1,1,1,True
workload_4372.cpp,xcu200-fsgd2104-2-e,3.33,7.62944958,96,1,1,1,1,cyclic_8_2,complete_2,complete_1,block_4_1,complete_1,unroll_2,pipeline_1,unroll_2,pipeline_1,unroll_4,unroll_16,1,1,1,True
workload_4506.cpp,xcu200-fsgd2104-2-e,3.33,7.62944958,84,1,1,1,1,cyclic_8_2,complete_2,complete_1,block_4_1,cyclic_2_1,unroll_2,pipeline_1,pipeline_1,pipeline_1,unroll_2,unroll_16,1,1,1,True
workload_4449.cpp,xcu200-fsgd2104-2-e,3.33,14.62827708,82,1,1,1,1,cyclic_8_2,complete_2,complete_1,block_4_1,cyclic_2_1,unroll_2,pipeline_1,pipeline_1,unroll_16,unroll_2,pipeline_1,1,1,0.964160933717,False
workload_4402.cpp,xcu200-fsgd2104-2-e,3.33,14.62827708,90,1,1,1,1,cyclic_8_2,complete_2,complete_1,block_4_1,cyclic_2_1,unroll_2,pipeline_1,pipeline_1,unroll_16,unroll_2,unroll_16,1,1,0.964160933717,False
workload_4421.cpp,xcu200-fsgd2104-2-e,3.33,14.62827708,96,1,1,1,1,cyclic_8_2,complete_2,complete_1,block_4_1,cyclic_2_1,unroll_2,pipeline_1,pipeline_1,unroll_16,unroll_4,pipeline_1,1,1,0.964160933717,False
workload_4409.cpp,xcu200-fsgd2104-2-e,3.33,7.62944958,90.5,1,1,1,1,cyclic_8_2,complete_2,complete_1,block_4_1,cyclic_2_1,unroll_2,pipeline_1,unroll_2,pipeline_1,unroll_2,pipeline_1,2,1,1,True
workload_4340.cpp,xcu200-fsgd2104-2-e,3.33,7.62944958,90,1,1,1,1,cyclic_8_2,complete_2,complete_1,block_4_1,cyclic_2_1,unroll_2,pipeline_1,unroll_2,pipeline_1,unroll_2,unroll_16,2,1,1,True
workload_4018.cpp,xcu200-fsgd2104-2-e,3.33,7.62944958,99.5,1,1,1,1,cyclic_8_2,complete_2,complete_1,block_4_1,cyclic_2_1,unroll_2,pipeline_1,unroll_2,pipeline_1,unroll_4,unroll_16,2,1,1,True
workload_4154.cpp,xcu200-fsgd2104-2-e,3.33,14.62827708,85,1,1,1,1,cyclic_8_2,complete_2,complete_1,block_4_1,cyclic_2_1,unroll_2,pipeline_1,unroll_2,unroll_16,unroll_2,unroll_16,1,1,0.964160933717,False
workload_4330.cpp,xcu200-fsgd2104-2-e,3.33,7.62944958,88,1,1,1,1,cyclic_8_2,complete_2,complete_1,block_4_1,cyclic_2_1,unroll_2,pipeline_1,unroll_2,unroll_2,unroll_4,unroll_16,1,1,1,True
workload_3951.cpp,xcu200-fsgd2104-2-e,3.33,7.62944958,101,1,1,1,1,cyclic_8_2,complete_2,complete_1,block_4_1,cyclic_2_1,unroll_2,pipeline_1,unroll_2,unroll_8,unroll_4,unroll_16,1,1,1,True
workload_3971.cpp,xcu200-fsgd2104-2-e,3.33,120.21072894,142,1,1,1,1,cyclic_8_2,complete_2,complete_1,block_4_1,cyclic_2_1,unroll_4,pipeline_1,pipeline_1,pipeline_1,pipeline_1,unroll_16,1,1,0.511850428044,False
workload_4065.cpp,xcu200-fsgd2104-2-e,3.33,7.69028868,142,1,1,1,2,cyclic_8_2,complete_2,complete_1,block_4_1,cyclic_2_1,unroll_4,pipeline_1,pipeline_1,pipeline_1,unroll_2,pipeline_1,1,1.25,0.960445651994,False
workload_4004.cpp,xcu200-fsgd2104-2-e,3.33,120.21072894,202,1,1,1,1,cyclic_8_2,complete_2,complete_1,block_4_1,cyclic_2_1,unroll_4,pipeline_1,pipeline_1,unroll_8,pipeline_1,unroll_16,1,1,0.511850428044,False
workload_4057.cpp,xcu200-fsgd2104-2-e,3.33,120.21072894,147,1,1,1,1,cyclic_8_2,complete_2,complete_1,block_4_1,cyclic_2_1,unroll_4,pipeline_1,pipeline_1,unroll_8,pipeline_1,unroll_2,1,1,0.511850428044,False
workload_4043.cpp,xcu200-fsgd2104-2-e,3.33,7.69028868,147,1,1,1,2,cyclic_8_2,complete_2,complete_1,block_4_1,cyclic_2_1,unroll_4,pipeline_1,unroll_2,pipeline_1,unroll_4,unroll_16,1,1.25,0.960445651994,False
workload_4102.cpp,xcu200-fsgd2104-2-e,3.33,7.69028868,184,1,1,1,2,cyclic_8_2,complete_2,complete_1,block_4_1,cyclic_2_1,unroll_4,pipeline_1,unroll_2,unroll_2,unroll_4,unroll_16,1,1.25,0.960445651994,False
workload_3877.cpp,xcu200-fsgd2104-2-e,3.33,7.69028868,140,1,1,1,2,cyclic_8_2,complete_2,complete_1,block_4_1,cyclic_2_1,unroll_4,pipeline_1,unroll_2,unroll_8,pipeline_1,unroll_16,1,1.25,0.960445651994,False
workload_4055.cpp,xcu200-fsgd2104-2-e,3.33,7.81224993,304,1,1,2,3,cyclic_8_2,complete_2,complete_1,block_4_1,cyclic_2_1,unroll_8,pipeline_1,pipeline_1,pipeline_1,unroll_2,unroll_16,1,1.75,0.884003447226,False
workload_3963.cpp,xcu200-fsgd2104-2-e,3.33,7.69028868,155,1,1,1,2,cyclic_8_2,complete_2,complete_1,block_4_1,cyclic_4_1,unroll_4,pipeline_1,unroll_2,unroll_4,unroll_4,pipeline_1,1,1.25,0.960445651994,False
workload_4491.cpp,xcu200-fsgd2104-2-e,3.33,7.62944958,85,1,1,1,1,cyclic_8_2,complete_2,complete_1,block_8_1,cyclic_2_1,unroll_2,pipeline_1,unroll_2,pipeline_1,unroll_2,pipeline_1,1,1,1,True
workload_4445.cpp,xcu200-fsgd2104-2-e,3.33,7.62944958,86,1,1,1,1,cyclic_8_2,complete_2,complete_1,block_8_1,cyclic_2_1,unroll_2,pipeline_1,unroll_2,pipeline_1,unroll_2,unroll_16,1,1,1,True
workload_4514.cpp,xcu200-fsgd2104-2-e,3.33,7.62944958,86,1,1,1,1,cyclic_8_2,complete_2,cyclic_2_1,block_4_1,block_2_1,unroll_2,pipeline_1,unroll_2,pipeline_1,unroll_4,pipeline_1,1,1,1,True
workload_4484.cpp,xcu200-fsgd2104-2-e,3.33,7.62944958,84,1,1,1,1,cyclic_8_2,complete_2,cyclic_2_1,block_8_1,block_2_1,unroll_2,pipeline_1,unroll_2,pipeline_1,unroll_4,pipeline_1,1,1,1,True
workload_4245.cpp,xcu200-fsgd2104-2-e,3.33,119.25687708,99,1,1,1,1,cyclic_8_2,complete_2,cyclic_4_1,block_4_1,block_2_1,unroll_2,pipeline_1,pipeline_1,pipeline_1,pipeline_1,unroll_16,1,1,0.515194914238,False
workload_4088.cpp,xcu200-fsgd2104-2-e,3.33,7.69028868,165,1,1,1,2,cyclic_8_2,complete_2,cyclic_4_1,block_4_1,block_4_1,unroll_4,pipeline_1,pipeline_1,unroll_2,unroll_2,unroll_16,1,1.25,0.960445651994,False
workload_3855.cpp,xcu200-fsgd2104-2-e,3.33,7.81224993,276,1,1,2,3,cyclic_8_2,complete_2,cyclic_4_1,block_4_1,complete_1,unroll_8,pipeline_1,pipeline_1,pipeline_1,unroll_2,pipeline_1,1,1.75,0.884003447226,False
workload_4165.cpp,xcu200-fsgd2104-2-e,3.33,7.62944958,86,1,1,1,1,cyclic_8_2,complete_2,cyclic_4_1,block_4_1,cyclic_2_1,unroll_2,pipeline_1,unroll_2,pipeline_1,pipeline_1,unroll_16,1,1,1,True
workload_4258.cpp,xcu200-fsgd2104-2-e,3.33,7.62944958,93,1,1,1,1,cyclic_8_2,complete_2,cyclic_4_1,block_4_1,cyclic_2_1,unroll_2,pipeline_1,unroll_2,pipeline_1,unroll_4,unroll_16,1,1,1,True
workload_4205.cpp,xcu200-fsgd2104-2-e,3.33,7.62944958,105,1,1,1,1,cyclic_8_2,complete_2,cyclic_4_1,block_8_1,block_2_1,unroll_2,pipeline_1,unroll_2,pipeline_1,pipeline_1,unroll_16,1,1,1,True
workload_4379.cpp,xcu200-fsgd2104-2-e,3.33,7.62944958,89,1,1,1,1,cyclic_8_2,complete_2,cyclic_4_1,block_8_1,complete_1,unroll_2,pipeline_1,unroll_2,pipeline_1,unroll_4,unroll_16,1,1,1,True
workload_4106.cpp,xcu200-fsgd2104-2-e,3.33,7.62944958,108,1,1,1,1,cyclic_8_2,complete_2,cyclic_4_1,cyclic_8_1,block_2_1,unroll_2,pipeline_1,unroll_2,unroll_2,unroll_2,unroll_16,1,1,1,True
workload_4071.cpp,xcu200-fsgd2104-2-e,3.33,7.69028868,150,1,1,1,2,cyclic_8_2,complete_2,cyclic_4_1,cyclic_8_1,block_4_1,unroll_4,pipeline_1,pipeline_1,unroll_2,unroll_2,unroll_16,1,1.25,0.960445651994,False
workload_4008.cpp,xcu200-fsgd2104-2-e,3.33,7.69028868,204,1,1,1,2,cyclic_8_2,complete_2,cyclic_4_1,cyclic_8_1,block_4_1,unroll_4,pipeline_1,pipeline_1,unroll_2,unroll_8,unroll_16,1,1.25,0.960445651994,False
workload_4448.cpp,xcu200-fsgd2104-2-e,3.33,7.62944958,90,1,1,1,1,cyclic_8_2,complete_2,cyclic_8_1,block_4_1,cyclic_2_1,unroll_2,pipeline_1,unroll_2,pipeline_1,unroll_2,unroll_16,1,1,1,True
workload_4386.cpp,xcu200-fsgd2104-2-e,3.33,14.62827708,81,1,1,1,1,cyclic_8_2,complete_2,cyclic_8_1,block_4_1,cyclic_2_1,unroll_2,pipeline_1,unroll_2,unroll_16,unroll_2,pipeline_1,1,1,0.964160933717,False
workload_4502.cpp,xcu200-fsgd2104-2-e,3.33,14.62827708,81,1,1,1,1,cyclic_8_2,complete_2,cyclic_8_1,block_4_1,cyclic_2_1,unroll_2,pipeline_1,unroll_2,unroll_16,unroll_2,unroll_16,1,1,0.964160933717,False
workload_3928.cpp,xcu200-fsgd2104-2-e,3.33,199.90531458,106,1,1,1,2,cyclic_8_2,complete_2,cyclic_8_1,complete_1,block_4_1,unroll_2,unroll_2,unroll_2,unroll_4,pipeline_1,unroll_2,1,1.25,0.279829134718,False
workload_4467.cpp,xcu200-fsgd2104-2-e,3.33,7.62944958,92,1,1,1,1,cyclic_8_2,cyclic_2_2,complete_1,block_2_1,block_2_1,unroll_2,pipeline_1,unroll_2,pipeline_1,unroll_4,unroll_16,1,1,1,True
workload_4475.cpp,xcu200-fsgd2104-2-e,3.33,7.62944958,85,1,1,1,1,cyclic_8_2,cyclic_2_2,complete_1,block_2_1,complete_1,unroll_2,pipeline_1,unroll_2,pipeline_1,unroll_2,unroll_16,1,1,1,True
workload_4499.cpp,xcu200-fsgd2104-2-e,3.33,7.62944958,84,1,1,1,1,cyclic_8_2,cyclic_2_2,complete_1,block_4_1,block_2_1,unroll_2,pipeline_1,unroll_2,pipeline_1,unroll_4,unroll_16,1,1,1,True
workload_4366.cpp,xcu200-fsgd2104-2-e,3.33,7.62944958,105,1,1,1,1,cyclic_8_2,cyclic_4_2,block_4_1,block_4_1,block_2_1,unroll_2,pipeline_1,pipeline_1,pipeline_1,unroll_2,pipeline_1,1,1,1,True
workload_4441.cpp,xcu200-fsgd2104-2-e,3.33,14.62827708,87,1,1,1,1,cyclic_8_2,cyclic_4_2,block_4_1,block_4_1,block_2_1,unroll_2,pipeline_1,pipeline_1,unroll_16,unroll_2,pipeline_1,1,1,0.964160933717,False
workload_4232.cpp,xcu200-fsgd2104-2-e,3.33,7.62944958,91,1,1,1,1,cyclic_8_2,cyclic_4_2,block_4_1,block_4_1,complete_1,unroll_2,pipeline_1,pipeline_1,pipeline_1,unroll_4,unroll_16,1,1,1,True
workload_4388.cpp,xcu200-fsgd2104-2-e,3.33,7.62944958,86,1,1,1,1,cyclic_8_2,cyclic_4_2,block_4_1,block_4_1,complete_1,unroll_2,pipeline_1,pipeline_1,unroll_2,unroll_2,unroll_16,1,1,1,True
workload_4307.cpp,xcu200-fsgd2104-2-e,3.33,7.62944958,89,1,1,1,1,cyclic_8_2,cyclic_4_2,block_4_1,block_4_1,cyclic_2_1,unroll_2,pipeline_1,pipeline_1,pipeline_1,unroll_4,unroll_16,1,1,1,True
workload_4480.cpp,xcu200-fsgd2104-2-e,3.33,7.62944958,90,1,1,1,1,cyclic_8_2,cyclic_4_2,block_4_1,block_4_1,cyclic_2_1,unroll_2,pipeline_1,unroll_2,pipeline_1,unroll_2,pipeline_1,1,1,1,True
workload_4237.cpp,xcu200-fsgd2104-2-e,3.33,7.62944958,103,1,1,1,1,cyclic_8_2,cyclic_4_2,block_4_1,block_4_1,cyclic_2_1,unroll_2,pipeline_1,unroll_2,pipeline_1,unroll_4,pipeline_1,1,1,1,True
workload_4303.cpp,xcu200-fsgd2104-2-e,3.33,14.62827708,83,1,1,1,1,cyclic_8_2,cyclic_4_2,block_4_1,block_4_1,cyclic_2_1,unroll_2,pipeline_1,unroll_2,unroll_16,unroll_2,unroll_16,1,1,0.964160933717,False
workload_4378.cpp,xcu200-fsgd2104-2-e,3.33,7.62944958,99,1,1,1,1,cyclic_8_2,cyclic_4_2,block_4_1,block_8_1,complete_1,unroll_2,pipeline_1,unroll_2,pipeline_1,unroll_4,pipeline_1,1,1,1,True
workload_4516.cpp,xcu200-fsgd2104-2-e,3.33,7.62944958,82,1,1,1,1,cyclic_8_2,cyclic_4_2,complete_1,block_2_1,cyclic_2_1,unroll_2,pipeline_1,unroll_2,pipeline_1,unroll_2,unroll_16,1,1,1,True
workload_4363.cpp,xcu200-fsgd2104-2-e,3.33,7.62944958,106,1,1,1,1,cyclic_8_2,cyclic_4_2,complete_1,block_4_1,block_2_1,unroll_2,pipeline_1,pipeline_1,pipeline_1,unroll_16,pipeline_1,1,1,1,True
workload_4313.cpp,xcu200-fsgd2104-2-e,3.33,7.62944958,88,1,1,1,1,cyclic_8_2,cyclic_4_2,complete_1,block_4_1,block_2_1,unroll_2,pipeline_1,pipeline_1,pipeline_1,unroll_2,pipeline_1,1,1,1,True
workload_4241.cpp,xcu200-fsgd2104-2-e,3.33,7.62944958,99,1,1,1,1,cyclic_8_2,cyclic_4_2,complete_1,block_4_1,block_2_1,unroll_2,pipeline_1,pipeline_1,pipeline_1,unroll_2,unroll_16,3,1,1,True
workload_4247.cpp,xcu200-fsgd2104-2-e,3.33,7.62944958,110,1,1,1,1,cyclic_8_2,cyclic_4_2,complete_1,block_4_1,block_2_1,unroll_2,pipeline_1,pipeline_1,pipeline_1,unroll_4,unroll_16,1,1,1,True
workload_4246.cpp,xcu200-fsgd2104-2-e,3.33,7.62944958,105,1,1,1,1,cyclic_8_2,cyclic_4_2,complete_1,block_4_1,block_2_1,unroll_2,pipeline_1,unroll_2,pipeline_1,pipeline_1,unroll_2,1,1,1,True
workload_4150.cpp,xcu200-fsgd2104-2-e,3.33,7.62944958,96,1,1,1,1,cyclic_8_2,cyclic_4_2,complete_1,block_4_1,block_2_1,unroll_2,pipeline_1,unroll_2,pipeline_1,unroll_16,unroll_16,1,1,1,True
workload_4191.cpp,xcu200-fsgd2104-2-e,3.33,7.62944958,105,1,1,1,1,cyclic_8_2,cyclic_4_2,complete_1,block_4_1,block_2_1,unroll_2,pipeline_1,unroll_2,pipeline_1,unroll_2,pipeline_1,1,1,1,True
workload_4042.cpp,xcu200-fsgd2104-2-e,3.33,7.62944958,101,1,1,1,1,cyclic_8_2,cyclic_4_2,complete_1,block_4_1,block_2_1,unroll_2,pipeline_1,unroll_2,pipeline_1,unroll_2,unroll_16,2,1,1,True
workload_4123.cpp,xcu200-fsgd2104-2-e,3.33,7.62944958,95,1,1,1,1,cyclic_8_2,cyclic_4_2,complete_1,block_4_1,block_2_1,unroll_2,pipeline_1,unroll_2,pipeline_1,unroll_2,unroll_2,1,1,1,True
workload_4161.cpp,xcu200-fsgd2104-2-e,3.33,7.62944958,89,1,1,1,1,cyclic_8_2,cyclic_4_2,complete_1,block_4_1,block_2_1,unroll_2,pipeline_1,unroll_2,pipeline_1,unroll_4,pipeline_1,1,1,1,True
workload_4398.cpp,xcu200-fsgd2104-2-e,3.33,7.62944958,97,1,1,1,1,cyclic_8_2,cyclic_4_2,complete_1,block_4_1,block_2_1,unroll_2,pipeline_1,unroll_2,pipeline_1,unroll_4,unroll_16,1,1,1,True
workload_4291.cpp,xcu200-fsgd2104-2-e,3.33,7.62944958,99,1,1,1,1,cyclic_8_2,cyclic_4_2,complete_1,block_4_1,block_4_1,unroll_2,pipeline_1,unroll_2,pipeline_1,unroll_4,unroll_16,1,1,1,True
workload_4175.cpp,xcu200-fsgd2104-2-e,3.33,7.62944958,99.5,1,1,1,1,cyclic_8_2,cyclic_4_2,complete_1,block_4_1,complete_1,unroll_2,pipeline_1,pipeline_1,pipeline_1,unroll_2,unroll_16,2,1,1,True
workload_4144.cpp,xcu200-fsgd2104-2-e,3.33,7.62944958,113,1,1,1,1,cyclic_8_2,cyclic_4_2,complete_1,block_4_1,complete_1,unroll_2,pipeline_1,pipeline_1,pipeline_1,unroll_4,unroll_16,1,1,1,True
workload_4221.cpp,xcu200-fsgd2104-2-e,3.33,7.62944958,111,1,1,1,1,cyclic_8_2,cyclic_4_2,complete_1,block_4_1,complete_1,unroll_2,pipeline_1,unroll_2,pipeline_1,pipeline_1,unroll_16,1,1,1,True
workload_4381.cpp,xcu200-fsgd2104-2-e,3.33,7.62944958,90,1,1,1,1,cyclic_8_2,cyclic_4_2,complete_1,block_4_1,complete_1,unroll_2,pipeline_1,unroll_2,pipeline_1,unroll_4,unroll_16,1,1,1,True
workload_4271.cpp,xcu200-fsgd2104-2-e,3.33,7.62944958,98,1,1,1,1,cyclic_8_2,cyclic_4_2,complete_1,block_4_1,cyclic_2_1,unroll_2,pipeline_1,pipeline_1,pipeline_1,unroll_2,unroll_16,1,1,1,True
workload_4430.cpp,xcu200-fsgd2104-2-e,3.33,7.62944958,89,1,1,1,1,cyclic_8_2,cyclic_4_2,complete_1,block_4_1,cyclic_2_1,unroll_2,pipeline_1,unroll_2,pipeline_1,unroll_2,pipeline_1,1,1,1,True
workload_4086.cpp,xcu200-fsgd2104-2-e,3.33,7.62944958,107,1,1,1,1,cyclic_8_2,cyclic_4_2,complete_1,block_4_1,cyclic_2_1,unroll_2,pipeline_1,unroll_2,pipeline_1,unroll_2,unroll_16,2,1,1,True
workload_4186.cpp,xcu200-fsgd2104-2-e,3.33,7.62944958,88.5,1,1,1,1,cyclic_8_2,cyclic_4_2,complete_1,block_4_1,cyclic_2_1,unroll_2,pipeline_1,unroll_2,pipeline_1,unroll_4,unroll_16,2,1,1,True
workload_4364.cpp,xcu200-fsgd2104-2-e,3.33,7.62944958,106,1,1,1,1,cyclic_8_2,cyclic_4_2,complete_1,block_4_1,cyclic_2_1,unroll_2,pipeline_1,unroll_2,unroll_2,unroll_8,unroll_16,1,1,1,True
workload_4158.cpp,xcu200-fsgd2104-2-e,3.33,119.25687708,82,1,1,1,1,cyclic_8_2,cyclic_4_2,complete_1,block_8_1,block_2_1,unroll_2,pipeline_1,pipeline_1,pipeline_1,pipeline_1,unroll_16,1,1,0.515194914238,False
workload_4231.cpp,xcu200-fsgd2104-2-e,3.33,7.62944958,105,1,1,1,1,cyclic_8_2,cyclic_4_2,complete_1,block_8_1,block_2_1,unroll_2,pipeline_1,unroll_2,pipeline_1,pipeline_1,unroll_16,1,1,1,True
workload_4166.cpp,xcu200-fsgd2104-2-e,3.33,7.62944958,90,1,1,1,1,cyclic_8_2,cyclic_4_2,complete_1,block_8_1,block_2_1,unroll_2,pipeline_1,unroll_2,pipeline_1,unroll_2,pipeline_1,1,1,1,True
workload_4435.cpp,xcu200-fsgd2104-2-e,3.33,7.62944958,90,1,1,1,1,cyclic_8_2,cyclic_4_2,complete_1,block_8_1,block_2_1,unroll_2,pipeline_1,unroll_2,pipeline_1,unroll_4,pipeline_1,1,1,1,True
workload_4497.cpp,xcu200-fsgd2104-2-e,3.33,7.62944958,90,1,1,1,1,cyclic_8_2,cyclic_4_2,complete_1,block_8_1,complete_1,unroll_2,pipeline_1,unroll_2,pipeline_1,unroll_4,unroll_16,1,1,1,True
workload_4294.cpp,xcu200-fsgd2104-2-e,3.33,7.62944958,86,1,1,1,1,cyclic_8_2,cyclic_4_2,complete_1,block_8_1,cyclic_2_1,unroll_2,pipeline_1,pipeline_1,pipeline_1,unroll_4,pipeline_1,1,1,1,True
workload_4404.cpp,xcu200-fsgd2104-2-e,3.33,7.62944958,100,1,1,1,1,cyclic_8_2,cyclic_4_2,complete_1,block_8_1,cyclic_2_1,unroll_2,pipeline_1,unroll_2,pipeline_1,unroll_4,pipeline_1,1,1,1,True
workload_4493.cpp,xcu200-fsgd2104-2-e,3.33,7.62944958,86,1,1,1,1,cyclic_8_2,cyclic_4_2,cyclic_4_1,block_4_1,block_2_1,unroll_2,pipeline_1,unroll_2,pipeline_1,unroll_2,pipeline_1,1,1,1,True
workload_4422.cpp,xcu200-fsgd2104-2-e,3.33,14.62827708,101,1,1,1,1,cyclic_8_2,cyclic_4_2,cyclic_4_1,block_4_1,block_4_1,unroll_2,pipeline_1,unroll_2,unroll_16,unroll_2,unroll_16,1,1,0.964160933717,False
workload_4229.cpp,xcu200-fsgd2104-2-e,3.33,7.62944958,115,1,1,1,1,cyclic_8_2,cyclic_4_2,cyclic_4_1,block_4_1,complete_1,unroll_2,pipeline_1,unroll_2,pipeline_1,unroll_2,pipeline_1,1,1,1,True
workload_4387.cpp,xcu200-fsgd2104-2-e,3.33,7.62944958,84,1,1,1,1,cyclic_8_2,cyclic_4_2,cyclic_4_1,block_4_1,complete_1,unroll_2,pipeline_1,unroll_2,unroll_2,unroll_8,unroll_16,1,1,1,True
workload_4485.cpp,xcu200-fsgd2104-2-e,3.33,7.62944958,83,1,1,1,1,cyclic_8_2,cyclic_4_2,cyclic_4_1,block_4_1,cyclic_2_1,unroll_2,pipeline_1,unroll_2,pipeline_1,unroll_2,pipeline_1,1,1,1,True
workload_4341.cpp,xcu200-fsgd2104-2-e,3.33,7.62944958,91,1,1,1,1,cyclic_8_2,cyclic_4_2,cyclic_4_1,block_4_1,cyclic_2_1,unroll_2,pipeline_1,unroll_2,pipeline_1,unroll_2,unroll_16,1,1,1,True
workload_4145.cpp,xcu200-fsgd2104-2-e,3.33,7.62944958,113,1,1,1,1,cyclic_8_2,cyclic_4_2,cyclic_4_1,block_8_1,block_2_1,unroll_2,pipeline_1,unroll_2,pipeline_1,pipeline_1,unroll_16,1,1,1,True
workload_4078.cpp,xcu200-fsgd2104-2-e,3.33,7.62944958,104,1,1,1,1,cyclic_8_2,cyclic_4_2,cyclic_4_1,block_8_1,block_2_1,unroll_2,pipeline_1,unroll_2,pipeline_1,unroll_2,pipeline_1,1,1,1,True
workload_4187.cpp,xcu200-fsgd2104-2-e,3.33,7.62944958,97,1,1,1,1,cyclic_8_2,cyclic_4_2,cyclic_4_1,block_8_1,block_2_1,unroll_2,pipeline_1,unroll_2,pipeline_1,unroll_4,pipeline_1,1,1,1,True
workload_4331.cpp,xcu200-fsgd2104-2-e,3.33,7.62944958,85,1,1,1,1,cyclic_8_2,cyclic_4_2,cyclic_4_1,block_8_1,complete_1,unroll_2,pipeline_1,unroll_2,pipeline_1,unroll_4,pipeline_1,1,1,1,True
workload_4367.cpp,xcu200-fsgd2104-2-e,3.33,7.62944958,103,1,1,1,1,cyclic_8_2,cyclic_4_2,cyclic_4_1,block_8_1,complete_1,unroll_2,pipeline_1,unroll_2,pipeline_1,unroll_4,unroll_16,1,1,1,True
workload_4264.cpp,xcu200-fsgd2104-2-e,3.33,7.62944958,94,1,1,1,1,cyclic_8_2,cyclic_4_2,cyclic_4_1,block_8_1,cyclic_2_1,unroll_2,pipeline_1,pipeline_1,pipeline_1,unroll_4,pipeline_1,1,1,1,True
workload_4090.cpp,xcu200-fsgd2104-2-e,3.33,7.62944958,89,1,1,1,1,cyclic_8_2,cyclic_4_2,cyclic_4_1,block_8_1,cyclic_2_1,unroll_2,pipeline_1,unroll_2,pipeline_1,unroll_4,pipeline_1,1,1,1,True
workload_4279.cpp,xcu200-fsgd2104-2-e,3.33,14.62827708,86,1,1,1,1,cyclic_8_2,cyclic_4_2,cyclic_4_1,block_8_1,cyclic_2_1,unroll_2,pipeline_1,unroll_2,unroll_16,unroll_4,pipeline_1,1,1,0.964160933717,False
workload_4315.cpp,xcu200-fsgd2104-2-e,3.33,14.62827708,85,1,1,1,1,cyclic_8_2,cyclic_4_2,cyclic_4_1,block_8_1,cyclic_2_1,unroll_2,pipeline_1,unroll_2,unroll_16,unroll_4,unroll_16,1,1,0.964160933717,False
workload_4488.cpp,xcu200-fsgd2104-2-e,3.33,7.62944958,84,1,1,1,1,cyclic_8_2,cyclic_8_2,block_4_1,block_4_1,block_2_1,unroll_2,pipeline_1,unroll_2,pipeline_1,unroll_2,pipeline_1,1,1,1,True
workload_3475.cpp,xcu200-fsgd2104-2-e,5,11.36302,158,1,1,1,2,block_2_2,block_4_2,complete_1,block_4_1,cyclic_2_1,unroll_4,pipeline_1,pipeline_1,unroll_2,unroll_2,unroll_2,1,1.25,0.961761638234,False
workload_3671.cpp,xcu200-fsgd2104-2-e,5,11.27313,74,1,1,1,1,block_2_2,block_8_2,block_4_1,block_4_1,block_2_1,unroll_2,pipeline_1,pipeline_1,unroll_8,unroll_2,unroll_2,1,1,1,True
workload_3740.cpp,xcu200-fsgd2104-2-e,5,11.27313,87,1,1,1,1,block_2_2,block_8_2,block_4_1,block_4_1,cyclic_2_1,unroll_2,pipeline_1,pipeline_1,pipeline_1,unroll_2,pipeline_1,1,1,1,True
workload_3480.cpp,xcu200-fsgd2104-2-e,5,11.36302,127,1,1,1,2,block_2_2,block_8_2,complete_1,block_4_1,block_2_1,unroll_4,pipeline_1,pipeline_1,unroll_2,unroll_2,unroll_8,1,1.25,0.961761638234,False
workload_3420.cpp,xcu200-fsgd2104-2-e,5,11.36302,136,1,1,1,2,block_2_2,block_8_2,complete_1,block_4_1,complete_1,unroll_4,pipeline_1,pipeline_1,unroll_2,unroll_2,unroll_8,1,1.25,0.961761638234,False
workload_3444.cpp,xcu200-fsgd2104-2-e,5,11.543225,238,1,1,2,3,block_2_2,block_8_2,complete_1,block_4_1,complete_1,unroll_8,pipeline_1,pipeline_1,pipeline_1,unroll_2,pipeline_1,1,1.75,0.887775040249,False
workload_3701.cpp,xcu200-fsgd2104-2-e,5,11.27313,76,1,1,1,1,block_2_2,block_8_2,cyclic_4_1,block_4_1,block_2_1,unroll_2,pipeline_1,pipeline_1,unroll_8,unroll_2,pipeline_1,1,1,1,True
workload_3381.cpp,xcu200-fsgd2104-2-e,5,11.543225,208,1,1,2,3,block_2_2,block_8_2,cyclic_4_1,block_4_1,complete_1,unroll_8,pipeline_1,pipeline_1,pipeline_1,unroll_2,unroll_8,1,1.75,0.887775040249,False
workload_3784.cpp,xcu200-fsgd2104-2-e,5,11.27313,77,1,1,1,1,block_2_2,complete_1,cyclic_4_1,block_4_1,block_2_1,unroll_2,pipeline_1,pipeline_1,pipeline_1,unroll_2,pipeline_1,1,1,1,True
workload_3715.cpp,xcu200-fsgd2104-2-e,5,11.27313,88,1,1,1,1,block_2_2,complete_2,complete_1,block_4_1,block_2_1,unroll_2,pipeline_1,pipeline_1,pipeline_1,unroll_2,unroll_4,1,1,1,True
workload_3678.cpp,xcu200-fsgd2104-2-e,5,11.27313,101,1,1,1,1,block_2_2,cyclic_2_2,block_2_1,block_4_1,block_2_1,unroll_2,pipeline_1,pipeline_1,pipeline_1,unroll_2,unroll_2,1,1,1,True
workload_3695.cpp,xcu200-fsgd2104-2-e,5,41.70938,70,1,1,1,1,block_2_2,cyclic_2_2,block_2_1,block_4_1,block_2_1,unroll_2,pipeline_1,pipeline_1,unroll_16,unroll_2,unroll_2,1,1,0.882550279898,False
workload_3727.cpp,xcu200-fsgd2104-2-e,5,11.27313,78,1,1,1,1,block_2_2,cyclic_2_2,block_2_1,block_4_1,block_2_1,unroll_2,pipeline_1,unroll_2,pipeline_1,unroll_2,unroll_2,1,1,1,True
workload_3641.cpp,xcu200-fsgd2104-2-e,5,11.27313,78,1,1,1,1,block_2_2,cyclic_2_2,block_4_1,block_4_1,block_2_1,unroll_2,pipeline_1,pipeline_1,unroll_8,unroll_2,unroll_2,1,1,1,True
workload_3774.cpp,xcu200-fsgd2104-2-e,5,11.27313,78,1,1,1,1,block_2_2,cyclic_2_2,cyclic_4_1,block_4_1,block_2_1,unroll_2,pipeline_1,unroll_2,pipeline_1,unroll_2,unroll_2,1,1,1,True
workload_3785.cpp,xcu200-fsgd2104-2-e,5,11.27313,81,1,1,1,1,block_2_2,cyclic_4_2,complete_1,block_4_1,block_2_1,unroll_2,pipeline_1,unroll_2,pipeline_1,unroll_2,unroll_16,1,1,1,True
workload_3777.cpp,xcu200-fsgd2104-2-e,5,11.27313,80,1,1,1,1,block_2_2,cyclic_4_2,complete_1,block_4_1,complete_1,unroll_2,pipeline_1,unroll_2,pipeline_1,unroll_2,unroll_16,1,1,1,True
workload_3790.cpp,xcu200-fsgd2104-2-e,5,11.27313,77,1,1,1,1,block_2_2,cyclic_4_2,cyclic_4_1,block_4_1,block_2_1,unroll_2,pipeline_1,pipeline_1,pipeline_1,unroll_2,unroll_2,1,1,1,True
workload_3747.cpp,xcu200-fsgd2104-2-e,5,11.27313,82,1,1,1,1,block_2_2,cyclic_4_2,cyclic_4_1,block_4_1,block_2_1,unroll_2,pipeline_1,unroll_2,pipeline_1,unroll_2,unroll_2,1,1,1,True
workload_3515.cpp,xcu200-fsgd2104-2-e,5,50.87063,86,1,1,1,1,block_4_2,block_2_2,complete_1,block_4_1,cyclic_2_1,unroll_2,pipeline_1,pipeline_1,unroll_16,pipeline_1,unroll_2,1,1,0.848805373568,False
workload_3458.cpp,xcu200-fsgd2104-2-e,5,11.36302,139,1,1,1,2,block_4_2,block_2_2,complete_1,block_4_1,cyclic_2_1,unroll_4,pipeline_1,pipeline_1,unroll_2,unroll_2,unroll_4,1,1.25,0.961761638234,False
workload_3547.cpp,xcu200-fsgd2104-2-e,5,50.87063,85,1,1,1,1,block_4_2,block_2_2,complete_1,block_4_1,cyclic_8_1,unroll_2,pipeline_1,pipeline_1,unroll_16,pipeline_1,unroll_2,1,1,0.848805373568,False
workload_3725.cpp,xcu200-fsgd2104-2-e,5,11.27313,87,1,1,1,1,block_4_2,block_4_2,block_4_1,block_4_1,block_2_1,unroll_2,pipeline_1,pipeline_1,unroll_8,unroll_2,unroll_2,1,1,1,True
workload_3684.cpp,xcu200-fsgd2104-2-e,5,11.27313,114,1,1,1,1,block_4_2,block_4_2,block_4_1,block_4_1,cyclic_2_1,unroll_2,pipeline_1,pipeline_1,pipeline_1,unroll_2,pipeline_1,1,1,1,True
workload_3779.cpp,xcu200-fsgd2104-2-e,5,11.27313,81,1,1,1,1,block_4_2,block_4_2,block_4_1,block_4_1,cyclic_2_1,unroll_2,pipeline_1,pipeline_1,pipeline_1,unroll_2,unroll_2,1,1,1,True
workload_3745.cpp,xcu200-fsgd2104-2-e,5,11.27313,83,1,1,1,1,block_4_2,block_4_2,block_4_1,block_4_1,cyclic_2_1,unroll_2,pipeline_1,pipeline_1,pipeline_1,unroll_4,unroll_2,1,1,1,True
workload_3658.cpp,xcu200-fsgd2104-2-e,5,11.27313,71,1,1,1,1,block_4_2,block_4_2,block_4_1,block_4_1,cyclic_2_1,unroll_2,pipeline_1,unroll_2,pipeline_1,unroll_2,unroll_2,1,1,1,True
workload_3793.cpp,xcu200-fsgd2104-2-e,5,41.70938,75,1,1,1,1,block_4_2,block_4_2,block_4_1,block_4_1,cyclic_8_1,unroll_2,pipeline_1,pipeline_1,unroll_16,unroll_2,unroll_2,1,1,0.882550279898,False
workload_3302.cpp,xcu200-fsgd2104-2-e,5,11.543225,206,1,1,2,3,block_4_2,block_4_2,block_8_1,block_2_1,block_2_1,unroll_8,pipeline_1,pipeline_1,unroll_2,unroll_2,unroll_8,1,1.75,0.887775040249,False
workload_3389.cpp,xcu200-fsgd2104-2-e,5,11.543225,198,1,1,2,3,block_4_2,block_4_2,block_8_1,block_2_1,block_2_1,unroll_8,pipeline_1,pipeline_1,unroll_2,unroll_4,unroll_8,1,1.75,0.887775040249,False
workload_3195.cpp,xcu200-fsgd2104-2-e,5,11.543225,211,1,1,2,3,block_4_2,block_4_2,block_8_1,block_2_1,cyclic_2_1,unroll_8,pipeline_1,pipeline_1,unroll_2,unroll_2,unroll_8,1,1.75,0.887775040249,False
workload_3369.cpp,xcu200-fsgd2104-2-e,5,11.543225,208,1,1,2,3,block_4_2,block_4_2,block_8_1,block_2_1,cyclic_2_1,unroll_8,pipeline_1,unroll_2,unroll_2,unroll_2,pipeline_1,1,1.75,0.887775040249,False
workload_3353.cpp,xcu200-fsgd2104-2-e,5,11.543225,206,1,1,2,3,block_4_2,block_4_2,block_8_1,block_2_1,cyclic_2_1,unroll_8,pipeline_1,unroll_2,unroll_2,unroll_2,unroll_8,1,1.75,0.887775040249,False
workload_3348.cpp,xcu200-fsgd2104-2-e,5,11.543225,206,1,1,2,3,block_4_2,block_4_2,block_8_1,block_4_1,cyclic_2_1,unroll_8,pipeline_1,pipeline_1,pipeline_1,unroll_2,pipeline_1,1,1.75,0.887775040249,False
workload_3486.cpp,xcu200-fsgd2104-2-e,5,11.36302,149,1,1,1,2,block_4_2,block_4_2,complete_1,block_4_1,block_2_1,unroll_4,pipeline_1,pipeline_1,pipeline_1,unroll_2,unroll_16,1,1.25,0.961761638234,False
workload_3411.cpp,xcu200-fsgd2104-2-e,5,11.36302,112,1,1,1,2,block_4_2,block_4_2,complete_1,block_4_1,block_2_1,unroll_4,pipeline_1,pipeline_1,pipeline_1,unroll_2,unroll_2,1,1.25,0.961761638234,False
workload_3502.cpp,xcu200-fsgd2104-2-e,5,11.36302,165,1,1,1,2,block_4_2,block_4_2,complete_1,block_4_1,block_2_1,unroll_4,pipeline_1,pipeline_1,pipeline_1,unroll_2,unroll_8,1,1.25,0.961761638234,False
workload_3350.cpp,xcu200-fsgd2104-2-e,5,11.36302,110,1,1,1,2,block_4_2,block_4_2,complete_1,block_4_1,block_2_1,unroll_4,pipeline_1,pipeline_1,unroll_2,unroll_2,pipeline_1,1,1.25,0.961761638234,False
workload_3464.cpp,xcu200-fsgd2104-2-e,5,11.36302,137,1,1,1,2,block_4_2,block_4_2,complete_1,block_4_1,complete_1,unroll_4,pipeline_1,pipeline_1,pipeline_1,unroll_2,unroll_2,1,1.25,0.961761638234,False
workload_3470.cpp,xcu200-fsgd2104-2-e,5,11.36302,134,1,1,1,2,block_4_2,block_4_2,complete_1,block_4_1,cyclic_2_1,unroll_4,pipeline_1,pipeline_1,pipeline_1,unroll_2,unroll_2,1,1.25,0.961761638234,False
workload_3429.cpp,xcu200-fsgd2104-2-e,5,11.36302,121,1,1,1,2,block_4_2,block_4_2,complete_1,block_4_1,cyclic_2_1,unroll_4,pipeline_1,pipeline_1,pipeline_1,unroll_2,unroll_4,1,1.25,0.961761638234,False
workload_3436.cpp,xcu200-fsgd2104-2-e,5,11.36302,122,1,1,1,2,block_4_2,block_4_2,complete_1,block_4_1,cyclic_2_1,unroll_4,pipeline_1,pipeline_1,unroll_2,unroll_2,unroll_2,1,1.25,0.961761638234,False
workload_3248.cpp,xcu200-fsgd2104-2-e,5,11.36302,145,1,1,1,2,block_4_2,block_4_2,complete_1,block_4_1,cyclic_2_1,unroll_4,pipeline_1,pipeline_1,unroll_2,unroll_2,unroll_8,1,1.25,0.961761638234,False
workload_3374.cpp,xcu200-fsgd2104-2-e,5,11.36302,111,1,1,1,2,block_4_2,block_4_2,complete_1,block_4_1,cyclic_2_1,unroll_4,pipeline_1,pipeline_1,unroll_2,unroll_4,unroll_2,1,1.25,0.961761638234,False
workload_3482.cpp,xcu200-fsgd2104-2-e,5,11.36302,137,1,1,1,2,block_4_2,block_4_2,complete_1,block_4_1,cyclic_2_1,unroll_4,pipeline_1,unroll_2,unroll_2,unroll_2,unroll_8,1,1.25,0.961761638234,False
workload_3408.cpp,xcu200-fsgd2104-2-e,5,11.36302,113,1,1,1,2,block_4_2,block_4_2,complete_1,block_8_1,block_2_1,unroll_4,pipeline_1,pipeline_1,pipeline_1,unroll_2,unroll_8,1,1.25,0.961761638234,False
workload_3493.cpp,xcu200-fsgd2104-2-e,5,11.36302,156,1,1,1,2,block_4_2,block_4_2,complete_1,block_8_1,cyclic_2_1,unroll_4,pipeline_1,pipeline_1,unroll_2,unroll_2,unroll_8,1,1.25,0.961761638234,False
workload_3767.cpp,xcu200-fsgd2104-2-e,5,11.27313,80,1,1,1,1,block_4_2,block_4_2,cyclic_4_1,block_4_1,block_2_1,unroll_2,pipeline_1,pipeline_1,unroll_8,unroll_2,unroll_2,1,1,1,True
workload_3409.cpp,xcu200-fsgd2104-2-e,5,11.543225,200,1,1,2,3,block_4_2,block_4_2,cyclic_4_1,block_4_1,block_2_1,unroll_8,pipeline_1,pipeline_1,pipeline_1,unroll_2,pipeline_1,1,1.75,0.887775040249,False
workload_3398.cpp,xcu200-fsgd2104-2-e,5,11.543225,213,1,1,2,3,block_4_2,block_4_2,cyclic_4_1,block_4_1,block_2_1,unroll_8,pipeline_1,pipeline_1,pipeline_1,unroll_2,unroll_2,1,1.75,0.887775040249,False
workload_3334.cpp,xcu200-fsgd2104-2-e,5,11.543225,196,1,1,2,3,block_4_2,block_4_2,cyclic_4_1,block_4_1,block_2_1,unroll_8,pipeline_1,pipeline_1,pipeline_1,unroll_2,unroll_8,1,1.75,0.887775040249,False
workload_3320.cpp,xcu200-fsgd2104-2-e,5,11.543225,207,1,1,2,3,block_4_2,block_4_2,cyclic_4_1,block_4_1,cyclic_2_1,unroll_8,pipeline_1,pipeline_1,pipeline_1,unroll_2,pipeline_1,1,1.75,0.887775040249,False
workload_3675.cpp,xcu200-fsgd2104-2-e,5,11.27313,70,1,1,1,1,block_4_2,block_4_2,cyclic_4_1,block_4_1,cyclic_8_1,unroll_2,pipeline_1,pipeline_1,pipeline_1,unroll_2,pipeline_1,1,1,1,True
workload_3315.cpp,xcu200-fsgd2104-2-e,5,76.783545,484,1,1,3,6,block_4_2,block_8_2,block_4_1,block_2_1,block_8_1,unroll_16,pipeline_1,pipeline_1,unroll_8,pipeline_1,unroll_2,1,2.75,0.66297847008,False
workload_3360.cpp,xcu200-fsgd2104-2-e,5,11.543225,479,1,1,3,7,block_4_2,block_8_2,block_4_1,block_2_1,block_8_1,unroll_16,pipeline_1,unroll_2,pipeline_1,pipeline_1,unroll_2,1,3,0.717343903044,False
workload_3267.cpp,xcu200-fsgd2104-2-e,5,11.543225,691,1,1,3,7,block_4_2,block_8_2,block_4_1,block_2_1,block_8_1,unroll_16,pipeline_1,unroll_2,unroll_8,pipeline_1,unroll_2,1,3,0.717343903044,False
workload_3432.cpp,xcu200-fsgd2104-2-e,5,11.543225,223,1,1,2,3,block_4_2,block_8_2,block_8_1,block_4_1,cyclic_8_1,unroll_8,pipeline_1,unroll_2,pipeline_1,unroll_2,unroll_8,1,1.75,0.887775040249,False
workload_3483.cpp,xcu200-fsgd2104-2-e,5,11.36302,132,1,1,1,2,block_4_2,block_8_2,complete_1,block_4_1,complete_1,unroll_4,pipeline_1,pipeline_1,unroll_2,unroll_2,unroll_8,1,1.25,0.961761638234,False
workload_3404.cpp,xcu200-fsgd2104-2-e,5,11.543225,203,1,1,2,3,block_4_2,block_8_2,complete_1,cyclic_8_1,block_2_1,unroll_8,pipeline_1,unroll_2,unroll_2,unroll_8,unroll_8,1,1.75,0.887775040249,False
workload_3253.cpp,xcu200-fsgd2104-2-e,5,76.783545,580,1,1,3,6,block_4_2,complete_1,block_2_1,block_2_1,cyclic_8_1,unroll_16,pipeline_1,pipeline_1,unroll_16,pipeline_1,unroll_8,1,2.75,0.66297847008,False
workload_3455.cpp,xcu200-fsgd2104-2-e,5,11.36302,139,1,1,1,2,block_4_2,complete_1,block_4_1,block_4_1,block_2_1,unroll_4,pipeline_1,pipeline_1,unroll_2,unroll_2,unroll_16,1,1.25,0.961761638234,False
workload_3508.cpp,xcu200-fsgd2104-2-e,5,11.36302,139,1,1,1,2,block_4_2,complete_1,block_4_1,block_4_1,block_2_1,unroll_4,pipeline_1,unroll_2,unroll_2,unroll_2,unroll_16,1,1.25,0.961761638234,False
workload_3558.cpp,xcu200-fsgd2104-2-e,5,11.36302,136,1,1,1,2,block_4_2,complete_1,block_4_1,block_4_1,cyclic_8_1,unroll_4,pipeline_1,pipeline_1,unroll_2,unroll_2,pipeline_1,1,1.25,0.961761638234,False
workload_3426.cpp,xcu200-fsgd2104-2-e,5,11.36302,123,1,1,1,2,block_4_2,complete_1,block_8_1,block_4_1,cyclic_2_1,unroll_4,pipeline_1,pipeline_1,unroll_2,unroll_4,unroll_2,1,1.25,0.961761638234,False
workload_3382.cpp,xcu200-fsgd2104-2-e,5,11.36302,111,1,1,1,2,block_4_2,complete_1,block_8_1,block_4_1,cyclic_8_1,unroll_4,pipeline_1,unroll_2,pipeline_1,unroll_2,pipeline_1,1,1.25,0.961761638234,False
workload_3397.cpp,xcu200-fsgd2104-2-e,5,11.543225,211,1,1,2,3,block_4_2,complete_1,block_8_1,block_4_1,cyclic_8_1,unroll_8,pipeline_1,pipeline_1,pipeline_1,unroll_2,pipeline_1,1,1.75,0.887775040249,False
workload_3517.cpp,xcu200-fsgd2104-2-e,5,11.36302,128,1,1,1,2,block_4_2,complete_1,block_8_1,block_8_1,cyclic_8_1,unroll_4,pipeline_1,unroll_2,pipeline_1,unroll_2,pipeline_1,1,1.25,0.961761638234,False
workload_3366.cpp,xcu200-fsgd2104-2-e,5,11.543225,434,1,1,3,7,block_4_2,complete_1,complete_1,block_4_1,block_2_1,unroll_16,pipeline_1,pipeline_1,pipeline_1,unroll_8,unroll_8,1,3,0.717343903044,False
workload_3651.cpp,xcu200-fsgd2104-2-e,5,11.27313,76,1,1,1,1,block_4_2,complete_1,complete_1,block_4_1,block_2_1,unroll_2,pipeline_1,pipeline_1,pipeline_1,unroll_4,pipeline_1,1,1,1,True
workload_3592.cpp,xcu200-fsgd2104-2-e,5,11.27313,77,1,1,1,1,block_4_2,complete_1,complete_1,block_4_1,block_2_1,unroll_2,pipeline_1,pipeline_1,pipeline_1,unroll_8,unroll_8,1,1,1,True
workload_3541.cpp,xcu200-fsgd2104-2-e,5,11.27313,82.5,1,1,1,1,block_4_2,complete_1,complete_1,block_4_1,block_2_1,unroll_2,pipeline_1,unroll_2,pipeline_1,unroll_8,unroll_8,2,1,1,True
workload_3304.cpp,xcu200-fsgd2104-2-e,5,11.36302,108,1,1,1,2,block_4_2,complete_1,complete_1,block_4_1,block_2_1,unroll_4,pipeline_1,pipeline_1,pipeline_1,unroll_2,unroll_8,1,1.25,0.961761638234,False
workload_3525.cpp,xcu200-fsgd2104-2-e,5,11.36302,123,1,1,1,2,block_4_2,complete_1,complete_1,block_4_1,block_2_1,unroll_4,pipeline_1,unroll_2,pipeline_1,unroll_8,unroll_8,1,1.25,0.961761638234,False
workload_3757.cpp,xcu200-fsgd2104-2-e,5,11.27313,75,1,1,1,1,block_4_2,complete_1,complete_1,block_4_1,cyclic_2_1,unroll_2,pipeline_1,unroll_2,pipeline_1,unroll_2,pipeline_1,1,1,1,True
workload_3471.cpp,xcu200-fsgd2104-2-e,5,11.36302,136,1,1,1,2,block_4_2,complete_1,complete_1,block_4_1,cyclic_2_1,unroll_4,pipeline_1,pipeline_1,unroll_2,unroll_2,unroll_4,1,1.25,0.961761638234,False
workload_3476.cpp,xcu200-fsgd2104-2-e,5,11.36302,159,1,1,1,2,block_4_2,complete_1,complete_1,block_4_1,cyclic_2_1,unroll_4,pipeline_1,unroll_2,unroll_2,unroll_4,unroll_2,1,1.25,0.961761638234,False
workload_3421.cpp,xcu200-fsgd2104-2-e,5,11.543225,256,1,1,2,3,block_4_2,complete_1,complete_1,block_4_1,cyclic_2_1,unroll_8,pipeline_1,pipeline_1,pipeline_1,unroll_2,pipeline_1,1,1.75,0.887775040249,False
workload_3356.cpp,xcu200-fsgd2104-2-e,5,11.36302,111,1,1,1,2,block_4_2,complete_1,complete_1,block_8_1,block_2_1,unroll_4,pipeline_1,pipeline_1,pipeline_1,unroll_2,unroll_2,1,1.25,0.961761638234,False
workload_3399.cpp,xcu200-fsgd2104-2-e,5,11.36302,113,1,1,1,2,block_4_2,complete_1,complete_1,block_8_1,block_2_1,unroll_4,pipeline_1,pipeline_1,pipeline_1,unroll_2,unroll_8,1,1.25,0.961761638234,False
workload_3450.cpp,xcu200-fsgd2104-2-e,5,11.36302,130,1,1,1,2,block_4_2,complete_1,complete_1,block_8_1,block_2_1,unroll_4,pipeline_1,unroll_2,pipeline_1,unroll_8,unroll_8,1,1.25,0.961761638234,False
workload_3522.cpp,xcu200-fsgd2104-2-e,5,11.36302,120,1,1,1,2,block_4_2,complete_1,complete_1,block_8_1,cyclic_2_1,unroll_4,pipeline_1,pipeline_1,unroll_2,unroll_2,unroll_8,1,1.25,0.961761638234,False
workload_3608.cpp,xcu200-fsgd2104-2-e,5,11.27313,75,1,1,1,1,block_4_2,complete_1,cyclic_4_1,block_4_1,block_2_1,unroll_2,pipeline_1,unroll_2,pipeline_1,unroll_8,pipeline_1,1,1,1,True
workload_3661.cpp,xcu200-fsgd2104-2-e,5,11.27313,73,1,1,1,1,block_4_2,complete_1,cyclic_4_1,block_4_1,block_4_1,unroll_2,pipeline_1,unroll_2,pipeline_1,unroll_2,unroll_2,1,1,1,True
workload_3322.cpp,xcu200-fsgd2104-2-e,5,76.783545,480,1,1,3,6,block_4_2,complete_2,block_8_1,complete_1,block_2_1,unroll_16,pipeline_1,pipeline_1,pipeline_1,pipeline_1,unroll_8,1,2.75,0.66297847008,False
workload_3261.cpp,xcu200-fsgd2104-2-e,5,11.543225,586,1,1,3,7,block_4_2,complete_2,block_8_1,cyclic_2_1,block_2_1,unroll_16,pipeline_1,pipeline_1,pipeline_1,unroll_4,unroll_8,1,3,0.717343903044,False
workload_3191.cpp,xcu200-fsgd2104-2-e,5,11.543225,480,1,1,3,7,block_4_2,complete_2,block_8_1,cyclic_2_1,block_2_1,unroll_16,pipeline_1,pipeline_1,pipeline_1,unroll_8,unroll_8,1,3,0.717343903044,False
workload_3361.cpp,xcu200-fsgd2104-2-e,5,11.543225,464,1,1,3,7,block_4_2,complete_2,block_8_1,cyclic_2_1,block_2_1,unroll_16,pipeline_1,pipeline_1,unroll_2,unroll_8,unroll_8,1,3,0.717343903044,False
workload_3539.cpp,xcu200-fsgd2104-2-e,5,41.70938,89,1,1,1,1,block_4_2,complete_2,complete_1,block_4_1,cyclic_8_1,unroll_2,pipeline_1,pipeline_1,unroll_16,unroll_2,pipeline_1,1,1,0.882550279898,False
workload_3554.cpp,xcu200-fsgd2104-2-e,5,42.04276,131,1,1,1,1,block_4_2,complete_2,complete_1,block_4_1,cyclic_8_1,unroll_4,pipeline_1,pipeline_1,unroll_16,unroll_2,unroll_2,1,1,0.88130925583,False
workload_3524.cpp,xcu200-fsgd2104-2-e,5,11.27313,78,1,1,1,1,block_4_2,cyclic_2_2,block_4_1,block_4_1,block_2_1,unroll_2,pipeline_1,pipeline_1,unroll_8,unroll_2,unroll_2,2,1,1,True
workload_3446.cpp,xcu200-fsgd2104-2-e,5,11.36302,135.5,1,1,1,2,block_4_2,cyclic_2_2,block_4_1,block_4_1,block_2_1,unroll_4,pipeline_1,pipeline_1,unroll_8,unroll_2,unroll_16,2,1.25,0.961761638234,False
workload_3462.cpp,xcu200-fsgd2104-2-e,5,11.36302,138.5,1,1,1,2,block_4_2,cyclic_2_2,block_4_1,block_4_1,block_2_1,unroll_4,pipeline_1,pipeline_1,unroll_8,unroll_2,unroll_2,2,1.25,0.961761638234,False
workload_3451.cpp,xcu200-fsgd2104-2-e,5,11.36302,134,1,1,1,2,block_4_2,cyclic_2_2,block_4_1,block_4_1,cyclic_8_1,unroll_4,pipeline_1,pipeline_1,unroll_8,unroll_2,unroll_16,1,1.25,0.961761638234,False
workload_3781.cpp,xcu200-fsgd2104-2-e,5,11.27313,81,1,1,1,1,block_4_2,cyclic_2_2,complete_1,block_4_1,block_2_1,unroll_2,pipeline_1,pipeline_1,pipeline_1,unroll_2,unroll_16,1,1,1,True
workload_3456.cpp,xcu200-fsgd2104-2-e,5,11.36302,150,1,1,1,2,block_4_2,cyclic_2_2,complete_1,block_4_1,block_2_1,unroll_4,pipeline_1,pipeline_1,pipeline_1,unroll_2,unroll_16,1,1.25,0.961761638234,False
workload_3402.cpp,xcu200-fsgd2104-2-e,5,11.36302,113,1,1,1,2,block_4_2,cyclic_2_2,complete_1,block_4_1,block_2_1,unroll_4,pipeline_1,pipeline_1,pipeline_1,unroll_2,unroll_2,1,1.25,0.961761638234,False
workload_3490.cpp,xcu200-fsgd2104-2-e,5,11.36302,172,1,1,1,2,block_4_2,cyclic_2_2,complete_1,block_4_1,block_2_1,unroll_4,pipeline_1,pipeline_1,unroll_8,unroll_2,unroll_2,1,1.25,0.961761638234,False
workload_3724.cpp,xcu200-fsgd2104-2-e,5,11.27313,80,1,1,1,1,block_4_2,cyclic_2_2,complete_1,block_4_1,cyclic_8_1,unroll_2,pipeline_1,pipeline_1,pipeline_1,unroll_2,pipeline_1,1,1,1,True
workload_3718.cpp,xcu200-fsgd2104-2-e,5,11.27313,90,1,1,1,1,block_4_2,cyclic_2_2,cyclic_4_1,block_4_1,block_2_1,unroll_2,pipeline_1,pipeline_1,pipeline_1,unroll_2,unroll_16,1,1,1,True
workload_3623.cpp,xcu200-fsgd2104-2-e,5,41.70938,73,1,1,1,1,block_4_2,cyclic_2_2,cyclic_4_1,block_4_1,block_2_1,unroll_2,pipeline_1,pipeline_1,unroll_16,unroll_2,unroll_16,2,1,0.882550279898,False
workload_3564.cpp,xcu200-fsgd2104-2-e,5,50.87063,81,1,1,1,1,block_4_2,cyclic_4_2,block_2_1,block_4_1,cyclic_2_1,unroll_2,pipeline_1,pipeline_1,unroll_16,pipeline_1,unroll_2,1,1,0.848805373568,False
workload_3557.cpp,xcu200-fsgd2104-2-e,5,11.36302,132,1,1,1,2,block_4_2,cyclic_4_2,block_4_1,block_4_1,block_2_1,unroll_4,pipeline_1,pipeline_1,unroll_2,unroll_2,unroll_2,1,1.25,0.961761638234,False
workload_3498.cpp,xcu200-fsgd2104-2-e,5,11.27313,109,1,1,1,1,block_4_2,cyclic_4_2,complete_1,block_4_1,cyclic_2_1,unroll_2,pipeline_1,pipeline_1,pipeline_1,unroll_4,unroll_2,1,1,1,True
workload_3766.cpp,xcu200-fsgd2104-2-e,5,41.70938,76,1,1,1,1,block_4_2,cyclic_4_2,cyclic_4_1,block_4_1,block_2_1,unroll_2,pipeline_1,pipeline_1,unroll_16,unroll_2,unroll_8,1,1,0.882550279898,False
workload_3293.cpp,xcu200-fsgd2104-2-e,5,76.783545,491,1,1,3,6,block_4_2,cyclic_8_2,block_2_1,block_2_1,cyclic_8_1,unroll_16,pipeline_1,pipeline_1,unroll_16,pipeline_1,unroll_8,1,2.75,0.66297847008,False
workload_3225.cpp,xcu200-fsgd2104-2-e,5,76.783545,506,1,1,3,6,block_4_2,cyclic_8_2,block_4_1,block_2_1,block_8_1,unroll_16,pipeline_1,pipeline_1,unroll_8,pipeline_1,unroll_2,1,2.75,0.66297847008,False
workload_3317.cpp,xcu200-fsgd2104-2-e,5,11.543345,1405,1,1,7,13,block_4_2,cyclic_8_2,block_4_1,block_2_1,cyclic_2_1,unroll_32,pipeline_1,unroll_2,unroll_2,pipeline_1,unroll_4,1,5.5,0.438724539766,False
workload_3559.cpp,xcu200-fsgd2104-2-e,5,11.27313,87,1,1,1,1,block_8_2,block_2_2,block_4_1,complete_1,block_2_1,unroll_2,pipeline_1,unroll_2,pipeline_1,unroll_4,unroll_2,1,1,1,True
workload_3545.cpp,xcu200-fsgd2104-2-e,5,42.04276,130,1,1,1,1,block_8_2,block_2_2,complete_1,complete_1,cyclic_8_1,unroll_4,pipeline_1,pipeline_1,unroll_16,unroll_2,pipeline_1,1,1,0.88130925583,False
workload_3430.cpp,xcu200-fsgd2104-2-e,5,42.04276,119,1,1,1,1,block_8_2,block_2_2,complete_1,complete_1,cyclic_8_1,unroll_4,pipeline_1,pipeline_1,unroll_16,unroll_8,pipeline_1,2,1,0.88130925583,False
workload_3750.cpp,xcu200-fsgd2104-2-e,5,11.27313,76,1,1,1,1,block_8_2,block_4_2,cyclic_4_1,block_4_1,cyclic_8_1,unroll_2,pipeline_1,pipeline_1,pipeline_1,unroll_2,pipeline_1,1,1,1,True
workload_3365.cpp,xcu200-fsgd2104-2-e,5,11.543225,465,1,1,3,7,block_8_2,complete_1,block_4_1,block_2_1,block_8_1,unroll_16,pipeline_1,unroll_2,unroll_8,pipeline_1,unroll_2,1,3,0.717343903044,False
workload_3612.cpp,xcu200-fsgd2104-2-e,5,11.27313,76,1,1,1,1,block_8_2,complete_1,cyclic_4_1,block_4_1,cyclic_2_1,unroll_2,pipeline_1,pipeline_1,pipeline_1,unroll_8,pipeline_1,1,1,1,True
workload_3600.cpp,xcu200-fsgd2104-2-e,5,11.27313,78,1,1,1,1,block_8_2,complete_1,cyclic_4_1,block_4_1,cyclic_8_1,unroll_2,pipeline_1,pipeline_1,pipeline_1,unroll_2,pipeline_1,1,1,1,True
workload_3647.cpp,xcu200-fsgd2104-2-e,5,11.27313,73,1,1,1,1,block_8_2,complete_2,block_4_1,block_4_1,block_4_1,unroll_2,pipeline_1,pipeline_1,pipeline_1,unroll_4,unroll_2,1,1,1,True
workload_3512.cpp,xcu200-fsgd2104-2-e,5,11.36302,150,1,1,1,2,block_8_2,complete_2,complete_1,complete_1,cyclic_8_1,unroll_4,pipeline_1,unroll_2,pipeline_1,unroll_8,unroll_4,1,1.25,0.961761638234,False
workload_3769.cpp,xcu200-fsgd2104-2-e,5,11.27313,77,1,1,1,1,block_8_2,cyclic_2_2,block_4_1,block_4_1,block_2_1,unroll_2,pipeline_1,unroll_2,pipeline_1,unroll_4,unroll_2,1,1,1,True
workload_3685.cpp,xcu200-fsgd2104-2-e,5,11.27313,114,1,1,1,1,block_8_2,cyclic_2_2,cyclic_4_1,block_4_1,block_2_1,unroll_2,pipeline_1,unroll_2,pipeline_1,unroll_4,unroll_2,1,1,1,True
workload_3591.cpp,xcu200-fsgd2104-2-e,5,11.27313,75,1,1,1,1,block_8_2,cyclic_4_2,block_4_1,complete_1,block_4_1,unroll_2,pipeline_1,unroll_2,pipeline_1,unroll_4,unroll_2,1,1,1,True
workload_3699.cpp,xcu200-fsgd2104-2-e,5,11.27313,73,1,1,1,1,block_8_2,cyclic_4_2,cyclic_4_1,block_4_1,block_2_1,unroll_2,pipeline_1,pipeline_1,pipeline_1,unroll_4,unroll_2,1,1,1,True
workload_3617.cpp,xcu200-fsgd2104-2-e,5,11.27313,74,1,1,1,1,block_8_2,cyclic_4_2,cyclic_4_1,block_4_1,cyclic_2_1,unroll_2,pipeline_1,pipeline_1,pipeline_1,unroll_4,pipeline_1,1,1,1,True
workload_3196.cpp,xcu200-fsgd2104-2-e,5,76.783545,501,1,1,3,6,block_8_2,cyclic_8_2,block_4_1,block_2_1,block_8_1,unroll_16,pipeline_1,pipeline_1,unroll_8,pipeline_1,unroll_2,1,2.75,0.66297847008,False
workload_3292.cpp,xcu200-fsgd2104-2-e,5,11.543225,462,1,1,3,7,block_8_2,cyclic_8_2,block_4_1,block_2_1,block_8_1,unroll_16,pipeline_1,unroll_2,unroll_8,pipeline_1,unroll_2,1,3,0.717343903044,False
workload_3306.cpp,xcu200-fsgd2104-2-e,5,11.543225,480,1,1,3,7,block_8_2,cyclic_8_2,block_4_1,block_2_1,block_8_1,unroll_16,pipeline_1,unroll_2,unroll_8,unroll_4,unroll_2,1,3,0.717343903044,False
workload_3268.cpp,xcu200-fsgd2104-2-e,5,76.783665,1709,1,1,5,11,block_8_2,cyclic_8_2,block_4_1,block_2_1,block_8_1,unroll_32,pipeline_1,pipeline_1,unroll_8,pipeline_1,unroll_4,1,4.5,0.499297577557,False
workload_3577.cpp,xcu200-fsgd2104-2-e,5,11.27313,86,1,1,1,1,complete_1,block_2_2,block_2_1,block_4_1,block_2_1,unroll_2,pipeline_1,pipeline_1,pipeline_1,unroll_4,unroll_2,1,1,1,True
workload_3566.cpp,xcu200-fsgd2104-2-e,5,11.27313,80,1,1,1,1,complete_1,block_2_2,complete_1,block_4_1,cyclic_2_1,unroll_2,pipeline_1,pipeline_1,pipeline_1,unroll_4,unroll_2,1,1,1,True
workload_3574.cpp,xcu200-fsgd2104-2-e,5,41.70938,80,1,1,1,1,complete_1,block_2_2,complete_1,block_4_1,cyclic_2_1,unroll_2,pipeline_1,pipeline_1,unroll_16,unroll_4,unroll_2,1,1,0.882550279898,False
workload_3626.cpp,xcu200-fsgd2104-2-e,5,11.27313,77,1,1,1,1,complete_1,block_2_2,cyclic_4_1,block_4_1,block_2_1,unroll_2,pipeline_1,pipeline_1,pipeline_1,unroll_4,unroll_8,1,1,1,True
workload_3500.cpp,xcu200-fsgd2104-2-e,5,11.27313,112,1,1,1,1,complete_1,block_4_2,block_2_1,block_4_1,cyclic_2_1,unroll_2,pipeline_1,pipeline_1,pipeline_1,unroll_2,unroll_2,1,1,1,True
workload_3560.cpp,xcu200-fsgd2104-2-e,5,11.27313,100,1,1,1,1,complete_1,block_4_2,block_2_1,block_4_1,cyclic_2_1,unroll_2,pipeline_1,unroll_2,unroll_4,unroll_8,unroll_16,1,1,1,True
workload_3753.cpp,xcu200-fsgd2104-2-e,5,11.27313,77,1,1,1,1,complete_1,block_4_2,block_4_1,block_4_1,cyclic_8_1,unroll_2,pipeline_1,pipeline_1,pipeline_1,unroll_2,unroll_2,1,1,1,True
workload_3716.cpp,xcu200-fsgd2104-2-e,5,11.27313,87,1,1,1,1,complete_1,block_4_2,complete_1,block_4_1,block_2_1,unroll_2,pipeline_1,pipeline_1,pipeline_1,unroll_2,unroll_16,1,1,1,True
workload_3543.cpp,xcu200-fsgd2104-2-e,5,11.27313,85,1,1,1,1,complete_1,block_4_2,complete_1,block_4_1,block_2_1,unroll_2,pipeline_1,unroll_2,pipeline_1,unroll_4,unroll_2,1,1,1,True
workload_3519.cpp,xcu200-fsgd2104-2-e,5,11.36302,130,1,1,1,2,complete_1,block_4_2,complete_1,block_4_1,block_4_1,unroll_4,pipeline_1,pipeline_1,unroll_2,unroll_4,unroll_2,1,1.25,0.961761638234,False
workload_3290.cpp,xcu200-fsgd2104-2-e,5,76.783545,209,1,1,1,3,complete_1,block_4_2,complete_1,block_4_1,cyclic_2_1,unroll_8,pipeline_1,pipeline_1,unroll_2,pipeline_1,unroll_2,1,1.5,0.747862042665,False
workload_3764.cpp,xcu200-fsgd2104-2-e,5,11.27313,79,1,1,1,1,complete_1,block_4_2,complete_1,block_4_1,cyclic_8_1,unroll_2,pipeline_1,unroll_2,pipeline_1,unroll_2,pipeline_1,1,1,1,True
workload_3666.cpp,xcu200-fsgd2104-2-e,5,11.27313,75,1,1,1,1,complete_1,block_4_2,cyclic_4_1,block_4_1,block_2_1,unroll_2,pipeline_1,pipeline_1,pipeline_1,unroll_2,pipeline_1,1,1,1,True
workload_3551.cpp,xcu200-fsgd2104-2-e,5,11.27313,81,1,1,1,1,complete_1,block_4_2,cyclic_4_1,block_4_1,cyclic_8_1,unroll_2,pipeline_1,pipeline_1,pipeline_1,unroll_2,pipeline_1,2,1,1,True
workload_3702.cpp,xcu200-fsgd2104-2-e,5,41.70938,73,1,1,1,1,complete_1,block_4_2,cyclic_4_1,block_4_1,cyclic_8_1,unroll_2,pipeline_1,pipeline_1,unroll_16,unroll_2,pipeline_1,1,1,0.882550279898,False
workload_3578.cpp,xcu200-fsgd2104-2-e,5,11.27313,83,1,1,1,1,complete_1,block_4_2,cyclic_4_1,block_4_1,cyclic_8_1,unroll_2,pipeline_1,unroll_2,pipeline_1,unroll_2,pipeline_1,2,1,1,True
workload_3264.cpp,xcu200-fsgd2104-2-e,5,298.92188,1593,1,1,3,16,complete_1,block_8_2,block_2_1,block_8_1,cyclic_8_1,unroll_2,unroll_16,pipeline_1,unroll_2,unroll_16,pipeline_1,1,5.25,0.163088190429,False
workload_3177.cpp,xcu200-fsgd2104-2-e,5,149.281455,890,1,1,3,8,complete_1,block_8_2,block_4_1,block_2_1,complete_1,unroll_8,unroll_2,unroll_2,pipeline_1,pipeline_1,unroll_16,1,3.25,0.466235295118,False
workload_3569.cpp,xcu200-fsgd2104-2-e,5,11.27313,82,1,1,1,1,complete_1,complete_1,block_2_1,block_4_1,block_2_1,unroll_2,pipeline_1,unroll_2,pipeline_1,unroll_4,unroll_2,1,1,1,True
workload_3309.cpp,xcu200-fsgd2104-2-e,5,89.601415,593,1,1,4,9,complete_1,complete_1,block_8_1,block_2_1,cyclic_8_1,unroll_16,unroll_2,pipeline_1,pipeline_1,pipeline_1,unroll_4,1,3.75,0.549545801528,False
workload_3652.cpp,xcu200-fsgd2104-2-e,5,11.27313,76,1,1,1,1,complete_1,complete_1,complete_1,block_4_1,block_2_1,unroll_2,pipeline_1,pipeline_1,pipeline_1,unroll_8,unroll_2,1,1,1,True
workload_3536.cpp,xcu200-fsgd2104-2-e,5,11.27313,81,1,1,1,1,complete_1,complete_1,complete_1,block_4_1,block_2_1,unroll_2,pipeline_1,unroll_2,pipeline_1,unroll_4,unroll_2,1,1,1,True
workload_3582.cpp,xcu200-fsgd2104-2-e,5,11.27313,85,1,1,1,1,complete_1,complete_1,complete_1,block_4_1,block_2_1,unroll_2,pipeline_1,unroll_2,pipeline_1,unroll_4,unroll_4,1,1,1,True
workload_3282.cpp,xcu200-fsgd2104-2-e,5,76.783545,216,1,1,1,3,complete_1,complete_1,complete_1,block_4_1,block_2_1,unroll_8,pipeline_1,pipeline_1,pipeline_1,pipeline_1,unroll_2,1,1.5,0.747862042665,False
workload_3329.cpp,xcu200-fsgd2104-2-e,5,11.543225,207,1,1,2,3,complete_1,complete_1,complete_1,block_4_1,block_2_1,unroll_8,pipeline_1,pipeline_1,pipeline_1,unroll_4,unroll_2,1,1.75,0.887775040249,False
workload_3376.cpp,xcu200-fsgd2104-2-e,5,76.783545,209,1,1,1,3,complete_1,complete_1,complete_1,block_4_1,block_4_1,unroll_8,pipeline_1,pipeline_1,pipeline_1,pipeline_1,unroll_2,1,1.5,0.747862042665,False
workload_3216.cpp,xcu200-fsgd2104-2-e,5,11.543225,226,1,1,2,3,complete_1,complete_1,complete_1,block_4_1,block_4_1,unroll_8,pipeline_1,pipeline_1,pipeline_1,unroll_4,unroll_2,1,1.75,0.887775040249,False
workload_3618.cpp,xcu200-fsgd2104-2-e,5,11.27313,78,1,1,1,1,complete_1,complete_1,complete_1,block_4_1,cyclic_2_1,unroll_2,pipeline_1,pipeline_1,pipeline_1,unroll_8,unroll_2,2,1,1,True
workload_3655.cpp,xcu200-fsgd2104-2-e,5,11.27313,76,1,1,1,1,complete_1,complete_1,complete_1,block_4_1,cyclic_2_1,unroll_2,pipeline_1,unroll_2,pipeline_1,unroll_4,unroll_2,1,1,1,True
workload_3570.cpp,xcu200-fsgd2104-2-e,5,11.27313,86,1,1,1,1,complete_1,complete_1,complete_1,block_4_1,cyclic_2_1,unroll_2,pipeline_1,unroll_2,pipeline_1,unroll_8,unroll_2,1,1,1,True
workload_3714.cpp,xcu200-fsgd2104-2-e,5,11.27313,146,1,1,1,1,complete_1,complete_1,complete_1,block_4_1,cyclic_8_1,unroll_2,pipeline_1,pipeline_1,pipeline_1,unroll_2,pipeline_1,1,1,1,True
workload_3668.cpp,xcu200-fsgd2104-2-e,5,41.70938,72,1,1,1,1,complete_1,complete_1,complete_1,block_4_1,cyclic_8_1,unroll_2,pipeline_1,pipeline_1,unroll_16,unroll_2,pipeline_1,1,1,0.882550279898,False
workload_3712.cpp,xcu200-fsgd2104-2-e,5,11.27313,146,1,1,1,1,complete_1,complete_1,cyclic_2_1,block_4_1,cyclic_2_1,unroll_2,pipeline_1,pipeline_1,pipeline_1,unroll_2,unroll_16,1,1,1,True
workload_3738.cpp,xcu200-fsgd2104-2-e,5,11.27313,88,1,1,1,1,complete_1,complete_1,cyclic_2_1,block_4_1,cyclic_8_1,unroll_2,pipeline_1,pipeline_1,pipeline_1,unroll_2,pipeline_1,1,1,1,True
workload_3739.cpp,xcu200-fsgd2104-2-e,5,11.27313,88,1,1,1,1,complete_1,complete_1,cyclic_2_1,block_4_1,cyclic_8_1,unroll_2,pipeline_1,pipeline_1,pipeline_1,unroll_2,unroll_16,1,1,1,True
workload_3532.cpp,xcu200-fsgd2104-2-e,5,41.70938,95,1,1,1,1,complete_1,complete_1,cyclic_2_1,block_4_1,cyclic_8_1,unroll_2,pipeline_1,pipeline_1,unroll_16,unroll_2,pipeline_1,1,1,0.882550279898,False
workload_3669.cpp,xcu200-fsgd2104-2-e,5,11.27313,76,1,1,1,1,complete_1,complete_1,cyclic_4_1,block_4_1,block_2_1,unroll_2,pipeline_1,unroll_2,pipeline_1,unroll_8,pipeline_1,1,1,1,True
workload_3768.cpp,xcu200-fsgd2104-2-e,5,41.70938,75,1,1,1,1,complete_1,complete_1,cyclic_4_1,block_4_1,cyclic_2_1,unroll_2,pipeline_1,unroll_2,unroll_16,unroll_4,unroll_16,1,1,0.882550279898,False
workload_3706.cpp,xcu200-fsgd2104-2-e,5,41.70938,97,1,1,1,1,complete_1,complete_1,cyclic_4_1,block_4_1,cyclic_2_1,unroll_2,pipeline_1,unroll_2,unroll_16,unroll_4,unroll_2,1,1,0.882550279898,False
workload_3610.cpp,xcu200-fsgd2104-2-e,5,11.27313,74,1,1,1,1,complete_1,complete_1,cyclic_4_1,block_4_1,cyclic_8_1,unroll_2,pipeline_1,pipeline_1,pipeline_1,unroll_2,pipeline_1,1,1,1,True
workload_3758.cpp,xcu200-fsgd2104-2-e,5,11.27313,78,1,1,1,1,complete_1,complete_1,cyclic_4_1,block_4_1,cyclic_8_1,unroll_2,pipeline_1,pipeline_1,pipeline_1,unroll_2,unroll_2,1,1,1,True
workload_3680.cpp,xcu200-fsgd2104-2-e,5,41.70938,101,1,1,1,1,complete_1,complete_1,cyclic_4_1,block_4_1,cyclic_8_1,unroll_2,pipeline_1,pipeline_1,unroll_16,unroll_2,pipeline_1,1,1,0.882550279898,False
workload_3751.cpp,xcu200-fsgd2104-2-e,5,11.27313,76,1,1,1,1,complete_1,complete_1,cyclic_4_1,complete_1,block_2_1,unroll_2,pipeline_1,pipeline_1,pipeline_1,unroll_8,pipeline_1,1,1,1,True
workload_3704.cpp,xcu200-fsgd2104-2-e,5,11.27313,92,1,1,1,1,complete_1,complete_1,cyclic_4_1,complete_1,block_2_1,unroll_2,pipeline_1,unroll_2,pipeline_1,unroll_8,pipeline_1,1,1,1,True
workload_3324.cpp,xcu200-fsgd2104-2-e,5,87.50188,79,1,1,1,1,complete_1,complete_1,cyclic_8_1,complete_1,complete_1,unroll_2,unroll_2,pipeline_1,unroll_16,pipeline_1,unroll_16,1,1,0.721308293639,False
workload_3392.cpp,xcu200-fsgd2104-2-e,5,87.50188,79,1,1,1,1,complete_1,complete_1,cyclic_8_1,complete_1,complete_1,unroll_2,unroll_2,pipeline_1,unroll_16,pipeline_1,unroll_2,1,1,0.721308293639,False
workload_3352.cpp,xcu200-fsgd2104-2-e,5,92.81438,72,1,1,1,2,complete_1,complete_1,cyclic_8_1,complete_1,complete_1,unroll_2,unroll_2,pipeline_1,unroll_16,unroll_2,pipeline_1,1,1.25,0.701934306011,False
workload_3709.cpp,xcu200-fsgd2104-2-e,5,41.70938,151,1,1,1,1,complete_1,complete_2,block_4_1,block_4_1,cyclic_8_1,unroll_2,pipeline_1,pipeline_1,unroll_16,unroll_2,unroll_2,1,1,0.882550279898,False
workload_3359.cpp,xcu200-fsgd2104-2-e,5,76.783545,202,1,1,1,3,complete_1,complete_2,block_8_1,cyclic_2_1,block_2_1,unroll_8,pipeline_1,pipeline_1,pipeline_1,pipeline_1,unroll_2,1,1.5,0.747862042665,False
workload_3733.cpp,xcu200-fsgd2104-2-e,5,11.27313,79,1,1,1,1,complete_1,complete_2,complete_1,block_4_1,cyclic_2_1,unroll_2,pipeline_1,pipeline_1,pipeline_1,unroll_2,pipeline_1,1,1,1,True
workload_3759.cpp,xcu200-fsgd2104-2-e,5,11.27313,79,1,1,1,1,complete_1,complete_2,complete_1,block_4_1,cyclic_8_1,unroll_2,pipeline_1,pipeline_1,pipeline_1,unroll_2,pipeline_1,1,1,1,True
workload_3556.cpp,xcu200-fsgd2104-2-e,5,41.70938,86,1,1,1,1,complete_1,complete_2,complete_1,block_4_1,cyclic_8_1,unroll_2,pipeline_1,pipeline_1,unroll_16,unroll_2,pipeline_1,1,1,0.882550279898,False
workload_3693.cpp,xcu200-fsgd2104-2-e,5,11.27313,71,1,1,1,1,complete_1,complete_2,cyclic_4_1,block_4_1,block_2_1,unroll_2,pipeline_1,unroll_2,pipeline_1,unroll_2,unroll_2,1,1,1,True
workload_3670.cpp,xcu200-fsgd2104-2-e,5,41.70938,79.5,1,1,1,1,complete_1,complete_2,cyclic_4_1,block_4_1,cyclic_8_1,unroll_2,pipeline_1,pipeline_1,unroll_16,unroll_2,pipeline_1,2,1,0.882550279898,False
workload_3606.cpp,xcu200-fsgd2104-2-e,5,41.70938,70,1,1,1,1,complete_1,complete_2,cyclic_8_1,block_8_1,cyclic_8_1,unroll_2,pipeline_1,pipeline_1,unroll_16,unroll_2,pipeline_1,1,1,0.882550279898,False
workload_3683.cpp,xcu200-fsgd2104-2-e,5,11.27313,113,1,1,1,1,complete_1,complete_2,cyclic_8_1,cyclic_2_1,cyclic_8_1,unroll_2,pipeline_1,pipeline_1,pipeline_1,unroll_2,pipeline_1,1,1,1,True
workload_3787.cpp,xcu200-fsgd2104-2-e,5,11.27313,76,1,1,1,1,complete_1,cyclic_2_2,block_2_1,block_4_1,block_2_1,unroll_2,pipeline_1,unroll_2,pipeline_1,unroll_4,unroll_2,1,1,1,True
workload_3748.cpp,xcu200-fsgd2104-2-e,5,11.27313,78,1,1,1,1,complete_1,cyclic_2_2,block_2_1,block_4_1,cyclic_2_1,unroll_2,pipeline_1,unroll_2,pipeline_1,unroll_8,unroll_2,1,1,1,True
workload_3434.cpp,xcu200-fsgd2104-2-e,5,11.36302,120,1,1,1,2,complete_1,cyclic_2_2,block_4_1,block_4_1,block_4_1,unroll_4,pipeline_1,pipeline_1,unroll_8,unroll_4,unroll_16,1,1.25,0.961761638234,False
workload_3452.cpp,xcu200-fsgd2104-2-e,5,11.36302,133,1,1,1,2,complete_1,cyclic_2_2,block_4_1,block_4_1,block_4_1,unroll_4,pipeline_1,pipeline_1,unroll_8,unroll_4,unroll_8,1,1.25,0.961761638234,False
workload_3743.cpp,xcu200-fsgd2104-2-e,5,11.27313,81,1,1,1,1,complete_1,cyclic_2_2,block_4_1,block_4_1,complete_1,unroll_2,pipeline_1,pipeline_1,pipeline_1,unroll_2,pipeline_1,1,1,1,True
workload_3788.cpp,xcu200-fsgd2104-2-e,5,11.27313,77,1,1,1,1,complete_1,cyclic_2_2,block_4_1,block_4_1,complete_1,unroll_2,pipeline_1,unroll_2,pipeline_1,unroll_2,pipeline_1,1,1,1,True
workload_3677.cpp,xcu200-fsgd2104-2-e,5,11.27313,77,1,1,1,1,complete_1,cyclic_2_2,block_4_1,block_4_1,cyclic_2_1,unroll_2,pipeline_1,pipeline_1,pipeline_1,unroll_4,unroll_2,1,1,1,True
workload_3771.cpp,xcu200-fsgd2104-2-e,5,11.27313,79,1,1,1,1,complete_1,cyclic_2_2,block_4_1,block_4_1,cyclic_2_1,unroll_2,pipeline_1,pipeline_1,pipeline_1,unroll_8,unroll_16,1,1,1,True
workload_3301.cpp,xcu200-fsgd2104-2-e,5,11.543345,1391,1,1,7,13,complete_1,cyclic_2_2,block_4_1,cyclic_4_1,complete_1,unroll_32,pipeline_1,pipeline_1,unroll_2,unroll_4,unroll_4,1,5.5,0.438724539766,False
workload_3347.cpp,xcu200-fsgd2104-2-e,5,11.543225,205,1,1,2,3,complete_1,cyclic_2_2,complete_1,block_4_1,block_4_1,unroll_8,pipeline_1,pipeline_1,pipeline_1,unroll_2,unroll_8,1,1.75,0.887775040249,False
workload_3288.cpp,xcu200-fsgd2104-2-e,5,11.543225,206,1,1,2,3,complete_1,cyclic_2_2,complete_1,block_8_1,block_4_1,unroll_8,pipeline_1,pipeline_1,pipeline_1,unroll_2,unroll_2,1,1.75,0.887775040249,False
workload_3377.cpp,xcu200-fsgd2104-2-e,5,11.543225,196,1,1,2,3,complete_1,cyclic_2_2,complete_1,complete_1,block_2_1,unroll_8,pipeline_1,unroll_2,pipeline_1,unroll_4,unroll_16,1,1.75,0.887775040249,False
workload_3214.cpp,xcu200-fsgd2104-2-e,5,11.543345,1519,1,1,7,13,complete_1,cyclic_2_2,cyclic_2_1,cyclic_4_1,block_2_1,unroll_32,pipeline_1,unroll_2,unroll_4,unroll_4,unroll_4,1,5.5,0.438724539766,False
workload_3272.cpp,xcu200-fsgd2104-2-e,5,356.001455,3194,1,1,7,25,complete_1,cyclic_2_2,cyclic_2_1,cyclic_4_1,block_2_1,unroll_32,unroll_2,unroll_2,unroll_4,unroll_4,unroll_4,1,8.5,0.1,False
workload_3735.cpp,xcu200-fsgd2104-2-e,5,11.27313,85,1,1,1,1,complete_1,cyclic_2_2,cyclic_4_1,block_4_1,block_2_1,unroll_2,pipeline_1,unroll_2,pipeline_1,unroll_4,unroll_2,1,1,1,True
workload_3794.cpp,xcu200-fsgd2104-2-e,5,11.27313,82,1,1,1,1,complete_1,cyclic_2_2,cyclic_4_1,block_4_1,block_2_1,unroll_2,pipeline_1,unroll_2,pipeline_1,unroll_4,unroll_8,1,1,1,True
workload_3756.cpp,xcu200-fsgd2104-2-e,5,11.27313,75,1,1,1,1,complete_1,cyclic_2_2,cyclic_4_1,block_4_1,cyclic_8_1,unroll_2,pipeline_1,pipeline_1,pipeline_1,unroll_2,pipeline_1,1,1,1,True
workload_3772.cpp,xcu200-fsgd2104-2-e,5,11.27313,80,1,1,1,1,complete_1,cyclic_2_2,cyclic_4_1,complete_1,cyclic_8_1,unroll_2,pipeline_1,pipeline_1,pipeline_1,unroll_2,pipeline_1,1,1,1,True
workload_3509.cpp,xcu200-fsgd2104-2-e,5,11.27313,87,1,1,1,1,complete_1,cyclic_4_2,block_2_1,block_2_1,block_2_1,unroll_2,pipeline_1,unroll_2,pipeline_1,unroll_4,unroll_2,1,1,1,True
workload_3538.cpp,xcu200-fsgd2104-2-e,5,41.70938,87,1,1,1,1,complete_1,cyclic_4_2,block_2_1,block_2_1,block_2_1,unroll_2,pipeline_1,unroll_2,unroll_16,unroll_4,unroll_2,1,1,0.882550279898,False
workload_3567.cpp,xcu200-fsgd2104-2-e,5,41.70938,80,1,1,1,1,complete_1,cyclic_4_2,block_2_1,block_2_1,cyclic_8_1,unroll_2,pipeline_1,unroll_2,unroll_16,unroll_4,unroll_2,1,1,0.882550279898,False
workload_3614.cpp,xcu200-fsgd2104-2-e,5,11.27313,73.5,1,1,1,1,complete_1,cyclic_4_2,block_2_1,block_4_1,block_2_1,unroll_2,pipeline_1,pipeline_1,pipeline_1,unroll_2,unroll_2,2,1,1,True
workload_3584.cpp,xcu200-fsgd2104-2-e,5,11.27313,78,1,1,1,1,complete_1,cyclic_4_2,block_2_1,block_4_1,block_2_1,unroll_2,pipeline_1,pipeline_1,pipeline_1,unroll_4,unroll_2,1,1,1,True
workload_3492.cpp,xcu200-fsgd2104-2-e,5,11.27313,103,1,1,1,1,complete_1,cyclic_4_2,block_2_1,block_4_1,block_2_1,unroll_2,pipeline_1,unroll_2,pipeline_1,unroll_2,pipeline_1,1,1,1,True
workload_3459.cpp,xcu200-fsgd2104-2-e,5,11.27313,89,1,1,1,1,complete_1,cyclic_4_2,block_2_1,block_4_1,block_2_1,unroll_2,pipeline_1,unroll_2,pipeline_1,unroll_2,unroll_2,1,1,1,True
workload_3371.cpp,xcu200-fsgd2104-2-e,5,11.27313,69,1,1,1,1,complete_1,cyclic_4_2,block_2_1,block_4_1,block_2_1,unroll_2,pipeline_1,unroll_2,pipeline_1,unroll_4,unroll_2,1,1,1,True
workload_3645.cpp,xcu200-fsgd2104-2-e,5,11.27313,72,1,1,1,1,complete_1,cyclic_4_2,block_2_1,block_4_1,block_2_1,unroll_2,pipeline_1,unroll_2,pipeline_1,unroll_8,pipeline_1,1,1,1,True
workload_3514.cpp,xcu200-fsgd2104-2-e,5,11.36302,138,1,1,1,2,complete_1,cyclic_4_2,block_2_1,block_4_1,block_2_1,unroll_4,pipeline_1,unroll_2,pipeline_1,unroll_2,unroll_2,1,1.25,0.961761638234,False
workload_3527.cpp,xcu200-fsgd2104-2-e,5,11.27313,80,1,1,1,1,complete_1,cyclic_4_2,block_2_1,block_4_1,block_4_1,unroll_2,pipeline_1,pipeline_1,pipeline_1,unroll_4,unroll_2,1,1,1,True
workload_3663.cpp,xcu200-fsgd2104-2-e,5,11.27313,71,1,1,1,1,complete_1,cyclic_4_2,block_2_1,block_4_1,cyclic_2_1,unroll_2,pipeline_1,pipeline_1,pipeline_1,unroll_4,unroll_16,1,1,1,True
workload_3440.cpp,xcu200-fsgd2104-2-e,5,11.27313,80,1,1,1,1,complete_1,cyclic_4_2,block_2_1,block_4_1,cyclic_2_1,unroll_2,pipeline_1,pipeline_1,pipeline_1,unroll_4,unroll_2,1,1,1,True
workload_3700.cpp,xcu200-fsgd2104-2-e,5,11.27313,73,1,1,1,1,complete_1,cyclic_4_2,block_2_1,block_4_1,cyclic_2_1,unroll_2,pipeline_1,unroll_2,pipeline_1,unroll_8,unroll_2,1,1,1,True
workload_3640.cpp,xcu200-fsgd2104-2-e,5,11.36302,110,1,1,1,2,complete_1,cyclic_4_2,block_2_1,block_4_1,cyclic_2_1,unroll_4,pipeline_1,unroll_2,pipeline_1,unroll_4,unroll_2,1,1.25,0.961761638234,False
workload_3789.cpp,xcu200-fsgd2104-2-e,5,11.27313,77,1,1,1,1,complete_1,cyclic_4_2,block_2_1,block_4_1,cyclic_8_1,unroll_2,pipeline_1,pipeline_1,pipeline_1,unroll_2,unroll_8,1,1,1,True
workload_3227.cpp,xcu200-fsgd2104-2-e,5,159.521415,902,1,1,2,10,complete_1,cyclic_4_2,block_4_1,block_2_1,cyclic_8_1,unroll_16,unroll_2,unroll_2,pipeline_1,pipeline_1,unroll_16,1,3.5,0.431810505791,False
workload_3537.cpp,xcu200-fsgd2104-2-e,5,11.27313,88,1,1,1,1,complete_1,cyclic_4_2,block_4_1,block_4_1,block_2_1,unroll_2,pipeline_1,pipeline_1,pipeline_1,unroll_4,unroll_2,1,1,1,True
workload_3506.cpp,xcu200-fsgd2104-2-e,5,11.27313,91,1,1,1,1,complete_1,cyclic_4_2,block_4_1,block_4_1,block_2_1,unroll_2,pipeline_1,unroll_2,pipeline_1,unroll_4,unroll_2,2,1,1,True
workload_3572.cpp,xcu200-fsgd2104-2-e,5,11.27313,81,1,1,1,1,complete_1,cyclic_4_2,block_4_1,block_4_1,cyclic_2_1,unroll_2,pipeline_1,pipeline_1,pipeline_1,unroll_4,unroll_2,1,1,1,True
workload_3734.cpp,xcu200-fsgd2104-2-e,5,11.27313,82,1,1,1,1,complete_1,cyclic_4_2,block_4_1,block_4_1,cyclic_2_1,unroll_2,pipeline_1,pipeline_1,pipeline_1,unroll_8,unroll_8,1,1,1,True
workload_3621.cpp,xcu200-fsgd2104-2-e,5,11.27313,74,1,1,1,1,complete_1,cyclic_4_2,block_4_1,block_4_1,cyclic_8_1,unroll_2,pipeline_1,pipeline_1,pipeline_1,unroll_2,unroll_2,1,1,1,True
workload_3682.cpp,xcu200-fsgd2104-2-e,5,11.27313,122,1,1,1,1,complete_1,cyclic_4_2,block_4_1,block_8_1,block_2_1,unroll_2,pipeline_1,pipeline_1,unroll_8,unroll_2,unroll_2,1,1,1,True
workload_3599.cpp,xcu200-fsgd2104-2-e,5,11.27313,74,1,1,1,1,complete_1,cyclic_4_2,complete_1,block_2_1,block_4_1,unroll_2,pipeline_1,pipeline_1,pipeline_1,unroll_4,unroll_2,1,1,1,True
workload_3643.cpp,xcu200-fsgd2104-2-e,5,11.27313,73,1,1,1,1,complete_1,cyclic_4_2,complete_1,block_4_1,block_2_1,unroll_2,pipeline_1,pipeline_1,pipeline_1,unroll_4,unroll_2,1,1,1,True
workload_3630.cpp,xcu200-fsgd2104-2-e,5,41.70938,73,1,1,1,1,complete_1,cyclic_4_2,complete_1,block_4_1,block_2_1,unroll_2,pipeline_1,pipeline_1,unroll_16,unroll_2,unroll_2,1,1,0.882550279898,False
workload_3742.cpp,xcu200-fsgd2104-2-e,5,11.27313,81,1,1,1,1,complete_1,cyclic_4_2,complete_1,block_4_1,block_2_1,unroll_2,pipeline_1,unroll_2,pipeline_1,unroll_4,unroll_16,2,1,1,True
workload_3257.cpp,xcu200-fsgd2104-2-e,5,11.27313,92,1,1,1,1,complete_1,cyclic_4_2,complete_1,block_4_1,block_2_1,unroll_2,pipeline_1,unroll_2,pipeline_1,unroll_4,unroll_2,2,1,1,True
workload_3568.cpp,xcu200-fsgd2104-2-e,5,11.27313,81,1,1,1,1,complete_1,cyclic_4_2,complete_1,block_4_1,block_2_1,unroll_2,pipeline_1,unroll_2,pipeline_1,unroll_8,pipeline_1,1,1,1,True
workload_3314.cpp,xcu200-fsgd2104-2-e,5,11.27313,73,1,1,1,1,complete_1,cyclic_4_2,complete_1,block_4_1,block_2_1,unroll_2,pipeline_1,unroll_2,pipeline_1,unroll_8,unroll_2,1,1,1,True
workload_3691.cpp,xcu200-fsgd2104-2-e,5,41.70938,76.5,1,1,1,1,complete_1,cyclic_4_2,complete_1,block_4_1,block_2_1,unroll_2,pipeline_1,unroll_2,unroll_16,unroll_4,unroll_2,2,1,0.882550279898,False
workload_3505.cpp,xcu200-fsgd2104-2-e,5,11.27313,103,1,1,1,1,complete_1,cyclic_4_2,complete_1,block_4_1,block_2_1,unroll_2,pipeline_1,unroll_2,unroll_4,unroll_8,unroll_2,1,1,1,True
workload_3418.cpp,xcu200-fsgd2104-2-e,5,11.543225,230,1,1,2,3,complete_1,cyclic_4_2,complete_1,block_4_1,block_2_1,unroll_8,pipeline_1,unroll_2,pipeline_1,unroll_4,unroll_2,1,1.75,0.887775040249,False
workload_3435.cpp,xcu200-fsgd2104-2-e,5,11.27313,114.5,1,1,1,1,complete_1,cyclic_4_2,complete_1,block_4_1,block_4_1,unroll_2,pipeline_1,pipeline_1,pipeline_1,unroll_4,unroll_2,2,1,1,True
workload_3311.cpp,xcu200-fsgd2104-2-e,5,11.543345,1416,1,1,7,13,complete_1,cyclic_4_2,complete_1,block_4_1,block_4_1,unroll_32,pipeline_1,pipeline_1,unroll_2,unroll_4,unroll_2,1,5.5,0.438724539766,False
workload_3384.cpp,xcu200-fsgd2104-2-e,5,11.543225,208,1,1,2,3,complete_1,cyclic_4_2,complete_1,block_4_1,block_4_1,unroll_8,pipeline_1,pipeline_1,pipeline_1,unroll_2,unroll_8,1,1.75,0.887775040249,False
workload_3181.cpp,xcu200-fsgd2104-2-e,5,11.543225,224,1,1,2,3,complete_1,cyclic_4_2,complete_1,block_4_1,block_4_1,unroll_8,pipeline_1,pipeline_1,pipeline_1,unroll_4,unroll_2,1,1.75,0.887775040249,False
workload_3721.cpp,xcu200-fsgd2104-2-e,5,11.27313,78,1,1,1,1,complete_1,cyclic_4_2,complete_1,block_4_1,block_8_1,unroll_2,pipeline_1,pipeline_1,pipeline_1,unroll_8,unroll_16,1,1,1,True
workload_3594.cpp,xcu200-fsgd2104-2-e,5,11.27313,75,1,1,1,1,complete_1,cyclic_4_2,complete_1,block_4_1,complete_1,unroll_2,pipeline_1,pipeline_1,pipeline_1,unroll_4,unroll_2,1,1,1,True
workload_3609.cpp,xcu200-fsgd2104-2-e,5,11.27313,75,1,1,1,1,complete_1,cyclic_4_2,complete_1,block_4_1,complete_1,unroll_2,pipeline_1,unroll_2,pipeline_1,unroll_4,unroll_2,1,1,1,True
workload_3581.cpp,xcu200-fsgd2104-2-e,5,11.27313,85,1,1,1,1,complete_1,cyclic_4_2,complete_1,block_4_1,cyclic_2_1,unroll_2,pipeline_1,pipeline_1,pipeline_1,unroll_4,unroll_16,1,1,1,True
workload_3546.cpp,xcu200-fsgd2104-2-e,5,11.27313,81,1,1,1,1,complete_1,cyclic_4_2,complete_1,block_4_1,cyclic_2_1,unroll_2,pipeline_1,pipeline_1,pipeline_1,unroll_4,unroll_2,2,1,1,True
workload_3679.cpp,xcu200-fsgd2104-2-e,5,11.27313,101,1,1,1,1,complete_1,cyclic_4_2,complete_1,block_4_1,cyclic_2_1,unroll_2,pipeline_1,unroll_2,pipeline_1,unroll_2,unroll_16,1,1,1,True
workload_3628.cpp,xcu200-fsgd2104-2-e,5,11.27313,76,1,1,1,1,complete_1,cyclic_4_2,complete_1,block_4_1,cyclic_2_1,unroll_2,pipeline_1,unroll_2,pipeline_1,unroll_4,unroll_16,1,1,1,True
workload_3662.cpp,xcu200-fsgd2104-2-e,5,11.27313,74,1,1,1,1,complete_1,cyclic_4_2,complete_1,block_4_1,cyclic_2_1,unroll_2,pipeline_1,unroll_2,pipeline_1,unroll_4,unroll_2,1,1,1,True
workload_3656.cpp,xcu200-fsgd2104-2-e,5,11.27313,73,1,1,1,1,complete_1,cyclic_4_2,complete_1,block_4_1,cyclic_2_1,unroll_2,pipeline_1,unroll_2,pipeline_1,unroll_8,unroll_16,1,1,1,True
workload_3744.cpp,xcu200-fsgd2104-2-e,5,11.27313,79,1,1,1,1,complete_1,cyclic_4_2,complete_1,block_4_1,cyclic_8_1,unroll_2,pipeline_1,pipeline_1,pipeline_1,unroll_2,pipeline_1,1,1,1,True
workload_3690.cpp,xcu200-fsgd2104-2-e,5,11.27313,74,1,1,1,1,complete_1,cyclic_4_2,complete_1,block_4_1,cyclic_8_1,unroll_2,pipeline_1,unroll_2,pipeline_1,unroll_2,pipeline_1,1,1,1,True
workload_3561.cpp,xcu200-fsgd2104-2-e,5,42.04276,133,1,1,1,1,complete_1,cyclic_4_2,complete_1,block_4_1,cyclic_8_1,unroll_4,pipeline_1,pipeline_1,unroll_16,unroll_8,pipeline_1,1,1,0.88130925583,False
workload_3749.cpp,xcu200-fsgd2104-2-e,5,11.36302,128,1,1,1,2,complete_1,cyclic_4_2,complete_1,complete_1,block_2_1,unroll_4,pipeline_1,unroll_2,pipeline_1,unroll_2,unroll_2,1,1.25,0.961761638234,False
workload_3354.cpp,xcu200-fsgd2104-2-e,5,11.543225,197,1,1,2,3,complete_1,cyclic_4_2,complete_1,complete_1,block_2_1,unroll_8,pipeline_1,unroll_2,pipeline_1,unroll_4,unroll_2,1,1.75,0.887775040249,False
workload_3425.cpp,xcu200-fsgd2104-2-e,5,11.543225,230,1,1,2,3,complete_1,cyclic_4_2,complete_1,cyclic_4_1,block_2_1,unroll_8,pipeline_1,unroll_2,pipeline_1,unroll_4,unroll_2,1,1.75,0.887775040249,False
workload_3638.cpp,xcu200-fsgd2104-2-e,5,11.27313,73,1,1,1,1,complete_1,cyclic_4_2,cyclic_4_1,block_4_1,block_2_1,unroll_2,pipeline_1,pipeline_1,pipeline_1,unroll_4,unroll_2,1,1,1,True
workload_3604.cpp,xcu200-fsgd2104-2-e,5,11.27313,73,1,1,1,1,complete_1,cyclic_4_2,cyclic_4_1,block_4_1,cyclic_2_1,unroll_2,pipeline_1,pipeline_1,pipeline_1,unroll_4,pipeline_1,1,1,1,True
workload_3573.cpp,xcu200-fsgd2104-2-e,5,41.70938,80,1,1,1,1,complete_1,cyclic_4_2,cyclic_4_1,block_4_1,cyclic_8_1,unroll_2,pipeline_1,pipeline_1,unroll_16,unroll_4,pipeline_1,1,1,0.882550279898,False
workload_3760.cpp,xcu200-fsgd2104-2-e,5,11.27313,79,1,1,1,1,complete_1,cyclic_4_2,cyclic_4_1,block_4_1,cyclic_8_1,unroll_2,pipeline_1,unroll_2,pipeline_1,unroll_2,pipeline_1,1,1,1,True
workload_3773.cpp,xcu200-fsgd2104-2-e,5,11.27313,80,1,1,1,1,complete_1,cyclic_8_2,block_2_1,block_4_1,cyclic_2_1,unroll_2,pipeline_1,unroll_2,pipeline_1,unroll_8,unroll_2,1,1,1,True
workload_3283.cpp,xcu200-fsgd2104-2-e,5,111.041455,303,1,1,2,6,complete_1,cyclic_8_2,block_4_1,block_2_1,complete_1,unroll_8,unroll_2,pipeline_1,pipeline_1,pipeline_1,unroll_16,1,2.5,0.598016227266,False
workload_3256.cpp,xcu200-fsgd2104-2-e,5,11.543345,1678,1,1,7,13,complete_1,cyclic_8_2,block_4_1,cyclic_4_1,block_2_1,unroll_32,pipeline_1,unroll_2,unroll_4,unroll_4,unroll_4,1,5.5,0.438724539766,False
workload_3265.cpp,xcu200-fsgd2104-2-e,5,111.041415,1095,1,1,5,11,complete_1,cyclic_8_2,block_8_1,block_2_1,cyclic_8_1,unroll_16,unroll_2,pipeline_1,pipeline_1,pipeline_1,unroll_4,1,4.5,0.453444071306,False
workload_3305.cpp,xcu200-fsgd2104-2-e,5,11.543345,1401,1,1,7,13,complete_1,cyclic_8_2,complete_1,block_4_1,block_2_1,unroll_32,pipeline_1,unroll_2,unroll_4,unroll_4,unroll_4,1,5.5,0.438724539766,False
workload_3180.cpp,xcu200-fsgd2104-2-e,5,11.543345,1948,1,1,7,13,complete_1,cyclic_8_2,complete_1,cyclic_4_1,block_2_1,unroll_32,pipeline_1,unroll_2,unroll_4,unroll_4,unroll_4,1,5.5,0.438724539766,False
workload_3453.cpp,xcu200-fsgd2104-2-e,5,42.04276,125,1,1,1,1,complete_2,block_4_2,complete_1,block_4_1,block_2_1,unroll_4,pipeline_1,unroll_2,unroll_16,unroll_2,pipeline_1,1,1,0.88130925583,False
workload_3375.cpp,xcu200-fsgd2104-2-e,5,75.58396,107,1,1,1,1,complete_2,block_4_2,complete_1,block_4_1,cyclic_2_1,unroll_4,pipeline_1,pipeline_1,unroll_16,pipeline_1,pipeline_1,1,1,0.761484345041,False
workload_3417.cpp,xcu200-fsgd2104-2-e,5,11.543225,229,1,1,2,3,complete_2,block_4_2,complete_1,block_4_1,cyclic_2_1,unroll_8,pipeline_1,pipeline_1,unroll_2,unroll_2,unroll_8,1,1.75,0.887775040249,False
workload_3439.cpp,xcu200-fsgd2104-2-e,5,11.543225,230,1,1,2,3,complete_2,complete_1,block_8_1,block_4_1,cyclic_2_1,unroll_8,pipeline_1,pipeline_1,pipeline_1,unroll_2,unroll_8,1,1.75,0.887775040249,False
workload_3400.cpp,xcu200-fsgd2104-2-e,5,11.543225,214,1,1,2,3,complete_2,complete_1,block_8_1,block_4_1,cyclic_2_1,unroll_8,pipeline_1,pipeline_1,unroll_2,unroll_2,unroll_8,1,1.75,0.887775040249,False
workload_3442.cpp,xcu200-fsgd2104-2-e,5,42.04276,117,1,1,1,1,complete_2,complete_1,complete_1,block_4_1,block_2_1,unroll_4,pipeline_1,unroll_2,unroll_16,unroll_2,pipeline_1,1,1,0.88130925583,False
workload_3332.cpp,xcu200-fsgd2104-2-e,5,11.36302,111,1,1,1,2,complete_2,complete_1,complete_1,block_4_1,cyclic_2_1,unroll_4,pipeline_1,pipeline_1,unroll_2,unroll_2,pipeline_1,1,1.25,0.961761638234,False
workload_3466.cpp,xcu200-fsgd2104-2-e,5,11.36302,136,1,1,1,2,complete_2,complete_1,complete_1,block_4_1,cyclic_2_1,unroll_4,pipeline_1,pipeline_1,unroll_2,unroll_2,unroll_16,1,1.25,0.961761638234,False
workload_3326.cpp,xcu200-fsgd2104-2-e,5,11.36302,101,1,1,1,2,complete_2,complete_1,complete_1,block_4_1,cyclic_2_1,unroll_4,pipeline_1,pipeline_1,unroll_2,unroll_2,unroll_8,1,1.25,0.961761638234,False
workload_3300.cpp,xcu200-fsgd2104-2-e,5,11.543225,209,1,1,2,3,complete_2,complete_1,cyclic_4_1,block_4_1,complete_1,unroll_8,pipeline_1,pipeline_1,pipeline_1,unroll_2,pipeline_1,1,1.75,0.887775040249,False
workload_3349.cpp,xcu200-fsgd2104-2-e,5,11.543225,203,1,1,2,3,complete_2,complete_1,cyclic_4_1,block_4_1,complete_1,unroll_8,pipeline_1,pipeline_1,pipeline_1,unroll_2,unroll_8,1,1.75,0.887775040249,False
workload_3175.cpp,xcu200-fsgd2104-2-e,5,11.543225,217,1,1,2,3,complete_2,complete_1,cyclic_4_1,block_4_1,cyclic_2_1,unroll_8,pipeline_1,pipeline_1,pipeline_1,unroll_2,pipeline_1,1,1.75,0.887775040249,False
workload_3336.cpp,xcu200-fsgd2104-2-e,5,89.37688,83,1,1,1,1,complete_2,complete_1,cyclic_8_1,complete_1,block_4_1,unroll_2,unroll_2,pipeline_1,unroll_16,pipeline_1,unroll_2,1,1,0.715102132347,False
workload_3173.cpp,xcu200-fsgd2104-2-e,5,191.87688,80,1,1,1,1,complete_2,complete_1,cyclic_8_1,complete_1,block_4_1,unroll_2,unroll_2,unroll_2,unroll_16,pipeline_1,unroll_2,1,1,0.423231508669,False
workload_3260.cpp,xcu200-fsgd2104-2-e,5,242.65813,99,1,1,1,2,complete_2,complete_1,cyclic_8_1,complete_1,block_4_1,unroll_2,unroll_2,unroll_2,unroll_4,pipeline_1,unroll_2,1,1.25,0.312724229464,False
workload_3319.cpp,xcu200-fsgd2104-2-e,5,242.65813,81,1,1,1,2,complete_2,complete_1,cyclic_8_1,cyclic_2_1,block_4_1,unroll_2,unroll_2,unroll_2,unroll_4,unroll_8,unroll_2,1,1.25,0.312724229464,False
workload_3346.cpp,xcu200-fsgd2104-2-e,5,11.543225,469,1,1,3,7,complete_2,cyclic_2_2,cyclic_4_1,block_4_1,cyclic_2_1,unroll_16,pipeline_1,pipeline_1,pipeline_1,unroll_2,pipeline_1,1,3,0.717343903044,False
workload_3299.cpp,xcu200-fsgd2104-2-e,5,210.081455,197,1,1,1,5,complete_2,cyclic_8_2,block_4_1,block_2_1,block_4_1,unroll_8,unroll_2,unroll_2,pipeline_1,pipeline_1,unroll_2,1,2,0.372856268967,False
workload_3602.cpp,xcu200-fsgd2104-2-e,5,41.70938,75,1,1,1,1,cyclic_2_2,block_2_2,block_4_1,complete_1,block_2_1,unroll_2,pipeline_1,unroll_2,unroll_16,unroll_4,unroll_2,1,1,0.882550279898,False
workload_3598.cpp,xcu200-fsgd2104-2-e,5,11.27313,74,1,1,1,1,cyclic_2_2,block_2_2,complete_1,block_4_1,cyclic_2_1,unroll_2,pipeline_1,pipeline_1,pipeline_1,unroll_4,unroll_2,1,1,1,True
workload_3513.cpp,xcu200-fsgd2104-2-e,5,11.36302,159,1,1,1,2,cyclic_2_2,block_2_2,complete_1,block_4_1,cyclic_2_1,unroll_4,pipeline_1,pipeline_1,pipeline_1,unroll_2,unroll_8,1,1.25,0.961761638234,False
workload_3478.cpp,xcu200-fsgd2104-2-e,5,50.87063,84,1,1,1,1,cyclic_2_2,block_2_2,complete_1,block_4_1,cyclic_8_1,unroll_2,pipeline_1,pipeline_1,pipeline_1,pipeline_1,pipeline_1,1,1,0.848805373568,False
workload_3333.cpp,xcu200-fsgd2104-2-e,5,62.927505,74.5,1,1,1,1,cyclic_2_2,block_2_2,complete_1,block_4_1,cyclic_8_1,unroll_2,pipeline_1,pipeline_1,unroll_16,pipeline_1,pipeline_1,2,1,0.805528040792,False
workload_3433.cpp,xcu200-fsgd2104-2-e,5,74.98438,79,1,1,1,1,cyclic_2_2,block_2_2,complete_1,block_4_1,cyclic_8_1,unroll_2,pipeline_1,pipeline_1,unroll_16,pipeline_1,unroll_16,1,1,0.763538818652,False
workload_3388.cpp,xcu200-fsgd2104-2-e,5,51.27856,116,1,1,1,1,cyclic_2_2,block_2_2,complete_1,complete_1,cyclic_8_1,unroll_4,pipeline_1,pipeline_1,unroll_16,pipeline_1,pipeline_1,1,1,0.847320083001,False
workload_3279.cpp,xcu200-fsgd2104-2-e,5,52.092345,282,1,1,1,3,cyclic_2_2,block_2_2,complete_1,complete_1,cyclic_8_1,unroll_8,pipeline_1,pipeline_1,unroll_16,pipeline_1,pipeline_1,1,1.5,0.828621575122,False
workload_3184.cpp,xcu200-fsgd2104-2-e,5,52.092345,287,1,1,1,3,cyclic_2_2,block_2_2,complete_1,complete_1,cyclic_8_1,unroll_8,pipeline_1,pipeline_1,unroll_4,pipeline_1,pipeline_1,1,1.5,0.828621575122,False
workload_3351.cpp,xcu200-fsgd2104-2-e,5,11.543225,217,1,1,2,3,cyclic_2_2,block_2_2,complete_1,complete_1,cyclic_8_1,unroll_8,pipeline_1,pipeline_1,unroll_4,unroll_2,pipeline_1,1,1.75,0.887775040249,False
workload_3395.cpp,xcu200-fsgd2104-2-e,5,52.092345,270,1,1,1,3,cyclic_2_2,block_2_2,cyclic_4_1,block_4_1,block_2_1,unroll_8,pipeline_1,pipeline_1,pipeline_1,pipeline_1,pipeline_1,1,1.5,0.828621575122,False
workload_3703.cpp,xcu200-fsgd2104-2-e,5,11.27313,94,1,1,1,1,cyclic_2_2,block_4_2,block_2_1,block_4_1,block_2_1,unroll_2,pipeline_1,pipeline_1,pipeline_1,unroll_2,pipeline_1,1,1,1,True
workload_3488.cpp,xcu200-fsgd2104-2-e,5,11.36302,168,1,1,1,2,cyclic_2_2,block_4_2,block_2_1,block_4_1,cyclic_2_1,unroll_4,pipeline_1,pipeline_1,unroll_4,unroll_2,unroll_8,1,1.25,0.961761638234,False
workload_3549.cpp,xcu200-fsgd2104-2-e,5,11.36302,133,1,1,1,2,cyclic_2_2,block_4_2,block_2_1,block_4_1,cyclic_4_1,unroll_4,pipeline_1,pipeline_1,unroll_4,unroll_2,unroll_8,1,1.25,0.961761638234,False
workload_3650.cpp,xcu200-fsgd2104-2-e,5,11.27313,73,1,1,1,1,cyclic_2_2,block_4_2,block_2_1,block_4_1,cyclic_8_1,unroll_2,pipeline_1,pipeline_1,pipeline_1,unroll_2,pipeline_1,1,1,1,True
workload_3775.cpp,xcu200-fsgd2104-2-e,5,11.27313,77,1,1,1,1,cyclic_2_2,block_4_2,block_4_1,block_4_1,complete_1,unroll_2,pipeline_1,pipeline_1,pipeline_1,unroll_2,pipeline_1,1,1,1,True
workload_3752.cpp,xcu200-fsgd2104-2-e,5,11.27313,76,1,1,1,1,cyclic_2_2,block_4_2,block_4_1,block_4_1,complete_1,unroll_2,pipeline_1,pipeline_1,pipeline_1,unroll_2,unroll_2,1,1,1,True
workload_3518.cpp,xcu200-fsgd2104-2-e,5,11.36302,129,1,1,1,2,cyclic_2_2,block_4_2,block_8_1,block_4_1,block_2_1,unroll_4,pipeline_1,pipeline_1,unroll_8,unroll_4,unroll_16,1,1.25,0.961761638234,False
workload_3373.cpp,xcu200-fsgd2104-2-e,5,11.543225,200,1,1,2,3,cyclic_2_2,block_4_2,block_8_1,block_4_1,block_2_1,unroll_8,pipeline_1,pipeline_1,unroll_2,unroll_2,unroll_8,1,1.75,0.887775040249,False
workload_3428.cpp,xcu200-fsgd2104-2-e,5,11.36302,124,1,1,1,2,cyclic_2_2,block_4_2,complete_1,block_4_1,block_2_1,unroll_4,pipeline_1,unroll_2,unroll_8,pipeline_1,unroll_16,1,1.25,0.961761638234,False
workload_3563.cpp,xcu200-fsgd2104-2-e,5,11.27313,89,1,1,1,1,cyclic_2_2,block_4_2,complete_1,block_4_1,cyclic_2_1,unroll_2,pipeline_1,pipeline_1,unroll_2,unroll_2,unroll_8,1,1,1,True
workload_3461.cpp,xcu200-fsgd2104-2-e,5,11.36302,135,1,1,1,2,cyclic_2_2,block_4_2,complete_1,block_4_1,cyclic_2_1,unroll_4,pipeline_1,pipeline_1,pipeline_1,unroll_2,unroll_8,1,1.25,0.961761638234,False
workload_3629.cpp,xcu200-fsgd2104-2-e,5,11.36302,121,1,1,1,2,cyclic_2_2,block_4_2,complete_1,block_4_1,cyclic_2_1,unroll_4,pipeline_1,unroll_2,pipeline_1,unroll_2,unroll_8,1,1.25,0.961761638234,False
workload_3255.cpp,xcu200-fsgd2104-2-e,5,111.361455,451,1,1,2,7,cyclic_2_2,block_4_2,complete_1,block_4_1,cyclic_4_1,unroll_8,unroll_2,pipeline_1,unroll_2,pipeline_1,pipeline_1,1,2.75,0.582033598215,False
workload_3523.cpp,xcu200-fsgd2104-2-e,5,74.98438,78,1,1,1,1,cyclic_2_2,block_4_2,complete_1,block_4_1,cyclic_8_1,unroll_2,pipeline_1,pipeline_1,unroll_16,pipeline_1,pipeline_1,1,1,0.763538818652,False
workload_3499.cpp,xcu200-fsgd2104-2-e,5,11.36302,175,1,1,1,2,cyclic_2_2,block_4_2,complete_1,block_4_1,cyclic_8_1,unroll_4,pipeline_1,pipeline_1,unroll_2,unroll_2,pipeline_1,1,1.25,0.961761638234,False
workload_3390.cpp,xcu200-fsgd2104-2-e,5,11.36302,112,1,1,1,2,cyclic_2_2,block_4_2,complete_1,cyclic_4_1,cyclic_2_1,unroll_4,pipeline_1,pipeline_1,unroll_2,unroll_2,unroll_8,1,1.25,0.961761638234,False
workload_3447.cpp,xcu200-fsgd2104-2-e,5,11.27313,79,1,1,1,1,cyclic_2_2,block_4_2,cyclic_4_1,block_4_1,cyclic_2_1,unroll_2,pipeline_1,pipeline_1,pipeline_1,unroll_2,pipeline_1,2,1,1,True
workload_3542.cpp,xcu200-fsgd2104-2-e,5,11.27313,88,1,1,1,1,cyclic_2_2,block_4_2,cyclic_4_1,block_4_1,cyclic_2_1,unroll_2,pipeline_1,unroll_2,pipeline_1,unroll_2,pipeline_1,1,1,1,True
workload_3313.cpp,xcu200-fsgd2104-2-e,5,379.041455,231,1,1,1,6,cyclic_2_2,block_4_2,cyclic_8_1,block_8_1,cyclic_4_1,unroll_8,unroll_2,pipeline_1,unroll_2,unroll_16,unroll_4,1,2.25,0.128191656465,False
workload_3530.cpp,xcu200-fsgd2104-2-e,5,11.36302,122,1,1,1,2,cyclic_2_2,block_8_2,block_4_1,block_4_1,block_2_1,unroll_4,pipeline_1,pipeline_1,pipeline_1,unroll_4,unroll_16,1,1.25,0.961761638234,False
workload_3481.cpp,xcu200-fsgd2104-2-e,5,11.36302,137,1,1,1,2,cyclic_2_2,block_8_2,block_4_1,block_4_1,block_2_1,unroll_4,pipeline_1,pipeline_1,unroll_8,unroll_4,unroll_16,1,1.25,0.961761638234,False
workload_3258.cpp,xcu200-fsgd2104-2-e,5,11.543225,255,1,1,2,3,cyclic_2_2,block_8_2,block_4_1,block_4_1,complete_1,unroll_8,pipeline_1,pipeline_1,unroll_2,unroll_2,pipeline_1,1,1.75,0.887775040249,False
workload_3405.cpp,xcu200-fsgd2104-2-e,5,11.543225,200,1,1,2,3,cyclic_2_2,block_8_2,block_4_1,block_4_1,complete_1,unroll_8,pipeline_1,pipeline_1,unroll_2,unroll_2,unroll_8,1,1.75,0.887775040249,False
workload_3427.cpp,xcu200-fsgd2104-2-e,5,11.543225,224,1,1,2,3,cyclic_2_2,block_8_2,block_4_1,cyclic_4_1,cyclic_8_1,unroll_8,pipeline_1,pipeline_1,unroll_2,unroll_2,pipeline_1,1,1.75,0.887775040249,False
workload_3291.cpp,xcu200-fsgd2104-2-e,5,11.543225,212,1,1,2,3,cyclic_2_2,block_8_2,block_4_1,cyclic_8_1,block_2_1,unroll_8,pipeline_1,pipeline_1,unroll_8,unroll_4,unroll_16,1,1.75,0.887775040249,False
workload_3234.cpp,xcu200-fsgd2104-2-e,5,11.543225,216,1,1,2,3,cyclic_2_2,block_8_2,block_4_1,cyclic_8_1,block_2_1,unroll_8,pipeline_1,unroll_2,unroll_2,unroll_4,unroll_16,1,1.75,0.887775040249,False
workload_3340.cpp,xcu200-fsgd2104-2-e,5,11.543225,196,1,1,2,3,cyclic_2_2,block_8_2,block_4_1,cyclic_8_1,block_2_1,unroll_8,pipeline_1,unroll_2,unroll_2,unroll_8,unroll_16,1,1.75,0.887775040249,False
workload_3355.cpp,xcu200-fsgd2104-2-e,5,11.543225,199,1,1,2,3,cyclic_2_2,block_8_2,block_8_1,block_4_1,complete_1,unroll_8,pipeline_1,pipeline_1,unroll_2,unroll_2,unroll_8,1,1.75,0.887775040249,False
workload_3364.cpp,xcu200-fsgd2104-2-e,5,11.543225,200,1,1,2,3,cyclic_2_2,block_8_2,block_8_1,block_4_1,cyclic_8_1,unroll_8,pipeline_1,unroll_2,unroll_4,unroll_2,pipeline_1,1,1.75,0.887775040249,False
workload_3370.cpp,xcu200-fsgd2104-2-e,5,11.543225,210,1,1,2,3,cyclic_2_2,block_8_2,complete_1,block_4_1,block_2_1,unroll_8,pipeline_1,pipeline_1,unroll_4,unroll_2,unroll_8,1,1.75,0.887775040249,False
workload_3393.cpp,xcu200-fsgd2104-2-e,5,11.36302,113,1,1,1,2,cyclic_2_2,block_8_2,complete_1,block_4_1,complete_1,unroll_4,pipeline_1,pipeline_1,unroll_2,unroll_2,unroll_8,1,1.25,0.961761638234,False
workload_3731.cpp,xcu200-fsgd2104-2-e,5,11.27313,83,1,1,1,1,cyclic_2_2,block_8_2,complete_1,complete_1,block_2_1,unroll_2,pipeline_1,pipeline_1,unroll_8,unroll_2,pipeline_1,1,1,1,True
workload_3287.cpp,xcu200-fsgd2104-2-e,5,76.783545,204,1,1,1,3,cyclic_2_2,block_8_2,complete_1,cyclic_8_1,block_2_1,unroll_8,pipeline_1,pipeline_1,unroll_2,pipeline_1,unroll_16,1,1.5,0.747862042665,False
workload_3443.cpp,xcu200-fsgd2104-2-e,5,11.543225,231,1,1,2,3,cyclic_2_2,block_8_2,complete_1,cyclic_8_1,block_2_1,unroll_8,pipeline_1,unroll_2,unroll_2,pipeline_1,unroll_8,1,1.75,0.887775040249,False
workload_3275.cpp,xcu200-fsgd2104-2-e,5,11.543225,214,1,1,2,3,cyclic_2_2,block_8_2,complete_1,cyclic_8_1,block_2_1,unroll_8,pipeline_1,unroll_2,unroll_2,unroll_4,unroll_16,1,1.75,0.887775040249,False
workload_3308.cpp,xcu200-fsgd2104-2-e,5,11.543225,207,1,1,2,3,cyclic_2_2,block_8_2,cyclic_2_1,block_4_1,block_2_1,unroll_8,pipeline_1,unroll_2,unroll_4,unroll_2,pipeline_1,1,1.75,0.887775040249,False
workload_3378.cpp,xcu200-fsgd2104-2-e,5,11.543225,201,1,1,2,3,cyclic_2_2,block_8_2,cyclic_2_1,block_4_1,block_2_1,unroll_8,pipeline_1,unroll_2,unroll_4,unroll_2,unroll_8,1,1.75,0.887775040249,False
workload_3328.cpp,xcu200-fsgd2104-2-e,5,11.543225,207,1,1,2,3,cyclic_2_2,block_8_2,cyclic_2_1,block_4_1,cyclic_2_1,unroll_8,pipeline_1,unroll_2,unroll_4,unroll_2,unroll_8,1,1.75,0.887775040249,False
workload_3372.cpp,xcu200-fsgd2104-2-e,5,11.543225,200,1,1,2,3,cyclic_2_2,block_8_2,cyclic_4_1,cyclic_4_1,cyclic_8_1,unroll_8,pipeline_1,pipeline_1,pipeline_1,unroll_2,pipeline_1,1,1.75,0.887775040249,False
workload_3358.cpp,xcu200-fsgd2104-2-e,5,76.783545,472,1,1,3,6,cyclic_2_2,complete_1,block_2_1,block_4_1,cyclic_2_1,unroll_16,pipeline_1,pipeline_1,unroll_4,pipeline_1,unroll_8,1,2.75,0.66297847008,False
workload_3303.cpp,xcu200-fsgd2104-2-e,5,11.543225,467,1,1,3,7,cyclic_2_2,complete_1,block_2_1,block_4_1,cyclic_2_1,unroll_16,pipeline_1,pipeline_1,unroll_4,unroll_4,unroll_8,1,3,0.717343903044,False
workload_3553.cpp,xcu200-fsgd2104-2-e,5,11.27313,83,1,1,1,1,cyclic_2_2,complete_1,block_2_1,block_4_1,cyclic_2_1,unroll_2,pipeline_1,pipeline_1,pipeline_1,unroll_2,unroll_2,1,1,1,True
workload_3778.cpp,xcu200-fsgd2104-2-e,5,41.70938,79,1,1,1,1,cyclic_2_2,complete_1,block_2_1,block_4_1,cyclic_2_1,unroll_2,pipeline_1,unroll_2,unroll_16,unroll_8,pipeline_1,1,1,0.882550279898,False
workload_3327.cpp,xcu200-fsgd2104-2-e,5,11.543225,207,1,1,2,3,cyclic_2_2,complete_1,block_2_1,block_8_1,cyclic_2_1,unroll_8,pipeline_1,pipeline_1,unroll_4,unroll_2,unroll_8,1,1.75,0.887775040249,False
workload_3616.cpp,xcu200-fsgd2104-2-e,5,11.27313,78,1,1,1,1,cyclic_2_2,complete_1,block_4_1,block_4_1,block_2_1,unroll_2,pipeline_1,pipeline_1,unroll_8,unroll_2,unroll_2,1,1,1,True
workload_3396.cpp,xcu200-fsgd2104-2-e,5,11.36302,113,1,1,1,2,cyclic_2_2,complete_1,block_4_1,block_4_1,block_2_1,unroll_4,pipeline_1,pipeline_1,pipeline_1,unroll_2,unroll_16,1,1.25,0.961761638234,False
workload_3415.cpp,xcu200-fsgd2104-2-e,5,11.36302,119,1,1,1,2,cyclic_2_2,complete_1,block_4_1,block_4_1,complete_1,unroll_4,pipeline_1,pipeline_1,unroll_2,unroll_2,pipeline_1,1,1.25,0.961761638234,False
workload_3412.cpp,xcu200-fsgd2104-2-e,5,11.36302,119,1,1,1,2,cyclic_2_2,complete_1,block_4_1,block_8_1,block_2_1,unroll_4,pipeline_1,pipeline_1,unroll_8,unroll_4,pipeline_1,1,1.25,0.961761638234,False
workload_3401.cpp,xcu200-fsgd2104-2-e,5,11.36302,114,1,1,1,2,cyclic_2_2,complete_1,block_4_1,block_8_1,block_2_1,unroll_4,pipeline_1,pipeline_1,unroll_8,unroll_4,unroll_16,1,1.25,0.961761638234,False
workload_3209.cpp,xcu200-fsgd2104-2-e,5,11.543225,218,1,1,2,3,cyclic_2_2,complete_1,block_8_1,block_2_1,cyclic_8_1,unroll_8,pipeline_1,pipeline_1,unroll_2,unroll_2,unroll_8,1,1.75,0.887775040249,False
workload_3469.cpp,xcu200-fsgd2104-2-e,5,11.36302,131,1,1,1,2,cyclic_2_2,complete_1,block_8_1,block_4_1,block_2_1,unroll_4,pipeline_1,unroll_2,pipeline_1,unroll_4,pipeline_1,1,1.25,0.961761638234,False
workload_3511.cpp,xcu200-fsgd2104-2-e,5,11.36302,150,1,1,1,2,cyclic_2_2,complete_1,block_8_1,block_4_1,cyclic_8_1,unroll_4,pipeline_1,unroll_2,unroll_4,unroll_2,unroll_16,1,1.25,0.961761638234,False
workload_3266.cpp,xcu200-fsgd2104-2-e,5,11.543225,249,1,1,2,3,cyclic_2_2,complete_1,block_8_1,cyclic_4_1,cyclic_8_1,unroll_8,pipeline_1,pipeline_1,pipeline_1,unroll_2,pipeline_1,2,1.75,0.887775040249,False
workload_3654.cpp,xcu200-fsgd2104-2-e,5,11.27313,75,1,1,1,1,cyclic_2_2,complete_1,complete_1,block_4_1,block_2_1,unroll_2,pipeline_1,pipeline_1,unroll_8,unroll_2,unroll_2,1,1,1,True
workload_3681.cpp,xcu200-fsgd2104-2-e,5,11.27313,170,1,1,1,1,cyclic_2_2,complete_1,complete_1,block_4_1,cyclic_2_1,unroll_2,pipeline_1,pipeline_1,pipeline_1,unroll_8,unroll_2,1,1,1,True
workload_3687.cpp,xcu200-fsgd2104-2-e,5,41.70938,76,1,1,1,1,cyclic_2_2,complete_1,complete_1,block_4_1,cyclic_8_1,unroll_2,pipeline_1,pipeline_1,unroll_16,unroll_2,pipeline_1,2,1,0.882550279898,False
workload_3726.cpp,xcu200-fsgd2104-2-e,5,41.70938,78,1,1,1,1,cyclic_2_2,complete_1,complete_1,block_4_1,cyclic_8_1,unroll_2,pipeline_1,pipeline_1,unroll_16,unroll_2,unroll_2,1,1,0.882550279898,False
workload_3437.cpp,xcu200-fsgd2104-2-e,5,11.36302,124,1,1,1,2,cyclic_2_2,complete_1,complete_1,block_8_1,block_2_1,unroll_4,pipeline_1,pipeline_1,pipeline_1,unroll_2,unroll_2,1,1.25,0.961761638234,False
workload_3337.cpp,xcu200-fsgd2104-2-e,5,76.783545,200,1,1,1,3,cyclic_2_2,complete_1,complete_1,cyclic_4_1,cyclic_4_1,unroll_8,pipeline_1,pipeline_1,pipeline_1,pipeline_1,pipeline_1,1,1.5,0.747862042665,False
workload_3312.cpp,xcu200-fsgd2104-2-e,5,11.543225,204,1,1,2,3,cyclic_2_2,complete_1,complete_1,cyclic_4_1,cyclic_4_1,unroll_8,pipeline_1,pipeline_1,pipeline_1,unroll_2,pipeline_1,1,1.75,0.887775040249,False
workload_3294.cpp,xcu200-fsgd2104-2-e,5,11.543225,463,1,1,3,7,cyclic_2_2,complete_1,cyclic_4_1,block_4_1,block_2_1,unroll_16,pipeline_1,unroll_2,unroll_2,unroll_8,unroll_2,1,3,0.717343903044,False
workload_3555.cpp,xcu200-fsgd2104-2-e,5,41.70938,85,1,1,1,1,cyclic_2_2,complete_1,cyclic_4_1,block_4_1,block_2_1,unroll_2,pipeline_1,pipeline_1,unroll_16,unroll_2,unroll_16,1,1,0.882550279898,False
workload_3620.cpp,xcu200-fsgd2104-2-e,5,11.27313,77,1,1,1,1,cyclic_2_2,complete_1,cyclic_4_1,block_4_1,block_4_1,unroll_2,pipeline_1,pipeline_1,unroll_8,unroll_4,unroll_2,1,1,1,True
workload_3624.cpp,xcu200-fsgd2104-2-e,5,11.27313,74,1,1,1,1,cyclic_2_2,complete_1,cyclic_4_1,block_4_1,complete_1,unroll_2,pipeline_1,pipeline_1,pipeline_1,unroll_2,unroll_2,1,1,1,True
workload_3603.cpp,xcu200-fsgd2104-2-e,5,11.27313,77,1,1,1,1,cyclic_2_2,complete_1,cyclic_4_1,block_4_1,complete_1,unroll_2,pipeline_1,pipeline_1,unroll_8,unroll_2,pipeline_1,1,1,1,True
workload_3521.cpp,xcu200-fsgd2104-2-e,5,11.27313,80,1,1,1,1,cyclic_2_2,complete_1,cyclic_4_1,block_4_1,cyclic_2_1,unroll_2,pipeline_1,pipeline_1,pipeline_1,unroll_8,pipeline_1,1,1,1,True
workload_3601.cpp,xcu200-fsgd2104-2-e,5,41.70938,73,1,1,1,1,cyclic_2_2,complete_1,cyclic_4_1,block_4_1,cyclic_2_1,unroll_2,pipeline_1,pipeline_1,unroll_16,unroll_8,pipeline_1,1,1,0.882550279898,False
workload_3588.cpp,xcu200-fsgd2104-2-e,5,11.27313,75.5,1,1,1,1,cyclic_2_2,complete_1,cyclic_4_1,block_4_1,cyclic_2_1,unroll_2,pipeline_1,pipeline_1,unroll_8,unroll_4,unroll_2,2,1,1,True
workload_3540.cpp,xcu200-fsgd2104-2-e,5,11.27313,90,1,1,1,1,cyclic_2_2,complete_1,cyclic_4_1,block_4_1,cyclic_2_1,unroll_2,pipeline_1,pipeline_1,unroll_8,unroll_8,pipeline_1,1,1,1,True
workload_3548.cpp,xcu200-fsgd2104-2-e,5,11.27313,89,1,1,1,1,cyclic_2_2,complete_1,cyclic_4_1,block_4_1,cyclic_2_1,unroll_2,pipeline_1,unroll_2,pipeline_1,unroll_8,unroll_16,1,1,1,True
workload_3413.cpp,xcu200-fsgd2104-2-e,5,11.27313,72,1,1,1,1,cyclic_2_2,complete_1,cyclic_4_1,block_4_1,cyclic_8_1,unroll_2,pipeline_1,pipeline_1,pipeline_1,unroll_2,pipeline_1,1,1,1,True
workload_3485.cpp,xcu200-fsgd2104-2-e,5,41.70938,84,1,1,1,1,cyclic_2_2,complete_1,cyclic_4_1,block_4_1,cyclic_8_1,unroll_2,pipeline_1,pipeline_1,unroll_16,unroll_2,pipeline_1,1,1,0.882550279898,False
workload_3491.cpp,xcu200-fsgd2104-2-e,5,41.70938,106,1,1,1,1,cyclic_2_2,complete_1,cyclic_4_1,block_4_1,cyclic_8_1,unroll_2,pipeline_1,pipeline_1,unroll_16,unroll_2,unroll_8,1,1,0.882550279898,False
workload_3575.cpp,xcu200-fsgd2104-2-e,5,41.70938,80,1,1,1,1,cyclic_2_2,complete_1,cyclic_4_1,block_4_1,cyclic_8_1,unroll_2,pipeline_1,pipeline_1,unroll_16,unroll_4,pipeline_1,1,1,0.882550279898,False
workload_3639.cpp,xcu200-fsgd2104-2-e,5,41.70938,70,1,1,1,1,cyclic_2_2,complete_1,cyclic_4_1,block_8_1,cyclic_8_1,unroll_2,pipeline_1,pipeline_1,unroll_16,unroll_4,pipeline_1,1,1,0.882550279898,False
workload_3385.cpp,xcu200-fsgd2104-2-e,5,11.543225,209,1,1,2,3,cyclic_2_2,complete_1,cyclic_4_1,cyclic_4_1,block_2_1,unroll_8,pipeline_1,pipeline_1,pipeline_1,unroll_2,pipeline_1,1,1.75,0.887775040249,False
workload_3335.cpp,xcu200-fsgd2104-2-e,5,11.543225,197,1,1,2,3,cyclic_2_2,complete_1,cyclic_4_1,cyclic_4_1,cyclic_8_1,unroll_8,pipeline_1,pipeline_1,pipeline_1,unroll_2,pipeline_1,1,1.75,0.887775040249,False
workload_3763.cpp,xcu200-fsgd2104-2-e,5,41.70938,74,1,1,1,1,cyclic_2_2,complete_2,block_2_1,block_4_1,cyclic_8_1,unroll_2,pipeline_1,pipeline_1,unroll_16,unroll_2,pipeline_1,1,1,0.882550279898,False
workload_3607.cpp,xcu200-fsgd2104-2-e,5,41.70938,71,1,1,1,1,cyclic_2_2,complete_2,block_2_1,block_4_1,cyclic_8_1,unroll_2,pipeline_1,pipeline_1,unroll_16,unroll_2,unroll_2,1,1,0.882550279898,False
workload_3341.cpp,xcu200-fsgd2104-2-e,5,11.543225,198,1,1,2,3,cyclic_2_2,complete_2,block_4_1,block_2_1,cyclic_8_1,unroll_8,pipeline_1,pipeline_1,unroll_2,unroll_2,pipeline_1,1,1.75,0.887775040249,False
workload_3667.cpp,xcu200-fsgd2104-2-e,5,41.70938,72,1,1,1,1,cyclic_2_2,complete_2,block_4_1,block_4_1,cyclic_8_1,unroll_2,pipeline_1,pipeline_1,unroll_16,unroll_2,unroll_2,1,1,0.882550279898,False
workload_3762.cpp,xcu200-fsgd2104-2-e,5,41.70938,74,1,1,1,1,cyclic_2_2,complete_2,block_4_1,block_4_1,cyclic_8_1,unroll_2,pipeline_1,pipeline_1,unroll_16,unroll_2,unroll_8,1,1,0.882550279898,False
workload_3342.cpp,xcu200-fsgd2104-2-e,5,11.543225,197,1,1,2,3,cyclic_2_2,complete_2,block_8_1,block_2_1,block_4_1,unroll_8,pipeline_1,pipeline_1,unroll_2,unroll_2,pipeline_1,1,1.75,0.887775040249,False
workload_3494.cpp,xcu200-fsgd2104-2-e,5,11.36302,160,1,1,1,2,cyclic_2_2,complete_2,block_8_1,block_4_1,block_2_1,unroll_4,pipeline_1,unroll_2,pipeline_1,unroll_4,pipeline_1,1,1.25,0.961761638234,False
workload_3544.cpp,xcu200-fsgd2104-2-e,5,41.70938,89,1,1,1,1,cyclic_2_2,complete_2,block_8_1,block_4_1,cyclic_8_1,unroll_2,pipeline_1,pipeline_1,unroll_16,unroll_2,unroll_2,1,1,0.882550279898,False
workload_3457.cpp,xcu200-fsgd2104-2-e,5,11.36302,133,1,1,1,2,cyclic_2_2,complete_2,block_8_1,block_4_1,cyclic_8_1,unroll_4,pipeline_1,unroll_2,unroll_4,unroll_2,unroll_16,1,1.25,0.961761638234,False
workload_3380.cpp,xcu200-fsgd2104-2-e,5,11.543225,198,1,1,2,3,cyclic_2_2,complete_2,block_8_1,block_4_1,cyclic_8_1,unroll_8,pipeline_1,pipeline_1,pipeline_1,unroll_2,pipeline_1,1,1.75,0.887775040249,False
workload_3580.cpp,xcu200-fsgd2104-2-e,5,11.27313,82,1,1,1,1,cyclic_2_2,complete_2,complete_1,block_4_1,block_2_1,unroll_2,pipeline_1,pipeline_1,pipeline_1,unroll_2,unroll_2,1,1,1,True
workload_3783.cpp,xcu200-fsgd2104-2-e,5,11.27313,80,1,1,1,1,cyclic_2_2,complete_2,complete_1,block_4_1,block_2_1,unroll_2,pipeline_1,pipeline_1,unroll_4,unroll_2,pipeline_1,1,1,1,True
workload_3622.cpp,xcu200-fsgd2104-2-e,5,11.27313,75,1,1,1,1,cyclic_2_2,complete_2,complete_1,block_4_1,block_2_1,unroll_2,pipeline_1,unroll_2,unroll_4,unroll_2,unroll_2,1,1,1,True
workload_3590.cpp,xcu200-fsgd2104-2-e,5,11.27313,75,1,1,1,1,cyclic_2_2,complete_2,complete_1,block_4_1,block_4_1,unroll_2,pipeline_1,pipeline_1,pipeline_1,unroll_2,unroll_2,1,1,1,True
workload_3770.cpp,xcu200-fsgd2104-2-e,5,11.27313,81,1,1,1,1,cyclic_2_2,complete_2,complete_1,block_4_1,cyclic_2_1,unroll_2,pipeline_1,pipeline_1,pipeline_1,unroll_2,pipeline_1,1,1,1,True
workload_3613.cpp,xcu200-fsgd2104-2-e,5,11.27313,74,1,1,1,1,cyclic_2_2,complete_2,complete_1,block_4_1,cyclic_2_1,unroll_2,pipeline_1,pipeline_1,pipeline_1,unroll_2,unroll_16,1,1,1,True
workload_3635.cpp,xcu200-fsgd2104-2-e,5,41.70938,68,1,1,1,1,cyclic_2_2,complete_2,complete_1,block_4_1,cyclic_2_1,unroll_2,pipeline_1,pipeline_1,unroll_16,unroll_4,pipeline_1,1,1,0.882550279898,False
workload_3535.cpp,xcu200-fsgd2104-2-e,5,11.27313,81,1,1,1,1,cyclic_2_2,complete_2,complete_1,block_4_1,cyclic_2_1,unroll_2,pipeline_1,unroll_2,unroll_4,unroll_2,unroll_16,1,1,1,True
workload_3660.cpp,xcu200-fsgd2104-2-e,5,11.27313,72,1,1,1,1,cyclic_2_2,complete_2,complete_1,block_4_1,cyclic_8_1,unroll_2,pipeline_1,pipeline_1,pipeline_1,unroll_2,pipeline_1,1,1,1,True
workload_3391.cpp,xcu200-fsgd2104-2-e,5,41.70938,74,1,1,1,1,cyclic_2_2,complete_2,complete_1,block_4_1,cyclic_8_1,unroll_2,pipeline_1,pipeline_1,unroll_16,unroll_2,pipeline_1,1,1,0.882550279898,False
workload_3501.cpp,xcu200-fsgd2104-2-e,5,41.70938,109,1,1,1,1,cyclic_2_2,complete_2,complete_1,block_4_1,cyclic_8_1,unroll_2,pipeline_1,pipeline_1,unroll_16,unroll_2,unroll_2,1,1,0.882550279898,False
workload_3674.cpp,xcu200-fsgd2104-2-e,5,41.70938,70,1,1,1,1,cyclic_2_2,complete_2,complete_1,block_4_1,cyclic_8_1,unroll_2,pipeline_1,pipeline_1,unroll_16,unroll_2,unroll_8,1,1,0.882550279898,False
workload_3696.cpp,xcu200-fsgd2104-2-e,5,11.27313,72,1,1,1,1,cyclic_2_2,complete_2,complete_1,block_4_1,cyclic_8_1,unroll_2,pipeline_1,unroll_2,pipeline_1,unroll_2,unroll_2,1,1,1,True
workload_3625.cpp,xcu200-fsgd2104-2-e,5,11.27313,75,1,1,1,1,cyclic_2_2,complete_2,complete_1,block_4_1,cyclic_8_1,unroll_2,pipeline_1,unroll_2,pipeline_1,unroll_4,unroll_2,1,1,1,True
workload_3571.cpp,xcu200-fsgd2104-2-e,5,41.70938,80,1,1,1,1,cyclic_2_2,complete_2,complete_1,block_4_1,cyclic_8_1,unroll_2,pipeline_1,unroll_2,unroll_16,unroll_2,pipeline_1,1,1,0.882550279898,False
workload_3414.cpp,xcu200-fsgd2104-2-e,5,11.27313,76,1,1,1,1,cyclic_2_2,complete_2,complete_1,block_4_1,cyclic_8_1,unroll_2,pipeline_1,unroll_2,unroll_4,unroll_2,unroll_16,1,1,1,True
workload_3686.cpp,xcu200-fsgd2104-2-e,5,11.27313,114,1,1,1,1,cyclic_2_2,complete_2,complete_1,block_8_1,cyclic_8_1,unroll_2,pipeline_1,pipeline_1,pipeline_1,unroll_2,pipeline_1,1,1,1,True
workload_3387.cpp,xcu200-fsgd2104-2-e,5,11.543225,202,1,1,2,3,cyclic_2_2,complete_2,cyclic_2_1,block_4_1,cyclic_2_1,unroll_8,pipeline_1,unroll_2,unroll_4,unroll_2,unroll_8,1,1.75,0.887775040249,False
workload_3438.cpp,xcu200-fsgd2104-2-e,5,11.543225,226,1,1,2,3,cyclic_2_2,complete_2,cyclic_4_1,block_2_1,cyclic_8_1,unroll_8,pipeline_1,pipeline_1,pipeline_1,unroll_2,pipeline_1,1,1.75,0.887775040249,False
workload_3746.cpp,xcu200-fsgd2104-2-e,5,41.70938,85,1,1,1,1,cyclic_2_2,complete_2,cyclic_4_1,block_4_1,block_2_1,unroll_2,pipeline_1,pipeline_1,unroll_16,unroll_2,unroll_16,1,1,0.882550279898,False
workload_3330.cpp,xcu200-fsgd2104-2-e,5,76.783545,209,1,1,1,3,cyclic_2_2,complete_2,cyclic_4_1,block_4_1,block_2_1,unroll_8,pipeline_1,pipeline_1,pipeline_1,pipeline_1,unroll_16,1,1.5,0.747862042665,False
workload_3296.cpp,xcu200-fsgd2104-2-e,5,11.543225,209,1,1,2,3,cyclic_2_2,complete_2,cyclic_4_1,block_4_1,block_2_1,unroll_8,pipeline_1,pipeline_1,pipeline_1,unroll_2,pipeline_1,1,1.75,0.887775040249,False
workload_3249.cpp,xcu200-fsgd2104-2-e,5,11.543225,235,1,1,2,3,cyclic_2_2,complete_2,cyclic_4_1,block_4_1,block_4_1,unroll_8,pipeline_1,pipeline_1,pipeline_1,unroll_2,pipeline_1,1,1.75,0.887775040249,False
workload_3344.cpp,xcu200-fsgd2104-2-e,5,11.543225,196,1,1,2,3,cyclic_2_2,complete_2,cyclic_4_1,block_4_1,block_4_1,unroll_8,pipeline_1,pipeline_1,pipeline_1,unroll_4,pipeline_1,1,1.75,0.887775040249,False
workload_3318.cpp,xcu200-fsgd2104-2-e,5,11.543225,205,1,1,2,3,cyclic_2_2,complete_2,cyclic_4_1,block_4_1,block_4_1,unroll_8,pipeline_1,pipeline_1,unroll_2,unroll_2,pipeline_1,1,1.75,0.887775040249,False
workload_3664.cpp,xcu200-fsgd2104-2-e,5,41.70938,72,1,1,1,1,cyclic_2_2,complete_2,cyclic_4_1,block_4_1,cyclic_2_1,unroll_2,pipeline_1,pipeline_1,unroll_16,unroll_2,unroll_2,1,1,0.882550279898,False
workload_3653.cpp,xcu200-fsgd2104-2-e,5,41.70938,71,1,1,1,1,cyclic_2_2,complete_2,cyclic_4_1,block_4_1,cyclic_2_1,unroll_2,pipeline_1,unroll_2,unroll_16,unroll_2,unroll_2,1,1,0.882550279898,False
workload_3713.cpp,xcu200-fsgd2104-2-e,5,41.70938,132,1,1,1,1,cyclic_2_2,complete_2,cyclic_4_1,block_4_1,cyclic_2_1,unroll_2,pipeline_1,unroll_2,unroll_16,unroll_4,unroll_2,1,1,0.882550279898,False
workload_3705.cpp,xcu200-fsgd2104-2-e,5,11.27313,98,1,1,1,1,cyclic_2_2,complete_2,cyclic_4_1,block_4_1,cyclic_8_1,unroll_2,pipeline_1,pipeline_1,pipeline_1,unroll_2,unroll_8,1,1,1,True
workload_3504.cpp,xcu200-fsgd2104-2-e,5,41.70938,85.5,1,1,1,1,cyclic_2_2,complete_2,cyclic_4_1,block_4_1,cyclic_8_1,unroll_2,pipeline_1,pipeline_1,unroll_16,unroll_2,pipeline_1,2,1,0.882550279898,False
workload_3786.cpp,xcu200-fsgd2104-2-e,5,41.70938,74,1,1,1,1,cyclic_2_2,complete_2,cyclic_4_1,block_4_1,cyclic_8_1,unroll_2,pipeline_1,pipeline_1,unroll_16,unroll_2,unroll_2,1,1,0.882550279898,False
workload_3441.cpp,xcu200-fsgd2104-2-e,5,41.70938,75.5,1,1,1,1,cyclic_2_2,complete_2,cyclic_4_1,block_4_1,cyclic_8_1,unroll_2,pipeline_1,pipeline_1,unroll_16,unroll_2,unroll_8,2,1,0.882550279898,False
workload_3531.cpp,xcu200-fsgd2104-2-e,5,41.70938,90,1,1,1,1,cyclic_2_2,complete_2,cyclic_4_1,block_4_1,cyclic_8_1,unroll_2,pipeline_1,pipeline_1,unroll_16,unroll_8,pipeline_1,1,1,0.882550279898,False
workload_3593.cpp,xcu200-fsgd2104-2-e,5,41.70938,71,1,1,1,1,cyclic_2_2,complete_2,cyclic_8_1,block_8_1,cyclic_8_1,unroll_2,pipeline_1,pipeline_1,unroll_16,unroll_2,pipeline_1,1,1,0.882550279898,False
workload_3791.cpp,xcu200-fsgd2104-2-e,5,11.27313,78,1,1,1,1,cyclic_2_2,cyclic_2_2,block_2_1,block_4_1,block_2_1,unroll_2,pipeline_1,unroll_2,pipeline_1,unroll_8,pipeline_1,1,1,1,True
workload_3723.cpp,xcu200-fsgd2104-2-e,5,41.70938,80,1,1,1,1,cyclic_2_2,cyclic_2_2,block_2_1,block_4_1,cyclic_2_1,unroll_2,pipeline_1,pipeline_1,unroll_16,unroll_2,unroll_8,1,1,0.882550279898,False
workload_3688.cpp,xcu200-fsgd2104-2-e,5,11.27313,78,1,1,1,1,cyclic_2_2,cyclic_2_2,block_2_1,block_4_1,cyclic_2_1,unroll_2,pipeline_1,unroll_2,pipeline_1,unroll_8,pipeline_1,2,1,1,True
workload_3710.cpp,xcu200-fsgd2104-2-e,5,41.70938,158,1,1,1,1,cyclic_2_2,cyclic_2_2,block_2_1,block_4_1,cyclic_8_1,unroll_2,pipeline_1,pipeline_1,unroll_16,unroll_2,unroll_8,1,1,0.882550279898,False
workload_3213.cpp,xcu200-fsgd2104-2-e,5,11.543225,505,1,1,3,7,cyclic_2_2,cyclic_2_2,block_2_1,block_8_1,cyclic_2_1,unroll_16,pipeline_1,pipeline_1,unroll_4,unroll_2,unroll_8,1,3,0.717343903044,False
workload_3190.cpp,xcu200-fsgd2104-2-e,5,298.92188,1229,1,1,3,16,cyclic_2_2,cyclic_2_2,block_2_1,block_8_1,cyclic_8_1,unroll_2,unroll_16,pipeline_1,unroll_2,unroll_16,pipeline_1,1,5.25,0.163088190429,False
workload_3597.cpp,xcu200-fsgd2104-2-e,5,11.27313,74,1,1,1,1,cyclic_2_2,cyclic_2_2,block_4_1,block_4_1,block_2_1,unroll_2,pipeline_1,pipeline_1,pipeline_1,unroll_2,unroll_2,1,1,1,True
workload_3615.cpp,xcu200-fsgd2104-2-e,5,11.27313,77,1,1,1,1,cyclic_2_2,cyclic_2_2,block_4_1,block_4_1,block_2_1,unroll_2,pipeline_1,pipeline_1,unroll_8,unroll_2,pipeline_1,1,1,1,True
workload_3529.cpp,xcu200-fsgd2104-2-e,5,11.27313,85,1,1,1,1,cyclic_2_2,cyclic_2_2,block_4_1,block_4_1,block_2_1,unroll_2,pipeline_1,pipeline_1,unroll_8,unroll_2,unroll_2,1,1,1,True
workload_3368.cpp,xcu200-fsgd2104-2-e,5,11.36302,108,1,1,1,2,cyclic_2_2,cyclic_2_2,block_4_1,block_4_1,block_2_1,unroll_4,pipeline_1,pipeline_1,unroll_8,unroll_2,unroll_16,1,1.25,0.961761638234,False
workload_3345.cpp,xcu200-fsgd2104-2-e,5,11.36302,120,1,1,1,2,cyclic_2_2,cyclic_2_2,block_4_1,block_4_1,block_2_1,unroll_4,pipeline_1,pipeline_1,unroll_8,unroll_4,unroll_16,1,1.25,0.961761638234,False
workload_3631.cpp,xcu200-fsgd2104-2-e,5,11.27313,74,1,1,1,1,cyclic_2_2,cyclic_2_2,block_4_1,block_4_1,block_4_1,unroll_2,pipeline_1,pipeline_1,pipeline_1,unroll_2,unroll_2,1,1,1,True
workload_3694.cpp,xcu200-fsgd2104-2-e,5,11.27313,72,1,1,1,1,cyclic_2_2,cyclic_2_2,block_4_1,block_4_1,complete_1,unroll_2,pipeline_1,pipeline_1,pipeline_1,unroll_2,unroll_2,1,1,1,True
workload_3467.cpp,xcu200-fsgd2104-2-e,5,130.56909,174,1,1,1,6,cyclic_2_2,cyclic_2_2,block_4_1,block_4_1,cyclic_2_1,unroll_4,unroll_2,pipeline_1,unroll_8,unroll_4,pipeline_1,1,2.25,0.559288167579,False
workload_3596.cpp,xcu200-fsgd2104-2-e,5,11.27313,76,1,1,1,1,cyclic_2_2,cyclic_2_2,block_8_1,block_4_1,block_2_1,unroll_2,pipeline_1,pipeline_1,unroll_8,unroll_2,unroll_2,1,1,1,True
workload_3204.cpp,xcu200-fsgd2104-2-e,5,120.481455,1911,1,1,7,33,cyclic_2_2,cyclic_2_2,block_8_1,cyclic_4_1,cyclic_8_1,unroll_32,unroll_2,pipeline_1,pipeline_1,unroll_2,pipeline_1,1,10.5,0.119928159425,False
workload_3761.cpp,xcu200-fsgd2104-2-e,5,11.27313,79,1,1,1,1,cyclic_2_2,cyclic_2_2,complete_1,block_4_1,cyclic_8_1,unroll_2,pipeline_1,pipeline_1,pipeline_1,unroll_2,pipeline_1,1,1,1,True
workload_3295.cpp,xcu200-fsgd2104-2-e,5,76.783665,1494,1,1,5,11,cyclic_2_2,cyclic_2_2,complete_1,block_4_1,cyclic_8_1,unroll_32,pipeline_1,pipeline_1,unroll_2,pipeline_1,pipeline_1,1,4.5,0.499297577557,False
workload_3406.cpp,xcu200-fsgd2104-2-e,5,75.58396,109,1,1,1,1,cyclic_2_2,cyclic_2_2,complete_1,block_4_1,cyclic_8_1,unroll_4,pipeline_1,pipeline_1,unroll_4,pipeline_1,unroll_16,1,1,0.761484345041,False
workload_3423.cpp,xcu200-fsgd2104-2-e,5,11.36302,136,1,1,1,2,cyclic_2_2,cyclic_2_2,complete_1,cyclic_4_1,cyclic_2_1,unroll_4,pipeline_1,pipeline_1,unroll_2,unroll_2,unroll_8,1,1.25,0.961761638234,False
workload_3259.cpp,xcu200-fsgd2104-2-e,5,344.481455,2833,1,1,5,20,cyclic_2_2,cyclic_2_2,cyclic_2_1,block_2_1,cyclic_8_1,unroll_32,unroll_2,pipeline_1,unroll_2,unroll_2,unroll_8,1,6.75,0.111070282206,False
workload_3792.cpp,xcu200-fsgd2104-2-e,5,11.27313,81,1,1,1,1,cyclic_2_2,cyclic_2_2,cyclic_4_1,block_2_1,cyclic_8_1,unroll_2,pipeline_1,pipeline_1,pipeline_1,unroll_2,unroll_16,1,1,1,True
workload_3648.cpp,xcu200-fsgd2104-2-e,5,11.27313,78,1,1,1,1,cyclic_2_2,cyclic_2_2,cyclic_4_1,block_4_1,block_2_1,unroll_2,pipeline_1,pipeline_1,unroll_8,unroll_2,pipeline_1,1,1,1,True
workload_3780.cpp,xcu200-fsgd2104-2-e,5,11.27313,85,1,1,1,1,cyclic_2_2,cyclic_2_2,cyclic_4_1,block_4_1,cyclic_8_1,unroll_2,pipeline_1,pipeline_1,pipeline_1,unroll_8,pipeline_1,1,1,1,True
workload_3325.cpp,xcu200-fsgd2104-2-e,5,11.543345,1405,1,1,7,13,cyclic_2_2,cyclic_2_2,cyclic_8_1,block_8_1,cyclic_8_1,unroll_32,pipeline_1,pipeline_1,pipeline_1,unroll_16,unroll_8,1,5.5,0.438724539766,False
workload_3254.cpp,xcu200-fsgd2104-2-e,5,11.543345,1939,1,1,7,13,cyclic_2_2,cyclic_2_2,cyclic_8_1,block_8_1,cyclic_8_1,unroll_32,pipeline_1,pipeline_1,unroll_2,unroll_16,unroll_4,1,5.5,0.438724539766,False
workload_3644.cpp,xcu200-fsgd2104-2-e,5,11.27313,71,1,1,1,1,cyclic_2_2,cyclic_4_2,block_2_1,block_4_1,block_2_1,unroll_2,pipeline_1,unroll_2,pipeline_1,unroll_4,pipeline_1,1,1,1,True
workload_3550.cpp,xcu200-fsgd2104-2-e,5,11.27313,91,1,1,1,1,cyclic_2_2,cyclic_4_2,block_2_1,block_4_1,block_2_1,unroll_2,pipeline_1,unroll_2,pipeline_1,unroll_4,unroll_2,1,1,1,True
workload_3619.cpp,xcu200-fsgd2104-2-e,5,11.27313,75,1,1,1,1,cyclic_2_2,cyclic_4_2,block_2_1,block_4_1,block_2_1,unroll_2,pipeline_1,unroll_2,pipeline_1,unroll_8,unroll_2,1,1,1,True
workload_3711.cpp,xcu200-fsgd2104-2-e,5,41.70938,150,1,1,1,1,cyclic_2_2,cyclic_4_2,block_2_1,block_4_1,cyclic_2_1,unroll_2,pipeline_1,pipeline_1,unroll_16,unroll_4,unroll_2,1,1,0.882550279898,False
workload_3642.cpp,xcu200-fsgd2104-2-e,5,11.27313,72,1,1,1,1,cyclic_2_2,cyclic_4_2,block_2_1,block_4_1,cyclic_2_1,unroll_2,pipeline_1,unroll_2,pipeline_1,unroll_8,unroll_2,1,1,1,True
workload_3722.cpp,xcu200-fsgd2104-2-e,5,41.70938,79,1,1,1,1,cyclic_2_2,cyclic_4_2,block_2_1,block_4_1,cyclic_2_1,unroll_2,pipeline_1,unroll_2,unroll_16,unroll_2,unroll_2,1,1,0.882550279898,False
workload_3729.cpp,xcu200-fsgd2104-2-e,5,11.27313,83,1,1,1,1,cyclic_2_2,cyclic_4_2,block_2_1,block_4_1,cyclic_8_1,unroll_2,pipeline_1,pipeline_1,pipeline_1,unroll_4,unroll_2,1,1,1,True
workload_3672.cpp,xcu200-fsgd2104-2-e,5,11.27313,77,1,1,1,1,cyclic_2_2,cyclic_4_2,block_2_1,block_4_1,cyclic_8_1,unroll_2,pipeline_1,pipeline_1,pipeline_1,unroll_8,unroll_8,1,1,1,True
workload_3697.cpp,xcu200-fsgd2104-2-e,5,41.70938,71,1,1,1,1,cyclic_2_2,cyclic_4_2,block_2_1,block_4_1,cyclic_8_1,unroll_2,pipeline_1,pipeline_1,unroll_16,unroll_8,unroll_8,1,1,0.882550279898,False
workload_3728.cpp,xcu200-fsgd2104-2-e,5,11.27313,81,1,1,1,1,cyclic_2_2,cyclic_4_2,block_2_1,block_4_1,cyclic_8_1,unroll_2,pipeline_1,unroll_2,pipeline_1,unroll_8,unroll_2,1,1,1,True
workload_3719.cpp,xcu200-fsgd2104-2-e,5,11.27313,78,1,1,1,1,cyclic_2_2,cyclic_4_2,block_4_1,block_4_1,block_2_1,unroll_2,pipeline_1,unroll_2,pipeline_1,unroll_4,unroll_2,1,1,1,True
workload_3708.cpp,xcu200-fsgd2104-2-e,5,11.27313,151,1,1,1,1,cyclic_2_2,cyclic_4_2,block_4_1,complete_1,block_4_1,unroll_2,pipeline_1,pipeline_1,unroll_8,unroll_16,pipeline_1,1,1,1,True
workload_3632.cpp,xcu200-fsgd2104-2-e,5,11.27313,73,1,1,1,1,cyclic_2_2,cyclic_4_2,block_4_1,complete_1,block_4_1,unroll_2,pipeline_1,unroll_2,pipeline_1,unroll_4,unroll_2,1,1,1,True
workload_3289.cpp,xcu200-fsgd2104-2-e,5,111.361455,324,1,1,2,7,cyclic_2_2,cyclic_4_2,block_8_1,block_2_1,cyclic_8_1,unroll_8,unroll_2,pipeline_1,unroll_2,pipeline_1,pipeline_1,1,2.75,0.582033598215,False
workload_3765.cpp,xcu200-fsgd2104-2-e,5,11.27313,81,1,1,1,1,cyclic_2_2,cyclic_4_2,block_8_1,block_4_1,block_4_1,unroll_2,pipeline_1,pipeline_1,unroll_8,unroll_16,pipeline_1,1,1,1,True
workload_3221.cpp,xcu200-fsgd2104-2-e,5,111.361455,343,1,1,2,7,cyclic_2_2,cyclic_4_2,complete_1,block_2_1,cyclic_4_1,unroll_8,unroll_2,pipeline_1,unroll_2,pipeline_1,pipeline_1,1,2.75,0.582033598215,False
workload_3755.cpp,xcu200-fsgd2104-2-e,5,41.70938,73,1,1,1,1,cyclic_2_2,cyclic_4_2,complete_1,block_4_1,block_2_1,unroll_2,pipeline_1,pipeline_1,unroll_16,unroll_2,unroll_16,1,1,0.882550279898,False
workload_3689.cpp,xcu200-fsgd2104-2-e,5,11.27313,74,1,1,1,1,cyclic_2_2,cyclic_4_2,complete_1,block_4_1,block_2_1,unroll_2,pipeline_1,unroll_2,pipeline_1,unroll_2,unroll_2,1,1,1,True
workload_3565.cpp,xcu200-fsgd2104-2-e,5,11.27313,80,1,1,1,1,cyclic_2_2,cyclic_4_2,complete_1,block_4_1,block_2_1,unroll_2,pipeline_1,unroll_2,pipeline_1,unroll_8,unroll_2,1,1,1,True
workload_3754.cpp,xcu200-fsgd2104-2-e,5,11.36302,123,1,1,1,2,cyclic_2_2,cyclic_4_2,complete_1,block_4_1,block_2_1,unroll_4,pipeline_1,unroll_2,pipeline_1,unroll_4,unroll_2,1,1.25,0.961761638234,False
workload_3422.cpp,xcu200-fsgd2104-2-e,5,11.543225,247,1,1,2,3,cyclic_2_2,cyclic_4_2,complete_1,block_4_1,block_2_1,unroll_8,pipeline_1,pipeline_1,pipeline_1,unroll_2,unroll_8,1,1.75,0.887775040249,False
workload_3665.cpp,xcu200-fsgd2104-2-e,5,11.27313,72,1,1,1,1,cyclic_2_2,cyclic_4_2,complete_1,block_4_1,complete_1,unroll_2,pipeline_1,pipeline_1,pipeline_1,unroll_8,unroll_2,1,1,1,True
workload_3737.cpp,xcu200-fsgd2104-2-e,5,11.36302,128,1,1,1,2,cyclic_2_2,cyclic_4_2,complete_1,block_4_1,complete_1,unroll_4,pipeline_1,pipeline_1,pipeline_1,unroll_4,unroll_2,1,1.25,0.961761638234,False
workload_3659.cpp,xcu200-fsgd2104-2-e,5,11.27313,73,1,1,1,1,cyclic_2_2,cyclic_4_2,complete_1,complete_1,block_2_1,unroll_2,pipeline_1,unroll_2,pipeline_1,unroll_2,unroll_2,1,1,1,True
workload_3589.cpp,xcu200-fsgd2104-2-e,5,11.27313,74,1,1,1,1,cyclic_2_2,cyclic_4_2,cyclic_4_1,block_4_1,block_2_1,unroll_2,pipeline_1,pipeline_1,pipeline_1,unroll_4,pipeline_1,1,1,1,True
workload_3586.cpp,xcu200-fsgd2104-2-e,5,41.70938,74,1,1,1,1,cyclic_2_2,cyclic_4_2,cyclic_4_1,block_4_1,block_2_1,unroll_2,pipeline_1,pipeline_1,unroll_16,unroll_2,unroll_16,1,1,0.882550279898,False
workload_3487.cpp,xcu200-fsgd2104-2-e,5,11.27313,106,1,1,1,1,cyclic_2_2,cyclic_4_2,cyclic_4_1,block_4_1,cyclic_2_1,unroll_2,pipeline_1,pipeline_1,pipeline_1,unroll_4,pipeline_1,1,1,1,True
workload_3657.cpp,xcu200-fsgd2104-2-e,5,11.27313,74,1,1,1,1,cyclic_2_2,cyclic_4_2,cyclic_4_1,block_4_1,cyclic_2_1,unroll_2,pipeline_1,pipeline_1,pipeline_1,unroll_8,unroll_8,1,1,1,True
workload_3776.cpp,xcu200-fsgd2104-2-e,5,41.70938,77,1,1,1,1,cyclic_2_2,cyclic_4_2,cyclic_4_1,block_4_1,cyclic_2_1,unroll_2,pipeline_1,pipeline_1,unroll_16,unroll_4,unroll_2,1,1,0.882550279898,False
workload_3595.cpp,xcu200-fsgd2104-2-e,5,11.27313,78,1,1,1,1,cyclic_2_2,cyclic_4_2,cyclic_4_1,block_4_1,cyclic_2_1,unroll_2,pipeline_1,pipeline_1,unroll_8,unroll_4,pipeline_1,1,1,1,True
workload_3552.cpp,xcu200-fsgd2104-2-e,5,11.27313,91,1,1,1,1,cyclic_2_2,cyclic_4_2,cyclic_4_1,block_4_1,cyclic_4_1,unroll_2,pipeline_1,pipeline_1,pipeline_1,unroll_4,pipeline_1,1,1,1,True
workload_3585.cpp,xcu200-fsgd2104-2-e,5,11.27313,74,1,1,1,1,cyclic_2_2,cyclic_8_2,cyclic_4_1,block_4_1,cyclic_2_1,unroll_2,pipeline_1,pipeline_1,pipeline_1,unroll_2,pipeline_1,1,1,1,True
workload_3323.cpp,xcu200-fsgd2104-2-e,5,11.543345,1398,1,1,7,13,cyclic_4_2,block_4_2,complete_1,block_4_1,block_2_1,unroll_32,pipeline_1,unroll_2,unroll_2,unroll_8,unroll_4,1,5.5,0.438724539766,False
workload_3310.cpp,xcu200-fsgd2104-2-e,5,344.481455,227,1,1,1,5,cyclic_4_2,complete_1,block_8_1,block_2_1,cyclic_8_1,unroll_8,unroll_2,pipeline_1,unroll_2,unroll_2,unroll_8,1,2,0.158856194235,False
workload_3202.cpp,xcu200-fsgd2104-2-e,5,11.543345,1465,1,1,7,13,cyclic_4_2,complete_1,complete_1,block_4_1,block_2_1,unroll_32,pipeline_1,unroll_2,unroll_2,unroll_8,unroll_4,1,5.5,0.438724539766,False
workload_3321.cpp,xcu200-fsgd2104-2-e,5,11.543345,1387,1,1,7,13,cyclic_4_2,complete_1,complete_1,cyclic_4_1,block_2_1,unroll_32,pipeline_1,unroll_2,unroll_2,unroll_8,unroll_4,1,5.5,0.438724539766,False
workload_3357.cpp,xcu200-fsgd2104-2-e,5,11.543225,207,1,1,2,3,cyclic_4_2,complete_1,cyclic_2_1,cyclic_4_1,block_2_1,unroll_8,pipeline_1,pipeline_1,pipeline_1,unroll_2,pipeline_1,1,1.75,0.887775040249,False
workload_3252.cpp,xcu200-fsgd2104-2-e,5,11.543225,550,1,1,3,7,cyclic_4_2,complete_1,cyclic_4_1,block_4_1,block_2_1,unroll_16,pipeline_1,unroll_2,unroll_2,unroll_8,unroll_2,1,3,0.717343903044,False
workload_3231.cpp,xcu200-fsgd2104-2-e,5,11.543345,1548,1,1,7,13,cyclic_4_2,complete_1,cyclic_4_1,block_4_1,block_2_1,unroll_32,pipeline_1,unroll_2,unroll_2,unroll_8,unroll_4,1,5.5,0.438724539766,False
workload_3298.cpp,xcu200-fsgd2104-2-e,5,11.543345,1420,1,1,7,13,cyclic_4_2,complete_1,cyclic_4_1,block_4_1,cyclic_2_1,unroll_32,pipeline_1,unroll_2,unroll_2,unroll_8,unroll_4,1,5.5,0.438724539766,False
workload_3235.cpp,xcu200-fsgd2104-2-e,5,11.543345,1527,1,1,7,13,cyclic_4_2,cyclic_2_2,complete_1,block_4_1,block_2_1,unroll_32,pipeline_1,pipeline_1,unroll_2,unroll_8,unroll_4,1,5.5,0.438724539766,False
workload_3273.cpp,xcu200-fsgd2104-2-e,5,11.543345,1487,1,1,7,13,cyclic_4_2,cyclic_2_2,cyclic_8_1,block_4_1,complete_1,unroll_32,pipeline_1,pipeline_1,unroll_2,unroll_8,unroll_4,1,5.5,0.438724539766,False
workload_3316.cpp,xcu200-fsgd2104-2-e,5,11.543225,207,1,1,2,3,cyclic_4_2,cyclic_2_2,cyclic_8_1,block_4_1,complete_1,unroll_8,pipeline_1,pipeline_1,pipeline_1,unroll_8,unroll_4,1,1.75,0.887775040249,False
workload_3363.cpp,xcu200-fsgd2104-2-e,5,76.783545,207,1,1,1,3,cyclic_4_2,cyclic_2_2,cyclic_8_1,block_4_1,complete_1,unroll_8,pipeline_1,pipeline_1,unroll_8,pipeline_1,unroll_16,1,1.5,0.747862042665,False
workload_3627.cpp,xcu200-fsgd2104-2-e,5,11.27313,76,1,1,1,1,cyclic_4_2,cyclic_4_2,complete_1,block_4_1,block_2_1,unroll_2,pipeline_1,unroll_2,unroll_4,unroll_8,unroll_2,1,1,1,True
workload_3343.cpp,xcu200-fsgd2104-2-e,5,11.543225,447,1,1,3,7,cyclic_4_2,cyclic_8_2,cyclic_4_1,block_4_1,block_2_1,unroll_16,pipeline_1,unroll_2,unroll_2,unroll_8,unroll_2,1,3,0.717343903044,False
workload_3386.cpp,xcu200-fsgd2104-2-e,5,11.543225,202,1,1,2,3,cyclic_8_2,block_2_2,complete_1,block_4_1,cyclic_2_1,unroll_8,pipeline_1,unroll_2,unroll_4,unroll_4,unroll_16,1,1.75,0.887775040249,False
workload_3176.cpp,xcu200-fsgd2104-2-e,5,171.041455,485,1,1,3,11,cyclic_8_2,block_2_2,complete_1,block_4_1,cyclic_2_1,unroll_8,unroll_2,unroll_2,unroll_8,pipeline_1,unroll_16,1,4,0.384014098571,False
workload_3496.cpp,xcu200-fsgd2104-2-e,5,11.27313,121,1,1,1,1,cyclic_8_2,block_4_2,block_8_1,block_4_1,cyclic_2_1,unroll_2,pipeline_1,unroll_2,unroll_8,unroll_2,unroll_16,1,1,1,True
workload_3576.cpp,xcu200-fsgd2104-2-e,5,11.27313,86,1,1,1,1,cyclic_8_2,block_4_2,block_8_1,block_4_1,cyclic_2_1,unroll_2,pipeline_1,unroll_2,unroll_8,unroll_2,unroll_2,1,1,1,True
workload_3477.cpp,xcu200-fsgd2104-2-e,5,11.36302,132,1,1,1,2,cyclic_8_2,block_4_2,block_8_1,block_4_1,cyclic_2_1,unroll_4,pipeline_1,pipeline_1,unroll_8,unroll_2,unroll_16,1,1.25,0.961761638234,False
workload_3431.cpp,xcu200-fsgd2104-2-e,5,11.36302,122,1,1,1,2,cyclic_8_2,block_4_2,block_8_1,block_4_1,cyclic_2_1,unroll_4,pipeline_1,unroll_2,unroll_8,unroll_2,unroll_16,1,1.25,0.961761638234,False
workload_3454.cpp,xcu200-fsgd2104-2-e,5,11.36302,136,1,1,1,2,cyclic_8_2,block_4_2,complete_1,block_4_1,block_2_1,unroll_4,pipeline_1,unroll_2,pipeline_1,unroll_8,pipeline_1,1,1.25,0.961761638234,False
workload_3526.cpp,xcu200-fsgd2104-2-e,5,11.36302,117,1,1,1,2,cyclic_8_2,block_4_2,complete_1,block_4_1,block_2_1,unroll_4,pipeline_1,unroll_2,pipeline_1,unroll_8,unroll_2,1,1.25,0.961761638234,False
workload_3472.cpp,xcu200-fsgd2104-2-e,5,11.27313,89,1,1,1,1,cyclic_8_2,block_4_2,complete_1,block_4_1,cyclic_2_1,unroll_2,pipeline_1,unroll_2,unroll_8,unroll_2,unroll_16,1,1,1,True
workload_3424.cpp,xcu200-fsgd2104-2-e,5,75.58396,128,1,1,1,1,cyclic_8_2,block_4_2,complete_1,block_4_1,cyclic_2_1,unroll_4,pipeline_1,pipeline_1,unroll_16,pipeline_1,pipeline_1,1,1,0.761484345041,False
workload_3460.cpp,xcu200-fsgd2104-2-e,5,11.36302,144,1,1,1,2,cyclic_8_2,block_4_2,complete_1,block_4_1,cyclic_2_1,unroll_4,pipeline_1,pipeline_1,unroll_8,unroll_2,unroll_16,1,1.25,0.961761638234,False
workload_3497.cpp,xcu200-fsgd2104-2-e,5,11.36302,180,1,1,1,2,cyclic_8_2,block_4_2,complete_1,block_4_1,cyclic_2_1,unroll_4,pipeline_1,unroll_2,pipeline_1,pipeline_1,unroll_16,1,1.25,0.961761638234,False
workload_3520.cpp,xcu200-fsgd2104-2-e,5,11.36302,119,1,1,1,2,cyclic_8_2,block_4_2,complete_1,block_4_1,cyclic_2_1,unroll_4,pipeline_1,unroll_2,pipeline_1,unroll_2,unroll_4,1,1.25,0.961761638234,False
workload_3510.cpp,xcu200-fsgd2104-2-e,5,11.36302,141,1,1,1,2,cyclic_8_2,block_4_2,complete_1,block_4_1,cyclic_2_1,unroll_4,pipeline_1,unroll_2,pipeline_1,unroll_8,unroll_16,1,1.25,0.961761638234,False
workload_3362.cpp,xcu200-fsgd2104-2-e,5,11.36302,109,1,1,1,2,cyclic_8_2,block_4_2,complete_1,block_4_1,cyclic_2_1,unroll_4,pipeline_1,unroll_2,pipeline_1,unroll_8,unroll_4,1,1.25,0.961761638234,False
workload_3473.cpp,xcu200-fsgd2104-2-e,5,11.36302,139,1,1,1,2,cyclic_8_2,block_4_2,complete_1,block_4_1,cyclic_2_1,unroll_4,pipeline_1,unroll_2,unroll_2,pipeline_1,unroll_4,1,1.25,0.961761638234,False
workload_3445.cpp,xcu200-fsgd2104-2-e,5,11.36302,124,1,1,1,2,cyclic_8_2,block_4_2,complete_1,block_4_1,cyclic_2_1,unroll_4,pipeline_1,unroll_2,unroll_2,unroll_8,unroll_4,1,1.25,0.961761638234,False
workload_3331.cpp,xcu200-fsgd2104-2-e,5,11.36302,108,1,1,1,2,cyclic_8_2,block_4_2,complete_1,block_4_1,cyclic_2_1,unroll_4,pipeline_1,unroll_2,unroll_4,pipeline_1,unroll_16,1,1.25,0.961761638234,False
workload_3468.cpp,xcu200-fsgd2104-2-e,5,11.36302,138,1,1,1,2,cyclic_8_2,block_4_2,complete_1,block_4_1,cyclic_2_1,unroll_4,pipeline_1,unroll_2,unroll_4,unroll_8,unroll_16,1,1.25,0.961761638234,False
workload_3250.cpp,xcu200-fsgd2104-2-e,5,11.36302,128,1,1,1,2,cyclic_8_2,block_4_2,complete_1,block_4_1,cyclic_2_1,unroll_4,pipeline_1,unroll_2,unroll_8,pipeline_1,unroll_16,1,1.25,0.961761638234,False
workload_3403.cpp,xcu200-fsgd2104-2-e,5,11.543225,212,1,1,2,3,cyclic_8_2,block_4_2,complete_1,block_4_1,cyclic_2_1,unroll_8,pipeline_1,unroll_2,unroll_4,pipeline_1,unroll_16,1,1.75,0.887775040249,False
workload_3533.cpp,xcu200-fsgd2104-2-e,5,11.36302,123,1,1,1,2,cyclic_8_2,block_4_2,complete_1,block_4_1,cyclic_8_1,unroll_4,pipeline_1,pipeline_1,unroll_4,unroll_2,pipeline_1,1,1.25,0.961761638234,False
workload_3474.cpp,xcu200-fsgd2104-2-e,5,11.36302,163,1,1,1,2,cyclic_8_2,block_4_2,complete_1,block_8_1,block_2_1,unroll_4,pipeline_1,pipeline_1,pipeline_1,unroll_2,unroll_8,1,1.25,0.961761638234,False
workload_3367.cpp,xcu200-fsgd2104-2-e,5,11.36302,107,1,1,1,2,cyclic_8_2,block_4_2,complete_1,block_8_1,cyclic_2_1,unroll_4,pipeline_1,unroll_2,pipeline_1,unroll_8,unroll_4,1,1.25,0.961761638234,False
workload_3394.cpp,xcu200-fsgd2104-2-e,5,11.543225,213,1,1,2,3,cyclic_8_2,block_8_2,block_8_1,block_8_1,block_8_1,unroll_8,pipeline_1,unroll_2,unroll_8,unroll_2,pipeline_1,1,1.75,0.887775040249,False
workload_3489.cpp,xcu200-fsgd2104-2-e,5,11.36302,171,1,1,1,2,cyclic_8_2,block_8_2,complete_1,block_4_1,block_2_1,unroll_4,pipeline_1,unroll_2,pipeline_1,unroll_8,pipeline_1,1,1.25,0.961761638234,False
workload_3516.cpp,xcu200-fsgd2104-2-e,5,11.36302,135,1,1,1,2,cyclic_8_2,block_8_2,complete_1,block_4_1,cyclic_2_1,unroll_4,pipeline_1,pipeline_1,unroll_8,unroll_2,unroll_16,1,1.25,0.961761638234,False
workload_3339.cpp,xcu200-fsgd2104-2-e,5,76.783545,197,1,1,1,3,cyclic_8_2,block_8_2,complete_1,cyclic_8_1,block_8_1,unroll_8,pipeline_1,pipeline_1,unroll_8,pipeline_1,unroll_16,1,1.5,0.747862042665,False
workload_3449.cpp,xcu200-fsgd2104-2-e,5,11.36302,130,1,1,1,2,cyclic_8_2,complete_1,block_4_1,block_8_1,block_2_1,unroll_4,pipeline_1,pipeline_1,unroll_8,unroll_2,unroll_16,1,1.25,0.961761638234,False
workload_3503.cpp,xcu200-fsgd2104-2-e,5,42.04276,147,1,1,1,1,cyclic_8_2,complete_1,complete_1,block_4_1,cyclic_2_1,unroll_4,pipeline_1,pipeline_1,unroll_16,unroll_8,pipeline_1,1,1,0.88130925583,False
workload_3419.cpp,xcu200-fsgd2104-2-e,5,11.36302,138,1,1,1,2,cyclic_8_2,complete_1,complete_1,block_4_1,cyclic_2_1,unroll_4,pipeline_1,unroll_2,pipeline_1,unroll_8,unroll_4,1,1.25,0.961761638234,False
workload_3383.cpp,xcu200-fsgd2104-2-e,5,11.36302,112,1,1,1,2,cyclic_8_2,complete_1,complete_1,block_4_1,cyclic_2_1,unroll_4,pipeline_1,unroll_2,unroll_8,unroll_2,unroll_16,1,1.25,0.961761638234,False
workload_3495.cpp,xcu200-fsgd2104-2-e,5,75.58396,171,1,1,1,1,cyclic_8_2,complete_1,complete_1,block_4_1,cyclic_8_1,unroll_4,pipeline_1,pipeline_1,unroll_8,pipeline_1,unroll_16,1,1,0.761484345041,False
workload_3465.cpp,xcu200-fsgd2104-2-e,5,11.36302,133,1,1,1,2,cyclic_8_2,complete_1,complete_1,block_4_1,cyclic_8_1,unroll_4,pipeline_1,unroll_2,unroll_8,pipeline_1,unroll_16,1,1.25,0.961761638234,False
workload_3407.cpp,xcu200-fsgd2104-2-e,5,11.36302,107,1,1,1,2,cyclic_8_2,complete_1,complete_1,block_8_1,block_2_1,unroll_4,pipeline_1,unroll_2,pipeline_1,unroll_8,unroll_8,1,1.25,0.961761638234,False
workload_3479.cpp,xcu200-fsgd2104-2-e,5,11.36302,133,1,1,1,2,cyclic_8_2,complete_1,complete_1,block_8_1,cyclic_2_1,unroll_4,pipeline_1,unroll_2,pipeline_1,unroll_8,unroll_4,1,1.25,0.961761638234,False
workload_3228.cpp,xcu200-fsgd2104-2-e,5,11.543225,225,1,1,2,3,cyclic_8_2,complete_2,cyclic_4_1,block_4_1,complete_1,unroll_8,pipeline_1,pipeline_1,pipeline_1,unroll_2,pipeline_1,1,1.75,0.887775040249,False
workload_3338.cpp,xcu200-fsgd2104-2-e,5,11.543225,197,1,1,2,3,cyclic_8_2,complete_2,cyclic_4_1,block_4_1,complete_1,unroll_8,pipeline_1,pipeline_1,unroll_8,unroll_2,pipeline_1,1,1.75,0.887775040249,False
workload_3297.cpp,xcu200-fsgd2104-2-e,5,240.15813,86,1,1,1,2,cyclic_8_2,complete_2,cyclic_8_1,complete_1,block_4_1,unroll_2,unroll_2,unroll_2,unroll_4,pipeline_1,unroll_2,1,1.25,0.317601646412,False
workload_3416.cpp,xcu200-fsgd2104-2-e,5,11.36302,123,1,1,1,2,cyclic_8_2,cyclic_2_2,block_4_1,block_4_1,cyclic_2_1,unroll_4,pipeline_1,pipeline_1,unroll_8,unroll_2,unroll_16,1,1.25,0.961761638234,False
workload_3307.cpp,xcu200-fsgd2104-2-e,5,75.58396,108,1,1,1,1,cyclic_8_2,cyclic_2_2,complete_1,block_4_1,block_8_1,unroll_4,pipeline_1,pipeline_1,unroll_8,pipeline_1,unroll_16,1,1,0.761484345041,False
workload_3562.cpp,xcu200-fsgd2104-2-e,5,11.36302,139,1,1,1,2,cyclic_8_2,cyclic_4_2,complete_1,block_4_1,block_2_1,unroll_4,pipeline_1,pipeline_1,unroll_8,unroll_2,unroll_2,1,1.25,0.961761638234,False
workload_3379.cpp,xcu200-fsgd2104-2-e,5,75.58396,109,1,1,1,1,cyclic_8_2,cyclic_4_2,complete_1,block_4_1,block_8_1,unroll_4,pipeline_1,pipeline_1,unroll_8,pipeline_1,unroll_2,1,1,0.761484345041,False
workload_3534.cpp,xcu200-fsgd2104-2-e,5,11.36302,125,1,1,1,2,cyclic_8_2,cyclic_4_2,complete_1,block_8_1,cyclic_2_1,unroll_4,pipeline_1,pipeline_1,unroll_8,unroll_16,unroll_16,1,1.25,0.961761638234,False
workload_3101.cpp,xcu200-fsgd2104-2-e,10,21.96626,67,1,1,1,1,block_2_2,block_8_2,block_4_1,cyclic_8_1,block_8_1,unroll_2,pipeline_1,unroll_2,unroll_16,unroll_2,pipeline_1,1,1,1,True
workload_3138.cpp,xcu200-fsgd2104-2-e,10,21.96626,66,1,1,1,1,block_2_2,block_8_2,complete_1,cyclic_4_1,block_4_1,unroll_2,pipeline_1,unroll_2,unroll_16,pipeline_1,pipeline_1,1,1,1,True
workload_2664.cpp,xcu200-fsgd2104-2-e,10,22.55653,344,1,1,4,6,block_4_2,block_2_2,block_8_1,complete_1,cyclic_2_1,unroll_16,pipeline_1,pipeline_1,unroll_2,unroll_8,unroll_8,1,3,0.645205953703,False
workload_2720.cpp,xcu200-fsgd2104-2-e,10,22.55677,1052,1,1,8,12,block_4_2,block_2_2,complete_1,block_2_1,complete_1,unroll_32,pipeline_1,unroll_2,pipeline_1,unroll_2,pipeline_1,1,5.5,0.326105444441,False
workload_2849.cpp,xcu200-fsgd2104-2-e,10,22.49253,136,1,1,1,2,block_4_2,block_4_2,block_4_1,block_2_1,block_4_1,unroll_8,pipeline_1,unroll_2,unroll_16,unroll_2,unroll_8,1,1.25,0.950793209304,False
workload_2845.cpp,xcu200-fsgd2104-2-e,10,22.55653,162,1,1,2,3,block_4_2,block_4_2,block_8_1,block_2_1,block_4_1,unroll_8,pipeline_1,pipeline_1,unroll_2,unroll_8,unroll_8,1,1.75,0.856579481972,False
workload_2700.cpp,xcu200-fsgd2104-2-e,10,22.49253,151,1,1,1,2,block_4_2,block_4_2,block_8_1,block_2_1,block_4_1,unroll_8,pipeline_1,unroll_2,unroll_16,unroll_2,unroll_8,1,1.25,0.950793209304,False
workload_2719.cpp,xcu200-fsgd2104-2-e,10,22.55653,167,1,1,2,3,block_4_2,block_4_2,block_8_1,block_2_1,cyclic_2_1,unroll_8,pipeline_1,pipeline_1,pipeline_1,unroll_4,unroll_8,1,1.75,0.856579481972,False
workload_2557.cpp,xcu200-fsgd2104-2-e,10,22.55653,212,1,1,2,3,block_4_2,block_4_2,block_8_1,block_2_1,cyclic_2_1,unroll_8,pipeline_1,pipeline_1,unroll_2,unroll_2,unroll_8,1,1.75,0.856579481972,False
workload_2668.cpp,xcu200-fsgd2104-2-e,10,22.55653,160,1,1,2,3,block_4_2,block_4_2,block_8_1,block_2_1,cyclic_2_1,unroll_8,pipeline_1,pipeline_1,unroll_2,unroll_4,unroll_8,1,1.75,0.856579481972,False
workload_2676.cpp,xcu200-fsgd2104-2-e,10,22.55653,160,1,1,2,3,block_4_2,block_4_2,block_8_1,block_2_1,cyclic_2_1,unroll_8,pipeline_1,unroll_2,unroll_4,unroll_2,unroll_8,1,1.75,0.856579481972,False
workload_2773.cpp,xcu200-fsgd2104-2-e,10,22.49253,149,1,1,1,2,block_4_2,block_4_2,block_8_1,block_2_1,cyclic_8_1,unroll_8,pipeline_1,unroll_2,unroll_16,unroll_2,unroll_8,1,1.25,0.950793209304,False
workload_2721.cpp,xcu200-fsgd2104-2-e,10,96.38181,185,1,1,1,3,block_4_2,block_4_2,block_8_1,complete_1,cyclic_2_1,unroll_8,pipeline_1,pipeline_1,unroll_2,pipeline_1,unroll_8,1,1.5,0.786036945559,False
workload_2750.cpp,xcu200-fsgd2104-2-e,10,51.47461,255,1,1,1,3,block_4_2,block_4_2,block_8_1,complete_1,cyclic_8_1,unroll_8,pipeline_1,pipeline_1,unroll_2,pipeline_1,pipeline_1,1,1.5,0.875794074991,False
workload_2669.cpp,xcu200-fsgd2104-2-e,10,22.55653,383,1,1,4,6,block_4_2,block_4_2,complete_1,block_2_1,cyclic_8_1,unroll_16,pipeline_1,pipeline_1,unroll_4,unroll_2,unroll_2,1,3,0.645205953703,False
workload_2618.cpp,xcu200-fsgd2104-2-e,10,22.55653,217,1,1,2,3,block_4_2,block_4_2,complete_1,block_2_1,cyclic_8_1,unroll_8,pipeline_1,pipeline_1,unroll_4,unroll_2,pipeline_1,1,1.75,0.856579481972,False
workload_2732.cpp,xcu200-fsgd2104-2-e,10,22.55653,162,1,1,2,3,block_4_2,block_4_2,complete_1,block_4_1,block_4_1,unroll_8,pipeline_1,pipeline_1,unroll_2,unroll_2,pipeline_1,1,1.75,0.856579481972,False
workload_2832.cpp,xcu200-fsgd2104-2-e,10,22.1414,93,1,1,1,1,block_4_2,block_8_2,complete_1,complete_1,block_8_1,unroll_4,pipeline_1,unroll_2,unroll_16,unroll_2,unroll_8,1,1,0.99951633523,False
workload_2685.cpp,xcu200-fsgd2104-2-e,10,22.55677,1007,1,1,8,12,block_4_2,complete_1,block_2_1,cyclic_2_1,cyclic_2_1,unroll_32,pipeline_1,pipeline_1,pipeline_1,unroll_8,unroll_4,1,5.5,0.326105444441,False
workload_2682.cpp,xcu200-fsgd2104-2-e,10,22.55677,987,1,1,8,12,block_4_2,complete_1,block_4_1,block_2_1,block_8_1,unroll_32,pipeline_1,unroll_2,unroll_2,unroll_8,unroll_4,1,5.5,0.326105444441,False
workload_2718.cpp,xcu200-fsgd2104-2-e,10,22.55653,343,1,1,4,6,block_4_2,complete_1,block_8_1,block_4_1,block_2_1,unroll_16,pipeline_1,pipeline_1,pipeline_1,unroll_2,pipeline_1,1,3,0.645205953703,False
workload_2736.cpp,xcu200-fsgd2104-2-e,10,265.00376,73,1,1,1,1,block_4_2,complete_1,cyclic_8_1,complete_1,block_4_1,unroll_2,unroll_2,unroll_2,unroll_16,pipeline_1,unroll_2,1,1,0.453903895092,False
workload_2873.cpp,xcu200-fsgd2104-2-e,10,22.02876,70,1,1,1,1,block_4_2,complete_2,block_4_1,cyclic_4_1,cyclic_8_1,unroll_2,pipeline_1,pipeline_1,unroll_4,unroll_2,unroll_4,1,1,0.999827385744,False
workload_2738.cpp,xcu200-fsgd2104-2-e,10,22.49253,298,1,1,3,4,block_4_2,complete_2,block_8_1,block_2_1,cyclic_2_1,unroll_16,pipeline_1,pipeline_1,unroll_16,unroll_2,unroll_8,1,2.25,0.767886112291,False
workload_2554.cpp,xcu200-fsgd2104-2-e,10,22.55653,437,1,1,4,6,block_4_2,complete_2,block_8_1,cyclic_2_1,block_2_1,unroll_16,pipeline_1,pipeline_1,pipeline_1,unroll_8,unroll_8,1,3,0.645205953703,False
workload_2809.cpp,xcu200-fsgd2104-2-e,10,150.08283,713,1,1,5,12,block_4_2,complete_2,complete_1,block_4_1,block_4_1,unroll_16,unroll_2,pipeline_1,unroll_16,pipeline_1,unroll_2,1,4.75,0.36264578448,False
workload_2897.cpp,xcu200-fsgd2104-2-e,10,22.02876,65,1,1,1,1,block_4_2,complete_2,complete_1,complete_1,block_8_1,unroll_2,pipeline_1,pipeline_1,unroll_2,unroll_2,pipeline_1,1,1,0.999827385744,False
workload_2883.cpp,xcu200-fsgd2104-2-e,10,22.02876,66,1,1,1,1,block_4_2,complete_2,complete_1,cyclic_4_1,block_8_1,unroll_2,pipeline_1,pipeline_1,unroll_2,unroll_2,pipeline_1,1,1,0.999827385744,False
workload_2789.cpp,xcu200-fsgd2104-2-e,10,22.02876,67,1,1,1,1,block_4_2,complete_2,complete_1,cyclic_4_1,cyclic_8_1,unroll_2,pipeline_1,pipeline_1,unroll_2,unroll_2,pipeline_1,1,1,0.999827385744,False
workload_2683.cpp,xcu200-fsgd2104-2-e,10,22.55677,965,1,1,8,12,block_4_2,complete_2,cyclic_2_1,block_8_1,cyclic_8_1,unroll_32,pipeline_1,pipeline_1,pipeline_1,unroll_8,pipeline_1,1,5.5,0.326105444441,False
workload_2634.cpp,xcu200-fsgd2104-2-e,10,22.55653,478,1,1,4,6,block_4_2,complete_2,cyclic_2_1,cyclic_2_1,cyclic_2_1,unroll_16,pipeline_1,pipeline_1,pipeline_1,unroll_8,unroll_8,1,3,0.645205953703,False
workload_2672.cpp,xcu200-fsgd2104-2-e,10,96.38181,172,1,1,1,3,block_4_2,cyclic_2_2,block_4_1,block_2_1,block_8_1,unroll_8,pipeline_1,pipeline_1,unroll_8,pipeline_1,pipeline_1,1,1.5,0.786036945559,False
workload_2703.cpp,xcu200-fsgd2104-2-e,10,22.55653,164,1,1,2,3,block_4_2,cyclic_2_2,block_8_1,block_2_1,cyclic_2_1,unroll_8,pipeline_1,pipeline_1,unroll_2,unroll_2,unroll_8,1,1.75,0.856579481972,False
workload_2807.cpp,xcu200-fsgd2104-2-e,10,22.02876,70,1,1,1,1,block_4_2,cyclic_4_2,complete_1,complete_1,cyclic_8_1,unroll_2,pipeline_1,pipeline_1,unroll_4,unroll_8,pipeline_1,1,1,0.999827385744,False
workload_2833.cpp,xcu200-fsgd2104-2-e,10,22.2044,94,1,1,1,1,block_4_2,cyclic_4_2,complete_1,complete_1,cyclic_8_1,unroll_4,pipeline_1,pipeline_1,unroll_4,unroll_8,pipeline_1,1,1,0.999342386887,False
workload_2765.cpp,xcu200-fsgd2104-2-e,10,22.55653,165,1,1,2,3,block_4_2,cyclic_4_2,complete_1,complete_1,cyclic_8_1,unroll_8,pipeline_1,pipeline_1,unroll_4,unroll_8,pipeline_1,1,1.75,0.856579481972,False
workload_2662.cpp,xcu200-fsgd2104-2-e,10,452.16291,197,1,1,1,9,block_4_2,cyclic_4_2,complete_1,cyclic_2_1,block_2_1,unroll_8,unroll_2,pipeline_1,unroll_2,unroll_8,pipeline_1,1,3,0.182993296204,False
workload_2725.cpp,xcu200-fsgd2104-2-e,10,22.55653,182,1,1,2,3,block_4_2,cyclic_4_2,complete_1,cyclic_4_1,cyclic_8_1,unroll_8,pipeline_1,pipeline_1,unroll_4,unroll_8,pipeline_1,1,1.75,0.856579481972,False
workload_2864.cpp,xcu200-fsgd2104-2-e,10,22.2044,95,1,1,1,1,block_4_2,cyclic_4_2,cyclic_4_1,block_4_1,block_4_1,unroll_4,pipeline_1,pipeline_1,pipeline_1,unroll_4,unroll_8,1,1,0.999342386887,False
workload_2714.cpp,xcu200-fsgd2104-2-e,10,22.55653,164,1,1,2,3,block_4_2,cyclic_8_2,block_4_1,block_2_1,block_4_1,unroll_8,pipeline_1,pipeline_1,unroll_8,unroll_4,unroll_2,1,1.75,0.856579481972,False
workload_2581.cpp,xcu200-fsgd2104-2-e,10,96.38181,475,1,1,2,6,block_4_2,cyclic_8_2,block_4_1,block_2_1,block_8_1,unroll_16,pipeline_1,pipeline_1,unroll_8,pipeline_1,unroll_2,1,2.5,0.673565833129,False
workload_2621.cpp,xcu200-fsgd2104-2-e,10,96.38181,216,1,1,1,3,block_4_2,cyclic_8_2,block_4_1,block_2_1,block_8_1,unroll_8,pipeline_1,pipeline_1,unroll_8,pipeline_1,unroll_2,1,1.5,0.786036945559,False
workload_2844.cpp,xcu200-fsgd2104-2-e,10,22.1414,90,1,1,1,1,block_4_2,cyclic_8_2,block_4_1,block_4_1,cyclic_8_1,unroll_4,pipeline_1,unroll_2,unroll_16,unroll_2,unroll_8,1,1,0.99951633523,False
workload_2814.cpp,xcu200-fsgd2104-2-e,10,22.2044,94,1,1,1,1,block_4_2,cyclic_8_2,block_8_1,block_4_1,block_8_1,unroll_4,pipeline_1,unroll_2,unroll_4,unroll_4,pipeline_1,1,1,0.999342386887,False
workload_2821.cpp,xcu200-fsgd2104-2-e,10,22.1414,90,1,1,1,1,block_4_2,cyclic_8_2,block_8_1,block_4_1,cyclic_8_1,unroll_4,pipeline_1,unroll_2,unroll_16,unroll_2,unroll_16,1,1,0.99951633523,False
workload_2857.cpp,xcu200-fsgd2104-2-e,10,22.1414,91,1,1,1,1,block_4_2,cyclic_8_2,block_8_1,block_4_1,cyclic_8_1,unroll_4,pipeline_1,unroll_2,unroll_16,unroll_2,unroll_2,1,1,0.99951633523,False
workload_2778.cpp,xcu200-fsgd2104-2-e,10,22.1414,90,1,1,1,1,block_4_2,cyclic_8_2,block_8_1,block_4_1,cyclic_8_1,unroll_4,pipeline_1,unroll_2,unroll_16,unroll_2,unroll_8,1,1,0.99951633523,False
workload_2735.cpp,xcu200-fsgd2104-2-e,10,22.2044,95,1,1,1,1,block_4_2,cyclic_8_2,block_8_1,block_4_1,cyclic_8_1,unroll_4,pipeline_1,unroll_2,unroll_4,unroll_4,pipeline_1,1,1,0.999342386887,False
workload_2777.cpp,xcu200-fsgd2104-2-e,10,22.55653,176,1,1,2,3,block_4_2,cyclic_8_2,complete_1,block_2_1,cyclic_8_1,unroll_8,pipeline_1,pipeline_1,unroll_4,unroll_2,pipeline_1,1,1.75,0.856579481972,False
workload_2673.cpp,xcu200-fsgd2104-2-e,10,22.55653,167,1,1,2,3,block_8_2,block_2_2,block_4_1,cyclic_8_1,complete_1,unroll_8,pipeline_1,unroll_2,pipeline_1,unroll_4,pipeline_1,1,1.75,0.856579481972,False
workload_2680.cpp,xcu200-fsgd2104-2-e,10,22.55653,160,1,1,2,3,block_8_2,block_2_2,complete_1,block_4_1,block_4_1,unroll_8,pipeline_1,pipeline_1,pipeline_1,unroll_4,unroll_2,1,1.75,0.856579481972,False
workload_2798.cpp,xcu200-fsgd2104-2-e,10,22.55653,167,1,1,2,3,block_8_2,block_2_2,complete_1,block_4_1,block_4_1,unroll_8,pipeline_1,pipeline_1,unroll_4,unroll_2,unroll_4,1,1.75,0.856579481972,False
workload_2699.cpp,xcu200-fsgd2104-2-e,10,96.38181,172,1,1,1,3,block_8_2,block_2_2,complete_1,block_4_1,block_8_1,unroll_8,pipeline_1,pipeline_1,pipeline_1,pipeline_1,unroll_2,1,1.5,0.786036945559,False
workload_2755.cpp,xcu200-fsgd2104-2-e,10,22.55653,168,1,1,2,3,block_8_2,block_2_2,complete_1,block_4_1,complete_1,unroll_8,pipeline_1,pipeline_1,unroll_4,unroll_2,unroll_4,1,1.75,0.856579481972,False
workload_2733.cpp,xcu200-fsgd2104-2-e,10,22.55653,162,1,1,2,3,block_8_2,block_2_2,complete_1,block_8_1,block_4_1,unroll_8,pipeline_1,pipeline_1,pipeline_1,unroll_4,unroll_2,1,1.75,0.856579481972,False
workload_2628.cpp,xcu200-fsgd2104-2-e,10,150.08291,332,1,1,3,6,block_8_2,block_2_2,complete_1,cyclic_8_1,block_8_1,unroll_8,unroll_2,pipeline_1,unroll_16,pipeline_1,pipeline_1,1,2.75,0.571539151263,False
workload_2728.cpp,xcu200-fsgd2104-2-e,10,22.55653,155,1,1,2,3,block_8_2,block_2_2,cyclic_4_1,block_4_1,complete_1,unroll_8,pipeline_1,pipeline_1,pipeline_1,unroll_2,pipeline_1,1,1.75,0.856579481972,False
workload_2717.cpp,xcu200-fsgd2104-2-e,10,22.55653,166,1,1,2,3,block_8_2,block_4_2,block_4_1,cyclic_8_1,cyclic_8_1,unroll_8,pipeline_1,pipeline_1,unroll_4,unroll_4,pipeline_1,1,1.75,0.856579481972,False
workload_2863.cpp,xcu200-fsgd2104-2-e,10,22.1414,91,1,1,1,1,block_8_2,block_8_2,block_4_1,cyclic_4_1,block_8_1,unroll_4,pipeline_1,unroll_2,unroll_16,unroll_4,pipeline_1,1,1,0.99951633523,False
workload_2792.cpp,xcu200-fsgd2104-2-e,10,22.2044,93,1,1,1,1,block_8_2,complete_1,block_4_1,block_2_1,block_4_1,unroll_4,pipeline_1,pipeline_1,unroll_2,unroll_8,unroll_8,1,1,0.999342386887,False
workload_2813.cpp,xcu200-fsgd2104-2-e,10,22.2044,94,1,1,1,1,block_8_2,complete_1,complete_1,block_4_1,block_4_1,unroll_4,pipeline_1,pipeline_1,unroll_2,unroll_8,unroll_8,1,1,0.999342386887,False
workload_2866.cpp,xcu200-fsgd2104-2-e,10,22.02876,66,1,1,1,1,block_8_2,complete_2,block_8_1,block_2_1,cyclic_8_1,unroll_2,pipeline_1,pipeline_1,unroll_2,unroll_2,pipeline_1,1,1,0.999827385744,False
workload_2763.cpp,xcu200-fsgd2104-2-e,10,22.55653,167,1,1,2,3,block_8_2,cyclic_4_2,cyclic_4_1,block_4_1,complete_1,unroll_8,pipeline_1,pipeline_1,pipeline_1,unroll_2,pipeline_1,1,1.75,0.856579481972,False
workload_2827.cpp,xcu200-fsgd2104-2-e,10,22.2044,93,1,1,1,1,block_8_2,cyclic_8_2,block_4_1,block_2_1,block_4_1,unroll_4,pipeline_1,pipeline_1,unroll_2,unroll_4,pipeline_1,1,1,0.999342386887,False
workload_2556.cpp,xcu200-fsgd2104-2-e,10,96.38181,527,1,1,2,6,block_8_2,cyclic_8_2,block_4_1,block_2_1,block_8_1,unroll_16,pipeline_1,pipeline_1,unroll_8,pipeline_1,unroll_2,1,2.5,0.673565833129,False
workload_2657.cpp,xcu200-fsgd2104-2-e,10,96.38181,169,1,1,1,3,block_8_2,cyclic_8_2,block_4_1,block_2_1,block_8_1,unroll_8,pipeline_1,pipeline_1,unroll_8,pipeline_1,pipeline_1,1,1.5,0.786036945559,False
workload_2772.cpp,xcu200-fsgd2104-2-e,10,22.2044,95,1,1,1,1,block_8_2,cyclic_8_2,complete_1,block_4_1,block_4_1,unroll_4,pipeline_1,pipeline_1,unroll_2,unroll_4,pipeline_1,1,1,0.999342386887,False
workload_2659.cpp,xcu200-fsgd2104-2-e,10,51.47461,250,1,1,1,3,complete_1,block_2_2,block_4_1,complete_1,cyclic_8_1,unroll_8,pipeline_1,pipeline_1,unroll_4,pipeline_1,pipeline_1,1,1.5,0.875794074991,False
workload_2712.cpp,xcu200-fsgd2104-2-e,10,22.49253,297,1,1,3,4,complete_1,block_2_2,complete_1,block_4_1,block_2_1,unroll_16,pipeline_1,pipeline_1,unroll_16,unroll_4,unroll_2,1,2.25,0.767886112291,False
workload_2790.cpp,xcu200-fsgd2104-2-e,10,22.55653,161,1,1,2,3,complete_1,block_2_2,complete_1,block_8_1,cyclic_8_1,unroll_8,pipeline_1,unroll_2,pipeline_1,unroll_4,unroll_2,1,1.75,0.856579481972,False
workload_2812.cpp,xcu200-fsgd2104-2-e,10,50.26876,68,1,1,1,1,complete_1,block_2_2,complete_1,complete_1,block_2_1,unroll_2,pipeline_1,pipeline_1,unroll_4,pipeline_1,unroll_4,1,1,0.923527003383,False
workload_2760.cpp,xcu200-fsgd2104-2-e,10,50.67095,114,1,1,1,1,complete_1,block_2_2,complete_1,complete_1,block_2_1,unroll_4,pipeline_1,pipeline_1,unroll_4,pipeline_1,pipeline_1,1,1,0.922464754482,False
workload_2650.cpp,xcu200-fsgd2104-2-e,10,50.67095,111,1,1,1,1,complete_1,block_2_2,complete_1,complete_1,block_2_1,unroll_4,pipeline_1,pipeline_1,unroll_4,pipeline_1,unroll_4,1,1,0.922464754482,False
workload_2729.cpp,xcu200-fsgd2104-2-e,10,51.47445,904,1,1,2,6,complete_1,block_2_2,complete_1,complete_1,block_8_1,unroll_16,pipeline_1,pipeline_1,unroll_4,pipeline_1,pipeline_1,1,2.5,0.716559726789,False
workload_2800.cpp,xcu200-fsgd2104-2-e,10,50.67095,116,1,1,1,1,complete_1,block_2_2,complete_1,complete_1,block_8_1,unroll_4,pipeline_1,pipeline_1,unroll_4,pipeline_1,pipeline_1,1,1,0.922464754482,False
workload_2638.cpp,xcu200-fsgd2104-2-e,10,51.47461,291,1,1,1,3,complete_1,block_2_2,complete_1,complete_1,block_8_1,unroll_8,pipeline_1,pipeline_1,unroll_4,pipeline_1,pipeline_1,1,1.5,0.875794074991,False
workload_2598.cpp,xcu200-fsgd2104-2-e,10,150.08291,312,1,1,3,6,complete_1,block_2_2,complete_1,cyclic_8_1,cyclic_8_1,unroll_8,unroll_2,pipeline_1,unroll_16,pipeline_1,pipeline_1,1,2.75,0.571539151263,False
workload_2823.cpp,xcu200-fsgd2104-2-e,10,22.55653,161,1,1,2,3,complete_1,block_4_2,block_8_1,block_2_1,block_4_1,unroll_8,pipeline_1,pipeline_1,unroll_4,unroll_8,pipeline_1,1,1.75,0.856579481972,False
workload_2753.cpp,xcu200-fsgd2104-2-e,10,22.55653,168,1,1,2,3,complete_1,block_4_2,complete_1,block_2_1,cyclic_4_1,unroll_8,pipeline_1,unroll_2,unroll_2,unroll_2,unroll_8,1,1.75,0.856579481972,False
workload_2600.cpp,xcu200-fsgd2104-2-e,10,22.55653,216,1,1,2,3,complete_1,block_8_2,block_4_1,block_2_1,complete_1,unroll_8,pipeline_1,unroll_2,pipeline_1,unroll_4,unroll_2,1,1.75,0.856579481972,False
workload_2694.cpp,xcu200-fsgd2104-2-e,10,22.55653,162,1,1,2,3,complete_1,block_8_2,block_4_1,block_2_1,complete_1,unroll_8,pipeline_1,unroll_2,unroll_8,pipeline_1,unroll_4,1,1.75,0.856579481972,False
workload_2540.cpp,xcu200-fsgd2104-2-e,10,212.80291,428,1,1,3,7,complete_1,block_8_2,block_4_1,block_2_1,complete_1,unroll_8,unroll_2,unroll_2,pipeline_1,pipeline_1,unroll_16,1,3,0.460313767337,False
workload_2991.cpp,xcu200-fsgd2104-2-e,10,21.96626,66,1,1,1,1,complete_1,block_8_2,block_4_1,block_4_1,block_4_1,unroll_2,pipeline_1,pipeline_1,unroll_16,unroll_4,pipeline_1,1,1,1,True
workload_2987.cpp,xcu200-fsgd2104-2-e,10,21.96626,68,1,1,1,1,complete_1,block_8_2,block_4_1,block_4_1,block_4_1,unroll_2,pipeline_1,unroll_2,unroll_16,unroll_8,unroll_2,1,1,1,True
workload_2922.cpp,xcu200-fsgd2104-2-e,10,22.02876,66,1,1,1,1,complete_1,block_8_2,block_4_1,block_4_1,cyclic_8_1,unroll_2,pipeline_1,pipeline_1,pipeline_1,unroll_4,unroll_2,1,1,0.999827385744,False
workload_2818.cpp,xcu200-fsgd2104-2-e,10,22.2044,95,1,1,1,1,complete_1,block_8_2,block_4_1,block_4_1,cyclic_8_1,unroll_4,pipeline_1,unroll_2,unroll_4,unroll_4,pipeline_1,1,1,0.999342386887,False
workload_3151.cpp,xcu200-fsgd2104-2-e,10,21.96626,66,1,1,1,1,complete_1,block_8_2,block_4_1,complete_1,block_8_1,unroll_2,pipeline_1,unroll_2,unroll_16,pipeline_1,pipeline_1,1,1,1,True
workload_3088.cpp,xcu200-fsgd2104-2-e,10,21.96626,67,1,1,1,1,complete_1,block_8_2,block_4_1,complete_1,block_8_1,unroll_2,pipeline_1,unroll_2,unroll_16,unroll_8,unroll_2,1,1,1,True
workload_3142.cpp,xcu200-fsgd2104-2-e,10,21.96626,66,1,1,1,1,complete_1,block_8_2,block_4_1,cyclic_4_1,block_4_1,unroll_2,pipeline_1,unroll_2,unroll_16,unroll_2,pipeline_1,1,1,1,True
workload_3007.cpp,xcu200-fsgd2104-2-e,10,21.96626,65,1,1,1,1,complete_1,block_8_2,block_4_1,cyclic_4_1,block_4_1,unroll_2,pipeline_1,unroll_2,unroll_16,unroll_8,pipeline_1,1,1,1,True
workload_2697.cpp,xcu200-fsgd2104-2-e,10,22.55653,338,1,1,4,6,complete_1,block_8_2,block_4_1,cyclic_4_1,block_8_1,unroll_16,pipeline_1,pipeline_1,pipeline_1,unroll_8,pipeline_1,1,3,0.645205953703,False
workload_3148.cpp,xcu200-fsgd2104-2-e,10,21.96626,65,1,1,1,1,complete_1,block_8_2,block_4_1,cyclic_4_1,block_8_1,unroll_2,pipeline_1,unroll_2,unroll_16,pipeline_1,pipeline_1,1,1,1,True
workload_3085.cpp,xcu200-fsgd2104-2-e,10,21.96626,66,1,1,1,1,complete_1,block_8_2,block_4_1,cyclic_4_1,block_8_1,unroll_2,pipeline_1,unroll_2,unroll_16,pipeline_1,unroll_16,1,1,1,True
workload_3006.cpp,xcu200-fsgd2104-2-e,10,21.96626,69,1,1,1,1,complete_1,block_8_2,block_4_1,cyclic_4_1,block_8_1,unroll_2,pipeline_1,unroll_2,unroll_16,unroll_4,pipeline_1,1,1,1,True
workload_3127.cpp,xcu200-fsgd2104-2-e,10,21.96626,61,1,1,1,1,complete_1,block_8_2,block_4_1,cyclic_4_1,cyclic_8_1,unroll_2,pipeline_1,unroll_2,unroll_16,pipeline_1,unroll_4,1,1,1,True
workload_2915.cpp,xcu200-fsgd2104-2-e,10,21.96626,65,1,1,1,1,complete_1,block_8_2,block_4_1,cyclic_4_1,cyclic_8_1,unroll_2,pipeline_1,unroll_2,unroll_16,unroll_4,pipeline_1,1,1,1,True
workload_3059.cpp,xcu200-fsgd2104-2-e,10,21.96626,65,1,1,1,1,complete_1,block_8_2,block_8_1,complete_1,block_8_1,unroll_2,pipeline_1,unroll_2,unroll_16,unroll_8,unroll_16,1,1,1,True
workload_3035.cpp,xcu200-fsgd2104-2-e,10,21.96626,67,1,1,1,1,complete_1,block_8_2,block_8_1,cyclic_4_1,cyclic_8_1,unroll_2,pipeline_1,unroll_2,unroll_16,pipeline_1,unroll_16,1,1,1,True
workload_2660.cpp,xcu200-fsgd2104-2-e,10,149.44291,245,1,1,3,6,complete_1,block_8_2,complete_1,block_2_1,block_8_1,unroll_8,unroll_2,pipeline_1,unroll_16,pipeline_1,unroll_2,1,2.75,0.572449241497,False
workload_2931.cpp,xcu200-fsgd2104-2-e,10,22.02876,66,1,1,1,1,complete_1,block_8_2,complete_1,block_4_1,block_4_1,unroll_2,pipeline_1,pipeline_1,pipeline_1,unroll_8,unroll_2,1,1,0.999827385744,False
workload_2905.cpp,xcu200-fsgd2104-2-e,10,21.96626,66,1,1,1,1,complete_1,block_8_2,complete_1,block_4_1,block_4_1,unroll_2,pipeline_1,pipeline_1,unroll_16,unroll_8,unroll_2,1,1,1,True
workload_2969.cpp,xcu200-fsgd2104-2-e,10,21.96626,62,1,1,1,1,complete_1,block_8_2,complete_1,block_4_1,block_4_1,unroll_2,pipeline_1,unroll_2,unroll_16,unroll_8,unroll_2,1,1,1,True
workload_3044.cpp,xcu200-fsgd2104-2-e,10,22.02876,68,1,1,1,1,complete_1,block_8_2,complete_1,block_4_1,block_4_1,unroll_2,pipeline_1,unroll_2,unroll_2,unroll_8,unroll_2,1,1,0.999827385744,False
workload_3058.cpp,xcu200-fsgd2104-2-e,10,22.1414,91,1,1,1,1,complete_1,block_8_2,complete_1,block_4_1,block_4_1,unroll_4,pipeline_1,pipeline_1,unroll_16,unroll_8,unroll_2,1,1,0.99951633523,False
workload_2769.cpp,xcu200-fsgd2104-2-e,10,22.49253,284,1,1,3,4,complete_1,block_8_2,complete_1,block_4_1,block_8_1,unroll_16,pipeline_1,pipeline_1,unroll_16,unroll_4,unroll_2,1,2.25,0.767886112291,False
workload_3060.cpp,xcu200-fsgd2104-2-e,10,21.96626,67,1,1,1,1,complete_1,block_8_2,complete_1,block_4_1,block_8_1,unroll_2,pipeline_1,unroll_2,unroll_16,unroll_8,unroll_2,1,1,1,True
workload_3048.cpp,xcu200-fsgd2104-2-e,10,21.96626,60,1,1,1,1,complete_1,block_8_2,complete_1,block_4_1,cyclic_8_1,unroll_2,pipeline_1,unroll_2,unroll_16,unroll_8,unroll_2,1,1,1,True
workload_2781.cpp,xcu200-fsgd2104-2-e,10,96.38181,169,1,1,1,3,complete_1,block_8_2,complete_1,block_4_1,cyclic_8_1,unroll_8,pipeline_1,pipeline_1,unroll_4,pipeline_1,unroll_2,1,1.5,0.786036945559,False
workload_3023.cpp,xcu200-fsgd2104-2-e,10,21.96626,66,1,1,1,1,complete_1,block_8_2,complete_1,block_8_1,block_4_1,unroll_2,pipeline_1,unroll_2,unroll_16,unroll_4,pipeline_1,1,1,1,True
workload_3135.cpp,xcu200-fsgd2104-2-e,10,21.96626,66,1,1,1,1,complete_1,block_8_2,complete_1,block_8_1,block_4_1,unroll_2,pipeline_1,unroll_2,unroll_16,unroll_4,unroll_16,1,1,1,True
workload_2972.cpp,xcu200-fsgd2104-2-e,10,21.96626,66,1,1,1,1,complete_1,block_8_2,complete_1,block_8_1,block_4_1,unroll_2,pipeline_1,unroll_2,unroll_16,unroll_8,pipeline_1,1,1,1,True
workload_3064.cpp,xcu200-fsgd2104-2-e,10,21.96626,65,1,1,1,1,complete_1,block_8_2,complete_1,block_8_1,block_8_1,unroll_2,pipeline_1,unroll_2,unroll_16,pipeline_1,pipeline_1,1,1,1,True
workload_2803.cpp,xcu200-fsgd2104-2-e,10,22.2044,104,1,1,1,1,complete_1,block_8_2,complete_1,complete_1,block_8_1,unroll_4,pipeline_1,pipeline_1,unroll_4,unroll_8,pipeline_1,1,1,0.999342386887,False
workload_3113.cpp,xcu200-fsgd2104-2-e,10,21.96626,68,1,1,1,1,complete_1,block_8_2,complete_1,cyclic_4_1,block_4_1,unroll_2,pipeline_1,unroll_2,unroll_16,pipeline_1,pipeline_1,1,1,1,True
workload_3018.cpp,xcu200-fsgd2104-2-e,10,21.96626,69,1,1,1,1,complete_1,block_8_2,complete_1,cyclic_4_1,block_4_1,unroll_2,pipeline_1,unroll_2,unroll_16,unroll_8,unroll_2,1,1,1,True
workload_2958.cpp,xcu200-fsgd2104-2-e,10,21.96626,65,1,1,1,1,complete_1,block_8_2,complete_1,cyclic_4_1,block_8_1,unroll_2,pipeline_1,unroll_2,unroll_16,unroll_8,pipeline_1,1,1,1,True
workload_2843.cpp,xcu200-fsgd2104-2-e,10,22.1414,90,1,1,1,1,complete_1,block_8_2,complete_1,cyclic_4_1,block_8_1,unroll_4,pipeline_1,unroll_2,unroll_16,unroll_4,pipeline_1,1,1,0.99951633523,False
workload_2887.cpp,xcu200-fsgd2104-2-e,10,22.1414,90,1,1,1,1,complete_1,block_8_2,complete_1,cyclic_4_1,cyclic_8_1,unroll_4,pipeline_1,unroll_2,unroll_16,unroll_4,pipeline_1,1,1,0.99951633523,False
workload_2980.cpp,xcu200-fsgd2104-2-e,10,21.96626,67,1,1,1,1,complete_1,block_8_2,cyclic_8_1,cyclic_4_1,block_8_1,unroll_2,pipeline_1,unroll_2,unroll_16,pipeline_1,unroll_16,1,1,1,True
workload_3049.cpp,xcu200-fsgd2104-2-e,10,21.96626,66,1,1,1,1,complete_1,block_8_2,cyclic_8_1,cyclic_4_1,block_8_1,unroll_2,pipeline_1,unroll_2,unroll_16,unroll_8,unroll_16,1,1,1,True
workload_2937.cpp,xcu200-fsgd2104-2-e,10,22.02876,66,1,1,1,1,complete_1,block_8_2,cyclic_8_1,cyclic_4_1,cyclic_8_1,unroll_2,pipeline_1,pipeline_1,unroll_4,unroll_8,pipeline_1,1,1,0.999827385744,False
workload_3020.cpp,xcu200-fsgd2104-2-e,10,21.96626,67,1,1,1,1,complete_1,complete_1,block_2_1,cyclic_4_1,block_8_1,unroll_2,pipeline_1,unroll_2,unroll_16,unroll_4,unroll_2,1,1,1,True
workload_2722.cpp,xcu200-fsgd2104-2-e,10,22.55653,169,1,1,2,3,complete_1,complete_1,block_4_1,block_2_1,cyclic_4_1,unroll_8,pipeline_1,pipeline_1,pipeline_1,unroll_2,unroll_8,1,1.75,0.856579481972,False
workload_3158.cpp,xcu200-fsgd2104-2-e,10,21.96626,65,1,1,1,1,complete_1,complete_1,block_4_1,block_4_1,block_4_1,unroll_2,pipeline_1,unroll_2,unroll_16,unroll_2,unroll_2,1,1,1,True
workload_3141.cpp,xcu200-fsgd2104-2-e,10,21.96626,66,1,1,1,1,complete_1,complete_1,block_4_1,block_4_1,cyclic_8_1,unroll_2,pipeline_1,unroll_2,unroll_16,pipeline_1,pipeline_1,1,1,1,True
workload_3118.cpp,xcu200-fsgd2104-2-e,10,21.96626,66,1,1,1,1,complete_1,complete_1,block_4_1,block_4_1,cyclic_8_1,unroll_2,pipeline_1,unroll_2,unroll_16,pipeline_1,unroll_16,1,1,1,True
workload_3087.cpp,xcu200-fsgd2104-2-e,10,21.96626,64,1,1,1,1,complete_1,complete_1,block_4_1,block_8_1,block_8_1,unroll_2,pipeline_1,unroll_2,unroll_16,unroll_2,unroll_4,1,1,1,True
workload_2940.cpp,xcu200-fsgd2104-2-e,10,21.96626,66,1,1,1,1,complete_1,complete_1,block_4_1,block_8_1,cyclic_8_1,unroll_2,pipeline_1,unroll_2,unroll_16,pipeline_1,pipeline_1,1,1,1,True
workload_3022.cpp,xcu200-fsgd2104-2-e,10,21.96626,67,1,1,1,1,complete_1,complete_1,block_4_1,block_8_1,cyclic_8_1,unroll_2,pipeline_1,unroll_2,unroll_16,unroll_2,unroll_4,1,1,1,True
workload_3032.cpp,xcu200-fsgd2104-2-e,10,21.96626,66,1,1,1,1,complete_1,complete_1,block_4_1,complete_1,block_8_1,unroll_2,pipeline_1,unroll_2,unroll_16,unroll_2,unroll_2,1,1,1,True
workload_2895.cpp,xcu200-fsgd2104-2-e,10,21.96626,66,1,1,1,1,complete_1,complete_1,block_4_1,complete_1,block_8_1,unroll_2,pipeline_1,unroll_2,unroll_16,unroll_4,unroll_2,1,1,1,True
workload_3017.cpp,xcu200-fsgd2104-2-e,10,21.96626,69,1,1,1,1,complete_1,complete_1,block_4_1,complete_1,cyclic_8_1,unroll_2,pipeline_1,unroll_2,unroll_16,pipeline_1,unroll_16,1,1,1,True
workload_2588.cpp,xcu200-fsgd2104-2-e,10,22.55677,1639,1,1,8,12,complete_1,complete_1,block_4_1,cyclic_4_1,block_2_1,unroll_32,pipeline_1,unroll_2,unroll_4,unroll_4,unroll_4,1,5.5,0.326105444441,False
workload_2707.cpp,xcu200-fsgd2104-2-e,10,22.55653,162,1,1,2,3,complete_1,complete_1,block_4_1,cyclic_4_1,block_2_1,unroll_8,pipeline_1,unroll_2,pipeline_1,unroll_4,unroll_2,1,1.75,0.856579481972,False
workload_2616.cpp,xcu200-fsgd2104-2-e,10,22.55653,197,1,1,2,3,complete_1,complete_1,block_4_1,cyclic_4_1,block_2_1,unroll_8,pipeline_1,unroll_2,unroll_8,pipeline_1,unroll_4,1,1.75,0.856579481972,False
workload_3110.cpp,xcu200-fsgd2104-2-e,10,21.96626,67,1,1,1,1,complete_1,complete_1,block_4_1,cyclic_4_1,block_4_1,unroll_2,pipeline_1,unroll_2,unroll_16,unroll_2,pipeline_1,1,1,1,True
workload_3166.cpp,xcu200-fsgd2104-2-e,10,21.96626,65,1,1,1,1,complete_1,complete_1,block_4_1,cyclic_4_1,block_4_1,unroll_2,pipeline_1,unroll_2,unroll_16,unroll_2,unroll_16,1,1,1,True
workload_3061.cpp,xcu200-fsgd2104-2-e,10,21.96626,66,1,1,1,1,complete_1,complete_1,block_4_1,cyclic_4_1,block_4_1,unroll_2,pipeline_1,unroll_2,unroll_16,unroll_4,pipeline_1,1,1,1,True
workload_3161.cpp,xcu200-fsgd2104-2-e,10,21.96626,66,1,1,1,1,complete_1,complete_1,block_4_1,cyclic_4_1,block_8_1,unroll_2,pipeline_1,unroll_2,unroll_16,unroll_2,pipeline_1,1,1,1,True
workload_3074.cpp,xcu200-fsgd2104-2-e,10,21.96626,70,1,1,1,1,complete_1,complete_1,block_4_1,cyclic_4_1,cyclic_8_1,unroll_2,pipeline_1,unroll_2,unroll_16,unroll_2,unroll_16,1,1,1,True
workload_2799.cpp,xcu200-fsgd2104-2-e,10,22.55653,164,1,1,2,3,complete_1,complete_1,block_8_1,block_2_1,cyclic_8_1,unroll_8,pipeline_1,unroll_2,unroll_2,unroll_2,unroll_8,1,1.75,0.856579481972,False
workload_3136.cpp,xcu200-fsgd2104-2-e,10,21.96626,66,1,1,1,1,complete_1,complete_1,block_8_1,complete_1,block_8_1,unroll_2,pipeline_1,unroll_2,unroll_16,unroll_2,unroll_2,1,1,1,True
workload_2971.cpp,xcu200-fsgd2104-2-e,10,21.96626,66,1,1,1,1,complete_1,complete_1,block_8_1,complete_1,block_8_1,unroll_2,pipeline_1,unroll_2,unroll_16,unroll_4,unroll_2,1,1,1,True
workload_2652.cpp,xcu200-fsgd2104-2-e,10,22.55653,163,1,1,2,3,complete_1,complete_1,block_8_1,cyclic_4_1,block_2_1,unroll_8,pipeline_1,unroll_2,unroll_8,pipeline_1,unroll_4,1,1.75,0.856579481972,False
workload_3065.cpp,xcu200-fsgd2104-2-e,10,21.96626,66,1,1,1,1,complete_1,complete_1,block_8_1,cyclic_4_1,block_8_1,unroll_2,pipeline_1,unroll_2,unroll_16,unroll_4,pipeline_1,1,1,1,True
workload_3094.cpp,xcu200-fsgd2104-2-e,10,21.96626,66,1,1,1,1,complete_1,complete_1,block_8_1,cyclic_4_1,cyclic_8_1,unroll_2,pipeline_1,unroll_2,unroll_16,pipeline_1,unroll_16,1,1,1,True
workload_2989.cpp,xcu200-fsgd2104-2-e,10,94.12376,71,1,1,1,1,complete_1,complete_1,complete_1,block_4_1,block_4_1,unroll_2,pipeline_1,pipeline_1,unroll_16,pipeline_1,pipeline_1,1,1,0.811736877492,False
workload_2582.cpp,xcu200-fsgd2104-2-e,10,22.55653,207,1,1,2,3,complete_1,complete_1,complete_1,block_4_1,block_4_1,unroll_8,pipeline_1,pipeline_1,pipeline_1,unroll_4,unroll_2,1,1.75,0.856579481972,False
workload_2992.cpp,xcu200-fsgd2104-2-e,10,21.96626,68,1,1,1,1,complete_1,complete_1,complete_1,block_4_1,cyclic_8_1,unroll_2,pipeline_1,unroll_2,unroll_16,unroll_4,pipeline_1,1,1,1,True
workload_3021.cpp,xcu200-fsgd2104-2-e,10,21.96626,67,1,1,1,1,complete_1,complete_1,complete_1,block_4_1,cyclic_8_1,unroll_2,pipeline_1,unroll_2,unroll_16,unroll_8,pipeline_1,1,1,1,True
workload_2884.cpp,xcu200-fsgd2104-2-e,10,21.96626,65,1,1,1,1,complete_1,complete_1,complete_1,complete_1,block_8_1,unroll_2,pipeline_1,unroll_2,unroll_16,unroll_4,unroll_2,1,1,1,True
workload_3149.cpp,xcu200-fsgd2104-2-e,10,21.96626,65,1,1,1,1,complete_1,complete_1,complete_1,cyclic_4_1,block_4_1,unroll_2,pipeline_1,unroll_2,unroll_16,unroll_2,unroll_16,1,1,1,True
workload_2930.cpp,xcu200-fsgd2104-2-e,10,21.96626,65,1,1,1,1,complete_1,complete_1,complete_1,cyclic_4_1,block_4_1,unroll_2,pipeline_1,unroll_2,unroll_16,unroll_4,pipeline_1,1,1,1,True
workload_3129.cpp,xcu200-fsgd2104-2-e,10,21.96626,65,1,1,1,1,complete_1,complete_1,complete_1,cyclic_4_1,block_8_1,unroll_2,pipeline_1,unroll_2,unroll_16,pipeline_1,pipeline_1,1,1,1,True
workload_3000.cpp,xcu200-fsgd2104-2-e,10,21.96626,67,1,1,1,1,complete_1,complete_1,complete_1,cyclic_4_1,block_8_1,unroll_2,pipeline_1,unroll_2,unroll_16,unroll_4,pipeline_1,1,1,1,True
workload_2890.cpp,xcu200-fsgd2104-2-e,10,21.96626,65,1,1,1,1,complete_1,complete_1,complete_1,cyclic_4_1,block_8_1,unroll_2,pipeline_1,unroll_2,unroll_16,unroll_4,unroll_2,1,1,1,True
workload_2679.cpp,xcu200-fsgd2104-2-e,10,127.04291,197,1,1,2,5,complete_1,complete_1,complete_1,cyclic_8_1,block_8_1,unroll_8,unroll_2,pipeline_1,unroll_16,pipeline_1,pipeline_1,1,2.25,0.658023854632,False
workload_3154.cpp,xcu200-fsgd2104-2-e,10,21.96626,64,1,1,1,1,complete_1,complete_1,cyclic_4_1,complete_1,block_4_1,unroll_2,pipeline_1,unroll_2,unroll_16,unroll_4,pipeline_1,1,1,1,True
workload_2902.cpp,xcu200-fsgd2104-2-e,10,21.96626,66,1,1,1,1,complete_1,complete_1,cyclic_4_1,complete_1,block_8_1,unroll_2,pipeline_1,unroll_2,unroll_16,unroll_4,unroll_2,1,1,1,True
workload_2746.cpp,xcu200-fsgd2104-2-e,10,22.55653,166,1,1,2,3,complete_1,complete_1,cyclic_4_1,cyclic_4_1,block_2_1,unroll_8,pipeline_1,unroll_2,pipeline_1,unroll_4,unroll_2,1,1.75,0.856579481972,False
workload_2852.cpp,xcu200-fsgd2104-2-e,10,22.02876,67,1,1,1,1,complete_1,complete_1,cyclic_8_1,complete_1,block_8_1,unroll_2,pipeline_1,pipeline_1,unroll_2,unroll_8,pipeline_1,1,1,0.999827385744,False
workload_2810.cpp,xcu200-fsgd2104-2-e,10,21.96626,65,1,1,1,1,complete_1,complete_1,cyclic_8_1,complete_1,block_8_1,unroll_2,pipeline_1,unroll_2,unroll_16,unroll_4,pipeline_1,1,1,1,True
workload_2771.cpp,xcu200-fsgd2104-2-e,10,21.96626,66,1,1,1,1,complete_1,complete_1,cyclic_8_1,complete_1,block_8_1,unroll_2,pipeline_1,unroll_2,unroll_16,unroll_4,unroll_2,1,1,1,True
workload_2906.cpp,xcu200-fsgd2104-2-e,10,22.02876,66,1,1,1,1,complete_1,complete_1,cyclic_8_1,cyclic_4_1,block_8_1,unroll_2,pipeline_1,pipeline_1,unroll_2,unroll_8,pipeline_1,1,1,0.999827385744,False
workload_2762.cpp,xcu200-fsgd2104-2-e,10,22.55653,168,1,1,2,3,complete_1,complete_2,block_4_1,block_2_1,cyclic_2_1,unroll_8,pipeline_1,pipeline_1,unroll_4,unroll_2,unroll_8,1,1.75,0.856579481972,False
workload_2903.cpp,xcu200-fsgd2104-2-e,10,22.02876,71,1,1,1,1,complete_1,complete_2,complete_1,block_4_1,block_4_1,unroll_2,pipeline_1,pipeline_1,unroll_4,unroll_2,unroll_2,1,1,0.999827385744,False
workload_2674.cpp,xcu200-fsgd2104-2-e,10,22.55677,1029,1,1,8,12,complete_1,complete_2,complete_1,block_4_1,block_4_1,unroll_32,pipeline_1,pipeline_1,pipeline_1,unroll_4,unroll_2,1,5.5,0.326105444441,False
workload_2654.cpp,xcu200-fsgd2104-2-e,10,22.49253,295,1,1,3,4,complete_1,complete_2,complete_1,block_4_1,block_8_1,unroll_16,pipeline_1,pipeline_1,unroll_16,unroll_4,unroll_2,1,2.25,0.767886112291,False
workload_2859.cpp,xcu200-fsgd2104-2-e,10,50.26876,68,1,1,1,1,complete_1,complete_2,complete_1,block_4_1,cyclic_8_1,unroll_2,pipeline_1,pipeline_1,unroll_4,pipeline_1,unroll_4,1,1,0.923527003383,False
workload_2829.cpp,xcu200-fsgd2104-2-e,10,50.67095,110,1,1,1,1,complete_1,complete_2,complete_1,complete_1,block_8_1,unroll_4,pipeline_1,pipeline_1,pipeline_1,pipeline_1,unroll_4,1,1,0.922464754482,False
workload_2691.cpp,xcu200-fsgd2104-2-e,10,50.67095,111,1,1,1,1,complete_1,complete_2,complete_1,complete_1,block_8_1,unroll_4,pipeline_1,pipeline_1,unroll_4,pipeline_1,unroll_4,1,1,0.922464754482,False
workload_2886.cpp,xcu200-fsgd2104-2-e,10,22.02876,69,1,1,1,1,complete_1,complete_2,complete_1,cyclic_4_1,block_4_1,unroll_2,pipeline_1,pipeline_1,unroll_4,unroll_2,pipeline_1,1,1,0.999827385744,False
workload_2835.cpp,xcu200-fsgd2104-2-e,10,94.12376,67,1,1,1,1,complete_1,complete_2,complete_1,cyclic_4_1,cyclic_8_1,unroll_2,pipeline_1,pipeline_1,unroll_2,pipeline_1,pipeline_1,1,1,0.811736877492,False
workload_2780.cpp,xcu200-fsgd2104-2-e,10,50.26876,68,1,1,1,1,complete_1,complete_2,complete_1,cyclic_4_1,cyclic_8_1,unroll_2,pipeline_1,pipeline_1,unroll_4,pipeline_1,unroll_4,1,1,0.923527003383,False
workload_2785.cpp,xcu200-fsgd2104-2-e,10,50.67095,111,1,1,1,1,complete_1,complete_2,cyclic_2_1,complete_1,block_2_1,unroll_4,pipeline_1,pipeline_1,pipeline_1,pipeline_1,pipeline_1,1,1,0.922464754482,False
workload_2742.cpp,xcu200-fsgd2104-2-e,10,50.67095,113,1,1,1,1,complete_1,complete_2,cyclic_2_1,complete_1,block_8_1,unroll_4,pipeline_1,pipeline_1,pipeline_1,pipeline_1,pipeline_1,1,1,0.922464754482,False
workload_2856.cpp,xcu200-fsgd2104-2-e,10,22.02876,67,1,1,1,1,complete_1,complete_2,cyclic_4_1,block_4_1,block_4_1,unroll_2,pipeline_1,pipeline_1,unroll_4,unroll_2,unroll_2,1,1,0.999827385744,False
workload_2934.cpp,xcu200-fsgd2104-2-e,10,22.1414,90,1,1,1,1,complete_1,complete_2,cyclic_4_1,cyclic_4_1,block_4_1,unroll_4,pipeline_1,pipeline_1,unroll_16,unroll_2,pipeline_1,1,1,0.99951633523,False
workload_2872.cpp,xcu200-fsgd2104-2-e,10,21.96626,65,1,1,1,1,complete_1,cyclic_2_2,block_4_1,cyclic_4_1,block_4_1,unroll_2,pipeline_1,pipeline_1,unroll_16,unroll_4,pipeline_1,1,1,1,True
workload_3143.cpp,xcu200-fsgd2104-2-e,10,21.96626,66,1,1,1,1,complete_1,cyclic_2_2,block_4_1,cyclic_4_1,block_4_1,unroll_2,pipeline_1,unroll_2,unroll_16,unroll_2,pipeline_1,1,1,1,True
workload_3045.cpp,xcu200-fsgd2104-2-e,10,21.96626,63,1,1,1,1,complete_1,cyclic_2_2,block_4_1,cyclic_4_1,block_4_1,unroll_2,pipeline_1,unroll_2,unroll_16,unroll_4,pipeline_1,1,1,1,True
workload_3053.cpp,xcu200-fsgd2104-2-e,10,94.12376,69,1,1,1,1,complete_1,cyclic_2_2,block_4_1,cyclic_4_1,block_8_1,unroll_2,pipeline_1,pipeline_1,unroll_16,pipeline_1,pipeline_1,1,1,0.811736877492,False
workload_3019.cpp,xcu200-fsgd2104-2-e,10,21.96626,67,1,1,1,1,complete_1,cyclic_2_2,block_4_1,cyclic_4_1,block_8_1,unroll_2,pipeline_1,unroll_2,unroll_16,unroll_8,unroll_4,1,1,1,True
workload_3003.cpp,xcu200-fsgd2104-2-e,10,21.96626,68,1,1,1,1,complete_1,cyclic_2_2,block_4_1,cyclic_4_1,cyclic_8_1,unroll_2,pipeline_1,unroll_2,unroll_16,pipeline_1,unroll_4,1,1,1,True
workload_2997.cpp,xcu200-fsgd2104-2-e,10,21.96626,69,1,1,1,1,complete_1,cyclic_2_2,block_4_1,cyclic_4_1,cyclic_8_1,unroll_2,pipeline_1,unroll_2,unroll_16,unroll_8,unroll_4,1,1,1,True
workload_2751.cpp,xcu200-fsgd2104-2-e,10,22.55653,161,1,1,2,3,complete_1,cyclic_2_2,complete_1,block_4_1,block_8_1,unroll_8,pipeline_1,pipeline_1,unroll_2,unroll_4,unroll_2,1,1.75,0.856579481972,False
workload_2774.cpp,xcu200-fsgd2104-2-e,10,22.55653,161,1,1,2,3,complete_1,cyclic_2_2,complete_1,block_4_1,block_8_1,unroll_8,pipeline_1,unroll_2,unroll_2,unroll_4,unroll_2,1,1.75,0.856579481972,False
workload_3162.cpp,xcu200-fsgd2104-2-e,10,21.96626,68,1,1,1,1,complete_1,cyclic_2_2,complete_1,cyclic_2_1,block_4_1,unroll_2,pipeline_1,pipeline_1,unroll_16,unroll_4,pipeline_1,1,1,1,True
workload_3095.cpp,xcu200-fsgd2104-2-e,10,21.96626,67,1,1,1,1,complete_1,cyclic_2_2,complete_1,cyclic_4_1,block_8_1,unroll_2,pipeline_1,unroll_2,unroll_16,unroll_4,pipeline_1,1,1,1,True
workload_3072.cpp,xcu200-fsgd2104-2-e,10,21.96626,68,1,1,1,1,complete_1,cyclic_2_2,complete_1,cyclic_4_1,block_8_1,unroll_2,pipeline_1,unroll_2,unroll_16,unroll_4,unroll_2,1,1,1,True
workload_2942.cpp,xcu200-fsgd2104-2-e,10,21.96626,67,1,1,1,1,complete_1,cyclic_2_2,complete_1,cyclic_4_1,cyclic_8_1,unroll_2,pipeline_1,pipeline_1,unroll_16,unroll_4,pipeline_1,1,1,1,True
workload_3090.cpp,xcu200-fsgd2104-2-e,10,21.96626,67,1,1,1,1,complete_1,cyclic_2_2,cyclic_8_1,complete_1,block_4_1,unroll_2,pipeline_1,unroll_2,unroll_16,unroll_4,pipeline_1,1,1,1,True
workload_3079.cpp,xcu200-fsgd2104-2-e,10,21.96626,67,1,1,1,1,complete_1,cyclic_2_2,cyclic_8_1,cyclic_4_1,block_4_1,unroll_2,pipeline_1,unroll_2,unroll_16,unroll_4,pipeline_1,1,1,1,True
workload_2689.cpp,xcu200-fsgd2104-2-e,10,22.55677,946,1,1,8,12,complete_1,cyclic_4_2,block_4_1,block_4_1,block_4_1,unroll_32,pipeline_1,pipeline_1,pipeline_1,unroll_4,unroll_2,1,5.5,0.326105444441,False
workload_2708.cpp,xcu200-fsgd2104-2-e,10,22.55653,160,1,1,2,3,complete_1,cyclic_4_2,block_4_1,block_4_1,cyclic_8_1,unroll_8,pipeline_1,pipeline_1,unroll_2,unroll_4,pipeline_1,1,1.75,0.856579481972,False
workload_2613.cpp,xcu200-fsgd2104-2-e,10,150.08291,292,1,1,3,6,complete_1,cyclic_4_2,block_8_1,block_2_1,complete_1,unroll_8,unroll_2,pipeline_1,pipeline_1,pipeline_1,unroll_16,1,2.75,0.571539151263,False
workload_2841.cpp,xcu200-fsgd2104-2-e,10,22.02876,66,1,1,1,1,complete_1,cyclic_4_2,block_8_1,block_4_1,cyclic_8_1,unroll_2,pipeline_1,pipeline_1,pipeline_1,unroll_4,unroll_2,1,1,0.999827385744,False
workload_2624.cpp,xcu200-fsgd2104-2-e,10,22.55677,1549,1,1,8,12,complete_1,cyclic_4_2,complete_1,block_4_1,block_4_1,unroll_32,pipeline_1,pipeline_1,pipeline_1,unroll_4,unroll_2,1,5.5,0.326105444441,False
workload_2544.cpp,xcu200-fsgd2104-2-e,10,22.55653,171,1,1,2,3,complete_1,cyclic_4_2,complete_1,block_4_1,block_4_1,unroll_8,pipeline_1,pipeline_1,pipeline_1,unroll_4,unroll_2,1,1.75,0.856579481972,False
workload_2651.cpp,xcu200-fsgd2104-2-e,10,22.55653,162,1,1,2,3,complete_1,cyclic_4_2,complete_1,block_4_1,cyclic_2_1,unroll_8,pipeline_1,pipeline_1,pipeline_1,unroll_4,unroll_16,1,1.75,0.856579481972,False
workload_2701.cpp,xcu200-fsgd2104-2-e,10,22.55653,163,1,1,2,3,complete_1,cyclic_4_2,complete_1,block_4_1,cyclic_2_1,unroll_8,pipeline_1,pipeline_1,unroll_2,unroll_4,unroll_16,1,1.75,0.856579481972,False
workload_2898.cpp,xcu200-fsgd2104-2-e,10,22.02876,68,1,1,1,1,complete_1,cyclic_4_2,complete_1,block_4_1,cyclic_8_1,unroll_2,pipeline_1,pipeline_1,unroll_4,unroll_4,unroll_2,1,1,0.999827385744,False
workload_2822.cpp,xcu200-fsgd2104-2-e,10,22.2044,94,1,1,1,1,complete_1,cyclic_4_2,complete_1,cyclic_4_1,block_8_1,unroll_4,pipeline_1,pipeline_1,unroll_2,unroll_4,pipeline_1,1,1,0.999342386887,False
workload_2747.cpp,xcu200-fsgd2104-2-e,10,22.2044,95,1,1,1,1,complete_1,cyclic_4_2,complete_1,cyclic_4_1,cyclic_8_1,unroll_4,pipeline_1,unroll_2,unroll_2,unroll_4,pipeline_1,1,1,0.999342386887,False
workload_2759.cpp,xcu200-fsgd2104-2-e,10,22.02876,67,1,1,1,1,complete_1,cyclic_4_2,cyclic_4_1,block_4_1,block_4_1,unroll_2,pipeline_1,pipeline_1,pipeline_1,unroll_4,unroll_2,1,1,0.999827385744,False
workload_2817.cpp,xcu200-fsgd2104-2-e,10,22.02876,66,1,1,1,1,complete_1,cyclic_4_2,cyclic_4_1,block_4_1,block_4_1,unroll_2,pipeline_1,pipeline_1,unroll_4,unroll_4,unroll_2,1,1,0.999827385744,False
workload_2713.cpp,xcu200-fsgd2104-2-e,10,22.55653,161,1,1,2,3,complete_1,cyclic_4_2,cyclic_4_1,block_4_1,block_4_1,unroll_8,pipeline_1,pipeline_1,pipeline_1,unroll_4,unroll_2,1,1.75,0.856579481972,False
workload_2617.cpp,xcu200-fsgd2104-2-e,10,96.38181,462,1,1,2,6,complete_1,cyclic_8_2,block_4_1,block_2_1,cyclic_8_1,unroll_16,pipeline_1,pipeline_1,unroll_8,pipeline_1,unroll_2,1,2.5,0.673565833129,False
workload_2825.cpp,xcu200-fsgd2104-2-e,10,22.2044,94,1,1,1,1,complete_1,cyclic_8_2,block_4_1,block_2_1,cyclic_8_1,unroll_4,pipeline_1,unroll_2,unroll_2,unroll_4,pipeline_1,1,1,0.999342386887,False
workload_3131.cpp,xcu200-fsgd2104-2-e,10,21.96626,65,1,1,1,1,complete_1,cyclic_8_2,block_4_1,block_4_1,cyclic_8_1,unroll_2,pipeline_1,unroll_2,unroll_16,unroll_2,unroll_2,1,1,1,True
workload_2593.cpp,xcu200-fsgd2104-2-e,10,22.2044,121,1,1,1,1,complete_1,cyclic_8_2,block_4_1,block_4_1,cyclic_8_1,unroll_4,pipeline_1,unroll_2,unroll_2,unroll_4,pipeline_1,1,1,0.999342386887,False
workload_2982.cpp,xcu200-fsgd2104-2-e,10,21.96626,68,1,1,1,1,complete_1,cyclic_8_2,block_4_1,complete_1,block_4_1,unroll_2,pipeline_1,unroll_2,unroll_16,unroll_2,unroll_16,1,1,1,True
workload_3086.cpp,xcu200-fsgd2104-2-e,10,21.96626,67,1,1,1,1,complete_1,cyclic_8_2,block_4_1,complete_1,block_8_1,unroll_2,pipeline_1,unroll_2,unroll_16,unroll_2,pipeline_1,1,1,1,True
workload_2916.cpp,xcu200-fsgd2104-2-e,10,21.96626,66,1,1,1,1,complete_1,cyclic_8_2,block_4_1,complete_1,block_8_1,unroll_2,pipeline_1,unroll_2,unroll_16,unroll_2,unroll_16,1,1,1,True
workload_2966.cpp,xcu200-fsgd2104-2-e,10,21.96626,64,1,1,1,1,complete_1,cyclic_8_2,block_4_1,complete_1,block_8_1,unroll_2,pipeline_1,unroll_2,unroll_16,unroll_8,unroll_16,1,1,1,True
workload_3111.cpp,xcu200-fsgd2104-2-e,10,21.96626,66,1,1,1,1,complete_1,cyclic_8_2,block_4_1,cyclic_4_1,block_4_1,unroll_2,pipeline_1,unroll_2,unroll_16,unroll_2,unroll_16,1,1,1,True
workload_3028.cpp,xcu200-fsgd2104-2-e,10,21.96626,67,1,1,1,1,complete_1,cyclic_8_2,block_4_1,cyclic_4_1,block_4_1,unroll_2,pipeline_1,unroll_2,unroll_16,unroll_4,unroll_2,1,1,1,True
workload_2802.cpp,xcu200-fsgd2104-2-e,10,22.2044,96,1,1,1,1,complete_1,cyclic_8_2,block_4_1,cyclic_4_1,block_4_1,unroll_4,pipeline_1,pipeline_1,unroll_2,unroll_8,pipeline_1,1,1,0.999342386887,False
workload_3160.cpp,xcu200-fsgd2104-2-e,10,21.96626,66,1,1,1,1,complete_1,cyclic_8_2,block_4_1,cyclic_4_1,block_8_1,unroll_2,pipeline_1,unroll_2,unroll_16,unroll_4,unroll_16,1,1,1,True
workload_3076.cpp,xcu200-fsgd2104-2-e,10,21.96626,69,1,1,1,1,complete_1,cyclic_8_2,block_4_1,cyclic_4_1,cyclic_8_1,unroll_2,pipeline_1,unroll_2,unroll_16,pipeline_1,unroll_16,1,1,1,True
workload_2815.cpp,xcu200-fsgd2104-2-e,10,22.02876,65,1,1,1,1,complete_1,cyclic_8_2,block_4_1,cyclic_8_1,block_4_1,unroll_2,pipeline_1,pipeline_1,unroll_2,unroll_8,pipeline_1,1,1,0.999827385744,False
workload_2867.cpp,xcu200-fsgd2104-2-e,10,21.96626,66,1,1,1,1,complete_1,cyclic_8_2,block_4_1,cyclic_8_1,block_4_1,unroll_2,pipeline_1,unroll_2,unroll_16,unroll_4,pipeline_1,1,1,1,True
workload_2964.cpp,xcu200-fsgd2104-2-e,10,21.96626,65,1,1,1,1,complete_1,cyclic_8_2,block_4_1,cyclic_8_1,block_4_1,unroll_2,pipeline_1,unroll_2,unroll_16,unroll_4,unroll_2,1,1,1,True
workload_2926.cpp,xcu200-fsgd2104-2-e,10,21.96626,67,1,1,1,1,complete_1,cyclic_8_2,block_4_1,cyclic_8_1,block_4_1,unroll_2,pipeline_1,unroll_2,unroll_16,unroll_8,pipeline_1,1,1,1,True
workload_2855.cpp,xcu200-fsgd2104-2-e,10,21.96626,65,1,1,1,1,complete_1,cyclic_8_2,block_8_1,block_4_1,cyclic_8_1,unroll_2,pipeline_1,unroll_2,unroll_16,unroll_2,unroll_2,1,1,1,True
workload_2975.cpp,xcu200-fsgd2104-2-e,10,21.96626,66,1,1,1,1,complete_1,cyclic_8_2,block_8_1,cyclic_4_1,block_4_1,unroll_2,pipeline_1,unroll_2,unroll_16,unroll_2,unroll_2,1,1,1,True
workload_3046.cpp,xcu200-fsgd2104-2-e,10,21.96626,63,1,1,1,1,complete_1,cyclic_8_2,block_8_1,cyclic_4_1,cyclic_8_1,unroll_2,pipeline_1,pipeline_1,unroll_16,unroll_2,pipeline_1,1,1,1,True
workload_2891.cpp,xcu200-fsgd2104-2-e,10,21.96626,65,1,1,1,1,complete_1,cyclic_8_2,block_8_1,cyclic_4_1,cyclic_8_1,unroll_2,pipeline_1,unroll_2,unroll_16,unroll_2,pipeline_1,1,1,1,True
workload_2874.cpp,xcu200-fsgd2104-2-e,10,22.2044,94,1,1,1,1,complete_1,cyclic_8_2,complete_1,block_2_1,block_4_1,unroll_4,pipeline_1,pipeline_1,unroll_2,unroll_4,pipeline_1,1,1,0.999342386887,False
workload_2675.cpp,xcu200-fsgd2104-2-e,10,22.55677,1020,1,1,8,12,complete_1,cyclic_8_2,complete_1,block_4_1,block_2_1,unroll_32,pipeline_1,unroll_2,unroll_2,unroll_8,unroll_4,1,5.5,0.326105444441,False
workload_3092.cpp,xcu200-fsgd2104-2-e,10,21.96626,68,1,1,1,1,complete_1,cyclic_8_2,complete_1,block_4_1,block_4_1,unroll_2,pipeline_1,unroll_2,unroll_16,unroll_2,unroll_2,1,1,1,True
workload_3034.cpp,xcu200-fsgd2104-2-e,10,21.96626,66,1,1,1,1,complete_1,cyclic_8_2,complete_1,block_4_1,block_8_1,unroll_2,pipeline_1,unroll_2,unroll_16,unroll_8,unroll_2,1,1,1,True
workload_2724.cpp,xcu200-fsgd2104-2-e,10,22.2044,98,1,1,1,1,complete_1,cyclic_8_2,complete_1,block_4_1,cyclic_8_1,unroll_4,pipeline_1,unroll_2,unroll_2,unroll_4,pipeline_1,1,1,0.999342386887,False
workload_3137.cpp,xcu200-fsgd2104-2-e,10,21.96626,67,1,1,1,1,complete_1,cyclic_8_2,complete_1,complete_1,block_8_1,unroll_2,pipeline_1,unroll_2,unroll_16,unroll_2,pipeline_1,1,1,1,True
workload_3121.cpp,xcu200-fsgd2104-2-e,10,21.96626,66,1,1,1,1,complete_1,cyclic_8_2,complete_1,complete_1,block_8_1,unroll_2,pipeline_1,unroll_2,unroll_16,unroll_8,unroll_16,1,1,1,True
workload_3089.cpp,xcu200-fsgd2104-2-e,10,21.96626,67,1,1,1,1,complete_1,cyclic_8_2,complete_1,cyclic_2_1,block_8_1,unroll_2,pipeline_1,unroll_2,unroll_16,unroll_4,unroll_16,1,1,1,True
workload_3145.cpp,xcu200-fsgd2104-2-e,10,21.96626,66,1,1,1,1,complete_1,cyclic_8_2,complete_1,cyclic_2_1,block_8_1,unroll_2,pipeline_1,unroll_2,unroll_16,unroll_8,unroll_16,1,1,1,True
workload_2686.cpp,xcu200-fsgd2104-2-e,10,22.55677,982,1,1,8,12,complete_1,cyclic_8_2,complete_1,cyclic_4_1,block_2_1,unroll_32,pipeline_1,pipeline_1,unroll_2,unroll_4,unroll_4,1,5.5,0.326105444441,False
workload_2633.cpp,xcu200-fsgd2104-2-e,10,22.55677,1351,1,1,8,12,complete_1,cyclic_8_2,complete_1,cyclic_4_1,block_2_1,unroll_32,pipeline_1,unroll_2,unroll_4,unroll_2,unroll_4,1,5.5,0.326105444441,False
workload_2543.cpp,xcu200-fsgd2104-2-e,10,22.55677,1026,1,1,8,12,complete_1,cyclic_8_2,complete_1,cyclic_4_1,block_2_1,unroll_32,pipeline_1,unroll_2,unroll_4,unroll_4,unroll_4,1,5.5,0.326105444441,False
workload_3036.cpp,xcu200-fsgd2104-2-e,10,21.96626,66,1,1,1,1,complete_1,cyclic_8_2,complete_1,cyclic_4_1,block_4_1,unroll_2,pipeline_1,unroll_2,unroll_16,unroll_4,unroll_16,1,1,1,True
workload_3132.cpp,xcu200-fsgd2104-2-e,10,21.96626,65,1,1,1,1,complete_1,cyclic_8_2,complete_1,cyclic_4_1,block_4_1,unroll_2,pipeline_1,unroll_2,unroll_16,unroll_8,pipeline_1,1,1,1,True
workload_3039.cpp,xcu200-fsgd2104-2-e,10,21.96626,67.5,1,1,1,1,complete_1,cyclic_8_2,complete_1,cyclic_4_1,block_8_1,unroll_2,pipeline_1,pipeline_1,unroll_16,unroll_8,pipeline_1,2,1,1,True
workload_2988.cpp,xcu200-fsgd2104-2-e,10,21.96626,68,1,1,1,1,complete_1,cyclic_8_2,complete_1,cyclic_4_1,block_8_1,unroll_2,pipeline_1,unroll_2,unroll_16,unroll_8,pipeline_1,1,1,1,True
workload_3056.cpp,xcu200-fsgd2104-2-e,10,21.96626,66,1,1,1,1,complete_1,cyclic_8_2,complete_1,cyclic_4_1,block_8_1,unroll_2,pipeline_1,unroll_2,unroll_16,unroll_8,unroll_16,1,1,1,True
workload_3084.cpp,xcu200-fsgd2104-2-e,10,21.96626,67,1,1,1,1,complete_1,cyclic_8_2,complete_1,cyclic_8_1,cyclic_8_1,unroll_2,pipeline_1,unroll_2,unroll_16,pipeline_1,pipeline_1,1,1,1,True
workload_2622.cpp,xcu200-fsgd2104-2-e,10,22.55653,181,1,1,2,3,complete_1,cyclic_8_2,cyclic_4_1,block_4_1,complete_1,unroll_8,pipeline_1,pipeline_1,pipeline_1,unroll_4,pipeline_1,2,1.75,0.856579481972,False
workload_2853.cpp,xcu200-fsgd2104-2-e,10,22.02876,67,1,1,1,1,complete_1,cyclic_8_2,cyclic_4_1,block_4_1,cyclic_8_1,unroll_2,pipeline_1,pipeline_1,unroll_2,unroll_16,unroll_2,1,1,0.999827385744,False
workload_2963.cpp,xcu200-fsgd2104-2-e,10,21.96626,65,1,1,1,1,complete_1,cyclic_8_2,cyclic_4_1,block_8_1,block_4_1,unroll_2,pipeline_1,unroll_2,unroll_16,unroll_2,unroll_2,1,1,1,True
workload_2658.cpp,xcu200-fsgd2104-2-e,10,22.55653,163,1,1,2,3,complete_1,cyclic_8_2,cyclic_4_1,block_8_1,complete_1,unroll_8,pipeline_1,pipeline_1,pipeline_1,unroll_2,pipeline_1,1,1.75,0.856579481972,False
workload_2740.cpp,xcu200-fsgd2104-2-e,10,22.55653,163,1,1,2,3,complete_1,cyclic_8_2,cyclic_4_1,block_8_1,complete_1,unroll_8,pipeline_1,pipeline_1,pipeline_1,unroll_2,unroll_2,1,1.75,0.856579481972,False
workload_2993.cpp,xcu200-fsgd2104-2-e,10,21.96626,68,1,1,1,1,complete_1,cyclic_8_2,cyclic_4_1,complete_1,cyclic_8_1,unroll_2,pipeline_1,unroll_2,unroll_16,pipeline_1,pipeline_1,1,1,1,True
workload_2745.cpp,xcu200-fsgd2104-2-e,10,22.55653,166,1,1,2,3,complete_1,cyclic_8_2,cyclic_4_1,cyclic_4_1,block_4_1,unroll_8,pipeline_1,pipeline_1,pipeline_1,unroll_8,unroll_16,1,1.75,0.856579481972,False
workload_2981.cpp,xcu200-fsgd2104-2-e,10,21.96626,68,1,1,1,1,complete_1,cyclic_8_2,cyclic_4_1,cyclic_4_1,block_8_1,unroll_2,pipeline_1,unroll_2,unroll_16,unroll_2,unroll_16,1,1,1,True
workload_3116.cpp,xcu200-fsgd2104-2-e,10,21.96626,67,1,1,1,1,complete_1,cyclic_8_2,cyclic_8_1,block_2_1,block_8_1,unroll_2,pipeline_1,unroll_2,unroll_16,unroll_2,unroll_2,1,1,1,True
workload_3077.cpp,xcu200-fsgd2104-2-e,10,21.96626,70,1,1,1,1,complete_1,cyclic_8_2,cyclic_8_1,block_4_1,block_4_1,unroll_2,pipeline_1,unroll_2,unroll_16,unroll_2,unroll_2,1,1,1,True
workload_3029.cpp,xcu200-fsgd2104-2-e,10,21.96626,66,1,1,1,1,complete_1,cyclic_8_2,cyclic_8_1,block_4_1,block_8_1,unroll_2,pipeline_1,unroll_2,unroll_16,unroll_2,unroll_2,1,1,1,True
workload_2952.cpp,xcu200-fsgd2104-2-e,10,21.96626,67,1,1,1,1,complete_1,cyclic_8_2,cyclic_8_1,block_4_1,cyclic_8_1,unroll_2,pipeline_1,unroll_2,unroll_16,unroll_2,pipeline_1,1,1,1,True
workload_2956.cpp,xcu200-fsgd2104-2-e,10,21.96626,66,1,1,1,1,complete_1,cyclic_8_2,cyclic_8_1,complete_1,block_8_1,unroll_2,pipeline_1,unroll_2,unroll_16,unroll_2,pipeline_1,1,1,1,True
workload_2850.cpp,xcu200-fsgd2104-2-e,10,21.96626,67,1,1,1,1,complete_1,cyclic_8_2,cyclic_8_1,complete_1,block_8_1,unroll_2,pipeline_1,unroll_2,unroll_16,unroll_2,unroll_2,1,1,1,True
workload_2925.cpp,xcu200-fsgd2104-2-e,10,22.02876,67,1,1,1,1,complete_1,cyclic_8_2,cyclic_8_1,complete_1,block_8_1,unroll_2,pipeline_1,unroll_2,unroll_4,unroll_2,unroll_2,1,1,0.999827385744,False
workload_2641.cpp,xcu200-fsgd2104-2-e,10,22.55677,1399,1,1,8,12,complete_1,cyclic_8_2,cyclic_8_1,cyclic_4_1,block_2_1,unroll_32,pipeline_1,unroll_2,unroll_4,unroll_4,unroll_4,1,5.5,0.326105444441,False
workload_2927.cpp,xcu200-fsgd2104-2-e,10,21.96626,68,1,1,1,1,complete_2,block_2_2,block_4_1,cyclic_4_1,cyclic_8_1,unroll_2,pipeline_1,pipeline_1,unroll_16,unroll_2,unroll_4,1,1,1,True
workload_2752.cpp,xcu200-fsgd2104-2-e,10,22.49253,154,1,1,1,2,complete_2,block_2_2,block_8_1,block_2_1,block_4_1,unroll_8,pipeline_1,unroll_2,unroll_16,unroll_2,unroll_8,1,1.25,0.950793209304,False
workload_2796.cpp,xcu200-fsgd2104-2-e,10,22.55653,163,1,1,2,3,complete_2,block_2_2,block_8_1,block_2_1,block_4_1,unroll_8,pipeline_1,unroll_2,unroll_4,unroll_4,pipeline_1,1,1.75,0.856579481972,False
workload_2861.cpp,xcu200-fsgd2104-2-e,10,22.1414,94,1,1,1,1,complete_2,block_4_2,complete_1,complete_1,block_8_1,unroll_4,pipeline_1,unroll_2,unroll_16,unroll_2,unroll_8,1,1,0.99951633523,False
workload_3103.cpp,xcu200-fsgd2104-2-e,10,21.96626,67,1,1,1,1,complete_2,block_8_2,block_2_1,complete_1,block_8_1,unroll_2,pipeline_1,unroll_2,unroll_16,pipeline_1,pipeline_1,1,1,1,True
workload_3054.cpp,xcu200-fsgd2104-2-e,10,21.96626,66,1,1,1,1,complete_2,block_8_2,block_2_1,complete_1,block_8_1,unroll_2,pipeline_1,unroll_2,unroll_16,unroll_8,pipeline_1,1,1,1,True
workload_3119.cpp,xcu200-fsgd2104-2-e,10,21.96626,67,1,1,1,1,complete_2,block_8_2,block_2_1,cyclic_4_1,block_8_1,unroll_2,pipeline_1,unroll_2,unroll_16,unroll_4,pipeline_1,1,1,1,True
workload_3130.cpp,xcu200-fsgd2104-2-e,10,21.96626,65,1,1,1,1,complete_2,block_8_2,block_2_1,cyclic_4_1,block_8_1,unroll_2,pipeline_1,unroll_2,unroll_16,unroll_4,unroll_16,1,1,1,True
workload_3016.cpp,xcu200-fsgd2104-2-e,10,21.96626,68,1,1,1,1,complete_2,block_8_2,block_2_1,cyclic_4_1,block_8_1,unroll_2,pipeline_1,unroll_2,unroll_16,unroll_8,pipeline_1,1,1,1,True
workload_2878.cpp,xcu200-fsgd2104-2-e,10,22.02876,67,1,1,1,1,complete_2,block_8_2,block_4_1,block_4_1,cyclic_8_1,unroll_2,pipeline_1,unroll_2,unroll_2,unroll_2,pipeline_1,1,1,0.999827385744,False
workload_2804.cpp,xcu200-fsgd2104-2-e,10,22.02876,68,1,1,1,1,complete_2,block_8_2,block_4_1,block_4_1,cyclic_8_1,unroll_2,pipeline_1,unroll_2,unroll_2,unroll_4,pipeline_1,1,1,0.999827385744,False
workload_2819.cpp,xcu200-fsgd2104-2-e,10,22.02876,66,1,1,1,1,complete_2,block_8_2,block_4_1,block_4_1,cyclic_8_1,unroll_2,pipeline_1,unroll_2,unroll_2,unroll_8,pipeline_1,1,1,0.999827385744,False
workload_3012.cpp,xcu200-fsgd2104-2-e,10,21.96626,69,1,1,1,1,complete_2,block_8_2,block_4_1,complete_1,block_4_1,unroll_2,pipeline_1,unroll_2,unroll_16,pipeline_1,pipeline_1,1,1,1,True
workload_3050.cpp,xcu200-fsgd2104-2-e,10,21.96626,66,1,1,1,1,complete_2,block_8_2,block_4_1,complete_1,block_8_1,unroll_2,pipeline_1,unroll_2,unroll_16,pipeline_1,pipeline_1,1,1,1,True
workload_2936.cpp,xcu200-fsgd2104-2-e,10,21.96626,65,1,1,1,1,complete_2,block_8_2,block_4_1,complete_1,block_8_1,unroll_2,pipeline_1,unroll_2,unroll_16,unroll_8,pipeline_1,1,1,1,True
workload_3083.cpp,xcu200-fsgd2104-2-e,10,21.96626,68,1,1,1,1,complete_2,block_8_2,block_4_1,complete_1,cyclic_8_1,unroll_2,pipeline_1,unroll_2,unroll_16,unroll_8,pipeline_1,1,1,1,True
workload_2671.cpp,xcu200-fsgd2104-2-e,10,22.02876,69,1,1,1,1,complete_2,block_8_2,block_4_1,cyclic_4_1,block_4_1,unroll_2,pipeline_1,pipeline_1,unroll_2,unroll_8,pipeline_1,1,1,0.999827385744,False
workload_3107.cpp,xcu200-fsgd2104-2-e,10,21.96626,65,1,1,1,1,complete_2,block_8_2,block_4_1,cyclic_4_1,block_4_1,unroll_2,pipeline_1,unroll_2,unroll_16,unroll_2,pipeline_1,1,1,1,True
workload_2838.cpp,xcu200-fsgd2104-2-e,10,22.2044,95,1,1,1,1,complete_2,block_8_2,block_4_1,cyclic_4_1,block_4_1,unroll_4,pipeline_1,pipeline_1,unroll_2,unroll_4,pipeline_1,1,1,0.999342386887,False
workload_2962.cpp,xcu200-fsgd2104-2-e,10,21.96626,65,1,1,1,1,complete_2,block_8_2,block_4_1,cyclic_4_1,block_8_1,unroll_2,pipeline_1,unroll_2,unroll_16,unroll_2,pipeline_1,1,1,1,True
workload_2901.cpp,xcu200-fsgd2104-2-e,10,21.96626,66,1,1,1,1,complete_2,block_8_2,block_4_1,cyclic_4_1,block_8_1,unroll_2,pipeline_1,unroll_2,unroll_16,unroll_8,pipeline_1,1,1,1,True
workload_3026.cpp,xcu200-fsgd2104-2-e,10,22.02876,66,1,1,1,1,complete_2,block_8_2,block_4_1,cyclic_4_1,block_8_1,unroll_2,pipeline_1,unroll_2,unroll_2,unroll_2,pipeline_1,1,1,0.999827385744,False
workload_2911.cpp,xcu200-fsgd2104-2-e,10,22.02876,65,1,1,1,1,complete_2,block_8_2,block_4_1,cyclic_4_1,block_8_1,unroll_2,pipeline_1,unroll_2,unroll_2,unroll_8,pipeline_1,1,1,0.999827385744,False
workload_2918.cpp,xcu200-fsgd2104-2-e,10,22.02876,66,1,1,1,1,complete_2,block_8_2,block_4_1,cyclic_4_1,complete_1,unroll_2,pipeline_1,pipeline_1,unroll_2,unroll_4,pipeline_1,1,1,0.999827385744,False
workload_2770.cpp,xcu200-fsgd2104-2-e,10,22.02876,66,1,1,1,1,complete_2,block_8_2,block_4_1,cyclic_4_1,complete_1,unroll_2,pipeline_1,pipeline_1,unroll_2,unroll_8,pipeline_1,2,1,0.999827385744,False
workload_2741.cpp,xcu200-fsgd2104-2-e,10,22.02876,68,1,1,1,1,complete_2,block_8_2,block_4_1,cyclic_4_1,cyclic_8_1,unroll_2,pipeline_1,pipeline_1,unroll_4,unroll_8,pipeline_1,1,1,0.999827385744,False
workload_3011.cpp,xcu200-fsgd2104-2-e,10,21.96626,68,1,1,1,1,complete_2,block_8_2,block_4_1,cyclic_4_1,cyclic_8_1,unroll_2,pipeline_1,unroll_2,unroll_16,unroll_8,pipeline_1,1,1,1,True
workload_2904.cpp,xcu200-fsgd2104-2-e,10,417.81626,83,1,1,1,2,complete_2,block_8_2,block_4_1,cyclic_4_1,cyclic_8_1,unroll_2,unroll_2,pipeline_1,unroll_4,unroll_8,pipeline_1,1,1.25,0.238274400241,False
workload_3155.cpp,xcu200-fsgd2104-2-e,10,21.96626,66,1,1,1,1,complete_2,block_8_2,block_4_1,cyclic_8_1,block_8_1,unroll_2,pipeline_1,unroll_2,unroll_16,pipeline_1,pipeline_1,1,1,1,True
workload_3068.cpp,xcu200-fsgd2104-2-e,10,21.96626,66,1,1,1,1,complete_2,block_8_2,block_4_1,cyclic_8_1,block_8_1,unroll_2,pipeline_1,unroll_2,unroll_16,unroll_2,pipeline_1,1,1,1,True
workload_3108.cpp,xcu200-fsgd2104-2-e,10,21.96626,67,1,1,1,1,complete_2,block_8_2,block_4_1,cyclic_8_1,block_8_1,unroll_2,pipeline_1,unroll_2,unroll_16,unroll_8,unroll_2,1,1,1,True
workload_3040.cpp,xcu200-fsgd2104-2-e,10,21.96626,66,1,1,1,1,complete_2,block_8_2,block_4_1,cyclic_8_1,cyclic_2_1,unroll_2,pipeline_1,unroll_2,unroll_16,unroll_2,pipeline_1,1,1,1,True
workload_2795.cpp,xcu200-fsgd2104-2-e,10,22.2044,99,1,1,1,1,complete_2,block_8_2,block_8_1,complete_1,block_8_1,unroll_4,pipeline_1,pipeline_1,unroll_2,unroll_2,pipeline_1,1,1,0.999342386887,False
workload_2831.cpp,xcu200-fsgd2104-2-e,10,22.2044,94,1,1,1,1,complete_2,block_8_2,block_8_1,complete_1,cyclic_8_1,unroll_4,pipeline_1,unroll_2,unroll_2,unroll_2,pipeline_1,1,1,0.999342386887,False
workload_3139.cpp,xcu200-fsgd2104-2-e,10,21.96626,66,1,1,1,1,complete_2,block_8_2,block_8_1,cyclic_4_1,block_8_1,unroll_2,pipeline_1,unroll_2,unroll_16,pipeline_1,unroll_16,1,1,1,True
workload_2754.cpp,xcu200-fsgd2104-2-e,10,22.55653,352,1,1,4,6,complete_2,block_8_2,block_8_1,cyclic_4_1,cyclic_8_1,unroll_16,pipeline_1,pipeline_1,unroll_2,unroll_2,unroll_16,1,3,0.645205953703,False
workload_2698.cpp,xcu200-fsgd2104-2-e,10,22.02876,67,1,1,1,1,complete_2,block_8_2,block_8_1,cyclic_4_1,cyclic_8_1,unroll_2,pipeline_1,pipeline_1,unroll_2,unroll_2,pipeline_1,1,1,0.999827385744,False
workload_2912.cpp,xcu200-fsgd2104-2-e,10,22.02876,66,1,1,1,1,complete_2,block_8_2,complete_1,block_4_1,cyclic_8_1,unroll_2,pipeline_1,unroll_2,unroll_2,unroll_2,pipeline_1,1,1,0.999827385744,False
workload_2879.cpp,xcu200-fsgd2104-2-e,10,22.02876,66,1,1,1,1,complete_2,block_8_2,complete_1,block_4_1,cyclic_8_1,unroll_2,pipeline_1,unroll_2,unroll_2,unroll_8,pipeline_1,1,1,0.999827385744,False
workload_3066.cpp,xcu200-fsgd2104-2-e,10,21.96626,66,1,1,1,1,complete_2,block_8_2,complete_1,cyclic_4_1,block_4_1,unroll_2,pipeline_1,unroll_2,unroll_16,unroll_4,unroll_16,1,1,1,True
workload_3152.cpp,xcu200-fsgd2104-2-e,10,21.96626,65,1,1,1,1,complete_2,block_8_2,complete_1,cyclic_4_1,block_4_1,unroll_2,pipeline_1,unroll_2,unroll_16,unroll_8,pipeline_1,1,1,1,True
workload_2943.cpp,xcu200-fsgd2104-2-e,10,21.96626,66,1,1,1,1,complete_2,block_8_2,complete_1,cyclic_4_1,block_8_1,unroll_2,pipeline_1,unroll_2,unroll_16,pipeline_1,unroll_16,1,1,1,True
workload_2995.cpp,xcu200-fsgd2104-2-e,10,21.96626,69,1,1,1,1,complete_2,block_8_2,complete_1,cyclic_4_1,block_8_1,unroll_2,pipeline_1,unroll_2,unroll_16,unroll_8,pipeline_1,1,1,1,True
workload_3067.cpp,xcu200-fsgd2104-2-e,10,21.96626,66,1,1,1,1,complete_2,block_8_2,complete_1,cyclic_8_1,block_4_1,unroll_2,pipeline_1,unroll_2,unroll_16,pipeline_1,pipeline_1,1,1,1,True
workload_3146.cpp,xcu200-fsgd2104-2-e,10,21.96626,67,1,1,1,1,complete_2,block_8_2,complete_1,cyclic_8_1,block_4_1,unroll_2,pipeline_1,unroll_2,unroll_16,unroll_8,unroll_2,1,1,1,True
workload_2984.cpp,xcu200-fsgd2104-2-e,10,21.96626,68,1,1,1,1,complete_2,block_8_2,cyclic_4_1,block_8_1,block_4_1,unroll_2,pipeline_1,unroll_2,unroll_16,unroll_4,unroll_2,1,1,1,True
workload_2921.cpp,xcu200-fsgd2104-2-e,10,22.02876,66,1,1,1,1,complete_2,block_8_2,cyclic_4_1,cyclic_4_1,cyclic_8_1,unroll_2,pipeline_1,pipeline_1,unroll_2,unroll_8,pipeline_1,1,1,0.999827385744,False
workload_2801.cpp,xcu200-fsgd2104-2-e,10,332.81626,80,1,1,1,2,complete_2,block_8_2,cyclic_8_1,complete_1,cyclic_2_1,unroll_2,unroll_2,unroll_2,unroll_4,unroll_8,unroll_2,1,1.25,0.345442874168,False
workload_3105.cpp,xcu200-fsgd2104-2-e,10,22.02876,70,1,1,1,1,complete_2,block_8_2,cyclic_8_1,cyclic_4_1,block_8_1,unroll_2,pipeline_1,unroll_2,unroll_2,pipeline_1,unroll_16,1,1,0.999827385744,False
workload_2900.cpp,xcu200-fsgd2104-2-e,10,22.02876,66,1,1,1,1,complete_2,block_8_2,cyclic_8_1,cyclic_4_1,complete_1,unroll_2,pipeline_1,pipeline_1,unroll_2,unroll_8,unroll_2,1,1,0.999827385744,False
workload_3093.cpp,xcu200-fsgd2104-2-e,10,21.96626,66,1,1,1,1,complete_2,complete_1,block_4_1,complete_1,cyclic_8_1,unroll_2,pipeline_1,unroll_2,unroll_16,pipeline_1,pipeline_1,1,1,1,True
workload_2854.cpp,xcu200-fsgd2104-2-e,10,22.2044,96,1,1,1,1,complete_2,complete_1,block_4_1,cyclic_4_1,block_4_1,unroll_4,pipeline_1,pipeline_1,unroll_2,unroll_8,unroll_8,1,1,0.999342386887,False
workload_2941.cpp,xcu200-fsgd2104-2-e,10,21.96626,67,1,1,1,1,complete_2,complete_1,block_8_1,block_8_1,block_4_1,unroll_2,pipeline_1,unroll_2,unroll_16,unroll_4,unroll_2,1,1,1,True
workload_2696.cpp,xcu200-fsgd2104-2-e,10,22.55653,161,1,1,2,3,complete_2,complete_1,complete_1,block_4_1,block_4_1,unroll_8,pipeline_1,pipeline_1,pipeline_1,unroll_2,pipeline_1,1,1.75,0.856579481972,False
workload_2677.cpp,xcu200-fsgd2104-2-e,10,22.55653,159,1,1,2,3,complete_2,complete_1,cyclic_4_1,block_4_1,block_4_1,unroll_8,pipeline_1,pipeline_1,pipeline_1,unroll_2,pipeline_1,1,1.75,0.856579481972,False
workload_2538.cpp,xcu200-fsgd2104-2-e,10,22.55653,164,1,1,2,3,complete_2,complete_1,cyclic_4_1,block_4_1,cyclic_2_1,unroll_8,pipeline_1,pipeline_1,pipeline_1,unroll_2,pipeline_1,1,1.75,0.856579481972,False
workload_2868.cpp,xcu200-fsgd2104-2-e,10,21.96626,65,1,1,1,1,complete_2,complete_1,cyclic_4_1,block_8_1,block_4_1,unroll_2,pipeline_1,unroll_2,unroll_16,unroll_4,unroll_2,1,1,1,True
workload_2945.cpp,xcu200-fsgd2104-2-e,10,21.96626,67,1,1,1,1,complete_2,complete_1,cyclic_4_1,cyclic_4_1,block_4_1,unroll_2,pipeline_1,unroll_2,unroll_16,unroll_4,unroll_2,1,1,1,True
workload_2892.cpp,xcu200-fsgd2104-2-e,10,21.96626,66,1,1,1,1,complete_2,complete_1,cyclic_8_1,block_8_1,block_4_1,unroll_2,pipeline_1,unroll_2,unroll_16,unroll_4,pipeline_1,1,1,1,True
workload_2536.cpp,xcu200-fsgd2104-2-e,10,265.00376,75,1,1,1,1,complete_2,complete_1,cyclic_8_1,complete_1,block_4_1,unroll_2,unroll_2,unroll_2,unroll_16,pipeline_1,unroll_2,1,1,0.453903895092,False
workload_2985.cpp,xcu200-fsgd2104-2-e,10,21.96626,66,1,1,1,1,complete_2,complete_1,cyclic_8_1,complete_1,block_8_1,unroll_2,pipeline_1,unroll_2,unroll_16,unroll_4,unroll_2,1,1,1,True
workload_2706.cpp,xcu200-fsgd2104-2-e,10,337.81626,75,1,1,1,2,complete_2,complete_1,cyclic_8_1,complete_1,cyclic_2_1,unroll_2,unroll_2,unroll_2,unroll_4,pipeline_1,unroll_2,1,1.25,0.338295858475,False
workload_2947.cpp,xcu200-fsgd2104-2-e,10,21.96626,67,1,1,1,1,complete_2,complete_1,cyclic_8_1,cyclic_4_1,block_8_1,unroll_2,pipeline_1,pipeline_1,unroll_16,unroll_2,unroll_4,1,1,1,True
workload_2923.cpp,xcu200-fsgd2104-2-e,10,22.02876,66,1,1,1,1,complete_2,complete_2,block_4_1,cyclic_4_1,block_4_1,unroll_2,pipeline_1,pipeline_1,unroll_4,unroll_2,pipeline_1,1,1,0.999827385744,False
workload_2615.cpp,xcu200-fsgd2104-2-e,10,320.43376,251,1,1,1,8,complete_2,complete_2,block_4_1,cyclic_4_1,block_4_1,unroll_2,unroll_8,pipeline_1,unroll_2,unroll_16,pipeline_1,1,2.75,0.327384474113,False
workload_2640.cpp,xcu200-fsgd2104-2-e,10,443.20283,824,1,1,3,18,complete_2,complete_2,block_4_1,cyclic_4_1,cyclic_8_1,unroll_16,unroll_2,pipeline_1,unroll_2,unroll_2,pipeline_1,1,5.75,0.124907677698,False
workload_2775.cpp,xcu200-fsgd2104-2-e,10,22.02876,65,1,1,1,1,complete_2,complete_2,block_4_1,cyclic_4_1,cyclic_8_1,unroll_2,pipeline_1,pipeline_1,unroll_2,unroll_2,pipeline_1,1,1,0.999827385744,False
workload_2805.cpp,xcu200-fsgd2104-2-e,10,94.12376,69,1,1,1,1,complete_2,complete_2,block_4_1,cyclic_4_1,cyclic_8_1,unroll_2,pipeline_1,pipeline_1,unroll_4,pipeline_1,unroll_4,1,1,0.811736877492,False
workload_2826.cpp,xcu200-fsgd2104-2-e,10,22.02876,70,1,1,1,1,complete_2,complete_2,block_4_1,cyclic_4_1,cyclic_8_1,unroll_2,pipeline_1,pipeline_1,unroll_4,unroll_2,unroll_4,1,1,0.999827385744,False
workload_2768.cpp,xcu200-fsgd2104-2-e,10,22.02876,64.5,1,1,1,1,complete_2,complete_2,block_8_1,cyclic_4_1,cyclic_8_1,unroll_2,pipeline_1,pipeline_1,unroll_2,unroll_2,pipeline_1,2,1,0.999827385744,False
workload_2889.cpp,xcu200-fsgd2104-2-e,10,22.02876,62,1,1,1,1,complete_2,complete_2,block_8_1,cyclic_4_1,cyclic_8_1,unroll_2,pipeline_1,pipeline_1,unroll_2,unroll_2,unroll_4,1,1,0.999827385744,False
workload_2928.cpp,xcu200-fsgd2104-2-e,10,22.02876,66,1,1,1,1,complete_2,complete_2,cyclic_2_1,cyclic_4_1,cyclic_8_1,unroll_2,pipeline_1,pipeline_1,unroll_2,unroll_2,pipeline_1,1,1,0.999827385744,False
workload_2695.cpp,xcu200-fsgd2104-2-e,10,22.55653,161,1,1,2,3,complete_2,complete_2,cyclic_4_1,cyclic_2_1,cyclic_2_1,unroll_8,pipeline_1,pipeline_1,pipeline_1,unroll_8,unroll_8,1,1.75,0.856579481972,False
workload_2847.cpp,xcu200-fsgd2104-2-e,10,22.02876,64,1,1,1,1,complete_2,complete_2,cyclic_4_1,cyclic_4_1,block_4_1,unroll_2,pipeline_1,pipeline_1,unroll_2,unroll_2,pipeline_1,2,1,0.999827385744,False
workload_2909.cpp,xcu200-fsgd2104-2-e,10,22.02876,65,1,1,1,1,complete_2,complete_2,cyclic_4_1,cyclic_4_1,block_4_1,unroll_2,pipeline_1,pipeline_1,unroll_2,unroll_8,pipeline_1,1,1,0.999827385744,False
workload_2893.cpp,xcu200-fsgd2104-2-e,10,22.02876,66,1,1,1,1,complete_2,cyclic_2_2,block_4_1,block_4_1,block_4_1,unroll_2,pipeline_1,pipeline_1,unroll_2,unroll_2,pipeline_1,1,1,0.999827385744,False
workload_3005.cpp,xcu200-fsgd2104-2-e,10,21.96626,68,1,1,1,1,complete_2,cyclic_2_2,block_4_1,block_8_1,cyclic_8_1,unroll_2,pipeline_1,unroll_2,unroll_16,unroll_2,unroll_4,1,1,1,True
workload_2939.cpp,xcu200-fsgd2104-2-e,10,21.96626,65,1,1,1,1,complete_2,cyclic_2_2,block_4_1,cyclic_4_1,block_2_1,unroll_2,pipeline_1,unroll_2,unroll_16,unroll_2,pipeline_1,1,1,1,True
workload_3128.cpp,xcu200-fsgd2104-2-e,10,21.96626,64,1,1,1,1,complete_2,cyclic_2_2,block_4_1,cyclic_4_1,block_4_1,unroll_2,pipeline_1,pipeline_1,unroll_16,unroll_4,pipeline_1,1,1,1,True
workload_2837.cpp,xcu200-fsgd2104-2-e,10,21.96626,65,1,1,1,1,complete_2,cyclic_2_2,block_4_1,cyclic_4_1,block_4_1,unroll_2,pipeline_1,unroll_2,unroll_16,unroll_2,pipeline_1,1,1,1,True
workload_2990.cpp,xcu200-fsgd2104-2-e,10,21.96626,68,1,1,1,1,complete_2,cyclic_2_2,block_4_1,cyclic_4_1,block_8_1,unroll_2,pipeline_1,unroll_2,unroll_16,unroll_2,pipeline_1,1,1,1,True
workload_2913.cpp,xcu200-fsgd2104-2-e,10,22.02876,66,1,1,1,1,complete_2,cyclic_2_2,block_4_1,cyclic_4_1,cyclic_8_1,unroll_2,pipeline_1,pipeline_1,unroll_2,unroll_4,unroll_16,1,1,0.999827385744,False
workload_2880.cpp,xcu200-fsgd2104-2-e,10,21.96626,66,1,1,1,1,complete_2,cyclic_2_2,block_4_1,cyclic_4_1,cyclic_8_1,unroll_2,pipeline_1,unroll_2,unroll_16,pipeline_1,unroll_4,1,1,1,True
workload_2959.cpp,xcu200-fsgd2104-2-e,10,21.96626,65,1,1,1,1,complete_2,cyclic_2_2,block_4_1,cyclic_4_1,cyclic_8_1,unroll_2,pipeline_1,unroll_2,unroll_16,unroll_8,unroll_4,1,1,1,True
workload_3013.cpp,xcu200-fsgd2104-2-e,10,21.96626,69,1,1,1,1,complete_2,cyclic_2_2,block_8_1,complete_1,block_8_1,unroll_2,pipeline_1,unroll_2,unroll_16,unroll_4,unroll_2,1,1,1,True
workload_3126.cpp,xcu200-fsgd2104-2-e,10,21.96626,60,1,1,1,1,complete_2,cyclic_2_2,complete_1,cyclic_4_1,block_8_1,unroll_2,pipeline_1,unroll_2,unroll_16,pipeline_1,unroll_16,1,1,1,True
workload_2862.cpp,xcu200-fsgd2104-2-e,10,22.02876,67,1,1,1,1,complete_2,cyclic_4_2,block_4_1,cyclic_4_1,cyclic_8_1,unroll_2,pipeline_1,pipeline_1,unroll_2,unroll_4,pipeline_1,1,1,0.999827385744,False
workload_2953.cpp,xcu200-fsgd2104-2-e,10,21.96626,67,1,1,1,1,complete_2,cyclic_4_2,block_8_1,block_4_1,cyclic_8_1,unroll_2,pipeline_1,unroll_2,unroll_16,unroll_2,unroll_2,1,1,1,True
workload_3043.cpp,xcu200-fsgd2104-2-e,10,22.02876,68,1,1,1,1,complete_2,cyclic_4_2,block_8_1,block_4_1,cyclic_8_1,unroll_2,pipeline_1,unroll_2,unroll_2,unroll_2,unroll_2,1,1,0.999827385744,False
workload_2999.cpp,xcu200-fsgd2104-2-e,10,21.96626,69,1,1,1,1,complete_2,cyclic_4_2,block_8_1,cyclic_4_1,cyclic_8_1,unroll_2,pipeline_1,unroll_2,unroll_16,unroll_2,unroll_2,1,1,1,True
workload_2776.cpp,xcu200-fsgd2104-2-e,10,22.55653,175,1,1,2,3,complete_2,cyclic_4_2,block_8_1,cyclic_4_1,cyclic_8_1,unroll_8,pipeline_1,pipeline_1,unroll_4,unroll_8,pipeline_1,1,1.75,0.856579481972,False
workload_2935.cpp,xcu200-fsgd2104-2-e,10,21.96626,66,1,1,1,1,complete_2,cyclic_4_2,complete_1,block_8_1,block_4_1,unroll_2,pipeline_1,unroll_2,unroll_16,unroll_2,unroll_2,1,1,1,True
workload_2858.cpp,xcu200-fsgd2104-2-e,10,22.2044,95,1,1,1,1,complete_2,cyclic_4_2,complete_1,cyclic_4_1,block_8_1,unroll_4,pipeline_1,unroll_2,unroll_2,unroll_2,pipeline_1,1,1,0.999342386887,False
workload_2920.cpp,xcu200-fsgd2104-2-e,10,22.02876,66,1,1,1,1,complete_2,cyclic_4_2,cyclic_4_1,block_4_1,block_4_1,unroll_2,pipeline_1,unroll_2,unroll_2,unroll_8,pipeline_1,1,1,0.999827385744,False
workload_2834.cpp,xcu200-fsgd2104-2-e,10,22.49253,149,1,1,1,2,complete_2,cyclic_4_2,cyclic_4_1,block_4_1,block_4_1,unroll_8,pipeline_1,unroll_2,unroll_16,unroll_4,unroll_16,1,1.25,0.950793209304,False
workload_3164.cpp,xcu200-fsgd2104-2-e,10,21.96626,65,1,1,1,1,complete_2,cyclic_8_2,block_2_1,cyclic_4_1,block_8_1,unroll_2,pipeline_1,unroll_2,unroll_16,pipeline_1,pipeline_1,1,1,1,True
workload_2851.cpp,xcu200-fsgd2104-2-e,10,22.02876,67,1,1,1,1,complete_2,cyclic_8_2,block_4_1,block_4_1,cyclic_8_1,unroll_2,pipeline_1,unroll_2,unroll_2,unroll_4,pipeline_1,1,1,0.999827385744,False
workload_2881.cpp,xcu200-fsgd2104-2-e,10,22.02876,66,1,1,1,1,complete_2,cyclic_8_2,block_4_1,block_8_1,cyclic_8_1,unroll_2,pipeline_1,pipeline_1,unroll_2,unroll_16,unroll_2,1,1,0.999827385744,False
workload_2983.cpp,xcu200-fsgd2104-2-e,10,21.96626,67,1,1,1,1,complete_2,cyclic_8_2,block_4_1,complete_1,block_8_1,unroll_2,pipeline_1,unroll_2,unroll_16,unroll_8,unroll_16,1,1,1,True
workload_2960.cpp,xcu200-fsgd2104-2-e,10,22.02876,66,1,1,1,1,complete_2,cyclic_8_2,block_4_1,cyclic_8_1,block_4_1,unroll_2,pipeline_1,unroll_2,unroll_2,unroll_8,pipeline_1,1,1,0.999827385744,False
workload_3025.cpp,xcu200-fsgd2104-2-e,10,21.96626,67,1,1,1,1,complete_2,cyclic_8_2,block_8_1,block_4_1,block_4_1,unroll_2,pipeline_1,unroll_2,unroll_16,unroll_2,unroll_2,1,1,1,True
workload_3037.cpp,xcu200-fsgd2104-2-e,10,21.96626,66,1,1,1,1,complete_2,cyclic_8_2,block_8_1,block_4_1,cyclic_8_1,unroll_2,pipeline_1,unroll_2,unroll_16,unroll_2,unroll_2,1,1,1,True
workload_3112.cpp,xcu200-fsgd2104-2-e,10,21.96626,67,1,1,1,1,complete_2,cyclic_8_2,complete_1,cyclic_2_1,block_4_1,unroll_2,pipeline_1,unroll_2,unroll_16,unroll_4,unroll_16,1,1,1,True
workload_2779.cpp,xcu200-fsgd2104-2-e,10,21.96626,66,1,1,1,1,complete_2,cyclic_8_2,cyclic_4_1,block_8_1,block_4_1,unroll_2,pipeline_1,unroll_2,unroll_16,unroll_2,unroll_2,1,1,1,True
workload_2996.cpp,xcu200-fsgd2104-2-e,10,21.96626,67,1,1,1,1,complete_2,cyclic_8_2,cyclic_4_1,cyclic_4_1,block_8_1,unroll_2,pipeline_1,unroll_2,unroll_16,unroll_2,unroll_2,1,1,1,True
workload_2630.cpp,xcu200-fsgd2104-2-e,10,96.38181,195,1,1,1,3,cyclic_2_2,block_2_2,block_8_1,complete_1,cyclic_2_1,unroll_8,pipeline_1,pipeline_1,unroll_2,pipeline_1,unroll_8,1,1.5,0.786036945559,False
workload_2723.cpp,xcu200-fsgd2104-2-e,10,22.55653,181,1,1,2,3,cyclic_2_2,block_2_2,complete_1,block_2_1,cyclic_8_1,unroll_8,pipeline_1,pipeline_1,unroll_4,unroll_4,pipeline_1,1,1.75,0.856579481972,False
workload_2793.cpp,xcu200-fsgd2104-2-e,10,22.49253,316,1,1,3,4,cyclic_2_2,block_2_2,complete_1,complete_1,block_8_1,unroll_16,pipeline_1,pipeline_1,unroll_16,unroll_4,pipeline_1,1,2.25,0.767886112291,False
workload_2550.cpp,xcu200-fsgd2104-2-e,10,51.47461,304,1,1,1,3,cyclic_2_2,block_2_2,complete_1,complete_1,cyclic_8_1,unroll_8,pipeline_1,pipeline_1,unroll_4,pipeline_1,pipeline_1,1,1.5,0.875794074991,False
workload_2744.cpp,xcu200-fsgd2104-2-e,10,51.47461,258,1,1,1,3,cyclic_2_2,block_2_2,complete_1,complete_1,cyclic_8_1,unroll_8,pipeline_1,pipeline_1,unroll_4,pipeline_1,unroll_4,1,1.5,0.875794074991,False
workload_2693.cpp,xcu200-fsgd2104-2-e,10,22.55653,177,1,1,2,3,cyclic_2_2,block_2_2,complete_1,complete_1,cyclic_8_1,unroll_8,pipeline_1,unroll_2,unroll_4,pipeline_1,pipeline_1,1,1.75,0.856579481972,False
workload_2764.cpp,xcu200-fsgd2104-2-e,10,51.47461,249,1,1,1,3,cyclic_2_2,block_2_2,complete_1,cyclic_4_1,cyclic_8_1,unroll_8,pipeline_1,pipeline_1,unroll_4,pipeline_1,pipeline_1,1,1.5,0.875794074991,False
workload_2653.cpp,xcu200-fsgd2104-2-e,10,96.38181,168,1,1,1,3,cyclic_2_2,block_2_2,cyclic_2_1,cyclic_2_1,block_8_1,unroll_8,pipeline_1,pipeline_1,pipeline_1,pipeline_1,unroll_8,1,1.5,0.786036945559,False
workload_2787.cpp,xcu200-fsgd2104-2-e,10,94.12376,68,1,1,1,1,cyclic_2_2,block_4_2,block_4_1,block_8_1,cyclic_8_1,unroll_2,pipeline_1,pipeline_1,unroll_2,pipeline_1,unroll_2,1,1,0.811736877492,False
workload_2690.cpp,xcu200-fsgd2104-2-e,10,446.55126,105,1,1,1,4,cyclic_2_2,block_4_2,cyclic_4_1,block_8_1,cyclic_8_1,unroll_2,unroll_4,pipeline_1,unroll_2,unroll_16,pipeline_1,1,1.75,0.206023137322,False
workload_2875.cpp,xcu200-fsgd2104-2-e,10,22.02876,66,1,1,1,1,cyclic_2_2,block_8_2,block_4_1,block_8_1,cyclic_8_1,unroll_2,pipeline_1,pipeline_1,unroll_2,unroll_16,unroll_2,1,1,0.999827385744,False
workload_3122.cpp,xcu200-fsgd2104-2-e,10,21.96626,66,1,1,1,1,cyclic_2_2,block_8_2,block_8_1,complete_1,cyclic_8_1,unroll_2,pipeline_1,unroll_2,unroll_16,unroll_2,pipeline_1,1,1,1,True
workload_3150.cpp,xcu200-fsgd2104-2-e,10,21.96626,64,1,1,1,1,cyclic_2_2,block_8_2,complete_1,cyclic_4_1,block_4_1,unroll_2,pipeline_1,unroll_2,unroll_16,pipeline_1,pipeline_1,1,1,1,True
workload_2888.cpp,xcu200-fsgd2104-2-e,10,22.02876,66,1,1,1,1,cyclic_2_2,block_8_2,cyclic_4_1,cyclic_4_1,cyclic_8_1,unroll_2,pipeline_1,pipeline_1,unroll_4,unroll_8,pipeline_1,1,1,0.999827385744,False
workload_2757.cpp,xcu200-fsgd2104-2-e,10,22.55653,168,1,1,2,3,cyclic_2_2,complete_1,block_2_1,block_2_1,cyclic_8_1,unroll_8,pipeline_1,pipeline_1,unroll_2,unroll_2,unroll_8,1,1.75,0.856579481972,False
workload_2611.cpp,xcu200-fsgd2104-2-e,10,22.55653,194,1,1,2,3,cyclic_2_2,complete_1,block_2_1,block_2_1,cyclic_8_1,unroll_8,pipeline_1,pipeline_1,unroll_4,unroll_2,unroll_8,1,1.75,0.856579481972,False
workload_2711.cpp,xcu200-fsgd2104-2-e,10,498.54771,838,1,1,3,14,cyclic_2_2,complete_1,block_2_1,block_2_1,cyclic_8_1,unroll_8,unroll_4,pipeline_1,unroll_4,unroll_2,unroll_8,1,4.75,0.122711206015,False
workload_2749.cpp,xcu200-fsgd2104-2-e,10,22.2044,94,1,1,1,1,cyclic_2_2,complete_1,block_4_1,block_2_1,block_4_1,unroll_4,pipeline_1,pipeline_1,unroll_2,unroll_8,unroll_8,1,1,0.999342386887,False
workload_2794.cpp,xcu200-fsgd2104-2-e,10,22.55653,166,1,1,2,3,cyclic_2_2,complete_1,block_4_1,block_2_1,block_4_1,unroll_8,pipeline_1,pipeline_1,unroll_2,unroll_2,pipeline_1,1,1.75,0.856579481972,False
workload_2715.cpp,xcu200-fsgd2104-2-e,10,22.55653,162,1,1,2,3,cyclic_2_2,complete_1,block_4_1,block_2_1,block_4_1,unroll_8,pipeline_1,pipeline_1,unroll_2,unroll_8,unroll_8,1,1.75,0.856579481972,False
workload_2710.cpp,xcu200-fsgd2104-2-e,10,22.55653,160,1,1,2,3,cyclic_2_2,complete_1,block_4_1,block_2_1,cyclic_8_1,unroll_8,pipeline_1,pipeline_1,unroll_2,unroll_2,pipeline_1,1,1.75,0.856579481972,False
workload_2665.cpp,xcu200-fsgd2104-2-e,10,22.55653,164,1,1,2,3,cyclic_2_2,complete_1,block_4_1,block_2_1,cyclic_8_1,unroll_8,pipeline_1,pipeline_1,unroll_2,unroll_2,unroll_8,1,1.75,0.856579481972,False
workload_2836.cpp,xcu200-fsgd2104-2-e,10,22.2044,95,1,1,1,1,cyclic_2_2,complete_1,block_4_1,block_4_1,block_4_1,unroll_4,pipeline_1,pipeline_1,unroll_2,unroll_8,unroll_8,1,1,0.999342386887,False
workload_2743.cpp,xcu200-fsgd2104-2-e,10,22.55653,178,1,1,2,3,cyclic_2_2,complete_1,block_8_1,block_2_1,cyclic_8_1,unroll_8,pipeline_1,pipeline_1,unroll_2,unroll_2,pipeline_1,1,1.75,0.856579481972,False
workload_2570.cpp,xcu200-fsgd2104-2-e,10,22.55653,209,1,1,2,3,cyclic_2_2,complete_1,block_8_1,block_2_1,cyclic_8_1,unroll_8,pipeline_1,pipeline_1,unroll_2,unroll_2,unroll_8,1,1.75,0.856579481972,False
workload_3120.cpp,xcu200-fsgd2104-2-e,10,21.96626,66,1,1,1,1,cyclic_2_2,complete_1,block_8_1,block_8_1,block_4_1,unroll_2,pipeline_1,unroll_2,unroll_16,unroll_8,pipeline_1,1,1,1,True
workload_3051.cpp,xcu200-fsgd2104-2-e,10,21.96626,67,1,1,1,1,cyclic_2_2,complete_1,block_8_1,cyclic_4_1,block_4_1,unroll_2,pipeline_1,unroll_2,unroll_16,pipeline_1,pipeline_1,1,1,1,True
workload_2608.cpp,xcu200-fsgd2104-2-e,10,22.55677,1552,1,1,8,12,cyclic_2_2,complete_1,complete_1,block_4_1,block_2_1,unroll_32,pipeline_1,unroll_2,unroll_2,unroll_8,unroll_4,1,5.5,0.326105444441,False
workload_3082.cpp,xcu200-fsgd2104-2-e,10,21.96626,68,1,1,1,1,cyclic_2_2,complete_1,complete_1,block_4_1,block_4_1,unroll_2,pipeline_1,unroll_2,unroll_16,unroll_8,pipeline_1,1,1,1,True
workload_2667.cpp,xcu200-fsgd2104-2-e,10,22.55677,990,1,1,8,12,cyclic_2_2,complete_1,complete_1,cyclic_4_1,block_2_1,unroll_32,pipeline_1,unroll_2,unroll_4,unroll_2,unroll_4,1,5.5,0.326105444441,False
workload_2961.cpp,xcu200-fsgd2104-2-e,10,94.12376,68,1,1,1,1,cyclic_2_2,complete_1,complete_1,cyclic_4_1,block_8_1,unroll_2,pipeline_1,pipeline_1,unroll_16,pipeline_1,unroll_16,1,1,0.811736877492,False
workload_2865.cpp,xcu200-fsgd2104-2-e,10,21.96626,66,1,1,1,1,cyclic_2_2,complete_1,complete_1,cyclic_4_1,block_8_1,unroll_2,pipeline_1,unroll_2,unroll_16,pipeline_1,pipeline_1,1,1,1,True
workload_2949.cpp,xcu200-fsgd2104-2-e,10,21.96626,66,1,1,1,1,cyclic_2_2,complete_1,complete_1,cyclic_4_1,block_8_1,unroll_2,pipeline_1,unroll_2,unroll_16,pipeline_1,unroll_2,1,1,1,True
workload_2977.cpp,xcu200-fsgd2104-2-e,10,21.96626,66,1,1,1,1,cyclic_2_2,complete_1,cyclic_4_1,block_8_1,block_8_1,unroll_2,pipeline_1,unroll_2,unroll_16,unroll_2,unroll_2,1,1,1,True
workload_2910.cpp,xcu200-fsgd2104-2-e,10,21.96626,66,1,1,1,1,cyclic_2_2,complete_1,cyclic_4_1,block_8_1,cyclic_8_1,unroll_2,pipeline_1,unroll_2,unroll_16,pipeline_1,pipeline_1,1,1,1,True
workload_2907.cpp,xcu200-fsgd2104-2-e,10,21.96626,66,1,1,1,1,cyclic_2_2,complete_1,cyclic_8_1,complete_1,block_8_1,unroll_2,pipeline_1,unroll_2,unroll_16,pipeline_1,pipeline_1,1,1,1,True
workload_2946.cpp,xcu200-fsgd2104-2-e,10,21.96626,67,1,1,1,1,cyclic_2_2,complete_1,cyclic_8_1,cyclic_4_1,cyclic_2_1,unroll_2,pipeline_1,unroll_2,unroll_16,pipeline_1,pipeline_1,1,1,1,True
workload_2820.cpp,xcu200-fsgd2104-2-e,10,22.2044,95,1,1,1,1,cyclic_2_2,complete_2,block_4_1,block_4_1,cyclic_8_1,unroll_4,pipeline_1,pipeline_1,unroll_2,unroll_2,unroll_16,1,1,0.999342386887,False
workload_2846.cpp,xcu200-fsgd2104-2-e,10,22.2044,94,1,1,1,1,cyclic_2_2,complete_2,block_4_1,block_4_1,cyclic_8_1,unroll_4,pipeline_1,unroll_2,unroll_2,unroll_2,unroll_16,1,1,0.999342386887,False
workload_2678.cpp,xcu200-fsgd2104-2-e,10,96.38181,355,1,1,2,6,cyclic_2_2,complete_2,block_8_1,block_2_1,cyclic_4_1,unroll_16,pipeline_1,pipeline_1,pipeline_1,pipeline_1,unroll_8,1,2.5,0.673565833129,False
workload_2560.cpp,xcu200-fsgd2104-2-e,10,454.91376,2786,1,1,3,15,cyclic_2_2,cyclic_2_2,block_2_1,block_8_1,cyclic_8_1,unroll_2,unroll_16,pipeline_1,unroll_2,unroll_16,pipeline_1,1,5,0.136476934527,False
workload_2626.cpp,xcu200-fsgd2104-2-e,10,22.55677,1596,1,1,8,12,cyclic_2_2,cyclic_2_2,block_8_1,block_8_1,cyclic_8_1,unroll_32,pipeline_1,pipeline_1,pipeline_1,unroll_2,pipeline_1,1,5.5,0.326105444441,False
workload_2684.cpp,xcu200-fsgd2104-2-e,10,22.55653,356,1,1,4,6,cyclic_2_2,cyclic_2_2,block_8_1,cyclic_2_1,cyclic_2_1,unroll_16,pipeline_1,pipeline_1,pipeline_1,unroll_2,unroll_8,1,3,0.645205953703,False
workload_2645.cpp,xcu200-fsgd2104-2-e,10,446.55126,98,1,1,1,4,cyclic_2_2,cyclic_2_2,cyclic_4_1,block_8_1,cyclic_8_1,unroll_2,unroll_4,pipeline_1,unroll_2,unroll_16,pipeline_1,1,1.75,0.206023137322,False
workload_2614.cpp,xcu200-fsgd2104-2-e,10,150.08291,341,1,1,3,6,cyclic_2_2,cyclic_4_2,block_4_1,block_2_1,cyclic_8_1,unroll_8,unroll_2,pipeline_1,unroll_8,pipeline_1,pipeline_1,1,2.75,0.571539151263,False
workload_2876.cpp,xcu200-fsgd2104-2-e,10,22.02876,65,1,1,1,1,cyclic_2_2,cyclic_4_2,block_8_1,block_8_1,cyclic_8_1,unroll_2,pipeline_1,pipeline_1,pipeline_1,unroll_4,unroll_2,1,1,0.999827385744,False
workload_2579.cpp,xcu200-fsgd2104-2-e,10,150.08291,346,1,1,3,6,cyclic_2_2,cyclic_4_2,complete_1,block_2_1,cyclic_4_1,unroll_8,unroll_2,pipeline_1,unroll_2,pipeline_1,pipeline_1,1,2.75,0.571539151263,False
workload_2726.cpp,xcu200-fsgd2104-2-e,10,22.55653,350,1,1,4,6,cyclic_2_2,cyclic_4_2,complete_1,block_4_1,block_4_1,unroll_16,pipeline_1,pipeline_1,unroll_2,unroll_4,unroll_2,1,3,0.645205953703,False
workload_2663.cpp,xcu200-fsgd2104-2-e,10,22.55653,166,1,1,2,3,cyclic_2_2,cyclic_4_2,complete_1,block_4_1,cyclic_8_1,unroll_8,pipeline_1,unroll_2,unroll_2,unroll_4,pipeline_1,1,1.75,0.856579481972,False
workload_3033.cpp,xcu200-fsgd2104-2-e,10,21.96626,66,1,1,1,1,cyclic_2_2,cyclic_4_2,complete_1,cyclic_8_1,block_4_1,unroll_2,pipeline_1,unroll_2,unroll_16,pipeline_1,pipeline_1,1,1,1,True
workload_2748.cpp,xcu200-fsgd2104-2-e,10,51.47461,252,1,1,1,3,cyclic_2_2,cyclic_4_2,cyclic_4_1,block_4_1,complete_1,unroll_8,pipeline_1,pipeline_1,unroll_4,pipeline_1,pipeline_1,1,1.5,0.875794074991,False
workload_2784.cpp,xcu200-fsgd2104-2-e,10,22.2044,96,1,1,1,1,cyclic_2_2,cyclic_8_2,block_4_1,block_4_1,cyclic_8_1,unroll_4,pipeline_1,pipeline_1,unroll_2,unroll_4,pipeline_1,1,1,0.999342386887,False
workload_2730.cpp,xcu200-fsgd2104-2-e,10,22.02876,67,1,1,1,1,cyclic_2_2,cyclic_8_2,block_4_1,block_8_1,cyclic_8_1,unroll_2,pipeline_1,pipeline_1,unroll_2,unroll_16,unroll_2,1,1,0.999827385744,False
workload_3055.cpp,xcu200-fsgd2104-2-e,10,21.96626,67,1,1,1,1,cyclic_2_2,cyclic_8_2,block_4_1,complete_1,block_8_1,unroll_2,pipeline_1,unroll_2,unroll_16,unroll_8,pipeline_1,1,1,1,True
workload_2948.cpp,xcu200-fsgd2104-2-e,10,21.96626,67,1,1,1,1,cyclic_2_2,cyclic_8_2,block_4_1,cyclic_8_1,block_4_1,unroll_2,pipeline_1,unroll_2,unroll_16,pipeline_1,pipeline_1,1,1,1,True
workload_2998.cpp,xcu200-fsgd2104-2-e,10,21.96626,70,1,1,1,1,cyclic_2_2,cyclic_8_2,block_8_1,complete_1,cyclic_8_1,unroll_2,pipeline_1,unroll_2,unroll_16,unroll_2,pipeline_1,1,1,1,True
workload_2950.cpp,xcu200-fsgd2104-2-e,10,94.12376,69,1,1,1,1,cyclic_2_2,cyclic_8_2,complete_1,block_8_1,block_8_1,unroll_2,pipeline_1,pipeline_1,unroll_2,pipeline_1,unroll_2,1,1,0.811736877492,False
workload_3133.cpp,xcu200-fsgd2104-2-e,10,21.96626,65,1,1,1,1,cyclic_2_2,cyclic_8_2,complete_1,complete_1,block_4_1,unroll_2,pipeline_1,unroll_2,unroll_16,unroll_8,pipeline_1,1,1,1,True
workload_3096.cpp,xcu200-fsgd2104-2-e,10,21.96626,68,1,1,1,1,cyclic_2_2,cyclic_8_2,complete_1,complete_1,block_8_1,unroll_2,pipeline_1,unroll_2,unroll_16,unroll_2,pipeline_1,1,1,1,True
workload_3144.cpp,xcu200-fsgd2104-2-e,10,21.96626,66,1,1,1,1,cyclic_2_2,cyclic_8_2,complete_1,cyclic_2_1,block_8_1,unroll_2,pipeline_1,unroll_2,unroll_16,unroll_4,unroll_16,1,1,1,True
workload_3091.cpp,xcu200-fsgd2104-2-e,10,21.96626,67,1,1,1,1,cyclic_2_2,cyclic_8_2,complete_1,cyclic_4_1,block_4_1,unroll_2,pipeline_1,unroll_2,unroll_16,unroll_8,pipeline_1,1,1,1,True
workload_2896.cpp,xcu200-fsgd2104-2-e,10,22.02876,67,1,1,1,1,cyclic_2_2,cyclic_8_2,complete_1,cyclic_4_1,block_8_1,unroll_2,pipeline_1,pipeline_1,unroll_2,unroll_16,unroll_2,1,1,0.999827385744,False
workload_3159.cpp,xcu200-fsgd2104-2-e,10,21.96626,65,1,1,1,1,cyclic_2_2,cyclic_8_2,complete_1,cyclic_4_1,block_8_1,unroll_2,pipeline_1,unroll_2,unroll_16,unroll_8,pipeline_1,1,1,1,True
workload_3001.cpp,xcu200-fsgd2104-2-e,10,21.96626,69,1,1,1,1,cyclic_2_2,cyclic_8_2,complete_1,cyclic_8_1,block_4_1,unroll_2,pipeline_1,unroll_2,unroll_16,pipeline_1,pipeline_1,1,1,1,True
workload_3024.cpp,xcu200-fsgd2104-2-e,10,21.96626,66,1,1,1,1,cyclic_2_2,cyclic_8_2,cyclic_4_1,block_8_1,block_4_1,unroll_2,pipeline_1,unroll_2,unroll_16,unroll_2,pipeline_1,1,1,1,True
workload_2709.cpp,xcu200-fsgd2104-2-e,10,22.02876,66,1,1,1,1,cyclic_2_2,cyclic_8_2,cyclic_4_1,block_8_1,cyclic_8_1,unroll_2,pipeline_1,pipeline_1,unroll_2,unroll_16,unroll_2,1,1,0.999827385744,False
workload_2661.cpp,xcu200-fsgd2104-2-e,10,617.90126,110,1,1,1,3,cyclic_2_2,cyclic_8_2,cyclic_4_1,block_8_1,cyclic_8_1,unroll_2,unroll_4,pipeline_1,unroll_2,unroll_16,unroll_2,1,1.5,0.106336208035,False
workload_2761.cpp,xcu200-fsgd2104-2-e,10,22.55653,171,1,1,2,3,cyclic_2_2,cyclic_8_2,cyclic_4_1,block_8_1,cyclic_8_1,unroll_8,pipeline_1,pipeline_1,unroll_2,unroll_16,unroll_2,2,1.75,0.856579481972,False
workload_2954.cpp,xcu200-fsgd2104-2-e,10,21.96626,67,1,1,1,1,cyclic_2_2,cyclic_8_2,cyclic_4_1,complete_1,block_8_1,unroll_2,pipeline_1,unroll_2,unroll_16,unroll_2,unroll_16,1,1,1,True
workload_2938.cpp,xcu200-fsgd2104-2-e,10,21.96626,67,1,1,1,1,cyclic_4_2,block_2_2,block_4_1,cyclic_4_1,cyclic_8_1,unroll_2,pipeline_1,unroll_2,unroll_16,pipeline_1,pipeline_1,1,1,1,True
workload_2727.cpp,xcu200-fsgd2104-2-e,10,22.49253,292,1,1,3,4,cyclic_4_2,block_4_2,block_8_1,block_2_1,block_8_1,unroll_16,pipeline_1,pipeline_1,unroll_16,unroll_2,unroll_16,1,2.25,0.767886112291,False
workload_2986.cpp,xcu200-fsgd2104-2-e,10,21.96626,67,1,1,1,1,cyclic_4_2,block_8_2,block_4_1,block_4_1,block_8_1,unroll_2,pipeline_1,unroll_2,unroll_16,unroll_8,unroll_16,1,1,1,True
workload_3115.cpp,xcu200-fsgd2104-2-e,10,21.96626,66,1,1,1,1,cyclic_4_2,block_8_2,block_4_1,complete_1,block_8_1,unroll_2,pipeline_1,unroll_2,unroll_16,unroll_2,pipeline_1,1,1,1,True
workload_3027.cpp,xcu200-fsgd2104-2-e,10,21.96626,67,1,1,1,1,cyclic_4_2,block_8_2,block_4_1,complete_1,block_8_1,unroll_2,pipeline_1,unroll_2,unroll_16,unroll_8,pipeline_1,1,1,1,True
workload_3078.cpp,xcu200-fsgd2104-2-e,10,21.96626,69,1,1,1,1,cyclic_4_2,block_8_2,block_4_1,complete_1,block_8_1,unroll_2,pipeline_1,unroll_2,unroll_16,unroll_8,unroll_2,1,1,1,True
workload_2894.cpp,xcu200-fsgd2104-2-e,10,22.02876,67,1,1,1,1,cyclic_4_2,block_8_2,block_4_1,cyclic_4_1,block_4_1,unroll_2,pipeline_1,pipeline_1,unroll_2,unroll_8,pipeline_1,1,1,0.999827385744,False
workload_2620.cpp,xcu200-fsgd2104-2-e,10,22.49253,375,1,1,3,4,cyclic_4_2,block_8_2,block_4_1,cyclic_4_1,block_8_1,unroll_16,pipeline_1,unroll_2,unroll_16,unroll_8,unroll_16,1,2.25,0.767886112291,False
workload_2924.cpp,xcu200-fsgd2104-2-e,10,21.96626,65,1,1,1,1,cyclic_4_2,block_8_2,block_4_1,cyclic_4_1,block_8_1,unroll_2,pipeline_1,unroll_2,unroll_16,unroll_2,unroll_2,1,1,1,True
workload_2882.cpp,xcu200-fsgd2104-2-e,10,21.96626,66,1,1,1,1,cyclic_4_2,block_8_2,block_4_1,cyclic_4_1,block_8_1,unroll_2,pipeline_1,unroll_2,unroll_16,unroll_8,pipeline_1,1,1,1,True
workload_2811.cpp,xcu200-fsgd2104-2-e,10,22.02876,67,1,1,1,1,cyclic_4_2,block_8_2,block_4_1,cyclic_4_1,cyclic_8_1,unroll_2,pipeline_1,pipeline_1,unroll_4,unroll_8,pipeline_1,1,1,0.999827385744,False
workload_2974.cpp,xcu200-fsgd2104-2-e,10,21.96626,67,1,1,1,1,cyclic_4_2,block_8_2,block_4_1,cyclic_8_1,block_4_1,unroll_2,pipeline_1,unroll_2,unroll_16,unroll_4,unroll_2,1,1,1,True
workload_3099.cpp,xcu200-fsgd2104-2-e,10,21.96626,67,1,1,1,1,cyclic_4_2,block_8_2,block_8_1,cyclic_4_1,block_4_1,unroll_2,pipeline_1,unroll_2,unroll_16,pipeline_1,pipeline_1,1,1,1,True
workload_2716.cpp,xcu200-fsgd2104-2-e,10,22.55653,347,1,1,4,6,cyclic_4_2,block_8_2,block_8_1,cyclic_4_1,block_8_1,unroll_16,pipeline_1,pipeline_1,pipeline_1,unroll_8,unroll_16,1,3,0.645205953703,False
workload_2929.cpp,xcu200-fsgd2104-2-e,10,21.96626,65,1,1,1,1,cyclic_4_2,block_8_2,complete_1,block_4_1,block_8_1,unroll_2,pipeline_1,unroll_2,unroll_16,unroll_8,pipeline_1,1,1,1,True
workload_3163.cpp,xcu200-fsgd2104-2-e,10,22.02876,65,1,1,1,1,cyclic_4_2,block_8_2,complete_1,complete_1,block_8_1,unroll_2,pipeline_1,unroll_2,pipeline_1,unroll_2,unroll_16,1,1,0.999827385744,False
workload_2687.cpp,xcu200-fsgd2104-2-e,10,22.49253,288,1,1,3,4,cyclic_4_2,block_8_2,complete_1,cyclic_4_1,block_8_1,unroll_16,pipeline_1,unroll_2,unroll_16,unroll_8,unroll_16,1,2.25,0.767886112291,False
workload_2967.cpp,xcu200-fsgd2104-2-e,10,21.96626,64,1,1,1,1,cyclic_4_2,block_8_2,complete_1,cyclic_4_1,block_8_1,unroll_2,pipeline_1,pipeline_1,unroll_16,unroll_8,pipeline_1,1,1,1,True
workload_3075.cpp,xcu200-fsgd2104-2-e,10,21.96626,69,1,1,1,1,cyclic_4_2,block_8_2,complete_1,cyclic_4_1,block_8_1,unroll_2,pipeline_1,unroll_2,unroll_16,pipeline_1,pipeline_1,1,1,1,True
workload_2951.cpp,xcu200-fsgd2104-2-e,10,21.96626,66,1,1,1,1,cyclic_4_2,block_8_2,complete_1,cyclic_4_1,block_8_1,unroll_2,pipeline_1,unroll_2,unroll_16,pipeline_1,unroll_16,1,1,1,True
workload_2731.cpp,xcu200-fsgd2104-2-e,10,21.96626,64,1,1,1,1,cyclic_4_2,block_8_2,complete_1,cyclic_4_1,block_8_1,unroll_2,pipeline_1,unroll_2,unroll_16,unroll_8,pipeline_1,1,1,1,True
workload_2871.cpp,xcu200-fsgd2104-2-e,10,21.96626,65,1,1,1,1,cyclic_4_2,block_8_2,complete_1,cyclic_4_1,block_8_1,unroll_2,pipeline_1,unroll_2,unroll_16,unroll_8,unroll_16,1,1,1,True
workload_2824.cpp,xcu200-fsgd2104-2-e,10,21.96626,66,1,1,1,1,cyclic_4_2,block_8_2,complete_1,cyclic_4_1,block_8_1,unroll_2,pipeline_1,unroll_2,unroll_16,unroll_8,unroll_2,1,1,1,True
workload_2919.cpp,xcu200-fsgd2104-2-e,10,22.1414,90,1,1,1,1,cyclic_4_2,block_8_2,complete_1,cyclic_4_1,block_8_1,unroll_4,pipeline_1,unroll_2,unroll_16,unroll_8,unroll_2,1,1,0.99951633523,False
workload_2592.cpp,xcu200-fsgd2104-2-e,10,22.55677,1633,1,1,8,12,cyclic_4_2,complete_1,block_2_1,cyclic_2_1,block_2_1,unroll_32,pipeline_1,unroll_2,unroll_2,unroll_8,unroll_4,1,5.5,0.326105444441,False
workload_2639.cpp,xcu200-fsgd2104-2-e,10,514.88291,1849,1,1,4,20,cyclic_4_2,complete_1,block_2_1,cyclic_2_1,block_2_1,unroll_32,unroll_2,unroll_2,unroll_2,unroll_8,unroll_4,1,6.5,0.100734545516,False
workload_3153.cpp,xcu200-fsgd2104-2-e,10,21.96626,65,1,1,1,1,cyclic_4_2,complete_1,block_4_1,block_4_1,block_8_1,unroll_2,pipeline_1,unroll_2,unroll_16,unroll_8,unroll_16,1,1,1,True
workload_3117.cpp,xcu200-fsgd2104-2-e,10,21.96626,65,1,1,1,1,cyclic_4_2,complete_1,block_4_1,complete_1,block_4_1,unroll_2,pipeline_1,unroll_2,unroll_16,pipeline_1,pipeline_1,1,1,1,True
workload_3030.cpp,xcu200-fsgd2104-2-e,10,21.96626,67,1,1,1,1,cyclic_4_2,complete_1,block_4_1,complete_1,cyclic_8_1,unroll_2,pipeline_1,unroll_2,unroll_16,pipeline_1,pipeline_1,1,1,1,True
workload_2973.cpp,xcu200-fsgd2104-2-e,10,21.96626,67,1,1,1,1,cyclic_4_2,complete_1,block_4_1,cyclic_4_1,block_2_1,unroll_2,pipeline_1,unroll_2,unroll_16,pipeline_1,pipeline_1,1,1,1,True
workload_2933.cpp,xcu200-fsgd2104-2-e,10,21.96626,66,1,1,1,1,cyclic_4_2,complete_1,block_4_1,cyclic_4_1,block_4_1,unroll_2,pipeline_1,unroll_2,unroll_16,pipeline_1,pipeline_1,1,1,1,True
workload_3010.cpp,xcu200-fsgd2104-2-e,10,21.96626,68,1,1,1,1,cyclic_4_2,complete_1,block_4_1,cyclic_4_1,block_8_1,unroll_2,pipeline_1,unroll_2,unroll_16,unroll_8,pipeline_1,1,1,1,True
workload_3057.cpp,xcu200-fsgd2104-2-e,10,21.96626,66,1,1,1,1,cyclic_4_2,complete_1,block_4_1,cyclic_4_1,cyclic_2_1,unroll_2,pipeline_1,unroll_2,unroll_16,unroll_8,pipeline_1,1,1,1,True
workload_3109.cpp,xcu200-fsgd2104-2-e,10,21.96626,66,1,1,1,1,cyclic_4_2,complete_1,block_4_1,cyclic_4_1,cyclic_8_1,unroll_2,pipeline_1,unroll_2,unroll_16,pipeline_1,pipeline_1,1,1,1,True
workload_3097.cpp,xcu200-fsgd2104-2-e,10,21.96626,68,1,1,1,1,cyclic_4_2,complete_1,block_4_1,cyclic_4_1,cyclic_8_1,unroll_2,pipeline_1,unroll_2,unroll_16,pipeline_1,unroll_16,1,1,1,True
workload_3156.cpp,xcu200-fsgd2104-2-e,10,21.96626,66,1,1,1,1,cyclic_4_2,complete_1,block_8_1,complete_1,block_8_1,unroll_2,pipeline_1,unroll_2,unroll_16,unroll_4,unroll_2,1,1,1,True
workload_3134.cpp,xcu200-fsgd2104-2-e,10,21.96626,67,1,1,1,1,cyclic_4_2,complete_1,block_8_1,cyclic_4_1,block_4_1,unroll_2,pipeline_1,unroll_2,unroll_16,unroll_2,unroll_4,1,1,1,True
workload_2559.cpp,xcu200-fsgd2104-2-e,10,22.55677,1544,1,1,8,12,cyclic_4_2,complete_1,complete_1,block_4_1,block_2_1,unroll_32,pipeline_1,unroll_2,unroll_2,unroll_8,unroll_4,1,5.5,0.326105444441,False
workload_3165.cpp,xcu200-fsgd2104-2-e,10,21.96626,65,1,1,1,1,cyclic_4_2,complete_1,complete_1,cyclic_4_1,block_4_1,unroll_2,pipeline_1,unroll_2,unroll_16,unroll_2,unroll_2,1,1,1,True
workload_2783.cpp,xcu200-fsgd2104-2-e,10,21.96626,67,1,1,1,1,cyclic_4_2,complete_1,complete_1,cyclic_4_1,block_8_1,unroll_2,pipeline_1,unroll_2,unroll_16,pipeline_1,pipeline_1,1,1,1,True
workload_3100.cpp,xcu200-fsgd2104-2-e,10,21.96626,69,1,1,1,1,cyclic_4_2,complete_1,complete_1,cyclic_4_1,block_8_1,unroll_2,pipeline_1,unroll_2,unroll_16,unroll_2,unroll_2,1,1,1,True
workload_3002.cpp,xcu200-fsgd2104-2-e,10,21.96626,68,1,1,1,1,cyclic_4_2,complete_1,complete_1,cyclic_4_1,block_8_1,unroll_2,pipeline_1,unroll_2,unroll_16,unroll_4,pipeline_1,1,1,1,True
workload_2965.cpp,xcu200-fsgd2104-2-e,10,21.96626,66,1,1,1,1,cyclic_4_2,complete_1,complete_1,cyclic_4_1,block_8_1,unroll_2,pipeline_1,unroll_2,unroll_16,unroll_4,unroll_2,1,1,1,True
workload_2978.cpp,xcu200-fsgd2104-2-e,10,21.96626,66,1,1,1,1,cyclic_4_2,complete_1,complete_1,cyclic_4_1,block_8_1,unroll_2,pipeline_1,unroll_2,unroll_16,unroll_8,unroll_16,1,1,1,True
workload_2828.cpp,xcu200-fsgd2104-2-e,10,21.96626,66,1,1,1,1,cyclic_4_2,complete_1,complete_1,cyclic_4_1,cyclic_8_1,unroll_2,pipeline_1,unroll_2,unroll_16,pipeline_1,pipeline_1,1,1,1,True
workload_2970.cpp,xcu200-fsgd2104-2-e,10,22.02876,66,1,1,1,1,cyclic_4_2,complete_1,cyclic_4_1,complete_1,block_8_1,unroll_2,pipeline_1,unroll_2,pipeline_1,unroll_4,unroll_2,1,1,0.999827385744,False
workload_2908.cpp,xcu200-fsgd2104-2-e,10,21.96626,66,1,1,1,1,cyclic_4_2,complete_1,cyclic_4_1,cyclic_4_1,block_4_1,unroll_2,pipeline_1,unroll_2,unroll_16,pipeline_1,pipeline_1,1,1,1,True
workload_2806.cpp,xcu200-fsgd2104-2-e,10,206.72291,262,1,1,2,6,cyclic_4_2,complete_1,cyclic_8_1,complete_1,block_2_1,unroll_8,unroll_2,unroll_2,unroll_16,pipeline_1,unroll_16,1,2.5,0.505639730032,False
workload_2979.cpp,xcu200-fsgd2104-2-e,10,21.96626,66,1,1,1,1,cyclic_4_2,complete_1,cyclic_8_1,cyclic_4_1,block_4_1,unroll_2,pipeline_1,unroll_2,unroll_16,pipeline_1,pipeline_1,1,1,1,True
workload_2885.cpp,xcu200-fsgd2104-2-e,10,21.96626,65,1,1,1,1,cyclic_4_2,complete_1,cyclic_8_1,cyclic_4_1,block_8_1,unroll_2,pipeline_1,unroll_2,unroll_16,pipeline_1,pipeline_1,1,1,1,True
workload_2899.cpp,xcu200-fsgd2104-2-e,10,94.12376,69,1,1,1,1,cyclic_4_2,complete_1,cyclic_8_1,cyclic_4_1,complete_1,unroll_2,pipeline_1,pipeline_1,unroll_16,pipeline_1,pipeline_1,1,1,0.811736877492,False
workload_2816.cpp,xcu200-fsgd2104-2-e,10,22.2044,94,1,1,1,1,cyclic_4_2,complete_2,block_4_1,block_4_1,cyclic_4_1,unroll_4,pipeline_1,unroll_2,unroll_2,unroll_2,unroll_8,1,1,0.999342386887,False
workload_2791.cpp,xcu200-fsgd2104-2-e,10,22.2044,94,1,1,1,1,cyclic_4_2,complete_2,block_4_1,block_4_1,cyclic_8_1,unroll_4,pipeline_1,pipeline_1,unroll_2,unroll_2,unroll_16,1,1,0.999342386887,False
workload_2869.cpp,xcu200-fsgd2104-2-e,10,22.2044,95,1,1,1,1,cyclic_4_2,complete_2,block_4_1,block_4_1,cyclic_8_1,unroll_4,pipeline_1,pipeline_1,unroll_2,unroll_8,unroll_16,1,1,0.999342386887,False
workload_2737.cpp,xcu200-fsgd2104-2-e,10,22.2044,95,1,1,1,1,cyclic_4_2,complete_2,block_4_1,block_4_1,cyclic_8_1,unroll_4,pipeline_1,unroll_2,unroll_2,unroll_2,unroll_16,1,1,0.999342386887,False
workload_2842.cpp,xcu200-fsgd2104-2-e,10,22.2044,95,1,1,1,1,cyclic_4_2,complete_2,block_8_1,block_4_1,cyclic_8_1,unroll_4,pipeline_1,unroll_2,unroll_2,unroll_2,unroll_16,1,1,0.999342386887,False
workload_2681.cpp,xcu200-fsgd2104-2-e,10,22.55653,339,1,1,4,6,cyclic_4_2,complete_2,cyclic_2_1,cyclic_2_1,block_2_1,unroll_16,pipeline_1,unroll_2,unroll_2,unroll_8,unroll_8,1,3,0.645205953703,False
workload_3147.cpp,xcu200-fsgd2104-2-e,10,21.96626,66,1,1,1,1,cyclic_4_2,cyclic_2_2,block_4_1,cyclic_4_1,cyclic_8_1,unroll_2,pipeline_1,unroll_2,unroll_16,unroll_4,unroll_16,1,1,1,True
workload_2932.cpp,xcu200-fsgd2104-2-e,10,21.96626,66,1,1,1,1,cyclic_4_2,cyclic_2_2,block_4_1,cyclic_4_1,cyclic_8_1,unroll_2,pipeline_1,unroll_2,unroll_16,unroll_8,unroll_4,1,1,1,True
workload_3073.cpp,xcu200-fsgd2104-2-e,10,21.96626,69,1,1,1,1,cyclic_4_2,cyclic_2_2,block_4_1,cyclic_8_1,cyclic_8_1,unroll_2,pipeline_1,unroll_2,unroll_16,unroll_8,unroll_4,1,1,1,True
workload_3009.cpp,xcu200-fsgd2104-2-e,10,21.96626,63,1,1,1,1,cyclic_4_2,cyclic_2_2,complete_1,block_4_1,block_4_1,unroll_2,pipeline_1,pipeline_1,unroll_16,unroll_8,pipeline_1,1,1,1,True
workload_3124.cpp,xcu200-fsgd2104-2-e,10,21.96626,65,1,1,1,1,cyclic_4_2,cyclic_2_2,complete_1,cyclic_4_1,block_4_1,unroll_2,pipeline_1,pipeline_1,unroll_16,unroll_4,pipeline_1,1,1,1,True
workload_2976.cpp,xcu200-fsgd2104-2-e,10,21.96626,66,1,1,1,1,cyclic_4_2,cyclic_2_2,complete_1,cyclic_4_1,block_8_1,unroll_2,pipeline_1,unroll_2,unroll_16,unroll_8,pipeline_1,1,1,1,True
workload_2788.cpp,xcu200-fsgd2104-2-e,10,22.49253,147,1,1,1,2,cyclic_4_2,cyclic_4_2,block_8_1,block_4_1,block_4_1,unroll_8,pipeline_1,unroll_2,unroll_16,unroll_4,unroll_16,1,1.25,0.950793209304,False
workload_2739.cpp,xcu200-fsgd2104-2-e,10,22.55653,163,1,1,2,3,cyclic_4_2,cyclic_4_2,block_8_1,block_4_1,complete_1,unroll_8,pipeline_1,pipeline_1,pipeline_1,unroll_4,pipeline_1,1,1.75,0.856579481972,False
workload_3014.cpp,xcu200-fsgd2104-2-e,10,21.96626,69,1,1,1,1,cyclic_4_2,cyclic_4_2,block_8_1,block_4_1,cyclic_8_1,unroll_2,pipeline_1,unroll_2,unroll_16,unroll_2,unroll_2,1,1,1,True
workload_2666.cpp,xcu200-fsgd2104-2-e,10,22.55653,162,1,1,2,3,cyclic_4_2,cyclic_4_2,block_8_1,cyclic_4_1,block_4_1,unroll_8,pipeline_1,pipeline_1,pipeline_1,unroll_8,unroll_16,1,1.75,0.856579481972,False
workload_2580.cpp,xcu200-fsgd2104-2-e,10,22.49253,381,1,1,3,4,cyclic_4_2,cyclic_4_2,block_8_1,cyclic_4_1,block_8_1,unroll_16,pipeline_1,pipeline_1,unroll_16,unroll_8,unroll_16,1,2.25,0.767886112291,False
workload_2702.cpp,xcu200-fsgd2104-2-e,10,22.49253,314,1,1,3,4,cyclic_4_2,cyclic_4_2,complete_1,cyclic_4_1,block_8_1,unroll_16,pipeline_1,unroll_2,unroll_16,unroll_8,unroll_16,1,2.25,0.767886112291,False
workload_2840.cpp,xcu200-fsgd2104-2-e,10,22.02876,67,1,1,1,1,cyclic_4_2,cyclic_4_2,complete_1,cyclic_4_1,cyclic_8_1,unroll_2,pipeline_1,unroll_2,unroll_2,unroll_8,pipeline_1,1,1,0.999827385744,False
workload_2914.cpp,xcu200-fsgd2104-2-e,10,22.02876,65,1,1,1,1,cyclic_4_2,cyclic_4_2,cyclic_4_1,cyclic_4_1,block_8_1,unroll_2,pipeline_1,unroll_2,pipeline_1,unroll_4,pipeline_1,1,1,0.999827385744,False
workload_2767.cpp,xcu200-fsgd2104-2-e,10,22.49253,314,1,1,3,4,cyclic_4_2,cyclic_8_2,block_4_1,block_4_1,block_8_1,unroll_16,pipeline_1,unroll_2,unroll_16,unroll_8,unroll_16,1,2.25,0.767886112291,False
workload_2830.cpp,xcu200-fsgd2104-2-e,10,22.2044,93,1,1,1,1,cyclic_4_2,cyclic_8_2,block_4_1,block_4_1,cyclic_8_1,unroll_4,pipeline_1,pipeline_1,unroll_2,unroll_4,pipeline_1,1,1,0.999342386887,False
workload_2808.cpp,xcu200-fsgd2104-2-e,10,22.49253,150,1,1,1,2,cyclic_4_2,cyclic_8_2,block_4_1,block_8_1,complete_1,unroll_8,pipeline_1,unroll_2,unroll_16,unroll_16,unroll_16,1,1.25,0.950793209304,False
workload_3102.cpp,xcu200-fsgd2104-2-e,10,21.96626,67,1,1,1,1,cyclic_4_2,cyclic_8_2,block_4_1,complete_1,block_8_1,unroll_2,pipeline_1,unroll_2,unroll_16,unroll_8,unroll_16,1,1,1,True
workload_3063.cpp,xcu200-fsgd2104-2-e,10,21.96626,66,1,1,1,1,cyclic_4_2,cyclic_8_2,block_4_1,complete_1,cyclic_8_1,unroll_2,pipeline_1,unroll_2,unroll_16,unroll_2,pipeline_1,1,1,1,True
workload_3106.cpp,xcu200-fsgd2104-2-e,10,21.96626,65,1,1,1,1,cyclic_4_2,cyclic_8_2,block_4_1,cyclic_4_1,cyclic_8_1,unroll_2,pipeline_1,unroll_2,unroll_16,unroll_2,pipeline_1,1,1,1,True
workload_2870.cpp,xcu200-fsgd2104-2-e,10,22.2044,94,1,1,1,1,cyclic_4_2,cyclic_8_2,block_4_1,cyclic_4_1,cyclic_8_1,unroll_4,pipeline_1,pipeline_1,unroll_2,unroll_4,pipeline_1,1,1,0.999342386887,False
workload_3052.cpp,xcu200-fsgd2104-2-e,10,21.96626,67,1,1,1,1,cyclic_4_2,cyclic_8_2,block_8_1,complete_1,block_4_1,unroll_2,pipeline_1,unroll_2,unroll_16,unroll_2,pipeline_1,1,1,1,True
workload_3104.cpp,xcu200-fsgd2104-2-e,10,21.96626,68,1,1,1,1,cyclic_4_2,cyclic_8_2,block_8_1,complete_1,block_4_1,unroll_2,pipeline_1,unroll_2,unroll_16,unroll_2,unroll_2,1,1,1,True
workload_3125.cpp,xcu200-fsgd2104-2-e,10,21.96626,63,1,1,1,1,cyclic_4_2,cyclic_8_2,block_8_1,complete_1,block_8_1,unroll_2,pipeline_1,unroll_2,unroll_16,unroll_2,pipeline_1,1,1,1,True
workload_3098.cpp,xcu200-fsgd2104-2-e,10,21.96626,66,1,1,1,1,cyclic_4_2,cyclic_8_2,block_8_1,complete_1,cyclic_8_1,unroll_2,pipeline_1,unroll_2,unroll_16,unroll_2,pipeline_1,1,1,1,True
workload_3041.cpp,xcu200-fsgd2104-2-e,10,21.96626,67,1,1,1,1,cyclic_4_2,cyclic_8_2,block_8_1,cyclic_4_1,block_4_1,unroll_2,pipeline_1,unroll_2,unroll_16,unroll_2,pipeline_1,1,1,1,True
workload_3042.cpp,xcu200-fsgd2104-2-e,10,21.96626,68,1,1,1,1,cyclic_4_2,cyclic_8_2,block_8_1,cyclic_4_1,block_8_1,unroll_2,pipeline_1,unroll_2,unroll_16,unroll_2,unroll_2,1,1,1,True
workload_2656.cpp,xcu200-fsgd2104-2-e,10,96.38181,362,1,1,2,6,cyclic_4_2,cyclic_8_2,complete_1,block_4_1,block_2_1,unroll_16,pipeline_1,pipeline_1,unroll_8,pipeline_1,unroll_2,1,2.5,0.673565833129,False
workload_3123.cpp,xcu200-fsgd2104-2-e,10,21.96626,66,1,1,1,1,cyclic_4_2,cyclic_8_2,complete_1,complete_1,block_4_1,unroll_2,pipeline_1,unroll_2,unroll_16,unroll_8,pipeline_1,1,1,1,True
workload_2994.cpp,xcu200-fsgd2104-2-e,10,21.96626,68,1,1,1,1,cyclic_4_2,cyclic_8_2,complete_1,complete_1,block_8_1,unroll_2,pipeline_1,unroll_2,unroll_16,unroll_2,pipeline_1,1,1,1,True
workload_3015.cpp,xcu200-fsgd2104-2-e,10,21.96626,68,1,1,1,1,cyclic_4_2,cyclic_8_2,complete_1,complete_1,block_8_1,unroll_2,pipeline_1,unroll_2,unroll_16,unroll_8,pipeline_1,1,1,1,True
workload_3069.cpp,xcu200-fsgd2104-2-e,10,21.96626,66,1,1,1,1,cyclic_4_2,cyclic_8_2,complete_1,cyclic_4_1,block_4_1,unroll_2,pipeline_1,unroll_2,unroll_16,unroll_2,pipeline_1,1,1,1,True
workload_3140.cpp,xcu200-fsgd2104-2-e,10,21.96626,66,1,1,1,1,cyclic_4_2,cyclic_8_2,complete_1,cyclic_4_1,block_4_1,unroll_2,pipeline_1,unroll_2,unroll_16,unroll_4,unroll_2,1,1,1,True
workload_3038.cpp,xcu200-fsgd2104-2-e,10,21.96626,65,1,1,1,1,cyclic_4_2,cyclic_8_2,complete_1,cyclic_4_1,block_8_1,unroll_2,pipeline_1,unroll_2,unroll_16,unroll_2,pipeline_1,1,1,1,True
workload_3081.cpp,xcu200-fsgd2104-2-e,10,21.96626,69,1,1,1,1,cyclic_4_2,cyclic_8_2,complete_1,cyclic_4_1,block_8_1,unroll_2,pipeline_1,unroll_2,unroll_16,unroll_2,unroll_16,1,1,1,True
workload_3071.cpp,xcu200-fsgd2104-2-e,10,21.96626,68,1,1,1,1,cyclic_4_2,cyclic_8_2,complete_1,cyclic_4_1,block_8_1,unroll_2,pipeline_1,unroll_2,unroll_16,unroll_8,pipeline_1,1,1,1,True
workload_3070.cpp,xcu200-fsgd2104-2-e,10,21.96626,67,1,1,1,1,cyclic_4_2,cyclic_8_2,complete_1,cyclic_8_1,block_8_1,unroll_2,pipeline_1,unroll_2,unroll_16,unroll_2,pipeline_1,1,1,1,True
workload_3157.cpp,xcu200-fsgd2104-2-e,10,21.96626,65,1,1,1,1,cyclic_4_2,cyclic_8_2,complete_1,cyclic_8_1,block_8_1,unroll_2,pipeline_1,unroll_2,unroll_16,unroll_2,unroll_16,1,1,1,True
workload_2758.cpp,xcu200-fsgd2104-2-e,10,22.49253,157,1,1,1,2,cyclic_4_2,cyclic_8_2,cyclic_4_1,block_4_1,block_4_1,unroll_8,pipeline_1,unroll_2,unroll_16,unroll_4,unroll_16,1,1.25,0.950793209304,False
workload_2704.cpp,xcu200-fsgd2104-2-e,10,22.49253,149,1,1,1,2,cyclic_4_2,cyclic_8_2,cyclic_4_1,block_8_1,complete_1,unroll_8,pipeline_1,unroll_2,unroll_16,unroll_2,unroll_16,1,1.25,0.950793209304,False
workload_2944.cpp,xcu200-fsgd2104-2-e,10,22.02876,66,1,1,1,1,cyclic_4_2,cyclic_8_2,cyclic_4_1,block_8_1,cyclic_8_1,unroll_2,pipeline_1,pipeline_1,unroll_2,unroll_16,pipeline_1,1,1,0.999827385744,False
workload_3004.cpp,xcu200-fsgd2104-2-e,10,21.96626,68,1,1,1,1,cyclic_4_2,cyclic_8_2,cyclic_4_1,cyclic_4_1,block_4_1,unroll_2,pipeline_1,unroll_2,unroll_16,unroll_8,unroll_2,1,1,1,True
workload_2957.cpp,xcu200-fsgd2104-2-e,10,22.02876,66,1,1,1,1,cyclic_4_2,cyclic_8_2,cyclic_4_1,cyclic_4_1,block_4_1,unroll_2,pipeline_1,unroll_2,unroll_2,unroll_16,unroll_2,1,1,0.999827385744,False
workload_2782.cpp,xcu200-fsgd2104-2-e,10,22.49253,294,1,1,3,4,cyclic_4_2,cyclic_8_2,cyclic_4_1,cyclic_4_1,block_8_1,unroll_16,pipeline_1,pipeline_1,unroll_16,unroll_8,unroll_16,1,2.25,0.767886112291,False
workload_2649.cpp,xcu200-fsgd2104-2-e,10,285.76291,2866,1,1,7,28,cyclic_8_2,block_2_2,block_2_1,block_4_1,cyclic_2_1,unroll_32,unroll_2,unroll_2,unroll_4,unroll_4,unroll_16,1,9.25,0.1,False
workload_2539.cpp,xcu200-fsgd2104-2-e,10,249.92291,361,1,1,2,10,cyclic_8_2,block_2_2,complete_1,block_4_1,cyclic_2_1,unroll_8,unroll_2,unroll_2,unroll_8,pipeline_1,unroll_16,1,3.5,0.375985955118,False
workload_2734.cpp,xcu200-fsgd2104-2-e,10,22.55653,163,1,1,2,3,cyclic_8_2,block_2_2,complete_1,complete_1,cyclic_8_1,unroll_8,pipeline_1,unroll_2,pipeline_1,unroll_2,pipeline_1,1,1.75,0.856579481972,False
workload_2766.cpp,xcu200-fsgd2104-2-e,10,22.55653,163,1,1,2,3,cyclic_8_2,block_2_2,cyclic_4_1,block_4_1,complete_1,unroll_8,pipeline_1,pipeline_1,pipeline_1,unroll_2,pipeline_1,1,1.75,0.856579481972,False
workload_2797.cpp,xcu200-fsgd2104-2-e,10,22.2044,97,1,1,1,1,cyclic_8_2,block_8_2,block_4_1,block_4_1,cyclic_8_1,unroll_4,pipeline_1,unroll_2,unroll_4,unroll_8,pipeline_1,1,1,0.999342386887,False
workload_2848.cpp,xcu200-fsgd2104-2-e,10,22.2044,91,1,1,1,1,cyclic_8_2,block_8_2,block_8_1,block_4_1,cyclic_8_1,unroll_4,pipeline_1,unroll_2,unroll_4,unroll_8,pipeline_1,1,1,0.999342386887,False
workload_2629.cpp,xcu200-fsgd2104-2-e,10,22.55677,1482,1,1,8,12,cyclic_8_2,complete_1,complete_1,block_2_1,block_2_1,unroll_32,pipeline_1,unroll_2,unroll_2,unroll_8,unroll_4,1,5.5,0.326105444441,False
workload_2670.cpp,xcu200-fsgd2104-2-e,10,22.55677,1002,1,1,8,12,cyclic_8_2,complete_1,complete_1,block_2_1,block_8_1,unroll_32,pipeline_1,unroll_2,unroll_2,unroll_8,pipeline_1,1,5.5,0.326105444441,False
workload_2610.cpp,xcu200-fsgd2104-2-e,10,22.2044,111,1,1,1,1,cyclic_8_2,complete_2,block_4_1,block_4_1,cyclic_8_1,unroll_4,pipeline_1,unroll_2,unroll_2,unroll_2,pipeline_1,1,1,0.999342386887,False
workload_2591.cpp,xcu200-fsgd2104-2-e,10,22.55653,221,1,1,2,3,cyclic_8_2,complete_2,cyclic_4_1,block_4_1,complete_1,unroll_8,pipeline_1,pipeline_1,pipeline_1,unroll_2,pipeline_1,1,1.75,0.856579481972,False
workload_2584.cpp,xcu200-fsgd2104-2-e,10,249.92283,1483,1,1,5,19,cyclic_8_2,cyclic_4_2,block_4_1,block_4_1,cyclic_8_1,unroll_16,unroll_2,unroll_2,unroll_8,pipeline_1,unroll_16,1,6.5,0.179478071977,False
workload_2756.cpp,xcu200-fsgd2104-2-e,10,22.49253,308,1,1,3,4,cyclic_8_2,cyclic_4_2,block_8_1,cyclic_4_1,block_8_1,unroll_16,pipeline_1,pipeline_1,unroll_16,unroll_8,pipeline_1,1,2.25,0.767886112291,False
workload_2627.cpp,xcu200-fsgd2104-2-e,10,490.56283,889,1,1,2,13,cyclic_8_2,cyclic_4_2,complete_1,block_4_1,cyclic_4_1,unroll_16,unroll_2,unroll_2,unroll_2,pipeline_1,unroll_16,1,4.25,0.134499230233,False
workload_2655.cpp,xcu200-fsgd2104-2-e,10,22.55653,162,1,1,2,3,cyclic_8_2,cyclic_4_2,cyclic_4_1,block_4_1,complete_1,unroll_8,pipeline_1,pipeline_1,pipeline_1,unroll_2,pipeline_1,1,1.75,0.856579481972,False
workload_2692.cpp,xcu200-fsgd2104-2-e,10,22.55653,162,1,1,2,3,cyclic_8_2,cyclic_4_2,cyclic_4_1,block_4_1,complete_1,unroll_8,pipeline_1,pipeline_1,pipeline_1,unroll_2,unroll_8,1,1.75,0.856579481972,False
workload_3080.cpp,xcu200-fsgd2104-2-e,10,21.96626,67,1,1,1,1,cyclic_8_2,cyclic_8_2,block_8_1,cyclic_4_1,block_4_1,unroll_2,pipeline_1,unroll_2,unroll_16,unroll_2,pipeline_1,1,1,1,True
workload_2839.cpp,xcu200-fsgd2104-2-e,10,22.2044,95,1,1,1,1,cyclic_8_2,cyclic_8_2,complete_1,block_4_1,cyclic_8_1,unroll_4,pipeline_1,unroll_2,unroll_2,unroll_8,pipeline_1,1,1,0.999342386887,False
workload_2407.cpp,xczu7ev-ffvc1156-2-e,3.33,7.74516708,381,1,1,51,63,block_2_2,block_4_2,complete_1,block_2_1,block_8_1,unroll_16,pipeline_1,pipeline_1,pipeline_1,unroll_4,pipeline_1,1,29,1,True
workload_2528.cpp,xczu7ev-ffvc1156-2-e,3.33,197.45662239,550,1,1,26,49,block_2_2,block_4_2,cyclic_2_1,complete_1,complete_1,unroll_16,unroll_2,pipeline_1,pipeline_1,unroll_4,pipeline_1,1,19.25,0.295591553303,False
workload_2117.cpp,xczu7ev-ffvc1156-2-e,3.33,8.00343855,132.5,1,1,13,16,block_2_2,block_4_2,cyclic_2_1,cyclic_4_1,complete_1,unroll_4,pipeline_1,pipeline_1,unroll_8,unroll_2,pipeline_1,2,7.75,1,True
workload_1907.cpp,xczu7ev-ffvc1156-2-e,3.33,8.00343855,128,1,1,13,16,block_2_2,block_4_2,cyclic_4_1,complete_1,complete_1,unroll_4,pipeline_1,pipeline_1,pipeline_1,unroll_4,unroll_16,1,7.75,1,True
workload_2165.cpp,xczu7ev-ffvc1156-2-e,3.33,193.86843084,109,1,1,6,15,block_2_2,cyclic_8_2,block_4_1,block_4_1,block_8_1,unroll_4,pipeline_1,pipeline_1,unroll_8,pipeline_1,pipeline_1,1,5.75,0.581866247045,False
workload_2305.cpp,xczu7ev-ffvc1156-2-e,3.33,8.06776083,82,1,1,6,8,block_4_2,block_2_2,block_2_1,complete_1,block_8_1,unroll_2,pipeline_1,pipeline_1,pipeline_1,unroll_4,pipeline_1,1,4,1,True
workload_2367.cpp,xczu7ev-ffvc1156-2-e,3.33,204.27648903,246,1,1,10,34,block_4_2,block_2_2,block_2_1,complete_1,block_8_1,unroll_8,unroll_2,pipeline_1,pipeline_1,unroll_4,pipeline_1,1,11.5,0.445589433131,False
workload_2392.cpp,xczu7ev-ffvc1156-2-e,3.33,8.00343855,130,1,1,13,16,block_4_2,block_2_2,block_2_1,complete_1,cyclic_4_1,unroll_4,pipeline_1,pipeline_1,pipeline_1,unroll_4,pipeline_1,1,7.75,1,True
workload_2452.cpp,xczu7ev-ffvc1156-2-e,3.33,7.74516708,367,1,1,51,63,block_4_2,block_2_2,complete_1,block_4_1,complete_1,unroll_16,pipeline_1,unroll_2,pipeline_1,unroll_2,pipeline_1,1,29,1,True
workload_2411.cpp,xczu7ev-ffvc1156-2-e,3.33,7.74516708,400,1,1,51,63,block_4_2,block_2_2,complete_1,complete_1,complete_1,unroll_16,pipeline_1,unroll_2,pipeline_1,unroll_2,pipeline_1,1,29,1,True
workload_1978.cpp,xczu7ev-ffvc1156-2-e,3.33,8.15767083,77,1,1,6,7,block_4_2,block_2_2,complete_1,complete_1,complete_1,unroll_2,pipeline_1,pipeline_1,unroll_16,unroll_4,pipeline_1,1,3.75,1,True
workload_1950.cpp,xczu7ev-ffvc1156-2-e,3.33,8.06776083,83,1,1,6,8,block_4_2,block_2_2,complete_1,complete_1,complete_1,unroll_2,pipeline_1,pipeline_1,unroll_4,unroll_4,unroll_16,1,4,1,True
workload_2153.cpp,xczu7ev-ffvc1156-2-e,3.33,8.00343855,126,1,1,13,16,block_4_2,block_2_2,cyclic_2_1,complete_1,block_2_1,unroll_4,pipeline_1,pipeline_1,unroll_8,unroll_8,pipeline_1,1,7.75,1,True
workload_2481.cpp,xczu7ev-ffvc1156-2-e,3.33,8.00333532,227,1,1,26,32,block_4_2,block_2_2,cyclic_2_1,complete_1,complete_1,unroll_8,pipeline_1,pipeline_1,unroll_8,unroll_4,unroll_4,1,15,1,True
workload_1936.cpp,xczu7ev-ffvc1156-2-e,3.33,7.74516708,416,1,1,51,63,block_4_2,block_2_2,cyclic_4_1,block_4_1,complete_1,unroll_16,pipeline_1,pipeline_1,unroll_8,unroll_4,unroll_16,1,29,1,True
workload_2116.cpp,xczu7ev-ffvc1156-2-e,3.33,8.00343855,128,1,1,13,16,block_4_2,block_2_2,cyclic_4_1,complete_1,block_8_1,unroll_4,pipeline_1,pipeline_1,unroll_8,unroll_8,pipeline_1,1,7.75,1,True
workload_2334.cpp,xczu7ev-ffvc1156-2-e,3.33,7.74516708,382,1,1,51,63,block_4_2,block_2_2,cyclic_4_1,complete_1,complete_1,unroll_16,pipeline_1,unroll_2,pipeline_1,unroll_2,pipeline_1,1,29,1,True
workload_2507.cpp,xczu7ev-ffvc1156-2-e,3.33,8.00343855,131,1,1,13,16,block_4_2,block_4_2,block_2_1,block_8_1,cyclic_4_1,unroll_4,pipeline_1,pipeline_1,unroll_4,unroll_2,unroll_8,1,7.75,1,True
workload_1801.cpp,xczu7ev-ffvc1156-2-e,3.33,240.69291615,1415,1,1,21,52,block_4_2,block_4_2,block_2_1,block_8_1,cyclic_4_1,unroll_8,unroll_4,pipeline_1,pipeline_1,unroll_4,unroll_8,1,18.75,0.263192416081,False
workload_2212.cpp,xczu7ev-ffvc1156-2-e,3.33,7.74516708,422,1,1,51,63,block_4_2,block_4_2,block_2_1,complete_1,complete_1,unroll_16,pipeline_1,pipeline_1,pipeline_1,unroll_4,pipeline_1,1,29,1,True
workload_1837.cpp,xczu7ev-ffvc1156-2-e,3.33,237.52320903,325,1,1,12,27,block_4_2,block_4_2,block_2_1,cyclic_4_1,block_2_1,unroll_8,unroll_2,pipeline_1,pipeline_1,unroll_4,unroll_8,1,10.25,0.414518769247,False
workload_1756.cpp,xczu7ev-ffvc1156-2-e,3.33,239.83361631,1440,1,1,23,53,block_4_2,block_4_2,block_2_1,cyclic_4_1,block_2_1,unroll_8,unroll_4,pipeline_1,pipeline_1,unroll_4,unroll_8,1,19.5,0.252118382724,False
workload_1853.cpp,xczu7ev-ffvc1156-2-e,3.33,241.07143725,1353,1,1,22,46,block_4_2,block_4_2,block_2_1,cyclic_4_1,cyclic_4_1,unroll_8,unroll_4,pipeline_1,pipeline_1,unroll_4,unroll_8,1,17.5,0.283180679793,False
workload_2287.cpp,xczu7ev-ffvc1156-2-e,3.33,8.00333532,216,1,1,26,32,block_4_2,block_4_2,block_8_1,cyclic_4_1,complete_1,unroll_8,pipeline_1,pipeline_1,pipeline_1,unroll_2,pipeline_1,1,15,1,True
workload_1919.cpp,xczu7ev-ffvc1156-2-e,3.33,8.00343855,129,1,1,13,16,block_4_2,block_4_2,complete_1,block_4_1,complete_1,unroll_4,pipeline_1,pipeline_1,unroll_8,unroll_4,unroll_16,1,7.75,1,True
workload_2332.cpp,xczu7ev-ffvc1156-2-e,3.33,7.74516708,401,1,1,51,63,block_4_2,block_4_2,complete_1,complete_1,complete_1,unroll_16,pipeline_1,unroll_2,pipeline_1,unroll_4,pipeline_1,1,29,1,True
workload_2402.cpp,xczu7ev-ffvc1156-2-e,3.33,8.00333532,228,1,1,26,32,block_4_2,block_4_2,complete_1,complete_1,complete_1,unroll_8,pipeline_1,pipeline_1,pipeline_1,unroll_4,pipeline_1,1,15,1,True
workload_1873.cpp,xczu7ev-ffvc1156-2-e,3.33,8.00343855,138,1,1,13,16,block_4_2,block_4_2,cyclic_2_1,block_8_1,complete_1,unroll_4,pipeline_1,pipeline_1,pipeline_1,unroll_4,pipeline_1,1,7.75,1,True
workload_1846.cpp,xczu7ev-ffvc1156-2-e,3.33,7.74516708,399,1,1,51,63,block_4_2,block_4_2,cyclic_2_1,block_8_1,cyclic_8_1,unroll_16,pipeline_1,pipeline_1,pipeline_1,unroll_2,pipeline_1,1,29,1,True
workload_2026.cpp,xczu7ev-ffvc1156-2-e,3.33,8.06776083,82,1,1,6,8,block_4_2,block_4_2,cyclic_2_1,complete_1,complete_1,unroll_2,pipeline_1,unroll_2,pipeline_1,unroll_2,pipeline_1,1,4,1,True
workload_2233.cpp,xczu7ev-ffvc1156-2-e,3.33,8.00343855,134,1,1,13,16,block_4_2,block_4_2,cyclic_2_1,complete_1,complete_1,unroll_4,pipeline_1,pipeline_1,pipeline_1,unroll_4,pipeline_1,1,7.75,1,True
workload_2351.cpp,xczu7ev-ffvc1156-2-e,3.33,8.00343855,133,1,1,13,16,block_4_2,block_4_2,cyclic_2_1,complete_1,complete_1,unroll_4,pipeline_1,pipeline_1,pipeline_1,unroll_4,unroll_4,1,7.75,1,True
workload_2364.cpp,xczu7ev-ffvc1156-2-e,3.33,8.00333532,219,1,1,26,32,block_4_2,block_4_2,cyclic_2_1,complete_1,complete_1,unroll_8,pipeline_1,pipeline_1,pipeline_1,unroll_4,pipeline_1,1,15,1,True
workload_2405.cpp,xczu7ev-ffvc1156-2-e,3.33,7.83148068,340,1,1,42,53,block_4_2,block_4_2,cyclic_2_1,cyclic_2_1,cyclic_4_1,unroll_16,pipeline_1,pipeline_1,unroll_16,unroll_2,pipeline_1,1,24.25,1,True
workload_2525.cpp,xczu7ev-ffvc1156-2-e,3.33,7.83148068,336,1,1,42,53,block_4_2,block_4_2,cyclic_2_1,cyclic_2_1,cyclic_4_1,unroll_16,pipeline_1,pipeline_1,unroll_16,unroll_2,unroll_8,1,24.25,1,True
workload_2126.cpp,xczu7ev-ffvc1156-2-e,3.33,8.00343855,123,1,1,13,16,block_4_2,block_4_2,cyclic_2_1,cyclic_4_1,block_8_1,unroll_4,pipeline_1,pipeline_1,unroll_8,unroll_8,pipeline_1,1,7.75,1,True
workload_2314.cpp,xczu7ev-ffvc1156-2-e,3.33,8.00343855,132,1,1,13,16,block_4_2,block_4_2,cyclic_2_1,cyclic_4_1,complete_1,unroll_4,pipeline_1,pipeline_1,pipeline_1,unroll_4,pipeline_1,1,7.75,1,True
workload_2123.cpp,xczu7ev-ffvc1156-2-e,3.33,8.06776083,77,1,1,6,8,block_4_2,block_4_2,cyclic_4_1,block_2_1,block_8_1,unroll_2,pipeline_1,pipeline_1,pipeline_1,unroll_4,pipeline_1,1,4,1,True
workload_2203.cpp,xczu7ev-ffvc1156-2-e,3.33,193.86843084,116,1,1,6,15,block_4_2,block_4_2,cyclic_4_1,block_4_1,block_8_1,unroll_4,pipeline_1,pipeline_1,unroll_8,pipeline_1,pipeline_1,1,5.75,0.581866247045,False
workload_1920.cpp,xczu7ev-ffvc1156-2-e,3.33,8.00343855,129,1,1,13,16,block_4_2,block_4_2,cyclic_4_1,block_4_1,block_8_1,unroll_4,pipeline_1,pipeline_1,unroll_8,unroll_4,unroll_16,1,7.75,1,True
workload_1874.cpp,xczu7ev-ffvc1156-2-e,3.33,8.00343855,138,1,1,13,16,block_4_2,block_4_2,cyclic_4_1,block_4_1,complete_1,unroll_4,pipeline_1,pipeline_1,pipeline_1,unroll_2,unroll_16,1,7.75,1,True
workload_1790.cpp,xczu7ev-ffvc1156-2-e,3.33,8.00343855,133,1,1,13,16,block_4_2,block_4_2,cyclic_4_1,block_4_1,complete_1,unroll_4,pipeline_1,pipeline_1,pipeline_1,unroll_4,unroll_16,1,7.75,1,True
workload_1827.cpp,xczu7ev-ffvc1156-2-e,3.33,8.00343855,132,1,1,13,16,block_4_2,block_4_2,cyclic_4_1,block_4_1,complete_1,unroll_4,pipeline_1,pipeline_1,unroll_8,unroll_4,unroll_16,1,7.75,1,True
workload_1852.cpp,xczu7ev-ffvc1156-2-e,3.33,228.65660784,899,1,1,10,22,block_4_2,block_4_2,cyclic_4_1,block_4_1,cyclic_4_1,unroll_4,unroll_4,unroll_2,pipeline_1,unroll_4,unroll_16,1,8.5,0.461964820006,False
workload_1890.cpp,xczu7ev-ffvc1156-2-e,3.33,7.74516708,394,1,1,51,63,block_4_2,block_4_2,cyclic_4_1,block_4_1,cyclic_8_1,unroll_16,pipeline_1,pipeline_1,unroll_8,unroll_2,unroll_16,1,29,1,True
workload_2152.cpp,xczu7ev-ffvc1156-2-e,3.33,8.00343855,126,1,1,13,16,block_4_2,block_4_2,cyclic_4_1,block_8_1,block_8_1,unroll_4,pipeline_1,pipeline_1,pipeline_1,unroll_8,pipeline_1,1,7.75,1,True
workload_2076.cpp,xczu7ev-ffvc1156-2-e,3.33,8.00343855,128,1,1,13,16,block_4_2,block_4_2,cyclic_4_1,block_8_1,block_8_1,unroll_4,pipeline_1,pipeline_1,unroll_8,unroll_8,pipeline_1,1,7.75,1,True
workload_1750.cpp,xczu7ev-ffvc1156-2-e,3.33,230.1720309,245,1,1,11,31,block_4_2,block_4_2,cyclic_4_1,block_8_1,cyclic_4_1,unroll_4,unroll_4,pipeline_1,pipeline_1,unroll_4,pipeline_1,1,11,0.413774776092,False
workload_1671.cpp,xczu7ev-ffvc1156-2-e,3.33,230.1720309,248,1,1,11,31,block_4_2,block_4_2,cyclic_4_1,block_8_1,cyclic_4_1,unroll_4,unroll_4,unroll_2,pipeline_1,unroll_4,pipeline_1,1,11,0.413774776092,False
workload_1709.cpp,xczu7ev-ffvc1156-2-e,3.33,230.1720309,280,1,1,9,30,block_4_2,block_4_2,cyclic_4_1,block_8_1,cyclic_8_1,unroll_4,unroll_4,pipeline_1,pipeline_1,unroll_4,pipeline_1,1,10.25,0.427569496635,False
workload_1946.cpp,xczu7ev-ffvc1156-2-e,3.33,8.06776083,81,1,1,6,8,block_4_2,block_4_2,cyclic_4_1,complete_1,block_8_1,unroll_2,pipeline_1,pipeline_1,pipeline_1,unroll_2,pipeline_1,2,4,1,True
workload_1988.cpp,xczu7ev-ffvc1156-2-e,3.33,8.06776083,80,1,1,6,8,block_4_2,block_4_2,cyclic_4_1,complete_1,block_8_1,unroll_2,pipeline_1,pipeline_1,pipeline_1,unroll_4,pipeline_1,1,4,1,True
workload_2059.cpp,xczu7ev-ffvc1156-2-e,3.33,8.15767083,77,1,1,6,7,block_4_2,block_4_2,cyclic_4_1,complete_1,block_8_1,unroll_2,pipeline_1,pipeline_1,unroll_16,unroll_4,pipeline_1,1,3.75,1,True
workload_2114.cpp,xczu7ev-ffvc1156-2-e,3.33,8.00343855,128,1,1,13,16,block_4_2,block_4_2,cyclic_4_1,complete_1,block_8_1,unroll_4,pipeline_1,pipeline_1,pipeline_1,unroll_2,pipeline_1,1,7.75,1,True
workload_2188.cpp,xczu7ev-ffvc1156-2-e,3.33,8.00343855,122,1,1,13,16,block_4_2,block_4_2,cyclic_4_1,complete_1,block_8_1,unroll_4,pipeline_1,pipeline_1,unroll_8,unroll_2,pipeline_1,1,7.75,1,True
workload_2006.cpp,xczu7ev-ffvc1156-2-e,3.33,8.00343855,130,1,1,13,16,block_4_2,block_4_2,cyclic_4_1,complete_1,complete_1,unroll_4,pipeline_1,pipeline_1,pipeline_1,unroll_4,pipeline_1,2,7.75,1,True
workload_2158.cpp,xczu7ev-ffvc1156-2-e,3.33,8.00343855,132,1,1,13,16,block_4_2,block_4_2,cyclic_4_1,complete_1,complete_1,unroll_4,pipeline_1,pipeline_1,unroll_8,unroll_4,pipeline_1,1,7.75,1,True
workload_2242.cpp,xczu7ev-ffvc1156-2-e,3.33,194.37149394,105,1,1,7,14,block_4_2,block_4_2,cyclic_4_1,complete_1,complete_1,unroll_4,unroll_2,pipeline_1,pipeline_1,unroll_4,pipeline_1,1,5.75,0.58096753798,False
workload_1868.cpp,xczu7ev-ffvc1156-2-e,3.33,228.34184958,118,1,1,4,15,block_4_2,block_4_2,cyclic_4_1,cyclic_2_1,block_8_1,unroll_2,unroll_4,pipeline_1,pipeline_1,unroll_4,pipeline_1,1,5.25,0.513883570952,False
workload_1828.cpp,xczu7ev-ffvc1156-2-e,3.33,8.00343855,132,1,1,13,16,block_4_2,block_4_2,cyclic_4_1,cyclic_2_1,block_8_1,unroll_4,pipeline_1,pipeline_1,pipeline_1,unroll_4,pipeline_1,1,7.75,1,True
workload_1863.cpp,xczu7ev-ffvc1156-2-e,3.33,8.06776083,83,1,1,6,8,block_4_2,block_4_2,cyclic_4_1,cyclic_4_1,block_2_1,unroll_2,pipeline_1,pipeline_1,pipeline_1,unroll_4,pipeline_1,1,4,1,True
workload_1831.cpp,xczu7ev-ffvc1156-2-e,3.33,228.71147958,106,1,1,4,12,block_4_2,block_4_2,cyclic_4_1,cyclic_4_1,block_2_1,unroll_2,unroll_4,pipeline_1,pipeline_1,unroll_4,pipeline_1,1,4.5,0.521393494539,False
workload_1796.cpp,xczu7ev-ffvc1156-2-e,3.33,230.54463792,227,1,1,9,24,block_4_2,block_4_2,cyclic_4_1,cyclic_4_1,block_2_1,unroll_4,unroll_4,pipeline_1,pipeline_1,unroll_4,pipeline_1,1,8.75,0.45387390092,False
workload_2190.cpp,xczu7ev-ffvc1156-2-e,3.33,8.00343855,122,1,1,13,16,block_4_2,block_4_2,cyclic_4_1,cyclic_4_1,block_8_1,unroll_4,pipeline_1,pipeline_1,pipeline_1,unroll_8,pipeline_1,1,7.75,1,True
workload_2486.cpp,xczu7ev-ffvc1156-2-e,3.33,7.83148068,340,1,1,42,53,block_4_2,block_4_2,cyclic_8_1,cyclic_2_1,cyclic_4_1,unroll_16,pipeline_1,unroll_2,unroll_16,unroll_2,pipeline_1,1,24.25,1,True
workload_2428.cpp,xczu7ev-ffvc1156-2-e,3.33,8.00343855,128,1,1,13,16,block_4_2,block_8_2,complete_1,block_8_1,block_8_1,unroll_4,pipeline_1,pipeline_1,pipeline_1,unroll_4,pipeline_1,1,7.75,1,True
workload_1966.cpp,xczu7ev-ffvc1156-2-e,3.33,8.00333532,217,1,1,26,32,block_4_2,complete_2,block_2_1,block_8_1,complete_1,unroll_8,pipeline_1,pipeline_1,pipeline_1,unroll_4,unroll_4,1,15,1,True
workload_2370.cpp,xczu7ev-ffvc1156-2-e,3.33,7.74516708,382,1,1,51,63,block_4_2,complete_2,block_2_1,complete_1,complete_1,unroll_16,pipeline_1,pipeline_1,pipeline_1,unroll_2,pipeline_1,1,29,1,True
workload_1935.cpp,xczu7ev-ffvc1156-2-e,3.33,7.74516708,397,1,1,51,63,block_4_2,complete_2,block_2_1,complete_1,complete_1,unroll_16,pipeline_1,pipeline_1,unroll_4,unroll_4,unroll_8,1,29,1,True
workload_2472.cpp,xczu7ev-ffvc1156-2-e,3.33,8.00343855,142,1,1,13,16,block_4_2,complete_2,block_2_1,complete_1,cyclic_4_1,unroll_4,pipeline_1,pipeline_1,unroll_4,unroll_2,unroll_8,1,7.75,1,True
workload_1998.cpp,xczu7ev-ffvc1156-2-e,3.33,241.53031458,130,1,1,19,30,block_4_2,complete_2,block_2_1,cyclic_4_1,complete_1,unroll_2,unroll_2,pipeline_1,pipeline_1,unroll_4,unroll_4,1,12.75,0.363952712549,False
workload_2483.cpp,xczu7ev-ffvc1156-2-e,3.33,8.00333532,230,1,1,26,32,block_4_2,complete_2,block_8_1,complete_1,block_8_1,unroll_8,pipeline_1,pipeline_1,pipeline_1,unroll_2,pipeline_1,1,15,1,True
workload_1838.cpp,xczu7ev-ffvc1156-2-e,3.33,8.00333532,219,1,1,26,32,block_4_2,complete_2,block_8_1,cyclic_4_1,complete_1,unroll_8,pipeline_1,pipeline_1,pipeline_1,unroll_2,pipeline_1,1,15,1,True
workload_2439.cpp,xczu7ev-ffvc1156-2-e,3.33,8.06776083,80,1,1,6,8,block_4_2,complete_2,complete_1,complete_1,block_2_1,unroll_2,pipeline_1,pipeline_1,pipeline_1,unroll_2,unroll_4,1,4,1,True
workload_2492.cpp,xczu7ev-ffvc1156-2-e,3.33,8.06776083,78,1,1,6,8,block_4_2,complete_2,complete_1,complete_1,complete_1,unroll_2,pipeline_1,unroll_2,pipeline_1,unroll_2,pipeline_1,1,4,1,True
workload_1823.cpp,xczu7ev-ffvc1156-2-e,3.33,194.77877958,113,1,1,6,13,block_4_2,complete_2,complete_1,complete_1,complete_1,unroll_2,unroll_4,unroll_2,pipeline_1,unroll_4,pipeline_1,1,5.25,0.590127314803,False
workload_2156.cpp,xczu7ev-ffvc1156-2-e,3.33,8.00343855,129,1,1,13,16,block_4_2,complete_2,complete_1,complete_1,complete_1,unroll_4,pipeline_1,pipeline_1,pipeline_1,unroll_4,pipeline_1,1,7.75,1,True
workload_1803.cpp,xczu7ev-ffvc1156-2-e,3.33,206.34236775,2897,1,1,35,95,block_4_2,complete_2,complete_1,complete_1,cyclic_4_1,unroll_16,unroll_4,unroll_2,pipeline_1,unroll_4,pipeline_1,1,33,0.171665941275,False
workload_2440.cpp,xczu7ev-ffvc1156-2-e,3.33,8.00343855,122,1,1,13,16,block_4_2,complete_2,complete_1,complete_1,cyclic_4_1,unroll_4,pipeline_1,pipeline_1,pipeline_1,unroll_2,pipeline_1,1,7.75,1,True
workload_2201.cpp,xczu7ev-ffvc1156-2-e,3.33,8.00343855,122,1,1,13,16,block_4_2,complete_2,complete_1,cyclic_2_1,cyclic_4_1,unroll_4,pipeline_1,pipeline_1,pipeline_1,unroll_2,pipeline_1,1,7.75,1,True
workload_2495.cpp,xczu7ev-ffvc1156-2-e,3.33,8.06776083,78,1,1,6,8,block_4_2,complete_2,complete_1,cyclic_4_1,complete_1,unroll_2,pipeline_1,pipeline_1,unroll_8,unroll_2,pipeline_1,1,4,1,True
workload_2347.cpp,xczu7ev-ffvc1156-2-e,3.33,8.00343855,130,1,1,13,16,block_4_2,complete_2,cyclic_2_1,complete_1,block_8_1,unroll_4,pipeline_1,unroll_2,pipeline_1,unroll_4,pipeline_1,1,7.75,1,True
workload_2425.cpp,xczu7ev-ffvc1156-2-e,3.33,194.37149394,116,1,1,7,14,block_4_2,complete_2,cyclic_2_1,complete_1,complete_1,unroll_4,unroll_2,pipeline_1,pipeline_1,unroll_2,pipeline_1,1,5.75,0.58096753798,False
workload_2058.cpp,xczu7ev-ffvc1156-2-e,3.33,199.48906458,68,1,1,3,8,block_4_2,complete_2,cyclic_2_1,cyclic_4_1,cyclic_4_1,unroll_2,unroll_2,unroll_2,pipeline_1,unroll_4,pipeline_1,1,3.25,0.615549103992,False
workload_2202.cpp,xczu7ev-ffvc1156-2-e,3.33,8.09262927,116,1,1,11,14,block_4_2,complete_2,cyclic_4_1,complete_1,complete_1,unroll_4,pipeline_1,pipeline_1,unroll_16,unroll_2,pipeline_1,1,6.75,0.904852767453,False
workload_2506.cpp,xczu7ev-ffvc1156-2-e,3.33,8.00343855,131,1,1,13,16,block_4_2,complete_2,cyclic_4_1,complete_1,cyclic_8_1,unroll_4,pipeline_1,pipeline_1,pipeline_1,unroll_2,pipeline_1,1,7.75,1,True
workload_1885.cpp,xczu7ev-ffvc1156-2-e,3.33,8.00333532,209,1,1,26,32,block_4_2,cyclic_4_2,block_2_1,cyclic_8_1,block_8_1,unroll_8,pipeline_1,pipeline_1,pipeline_1,unroll_4,unroll_8,1,15,1,True
workload_2437.cpp,xczu7ev-ffvc1156-2-e,3.33,8.06776083,76,1,1,6,8,block_4_2,cyclic_4_2,complete_1,complete_1,cyclic_4_1,unroll_2,pipeline_1,unroll_2,pipeline_1,unroll_4,pipeline_1,1,4,1,True
workload_1923.cpp,xczu7ev-ffvc1156-2-e,3.33,8.00333532,228,1,1,26,32,block_4_2,cyclic_8_2,block_2_1,block_8_1,block_8_1,unroll_8,pipeline_1,pipeline_1,pipeline_1,unroll_4,unroll_8,1,15,1,True
workload_1977.cpp,xczu7ev-ffvc1156-2-e,3.33,239.83361631,1303,1,1,29,66,block_4_2,cyclic_8_2,block_2_1,block_8_1,block_8_1,unroll_8,unroll_4,pipeline_1,pipeline_1,unroll_4,unroll_8,1,24.25,0.188906820435,False
workload_1918.cpp,xczu7ev-ffvc1156-2-e,3.33,8.00343855,129,1,1,13,16,block_4_2,cyclic_8_2,block_2_1,block_8_1,cyclic_8_1,unroll_4,pipeline_1,pipeline_1,pipeline_1,unroll_4,unroll_4,1,7.75,1,True
workload_1882.cpp,xczu7ev-ffvc1156-2-e,3.33,8.00333532,227,1,1,26,32,block_4_2,cyclic_8_2,block_2_1,block_8_1,cyclic_8_1,unroll_8,pipeline_1,pipeline_1,pipeline_1,unroll_4,unroll_4,1,15,1,True
workload_2234.cpp,xczu7ev-ffvc1156-2-e,3.33,8.00343855,134,1,1,13,16,block_4_2,cyclic_8_2,block_2_1,complete_1,block_8_1,unroll_4,pipeline_1,pipeline_1,pipeline_1,unroll_4,pipeline_1,1,7.75,1,True
workload_2077.cpp,xczu7ev-ffvc1156-2-e,3.33,8.00343855,125.5,1,1,13,16,block_4_2,cyclic_8_2,block_2_1,complete_1,complete_1,unroll_4,pipeline_1,pipeline_1,pipeline_1,unroll_4,pipeline_1,2,7.75,1,True
workload_2198.cpp,xczu7ev-ffvc1156-2-e,3.33,8.00343855,139,1,1,13,16,block_4_2,cyclic_8_2,block_2_1,complete_1,cyclic_4_1,unroll_4,pipeline_1,pipeline_1,pipeline_1,unroll_4,pipeline_1,1,7.75,1,True
workload_1833.cpp,xczu7ev-ffvc1156-2-e,3.33,8.00333532,231,1,1,26,32,block_4_2,cyclic_8_2,block_2_1,cyclic_8_1,block_8_1,unroll_8,pipeline_1,pipeline_1,pipeline_1,unroll_4,unroll_4,1,15,1,True
workload_2054.cpp,xczu7ev-ffvc1156-2-e,3.33,167.2350642,384,1,1,23,58,block_4_2,cyclic_8_2,block_8_1,complete_1,block_8_1,unroll_16,pipeline_1,pipeline_1,unroll_8,pipeline_1,unroll_4,1,20.75,0.319938168515,False
workload_2013.cpp,xczu7ev-ffvc1156-2-e,3.33,7.74516708,363,1,1,51,63,block_4_2,cyclic_8_2,block_8_1,complete_1,block_8_1,unroll_16,pipeline_1,pipeline_1,unroll_8,unroll_2,pipeline_1,1,29,1,True
workload_1903.cpp,xczu7ev-ffvc1156-2-e,3.33,8.06776083,83,1,1,6,8,block_4_2,cyclic_8_2,block_8_1,complete_1,complete_1,unroll_2,pipeline_1,pipeline_1,pipeline_1,unroll_2,pipeline_1,1,4,1,True
workload_1884.cpp,xczu7ev-ffvc1156-2-e,3.33,8.00333532,227,1,1,26,32,block_4_2,cyclic_8_2,block_8_1,cyclic_4_1,complete_1,unroll_8,pipeline_1,pipeline_1,pipeline_1,unroll_2,pipeline_1,1,15,1,True
workload_2466.cpp,xczu7ev-ffvc1156-2-e,3.33,8.00343855,135,1,1,13,16,block_4_2,cyclic_8_2,complete_1,block_8_1,complete_1,unroll_4,pipeline_1,pipeline_1,pipeline_1,unroll_8,pipeline_1,1,7.75,1,True
workload_2417.cpp,xczu7ev-ffvc1156-2-e,3.33,8.06776083,79,1,1,6,8,block_4_2,cyclic_8_2,complete_1,complete_1,block_2_1,unroll_2,pipeline_1,pipeline_1,pipeline_1,unroll_2,pipeline_1,1,4,1,True
workload_2383.cpp,xczu7ev-ffvc1156-2-e,3.33,8.06776083,84,1,1,6,8,block_4_2,cyclic_8_2,complete_1,complete_1,block_2_1,unroll_2,pipeline_1,pipeline_1,pipeline_1,unroll_2,unroll_4,1,4,1,True
workload_2500.cpp,xczu7ev-ffvc1156-2-e,3.33,8.06776083,84,1,1,6,8,block_4_2,cyclic_8_2,complete_1,complete_1,block_2_1,unroll_2,pipeline_1,pipeline_1,unroll_8,unroll_2,unroll_4,1,4,1,True
workload_2302.cpp,xczu7ev-ffvc1156-2-e,3.33,8.06776083,79,1,1,6,8,block_4_2,cyclic_8_2,complete_1,complete_1,block_8_1,unroll_2,pipeline_1,pipeline_1,pipeline_1,unroll_2,unroll_4,1,4,1,True
workload_2288.cpp,xczu7ev-ffvc1156-2-e,3.33,8.00333532,216,1,1,26,32,block_4_2,cyclic_8_2,complete_1,complete_1,block_8_1,unroll_8,pipeline_1,pipeline_1,unroll_8,unroll_4,pipeline_1,1,15,1,True
workload_2489.cpp,xczu7ev-ffvc1156-2-e,3.33,7.74516708,395,1,1,51,63,block_4_2,cyclic_8_2,complete_1,complete_1,complete_1,unroll_16,pipeline_1,unroll_2,pipeline_1,unroll_2,pipeline_1,1,29,1,True
workload_2337.cpp,xczu7ev-ffvc1156-2-e,3.33,8.06776083,78,1,1,6,8,block_4_2,cyclic_8_2,complete_1,complete_1,complete_1,unroll_2,pipeline_1,pipeline_1,pipeline_1,unroll_2,pipeline_1,1,4,1,True
workload_2218.cpp,xczu7ev-ffvc1156-2-e,3.33,8.06776083,79,1,1,6,8,block_4_2,cyclic_8_2,complete_1,complete_1,complete_1,unroll_2,pipeline_1,pipeline_1,pipeline_1,unroll_2,unroll_4,1,4,1,True
workload_2381.cpp,xczu7ev-ffvc1156-2-e,3.33,8.06776083,81,1,1,6,8,block_4_2,cyclic_8_2,complete_1,complete_1,complete_1,unroll_2,pipeline_1,unroll_2,pipeline_1,unroll_2,pipeline_1,1,4,1,True
workload_1892.cpp,xczu7ev-ffvc1156-2-e,3.33,230.65952958,425,1,1,15,31,block_4_2,cyclic_8_2,complete_1,complete_1,complete_1,unroll_2,unroll_4,unroll_2,unroll_8,unroll_4,unroll_16,1,12,0.394693948643,False
workload_2192.cpp,xczu7ev-ffvc1156-2-e,3.33,8.00343855,129,1,1,13,16,block_4_2,cyclic_8_2,complete_1,complete_1,complete_1,unroll_4,pipeline_1,pipeline_1,pipeline_1,unroll_4,unroll_4,1,7.75,1,True
workload_2434.cpp,xczu7ev-ffvc1156-2-e,3.33,8.00343855,135,1,1,13,16,block_4_2,cyclic_8_2,complete_1,complete_1,complete_1,unroll_4,pipeline_1,pipeline_1,pipeline_1,unroll_8,pipeline_1,1,7.75,1,True
workload_2482.cpp,xczu7ev-ffvc1156-2-e,3.33,8.00333532,227,1,1,26,32,block_4_2,cyclic_8_2,complete_1,complete_1,complete_1,unroll_8,pipeline_1,pipeline_1,pipeline_1,unroll_2,unroll_4,1,15,1,True
workload_2443.cpp,xczu7ev-ffvc1156-2-e,3.33,8.00333532,229,1,1,26,32,block_4_2,cyclic_8_2,complete_1,complete_1,complete_1,unroll_8,pipeline_1,pipeline_1,pipeline_1,unroll_4,unroll_8,1,15,1,True
workload_2326.cpp,xczu7ev-ffvc1156-2-e,3.33,8.00333532,220,1,1,26,32,block_4_2,cyclic_8_2,complete_1,complete_1,complete_1,unroll_8,pipeline_1,pipeline_1,unroll_4,unroll_4,pipeline_1,1,15,1,True
workload_2252.cpp,xczu7ev-ffvc1156-2-e,3.33,8.00333532,215,1,1,26,32,block_4_2,cyclic_8_2,complete_1,complete_1,complete_1,unroll_8,pipeline_1,pipeline_1,unroll_8,unroll_4,unroll_4,1,15,1,True
workload_2366.cpp,xczu7ev-ffvc1156-2-e,3.33,8.00333532,230,1,1,26,32,block_4_2,cyclic_8_2,complete_1,complete_1,cyclic_4_1,unroll_8,pipeline_1,pipeline_1,pipeline_1,unroll_4,pipeline_1,1,15,1,True
workload_2430.cpp,xczu7ev-ffvc1156-2-e,3.33,8.00343855,128,1,1,13,16,block_4_2,cyclic_8_2,complete_1,complete_1,cyclic_8_1,unroll_4,pipeline_1,pipeline_1,pipeline_1,unroll_4,pipeline_1,1,7.75,1,True
workload_2281.cpp,xczu7ev-ffvc1156-2-e,3.33,8.15767083,73,1,1,6,7,block_4_2,cyclic_8_2,complete_1,cyclic_4_1,block_8_1,unroll_2,pipeline_1,pipeline_1,unroll_16,unroll_4,pipeline_1,1,3.75,1,True
workload_2341.cpp,xczu7ev-ffvc1156-2-e,3.33,8.06776083,84,1,1,6,8,block_4_2,cyclic_8_2,cyclic_2_1,block_4_1,complete_1,unroll_2,pipeline_1,pipeline_1,unroll_4,unroll_4,unroll_4,1,4,1,True
workload_2318.cpp,xczu7ev-ffvc1156-2-e,3.33,8.06776083,78,1,1,6,8,block_4_2,cyclic_8_2,cyclic_2_1,block_4_1,complete_1,unroll_2,pipeline_1,pipeline_1,unroll_8,unroll_4,pipeline_1,1,4,1,True
workload_2039.cpp,xczu7ev-ffvc1156-2-e,3.33,8.00343855,131,1,1,13,16,block_4_2,cyclic_8_2,cyclic_2_1,block_8_1,cyclic_8_1,unroll_4,pipeline_1,pipeline_1,unroll_4,unroll_4,pipeline_1,1,7.75,1,True
workload_2264.cpp,xczu7ev-ffvc1156-2-e,3.33,174.20312583,76,1,1,3,8,block_4_2,cyclic_8_2,cyclic_2_1,complete_1,complete_1,unroll_2,pipeline_1,pipeline_1,pipeline_1,pipeline_1,unroll_4,1,3.25,1,True
workload_2445.cpp,xczu7ev-ffvc1156-2-e,3.33,8.00333532,206,1,1,26,32,block_4_2,cyclic_8_2,cyclic_2_1,complete_1,complete_1,unroll_8,pipeline_1,pipeline_1,pipeline_1,unroll_2,unroll_8,1,15,1,True
workload_2401.cpp,xczu7ev-ffvc1156-2-e,3.33,8.00333532,227,1,1,26,32,block_4_2,cyclic_8_2,cyclic_2_1,complete_1,complete_1,unroll_8,pipeline_1,pipeline_1,unroll_8,unroll_4,unroll_4,2,15,1,True
workload_2400.cpp,xczu7ev-ffvc1156-2-e,3.33,8.00333532,219,1,1,26,32,block_4_2,cyclic_8_2,cyclic_2_1,complete_1,cyclic_4_1,unroll_8,pipeline_1,pipeline_1,pipeline_1,unroll_4,unroll_8,1,15,1,True
workload_2064.cpp,xczu7ev-ffvc1156-2-e,3.33,8.06776083,80,1,1,6,8,block_4_2,cyclic_8_2,cyclic_2_1,complete_1,cyclic_8_1,unroll_2,pipeline_1,pipeline_1,pipeline_1,unroll_4,unroll_16,1,4,1,True
workload_1708.cpp,xczu7ev-ffvc1156-2-e,3.33,230.1720309,317,1,1,13,34,block_4_2,cyclic_8_2,cyclic_4_1,block_8_1,block_8_1,unroll_4,unroll_4,unroll_2,pipeline_1,unroll_4,pipeline_1,1,12.25,0.390887983065,False
workload_2167.cpp,xczu7ev-ffvc1156-2-e,3.33,8.00343855,120,1,1,13,16,block_4_2,cyclic_8_2,cyclic_4_1,block_8_1,complete_1,unroll_4,pipeline_1,pipeline_1,pipeline_1,unroll_4,pipeline_1,1,7.75,1,True
workload_1836.cpp,xczu7ev-ffvc1156-2-e,3.33,143.49344958,143,1,1,14,23,block_4_2,cyclic_8_2,cyclic_4_1,block_8_1,cyclic_8_1,unroll_2,unroll_4,pipeline_1,unroll_4,pipeline_1,pipeline_1,1,9.75,0.563945872145,False
workload_2323.cpp,xczu7ev-ffvc1156-2-e,3.33,172.80951084,208,1,1,12,30,block_4_2,cyclic_8_2,cyclic_4_1,complete_1,complete_1,unroll_8,pipeline_1,pipeline_1,unroll_8,pipeline_1,unroll_4,1,11,0.502569893081,False
workload_2465.cpp,xczu7ev-ffvc1156-2-e,3.33,8.00343855,132,1,1,13,16,block_4_2,cyclic_8_2,cyclic_4_1,complete_1,cyclic_8_1,unroll_4,pipeline_1,pipeline_1,unroll_8,unroll_2,pipeline_1,1,7.75,1,True
workload_1915.cpp,xczu7ev-ffvc1156-2-e,3.33,311.01473394,150,1,1,5,14,block_4_2,cyclic_8_2,cyclic_4_1,cyclic_2_1,block_8_1,unroll_4,unroll_2,pipeline_1,unroll_4,unroll_4,pipeline_1,1,5.25,0.310521484755,False
workload_1877.cpp,xczu7ev-ffvc1156-2-e,3.33,143.49344958,150,1,1,14,23,block_4_2,cyclic_8_2,cyclic_4_1,cyclic_8_1,block_8_1,unroll_2,unroll_4,pipeline_1,unroll_4,pipeline_1,pipeline_1,1,9.75,0.563945872145,False
workload_2131.cpp,xczu7ev-ffvc1156-2-e,3.33,7.83148068,350,1,1,42,53,block_8_2,block_2_2,complete_1,complete_1,cyclic_4_1,unroll_16,pipeline_1,pipeline_1,unroll_16,unroll_2,pipeline_1,1,24.25,1,True
workload_2516.cpp,xczu7ev-ffvc1156-2-e,3.33,172.80951084,210,1,1,12,30,block_8_2,block_2_2,cyclic_2_1,complete_1,complete_1,unroll_8,pipeline_1,pipeline_1,unroll_4,pipeline_1,unroll_4,1,11,0.502569893081,False
workload_1968.cpp,xczu7ev-ffvc1156-2-e,3.33,8.00333532,207,1,1,26,32,block_8_2,block_4_2,block_8_1,block_8_1,complete_1,unroll_8,pipeline_1,pipeline_1,pipeline_1,unroll_2,pipeline_1,1,15,1,True
workload_2450.cpp,xczu7ev-ffvc1156-2-e,3.33,7.74516708,406,1,1,51,63,block_8_2,block_4_2,complete_1,block_4_1,complete_1,unroll_16,pipeline_1,unroll_2,unroll_8,unroll_4,pipeline_1,1,29,1,True
workload_2027.cpp,xczu7ev-ffvc1156-2-e,3.33,8.06776083,85,1,1,6,8,block_8_2,block_4_2,complete_1,complete_1,cyclic_4_1,unroll_2,pipeline_1,pipeline_1,unroll_4,unroll_4,pipeline_1,1,4,1,True
workload_2398.cpp,xczu7ev-ffvc1156-2-e,3.33,258.59656458,77,1,1,2,9,block_8_2,block_4_2,complete_1,cyclic_4_1,cyclic_4_1,unroll_2,unroll_2,pipeline_1,unroll_4,unroll_2,pipeline_1,1,3.25,0.443049007667,False
workload_2171.cpp,xczu7ev-ffvc1156-2-e,3.33,7.74516708,365,1,1,51,63,block_8_2,complete_2,complete_1,complete_1,block_8_1,unroll_16,pipeline_1,pipeline_1,unroll_8,unroll_2,pipeline_1,1,29,1,True
workload_2211.cpp,xczu7ev-ffvc1156-2-e,3.33,7.74516708,419,1,1,51,63,block_8_2,complete_2,complete_1,complete_1,complete_1,unroll_16,pipeline_1,pipeline_1,unroll_8,unroll_4,pipeline_1,1,29,1,True
workload_1976.cpp,xczu7ev-ffvc1156-2-e,3.33,7.74516708,376,1,1,51,63,block_8_2,complete_2,cyclic_2_1,block_4_1,block_8_1,unroll_16,pipeline_1,pipeline_1,unroll_8,unroll_2,unroll_8,1,29,1,True
workload_1940.cpp,xczu7ev-ffvc1156-2-e,3.33,199.48906458,74,1,1,3,9,block_8_2,complete_2,cyclic_2_1,block_8_1,cyclic_4_1,unroll_2,unroll_2,unroll_2,pipeline_1,unroll_2,pipeline_1,1,3.5,0.611032317334,False
workload_2091.cpp,xczu7ev-ffvc1156-2-e,3.33,7.74516708,411,1,1,51,63,block_8_2,complete_2,cyclic_2_1,complete_1,block_8_1,unroll_16,pipeline_1,pipeline_1,unroll_8,unroll_4,unroll_8,1,29,1,True
workload_2029.cpp,xczu7ev-ffvc1156-2-e,3.33,8.06776083,85,1,1,6,8,block_8_2,cyclic_2_2,cyclic_2_1,block_4_1,block_8_1,unroll_2,pipeline_1,pipeline_1,unroll_8,unroll_4,unroll_8,1,4,1,True
workload_2001.cpp,xczu7ev-ffvc1156-2-e,3.33,8.06776083,76,1,1,6,8,block_8_2,cyclic_8_2,block_2_1,cyclic_4_1,cyclic_4_1,unroll_2,pipeline_1,pipeline_1,unroll_4,unroll_2,unroll_4,1,4,1,True
workload_2237.cpp,xczu7ev-ffvc1156-2-e,3.33,8.06776083,77,1,1,6,8,block_8_2,cyclic_8_2,block_4_1,block_4_1,cyclic_8_1,unroll_2,pipeline_1,pipeline_1,unroll_2,unroll_4,unroll_8,1,4,1,True
workload_2388.cpp,xczu7ev-ffvc1156-2-e,3.33,8.00343855,130,1,1,13,16,block_8_2,cyclic_8_2,complete_1,block_4_1,cyclic_8_1,unroll_4,pipeline_1,pipeline_1,unroll_8,unroll_4,pipeline_1,1,7.75,1,True
workload_2103.cpp,xczu7ev-ffvc1156-2-e,3.33,195.43187583,79,1,1,3,7,block_8_2,cyclic_8_2,cyclic_2_1,block_2_1,block_8_1,unroll_2,pipeline_1,pipeline_1,unroll_4,pipeline_1,unroll_8,1,3,0.626432569028,False
workload_2108.cpp,xczu7ev-ffvc1156-2-e,3.33,8.06776083,82,1,1,6,8,block_8_2,cyclic_8_2,cyclic_2_1,block_4_1,complete_1,unroll_2,pipeline_1,pipeline_1,unroll_8,unroll_4,unroll_8,1,4,1,True
workload_1964.cpp,xczu7ev-ffvc1156-2-e,3.33,8.00343855,124,1,1,13,16,block_8_2,cyclic_8_2,cyclic_2_1,block_4_1,complete_1,unroll_4,pipeline_1,pipeline_1,unroll_8,unroll_2,unroll_8,1,7.75,1,True
workload_1800.cpp,xczu7ev-ffvc1156-2-e,3.33,266.87744208,721,1,1,17,47,block_8_2,cyclic_8_2,cyclic_2_1,block_4_1,cyclic_2_1,unroll_2,unroll_8,pipeline_1,unroll_8,unroll_2,unroll_4,1,16.5,0.268066140482,False
workload_2182.cpp,xczu7ev-ffvc1156-2-e,3.33,8.06776083,86,1,1,6,8,block_8_2,cyclic_8_2,cyclic_2_1,block_4_1,cyclic_8_1,unroll_2,pipeline_1,pipeline_1,pipeline_1,unroll_2,unroll_8,1,4,1,True
workload_2271.cpp,xczu7ev-ffvc1156-2-e,3.33,8.06776083,82,1,1,6,8,block_8_2,cyclic_8_2,cyclic_2_1,block_4_1,cyclic_8_1,unroll_2,pipeline_1,pipeline_1,pipeline_1,unroll_4,unroll_8,1,4,1,True
workload_2461.cpp,xczu7ev-ffvc1156-2-e,3.33,8.06776083,93,1,1,6,8,block_8_2,cyclic_8_2,cyclic_2_1,block_4_1,cyclic_8_1,unroll_2,pipeline_1,pipeline_1,unroll_8,unroll_4,pipeline_1,1,4,1,True
workload_1747.cpp,xczu7ev-ffvc1156-2-e,3.33,8.06776083,84.5,1,1,6,8,block_8_2,cyclic_8_2,cyclic_2_1,block_4_1,cyclic_8_1,unroll_2,pipeline_1,pipeline_1,unroll_8,unroll_4,unroll_8,2,4,1,True
workload_2358.cpp,xczu7ev-ffvc1156-2-e,3.33,243.61156458,118,1,1,4,12,block_8_2,cyclic_8_2,cyclic_2_1,block_4_1,cyclic_8_1,unroll_2,unroll_2,pipeline_1,unroll_8,unroll_4,unroll_8,1,4.5,0.479833449293,False
workload_1851.cpp,xczu7ev-ffvc1156-2-e,3.33,249.82784208,876,1,1,17,48,block_8_2,cyclic_8_2,cyclic_2_1,block_4_1,cyclic_8_1,unroll_2,unroll_8,pipeline_1,unroll_8,unroll_2,unroll_8,1,16.75,0.285074589416,False
workload_1674.cpp,xczu7ev-ffvc1156-2-e,3.33,249.82784208,929,1,1,17,48,block_8_2,cyclic_8_2,cyclic_2_1,block_4_1,cyclic_8_1,unroll_2,unroll_8,pipeline_1,unroll_8,unroll_4,unroll_8,1,16.75,0.285074589416,False
workload_1995.cpp,xczu7ev-ffvc1156-2-e,3.33,8.00343855,130,1,1,13,16,block_8_2,cyclic_8_2,cyclic_2_1,block_4_1,cyclic_8_1,unroll_4,pipeline_1,pipeline_1,unroll_8,unroll_4,pipeline_1,1,7.75,1,True
workload_1875.cpp,xczu7ev-ffvc1156-2-e,3.33,8.00343855,127,1,1,13,16,block_8_2,cyclic_8_2,cyclic_2_1,block_8_1,cyclic_8_1,unroll_4,pipeline_1,pipeline_1,unroll_8,unroll_4,pipeline_1,1,7.75,1,True
workload_1917.cpp,xczu7ev-ffvc1156-2-e,3.33,8.06776083,78,1,1,6,8,block_8_2,cyclic_8_2,cyclic_2_1,complete_1,complete_1,unroll_2,pipeline_1,pipeline_1,pipeline_1,unroll_4,pipeline_1,1,4,1,True
workload_2147.cpp,xczu7ev-ffvc1156-2-e,3.33,8.06776083,81,1,1,6,8,block_8_2,cyclic_8_2,cyclic_2_1,complete_1,cyclic_8_1,unroll_2,pipeline_1,pipeline_1,unroll_8,unroll_2,unroll_8,1,4,1,True
workload_2438.cpp,xczu7ev-ffvc1156-2-e,3.33,8.06776083,77,1,1,6,8,block_8_2,cyclic_8_2,cyclic_2_1,complete_1,cyclic_8_1,unroll_2,pipeline_1,pipeline_1,unroll_8,unroll_4,unroll_8,1,4,1,True
workload_1878.cpp,xczu7ev-ffvc1156-2-e,3.33,8.06776083,82,1,1,6,8,block_8_2,cyclic_8_2,cyclic_2_1,cyclic_4_1,complete_1,unroll_2,pipeline_1,pipeline_1,unroll_8,unroll_4,unroll_4,1,4,1,True
workload_1784.cpp,xczu7ev-ffvc1156-2-e,3.33,8.06776083,86,1,1,6,8,block_8_2,cyclic_8_2,cyclic_2_1,cyclic_4_1,complete_1,unroll_2,pipeline_1,pipeline_1,unroll_8,unroll_4,unroll_8,1,4,1,True
workload_1830.cpp,xczu7ev-ffvc1156-2-e,3.33,236.11906458,173,1,1,26,35,block_8_2,cyclic_8_2,cyclic_2_1,cyclic_4_1,complete_1,unroll_2,unroll_2,pipeline_1,unroll_8,unroll_4,unroll_8,1,15.75,0.319025986719,False
workload_1985.cpp,xczu7ev-ffvc1156-2-e,3.33,8.06776083,80,1,1,6,8,block_8_2,cyclic_8_2,cyclic_2_1,cyclic_4_1,cyclic_4_1,unroll_2,pipeline_1,pipeline_1,unroll_8,unroll_4,pipeline_1,1,4,1,True
workload_2081.cpp,xczu7ev-ffvc1156-2-e,3.33,8.06776083,83.5,1,1,6,8,block_8_2,cyclic_8_2,cyclic_4_1,block_8_1,cyclic_4_1,unroll_2,pipeline_1,pipeline_1,unroll_8,unroll_4,pipeline_1,2,4,1,True
workload_2149.cpp,xczu7ev-ffvc1156-2-e,3.33,8.06776083,84,1,1,6,8,block_8_2,cyclic_8_2,cyclic_4_1,block_8_1,cyclic_4_1,unroll_2,pipeline_1,pipeline_1,unroll_8,unroll_4,unroll_4,1,4,1,True
workload_2179.cpp,xczu7ev-ffvc1156-2-e,3.33,8.06776083,80,1,1,6,8,complete_1,block_2_2,block_2_1,cyclic_2_1,complete_1,unroll_2,pipeline_1,pipeline_1,unroll_4,unroll_2,pipeline_1,1,4,1,True
workload_2307.cpp,xczu7ev-ffvc1156-2-e,3.33,8.06776083,82,1,1,6,8,complete_1,block_2_2,block_8_1,block_8_1,block_8_1,unroll_2,pipeline_1,pipeline_1,unroll_4,unroll_8,pipeline_1,1,4,1,True
workload_2360.cpp,xczu7ev-ffvc1156-2-e,3.33,8.00343855,121,1,1,13,16,complete_1,block_2_2,block_8_1,block_8_1,complete_1,unroll_4,pipeline_1,pipeline_1,unroll_4,unroll_8,pipeline_1,1,7.75,1,True
workload_2499.cpp,xczu7ev-ffvc1156-2-e,3.33,8.06776083,81,1,1,6,8,complete_1,block_2_2,block_8_1,cyclic_4_1,complete_1,unroll_2,pipeline_1,pipeline_1,pipeline_1,unroll_2,pipeline_1,1,4,1,True
workload_1883.cpp,xczu7ev-ffvc1156-2-e,3.33,8.00333532,227,1,1,26,32,complete_1,block_2_2,block_8_1,cyclic_4_1,complete_1,unroll_8,pipeline_1,pipeline_1,pipeline_1,unroll_2,pipeline_1,1,15,1,True
workload_2253.cpp,xczu7ev-ffvc1156-2-e,3.33,7.83148068,350,1,1,42,53,complete_1,block_2_2,complete_1,block_8_1,complete_1,unroll_16,pipeline_1,pipeline_1,unroll_16,unroll_8,pipeline_1,1,24.25,1,True
workload_2447.cpp,xczu7ev-ffvc1156-2-e,3.33,7.83148068,351,1,1,42,53,complete_1,block_2_2,complete_1,complete_1,block_8_1,unroll_16,pipeline_1,pipeline_1,unroll_16,unroll_2,pipeline_1,1,24.25,1,True
workload_2373.cpp,xczu7ev-ffvc1156-2-e,3.33,7.74516708,394,1,1,51,63,complete_1,block_2_2,complete_1,complete_1,block_8_1,unroll_16,pipeline_1,pipeline_1,unroll_8,unroll_2,pipeline_1,1,29,1,True
workload_2424.cpp,xczu7ev-ffvc1156-2-e,3.33,8.06776083,82,1,1,6,8,complete_1,block_2_2,complete_1,complete_1,block_8_1,unroll_2,pipeline_1,pipeline_1,unroll_8,unroll_2,pipeline_1,1,4,1,True
workload_2379.cpp,xczu7ev-ffvc1156-2-e,3.33,8.06776083,81,1,1,6,8,complete_1,block_2_2,complete_1,complete_1,cyclic_4_1,unroll_2,pipeline_1,pipeline_1,pipeline_1,unroll_4,pipeline_1,1,4,1,True
workload_1840.cpp,xczu7ev-ffvc1156-2-e,3.33,7.74516708,394,1,1,51,63,complete_1,block_2_2,cyclic_2_1,block_2_1,block_2_1,unroll_16,pipeline_1,pipeline_1,pipeline_1,unroll_4,unroll_16,1,29,1,True
workload_1894.cpp,xczu7ev-ffvc1156-2-e,3.33,7.74516708,392,1,1,51,63,complete_1,block_2_2,cyclic_2_1,block_2_1,block_2_1,unroll_16,pipeline_1,pipeline_1,unroll_8,unroll_2,unroll_16,1,29,1,True
workload_1798.cpp,xczu7ev-ffvc1156-2-e,3.33,7.74516708,413,1,1,51,63,complete_1,block_2_2,cyclic_2_1,block_2_1,block_2_1,unroll_16,pipeline_1,pipeline_1,unroll_8,unroll_4,unroll_16,1,29,1,True
workload_2262.cpp,xczu7ev-ffvc1156-2-e,3.33,174.20312583,76,1,1,3,8,complete_1,block_2_2,cyclic_2_1,block_2_1,block_8_1,unroll_2,pipeline_1,pipeline_1,pipeline_1,pipeline_1,unroll_8,1,3.25,1,True
workload_1922.cpp,xczu7ev-ffvc1156-2-e,3.33,8.00333532,215,1,1,26,32,complete_1,block_2_2,cyclic_2_1,block_2_1,complete_1,unroll_8,pipeline_1,pipeline_1,pipeline_1,unroll_4,pipeline_1,1,15,1,True
workload_1893.cpp,xczu7ev-ffvc1156-2-e,3.33,7.74516708,389.5,1,1,51,63,complete_1,block_2_2,cyclic_2_1,block_2_1,cyclic_4_1,unroll_16,pipeline_1,pipeline_1,pipeline_1,unroll_4,unroll_16,2,29,1,True
workload_2519.cpp,xczu7ev-ffvc1156-2-e,3.33,8.00333532,226,1,1,26,32,complete_1,block_2_2,cyclic_2_1,complete_1,complete_1,unroll_8,pipeline_1,unroll_2,pipeline_1,unroll_2,pipeline_1,1,15,1,True
workload_2406.cpp,xczu7ev-ffvc1156-2-e,3.33,7.83148068,350,1,1,42,53,complete_1,block_2_2,cyclic_2_1,complete_1,cyclic_4_1,unroll_16,pipeline_1,unroll_2,unroll_16,unroll_2,pipeline_1,1,24.25,1,True
workload_2261.cpp,xczu7ev-ffvc1156-2-e,3.33,8.06776083,76,1,1,6,8,complete_1,block_2_2,cyclic_2_1,complete_1,cyclic_4_1,unroll_2,pipeline_1,pipeline_1,pipeline_1,unroll_2,pipeline_1,1,4,1,True
workload_2327.cpp,xczu7ev-ffvc1156-2-e,3.33,8.00333532,220,1,1,26,32,complete_1,block_2_2,cyclic_2_1,complete_1,cyclic_4_1,unroll_8,pipeline_1,pipeline_1,pipeline_1,unroll_2,pipeline_1,1,15,1,True
workload_2415.cpp,xczu7ev-ffvc1156-2-e,3.33,199.48906458,68,1,1,2,8,complete_1,block_2_2,cyclic_2_1,cyclic_4_1,block_8_1,unroll_2,unroll_2,pipeline_1,pipeline_1,unroll_2,pipeline_1,1,3,0.620019058757,False
workload_2505.cpp,xczu7ev-ffvc1156-2-e,3.33,8.00343855,131,1,1,13,16,complete_1,block_2_2,cyclic_2_1,cyclic_4_1,complete_1,unroll_4,pipeline_1,pipeline_1,pipeline_1,unroll_2,unroll_4,1,7.75,1,True
workload_2467.cpp,xczu7ev-ffvc1156-2-e,3.33,8.00343855,138,1,1,13,16,complete_1,block_2_2,cyclic_4_1,cyclic_4_1,cyclic_4_1,unroll_4,pipeline_1,unroll_2,pipeline_1,unroll_2,pipeline_1,1,7.75,1,True
workload_2195.cpp,xczu7ev-ffvc1156-2-e,3.33,8.00343855,136,1,1,13,16,complete_1,block_4_2,block_2_1,complete_1,block_8_1,unroll_4,pipeline_1,pipeline_1,pipeline_1,unroll_8,pipeline_1,1,7.75,1,True
workload_2166.cpp,xczu7ev-ffvc1156-2-e,3.33,8.00343855,123.5,1,1,13,16,complete_1,block_4_2,block_2_1,complete_1,block_8_1,unroll_4,pipeline_1,pipeline_1,unroll_8,unroll_8,pipeline_1,2,7.75,1,True
workload_2342.cpp,xczu7ev-ffvc1156-2-e,3.33,8.06776083,84,1,1,6,8,complete_1,block_4_2,block_2_1,complete_1,complete_1,unroll_2,pipeline_1,pipeline_1,pipeline_1,unroll_8,pipeline_1,1,4,1,True
workload_2422.cpp,xczu7ev-ffvc1156-2-e,3.33,8.06776083,82,1,1,6,8,complete_1,block_4_2,block_2_1,complete_1,complete_1,unroll_2,pipeline_1,pipeline_1,unroll_8,unroll_8,pipeline_1,1,4,1,True
workload_2321.cpp,xczu7ev-ffvc1156-2-e,3.33,8.00343855,128,1,1,13,16,complete_1,block_4_2,block_2_1,complete_1,complete_1,unroll_4,pipeline_1,pipeline_1,unroll_4,unroll_8,pipeline_1,1,7.75,1,True
workload_2231.cpp,xczu7ev-ffvc1156-2-e,3.33,8.00343855,123.5,1,1,13,16,complete_1,block_4_2,block_2_1,complete_1,complete_1,unroll_4,pipeline_1,pipeline_1,unroll_8,unroll_8,pipeline_1,2,7.75,1,True
workload_2478.cpp,xczu7ev-ffvc1156-2-e,3.33,8.00343855,127,1,1,13,16,complete_1,block_4_2,block_2_1,cyclic_4_1,complete_1,unroll_4,pipeline_1,pipeline_1,pipeline_1,unroll_8,pipeline_1,1,7.75,1,True
workload_2468.cpp,xczu7ev-ffvc1156-2-e,3.33,8.00343855,139,1,1,13,16,complete_1,block_4_2,block_2_1,cyclic_4_1,complete_1,unroll_4,pipeline_1,pipeline_1,unroll_8,unroll_8,pipeline_1,1,7.75,1,True
workload_2286.cpp,xczu7ev-ffvc1156-2-e,3.33,8.00333532,216,1,1,26,32,complete_1,block_4_2,block_2_1,cyclic_4_1,complete_1,unroll_8,pipeline_1,pipeline_1,unroll_8,unroll_8,pipeline_1,1,15,1,True
workload_2393.cpp,xczu7ev-ffvc1156-2-e,3.33,8.00343855,133,1,1,13,16,complete_1,block_4_2,block_2_1,cyclic_4_1,cyclic_4_1,unroll_4,pipeline_1,pipeline_1,unroll_4,unroll_2,pipeline_1,1,7.75,1,True
workload_2200.cpp,xczu7ev-ffvc1156-2-e,3.33,195.43187583,73,1,1,3,7,complete_1,block_4_2,block_4_1,complete_1,block_8_1,unroll_2,pipeline_1,pipeline_1,unroll_8,pipeline_1,pipeline_1,1,3,0.626432569028,False
workload_2470.cpp,xczu7ev-ffvc1156-2-e,3.33,8.00343855,139,1,1,13,16,complete_1,block_4_2,block_8_1,complete_1,block_8_1,unroll_4,pipeline_1,pipeline_1,pipeline_1,unroll_2,pipeline_1,1,7.75,1,True
workload_2328.cpp,xczu7ev-ffvc1156-2-e,3.33,8.00333532,225,1,1,26,32,complete_1,block_4_2,block_8_1,complete_1,block_8_1,unroll_8,pipeline_1,pipeline_1,unroll_8,unroll_2,pipeline_1,2,15,1,True
workload_2480.cpp,xczu7ev-ffvc1156-2-e,3.33,8.00333532,227,1,1,26,32,complete_1,block_4_2,block_8_1,complete_1,complete_1,unroll_8,pipeline_1,pipeline_1,pipeline_1,unroll_2,pipeline_1,1,15,1,True
workload_2485.cpp,xczu7ev-ffvc1156-2-e,3.33,8.00333532,201,1,1,26,32,complete_1,block_4_2,block_8_1,complete_1,complete_1,unroll_8,pipeline_1,pipeline_1,unroll_8,unroll_2,pipeline_1,1,15,1,True
workload_2142.cpp,xczu7ev-ffvc1156-2-e,3.33,174.20312583,78,1,1,3,8,complete_1,block_4_2,block_8_1,cyclic_4_1,complete_1,unroll_2,pipeline_1,pipeline_1,unroll_8,pipeline_1,pipeline_1,1,3.25,1,True
workload_1992.cpp,xczu7ev-ffvc1156-2-e,3.33,8.00343855,130,1,1,13,16,complete_1,block_4_2,block_8_1,cyclic_4_1,complete_1,unroll_4,pipeline_1,pipeline_1,unroll_4,unroll_2,pipeline_1,1,7.75,1,True
workload_1751.cpp,xczu7ev-ffvc1156-2-e,3.33,8.00333532,226,1,1,26,32,complete_1,block_4_2,block_8_1,cyclic_4_1,complete_1,unroll_8,pipeline_1,pipeline_1,pipeline_1,unroll_2,pipeline_1,4,15,1,True
workload_1926.cpp,xczu7ev-ffvc1156-2-e,3.33,8.00333532,232,1,1,26,32,complete_1,block_4_2,block_8_1,cyclic_4_1,complete_1,unroll_8,pipeline_1,pipeline_1,pipeline_1,unroll_4,pipeline_1,1,15,1,True
workload_1834.cpp,xczu7ev-ffvc1156-2-e,3.33,8.00333532,231,1,1,26,32,complete_1,block_4_2,block_8_1,cyclic_4_1,complete_1,unroll_8,pipeline_1,pipeline_1,unroll_4,unroll_2,pipeline_1,1,15,1,True
workload_2208.cpp,xczu7ev-ffvc1156-2-e,3.33,8.00333532,235,1,1,26,32,complete_1,block_4_2,block_8_1,cyclic_4_1,complete_1,unroll_8,pipeline_1,pipeline_1,unroll_8,unroll_4,pipeline_1,1,15,1,True
workload_1886.cpp,xczu7ev-ffvc1156-2-e,3.33,8.00333532,227,1,1,26,32,complete_1,block_4_2,block_8_1,cyclic_4_1,complete_1,unroll_8,pipeline_1,unroll_2,unroll_4,unroll_2,pipeline_1,1,15,1,True
workload_2301.cpp,xczu7ev-ffvc1156-2-e,3.33,8.06776083,79,1,1,6,8,complete_1,block_4_2,complete_1,complete_1,block_8_1,unroll_2,pipeline_1,pipeline_1,pipeline_1,unroll_4,pipeline_1,1,4,1,True
workload_2520.cpp,xczu7ev-ffvc1156-2-e,3.33,8.00333532,226,1,1,26,32,complete_1,block_4_2,complete_1,complete_1,block_8_1,unroll_8,pipeline_1,pipeline_1,pipeline_1,unroll_8,pipeline_1,1,15,1,True
workload_2386.cpp,xczu7ev-ffvc1156-2-e,3.33,8.06776083,87,1,1,6,8,complete_1,block_4_2,complete_1,complete_1,complete_1,unroll_2,pipeline_1,unroll_2,unroll_8,unroll_2,pipeline_1,1,4,1,True
workload_2355.cpp,xczu7ev-ffvc1156-2-e,3.33,8.06776083,78,1,1,6,8,complete_1,block_4_2,complete_1,complete_1,cyclic_2_1,unroll_2,pipeline_1,pipeline_1,pipeline_1,unroll_4,pipeline_1,1,4,1,True
workload_2102.cpp,xczu7ev-ffvc1156-2-e,3.33,8.06776083,79,1,1,6,8,complete_1,block_4_2,complete_1,complete_1,cyclic_4_1,unroll_2,pipeline_1,pipeline_1,unroll_4,unroll_2,pipeline_1,1,4,1,True
workload_1906.cpp,xczu7ev-ffvc1156-2-e,3.33,8.00343855,125,1,1,13,16,complete_1,block_4_2,cyclic_2_1,block_2_1,block_2_1,unroll_4,pipeline_1,pipeline_1,pipeline_1,unroll_2,unroll_16,1,7.75,1,True
workload_1959.cpp,xczu7ev-ffvc1156-2-e,3.33,8.00343855,126,1,1,13,16,complete_1,block_4_2,cyclic_2_1,block_2_1,block_2_1,unroll_4,pipeline_1,pipeline_1,pipeline_1,unroll_4,unroll_16,1,7.75,1,True
workload_2078.cpp,xczu7ev-ffvc1156-2-e,3.33,8.00343855,131,1,1,13,16,complete_1,block_4_2,cyclic_2_1,block_8_1,block_2_1,unroll_4,pipeline_1,pipeline_1,unroll_4,unroll_4,pipeline_1,1,7.75,1,True
workload_2128.cpp,xczu7ev-ffvc1156-2-e,3.33,8.00333532,220,1,1,26,32,complete_1,block_4_2,cyclic_2_1,block_8_1,block_2_1,unroll_8,pipeline_1,pipeline_1,unroll_4,unroll_4,pipeline_1,1,15,1,True
workload_1870.cpp,xczu7ev-ffvc1156-2-e,3.33,8.00343855,131,1,1,13,16,complete_1,block_4_2,cyclic_2_1,block_8_1,cyclic_4_1,unroll_4,pipeline_1,pipeline_1,pipeline_1,unroll_4,pipeline_1,1,7.75,1,True
workload_1909.cpp,xczu7ev-ffvc1156-2-e,3.33,8.00343855,132,1,1,13,16,complete_1,block_4_2,cyclic_2_1,block_8_1,cyclic_4_1,unroll_4,pipeline_1,pipeline_1,unroll_8,unroll_4,pipeline_1,1,7.75,1,True
workload_1984.cpp,xczu7ev-ffvc1156-2-e,3.33,8.06776083,80,1,1,6,8,complete_1,block_4_2,cyclic_2_1,complete_1,block_2_1,unroll_2,pipeline_1,pipeline_1,pipeline_1,unroll_4,unroll_16,1,4,1,True
workload_2022.cpp,xczu7ev-ffvc1156-2-e,3.33,8.06776083,79,1,1,6,8,complete_1,block_4_2,cyclic_2_1,complete_1,block_8_1,unroll_2,pipeline_1,pipeline_1,pipeline_1,unroll_8,unroll_16,1,4,1,True
workload_2259.cpp,xczu7ev-ffvc1156-2-e,3.33,195.43187583,76,1,1,3,7,complete_1,block_4_2,cyclic_2_1,complete_1,block_8_1,unroll_2,pipeline_1,pipeline_1,unroll_8,pipeline_1,pipeline_1,1,3,0.626432569028,False
workload_2173.cpp,xczu7ev-ffvc1156-2-e,3.33,7.74516708,397,1,1,51,63,complete_1,block_4_2,cyclic_2_1,complete_1,complete_1,unroll_16,pipeline_1,pipeline_1,pipeline_1,unroll_2,pipeline_1,1,29,1,True
workload_2462.cpp,xczu7ev-ffvc1156-2-e,3.33,8.06776083,96,1,1,6,8,complete_1,block_4_2,cyclic_2_1,complete_1,complete_1,unroll_2,pipeline_1,pipeline_1,pipeline_1,unroll_2,unroll_4,1,4,1,True
workload_2194.cpp,xczu7ev-ffvc1156-2-e,3.33,8.00343855,129,1,1,13,16,complete_1,block_4_2,cyclic_2_1,complete_1,complete_1,unroll_4,pipeline_1,pipeline_1,pipeline_1,unroll_4,pipeline_1,3,7.75,1,True
workload_2446.cpp,xczu7ev-ffvc1156-2-e,3.33,8.00333532,218,1,1,26,32,complete_1,block_4_2,cyclic_2_1,complete_1,complete_1,unroll_8,pipeline_1,unroll_2,pipeline_1,unroll_4,pipeline_1,1,15,1,True
workload_2130.cpp,xczu7ev-ffvc1156-2-e,3.33,8.00333532,215,1,1,26,32,complete_1,block_4_2,cyclic_2_1,complete_1,cyclic_4_1,unroll_8,pipeline_1,unroll_2,pipeline_1,unroll_2,pipeline_1,1,15,1,True
workload_2248.cpp,xczu7ev-ffvc1156-2-e,3.33,8.00333532,221,1,1,26,32,complete_1,block_4_2,cyclic_2_1,complete_1,cyclic_4_1,unroll_8,pipeline_1,unroll_2,unroll_8,unroll_2,pipeline_1,1,15,1,True
workload_2014.cpp,xczu7ev-ffvc1156-2-e,3.33,7.74516708,363,1,1,51,63,complete_1,block_4_2,cyclic_2_1,cyclic_2_1,block_8_1,unroll_16,pipeline_1,pipeline_1,unroll_8,unroll_8,pipeline_1,1,29,1,True
workload_1953.cpp,xczu7ev-ffvc1156-2-e,3.33,8.00343855,127,1,1,13,16,complete_1,block_4_2,cyclic_2_1,cyclic_2_1,block_8_1,unroll_4,pipeline_1,pipeline_1,unroll_8,unroll_8,pipeline_1,1,7.75,1,True
workload_2423.cpp,xczu7ev-ffvc1156-2-e,3.33,8.06776083,82,1,1,6,8,complete_1,block_4_2,cyclic_2_1,cyclic_4_1,complete_1,unroll_2,pipeline_1,pipeline_1,pipeline_1,unroll_4,pipeline_1,1,4,1,True
workload_2226.cpp,xczu7ev-ffvc1156-2-e,3.33,8.06776083,85,1,1,6,8,complete_1,block_4_2,cyclic_2_1,cyclic_4_1,complete_1,unroll_2,pipeline_1,pipeline_1,unroll_8,unroll_4,pipeline_1,1,4,1,True
workload_2416.cpp,xczu7ev-ffvc1156-2-e,3.33,8.06776083,79,1,1,6,8,complete_1,block_4_2,cyclic_2_1,cyclic_4_1,complete_1,unroll_2,pipeline_1,unroll_2,unroll_4,unroll_2,pipeline_1,1,4,1,True
workload_2385.cpp,xczu7ev-ffvc1156-2-e,3.33,8.06776083,84,1,1,6,8,complete_1,block_4_2,cyclic_2_1,cyclic_4_1,complete_1,unroll_2,pipeline_1,unroll_2,unroll_8,unroll_2,pipeline_1,1,4,1,True
workload_2085.cpp,xczu7ev-ffvc1156-2-e,3.33,8.00343855,125,1,1,13,16,complete_1,block_4_2,cyclic_2_1,cyclic_4_1,complete_1,unroll_4,pipeline_1,pipeline_1,pipeline_1,unroll_4,pipeline_1,2,7.75,1,True
workload_1795.cpp,xczu7ev-ffvc1156-2-e,3.33,8.00333532,235,1,1,26,32,complete_1,block_4_2,cyclic_2_1,cyclic_4_1,complete_1,unroll_8,pipeline_1,pipeline_1,pipeline_1,unroll_2,pipeline_1,1,15,1,True
workload_1934.cpp,xczu7ev-ffvc1156-2-e,3.33,7.74516708,394,1,1,51,63,complete_1,block_4_2,cyclic_2_1,cyclic_4_1,cyclic_8_1,unroll_16,pipeline_1,pipeline_1,pipeline_1,unroll_2,unroll_16,1,29,1,True
workload_1864.cpp,xczu7ev-ffvc1156-2-e,3.33,8.06776083,86,1,1,6,8,complete_1,block_4_2,cyclic_4_1,block_4_1,block_8_1,unroll_2,pipeline_1,pipeline_1,unroll_8,unroll_8,unroll_8,1,4,1,True
workload_2048.cpp,xczu7ev-ffvc1156-2-e,3.33,8.00343855,126,1,1,13,16,complete_1,block_4_2,cyclic_4_1,block_8_1,block_2_1,unroll_4,pipeline_1,pipeline_1,pipeline_1,unroll_4,pipeline_1,1,7.75,1,True
workload_2523.cpp,xczu7ev-ffvc1156-2-e,3.33,7.74516708,377,1,1,51,63,complete_1,block_4_2,cyclic_4_1,block_8_1,block_8_1,unroll_16,pipeline_1,pipeline_1,unroll_8,unroll_2,pipeline_1,1,29,1,True
workload_1908.cpp,xczu7ev-ffvc1156-2-e,3.33,8.00343855,131,1,1,13,16,complete_1,block_4_2,cyclic_4_1,block_8_1,block_8_1,unroll_4,pipeline_1,pipeline_1,pipeline_1,unroll_8,pipeline_1,2,7.75,1,True
workload_2033.cpp,xczu7ev-ffvc1156-2-e,3.33,8.09262927,122,1,1,11,14,complete_1,block_4_2,cyclic_4_1,block_8_1,block_8_1,unroll_4,pipeline_1,pipeline_1,unroll_16,unroll_8,pipeline_1,1,6.75,0.904852767453,False
workload_1788.cpp,xczu7ev-ffvc1156-2-e,3.33,8.00343855,131.5,1,1,13,16,complete_1,block_4_2,cyclic_4_1,block_8_1,block_8_1,unroll_4,pipeline_1,pipeline_1,unroll_8,unroll_8,pipeline_1,2,7.75,1,True
workload_2170.cpp,xczu7ev-ffvc1156-2-e,3.33,8.00333532,203,1,1,26,32,complete_1,block_4_2,cyclic_4_1,block_8_1,block_8_1,unroll_8,pipeline_1,pipeline_1,unroll_4,unroll_4,pipeline_1,1,15,1,True
workload_1928.cpp,xczu7ev-ffvc1156-2-e,3.33,8.00333532,215,1,1,26,32,complete_1,block_4_2,cyclic_4_1,block_8_1,block_8_1,unroll_8,pipeline_1,pipeline_1,unroll_8,unroll_8,pipeline_1,1,15,1,True
workload_2399.cpp,xczu7ev-ffvc1156-2-e,3.33,8.00343855,128,1,1,13,16,complete_1,block_4_2,cyclic_4_1,block_8_1,complete_1,unroll_4,pipeline_1,pipeline_1,unroll_8,unroll_8,pipeline_1,1,7.75,1,True
workload_2113.cpp,xczu7ev-ffvc1156-2-e,3.33,8.00343855,125,1,1,13,16,complete_1,block_4_2,cyclic_4_1,block_8_1,cyclic_2_1,unroll_4,pipeline_1,pipeline_1,unroll_8,unroll_8,pipeline_1,1,7.75,1,True
workload_2133.cpp,xczu7ev-ffvc1156-2-e,3.33,7.74516708,379,1,1,51,63,complete_1,block_4_2,cyclic_4_1,complete_1,block_8_1,unroll_16,pipeline_1,pipeline_1,pipeline_1,unroll_4,pipeline_1,1,29,1,True
workload_2263.cpp,xczu7ev-ffvc1156-2-e,3.33,174.20312583,76,1,1,3,8,complete_1,block_4_2,cyclic_4_1,complete_1,block_8_1,unroll_2,pipeline_1,pipeline_1,pipeline_1,pipeline_1,pipeline_1,1,3.25,1,True
workload_2069.cpp,xczu7ev-ffvc1156-2-e,3.33,8.06776083,83,1,1,6,8,complete_1,block_4_2,cyclic_4_1,complete_1,block_8_1,unroll_2,pipeline_1,pipeline_1,pipeline_1,unroll_2,pipeline_1,1,4,1,True
workload_2365.cpp,xczu7ev-ffvc1156-2-e,3.33,8.00333532,219,1,1,26,32,complete_1,block_4_2,cyclic_4_1,complete_1,block_8_1,unroll_8,pipeline_1,pipeline_1,unroll_8,unroll_2,pipeline_1,1,15,1,True
workload_2420.cpp,xczu7ev-ffvc1156-2-e,3.33,8.06776083,79,1,1,6,8,complete_1,block_4_2,cyclic_4_1,complete_1,complete_1,unroll_2,pipeline_1,unroll_2,pipeline_1,unroll_2,unroll_4,1,4,1,True
workload_2040.cpp,xczu7ev-ffvc1156-2-e,3.33,8.00343855,131,1,1,13,16,complete_1,block_4_2,cyclic_4_1,complete_1,complete_1,unroll_4,pipeline_1,pipeline_1,pipeline_1,unroll_2,pipeline_1,1,7.75,1,True
workload_2432.cpp,xczu7ev-ffvc1156-2-e,3.33,8.00343855,135,1,1,13,16,complete_1,block_4_2,cyclic_4_1,complete_1,complete_1,unroll_4,pipeline_1,pipeline_1,unroll_8,unroll_2,pipeline_1,1,7.75,1,True
workload_2464.cpp,xczu7ev-ffvc1156-2-e,3.33,8.00343855,132,1,1,13,16,complete_1,block_4_2,cyclic_4_1,complete_1,complete_1,unroll_4,pipeline_1,pipeline_1,unroll_8,unroll_8,pipeline_1,1,7.75,1,True
workload_2359.cpp,xczu7ev-ffvc1156-2-e,3.33,8.00343855,118,1,1,13,16,complete_1,block_4_2,cyclic_4_1,complete_1,complete_1,unroll_4,pipeline_1,unroll_2,pipeline_1,unroll_8,pipeline_1,1,7.75,1,True
workload_2442.cpp,xczu7ev-ffvc1156-2-e,3.33,8.00333532,229,1,1,26,32,complete_1,block_4_2,cyclic_4_1,complete_1,complete_1,unroll_8,pipeline_1,pipeline_1,unroll_8,unroll_8,pipeline_1,1,15,1,True
workload_2496.cpp,xczu7ev-ffvc1156-2-e,3.33,8.06776083,78,1,1,6,8,complete_1,block_4_2,cyclic_4_1,complete_1,cyclic_4_1,unroll_2,pipeline_1,unroll_2,unroll_2,unroll_2,pipeline_1,1,4,1,True
workload_2072.cpp,xczu7ev-ffvc1156-2-e,3.33,268.58656458,92,1,1,3,6,complete_1,block_4_2,cyclic_4_1,cyclic_2_1,cyclic_4_1,unroll_2,unroll_2,pipeline_1,unroll_4,unroll_2,unroll_8,1,2.75,0.416290040225,False
workload_2056.cpp,xczu7ev-ffvc1156-2-e,3.33,7.74516708,355,1,1,51,63,complete_1,block_8_2,cyclic_2_1,cyclic_2_1,block_8_1,unroll_16,pipeline_1,pipeline_1,pipeline_1,unroll_8,pipeline_1,1,29,1,True
workload_2479.cpp,xczu7ev-ffvc1156-2-e,3.33,8.00333532,227,1,1,26,32,complete_1,block_8_2,cyclic_4_1,complete_1,complete_1,unroll_8,pipeline_1,pipeline_1,unroll_8,unroll_8,pipeline_1,1,15,1,True
workload_2251.cpp,xczu7ev-ffvc1156-2-e,3.33,8.00333532,215,1,1,26,32,complete_1,complete_1,block_8_1,complete_1,block_8_1,unroll_8,pipeline_1,unroll_2,pipeline_1,unroll_4,pipeline_1,1,15,1,True
workload_2245.cpp,xczu7ev-ffvc1156-2-e,3.33,8.00343855,129,1,1,13,16,complete_1,complete_1,block_8_1,complete_1,complete_1,unroll_4,pipeline_1,unroll_2,unroll_8,unroll_4,pipeline_1,1,7.75,1,True
workload_2266.cpp,xczu7ev-ffvc1156-2-e,3.33,8.06776083,79,1,1,6,8,complete_1,complete_1,cyclic_2_1,complete_1,complete_1,unroll_2,pipeline_1,unroll_2,pipeline_1,unroll_4,pipeline_1,1,4,1,True
workload_2250.cpp,xczu7ev-ffvc1156-2-e,3.33,8.00333532,225,1,1,26,32,complete_1,complete_1,cyclic_2_1,complete_1,complete_1,unroll_8,pipeline_1,unroll_2,pipeline_1,unroll_4,pipeline_1,1,15,1,True
workload_2209.cpp,xczu7ev-ffvc1156-2-e,3.33,8.00333532,219,1,1,26,32,complete_1,complete_1,cyclic_4_1,complete_1,complete_1,unroll_8,pipeline_1,unroll_2,pipeline_1,unroll_4,pipeline_1,1,15,1,True
workload_2529.cpp,xczu7ev-ffvc1156-2-e,3.33,237.52318239,950,1,1,28,76,complete_1,complete_2,block_8_1,complete_1,block_8_1,unroll_16,unroll_2,pipeline_1,pipeline_1,unroll_2,unroll_8,1,26.5,0.178618231311,False
workload_2403.cpp,xczu7ev-ffvc1156-2-e,3.33,8.00333532,228.5,1,1,26,32,complete_1,complete_2,block_8_1,complete_1,block_8_1,unroll_8,pipeline_1,pipeline_1,pipeline_1,unroll_2,pipeline_1,2,15,1,True
workload_2047.cpp,xczu7ev-ffvc1156-2-e,3.33,193.86843084,199,1,1,12,29,complete_1,complete_2,block_8_1,complete_1,block_8_1,unroll_8,pipeline_1,pipeline_1,unroll_8,pipeline_1,unroll_4,1,10.75,0.477419516725,False
workload_2419.cpp,xczu7ev-ffvc1156-2-e,3.33,8.06776083,79,1,1,6,8,complete_1,complete_2,complete_1,block_4_1,block_8_1,unroll_2,pipeline_1,pipeline_1,unroll_8,unroll_2,pipeline_1,1,4,1,True
workload_2456.cpp,xczu7ev-ffvc1156-2-e,3.33,8.06776083,87,1,1,6,8,complete_1,complete_2,complete_1,complete_1,block_2_1,unroll_2,pipeline_1,pipeline_1,pipeline_1,unroll_2,unroll_4,1,4,1,True
workload_1933.cpp,xczu7ev-ffvc1156-2-e,3.33,7.74516708,374,1,1,51,63,complete_1,complete_2,complete_1,complete_1,block_8_1,unroll_16,pipeline_1,pipeline_1,pipeline_1,unroll_4,pipeline_1,1,29,1,True
workload_2055.cpp,xczu7ev-ffvc1156-2-e,3.33,7.74516708,407,1,1,51,63,complete_1,complete_2,complete_1,complete_1,block_8_1,unroll_16,pipeline_1,pipeline_1,unroll_4,unroll_2,pipeline_1,1,29,1,True
workload_1887.cpp,xczu7ev-ffvc1156-2-e,3.33,187.6146642,348,1,1,23,56,complete_1,complete_2,complete_1,complete_1,block_8_1,unroll_16,pipeline_1,pipeline_1,unroll_8,pipeline_1,pipeline_1,1,20.25,0.287366952552,False
workload_1672.cpp,xczu7ev-ffvc1156-2-e,3.33,7.74516708,403.5,1,1,51,63,complete_1,complete_2,complete_1,complete_1,block_8_1,unroll_16,pipeline_1,pipeline_1,unroll_8,unroll_2,pipeline_1,2,29,1,True
workload_1895.cpp,xczu7ev-ffvc1156-2-e,3.33,7.74516708,388,1,1,51,63,complete_1,complete_2,complete_1,complete_1,block_8_1,unroll_16,pipeline_1,pipeline_1,unroll_8,unroll_4,pipeline_1,1,29,1,True
workload_1753.cpp,xczu7ev-ffvc1156-2-e,3.33,7.74516708,414,1,1,51,63,complete_1,complete_2,complete_1,complete_1,block_8_1,unroll_16,pipeline_1,pipeline_1,unroll_8,unroll_8,pipeline_1,1,29,1,True
workload_2335.cpp,xczu7ev-ffvc1156-2-e,3.33,195.43187583,75,1,1,3,7,complete_1,complete_2,complete_1,complete_1,block_8_1,unroll_2,pipeline_1,pipeline_1,pipeline_1,pipeline_1,pipeline_1,1,3,0.626432569028,False
workload_2268.cpp,xczu7ev-ffvc1156-2-e,3.33,8.06776083,79,1,1,6,8,complete_1,complete_2,complete_1,complete_1,block_8_1,unroll_2,pipeline_1,pipeline_1,unroll_8,unroll_2,pipeline_1,3,4,1,True
workload_2246.cpp,xczu7ev-ffvc1156-2-e,3.33,8.00333532,218,1,1,26,32,complete_1,complete_2,complete_1,complete_1,block_8_1,unroll_8,pipeline_1,pipeline_1,unroll_8,unroll_2,pipeline_1,1,15,1,True
workload_2372.cpp,xczu7ev-ffvc1156-2-e,3.33,7.74516708,394,1,1,51,63,complete_1,complete_2,complete_1,complete_1,complete_1,unroll_16,pipeline_1,pipeline_1,unroll_4,unroll_2,pipeline_1,1,29,1,True
workload_1932.cpp,xczu7ev-ffvc1156-2-e,3.33,7.74516708,374,1,1,51,63,complete_1,complete_2,complete_1,complete_1,complete_1,unroll_16,pipeline_1,pipeline_1,unroll_8,unroll_4,pipeline_1,1,29,1,True
workload_2002.cpp,xczu7ev-ffvc1156-2-e,3.33,8.06776083,80,1,1,6,8,complete_1,complete_2,complete_1,complete_1,complete_1,unroll_2,pipeline_1,pipeline_1,pipeline_1,unroll_2,pipeline_1,1,4,1,True
workload_2185.cpp,xczu7ev-ffvc1156-2-e,3.33,8.06776083,95,1,1,6,8,complete_1,complete_2,complete_1,complete_1,complete_1,unroll_2,pipeline_1,pipeline_1,pipeline_1,unroll_4,pipeline_1,1,4,1,True
workload_2296.cpp,xczu7ev-ffvc1156-2-e,3.33,192.82906458,70,1,1,3,7,complete_1,complete_2,complete_1,complete_1,complete_1,unroll_2,unroll_2,pipeline_1,pipeline_1,unroll_2,pipeline_1,1,3,0.635314233637,False
workload_2101.cpp,xczu7ev-ffvc1156-2-e,3.33,8.06776083,79,1,1,6,8,complete_1,complete_2,complete_1,complete_1,cyclic_4_1,unroll_2,pipeline_1,pipeline_1,pipeline_1,unroll_4,pipeline_1,1,4,1,True
workload_2150.cpp,xczu7ev-ffvc1156-2-e,3.33,8.06776083,87,1,1,6,8,complete_1,complete_2,complete_1,complete_1,cyclic_4_1,unroll_2,pipeline_1,pipeline_1,unroll_8,unroll_4,pipeline_1,1,4,1,True
workload_2397.cpp,xczu7ev-ffvc1156-2-e,3.33,8.06776083,77,1,1,6,8,complete_1,complete_2,complete_1,cyclic_4_1,block_8_1,unroll_2,pipeline_1,pipeline_1,unroll_8,unroll_2,pipeline_1,1,4,1,True
workload_2449.cpp,xczu7ev-ffvc1156-2-e,3.33,7.74516708,382,1,1,51,63,complete_1,complete_2,complete_1,cyclic_4_1,complete_1,unroll_16,pipeline_1,pipeline_1,pipeline_1,unroll_2,pipeline_1,1,29,1,True
workload_2325.cpp,xczu7ev-ffvc1156-2-e,3.33,8.00333532,217,1,1,26,32,complete_1,complete_2,complete_1,cyclic_4_1,complete_1,unroll_8,pipeline_1,pipeline_1,pipeline_1,unroll_2,pipeline_1,1,15,1,True
workload_1891.cpp,xczu7ev-ffvc1156-2-e,3.33,7.74516708,394,1,1,51,63,complete_1,complete_2,cyclic_2_1,block_2_1,block_2_1,unroll_16,pipeline_1,pipeline_1,pipeline_1,unroll_4,unroll_16,1,29,1,True
workload_2082.cpp,xczu7ev-ffvc1156-2-e,3.33,201.08477394,105,1,1,5,14,complete_1,complete_2,cyclic_2_1,block_8_1,block_2_1,unroll_4,unroll_2,pipeline_1,pipeline_1,unroll_4,pipeline_1,1,5.25,0.577668759432,False
workload_2476.cpp,xczu7ev-ffvc1156-2-e,3.33,227.93789394,107,1,1,6,16,complete_1,complete_2,cyclic_2_1,block_8_1,block_8_1,unroll_4,unroll_2,pipeline_1,pipeline_1,unroll_8,pipeline_1,1,6,0.504594564743,False
workload_2043.cpp,xczu7ev-ffvc1156-2-e,3.33,8.15767083,74,1,1,6,7,complete_1,complete_2,cyclic_2_1,complete_1,block_2_1,unroll_2,pipeline_1,pipeline_1,unroll_16,unroll_4,unroll_16,1,3.75,1,True
workload_1899.cpp,xczu7ev-ffvc1156-2-e,3.33,8.06776083,80,1,1,6,8,complete_1,complete_2,cyclic_2_1,complete_1,block_8_1,unroll_2,pipeline_1,pipeline_1,unroll_8,unroll_8,unroll_4,1,4,1,True
workload_2344.cpp,xczu7ev-ffvc1156-2-e,3.33,8.06776083,87,1,1,6,8,complete_1,complete_2,cyclic_2_1,complete_1,block_8_1,unroll_2,pipeline_1,unroll_2,unroll_8,unroll_2,pipeline_1,1,4,1,True
workload_2317.cpp,xczu7ev-ffvc1156-2-e,3.33,192.82906458,67,1,1,3,7,complete_1,complete_2,cyclic_2_1,complete_1,complete_1,unroll_2,unroll_2,pipeline_1,pipeline_1,unroll_2,pipeline_1,2,3,0.635314233637,False
workload_2315.cpp,xczu7ev-ffvc1156-2-e,3.33,8.00343855,132,1,1,13,16,complete_1,complete_2,cyclic_2_1,complete_1,complete_1,unroll_4,pipeline_1,unroll_2,pipeline_1,unroll_4,pipeline_1,1,7.75,1,True
workload_2357.cpp,xczu7ev-ffvc1156-2-e,3.33,205.70015394,173,1,1,12,28,complete_1,complete_2,cyclic_2_1,complete_1,complete_1,unroll_4,unroll_2,pipeline_1,unroll_8,unroll_2,pipeline_1,1,10.5,0.464300257382,False
workload_2118.cpp,xczu7ev-ffvc1156-2-e,3.33,8.00343855,136,1,1,13,16,complete_1,complete_2,cyclic_2_1,complete_1,cyclic_2_1,unroll_4,pipeline_1,pipeline_1,unroll_4,unroll_2,pipeline_1,1,7.75,1,True
workload_2088.cpp,xczu7ev-ffvc1156-2-e,3.33,8.00333532,229,1,1,26,32,complete_1,complete_2,cyclic_2_1,complete_1,cyclic_2_1,unroll_8,pipeline_1,pipeline_1,unroll_4,unroll_2,pipeline_1,1,15,1,True
workload_2276.cpp,xczu7ev-ffvc1156-2-e,3.33,8.00343855,127,1,1,13,16,complete_1,complete_2,cyclic_2_1,complete_1,cyclic_4_1,unroll_4,pipeline_1,unroll_2,pipeline_1,unroll_2,pipeline_1,2,7.75,1,True
workload_2053.cpp,xczu7ev-ffvc1156-2-e,3.33,7.74516708,355,1,1,51,63,complete_1,complete_2,cyclic_2_1,cyclic_2_1,block_8_1,unroll_16,pipeline_1,pipeline_1,pipeline_1,unroll_8,pipeline_1,1,29,1,True
workload_2012.cpp,xczu7ev-ffvc1156-2-e,3.33,7.83148068,363,1,1,42,53,complete_1,complete_2,cyclic_2_1,cyclic_2_1,block_8_1,unroll_16,pipeline_1,pipeline_1,unroll_16,unroll_8,pipeline_1,1,24.25,1,True
workload_1841.cpp,xczu7ev-ffvc1156-2-e,3.33,7.74516708,412,1,1,51,63,complete_1,complete_2,cyclic_2_1,cyclic_2_1,block_8_1,unroll_16,pipeline_1,pipeline_1,unroll_8,unroll_8,pipeline_1,1,29,1,True
workload_1937.cpp,xczu7ev-ffvc1156-2-e,3.33,7.74516708,382,1,1,51,63,complete_1,complete_2,cyclic_2_1,cyclic_2_1,complete_1,unroll_16,pipeline_1,pipeline_1,pipeline_1,unroll_8,pipeline_1,1,29,1,True
workload_2092.cpp,xczu7ev-ffvc1156-2-e,3.33,7.83148068,347,1,1,42,53,complete_1,complete_2,cyclic_2_1,cyclic_2_1,cyclic_4_1,unroll_16,pipeline_1,pipeline_1,unroll_16,unroll_8,pipeline_1,1,24.25,1,True
workload_2526.cpp,xczu7ev-ffvc1156-2-e,3.33,7.83148068,349,1,1,42,53,complete_1,complete_2,cyclic_2_1,cyclic_4_1,block_8_1,unroll_16,pipeline_1,pipeline_1,unroll_16,unroll_2,pipeline_1,1,24.25,1,True
workload_2524.cpp,xczu7ev-ffvc1156-2-e,3.33,7.74516708,396,1,1,51,63,complete_1,complete_2,cyclic_2_1,cyclic_4_1,block_8_1,unroll_16,pipeline_1,pipeline_1,unroll_8,unroll_2,pipeline_1,1,29,1,True
workload_2512.cpp,xczu7ev-ffvc1156-2-e,3.33,8.06776083,81,1,1,6,8,complete_1,complete_2,cyclic_2_1,cyclic_4_1,block_8_1,unroll_2,pipeline_1,pipeline_1,unroll_8,unroll_2,pipeline_1,1,4,1,True
workload_2280.cpp,xczu7ev-ffvc1156-2-e,3.33,192.82906458,66,1,1,3,7,complete_1,complete_2,cyclic_2_1,cyclic_4_1,complete_1,unroll_2,unroll_2,pipeline_1,pipeline_1,unroll_2,pipeline_1,1,3,0.635314233637,False
workload_2387.cpp,xczu7ev-ffvc1156-2-e,3.33,8.00343855,130,1,1,13,16,complete_1,complete_2,cyclic_2_1,cyclic_4_1,complete_1,unroll_4,pipeline_1,pipeline_1,pipeline_1,unroll_2,pipeline_1,1,7.75,1,True
workload_2230.cpp,xczu7ev-ffvc1156-2-e,3.33,211.14406458,97,1,1,4,10,complete_1,complete_2,cyclic_2_1,cyclic_4_1,cyclic_4_1,unroll_2,unroll_2,unroll_2,unroll_8,unroll_2,pipeline_1,1,4,0.575772643054,False
workload_2089.cpp,xczu7ev-ffvc1156-2-e,3.33,8.00333532,229,1,1,26,32,complete_1,complete_2,cyclic_2_1,cyclic_4_1,cyclic_4_1,unroll_8,pipeline_1,unroll_2,pipeline_1,unroll_2,pipeline_1,1,15,1,True
workload_2207.cpp,xczu7ev-ffvc1156-2-e,3.33,8.00333532,235,1,1,26,32,complete_1,complete_2,cyclic_2_1,cyclic_4_1,cyclic_4_1,unroll_8,pipeline_1,unroll_2,unroll_8,unroll_2,pipeline_1,1,15,1,True
workload_2502.cpp,xczu7ev-ffvc1156-2-e,3.33,8.00343855,131,1,1,13,16,complete_1,complete_2,cyclic_4_1,complete_1,complete_1,unroll_4,pipeline_1,pipeline_1,unroll_8,unroll_8,pipeline_1,1,7.75,1,True
workload_2484.cpp,xczu7ev-ffvc1156-2-e,3.33,8.00333532,230,1,1,26,32,complete_1,complete_2,cyclic_4_1,complete_1,complete_1,unroll_8,pipeline_1,pipeline_1,unroll_8,unroll_2,pipeline_1,1,15,1,True
workload_2521.cpp,xczu7ev-ffvc1156-2-e,3.33,8.00333532,229,1,1,26,32,complete_1,complete_2,cyclic_4_1,complete_1,complete_1,unroll_8,pipeline_1,pipeline_1,unroll_8,unroll_8,pipeline_1,1,15,1,True
workload_2137.cpp,xczu7ev-ffvc1156-2-e,3.33,195.43187583,75,1,1,3,7,complete_1,cyclic_2_2,block_8_1,complete_1,block_8_1,unroll_2,pipeline_1,pipeline_1,pipeline_1,pipeline_1,unroll_4,1,3,0.626432569028,False
workload_2097.cpp,xczu7ev-ffvc1156-2-e,3.33,8.15767083,76,1,1,6,7,complete_1,cyclic_2_2,block_8_1,complete_1,block_8_1,unroll_2,pipeline_1,pipeline_1,unroll_16,unroll_2,unroll_4,1,3.75,1,True
workload_1861.cpp,xczu7ev-ffvc1156-2-e,3.33,184.81750083,76.5,1,1,3,7.5,complete_1,cyclic_2_2,block_8_1,complete_1,block_8_1,unroll_2,pipeline_1,pipeline_1,unroll_8,pipeline_1,unroll_4,2,3.125,1,True
workload_2071.cpp,xczu7ev-ffvc1156-2-e,3.33,8.06776083,83,1,1,6,8,complete_1,cyclic_2_2,block_8_1,complete_1,block_8_1,unroll_2,pipeline_1,pipeline_1,unroll_8,unroll_2,unroll_4,1,4,1,True
workload_1931.cpp,xczu7ev-ffvc1156-2-e,3.33,167.2350642,372,1,1,23,58,complete_1,cyclic_2_2,block_8_1,cyclic_2_1,block_8_1,unroll_16,pipeline_1,pipeline_1,unroll_8,pipeline_1,pipeline_1,1,20.75,0.319938168515,False
workload_2122.cpp,xczu7ev-ffvc1156-2-e,3.33,174.20312583,77,1,1,3,8,complete_1,cyclic_2_2,block_8_1,cyclic_4_1,block_8_1,unroll_2,pipeline_1,pipeline_1,unroll_8,pipeline_1,unroll_4,1,3.25,1,True
workload_2063.cpp,xczu7ev-ffvc1156-2-e,3.33,8.06776083,80,1,1,6,8,complete_1,cyclic_2_2,complete_1,block_4_1,block_8_1,unroll_2,pipeline_1,pipeline_1,unroll_8,unroll_2,pipeline_1,1,4,1,True
workload_2109.cpp,xczu7ev-ffvc1156-2-e,3.33,8.06776083,85,1,1,6,8,complete_1,cyclic_8_2,block_2_1,complete_1,complete_1,unroll_2,pipeline_1,pipeline_1,pipeline_1,unroll_4,pipeline_1,1,4,1,True
workload_2349.cpp,xczu7ev-ffvc1156-2-e,3.33,8.00343855,130,1,1,13,16,complete_1,cyclic_8_2,block_2_1,complete_1,complete_1,unroll_4,pipeline_1,pipeline_1,pipeline_1,unroll_4,pipeline_1,1,7.75,1,True
workload_2146.cpp,xczu7ev-ffvc1156-2-e,3.33,8.06776083,81,1,1,6,8,complete_1,cyclic_8_2,block_2_1,cyclic_2_1,complete_1,unroll_2,pipeline_1,pipeline_1,unroll_4,unroll_2,unroll_4,1,4,1,True
workload_2032.cpp,xczu7ev-ffvc1156-2-e,3.33,268.58656458,94,1,1,3,6,complete_1,cyclic_8_2,block_2_1,cyclic_2_1,cyclic_4_1,unroll_2,unroll_2,pipeline_1,unroll_4,unroll_2,unroll_8,1,2.75,0.416290040225,False
workload_2111.cpp,xczu7ev-ffvc1156-2-e,3.33,8.06776083,88,1,1,6,8,complete_1,cyclic_8_2,block_2_1,cyclic_4_1,complete_1,unroll_2,pipeline_1,pipeline_1,unroll_4,unroll_2,unroll_4,1,4,1,True
workload_2380.cpp,xczu7ev-ffvc1156-2-e,3.33,8.06776083,81,1,1,6,8,complete_1,cyclic_8_2,block_2_1,cyclic_4_1,cyclic_4_1,unroll_2,pipeline_1,pipeline_1,unroll_4,unroll_2,unroll_8,1,4,1,True
workload_2138.cpp,xczu7ev-ffvc1156-2-e,3.33,248.60656458,75.5,1,1,3,7,complete_1,cyclic_8_2,block_2_1,cyclic_4_1,cyclic_4_1,unroll_2,unroll_2,pipeline_1,unroll_4,unroll_2,pipeline_1,2,3,0.471152522784,False
workload_2098.cpp,xczu7ev-ffvc1156-2-e,3.33,195.43187583,76,1,1,3,7,complete_1,cyclic_8_2,block_4_1,block_4_1,block_8_1,unroll_2,pipeline_1,pipeline_1,unroll_8,pipeline_1,pipeline_1,1,3,0.626432569028,False
workload_2223.cpp,xczu7ev-ffvc1156-2-e,3.33,195.43187583,79,1,1,3,7,complete_1,cyclic_8_2,block_4_1,block_4_1,cyclic_4_1,unroll_2,pipeline_1,pipeline_1,unroll_8,pipeline_1,pipeline_1,1,3,0.626432569028,False
workload_2210.cpp,xczu7ev-ffvc1156-2-e,3.33,187.6146642,369,1,1,23,56,complete_1,cyclic_8_2,block_4_1,block_8_1,block_8_1,unroll_16,pipeline_1,pipeline_1,unroll_8,pipeline_1,pipeline_1,1,20.25,0.287366952552,False
workload_2225.cpp,xczu7ev-ffvc1156-2-e,3.33,8.06776083,82,1,1,6,8,complete_1,cyclic_8_2,block_4_1,complete_1,block_8_1,unroll_2,pipeline_1,pipeline_1,unroll_8,unroll_2,pipeline_1,1,4,1,True
workload_1787.cpp,xczu7ev-ffvc1156-2-e,3.33,8.09262927,127,1,1,11,14,complete_1,cyclic_8_2,block_4_1,cyclic_2_1,complete_1,unroll_4,pipeline_1,pipeline_1,unroll_16,unroll_2,unroll_8,1,6.75,0.904852767453,False
workload_2244.cpp,xczu7ev-ffvc1156-2-e,3.33,193.86843084,201,1,1,12,29,complete_1,cyclic_8_2,block_8_1,block_2_1,block_8_1,unroll_8,pipeline_1,pipeline_1,unroll_4,pipeline_1,unroll_8,1,10.75,0.477419516725,False
workload_2220.cpp,xczu7ev-ffvc1156-2-e,3.33,195.43187583,76,1,1,3,7,complete_1,cyclic_8_2,block_8_1,block_4_1,block_8_1,unroll_2,pipeline_1,pipeline_1,unroll_8,pipeline_1,pipeline_1,2,3,0.626432569028,False
workload_2293.cpp,xczu7ev-ffvc1156-2-e,3.33,167.2350642,355,1,1,23,58,complete_1,cyclic_8_2,block_8_1,block_4_1,complete_1,unroll_16,pipeline_1,pipeline_1,unroll_8,pipeline_1,pipeline_1,1,20.75,0.319938168515,False
workload_2143.cpp,xczu7ev-ffvc1156-2-e,3.33,174.20312583,78,1,1,3,8,complete_1,cyclic_8_2,block_8_1,block_4_1,complete_1,unroll_2,pipeline_1,pipeline_1,unroll_8,pipeline_1,pipeline_1,1,3.25,1,True
workload_2260.cpp,xczu7ev-ffvc1156-2-e,3.33,195.43187583,76,1,1,3,7,complete_1,cyclic_8_2,block_8_1,block_4_1,complete_1,unroll_2,pipeline_1,pipeline_1,unroll_8,pipeline_1,unroll_4,1,3,0.626432569028,False
workload_2199.cpp,xczu7ev-ffvc1156-2-e,3.33,8.06776083,79,1,1,6,8,complete_1,cyclic_8_2,block_8_1,block_8_1,complete_1,unroll_2,pipeline_1,pipeline_1,unroll_8,unroll_8,pipeline_1,1,4,1,True
workload_1958.cpp,xczu7ev-ffvc1156-2-e,3.33,8.00343855,130,1,1,13,16,complete_1,cyclic_8_2,block_8_1,block_8_1,complete_1,unroll_4,pipeline_1,pipeline_1,pipeline_1,unroll_8,pipeline_1,1,7.75,1,True
workload_2079.cpp,xczu7ev-ffvc1156-2-e,3.33,195.43187583,72,1,1,3,7,complete_1,cyclic_8_2,block_8_1,complete_1,block_8_1,unroll_2,pipeline_1,pipeline_1,unroll_8,pipeline_1,pipeline_1,1,3,0.626432569028,False
workload_1979.cpp,xczu7ev-ffvc1156-2-e,3.33,174.20312583,77,1,1,3,8,complete_1,cyclic_8_2,block_8_1,complete_1,block_8_1,unroll_2,pipeline_1,pipeline_1,unroll_8,pipeline_1,unroll_4,1,3.25,1,True
workload_2044.cpp,xczu7ev-ffvc1156-2-e,3.33,8.06776083,77,1,1,6,8,complete_1,cyclic_8_2,block_8_1,complete_1,block_8_1,unroll_2,pipeline_1,pipeline_1,unroll_8,unroll_2,pipeline_1,1,4,1,True
workload_2189.cpp,xczu7ev-ffvc1156-2-e,3.33,8.00343855,122,1,1,13,16,complete_1,cyclic_8_2,block_8_1,complete_1,block_8_1,unroll_4,pipeline_1,pipeline_1,unroll_8,unroll_4,pipeline_1,1,7.75,1,True
workload_2204.cpp,xczu7ev-ffvc1156-2-e,3.33,8.00343855,121,1,1,13,16,complete_1,cyclic_8_2,block_8_1,complete_1,block_8_1,unroll_4,pipeline_1,pipeline_1,unroll_8,unroll_8,pipeline_1,1,7.75,1,True
workload_2518.cpp,xczu7ev-ffvc1156-2-e,3.33,8.00333532,226,1,1,26,32,complete_1,cyclic_8_2,block_8_1,complete_1,complete_1,unroll_8,pipeline_1,pipeline_1,unroll_4,unroll_2,pipeline_1,1,15,1,True
workload_2269.cpp,xczu7ev-ffvc1156-2-e,3.33,8.06776083,82,1,1,6,8,complete_1,cyclic_8_2,block_8_1,cyclic_4_1,complete_1,unroll_2,pipeline_1,pipeline_1,unroll_8,unroll_4,pipeline_1,1,4,1,True
workload_2148.cpp,xczu7ev-ffvc1156-2-e,3.33,8.06776083,81,1,1,6,8,complete_1,cyclic_8_2,block_8_1,cyclic_4_1,cyclic_4_1,unroll_2,pipeline_1,pipeline_1,unroll_4,unroll_2,unroll_8,1,4,1,True
workload_2469.cpp,xczu7ev-ffvc1156-2-e,3.33,8.00343855,139,1,1,13,16,complete_1,cyclic_8_2,complete_1,complete_1,block_2_1,unroll_4,pipeline_1,pipeline_1,pipeline_1,unroll_4,pipeline_1,1,7.75,1,True
workload_2267.cpp,xczu7ev-ffvc1156-2-e,3.33,8.06776083,79,1,1,6,8,complete_1,cyclic_8_2,complete_1,complete_1,block_8_1,unroll_2,pipeline_1,pipeline_1,pipeline_1,unroll_2,unroll_4,1,4,1,True
workload_2336.cpp,xczu7ev-ffvc1156-2-e,3.33,8.06776083,78,1,1,6,8,complete_1,cyclic_8_2,complete_1,complete_1,block_8_1,unroll_2,pipeline_1,pipeline_1,pipeline_1,unroll_4,pipeline_1,1,4,1,True
workload_2396.cpp,xczu7ev-ffvc1156-2-e,3.33,8.06776083,77,1,1,6,8,complete_1,cyclic_8_2,complete_1,complete_1,block_8_1,unroll_2,pipeline_1,pipeline_1,pipeline_1,unroll_4,unroll_8,1,4,1,True
workload_2497.cpp,xczu7ev-ffvc1156-2-e,3.33,8.06776083,81,1,1,6,8,complete_1,cyclic_8_2,complete_1,complete_1,block_8_1,unroll_2,pipeline_1,pipeline_1,unroll_8,unroll_2,pipeline_1,1,4,1,True
workload_1844.cpp,xczu7ev-ffvc1156-2-e,3.33,242.01425682,470,1,1,17,49,complete_1,cyclic_8_2,complete_1,complete_1,cyclic_2_1,unroll_4,unroll_4,pipeline_1,unroll_8,unroll_2,pipeline_1,1,17,0.290393852541,False
workload_1962.cpp,xczu7ev-ffvc1156-2-e,3.33,8.06776083,81,1,1,6,8,complete_1,cyclic_8_2,complete_1,complete_1,cyclic_8_1,unroll_2,pipeline_1,pipeline_1,unroll_8,unroll_4,pipeline_1,1,4,1,True
workload_2436.cpp,xczu7ev-ffvc1156-2-e,3.33,8.06776083,73,1,1,6,8,complete_1,cyclic_8_2,complete_1,cyclic_4_1,block_8_1,unroll_2,pipeline_1,pipeline_1,unroll_8,unroll_2,pipeline_1,1,4,1,True
workload_2455.cpp,xczu7ev-ffvc1156-2-e,3.33,8.06776083,87,1,1,6,8,complete_1,cyclic_8_2,complete_1,cyclic_4_1,complete_1,unroll_2,pipeline_1,pipeline_1,unroll_8,unroll_2,pipeline_1,1,4,1,True
workload_2184.cpp,xczu7ev-ffvc1156-2-e,3.33,195.43187583,89,1,1,3,7,complete_1,cyclic_8_2,cyclic_2_1,block_2_1,block_2_1,unroll_2,pipeline_1,pipeline_1,unroll_8,pipeline_1,unroll_8,1,3,0.626432569028,False
workload_2161.cpp,xczu7ev-ffvc1156-2-e,3.33,174.20312583,73,1,1,3,8,complete_1,cyclic_8_2,cyclic_2_1,block_2_1,block_8_1,unroll_2,pipeline_1,pipeline_1,unroll_4,pipeline_1,pipeline_1,1,3.25,1,True
workload_2066.cpp,xczu7ev-ffvc1156-2-e,3.33,174.20312583,80,1,1,3,8,complete_1,cyclic_8_2,cyclic_2_1,block_2_1,block_8_1,unroll_2,pipeline_1,pipeline_1,unroll_4,pipeline_1,unroll_4,1,3.25,1,True
workload_2160.cpp,xczu7ev-ffvc1156-2-e,3.33,195.43187583,73,1,1,3,7,complete_1,cyclic_8_2,cyclic_2_1,block_2_1,block_8_1,unroll_2,pipeline_1,pipeline_1,unroll_4,pipeline_1,unroll_8,1,3,0.626432569028,False
workload_2139.cpp,xczu7ev-ffvc1156-2-e,3.33,195.43187583,75,1,1,3,7,complete_1,cyclic_8_2,cyclic_2_1,block_4_1,block_2_1,unroll_2,pipeline_1,pipeline_1,unroll_8,pipeline_1,pipeline_1,1,3,0.626432569028,False
workload_2178.cpp,xczu7ev-ffvc1156-2-e,3.33,195.43187583,80,1,1,3,7,complete_1,cyclic_8_2,cyclic_2_1,block_4_1,block_8_1,unroll_2,pipeline_1,pipeline_1,unroll_4,pipeline_1,pipeline_1,1,3,0.626432569028,False
workload_2221.cpp,xczu7ev-ffvc1156-2-e,3.33,195.43187583,79,1,1,3,7,complete_1,cyclic_8_2,cyclic_2_1,complete_1,block_2_1,unroll_2,pipeline_1,pipeline_1,unroll_8,pipeline_1,pipeline_1,1,3,0.626432569028,False
workload_2508.cpp,xczu7ev-ffvc1156-2-e,3.33,8.00343855,131,1,1,13,16,complete_1,cyclic_8_2,cyclic_2_1,complete_1,block_2_1,unroll_4,pipeline_1,pipeline_1,pipeline_1,unroll_2,pipeline_1,1,7.75,1,True
workload_2299.cpp,xczu7ev-ffvc1156-2-e,3.33,174.20312583,79,1,1,3,8,complete_1,cyclic_8_2,cyclic_2_1,complete_1,block_8_1,unroll_2,pipeline_1,pipeline_1,pipeline_1,pipeline_1,pipeline_1,1,3.25,1,True
workload_2177.cpp,xczu7ev-ffvc1156-2-e,3.33,174.20312583,77,1,1,3,8,complete_1,cyclic_8_2,cyclic_2_1,complete_1,block_8_1,unroll_2,pipeline_1,pipeline_1,pipeline_1,pipeline_1,unroll_4,1,3.25,1,True
workload_2157.cpp,xczu7ev-ffvc1156-2-e,3.33,8.00343855,129,1,1,13,16,complete_1,cyclic_8_2,cyclic_2_1,complete_1,block_8_1,unroll_4,pipeline_1,pipeline_1,pipeline_1,unroll_4,unroll_4,1,7.75,1,True
workload_2290.cpp,xczu7ev-ffvc1156-2-e,3.33,172.80951084,189,1,1,12,30,complete_1,cyclic_8_2,cyclic_2_1,complete_1,block_8_1,unroll_8,pipeline_1,pipeline_1,pipeline_1,pipeline_1,unroll_4,1,11,0.502569893081,False
workload_2310.cpp,xczu7ev-ffvc1156-2-e,3.33,8.00343855,125,1,1,13,16,complete_1,cyclic_8_2,cyclic_2_1,complete_1,cyclic_4_1,unroll_4,pipeline_1,pipeline_1,pipeline_1,unroll_2,pipeline_1,1,7.75,1,True
workload_1673.cpp,xczu7ev-ffvc1156-2-e,3.33,242.01425682,525,1,1,16,41,complete_1,cyclic_8_2,cyclic_2_1,cyclic_2_1,cyclic_2_1,unroll_4,unroll_4,pipeline_1,unroll_8,unroll_2,pipeline_1,1,14.75,0.328532765967,False
workload_1757.cpp,xczu7ev-ffvc1156-2-e,3.33,245.85558831,1901,1,1,33,80,complete_1,cyclic_8_2,cyclic_2_1,cyclic_2_1,cyclic_2_1,unroll_8,unroll_4,pipeline_1,unroll_8,unroll_2,pipeline_1,1,28.75,0.15949476335,False
workload_1972.cpp,xczu7ev-ffvc1156-2-e,3.33,7.74516708,387,1,1,51,63,complete_1,cyclic_8_2,cyclic_2_1,cyclic_2_1,cyclic_8_1,unroll_16,pipeline_1,pipeline_1,pipeline_1,unroll_8,pipeline_1,1,29,1,True
workload_2005.cpp,xczu7ev-ffvc1156-2-e,3.33,8.00343855,126,1,1,13,16,complete_1,cyclic_8_2,cyclic_2_1,cyclic_2_1,cyclic_8_1,unroll_4,pipeline_1,pipeline_1,pipeline_1,unroll_8,pipeline_1,1,7.75,1,True
workload_1989.cpp,xczu7ev-ffvc1156-2-e,3.33,8.06776083,81,1,1,6,8,complete_1,cyclic_8_2,cyclic_2_1,cyclic_4_1,complete_1,unroll_2,pipeline_1,pipeline_1,pipeline_1,unroll_2,pipeline_1,1,4,1,True
workload_2241.cpp,xczu7ev-ffvc1156-2-e,3.33,126.85343958,80,1,1,7,11,complete_1,cyclic_8_2,cyclic_2_1,cyclic_4_1,cyclic_4_1,unroll_2,unroll_2,pipeline_1,pipeline_1,pipeline_1,unroll_4,1,5,0.660753310749,False
workload_2227.cpp,xczu7ev-ffvc1156-2-e,3.33,8.06776083,85,1,1,6,8,complete_1,cyclic_8_2,cyclic_2_1,cyclic_4_1,cyclic_8_1,unroll_2,pipeline_1,pipeline_1,unroll_8,unroll_4,unroll_8,1,4,1,True
workload_2240.cpp,xczu7ev-ffvc1156-2-e,3.33,174.20312583,74,1,1,3,8,complete_1,cyclic_8_2,cyclic_4_1,block_4_1,complete_1,unroll_2,pipeline_1,pipeline_1,pipeline_1,pipeline_1,pipeline_1,1,3.25,1,True
workload_2300.cpp,xczu7ev-ffvc1156-2-e,3.33,174.20312583,79,1,1,3,8,complete_1,cyclic_8_2,cyclic_4_1,block_4_1,complete_1,unroll_2,pipeline_1,pipeline_1,pipeline_1,pipeline_1,unroll_4,1,3.25,1,True
workload_2004.cpp,xczu7ev-ffvc1156-2-e,3.33,8.00343855,123,1,1,13,16,complete_1,cyclic_8_2,cyclic_4_1,block_8_1,block_8_1,unroll_4,pipeline_1,pipeline_1,unroll_8,unroll_2,pipeline_1,1,7.75,1,True
workload_2275.cpp,xczu7ev-ffvc1156-2-e,3.33,8.00343855,126,1,1,13,16,complete_1,cyclic_8_2,cyclic_4_1,block_8_1,block_8_1,unroll_4,pipeline_1,pipeline_1,unroll_8,unroll_8,unroll_4,1,7.75,1,True
workload_2222.cpp,xczu7ev-ffvc1156-2-e,3.33,174.20312583,79,1,1,3,8,complete_1,cyclic_8_2,cyclic_4_1,complete_1,block_8_1,unroll_2,pipeline_1,pipeline_1,pipeline_1,pipeline_1,unroll_4,1,3.25,1,True
workload_2219.cpp,xczu7ev-ffvc1156-2-e,3.33,195.43187583,79,1,1,3,7,complete_1,cyclic_8_2,cyclic_4_1,complete_1,complete_1,unroll_2,pipeline_1,pipeline_1,unroll_8,pipeline_1,pipeline_1,1,3,0.626432569028,False
workload_2384.cpp,xczu7ev-ffvc1156-2-e,3.33,8.06776083,84,1,1,6,8,complete_1,cyclic_8_2,cyclic_4_1,complete_1,complete_1,unroll_2,pipeline_1,pipeline_1,unroll_8,unroll_2,pipeline_1,1,4,1,True
workload_2433.cpp,xczu7ev-ffvc1156-2-e,3.33,8.00343855,135,1,1,13,16,complete_1,cyclic_8_2,cyclic_4_1,complete_1,complete_1,unroll_4,pipeline_1,pipeline_1,unroll_8,unroll_2,pipeline_1,1,7.75,1,True
workload_1792.cpp,xczu7ev-ffvc1156-2-e,3.33,239.68613394,166,1,1,8,21,complete_1,cyclic_8_2,cyclic_4_1,cyclic_2_1,cyclic_8_1,unroll_4,unroll_2,pipeline_1,unroll_8,unroll_2,pipeline_1,1,7.75,0.451417772504,False
workload_1856.cpp,xczu7ev-ffvc1156-2-e,3.33,386.78076207,3481,1,1,36,77,complete_1,cyclic_8_2,cyclic_8_1,cyclic_4_1,block_2_1,unroll_8,unroll_4,unroll_2,unroll_8,unroll_4,pipeline_1,1,28.75,0.1,False
workload_2374.cpp,xczu7ev-ffvc1156-2-e,3.33,7.74516708,415,1,1,51,63,complete_2,block_2_2,block_2_1,complete_1,cyclic_4_1,unroll_16,pipeline_1,pipeline_1,unroll_8,unroll_2,pipeline_1,1,29,1,True
workload_2176.cpp,xczu7ev-ffvc1156-2-e,3.33,199.48906458,65,1,1,3,7,complete_2,block_2_2,block_2_1,cyclic_4_1,cyclic_4_1,unroll_2,unroll_2,pipeline_1,pipeline_1,unroll_2,pipeline_1,1,3,0.620019058757,False
workload_2046.cpp,xczu7ev-ffvc1156-2-e,3.33,8.00343855,117,1,1,13,16,complete_2,block_2_2,block_8_1,block_8_1,complete_1,unroll_4,pipeline_1,pipeline_1,pipeline_1,unroll_8,pipeline_1,1,7.75,1,True
workload_1752.cpp,xczu7ev-ffvc1156-2-e,3.33,7.83148068,371,1,1,42,53,complete_2,block_2_2,complete_1,complete_1,block_8_1,unroll_16,pipeline_1,pipeline_1,unroll_16,unroll_2,pipeline_1,2,24.25,1,True
workload_2016.cpp,xczu7ev-ffvc1156-2-e,3.33,306.57406239,1557,1,1,34,86,complete_2,block_2_2,complete_1,complete_1,block_8_1,unroll_16,unroll_2,pipeline_1,unroll_8,unroll_2,pipeline_1,1,30.5,0.111480014528,False
workload_2503.cpp,xczu7ev-ffvc1156-2-e,3.33,8.09262927,120,1,1,11,14,complete_2,block_2_2,complete_1,complete_1,block_8_1,unroll_4,pipeline_1,pipeline_1,unroll_16,unroll_8,pipeline_1,1,6.75,0.904852767453,False
workload_2291.cpp,xczu7ev-ffvc1156-2-e,3.33,7.83148068,346,1,1,42,53,complete_2,block_2_2,complete_1,complete_1,cyclic_2_1,unroll_16,pipeline_1,pipeline_1,unroll_16,unroll_2,pipeline_1,1,24.25,1,True
workload_2090.cpp,xczu7ev-ffvc1156-2-e,3.33,7.83148068,348,1,1,42,53,complete_2,block_2_2,complete_1,complete_1,cyclic_4_1,unroll_16,pipeline_1,pipeline_1,unroll_16,unroll_2,pipeline_1,1,24.25,1,True
workload_2343.cpp,xczu7ev-ffvc1156-2-e,3.33,8.06776083,84,1,1,6,8,complete_2,block_2_2,complete_1,complete_1,cyclic_4_1,unroll_2,pipeline_1,pipeline_1,pipeline_1,unroll_2,pipeline_1,1,4,1,True
workload_2020.cpp,xczu7ev-ffvc1156-2-e,3.33,8.06776083,79,1,1,6,8,complete_2,block_2_2,complete_1,cyclic_8_1,complete_1,unroll_2,pipeline_1,pipeline_1,pipeline_1,unroll_2,pipeline_1,1,4,1,True
workload_1797.cpp,xczu7ev-ffvc1156-2-e,3.33,7.83148068,397,1,1,42,53,complete_2,block_2_2,cyclic_2_1,block_8_1,complete_1,unroll_16,pipeline_1,pipeline_1,unroll_16,unroll_2,unroll_8,1,24.25,1,True
workload_2174.cpp,xczu7ev-ffvc1156-2-e,3.33,7.83148068,351,1,1,42,53,complete_2,block_2_2,cyclic_2_1,complete_1,block_8_1,unroll_16,pipeline_1,pipeline_1,unroll_16,unroll_2,pipeline_1,2,24.25,1,True
workload_2236.cpp,xczu7ev-ffvc1156-2-e,3.33,8.00343855,134,1,1,13,16,complete_2,block_2_2,cyclic_2_1,complete_1,block_8_1,unroll_4,pipeline_1,pipeline_1,pipeline_1,unroll_2,pipeline_1,1,7.75,1,True
workload_2292.cpp,xczu7ev-ffvc1156-2-e,3.33,7.83148068,346,1,1,42,53,complete_2,block_2_2,cyclic_2_1,complete_1,complete_1,unroll_16,pipeline_1,pipeline_1,unroll_16,unroll_2,pipeline_1,1,24.25,1,True
workload_2408.cpp,xczu7ev-ffvc1156-2-e,3.33,7.83148068,319,1,1,42,53,complete_2,block_2_2,cyclic_2_1,complete_1,cyclic_4_1,unroll_16,pipeline_1,pipeline_1,unroll_16,unroll_2,pipeline_1,1,24.25,1,True
workload_2213.cpp,xczu7ev-ffvc1156-2-e,3.33,7.74516708,368,1,1,51,63,complete_2,block_2_2,cyclic_2_1,complete_1,cyclic_4_1,unroll_16,pipeline_1,unroll_2,pipeline_1,unroll_2,pipeline_1,1,29,1,True
workload_2298.cpp,xczu7ev-ffvc1156-2-e,3.33,199.48906458,76,1,1,2,9,complete_2,block_2_2,cyclic_2_1,complete_1,cyclic_4_1,unroll_2,unroll_2,pipeline_1,pipeline_1,unroll_2,pipeline_1,1,3.25,0.615549103992,False
workload_2333.cpp,xczu7ev-ffvc1156-2-e,3.33,7.83148068,333,1,1,42,53,complete_2,block_2_2,cyclic_2_1,cyclic_4_1,block_8_1,unroll_16,pipeline_1,pipeline_1,unroll_16,unroll_2,pipeline_1,1,24.25,1,True
workload_2412.cpp,xczu7ev-ffvc1156-2-e,3.33,194.57950239,827,1,3,23,45,complete_2,block_2_2,cyclic_2_1,cyclic_4_1,block_8_1,unroll_16,unroll_2,pipeline_1,unroll_16,unroll_2,pipeline_1,1,18,0.322580433451,False
workload_2394.cpp,xczu7ev-ffvc1156-2-e,3.33,8.00343855,133,1,1,13,16,complete_2,block_2_2,cyclic_2_1,cyclic_4_1,complete_1,unroll_4,pipeline_1,pipeline_1,pipeline_1,unroll_4,pipeline_1,1,7.75,1,True
workload_2368.cpp,xczu7ev-ffvc1156-2-e,3.33,7.83148068,339,1,1,42,53,complete_2,block_2_2,cyclic_2_1,cyclic_4_1,cyclic_4_1,unroll_16,pipeline_1,pipeline_1,unroll_16,unroll_2,pipeline_1,1,24.25,1,True
workload_2527.cpp,xczu7ev-ffvc1156-2-e,3.33,204.27646239,493,1,1,20,47,complete_2,block_2_2,cyclic_2_1,cyclic_4_1,cyclic_4_1,unroll_16,unroll_2,pipeline_1,pipeline_1,unroll_2,pipeline_1,1,17.25,0.327586751196,False
workload_2159.cpp,xczu7ev-ffvc1156-2-e,3.33,199.48906458,65,1,1,2,7,complete_2,block_2_2,cyclic_2_1,cyclic_4_1,cyclic_4_1,unroll_2,unroll_2,pipeline_1,pipeline_1,unroll_2,pipeline_1,1,2.75,1,True
workload_2247.cpp,xczu7ev-ffvc1156-2-e,3.33,8.00333532,221,1,1,26,32,complete_2,block_2_2,cyclic_2_1,cyclic_4_1,cyclic_4_1,unroll_8,pipeline_1,pipeline_1,pipeline_1,unroll_2,pipeline_1,1,15,1,True
workload_1850.cpp,xczu7ev-ffvc1156-2-e,3.33,220.5764361,775,1,6,16,30,complete_2,block_2_2,cyclic_4_1,block_8_1,complete_1,unroll_4,unroll_4,pipeline_1,unroll_16,unroll_4,unroll_8,1,13.25,0.386459346576,False
workload_2451.cpp,xczu7ev-ffvc1156-2-e,3.33,7.74516708,406,1,1,51,63,complete_2,block_2_2,cyclic_4_1,block_8_1,cyclic_4_1,unroll_16,pipeline_1,pipeline_1,pipeline_1,unroll_8,pipeline_1,1,29,1,True
workload_2498.cpp,xczu7ev-ffvc1156-2-e,3.33,8.06776083,81,1,1,6,8,complete_2,block_2_2,cyclic_4_1,block_8_1,cyclic_4_1,unroll_2,pipeline_1,pipeline_1,pipeline_1,unroll_8,pipeline_1,1,4,1,True
workload_2471.cpp,xczu7ev-ffvc1156-2-e,3.33,8.00343855,142,1,1,13,16,complete_2,block_2_2,cyclic_4_1,block_8_1,cyclic_4_1,unroll_4,pipeline_1,pipeline_1,pipeline_1,unroll_8,pipeline_1,1,7.75,1,True
workload_2371.cpp,xczu7ev-ffvc1156-2-e,3.33,7.74516708,382,1,1,51,63,complete_2,block_2_2,cyclic_4_1,complete_1,block_8_1,unroll_16,pipeline_1,unroll_2,pipeline_1,unroll_2,pipeline_1,1,29,1,True
workload_2187.cpp,xczu7ev-ffvc1156-2-e,3.33,8.09262927,119,1,1,11,14,complete_2,block_2_2,cyclic_4_1,complete_1,block_8_1,unroll_4,pipeline_1,pipeline_1,unroll_16,unroll_2,pipeline_1,1,6.75,0.904852767453,False
workload_2409.cpp,xczu7ev-ffvc1156-2-e,3.33,7.74516708,415,1,1,51,63,complete_2,block_2_2,cyclic_4_1,complete_1,cyclic_4_1,unroll_16,pipeline_1,pipeline_1,pipeline_1,unroll_2,pipeline_1,1,29,1,True
workload_2254.cpp,xczu7ev-ffvc1156-2-e,3.33,7.74516708,388.5,1,1,51,63,complete_2,block_2_2,cyclic_4_1,complete_1,cyclic_4_1,unroll_16,pipeline_1,unroll_2,pipeline_1,unroll_2,pipeline_1,2,29,1,True
workload_2362.cpp,xczu7ev-ffvc1156-2-e,3.33,8.00343855,129,1,1,13,16,complete_2,block_4_2,block_2_1,complete_1,block_8_1,unroll_4,pipeline_1,pipeline_1,unroll_8,unroll_8,pipeline_1,1,7.75,1,True
workload_2320.cpp,xczu7ev-ffvc1156-2-e,3.33,8.00343855,128,1,1,13,16,complete_2,block_4_2,block_2_1,complete_1,complete_1,unroll_4,pipeline_1,pipeline_1,unroll_8,unroll_8,pipeline_1,1,7.75,1,True
workload_2356.cpp,xczu7ev-ffvc1156-2-e,3.33,231.71411394,165,1,1,12,28,complete_2,block_4_2,block_2_1,complete_1,complete_1,unroll_4,unroll_2,pipeline_1,unroll_8,unroll_8,pipeline_1,1,10.5,0.420319213232,False
workload_2426.cpp,xczu7ev-ffvc1156-2-e,3.33,8.00343855,125,1,1,13,16,complete_2,block_4_2,block_2_1,complete_1,cyclic_4_1,unroll_4,pipeline_1,pipeline_1,unroll_8,unroll_8,pipeline_1,1,7.75,1,True
workload_2154.cpp,xczu7ev-ffvc1156-2-e,3.33,8.00343855,126,1,1,13,16,complete_2,block_4_2,block_4_1,block_8_1,block_8_1,unroll_4,pipeline_1,pipeline_1,unroll_8,unroll_2,pipeline_1,1,7.75,1,True
workload_2119.cpp,xczu7ev-ffvc1156-2-e,3.33,8.00343855,136,1,1,13,16,complete_2,block_4_2,block_4_1,cyclic_2_1,cyclic_8_1,unroll_4,pipeline_1,pipeline_1,unroll_2,unroll_2,pipeline_1,1,7.75,1,True
workload_2075.cpp,xczu7ev-ffvc1156-2-e,3.33,8.00343855,128,1,1,13,16,complete_2,block_4_2,block_8_1,block_8_1,complete_1,unroll_4,pipeline_1,pipeline_1,pipeline_1,unroll_2,pipeline_1,1,7.75,1,True
workload_1925.cpp,xczu7ev-ffvc1156-2-e,3.33,8.00333532,220,1,1,26,32,complete_2,block_4_2,block_8_1,cyclic_4_1,complete_1,unroll_8,pipeline_1,pipeline_1,pipeline_1,unroll_2,pipeline_1,2,15,1,True
workload_2051.cpp,xczu7ev-ffvc1156-2-e,3.33,8.00333532,218,1,1,26,32,complete_2,block_4_2,block_8_1,cyclic_4_1,complete_1,unroll_8,pipeline_1,pipeline_1,pipeline_1,unroll_4,pipeline_1,1,15,1,True
workload_2369.cpp,xczu7ev-ffvc1156-2-e,3.33,7.74516708,382,1,1,51,63,complete_2,block_4_2,complete_1,block_2_1,complete_1,unroll_16,pipeline_1,unroll_2,unroll_8,unroll_4,pipeline_1,1,29,1,True
workload_2180.cpp,xczu7ev-ffvc1156-2-e,3.33,8.15767083,83,1,1,6,7,complete_2,block_4_2,complete_1,block_4_1,block_8_1,unroll_2,pipeline_1,pipeline_1,unroll_16,unroll_2,pipeline_1,1,3.75,1,True
workload_2074.cpp,xczu7ev-ffvc1156-2-e,3.33,8.00343855,125,1,1,13,16,complete_2,block_4_2,complete_1,block_8_1,block_2_1,unroll_4,pipeline_1,pipeline_1,unroll_8,unroll_2,pipeline_1,1,7.75,1,True
workload_2132.cpp,xczu7ev-ffvc1156-2-e,3.33,7.83148068,368,1,1,42,53,complete_2,block_4_2,complete_1,block_8_1,block_8_1,unroll_16,pipeline_1,pipeline_1,unroll_16,unroll_2,pipeline_1,1,24.25,1,True
workload_2421.cpp,xczu7ev-ffvc1156-2-e,3.33,8.06776083,82,1,1,6,8,complete_2,block_4_2,complete_1,complete_1,complete_1,unroll_2,pipeline_1,unroll_2,unroll_8,unroll_2,pipeline_1,1,4,1,True
workload_2513.cpp,xczu7ev-ffvc1156-2-e,3.33,8.00343855,123,1,1,13,16,complete_2,block_4_2,complete_1,complete_1,complete_1,unroll_4,pipeline_1,pipeline_1,pipeline_1,unroll_4,pipeline_1,1,7.75,1,True
workload_2389.cpp,xczu7ev-ffvc1156-2-e,3.33,8.00343855,130,1,1,13,16,complete_2,block_4_2,complete_1,complete_1,complete_1,unroll_4,pipeline_1,pipeline_1,pipeline_1,unroll_8,pipeline_1,1,7.75,1,True
workload_1987.cpp,xczu7ev-ffvc1156-2-e,3.33,8.06776083,80,1,1,6,8,complete_2,block_4_2,complete_1,complete_1,cyclic_4_1,unroll_2,pipeline_1,pipeline_1,unroll_4,unroll_2,pipeline_1,1,4,1,True
workload_1961.cpp,xczu7ev-ffvc1156-2-e,3.33,8.06776083,81.5,1,1,6,8,complete_2,block_4_2,complete_1,complete_1,cyclic_4_1,unroll_2,pipeline_1,pipeline_1,unroll_4,unroll_4,pipeline_1,2,4,1,True
workload_2232.cpp,xczu7ev-ffvc1156-2-e,3.33,8.00343855,134,1,1,13,16,complete_2,block_4_2,complete_1,complete_1,cyclic_4_1,unroll_4,pipeline_1,pipeline_1,unroll_4,unroll_4,pipeline_1,1,7.75,1,True
workload_2477.cpp,xczu7ev-ffvc1156-2-e,3.33,8.00343855,117,1,1,13,16,complete_2,block_4_2,complete_1,complete_1,cyclic_4_1,unroll_4,pipeline_1,pipeline_1,unroll_8,unroll_8,pipeline_1,1,7.75,1,True
workload_2304.cpp,xczu7ev-ffvc1156-2-e,3.33,8.06776083,82,1,1,6,8,complete_2,block_4_2,complete_1,cyclic_4_1,cyclic_4_1,unroll_2,pipeline_1,pipeline_1,pipeline_1,unroll_4,pipeline_1,1,4,1,True
workload_2348.cpp,xczu7ev-ffvc1156-2-e,3.33,8.00343855,130,1,1,13,16,complete_2,block_4_2,complete_1,cyclic_4_1,cyclic_4_1,unroll_4,pipeline_1,pipeline_1,pipeline_1,unroll_2,pipeline_1,1,7.75,1,True
workload_2322.cpp,xczu7ev-ffvc1156-2-e,3.33,8.00343855,128,1,1,13,16,complete_2,block_4_2,complete_1,cyclic_4_1,cyclic_4_1,unroll_4,pipeline_1,pipeline_1,unroll_4,unroll_4,pipeline_1,1,7.75,1,True
workload_1996.cpp,xczu7ev-ffvc1156-2-e,3.33,8.00343855,130,1,1,13,16,complete_2,block_4_2,cyclic_2_1,block_8_1,block_2_1,unroll_4,pipeline_1,pipeline_1,pipeline_1,unroll_2,pipeline_1,1,7.75,1,True
workload_1881.cpp,xczu7ev-ffvc1156-2-e,3.33,8.00343855,127,1,1,13,16,complete_2,block_4_2,cyclic_2_1,block_8_1,block_2_1,unroll_4,pipeline_1,pipeline_1,pipeline_1,unroll_4,pipeline_1,1,7.75,1,True
workload_1911.cpp,xczu7ev-ffvc1156-2-e,3.33,8.00343855,139,1,1,13,16,complete_2,block_4_2,cyclic_2_1,block_8_1,block_2_1,unroll_4,pipeline_1,pipeline_1,unroll_4,unroll_2,pipeline_1,1,7.75,1,True
workload_2036.cpp,xczu7ev-ffvc1156-2-e,3.33,8.00343855,128,1,1,13,16,complete_2,block_4_2,cyclic_2_1,block_8_1,block_2_1,unroll_4,pipeline_1,pipeline_1,unroll_8,unroll_2,pipeline_1,1,7.75,1,True
workload_1888.cpp,xczu7ev-ffvc1156-2-e,3.33,7.83148068,361,1,1,42,53,complete_2,block_4_2,cyclic_2_1,block_8_1,complete_1,unroll_16,pipeline_1,pipeline_1,unroll_16,unroll_2,unroll_8,1,24.25,1,True
workload_1955.cpp,xczu7ev-ffvc1156-2-e,3.33,8.00343855,130,1,1,13,16,complete_2,block_4_2,cyclic_2_1,block_8_1,cyclic_4_1,unroll_4,pipeline_1,pipeline_1,pipeline_1,unroll_2,pipeline_1,1,7.75,1,True
workload_1826.cpp,xczu7ev-ffvc1156-2-e,3.33,8.00343855,133.5,1,1,13,16,complete_2,block_4_2,cyclic_2_1,block_8_1,cyclic_4_1,unroll_4,pipeline_1,pipeline_1,pipeline_1,unroll_4,pipeline_1,2,7.75,1,True
workload_2003.cpp,xczu7ev-ffvc1156-2-e,3.33,8.00343855,123,1,1,13,16,complete_2,block_4_2,cyclic_2_1,block_8_1,cyclic_4_1,unroll_4,pipeline_1,pipeline_1,unroll_4,unroll_2,pipeline_1,1,7.75,1,True
workload_2010.cpp,xczu7ev-ffvc1156-2-e,3.33,8.00333532,228,1,1,26,32,complete_2,block_4_2,cyclic_2_1,block_8_1,cyclic_4_1,unroll_8,pipeline_1,pipeline_1,pipeline_1,unroll_4,pipeline_1,1,15,1,True
workload_2206.cpp,xczu7ev-ffvc1156-2-e,3.33,8.09252604,219,1,1,21,27,complete_2,block_4_2,cyclic_2_1,complete_1,block_8_1,unroll_8,pipeline_1,pipeline_1,unroll_16,unroll_2,pipeline_1,1,12.5,0.745945522061,False
workload_2488.cpp,xczu7ev-ffvc1156-2-e,3.33,7.74516708,411,1,1,51,63,complete_2,block_4_2,cyclic_2_1,complete_1,complete_1,unroll_16,pipeline_1,pipeline_1,pipeline_1,unroll_4,pipeline_1,1,29,1,True
workload_2390.cpp,xczu7ev-ffvc1156-2-e,3.33,8.00343855,130,1,1,13,16,complete_2,block_4_2,cyclic_2_1,complete_1,complete_1,unroll_4,pipeline_1,pipeline_1,pipeline_1,unroll_4,pipeline_1,1,7.75,1,True
workload_2431.cpp,xczu7ev-ffvc1156-2-e,3.33,8.00343855,131,1,1,13,16,complete_2,block_4_2,cyclic_2_1,complete_1,cyclic_4_1,unroll_4,pipeline_1,pipeline_1,pipeline_1,unroll_8,pipeline_1,1,7.75,1,True
workload_2504.cpp,xczu7ev-ffvc1156-2-e,3.33,8.00343855,131,1,1,13,16,complete_2,block_4_2,cyclic_2_1,cyclic_4_1,complete_1,unroll_4,pipeline_1,pipeline_1,pipeline_1,unroll_4,pipeline_1,1,7.75,1,True
workload_2084.cpp,xczu7ev-ffvc1156-2-e,3.33,8.00343855,119,1,1,13,16,complete_2,block_4_2,cyclic_2_1,cyclic_4_1,complete_1,unroll_4,pipeline_1,pipeline_1,unroll_8,unroll_2,pipeline_1,1,7.75,1,True
workload_1929.cpp,xczu7ev-ffvc1156-2-e,3.33,7.83148068,362,1,1,42,53,complete_2,block_4_2,cyclic_2_1,cyclic_8_1,complete_1,unroll_16,pipeline_1,pipeline_1,unroll_16,unroll_2,unroll_4,1,24.25,1,True
workload_2346.cpp,xczu7ev-ffvc1156-2-e,3.33,8.09262927,127,1,1,11,14,complete_2,block_4_2,cyclic_4_1,block_8_1,block_8_1,unroll_4,pipeline_1,pipeline_1,unroll_16,unroll_8,pipeline_1,1,6.75,0.904852767453,False
workload_1954.cpp,xczu7ev-ffvc1156-2-e,3.33,8.00343855,120.5,1,1,13,16,complete_2,block_4_2,cyclic_4_1,complete_1,complete_1,unroll_4,pipeline_1,pipeline_1,pipeline_1,unroll_4,pipeline_1,2,7.75,1,True
workload_1997.cpp,xczu7ev-ffvc1156-2-e,3.33,8.00343855,130,1,1,13,16,complete_2,block_4_2,cyclic_4_1,complete_1,cyclic_4_1,unroll_4,pipeline_1,pipeline_1,pipeline_1,unroll_4,pipeline_1,1,7.75,1,True
workload_2475.cpp,xczu7ev-ffvc1156-2-e,3.33,8.06776083,78,1,1,6,8,complete_2,block_4_2,cyclic_4_1,cyclic_4_1,complete_1,unroll_2,pipeline_1,pipeline_1,unroll_8,unroll_2,pipeline_1,1,4,1,True
workload_2509.cpp,xczu7ev-ffvc1156-2-e,3.33,219.46906458,72,1,1,3,8,complete_2,block_8_2,cyclic_2_1,cyclic_4_1,complete_1,unroll_2,unroll_2,pipeline_1,pipeline_1,unroll_2,pipeline_1,1,3.25,0.558043133188,False
workload_2331.cpp,xczu7ev-ffvc1156-2-e,3.33,7.74516708,383,1,1,51,63,complete_2,complete_2,block_2_1,complete_1,complete_1,unroll_16,pipeline_1,pipeline_1,unroll_8,unroll_2,pipeline_1,1,29,1,True
workload_2050.cpp,xczu7ev-ffvc1156-2-e,3.33,8.00333532,216,1,1,26,32,complete_2,complete_2,block_2_1,cyclic_4_1,complete_1,unroll_8,pipeline_1,pipeline_1,pipeline_1,unroll_4,unroll_4,1,15,1,True
workload_2028.cpp,xczu7ev-ffvc1156-2-e,3.33,8.06776083,85,1,1,6,8,complete_2,complete_2,block_4_1,cyclic_2_1,cyclic_8_1,unroll_2,pipeline_1,pipeline_1,unroll_2,unroll_4,unroll_8,1,4,1,True
workload_2487.cpp,xczu7ev-ffvc1156-2-e,3.33,7.83148068,380,1,1,42,53,complete_2,complete_2,block_8_1,cyclic_4_1,block_8_1,unroll_16,pipeline_1,pipeline_1,unroll_16,unroll_2,unroll_8,1,24.25,1,True
workload_2514.cpp,xczu7ev-ffvc1156-2-e,3.33,8.09252604,207,1,1,21,27,complete_2,complete_2,block_8_1,cyclic_4_1,block_8_1,unroll_8,pipeline_1,pipeline_1,unroll_16,unroll_2,pipeline_1,1,12.5,0.745945522061,False
workload_2522.cpp,xczu7ev-ffvc1156-2-e,3.33,7.83148068,357,1,1,42,53,complete_2,complete_2,complete_1,complete_1,block_8_1,unroll_16,pipeline_1,pipeline_1,unroll_16,unroll_2,pipeline_1,1,24.25,1,True
workload_2391.cpp,xczu7ev-ffvc1156-2-e,3.33,8.00343855,130,1,1,13,16,complete_2,complete_2,complete_1,complete_1,block_8_1,unroll_4,pipeline_1,pipeline_1,pipeline_1,unroll_2,pipeline_1,1,7.75,1,True
workload_2473.cpp,xczu7ev-ffvc1156-2-e,3.33,192.41281458,67,1,1,3,7,complete_2,complete_2,complete_1,cyclic_4_1,complete_1,unroll_2,unroll_2,pipeline_1,pipeline_1,unroll_2,pipeline_1,1,3,1,True
workload_2121.cpp,xczu7ev-ffvc1156-2-e,3.33,8.06776083,80,1,1,6,8,complete_2,complete_2,complete_1,cyclic_4_1,cyclic_4_1,unroll_2,pipeline_1,pipeline_1,unroll_4,unroll_2,pipeline_1,1,4,1,True
workload_2106.cpp,xczu7ev-ffvc1156-2-e,3.33,8.15767083,82,1,1,6,7,complete_2,complete_2,cyclic_2_1,complete_1,block_2_1,unroll_2,pipeline_1,pipeline_1,unroll_16,unroll_4,unroll_16,1,3.75,1,True
workload_2458.cpp,xczu7ev-ffvc1156-2-e,3.33,144.64812708,90,1,1,7,11,complete_2,complete_2,cyclic_2_1,complete_1,complete_1,unroll_2,unroll_2,pipeline_1,pipeline_1,pipeline_1,pipeline_1,1,5,0.657512187898,False
workload_2454.cpp,xczu7ev-ffvc1156-2-e,3.33,199.07281458,81,1,1,2,8,complete_2,complete_2,cyclic_2_1,complete_1,cyclic_4_1,unroll_2,unroll_2,pipeline_1,pipeline_1,unroll_2,pipeline_1,1,3,0.620668936288,False
workload_2448.cpp,xczu7ev-ffvc1156-2-e,3.33,7.83148068,375,1,1,42,53,complete_2,complete_2,cyclic_2_1,cyclic_4_1,block_8_1,unroll_16,pipeline_1,pipeline_1,unroll_16,unroll_2,pipeline_1,1,24.25,1,True
workload_2414.cpp,xczu7ev-ffvc1156-2-e,3.33,192.41281458,68,1,1,3,7,complete_2,complete_2,cyclic_2_1,cyclic_4_1,complete_1,unroll_2,unroll_2,pipeline_1,pipeline_1,unroll_2,pipeline_1,1,3,1,True
workload_2168.cpp,xczu7ev-ffvc1156-2-e,3.33,8.00333532,225,1,1,26,32,complete_2,complete_2,cyclic_2_1,cyclic_4_1,cyclic_4_1,unroll_8,pipeline_1,unroll_2,pipeline_1,unroll_2,pipeline_1,1,15,1,True
workload_1970.cpp,xczu7ev-ffvc1156-2-e,3.33,7.74516708,373,1,1,51,63,complete_2,complete_2,cyclic_4_1,block_8_1,block_8_1,unroll_16,pipeline_1,pipeline_1,unroll_8,unroll_8,pipeline_1,1,29,1,True
workload_1879.cpp,xczu7ev-ffvc1156-2-e,3.33,174.20312583,79,1,1,3,8,complete_2,cyclic_2_2,block_8_1,block_8_1,complete_1,unroll_2,pipeline_1,pipeline_1,unroll_4,pipeline_1,unroll_4,1,3.25,1,True
workload_1680.cpp,xczu7ev-ffvc1156-2-e,3.33,241.94906208,2402,1,1,17,43,complete_2,cyclic_4_2,block_2_1,block_4_1,cyclic_8_1,unroll_2,unroll_8,unroll_2,unroll_8,unroll_8,unroll_16,1,15.5,0.315784139628,False
workload_2140.cpp,xczu7ev-ffvc1156-2-e,3.33,8.06776083,78,1,1,6,8,complete_2,cyclic_8_2,block_2_1,complete_1,complete_1,unroll_2,pipeline_1,pipeline_1,pipeline_1,unroll_4,pipeline_1,1,4,1,True
workload_1871.cpp,xczu7ev-ffvc1156-2-e,3.33,8.00343855,131,1,1,13,16,complete_2,cyclic_8_2,block_4_1,cyclic_2_1,complete_1,unroll_4,pipeline_1,pipeline_1,unroll_2,unroll_2,unroll_8,1,7.75,1,True
workload_1983.cpp,xczu7ev-ffvc1156-2-e,3.33,8.06776083,80,1,1,6,8,complete_2,cyclic_8_2,block_4_1,cyclic_2_1,cyclic_8_1,unroll_2,pipeline_1,pipeline_1,unroll_2,unroll_2,pipeline_1,1,4,1,True
workload_1948.cpp,xczu7ev-ffvc1156-2-e,3.33,8.06776083,80,1,1,6,8,complete_2,cyclic_8_2,block_4_1,cyclic_2_1,cyclic_8_1,unroll_2,pipeline_1,pipeline_1,unroll_2,unroll_4,unroll_8,1,4,1,True
workload_2073.cpp,xczu7ev-ffvc1156-2-e,3.33,223.31937708,104,1,2,4,7,complete_2,cyclic_8_2,block_4_1,cyclic_2_1,cyclic_8_1,unroll_2,unroll_2,pipeline_1,unroll_16,unroll_4,unroll_8,1,3.5,0.544990836702,False
workload_2274.cpp,xczu7ev-ffvc1156-2-e,3.33,353.50156458,114,1,1,4,13,complete_2,cyclic_8_2,block_4_1,cyclic_4_1,block_8_1,unroll_2,unroll_2,pipeline_1,unroll_8,unroll_2,pipeline_1,1,4.75,0.230819105211,False
workload_2162.cpp,xczu7ev-ffvc1156-2-e,3.33,8.06776083,80,1,1,6,8,complete_2,cyclic_8_2,block_4_1,cyclic_4_1,cyclic_8_1,unroll_2,pipeline_1,pipeline_1,unroll_2,unroll_4,unroll_8,1,4,1,True
workload_1944.cpp,xczu7ev-ffvc1156-2-e,3.33,174.20312583,77,1,1,3,8,complete_2,cyclic_8_2,block_8_1,block_8_1,complete_1,unroll_2,pipeline_1,pipeline_1,unroll_4,pipeline_1,unroll_4,1,3.25,1,True
workload_2238.cpp,xczu7ev-ffvc1156-2-e,3.33,8.06776083,80,1,1,6,8,complete_2,cyclic_8_2,block_8_1,complete_1,block_8_1,unroll_2,pipeline_1,pipeline_1,unroll_8,unroll_2,pipeline_1,1,4,1,True
workload_2382.cpp,xczu7ev-ffvc1156-2-e,3.33,8.06776083,81,1,1,6,8,complete_2,cyclic_8_2,complete_1,complete_1,block_8_1,unroll_2,pipeline_1,pipeline_1,pipeline_1,unroll_2,unroll_4,1,4,1,True
workload_2243.cpp,xczu7ev-ffvc1156-2-e,3.33,8.00343855,119,1,1,13,16,complete_2,cyclic_8_2,complete_1,complete_1,complete_1,unroll_4,pipeline_1,pipeline_1,pipeline_1,unroll_4,unroll_4,1,7.75,1,True
workload_2279.cpp,xczu7ev-ffvc1156-2-e,3.33,8.00343855,132,1,1,13,16,complete_2,cyclic_8_2,complete_1,complete_1,complete_1,unroll_4,pipeline_1,pipeline_1,unroll_8,unroll_4,unroll_4,1,7.75,1,True
workload_2319.cpp,xczu7ev-ffvc1156-2-e,3.33,8.06776083,78,1,1,6,8,complete_2,cyclic_8_2,complete_1,complete_1,cyclic_2_1,unroll_2,pipeline_1,pipeline_1,pipeline_1,unroll_2,unroll_4,1,4,1,True
workload_2312.cpp,xczu7ev-ffvc1156-2-e,3.33,8.00343855,129,1,1,13,16,complete_2,cyclic_8_2,complete_1,complete_1,cyclic_4_1,unroll_4,pipeline_1,pipeline_1,pipeline_1,unroll_2,unroll_4,1,7.75,1,True
workload_1898.cpp,xczu7ev-ffvc1156-2-e,3.33,174.20312583,77,1,1,3,8,complete_2,cyclic_8_2,cyclic_2_1,block_4_1,complete_1,unroll_2,pipeline_1,pipeline_1,unroll_4,pipeline_1,pipeline_1,1,3.25,1,True
workload_2049.cpp,xczu7ev-ffvc1156-2-e,3.33,172.80951084,208,1,1,12,30,complete_2,cyclic_8_2,cyclic_2_1,block_4_1,complete_1,unroll_8,pipeline_1,pipeline_1,pipeline_1,pipeline_1,pipeline_1,1,11,0.502569893081,False
workload_2030.cpp,xczu7ev-ffvc1156-2-e,3.33,8.06776083,85,1,1,6,8,complete_2,cyclic_8_2,cyclic_2_1,block_4_1,cyclic_8_1,unroll_2,pipeline_1,pipeline_1,unroll_8,unroll_2,unroll_8,1,4,1,True
workload_2070.cpp,xczu7ev-ffvc1156-2-e,3.33,8.06776083,83,1,1,6,8,complete_2,cyclic_8_2,cyclic_2_1,block_4_1,cyclic_8_1,unroll_2,pipeline_1,pipeline_1,unroll_8,unroll_8,unroll_8,1,4,1,True
workload_2104.cpp,xczu7ev-ffvc1156-2-e,3.33,8.06776083,79,1,1,6,8,complete_2,cyclic_8_2,cyclic_2_1,block_8_1,block_2_1,unroll_2,pipeline_1,pipeline_1,unroll_8,unroll_4,unroll_8,1,4,1,True
workload_2376.cpp,xczu7ev-ffvc1156-2-e,3.33,199.48906458,72,1,1,2,8,complete_2,cyclic_8_2,cyclic_2_1,cyclic_4_1,block_8_1,unroll_2,unroll_2,pipeline_1,pipeline_1,unroll_2,pipeline_1,1,3,0.620019058757,False
workload_2285.cpp,xczu7ev-ffvc1156-2-e,3.33,8.00333532,216,1,1,26,32,complete_2,cyclic_8_2,cyclic_2_1,cyclic_4_1,cyclic_4_1,unroll_8,pipeline_1,pipeline_1,unroll_4,unroll_2,pipeline_1,1,15,1,True
workload_1963.cpp,xczu7ev-ffvc1156-2-e,3.33,8.00343855,121,1,1,13,16,complete_2,cyclic_8_2,cyclic_2_1,cyclic_4_1,cyclic_8_1,unroll_4,pipeline_1,pipeline_1,unroll_4,unroll_4,pipeline_1,1,7.75,1,True
workload_2272.cpp,xczu7ev-ffvc1156-2-e,3.33,174.20312583,77,1,1,3,8,complete_2,cyclic_8_2,cyclic_4_1,complete_1,block_8_1,unroll_2,pipeline_1,pipeline_1,pipeline_1,pipeline_1,unroll_4,1,3.25,1,True
workload_2395.cpp,xczu7ev-ffvc1156-2-e,3.33,256.88891394,144,1,1,9,26,cyclic_2_2,block_2_2,block_8_1,block_8_1,complete_1,unroll_4,unroll_2,pipeline_1,unroll_4,unroll_8,pipeline_1,1,9.25,0.393118794118,False
workload_2083.cpp,xczu7ev-ffvc1156-2-e,3.33,8.00343855,117,1,1,13,16,cyclic_2_2,block_2_2,cyclic_2_1,cyclic_4_1,block_8_1,unroll_4,pipeline_1,pipeline_1,unroll_8,unroll_8,unroll_8,1,7.75,1,True
workload_1981.cpp,xczu7ev-ffvc1156-2-e,3.33,8.06776083,77,1,1,6,8,cyclic_2_2,block_4_2,block_2_1,cyclic_4_1,complete_1,unroll_2,pipeline_1,pipeline_1,unroll_4,unroll_8,unroll_8,1,4,1,True
workload_1902.cpp,xczu7ev-ffvc1156-2-e,3.33,8.06776083,83,1,1,6,8,cyclic_2_2,block_4_2,block_2_1,cyclic_4_1,cyclic_4_1,unroll_2,pipeline_1,pipeline_1,pipeline_1,unroll_2,unroll_8,1,4,1,True
workload_2228.cpp,xczu7ev-ffvc1156-2-e,3.33,144.64812708,85,1,1,7,11,cyclic_2_2,block_4_2,block_2_1,cyclic_4_1,cyclic_4_1,unroll_2,unroll_2,pipeline_1,unroll_4,pipeline_1,unroll_8,1,5,0.657512187898,False
workload_1845.cpp,xczu7ev-ffvc1156-2-e,3.33,147.35982933,480,1,1,58,97,cyclic_2_2,block_4_2,block_8_1,block_8_1,cyclic_4_1,unroll_8,unroll_4,pipeline_1,pipeline_1,pipeline_1,unroll_8,1,39.25,0.163900047624,False
workload_1707.cpp,xczu7ev-ffvc1156-2-e,3.33,172.80951084,257,1,1,12,30,cyclic_2_2,block_4_2,block_8_1,cyclic_8_1,cyclic_4_1,unroll_8,pipeline_1,pipeline_1,pipeline_1,pipeline_1,unroll_4,1,11,0.502569893081,False
workload_2155.cpp,xczu7ev-ffvc1156-2-e,3.33,8.00343855,126,1,1,13,16,cyclic_2_2,block_4_2,complete_1,cyclic_4_1,block_8_1,unroll_4,pipeline_1,pipeline_1,unroll_8,unroll_8,pipeline_1,1,7.75,1,True
workload_2037.cpp,xczu7ev-ffvc1156-2-e,3.33,8.00343855,128,1,1,13,16,cyclic_2_2,block_4_2,cyclic_2_1,cyclic_4_1,block_8_1,unroll_4,pipeline_1,pipeline_1,unroll_8,unroll_8,pipeline_1,1,7.75,1,True
workload_2125.cpp,xczu7ev-ffvc1156-2-e,3.33,8.00343855,123,1,1,13,16,cyclic_2_2,block_4_2,cyclic_4_1,block_8_1,block_8_1,unroll_4,pipeline_1,pipeline_1,unroll_8,unroll_8,pipeline_1,1,7.75,1,True
workload_1832.cpp,xczu7ev-ffvc1156-2-e,3.33,172.80951084,216,1,1,12,30,cyclic_2_2,block_8_2,block_8_1,cyclic_8_1,cyclic_4_1,unroll_8,pipeline_1,pipeline_1,pipeline_1,pipeline_1,unroll_2,1,11,0.502569893081,False
workload_2345.cpp,xczu7ev-ffvc1156-2-e,3.33,225.71281458,120,1,1,17,15,cyclic_2_2,complete_2,cyclic_2_1,cyclic_4_1,complete_1,unroll_2,unroll_2,pipeline_1,pipeline_1,unroll_2,unroll_8,1,8.5,0.467687284616,False
workload_2163.cpp,xczu7ev-ffvc1156-2-e,3.33,353.29343958,156,1,1,27,24,cyclic_2_2,cyclic_2_2,block_2_1,complete_1,block_8_1,unroll_2,unroll_2,pipeline_1,unroll_8,unroll_2,unroll_4,1,13.25,0.190560298906,False
workload_1990.cpp,xczu7ev-ffvc1156-2-e,3.33,268.58656458,91,1,1,3,6,cyclic_2_2,cyclic_2_2,block_2_1,cyclic_4_1,cyclic_4_1,unroll_2,unroll_2,pipeline_1,unroll_4,unroll_2,unroll_8,1,2.75,0.416290040225,False
workload_1821.cpp,xczu7ev-ffvc1156-2-e,3.33,144.64812708,88,1,1,7,11,cyclic_2_2,cyclic_2_2,complete_1,block_8_1,block_2_1,unroll_2,unroll_2,pipeline_1,pipeline_1,pipeline_1,pipeline_1,1,5,0.657512187898,False
workload_1862.cpp,xczu7ev-ffvc1156-2-e,3.33,226.12906458,80,1,1,2,10,cyclic_2_2,cyclic_2_2,complete_1,block_8_1,block_2_1,unroll_2,unroll_2,pipeline_1,pipeline_1,unroll_2,pipeline_1,1,3.5,0.536468103469,False
workload_2107.cpp,xczu7ev-ffvc1156-2-e,3.33,174.20312583,82,1,1,3,8,cyclic_2_2,cyclic_8_2,block_2_1,block_8_1,complete_1,unroll_2,pipeline_1,pipeline_1,unroll_4,pipeline_1,unroll_8,1,3.25,1,True
workload_1848.cpp,xczu7ev-ffvc1156-2-e,3.33,250.31040903,616,1,1,17,54,cyclic_2_2,cyclic_8_2,block_2_1,block_8_1,cyclic_4_1,unroll_8,unroll_2,unroll_2,unroll_8,unroll_2,unroll_8,1,18.25,0.260888798746,False
workload_2501.cpp,xczu7ev-ffvc1156-2-e,3.33,268.58656458,97,1,1,3,8,cyclic_2_2,cyclic_8_2,block_2_1,complete_1,cyclic_4_1,unroll_2,unroll_2,pipeline_1,unroll_4,unroll_2,unroll_8,1,3.25,0.416231513923,False
workload_2086.cpp,xczu7ev-ffvc1156-2-e,3.33,409.27906458,126,1,1,23,17,cyclic_2_2,cyclic_8_2,block_2_1,cyclic_4_1,block_4_1,unroll_2,unroll_2,pipeline_1,unroll_4,unroll_2,unroll_8,1,10.5,0.142249123652,False
workload_2060.cpp,xczu7ev-ffvc1156-2-e,3.33,8.06776083,77,1,1,6,8,cyclic_2_2,cyclic_8_2,block_2_1,cyclic_4_1,complete_1,unroll_2,pipeline_1,pipeline_1,unroll_4,unroll_2,pipeline_1,1,4,1,True
workload_1941.cpp,xczu7ev-ffvc1156-2-e,3.33,8.06776083,77,1,1,6,8,cyclic_2_2,cyclic_8_2,block_2_1,cyclic_4_1,complete_1,unroll_2,pipeline_1,pipeline_1,unroll_4,unroll_2,unroll_8,1,4,1,True
workload_1758.cpp,xczu7ev-ffvc1156-2-e,3.33,250.31038239,2232,1,1,31,74,cyclic_2_2,cyclic_8_2,block_2_1,cyclic_4_1,cyclic_4_1,unroll_16,unroll_2,unroll_2,unroll_8,unroll_2,unroll_8,1,26.75,0.163907730353,False
workload_1793.cpp,xczu7ev-ffvc1156-2-e,3.33,268.58656458,94,1,1,3,6,cyclic_2_2,cyclic_8_2,block_2_1,cyclic_4_1,cyclic_4_1,unroll_2,unroll_2,pipeline_1,unroll_4,unroll_2,unroll_8,1,2.75,0.416290040225,False
workload_2309.cpp,xczu7ev-ffvc1156-2-e,3.33,244.44406458,109,1,1,4,9,cyclic_2_2,cyclic_8_2,block_2_1,cyclic_4_1,cyclic_4_1,unroll_2,unroll_2,pipeline_1,unroll_8,unroll_2,unroll_8,1,3.75,0.481524927889,False
workload_1710.cpp,xczu7ev-ffvc1156-2-e,3.33,250.31040903,679,1,1,16,38,cyclic_2_2,cyclic_8_2,block_2_1,cyclic_4_1,cyclic_4_1,unroll_8,unroll_2,unroll_2,unroll_8,unroll_2,unroll_8,1,14,0.329489577796,False
workload_1849.cpp,xczu7ev-ffvc1156-2-e,3.33,228.99840903,643,1,1,11,27,cyclic_2_2,cyclic_8_2,block_8_1,cyclic_4_1,cyclic_4_1,unroll_8,unroll_2,pipeline_1,pipeline_1,unroll_2,unroll_16,1,10,0.434221514667,False
workload_1670.cpp,xczu7ev-ffvc1156-2-e,3.33,183.33897084,211,1,1,12,29.5,cyclic_2_2,cyclic_8_2,block_8_1,cyclic_8_1,block_8_1,unroll_8,pipeline_1,pipeline_1,pipeline_1,pipeline_1,unroll_4,2,10.875,0.49065619191,False
workload_2306.cpp,xczu7ev-ffvc1156-2-e,3.33,8.15767083,82,1,1,6,7,cyclic_2_2,cyclic_8_2,complete_1,cyclic_4_1,block_8_1,unroll_2,pipeline_1,pipeline_1,unroll_16,unroll_4,pipeline_1,1,3.75,1,True
workload_2457.cpp,xczu7ev-ffvc1156-2-e,3.33,199.48906458,87,1,1,3,9,cyclic_2_2,cyclic_8_2,complete_1,cyclic_4_1,cyclic_4_1,unroll_2,unroll_2,pipeline_1,pipeline_1,unroll_2,pipeline_1,1,3.5,0.611032317334,False
workload_2024.cpp,xczu7ev-ffvc1156-2-e,3.33,8.06776083,82,1,1,6,8,cyclic_2_2,cyclic_8_2,cyclic_2_1,cyclic_4_1,complete_1,unroll_2,pipeline_1,pipeline_1,unroll_4,unroll_2,unroll_8,1,4,1,True
workload_2186.cpp,xczu7ev-ffvc1156-2-e,3.33,268.58656458,98,1,1,3,6,cyclic_2_2,cyclic_8_2,cyclic_2_1,cyclic_4_1,cyclic_4_1,unroll_2,unroll_2,pipeline_1,unroll_4,unroll_2,unroll_8,1,2.75,0.416290040225,False
workload_1867.cpp,xczu7ev-ffvc1156-2-e,3.33,227.93789394,115,1,1,5,15,cyclic_2_2,cyclic_8_2,cyclic_4_1,block_4_1,cyclic_8_1,unroll_4,unroll_2,pipeline_1,pipeline_1,unroll_4,pipeline_1,1,5.5,0.511644808406,False
workload_1824.cpp,xczu7ev-ffvc1156-2-e,3.33,227.93789394,116,1,1,5,15,cyclic_2_2,cyclic_8_2,cyclic_4_1,block_4_1,cyclic_8_1,unroll_4,unroll_2,unroll_2,pipeline_1,unroll_4,pipeline_1,1,5.5,0.511644808406,False
workload_1789.cpp,xczu7ev-ffvc1156-2-e,3.33,227.93789394,119,1,1,6,17,cyclic_2_2,cyclic_8_2,cyclic_4_1,block_8_1,cyclic_8_1,unroll_4,unroll_2,unroll_2,pipeline_1,unroll_4,pipeline_1,1,6.25,0.500866645631,False
workload_2339.cpp,xczu7ev-ffvc1156-2-e,3.33,8.06776083,81,1,1,6,8,cyclic_4_2,block_2_2,block_2_1,complete_1,complete_1,unroll_2,pipeline_1,pipeline_1,pipeline_1,unroll_4,pipeline_1,1,4,1,True
workload_2474.cpp,xczu7ev-ffvc1156-2-e,3.33,8.15767083,74,1,1,6,7,cyclic_4_2,block_2_2,block_2_1,complete_1,complete_1,unroll_2,pipeline_1,pipeline_1,unroll_16,unroll_2,pipeline_1,1,3.75,1,True
workload_2278.cpp,xczu7ev-ffvc1156-2-e,3.33,8.00343855,129,1,1,13,16,cyclic_4_2,block_2_2,block_2_1,complete_1,complete_1,unroll_4,pipeline_1,pipeline_1,pipeline_1,unroll_2,pipeline_1,1,7.75,1,True
workload_2316.cpp,xczu7ev-ffvc1156-2-e,3.33,8.00343855,132,1,1,13,16,cyclic_4_2,block_2_2,block_2_1,complete_1,complete_1,unroll_4,pipeline_1,pipeline_1,pipeline_1,unroll_2,unroll_4,1,7.75,1,True
workload_2031.cpp,xczu7ev-ffvc1156-2-e,3.33,8.15767083,80,1,1,6,7,cyclic_4_2,block_2_2,complete_1,block_2_1,complete_1,unroll_2,pipeline_1,pipeline_1,unroll_16,unroll_4,pipeline_1,1,3.75,1,True
workload_1991.cpp,xczu7ev-ffvc1156-2-e,3.33,8.09262927,121,1,1,11,14,cyclic_4_2,block_2_2,complete_1,block_2_1,complete_1,unroll_4,pipeline_1,pipeline_1,unroll_16,unroll_2,pipeline_1,1,6.75,0.904852767453,False
workload_1900.cpp,xczu7ev-ffvc1156-2-e,3.33,174.20312583,80,1,1,3,8,cyclic_4_2,block_2_2,complete_1,block_4_1,complete_1,unroll_2,pipeline_1,pipeline_1,unroll_16,pipeline_1,pipeline_1,1,3.25,1,True
workload_2459.cpp,xczu7ev-ffvc1156-2-e,3.33,8.15767083,90,1,1,6,7,cyclic_4_2,block_2_2,complete_1,complete_1,block_8_1,unroll_2,pipeline_1,pipeline_1,unroll_16,unroll_2,pipeline_1,1,3.75,1,True
workload_1783.cpp,xczu7ev-ffvc1156-2-e,3.33,174.20312583,83,1,1,3,8,cyclic_4_2,block_2_2,complete_1,complete_1,complete_1,unroll_2,pipeline_1,pipeline_1,unroll_16,pipeline_1,pipeline_1,1,3.25,1,True
workload_1960.cpp,xczu7ev-ffvc1156-2-e,3.33,8.15767083,75,1,1,6,7,cyclic_4_2,block_2_2,complete_1,complete_1,complete_1,unroll_2,pipeline_1,pipeline_1,unroll_16,unroll_2,pipeline_1,1,3.75,1,True
workload_2435.cpp,xczu7ev-ffvc1156-2-e,3.33,8.15767083,75,1,1,6,7,cyclic_4_2,block_2_2,complete_1,complete_1,complete_1,unroll_2,pipeline_1,pipeline_1,unroll_16,unroll_2,unroll_4,1,3.75,1,True
workload_2112.cpp,xczu7ev-ffvc1156-2-e,3.33,8.06776083,88,1,1,6,8,cyclic_4_2,block_2_2,complete_1,complete_1,complete_1,unroll_2,pipeline_1,pipeline_1,unroll_8,unroll_2,pipeline_1,1,4,1,True
workload_1952.cpp,xczu7ev-ffvc1156-2-e,3.33,172.80951084,124,1,1,6,16,cyclic_4_2,block_2_2,complete_1,complete_1,complete_1,unroll_4,pipeline_1,pipeline_1,unroll_16,pipeline_1,pipeline_1,1,6,0.615758282601,False
workload_2141.cpp,xczu7ev-ffvc1156-2-e,3.33,8.15767083,78,1,1,6,7,cyclic_4_2,block_2_2,complete_1,complete_1,cyclic_4_1,unroll_2,pipeline_1,unroll_2,unroll_16,unroll_2,pipeline_1,1,3.75,1,True
workload_2313.cpp,xczu7ev-ffvc1156-2-e,3.33,8.00343855,131,1,1,13,16,cyclic_4_2,block_2_2,complete_1,complete_1,cyclic_4_1,unroll_4,pipeline_1,unroll_2,unroll_4,unroll_2,unroll_16,1,7.75,1,True
workload_2181.cpp,xczu7ev-ffvc1156-2-e,3.33,8.15767083,81,1,1,6,7,cyclic_4_2,block_2_2,complete_1,cyclic_4_1,complete_1,unroll_2,pipeline_1,pipeline_1,unroll_16,unroll_2,pipeline_1,2,3.75,1,True
workload_2265.cpp,xczu7ev-ffvc1156-2-e,3.33,8.06776083,79,1,1,6,8,cyclic_4_2,block_2_2,complete_1,cyclic_4_1,cyclic_4_1,unroll_2,pipeline_1,unroll_2,pipeline_1,unroll_2,pipeline_1,1,4,1,True
workload_2340.cpp,xczu7ev-ffvc1156-2-e,3.33,182.52687708,81,1,6,5,9,cyclic_4_2,block_2_2,cyclic_2_1,cyclic_4_1,complete_1,unroll_2,unroll_2,pipeline_1,unroll_16,unroll_2,pipeline_1,1,5.25,0.612649218166,False
workload_1916.cpp,xczu7ev-ffvc1156-2-e,3.33,174.20312583,80,1,1,3,8,cyclic_4_2,block_2_2,cyclic_4_1,complete_1,complete_1,unroll_2,pipeline_1,pipeline_1,unroll_16,pipeline_1,pipeline_1,1,3.25,1,True
workload_2515.cpp,xczu7ev-ffvc1156-2-e,3.33,8.09252604,207,1,1,21,27,cyclic_4_2,block_4_2,complete_1,complete_1,block_8_1,unroll_8,pipeline_1,pipeline_1,unroll_16,unroll_2,pipeline_1,1,12.5,0.745945522061,False
workload_2249.cpp,xczu7ev-ffvc1156-2-e,3.33,8.00333532,218,1,1,26,32,cyclic_4_2,block_4_2,complete_1,complete_1,block_8_1,unroll_8,pipeline_1,unroll_2,unroll_8,unroll_4,pipeline_1,2,15,1,True
workload_2494.cpp,xczu7ev-ffvc1156-2-e,3.33,8.15767083,78,1,1,6,7,cyclic_4_2,block_4_2,complete_1,complete_1,complete_1,unroll_2,pipeline_1,pipeline_1,unroll_16,unroll_4,pipeline_1,1,3.75,1,True
workload_2361.cpp,xczu7ev-ffvc1156-2-e,3.33,8.00343855,127,1,1,13,16,cyclic_4_2,block_4_2,complete_1,cyclic_4_1,block_8_1,unroll_4,pipeline_1,unroll_2,unroll_8,unroll_4,pipeline_1,1,7.75,1,True
workload_2067.cpp,xczu7ev-ffvc1156-2-e,3.33,8.06776083,80,1,1,6,8,cyclic_4_2,complete_2,complete_1,complete_1,complete_1,unroll_2,pipeline_1,pipeline_1,pipeline_1,unroll_4,pipeline_1,1,4,1,True
workload_2197.cpp,xczu7ev-ffvc1156-2-e,3.33,8.00343855,139,1,1,13,16,cyclic_4_2,complete_2,cyclic_2_1,block_8_1,complete_1,unroll_4,pipeline_1,unroll_2,pipeline_1,unroll_2,pipeline_1,1,7.75,1,True
workload_2120.cpp,xczu7ev-ffvc1156-2-e,3.33,199.48906458,72,1,1,3,9,cyclic_4_2,complete_2,cyclic_2_1,complete_1,cyclic_4_1,unroll_2,unroll_2,unroll_2,pipeline_1,unroll_2,pipeline_1,1,3.5,0.611032317334,False
workload_2144.cpp,xczu7ev-ffvc1156-2-e,3.33,8.06776083,81,1,1,6,8,cyclic_4_2,complete_2,cyclic_2_1,cyclic_4_1,complete_1,unroll_2,pipeline_1,unroll_2,pipeline_1,unroll_2,pipeline_1,1,4,1,True
workload_2129.cpp,xczu7ev-ffvc1156-2-e,3.33,8.00333532,223,1,1,26,32,cyclic_4_2,complete_2,cyclic_2_1,cyclic_4_1,complete_1,unroll_8,pipeline_1,unroll_2,pipeline_1,unroll_2,pipeline_1,1,15,1,True
workload_1706.cpp,xczu7ev-ffvc1156-2-e,3.33,143.49344958,160.5,1,1,14,23,cyclic_4_2,cyclic_2_2,complete_1,block_8_1,block_2_1,unroll_2,unroll_4,pipeline_1,pipeline_1,pipeline_1,pipeline_1,2,9.75,0.563945872145,False
workload_1872.cpp,xczu7ev-ffvc1156-2-e,3.33,172.80951084,131,1,1,6,15,cyclic_4_2,cyclic_2_2,complete_1,block_8_1,block_2_1,unroll_4,pipeline_1,pipeline_1,pipeline_1,pipeline_1,pipeline_1,1,5.75,0.621044197216,False
workload_1854.cpp,xczu7ev-ffvc1156-2-e,3.33,241.94906208,2097,1,1,17,43,cyclic_4_2,cyclic_8_2,block_2_1,block_4_1,cyclic_8_1,unroll_2,unroll_8,unroll_2,unroll_8,unroll_8,unroll_16,1,15.5,0.315784139628,False
workload_2007.cpp,xczu7ev-ffvc1156-2-e,3.33,172.80951084,207,1,1,12,30,cyclic_4_2,cyclic_8_2,block_2_1,block_8_1,block_8_1,unroll_8,pipeline_1,pipeline_1,pipeline_1,pipeline_1,unroll_8,1,11,0.502569893081,False
workload_2145.cpp,xczu7ev-ffvc1156-2-e,3.33,8.06776083,81,1,1,6,8,cyclic_4_2,cyclic_8_2,block_2_1,complete_1,complete_1,unroll_2,pipeline_1,pipeline_1,pipeline_1,unroll_4,pipeline_1,1,4,1,True
workload_2270.cpp,xczu7ev-ffvc1156-2-e,3.33,8.06776083,82,1,1,6,8,cyclic_4_2,cyclic_8_2,block_2_1,cyclic_4_1,cyclic_4_1,unroll_2,pipeline_1,pipeline_1,unroll_4,unroll_2,pipeline_1,1,4,1,True
workload_2273.cpp,xczu7ev-ffvc1156-2-e,3.33,144.64812708,89,1,1,7,11,cyclic_4_2,cyclic_8_2,block_8_1,block_4_1,complete_1,unroll_2,unroll_2,pipeline_1,unroll_4,pipeline_1,unroll_8,1,5,0.657512187898,False
workload_1799.cpp,xczu7ev-ffvc1156-2-e,3.33,242.01425682,530,1,1,17,58,cyclic_4_2,cyclic_8_2,block_8_1,cyclic_8_1,cyclic_4_1,unroll_4,unroll_4,pipeline_1,unroll_8,unroll_4,pipeline_1,1,19.25,0.253922087793,False
workload_1876.cpp,xczu7ev-ffvc1156-2-e,3.33,201.48872958,142,1,1,5,19,cyclic_4_2,cyclic_8_2,complete_1,block_8_1,block_2_1,unroll_2,unroll_4,pipeline_1,pipeline_1,unroll_4,pipeline_1,1,6.5,0.553084304831,False
workload_2377.cpp,xczu7ev-ffvc1156-2-e,3.33,174.20312583,81,1,1,3,8,cyclic_4_2,cyclic_8_2,cyclic_2_1,block_4_1,block_8_1,unroll_2,pipeline_1,pipeline_1,unroll_8,pipeline_1,pipeline_1,1,3.25,1,True
workload_2183.cpp,xczu7ev-ffvc1156-2-e,3.33,174.20312583,86,1,1,3,8,cyclic_4_2,cyclic_8_2,cyclic_2_1,block_4_1,complete_1,unroll_2,pipeline_1,pipeline_1,unroll_4,pipeline_1,pipeline_1,1,3.25,1,True
workload_1842.cpp,xczu7ev-ffvc1156-2-e,3.33,147.35982933,454,1,1,58,97,cyclic_4_2,cyclic_8_2,cyclic_2_1,block_8_1,cyclic_8_1,unroll_8,unroll_4,pipeline_1,pipeline_1,pipeline_1,unroll_4,1,39.25,0.163900047624,False
workload_1794.cpp,xczu7ev-ffvc1156-2-e,3.33,172.80951084,221,1,1,12,30,cyclic_4_2,cyclic_8_2,cyclic_2_1,cyclic_2_1,block_8_1,unroll_8,pipeline_1,pipeline_1,pipeline_1,pipeline_1,unroll_4,1,11,0.502569893081,False
workload_1839.cpp,xczu7ev-ffvc1156-2-e,3.33,203.10408594,267,1,1,13,34,cyclic_4_2,cyclic_8_2,cyclic_4_1,block_8_1,cyclic_8_1,unroll_4,unroll_4,unroll_2,pipeline_1,unroll_4,pipeline_1,1,12.25,0.431638421231,False
workload_1711.cpp,xczu7ev-ffvc1156-2-e,3.33,407.8054197,955,1,1,18,41,cyclic_4_2,cyclic_8_2,cyclic_8_1,cyclic_2_1,block_2_1,unroll_4,unroll_4,unroll_2,unroll_8,unroll_4,pipeline_1,1,15.25,0.127301578969,False
workload_2283.cpp,xczu7ev-ffvc1156-2-e,3.33,8.06776083,76,1,1,6,8,cyclic_8_2,block_2_2,block_8_1,block_4_1,cyclic_4_1,unroll_2,pipeline_1,pipeline_1,unroll_4,unroll_2,pipeline_1,1,4,1,True
workload_2164.cpp,xczu7ev-ffvc1156-2-e,3.33,8.06776083,80,1,1,6,8,cyclic_8_2,block_2_2,complete_1,block_4_1,complete_1,unroll_2,pipeline_1,pipeline_1,unroll_8,unroll_4,pipeline_1,1,4,1,True
workload_1975.cpp,xczu7ev-ffvc1156-2-e,3.33,167.2350642,347,1,1,23,58,cyclic_8_2,block_2_2,complete_1,complete_1,block_4_1,unroll_16,pipeline_1,pipeline_1,unroll_16,pipeline_1,pipeline_1,1,20.75,0.319938168515,False
workload_1930.cpp,xczu7ev-ffvc1156-2-e,3.33,7.83148068,362,1,1,42,53,cyclic_8_2,block_2_2,complete_1,complete_1,block_8_1,unroll_16,pipeline_1,pipeline_1,unroll_16,unroll_2,pipeline_1,1,24.25,1,True
workload_2378.cpp,xczu7ev-ffvc1156-2-e,3.33,8.15767083,81,1,1,6,7,cyclic_8_2,block_2_2,complete_1,complete_1,complete_1,unroll_2,pipeline_1,pipeline_1,unroll_16,unroll_2,pipeline_1,1,3.75,1,True
workload_1982.cpp,xczu7ev-ffvc1156-2-e,3.33,174.20312583,77,1,1,3,8,cyclic_8_2,block_2_2,complete_1,complete_1,complete_1,unroll_2,pipeline_1,pipeline_1,unroll_4,pipeline_1,pipeline_1,1,3.25,1,True
workload_2035.cpp,xczu7ev-ffvc1156-2-e,3.33,172.80951084,125,1,1,6,15,cyclic_8_2,block_2_2,complete_1,complete_1,complete_1,unroll_4,pipeline_1,pipeline_1,unroll_4,pipeline_1,pipeline_1,1,5.75,0.621044197216,False
workload_1942.cpp,xczu7ev-ffvc1156-2-e,3.33,174.20312583,77,1,1,3,8,cyclic_8_2,block_2_2,cyclic_2_1,block_2_1,complete_1,unroll_2,pipeline_1,pipeline_1,unroll_4,pipeline_1,pipeline_1,1,3.25,1,True
workload_1927.cpp,xczu7ev-ffvc1156-2-e,3.33,8.00343855,129,1,1,13,16,cyclic_8_2,block_4_2,complete_1,block_4_1,cyclic_8_1,unroll_4,pipeline_1,pipeline_1,unroll_8,unroll_4,unroll_8,1,7.75,1,True
workload_1971.cpp,xczu7ev-ffvc1156-2-e,3.33,7.83148068,373,1,1,42,53,cyclic_8_2,block_4_2,complete_1,complete_1,block_8_1,unroll_16,pipeline_1,pipeline_1,unroll_16,unroll_2,pipeline_1,1,24.25,1,True
workload_1957.cpp,xczu7ev-ffvc1156-2-e,3.33,8.00343855,130,1,1,13,16,cyclic_8_2,block_4_2,complete_1,complete_1,block_8_1,unroll_4,pipeline_1,pipeline_1,unroll_8,unroll_2,pipeline_1,1,7.75,1,True
workload_1835.cpp,xczu7ev-ffvc1156-2-e,3.33,8.00343855,131,1,1,13,16,cyclic_8_2,block_4_2,complete_1,complete_1,complete_1,unroll_4,pipeline_1,pipeline_1,pipeline_1,unroll_4,pipeline_1,1,7.75,1,True
workload_1912.cpp,xczu7ev-ffvc1156-2-e,3.33,8.00343855,139,1,1,13,16,cyclic_8_2,block_4_2,complete_1,complete_1,complete_1,unroll_4,pipeline_1,pipeline_1,unroll_8,unroll_2,pipeline_1,1,7.75,1,True
workload_1999.cpp,xczu7ev-ffvc1156-2-e,3.33,8.00343855,133,1,1,13,16,cyclic_8_2,block_4_2,complete_1,complete_1,complete_1,unroll_4,pipeline_1,pipeline_1,unroll_8,unroll_4,unroll_8,1,7.75,1,True
workload_2294.cpp,xczu7ev-ffvc1156-2-e,3.33,7.74516708,400,1,1,51,63,cyclic_8_2,block_4_2,complete_1,complete_1,cyclic_4_1,unroll_16,pipeline_1,pipeline_1,unroll_8,unroll_4,pipeline_1,1,29,1,True
workload_2255.cpp,xczu7ev-ffvc1156-2-e,3.33,7.74516708,424,1,1,51,63,cyclic_8_2,block_4_2,complete_1,complete_1,cyclic_4_1,unroll_16,pipeline_1,unroll_2,pipeline_1,unroll_4,pipeline_1,1,29,1,True
workload_2214.cpp,xczu7ev-ffvc1156-2-e,3.33,7.74516708,366,1,1,51,63,cyclic_8_2,block_4_2,complete_1,complete_1,cyclic_4_1,unroll_16,pipeline_1,unroll_2,unroll_8,unroll_4,pipeline_1,1,29,1,True
workload_2008.cpp,xczu7ev-ffvc1156-2-e,3.33,8.00343855,132,1,1,13,16,cyclic_8_2,block_4_2,complete_1,complete_1,cyclic_4_1,unroll_4,pipeline_1,pipeline_1,unroll_8,unroll_2,pipeline_1,2,7.75,1,True
workload_2338.cpp,xczu7ev-ffvc1156-2-e,3.33,174.20312583,78,1,1,3,8,cyclic_8_2,block_4_2,cyclic_2_1,block_4_1,block_8_1,unroll_2,pipeline_1,pipeline_1,unroll_8,pipeline_1,pipeline_1,1,3.25,1,True
workload_2404.cpp,xczu7ev-ffvc1156-2-e,3.33,172.80951084,210,1,1,12,30,cyclic_8_2,block_4_2,cyclic_2_1,block_4_1,block_8_1,unroll_8,pipeline_1,pipeline_1,unroll_4,pipeline_1,pipeline_1,1,11,0.502569893081,False
workload_2493.cpp,xczu7ev-ffvc1156-2-e,3.33,174.20312583,78,1,1,3,8,cyclic_8_2,block_4_2,cyclic_2_1,block_4_1,complete_1,unroll_2,pipeline_1,pipeline_1,pipeline_1,pipeline_1,pipeline_1,1,3.25,1,True
workload_1869.cpp,xczu7ev-ffvc1156-2-e,3.33,172.80951084,131,1,1,6,15,cyclic_8_2,block_4_2,cyclic_2_1,cyclic_2_1,complete_1,unroll_4,pipeline_1,pipeline_1,pipeline_1,pipeline_1,pipeline_1,1,5.75,0.621044197216,False
workload_1825.cpp,xczu7ev-ffvc1156-2-e,3.33,8.00343855,132,1,1,13,16,cyclic_8_2,block_4_2,cyclic_2_1,cyclic_2_1,complete_1,unroll_4,pipeline_1,pipeline_1,pipeline_1,unroll_2,pipeline_1,1,7.75,1,True
workload_2062.cpp,xczu7ev-ffvc1156-2-e,3.33,192.82906458,77,1,1,4,8,cyclic_8_2,block_4_2,cyclic_2_1,cyclic_4_1,complete_1,unroll_2,unroll_2,pipeline_1,pipeline_1,unroll_2,pipeline_1,1,3.5,0.626886300318,False
workload_2151.cpp,xczu7ev-ffvc1156-2-e,3.33,8.00343855,126,1,1,13,16,cyclic_8_2,block_4_2,cyclic_4_1,block_8_1,block_8_1,unroll_4,pipeline_1,pipeline_1,unroll_8,unroll_8,pipeline_1,1,7.75,1,True
workload_2042.cpp,xczu7ev-ffvc1156-2-e,3.33,8.06776083,79,1,1,6,8,cyclic_8_2,block_4_2,cyclic_4_1,block_8_1,cyclic_4_1,unroll_2,pipeline_1,pipeline_1,unroll_4,unroll_4,pipeline_1,1,4,1,True
workload_2065.cpp,xczu7ev-ffvc1156-2-e,3.33,8.06776083,80,1,1,6,8,cyclic_8_2,block_4_2,cyclic_4_1,cyclic_4_1,complete_1,unroll_2,pipeline_1,unroll_2,pipeline_1,unroll_2,pipeline_1,1,4,1,True
workload_2087.cpp,xczu7ev-ffvc1156-2-e,3.33,8.00333532,206,1,1,26,32,cyclic_8_2,complete_2,block_2_1,cyclic_2_1,complete_1,unroll_8,pipeline_1,pipeline_1,pipeline_1,unroll_2,unroll_4,1,15,1,True
workload_2015.cpp,xczu7ev-ffvc1156-2-e,3.33,7.74516708,383,1,1,51,63,cyclic_8_2,complete_2,complete_1,block_2_1,complete_1,unroll_16,pipeline_1,pipeline_1,unroll_4,unroll_2,pipeline_1,1,29,1,True
workload_1974.cpp,xczu7ev-ffvc1156-2-e,3.33,7.74516708,410,1,1,51,63,cyclic_8_2,complete_2,complete_1,block_2_1,cyclic_4_1,unroll_16,pipeline_1,pipeline_1,unroll_4,unroll_2,pipeline_1,1,29,1,True
workload_1889.cpp,xczu7ev-ffvc1156-2-e,3.33,7.74516708,375,1,1,51,63,cyclic_8_2,complete_2,complete_1,complete_1,complete_1,unroll_16,pipeline_1,pipeline_1,unroll_4,unroll_2,pipeline_1,1,29,1,True
workload_1860.cpp,xczu7ev-ffvc1156-2-e,3.33,174.20312583,77,1,1,3,8,cyclic_8_2,complete_2,complete_1,complete_1,complete_1,unroll_2,pipeline_1,pipeline_1,unroll_4,pipeline_1,pipeline_1,1,3.25,1,True
workload_1943.cpp,xczu7ev-ffvc1156-2-e,3.33,174.20312583,77,1,1,3,8,cyclic_8_2,complete_2,complete_1,complete_1,complete_1,unroll_2,pipeline_1,pipeline_1,unroll_4,pipeline_1,unroll_16,1,3.25,1,True
workload_2172.cpp,xczu7ev-ffvc1156-2-e,3.33,7.83148068,365,1,1,42,53,cyclic_8_2,complete_2,complete_1,complete_1,cyclic_4_1,unroll_16,pipeline_1,unroll_2,unroll_16,unroll_2,pipeline_1,1,24.25,1,True
workload_2453.cpp,xczu7ev-ffvc1156-2-e,3.33,174.20312583,78,1,1,3,8,cyclic_8_2,complete_2,cyclic_2_1,block_4_1,complete_1,unroll_2,pipeline_1,pipeline_1,unroll_4,pipeline_1,pipeline_1,1,3.25,1,True
workload_2510.cpp,xczu7ev-ffvc1156-2-e,3.33,8.06776083,80,1,1,6,8,cyclic_8_2,complete_2,cyclic_2_1,block_4_1,complete_1,unroll_2,pipeline_1,pipeline_1,unroll_8,unroll_4,unroll_16,1,4,1,True
workload_1913.cpp,xczu7ev-ffvc1156-2-e,3.33,199.48906458,69,1,1,2,8,cyclic_8_2,complete_2,cyclic_2_1,block_4_1,cyclic_4_1,unroll_2,unroll_2,unroll_2,pipeline_1,unroll_8,pipeline_1,1,3,0.620019058757,False
workload_1986.cpp,xczu7ev-ffvc1156-2-e,3.33,8.06776083,80,1,1,6,8,cyclic_8_2,complete_2,cyclic_2_1,block_4_1,cyclic_8_1,unroll_2,pipeline_1,unroll_2,pipeline_1,unroll_2,unroll_8,1,4,1,True
workload_2023.cpp,xczu7ev-ffvc1156-2-e,3.33,192.82906458,79,1,1,3,9,cyclic_8_2,complete_2,cyclic_2_1,block_8_1,complete_1,unroll_2,unroll_2,unroll_2,pipeline_1,unroll_8,pipeline_1,1,3.5,0.626886300318,False
workload_2011.cpp,xczu7ev-ffvc1156-2-e,3.33,8.00333532,212,1,1,26,32,cyclic_8_2,complete_2,cyclic_2_1,block_8_1,cyclic_4_1,unroll_8,pipeline_1,unroll_2,pipeline_1,unroll_2,pipeline_1,1,15,1,True
workload_2000.cpp,xczu7ev-ffvc1156-2-e,3.33,192.82906458,73,1,1,3,8,cyclic_8_2,complete_2,cyclic_2_1,cyclic_4_1,complete_1,unroll_2,unroll_2,unroll_2,pipeline_1,unroll_2,pipeline_1,1,3.25,0.631442178353,False
workload_2217.cpp,xczu7ev-ffvc1156-2-e,3.33,192.82906458,76,1,1,3,8,cyclic_8_2,complete_2,cyclic_2_1,cyclic_4_1,complete_1,unroll_2,unroll_2,unroll_2,pipeline_1,unroll_4,pipeline_1,1,3.25,0.631442178353,False
workload_2169.cpp,xczu7ev-ffvc1156-2-e,3.33,197.45664903,229,1,1,13,28,cyclic_8_2,complete_2,cyclic_2_1,cyclic_4_1,complete_1,unroll_8,unroll_2,unroll_2,pipeline_1,unroll_2,pipeline_1,1,10.75,0.471999704448,False
workload_1949.cpp,xczu7ev-ffvc1156-2-e,3.33,8.06776083,80,1,1,6,8,cyclic_8_2,complete_2,cyclic_2_1,cyclic_4_1,cyclic_4_1,unroll_2,pipeline_1,unroll_2,pipeline_1,unroll_2,pipeline_1,1,4,1,True
workload_1859.cpp,xczu7ev-ffvc1156-2-e,3.33,199.48906458,70,1,1,2,8,cyclic_8_2,complete_2,cyclic_2_1,cyclic_4_1,cyclic_4_1,unroll_2,unroll_2,unroll_2,pipeline_1,unroll_2,pipeline_1,2,3,0.620019058757,False
workload_2193.cpp,xczu7ev-ffvc1156-2-e,3.33,201.08477394,129,1,1,5,16,cyclic_8_2,complete_2,cyclic_4_1,block_8_1,cyclic_4_1,unroll_4,unroll_2,unroll_2,pipeline_1,unroll_2,pipeline_1,1,5.75,0.568339789436,False
workload_2034.cpp,xczu7ev-ffvc1156-2-e,3.33,194.37149394,122,1,1,7,14,cyclic_8_2,complete_2,cyclic_4_1,cyclic_4_1,complete_1,unroll_4,unroll_2,pipeline_1,pipeline_1,unroll_4,pipeline_1,1,5.75,0.58096753798,False
workload_1901.cpp,xczu7ev-ffvc1156-2-e,3.33,174.20312583,80,1,1,3,8,cyclic_8_2,cyclic_2_2,block_8_1,complete_1,block_8_1,unroll_2,pipeline_1,pipeline_1,unroll_4,pipeline_1,unroll_4,1,3.25,1,True
workload_1785.cpp,xczu7ev-ffvc1156-2-e,3.33,174.20312583,75,1,1,3,8,cyclic_8_2,cyclic_2_2,block_8_1,complete_1,complete_1,unroll_2,pipeline_1,pipeline_1,unroll_4,pipeline_1,unroll_4,1,3.25,1,True
workload_1951.cpp,xczu7ev-ffvc1156-2-e,3.33,144.64812708,89,1,1,7,11,cyclic_8_2,cyclic_2_2,block_8_1,complete_1,complete_1,unroll_2,unroll_2,pipeline_1,unroll_4,pipeline_1,unroll_4,1,5,0.657512187898,False
workload_1947.cpp,xczu7ev-ffvc1156-2-e,3.33,8.06776083,80,1,1,6,8,cyclic_8_2,cyclic_2_2,cyclic_2_1,cyclic_4_1,complete_1,unroll_2,pipeline_1,pipeline_1,pipeline_1,unroll_2,pipeline_1,1,4,1,True
workload_1718.cpp,xczu7ev-ffvc1156-2-e,3.33,241.94906208,2357,1,1,17,43,cyclic_8_2,cyclic_4_2,block_2_1,block_4_1,cyclic_8_1,unroll_2,unroll_8,unroll_2,unroll_8,unroll_8,unroll_16,1,15.5,0.315784139628,False
workload_1843.cpp,xczu7ev-ffvc1156-2-e,3.33,243.86714208,470,1,1,18,46,cyclic_8_2,cyclic_4_2,block_2_1,block_8_1,cyclic_8_1,unroll_2,unroll_8,unroll_2,unroll_8,unroll_8,pipeline_1,1,16.5,0.296482087542,False
workload_1847.cpp,xczu7ev-ffvc1156-2-e,3.33,242.01425682,532,1,1,17,58,cyclic_8_2,cyclic_4_2,block_8_1,cyclic_8_1,cyclic_4_1,unroll_4,unroll_4,pipeline_1,unroll_8,unroll_4,pipeline_1,1,19.25,0.253922087793,False
workload_1924.cpp,xczu7ev-ffvc1156-2-e,3.33,8.00333532,229,1,1,26,32,cyclic_8_2,cyclic_4_2,complete_1,cyclic_8_1,block_8_1,unroll_8,pipeline_1,pipeline_1,pipeline_1,unroll_2,pipeline_1,1,15,1,True
workload_1967.cpp,xczu7ev-ffvc1156-2-e,3.33,8.00333532,228,1,1,26,32,cyclic_8_2,cyclic_4_2,complete_1,cyclic_8_1,complete_1,unroll_8,pipeline_1,pipeline_1,pipeline_1,unroll_2,pipeline_1,1,15,1,True
workload_1759.cpp,xczu7ev-ffvc1156-2-e,3.33,241.94906208,2484,1,1,17,43,cyclic_8_2,cyclic_4_2,cyclic_2_1,block_4_1,cyclic_8_1,unroll_2,unroll_8,unroll_2,unroll_8,unroll_8,unroll_16,1,15.5,0.315784139628,False
workload_2021.cpp,xczu7ev-ffvc1156-2-e,3.33,174.20312583,79,1,1,3,8,cyclic_8_2,cyclic_8_2,block_2_1,block_8_1,complete_1,unroll_2,pipeline_1,pipeline_1,unroll_4,pipeline_1,pipeline_1,1,3.25,1,True
workload_2100.cpp,xczu7ev-ffvc1156-2-e,3.33,235.28656458,76,1,1,3,7,cyclic_8_2,cyclic_8_2,block_2_1,cyclic_4_1,cyclic_4_1,unroll_2,unroll_2,pipeline_1,unroll_4,unroll_2,pipeline_1,1,3,0.510094751184,False
workload_2224.cpp,xczu7ev-ffvc1156-2-e,3.33,174.20312583,82,1,1,3,8,cyclic_8_2,cyclic_8_2,block_8_1,block_4_1,complete_1,unroll_2,pipeline_1,pipeline_1,unroll_4,pipeline_1,pipeline_1,1,3.25,1,True
workload_2068.cpp,xczu7ev-ffvc1156-2-e,3.33,174.20312583,80,1,1,3,8,cyclic_8_2,cyclic_8_2,block_8_1,block_4_1,complete_1,unroll_2,pipeline_1,pipeline_1,unroll_8,pipeline_1,pipeline_1,1,3.25,1,True
workload_1993.cpp,xczu7ev-ffvc1156-2-e,3.33,8.00343855,130,1,1,13,16,cyclic_8_2,cyclic_8_2,block_8_1,block_8_1,complete_1,unroll_4,pipeline_1,pipeline_1,pipeline_1,unroll_8,pipeline_1,1,7.75,1,True
workload_2105.cpp,xczu7ev-ffvc1156-2-e,3.33,174.20312583,82,1,1,3,8,cyclic_8_2,cyclic_8_2,block_8_1,complete_1,complete_1,unroll_2,pipeline_1,pipeline_1,unroll_8,pipeline_1,pipeline_1,1,3.25,1,True
workload_2038.cpp,xczu7ev-ffvc1156-2-e,3.33,8.00343855,131,1,1,13,16,cyclic_8_2,cyclic_8_2,block_8_1,cyclic_4_1,cyclic_4_1,unroll_4,pipeline_1,pipeline_1,pipeline_1,unroll_2,pipeline_1,1,7.75,1,True
workload_2329.cpp,xczu7ev-ffvc1156-2-e,3.33,172.80951084,190,1,1,12,30,cyclic_8_2,cyclic_8_2,complete_1,complete_1,block_8_1,unroll_8,pipeline_1,pipeline_1,unroll_4,pipeline_1,pipeline_1,1,11,0.502569893081,False
workload_1748.cpp,xczu7ev-ffvc1156-2-e,3.33,174.20312583,77,1,1,3,8,cyclic_8_2,cyclic_8_2,complete_1,complete_1,complete_1,unroll_2,pipeline_1,pipeline_1,unroll_4,pipeline_1,pipeline_1,1,3.25,1,True
workload_2363.cpp,xczu7ev-ffvc1156-2-e,3.33,172.80951084,216,1,1,12,30,cyclic_8_2,cyclic_8_2,complete_1,complete_1,complete_1,unroll_8,pipeline_1,pipeline_1,unroll_8,pipeline_1,pipeline_1,1,11,0.502569893081,False
workload_2511.cpp,xczu7ev-ffvc1156-2-e,3.33,8.06776083,81,1,1,6,8,cyclic_8_2,cyclic_8_2,complete_1,cyclic_4_1,complete_1,unroll_2,pipeline_1,pipeline_1,unroll_4,unroll_4,pipeline_1,1,4,1,True
workload_1921.cpp,xczu7ev-ffvc1156-2-e,3.33,172.80951084,212,1,1,12,30,cyclic_8_2,cyclic_8_2,complete_1,cyclic_4_1,complete_1,unroll_8,pipeline_1,pipeline_1,unroll_4,pipeline_1,pipeline_1,1,11,0.502569893081,False
workload_2353.cpp,xczu7ev-ffvc1156-2-e,3.33,174.20312583,78,1,1,3,8,cyclic_8_2,cyclic_8_2,cyclic_2_1,block_4_1,block_4_1,unroll_2,pipeline_1,pipeline_1,unroll_8,pipeline_1,pipeline_1,1,3.25,1,True
workload_2303.cpp,xczu7ev-ffvc1156-2-e,3.33,174.20312583,79,1,1,3,8,cyclic_8_2,cyclic_8_2,cyclic_2_1,block_4_1,block_8_1,unroll_2,pipeline_1,pipeline_1,unroll_8,pipeline_1,pipeline_1,1,3.25,1,True
workload_1819.cpp,xczu7ev-ffvc1156-2-e,3.33,174.20312583,80,1,1,3,8,cyclic_8_2,cyclic_8_2,cyclic_2_1,block_4_1,complete_1,unroll_2,pipeline_1,pipeline_1,pipeline_1,pipeline_1,pipeline_1,1,3.25,1,True
workload_1865.cpp,xczu7ev-ffvc1156-2-e,3.33,8.06776083,86,1,1,6,8,cyclic_8_2,cyclic_8_2,cyclic_2_1,block_4_1,complete_1,unroll_2,pipeline_1,pipeline_1,pipeline_1,unroll_8,pipeline_1,1,4,1,True
workload_1669.cpp,xczu7ev-ffvc1156-2-e,3.33,174.20312583,85,1,1,3,8,cyclic_8_2,cyclic_8_2,cyclic_2_1,block_4_1,complete_1,unroll_2,pipeline_1,pipeline_1,unroll_4,pipeline_1,pipeline_1,2,3.25,1,True
workload_1945.cpp,xczu7ev-ffvc1156-2-e,3.33,8.06776083,80,1,1,6,8,cyclic_8_2,cyclic_8_2,cyclic_2_1,block_4_1,complete_1,unroll_2,pipeline_1,pipeline_1,unroll_4,unroll_8,pipeline_1,1,4,1,True
workload_2061.cpp,xczu7ev-ffvc1156-2-e,3.33,174.20312583,77,1,1,3,8,cyclic_8_2,cyclic_8_2,cyclic_2_1,block_4_1,complete_1,unroll_2,pipeline_1,pipeline_1,unroll_8,pipeline_1,unroll_8,1,3.25,1,True
workload_2115.cpp,xczu7ev-ffvc1156-2-e,3.33,172.80951084,128,1,1,6,15,cyclic_8_2,cyclic_8_2,cyclic_2_1,block_4_1,cyclic_8_1,unroll_4,pipeline_1,pipeline_1,unroll_4,pipeline_1,pipeline_1,1,5.75,0.621044197216,False
workload_2080.cpp,xczu7ev-ffvc1156-2-e,3.33,8.06776083,79,1,1,6,8,cyclic_8_2,cyclic_8_2,cyclic_2_1,block_8_1,block_2_1,unroll_2,pipeline_1,pipeline_1,pipeline_1,unroll_2,pipeline_1,1,4,1,True
workload_1980.cpp,xczu7ev-ffvc1156-2-e,3.33,174.20312583,77,1,1,3,8,cyclic_8_2,cyclic_8_2,cyclic_2_1,block_8_1,complete_1,unroll_2,pipeline_1,pipeline_1,unroll_4,pipeline_1,pipeline_1,1,3.25,1,True
workload_2052.cpp,xczu7ev-ffvc1156-2-e,3.33,7.83148068,352,1,1,42,53,cyclic_8_2,cyclic_8_2,cyclic_2_1,complete_1,block_8_1,unroll_16,pipeline_1,pipeline_1,unroll_16,unroll_2,pipeline_1,1,24.25,1,True
workload_2136.cpp,xczu7ev-ffvc1156-2-e,3.33,184.81750083,78.5,1,1,3,7.5,cyclic_8_2,cyclic_8_2,cyclic_2_1,complete_1,block_8_1,unroll_2,pipeline_1,pipeline_1,unroll_4,pipeline_1,pipeline_1,2,3.125,1,True
workload_2418.cpp,xczu7ev-ffvc1156-2-e,3.33,174.20312583,79,1,1,3,8,cyclic_8_2,cyclic_8_2,cyclic_2_1,complete_1,complete_1,unroll_2,pipeline_1,pipeline_1,unroll_4,pipeline_1,pipeline_1,1,3.25,1,True
workload_2297.cpp,xczu7ev-ffvc1156-2-e,3.33,174.20312583,76,1,1,3,8,cyclic_8_2,cyclic_8_2,cyclic_2_1,complete_1,cyclic_4_1,unroll_2,pipeline_1,pipeline_1,pipeline_1,pipeline_1,unroll_4,1,3.25,1,True
workload_1904.cpp,xczu7ev-ffvc1156-2-e,3.33,8.06776083,83,1,1,6,8,cyclic_8_2,cyclic_8_2,cyclic_2_1,cyclic_4_1,complete_1,unroll_2,pipeline_1,pipeline_1,pipeline_1,unroll_2,pipeline_1,1,4,1,True
workload_2463.cpp,xczu7ev-ffvc1156-2-e,3.33,8.06776083,97,1,1,6,8,cyclic_8_2,cyclic_8_2,cyclic_2_1,cyclic_4_1,complete_1,unroll_2,pipeline_1,pipeline_1,unroll_4,unroll_2,pipeline_1,1,4,1,True
workload_1820.cpp,xczu7ev-ffvc1156-2-e,3.33,8.06776083,83,1,1,6,8,cyclic_8_2,cyclic_8_2,cyclic_2_1,cyclic_4_1,cyclic_4_1,unroll_2,pipeline_1,unroll_2,unroll_8,unroll_2,unroll_16,1,4,1,True
workload_1866.cpp,xczu7ev-ffvc1156-2-e,3.33,8.06776083,89,1,1,6,8,cyclic_8_2,cyclic_8_2,cyclic_2_1,cyclic_4_1,cyclic_4_1,unroll_2,pipeline_1,unroll_2,unroll_8,unroll_4,unroll_16,1,4,1,True
workload_1791.cpp,xczu7ev-ffvc1156-2-e,3.33,235.28656458,154,1,1,4,9,cyclic_8_2,cyclic_8_2,cyclic_2_1,cyclic_4_1,cyclic_4_1,unroll_2,unroll_2,unroll_2,unroll_8,unroll_2,unroll_16,1,3.75,0.508001594912,False
workload_2019.cpp,xczu7ev-ffvc1156-2-e,3.33,199.48906458,70,1,1,3,9,cyclic_8_2,cyclic_8_2,cyclic_2_1,cyclic_4_1,cyclic_8_1,unroll_2,unroll_2,unroll_2,pipeline_1,unroll_2,pipeline_1,1,3.5,0.611032317334,False
workload_1956.cpp,xczu7ev-ffvc1156-2-e,3.33,8.00343855,130,1,1,13,16,cyclic_8_2,cyclic_8_2,cyclic_2_1,cyclic_4_1,cyclic_8_1,unroll_4,pipeline_1,pipeline_1,unroll_8,unroll_4,pipeline_1,1,7.75,1,True
workload_1969.cpp,xczu7ev-ffvc1156-2-e,3.33,167.2350642,364,1,1,23,58,cyclic_8_2,cyclic_8_2,cyclic_4_1,block_4_1,complete_1,unroll_16,pipeline_1,pipeline_1,unroll_8,pipeline_1,pipeline_1,1,20.75,0.319938168515,False
workload_2311.cpp,xczu7ev-ffvc1156-2-e,3.33,172.80951084,125,1,1,6,15,cyclic_8_2,cyclic_8_2,cyclic_4_1,block_4_1,complete_1,unroll_4,pipeline_1,pipeline_1,unroll_8,pipeline_1,pipeline_1,1,5.75,0.621044197216,False
workload_967.cpp,xczu7ev-ffvc1156-2-e,5,11.66688,87,1,1,4,6,block_2_2,block_2_2,cyclic_8_1,block_4_1,block_4_1,unroll_2,pipeline_1,pipeline_1,unroll_4,unroll_4,unroll_2,1,3,1,True
workload_981.cpp,xczu7ev-ffvc1156-2-e,5,11.66688,92,1,1,4,6,block_2_2,complete_1,complete_1,complete_1,block_4_1,unroll_2,pipeline_1,pipeline_1,unroll_2,unroll_2,unroll_4,1,3,1,True
workload_968.cpp,xczu7ev-ffvc1156-2-e,5,11.75992,155,1,1,6,11,block_2_2,complete_1,complete_1,complete_1,block_4_1,unroll_4,pipeline_1,pipeline_1,pipeline_1,unroll_2,unroll_4,1,4.75,0.885136421295,False
workload_1034.cpp,xczu7ev-ffvc1156-2-e,5,11.66688,88,1,1,4,6,block_2_2,complete_1,complete_1,cyclic_4_1,block_4_1,unroll_2,pipeline_1,pipeline_1,unroll_2,unroll_2,unroll_4,1,3,1,True
workload_1121.cpp,xczu7ev-ffvc1156-2-e,5,11.66688,90,1,1,4,6,block_2_2,complete_1,complete_1,cyclic_4_1,block_4_1,unroll_2,pipeline_1,pipeline_1,unroll_2,unroll_2,unroll_8,1,3,1,True
workload_834.cpp,xczu7ev-ffvc1156-2-e,5,11.66688,107,1,1,4,6,block_2_2,complete_1,complete_1,cyclic_4_1,block_4_1,unroll_2,pipeline_1,pipeline_1,unroll_4,unroll_2,unroll_4,1,3,1,True
workload_1111.cpp,xczu7ev-ffvc1156-2-e,5,11.66688,89,1,1,4,6,block_2_2,complete_1,complete_1,cyclic_4_1,complete_1,unroll_2,pipeline_1,pipeline_1,unroll_4,unroll_2,unroll_4,1,3,1,True
workload_1474.cpp,xczu7ev-ffvc1156-2-e,5,11.66688,86,1,1,4,6,block_2_2,complete_1,cyclic_2_1,block_4_1,block_2_1,unroll_2,pipeline_1,pipeline_1,pipeline_1,unroll_16,unroll_4,1,3,1,True
workload_1097.cpp,xczu7ev-ffvc1156-2-e,5,227.65813,72.5,1,1,2,7,block_2_2,complete_1,cyclic_4_1,block_4_1,block_2_1,unroll_2,unroll_2,pipeline_1,pipeline_1,unroll_2,unroll_4,2,2.75,0.608202867933,False
workload_1438.cpp,xczu7ev-ffvc1156-2-e,5,227.65813,76,1,1,2,7,block_2_2,complete_1,cyclic_4_1,block_4_1,block_2_1,unroll_2,unroll_2,pipeline_1,pipeline_1,unroll_4,unroll_4,1,2.75,0.608202867933,False
workload_1408.cpp,xczu7ev-ffvc1156-2-e,5,230.42063,112,1,1,4,14,block_2_2,complete_1,cyclic_4_1,block_4_1,block_2_1,unroll_2,unroll_4,pipeline_1,pipeline_1,unroll_16,unroll_4,1,5,0.561874167362,False
workload_1554.cpp,xczu7ev-ffvc1156-2-e,5,225.15813,72,1,1,2,8,block_2_2,complete_1,cyclic_4_1,block_4_1,block_4_1,unroll_2,unroll_2,pipeline_1,pipeline_1,unroll_4,unroll_4,1,3,0.612184398442,False
workload_1139.cpp,xczu7ev-ffvc1156-2-e,5,201.56438,93,1,6,5,13,block_2_2,complete_1,cyclic_4_1,complete_1,complete_1,unroll_2,unroll_2,pipeline_1,unroll_16,unroll_2,unroll_4,1,6.25,0.574387335255,False
workload_1172.cpp,xczu7ev-ffvc1156-2-e,5,11.66688,91,1,1,4,6,block_2_2,complete_1,cyclic_4_1,cyclic_2_1,cyclic_8_1,unroll_2,pipeline_1,unroll_2,unroll_8,unroll_8,unroll_8,1,3,1,True
workload_1150.cpp,xczu7ev-ffvc1156-2-e,5,11.66688,83,1,1,4,6,block_2_2,complete_1,cyclic_4_1,cyclic_4_1,block_2_1,unroll_2,pipeline_1,unroll_2,unroll_4,unroll_8,unroll_8,1,3,1,True
workload_1271.cpp,xczu7ev-ffvc1156-2-e,5,207.65813,82,1,1,3,8,block_2_2,complete_1,cyclic_4_1,cyclic_4_1,block_2_1,unroll_2,unroll_2,pipeline_1,pipeline_1,unroll_2,unroll_8,1,3.25,0.645376950695,False
workload_1237.cpp,xczu7ev-ffvc1156-2-e,5,11.66688,91,1,1,4,6,block_2_2,complete_1,cyclic_4_1,cyclic_4_1,cyclic_8_1,unroll_2,pipeline_1,pipeline_1,unroll_2,unroll_8,unroll_8,1,3,1,True
workload_1235.cpp,xczu7ev-ffvc1156-2-e,5,11.66688,94,1,1,4,6,block_2_2,complete_1,cyclic_8_1,block_4_1,block_2_1,unroll_2,pipeline_1,pipeline_1,pipeline_1,unroll_2,unroll_2,1,3,1,True
workload_940.cpp,xczu7ev-ffvc1156-2-e,5,11.66688,87,1,1,4,6,block_2_2,complete_1,cyclic_8_1,cyclic_4_1,block_4_1,unroll_2,pipeline_1,pipeline_1,pipeline_1,unroll_16,unroll_2,1,3,1,True
workload_897.cpp,xczu7ev-ffvc1156-2-e,5,11.66688,90.5,1,1,4,6,block_2_2,complete_1,cyclic_8_1,cyclic_4_1,block_4_1,unroll_2,pipeline_1,pipeline_1,unroll_4,unroll_2,unroll_4,2,3,1,True
workload_1596.cpp,xczu7ev-ffvc1156-2-e,5,11.66688,90,1,1,4,6,block_2_2,complete_2,cyclic_4_1,block_4_1,block_2_1,unroll_2,pipeline_1,pipeline_1,pipeline_1,unroll_2,unroll_4,1,3,1,True
workload_1334.cpp,xczu7ev-ffvc1156-2-e,5,11.66688,86,1,1,4,6,block_2_2,cyclic_2_2,complete_1,block_4_1,block_2_1,unroll_2,pipeline_1,unroll_2,pipeline_1,unroll_2,unroll_4,1,3,1,True
workload_1579.cpp,xczu7ev-ffvc1156-2-e,5,11.66688,86,1,1,4,6,block_2_2,cyclic_2_2,complete_1,complete_1,block_2_1,unroll_2,pipeline_1,pipeline_1,unroll_4,unroll_4,unroll_2,1,3,1,True
workload_1636.cpp,xczu7ev-ffvc1156-2-e,5,11.66688,86,1,1,4,6,block_2_2,cyclic_2_2,cyclic_4_1,cyclic_4_1,block_2_1,unroll_2,pipeline_1,pipeline_1,pipeline_1,unroll_2,unroll_2,1,3,1,True
workload_1038.cpp,xczu7ev-ffvc1156-2-e,5,11.66688,87,1,1,4,6,block_2_2,cyclic_4_2,complete_1,block_4_1,block_4_1,unroll_2,pipeline_1,pipeline_1,pipeline_1,unroll_2,unroll_2,1,3,1,True
workload_1010.cpp,xczu7ev-ffvc1156-2-e,5,11.66688,86,1,1,4,6,block_2_2,cyclic_4_2,complete_1,block_4_1,block_4_1,unroll_2,pipeline_1,pipeline_1,unroll_4,unroll_2,unroll_2,1,3,1,True
workload_1165.cpp,xczu7ev-ffvc1156-2-e,5,207.18938,81,1,1,2,5,block_2_2,cyclic_4_2,complete_1,block_4_1,complete_1,unroll_2,pipeline_1,pipeline_1,unroll_4,pipeline_1,unroll_2,1,2.25,1,True
workload_1205.cpp,xczu7ev-ffvc1156-2-e,5,11.66688,86,1,1,4,6,block_2_2,cyclic_4_2,cyclic_4_1,block_4_1,block_2_1,unroll_2,pipeline_1,unroll_2,pipeline_1,unroll_4,unroll_2,1,3,1,True
workload_1352.cpp,xczu7ev-ffvc1156-2-e,5,228.28313,73,1,1,2,8,block_2_2,cyclic_4_2,cyclic_4_1,block_4_1,block_2_1,unroll_2,unroll_2,pipeline_1,pipeline_1,unroll_2,unroll_4,1,3,0.603993313219,False
workload_1182.cpp,xczu7ev-ffvc1156-2-e,5,11.66688,90,1,1,4,6,block_4_2,block_2_2,cyclic_4_1,block_8_1,cyclic_8_1,unroll_2,pipeline_1,pipeline_1,unroll_8,unroll_8,unroll_16,1,3,1,True
workload_1208.cpp,xczu7ev-ffvc1156-2-e,5,11.66688,88,1,1,4,6,block_4_2,block_2_2,cyclic_4_1,cyclic_4_1,cyclic_8_1,unroll_2,pipeline_1,pipeline_1,unroll_4,unroll_8,unroll_16,1,3,1,True
workload_1273.cpp,xczu7ev-ffvc1156-2-e,5,11.66688,86,1,1,4,6,block_4_2,block_2_2,cyclic_8_1,cyclic_4_1,complete_1,unroll_2,pipeline_1,pipeline_1,pipeline_1,unroll_16,pipeline_1,1,3,1,True
workload_1316.cpp,xczu7ev-ffvc1156-2-e,5,11.66688,90,1,1,4,6,block_4_2,block_2_2,cyclic_8_1,cyclic_4_1,complete_1,unroll_2,pipeline_1,unroll_2,pipeline_1,unroll_4,pipeline_1,1,3,1,True
workload_740.cpp,xczu7ev-ffvc1156-2-e,5,11.946425,418,1,1,11,20,block_4_2,block_4_2,block_8_1,block_2_1,cyclic_2_1,unroll_8,pipeline_1,pipeline_1,unroll_2,unroll_2,unroll_8,1,8.25,0.702987115505,False
workload_835.cpp,xczu7ev-ffvc1156-2-e,5,11.946425,429,1,1,11,20,block_4_2,block_4_2,cyclic_8_1,complete_1,cyclic_2_1,unroll_8,pipeline_1,pipeline_1,unroll_4,unroll_2,pipeline_1,1,8.25,0.702987115505,False
workload_879.cpp,xczu7ev-ffvc1156-2-e,5,11.946425,312,1,1,11,20,block_4_2,block_4_2,cyclic_8_1,complete_1,cyclic_2_1,unroll_8,pipeline_1,pipeline_1,unroll_4,unroll_4,pipeline_1,1,8.25,0.702987115505,False
workload_966.cpp,xczu7ev-ffvc1156-2-e,5,11.66688,88,1,1,4,6,block_4_2,complete_1,block_2_1,block_4_1,block_2_1,unroll_2,pipeline_1,pipeline_1,unroll_4,unroll_8,unroll_8,1,3,1,True
workload_915.cpp,xczu7ev-ffvc1156-2-e,5,11.66688,89,1,1,4,6,block_4_2,complete_1,block_2_1,cyclic_2_1,block_2_1,unroll_2,pipeline_1,pipeline_1,unroll_2,unroll_8,unroll_8,1,3,1,True
workload_904.cpp,xczu7ev-ffvc1156-2-e,5,11.946425,314,1,1,11,20,block_4_2,complete_1,block_8_1,block_2_1,cyclic_2_1,unroll_8,pipeline_1,pipeline_1,unroll_2,unroll_2,unroll_8,1,8.25,0.702987115505,False
workload_755.cpp,xczu7ev-ffvc1156-2-e,5,11.946425,435,1,1,11,20,block_4_2,complete_1,block_8_1,block_2_1,cyclic_8_1,unroll_8,pipeline_1,pipeline_1,unroll_2,unroll_2,unroll_8,1,8.25,0.702987115505,False
workload_1401.cpp,xczu7ev-ffvc1156-2-e,5,207.18938,81,1,1,2,5,block_4_2,complete_1,complete_1,block_4_1,complete_1,unroll_2,pipeline_1,pipeline_1,pipeline_1,pipeline_1,unroll_2,1,2.25,1,True
workload_795.cpp,xczu7ev-ffvc1156-2-e,5,11.66688,104,1,1,4,6,block_4_2,complete_1,complete_1,cyclic_4_1,cyclic_8_1,unroll_2,pipeline_1,unroll_2,unroll_4,unroll_2,unroll_4,1,3,1,True
workload_878.cpp,xczu7ev-ffvc1156-2-e,5,11.946425,311,1,1,11,20,block_4_2,complete_1,cyclic_2_1,cyclic_4_1,cyclic_8_1,unroll_8,pipeline_1,pipeline_1,pipeline_1,unroll_4,unroll_4,1,8.25,0.702987115505,False
workload_1549.cpp,xczu7ev-ffvc1156-2-e,5,11.86063,84,1,1,3,5,block_4_2,complete_1,cyclic_4_1,block_2_1,block_2_1,unroll_2,pipeline_1,pipeline_1,unroll_16,unroll_8,unroll_8,1,2.5,1,True
workload_1243.cpp,xczu7ev-ffvc1156-2-e,5,11.66688,90,1,1,4,6,block_4_2,complete_1,cyclic_4_1,block_4_1,block_2_1,unroll_2,pipeline_1,pipeline_1,pipeline_1,unroll_8,unroll_8,1,3,1,True
workload_913.cpp,xczu7ev-ffvc1156-2-e,5,11.946425,289,1,1,11,20,block_4_2,complete_1,cyclic_4_1,block_4_1,cyclic_4_1,unroll_8,pipeline_1,pipeline_1,unroll_4,unroll_4,pipeline_1,1,8.25,0.702987115505,False
workload_760.cpp,xczu7ev-ffvc1156-2-e,5,12.144825,829,1,1,13,27,block_4_2,complete_1,cyclic_4_1,cyclic_2_1,block_2_1,unroll_16,pipeline_1,pipeline_1,unroll_16,unroll_8,unroll_8,1,10.5,0.598566553319,False
workload_1618.cpp,xczu7ev-ffvc1156-2-e,5,11.66688,80,1,1,4,6,block_4_2,complete_1,cyclic_4_1,cyclic_2_1,block_2_1,unroll_2,pipeline_1,pipeline_1,pipeline_1,unroll_8,unroll_8,1,3,1,True
workload_1223.cpp,xczu7ev-ffvc1156-2-e,5,11.86063,86,1,1,3,5,block_4_2,complete_1,cyclic_4_1,cyclic_2_1,block_2_1,unroll_2,pipeline_1,pipeline_1,unroll_16,unroll_16,unroll_8,1,2.5,1,True
workload_1147.cpp,xczu7ev-ffvc1156-2-e,5,11.86063,83,1,1,3,5,block_4_2,complete_1,cyclic_4_1,cyclic_2_1,block_2_1,unroll_2,pipeline_1,pipeline_1,unroll_16,unroll_8,unroll_16,1,2.5,1,True
workload_1512.cpp,xczu7ev-ffvc1156-2-e,5,11.86063,85,1,1,3,5,block_4_2,complete_1,cyclic_4_1,cyclic_2_1,block_2_1,unroll_2,pipeline_1,pipeline_1,unroll_16,unroll_8,unroll_4,1,2.5,1,True
workload_1323.cpp,xczu7ev-ffvc1156-2-e,5,11.86063,96,1,1,3,5,block_4_2,complete_1,cyclic_4_1,cyclic_2_1,block_2_1,unroll_2,pipeline_1,pipeline_1,unroll_16,unroll_8,unroll_8,2,2.5,1,True
workload_1642.cpp,xczu7ev-ffvc1156-2-e,5,11.66688,90,1,1,4,6,block_4_2,complete_1,cyclic_4_1,cyclic_2_1,block_2_1,unroll_2,pipeline_1,pipeline_1,unroll_4,unroll_8,unroll_16,1,3,1,True
workload_1169.cpp,xczu7ev-ffvc1156-2-e,5,11.86063,85,1,1,3,5,block_4_2,complete_1,cyclic_4_1,cyclic_4_1,block_2_1,unroll_2,pipeline_1,pipeline_1,unroll_16,unroll_8,unroll_8,1,2.5,1,True
workload_1087.cpp,xczu7ev-ffvc1156-2-e,5,11.66688,90,1,1,4,6,block_4_2,complete_1,cyclic_4_1,cyclic_4_1,block_2_1,unroll_2,pipeline_1,unroll_2,unroll_4,unroll_8,unroll_8,1,3,1,True
workload_1494.cpp,xczu7ev-ffvc1156-2-e,5,11.66688,89,1,1,4,6,block_4_2,complete_1,cyclic_4_1,cyclic_4_1,block_4_1,unroll_2,pipeline_1,pipeline_1,unroll_8,unroll_4,unroll_2,1,3,1,True
workload_1378.cpp,xczu7ev-ffvc1156-2-e,5,11.86063,86,1,1,3,5,block_4_2,complete_1,cyclic_8_1,complete_1,block_2_1,unroll_2,pipeline_1,pipeline_1,unroll_16,unroll_4,unroll_8,1,2.5,1,True
workload_1651.cpp,xczu7ev-ffvc1156-2-e,5,11.86063,87,1,1,3,5,block_4_2,complete_1,cyclic_8_1,cyclic_2_1,block_2_1,unroll_2,pipeline_1,pipeline_1,unroll_16,unroll_4,unroll_8,1,2.5,1,True
workload_984.cpp,xczu7ev-ffvc1156-2-e,5,11.66688,90,1,1,4,6,block_4_2,complete_1,cyclic_8_1,cyclic_2_1,block_2_1,unroll_2,pipeline_1,pipeline_1,unroll_2,unroll_16,unroll_8,1,3,1,True
workload_1137.cpp,xczu7ev-ffvc1156-2-e,5,11.66688,91,1,1,4,6,block_4_2,complete_1,cyclic_8_1,cyclic_2_1,block_2_1,unroll_2,pipeline_1,unroll_2,unroll_4,unroll_16,unroll_4,1,3,1,True
workload_1359.cpp,xczu7ev-ffvc1156-2-e,5,11.86063,84,1,1,3,5,block_4_2,complete_1,cyclic_8_1,cyclic_4_1,complete_1,unroll_2,pipeline_1,unroll_2,unroll_16,unroll_16,pipeline_1,1,2.5,1,True
workload_1058.cpp,xczu7ev-ffvc1156-2-e,5,11.86063,84,1,1,3,5,block_4_2,complete_2,block_8_1,block_4_1,cyclic_8_1,unroll_2,pipeline_1,pipeline_1,unroll_16,unroll_8,unroll_2,1,2.5,1,True
workload_844.cpp,xczu7ev-ffvc1156-2-e,5,11.946425,1093,1,1,20,38,block_4_2,complete_2,block_8_1,cyclic_2_1,block_2_1,unroll_16,pipeline_1,pipeline_1,pipeline_1,unroll_8,unroll_2,1,15,0.419490655883,False
workload_737.cpp,xczu7ev-ffvc1156-2-e,5,11.946425,1170,1,1,20,38,block_4_2,complete_2,block_8_1,cyclic_2_1,block_2_1,unroll_16,pipeline_1,pipeline_1,pipeline_1,unroll_8,unroll_8,1,15,0.419490655883,False
workload_1563.cpp,xczu7ev-ffvc1156-2-e,5,11.66688,88,1,1,4,6,block_4_2,complete_2,complete_1,block_4_1,block_4_1,unroll_2,pipeline_1,unroll_2,unroll_2,unroll_8,unroll_2,1,3,1,True
workload_1521.cpp,xczu7ev-ffvc1156-2-e,5,11.66688,86,1,1,4,6,block_4_2,complete_2,complete_1,block_4_1,block_4_1,unroll_2,pipeline_1,unroll_2,unroll_2,unroll_8,unroll_4,1,3,1,True
workload_1064.cpp,xczu7ev-ffvc1156-2-e,5,11.66688,86,1,1,4,6,block_4_2,complete_2,complete_1,cyclic_2_1,complete_1,unroll_2,pipeline_1,pipeline_1,unroll_4,unroll_4,unroll_2,1,3,1,True
workload_980.cpp,xczu7ev-ffvc1156-2-e,5,11.66688,91,1,1,4,6,block_4_2,complete_2,complete_1,cyclic_4_1,cyclic_8_1,unroll_2,pipeline_1,unroll_2,unroll_4,unroll_2,unroll_4,1,3,1,True
workload_1597.cpp,xczu7ev-ffvc1156-2-e,5,11.66688,89,1,1,4,6,block_4_2,complete_2,cyclic_4_1,complete_1,block_2_1,unroll_2,pipeline_1,pipeline_1,unroll_4,unroll_8,unroll_16,1,3,1,True
workload_1538.cpp,xczu7ev-ffvc1156-2-e,5,11.66688,88,1,1,4,6,block_4_2,complete_2,cyclic_4_1,complete_1,block_2_1,unroll_2,pipeline_1,pipeline_1,unroll_8,unroll_8,unroll_16,1,3,1,True
workload_1655.cpp,xczu7ev-ffvc1156-2-e,5,11.66688,93,1,1,4,6,block_4_2,complete_2,cyclic_4_1,cyclic_4_1,block_2_1,unroll_2,pipeline_1,pipeline_1,unroll_8,unroll_4,unroll_2,1,3,1,True
workload_801.cpp,xczu7ev-ffvc1156-2-e,5,11.946425,432,1,1,11,20,block_4_2,complete_2,cyclic_8_1,block_4_1,block_2_1,unroll_8,pipeline_1,pipeline_1,pipeline_1,unroll_8,pipeline_1,1,8.25,0.702987115505,False
workload_888.cpp,xczu7ev-ffvc1156-2-e,5,11.946425,312,1,1,11,20,block_4_2,complete_2,cyclic_8_1,block_4_1,complete_1,unroll_8,pipeline_1,pipeline_1,pipeline_1,unroll_8,pipeline_1,1,8.25,0.702987115505,False
workload_1569.cpp,xczu7ev-ffvc1156-2-e,5,11.66688,89,1,1,4,6,block_4_2,cyclic_2_2,complete_1,block_8_1,block_2_1,unroll_2,pipeline_1,pipeline_1,unroll_8,unroll_4,unroll_8,1,3,1,True
workload_1483.cpp,xczu7ev-ffvc1156-2-e,5,11.86063,84,1,1,3,5,block_4_2,cyclic_2_2,complete_1,cyclic_2_1,block_2_1,unroll_2,pipeline_1,pipeline_1,unroll_16,unroll_8,unroll_8,1,2.5,1,True
workload_1509.cpp,xczu7ev-ffvc1156-2-e,5,11.66688,88,1,1,4,6,block_4_2,cyclic_2_2,complete_1,cyclic_2_1,block_2_1,unroll_2,pipeline_1,pipeline_1,unroll_4,unroll_4,unroll_4,1,3,1,True
workload_1436.cpp,xczu7ev-ffvc1156-2-e,5,11.66688,92,1,1,4,6,block_4_2,cyclic_2_2,complete_1,cyclic_4_1,block_4_1,unroll_2,pipeline_1,pipeline_1,unroll_8,unroll_4,unroll_2,1,3,1,True
workload_1628.cpp,xczu7ev-ffvc1156-2-e,5,11.66688,92,1,1,4,6,block_4_2,cyclic_2_2,cyclic_4_1,block_4_1,cyclic_8_1,unroll_2,pipeline_1,unroll_2,unroll_8,unroll_16,unroll_2,1,3,1,True
workload_1541.cpp,xczu7ev-ffvc1156-2-e,5,11.66688,88,1,1,4,6,block_4_2,cyclic_2_2,cyclic_4_1,cyclic_2_1,block_2_1,unroll_2,pipeline_1,pipeline_1,unroll_8,unroll_4,unroll_2,1,3,1,True
workload_1601.cpp,xczu7ev-ffvc1156-2-e,5,11.86063,84,1,1,3,5,block_4_2,cyclic_2_2,cyclic_4_1,cyclic_2_1,cyclic_8_1,unroll_2,pipeline_1,pipeline_1,unroll_16,unroll_8,unroll_2,1,2.5,1,True
workload_1546.cpp,xczu7ev-ffvc1156-2-e,5,11.66688,88,1,1,4,6,block_4_2,cyclic_2_2,cyclic_4_1,cyclic_2_1,cyclic_8_1,unroll_2,pipeline_1,pipeline_1,unroll_4,unroll_8,unroll_2,1,3,1,True
workload_1476.cpp,xczu7ev-ffvc1156-2-e,5,11.66688,92,1,1,4,6,block_4_2,cyclic_2_2,cyclic_4_1,cyclic_4_1,block_2_1,unroll_2,pipeline_1,pipeline_1,unroll_8,unroll_4,unroll_2,1,3,1,True
workload_1167.cpp,xczu7ev-ffvc1156-2-e,5,11.66688,91,1,1,4,6,block_4_2,cyclic_4_2,complete_1,cyclic_2_1,complete_1,unroll_2,pipeline_1,unroll_2,unroll_4,unroll_8,unroll_2,1,3,1,True
workload_1348.cpp,xczu7ev-ffvc1156-2-e,5,11.66688,88,1,1,4,6,block_4_2,cyclic_4_2,complete_1,cyclic_4_1,cyclic_8_1,unroll_2,pipeline_1,pipeline_1,unroll_4,unroll_8,unroll_2,1,3,1,True
workload_1283.cpp,xczu7ev-ffvc1156-2-e,5,11.66688,86,1,1,4,6,block_4_2,cyclic_4_2,cyclic_4_1,block_2_1,block_2_1,unroll_2,pipeline_1,unroll_2,pipeline_1,unroll_4,unroll_2,1,3,1,True
workload_1573.cpp,xczu7ev-ffvc1156-2-e,5,11.66688,90,1,1,4,6,block_4_2,cyclic_4_2,cyclic_4_1,block_4_1,cyclic_8_1,unroll_2,pipeline_1,unroll_2,unroll_4,unroll_8,unroll_8,1,3,1,True
workload_994.cpp,xczu7ev-ffvc1156-2-e,5,11.86063,88,1,1,3,5,block_4_2,cyclic_4_2,cyclic_4_1,cyclic_2_1,block_2_1,unroll_2,pipeline_1,pipeline_1,unroll_16,unroll_8,unroll_8,1,2.5,1,True
workload_1405.cpp,xczu7ev-ffvc1156-2-e,5,11.66688,89,1,1,4,6,block_4_2,cyclic_4_2,cyclic_4_1,cyclic_2_1,cyclic_8_1,unroll_2,pipeline_1,pipeline_1,unroll_4,unroll_8,unroll_2,1,3,1,True
workload_1484.cpp,xczu7ev-ffvc1156-2-e,5,11.66688,92,1,1,4,6,block_4_2,cyclic_4_2,cyclic_4_1,cyclic_2_1,cyclic_8_1,unroll_2,pipeline_1,pipeline_1,unroll_4,unroll_8,unroll_8,1,3,1,True
workload_1519.cpp,xczu7ev-ffvc1156-2-e,5,11.66688,91,1,1,4,6,block_4_2,cyclic_4_2,cyclic_4_1,cyclic_4_1,cyclic_8_1,unroll_2,pipeline_1,pipeline_1,unroll_4,unroll_8,unroll_8,1,3,1,True
workload_1199.cpp,xczu7ev-ffvc1156-2-e,5,11.66688,89,1,1,4,6,block_4_2,cyclic_4_2,cyclic_8_1,complete_1,cyclic_8_1,unroll_2,pipeline_1,pipeline_1,unroll_8,unroll_16,unroll_16,1,3,1,True
workload_1427.cpp,xczu7ev-ffvc1156-2-e,5,11.66688,90,1,1,4,6,block_4_2,cyclic_4_2,cyclic_8_1,cyclic_4_1,block_2_1,unroll_2,pipeline_1,unroll_2,unroll_4,unroll_8,unroll_2,1,3,1,True
workload_1426.cpp,xczu7ev-ffvc1156-2-e,5,11.66688,91,1,1,4,6,block_4_2,cyclic_4_2,cyclic_8_1,cyclic_4_1,cyclic_8_1,unroll_2,pipeline_1,pipeline_1,unroll_4,unroll_8,unroll_2,1,3,1,True
workload_868.cpp,xczu7ev-ffvc1156-2-e,5,212.161415,858,1,1,16,31,block_4_2,cyclic_8_2,block_8_1,block_2_1,block_8_1,unroll_16,pipeline_1,pipeline_1,unroll_8,pipeline_1,unroll_2,1,12.25,0.393340435046,False
workload_1198.cpp,xczu7ev-ffvc1156-2-e,5,11.66688,86,1,1,4,6,block_4_2,cyclic_8_2,complete_1,complete_1,cyclic_8_1,unroll_2,pipeline_1,pipeline_1,pipeline_1,unroll_8,unroll_2,1,3,1,True
workload_1375.cpp,xczu7ev-ffvc1156-2-e,5,11.66688,91,1,1,4,6,block_4_2,cyclic_8_2,complete_1,complete_1,cyclic_8_1,unroll_2,pipeline_1,pipeline_1,unroll_4,unroll_4,unroll_8,1,3,1,True
workload_1412.cpp,xczu7ev-ffvc1156-2-e,5,11.66688,92,1,1,4,6,block_4_2,cyclic_8_2,complete_1,complete_1,cyclic_8_1,unroll_2,pipeline_1,pipeline_1,unroll_8,unroll_4,unroll_8,2,3,1,True
workload_1277.cpp,xczu7ev-ffvc1156-2-e,5,11.86063,85,1,1,3,5,block_4_2,cyclic_8_2,cyclic_4_1,cyclic_4_1,block_2_1,unroll_2,pipeline_1,pipeline_1,unroll_16,unroll_16,unroll_8,1,2.5,1,True
workload_1500.cpp,xczu7ev-ffvc1156-2-e,5,11.66688,94,1,1,4,6,block_4_2,cyclic_8_2,cyclic_8_1,complete_1,block_2_1,unroll_2,pipeline_1,pipeline_1,unroll_8,unroll_4,unroll_16,1,3,1,True
workload_1193.cpp,xczu7ev-ffvc1156-2-e,5,11.66688,89,1,1,4,6,block_4_2,cyclic_8_2,cyclic_8_1,complete_1,cyclic_8_1,unroll_2,pipeline_1,pipeline_1,pipeline_1,unroll_16,pipeline_1,1,3,1,True
workload_1128.cpp,xczu7ev-ffvc1156-2-e,5,11.66688,89,1,1,4,6,block_4_2,cyclic_8_2,cyclic_8_1,complete_1,cyclic_8_1,unroll_2,pipeline_1,pipeline_1,pipeline_1,unroll_16,unroll_2,1,3,1,True
workload_1190.cpp,xczu7ev-ffvc1156-2-e,5,11.66688,90,1,1,4,6,block_4_2,cyclic_8_2,cyclic_8_1,complete_1,cyclic_8_1,unroll_2,pipeline_1,pipeline_1,pipeline_1,unroll_16,unroll_4,1,3,1,True
workload_1181.cpp,xczu7ev-ffvc1156-2-e,5,11.66688,87,1,1,4,6,block_4_2,cyclic_8_2,cyclic_8_1,complete_1,cyclic_8_1,unroll_2,pipeline_1,pipeline_1,pipeline_1,unroll_4,unroll_2,1,3,1,True
workload_1157.cpp,xczu7ev-ffvc1156-2-e,5,11.66688,92,1,1,4,6,block_4_2,cyclic_8_2,cyclic_8_1,complete_1,cyclic_8_1,unroll_2,pipeline_1,pipeline_1,unroll_8,unroll_16,unroll_16,2,3,1,True
workload_1455.cpp,xczu7ev-ffvc1156-2-e,5,11.66688,93,1,1,4,6,block_4_2,cyclic_8_2,cyclic_8_1,complete_1,cyclic_8_1,unroll_2,pipeline_1,pipeline_1,unroll_8,unroll_4,unroll_2,1,3,1,True
workload_1315.cpp,xczu7ev-ffvc1156-2-e,5,11.66688,96,1,1,4,6,block_4_2,cyclic_8_2,cyclic_8_1,complete_1,cyclic_8_1,unroll_2,pipeline_1,pipeline_1,unroll_8,unroll_4,unroll_8,1,3,1,True
workload_887.cpp,xczu7ev-ffvc1156-2-e,5,11.946425,316,1,1,11,20,block_8_2,block_4_2,block_8_1,block_2_1,cyclic_2_1,unroll_8,pipeline_1,pipeline_1,unroll_2,unroll_2,unroll_8,1,8.25,0.702987115505,False
workload_849.cpp,xczu7ev-ffvc1156-2-e,5,212.161415,1013,1,1,16,31,block_8_2,block_8_2,block_4_1,block_2_1,complete_1,unroll_16,pipeline_1,pipeline_1,pipeline_1,pipeline_1,unroll_16,1,12.25,0.393340435046,False
workload_866.cpp,xczu7ev-ffvc1156-2-e,5,11.946425,315,1,1,11,20,block_8_2,complete_1,block_8_1,block_8_1,cyclic_8_1,unroll_8,pipeline_1,pipeline_1,unroll_2,unroll_2,unroll_8,1,8.25,0.702987115505,False
workload_1592.cpp,xczu7ev-ffvc1156-2-e,5,11.66688,92,1,1,4,6,block_8_2,complete_2,cyclic_4_1,block_4_1,cyclic_8_1,unroll_2,pipeline_1,pipeline_1,unroll_8,unroll_4,unroll_2,1,3,1,True
workload_1548.cpp,xczu7ev-ffvc1156-2-e,5,11.66688,92,1,1,4,6,block_8_2,complete_2,cyclic_4_1,cyclic_4_1,cyclic_8_1,unroll_2,pipeline_1,pipeline_1,unroll_8,unroll_4,unroll_2,1,3,1,True
workload_858.cpp,xczu7ev-ffvc1156-2-e,5,11.946425,314,1,1,11,20,block_8_2,complete_2,cyclic_8_1,block_4_1,block_8_1,unroll_8,pipeline_1,pipeline_1,unroll_8,unroll_8,unroll_2,1,8.25,0.702987115505,False
workload_1627.cpp,xczu7ev-ffvc1156-2-e,5,11.66688,92,1,1,4,6,block_8_2,cyclic_2_2,complete_1,block_4_1,block_2_1,unroll_2,pipeline_1,unroll_2,unroll_8,unroll_4,unroll_4,1,3,1,True
workload_1603.cpp,xczu7ev-ffvc1156-2-e,5,11.86063,84,1,1,3,5,block_8_2,cyclic_2_2,cyclic_4_1,cyclic_2_1,block_2_1,unroll_2,pipeline_1,unroll_2,unroll_16,unroll_8,unroll_8,1,2.5,1,True
workload_749.cpp,xczu7ev-ffvc1156-2-e,5,212.161415,1154,1,1,16,31,block_8_2,cyclic_8_2,block_4_1,block_2_1,block_8_1,unroll_16,pipeline_1,pipeline_1,unroll_8,pipeline_1,unroll_2,1,12.25,0.393340435046,False
workload_826.cpp,xczu7ev-ffvc1156-2-e,5,11.946425,1121,1,1,20,38,block_8_2,cyclic_8_2,block_8_1,block_2_1,block_8_1,unroll_16,pipeline_1,pipeline_1,unroll_8,unroll_8,unroll_16,1,15,0.419490655883,False
workload_856.cpp,xczu7ev-ffvc1156-2-e,5,212.161415,868,1,1,16,31,block_8_2,cyclic_8_2,block_8_1,block_8_1,block_2_1,unroll_16,pipeline_1,pipeline_1,pipeline_1,pipeline_1,pipeline_1,1,12.25,0.393340435046,False
workload_828.cpp,xczu7ev-ffvc1156-2-e,5,11.946425,1156,1,1,20,38,block_8_2,cyclic_8_2,block_8_1,block_8_1,block_8_1,unroll_16,pipeline_1,pipeline_1,unroll_4,unroll_16,unroll_8,1,15,0.419490655883,False
workload_774.cpp,xczu7ev-ffvc1156-2-e,5,212.161415,1131,1,1,16,31,block_8_2,cyclic_8_2,block_8_1,block_8_1,block_8_1,unroll_16,pipeline_1,pipeline_1,unroll_8,pipeline_1,unroll_2,1,12.25,0.393340435046,False
workload_1220.cpp,xczu7ev-ffvc1156-2-e,5,11.66688,88,1,1,4,6,complete_1,block_2_2,block_8_1,block_8_1,block_2_1,unroll_2,pipeline_1,pipeline_1,unroll_4,unroll_4,unroll_16,1,3,1,True
workload_1104.cpp,xczu7ev-ffvc1156-2-e,5,11.66688,91,1,1,4,6,complete_1,block_2_2,block_8_1,block_8_1,block_2_1,unroll_2,pipeline_1,pipeline_1,unroll_4,unroll_8,unroll_16,1,3,1,True
workload_1136.cpp,xczu7ev-ffvc1156-2-e,5,11.66688,90,1,1,4,6,complete_1,block_2_2,block_8_1,block_8_1,block_2_1,unroll_2,pipeline_1,pipeline_1,unroll_8,unroll_8,unroll_16,1,3,1,True
workload_1026.cpp,xczu7ev-ffvc1156-2-e,5,11.66688,87,1,1,4,6,complete_1,block_2_2,block_8_1,block_8_1,cyclic_8_1,unroll_2,pipeline_1,pipeline_1,unroll_8,unroll_8,unroll_16,1,3,1,True
workload_847.cpp,xczu7ev-ffvc1156-2-e,5,11.946425,312,1,1,11,20,complete_1,block_2_2,block_8_1,complete_1,block_2_1,unroll_8,pipeline_1,pipeline_1,unroll_2,unroll_4,unroll_8,1,8.25,0.702987115505,False
workload_893.cpp,xczu7ev-ffvc1156-2-e,5,11.75992,153,1,1,6,11,complete_1,block_2_2,block_8_1,cyclic_4_1,cyclic_8_1,unroll_4,pipeline_1,pipeline_1,unroll_4,unroll_16,unroll_8,2,4.75,0.885136421295,False
workload_988.cpp,xczu7ev-ffvc1156-2-e,5,11.66688,90,1,1,4,6,complete_1,block_2_2,complete_1,block_4_1,block_2_1,unroll_2,pipeline_1,pipeline_1,pipeline_1,unroll_4,unroll_4,1,3,1,True
workload_1050.cpp,xczu7ev-ffvc1156-2-e,5,11.66688,90,1,1,4,6,complete_1,block_2_2,complete_1,block_4_1,cyclic_8_1,unroll_2,pipeline_1,pipeline_1,unroll_8,unroll_8,unroll_16,1,3,1,True
workload_985.cpp,xczu7ev-ffvc1156-2-e,5,11.66688,93,1,1,4,6,complete_1,block_2_2,complete_1,complete_1,block_4_1,unroll_2,pipeline_1,pipeline_1,pipeline_1,unroll_4,pipeline_1,1,3,1,True
workload_944.cpp,xczu7ev-ffvc1156-2-e,5,11.66688,89,1,1,4,6,complete_1,block_2_2,complete_1,complete_1,block_4_1,unroll_2,pipeline_1,pipeline_1,pipeline_1,unroll_4,unroll_2,1,3,1,True
workload_1001.cpp,xczu7ev-ffvc1156-2-e,5,11.86063,86,1,1,3,5,complete_1,block_2_2,complete_1,complete_1,complete_1,unroll_2,pipeline_1,pipeline_1,unroll_16,unroll_4,unroll_2,1,2.5,1,True
workload_914.cpp,xczu7ev-ffvc1156-2-e,5,11.66688,88,1,1,4,6,complete_1,block_2_2,complete_1,cyclic_4_1,block_2_1,unroll_2,pipeline_1,pipeline_1,pipeline_1,unroll_4,unroll_4,1,3,1,True
workload_867.cpp,xczu7ev-ffvc1156-2-e,5,159.42938,746,1,1,14,30,complete_1,block_2_2,cyclic_2_1,block_8_1,cyclic_8_1,unroll_2,unroll_8,pipeline_1,pipeline_1,pipeline_1,unroll_2,1,11.5,0.451933806455,False
workload_803.cpp,xczu7ev-ffvc1156-2-e,5,159.42938,1144,1,1,14,30,complete_1,block_2_2,cyclic_2_1,block_8_1,cyclic_8_1,unroll_2,unroll_8,pipeline_1,unroll_8,pipeline_1,unroll_2,1,11.5,0.451933806455,False
workload_787.cpp,xczu7ev-ffvc1156-2-e,5,218.73188,1834,1,1,17,48,complete_1,block_2_2,cyclic_2_1,block_8_1,cyclic_8_1,unroll_2,unroll_8,pipeline_1,unroll_8,unroll_8,unroll_16,1,16.75,0.275076902193,False
workload_1345.cpp,xczu7ev-ffvc1156-2-e,5,207.18938,81,1,1,2,5,complete_1,block_2_2,cyclic_4_1,block_2_1,complete_1,unroll_2,pipeline_1,pipeline_1,unroll_4,pipeline_1,unroll_16,1,2.25,1,True
workload_1371.cpp,xczu7ev-ffvc1156-2-e,5,11.66688,90,1,1,4,6,complete_1,block_2_2,cyclic_4_1,block_4_1,block_2_1,unroll_2,pipeline_1,pipeline_1,pipeline_1,unroll_4,unroll_8,1,3,1,True
workload_1392.cpp,xczu7ev-ffvc1156-2-e,5,11.86063,86,1,1,3,5,complete_1,block_2_2,cyclic_4_1,block_4_1,block_2_1,unroll_2,pipeline_1,pipeline_1,unroll_16,unroll_4,unroll_8,1,2.5,1,True
workload_1462.cpp,xczu7ev-ffvc1156-2-e,5,11.86063,86,1,1,3,5,complete_1,block_2_2,cyclic_4_1,block_4_1,cyclic_8_1,unroll_2,pipeline_1,pipeline_1,unroll_16,unroll_16,unroll_8,1,2.5,1,True
workload_1430.cpp,xczu7ev-ffvc1156-2-e,5,11.66688,90,1,1,4,6,complete_1,block_2_2,cyclic_4_1,cyclic_2_1,block_2_1,unroll_2,pipeline_1,pipeline_1,unroll_4,unroll_4,unroll_16,1,3,1,True
workload_865.cpp,xczu7ev-ffvc1156-2-e,5,11.75992,147,1,1,6,11,complete_1,block_2_2,cyclic_8_1,block_4_1,block_4_1,unroll_4,pipeline_1,unroll_2,pipeline_1,unroll_16,unroll_2,1,4.75,0.885136421295,False
workload_924.cpp,xczu7ev-ffvc1156-2-e,5,11.75992,155,1,1,6,11,complete_1,block_2_2,cyclic_8_1,block_4_1,block_4_1,unroll_4,pipeline_1,unroll_2,pipeline_1,unroll_4,unroll_2,1,4.75,0.885136421295,False
workload_1120.cpp,xczu7ev-ffvc1156-2-e,5,11.66688,88,1,1,4,6,complete_1,block_2_2,cyclic_8_1,block_8_1,block_2_1,unroll_2,pipeline_1,pipeline_1,unroll_4,unroll_8,unroll_16,1,3,1,True
workload_892.cpp,xczu7ev-ffvc1156-2-e,5,11.75992,155,1,1,6,11,complete_1,block_2_2,cyclic_8_1,complete_1,block_4_1,unroll_4,pipeline_1,pipeline_1,pipeline_1,unroll_16,pipeline_1,1,4.75,0.885136421295,False
workload_933.cpp,xczu7ev-ffvc1156-2-e,5,11.75992,154,1,1,6,11,complete_1,block_2_2,cyclic_8_1,complete_1,block_4_1,unroll_4,pipeline_1,pipeline_1,pipeline_1,unroll_16,unroll_16,1,4.75,0.885136421295,False
workload_809.cpp,xczu7ev-ffvc1156-2-e,5,11.75992,203,1,1,6,11,complete_1,block_2_2,cyclic_8_1,complete_1,block_4_1,unroll_4,pipeline_1,pipeline_1,pipeline_1,unroll_16,unroll_2,1,4.75,0.885136421295,False
workload_771.cpp,xczu7ev-ffvc1156-2-e,5,11.75992,216,1,1,6,11,complete_1,block_2_2,cyclic_8_1,complete_1,cyclic_8_1,unroll_4,pipeline_1,pipeline_1,unroll_4,unroll_16,pipeline_1,1,4.75,0.885136421295,False
workload_876.cpp,xczu7ev-ffvc1156-2-e,5,11.75992,150,1,1,6,11,complete_1,block_2_2,cyclic_8_1,complete_1,cyclic_8_1,unroll_4,pipeline_1,pipeline_1,unroll_4,unroll_16,unroll_2,1,4.75,0.885136421295,False
workload_885.cpp,xczu7ev-ffvc1156-2-e,5,11.95522,136,1,1,5,8,complete_1,block_2_2,cyclic_8_1,cyclic_4_1,block_8_1,unroll_4,pipeline_1,unroll_2,unroll_16,pipeline_1,unroll_2,1,3.75,0.941581864093,False
workload_918.cpp,xczu7ev-ffvc1156-2-e,5,254.20659,132,1,2,6,17,complete_1,block_2_2,cyclic_8_1,cyclic_4_1,cyclic_2_1,unroll_4,unroll_2,unroll_2,unroll_16,pipeline_1,unroll_2,1,6.5,0.483278288642,False
workload_977.cpp,xczu7ev-ffvc1156-2-e,5,11.66688,90,1,1,4,6,complete_1,block_4_2,complete_1,cyclic_2_1,complete_1,unroll_2,pipeline_1,pipeline_1,unroll_2,unroll_16,unroll_2,1,3,1,True
workload_991.cpp,xczu7ev-ffvc1156-2-e,5,11.86063,88,1,1,3,5,complete_1,block_8_2,block_2_1,cyclic_2_1,block_2_1,unroll_2,pipeline_1,pipeline_1,unroll_16,unroll_8,unroll_8,1,2.5,1,True
workload_724.cpp,xczu7ev-ffvc1156-2-e,5,194.081455,1070,1,2,17,41,complete_1,block_8_2,block_4_1,block_2_1,complete_1,unroll_8,unroll_2,unroll_2,pipeline_1,pipeline_1,unroll_16,1,15.25,0.326187837128,False
workload_1132.cpp,xczu7ev-ffvc1156-2-e,5,11.86063,84,1,1,3,5,complete_1,block_8_2,block_8_1,cyclic_2_1,block_4_1,unroll_2,pipeline_1,pipeline_1,unroll_16,unroll_4,unroll_8,1,2.5,1,True
workload_846.cpp,xczu7ev-ffvc1156-2-e,5,11.946425,349,1,1,11,20,complete_1,block_8_2,complete_1,block_4_1,block_2_1,unroll_8,pipeline_1,unroll_2,unroll_2,unroll_4,unroll_2,1,8.25,0.702987115505,False
workload_1610.cpp,xczu7ev-ffvc1156-2-e,5,11.66688,89.5,1,1,4,6,complete_1,block_8_2,complete_1,complete_1,block_2_1,unroll_2,pipeline_1,unroll_2,unroll_4,unroll_4,unroll_4,2,3,1,True
workload_1514.cpp,xczu7ev-ffvc1156-2-e,5,11.66688,88,1,1,4,6,complete_1,block_8_2,complete_1,complete_1,block_4_1,unroll_2,pipeline_1,pipeline_1,unroll_4,unroll_4,unroll_2,1,3,1,True
workload_1082.cpp,xczu7ev-ffvc1156-2-e,5,11.86063,89,1,1,3,5,complete_1,block_8_2,complete_1,cyclic_2_1,complete_1,unroll_2,pipeline_1,pipeline_1,unroll_16,unroll_4,unroll_8,1,2.5,1,True
workload_1638.cpp,xczu7ev-ffvc1156-2-e,5,11.86063,86,1,1,3,5,complete_1,block_8_2,complete_1,cyclic_4_1,block_2_1,unroll_2,pipeline_1,pipeline_1,unroll_16,unroll_4,unroll_4,1,2.5,1,True
workload_976.cpp,xczu7ev-ffvc1156-2-e,5,11.66688,89,1,1,4,6,complete_1,block_8_2,complete_1,cyclic_4_1,block_2_1,unroll_2,pipeline_1,unroll_2,unroll_4,unroll_16,unroll_2,1,3,1,True
workload_1567.cpp,xczu7ev-ffvc1156-2-e,5,11.66688,88.5,1,1,4,6,complete_1,block_8_2,complete_1,cyclic_4_1,block_2_1,unroll_2,pipeline_1,unroll_2,unroll_4,unroll_4,unroll_4,2,3,1,True
workload_1652.cpp,xczu7ev-ffvc1156-2-e,5,11.946425,313,1,1,11,20,complete_1,block_8_2,complete_1,cyclic_4_1,block_2_1,unroll_8,pipeline_1,unroll_2,unroll_4,unroll_4,unroll_4,1,8.25,0.702987115505,False
workload_1615.cpp,xczu7ev-ffvc1156-2-e,5,11.66688,86,1,1,4,6,complete_1,block_8_2,complete_1,cyclic_4_1,block_4_1,unroll_2,pipeline_1,pipeline_1,unroll_4,unroll_4,unroll_2,1,3,1,True
workload_1594.cpp,xczu7ev-ffvc1156-2-e,5,11.66688,87,1,1,4,6,complete_1,block_8_2,cyclic_4_1,complete_1,block_4_1,unroll_2,pipeline_1,pipeline_1,pipeline_1,unroll_4,unroll_2,1,3,1,True
workload_1017.cpp,xczu7ev-ffvc1156-2-e,5,11.86063,85,1,1,3,5,complete_1,block_8_2,cyclic_4_1,cyclic_2_1,block_2_1,unroll_2,pipeline_1,pipeline_1,unroll_16,unroll_4,unroll_8,1,2.5,1,True
workload_1135.cpp,xczu7ev-ffvc1156-2-e,5,11.86063,84,1,1,3,5,complete_1,block_8_2,cyclic_8_1,block_4_1,block_4_1,unroll_2,pipeline_1,unroll_2,unroll_16,unroll_4,unroll_2,1,2.5,1,True
workload_1153.cpp,xczu7ev-ffvc1156-2-e,5,11.66688,88,1,1,4,6,complete_1,block_8_2,cyclic_8_1,block_4_1,cyclic_8_1,unroll_2,pipeline_1,unroll_2,pipeline_1,unroll_4,unroll_2,1,3,1,True
workload_928.cpp,xczu7ev-ffvc1156-2-e,5,11.66688,92,1,1,4,6,complete_1,complete_1,block_2_1,complete_1,block_4_1,unroll_2,pipeline_1,pipeline_1,unroll_4,unroll_2,unroll_4,1,3,1,True
workload_1020.cpp,xczu7ev-ffvc1156-2-e,5,207.18938,80,1,1,2,5,complete_1,complete_1,block_4_1,block_2_1,block_4_1,unroll_2,pipeline_1,pipeline_1,unroll_16,pipeline_1,unroll_8,1,2.25,1,True
workload_957.cpp,xczu7ev-ffvc1156-2-e,5,11.66688,89,1,1,4,6,complete_1,complete_1,block_8_1,block_8_1,block_4_1,unroll_2,pipeline_1,pipeline_1,unroll_8,unroll_16,unroll_16,1,3,1,True
workload_1163.cpp,xczu7ev-ffvc1156-2-e,5,11.86063,84,1,1,3,5,complete_1,complete_1,block_8_1,cyclic_2_1,block_2_1,unroll_2,pipeline_1,pipeline_1,unroll_16,unroll_8,unroll_16,1,2.5,1,True
workload_1625.cpp,xczu7ev-ffvc1156-2-e,5,207.18938,82,1,1,2,5,complete_1,complete_1,complete_1,block_4_1,block_2_1,unroll_2,pipeline_1,pipeline_1,unroll_8,pipeline_1,unroll_2,1,2.25,1,True
workload_1258.cpp,xczu7ev-ffvc1156-2-e,5,11.86063,87,1,1,3,5,complete_1,complete_1,complete_1,block_4_1,block_2_1,unroll_2,pipeline_1,unroll_2,unroll_16,unroll_4,unroll_2,1,2.5,1,True
workload_1637.cpp,xczu7ev-ffvc1156-2-e,5,473.28313,88,1,1,2,12,complete_1,complete_1,complete_1,block_4_1,block_2_1,unroll_2,unroll_2,pipeline_1,unroll_4,unroll_2,unroll_2,1,4,0.150705096582,False
workload_1586.cpp,xczu7ev-ffvc1156-2-e,5,435.78313,93,1,1,2,12,complete_1,complete_1,complete_1,block_4_1,block_2_1,unroll_2,unroll_2,pipeline_1,unroll_4,unroll_2,unroll_4,1,4,0.189563801449,False
workload_1624.cpp,xczu7ev-ffvc1156-2-e,5,435.78313,94,1,1,2,12,complete_1,complete_1,complete_1,block_4_1,block_2_1,unroll_2,unroll_2,pipeline_1,unroll_4,unroll_8,unroll_4,1,4,0.189563801449,False
workload_1366.cpp,xczu7ev-ffvc1156-2-e,5,207.18938,80,1,1,2,5,complete_1,complete_1,complete_1,block_4_1,complete_1,unroll_2,pipeline_1,pipeline_1,pipeline_1,pipeline_1,unroll_2,1,2.25,1,True
workload_961.cpp,xczu7ev-ffvc1156-2-e,5,11.66688,85,1,1,4,6,complete_1,complete_1,complete_1,block_4_1,complete_1,unroll_2,pipeline_1,unroll_2,pipeline_1,unroll_4,unroll_2,1,3,1,True
workload_1093.cpp,xczu7ev-ffvc1156-2-e,5,11.66688,95,1,1,4,6,complete_1,complete_1,complete_1,complete_1,block_2_1,unroll_2,pipeline_1,pipeline_1,unroll_8,unroll_4,unroll_2,1,3,1,True
workload_1045.cpp,xczu7ev-ffvc1156-2-e,5,11.66688,93,1,1,4,6,complete_1,complete_1,complete_1,complete_1,block_2_1,unroll_2,pipeline_1,pipeline_1,unroll_8,unroll_8,unroll_16,1,3,1,True
workload_1496.cpp,xczu7ev-ffvc1156-2-e,5,11.66688,87,1,1,4,6,complete_1,complete_1,complete_1,complete_1,block_2_1,unroll_2,pipeline_1,unroll_2,unroll_4,unroll_4,unroll_16,1,3,1,True
workload_1213.cpp,xczu7ev-ffvc1156-2-e,5,11.66688,87,1,1,4,6,complete_1,complete_1,complete_1,complete_1,block_2_1,unroll_2,pipeline_1,unroll_2,unroll_4,unroll_8,unroll_2,1,3,1,True
workload_903.cpp,xczu7ev-ffvc1156-2-e,5,11.66688,91,1,1,4,6,complete_1,complete_1,complete_1,complete_1,block_4_1,unroll_2,pipeline_1,pipeline_1,pipeline_1,unroll_4,unroll_2,1,3,1,True
workload_1604.cpp,xczu7ev-ffvc1156-2-e,5,11.86063,84,1,1,3,5,complete_1,complete_1,complete_1,complete_1,complete_1,unroll_2,pipeline_1,pipeline_1,unroll_16,unroll_4,unroll_8,1,2.5,1,True
workload_1263.cpp,xczu7ev-ffvc1156-2-e,5,11.66688,90,1,1,4,6,complete_1,complete_1,complete_1,complete_1,cyclic_8_1,unroll_2,pipeline_1,pipeline_1,unroll_4,unroll_8,unroll_8,1,3,1,True
workload_1640.cpp,xczu7ev-ffvc1156-2-e,5,11.66688,87,1,1,4,6,complete_1,complete_1,complete_1,cyclic_2_1,block_2_1,unroll_2,pipeline_1,pipeline_1,unroll_4,unroll_4,unroll_8,1,3,1,True
workload_1553.cpp,xczu7ev-ffvc1156-2-e,5,11.66688,89,1,1,4,6,complete_1,complete_1,complete_1,cyclic_2_1,block_2_1,unroll_2,pipeline_1,pipeline_1,unroll_8,unroll_4,unroll_8,1,3,1,True
workload_1119.cpp,xczu7ev-ffvc1156-2-e,5,185.93938,85,1,1,3,6,complete_1,complete_1,complete_1,cyclic_2_1,complete_1,unroll_2,pipeline_1,pipeline_1,pipeline_1,pipeline_1,unroll_8,1,2.75,0.667797252748,False
workload_1073.cpp,xczu7ev-ffvc1156-2-e,5,11.66688,87,1,1,4,6,complete_1,complete_1,complete_1,cyclic_4_1,block_4_1,unroll_2,pipeline_1,pipeline_1,unroll_2,unroll_4,unroll_8,1,3,1,True
workload_1467.cpp,xczu7ev-ffvc1156-2-e,5,11.86063,85,1,1,3,5,complete_1,complete_1,complete_1,cyclic_4_1,block_4_1,unroll_2,pipeline_1,unroll_2,unroll_16,unroll_4,unroll_2,1,2.5,1,True
workload_1004.cpp,xczu7ev-ffvc1156-2-e,5,11.66688,87,1,1,4,6,complete_1,complete_1,complete_1,cyclic_4_1,complete_1,unroll_2,pipeline_1,unroll_2,unroll_2,unroll_16,unroll_2,1,3,1,True
workload_1419.cpp,xczu7ev-ffvc1156-2-e,5,11.66688,91,1,1,4,6,complete_1,complete_1,complete_1,cyclic_4_1,cyclic_8_1,unroll_2,pipeline_1,pipeline_1,unroll_4,unroll_16,unroll_4,1,3,1,True
workload_1444.cpp,xczu7ev-ffvc1156-2-e,5,11.86063,89,1,1,3,5,complete_1,complete_1,cyclic_4_1,block_4_1,block_2_1,unroll_2,pipeline_1,pipeline_1,unroll_16,unroll_8,unroll_8,1,2.5,1,True
workload_1294.cpp,xczu7ev-ffvc1156-2-e,5,11.66688,87,1,1,4,6,complete_1,complete_1,cyclic_4_1,block_4_1,block_2_1,unroll_2,pipeline_1,pipeline_1,unroll_4,unroll_16,unroll_4,1,3,1,True
workload_1304.cpp,xczu7ev-ffvc1156-2-e,5,11.86063,89,1,1,3,5,complete_1,complete_1,cyclic_4_1,block_4_1,block_2_1,unroll_2,pipeline_1,unroll_2,unroll_16,unroll_4,unroll_8,1,2.5,1,True
workload_1566.cpp,xczu7ev-ffvc1156-2-e,5,227.65813,72,1,1,2,7,complete_1,complete_1,cyclic_4_1,block_4_1,block_2_1,unroll_2,unroll_2,pipeline_1,pipeline_1,unroll_2,unroll_4,1,2.75,0.608202867933,False
workload_1043.cpp,xczu7ev-ffvc1156-2-e,5,207.65813,80,1,1,3,8,complete_1,complete_1,cyclic_4_1,block_4_1,block_2_1,unroll_2,unroll_2,pipeline_1,pipeline_1,unroll_4,unroll_8,1,3.25,0.645376950695,False
workload_1268.cpp,xczu7ev-ffvc1156-2-e,5,207.65813,78,1,1,3,8,complete_1,complete_1,cyclic_4_1,block_4_1,block_2_1,unroll_2,unroll_2,unroll_2,pipeline_1,unroll_4,unroll_8,1,3.25,0.645376950695,False
workload_1286.cpp,xczu7ev-ffvc1156-2-e,5,11.75992,151,1,1,6,11,complete_1,complete_1,cyclic_4_1,block_4_1,block_2_1,unroll_4,pipeline_1,pipeline_1,unroll_4,unroll_8,unroll_4,1,4.75,0.885136421295,False
workload_1649.cpp,xczu7ev-ffvc1156-2-e,5,11.86063,85,1,1,3,5,complete_1,complete_1,cyclic_4_1,block_8_1,block_2_1,unroll_2,pipeline_1,pipeline_1,unroll_16,unroll_8,unroll_8,1,2.5,1,True
workload_1630.cpp,xczu7ev-ffvc1156-2-e,5,11.86063,85,1,1,3,5,complete_1,complete_1,cyclic_4_1,complete_1,block_2_1,unroll_2,pipeline_1,pipeline_1,unroll_16,unroll_4,unroll_8,1,2.5,1,True
workload_1565.cpp,xczu7ev-ffvc1156-2-e,5,11.66688,91,1,1,4,6,complete_1,complete_1,cyclic_4_1,complete_1,block_2_1,unroll_2,pipeline_1,pipeline_1,unroll_4,unroll_16,unroll_16,1,3,1,True
workload_1327.cpp,xczu7ev-ffvc1156-2-e,5,11.66688,90,1,1,4,6,complete_1,complete_1,cyclic_4_1,complete_1,block_2_1,unroll_2,pipeline_1,pipeline_1,unroll_4,unroll_4,unroll_16,3,3,1,True
workload_1186.cpp,xczu7ev-ffvc1156-2-e,5,11.66688,86,1,1,4,6,complete_1,complete_1,cyclic_4_1,complete_1,block_2_1,unroll_2,pipeline_1,pipeline_1,unroll_4,unroll_8,unroll_2,1,3,1,True
workload_1507.cpp,xczu7ev-ffvc1156-2-e,5,11.86063,85,1,1,3,5,complete_1,complete_1,cyclic_4_1,complete_1,block_2_1,unroll_2,pipeline_1,unroll_2,unroll_16,unroll_4,unroll_4,2,2.5,1,True
workload_1314.cpp,xczu7ev-ffvc1156-2-e,5,11.86063,90,1,1,3,5,complete_1,complete_1,cyclic_4_1,complete_1,block_2_1,unroll_2,pipeline_1,unroll_2,unroll_16,unroll_4,unroll_8,1,2.5,1,True
workload_1469.cpp,xczu7ev-ffvc1156-2-e,5,11.86063,86,1,1,3,5,complete_1,complete_1,cyclic_4_1,complete_1,complete_1,unroll_2,pipeline_1,unroll_2,unroll_16,unroll_4,unroll_4,1,2.5,1,True
workload_1355.cpp,xczu7ev-ffvc1156-2-e,5,11.66688,88,1,1,4,6,complete_1,complete_1,cyclic_4_1,complete_1,cyclic_8_1,unroll_2,pipeline_1,pipeline_1,unroll_4,unroll_4,unroll_4,1,3,1,True
workload_1532.cpp,xczu7ev-ffvc1156-2-e,5,11.86063,86,1,1,3,5,complete_1,complete_1,cyclic_4_1,cyclic_2_1,block_2_1,unroll_2,pipeline_1,pipeline_1,unroll_16,unroll_8,unroll_8,1,2.5,1,True
workload_1368.cpp,xczu7ev-ffvc1156-2-e,5,11.66688,89,1,1,4,6,complete_1,complete_1,cyclic_4_1,cyclic_2_1,block_2_1,unroll_2,pipeline_1,pipeline_1,unroll_4,unroll_16,unroll_16,1,3,1,True
workload_1463.cpp,xczu7ev-ffvc1156-2-e,5,11.66688,88,1,1,4,6,complete_1,complete_1,cyclic_4_1,cyclic_2_1,block_2_1,unroll_2,pipeline_1,pipeline_1,unroll_4,unroll_4,unroll_4,1,3,1,True
workload_1418.cpp,xczu7ev-ffvc1156-2-e,5,11.66688,90,1,1,4,6,complete_1,complete_1,cyclic_4_1,cyclic_2_1,block_2_1,unroll_2,pipeline_1,pipeline_1,unroll_4,unroll_8,unroll_16,1,3,1,True
workload_1049.cpp,xczu7ev-ffvc1156-2-e,5,11.66688,87,1,1,4,6,complete_1,complete_1,cyclic_4_1,cyclic_2_1,block_2_1,unroll_2,pipeline_1,pipeline_1,unroll_4,unroll_8,unroll_8,1,3,1,True
workload_1195.cpp,xczu7ev-ffvc1156-2-e,5,11.66688,94,1,1,4,6,complete_1,complete_1,cyclic_4_1,cyclic_2_1,block_2_1,unroll_2,pipeline_1,pipeline_1,unroll_8,unroll_8,unroll_8,1,3,1,True
workload_1255.cpp,xczu7ev-ffvc1156-2-e,5,195.00188,98,1,2,4,11,complete_1,complete_1,cyclic_4_1,cyclic_2_1,block_2_1,unroll_2,unroll_2,pipeline_1,unroll_16,unroll_4,unroll_8,1,4.5,0.628749134994,False
workload_1322.cpp,xczu7ev-ffvc1156-2-e,5,435.78313,88,1,1,2,9,complete_1,complete_1,cyclic_4_1,cyclic_2_1,block_2_1,unroll_2,unroll_2,pipeline_1,unroll_4,unroll_4,unroll_4,1,3.25,0.190524071209,False
workload_1560.cpp,xczu7ev-ffvc1156-2-e,5,11.86063,83,1,1,3,5,complete_1,complete_1,cyclic_4_1,cyclic_2_1,complete_1,unroll_2,pipeline_1,pipeline_1,unroll_16,unroll_8,unroll_8,1,2.5,1,True
workload_1318.cpp,xczu7ev-ffvc1156-2-e,5,11.66688,91,1,1,4,6,complete_1,complete_1,cyclic_4_1,cyclic_2_1,cyclic_8_1,unroll_2,pipeline_1,pipeline_1,unroll_4,unroll_16,unroll_4,1,3,1,True
workload_1471.cpp,xczu7ev-ffvc1156-2-e,5,11.66688,92,1,1,4,6,complete_1,complete_1,cyclic_4_1,cyclic_2_1,cyclic_8_1,unroll_2,pipeline_1,pipeline_1,unroll_4,unroll_8,unroll_4,1,3,1,True
workload_1112.cpp,xczu7ev-ffvc1156-2-e,5,11.66688,80,1,1,4,6,complete_1,complete_1,cyclic_4_1,cyclic_2_1,cyclic_8_1,unroll_2,pipeline_1,pipeline_1,unroll_8,unroll_8,unroll_8,1,3,1,True
workload_1449.cpp,xczu7ev-ffvc1156-2-e,5,11.66688,90,1,1,4,6,complete_1,complete_1,cyclic_4_1,cyclic_2_1,cyclic_8_1,unroll_2,pipeline_1,unroll_2,unroll_2,unroll_16,unroll_4,1,3,1,True
workload_1155.cpp,xczu7ev-ffvc1156-2-e,5,11.66688,89,1,1,4,6,complete_1,complete_1,cyclic_4_1,cyclic_4_1,block_2_1,unroll_2,pipeline_1,pipeline_1,unroll_4,unroll_8,unroll_8,1,3,1,True
workload_1529.cpp,xczu7ev-ffvc1156-2-e,5,11.86063,84,1,1,3,5,complete_1,complete_1,cyclic_4_1,cyclic_4_1,block_2_1,unroll_2,pipeline_1,unroll_2,unroll_16,unroll_4,unroll_16,1,2.5,1,True
workload_1653.cpp,xczu7ev-ffvc1156-2-e,5,265.15813,69,1,1,2,7,complete_1,complete_1,cyclic_4_1,cyclic_4_1,block_2_1,unroll_2,unroll_2,pipeline_1,pipeline_1,unroll_2,unroll_2,1,2.75,0.508878959679,False
workload_1209.cpp,xczu7ev-ffvc1156-2-e,5,11.66688,87,1,1,4,6,complete_1,complete_1,cyclic_4_1,cyclic_4_1,cyclic_8_1,unroll_2,pipeline_1,pipeline_1,unroll_2,unroll_8,unroll_8,1,3,1,True
workload_1533.cpp,xczu7ev-ffvc1156-2-e,5,11.86063,87,1,1,3,5,complete_1,complete_1,cyclic_8_1,block_2_1,block_2_1,unroll_2,pipeline_1,pipeline_1,unroll_16,unroll_4,unroll_8,1,2.5,1,True
workload_1103.cpp,xczu7ev-ffvc1156-2-e,5,11.66688,89,1,1,4,6,complete_1,complete_1,cyclic_8_1,block_4_1,block_4_1,unroll_2,pipeline_1,unroll_2,pipeline_1,pipeline_1,unroll_2,1,3,1,True
workload_1595.cpp,xczu7ev-ffvc1156-2-e,5,11.66688,88,1,1,4,6,complete_1,complete_1,cyclic_8_1,block_4_1,cyclic_8_1,unroll_2,pipeline_1,unroll_2,pipeline_1,unroll_8,unroll_8,1,3,1,True
workload_1179.cpp,xczu7ev-ffvc1156-2-e,5,11.66688,86,1,1,4,6,complete_1,complete_1,cyclic_8_1,block_8_1,block_4_1,unroll_2,pipeline_1,pipeline_1,pipeline_1,unroll_4,unroll_2,1,3,1,True
workload_1391.cpp,xczu7ev-ffvc1156-2-e,5,11.86063,86,1,1,3,5,complete_1,complete_1,cyclic_8_1,complete_1,block_2_1,unroll_2,pipeline_1,pipeline_1,unroll_16,unroll_4,unroll_8,1,2.5,1,True
workload_1203.cpp,xczu7ev-ffvc1156-2-e,5,11.86063,85,1,1,3,5,complete_1,complete_1,cyclic_8_1,complete_1,block_2_1,unroll_2,pipeline_1,unroll_2,unroll_16,unroll_4,unroll_2,1,2.5,1,True
workload_1118.cpp,xczu7ev-ffvc1156-2-e,5,11.86063,86,1,1,3,5,complete_1,complete_1,cyclic_8_1,complete_1,block_2_1,unroll_2,pipeline_1,unroll_2,unroll_16,unroll_4,unroll_8,1,2.5,1,True
workload_1242.cpp,xczu7ev-ffvc1156-2-e,5,11.86063,90,1,1,3,5,complete_1,complete_1,cyclic_8_1,complete_1,block_2_1,unroll_2,pipeline_1,unroll_2,unroll_16,unroll_8,unroll_2,1,2.5,1,True
workload_1024.cpp,xczu7ev-ffvc1156-2-e,5,11.66688,90,1,1,4,6,complete_1,complete_1,cyclic_8_1,complete_1,block_2_1,unroll_2,pipeline_1,unroll_2,unroll_4,unroll_16,unroll_2,1,3,1,True
workload_1442.cpp,xczu7ev-ffvc1156-2-e,5,11.66688,90,1,1,4,6,complete_1,complete_1,cyclic_8_1,complete_1,block_2_1,unroll_2,pipeline_1,unroll_2,unroll_4,unroll_4,unroll_16,1,3,1,True
workload_1278.cpp,xczu7ev-ffvc1156-2-e,5,207.65813,90,1,1,2,11,complete_1,complete_1,cyclic_8_1,complete_1,block_2_1,unroll_2,unroll_2,unroll_2,pipeline_1,unroll_4,unroll_8,1,3.75,0.632965198893,False
workload_891.cpp,xczu7ev-ffvc1156-2-e,5,11.66688,89,1,1,4,6,complete_1,complete_1,cyclic_8_1,complete_1,block_4_1,unroll_2,pipeline_1,pipeline_1,pipeline_1,unroll_16,pipeline_1,1,3,1,True
workload_848.cpp,xczu7ev-ffvc1156-2-e,5,11.66688,89.5,1,1,4,6,complete_1,complete_1,cyclic_8_1,complete_1,block_4_1,unroll_2,pipeline_1,pipeline_1,pipeline_1,unroll_16,unroll_2,2,3,1,True
workload_1053.cpp,xczu7ev-ffvc1156-2-e,5,11.66688,91,1,1,4,6,complete_1,complete_1,cyclic_8_1,complete_1,block_4_1,unroll_2,pipeline_1,pipeline_1,unroll_4,unroll_16,unroll_2,1,3,1,True
workload_1416.cpp,xczu7ev-ffvc1156-2-e,5,11.66688,89,1,1,4,6,complete_1,complete_1,cyclic_8_1,complete_1,block_4_1,unroll_2,pipeline_1,unroll_2,unroll_4,unroll_4,unroll_2,1,3,1,True
workload_1440.cpp,xczu7ev-ffvc1156-2-e,5,11.66688,91,1,1,4,6,complete_1,complete_1,cyclic_8_1,complete_1,block_4_1,unroll_2,pipeline_1,unroll_2,unroll_4,unroll_4,unroll_8,1,3,1,True
workload_1468.cpp,xczu7ev-ffvc1156-2-e,5,11.86063,85,1,1,3,5,complete_1,complete_1,cyclic_8_1,complete_1,complete_1,unroll_2,pipeline_1,pipeline_1,unroll_16,unroll_4,unroll_2,1,2.5,1,True
workload_1029.cpp,xczu7ev-ffvc1156-2-e,5,11.66688,88,1,1,4,6,complete_1,complete_1,cyclic_8_1,complete_1,cyclic_8_1,unroll_2,pipeline_1,pipeline_1,pipeline_1,unroll_8,unroll_2,1,3,1,True
workload_916.cpp,xczu7ev-ffvc1156-2-e,5,11.66688,90,1,1,4,6,complete_1,complete_1,cyclic_8_1,complete_1,cyclic_8_1,unroll_2,pipeline_1,unroll_2,pipeline_1,unroll_16,pipeline_1,1,3,1,True
workload_974.cpp,xczu7ev-ffvc1156-2-e,5,11.66688,92,1,1,4,6,complete_1,complete_1,cyclic_8_1,complete_1,cyclic_8_1,unroll_2,pipeline_1,unroll_2,pipeline_1,unroll_16,unroll_2,1,3,1,True
workload_1170.cpp,xczu7ev-ffvc1156-2-e,5,11.86063,85,1,1,3,5,complete_1,complete_1,cyclic_8_1,cyclic_2_1,block_2_1,unroll_2,pipeline_1,pipeline_1,unroll_16,unroll_16,unroll_8,1,2.5,1,True
workload_1558.cpp,xczu7ev-ffvc1156-2-e,5,11.86063,86,1,1,3,5,complete_1,complete_1,cyclic_8_1,cyclic_2_1,block_2_1,unroll_2,pipeline_1,pipeline_1,unroll_16,unroll_4,unroll_8,1,2.5,1,True
workload_1591.cpp,xczu7ev-ffvc1156-2-e,5,11.66688,91,1,1,4,6,complete_1,complete_1,cyclic_8_1,cyclic_2_1,block_2_1,unroll_2,pipeline_1,pipeline_1,unroll_4,unroll_4,unroll_8,1,3,1,True
workload_1634.cpp,xczu7ev-ffvc1156-2-e,5,195.00188,96,1,2,4,11,complete_1,complete_1,cyclic_8_1,cyclic_2_1,block_2_1,unroll_2,unroll_2,pipeline_1,unroll_16,unroll_4,unroll_8,1,4.5,0.628749134994,False
workload_943.cpp,xczu7ev-ffvc1156-2-e,5,11.66688,88,1,1,4,6,complete_1,complete_1,cyclic_8_1,cyclic_4_1,block_2_1,unroll_2,pipeline_1,unroll_2,unroll_4,unroll_16,unroll_2,1,3,1,True
workload_1063.cpp,xczu7ev-ffvc1156-2-e,5,11.66688,87,1,1,4,6,complete_1,complete_1,cyclic_8_1,cyclic_4_1,block_4_1,unroll_2,pipeline_1,pipeline_1,unroll_4,unroll_16,unroll_4,1,3,1,True
workload_1102.cpp,xczu7ev-ffvc1156-2-e,5,11.66688,90.5,1,1,4,6,complete_1,complete_1,cyclic_8_1,cyclic_4_1,block_4_1,unroll_2,pipeline_1,pipeline_1,unroll_4,unroll_4,unroll_2,2,3,1,True
workload_1069.cpp,xczu7ev-ffvc1156-2-e,5,207.18938,80,1,1,2,5,complete_1,complete_1,cyclic_8_1,cyclic_4_1,complete_1,unroll_2,pipeline_1,pipeline_1,unroll_4,pipeline_1,unroll_2,1,2.25,1,True
workload_1233.cpp,xczu7ev-ffvc1156-2-e,5,11.66688,90,1,1,4,6,complete_1,complete_1,cyclic_8_1,cyclic_4_1,complete_1,unroll_2,pipeline_1,pipeline_1,unroll_4,unroll_8,pipeline_1,1,3,1,True
workload_1031.cpp,xczu7ev-ffvc1156-2-e,5,11.66688,85,1,1,4,6,complete_1,complete_1,cyclic_8_1,cyclic_4_1,complete_1,unroll_2,pipeline_1,unroll_2,unroll_4,unroll_4,unroll_2,1,3,1,True
workload_972.cpp,xczu7ev-ffvc1156-2-e,5,11.66688,89,1,1,4,6,complete_1,complete_1,cyclic_8_1,cyclic_4_1,cyclic_2_1,unroll_2,pipeline_1,unroll_2,unroll_4,unroll_16,unroll_2,1,3,1,True
workload_973.cpp,xczu7ev-ffvc1156-2-e,5,11.66688,90,1,1,4,6,complete_1,complete_2,block_2_1,block_4_1,complete_1,unroll_2,pipeline_1,pipeline_1,unroll_4,unroll_4,unroll_2,1,3,1,True
workload_1027.cpp,xczu7ev-ffvc1156-2-e,5,11.66688,86,1,1,4,6,complete_1,complete_2,block_2_1,block_4_1,complete_1,unroll_2,pipeline_1,unroll_2,unroll_4,unroll_4,unroll_2,1,3,1,True
workload_1008.cpp,xczu7ev-ffvc1156-2-e,5,11.86063,86,1,1,3,5,complete_1,complete_2,block_2_1,complete_1,block_4_1,unroll_2,pipeline_1,pipeline_1,unroll_16,unroll_4,unroll_2,1,2.5,1,True
workload_965.cpp,xczu7ev-ffvc1156-2-e,5,11.86063,84,1,1,3,5,complete_1,complete_2,block_2_1,complete_1,complete_1,unroll_2,pipeline_1,unroll_2,unroll_16,unroll_4,unroll_2,1,2.5,1,True
workload_1014.cpp,xczu7ev-ffvc1156-2-e,5,11.66688,88,1,1,4,6,complete_1,complete_2,block_8_1,block_4_1,complete_1,unroll_2,pipeline_1,pipeline_1,unroll_4,unroll_16,unroll_2,1,3,1,True
workload_989.cpp,xczu7ev-ffvc1156-2-e,5,11.66688,90,1,1,4,6,complete_1,complete_2,block_8_1,block_4_1,cyclic_8_1,unroll_2,pipeline_1,pipeline_1,unroll_4,unroll_16,unroll_2,1,3,1,True
workload_1032.cpp,xczu7ev-ffvc1156-2-e,5,11.66688,84,1,1,4,6,complete_1,complete_2,block_8_1,block_4_1,cyclic_8_1,unroll_2,pipeline_1,pipeline_1,unroll_4,unroll_8,unroll_2,1,3,1,True
workload_1084.cpp,xczu7ev-ffvc1156-2-e,5,11.66688,89,1,1,4,6,complete_1,complete_2,block_8_1,block_8_1,block_2_1,unroll_2,pipeline_1,pipeline_1,unroll_4,unroll_16,unroll_2,1,3,1,True
workload_1184.cpp,xczu7ev-ffvc1156-2-e,5,11.66688,88,1,1,4,6,complete_1,complete_2,block_8_1,block_8_1,complete_1,unroll_2,pipeline_1,pipeline_1,pipeline_1,unroll_16,unroll_2,1,3,1,True
workload_1033.cpp,xczu7ev-ffvc1156-2-e,5,11.66688,86,1,1,4,6,complete_1,complete_2,block_8_1,block_8_1,complete_1,unroll_2,pipeline_1,pipeline_1,pipeline_1,unroll_4,unroll_2,1,3,1,True
workload_1125.cpp,xczu7ev-ffvc1156-2-e,5,11.66688,87,1,1,4,6,complete_1,complete_2,block_8_1,block_8_1,cyclic_8_1,unroll_2,pipeline_1,pipeline_1,unroll_4,unroll_16,unroll_2,1,3,1,True
workload_1410.cpp,xczu7ev-ffvc1156-2-e,5,11.66688,88,1,1,4,6,complete_1,complete_2,complete_1,block_2_1,complete_1,unroll_2,pipeline_1,pipeline_1,pipeline_1,unroll_4,unroll_2,1,3,1,True
workload_1445.cpp,xczu7ev-ffvc1156-2-e,5,11.66688,88,1,1,4,6,complete_1,complete_2,complete_1,block_2_1,complete_1,unroll_2,pipeline_1,unroll_2,pipeline_1,unroll_4,unroll_2,1,3,1,True
workload_1129.cpp,xczu7ev-ffvc1156-2-e,5,11.66688,87,1,1,4,6,complete_1,complete_2,complete_1,block_4_1,block_2_1,unroll_2,pipeline_1,pipeline_1,pipeline_1,unroll_8,unroll_2,1,3,1,True
workload_1657.cpp,xczu7ev-ffvc1156-2-e,5,11.86063,80,1,1,3,5,complete_1,complete_2,complete_1,block_4_1,block_2_1,unroll_2,pipeline_1,pipeline_1,unroll_16,unroll_8,unroll_8,1,2.5,1,True
workload_1225.cpp,xczu7ev-ffvc1156-2-e,5,11.66688,91,1,1,4,6,complete_1,complete_2,complete_1,block_4_1,block_2_1,unroll_2,pipeline_1,pipeline_1,unroll_4,unroll_16,unroll_4,1,3,1,True
workload_1075.cpp,xczu7ev-ffvc1156-2-e,5,11.66688,88,1,1,4,6,complete_1,complete_2,complete_1,block_4_1,block_2_1,unroll_2,pipeline_1,pipeline_1,unroll_4,unroll_8,unroll_8,1,3,1,True
workload_1126.cpp,xczu7ev-ffvc1156-2-e,5,11.66688,88,1,1,4,6,complete_1,complete_2,complete_1,block_4_1,block_2_1,unroll_2,pipeline_1,unroll_2,unroll_4,unroll_16,unroll_4,1,3,1,True
workload_1495.cpp,xczu7ev-ffvc1156-2-e,5,11.66688,87,1,1,4,6,complete_1,complete_2,complete_1,block_4_1,block_4_1,unroll_2,pipeline_1,unroll_2,unroll_2,unroll_8,unroll_4,1,3,1,True
workload_1605.cpp,xczu7ev-ffvc1156-2-e,5,11.66688,87,1,1,4,6,complete_1,complete_2,complete_1,block_4_1,block_4_1,unroll_2,pipeline_1,unroll_2,unroll_4,unroll_16,unroll_4,1,3,1,True
workload_819.cpp,xczu7ev-ffvc1156-2-e,5,11.946425,1056,1,1,20,38,complete_1,complete_2,complete_1,block_4_1,complete_1,unroll_16,pipeline_1,unroll_2,pipeline_1,unroll_4,unroll_2,1,15,0.419490655883,False
workload_1011.cpp,xczu7ev-ffvc1156-2-e,5,11.66688,87,1,1,4,6,complete_1,complete_2,complete_1,block_4_1,complete_1,unroll_2,pipeline_1,pipeline_1,pipeline_1,unroll_4,unroll_2,1,3,1,True
workload_1588.cpp,xczu7ev-ffvc1156-2-e,5,207.18938,80,1,1,2,5,complete_1,complete_2,complete_1,block_4_1,complete_1,unroll_2,pipeline_1,pipeline_1,unroll_16,pipeline_1,unroll_2,1,2.25,1,True
workload_1171.cpp,xczu7ev-ffvc1156-2-e,5,11.86063,84,1,1,3,5,complete_1,complete_2,complete_1,block_4_1,complete_1,unroll_2,pipeline_1,pipeline_1,unroll_16,unroll_2,unroll_2,1,2.5,1,True
workload_942.cpp,xczu7ev-ffvc1156-2-e,5,11.66688,88,1,1,4,6,complete_1,complete_2,complete_1,block_4_1,complete_1,unroll_2,pipeline_1,pipeline_1,unroll_4,unroll_16,unroll_2,1,3,1,True
workload_987.cpp,xczu7ev-ffvc1156-2-e,5,11.66688,92,1,1,4,6,complete_1,complete_2,complete_1,block_4_1,complete_1,unroll_2,pipeline_1,pipeline_1,unroll_4,unroll_2,unroll_2,1,3,1,True
workload_762.cpp,xczu7ev-ffvc1156-2-e,5,11.66688,102,1,1,4,6,complete_1,complete_2,complete_1,block_4_1,complete_1,unroll_2,pipeline_1,unroll_2,pipeline_1,unroll_4,unroll_2,1,3,1,True
workload_1331.cpp,xczu7ev-ffvc1156-2-e,5,11.86063,85,1,1,3,5,complete_1,complete_2,complete_1,block_4_1,complete_1,unroll_2,pipeline_1,unroll_2,unroll_16,unroll_4,unroll_8,1,2.5,1,True
workload_1206.cpp,xczu7ev-ffvc1156-2-e,5,11.86063,84,1,1,3,5,complete_1,complete_2,complete_1,block_4_1,complete_1,unroll_2,pipeline_1,unroll_2,unroll_16,unroll_8,unroll_8,1,2.5,1,True
workload_1009.cpp,xczu7ev-ffvc1156-2-e,5,11.66688,87,1,1,4,6,complete_1,complete_2,complete_1,block_4_1,complete_1,unroll_2,pipeline_1,unroll_2,unroll_4,unroll_2,unroll_2,1,3,1,True
workload_952.cpp,xczu7ev-ffvc1156-2-e,5,200.29563,1946,1,1,54,70,complete_1,complete_2,complete_1,block_4_1,complete_1,unroll_2,unroll_4,unroll_2,pipeline_1,unroll_16,unroll_8,1,31.5,0.1,False
workload_1343.cpp,xczu7ev-ffvc1156-2-e,5,11.66688,86,1,1,4,6,complete_1,complete_2,complete_1,complete_1,block_2_1,unroll_2,pipeline_1,pipeline_1,pipeline_1,unroll_16,unroll_2,1,3,1,True
workload_1397.cpp,xczu7ev-ffvc1156-2-e,5,11.66688,90,1,1,4,6,complete_1,complete_2,complete_1,complete_1,block_2_1,unroll_2,pipeline_1,pipeline_1,pipeline_1,unroll_16,unroll_8,1,3,1,True
workload_1160.cpp,xczu7ev-ffvc1156-2-e,5,11.66688,86,1,1,4,6,complete_1,complete_2,complete_1,complete_1,block_2_1,unroll_2,pipeline_1,pipeline_1,pipeline_1,unroll_8,unroll_2,1,3,1,True
workload_1296.cpp,xczu7ev-ffvc1156-2-e,5,11.86063,84,1,1,3,5,complete_1,complete_2,complete_1,complete_1,block_2_1,unroll_2,pipeline_1,pipeline_1,unroll_16,unroll_8,unroll_8,1,2.5,1,True
workload_1357.cpp,xczu7ev-ffvc1156-2-e,5,11.66688,88,1,1,4,6,complete_1,complete_2,complete_1,complete_1,block_2_1,unroll_2,pipeline_1,pipeline_1,unroll_4,unroll_8,unroll_16,1,3,1,True
workload_1353.cpp,xczu7ev-ffvc1156-2-e,5,11.86063,83,1,1,3,5,complete_1,complete_2,complete_1,complete_1,block_4_1,unroll_2,pipeline_1,pipeline_1,unroll_16,unroll_4,unroll_8,1,2.5,1,True
workload_1385.cpp,xczu7ev-ffvc1156-2-e,5,11.86063,83,1,1,3,5,complete_1,complete_2,complete_1,complete_1,block_4_1,unroll_2,pipeline_1,pipeline_1,unroll_16,unroll_8,unroll_8,1,2.5,1,True
workload_1288.cpp,xczu7ev-ffvc1156-2-e,5,11.66688,87,1,1,4,6,complete_1,complete_2,complete_1,complete_1,complete_1,unroll_2,pipeline_1,pipeline_1,pipeline_1,unroll_4,unroll_2,1,3,1,True
workload_1523.cpp,xczu7ev-ffvc1156-2-e,5,11.86063,85,1,1,3,5,complete_1,complete_2,complete_1,complete_1,complete_1,unroll_2,pipeline_1,pipeline_1,unroll_16,unroll_2,unroll_8,1,2.5,1,True
workload_1231.cpp,xczu7ev-ffvc1156-2-e,5,11.86063,86,1,1,3,5,complete_1,complete_2,complete_1,complete_1,complete_1,unroll_2,pipeline_1,pipeline_1,unroll_16,unroll_4,unroll_8,1,2.5,1,True
workload_920.cpp,xczu7ev-ffvc1156-2-e,5,11.66688,90,1,1,4,6,complete_1,complete_2,complete_1,complete_1,complete_1,unroll_2,pipeline_1,pipeline_1,unroll_2,unroll_4,unroll_2,1,3,1,True
workload_907.cpp,xczu7ev-ffvc1156-2-e,5,11.86063,84,1,1,3,5,complete_1,complete_2,complete_1,complete_1,complete_1,unroll_2,pipeline_1,unroll_2,unroll_16,unroll_4,unroll_2,1,2.5,1,True
workload_1272.cpp,xczu7ev-ffvc1156-2-e,5,11.86063,84,1,1,3,5,complete_1,complete_2,complete_1,complete_1,complete_1,unroll_2,pipeline_1,unroll_2,unroll_16,unroll_4,unroll_8,1,2.5,1,True
workload_1079.cpp,xczu7ev-ffvc1156-2-e,5,11.86063,86,1,1,3,5,complete_1,complete_2,complete_1,complete_1,complete_1,unroll_2,pipeline_1,unroll_2,unroll_16,unroll_8,unroll_16,1,2.5,1,True
workload_1146.cpp,xczu7ev-ffvc1156-2-e,5,11.86063,85.5,1,1,3,5,complete_1,complete_2,complete_1,complete_1,complete_1,unroll_2,pipeline_1,unroll_2,unroll_16,unroll_8,unroll_8,2,2.5,1,True
workload_1505.cpp,xczu7ev-ffvc1156-2-e,5,198.28313,214,1,1,16,23,complete_1,complete_2,complete_1,complete_1,complete_1,unroll_2,unroll_2,pipeline_1,pipeline_1,unroll_2,unroll_8,1,10.25,0.462463247343,False
workload_1540.cpp,xczu7ev-ffvc1156-2-e,5,11.95522,135,1,1,5,8,complete_1,complete_2,complete_1,complete_1,complete_1,unroll_4,pipeline_1,pipeline_1,unroll_16,unroll_4,unroll_8,1,3.75,0.941581864093,False
workload_1544.cpp,xczu7ev-ffvc1156-2-e,5,11.86063,85,1,1,3,5,complete_1,complete_2,complete_1,cyclic_2_1,block_2_1,unroll_2,pipeline_1,pipeline_1,unroll_16,unroll_4,unroll_2,1,2.5,1,True
workload_1580.cpp,xczu7ev-ffvc1156-2-e,5,11.86063,83,1,1,3,5,complete_1,complete_2,complete_1,cyclic_2_1,block_2_1,unroll_2,pipeline_1,pipeline_1,unroll_16,unroll_8,unroll_8,1,2.5,1,True
workload_1598.cpp,xczu7ev-ffvc1156-2-e,5,11.66688,88,1,1,4,6,complete_1,complete_2,complete_1,cyclic_2_1,block_2_1,unroll_2,pipeline_1,pipeline_1,unroll_4,unroll_4,unroll_2,1,3,1,True
workload_1480.cpp,xczu7ev-ffvc1156-2-e,5,11.66688,91.5,1,1,4,6,complete_1,complete_2,complete_1,cyclic_2_1,block_2_1,unroll_2,pipeline_1,pipeline_1,unroll_8,unroll_4,unroll_8,2,3,1,True
workload_1619.cpp,xczu7ev-ffvc1156-2-e,5,11.95522,128,1,1,5,8,complete_1,complete_2,complete_1,cyclic_2_1,block_2_1,unroll_4,pipeline_1,pipeline_1,unroll_16,unroll_8,unroll_8,1,3.75,0.941581864093,False
workload_1632.cpp,xczu7ev-ffvc1156-2-e,5,11.86063,84,1,1,3,5,complete_1,complete_2,complete_1,cyclic_2_1,complete_1,unroll_2,pipeline_1,pipeline_1,unroll_16,unroll_4,unroll_8,1,2.5,1,True
workload_1599.cpp,xczu7ev-ffvc1156-2-e,5,11.66688,86,1,1,4,6,complete_1,complete_2,complete_1,cyclic_2_1,cyclic_8_1,unroll_2,pipeline_1,pipeline_1,pipeline_1,unroll_8,unroll_2,1,3,1,True
workload_1450.cpp,xczu7ev-ffvc1156-2-e,5,11.66688,93,1,1,4,6,complete_1,complete_2,complete_1,cyclic_4_1,block_2_1,unroll_2,pipeline_1,pipeline_1,pipeline_1,unroll_16,unroll_8,1,3,1,True
workload_1354.cpp,xczu7ev-ffvc1156-2-e,5,11.66688,87,1,1,4,6,complete_1,complete_2,complete_1,cyclic_4_1,block_2_1,unroll_2,pipeline_1,pipeline_1,unroll_4,unroll_4,unroll_4,1,3,1,True
workload_1411.cpp,xczu7ev-ffvc1156-2-e,5,11.66688,87,1,1,4,6,complete_1,complete_2,complete_1,cyclic_4_1,block_2_1,unroll_2,pipeline_1,unroll_2,pipeline_1,unroll_8,unroll_4,1,3,1,True
workload_1309.cpp,xczu7ev-ffvc1156-2-e,5,11.66688,88,1,1,4,6,complete_1,complete_2,complete_1,cyclic_4_1,block_2_1,unroll_2,pipeline_1,unroll_2,unroll_4,unroll_8,unroll_4,1,3,1,True
workload_1451.cpp,xczu7ev-ffvc1156-2-e,5,11.86063,85,1,1,3,5,complete_1,complete_2,complete_1,cyclic_4_1,block_4_1,unroll_2,pipeline_1,unroll_2,unroll_16,unroll_8,unroll_2,1,2.5,1,True
workload_1202.cpp,xczu7ev-ffvc1156-2-e,5,11.86063,85,1,1,3,5,complete_1,complete_2,complete_1,cyclic_4_1,complete_1,unroll_2,pipeline_1,pipeline_1,unroll_16,unroll_16,unroll_2,1,2.5,1,True
workload_970.cpp,xczu7ev-ffvc1156-2-e,5,11.66688,88,1,1,4,6,complete_1,complete_2,complete_1,cyclic_4_1,complete_1,unroll_2,pipeline_1,pipeline_1,unroll_4,unroll_4,unroll_2,1,3,1,True
workload_1542.cpp,xczu7ev-ffvc1156-2-e,5,11.66688,85,1,1,4,6,complete_1,complete_2,complete_1,cyclic_4_1,complete_1,unroll_2,pipeline_1,pipeline_1,unroll_8,unroll_4,unroll_8,1,3,1,True
workload_1492.cpp,xczu7ev-ffvc1156-2-e,5,207.65813,81,1,1,3,9,complete_1,complete_2,cyclic_4_1,block_2_1,block_2_1,unroll_2,unroll_2,pipeline_1,pipeline_1,unroll_2,unroll_8,1,3.5,0.639210883519,False
workload_1452.cpp,xczu7ev-ffvc1156-2-e,5,11.66688,86,1,1,4,6,complete_1,complete_2,cyclic_4_1,block_4_1,block_2_1,unroll_2,pipeline_1,pipeline_1,pipeline_1,unroll_16,unroll_16,1,3,1,True
workload_1473.cpp,xczu7ev-ffvc1156-2-e,5,11.66688,91,1,1,4,6,complete_1,complete_2,cyclic_4_1,block_4_1,block_2_1,unroll_2,pipeline_1,pipeline_1,pipeline_1,unroll_4,unroll_8,1,3,1,True
workload_1508.cpp,xczu7ev-ffvc1156-2-e,5,11.66688,87,1,1,4,6,complete_1,complete_2,cyclic_4_1,block_4_1,block_2_1,unroll_2,pipeline_1,pipeline_1,pipeline_1,unroll_8,unroll_2,1,3,1,True
workload_1493.cpp,xczu7ev-ffvc1156-2-e,5,11.86063,85,1,1,3,5,complete_1,complete_2,cyclic_4_1,block_4_1,block_2_1,unroll_2,pipeline_1,pipeline_1,unroll_16,unroll_4,unroll_8,1,2.5,1,True
workload_1244.cpp,xczu7ev-ffvc1156-2-e,5,11.66688,91,1,1,4,6,complete_1,complete_2,cyclic_4_1,block_4_1,block_2_1,unroll_2,pipeline_1,pipeline_1,unroll_4,unroll_16,unroll_2,1,3,1,True
workload_1191.cpp,xczu7ev-ffvc1156-2-e,5,11.66688,87,1,1,4,6,complete_1,complete_2,cyclic_4_1,block_4_1,block_2_1,unroll_2,pipeline_1,pipeline_1,unroll_4,unroll_16,unroll_4,1,3,1,True
workload_1577.cpp,xczu7ev-ffvc1156-2-e,5,11.66688,87,1,1,4,6,complete_1,complete_2,cyclic_4_1,block_4_1,block_2_1,unroll_2,pipeline_1,pipeline_1,unroll_4,unroll_8,unroll_16,1,3,1,True
workload_1381.cpp,xczu7ev-ffvc1156-2-e,5,11.66688,89,1,1,4,6,complete_1,complete_2,cyclic_4_1,block_4_1,block_2_1,unroll_2,pipeline_1,unroll_2,pipeline_1,unroll_4,unroll_8,1,3,1,True
workload_1403.cpp,xczu7ev-ffvc1156-2-e,5,11.66688,91,1,1,4,6,complete_1,complete_2,cyclic_4_1,block_4_1,block_2_1,unroll_2,pipeline_1,unroll_2,unroll_4,unroll_4,unroll_4,1,3,1,True
workload_1433.cpp,xczu7ev-ffvc1156-2-e,5,207.65813,83,1,1,2,8,complete_1,complete_2,cyclic_4_1,block_4_1,block_2_1,unroll_2,unroll_2,pipeline_1,pipeline_1,unroll_2,unroll_8,1,3,0.651460252759,False
workload_1351.cpp,xczu7ev-ffvc1156-2-e,5,265.15813,68,1,1,2,7,complete_1,complete_2,cyclic_4_1,block_4_1,block_2_1,unroll_2,unroll_2,pipeline_1,pipeline_1,unroll_4,unroll_2,1,2.75,0.508878959679,False
workload_1287.cpp,xczu7ev-ffvc1156-2-e,5,207.65813,82,1,1,2,8,complete_1,complete_2,cyclic_4_1,block_4_1,block_2_1,unroll_2,unroll_2,pipeline_1,pipeline_1,unroll_4,unroll_8,1,3,0.651460252759,False
workload_1475.cpp,xczu7ev-ffvc1156-2-e,5,195.00188,96,1,2,4,11,complete_1,complete_2,cyclic_4_1,block_4_1,block_2_1,unroll_2,unroll_2,pipeline_1,unroll_16,unroll_4,unroll_8,1,4.5,0.628749134994,False
workload_1527.cpp,xczu7ev-ffvc1156-2-e,5,207.65813,81,1,1,2,8,complete_1,complete_2,cyclic_4_1,block_4_1,block_2_1,unroll_2,unroll_2,unroll_2,pipeline_1,unroll_4,unroll_8,1,3,0.651460252759,False
workload_1441.cpp,xczu7ev-ffvc1156-2-e,5,11.66688,89,1,1,4,6,complete_1,complete_2,cyclic_4_1,block_4_1,block_4_1,unroll_2,pipeline_1,pipeline_1,unroll_4,unroll_16,unroll_2,1,3,1,True
workload_1293.cpp,xczu7ev-ffvc1156-2-e,5,11.86063,85,1,1,3,5,complete_1,complete_2,cyclic_4_1,block_4_1,block_4_1,unroll_2,pipeline_1,unroll_2,unroll_16,unroll_8,unroll_2,1,2.5,1,True
workload_1421.cpp,xczu7ev-ffvc1156-2-e,5,11.66688,92,1,1,4,6,complete_1,complete_2,cyclic_4_1,block_4_1,block_4_1,unroll_2,pipeline_1,unroll_2,unroll_2,unroll_16,unroll_2,1,3,1,True
workload_1138.cpp,xczu7ev-ffvc1156-2-e,5,250.78313,262,1,1,19,51,complete_1,complete_2,cyclic_4_1,block_4_1,complete_1,unroll_2,unroll_2,pipeline_1,pipeline_1,unroll_4,unroll_2,1,18,0.22910724284,False
workload_1115.cpp,xczu7ev-ffvc1156-2-e,5,11.66688,86,1,1,4,6,complete_1,complete_2,cyclic_4_1,block_8_1,complete_1,unroll_2,pipeline_1,pipeline_1,pipeline_1,unroll_4,unroll_2,1,3,1,True
workload_1447.cpp,xczu7ev-ffvc1156-2-e,5,11.66688,88,1,1,4,6,complete_1,complete_2,cyclic_4_1,complete_1,block_2_1,unroll_2,pipeline_1,pipeline_1,unroll_4,unroll_4,unroll_2,1,3,1,True
workload_1485.cpp,xczu7ev-ffvc1156-2-e,5,11.66688,89,1,1,4,6,complete_1,complete_2,cyclic_4_1,complete_1,block_2_1,unroll_2,pipeline_1,pipeline_1,unroll_4,unroll_8,unroll_16,1,3,1,True
workload_1504.cpp,xczu7ev-ffvc1156-2-e,5,11.66688,88,1,1,4,6,complete_1,complete_2,cyclic_4_1,complete_1,block_2_1,unroll_2,pipeline_1,pipeline_1,unroll_4,unroll_8,unroll_8,1,3,1,True
workload_1487.cpp,xczu7ev-ffvc1156-2-e,5,11.66688,88,1,1,4,6,complete_1,complete_2,cyclic_4_1,complete_1,block_2_1,unroll_2,pipeline_1,unroll_2,unroll_4,unroll_4,unroll_2,1,3,1,True
workload_1388.cpp,xczu7ev-ffvc1156-2-e,5,195.00188,93,1,2,4,11,complete_1,complete_2,cyclic_4_1,complete_1,block_2_1,unroll_2,unroll_2,pipeline_1,unroll_16,unroll_4,unroll_8,1,4.5,0.628749134994,False
workload_1313.cpp,xczu7ev-ffvc1156-2-e,5,11.86063,90,1,1,3,5,complete_1,complete_2,cyclic_4_1,complete_1,block_4_1,unroll_2,pipeline_1,unroll_2,unroll_16,unroll_8,unroll_2,1,2.5,1,True
workload_1564.cpp,xczu7ev-ffvc1156-2-e,5,11.66688,87,1,1,4,6,complete_1,complete_2,cyclic_4_1,complete_1,complete_1,unroll_2,pipeline_1,pipeline_1,unroll_4,unroll_4,unroll_2,1,3,1,True
workload_1409.cpp,xczu7ev-ffvc1156-2-e,5,11.86063,86,1,1,3,5,complete_1,complete_2,cyclic_4_1,complete_1,complete_1,unroll_2,pipeline_1,unroll_2,unroll_16,unroll_4,unroll_2,1,2.5,1,True
workload_1470.cpp,xczu7ev-ffvc1156-2-e,5,11.66688,88.5,1,1,4,6,complete_1,complete_2,cyclic_4_1,cyclic_2_1,block_2_1,unroll_2,pipeline_1,pipeline_1,pipeline_1,unroll_16,unroll_8,2,3,1,True
workload_1620.cpp,xczu7ev-ffvc1156-2-e,5,11.66688,88,1,1,4,6,complete_1,complete_2,cyclic_4_1,cyclic_2_1,block_2_1,unroll_2,pipeline_1,pipeline_1,pipeline_1,unroll_4,unroll_8,1,3,1,True
workload_1543.cpp,xczu7ev-ffvc1156-2-e,5,11.66688,81,1,1,4,6,complete_1,complete_2,cyclic_4_1,cyclic_2_1,block_2_1,unroll_2,pipeline_1,pipeline_1,unroll_4,unroll_8,unroll_2,1,3,1,True
workload_1437.cpp,xczu7ev-ffvc1156-2-e,5,11.86063,87,1,1,3,5,complete_1,complete_2,cyclic_4_1,cyclic_2_1,block_4_1,unroll_2,pipeline_1,pipeline_1,unroll_16,unroll_8,unroll_2,1,2.5,1,True
workload_1515.cpp,xczu7ev-ffvc1156-2-e,5,11.66688,89.5,1,1,4,6,complete_1,complete_2,cyclic_4_1,cyclic_4_1,block_2_1,unroll_2,pipeline_1,pipeline_1,pipeline_1,unroll_4,unroll_8,2,3,1,True
workload_1607.cpp,xczu7ev-ffvc1156-2-e,5,11.66688,88,1,1,4,6,complete_1,complete_2,cyclic_4_1,cyclic_4_1,block_2_1,unroll_2,pipeline_1,pipeline_1,unroll_4,unroll_16,unroll_8,1,3,1,True
workload_1423.cpp,xczu7ev-ffvc1156-2-e,5,11.66688,90,1,1,4,6,complete_1,complete_2,cyclic_4_1,cyclic_4_1,block_2_1,unroll_2,pipeline_1,pipeline_1,unroll_4,unroll_8,unroll_4,1,3,1,True
workload_1639.cpp,xczu7ev-ffvc1156-2-e,5,11.66688,90,1,1,4,6,complete_1,complete_2,cyclic_4_1,cyclic_4_1,block_2_1,unroll_2,pipeline_1,unroll_2,pipeline_1,unroll_16,unroll_8,1,3,1,True
workload_1501.cpp,xczu7ev-ffvc1156-2-e,5,11.66688,90,1,1,4,6,complete_1,complete_2,cyclic_4_1,cyclic_4_1,block_2_1,unroll_2,pipeline_1,unroll_2,unroll_4,unroll_16,unroll_2,1,3,1,True
workload_1491.cpp,xczu7ev-ffvc1156-2-e,5,265.15813,69,1,1,2,7,complete_1,complete_2,cyclic_4_1,cyclic_4_1,block_2_1,unroll_2,unroll_2,pipeline_1,pipeline_1,unroll_4,unroll_2,1,2.75,0.508878959679,False
workload_1608.cpp,xczu7ev-ffvc1156-2-e,5,207.65813,81,1,1,3,8,complete_1,complete_2,cyclic_4_1,cyclic_4_1,block_2_1,unroll_2,unroll_2,pipeline_1,pipeline_1,unroll_4,unroll_8,1,3.25,0.645376950695,False
workload_1502.cpp,xczu7ev-ffvc1156-2-e,5,11.86063,84,1,1,3,5,complete_1,complete_2,cyclic_4_1,cyclic_4_1,block_4_1,unroll_2,pipeline_1,pipeline_1,unroll_16,unroll_8,unroll_2,1,2.5,1,True
workload_1189.cpp,xczu7ev-ffvc1156-2-e,5,11.66688,90,1,1,4,6,complete_1,complete_2,cyclic_4_1,cyclic_4_1,complete_1,unroll_2,pipeline_1,pipeline_1,unroll_4,unroll_8,unroll_2,1,3,1,True
workload_1641.cpp,xczu7ev-ffvc1156-2-e,5,11.66688,88,1,1,4,6,complete_1,complete_2,cyclic_4_1,cyclic_4_1,cyclic_8_1,unroll_2,pipeline_1,pipeline_1,unroll_4,unroll_4,unroll_2,1,3,1,True
workload_1448.cpp,xczu7ev-ffvc1156-2-e,5,11.66688,87,1,1,4,6,complete_1,complete_2,cyclic_4_1,cyclic_8_1,cyclic_8_1,unroll_2,pipeline_1,unroll_2,pipeline_1,unroll_8,unroll_16,1,3,1,True
workload_923.cpp,xczu7ev-ffvc1156-2-e,5,11.75992,155,1,1,6,11,complete_1,complete_2,cyclic_8_1,block_2_1,block_2_1,unroll_4,pipeline_1,pipeline_1,unroll_4,unroll_16,unroll_2,1,4.75,0.885136421295,False
workload_1539.cpp,xczu7ev-ffvc1156-2-e,5,207.65813,84,1,1,2,10,complete_1,complete_2,cyclic_8_1,block_4_1,block_2_1,unroll_2,unroll_2,pipeline_1,pipeline_1,unroll_4,unroll_8,1,3.5,0.639210883519,False
workload_1335.cpp,xczu7ev-ffvc1156-2-e,5,195.00188,97,1,2,4,11,complete_1,complete_2,cyclic_8_1,block_4_1,block_2_1,unroll_2,unroll_2,pipeline_1,unroll_16,unroll_4,unroll_8,1,4.5,0.628749134994,False
workload_1545.cpp,xczu7ev-ffvc1156-2-e,5,207.65813,85,1,1,2,10,complete_1,complete_2,cyclic_8_1,block_4_1,block_2_1,unroll_2,unroll_2,unroll_2,pipeline_1,unroll_4,unroll_8,1,3.5,0.639210883519,False
workload_1333.cpp,xczu7ev-ffvc1156-2-e,5,11.86063,87,1,1,3,5,complete_1,complete_2,cyclic_8_1,block_4_1,block_4_1,unroll_2,pipeline_1,unroll_2,unroll_16,unroll_8,unroll_2,1,2.5,1,True
workload_1035.cpp,xczu7ev-ffvc1156-2-e,5,11.66688,88,1,1,4,6,complete_1,complete_2,cyclic_8_1,block_4_1,cyclic_8_1,unroll_2,pipeline_1,pipeline_1,unroll_4,unroll_16,unroll_2,1,3,1,True
workload_1498.cpp,xczu7ev-ffvc1156-2-e,5,11.66688,87,1,1,4,6,complete_1,complete_2,cyclic_8_1,block_4_1,cyclic_8_1,unroll_2,pipeline_1,unroll_2,pipeline_1,unroll_8,unroll_8,1,3,1,True
workload_1654.cpp,xczu7ev-ffvc1156-2-e,5,11.86063,86,1,1,3,5,complete_1,complete_2,cyclic_8_1,block_4_1,cyclic_8_1,unroll_2,pipeline_1,unroll_2,unroll_16,unroll_4,unroll_4,1,2.5,1,True
workload_1212.cpp,xczu7ev-ffvc1156-2-e,5,11.66688,86,1,1,4,6,complete_1,complete_2,cyclic_8_1,complete_1,block_2_1,unroll_2,pipeline_1,pipeline_1,pipeline_1,unroll_4,unroll_2,1,3,1,True
workload_1379.cpp,xczu7ev-ffvc1156-2-e,5,11.86063,86,1,1,3,5,complete_1,complete_2,cyclic_8_1,complete_1,block_2_1,unroll_2,pipeline_1,unroll_2,unroll_16,unroll_8,unroll_2,1,2.5,1,True
workload_960.cpp,xczu7ev-ffvc1156-2-e,5,11.66688,87,1,1,4,6,complete_1,complete_2,cyclic_8_1,complete_1,block_4_1,unroll_2,pipeline_1,pipeline_1,pipeline_1,unroll_16,unroll_2,1,3,1,True
workload_1012.cpp,xczu7ev-ffvc1156-2-e,5,11.66688,86,1,1,4,6,complete_1,complete_2,cyclic_8_1,complete_1,block_4_1,unroll_2,pipeline_1,pipeline_1,pipeline_1,unroll_16,unroll_4,1,3,1,True
workload_1264.cpp,xczu7ev-ffvc1156-2-e,5,11.86063,89,1,1,3,5,complete_1,complete_2,cyclic_8_1,complete_1,block_4_1,unroll_2,pipeline_1,unroll_2,unroll_16,unroll_8,unroll_2,1,2.5,1,True
workload_1302.cpp,xczu7ev-ffvc1156-2-e,5,265.15813,78,1,1,2,10,complete_1,complete_2,cyclic_8_1,complete_1,block_4_1,unroll_2,unroll_2,unroll_2,pipeline_1,unroll_8,unroll_2,1,3.5,0.504842468613,False
workload_1047.cpp,xczu7ev-ffvc1156-2-e,5,11.75992,157,1,1,6,11,complete_1,complete_2,cyclic_8_1,complete_1,block_4_1,unroll_4,pipeline_1,pipeline_1,pipeline_1,unroll_4,unroll_2,1,4.75,0.885136421295,False
workload_1062.cpp,xczu7ev-ffvc1156-2-e,5,11.66688,89,1,1,4,6,complete_1,complete_2,cyclic_8_1,complete_1,block_8_1,unroll_2,pipeline_1,pipeline_1,pipeline_1,unroll_16,unroll_2,1,3,1,True
workload_1106.cpp,xczu7ev-ffvc1156-2-e,5,11.66688,89,1,1,4,6,complete_1,complete_2,cyclic_8_1,complete_1,complete_1,unroll_2,pipeline_1,pipeline_1,unroll_4,unroll_4,unroll_2,1,3,1,True
workload_1059.cpp,xczu7ev-ffvc1156-2-e,5,11.86063,86,1,1,3,5,complete_1,complete_2,cyclic_8_1,complete_1,complete_1,unroll_2,pipeline_1,unroll_2,unroll_16,unroll_4,unroll_2,1,2.5,1,True
workload_1019.cpp,xczu7ev-ffvc1156-2-e,5,11.66688,88,1,1,4,6,complete_1,complete_2,cyclic_8_1,complete_1,cyclic_2_1,unroll_2,pipeline_1,pipeline_1,unroll_4,unroll_4,unroll_2,1,3,1,True
workload_1117.cpp,xczu7ev-ffvc1156-2-e,5,11.66688,90,1,1,4,6,complete_1,complete_2,cyclic_8_1,complete_1,cyclic_8_1,unroll_2,pipeline_1,pipeline_1,pipeline_1,unroll_4,unroll_2,1,3,1,True
workload_1629.cpp,xczu7ev-ffvc1156-2-e,5,11.66688,92,1,1,4,6,complete_1,complete_2,cyclic_8_1,cyclic_2_1,block_2_1,unroll_2,pipeline_1,pipeline_1,unroll_8,unroll_4,unroll_8,1,3,1,True
workload_1646.cpp,xczu7ev-ffvc1156-2-e,5,11.86063,85,1,1,3,5,complete_1,complete_2,cyclic_8_1,cyclic_2_1,cyclic_8_1,unroll_2,pipeline_1,unroll_2,unroll_16,unroll_16,unroll_8,1,2.5,1,True
workload_1394.cpp,xczu7ev-ffvc1156-2-e,5,11.66688,85,1,1,4,6,complete_1,complete_2,cyclic_8_1,cyclic_4_1,block_2_1,unroll_2,pipeline_1,unroll_2,pipeline_1,unroll_8,unroll_2,1,3,1,True
workload_1511.cpp,xczu7ev-ffvc1156-2-e,5,11.86063,84,1,1,3,5,complete_1,complete_2,cyclic_8_1,cyclic_4_1,block_2_1,unroll_2,pipeline_1,unroll_2,unroll_16,unroll_4,unroll_2,1,2.5,1,True
workload_1347.cpp,xczu7ev-ffvc1156-2-e,5,11.86063,85,1,1,3,5,complete_1,complete_2,cyclic_8_1,cyclic_4_1,block_4_1,unroll_2,pipeline_1,unroll_2,unroll_16,unroll_4,unroll_8,1,2.5,1,True
workload_1481.cpp,xczu7ev-ffvc1156-2-e,5,11.66688,87,1,1,4,6,complete_1,complete_2,cyclic_8_1,cyclic_4_1,cyclic_8_1,unroll_2,pipeline_1,unroll_2,pipeline_1,unroll_16,unroll_2,1,3,1,True
workload_1387.cpp,xczu7ev-ffvc1156-2-e,5,11.66688,86,1,1,4,6,complete_1,complete_2,cyclic_8_1,cyclic_4_1,cyclic_8_1,unroll_2,pipeline_1,unroll_2,pipeline_1,unroll_8,unroll_2,1,3,1,True
workload_1600.cpp,xczu7ev-ffvc1156-2-e,5,11.86063,84,1,1,3,5,complete_1,complete_2,cyclic_8_1,cyclic_4_1,cyclic_8_1,unroll_2,pipeline_1,unroll_2,unroll_16,unroll_4,unroll_2,1,2.5,1,True
workload_1362.cpp,xczu7ev-ffvc1156-2-e,5,11.66688,88,1,1,4,6,complete_1,cyclic_2_2,block_2_1,block_4_1,block_2_1,unroll_2,pipeline_1,pipeline_1,unroll_4,unroll_4,unroll_4,1,3,1,True
workload_986.cpp,xczu7ev-ffvc1156-2-e,5,11.66688,90,1,1,4,6,complete_1,cyclic_2_2,block_2_1,cyclic_4_1,block_2_1,unroll_2,pipeline_1,unroll_2,unroll_4,unroll_8,unroll_4,1,3,1,True
workload_945.cpp,xczu7ev-ffvc1156-2-e,5,11.66688,87,1,1,4,6,complete_1,cyclic_2_2,block_8_1,block_2_1,block_2_1,unroll_2,pipeline_1,unroll_2,unroll_2,unroll_4,unroll_4,1,3,1,True
workload_805.cpp,xczu7ev-ffvc1156-2-e,5,11.946425,429,1,1,11,20,complete_1,cyclic_2_2,block_8_1,block_2_1,block_2_1,unroll_8,pipeline_1,pipeline_1,unroll_2,unroll_4,unroll_8,1,8.25,0.702987115505,False
workload_1177.cpp,xczu7ev-ffvc1156-2-e,5,11.66688,87,1,1,4,6,complete_1,cyclic_2_2,complete_1,block_4_1,block_2_1,unroll_2,pipeline_1,pipeline_1,unroll_4,unroll_4,unroll_4,1,3,1,True
workload_1582.cpp,xczu7ev-ffvc1156-2-e,5,11.66688,80,1,1,4,6,complete_1,cyclic_2_2,complete_1,block_4_1,block_2_1,unroll_2,pipeline_1,unroll_2,unroll_4,unroll_4,unroll_4,1,3,1,True
workload_1254.cpp,xczu7ev-ffvc1156-2-e,5,11.66688,90,1,1,4,6,complete_1,cyclic_2_2,complete_1,block_4_1,block_2_1,unroll_2,pipeline_1,unroll_2,unroll_4,unroll_8,unroll_4,1,3,1,True
workload_1030.cpp,xczu7ev-ffvc1156-2-e,5,11.66688,85,1,1,4,6,complete_1,cyclic_2_2,complete_1,block_4_1,cyclic_2_1,unroll_2,pipeline_1,unroll_2,unroll_4,unroll_2,unroll_4,1,3,1,True
workload_1417.cpp,xczu7ev-ffvc1156-2-e,5,11.66688,89,1,1,4,6,complete_1,cyclic_2_2,complete_1,block_4_1,cyclic_8_1,unroll_2,pipeline_1,pipeline_1,unroll_4,unroll_4,unroll_4,1,3,1,True
workload_1227.cpp,xczu7ev-ffvc1156-2-e,5,11.66688,90,1,1,4,6,complete_1,cyclic_2_2,complete_1,block_8_1,block_2_1,unroll_2,pipeline_1,unroll_2,unroll_8,unroll_4,unroll_4,1,3,1,True
workload_1307.cpp,xczu7ev-ffvc1156-2-e,5,11.66688,92,1,1,4,6,complete_1,cyclic_2_2,complete_1,complete_1,block_2_1,unroll_2,pipeline_1,pipeline_1,pipeline_1,unroll_4,unroll_2,1,3,1,True
workload_1372.cpp,xczu7ev-ffvc1156-2-e,5,11.66688,89,1,1,4,6,complete_1,cyclic_2_2,complete_1,complete_1,block_2_1,unroll_2,pipeline_1,pipeline_1,pipeline_1,unroll_4,unroll_8,1,3,1,True
workload_1499.cpp,xczu7ev-ffvc1156-2-e,5,11.66688,88,1,1,4,6,complete_1,cyclic_2_2,complete_1,complete_1,block_2_1,unroll_2,pipeline_1,pipeline_1,unroll_4,unroll_4,unroll_2,1,3,1,True
workload_1550.cpp,xczu7ev-ffvc1156-2-e,5,11.66688,87,1,1,4,6,complete_1,cyclic_2_2,complete_1,complete_1,block_2_1,unroll_2,pipeline_1,pipeline_1,unroll_4,unroll_4,unroll_4,1,3,1,True
workload_1513.cpp,xczu7ev-ffvc1156-2-e,5,11.66688,89,1,1,4,6,complete_1,cyclic_2_2,complete_1,complete_1,block_2_1,unroll_2,pipeline_1,pipeline_1,unroll_4,unroll_8,unroll_8,1,3,1,True
workload_1633.cpp,xczu7ev-ffvc1156-2-e,5,11.66688,89,1,1,4,6,complete_1,cyclic_2_2,complete_1,complete_1,block_2_1,unroll_2,pipeline_1,unroll_2,pipeline_1,unroll_4,unroll_4,1,3,1,True
workload_1453.cpp,xczu7ev-ffvc1156-2-e,5,11.86063,86,1,1,3,5,complete_1,cyclic_2_2,complete_1,complete_1,block_2_1,unroll_2,pipeline_1,unroll_2,unroll_16,unroll_4,unroll_2,1,2.5,1,True
workload_1648.cpp,xczu7ev-ffvc1156-2-e,5,11.66688,87,1,1,4,6,complete_1,cyclic_2_2,complete_1,complete_1,block_2_1,unroll_2,pipeline_1,unroll_2,unroll_4,unroll_4,unroll_4,1,3,1,True
workload_1561.cpp,xczu7ev-ffvc1156-2-e,5,11.66688,87,1,1,4,6,complete_1,cyclic_2_2,complete_1,complete_1,block_4_1,unroll_2,pipeline_1,pipeline_1,unroll_4,unroll_4,unroll_2,1,3,1,True
workload_1386.cpp,xczu7ev-ffvc1156-2-e,5,11.86063,83,1,1,3,5,complete_1,cyclic_2_2,complete_1,complete_1,complete_1,unroll_2,pipeline_1,pipeline_1,unroll_16,unroll_4,unroll_2,1,2.5,1,True
workload_1407.cpp,xczu7ev-ffvc1156-2-e,5,11.66688,91,1,1,4,6,complete_1,cyclic_2_2,complete_1,complete_1,complete_1,unroll_2,pipeline_1,pipeline_1,unroll_2,unroll_4,pipeline_1,1,3,1,True
workload_1626.cpp,xczu7ev-ffvc1156-2-e,5,11.86063,85,1,1,3,5,complete_1,cyclic_2_2,complete_1,cyclic_2_1,block_2_1,unroll_2,pipeline_1,pipeline_1,unroll_16,unroll_8,unroll_8,1,2.5,1,True
workload_1256.cpp,xczu7ev-ffvc1156-2-e,5,11.66688,91,1,1,4,6,complete_1,cyclic_2_2,complete_1,cyclic_2_1,block_2_1,unroll_2,pipeline_1,pipeline_1,unroll_4,unroll_4,unroll_4,1,3,1,True
workload_1142.cpp,xczu7ev-ffvc1156-2-e,5,11.66688,86,1,1,4,6,complete_1,cyclic_2_2,complete_1,cyclic_2_1,block_2_1,unroll_2,pipeline_1,unroll_2,unroll_4,unroll_4,unroll_4,1,3,1,True
workload_1207.cpp,xczu7ev-ffvc1156-2-e,5,11.66688,87,1,1,4,6,complete_1,cyclic_2_2,complete_1,cyclic_2_1,block_2_1,unroll_2,pipeline_1,unroll_2,unroll_4,unroll_8,unroll_4,1,3,1,True
workload_1320.cpp,xczu7ev-ffvc1156-2-e,5,11.86063,87,1,1,3,5,complete_1,cyclic_2_2,complete_1,cyclic_4_1,block_2_1,unroll_2,pipeline_1,pipeline_1,unroll_16,unroll_4,unroll_8,1,2.5,1,True
workload_1337.cpp,xczu7ev-ffvc1156-2-e,5,11.66688,86,1,1,4,6,complete_1,cyclic_2_2,complete_1,cyclic_4_1,block_2_1,unroll_2,pipeline_1,pipeline_1,unroll_4,unroll_16,unroll_4,1,3,1,True
workload_1650.cpp,xczu7ev-ffvc1156-2-e,5,11.66688,88,1,1,4,6,complete_1,cyclic_2_2,complete_1,cyclic_4_1,block_2_1,unroll_2,pipeline_1,pipeline_1,unroll_4,unroll_4,unroll_4,1,3,1,True
workload_1574.cpp,xczu7ev-ffvc1156-2-e,5,11.66688,87,1,1,4,6,complete_1,cyclic_2_2,complete_1,cyclic_4_1,block_2_1,unroll_2,pipeline_1,pipeline_1,unroll_4,unroll_8,unroll_2,1,3,1,True
workload_1611.cpp,xczu7ev-ffvc1156-2-e,5,11.66688,94,1,1,4,6,complete_1,cyclic_2_2,complete_1,cyclic_4_1,block_2_1,unroll_2,pipeline_1,pipeline_1,unroll_8,unroll_8,unroll_8,1,3,1,True
workload_995.cpp,xczu7ev-ffvc1156-2-e,5,11.66688,91,1,1,4,6,complete_1,cyclic_2_2,complete_1,cyclic_4_1,block_2_1,unroll_2,pipeline_1,unroll_2,unroll_4,unroll_4,unroll_2,1,3,1,True
workload_756.cpp,xczu7ev-ffvc1156-2-e,5,11.66688,108,1,1,4,6,complete_1,cyclic_2_2,complete_1,cyclic_4_1,block_2_1,unroll_2,pipeline_1,unroll_2,unroll_4,unroll_4,unroll_4,1,3,1,True
workload_1528.cpp,xczu7ev-ffvc1156-2-e,5,11.66688,88,1,1,4,6,complete_1,cyclic_2_2,complete_1,cyclic_4_1,block_2_1,unroll_2,pipeline_1,unroll_2,unroll_4,unroll_4,unroll_8,1,3,1,True
workload_1037.cpp,xczu7ev-ffvc1156-2-e,5,11.66688,90,1,1,4,6,complete_1,cyclic_2_2,complete_1,cyclic_4_1,block_2_1,unroll_2,pipeline_1,unroll_2,unroll_8,unroll_2,unroll_4,1,3,1,True
workload_1589.cpp,xczu7ev-ffvc1156-2-e,5,11.66688,89,1,1,4,6,complete_1,cyclic_2_2,complete_1,cyclic_4_1,block_4_1,unroll_2,pipeline_1,pipeline_1,pipeline_1,unroll_16,unroll_8,1,3,1,True
workload_1415.cpp,xczu7ev-ffvc1156-2-e,5,11.86063,84,1,1,3,5,complete_1,cyclic_2_2,complete_1,cyclic_4_1,block_4_1,unroll_2,pipeline_1,unroll_2,unroll_16,unroll_4,unroll_2,1,2.5,1,True
workload_1298.cpp,xczu7ev-ffvc1156-2-e,5,11.66688,88,1,1,4,6,complete_1,cyclic_2_2,complete_1,cyclic_4_1,complete_1,unroll_2,pipeline_1,pipeline_1,unroll_4,unroll_4,unroll_4,1,3,1,True
workload_1606.cpp,xczu7ev-ffvc1156-2-e,5,11.66688,87,1,1,4,6,complete_1,cyclic_2_2,complete_1,cyclic_4_1,cyclic_8_1,unroll_2,pipeline_1,unroll_2,pipeline_1,unroll_16,unroll_8,1,3,1,True
workload_1635.cpp,xczu7ev-ffvc1156-2-e,5,11.66688,85,1,1,4,6,complete_1,cyclic_2_2,complete_1,cyclic_4_1,cyclic_8_1,unroll_2,pipeline_1,unroll_2,pipeline_1,unroll_4,unroll_2,1,3,1,True
workload_1656.cpp,xczu7ev-ffvc1156-2-e,5,207.65813,82,1,1,3,9,complete_1,cyclic_2_2,cyclic_4_1,block_2_1,block_2_1,unroll_2,unroll_2,pipeline_1,pipeline_1,unroll_4,unroll_8,1,3.5,0.639210883519,False
workload_1489.cpp,xczu7ev-ffvc1156-2-e,5,11.66688,86,1,1,4,6,complete_1,cyclic_2_2,cyclic_4_1,block_4_1,block_2_1,unroll_2,pipeline_1,pipeline_1,pipeline_1,unroll_4,unroll_16,1,3,1,True
workload_1400.cpp,xczu7ev-ffvc1156-2-e,5,11.86063,87,1,1,3,5,complete_1,cyclic_2_2,cyclic_4_1,block_4_1,block_2_1,unroll_2,pipeline_1,pipeline_1,unroll_16,unroll_4,unroll_16,1,2.5,1,True
workload_1590.cpp,xczu7ev-ffvc1156-2-e,5,11.66688,87,1,1,4,6,complete_1,cyclic_2_2,cyclic_4_1,block_4_1,block_2_1,unroll_2,pipeline_1,pipeline_1,unroll_4,unroll_4,unroll_2,1,3,1,True
workload_1230.cpp,xczu7ev-ffvc1156-2-e,5,435.78313,83,1,1,2,9,complete_1,cyclic_2_2,cyclic_4_1,cyclic_2_1,block_2_1,unroll_2,unroll_2,unroll_2,unroll_4,unroll_4,unroll_4,1,3.25,0.190524071209,False
workload_1518.cpp,xczu7ev-ffvc1156-2-e,5,11.66688,90,1,1,4,6,complete_1,cyclic_2_2,cyclic_4_1,cyclic_4_1,block_2_1,unroll_2,pipeline_1,pipeline_1,unroll_4,unroll_4,unroll_2,1,3,1,True
workload_1622.cpp,xczu7ev-ffvc1156-2-e,5,11.66688,89,1,1,4,6,complete_1,cyclic_2_2,cyclic_4_1,cyclic_4_1,block_4_1,unroll_2,pipeline_1,pipeline_1,unroll_4,unroll_16,unroll_8,1,3,1,True
workload_1562.cpp,xczu7ev-ffvc1156-2-e,5,11.66688,88,1,1,4,6,complete_1,cyclic_2_2,cyclic_4_1,cyclic_4_1,block_4_1,unroll_2,pipeline_1,unroll_2,pipeline_1,unroll_16,unroll_8,1,3,1,True
workload_1428.cpp,xczu7ev-ffvc1156-2-e,5,11.66688,89,1,1,4,6,complete_1,cyclic_2_2,cyclic_8_1,block_4_1,block_2_1,unroll_2,pipeline_1,unroll_2,pipeline_1,unroll_4,unroll_4,1,3,1,True
workload_1130.cpp,xczu7ev-ffvc1156-2-e,5,11.66688,88,1,1,4,6,complete_1,cyclic_2_2,cyclic_8_1,block_4_1,block_4_1,unroll_2,pipeline_1,pipeline_1,unroll_2,unroll_16,unroll_4,1,3,1,True
workload_1374.cpp,xczu7ev-ffvc1156-2-e,5,11.86063,84,1,1,3,5,complete_1,cyclic_2_2,cyclic_8_1,block_4_1,block_4_1,unroll_2,pipeline_1,unroll_2,unroll_16,unroll_4,unroll_2,1,2.5,1,True
workload_929.cpp,xczu7ev-ffvc1156-2-e,5,11.946425,315,1,1,11,20,complete_1,cyclic_2_2,cyclic_8_1,block_4_1,block_4_1,unroll_8,pipeline_1,pipeline_1,pipeline_1,unroll_4,unroll_4,1,8.25,0.702987115505,False
workload_1466.cpp,xczu7ev-ffvc1156-2-e,5,11.66688,80,1,1,4,6,complete_1,cyclic_2_2,cyclic_8_1,block_4_1,cyclic_4_1,unroll_2,pipeline_1,pipeline_1,unroll_4,unroll_4,unroll_4,1,3,1,True
workload_1159.cpp,xczu7ev-ffvc1156-2-e,5,11.86063,83,1,1,3,5,complete_1,cyclic_2_2,cyclic_8_1,complete_1,block_2_1,unroll_2,pipeline_1,unroll_2,unroll_16,unroll_4,unroll_4,1,2.5,1,True
workload_1080.cpp,xczu7ev-ffvc1156-2-e,5,11.86063,87,1,1,3,5,complete_1,cyclic_2_2,cyclic_8_1,cyclic_2_1,block_2_1,unroll_2,pipeline_1,pipeline_1,unroll_16,unroll_16,unroll_4,1,2.5,1,True
workload_902.cpp,xczu7ev-ffvc1156-2-e,5,11.66688,89,1,1,4,6,complete_1,cyclic_2_2,cyclic_8_1,cyclic_4_1,block_2_1,unroll_2,pipeline_1,unroll_2,unroll_4,unroll_16,unroll_4,1,3,1,True
workload_1311.cpp,xczu7ev-ffvc1156-2-e,5,11.86063,87,1,1,3,5,complete_1,cyclic_2_2,cyclic_8_1,cyclic_4_1,block_4_1,unroll_2,pipeline_1,unroll_2,unroll_16,unroll_4,unroll_2,1,2.5,1,True
workload_1252.cpp,xczu7ev-ffvc1156-2-e,5,11.66688,89,1,1,4,6,complete_1,cyclic_2_2,cyclic_8_1,cyclic_4_1,cyclic_8_1,unroll_2,pipeline_1,unroll_2,pipeline_1,unroll_4,unroll_8,1,3,1,True
workload_1039.cpp,xczu7ev-ffvc1156-2-e,5,11.66688,88,1,1,4,6,complete_1,cyclic_2_2,cyclic_8_1,cyclic_4_1,cyclic_8_1,unroll_2,pipeline_1,unroll_2,unroll_4,unroll_16,unroll_2,1,3,1,True
workload_969.cpp,xczu7ev-ffvc1156-2-e,5,207.18938,82,1,1,2,5,complete_1,cyclic_4_2,block_4_1,block_2_1,block_4_1,unroll_2,pipeline_1,pipeline_1,unroll_16,pipeline_1,unroll_8,1,2.25,1,True
workload_1175.cpp,xczu7ev-ffvc1156-2-e,5,11.66688,87,1,1,4,6,complete_1,cyclic_4_2,block_8_1,block_8_1,block_2_1,unroll_2,pipeline_1,pipeline_1,unroll_4,unroll_8,unroll_16,1,3,1,True
workload_797.cpp,xczu7ev-ffvc1156-2-e,5,212.161455,364,1,1,8,17,complete_1,cyclic_4_2,complete_1,block_2_1,block_8_1,unroll_8,pipeline_1,pipeline_1,unroll_16,pipeline_1,unroll_16,1,6.75,0.547026123257,False
workload_1270.cpp,xczu7ev-ffvc1156-2-e,5,11.66688,83,1,1,4,6,complete_1,cyclic_4_2,complete_1,block_4_1,block_2_1,unroll_2,pipeline_1,pipeline_1,unroll_4,unroll_16,unroll_2,1,3,1,True
workload_1325.cpp,xczu7ev-ffvc1156-2-e,5,11.66688,90,1,1,4,6,complete_1,cyclic_4_2,complete_1,block_4_1,block_2_1,unroll_2,pipeline_1,pipeline_1,unroll_4,unroll_8,unroll_4,1,3,1,True
workload_1346.cpp,xczu7ev-ffvc1156-2-e,5,11.66688,89,1,1,4,6,complete_1,cyclic_4_2,complete_1,block_4_1,block_2_1,unroll_2,pipeline_1,pipeline_1,unroll_8,unroll_8,unroll_4,1,3,1,True
workload_1380.cpp,xczu7ev-ffvc1156-2-e,5,11.66688,87,1,1,4,6,complete_1,cyclic_4_2,complete_1,block_4_1,block_2_1,unroll_2,pipeline_1,unroll_2,unroll_4,unroll_4,unroll_4,1,3,1,True
workload_1390.cpp,xczu7ev-ffvc1156-2-e,5,11.86063,85,1,1,3,5,complete_1,cyclic_4_2,complete_1,block_4_1,block_4_1,unroll_2,pipeline_1,unroll_2,unroll_16,unroll_8,unroll_2,1,2.5,1,True
workload_1520.cpp,xczu7ev-ffvc1156-2-e,5,11.66688,87,1,1,4,6,complete_1,cyclic_4_2,complete_1,block_4_1,block_4_1,unroll_2,pipeline_1,unroll_2,unroll_4,pipeline_1,unroll_2,1,3,1,True
workload_730.cpp,xczu7ev-ffvc1156-2-e,5,11.946425,432,1,1,11,20,complete_1,cyclic_4_2,complete_1,block_4_1,block_4_1,unroll_8,pipeline_1,pipeline_1,pipeline_1,unroll_4,unroll_2,1,8.25,0.702987115505,False
workload_850.cpp,xczu7ev-ffvc1156-2-e,5,11.946425,321,1,1,11,20,complete_1,cyclic_4_2,complete_1,block_4_1,block_4_1,unroll_8,pipeline_1,pipeline_1,unroll_8,unroll_4,unroll_2,1,8.25,0.702987115505,False
workload_1342.cpp,xczu7ev-ffvc1156-2-e,5,207.18938,80.5,1,1,2,5,complete_1,cyclic_4_2,complete_1,block_4_1,complete_1,unroll_2,pipeline_1,pipeline_1,pipeline_1,pipeline_1,unroll_2,2,2.25,1,True
workload_1439.cpp,xczu7ev-ffvc1156-2-e,5,11.86063,88,1,1,3,5,complete_1,cyclic_4_2,complete_1,block_4_1,complete_1,unroll_2,pipeline_1,pipeline_1,unroll_16,unroll_4,unroll_4,1,2.5,1,True
workload_1281.cpp,xczu7ev-ffvc1156-2-e,5,207.18938,81,1,1,2,5,complete_1,cyclic_4_2,complete_1,block_4_1,complete_1,unroll_2,pipeline_1,pipeline_1,unroll_4,pipeline_1,unroll_2,1,2.25,1,True
workload_1396.cpp,xczu7ev-ffvc1156-2-e,5,11.86063,84,1,1,3,5,complete_1,cyclic_4_2,complete_1,block_4_1,complete_1,unroll_2,pipeline_1,unroll_2,unroll_16,pipeline_1,unroll_2,1,2.5,1,True
workload_1076.cpp,xczu7ev-ffvc1156-2-e,5,11.66688,90,1,1,4,6,complete_1,cyclic_4_2,complete_1,block_4_1,complete_1,unroll_2,pipeline_1,unroll_2,unroll_8,unroll_2,unroll_4,1,3,1,True
workload_836.cpp,xczu7ev-ffvc1156-2-e,5,11.946425,430,1,1,11,20,complete_1,cyclic_4_2,complete_1,block_4_1,cyclic_4_1,unroll_8,pipeline_1,pipeline_1,unroll_4,unroll_4,pipeline_1,1,8.25,0.702987115505,False
workload_1647.cpp,xczu7ev-ffvc1156-2-e,5,11.66688,88,1,1,4,6,complete_1,cyclic_4_2,complete_1,block_4_1,cyclic_8_1,unroll_2,pipeline_1,pipeline_1,unroll_4,unroll_8,unroll_8,1,3,1,True
workload_1525.cpp,xczu7ev-ffvc1156-2-e,5,11.66688,90,1,1,4,6,complete_1,cyclic_4_2,complete_1,block_4_1,cyclic_8_1,unroll_2,pipeline_1,unroll_2,pipeline_1,unroll_8,unroll_8,1,3,1,True
workload_1570.cpp,xczu7ev-ffvc1156-2-e,5,11.66688,91,1,1,4,6,complete_1,cyclic_4_2,complete_1,block_4_1,cyclic_8_1,unroll_2,pipeline_1,unroll_2,unroll_4,unroll_8,unroll_8,1,3,1,True
workload_798.cpp,xczu7ev-ffvc1156-2-e,5,11.946425,378,1,1,11,20,complete_1,cyclic_4_2,complete_1,block_4_1,cyclic_8_1,unroll_8,pipeline_1,pipeline_1,unroll_4,unroll_4,pipeline_1,2,8.25,0.702987115505,False
workload_1151.cpp,xczu7ev-ffvc1156-2-e,5,11.66688,85,1,1,4,6,complete_1,cyclic_4_2,complete_1,block_8_1,complete_1,unroll_2,pipeline_1,unroll_2,unroll_4,unroll_16,unroll_2,1,3,1,True
workload_1402.cpp,xczu7ev-ffvc1156-2-e,5,11.86063,86,1,1,3,5,complete_1,cyclic_4_2,complete_1,block_8_1,cyclic_8_1,unroll_2,pipeline_1,unroll_2,unroll_16,unroll_8,unroll_8,1,2.5,1,True
workload_1250.cpp,xczu7ev-ffvc1156-2-e,5,207.18938,83,1,1,2,5,complete_1,cyclic_4_2,complete_1,complete_1,block_2_1,unroll_2,pipeline_1,pipeline_1,pipeline_1,pipeline_1,unroll_4,1,2.25,1,True
workload_1055.cpp,xczu7ev-ffvc1156-2-e,5,11.66688,87,1,1,4,6,complete_1,cyclic_4_2,complete_1,complete_1,block_2_1,unroll_2,pipeline_1,unroll_2,unroll_4,unroll_16,unroll_2,1,3,1,True
workload_1349.cpp,xczu7ev-ffvc1156-2-e,5,11.86063,85,1,1,3,5,complete_1,cyclic_4_2,complete_1,complete_1,complete_1,unroll_2,pipeline_1,unroll_2,unroll_16,unroll_4,unroll_2,1,2.5,1,True
workload_881.cpp,xczu7ev-ffvc1156-2-e,5,11.86063,88,1,1,3,5,complete_1,cyclic_4_2,complete_1,cyclic_2_1,block_2_1,unroll_2,pipeline_1,pipeline_1,unroll_16,unroll_8,unroll_8,1,2.5,1,True
workload_1133.cpp,xczu7ev-ffvc1156-2-e,5,11.66688,88,1,1,4,6,complete_1,cyclic_4_2,complete_1,cyclic_2_1,block_2_1,unroll_2,pipeline_1,pipeline_1,unroll_4,unroll_8,unroll_4,1,3,1,True
workload_1041.cpp,xczu7ev-ffvc1156-2-e,5,11.66688,91.5,1,1,4,6,complete_1,cyclic_4_2,complete_1,cyclic_2_1,block_2_1,unroll_2,pipeline_1,pipeline_1,unroll_4,unroll_8,unroll_8,2,3,1,True
workload_1376.cpp,xczu7ev-ffvc1156-2-e,5,11.86063,84,1,1,3,5,complete_1,cyclic_4_2,complete_1,cyclic_2_1,complete_1,unroll_2,pipeline_1,unroll_2,unroll_16,pipeline_1,unroll_8,1,2.5,1,True
workload_1336.cpp,xczu7ev-ffvc1156-2-e,5,11.86063,83,1,1,3,5,complete_1,cyclic_4_2,complete_1,cyclic_2_1,complete_1,unroll_2,pipeline_1,unroll_2,unroll_16,unroll_8,unroll_8,1,2.5,1,True
workload_1575.cpp,xczu7ev-ffvc1156-2-e,5,11.66688,86,1,1,4,6,complete_1,cyclic_4_2,complete_1,cyclic_2_1,cyclic_8_1,unroll_2,pipeline_1,pipeline_1,pipeline_1,unroll_8,unroll_2,1,3,1,True
workload_1269.cpp,xczu7ev-ffvc1156-2-e,5,11.66688,83,1,1,4,6,complete_1,cyclic_4_2,complete_1,cyclic_4_1,block_2_1,unroll_2,pipeline_1,pipeline_1,pipeline_1,unroll_16,unroll_2,1,3,1,True
workload_1197.cpp,xczu7ev-ffvc1156-2-e,5,11.66688,87,1,1,4,6,complete_1,cyclic_4_2,complete_1,cyclic_4_1,block_2_1,unroll_2,pipeline_1,pipeline_1,pipeline_1,unroll_8,unroll_8,1,3,1,True
workload_1166.cpp,xczu7ev-ffvc1156-2-e,5,11.86063,84,1,1,3,5,complete_1,cyclic_4_2,complete_1,cyclic_4_1,block_2_1,unroll_2,pipeline_1,pipeline_1,unroll_16,unroll_8,unroll_8,1,2.5,1,True
workload_1099.cpp,xczu7ev-ffvc1156-2-e,5,11.66688,90,1,1,4,6,complete_1,cyclic_4_2,complete_1,cyclic_4_1,block_2_1,unroll_2,pipeline_1,pipeline_1,unroll_4,unroll_16,unroll_2,1,3,1,True
workload_1238.cpp,xczu7ev-ffvc1156-2-e,5,11.66688,91,1,1,4,6,complete_1,cyclic_4_2,complete_1,cyclic_4_1,block_2_1,unroll_2,pipeline_1,pipeline_1,unroll_4,unroll_16,unroll_4,1,3,1,True
workload_852.cpp,xczu7ev-ffvc1156-2-e,5,11.66688,86,1,1,4,6,complete_1,cyclic_4_2,complete_1,cyclic_4_1,block_2_1,unroll_2,pipeline_1,pipeline_1,unroll_4,unroll_4,unroll_4,1,3,1,True
workload_1367.cpp,xczu7ev-ffvc1156-2-e,5,11.66688,87,1,1,4,6,complete_1,cyclic_4_2,complete_1,cyclic_4_1,block_2_1,unroll_2,pipeline_1,pipeline_1,unroll_4,unroll_8,unroll_4,1,3,1,True
workload_1149.cpp,xczu7ev-ffvc1156-2-e,5,11.66688,84,1,1,4,6,complete_1,cyclic_4_2,complete_1,cyclic_4_1,block_2_1,unroll_2,pipeline_1,pipeline_1,unroll_4,unroll_8,unroll_8,1,3,1,True
workload_1623.cpp,xczu7ev-ffvc1156-2-e,5,11.66688,91,1,1,4,6,complete_1,cyclic_4_2,complete_1,cyclic_4_1,block_2_1,unroll_2,pipeline_1,pipeline_1,unroll_8,unroll_8,unroll_8,1,3,1,True
workload_1478.cpp,xczu7ev-ffvc1156-2-e,5,11.86063,86,1,1,3,5,complete_1,cyclic_4_2,complete_1,cyclic_4_1,block_2_1,unroll_2,pipeline_1,unroll_2,unroll_16,unroll_4,unroll_2,1,2.5,1,True
workload_1395.cpp,xczu7ev-ffvc1156-2-e,5,11.86063,84,1,1,3,5,complete_1,cyclic_4_2,complete_1,cyclic_4_1,block_2_1,unroll_2,pipeline_1,unroll_2,unroll_16,unroll_8,unroll_4,1,2.5,1,True
workload_1101.cpp,xczu7ev-ffvc1156-2-e,5,11.86063,86,1,1,3,5,complete_1,cyclic_4_2,complete_1,cyclic_4_1,block_2_1,unroll_2,pipeline_1,unroll_2,unroll_16,unroll_8,unroll_8,1,2.5,1,True
workload_934.cpp,xczu7ev-ffvc1156-2-e,5,11.66688,90,1,1,4,6,complete_1,cyclic_4_2,complete_1,cyclic_4_1,block_2_1,unroll_2,pipeline_1,unroll_2,unroll_4,unroll_16,unroll_2,1,3,1,True
workload_1003.cpp,xczu7ev-ffvc1156-2-e,5,207.18938,81,1,1,2,5,complete_1,cyclic_4_2,complete_1,cyclic_4_1,block_4_1,unroll_2,pipeline_1,pipeline_1,pipeline_1,pipeline_1,pipeline_1,1,2.25,1,True
workload_1581.cpp,xczu7ev-ffvc1156-2-e,5,11.66688,88,1,1,4,6,complete_1,cyclic_4_2,complete_1,cyclic_4_1,block_4_1,unroll_2,pipeline_1,unroll_2,unroll_4,pipeline_1,unroll_2,1,3,1,True
workload_1068.cpp,xczu7ev-ffvc1156-2-e,5,11.66688,89.5,1,1,4,6,complete_1,cyclic_4_2,complete_1,cyclic_4_1,block_4_1,unroll_2,pipeline_1,unroll_2,unroll_4,unroll_4,unroll_2,2,3,1,True
workload_1248.cpp,xczu7ev-ffvc1156-2-e,5,11.66688,89,1,1,4,6,complete_1,cyclic_4_2,cyclic_4_1,block_4_1,block_2_1,unroll_2,pipeline_1,unroll_2,pipeline_1,unroll_4,unroll_2,1,3,1,True
workload_1612.cpp,xczu7ev-ffvc1156-2-e,5,11.66688,90,1,1,4,6,complete_1,cyclic_4_2,cyclic_4_1,block_4_1,block_4_1,unroll_2,pipeline_1,unroll_2,pipeline_1,unroll_4,unroll_8,1,3,1,True
workload_919.cpp,xczu7ev-ffvc1156-2-e,5,11.66688,90,1,1,4,6,complete_1,cyclic_4_2,cyclic_4_1,block_4_1,cyclic_8_1,unroll_2,pipeline_1,unroll_2,pipeline_1,unroll_4,unroll_2,1,3,1,True
workload_1585.cpp,xczu7ev-ffvc1156-2-e,5,11.66688,90,1,1,4,6,complete_1,cyclic_4_2,cyclic_4_1,block_4_1,cyclic_8_1,unroll_2,pipeline_1,unroll_2,unroll_4,unroll_8,unroll_8,2,3,1,True
workload_884.cpp,xczu7ev-ffvc1156-2-e,5,211.52063,132,1,1,4,14,complete_1,cyclic_4_2,cyclic_4_1,block_4_1,cyclic_8_1,unroll_2,unroll_4,unroll_2,pipeline_1,unroll_16,unroll_8,1,5,0.595046543431,False
workload_1609.cpp,xczu7ev-ffvc1156-2-e,5,11.66688,91,1,1,4,6,complete_1,cyclic_4_2,cyclic_4_1,complete_1,block_4_1,unroll_2,pipeline_1,unroll_2,unroll_4,pipeline_1,unroll_2,1,3,1,True
workload_843.cpp,xczu7ev-ffvc1156-2-e,5,211.52063,194,1,1,5,19,complete_1,cyclic_4_2,cyclic_4_1,complete_1,cyclic_8_1,unroll_2,unroll_4,unroll_2,pipeline_1,unroll_16,unroll_8,1,6.5,0.55476424771,False
workload_1072.cpp,xczu7ev-ffvc1156-2-e,5,11.66688,82,1,1,4,6,complete_1,cyclic_4_2,cyclic_4_1,cyclic_2_1,block_2_1,unroll_2,pipeline_1,pipeline_1,unroll_4,unroll_4,unroll_8,1,3,1,True
workload_1274.cpp,xczu7ev-ffvc1156-2-e,5,11.66688,88,1,1,4,6,complete_1,cyclic_4_2,cyclic_4_1,cyclic_2_1,block_2_1,unroll_2,pipeline_1,unroll_2,unroll_4,unroll_4,unroll_4,1,3,1,True
workload_1583.cpp,xczu7ev-ffvc1156-2-e,5,11.66688,89,1,1,4,6,complete_1,cyclic_4_2,cyclic_8_1,block_4_1,block_2_1,unroll_2,pipeline_1,unroll_2,unroll_4,unroll_16,unroll_8,1,3,1,True
workload_1312.cpp,xczu7ev-ffvc1156-2-e,5,11.86063,87,1,1,3,5,complete_1,cyclic_4_2,cyclic_8_1,block_4_1,complete_1,unroll_2,pipeline_1,unroll_2,unroll_16,unroll_4,unroll_2,1,2.5,1,True
workload_1090.cpp,xczu7ev-ffvc1156-2-e,5,11.66688,91,1,1,4,6,complete_1,cyclic_4_2,cyclic_8_1,block_4_1,complete_1,unroll_2,pipeline_1,unroll_2,unroll_4,unroll_2,unroll_2,1,3,1,True
workload_1576.cpp,xczu7ev-ffvc1156-2-e,5,11.66688,88,1,1,4,6,complete_1,cyclic_4_2,cyclic_8_1,block_4_1,cyclic_8_1,unroll_2,pipeline_1,unroll_2,unroll_4,unroll_16,unroll_8,1,3,1,True
workload_1317.cpp,xczu7ev-ffvc1156-2-e,5,11.66688,92,1,1,4,6,complete_1,cyclic_4_2,cyclic_8_1,complete_1,block_2_1,unroll_2,pipeline_1,pipeline_1,pipeline_1,unroll_4,unroll_2,1,3,1,True
workload_932.cpp,xczu7ev-ffvc1156-2-e,5,11.75992,162,1,1,6,11,complete_1,cyclic_4_2,cyclic_8_1,complete_1,block_4_1,unroll_4,pipeline_1,pipeline_1,unroll_4,unroll_16,pipeline_1,1,4.75,0.885136421295,False
workload_1301.cpp,xczu7ev-ffvc1156-2-e,5,11.66688,90,1,1,4,6,complete_1,cyclic_4_2,cyclic_8_1,complete_1,cyclic_8_1,unroll_2,pipeline_1,pipeline_1,unroll_8,unroll_16,unroll_16,1,3,1,True
workload_1308.cpp,xczu7ev-ffvc1156-2-e,5,11.66688,91,1,1,4,6,complete_1,cyclic_4_2,cyclic_8_1,cyclic_4_1,block_2_1,unroll_2,pipeline_1,pipeline_1,pipeline_1,unroll_16,unroll_4,1,3,1,True
workload_1631.cpp,xczu7ev-ffvc1156-2-e,5,11.66688,88,1,1,4,6,complete_1,cyclic_4_2,cyclic_8_1,cyclic_4_1,block_2_1,unroll_2,pipeline_1,pipeline_1,unroll_4,unroll_4,unroll_8,1,3,1,True
workload_1300.cpp,xczu7ev-ffvc1156-2-e,5,11.86063,85,1,1,3,5,complete_1,cyclic_4_2,cyclic_8_1,cyclic_4_1,block_4_1,unroll_2,pipeline_1,unroll_2,unroll_16,unroll_4,unroll_2,1,2.5,1,True
workload_1328.cpp,xczu7ev-ffvc1156-2-e,5,11.66688,89,1,1,4,6,complete_1,cyclic_4_2,cyclic_8_1,cyclic_4_1,cyclic_8_1,unroll_2,pipeline_1,unroll_2,pipeline_1,unroll_16,unroll_16,1,3,1,True
workload_1196.cpp,xczu7ev-ffvc1156-2-e,5,11.66688,86,1,1,4,6,complete_1,cyclic_4_2,cyclic_8_1,cyclic_4_1,cyclic_8_1,unroll_2,pipeline_1,unroll_2,pipeline_1,unroll_4,unroll_8,1,3,1,True
workload_785.cpp,xczu7ev-ffvc1156-2-e,5,212.161415,1192,1,1,16,31,complete_1,cyclic_8_2,block_4_1,block_2_1,block_8_1,unroll_16,pipeline_1,pipeline_1,unroll_8,pipeline_1,unroll_2,1,12.25,0.393340435046,False
workload_1028.cpp,xczu7ev-ffvc1156-2-e,5,11.66688,86,1,1,4,6,complete_1,cyclic_8_2,block_8_1,block_8_1,cyclic_8_1,unroll_2,pipeline_1,pipeline_1,unroll_8,unroll_16,unroll_16,1,3,1,True
workload_838.cpp,xczu7ev-ffvc1156-2-e,5,11.66688,116,1,1,4,6,complete_1,cyclic_8_2,block_8_1,block_8_1,cyclic_8_1,unroll_2,pipeline_1,pipeline_1,unroll_8,unroll_8,unroll_16,1,3,1,True
workload_1109.cpp,xczu7ev-ffvc1156-2-e,5,11.66688,93,1,1,4,6,complete_1,cyclic_8_2,complete_1,block_4_1,block_4_1,unroll_2,pipeline_1,unroll_2,unroll_8,unroll_8,unroll_16,1,3,1,True
workload_1261.cpp,xczu7ev-ffvc1156-2-e,5,11.66688,94,1,1,4,6,complete_1,cyclic_8_2,complete_1,block_4_1,complete_1,unroll_2,pipeline_1,pipeline_1,unroll_4,unroll_16,unroll_4,1,3,1,True
workload_1188.cpp,xczu7ev-ffvc1156-2-e,5,198.90813,235,1,1,16,24,complete_1,cyclic_8_2,complete_1,block_4_1,complete_1,unroll_2,unroll_2,pipeline_1,pipeline_1,unroll_4,unroll_8,1,10.5,0.454623699851,False
workload_997.cpp,xczu7ev-ffvc1156-2-e,5,11.66688,92,1,1,4,6,complete_1,cyclic_8_2,complete_1,block_8_1,complete_1,unroll_2,pipeline_1,pipeline_1,unroll_4,unroll_8,unroll_16,1,3,1,True
workload_993.cpp,xczu7ev-ffvc1156-2-e,5,11.66688,86,1,1,4,6,complete_1,cyclic_8_2,complete_1,block_8_1,complete_1,unroll_2,pipeline_1,pipeline_1,unroll_8,unroll_8,unroll_16,1,3,1,True
workload_1215.cpp,xczu7ev-ffvc1156-2-e,5,11.66688,89,1,1,4,6,complete_1,cyclic_8_2,complete_1,block_8_1,complete_1,unroll_2,pipeline_1,pipeline_1,unroll_8,unroll_8,unroll_8,1,3,1,True
workload_1145.cpp,xczu7ev-ffvc1156-2-e,5,11.75992,150,1,1,6,11,complete_1,cyclic_8_2,complete_1,block_8_1,complete_1,unroll_4,pipeline_1,pipeline_1,unroll_8,unroll_8,unroll_16,1,4.75,0.885136421295,False
workload_1134.cpp,xczu7ev-ffvc1156-2-e,5,11.66688,87,1,1,4,6,complete_1,cyclic_8_2,complete_1,complete_1,complete_1,unroll_2,pipeline_1,pipeline_1,unroll_4,unroll_8,unroll_2,1,3,1,True
workload_1178.cpp,xczu7ev-ffvc1156-2-e,5,11.66688,89,1,1,4,6,complete_1,cyclic_8_2,complete_1,complete_1,complete_1,unroll_2,pipeline_1,unroll_2,pipeline_1,unroll_8,unroll_2,1,3,1,True
workload_1144.cpp,xczu7ev-ffvc1156-2-e,5,293.28313,197,1,1,26,84,complete_1,cyclic_8_2,complete_1,complete_1,complete_1,unroll_2,unroll_2,unroll_2,unroll_4,unroll_16,unroll_2,1,28,0.102472532045,False
workload_1036.cpp,xczu7ev-ffvc1156-2-e,5,11.66688,90,1,1,4,6,complete_1,cyclic_8_2,complete_1,complete_1,cyclic_8_1,unroll_2,pipeline_1,pipeline_1,pipeline_1,unroll_8,unroll_2,1,3,1,True
workload_1446.cpp,xczu7ev-ffvc1156-2-e,5,11.86063,87,1,1,3,5,complete_1,cyclic_8_2,complete_1,complete_1,cyclic_8_1,unroll_2,pipeline_1,unroll_2,unroll_16,unroll_4,unroll_8,1,2.5,1,True
workload_1141.cpp,xczu7ev-ffvc1156-2-e,5,11.66688,91,1,1,4,6,complete_1,cyclic_8_2,cyclic_4_1,block_8_1,block_2_1,unroll_2,pipeline_1,pipeline_1,unroll_8,unroll_8,unroll_16,1,3,1,True
workload_1192.cpp,xczu7ev-ffvc1156-2-e,5,11.66688,87,1,1,4,6,complete_1,cyclic_8_2,cyclic_4_1,complete_1,block_2_1,unroll_2,pipeline_1,pipeline_1,unroll_4,unroll_8,unroll_2,1,3,1,True
workload_1361.cpp,xczu7ev-ffvc1156-2-e,5,11.66688,92,1,1,4,6,complete_1,cyclic_8_2,cyclic_4_1,complete_1,cyclic_8_1,unroll_2,pipeline_1,unroll_2,unroll_8,unroll_4,unroll_8,1,3,1,True
workload_1584.cpp,xczu7ev-ffvc1156-2-e,5,11.66688,90,1,1,4,6,complete_1,cyclic_8_2,cyclic_8_1,block_2_1,block_2_1,unroll_2,pipeline_1,pipeline_1,unroll_8,unroll_4,unroll_16,1,3,1,True
workload_1110.cpp,xczu7ev-ffvc1156-2-e,5,11.66688,88,1,1,4,6,complete_1,cyclic_8_2,cyclic_8_1,block_8_1,block_4_1,unroll_2,pipeline_1,unroll_2,unroll_2,unroll_16,unroll_2,1,3,1,True
workload_1060.cpp,xczu7ev-ffvc1156-2-e,5,11.66688,88,1,1,4,6,complete_1,cyclic_8_2,cyclic_8_1,block_8_1,complete_1,unroll_2,pipeline_1,unroll_2,unroll_4,unroll_16,unroll_2,1,3,1,True
workload_1535.cpp,xczu7ev-ffvc1156-2-e,5,11.66688,90,1,1,4,6,complete_1,cyclic_8_2,cyclic_8_1,complete_1,block_2_1,unroll_2,pipeline_1,pipeline_1,unroll_8,unroll_4,unroll_16,2,3,1,True
workload_1232.cpp,xczu7ev-ffvc1156-2-e,5,11.86063,86,1,1,3,5,complete_1,cyclic_8_2,cyclic_8_1,complete_1,block_4_1,unroll_2,pipeline_1,unroll_2,unroll_16,unroll_4,unroll_2,1,2.5,1,True
workload_1174.cpp,xczu7ev-ffvc1156-2-e,5,11.86063,86,1,1,3,5,complete_1,cyclic_8_2,cyclic_8_1,complete_1,block_4_1,unroll_2,pipeline_1,unroll_2,unroll_16,unroll_8,unroll_2,1,2.5,1,True
workload_975.cpp,xczu7ev-ffvc1156-2-e,5,11.66688,93,1,1,4,6,complete_1,cyclic_8_2,cyclic_8_1,complete_1,cyclic_8_1,unroll_2,pipeline_1,pipeline_1,pipeline_1,unroll_8,unroll_2,1,3,1,True
workload_1085.cpp,xczu7ev-ffvc1156-2-e,5,11.66688,92,1,1,4,6,complete_1,cyclic_8_2,cyclic_8_1,complete_1,cyclic_8_1,unroll_2,pipeline_1,unroll_2,pipeline_1,unroll_8,unroll_2,1,3,1,True
workload_1289.cpp,xczu7ev-ffvc1156-2-e,5,11.66688,91,1,1,4,6,complete_1,cyclic_8_2,cyclic_8_1,complete_1,cyclic_8_1,unroll_2,pipeline_1,unroll_2,pipeline_1,unroll_8,unroll_8,1,3,1,True
workload_1194.cpp,xczu7ev-ffvc1156-2-e,5,11.66688,89,1,1,4,6,complete_1,cyclic_8_2,cyclic_8_1,cyclic_2_1,block_4_1,unroll_2,pipeline_1,pipeline_1,unroll_2,unroll_16,unroll_2,1,3,1,True
workload_1291.cpp,xczu7ev-ffvc1156-2-e,5,11.86063,85,1,1,3,5,complete_1,cyclic_8_2,cyclic_8_1,cyclic_2_1,cyclic_8_1,unroll_2,pipeline_1,pipeline_1,unroll_16,unroll_4,unroll_2,1,2.5,1,True
workload_1081.cpp,xczu7ev-ffvc1156-2-e,5,11.66688,88,1,1,4,6,complete_1,cyclic_8_2,cyclic_8_1,cyclic_4_1,block_2_1,unroll_2,pipeline_1,pipeline_1,pipeline_1,unroll_8,unroll_2,1,3,1,True
workload_1005.cpp,xczu7ev-ffvc1156-2-e,5,11.66688,86,1,1,4,6,complete_1,cyclic_8_2,cyclic_8_1,cyclic_4_1,complete_1,unroll_2,pipeline_1,pipeline_1,unroll_4,unroll_8,unroll_2,1,3,1,True
workload_1168.cpp,xczu7ev-ffvc1156-2-e,5,11.86063,84,1,1,3,5,complete_1,cyclic_8_2,cyclic_8_1,cyclic_4_1,complete_1,unroll_2,pipeline_1,unroll_2,unroll_16,unroll_8,unroll_8,1,2.5,1,True
workload_1002.cpp,xczu7ev-ffvc1156-2-e,5,11.86063,85,1,1,3,5,complete_2,block_2_2,block_2_1,complete_1,block_8_1,unroll_2,pipeline_1,unroll_2,unroll_16,unroll_2,pipeline_1,1,2.5,1,True
workload_875.cpp,xczu7ev-ffvc1156-2-e,5,11.86063,83,1,1,3,5,complete_2,block_2_2,cyclic_4_1,complete_1,block_8_1,unroll_2,pipeline_1,unroll_2,unroll_16,unroll_2,pipeline_1,1,2.5,1,True
workload_937.cpp,xczu7ev-ffvc1156-2-e,5,155.76909,199,1,1,8,18,complete_2,block_2_2,cyclic_8_1,block_4_1,block_4_1,unroll_4,unroll_2,pipeline_1,unroll_4,pipeline_1,unroll_2,1,7,0.589139269577,False
workload_949.cpp,xczu7ev-ffvc1156-2-e,5,265.15813,76,1,1,2,10,complete_2,block_2_2,cyclic_8_1,complete_1,block_4_1,unroll_2,unroll_2,unroll_2,pipeline_1,pipeline_1,unroll_2,1,3.5,0.504842468613,False
workload_839.cpp,xczu7ev-ffvc1156-2-e,5,11.95522,166.5,1,1,5,8,complete_2,block_2_2,cyclic_8_1,complete_1,block_4_1,unroll_4,pipeline_1,unroll_2,unroll_16,pipeline_1,unroll_2,2,3.75,0.941581864093,False
workload_898.cpp,xczu7ev-ffvc1156-2-e,5,117.81438,84,1,2,4,12,complete_2,block_8_2,cyclic_8_1,block_4_1,cyclic_2_1,unroll_2,unroll_2,unroll_2,unroll_16,pipeline_1,pipeline_1,1,4.75,0.649047736793,False
workload_971.cpp,xczu7ev-ffvc1156-2-e,5,207.18938,81,1,1,2,5,complete_2,block_8_2,cyclic_8_1,block_8_1,block_4_1,unroll_2,pipeline_1,pipeline_1,unroll_16,pipeline_1,unroll_2,1,2.25,1,True
workload_953.cpp,xczu7ev-ffvc1156-2-e,5,207.18938,74,1,1,2,5,complete_2,block_8_2,cyclic_8_1,complete_1,block_4_1,unroll_2,pipeline_1,pipeline_1,unroll_16,pipeline_1,unroll_2,1,2.25,1,True
workload_810.cpp,xczu7ev-ffvc1156-2-e,5,154.53313,124,1,1,4,8,complete_2,block_8_2,cyclic_8_1,complete_1,block_4_1,unroll_2,unroll_2,pipeline_1,unroll_16,pipeline_1,unroll_2,1,3.5,0.663349647996,False
workload_851.cpp,xczu7ev-ffvc1156-2-e,5,185.31438,117,1,3,4,10,complete_2,block_8_2,cyclic_8_1,complete_1,cyclic_4_1,unroll_2,unroll_2,unroll_2,unroll_16,pipeline_1,unroll_16,1,4.5,0.636529923419,False
workload_1065.cpp,xczu7ev-ffvc1156-2-e,5,11.86063,85,1,1,3,5,complete_2,block_8_2,cyclic_8_1,cyclic_2_1,block_4_1,unroll_2,pipeline_1,unroll_2,unroll_16,pipeline_1,unroll_2,1,2.5,1,True
workload_1200.cpp,xczu7ev-ffvc1156-2-e,5,273.28313,116,1,1,23,23,complete_2,complete_1,complete_1,block_4_1,block_4_1,unroll_2,unroll_2,pipeline_1,unroll_4,unroll_2,unroll_4,1,12,0.334004208747,False
workload_870.cpp,xczu7ev-ffvc1156-2-e,5,120.961415,747,1,2,26,86,complete_2,complete_1,complete_1,complete_1,block_4_1,unroll_16,unroll_2,unroll_2,unroll_16,unroll_2,pipeline_1,1,28.75,0.111343360104,False
workload_1025.cpp,xczu7ev-ffvc1156-2-e,5,207.18938,79,1,1,2,5,complete_2,complete_1,complete_1,complete_1,block_4_1,unroll_2,pipeline_1,pipeline_1,unroll_2,pipeline_1,unroll_4,1,2.25,1,True
workload_998.cpp,xczu7ev-ffvc1156-2-e,5,11.66688,96,1,1,4,6,complete_2,complete_1,complete_1,complete_1,block_4_1,unroll_2,pipeline_1,pipeline_1,unroll_4,unroll_2,unroll_2,1,3,1,True
workload_958.cpp,xczu7ev-ffvc1156-2-e,5,11.66688,92,1,1,4,6,complete_2,complete_1,complete_1,complete_1,block_4_1,unroll_2,pipeline_1,pipeline_1,unroll_4,unroll_2,unroll_4,1,3,1,True
workload_1180.cpp,xczu7ev-ffvc1156-2-e,5,227.65813,72,1,1,2,7,complete_2,complete_1,cyclic_4_1,block_4_1,block_2_1,unroll_2,unroll_2,pipeline_1,pipeline_1,unroll_2,unroll_4,1,2.75,0.608202867933,False
workload_722.cpp,xczu7ev-ffvc1156-2-e,5,11.946425,393,1,1,11,20,complete_2,complete_1,cyclic_4_1,block_4_1,cyclic_2_1,unroll_8,pipeline_1,pipeline_1,pipeline_1,unroll_2,pipeline_1,1,8.25,0.702987115505,False
workload_863.cpp,xczu7ev-ffvc1156-2-e,5,120.961415,796,1,2,26,86,complete_2,complete_1,cyclic_4_1,complete_1,block_4_1,unroll_16,unroll_2,unroll_2,unroll_16,unroll_2,pipeline_1,1,28.75,0.111343360104,False
workload_823.cpp,xczu7ev-ffvc1156-2-e,5,118.12688,109,1,2,4,12,complete_2,complete_1,cyclic_4_1,complete_1,block_4_1,unroll_2,unroll_2,unroll_2,unroll_16,unroll_2,pipeline_1,1,4.75,0.649032238547,False
workload_1088.cpp,xczu7ev-ffvc1156-2-e,5,11.66688,94,1,1,4,6,complete_2,complete_1,cyclic_4_1,cyclic_2_1,block_2_1,unroll_2,pipeline_1,pipeline_1,unroll_4,unroll_8,unroll_8,1,3,1,True
workload_909.cpp,xczu7ev-ffvc1156-2-e,5,265.15813,74,1,1,2,9,complete_2,complete_1,cyclic_8_1,block_4_1,block_4_1,unroll_2,unroll_2,unroll_2,pipeline_1,pipeline_1,unroll_2,1,3.25,0.506572778447,False
workload_1000.cpp,xczu7ev-ffvc1156-2-e,5,265.15813,74,1,1,2,9,complete_2,complete_1,cyclic_8_1,block_4_1,block_4_1,unroll_2,unroll_2,unroll_2,pipeline_1,unroll_16,unroll_2,1,3.25,0.506572778447,False
workload_889.cpp,xczu7ev-ffvc1156-2-e,5,120.641455,264,1,2,13,45,complete_2,complete_1,cyclic_8_1,block_8_1,cyclic_2_1,unroll_8,unroll_2,pipeline_1,unroll_16,unroll_16,pipeline_1,1,15.25,0.351757795099,False
workload_1249.cpp,xczu7ev-ffvc1156-2-e,5,11.66688,90,1,1,4,6,complete_2,complete_1,cyclic_8_1,complete_1,block_2_1,unroll_2,pipeline_1,pipeline_1,unroll_4,unroll_16,unroll_2,1,3,1,True
workload_720.cpp,xczu7ev-ffvc1156-2-e,5,252.50188,103,1,2,3,9,complete_2,complete_1,cyclic_8_1,complete_1,block_4_1,unroll_2,unroll_2,unroll_2,unroll_16,pipeline_1,unroll_2,1,3.75,0.533670123152,False
workload_947.cpp,xczu7ev-ffvc1156-2-e,5,212.50188,87,1,6,5,12,complete_2,complete_1,cyclic_8_1,complete_1,block_4_1,unroll_2,unroll_2,unroll_2,unroll_16,pipeline_1,unroll_4,1,6,0.567002253034,False
workload_927.cpp,xczu7ev-ffvc1156-2-e,5,252.18938,84,1,2,3,9,complete_2,complete_1,cyclic_8_1,complete_1,cyclic_2_1,unroll_2,unroll_2,unroll_2,unroll_16,pipeline_1,unroll_2,1,3.75,0.534438779719,False
workload_1114.cpp,xczu7ev-ffvc1156-2-e,5,11.86063,84,1,1,3,5,complete_2,complete_2,complete_1,block_4_1,block_4_1,unroll_2,pipeline_1,pipeline_1,unroll_16,unroll_2,unroll_2,1,2.5,1,True
workload_864.cpp,xczu7ev-ffvc1156-2-e,5,11.66688,87,1,1,4,6,complete_2,complete_2,complete_1,block_4_1,complete_1,unroll_2,pipeline_1,pipeline_1,unroll_4,unroll_4,unroll_2,1,3,1,True
workload_1240.cpp,xczu7ev-ffvc1156-2-e,5,11.66688,91,1,1,4,6,complete_2,complete_2,complete_1,block_4_1,complete_1,unroll_2,pipeline_1,pipeline_1,unroll_4,unroll_8,unroll_2,1,3,1,True
workload_1052.cpp,xczu7ev-ffvc1156-2-e,5,11.66688,87,1,1,4,6,complete_2,complete_2,complete_1,block_4_1,cyclic_8_1,unroll_2,pipeline_1,pipeline_1,unroll_4,unroll_4,unroll_2,1,3,1,True
workload_1506.cpp,xczu7ev-ffvc1156-2-e,5,11.86063,85,1,1,3,5,complete_2,complete_2,complete_1,cyclic_4_1,complete_1,unroll_2,pipeline_1,pipeline_1,unroll_16,unroll_8,unroll_2,1,2.5,1,True
workload_1329.cpp,xczu7ev-ffvc1156-2-e,5,11.66688,90,1,1,4,6,complete_2,complete_2,complete_1,cyclic_4_1,complete_1,unroll_2,pipeline_1,unroll_2,unroll_4,pipeline_1,unroll_2,1,3,1,True
workload_900.cpp,xczu7ev-ffvc1156-2-e,5,351.37563,166,1,1,8,26,complete_2,complete_2,cyclic_4_1,block_2_1,cyclic_8_1,unroll_2,unroll_4,pipeline_1,unroll_8,unroll_4,unroll_2,1,9,0.275699884068,False
workload_1299.cpp,xczu7ev-ffvc1156-2-e,5,11.66688,87,1,1,4,6,complete_2,complete_2,cyclic_4_1,block_4_1,block_2_1,unroll_2,pipeline_1,pipeline_1,unroll_4,unroll_16,unroll_2,1,3,1,True
workload_1324.cpp,xczu7ev-ffvc1156-2-e,5,11.66688,89,1,1,4,6,complete_2,complete_2,cyclic_4_1,block_4_1,block_2_1,unroll_2,pipeline_1,pipeline_1,unroll_4,unroll_8,unroll_2,1,3,1,True
workload_1267.cpp,xczu7ev-ffvc1156-2-e,5,11.66688,90,1,1,4,6,complete_2,complete_2,cyclic_4_1,block_4_1,block_4_1,unroll_2,pipeline_1,unroll_2,unroll_4,unroll_4,unroll_4,1,3,1,True
workload_1456.cpp,xczu7ev-ffvc1156-2-e,5,11.66688,89,1,1,4,6,complete_2,cyclic_2_2,complete_1,cyclic_2_1,cyclic_8_1,unroll_2,pipeline_1,unroll_2,unroll_4,unroll_8,unroll_8,1,3,1,True
workload_1276.cpp,xczu7ev-ffvc1156-2-e,5,11.66688,87,1,1,4,6,complete_2,cyclic_2_2,complete_1,cyclic_4_1,block_2_1,unroll_2,pipeline_1,unroll_2,unroll_4,unroll_4,unroll_4,1,3,1,True
workload_1364.cpp,xczu7ev-ffvc1156-2-e,5,185.93938,84,1,1,3,6,complete_2,cyclic_2_2,cyclic_4_1,block_4_1,block_4_1,unroll_2,pipeline_1,pipeline_1,pipeline_1,pipeline_1,unroll_2,1,2.75,0.667797252748,False
workload_1321.cpp,xczu7ev-ffvc1156-2-e,5,11.66688,88,1,1,4,6,complete_2,cyclic_2_2,cyclic_4_1,block_4_1,block_4_1,unroll_2,pipeline_1,unroll_2,pipeline_1,pipeline_1,unroll_2,1,3,1,True
workload_1226.cpp,xczu7ev-ffvc1156-2-e,5,11.66688,88,1,1,4,6,complete_2,cyclic_4_2,complete_1,block_2_1,block_2_1,unroll_2,pipeline_1,unroll_2,unroll_4,unroll_4,unroll_2,1,3,1,True
workload_1185.cpp,xczu7ev-ffvc1156-2-e,5,11.66688,86,1,1,4,6,complete_2,cyclic_4_2,complete_1,block_4_1,block_2_1,unroll_2,pipeline_1,unroll_2,unroll_4,unroll_4,unroll_2,1,3,1,True
workload_978.cpp,xczu7ev-ffvc1156-2-e,5,207.18938,84,1,1,2,5,complete_2,cyclic_4_2,complete_1,block_4_1,block_4_1,unroll_2,pipeline_1,pipeline_1,unroll_4,pipeline_1,unroll_2,1,2.25,1,True
workload_1070.cpp,xczu7ev-ffvc1156-2-e,5,207.18938,80,1,1,2,5,complete_2,cyclic_4_2,complete_1,block_4_1,block_4_1,unroll_2,pipeline_1,pipeline_1,unroll_4,pipeline_1,unroll_4,1,2.25,1,True
workload_1044.cpp,xczu7ev-ffvc1156-2-e,5,11.66688,87,1,1,4,6,complete_2,cyclic_4_2,complete_1,block_4_1,block_4_1,unroll_2,pipeline_1,unroll_2,unroll_4,unroll_4,unroll_2,1,3,1,True
workload_1295.cpp,xczu7ev-ffvc1156-2-e,5,11.66688,87,1,1,4,6,complete_2,cyclic_4_2,complete_1,block_4_1,block_4_1,unroll_2,pipeline_1,unroll_2,unroll_4,unroll_8,unroll_2,1,3,1,True
workload_874.cpp,xczu7ev-ffvc1156-2-e,5,207.18938,79,1,1,2,5,complete_2,cyclic_4_2,complete_1,block_4_1,complete_1,unroll_2,pipeline_1,pipeline_1,unroll_4,pipeline_1,unroll_2,1,2.25,1,True
workload_1021.cpp,xczu7ev-ffvc1156-2-e,5,207.18938,80,1,1,2,5,complete_2,cyclic_4_2,complete_1,block_4_1,complete_1,unroll_2,pipeline_1,pipeline_1,unroll_4,pipeline_1,unroll_4,1,2.25,1,True
workload_1358.cpp,xczu7ev-ffvc1156-2-e,5,11.66688,87,1,1,4,6,complete_2,cyclic_4_2,complete_1,block_4_1,complete_1,unroll_2,pipeline_1,pipeline_1,unroll_4,unroll_8,unroll_2,1,3,1,True
workload_1083.cpp,xczu7ev-ffvc1156-2-e,5,11.86063,86,1,1,3,5,complete_2,cyclic_4_2,complete_1,block_4_1,complete_1,unroll_2,pipeline_1,unroll_2,unroll_16,pipeline_1,unroll_2,1,2.5,1,True
workload_1086.cpp,xczu7ev-ffvc1156-2-e,5,11.66688,91,1,1,4,6,complete_2,cyclic_4_2,complete_1,block_8_1,complete_1,unroll_2,pipeline_1,pipeline_1,unroll_4,unroll_4,unroll_2,1,3,1,True
workload_1306.cpp,xczu7ev-ffvc1156-2-e,5,11.66688,90,1,1,4,6,complete_2,cyclic_4_2,complete_1,complete_1,complete_1,unroll_2,pipeline_1,pipeline_1,unroll_4,unroll_4,unroll_8,1,3,1,True
workload_1602.cpp,xczu7ev-ffvc1156-2-e,5,11.66688,87,1,1,4,6,complete_2,cyclic_4_2,complete_1,cyclic_2_1,block_2_1,unroll_2,pipeline_1,pipeline_1,unroll_4,unroll_4,unroll_2,1,3,1,True
workload_912.cpp,xczu7ev-ffvc1156-2-e,5,11.946425,296,1,1,11,20,complete_2,cyclic_4_2,cyclic_2_1,block_4_1,cyclic_2_1,unroll_8,pipeline_1,pipeline_1,pipeline_1,unroll_4,unroll_4,1,8.25,0.702987115505,False
workload_789.cpp,xczu7ev-ffvc1156-2-e,5,430.75563,202,1,1,5,20,complete_2,cyclic_4_2,cyclic_4_1,block_2_1,cyclic_8_1,unroll_2,unroll_4,pipeline_1,unroll_4,unroll_16,unroll_8,1,6.75,0.187224719423,False
workload_833.cpp,xczu7ev-ffvc1156-2-e,5,156.99313,285,1,1,7,17,complete_2,cyclic_4_2,cyclic_4_1,block_2_1,cyclic_8_1,unroll_2,unroll_4,pipeline_1,unroll_8,pipeline_1,unroll_2,1,6.5,0.6021801986,False
workload_854.cpp,xczu7ev-ffvc1156-2-e,5,156.99313,219,1,1,7,17,complete_2,cyclic_4_2,cyclic_4_1,block_2_1,cyclic_8_1,unroll_2,unroll_4,pipeline_1,unroll_8,pipeline_1,unroll_8,1,6.5,0.6021801986,False
workload_1303.cpp,xczu7ev-ffvc1156-2-e,5,11.66688,88,1,1,4,6,complete_2,cyclic_4_2,cyclic_8_1,block_4_1,block_4_1,unroll_2,pipeline_1,unroll_2,pipeline_1,pipeline_1,unroll_2,1,3,1,True
workload_1282.cpp,xczu7ev-ffvc1156-2-e,5,11.66688,87,1,1,4,6,complete_2,cyclic_4_2,cyclic_8_1,block_4_1,block_4_1,unroll_2,pipeline_1,unroll_2,pipeline_1,unroll_4,unroll_8,1,3,1,True
workload_1377.cpp,xczu7ev-ffvc1156-2-e,5,11.66688,88,1,1,4,6,complete_2,cyclic_4_2,cyclic_8_1,block_4_1,complete_1,unroll_2,pipeline_1,unroll_2,unroll_4,unroll_4,unroll_8,1,3,1,True
workload_1290.cpp,xczu7ev-ffvc1156-2-e,5,11.66688,87,1,1,4,6,complete_2,cyclic_4_2,cyclic_8_1,complete_1,block_4_1,unroll_2,pipeline_1,pipeline_1,pipeline_1,unroll_4,unroll_8,1,3,1,True
workload_1344.cpp,xczu7ev-ffvc1156-2-e,5,11.66688,88,1,1,4,6,complete_2,cyclic_4_2,cyclic_8_1,complete_1,block_4_1,unroll_2,pipeline_1,pipeline_1,unroll_4,unroll_4,unroll_8,1,3,1,True
workload_1176.cpp,xczu7ev-ffvc1156-2-e,5,11.66688,86,1,1,4,6,complete_2,cyclic_4_2,cyclic_8_1,complete_1,block_4_1,unroll_2,pipeline_1,unroll_2,pipeline_1,unroll_4,unroll_2,1,3,1,True
workload_1221.cpp,xczu7ev-ffvc1156-2-e,5,11.66688,87,1,1,4,6,complete_2,cyclic_4_2,cyclic_8_1,complete_1,block_4_1,unroll_2,pipeline_1,unroll_2,pipeline_1,unroll_4,unroll_8,1,3,1,True
workload_1241.cpp,xczu7ev-ffvc1156-2-e,5,11.66688,90,1,1,4,6,complete_2,cyclic_4_2,cyclic_8_1,complete_1,block_4_1,unroll_2,pipeline_1,unroll_2,unroll_4,unroll_4,unroll_8,1,3,1,True
workload_1257.cpp,xczu7ev-ffvc1156-2-e,5,11.66688,89,1,1,4,6,complete_2,cyclic_4_2,cyclic_8_1,cyclic_4_1,block_4_1,unroll_2,pipeline_1,unroll_2,pipeline_1,unroll_4,unroll_8,1,3,1,True
workload_1096.cpp,xczu7ev-ffvc1156-2-e,5,293.28313,207,1,1,26,85,complete_2,cyclic_8_2,cyclic_8_1,block_8_1,complete_1,unroll_2,unroll_2,unroll_2,unroll_4,unroll_16,unroll_2,1,28.25,0.101821955734,False
workload_840.cpp,xczu7ev-ffvc1156-2-e,5,212.65813,153,1,1,4,14,cyclic_2_2,block_2_2,block_2_1,block_4_1,cyclic_2_1,unroll_2,unroll_2,unroll_2,unroll_8,unroll_2,unroll_16,1,5,0.593312522791,False
workload_731.cpp,xczu7ev-ffvc1156-2-e,5,190.401455,433,1,1,8,17,cyclic_2_2,block_2_2,complete_1,complete_1,cyclic_8_1,unroll_8,pipeline_1,pipeline_1,unroll_4,pipeline_1,pipeline_1,1,6.75,0.572202833608,False
workload_908.cpp,xczu7ev-ffvc1156-2-e,5,11.946425,312,1,1,11,20,cyclic_2_2,block_4_2,block_2_1,block_8_1,cyclic_2_1,unroll_8,pipeline_1,pipeline_1,unroll_2,unroll_2,pipeline_1,1,8.25,0.702987115505,False
workload_896.cpp,xczu7ev-ffvc1156-2-e,5,207.18938,81,1,1,2,5,cyclic_2_2,block_8_2,block_2_1,block_2_1,block_4_1,unroll_2,pipeline_1,pipeline_1,unroll_2,pipeline_1,unroll_2,1,2.25,1,True
workload_786.cpp,xczu7ev-ffvc1156-2-e,5,11.946425,410,1,1,11,20,cyclic_2_2,block_8_2,block_4_1,block_4_1,block_2_1,unroll_8,pipeline_1,unroll_2,unroll_2,unroll_4,unroll_2,1,8.25,0.702987115505,False
workload_954.cpp,xczu7ev-ffvc1156-2-e,5,11.66688,87,1,1,4,6,cyclic_2_2,block_8_2,complete_1,cyclic_2_1,block_2_1,unroll_2,pipeline_1,pipeline_1,unroll_2,unroll_8,unroll_2,1,3,1,True
workload_936.cpp,xczu7ev-ffvc1156-2-e,5,207.18938,82,1,1,2,5,cyclic_2_2,block_8_2,cyclic_4_1,block_2_1,block_4_1,unroll_2,pipeline_1,pipeline_1,unroll_16,pipeline_1,unroll_2,1,2.25,1,True
workload_802.cpp,xczu7ev-ffvc1156-2-e,5,11.946425,436,1,1,11,20,cyclic_2_2,complete_1,block_2_1,block_8_1,cyclic_2_1,unroll_8,pipeline_1,pipeline_1,unroll_2,unroll_2,pipeline_1,1,8.25,0.702987115505,False
workload_859.cpp,xczu7ev-ffvc1156-2-e,5,11.946425,828,1,1,20,38,cyclic_2_2,complete_2,block_4_1,block_4_1,complete_1,unroll_16,pipeline_1,unroll_2,pipeline_1,unroll_4,unroll_2,1,15,0.419490655883,False
workload_895.cpp,xczu7ev-ffvc1156-2-e,5,11.946425,314,1,1,11,20,cyclic_2_2,complete_2,block_4_1,block_4_1,cyclic_4_1,unroll_8,pipeline_1,pipeline_1,unroll_2,unroll_2,unroll_2,1,8.25,0.702987115505,False
workload_821.cpp,xczu7ev-ffvc1156-2-e,5,11.946425,412,1,1,11,20,cyclic_2_2,complete_2,block_4_1,block_4_1,cyclic_4_1,unroll_8,pipeline_1,unroll_2,unroll_2,unroll_4,unroll_2,1,8.25,0.702987115505,False
workload_853.cpp,xczu7ev-ffvc1156-2-e,5,11.946425,322,1,1,11,20,cyclic_2_2,complete_2,block_4_1,block_4_1,cyclic_8_1,unroll_8,pipeline_1,unroll_2,unroll_2,unroll_4,unroll_2,1,8.25,0.702987115505,False
workload_862.cpp,xczu7ev-ffvc1156-2-e,5,11.946425,317,1,1,11,20,cyclic_2_2,complete_2,block_4_1,complete_1,cyclic_4_1,unroll_8,pipeline_1,pipeline_1,unroll_2,unroll_4,unroll_2,1,8.25,0.702987115505,False
workload_894.cpp,xczu7ev-ffvc1156-2-e,5,11.946425,328,1,1,11,20,cyclic_2_2,complete_2,block_4_1,complete_1,cyclic_8_1,unroll_8,pipeline_1,unroll_2,unroll_2,unroll_4,unroll_2,1,8.25,0.702987115505,False
workload_743.cpp,xczu7ev-ffvc1156-2-e,5,361.65188,3182,1,1,18,82,cyclic_2_2,cyclic_2_2,block_2_1,block_8_1,cyclic_8_1,unroll_2,unroll_16,pipeline_1,unroll_2,unroll_16,pipeline_1,1,25.5,0.102911426644,False
workload_815.cpp,xczu7ev-ffvc1156-2-e,5,11.946425,1020,1,1,20,38,cyclic_2_2,cyclic_4_2,block_8_1,cyclic_2_1,cyclic_2_1,unroll_16,pipeline_1,pipeline_1,pipeline_1,unroll_16,unroll_8,1,15,0.419490655883,False
workload_983.cpp,xczu7ev-ffvc1156-2-e,5,207.18938,82,1,1,2,5,cyclic_2_2,cyclic_4_2,complete_1,block_2_1,block_4_1,unroll_2,pipeline_1,pipeline_1,unroll_2,pipeline_1,unroll_2,1,2.25,1,True
workload_872.cpp,xczu7ev-ffvc1156-2-e,5,11.946425,303,1,1,11,20,cyclic_2_2,cyclic_4_2,complete_1,block_4_1,block_2_1,unroll_8,pipeline_1,unroll_2,unroll_2,pipeline_1,pipeline_1,1,8.25,0.702987115505,False
workload_1092.cpp,xczu7ev-ffvc1156-2-e,5,11.66688,92,1,1,4,6,cyclic_2_2,cyclic_4_2,complete_1,block_8_1,block_4_1,unroll_2,pipeline_1,pipeline_1,unroll_8,unroll_8,unroll_2,1,3,1,True
workload_964.cpp,xczu7ev-ffvc1156-2-e,5,207.18938,80,1,1,2,5,cyclic_2_2,cyclic_4_2,cyclic_4_1,block_2_1,block_4_1,unroll_2,pipeline_1,pipeline_1,unroll_16,pipeline_1,unroll_2,1,2.25,1,True
workload_842.cpp,xczu7ev-ffvc1156-2-e,5,11.946425,418,1,1,11,20,cyclic_2_2,cyclic_4_2,cyclic_8_1,block_4_1,block_2_1,unroll_8,pipeline_1,pipeline_1,pipeline_1,unroll_2,pipeline_1,1,8.25,0.702987115505,False
workload_775.cpp,xczu7ev-ffvc1156-2-e,5,11.946425,382,1,1,11,20,cyclic_2_2,cyclic_4_2,cyclic_8_1,block_4_1,cyclic_2_1,unroll_8,pipeline_1,pipeline_1,pipeline_1,unroll_2,pipeline_1,2,8.25,0.702987115505,False
workload_906.cpp,xczu7ev-ffvc1156-2-e,5,11.946425,314,1,1,11,20,cyclic_2_2,cyclic_4_2,cyclic_8_1,complete_1,cyclic_4_1,unroll_8,pipeline_1,pipeline_1,pipeline_1,unroll_2,unroll_16,1,8.25,0.702987115505,False
workload_1007.cpp,xczu7ev-ffvc1156-2-e,5,11.66688,91,1,1,4,6,cyclic_2_2,cyclic_8_2,complete_1,block_8_1,block_4_1,unroll_2,pipeline_1,pipeline_1,unroll_8,unroll_16,pipeline_1,1,3,1,True
workload_845.cpp,xczu7ev-ffvc1156-2-e,5,11.75992,158,1,1,6,11,cyclic_4_2,block_2_2,block_8_1,block_2_1,cyclic_8_1,unroll_4,pipeline_1,pipeline_1,unroll_2,unroll_16,unroll_8,1,4.75,0.885136421295,False
workload_925.cpp,xczu7ev-ffvc1156-2-e,5,11.95522,146,1,1,5,8,cyclic_4_2,block_2_2,block_8_1,block_2_1,cyclic_8_1,unroll_4,pipeline_1,unroll_2,unroll_16,unroll_16,unroll_8,1,3.75,0.941581864093,False
workload_861.cpp,xczu7ev-ffvc1156-2-e,5,11.946545,3114,1,1,40,70,cyclic_4_2,block_2_2,complete_1,complete_1,cyclic_8_1,unroll_32,pipeline_1,pipeline_1,unroll_4,unroll_8,unroll_4,1,28,0.125062284191,False
workload_911.cpp,xczu7ev-ffvc1156-2-e,5,11.75992,154,1,1,6,11,cyclic_4_2,block_2_2,complete_1,complete_1,cyclic_8_1,unroll_4,pipeline_1,pipeline_1,unroll_4,unroll_16,pipeline_1,1,4.75,0.885136421295,False
workload_1016.cpp,xczu7ev-ffvc1156-2-e,5,185.93938,83,1,1,3,6,cyclic_4_2,block_2_2,cyclic_8_1,complete_1,cyclic_8_1,unroll_2,pipeline_1,pipeline_1,pipeline_1,pipeline_1,pipeline_1,1,2.75,0.667797252748,False
workload_930.cpp,xczu7ev-ffvc1156-2-e,5,11.66688,91,1,1,4,6,cyclic_4_2,block_2_2,cyclic_8_1,complete_1,cyclic_8_1,unroll_2,pipeline_1,pipeline_1,pipeline_1,unroll_16,pipeline_1,1,3,1,True
workload_992.cpp,xczu7ev-ffvc1156-2-e,5,11.66688,93,1,1,4,6,cyclic_4_2,block_2_2,cyclic_8_1,complete_1,cyclic_8_1,unroll_2,pipeline_1,pipeline_1,pipeline_1,unroll_16,unroll_2,1,3,1,True
workload_1077.cpp,xczu7ev-ffvc1156-2-e,5,11.66688,91,1,1,4,6,cyclic_4_2,block_2_2,cyclic_8_1,complete_1,cyclic_8_1,unroll_2,pipeline_1,pipeline_1,pipeline_1,unroll_16,unroll_4,1,3,1,True
workload_817.cpp,xczu7ev-ffvc1156-2-e,5,11.75992,210,1,1,6,11,cyclic_4_2,block_2_2,cyclic_8_1,complete_1,cyclic_8_1,unroll_4,pipeline_1,pipeline_1,unroll_4,unroll_16,pipeline_1,1,4.75,0.885136421295,False
workload_877.cpp,xczu7ev-ffvc1156-2-e,5,11.75992,155,1,1,6,11,cyclic_4_2,block_2_2,cyclic_8_1,complete_1,cyclic_8_1,unroll_4,pipeline_1,pipeline_1,unroll_4,unroll_16,unroll_2,2,4.75,0.885136421295,False
workload_1143.cpp,xczu7ev-ffvc1156-2-e,5,11.66688,87,1,1,4,6,cyclic_4_2,complete_1,cyclic_4_1,cyclic_4_1,block_2_1,unroll_2,pipeline_1,unroll_2,unroll_4,unroll_8,unroll_8,1,3,1,True
workload_948.cpp,xczu7ev-ffvc1156-2-e,5,11.75992,156,1,1,6,11,cyclic_4_2,complete_1,cyclic_8_1,block_4_1,cyclic_8_1,unroll_4,pipeline_1,pipeline_1,unroll_4,unroll_16,pipeline_1,1,4.75,0.885136421295,False
workload_882.cpp,xczu7ev-ffvc1156-2-e,5,11.66688,93,1,1,4,6,cyclic_4_2,cyclic_2_2,complete_1,block_2_1,block_2_1,unroll_2,pipeline_1,unroll_2,unroll_2,unroll_4,unroll_4,1,3,1,True
workload_793.cpp,xczu7ev-ffvc1156-2-e,5,11.946545,3488,1,1,40,70,cyclic_4_2,cyclic_4_2,complete_1,block_4_1,block_2_1,unroll_32,pipeline_1,unroll_2,unroll_2,unroll_8,unroll_4,1,28,0.125062284191,False
workload_1040.cpp,xczu7ev-ffvc1156-2-e,5,11.66688,92,1,1,4,6,cyclic_4_2,cyclic_4_2,complete_1,block_4_1,cyclic_2_1,unroll_2,pipeline_1,unroll_2,unroll_4,unroll_2,unroll_4,1,3,1,True
workload_938.cpp,xczu7ev-ffvc1156-2-e,5,11.66688,90,1,1,4,6,cyclic_4_2,cyclic_4_2,complete_1,complete_1,cyclic_8_1,unroll_2,pipeline_1,unroll_2,unroll_2,unroll_4,unroll_4,1,3,1,True
workload_910.cpp,xczu7ev-ffvc1156-2-e,5,444.961455,647,1,1,16,57,cyclic_4_2,cyclic_4_2,cyclic_2_1,block_4_1,block_2_1,unroll_8,unroll_2,pipeline_1,unroll_8,unroll_2,unroll_4,1,18.75,0.10996429847,False
workload_963.cpp,xczu7ev-ffvc1156-2-e,5,11.66688,91,1,1,4,6,cyclic_4_2,cyclic_8_2,complete_1,block_8_1,cyclic_8_1,unroll_2,pipeline_1,pipeline_1,unroll_8,unroll_8,pipeline_1,1,3,1,True
workload_951.cpp,xczu7ev-ffvc1156-2-e,5,11.66688,86,1,1,4,6,cyclic_4_2,cyclic_8_2,complete_1,block_8_1,cyclic_8_1,unroll_2,pipeline_1,pipeline_1,unroll_8,unroll_8,unroll_16,1,3,1,True
workload_1013.cpp,xczu7ev-ffvc1156-2-e,5,11.66688,89,1,1,4,6,cyclic_4_2,cyclic_8_2,cyclic_8_1,complete_1,cyclic_8_1,unroll_2,pipeline_1,pipeline_1,pipeline_1,unroll_16,unroll_2,1,3,1,True
workload_1219.cpp,xczu7ev-ffvc1156-2-e,5,11.66688,90.5,1,1,4,6,cyclic_4_2,cyclic_8_2,cyclic_8_1,complete_1,cyclic_8_1,unroll_2,pipeline_1,pipeline_1,unroll_4,unroll_16,unroll_2,2,3,1,True
workload_1228.cpp,xczu7ev-ffvc1156-2-e,5,11.66688,91,1,1,4,6,cyclic_4_2,cyclic_8_2,cyclic_8_1,cyclic_4_1,cyclic_8_1,unroll_2,pipeline_1,pipeline_1,unroll_4,unroll_16,pipeline_1,1,3,1,True
workload_950.cpp,xczu7ev-ffvc1156-2-e,5,11.75992,144,1,1,6,11,cyclic_8_2,block_2_2,block_8_1,cyclic_4_1,cyclic_8_1,unroll_4,pipeline_1,pipeline_1,unroll_4,unroll_4,unroll_8,1,4.75,0.885136421295,False
workload_982.cpp,xczu7ev-ffvc1156-2-e,5,11.66688,89,1,1,4,6,cyclic_8_2,block_2_2,complete_1,block_4_1,block_2_1,unroll_2,pipeline_1,unroll_2,pipeline_1,pipeline_1,unroll_16,1,3,1,True
workload_1162.cpp,xczu7ev-ffvc1156-2-e,5,11.66688,88,1,1,4,6,cyclic_8_2,block_2_2,complete_1,block_4_1,complete_1,unroll_2,pipeline_1,unroll_2,unroll_4,unroll_4,unroll_2,1,3,1,True
workload_883.cpp,xczu7ev-ffvc1156-2-e,5,11.66688,86,1,1,4,6,cyclic_8_2,block_2_2,complete_1,block_4_1,cyclic_2_1,unroll_2,pipeline_1,unroll_2,pipeline_1,pipeline_1,unroll_16,1,3,1,True
workload_804.cpp,xczu7ev-ffvc1156-2-e,5,212.65813,165,1,1,4,14,cyclic_8_2,block_2_2,complete_1,block_4_1,cyclic_2_1,unroll_2,unroll_2,unroll_2,unroll_8,pipeline_1,unroll_16,1,5,0.593312522791,False
workload_921.cpp,xczu7ev-ffvc1156-2-e,5,11.75992,152,1,1,6,11,cyclic_8_2,block_2_2,complete_1,block_4_1,cyclic_2_1,unroll_4,pipeline_1,unroll_2,unroll_4,pipeline_1,unroll_16,1,4.75,0.885136421295,False
workload_723.cpp,xczu7ev-ffvc1156-2-e,5,217.761455,938,1,1,16,57,cyclic_8_2,block_2_2,complete_1,block_4_1,cyclic_2_1,unroll_8,unroll_2,unroll_2,unroll_8,pipeline_1,unroll_16,1,18.75,0.232549762425,False
workload_1253.cpp,xczu7ev-ffvc1156-2-e,5,11.66688,94,1,1,4,6,cyclic_8_2,block_2_2,cyclic_4_1,block_4_1,block_2_1,unroll_2,pipeline_1,pipeline_1,unroll_4,unroll_8,unroll_8,1,3,1,True
workload_1245.cpp,xczu7ev-ffvc1156-2-e,5,11.66688,92,1,1,4,6,cyclic_8_2,block_2_2,cyclic_4_1,complete_1,complete_1,unroll_2,pipeline_1,pipeline_1,unroll_4,unroll_8,unroll_16,1,3,1,True
workload_1071.cpp,xczu7ev-ffvc1156-2-e,5,11.86063,83,1,1,3,5,cyclic_8_2,block_8_2,complete_1,block_4_1,cyclic_2_1,unroll_2,pipeline_1,unroll_2,unroll_16,unroll_4,unroll_4,1,2.5,1,True
workload_1217.cpp,xczu7ev-ffvc1156-2-e,5,11.66688,88,1,1,4,6,cyclic_8_2,block_8_2,cyclic_4_1,block_4_1,block_2_1,unroll_2,pipeline_1,pipeline_1,unroll_4,unroll_8,unroll_2,1,3,1,True
workload_1454.cpp,xczu7ev-ffvc1156-2-e,5,207.18938,82,1,1,2,5,cyclic_8_2,complete_1,complete_1,block_4_1,complete_1,unroll_2,pipeline_1,pipeline_1,pipeline_1,pipeline_1,unroll_2,1,2.25,1,True
workload_860.cpp,xczu7ev-ffvc1156-2-e,5,212.161455,307,1,1,9,17,cyclic_8_2,complete_1,complete_1,block_8_1,cyclic_2_1,unroll_8,pipeline_1,pipeline_1,unroll_2,pipeline_1,pipeline_1,1,7,0.540127916804,False
workload_959.cpp,xczu7ev-ffvc1156-2-e,5,11.66688,87,1,1,4,6,cyclic_8_2,complete_1,complete_1,cyclic_4_1,complete_1,unroll_2,pipeline_1,pipeline_1,unroll_4,unroll_2,unroll_4,1,3,1,True
workload_1074.cpp,xczu7ev-ffvc1156-2-e,5,11.66688,88,1,1,4,6,cyclic_8_2,complete_1,complete_1,cyclic_4_1,cyclic_2_1,unroll_2,pipeline_1,unroll_2,unroll_4,unroll_4,unroll_4,1,3,1,True
workload_1222.cpp,xczu7ev-ffvc1156-2-e,5,11.66688,88,1,1,4,6,cyclic_8_2,complete_1,cyclic_4_1,block_4_1,block_2_1,unroll_2,pipeline_1,pipeline_1,unroll_4,unroll_2,unroll_8,1,3,1,True
workload_1587.cpp,xczu7ev-ffvc1156-2-e,5,195.00188,96,1,2,4,11,cyclic_8_2,complete_1,cyclic_4_1,cyclic_2_1,block_2_1,unroll_2,unroll_2,pipeline_1,unroll_16,unroll_4,unroll_8,1,4.5,0.628749134994,False
workload_1156.cpp,xczu7ev-ffvc1156-2-e,5,11.66688,91,1,1,4,6,cyclic_8_2,complete_1,cyclic_4_1,cyclic_4_1,block_2_1,unroll_2,pipeline_1,pipeline_1,unroll_4,unroll_16,unroll_8,1,3,1,True
workload_1472.cpp,xczu7ev-ffvc1156-2-e,5,11.66688,88,1,1,4,6,cyclic_8_2,complete_1,cyclic_4_1,cyclic_4_1,cyclic_8_1,unroll_2,pipeline_1,pipeline_1,unroll_4,unroll_8,unroll_8,1,3,1,True
workload_1464.cpp,xczu7ev-ffvc1156-2-e,5,11.66688,91,1,1,4,6,cyclic_8_2,complete_1,cyclic_8_1,block_4_1,block_2_1,unroll_2,pipeline_1,unroll_2,unroll_4,unroll_16,unroll_2,1,3,1,True
workload_1066.cpp,xczu7ev-ffvc1156-2-e,5,11.66688,87,1,1,4,6,cyclic_8_2,complete_2,complete_1,block_4_1,block_2_1,unroll_2,pipeline_1,unroll_2,unroll_4,unroll_16,unroll_2,1,3,1,True
workload_1054.cpp,xczu7ev-ffvc1156-2-e,5,11.86063,85,1,1,3,5,cyclic_8_2,complete_2,complete_1,block_4_1,complete_1,unroll_2,pipeline_1,pipeline_1,unroll_16,unroll_2,unroll_2,1,2.5,1,True
workload_1042.cpp,xczu7ev-ffvc1156-2-e,5,11.66688,89,1,1,4,6,cyclic_8_2,complete_2,complete_1,block_4_1,complete_1,unroll_2,pipeline_1,pipeline_1,unroll_4,unroll_16,unroll_2,2,3,1,True
workload_901.cpp,xczu7ev-ffvc1156-2-e,5,11.66688,88,1,1,4,6,cyclic_8_2,complete_2,complete_1,block_4_1,complete_1,unroll_2,pipeline_1,pipeline_1,unroll_4,unroll_4,unroll_2,1,3,1,True
workload_1107.cpp,xczu7ev-ffvc1156-2-e,5,11.66688,89,1,1,4,6,cyclic_8_2,complete_2,complete_1,block_4_1,complete_1,unroll_2,pipeline_1,unroll_2,pipeline_1,unroll_4,unroll_2,1,3,1,True
workload_996.cpp,xczu7ev-ffvc1156-2-e,5,11.66688,91,1,1,4,6,cyclic_8_2,complete_2,complete_1,block_4_1,cyclic_8_1,unroll_2,pipeline_1,pipeline_1,unroll_4,unroll_4,unroll_2,1,3,1,True
workload_1479.cpp,xczu7ev-ffvc1156-2-e,5,11.86063,84,1,1,3,5,cyclic_8_2,complete_2,complete_1,complete_1,complete_1,unroll_2,pipeline_1,pipeline_1,unroll_16,unroll_4,unroll_8,1,2.5,1,True
workload_955.cpp,xczu7ev-ffvc1156-2-e,5,11.66688,88,1,1,4,6,cyclic_8_2,complete_2,complete_1,complete_1,complete_1,unroll_2,pipeline_1,pipeline_1,unroll_4,unroll_16,unroll_2,1,3,1,True
workload_1023.cpp,xczu7ev-ffvc1156-2-e,5,11.66688,90,1,1,4,6,cyclic_8_2,complete_2,complete_1,complete_1,cyclic_8_1,unroll_2,pipeline_1,pipeline_1,pipeline_1,unroll_4,unroll_2,1,3,1,True
workload_1510.cpp,xczu7ev-ffvc1156-2-e,5,11.66688,89,1,1,4,6,cyclic_8_2,complete_2,complete_1,complete_1,cyclic_8_1,unroll_2,pipeline_1,pipeline_1,unroll_4,unroll_4,unroll_8,1,3,1,True
workload_1557.cpp,xczu7ev-ffvc1156-2-e,5,11.86063,85,1,1,3,5,cyclic_8_2,complete_2,complete_1,cyclic_4_1,block_4_1,unroll_2,pipeline_1,pipeline_1,unroll_16,unroll_8,unroll_8,1,2.5,1,True
workload_1643.cpp,xczu7ev-ffvc1156-2-e,5,11.66688,90,1,1,4,6,cyclic_8_2,complete_2,complete_1,cyclic_4_1,block_4_1,unroll_2,pipeline_1,unroll_2,unroll_4,unroll_8,unroll_8,1,3,1,True
workload_979.cpp,xczu7ev-ffvc1156-2-e,5,11.66688,90,1,1,4,6,cyclic_8_2,complete_2,complete_1,cyclic_4_1,complete_1,unroll_2,pipeline_1,pipeline_1,unroll_4,unroll_4,unroll_2,1,3,1,True
workload_1571.cpp,xczu7ev-ffvc1156-2-e,5,11.66688,86,1,1,4,6,cyclic_8_2,complete_2,complete_1,cyclic_4_1,cyclic_8_1,unroll_2,pipeline_1,pipeline_1,pipeline_1,unroll_8,unroll_16,1,3,1,True
workload_1095.cpp,xczu7ev-ffvc1156-2-e,5,11.66688,91,1,1,4,6,cyclic_8_2,complete_2,cyclic_4_1,block_4_1,block_2_1,unroll_2,pipeline_1,pipeline_1,unroll_4,unroll_16,unroll_2,1,3,1,True
workload_1578.cpp,xczu7ev-ffvc1156-2-e,5,11.75992,148,1,1,6,11,cyclic_8_2,complete_2,cyclic_4_1,block_4_1,block_2_1,unroll_4,pipeline_1,pipeline_1,pipeline_1,unroll_8,unroll_8,1,4.75,0.885136421295,False
workload_1458.cpp,xczu7ev-ffvc1156-2-e,5,11.66688,88,1,1,4,6,cyclic_8_2,complete_2,cyclic_4_1,block_4_1,block_4_1,unroll_2,pipeline_1,unroll_2,unroll_4,unroll_16,unroll_2,1,3,1,True
workload_1154.cpp,xczu7ev-ffvc1156-2-e,5,11.66688,88,1,1,4,6,cyclic_8_2,complete_2,cyclic_4_1,block_8_1,complete_1,unroll_2,pipeline_1,pipeline_1,pipeline_1,unroll_4,unroll_2,1,3,1,True
workload_1536.cpp,xczu7ev-ffvc1156-2-e,5,11.86063,84,1,1,3,5,cyclic_8_2,complete_2,cyclic_4_1,complete_1,block_4_1,unroll_2,pipeline_1,pipeline_1,unroll_16,unroll_8,unroll_8,1,2.5,1,True
workload_1310.cpp,xczu7ev-ffvc1156-2-e,5,11.66688,88,1,1,4,6,cyclic_8_2,complete_2,cyclic_4_1,cyclic_2_1,block_2_1,unroll_2,pipeline_1,pipeline_1,pipeline_1,unroll_16,unroll_2,2,3,1,True
workload_1370.cpp,xczu7ev-ffvc1156-2-e,5,11.66688,91,1,1,4,6,cyclic_8_2,complete_2,cyclic_4_1,cyclic_2_1,block_2_1,unroll_2,pipeline_1,pipeline_1,pipeline_1,unroll_16,unroll_8,1,3,1,True
workload_1393.cpp,xczu7ev-ffvc1156-2-e,5,11.66688,90,1,1,4,6,cyclic_8_2,complete_2,cyclic_4_1,cyclic_2_1,block_2_1,unroll_2,pipeline_1,pipeline_1,pipeline_1,unroll_2,unroll_8,1,3,1,True
workload_1572.cpp,xczu7ev-ffvc1156-2-e,5,11.86063,86,1,1,3,5,cyclic_8_2,complete_2,cyclic_4_1,cyclic_2_1,block_2_1,unroll_2,pipeline_1,pipeline_1,unroll_16,unroll_4,unroll_8,1,2.5,1,True
workload_1526.cpp,xczu7ev-ffvc1156-2-e,5,11.86063,86,1,1,3,5,cyclic_8_2,complete_2,cyclic_4_1,cyclic_2_1,block_4_1,unroll_2,pipeline_1,pipeline_1,unroll_16,unroll_4,unroll_8,2,2.5,1,True
workload_1414.cpp,xczu7ev-ffvc1156-2-e,5,11.86063,85,1,1,3,5,cyclic_8_2,complete_2,cyclic_4_1,cyclic_2_1,block_4_1,unroll_2,pipeline_1,pipeline_1,unroll_16,unroll_8,unroll_2,1,2.5,1,True
workload_1319.cpp,xczu7ev-ffvc1156-2-e,5,11.66688,91,1,1,4,6,cyclic_8_2,complete_2,cyclic_8_1,complete_1,block_2_1,unroll_2,pipeline_1,pipeline_1,unroll_4,unroll_8,unroll_8,1,3,1,True
workload_1015.cpp,xczu7ev-ffvc1156-2-e,5,11.66688,86,1,1,4,6,cyclic_8_2,complete_2,cyclic_8_1,complete_1,block_4_1,unroll_2,pipeline_1,pipeline_1,unroll_4,unroll_16,unroll_2,1,3,1,True
workload_1531.cpp,xczu7ev-ffvc1156-2-e,5,11.66688,87,1,1,4,6,cyclic_8_2,cyclic_2_2,complete_1,block_4_1,block_2_1,unroll_2,pipeline_1,unroll_2,unroll_4,unroll_8,unroll_8,1,3,1,True
workload_880.cpp,xczu7ev-ffvc1156-2-e,5,11.946425,314,1,1,11,20,cyclic_8_2,cyclic_2_2,complete_1,block_4_1,block_4_1,unroll_8,pipeline_1,unroll_2,pipeline_1,unroll_16,unroll_16,1,8.25,0.702987115505,False
workload_1214.cpp,xczu7ev-ffvc1156-2-e,5,11.66688,86,1,1,4,6,cyclic_8_2,cyclic_2_2,complete_1,block_4_1,complete_1,unroll_2,pipeline_1,pipeline_1,unroll_4,unroll_4,unroll_4,1,3,1,True
workload_855.cpp,xczu7ev-ffvc1156-2-e,5,286.241455,377,1,1,15,61,cyclic_8_2,cyclic_2_2,complete_1,block_4_1,cyclic_2_1,unroll_8,unroll_2,unroll_2,unroll_8,pipeline_1,unroll_2,1,19.5,0.182359253978,False
workload_1503.cpp,xczu7ev-ffvc1156-2-e,5,11.66688,87,1,1,4,6,cyclic_8_2,cyclic_2_2,complete_1,complete_1,block_2_1,unroll_2,pipeline_1,pipeline_1,unroll_4,unroll_4,unroll_2,1,3,1,True
workload_1460.cpp,xczu7ev-ffvc1156-2-e,5,11.66688,88,1,1,4,6,cyclic_8_2,cyclic_2_2,complete_1,complete_1,block_2_1,unroll_2,pipeline_1,pipeline_1,unroll_4,unroll_8,unroll_8,1,3,1,True
workload_1488.cpp,xczu7ev-ffvc1156-2-e,5,11.66688,88,1,1,4,6,cyclic_8_2,cyclic_2_2,complete_1,cyclic_2_1,block_2_1,unroll_2,pipeline_1,pipeline_1,unroll_4,unroll_8,unroll_4,1,3,1,True
workload_1482.cpp,xczu7ev-ffvc1156-2-e,5,11.86063,85,1,1,3,5,cyclic_8_2,cyclic_2_2,complete_1,cyclic_2_1,block_4_1,unroll_2,pipeline_1,pipeline_1,unroll_16,unroll_4,unroll_8,1,2.5,1,True
workload_1330.cpp,xczu7ev-ffvc1156-2-e,5,11.66688,92,1,1,4,6,cyclic_8_2,cyclic_2_2,complete_1,cyclic_2_1,cyclic_8_1,unroll_2,pipeline_1,unroll_2,pipeline_1,unroll_4,unroll_2,1,3,1,True
workload_1284.cpp,xczu7ev-ffvc1156-2-e,5,11.66688,91,1,1,4,6,cyclic_8_2,cyclic_2_2,complete_1,cyclic_4_1,block_2_1,unroll_2,pipeline_1,pipeline_1,unroll_4,unroll_8,unroll_8,1,3,1,True
workload_1477.cpp,xczu7ev-ffvc1156-2-e,5,11.86063,85,1,1,3,5,cyclic_8_2,cyclic_2_2,complete_1,cyclic_4_1,block_4_1,unroll_2,pipeline_1,unroll_2,unroll_16,unroll_4,unroll_2,1,2.5,1,True
workload_837.cpp,xczu7ev-ffvc1156-2-e,5,12.144825,373,1,1,8,15,cyclic_8_2,cyclic_2_2,complete_1,cyclic_4_1,block_8_1,unroll_8,pipeline_1,unroll_2,unroll_16,pipeline_1,unroll_16,1,6.25,0.804128807081,False
workload_1522.cpp,xczu7ev-ffvc1156-2-e,5,11.86063,84,1,1,3,5,cyclic_8_2,cyclic_2_2,complete_1,cyclic_4_1,complete_1,unroll_2,pipeline_1,pipeline_1,unroll_16,unroll_8,unroll_8,1,2.5,1,True
workload_1424.cpp,xczu7ev-ffvc1156-2-e,5,11.66688,91,1,1,4,6,cyclic_8_2,cyclic_2_2,complete_1,cyclic_4_1,complete_1,unroll_2,pipeline_1,pipeline_1,unroll_4,unroll_8,unroll_8,1,3,1,True
workload_1360.cpp,xczu7ev-ffvc1156-2-e,5,11.66688,88,1,1,4,6,cyclic_8_2,cyclic_2_2,complete_1,cyclic_4_1,cyclic_8_1,unroll_2,pipeline_1,pipeline_1,unroll_4,unroll_8,unroll_8,1,3,1,True
workload_1089.cpp,xczu7ev-ffvc1156-2-e,5,11.66688,90,1,1,4,6,cyclic_8_2,cyclic_2_2,cyclic_4_1,block_4_1,block_2_1,unroll_2,pipeline_1,pipeline_1,unroll_4,unroll_4,unroll_4,1,3,1,True
workload_1547.cpp,xczu7ev-ffvc1156-2-e,5,11.66688,89,1,1,4,6,cyclic_8_2,cyclic_2_2,cyclic_4_1,complete_1,block_2_1,unroll_2,pipeline_1,pipeline_1,unroll_4,unroll_8,unroll_8,1,3,1,True
workload_1429.cpp,xczu7ev-ffvc1156-2-e,5,11.86063,87.5,1,1,3,5,cyclic_8_2,cyclic_2_2,cyclic_4_1,cyclic_2_1,block_2_1,unroll_2,pipeline_1,pipeline_1,unroll_16,unroll_4,unroll_8,2,2.5,1,True
workload_1593.cpp,xczu7ev-ffvc1156-2-e,5,11.86063,86,1,1,3,5,cyclic_8_2,cyclic_2_2,cyclic_4_1,cyclic_2_1,block_4_1,unroll_2,pipeline_1,pipeline_1,unroll_16,unroll_4,unroll_8,1,2.5,1,True
workload_1517.cpp,xczu7ev-ffvc1156-2-e,5,11.86063,85,1,1,3,5,cyclic_8_2,cyclic_2_2,cyclic_4_1,cyclic_2_1,complete_1,unroll_2,pipeline_1,pipeline_1,unroll_16,unroll_4,unroll_8,1,2.5,1,True
workload_1497.cpp,xczu7ev-ffvc1156-2-e,5,11.66688,88,1,1,4,6,cyclic_8_2,cyclic_2_2,cyclic_4_1,cyclic_4_1,cyclic_8_1,unroll_2,pipeline_1,pipeline_1,unroll_4,unroll_16,unroll_8,1,3,1,True
workload_1113.cpp,xczu7ev-ffvc1156-2-e,5,11.86063,84,1,1,3,5,cyclic_8_2,cyclic_2_2,cyclic_8_1,cyclic_2_1,block_2_1,unroll_2,pipeline_1,pipeline_1,unroll_16,unroll_16,unroll_2,1,2.5,1,True
workload_1398.cpp,xczu7ev-ffvc1156-2-e,5,11.66688,88,1,1,4,6,cyclic_8_2,cyclic_2_2,cyclic_8_1,cyclic_4_1,block_2_1,unroll_2,pipeline_1,pipeline_1,unroll_4,unroll_8,unroll_8,1,3,1,True
workload_1382.cpp,xczu7ev-ffvc1156-2-e,5,11.66688,87,1,1,4,6,cyclic_8_2,cyclic_2_2,cyclic_8_1,cyclic_4_1,block_2_1,unroll_2,pipeline_1,pipeline_1,unroll_8,unroll_8,unroll_8,1,3,1,True
workload_1420.cpp,xczu7ev-ffvc1156-2-e,5,11.66688,90,1,1,4,6,cyclic_8_2,cyclic_2_2,cyclic_8_1,cyclic_4_1,block_2_1,unroll_2,pipeline_1,unroll_2,pipeline_1,unroll_16,unroll_8,1,3,1,True
workload_1413.cpp,xczu7ev-ffvc1156-2-e,5,11.66688,91,1,1,4,6,cyclic_8_2,cyclic_2_2,cyclic_8_1,cyclic_4_1,block_2_1,unroll_2,pipeline_1,unroll_2,unroll_4,unroll_16,unroll_2,1,3,1,True
workload_1373.cpp,xczu7ev-ffvc1156-2-e,5,11.66688,87,1,1,4,6,cyclic_8_2,cyclic_2_2,cyclic_8_1,cyclic_4_1,complete_1,unroll_2,pipeline_1,unroll_2,unroll_2,unroll_16,pipeline_1,1,3,1,True
workload_1422.cpp,xczu7ev-ffvc1156-2-e,5,11.66688,90,1,1,4,6,cyclic_8_2,cyclic_2_2,cyclic_8_1,cyclic_4_1,complete_1,unroll_2,pipeline_1,unroll_2,unroll_2,unroll_8,pipeline_1,1,3,1,True
workload_1051.cpp,xczu7ev-ffvc1156-2-e,5,11.66688,87,1,1,4,6,cyclic_8_2,cyclic_4_2,block_8_1,cyclic_4_1,block_2_1,unroll_2,pipeline_1,unroll_2,unroll_4,unroll_16,unroll_4,1,3,1,True
workload_1131.cpp,xczu7ev-ffvc1156-2-e,5,11.66688,88,1,1,4,6,cyclic_8_2,cyclic_4_2,block_8_1,cyclic_4_1,complete_1,unroll_2,pipeline_1,pipeline_1,unroll_4,unroll_16,pipeline_1,1,3,1,True
workload_1425.cpp,xczu7ev-ffvc1156-2-e,5,11.66688,93,1,1,4,6,cyclic_8_2,cyclic_4_2,complete_1,block_4_1,block_2_1,unroll_2,pipeline_1,unroll_2,unroll_4,unroll_16,unroll_2,1,3,1,True
workload_935.cpp,xczu7ev-ffvc1156-2-e,5,11.66688,90,1,1,4,6,cyclic_8_2,cyclic_4_2,complete_1,block_4_1,block_4_1,unroll_2,pipeline_1,unroll_2,unroll_4,unroll_2,unroll_4,1,3,1,True
workload_1061.cpp,xczu7ev-ffvc1156-2-e,5,207.18938,80,1,1,2,5,cyclic_8_2,cyclic_4_2,complete_1,block_4_1,complete_1,unroll_2,pipeline_1,pipeline_1,unroll_4,pipeline_1,unroll_2,1,2.25,1,True
workload_956.cpp,xczu7ev-ffvc1156-2-e,5,11.66688,88,1,1,4,6,cyclic_8_2,cyclic_4_2,complete_1,block_4_1,complete_1,unroll_2,pipeline_1,unroll_2,unroll_4,unroll_2,unroll_4,1,3,1,True
workload_1127.cpp,xczu7ev-ffvc1156-2-e,5,11.66688,87,1,1,4,6,cyclic_8_2,cyclic_4_2,complete_1,block_4_1,complete_1,unroll_2,pipeline_1,unroll_2,unroll_4,unroll_4,unroll_2,1,3,1,True
workload_1056.cpp,xczu7ev-ffvc1156-2-e,5,11.66688,88,1,1,4,6,cyclic_8_2,cyclic_4_2,complete_1,block_4_1,complete_1,unroll_2,pipeline_1,unroll_2,unroll_4,unroll_4,unroll_4,1,3,1,True
workload_1022.cpp,xczu7ev-ffvc1156-2-e,5,11.66688,89,1,1,4,6,cyclic_8_2,cyclic_4_2,complete_1,block_4_1,complete_1,unroll_2,pipeline_1,unroll_2,unroll_8,unroll_2,unroll_4,1,3,1,True
workload_990.cpp,xczu7ev-ffvc1156-2-e,5,11.66688,91,1,1,4,6,cyclic_8_2,cyclic_4_2,complete_1,block_4_1,cyclic_2_1,unroll_2,pipeline_1,unroll_2,unroll_4,unroll_16,unroll_4,1,3,1,True
workload_941.cpp,xczu7ev-ffvc1156-2-e,5,11.66688,88,1,1,4,6,cyclic_8_2,cyclic_4_2,complete_1,block_4_1,cyclic_2_1,unroll_2,pipeline_1,unroll_2,unroll_4,unroll_2,unroll_2,1,3,1,True
workload_890.cpp,xczu7ev-ffvc1156-2-e,5,11.66688,88,1,1,4,6,cyclic_8_2,cyclic_4_2,complete_1,block_4_1,cyclic_2_1,unroll_2,pipeline_1,unroll_2,unroll_4,unroll_2,unroll_4,1,3,1,True
workload_1279.cpp,xczu7ev-ffvc1156-2-e,5,11.66688,91,1,1,4,6,cyclic_8_2,cyclic_4_2,complete_1,block_4_1,cyclic_8_1,unroll_2,pipeline_1,pipeline_1,unroll_4,unroll_4,unroll_2,1,3,1,True
workload_1384.cpp,xczu7ev-ffvc1156-2-e,5,11.86063,83,1,1,3,5,cyclic_8_2,cyclic_4_2,complete_1,complete_1,block_2_1,unroll_2,pipeline_1,pipeline_1,unroll_16,unroll_8,unroll_2,1,2.5,1,True
workload_1251.cpp,xczu7ev-ffvc1156-2-e,5,11.66688,89,1,1,4,6,cyclic_8_2,cyclic_4_2,complete_1,complete_1,block_2_1,unroll_2,pipeline_1,unroll_2,unroll_4,unroll_16,unroll_2,1,3,1,True
workload_1435.cpp,xczu7ev-ffvc1156-2-e,5,11.86063,86,1,1,3,5,cyclic_8_2,cyclic_4_2,complete_1,complete_1,cyclic_8_1,unroll_2,pipeline_1,pipeline_1,unroll_16,unroll_4,unroll_8,1,2.5,1,True
workload_1094.cpp,xczu7ev-ffvc1156-2-e,5,11.66688,93,1,1,4,6,cyclic_8_2,cyclic_4_2,complete_1,complete_1,cyclic_8_1,unroll_2,pipeline_1,unroll_2,unroll_4,unroll_16,unroll_4,1,3,1,True
workload_1457.cpp,xczu7ev-ffvc1156-2-e,5,11.86063,87,1,1,3,5,cyclic_8_2,cyclic_4_2,complete_1,cyclic_2_1,block_2_1,unroll_2,pipeline_1,pipeline_1,unroll_16,unroll_8,unroll_2,1,2.5,1,True
workload_1018.cpp,xczu7ev-ffvc1156-2-e,5,11.86063,84,1,1,3,5,cyclic_8_2,cyclic_4_2,complete_1,cyclic_2_1,block_2_1,unroll_2,pipeline_1,pipeline_1,unroll_16,unroll_8,unroll_8,1,2.5,1,True
workload_1100.cpp,xczu7ev-ffvc1156-2-e,5,11.66688,92,1,1,4,6,cyclic_8_2,cyclic_4_2,complete_1,cyclic_2_1,complete_1,unroll_2,pipeline_1,pipeline_1,unroll_4,unroll_16,unroll_2,1,3,1,True
workload_1218.cpp,xczu7ev-ffvc1156-2-e,5,11.66688,93,1,1,4,6,cyclic_8_2,cyclic_4_2,complete_1,cyclic_2_1,complete_1,unroll_2,pipeline_1,pipeline_1,unroll_8,unroll_16,unroll_2,1,3,1,True
workload_1616.cpp,xczu7ev-ffvc1156-2-e,5,11.75992,147,1,1,6,11,cyclic_8_2,cyclic_4_2,complete_1,cyclic_2_1,cyclic_8_1,unroll_4,pipeline_1,pipeline_1,unroll_8,unroll_4,unroll_16,1,4.75,0.885136421295,False
workload_757.cpp,xczu7ev-ffvc1156-2-e,5,212.161455,374,1,1,8,17,cyclic_8_2,cyclic_4_2,complete_1,cyclic_4_1,block_8_1,unroll_8,pipeline_1,pipeline_1,unroll_16,pipeline_1,unroll_16,1,6.75,0.547026123257,False
workload_1431.cpp,xczu7ev-ffvc1156-2-e,5,11.66688,93,1,1,4,6,cyclic_8_2,cyclic_4_2,complete_1,cyclic_4_1,complete_1,unroll_2,pipeline_1,pipeline_1,unroll_4,unroll_8,unroll_8,1,3,1,True
workload_1555.cpp,xczu7ev-ffvc1156-2-e,5,11.66688,87,1,1,4,6,cyclic_8_2,cyclic_4_2,complete_1,cyclic_4_1,cyclic_8_1,unroll_2,pipeline_1,pipeline_1,pipeline_1,unroll_16,unroll_16,1,3,1,True
workload_1399.cpp,xczu7ev-ffvc1156-2-e,5,11.86063,85,1,1,3,5,cyclic_8_2,cyclic_4_2,complete_1,cyclic_4_1,cyclic_8_1,unroll_2,pipeline_1,pipeline_1,unroll_16,unroll_4,unroll_8,1,2.5,1,True
workload_1530.cpp,xczu7ev-ffvc1156-2-e,5,11.66688,87,1,1,4,6,cyclic_8_2,cyclic_4_2,complete_1,cyclic_4_1,cyclic_8_1,unroll_2,pipeline_1,pipeline_1,unroll_4,unroll_16,unroll_16,1,3,1,True
workload_1490.cpp,xczu7ev-ffvc1156-2-e,5,11.66688,89,1,1,4,6,cyclic_8_2,cyclic_4_2,complete_1,cyclic_4_1,cyclic_8_1,unroll_2,pipeline_1,pipeline_1,unroll_4,unroll_8,unroll_16,1,3,1,True
workload_799.cpp,xczu7ev-ffvc1156-2-e,5,11.946425,440,1,1,11,20,cyclic_8_2,cyclic_4_2,cyclic_2_1,block_4_1,block_2_1,unroll_8,pipeline_1,pipeline_1,pipeline_1,unroll_2,unroll_4,1,8.25,0.702987115505,False
workload_857.cpp,xczu7ev-ffvc1156-2-e,5,11.946425,317,1,1,11,20,cyclic_8_2,cyclic_4_2,cyclic_2_1,block_4_1,cyclic_2_1,unroll_8,pipeline_1,pipeline_1,pipeline_1,unroll_4,unroll_4,1,8.25,0.702987115505,False
workload_1048.cpp,xczu7ev-ffvc1156-2-e,5,11.86063,84,1,1,3,5,cyclic_8_2,cyclic_4_2,cyclic_4_1,block_4_1,block_2_1,unroll_2,pipeline_1,pipeline_1,unroll_16,unroll_8,unroll_8,1,2.5,1,True
workload_1432.cpp,xczu7ev-ffvc1156-2-e,5,11.66688,93,1,1,4,6,cyclic_8_2,cyclic_4_2,cyclic_4_1,block_4_1,block_2_1,unroll_2,pipeline_1,pipeline_1,unroll_4,unroll_16,unroll_2,1,3,1,True
workload_1260.cpp,xczu7ev-ffvc1156-2-e,5,11.66688,90,1,1,4,6,cyclic_8_2,cyclic_4_2,cyclic_4_1,complete_1,complete_1,unroll_2,pipeline_1,pipeline_1,pipeline_1,unroll_8,unroll_2,1,3,1,True
workload_1091.cpp,xczu7ev-ffvc1156-2-e,5,11.66688,90,1,1,4,6,cyclic_8_2,cyclic_4_2,cyclic_4_1,cyclic_2_1,block_2_1,unroll_2,pipeline_1,pipeline_1,unroll_4,unroll_4,unroll_8,1,3,1,True
workload_1201.cpp,xczu7ev-ffvc1156-2-e,5,11.86063,85,1,1,3,5,cyclic_8_2,cyclic_4_2,cyclic_4_1,cyclic_4_1,block_2_1,unroll_2,pipeline_1,pipeline_1,unroll_16,unroll_8,unroll_16,1,2.5,1,True
workload_1124.cpp,xczu7ev-ffvc1156-2-e,5,11.86063,85,1,1,3,5,cyclic_8_2,cyclic_4_2,cyclic_4_1,cyclic_4_1,block_2_1,unroll_2,pipeline_1,pipeline_1,unroll_16,unroll_8,unroll_8,1,2.5,1,True
workload_1161.cpp,xczu7ev-ffvc1156-2-e,5,11.66688,88,1,1,4,6,cyclic_8_2,cyclic_4_2,cyclic_4_1,cyclic_4_1,block_2_1,unroll_2,pipeline_1,pipeline_1,unroll_4,unroll_8,unroll_8,1,3,1,True
workload_1363.cpp,xczu7ev-ffvc1156-2-e,5,11.86063,84,1,1,3,5,cyclic_8_2,cyclic_4_2,cyclic_4_1,cyclic_4_1,cyclic_8_1,unroll_2,pipeline_1,pipeline_1,unroll_16,unroll_8,unroll_8,1,2.5,1,True
workload_1404.cpp,xczu7ev-ffvc1156-2-e,5,11.66688,88,1,1,4,6,cyclic_8_2,cyclic_4_2,cyclic_4_1,cyclic_4_1,cyclic_8_1,unroll_2,pipeline_1,pipeline_1,unroll_4,unroll_16,unroll_16,1,3,1,True
workload_1556.cpp,xczu7ev-ffvc1156-2-e,5,11.66688,88,1,1,4,6,cyclic_8_2,cyclic_4_2,cyclic_4_1,cyclic_4_1,cyclic_8_1,unroll_2,pipeline_1,pipeline_1,unroll_4,unroll_4,unroll_16,1,3,1,True
workload_1297.cpp,xczu7ev-ffvc1156-2-e,5,11.66688,88,1,1,4,6,cyclic_8_2,cyclic_4_2,cyclic_4_1,cyclic_4_1,cyclic_8_1,unroll_2,pipeline_1,pipeline_1,unroll_4,unroll_8,unroll_16,1,3,1,True
workload_1486.cpp,xczu7ev-ffvc1156-2-e,5,406.40813,117,1,1,3,9,cyclic_8_2,cyclic_4_2,cyclic_4_1,cyclic_4_1,cyclic_8_1,unroll_2,unroll_2,pipeline_1,unroll_4,unroll_2,unroll_16,1,3.5,0.228564928161,False
workload_1339.cpp,xczu7ev-ffvc1156-2-e,5,11.66688,90,1,1,4,6,cyclic_8_2,cyclic_4_2,cyclic_8_1,block_4_1,block_2_1,unroll_2,pipeline_1,pipeline_1,unroll_4,unroll_16,unroll_2,1,3,1,True
workload_1369.cpp,xczu7ev-ffvc1156-2-e,5,11.66688,91,1,1,4,6,cyclic_8_2,cyclic_4_2,cyclic_8_1,block_4_1,block_2_1,unroll_2,pipeline_1,unroll_2,unroll_4,unroll_16,unroll_2,1,3,1,True
workload_1389.cpp,xczu7ev-ffvc1156-2-e,5,11.86063,84,1,1,3,5,cyclic_8_2,cyclic_4_2,cyclic_8_1,complete_1,block_2_1,unroll_2,pipeline_1,pipeline_1,unroll_16,unroll_8,unroll_2,1,2.5,1,True
workload_1275.cpp,xczu7ev-ffvc1156-2-e,5,11.66688,89,1,1,4,6,cyclic_8_2,cyclic_4_2,cyclic_8_1,complete_1,block_4_1,unroll_2,pipeline_1,unroll_2,unroll_4,unroll_16,unroll_2,1,3,1,True
workload_1229.cpp,xczu7ev-ffvc1156-2-e,5,11.66688,87,1,1,4,6,cyclic_8_2,cyclic_4_2,cyclic_8_1,complete_1,complete_1,unroll_2,pipeline_1,pipeline_1,pipeline_1,unroll_16,unroll_2,1,3,1,True
workload_1246.cpp,xczu7ev-ffvc1156-2-e,5,11.66688,91,1,1,4,6,cyclic_8_2,cyclic_4_2,cyclic_8_1,complete_1,complete_1,unroll_2,pipeline_1,pipeline_1,unroll_4,unroll_16,unroll_4,1,3,1,True
workload_1365.cpp,xczu7ev-ffvc1156-2-e,5,11.66688,91,1,1,4,6,cyclic_8_2,cyclic_4_2,cyclic_8_1,cyclic_2_1,block_2_1,unroll_2,pipeline_1,pipeline_1,unroll_4,unroll_16,unroll_2,1,3,1,True
workload_1350.cpp,xczu7ev-ffvc1156-2-e,5,11.66688,88,1,1,4,6,cyclic_8_2,cyclic_4_2,cyclic_8_1,cyclic_2_1,complete_1,unroll_2,pipeline_1,pipeline_1,unroll_4,unroll_16,pipeline_1,1,3,1,True
workload_1292.cpp,xczu7ev-ffvc1156-2-e,5,11.66688,88,1,1,4,6,cyclic_8_2,cyclic_4_2,cyclic_8_1,cyclic_2_1,complete_1,unroll_2,pipeline_1,unroll_2,unroll_4,unroll_8,unroll_8,1,3,1,True
workload_1122.cpp,xczu7ev-ffvc1156-2-e,5,11.66688,90,1,1,4,6,cyclic_8_2,cyclic_4_2,cyclic_8_1,cyclic_2_1,cyclic_8_1,unroll_2,pipeline_1,pipeline_1,pipeline_1,unroll_8,unroll_2,1,3,1,True
workload_1234.cpp,xczu7ev-ffvc1156-2-e,5,11.66688,94,1,1,4,6,cyclic_8_2,cyclic_4_2,cyclic_8_1,cyclic_2_1,cyclic_8_1,unroll_2,pipeline_1,pipeline_1,unroll_2,unroll_16,unroll_4,1,3,1,True
workload_1187.cpp,xczu7ev-ffvc1156-2-e,5,11.66688,91,1,1,4,6,cyclic_8_2,cyclic_4_2,cyclic_8_1,cyclic_2_1,cyclic_8_1,unroll_2,pipeline_1,pipeline_1,unroll_4,unroll_16,unroll_2,1,3,1,True
workload_1204.cpp,xczu7ev-ffvc1156-2-e,5,11.66688,87,1,1,4,6,cyclic_8_2,cyclic_4_2,cyclic_8_1,cyclic_2_1,cyclic_8_1,unroll_2,pipeline_1,pipeline_1,unroll_4,unroll_8,unroll_2,1,3,1,True
workload_1265.cpp,xczu7ev-ffvc1156-2-e,5,11.66688,94,1,1,4,6,cyclic_8_2,cyclic_4_2,cyclic_8_1,cyclic_2_1,cyclic_8_1,unroll_2,pipeline_1,pipeline_1,unroll_4,unroll_8,unroll_8,1,3,1,True
workload_1224.cpp,xczu7ev-ffvc1156-2-e,5,11.66688,86,1,1,4,6,cyclic_8_2,cyclic_4_2,cyclic_8_1,cyclic_2_1,cyclic_8_1,unroll_2,pipeline_1,unroll_2,pipeline_1,unroll_8,unroll_2,1,3,1,True
workload_1006.cpp,xczu7ev-ffvc1156-2-e,5,11.66688,87,1,1,4,6,cyclic_8_2,cyclic_4_2,cyclic_8_1,cyclic_4_1,block_2_1,unroll_2,pipeline_1,unroll_2,unroll_4,unroll_16,unroll_4,1,3,1,True
workload_1183.cpp,xczu7ev-ffvc1156-2-e,5,11.66688,88,1,1,4,6,cyclic_8_2,cyclic_4_2,cyclic_8_1,cyclic_4_1,block_4_1,unroll_2,pipeline_1,unroll_2,unroll_4,unroll_16,unroll_4,1,3,1,True
workload_1259.cpp,xczu7ev-ffvc1156-2-e,5,11.66688,89,1,1,4,6,cyclic_8_2,cyclic_4_2,cyclic_8_1,cyclic_4_1,complete_1,unroll_2,pipeline_1,pipeline_1,pipeline_1,unroll_16,pipeline_1,1,3,1,True
workload_1326.cpp,xczu7ev-ffvc1156-2-e,5,11.66688,89,1,1,4,6,cyclic_8_2,cyclic_4_2,cyclic_8_1,cyclic_4_1,complete_1,unroll_2,pipeline_1,pipeline_1,pipeline_1,unroll_4,pipeline_1,1,3,1,True
workload_1098.cpp,xczu7ev-ffvc1156-2-e,5,11.66688,90,1,1,4,6,cyclic_8_2,cyclic_4_2,cyclic_8_1,cyclic_4_1,complete_1,unroll_2,pipeline_1,pipeline_1,unroll_4,unroll_16,pipeline_1,1,3,1,True
workload_1067.cpp,xczu7ev-ffvc1156-2-e,5,11.66688,88.5,1,1,4,6,cyclic_8_2,cyclic_4_2,cyclic_8_1,cyclic_4_1,complete_1,unroll_2,pipeline_1,pipeline_1,unroll_4,unroll_16,unroll_4,2,3,1,True
workload_1434.cpp,xczu7ev-ffvc1156-2-e,5,11.66688,89,1,1,4,6,cyclic_8_2,cyclic_4_2,cyclic_8_1,cyclic_4_1,cyclic_8_1,unroll_2,pipeline_1,pipeline_1,unroll_4,unroll_16,unroll_2,1,3,1,True
workload_1406.cpp,xczu7ev-ffvc1156-2-e,5,11.66688,89,1,1,4,6,cyclic_8_2,cyclic_4_2,cyclic_8_1,cyclic_4_1,cyclic_8_1,unroll_2,pipeline_1,pipeline_1,unroll_4,unroll_4,unroll_2,1,3,1,True
workload_1516.cpp,xczu7ev-ffvc1156-2-e,5,11.66688,86,1,1,4,6,cyclic_8_2,cyclic_4_2,cyclic_8_1,cyclic_4_1,cyclic_8_1,unroll_2,pipeline_1,pipeline_1,unroll_4,unroll_8,unroll_2,1,3,1,True
workload_1338.cpp,xczu7ev-ffvc1156-2-e,5,11.86063,83,1,1,3,5,cyclic_8_2,cyclic_4_2,cyclic_8_1,cyclic_4_1,cyclic_8_1,unroll_2,pipeline_1,unroll_2,unroll_16,unroll_8,unroll_2,1,2.5,1,True
workload_811.cpp,xczu7ev-ffvc1156-2-e,5,212.161415,1066,1,1,16,31,cyclic_8_2,cyclic_8_2,block_4_1,cyclic_4_1,block_8_1,unroll_16,pipeline_1,pipeline_1,unroll_8,pipeline_1,unroll_2,1,12.25,0.393340435046,False
workload_1046.cpp,xczu7ev-ffvc1156-2-e,5,11.66688,89,1,1,4,6,cyclic_8_2,cyclic_8_2,complete_1,block_8_1,cyclic_8_1,unroll_2,pipeline_1,pipeline_1,unroll_8,unroll_8,pipeline_1,1,3,1,True
workload_1332.cpp,xczu7ev-ffvc1156-2-e,5,11.66688,88,1,1,4,6,cyclic_8_2,cyclic_8_2,complete_1,complete_1,block_4_1,unroll_2,pipeline_1,unroll_2,unroll_4,unroll_4,unroll_2,1,3,1,True
workload_1305.cpp,xczu7ev-ffvc1156-2-e,5,11.66688,91,1,1,4,6,cyclic_8_2,cyclic_8_2,complete_1,cyclic_2_1,cyclic_8_1,unroll_2,pipeline_1,pipeline_1,unroll_4,unroll_4,unroll_2,1,3,1,True
workload_1078.cpp,xczu7ev-ffvc1156-2-e,5,207.18938,83,1,1,2,5,cyclic_8_2,cyclic_8_2,cyclic_4_1,block_2_1,cyclic_8_1,unroll_2,pipeline_1,pipeline_1,unroll_16,pipeline_1,pipeline_1,1,2.25,1,True
workload_1140.cpp,xczu7ev-ffvc1156-2-e,5,11.66688,92,1,1,4,6,cyclic_8_2,cyclic_8_2,cyclic_4_1,block_4_1,block_2_1,unroll_2,pipeline_1,unroll_2,unroll_4,unroll_4,unroll_2,1,3,1,True
workload_1164.cpp,xczu7ev-ffvc1156-2-e,5,11.66688,87,1,1,4,6,cyclic_8_2,cyclic_8_2,cyclic_4_1,complete_1,complete_1,unroll_2,pipeline_1,pipeline_1,unroll_4,unroll_8,unroll_2,1,3,1,True
workload_1247.cpp,xczu7ev-ffvc1156-2-e,5,228.28313,78,1,1,2,9,cyclic_8_2,cyclic_8_2,cyclic_4_1,cyclic_2_1,cyclic_8_1,unroll_2,unroll_2,pipeline_1,pipeline_1,unroll_4,unroll_4,1,3.25,0.600709409215,False
workload_1211.cpp,xczu7ev-ffvc1156-2-e,5,11.86063,83,1,1,3,5,cyclic_8_2,cyclic_8_2,cyclic_8_1,complete_1,block_4_1,unroll_2,pipeline_1,unroll_2,unroll_16,unroll_8,unroll_2,1,2.5,1,True
workload_1148.cpp,xczu7ev-ffvc1156-2-e,5,11.66688,86,1,1,4,6,cyclic_8_2,cyclic_8_2,cyclic_8_1,cyclic_2_1,block_4_1,unroll_2,pipeline_1,pipeline_1,unroll_2,unroll_16,unroll_2,1,3,1,True
workload_1340.cpp,xczu7ev-ffvc1156-2-e,5,11.66688,87,1,1,4,6,cyclic_8_2,cyclic_8_2,cyclic_8_1,cyclic_2_1,cyclic_8_1,unroll_2,pipeline_1,pipeline_1,pipeline_1,unroll_16,unroll_2,1,3,1,True
workload_1216.cpp,xczu7ev-ffvc1156-2-e,5,11.66688,90,1,1,4,6,cyclic_8_2,cyclic_8_2,cyclic_8_1,cyclic_2_1,cyclic_8_1,unroll_2,pipeline_1,pipeline_1,pipeline_1,unroll_4,unroll_2,1,3,1,True
workload_1280.cpp,xczu7ev-ffvc1156-2-e,5,11.66688,87,1,1,4,6,cyclic_8_2,cyclic_8_2,cyclic_8_1,cyclic_2_1,cyclic_8_1,unroll_2,pipeline_1,unroll_2,pipeline_1,unroll_4,unroll_2,2,3,1,True
workload_1116.cpp,xczu7ev-ffvc1156-2-e,5,11.66688,87,1,1,4,6,cyclic_8_2,cyclic_8_2,cyclic_8_1,cyclic_4_1,complete_1,unroll_2,pipeline_1,unroll_2,pipeline_1,unroll_4,unroll_2,1,3,1,True
workload_248.cpp,xczu7ev-ffvc1156-2-e,10,22.78376,88,1,1,3,5,block_2_2,complete_1,block_2_1,block_4_1,block_4_1,unroll_2,pipeline_1,unroll_2,unroll_16,pipeline_1,unroll_2,1,2.5,0.999034486477,False
workload_711.cpp,xczu7ev-ffvc1156-2-e,10,22.38376,88,1,1,3,5,block_2_2,complete_1,block_2_1,block_4_1,cyclic_8_1,unroll_2,pipeline_1,pipeline_1,pipeline_1,unroll_4,unroll_8,1,2.5,1,True
workload_222.cpp,xczu7ev-ffvc1156-2-e,10,22.78376,85,1,1,3,5,block_2_2,complete_1,block_2_1,complete_1,block_4_1,unroll_2,pipeline_1,unroll_2,unroll_16,pipeline_1,unroll_2,1,2.5,0.999034486477,False
workload_585.cpp,xczu7ev-ffvc1156-2-e,10,22.38376,87,1,1,3,5,block_2_2,complete_1,block_4_1,block_4_1,complete_1,unroll_2,pipeline_1,pipeline_1,pipeline_1,unroll_2,unroll_8,1,2.5,1,True
workload_618.cpp,xczu7ev-ffvc1156-2-e,10,22.38376,90,1,1,3,5,block_2_2,complete_1,block_4_1,block_4_1,cyclic_4_1,unroll_2,pipeline_1,pipeline_1,pipeline_1,unroll_2,unroll_2,1,2.5,1,True
workload_194.cpp,xczu7ev-ffvc1156-2-e,10,22.78376,88,1,1,3,5,block_2_2,complete_1,cyclic_8_1,complete_1,block_4_1,unroll_2,pipeline_1,unroll_2,unroll_16,pipeline_1,unroll_2,1,2.5,0.999034486477,False
workload_286.cpp,xczu7ev-ffvc1156-2-e,10,22.78376,82,1,1,3,5,block_2_2,complete_1,cyclic_8_1,complete_1,block_4_1,unroll_2,pipeline_1,unroll_2,unroll_16,pipeline_1,unroll_4,1,2.5,0.999034486477,False
workload_255.cpp,xczu7ev-ffvc1156-2-e,10,316.25376,90,1,2,3,9,block_2_2,complete_1,cyclic_8_1,complete_1,block_4_1,unroll_2,unroll_2,unroll_2,unroll_16,pipeline_1,unroll_2,1,3.75,0.505461440211,False
workload_310.cpp,xczu7ev-ffvc1156-2-e,10,22.38376,91,1,1,3,5,block_2_2,complete_1,cyclic_8_1,cyclic_4_1,block_8_1,unroll_2,pipeline_1,unroll_2,unroll_4,pipeline_1,unroll_2,1,2.5,1,True
workload_529.cpp,xczu7ev-ffvc1156-2-e,10,22.38376,89.5,1,1,3,5,block_2_2,complete_2,block_2_1,block_4_1,block_8_1,unroll_2,pipeline_1,pipeline_1,unroll_4,unroll_4,pipeline_1,2,2.5,1,True
workload_509.cpp,xczu7ev-ffvc1156-2-e,10,22.38376,85,1,1,3,5,block_2_2,complete_2,block_2_1,block_4_1,cyclic_8_1,unroll_2,pipeline_1,pipeline_1,pipeline_1,unroll_4,pipeline_1,1,2.5,1,True
workload_678.cpp,xczu7ev-ffvc1156-2-e,10,489.06626,100,1,1,3,15,block_2_2,complete_2,block_2_1,block_4_1,cyclic_8_1,unroll_2,unroll_2,pipeline_1,unroll_4,unroll_4,pipeline_1,1,5,0.271449116938,False
workload_588.cpp,xczu7ev-ffvc1156-2-e,10,22.38376,95,1,1,3,5,block_2_2,complete_2,block_2_1,cyclic_4_1,block_8_1,unroll_2,pipeline_1,pipeline_1,unroll_4,unroll_4,pipeline_1,1,2.5,1,True
workload_674.cpp,xczu7ev-ffvc1156-2-e,10,124.24126,84,1,1,2,5,block_2_2,complete_2,block_4_1,block_4_1,block_8_1,unroll_2,pipeline_1,pipeline_1,pipeline_1,pipeline_1,pipeline_1,1,2.25,1,True
workload_688.cpp,xczu7ev-ffvc1156-2-e,10,22.38376,86,1,1,3,5,block_2_2,complete_2,block_4_1,block_4_1,complete_1,unroll_2,pipeline_1,pipeline_1,pipeline_1,unroll_2,unroll_4,1,2.5,1,True
workload_593.cpp,xczu7ev-ffvc1156-2-e,10,22.38376,85,1,1,3,5,block_2_2,complete_2,block_4_1,block_4_1,cyclic_4_1,unroll_2,pipeline_1,pipeline_1,unroll_2,unroll_4,pipeline_1,1,2.5,1,True
workload_565.cpp,xczu7ev-ffvc1156-2-e,10,22.38376,98,1,1,3,5,block_2_2,complete_2,block_4_1,cyclic_2_1,block_8_1,unroll_2,pipeline_1,pipeline_1,unroll_4,unroll_2,pipeline_1,1,2.5,1,True
workload_577.cpp,xczu7ev-ffvc1156-2-e,10,22.38376,87,1,1,3,5,block_2_2,complete_2,block_4_1,cyclic_4_1,cyclic_2_1,unroll_2,pipeline_1,unroll_2,unroll_2,pipeline_1,pipeline_1,1,2.5,1,True
workload_546.cpp,xczu7ev-ffvc1156-2-e,10,22.38376,86,1,1,3,5,block_2_2,complete_2,block_4_1,cyclic_4_1,cyclic_4_1,unroll_2,pipeline_1,pipeline_1,unroll_2,unroll_4,pipeline_1,1,2.5,1,True
workload_600.cpp,xczu7ev-ffvc1156-2-e,10,22.38376,94,1,1,3,5,block_2_2,complete_2,complete_1,block_4_1,block_8_1,unroll_2,pipeline_1,pipeline_1,unroll_2,unroll_4,pipeline_1,1,2.5,1,True
workload_644.cpp,xczu7ev-ffvc1156-2-e,10,124.24126,85,1,1,2,5,block_2_2,complete_2,complete_1,complete_1,complete_1,unroll_2,pipeline_1,pipeline_1,unroll_4,pipeline_1,pipeline_1,1,2.25,1,True
workload_673.cpp,xczu7ev-ffvc1156-2-e,10,22.56224,114,1,1,6,10,block_2_2,complete_2,complete_1,complete_1,cyclic_8_1,unroll_4,pipeline_1,pipeline_1,unroll_2,unroll_2,pipeline_1,1,4.5,0.893680261157,False
workload_340.cpp,xczu7ev-ffvc1156-2-e,10,99.93632,143,1,1,4,10,block_2_2,cyclic_2_2,complete_1,block_8_1,cyclic_8_1,unroll_4,pipeline_1,pipeline_1,unroll_4,pipeline_1,unroll_8,1,4,0.848484982877,False
workload_575.cpp,xczu7ev-ffvc1156-2-e,10,22.38376,90,1,1,3,5,block_2_2,cyclic_8_2,block_2_1,block_4_1,block_8_1,unroll_2,pipeline_1,pipeline_1,unroll_4,unroll_4,pipeline_1,1,2.5,1,True
workload_485.cpp,xczu7ev-ffvc1156-2-e,10,22.38376,95,1,1,3,5,block_2_2,cyclic_8_2,block_2_1,block_8_1,block_8_1,unroll_2,pipeline_1,pipeline_1,unroll_2,unroll_2,pipeline_1,1,2.5,1,True
workload_387.cpp,xczu7ev-ffvc1156-2-e,10,22.38376,91,1,1,3,5,block_2_2,cyclic_8_2,block_4_1,block_2_1,block_8_1,unroll_2,pipeline_1,unroll_2,unroll_4,pipeline_1,pipeline_1,1,2.5,1,True
workload_481.cpp,xczu7ev-ffvc1156-2-e,10,22.56224,142,1,1,6,10,block_2_2,cyclic_8_2,block_4_1,block_4_1,block_8_1,unroll_4,pipeline_1,pipeline_1,unroll_4,unroll_4,pipeline_1,1,4.5,0.893680261157,False
workload_427.cpp,xczu7ev-ffvc1156-2-e,10,22.38376,120,1,1,3,5,block_2_2,cyclic_8_2,block_4_1,block_8_1,block_8_1,unroll_2,pipeline_1,pipeline_1,unroll_4,unroll_2,pipeline_1,1,2.5,1,True
workload_474.cpp,xczu7ev-ffvc1156-2-e,10,22.38376,87,1,1,3,5,block_2_2,cyclic_8_2,block_4_1,block_8_1,block_8_1,unroll_2,pipeline_1,pipeline_1,unroll_4,unroll_4,pipeline_1,1,2.5,1,True
workload_611.cpp,xczu7ev-ffvc1156-2-e,10,22.38376,88,1,1,3,5,block_2_2,cyclic_8_2,block_4_1,block_8_1,cyclic_4_1,unroll_2,pipeline_1,pipeline_1,pipeline_1,unroll_2,pipeline_1,1,2.5,1,True
workload_523.cpp,xczu7ev-ffvc1156-2-e,10,22.38376,86,1,1,3,5,block_2_2,cyclic_8_2,block_4_1,block_8_1,cyclic_8_1,unroll_2,pipeline_1,pipeline_1,pipeline_1,unroll_2,pipeline_1,1,2.5,1,True
workload_665.cpp,xczu7ev-ffvc1156-2-e,10,22.78376,84,1,1,3,5,block_2_2,cyclic_8_2,block_4_1,block_8_1,cyclic_8_1,unroll_2,pipeline_1,pipeline_1,unroll_16,unroll_4,pipeline_1,1,2.5,0.999034486477,False
workload_640.cpp,xczu7ev-ffvc1156-2-e,10,22.38376,90,1,1,3,5,block_2_2,cyclic_8_2,block_4_1,complete_1,cyclic_8_1,unroll_2,pipeline_1,unroll_2,pipeline_1,unroll_2,pipeline_1,1,2.5,1,True
workload_345.cpp,xczu7ev-ffvc1156-2-e,10,22.38376,93,1,1,3,5,block_2_2,cyclic_8_2,cyclic_8_1,cyclic_4_1,block_8_1,unroll_2,pipeline_1,unroll_2,unroll_4,pipeline_1,unroll_2,1,2.5,1,True
workload_649.cpp,xczu7ev-ffvc1156-2-e,10,22.38376,83,1,1,3,5,block_4_2,block_2_2,complete_1,block_2_1,cyclic_8_1,unroll_2,pipeline_1,unroll_2,unroll_2,pipeline_1,pipeline_1,1,2.5,1,True
workload_664.cpp,xczu7ev-ffvc1156-2-e,10,22.38376,87,1,1,3,5,block_4_2,block_2_2,complete_1,complete_1,cyclic_4_1,unroll_2,pipeline_1,pipeline_1,unroll_2,unroll_2,pipeline_1,1,2.5,1,True
workload_102.cpp,xczu7ev-ffvc1156-2-e,10,188.80291,365,1,1,14,35,block_4_2,block_2_2,complete_1,cyclic_8_1,cyclic_8_1,unroll_8,unroll_2,pipeline_1,unroll_16,pipeline_1,pipeline_1,1,12.75,0.471426622983,False
workload_621.cpp,xczu7ev-ffvc1156-2-e,10,22.38376,93,1,1,3,5,block_4_2,block_4_2,block_2_1,block_2_1,cyclic_8_1,unroll_2,pipeline_1,unroll_2,unroll_4,pipeline_1,pipeline_1,1,2.5,1,True
workload_582.cpp,xczu7ev-ffvc1156-2-e,10,22.38376,88,1,1,3,5,block_4_2,block_4_2,block_4_1,block_2_1,cyclic_8_1,unroll_2,pipeline_1,unroll_2,unroll_2,pipeline_1,pipeline_1,1,2.5,1,True
workload_459.cpp,xczu7ev-ffvc1156-2-e,10,22.38376,100,1,1,3,5,block_4_2,block_4_2,block_4_1,block_4_1,cyclic_8_1,unroll_2,pipeline_1,unroll_2,unroll_2,pipeline_1,pipeline_1,1,2.5,1,True
workload_26.cpp,xczu7ev-ffvc1156-2-e,10,22.92005,248,1,1,10,19,block_4_2,block_4_2,block_8_1,block_2_1,cyclic_2_1,unroll_8,pipeline_1,pipeline_1,unroll_2,unroll_2,unroll_8,1,7.75,0.735158881421,False
workload_620.cpp,xczu7ev-ffvc1156-2-e,10,22.38376,88,1,1,3,5,block_4_2,block_4_2,complete_1,block_2_1,complete_1,unroll_2,pipeline_1,unroll_2,unroll_2,unroll_2,pipeline_1,1,2.5,1,True
workload_424.cpp,xczu7ev-ffvc1156-2-e,10,22.38376,109,1,1,3,5,block_4_2,block_4_2,complete_1,block_2_1,cyclic_8_1,unroll_2,pipeline_1,unroll_2,unroll_2,pipeline_1,pipeline_1,1,2.5,1,True
workload_696.cpp,xczu7ev-ffvc1156-2-e,10,22.38376,88,1,1,3,5,block_4_2,block_4_2,complete_1,block_2_1,cyclic_8_1,unroll_2,pipeline_1,unroll_2,unroll_2,unroll_16,pipeline_1,1,2.5,1,True
workload_472.cpp,xczu7ev-ffvc1156-2-e,10,22.38376,85,1,1,3,5,block_4_2,block_4_2,complete_1,block_2_1,cyclic_8_1,unroll_2,pipeline_1,unroll_2,unroll_2,unroll_2,pipeline_1,1,2.5,1,True
workload_96.cpp,xczu7ev-ffvc1156-2-e,10,22.92005,244,1,1,10,19,block_4_2,block_4_2,complete_1,block_2_1,cyclic_8_1,unroll_8,pipeline_1,pipeline_1,unroll_4,unroll_2,pipeline_1,1,7.75,0.735158881421,False
workload_515.cpp,xczu7ev-ffvc1156-2-e,10,124.24126,79,1,1,2,5,block_4_2,block_4_2,complete_1,block_4_1,cyclic_8_1,unroll_2,pipeline_1,pipeline_1,pipeline_1,pipeline_1,pipeline_1,1,2.25,1,True
workload_412.cpp,xczu7ev-ffvc1156-2-e,10,22.38376,89,1,1,3,5,block_4_2,block_4_2,complete_1,block_4_1,cyclic_8_1,unroll_2,pipeline_1,unroll_2,unroll_4,pipeline_1,pipeline_1,1,2.5,1,True
workload_124.cpp,xczu7ev-ffvc1156-2-e,10,22.92005,249,1,1,10,19,block_4_2,block_4_2,complete_1,block_4_1,cyclic_8_1,unroll_8,pipeline_1,pipeline_1,unroll_4,unroll_2,pipeline_1,1,7.75,0.735158881421,False
workload_397.cpp,xczu7ev-ffvc1156-2-e,10,22.38376,84,1,1,3,5,block_4_2,block_4_2,complete_1,block_8_1,cyclic_8_1,unroll_2,pipeline_1,pipeline_1,unroll_2,unroll_2,pipeline_1,1,2.5,1,True
workload_225.cpp,xczu7ev-ffvc1156-2-e,10,22.38376,90,1,1,3,5,block_4_2,block_4_2,complete_1,block_8_1,cyclic_8_1,unroll_2,pipeline_1,pipeline_1,unroll_4,unroll_2,pipeline_1,1,2.5,1,True
workload_671.cpp,xczu7ev-ffvc1156-2-e,10,22.38376,88,1,1,3,5,block_4_2,block_4_2,complete_1,complete_1,cyclic_8_1,unroll_2,pipeline_1,unroll_2,pipeline_1,pipeline_1,pipeline_1,1,2.5,1,True
workload_706.cpp,xczu7ev-ffvc1156-2-e,10,22.38376,88,1,1,3,5,block_4_2,block_4_2,complete_1,complete_1,cyclic_8_1,unroll_2,pipeline_1,unroll_2,unroll_2,pipeline_1,pipeline_1,1,2.5,1,True
workload_690.cpp,xczu7ev-ffvc1156-2-e,10,22.38376,87,1,1,3,5,block_4_2,block_4_2,complete_1,cyclic_4_1,cyclic_8_1,unroll_2,pipeline_1,unroll_2,pipeline_1,pipeline_1,pipeline_1,1,2.5,1,True
workload_661.cpp,xczu7ev-ffvc1156-2-e,10,22.38376,81,1,1,3,5,block_4_2,block_4_2,complete_1,cyclic_4_1,cyclic_8_1,unroll_2,pipeline_1,unroll_2,unroll_2,pipeline_1,pipeline_1,1,2.5,1,True
workload_589.cpp,xczu7ev-ffvc1156-2-e,10,22.38376,90,1,1,3,5,block_4_2,block_4_2,complete_1,cyclic_8_1,complete_1,unroll_2,pipeline_1,unroll_2,unroll_2,unroll_2,pipeline_1,1,2.5,1,True
workload_543.cpp,xczu7ev-ffvc1156-2-e,10,22.38376,90,1,1,3,5,block_4_2,block_4_2,complete_1,cyclic_8_1,cyclic_8_1,unroll_2,pipeline_1,unroll_2,unroll_4,pipeline_1,pipeline_1,1,2.5,1,True
workload_246.cpp,xczu7ev-ffvc1156-2-e,10,22.78376,88,1,1,3,5,block_4_2,block_4_2,cyclic_8_1,block_8_1,cyclic_8_1,unroll_2,pipeline_1,unroll_2,unroll_16,unroll_4,pipeline_1,1,2.5,0.999034486477,False
workload_146.cpp,xczu7ev-ffvc1156-2-e,10,127.22213,563,1,1,15,31,block_4_2,block_8_2,block_4_1,block_2_1,block_8_1,unroll_16,pipeline_1,pipeline_1,pipeline_1,pipeline_1,unroll_2,1,12,0.529261118795,False
workload_221.cpp,xczu7ev-ffvc1156-2-e,10,22.56224,120,1,1,6,10,block_4_2,block_8_2,block_4_1,block_4_1,block_2_1,unroll_4,pipeline_1,unroll_2,pipeline_1,unroll_4,unroll_2,1,4.5,0.893680261157,False
workload_172.cpp,xczu7ev-ffvc1156-2-e,10,22.92005,237,1,1,10,19,block_4_2,block_8_2,block_4_1,cyclic_2_1,block_2_1,unroll_8,pipeline_1,unroll_2,pipeline_1,unroll_8,unroll_2,1,7.75,0.735158881421,False
workload_329.cpp,xczu7ev-ffvc1156-2-e,10,22.38376,97,1,1,3,5,block_4_2,block_8_2,complete_1,block_4_1,cyclic_8_1,unroll_2,pipeline_1,pipeline_1,unroll_4,unroll_4,unroll_8,1,2.5,1,True
workload_445.cpp,xczu7ev-ffvc1156-2-e,10,22.38376,102,1,1,3,5,block_4_2,block_8_2,complete_1,block_4_1,cyclic_8_1,unroll_2,pipeline_1,unroll_2,unroll_2,pipeline_1,unroll_8,1,2.5,1,True
workload_379.cpp,xczu7ev-ffvc1156-2-e,10,22.38376,87,1,1,3,5,block_4_2,block_8_2,complete_1,block_4_1,cyclic_8_1,unroll_2,pipeline_1,unroll_2,unroll_4,pipeline_1,unroll_8,1,2.5,1,True
workload_682.cpp,xczu7ev-ffvc1156-2-e,10,22.38376,92,1,1,3,5,block_4_2,complete_1,block_2_1,block_4_1,cyclic_8_1,unroll_2,pipeline_1,unroll_2,unroll_2,unroll_2,pipeline_1,1,2.5,1,True
workload_418.cpp,xczu7ev-ffvc1156-2-e,10,22.38376,100,1,1,3,5,block_4_2,complete_1,block_2_1,block_8_1,cyclic_8_1,unroll_2,pipeline_1,pipeline_1,unroll_2,unroll_2,pipeline_1,1,2.5,1,True
workload_531.cpp,xczu7ev-ffvc1156-2-e,10,22.38376,87,1,1,3,5,block_4_2,complete_1,block_2_1,complete_1,cyclic_8_1,unroll_2,pipeline_1,unroll_2,unroll_2,unroll_2,pipeline_1,1,2.5,1,True
workload_234.cpp,xczu7ev-ffvc1156-2-e,10,22.92005,238,1,1,10,19,block_4_2,complete_1,block_4_1,block_2_1,block_8_1,unroll_8,pipeline_1,unroll_2,unroll_8,unroll_2,pipeline_1,1,7.75,0.735158881421,False
workload_527.cpp,xczu7ev-ffvc1156-2-e,10,22.38376,87,1,1,3,5,block_4_2,complete_1,block_4_1,block_2_1,cyclic_8_1,unroll_2,pipeline_1,pipeline_1,pipeline_1,unroll_2,unroll_8,1,2.5,1,True
workload_478.cpp,xczu7ev-ffvc1156-2-e,10,22.38376,86,1,1,3,5,block_4_2,complete_1,block_4_1,block_4_1,complete_1,unroll_2,pipeline_1,pipeline_1,pipeline_1,unroll_2,unroll_8,1,2.5,1,True
workload_598.cpp,xczu7ev-ffvc1156-2-e,10,22.38376,88,1,1,3,5,block_4_2,complete_1,block_4_1,block_4_1,complete_1,unroll_2,pipeline_1,pipeline_1,pipeline_1,unroll_4,pipeline_1,1,2.5,1,True
workload_662.cpp,xczu7ev-ffvc1156-2-e,10,22.38376,87,1,1,3,5,block_4_2,complete_1,block_4_1,block_4_1,cyclic_8_1,unroll_2,pipeline_1,pipeline_1,pipeline_1,unroll_2,unroll_8,1,2.5,1,True
workload_282.cpp,xczu7ev-ffvc1156-2-e,10,22.38376,89,1,1,3,5,block_4_2,complete_1,complete_1,block_8_1,cyclic_8_1,unroll_2,pipeline_1,pipeline_1,unroll_4,unroll_2,pipeline_1,1,2.5,1,True
workload_699.cpp,xczu7ev-ffvc1156-2-e,10,22.38376,87,1,1,3,5,block_4_2,complete_2,block_2_1,block_4_1,cyclic_8_1,unroll_2,pipeline_1,pipeline_1,unroll_4,unroll_4,unroll_8,1,2.5,1,True
workload_666.cpp,xczu7ev-ffvc1156-2-e,10,22.38376,87,1,1,3,5,block_4_2,complete_2,block_2_1,complete_1,cyclic_8_1,unroll_2,pipeline_1,unroll_2,pipeline_1,pipeline_1,unroll_8,1,2.5,1,True
workload_612.cpp,xczu7ev-ffvc1156-2-e,10,22.38376,89,1,1,3,5,block_4_2,complete_2,block_2_1,complete_1,cyclic_8_1,unroll_2,pipeline_1,unroll_2,pipeline_1,unroll_2,unroll_8,1,2.5,1,True
workload_560.cpp,xczu7ev-ffvc1156-2-e,10,22.38376,89,1,1,3,5,block_4_2,complete_2,block_2_1,complete_1,cyclic_8_1,unroll_2,pipeline_1,unroll_2,pipeline_1,unroll_4,pipeline_1,1,2.5,1,True
workload_158.cpp,xczu7ev-ffvc1156-2-e,10,22.92005,484,1,1,19,36,block_4_2,complete_2,block_4_1,block_2_1,block_2_1,unroll_16,pipeline_1,pipeline_1,pipeline_1,unroll_8,unroll_2,1,14.25,0.471044240615,False
workload_161.cpp,xczu7ev-ffvc1156-2-e,10,22.92005,241,1,1,10,19,block_4_2,complete_2,block_4_1,block_2_1,block_2_1,unroll_8,pipeline_1,pipeline_1,pipeline_1,unroll_8,unroll_2,1,7.75,0.735158881421,False
workload_702.cpp,xczu7ev-ffvc1156-2-e,10,22.38376,88,1,1,3,5,block_4_2,complete_2,block_4_1,block_2_1,cyclic_8_1,unroll_2,pipeline_1,pipeline_1,pipeline_1,unroll_2,unroll_8,1,2.5,1,True
workload_595.cpp,xczu7ev-ffvc1156-2-e,10,22.38376,86,1,1,3,5,block_4_2,complete_2,block_4_1,block_4_1,complete_1,unroll_2,pipeline_1,pipeline_1,pipeline_1,unroll_2,unroll_8,1,2.5,1,True
workload_630.cpp,xczu7ev-ffvc1156-2-e,10,124.24126,86,1,1,2,5,block_4_2,complete_2,block_4_1,block_4_1,cyclic_8_1,unroll_2,pipeline_1,pipeline_1,pipeline_1,pipeline_1,unroll_8,1,2.25,1,True
workload_597.cpp,xczu7ev-ffvc1156-2-e,10,22.38376,87,1,1,3,5,block_4_2,complete_2,block_4_1,complete_1,cyclic_8_1,unroll_2,pipeline_1,unroll_2,unroll_2,unroll_2,pipeline_1,1,2.5,1,True
workload_151.cpp,xczu7ev-ffvc1156-2-e,10,22.92005,544,1,1,19,36,block_4_2,complete_2,block_4_1,cyclic_2_1,block_8_1,unroll_16,pipeline_1,pipeline_1,pipeline_1,unroll_8,unroll_8,1,14.25,0.471044240615,False
workload_689.cpp,xczu7ev-ffvc1156-2-e,10,22.38376,86,1,1,3,5,block_4_2,complete_2,block_8_1,block_4_1,cyclic_8_1,unroll_2,pipeline_1,unroll_2,pipeline_1,pipeline_1,unroll_8,1,2.5,1,True
workload_23.cpp,xczu7ev-ffvc1156-2-e,10,22.92005,541,1,1,19,36,block_4_2,complete_2,block_8_1,cyclic_2_1,block_2_1,unroll_16,pipeline_1,pipeline_1,pipeline_1,unroll_8,unroll_8,1,14.25,0.471044240615,False
workload_657.cpp,xczu7ev-ffvc1156-2-e,10,22.38376,94,1,1,3,5,block_4_2,complete_2,complete_1,block_2_1,cyclic_8_1,unroll_2,pipeline_1,unroll_2,unroll_4,pipeline_1,pipeline_1,1,2.5,1,True
workload_480.cpp,xczu7ev-ffvc1156-2-e,10,22.38376,92,1,1,3,5,block_4_2,complete_2,complete_1,block_2_1,cyclic_8_1,unroll_2,pipeline_1,unroll_2,unroll_4,unroll_16,unroll_2,1,2.5,1,True
workload_583.cpp,xczu7ev-ffvc1156-2-e,10,124.24126,87,1,1,2,5,block_4_2,complete_2,complete_1,complete_1,cyclic_8_1,unroll_2,pipeline_1,pipeline_1,unroll_2,pipeline_1,pipeline_1,1,2.25,1,True
workload_613.cpp,xczu7ev-ffvc1156-2-e,10,22.38376,88,1,1,3,5,block_4_2,complete_2,complete_1,complete_1,cyclic_8_1,unroll_2,pipeline_1,pipeline_1,unroll_2,unroll_2,pipeline_1,1,2.5,1,True
workload_624.cpp,xczu7ev-ffvc1156-2-e,10,22.38376,90,1,1,3,5,block_4_2,complete_2,complete_1,complete_1,cyclic_8_1,unroll_2,pipeline_1,unroll_2,unroll_2,pipeline_1,pipeline_1,1,2.5,1,True
workload_632.cpp,xczu7ev-ffvc1156-2-e,10,22.38376,82,1,1,3,5,block_4_2,cyclic_8_2,block_2_1,block_4_1,cyclic_8_1,unroll_2,pipeline_1,unroll_2,pipeline_1,pipeline_1,unroll_8,1,2.5,1,True
workload_52.cpp,xczu7ev-ffvc1156-2-e,10,127.22213,642,1,1,15,31,block_4_2,cyclic_8_2,block_4_1,block_2_1,block_8_1,unroll_16,pipeline_1,pipeline_1,unroll_8,pipeline_1,unroll_2,1,12,0.529261118795,False
workload_89.cpp,xczu7ev-ffvc1156-2-e,10,127.22213,237,1,1,8,17,block_4_2,cyclic_8_2,block_4_1,block_2_1,block_8_1,unroll_8,pipeline_1,pipeline_1,unroll_8,pipeline_1,unroll_2,1,6.75,0.728800498838,False
workload_162.cpp,xczu7ev-ffvc1156-2-e,10,22.92005,244,1,1,10,19,block_4_2,cyclic_8_2,block_4_1,block_2_1,block_8_1,unroll_8,pipeline_1,unroll_2,unroll_8,pipeline_1,pipeline_1,1,7.75,0.735158881421,False
workload_392.cpp,xczu7ev-ffvc1156-2-e,10,22.38376,89,1,1,3,5,block_4_2,cyclic_8_2,block_4_1,block_8_1,cyclic_8_1,unroll_2,pipeline_1,unroll_2,unroll_4,pipeline_1,pipeline_1,1,2.5,1,True
workload_693.cpp,xczu7ev-ffvc1156-2-e,10,22.38376,92,1,1,3,5,block_4_2,cyclic_8_2,block_8_1,block_2_1,cyclic_8_1,unroll_2,pipeline_1,unroll_2,unroll_2,pipeline_1,pipeline_1,1,2.5,1,True
workload_567.cpp,xczu7ev-ffvc1156-2-e,10,22.38376,85,1,1,3,5,block_4_2,cyclic_8_2,block_8_1,block_8_1,cyclic_8_1,unroll_2,pipeline_1,pipeline_1,pipeline_1,unroll_2,pipeline_1,1,2.5,1,True
workload_614.cpp,xczu7ev-ffvc1156-2-e,10,22.38376,93,1,1,3,5,block_4_2,cyclic_8_2,block_8_1,block_8_1,cyclic_8_1,unroll_2,pipeline_1,pipeline_1,pipeline_1,unroll_2,unroll_8,1,2.5,1,True
workload_132.cpp,xczu7ev-ffvc1156-2-e,10,127.22213,577,1,1,15,31,block_8_2,block_2_2,cyclic_2_1,complete_1,cyclic_2_1,unroll_16,pipeline_1,pipeline_1,pipeline_1,pipeline_1,unroll_2,1,12,0.529261118795,False
workload_604.cpp,xczu7ev-ffvc1156-2-e,10,22.38376,90,1,1,3,5,block_8_2,complete_2,complete_1,block_4_1,complete_1,unroll_2,pipeline_1,pipeline_1,unroll_4,unroll_4,unroll_8,1,2.5,1,True
workload_108.cpp,xczu7ev-ffvc1156-2-e,10,127.22213,589,1,1,15,31,block_8_2,cyclic_2_2,cyclic_2_1,block_8_1,cyclic_2_1,unroll_16,pipeline_1,pipeline_1,pipeline_1,pipeline_1,unroll_2,1,12,0.529261118795,False
workload_273.cpp,xczu7ev-ffvc1156-2-e,10,22.56224,129,1,1,6,10,block_8_2,cyclic_8_2,block_2_1,block_4_1,cyclic_8_1,unroll_4,pipeline_1,unroll_2,unroll_4,unroll_2,pipeline_1,1,4.5,0.893680261157,False
workload_27.cpp,xczu7ev-ffvc1156-2-e,10,127.22213,595,1,1,15,31,block_8_2,cyclic_8_2,block_4_1,block_2_1,block_8_1,unroll_16,pipeline_1,pipeline_1,unroll_8,pipeline_1,unroll_2,1,12,0.529261118795,False
workload_128.cpp,xczu7ev-ffvc1156-2-e,10,22.92005,530,1,1,19,36,block_8_2,cyclic_8_2,block_4_1,block_2_1,block_8_1,unroll_16,pipeline_1,pipeline_1,unroll_8,unroll_4,unroll_2,1,14.25,0.471044240615,False
workload_169.cpp,xczu7ev-ffvc1156-2-e,10,22.92005,566,1,1,19,36,complete_1,block_2_2,complete_1,block_4_1,block_8_1,unroll_16,pipeline_1,pipeline_1,pipeline_1,unroll_4,unroll_2,1,14.25,0.471044240615,False
workload_171.cpp,xczu7ev-ffvc1156-2-e,10,101.52229,355,1,1,8,17,complete_1,block_2_2,complete_1,block_4_1,cyclic_8_1,unroll_8,pipeline_1,pipeline_1,pipeline_1,pipeline_1,pipeline_1,1,6.75,0.74426910516,False
workload_168.cpp,xczu7ev-ffvc1156-2-e,10,22.92005,256,1,1,10,19,complete_1,block_2_2,complete_1,block_4_1,cyclic_8_1,unroll_8,pipeline_1,pipeline_1,pipeline_1,unroll_4,pipeline_1,1,7.75,0.735158881421,False
workload_109.cpp,xczu7ev-ffvc1156-2-e,10,101.52229,327,1,1,8,17,complete_1,block_2_2,complete_1,complete_1,block_8_1,unroll_8,pipeline_1,pipeline_1,unroll_4,pipeline_1,pipeline_1,1,6.75,0.74426910516,False
workload_141.cpp,xczu7ev-ffvc1156-2-e,10,101.52229,322,1,1,8,17,complete_1,block_2_2,complete_1,complete_1,cyclic_8_1,unroll_8,pipeline_1,pipeline_1,unroll_2,pipeline_1,pipeline_1,1,6.75,0.74426910516,False
workload_68.cpp,xczu7ev-ffvc1156-2-e,10,188.80291,341,1,1,14,33,complete_1,block_2_2,complete_1,cyclic_8_1,cyclic_8_1,unroll_8,unroll_2,pipeline_1,unroll_16,pipeline_1,pipeline_1,1,12.25,0.487177753494,False
workload_142.cpp,xczu7ev-ffvc1156-2-e,10,595.52291,370,1,1,11,46,complete_1,block_2_2,complete_1,cyclic_8_1,cyclic_8_1,unroll_8,unroll_2,unroll_2,unroll_4,pipeline_1,unroll_4,1,14.75,0.137358561917,False
workload_641.cpp,xczu7ev-ffvc1156-2-e,10,22.38376,91,1,1,3,5,complete_1,block_4_2,block_2_1,block_2_1,cyclic_8_1,unroll_2,pipeline_1,unroll_2,unroll_2,pipeline_1,pipeline_1,1,2.5,1,True
workload_700.cpp,xczu7ev-ffvc1156-2-e,10,124.24126,86,1,1,2,5,complete_1,block_4_2,block_2_1,block_4_1,block_8_1,unroll_2,pipeline_1,pipeline_1,unroll_2,pipeline_1,pipeline_1,1,2.25,1,True
workload_617.cpp,xczu7ev-ffvc1156-2-e,10,124.24126,86,1,1,2,5,complete_1,block_4_2,block_2_1,block_4_1,cyclic_8_1,unroll_2,pipeline_1,pipeline_1,unroll_2,pipeline_1,pipeline_1,1,2.25,1,True
workload_713.cpp,xczu7ev-ffvc1156-2-e,10,124.24126,89,1,1,2,5,complete_1,block_4_2,block_4_1,block_4_1,cyclic_8_1,unroll_2,pipeline_1,pipeline_1,unroll_2,pipeline_1,pipeline_1,1,2.25,1,True
workload_603.cpp,xczu7ev-ffvc1156-2-e,10,22.38376,89,1,1,3,5,complete_1,block_4_2,block_8_1,block_2_1,cyclic_8_1,unroll_2,pipeline_1,pipeline_1,unroll_2,unroll_2,pipeline_1,1,2.5,1,True
workload_622.cpp,xczu7ev-ffvc1156-2-e,10,22.38376,88,1,1,3,5,complete_1,block_4_2,block_8_1,cyclic_4_1,cyclic_8_1,unroll_2,pipeline_1,unroll_2,unroll_2,pipeline_1,pipeline_1,1,2.5,1,True
workload_518.cpp,xczu7ev-ffvc1156-2-e,10,124.24126,85,1,1,2,5,complete_1,block_4_2,complete_1,block_2_1,cyclic_8_1,unroll_2,pipeline_1,pipeline_1,unroll_2,pipeline_1,pipeline_1,1,2.25,1,True
workload_544.cpp,xczu7ev-ffvc1156-2-e,10,22.38376,87,1,1,3,5,complete_1,block_4_2,complete_1,cyclic_4_1,complete_1,unroll_2,pipeline_1,unroll_2,unroll_2,unroll_2,pipeline_1,1,2.5,1,True
workload_675.cpp,xczu7ev-ffvc1156-2-e,10,124.24126,85,1,1,2,5,complete_1,block_4_2,complete_1,cyclic_4_1,cyclic_8_1,unroll_2,pipeline_1,pipeline_1,unroll_2,pipeline_1,pipeline_1,1,2.25,1,True
workload_494.cpp,xczu7ev-ffvc1156-2-e,10,22.38376,87,1,1,3,5,complete_1,block_4_2,complete_1,cyclic_4_1,cyclic_8_1,unroll_2,pipeline_1,unroll_2,unroll_2,pipeline_1,pipeline_1,1,2.5,1,True
workload_670.cpp,xczu7ev-ffvc1156-2-e,10,22.38376,84,1,1,3,5,complete_1,block_8_2,block_2_1,cyclic_4_1,cyclic_8_1,unroll_2,pipeline_1,unroll_2,unroll_2,pipeline_1,pipeline_1,1,2.5,1,True
workload_70.cpp,xczu7ev-ffvc1156-2-e,10,22.92005,237,1,1,10,19,complete_1,block_8_2,block_4_1,block_2_1,complete_1,unroll_8,pipeline_1,unroll_2,pipeline_1,unroll_4,unroll_2,1,7.75,0.735158881421,False
workload_83.cpp,xczu7ev-ffvc1156-2-e,10,188.16291,339,1,1,14,32,complete_1,block_8_2,block_4_1,block_2_1,complete_1,unroll_8,unroll_2,pipeline_1,pipeline_1,pipeline_1,unroll_2,1,12,0.495569455384,False
workload_10.cpp,xczu7ev-ffvc1156-2-e,10,247.36291,787,1,2,16,40,complete_1,block_8_2,block_4_1,block_2_1,complete_1,unroll_8,unroll_2,unroll_2,pipeline_1,pipeline_1,unroll_16,1,14.75,0.374761857588,False
workload_267.cpp,xczu7ev-ffvc1156-2-e,10,22.56224,126,1,1,6,10,complete_1,block_8_2,block_4_1,block_4_1,block_4_1,unroll_4,pipeline_1,unroll_2,unroll_2,unroll_4,pipeline_1,1,4.5,0.893680261157,False
workload_80.cpp,xczu7ev-ffvc1156-2-e,10,22.56224,135,1,1,6,10,complete_1,block_8_2,block_4_1,block_4_1,cyclic_8_1,unroll_4,pipeline_1,unroll_2,unroll_2,unroll_4,pipeline_1,1,4.5,0.893680261157,False
workload_182.cpp,xczu7ev-ffvc1156-2-e,10,22.56224,128,1,1,6,10,complete_1,block_8_2,block_4_1,complete_1,cyclic_8_1,unroll_4,pipeline_1,unroll_2,unroll_2,pipeline_1,unroll_2,1,4.5,0.893680261157,False
workload_203.cpp,xczu7ev-ffvc1156-2-e,10,22.92005,235,1,1,10,19,complete_1,block_8_2,block_4_1,cyclic_2_1,cyclic_8_1,unroll_8,pipeline_1,unroll_2,unroll_2,unroll_8,pipeline_1,1,7.75,0.735158881421,False
workload_133.cpp,xczu7ev-ffvc1156-2-e,10,22.56224,138,1,1,6,10,complete_1,block_8_2,block_4_1,cyclic_4_1,cyclic_8_1,unroll_4,pipeline_1,unroll_2,unroll_2,pipeline_1,pipeline_1,1,4.5,0.893680261157,False
workload_121.cpp,xczu7ev-ffvc1156-2-e,10,23.32965,206,1,1,8,14,complete_1,block_8_2,block_8_1,block_2_1,block_8_1,unroll_8,pipeline_1,unroll_2,unroll_16,unroll_4,unroll_2,1,6,0.818313879274,False
workload_350.cpp,xczu7ev-ffvc1156-2-e,10,22.38376,86,1,1,3,5,complete_1,block_8_2,block_8_1,block_8_1,cyclic_4_1,unroll_2,pipeline_1,pipeline_1,unroll_2,unroll_16,unroll_2,1,2.5,1,True
workload_290.cpp,xczu7ev-ffvc1156-2-e,10,125.2346,118,1,1,4,9,complete_1,block_8_2,block_8_1,block_8_1,cyclic_8_1,unroll_4,pipeline_1,pipeline_1,unroll_4,pipeline_1,pipeline_1,1,3.75,0.83807752564,False
workload_419.cpp,xczu7ev-ffvc1156-2-e,10,22.38376,90,1,1,3,5,complete_1,block_8_2,block_8_1,complete_1,cyclic_8_1,unroll_2,pipeline_1,unroll_2,pipeline_1,pipeline_1,unroll_2,1,2.5,1,True
workload_243.cpp,xczu7ev-ffvc1156-2-e,10,22.38376,89,1,1,3,5,complete_1,block_8_2,block_8_1,complete_1,cyclic_8_1,unroll_2,pipeline_1,unroll_2,unroll_2,pipeline_1,unroll_2,1,2.5,1,True
workload_377.cpp,xczu7ev-ffvc1156-2-e,10,22.38376,88,1,1,3,5,complete_1,block_8_2,block_8_1,complete_1,cyclic_8_1,unroll_2,pipeline_1,unroll_2,unroll_4,pipeline_1,unroll_2,1,2.5,1,True
workload_256.cpp,xczu7ev-ffvc1156-2-e,10,22.56224,125,1,1,6,10,complete_1,block_8_2,block_8_1,cyclic_4_1,block_8_1,unroll_4,pipeline_1,pipeline_1,unroll_2,unroll_2,pipeline_1,1,4.5,0.893680261157,False
workload_196.cpp,xczu7ev-ffvc1156-2-e,10,22.56224,127,1,1,6,10,complete_1,block_8_2,block_8_1,cyclic_4_1,cyclic_8_1,unroll_4,pipeline_1,pipeline_1,unroll_2,unroll_2,pipeline_1,1,4.5,0.893680261157,False
workload_526.cpp,xczu7ev-ffvc1156-2-e,10,22.38376,83,1,1,3,5,complete_1,block_8_2,complete_1,block_4_1,cyclic_8_1,unroll_2,pipeline_1,unroll_2,unroll_2,pipeline_1,unroll_8,1,2.5,1,True
workload_227.cpp,xczu7ev-ffvc1156-2-e,10,125.2346,127,1,1,4,9,complete_1,block_8_2,complete_1,block_8_1,cyclic_8_1,unroll_4,pipeline_1,pipeline_1,unroll_4,pipeline_1,pipeline_1,1,3.75,0.83807752564,False
workload_433.cpp,xczu7ev-ffvc1156-2-e,10,22.38376,95,1,1,3,5,complete_1,block_8_2,complete_1,complete_1,cyclic_8_1,unroll_2,pipeline_1,unroll_2,unroll_4,unroll_2,pipeline_1,1,2.5,1,True
workload_297.cpp,xczu7ev-ffvc1156-2-e,10,22.56224,125,1,1,6,10,complete_1,block_8_2,complete_1,cyclic_4_1,cyclic_8_1,unroll_4,pipeline_1,pipeline_1,unroll_2,unroll_2,pipeline_1,1,4.5,0.893680261157,False
workload_180.cpp,xczu7ev-ffvc1156-2-e,10,22.92005,235,1,1,10,19,complete_1,block_8_2,cyclic_4_1,block_4_1,complete_1,unroll_8,pipeline_1,pipeline_1,pipeline_1,unroll_2,pipeline_1,1,7.75,0.735158881421,False
workload_224.cpp,xczu7ev-ffvc1156-2-e,10,22.92005,233,1,1,10,19,complete_1,block_8_2,cyclic_4_1,block_4_1,cyclic_8_1,unroll_8,pipeline_1,unroll_2,pipeline_1,unroll_4,pipeline_1,1,7.75,0.735158881421,False
workload_206.cpp,xczu7ev-ffvc1156-2-e,10,183.75376,97,1,1,4,7,complete_1,block_8_2,cyclic_8_1,block_4_1,block_4_1,unroll_2,unroll_2,pipeline_1,pipeline_1,pipeline_1,unroll_2,1,3.25,0.747882560864,False
workload_252.cpp,xczu7ev-ffvc1156-2-e,10,183.75376,103,1,1,4,7,complete_1,block_8_2,cyclic_8_1,block_4_1,cyclic_8_1,unroll_2,unroll_2,pipeline_1,pipeline_1,pipeline_1,unroll_2,1,3.25,0.747882560864,False
workload_107.cpp,xczu7ev-ffvc1156-2-e,10,182.40291,265,1,3,12,45,complete_1,block_8_2,cyclic_8_1,cyclic_8_1,cyclic_8_1,unroll_8,unroll_2,pipeline_1,unroll_16,unroll_16,pipeline_1,1,15.25,0.398937444555,False
workload_683.cpp,xczu7ev-ffvc1156-2-e,10,124.24126,87,1,1,2,5,complete_1,complete_1,block_2_1,block_4_1,cyclic_8_1,unroll_2,pipeline_1,pipeline_1,pipeline_1,pipeline_1,unroll_8,1,2.25,1,True
workload_667.cpp,xczu7ev-ffvc1156-2-e,10,22.38376,89,1,1,3,5,complete_1,complete_1,block_2_1,block_4_1,cyclic_8_1,unroll_2,pipeline_1,pipeline_1,pipeline_1,unroll_16,unroll_8,1,2.5,1,True
workload_557.cpp,xczu7ev-ffvc1156-2-e,10,22.38376,85,1,1,3,5,complete_1,complete_1,block_2_1,block_4_1,cyclic_8_1,unroll_2,pipeline_1,pipeline_1,pipeline_1,unroll_2,unroll_8,1,2.5,1,True
workload_520.cpp,xczu7ev-ffvc1156-2-e,10,22.38376,86,1,1,3,5,complete_1,complete_1,block_2_1,block_4_1,cyclic_8_1,unroll_2,pipeline_1,unroll_2,pipeline_1,pipeline_1,unroll_8,1,2.5,1,True
workload_195.cpp,xczu7ev-ffvc1156-2-e,10,22.92005,232,1,1,10,19,complete_1,complete_1,block_2_1,block_4_1,cyclic_8_1,unroll_8,pipeline_1,pipeline_1,unroll_2,unroll_4,pipeline_1,1,7.75,0.735158881421,False
workload_446.cpp,xczu7ev-ffvc1156-2-e,10,22.38376,94,1,1,3,5,complete_1,complete_1,block_2_1,complete_1,cyclic_8_1,unroll_2,pipeline_1,pipeline_1,unroll_2,unroll_2,pipeline_1,1,2.5,1,True
workload_692.cpp,xczu7ev-ffvc1156-2-e,10,22.38376,90,1,1,3,5,complete_1,complete_1,block_2_1,complete_1,cyclic_8_1,unroll_2,pipeline_1,unroll_2,unroll_2,pipeline_1,pipeline_1,1,2.5,1,True
workload_638.cpp,xczu7ev-ffvc1156-2-e,10,22.38376,93,1,1,3,5,complete_1,complete_1,block_2_1,complete_1,cyclic_8_1,unroll_2,pipeline_1,unroll_2,unroll_2,unroll_2,pipeline_1,1,2.5,1,True
workload_637.cpp,xczu7ev-ffvc1156-2-e,10,22.38376,91,1,1,3,5,complete_1,complete_1,block_2_1,cyclic_2_1,complete_1,unroll_2,pipeline_1,pipeline_1,pipeline_1,unroll_2,pipeline_1,1,2.5,1,True
workload_602.cpp,xczu7ev-ffvc1156-2-e,10,22.38376,87,1,1,3,5,complete_1,complete_1,block_2_1,cyclic_4_1,cyclic_8_1,unroll_2,pipeline_1,pipeline_1,pipeline_1,unroll_2,unroll_8,1,2.5,1,True
workload_469.cpp,xczu7ev-ffvc1156-2-e,10,22.38376,89,1,1,3,5,complete_1,complete_1,block_4_1,block_4_1,complete_1,unroll_2,pipeline_1,unroll_2,pipeline_1,pipeline_1,unroll_8,1,2.5,1,True
workload_58.cpp,xczu7ev-ffvc1156-2-e,10,22.92029,2036,1,1,38,68,complete_1,complete_1,block_4_1,cyclic_4_1,block_2_1,unroll_32,pipeline_1,unroll_2,unroll_4,unroll_4,unroll_4,1,27,0.157930717364,False
workload_512.cpp,xczu7ev-ffvc1156-2-e,10,22.38376,87,1,1,3,5,complete_1,complete_1,block_4_1,cyclic_4_1,complete_1,unroll_2,pipeline_1,unroll_2,unroll_2,unroll_2,unroll_8,1,2.5,1,True
workload_629.cpp,xczu7ev-ffvc1156-2-e,10,22.38376,88,1,1,3,5,complete_1,complete_1,block_4_1,cyclic_4_1,cyclic_8_1,unroll_2,pipeline_1,unroll_2,unroll_2,pipeline_1,unroll_2,1,2.5,1,True
workload_599.cpp,xczu7ev-ffvc1156-2-e,10,22.38376,90,1,1,3,5,complete_1,complete_1,block_4_1,cyclic_8_1,cyclic_8_1,unroll_2,pipeline_1,unroll_2,pipeline_1,unroll_2,pipeline_1,1,2.5,1,True
workload_578.cpp,xczu7ev-ffvc1156-2-e,10,22.38376,87,1,1,3,5,complete_1,complete_1,block_4_1,cyclic_8_1,cyclic_8_1,unroll_2,pipeline_1,unroll_2,pipeline_1,unroll_2,unroll_8,1,2.5,1,True
workload_413.cpp,xczu7ev-ffvc1156-2-e,10,22.38376,87,1,1,3,5,complete_1,complete_1,block_8_1,cyclic_4_1,complete_1,unroll_2,pipeline_1,pipeline_1,pipeline_1,unroll_2,pipeline_1,1,2.5,1,True
workload_331.cpp,xczu7ev-ffvc1156-2-e,10,124.24126,85,1,1,2,5,complete_1,complete_1,complete_1,block_2_1,cyclic_2_1,unroll_2,pipeline_1,pipeline_1,pipeline_1,pipeline_1,unroll_8,1,2.25,1,True
workload_704.cpp,xczu7ev-ffvc1156-2-e,10,22.38376,84,1,1,3,5,complete_1,complete_1,complete_1,block_2_1,cyclic_8_1,unroll_2,pipeline_1,pipeline_1,unroll_2,unroll_2,unroll_8,1,2.5,1,True
workload_660.cpp,xczu7ev-ffvc1156-2-e,10,124.24126,85,1,1,2,5,complete_1,complete_1,complete_1,block_2_1,cyclic_8_1,unroll_2,pipeline_1,pipeline_1,unroll_4,pipeline_1,pipeline_1,1,2.25,1,True
workload_592.cpp,xczu7ev-ffvc1156-2-e,10,22.38376,90,1,1,3,5,complete_1,complete_1,complete_1,block_2_1,cyclic_8_1,unroll_2,pipeline_1,unroll_2,pipeline_1,pipeline_1,unroll_8,1,2.5,1,True
workload_608.cpp,xczu7ev-ffvc1156-2-e,10,22.38376,88,1,1,3,5,complete_1,complete_1,complete_1,block_2_1,cyclic_8_1,unroll_2,pipeline_1,unroll_2,unroll_2,pipeline_1,unroll_8,1,2.5,1,True
workload_668.cpp,xczu7ev-ffvc1156-2-e,10,22.38376,89,1,1,3,5,complete_1,complete_1,complete_1,block_2_1,cyclic_8_1,unroll_2,pipeline_1,unroll_2,unroll_2,unroll_2,unroll_8,1,2.5,1,True
workload_701.cpp,xczu7ev-ffvc1156-2-e,10,22.38376,87,1,1,3,5,complete_1,complete_1,complete_1,block_2_1,cyclic_8_1,unroll_2,pipeline_1,unroll_2,unroll_4,pipeline_1,pipeline_1,1,2.5,1,True
workload_199.cpp,xczu7ev-ffvc1156-2-e,10,22.92005,214,1,1,10,19,complete_1,complete_1,complete_1,block_4_1,block_2_1,unroll_8,pipeline_1,pipeline_1,pipeline_1,unroll_4,unroll_2,1,7.75,0.735158881421,False
workload_120.cpp,xczu7ev-ffvc1156-2-e,10,22.56224,127,1,1,6,10,complete_1,complete_1,complete_1,block_4_1,block_4_1,unroll_4,pipeline_1,pipeline_1,pipeline_1,unroll_4,unroll_2,1,4.5,0.893680261157,False
workload_265.cpp,xczu7ev-ffvc1156-2-e,10,22.56224,123,1,1,6,10,complete_1,complete_1,complete_1,block_4_1,block_4_1,unroll_4,pipeline_1,unroll_2,pipeline_1,unroll_4,unroll_2,1,4.5,0.893680261157,False
workload_51.cpp,xczu7ev-ffvc1156-2-e,10,22.92005,265,1,1,10,19,complete_1,complete_1,complete_1,block_4_1,block_4_1,unroll_8,pipeline_1,pipeline_1,pipeline_1,unroll_4,unroll_2,1,7.75,0.735158881421,False
workload_187.cpp,xczu7ev-ffvc1156-2-e,10,22.92005,231.5,1,1,10,19,complete_1,complete_1,complete_1,block_4_1,block_4_1,unroll_8,pipeline_1,unroll_2,pipeline_1,unroll_4,unroll_16,2,7.75,0.735158881421,False
workload_126.cpp,xczu7ev-ffvc1156-2-e,10,22.92005,243,1,1,10,19,complete_1,complete_1,complete_1,block_4_1,block_4_1,unroll_8,pipeline_1,unroll_2,pipeline_1,unroll_4,unroll_4,1,7.75,0.735158881421,False
workload_188.cpp,xczu7ev-ffvc1156-2-e,10,293.44291,208,1,1,9,35,complete_1,complete_1,complete_1,block_4_1,block_4_1,unroll_8,unroll_2,unroll_2,pipeline_1,unroll_4,unroll_4,1,11.5,0.41479931512,False
workload_694.cpp,xczu7ev-ffvc1156-2-e,10,22.38376,83,1,1,3,5,complete_1,complete_1,complete_1,block_4_1,cyclic_8_1,unroll_2,pipeline_1,pipeline_1,pipeline_1,unroll_2,unroll_8,1,2.5,1,True
workload_533.cpp,xczu7ev-ffvc1156-2-e,10,22.38376,85,1,1,3,5,complete_1,complete_1,complete_1,block_4_1,cyclic_8_1,unroll_2,pipeline_1,unroll_2,unroll_4,unroll_4,pipeline_1,1,2.5,1,True
workload_298.cpp,xczu7ev-ffvc1156-2-e,10,22.56224,133,1,1,6,10,complete_1,complete_1,complete_1,block_8_1,block_8_1,unroll_4,pipeline_1,pipeline_1,unroll_4,unroll_2,pipeline_1,1,4.5,0.893680261157,False
workload_305.cpp,xczu7ev-ffvc1156-2-e,10,22.96544,117,1,1,5,8,complete_1,complete_1,complete_1,complete_1,block_4_1,unroll_4,pipeline_1,pipeline_1,unroll_16,unroll_2,pipeline_1,1,3.75,0.932753932529,False
workload_186.cpp,xczu7ev-ffvc1156-2-e,10,22.56224,125,1,1,6,10,complete_1,complete_1,complete_1,complete_1,block_4_1,unroll_4,pipeline_1,pipeline_1,unroll_2,unroll_4,unroll_2,1,4.5,0.893680261157,False
workload_232.cpp,xczu7ev-ffvc1156-2-e,10,22.92005,235,1,1,10,19,complete_1,complete_1,complete_1,complete_1,block_4_1,unroll_8,pipeline_1,pipeline_1,unroll_2,unroll_2,unroll_2,1,7.75,0.735158881421,False
workload_174.cpp,xczu7ev-ffvc1156-2-e,10,101.52229,334,1,1,8,17,complete_1,complete_1,complete_1,complete_1,block_4_1,unroll_8,pipeline_1,pipeline_1,unroll_4,pipeline_1,pipeline_1,1,6.75,0.74426910516,False
workload_663.cpp,xczu7ev-ffvc1156-2-e,10,22.38376,92,1,1,3,5,complete_1,complete_1,complete_1,complete_1,cyclic_8_1,unroll_2,pipeline_1,unroll_2,unroll_2,pipeline_1,pipeline_1,1,2.5,1,True
workload_679.cpp,xczu7ev-ffvc1156-2-e,10,22.38376,85,1,1,3,5,complete_1,complete_1,complete_1,complete_1,cyclic_8_1,unroll_2,pipeline_1,unroll_2,unroll_2,unroll_2,pipeline_1,1,2.5,1,True
workload_709.cpp,xczu7ev-ffvc1156-2-e,10,22.38376,88,1,1,3,5,complete_1,complete_1,complete_1,complete_1,cyclic_8_1,unroll_2,pipeline_1,unroll_2,unroll_2,unroll_2,unroll_8,1,2.5,1,True
workload_263.cpp,xczu7ev-ffvc1156-2-e,10,22.56224,133,1,1,6,10,complete_1,complete_1,complete_1,cyclic_4_1,block_8_1,unroll_4,pipeline_1,pipeline_1,unroll_4,unroll_2,pipeline_1,1,4.5,0.893680261157,False
workload_371.cpp,xczu7ev-ffvc1156-2-e,10,22.38376,88,1,1,3,5,complete_1,complete_1,complete_1,cyclic_4_1,complete_1,unroll_2,pipeline_1,pipeline_1,pipeline_1,unroll_2,unroll_8,1,2.5,1,True
workload_705.cpp,xczu7ev-ffvc1156-2-e,10,22.38376,80,1,1,3,5,complete_1,complete_1,complete_1,cyclic_4_1,cyclic_8_1,unroll_2,pipeline_1,unroll_2,unroll_2,pipeline_1,pipeline_1,1,2.5,1,True
workload_435.cpp,xczu7ev-ffvc1156-2-e,10,22.38376,95,1,1,3,5,complete_1,complete_1,complete_1,cyclic_8_1,complete_1,unroll_2,pipeline_1,pipeline_1,pipeline_1,unroll_2,unroll_8,1,2.5,1,True
workload_450.cpp,xczu7ev-ffvc1156-2-e,10,22.38376,102,1,1,3,5,complete_1,complete_1,complete_1,cyclic_8_1,complete_1,unroll_2,pipeline_1,unroll_2,pipeline_1,unroll_2,unroll_8,1,2.5,1,True
workload_183.cpp,xczu7ev-ffvc1156-2-e,10,22.92005,564,1,1,19,36,complete_1,complete_1,cyclic_4_1,block_4_1,cyclic_2_1,unroll_16,pipeline_1,pipeline_1,pipeline_1,unroll_2,unroll_2,1,14.25,0.471044240615,False
workload_213.cpp,xczu7ev-ffvc1156-2-e,10,22.56224,121,1,1,6,10,complete_1,complete_1,cyclic_4_1,block_4_1,cyclic_2_1,unroll_4,pipeline_1,pipeline_1,pipeline_1,unroll_4,unroll_2,1,4.5,0.893680261157,False
workload_137.cpp,xczu7ev-ffvc1156-2-e,10,22.92005,247,1,1,10,19,complete_1,complete_1,cyclic_4_1,block_4_1,cyclic_2_1,unroll_8,pipeline_1,pipeline_1,pipeline_1,unroll_2,unroll_2,1,7.75,0.735158881421,False
workload_249.cpp,xczu7ev-ffvc1156-2-e,10,22.56224,127,1,1,6,10,complete_1,complete_1,cyclic_4_1,block_4_1,cyclic_8_1,unroll_4,pipeline_1,pipeline_1,pipeline_1,unroll_4,unroll_2,1,4.5,0.893680261157,False
workload_228.cpp,xczu7ev-ffvc1156-2-e,10,316.25376,95,1,2,3,9,complete_1,complete_1,cyclic_8_1,cyclic_4_1,block_4_1,unroll_2,unroll_2,unroll_2,unroll_16,pipeline_1,unroll_2,1,3.75,0.505461440211,False
workload_278.cpp,xczu7ev-ffvc1156-2-e,10,22.78376,79,1,1,3,5,complete_1,complete_1,cyclic_8_1,cyclic_4_1,block_8_1,unroll_2,pipeline_1,unroll_2,unroll_16,unroll_4,pipeline_1,1,2.5,0.999034486477,False
workload_200.cpp,xczu7ev-ffvc1156-2-e,10,178.12876,97,1,2,3,12,complete_1,complete_1,cyclic_8_1,cyclic_4_1,block_8_1,unroll_2,unroll_2,unroll_2,unroll_16,unroll_4,pipeline_1,1,4.5,0.737143582358,False
workload_685.cpp,xczu7ev-ffvc1156-2-e,10,124.24126,83,1,1,2,5,complete_1,complete_2,block_2_1,block_2_1,cyclic_8_1,unroll_2,pipeline_1,pipeline_1,pipeline_1,pipeline_1,pipeline_1,1,2.25,1,True
workload_697.cpp,xczu7ev-ffvc1156-2-e,10,124.24126,89,1,1,2,5,complete_1,complete_2,block_2_1,block_2_1,cyclic_8_1,unroll_2,pipeline_1,pipeline_1,unroll_2,pipeline_1,unroll_8,1,2.25,1,True
workload_645.cpp,xczu7ev-ffvc1156-2-e,10,22.38376,89,1,1,3,5,complete_1,complete_2,block_2_1,block_2_1,cyclic_8_1,unroll_2,pipeline_1,pipeline_1,unroll_2,unroll_2,unroll_8,1,2.5,1,True
workload_680.cpp,xczu7ev-ffvc1156-2-e,10,22.38376,87,1,1,3,5,complete_1,complete_2,block_2_1,block_2_1,cyclic_8_1,unroll_2,pipeline_1,unroll_2,unroll_2,pipeline_1,pipeline_1,1,2.5,1,True
workload_239.cpp,xczu7ev-ffvc1156-2-e,10,22.92005,213,1,1,10,19,complete_1,complete_2,block_2_1,block_4_1,block_4_1,unroll_8,pipeline_1,pipeline_1,unroll_2,unroll_2,unroll_2,1,7.75,0.735158881421,False
workload_707.cpp,xczu7ev-ffvc1156-2-e,10,22.38376,87,1,1,3,5,complete_1,complete_2,block_2_1,block_4_1,block_8_1,unroll_2,pipeline_1,pipeline_1,unroll_4,unroll_16,pipeline_1,1,2.5,1,True
workload_404.cpp,xczu7ev-ffvc1156-2-e,10,22.38376,89,1,1,3,5,complete_1,complete_2,block_2_1,complete_1,cyclic_8_1,unroll_2,pipeline_1,pipeline_1,unroll_2,unroll_2,pipeline_1,2,2.5,1,True
workload_408.cpp,xczu7ev-ffvc1156-2-e,10,22.38376,86,1,1,3,5,complete_1,complete_2,block_4_1,block_2_1,cyclic_8_1,unroll_2,pipeline_1,unroll_2,unroll_2,unroll_2,pipeline_1,1,2.5,1,True
workload_502.cpp,xczu7ev-ffvc1156-2-e,10,22.38376,96,1,1,3,5,complete_1,complete_2,block_4_1,block_4_1,complete_1,unroll_2,pipeline_1,unroll_2,pipeline_1,pipeline_1,unroll_8,1,2.5,1,True
workload_451.cpp,xczu7ev-ffvc1156-2-e,10,22.38376,103,1,1,3,5,complete_1,complete_2,block_4_1,block_4_1,cyclic_4_1,unroll_2,pipeline_1,unroll_2,unroll_4,unroll_2,pipeline_1,1,2.5,1,True
workload_642.cpp,xczu7ev-ffvc1156-2-e,10,124.24126,89,1,1,2,5,complete_1,complete_2,block_4_1,block_4_1,cyclic_8_1,unroll_2,pipeline_1,pipeline_1,unroll_4,pipeline_1,unroll_2,1,2.25,1,True
workload_322.cpp,xczu7ev-ffvc1156-2-e,10,22.38376,86,1,1,3,5,complete_1,complete_2,block_4_1,block_4_1,cyclic_8_1,unroll_2,pipeline_1,unroll_2,unroll_2,pipeline_1,pipeline_1,3,2.5,1,True
workload_315.cpp,xczu7ev-ffvc1156-2-e,10,22.38376,84,1,1,3,5,complete_1,complete_2,block_4_1,block_4_1,cyclic_8_1,unroll_2,pipeline_1,unroll_2,unroll_2,unroll_4,pipeline_1,1,2.5,1,True
workload_501.cpp,xczu7ev-ffvc1156-2-e,10,22.38376,88,1,1,4,5,complete_1,complete_2,block_4_1,block_8_1,cyclic_4_1,unroll_2,pipeline_1,unroll_2,unroll_4,unroll_2,unroll_16,1,2.75,0.986344784466,False
workload_514.cpp,xczu7ev-ffvc1156-2-e,10,22.38376,90,1,1,3,5,complete_1,complete_2,block_4_1,complete_1,cyclic_4_1,unroll_2,pipeline_1,unroll_2,pipeline_1,unroll_2,pipeline_1,1,2.5,1,True
workload_564.cpp,xczu7ev-ffvc1156-2-e,10,22.38376,86,1,1,3,5,complete_1,complete_2,block_4_1,cyclic_4_1,cyclic_4_1,unroll_2,pipeline_1,unroll_2,unroll_2,pipeline_1,pipeline_1,1,2.5,1,True
workload_184.cpp,xczu7ev-ffvc1156-2-e,10,22.92005,578,1,1,19,36,complete_1,complete_2,block_8_1,block_2_1,complete_1,unroll_16,pipeline_1,pipeline_1,pipeline_1,unroll_4,unroll_8,1,14.25,0.471044240615,False
workload_85.cpp,xczu7ev-ffvc1156-2-e,10,22.92005,615,1,1,19,36,complete_1,complete_2,block_8_1,cyclic_2_1,block_2_1,unroll_16,pipeline_1,pipeline_1,pipeline_1,unroll_8,unroll_8,1,14.25,0.471044240615,False
workload_406.cpp,xczu7ev-ffvc1156-2-e,10,22.38376,86,1,1,3,5,complete_1,complete_2,block_8_1,cyclic_4_1,cyclic_8_1,unroll_2,pipeline_1,pipeline_1,unroll_2,unroll_16,pipeline_1,1,2.5,1,True
workload_464.cpp,xczu7ev-ffvc1156-2-e,10,22.38376,88,1,1,3,5,complete_1,complete_2,block_8_1,cyclic_4_1,cyclic_8_1,unroll_2,pipeline_1,pipeline_1,unroll_4,unroll_16,pipeline_1,1,2.5,1,True
workload_581.cpp,xczu7ev-ffvc1156-2-e,10,22.38376,87,1,1,3,5,complete_1,complete_2,complete_1,block_2_1,cyclic_8_1,unroll_2,pipeline_1,unroll_2,unroll_2,pipeline_1,pipeline_1,1,2.5,1,True
workload_447.cpp,xczu7ev-ffvc1156-2-e,10,22.38376,96,1,1,3,5,complete_1,complete_2,complete_1,block_4_1,cyclic_8_1,unroll_2,pipeline_1,unroll_2,unroll_4,unroll_4,pipeline_1,1,2.5,1,True
workload_484.cpp,xczu7ev-ffvc1156-2-e,10,22.38376,86,1,1,3,5,complete_1,complete_2,complete_1,block_8_1,complete_1,unroll_2,pipeline_1,unroll_2,pipeline_1,unroll_4,unroll_8,1,2.5,1,True
workload_341.cpp,xczu7ev-ffvc1156-2-e,10,22.38376,89,1,1,3,5,complete_1,complete_2,complete_1,complete_1,cyclic_8_1,unroll_2,pipeline_1,unroll_2,unroll_2,unroll_2,pipeline_1,1,2.5,1,True
workload_268.cpp,xczu7ev-ffvc1156-2-e,10,125.2346,127,1,1,4,9,complete_1,cyclic_2_2,block_4_1,block_8_1,cyclic_4_1,unroll_4,pipeline_1,pipeline_1,unroll_2,pipeline_1,pipeline_1,1,3.75,0.83807752564,False
workload_205.cpp,xczu7ev-ffvc1156-2-e,10,22.92005,249,1,1,10,19,complete_1,cyclic_2_2,block_8_1,cyclic_8_1,block_8_1,unroll_8,pipeline_1,pipeline_1,unroll_2,unroll_2,pipeline_1,1,7.75,0.735158881421,False
workload_145.cpp,xczu7ev-ffvc1156-2-e,10,101.52229,293,1,1,8,17,complete_1,cyclic_2_2,complete_1,block_8_1,block_8_1,unroll_8,pipeline_1,pipeline_1,unroll_4,pipeline_1,pipeline_1,3,6.75,0.74426910516,False
workload_283.cpp,xczu7ev-ffvc1156-2-e,10,494.06626,90,1,1,2,13,complete_1,cyclic_2_2,complete_1,block_8_1,cyclic_4_1,unroll_2,unroll_2,pipeline_1,unroll_2,unroll_16,pipeline_1,1,4.25,0.26845754035,False
workload_309.cpp,xczu7ev-ffvc1156-2-e,10,22.56224,126,1,1,6,10,complete_1,cyclic_4_2,block_8_1,cyclic_4_1,cyclic_8_1,unroll_4,pipeline_1,pipeline_1,unroll_2,unroll_2,pipeline_1,1,4.5,0.893680261157,False
workload_92.cpp,xczu7ev-ffvc1156-2-e,10,22.92029,1968,1,1,38,68,complete_1,cyclic_4_2,complete_1,block_4_1,block_4_1,unroll_32,pipeline_1,pipeline_1,pipeline_1,unroll_4,unroll_2,1,27,0.157930717364,False
workload_14.cpp,xczu7ev-ffvc1156-2-e,10,22.92005,260,1,1,10,19,complete_1,cyclic_4_2,complete_1,block_4_1,block_4_1,unroll_8,pipeline_1,pipeline_1,pipeline_1,unroll_4,unroll_2,1,7.75,0.735158881421,False
workload_361.cpp,xczu7ev-ffvc1156-2-e,10,22.38376,88,1,1,3,5,complete_1,cyclic_4_2,complete_1,block_4_1,cyclic_8_1,unroll_2,pipeline_1,pipeline_1,unroll_2,unroll_2,pipeline_1,1,2.5,1,True
workload_204.cpp,xczu7ev-ffvc1156-2-e,10,22.92005,238,1,1,10,19,complete_1,cyclic_4_2,complete_1,block_8_1,block_4_1,unroll_8,pipeline_1,pipeline_1,pipeline_1,unroll_4,unroll_2,1,7.75,0.735158881421,False
workload_374.cpp,xczu7ev-ffvc1156-2-e,10,22.38376,89,1,1,3,5,complete_1,cyclic_8_2,block_2_1,block_4_1,cyclic_8_1,unroll_2,pipeline_1,pipeline_1,unroll_2,unroll_2,pipeline_1,1,2.5,1,True
workload_160.cpp,xczu7ev-ffvc1156-2-e,10,22.38376,91,1,1,3,5,complete_1,cyclic_8_2,block_4_1,block_2_1,complete_1,unroll_2,pipeline_1,unroll_2,pipeline_1,pipeline_1,unroll_8,1,2.5,1,True
workload_223.cpp,xczu7ev-ffvc1156-2-e,10,22.92005,231,1,1,10,19,complete_1,cyclic_8_2,block_4_1,block_2_1,complete_1,unroll_8,pipeline_1,pipeline_1,unroll_2,unroll_2,unroll_8,1,7.75,0.735158881421,False
workload_139.cpp,xczu7ev-ffvc1156-2-e,10,22.92005,241,1,1,10,19,complete_1,cyclic_8_2,block_4_1,block_2_1,complete_1,unroll_8,pipeline_1,unroll_2,pipeline_1,pipeline_1,unroll_2,1,7.75,0.735158881421,False
workload_90.cpp,xczu7ev-ffvc1156-2-e,10,22.92005,230,1,1,10,19,complete_1,cyclic_8_2,block_4_1,block_2_1,complete_1,unroll_8,pipeline_1,unroll_2,pipeline_1,unroll_4,unroll_2,1,7.75,0.735158881421,False
workload_135.cpp,xczu7ev-ffvc1156-2-e,10,188.16291,332,1,1,14,32,complete_1,cyclic_8_2,block_4_1,block_2_1,complete_1,unroll_8,unroll_2,pipeline_1,unroll_8,pipeline_1,unroll_2,1,12,0.495569455384,False
workload_467.cpp,xczu7ev-ffvc1156-2-e,10,124.24126,87,1,1,2,5,complete_1,cyclic_8_2,block_4_1,block_4_1,complete_1,unroll_2,pipeline_1,pipeline_1,pipeline_1,pipeline_1,unroll_8,1,2.25,1,True
workload_241.cpp,xczu7ev-ffvc1156-2-e,10,22.38376,85,1,1,3,5,complete_1,cyclic_8_2,block_4_1,block_4_1,complete_1,unroll_2,pipeline_1,unroll_2,pipeline_1,pipeline_1,unroll_8,1,2.5,1,True
workload_403.cpp,xczu7ev-ffvc1156-2-e,10,22.38376,89,1,1,3,5,complete_1,cyclic_8_2,block_4_1,block_4_1,complete_1,unroll_2,pipeline_1,unroll_2,unroll_2,pipeline_1,unroll_8,1,2.5,1,True
workload_208.cpp,xczu7ev-ffvc1156-2-e,10,22.56224,137,1,1,6,10,complete_1,cyclic_8_2,block_4_1,block_4_1,complete_1,unroll_4,pipeline_1,pipeline_1,unroll_2,unroll_2,pipeline_1,1,4.5,0.893680261157,False
workload_294.cpp,xczu7ev-ffvc1156-2-e,10,22.38376,84,1,1,3,5,complete_1,cyclic_8_2,block_4_1,block_4_1,cyclic_8_1,unroll_2,pipeline_1,unroll_2,unroll_2,unroll_4,pipeline_1,1,2.5,1,True
workload_247.cpp,xczu7ev-ffvc1156-2-e,10,22.56224,129,1,1,6,10,complete_1,cyclic_8_2,block_4_1,block_4_1,cyclic_8_1,unroll_4,pipeline_1,pipeline_1,unroll_2,unroll_4,pipeline_1,1,4.5,0.893680261157,False
workload_62.cpp,xczu7ev-ffvc1156-2-e,10,22.56224,143,1,1,6,10,complete_1,cyclic_8_2,block_4_1,block_4_1,cyclic_8_1,unroll_4,pipeline_1,unroll_2,unroll_2,unroll_4,pipeline_1,1,4.5,0.893680261157,False
workload_279.cpp,xczu7ev-ffvc1156-2-e,10,22.78376,77,1,1,3,5,complete_1,cyclic_8_2,block_4_1,complete_1,complete_1,unroll_2,pipeline_1,unroll_2,unroll_16,pipeline_1,unroll_2,1,2.5,0.999034486477,False
workload_411.cpp,xczu7ev-ffvc1156-2-e,10,22.38376,89,1,1,3,5,complete_1,cyclic_8_2,block_4_1,cyclic_4_1,block_2_1,unroll_2,pipeline_1,unroll_2,pipeline_1,pipeline_1,unroll_8,1,2.5,1,True
workload_517.cpp,xczu7ev-ffvc1156-2-e,10,124.24126,85,1,1,2,5,complete_1,cyclic_8_2,block_4_1,cyclic_4_1,complete_1,unroll_2,pipeline_1,pipeline_1,pipeline_1,pipeline_1,unroll_2,1,2.25,1,True
workload_352.cpp,xczu7ev-ffvc1156-2-e,10,22.38376,87,1,1,3,5,complete_1,cyclic_8_2,block_4_1,cyclic_4_1,complete_1,unroll_2,pipeline_1,unroll_2,pipeline_1,pipeline_1,unroll_8,1,2.5,1,True
workload_150.cpp,xczu7ev-ffvc1156-2-e,10,127.22213,528,1,1,15,31,complete_1,cyclic_8_2,block_8_1,block_2_1,block_2_1,unroll_16,pipeline_1,pipeline_1,unroll_8,pipeline_1,unroll_2,1,12,0.529261118795,False
workload_236.cpp,xczu7ev-ffvc1156-2-e,10,22.96544,123,1,1,5,8,complete_1,cyclic_8_2,block_8_1,block_2_1,cyclic_8_1,unroll_4,pipeline_1,unroll_2,unroll_16,unroll_4,pipeline_1,1,3.75,0.932753932529,False
workload_506.cpp,xczu7ev-ffvc1156-2-e,10,22.38376,86,1,1,3,5,complete_1,cyclic_8_2,block_8_1,block_4_1,complete_1,unroll_2,pipeline_1,pipeline_1,pipeline_1,unroll_2,pipeline_1,1,2.5,1,True
workload_568.cpp,xczu7ev-ffvc1156-2-e,10,22.38376,87,1,1,3,5,complete_1,cyclic_8_2,block_8_1,block_4_1,cyclic_8_1,unroll_2,pipeline_1,unroll_2,pipeline_1,unroll_2,pipeline_1,1,2.5,1,True
workload_131.cpp,xczu7ev-ffvc1156-2-e,10,127.22213,238,1,1,8,17,complete_1,cyclic_8_2,block_8_1,cyclic_2_1,block_8_1,unroll_8,pipeline_1,pipeline_1,unroll_8,pipeline_1,unroll_8,1,6.75,0.728800498838,False
workload_253.cpp,xczu7ev-ffvc1156-2-e,10,22.92005,232,1,1,10,19,complete_1,cyclic_8_2,complete_1,block_4_1,block_4_1,unroll_8,pipeline_1,pipeline_1,pipeline_1,unroll_4,unroll_2,1,7.75,0.735158881421,False
workload_215.cpp,xczu7ev-ffvc1156-2-e,10,99.93632,138,1,1,4,10,complete_1,cyclic_8_2,complete_1,block_4_1,block_8_1,unroll_4,pipeline_1,pipeline_1,unroll_4,pipeline_1,unroll_2,1,4,0.848484982877,False
workload_301.cpp,xczu7ev-ffvc1156-2-e,10,124.24126,86,1,1,2,5,complete_1,cyclic_8_2,complete_1,block_4_1,cyclic_2_1,unroll_2,pipeline_1,pipeline_1,pipeline_1,pipeline_1,unroll_8,1,2.25,1,True
workload_277.cpp,xczu7ev-ffvc1156-2-e,10,99.93632,141,1,1,4,10,complete_1,cyclic_8_2,complete_1,block_4_1,cyclic_8_1,unroll_4,pipeline_1,pipeline_1,unroll_4,pipeline_1,unroll_2,1,4,0.848484982877,False
workload_190.cpp,xczu7ev-ffvc1156-2-e,10,23.32965,213,1,1,8,14,complete_1,cyclic_8_2,complete_1,complete_1,block_4_1,unroll_8,pipeline_1,unroll_2,unroll_16,unroll_4,unroll_2,1,6,0.818313879274,False
workload_463.cpp,xczu7ev-ffvc1156-2-e,10,22.38376,85,1,1,3,5,complete_1,cyclic_8_2,complete_1,complete_1,cyclic_8_1,unroll_2,pipeline_1,unroll_2,unroll_2,unroll_2,pipeline_1,1,2.5,1,True
workload_13.cpp,xczu7ev-ffvc1156-2-e,10,22.92029,1992,1,1,38,68,complete_1,cyclic_8_2,complete_1,cyclic_4_1,block_2_1,unroll_32,pipeline_1,unroll_2,unroll_4,unroll_4,unroll_4,1,27,0.157930717364,False
workload_307.cpp,xczu7ev-ffvc1156-2-e,10,99.93632,145,1,1,4,10,complete_1,cyclic_8_2,complete_1,cyclic_4_1,block_8_1,unroll_4,pipeline_1,pipeline_1,unroll_4,pipeline_1,pipeline_1,1,4,0.848484982877,False
workload_710.cpp,xczu7ev-ffvc1156-2-e,10,124.24126,86,1,1,2,5,complete_2,block_2_2,block_4_1,block_4_1,cyclic_4_1,unroll_2,pipeline_1,pipeline_1,unroll_2,pipeline_1,unroll_2,1,2.25,1,True
workload_423.cpp,xczu7ev-ffvc1156-2-e,10,22.38376,109,1,1,3,5,complete_2,block_2_2,block_4_1,complete_1,cyclic_8_1,unroll_2,pipeline_1,unroll_2,unroll_2,unroll_2,pipeline_1,1,2.5,1,True
workload_483.cpp,xczu7ev-ffvc1156-2-e,10,22.38376,87,1,1,3,5,complete_2,block_2_2,block_8_1,block_4_1,cyclic_4_1,unroll_2,pipeline_1,pipeline_1,unroll_2,unroll_2,pipeline_1,1,2.5,1,True
workload_237.cpp,xczu7ev-ffvc1156-2-e,10,101.52229,312,1,1,8,17,complete_2,block_2_2,block_8_1,cyclic_4_1,cyclic_8_1,unroll_8,pipeline_1,pipeline_1,unroll_4,pipeline_1,pipeline_1,1,6.75,0.74426910516,False
workload_677.cpp,xczu7ev-ffvc1156-2-e,10,22.38376,87,1,1,3,5,complete_2,block_2_2,complete_1,block_4_1,cyclic_8_1,unroll_2,pipeline_1,pipeline_1,pipeline_1,unroll_2,pipeline_1,1,2.5,1,True
workload_559.cpp,xczu7ev-ffvc1156-2-e,10,22.38376,89,1,1,3,5,complete_2,block_4_2,block_8_1,block_2_1,cyclic_8_1,unroll_2,pipeline_1,unroll_2,unroll_2,unroll_16,pipeline_1,1,2.5,1,True
workload_521.cpp,xczu7ev-ffvc1156-2-e,10,22.38376,86,1,1,3,5,complete_2,block_4_2,block_8_1,block_4_1,cyclic_4_1,unroll_2,pipeline_1,pipeline_1,unroll_2,unroll_2,pipeline_1,1,2.5,1,True
workload_491.cpp,xczu7ev-ffvc1156-2-e,10,124.24126,87,1,1,2,5,complete_2,block_4_2,block_8_1,complete_1,cyclic_4_1,unroll_2,pipeline_1,pipeline_1,unroll_2,pipeline_1,pipeline_1,2,2.25,1,True
workload_627.cpp,xczu7ev-ffvc1156-2-e,10,22.38376,89.5,1,1,3,5,complete_2,block_4_2,complete_1,block_4_1,complete_1,unroll_2,pipeline_1,pipeline_1,pipeline_1,unroll_2,unroll_8,2,2.5,1,True
workload_563.cpp,xczu7ev-ffvc1156-2-e,10,22.38376,87,1,1,3,5,complete_2,block_4_2,complete_1,block_4_1,complete_1,unroll_2,pipeline_1,pipeline_1,unroll_2,unroll_2,unroll_8,1,2.5,1,True
workload_652.cpp,xczu7ev-ffvc1156-2-e,10,124.24126,87,1,1,2,5,complete_2,block_4_2,complete_1,block_4_1,cyclic_8_1,unroll_2,pipeline_1,pipeline_1,unroll_2,pipeline_1,unroll_8,1,2.25,1,True
workload_695.cpp,xczu7ev-ffvc1156-2-e,10,22.38376,88,1,1,3,5,complete_2,block_4_2,complete_1,complete_1,complete_1,unroll_2,pipeline_1,pipeline_1,pipeline_1,unroll_2,unroll_8,1,2.5,1,True
workload_591.cpp,xczu7ev-ffvc1156-2-e,10,124.24126,85,1,1,2,5,complete_2,block_4_2,complete_1,cyclic_4_1,complete_1,unroll_2,pipeline_1,pipeline_1,unroll_2,pipeline_1,pipeline_1,1,2.25,1,True
workload_691.cpp,xczu7ev-ffvc1156-2-e,10,22.38376,86,1,1,3,5,complete_2,block_4_2,complete_1,cyclic_4_1,complete_1,unroll_2,pipeline_1,unroll_2,unroll_2,pipeline_1,pipeline_1,1,2.5,1,True
workload_266.cpp,xczu7ev-ffvc1156-2-e,10,22.38376,86,1,1,3,5,complete_2,block_8_2,block_2_1,block_4_1,cyclic_8_1,unroll_2,pipeline_1,unroll_2,unroll_4,pipeline_1,pipeline_1,1,2.5,1,True
workload_519.cpp,xczu7ev-ffvc1156-2-e,10,124.24126,86,1,1,2,5,complete_2,block_8_2,block_4_1,block_8_1,block_8_1,unroll_2,pipeline_1,pipeline_1,unroll_4,pipeline_1,unroll_2,1,2.25,1,True
workload_507.cpp,xczu7ev-ffvc1156-2-e,10,124.24126,87,1,1,2,5,complete_2,block_8_2,block_4_1,block_8_1,cyclic_4_1,unroll_2,pipeline_1,pipeline_1,unroll_4,pipeline_1,unroll_8,1,2.25,1,True
workload_201.cpp,xczu7ev-ffvc1156-2-e,10,22.56224,125,1,1,6,10,complete_2,block_8_2,block_4_1,complete_1,cyclic_8_1,unroll_4,pipeline_1,unroll_2,unroll_2,pipeline_1,pipeline_1,1,4.5,0.893680261157,False
workload_367.cpp,xczu7ev-ffvc1156-2-e,10,124.24126,84,1,1,2,5,complete_2,block_8_2,block_4_1,cyclic_4_1,cyclic_8_1,unroll_2,pipeline_1,pipeline_1,unroll_2,pipeline_1,pipeline_1,2,2.25,1,True
workload_288.cpp,xczu7ev-ffvc1156-2-e,10,22.38376,88,1,1,3,5,complete_2,block_8_2,block_4_1,cyclic_4_1,cyclic_8_1,unroll_2,pipeline_1,unroll_2,unroll_2,pipeline_1,pipeline_1,1,2.5,1,True
workload_534.cpp,xczu7ev-ffvc1156-2-e,10,22.38376,88,1,1,3,5,complete_2,block_8_2,block_8_1,block_4_1,cyclic_4_1,unroll_2,pipeline_1,pipeline_1,unroll_4,unroll_4,pipeline_1,1,2.5,1,True
workload_461.cpp,xczu7ev-ffvc1156-2-e,10,22.38376,88,1,1,3,5,complete_2,block_8_2,block_8_1,block_8_1,cyclic_4_1,unroll_2,pipeline_1,pipeline_1,unroll_2,unroll_2,unroll_2,1,2.5,1,True
workload_321.cpp,xczu7ev-ffvc1156-2-e,10,124.24126,85,1,1,2,5,complete_2,block_8_2,block_8_1,block_8_1,cyclic_4_1,unroll_2,pipeline_1,pipeline_1,unroll_4,pipeline_1,pipeline_1,1,2.25,1,True
workload_317.cpp,xczu7ev-ffvc1156-2-e,10,22.38376,81,1,1,3,5,complete_2,block_8_2,block_8_1,block_8_1,cyclic_4_1,unroll_2,pipeline_1,pipeline_1,unroll_4,unroll_16,unroll_2,1,2.5,1,True
workload_378.cpp,xczu7ev-ffvc1156-2-e,10,22.38376,90,1,1,3,5,complete_2,block_8_2,block_8_1,block_8_1,cyclic_4_1,unroll_2,pipeline_1,pipeline_1,unroll_4,unroll_2,pipeline_1,1,2.5,1,True
workload_498.cpp,xczu7ev-ffvc1156-2-e,10,22.38376,89,1,1,3,5,complete_2,block_8_2,block_8_1,block_8_1,cyclic_4_1,unroll_2,pipeline_1,pipeline_1,unroll_4,unroll_4,pipeline_1,1,2.5,1,True
workload_443.cpp,xczu7ev-ffvc1156-2-e,10,124.24126,87,1,1,2,5,complete_2,block_8_2,block_8_1,block_8_1,cyclic_8_1,unroll_2,pipeline_1,pipeline_1,unroll_2,pipeline_1,pipeline_1,1,2.25,1,True
workload_372.cpp,xczu7ev-ffvc1156-2-e,10,22.38376,87,1,1,3,5,complete_2,block_8_2,block_8_1,block_8_1,cyclic_8_1,unroll_2,pipeline_1,pipeline_1,unroll_2,unroll_16,pipeline_1,1,2.5,1,True
workload_353.cpp,xczu7ev-ffvc1156-2-e,10,22.38376,89,1,1,3,5,complete_2,block_8_2,block_8_1,complete_1,cyclic_8_1,unroll_2,pipeline_1,pipeline_1,unroll_4,unroll_16,unroll_2,1,2.5,1,True
workload_166.cpp,xczu7ev-ffvc1156-2-e,10,22.92005,229,1,1,10,19,complete_2,block_8_2,block_8_1,cyclic_4_1,block_4_1,unroll_8,pipeline_1,pipeline_1,pipeline_1,unroll_4,pipeline_1,1,7.75,0.735158881421,False
workload_123.cpp,xczu7ev-ffvc1156-2-e,10,22.92005,238.5,1,1,10,19,complete_2,block_8_2,complete_1,block_4_1,block_4_1,unroll_8,pipeline_1,pipeline_1,pipeline_1,unroll_4,pipeline_1,2,7.75,0.735158881421,False
workload_313.cpp,xczu7ev-ffvc1156-2-e,10,22.38376,87,1,1,3,5,complete_2,block_8_2,complete_1,block_4_1,cyclic_8_1,unroll_2,pipeline_1,pipeline_1,pipeline_1,unroll_4,pipeline_1,1,2.5,1,True
workload_409.cpp,xczu7ev-ffvc1156-2-e,10,22.38376,93,1,1,3,5,complete_2,block_8_2,complete_1,block_8_1,cyclic_4_1,unroll_2,pipeline_1,pipeline_1,unroll_4,unroll_2,unroll_8,1,2.5,1,True
workload_129.cpp,xczu7ev-ffvc1156-2-e,10,251.52291,276,1,3,10,32,complete_2,block_8_2,cyclic_8_1,cyclic_8_1,cyclic_8_1,unroll_8,unroll_2,pipeline_1,unroll_16,unroll_16,unroll_8,1,11.5,0.45646862699,False
workload_276.cpp,xczu7ev-ffvc1156-2-e,10,22.38376,86,1,1,3,5,complete_2,complete_1,block_2_1,block_2_1,cyclic_8_1,unroll_2,pipeline_1,unroll_2,pipeline_1,pipeline_1,unroll_8,1,2.5,1,True
workload_570.cpp,xczu7ev-ffvc1156-2-e,10,22.38376,88,1,1,3,5,complete_2,complete_1,block_2_1,block_4_1,cyclic_8_1,unroll_2,pipeline_1,unroll_2,unroll_2,unroll_2,pipeline_1,1,2.5,1,True
workload_489.cpp,xczu7ev-ffvc1156-2-e,10,22.38376,86,1,1,3,5,complete_2,complete_1,block_2_1,cyclic_8_1,cyclic_8_1,unroll_2,pipeline_1,unroll_2,pipeline_1,unroll_2,pipeline_1,1,2.5,1,True
workload_216.cpp,xczu7ev-ffvc1156-2-e,10,22.56224,121,1,1,6,10,complete_2,complete_1,block_4_1,complete_1,cyclic_8_1,unroll_4,pipeline_1,unroll_2,unroll_2,pipeline_1,unroll_2,1,4.5,0.893680261157,False
workload_566.cpp,xczu7ev-ffvc1156-2-e,10,22.38376,87,1,1,3,5,complete_2,complete_1,block_8_1,block_8_1,cyclic_8_1,unroll_2,pipeline_1,pipeline_1,unroll_4,unroll_16,pipeline_1,1,2.5,1,True
workload_625.cpp,xczu7ev-ffvc1156-2-e,10,124.24126,88,1,1,2,5,complete_2,complete_1,block_8_1,cyclic_4_1,cyclic_8_1,unroll_2,pipeline_1,pipeline_1,unroll_2,pipeline_1,pipeline_1,1,2.25,1,True
workload_636.cpp,xczu7ev-ffvc1156-2-e,10,22.38376,91,1,1,3,5,complete_2,complete_1,complete_1,complete_1,cyclic_4_1,unroll_2,pipeline_1,unroll_2,unroll_2,unroll_16,unroll_8,1,2.5,1,True
workload_8.cpp,xczu7ev-ffvc1156-2-e,10,22.92005,235,1,1,10,19,complete_2,complete_1,cyclic_4_1,block_4_1,cyclic_2_1,unroll_8,pipeline_1,pipeline_1,pipeline_1,unroll_2,pipeline_1,1,7.75,0.735158881421,False
workload_170.cpp,xczu7ev-ffvc1156-2-e,10,151.25376,106,1,1,4,7,complete_2,complete_1,cyclic_8_1,block_4_1,block_4_1,unroll_2,unroll_2,pipeline_1,pipeline_1,pipeline_1,unroll_2,1,3.25,0.811529581419,False
workload_318.cpp,xczu7ev-ffvc1156-2-e,10,341.56626,76,1,1,2,8,complete_2,complete_1,cyclic_8_1,block_8_1,cyclic_4_1,unroll_2,unroll_2,pipeline_1,pipeline_1,unroll_16,unroll_2,1,3,0.468173904019,False
workload_271.cpp,xczu7ev-ffvc1156-2-e,10,22.78376,92,1,1,3,5,complete_2,complete_1,cyclic_8_1,complete_1,block_4_1,unroll_2,pipeline_1,unroll_2,unroll_16,pipeline_1,unroll_2,1,2.5,0.999034486477,False
workload_6.cpp,xczu7ev-ffvc1156-2-e,10,316.25376,92,1,2,3,9,complete_2,complete_1,cyclic_8_1,complete_1,block_4_1,unroll_2,unroll_2,unroll_2,unroll_16,pipeline_1,unroll_2,1,3.75,0.505461440211,False
workload_360.cpp,xczu7ev-ffvc1156-2-e,10,22.38376,87,1,1,3,5,complete_2,complete_2,block_2_1,block_2_1,cyclic_8_1,unroll_2,pipeline_1,pipeline_1,unroll_2,unroll_16,unroll_8,1,2.5,1,True
workload_394.cpp,xczu7ev-ffvc1156-2-e,10,22.38376,87,1,1,3,5,complete_2,complete_2,block_2_1,block_2_1,cyclic_8_1,unroll_2,pipeline_1,pipeline_1,unroll_2,unroll_2,pipeline_1,1,2.5,1,True
workload_342.cpp,xczu7ev-ffvc1156-2-e,10,22.38376,88,1,1,3,5,complete_2,complete_2,block_2_1,block_2_1,cyclic_8_1,unroll_2,pipeline_1,unroll_2,unroll_2,unroll_16,unroll_8,1,2.5,1,True
workload_185.cpp,xczu7ev-ffvc1156-2-e,10,22.38376,87,1,1,3,5,complete_2,complete_2,block_2_1,block_4_1,cyclic_8_1,unroll_2,pipeline_1,pipeline_1,unroll_2,unroll_2,pipeline_1,3,2.5,1,True
workload_333.cpp,xczu7ev-ffvc1156-2-e,10,22.38376,91,1,1,3,5,complete_2,complete_2,block_2_1,block_4_1,cyclic_8_1,unroll_2,pipeline_1,pipeline_1,unroll_4,unroll_2,pipeline_1,1,2.5,1,True
workload_457.cpp,xczu7ev-ffvc1156-2-e,10,22.38376,105,1,1,3,5,complete_2,complete_2,block_2_1,block_4_1,cyclic_8_1,unroll_2,pipeline_1,unroll_2,pipeline_1,unroll_4,pipeline_1,1,2.5,1,True
workload_364.cpp,xczu7ev-ffvc1156-2-e,10,22.78376,90,1,1,3,5,complete_2,complete_2,block_2_1,block_4_1,cyclic_8_1,unroll_2,pipeline_1,unroll_2,unroll_16,unroll_4,pipeline_1,1,2.5,0.999034486477,False
workload_398.cpp,xczu7ev-ffvc1156-2-e,10,22.38376,82,1,1,3,5,complete_2,complete_2,block_2_1,block_4_1,cyclic_8_1,unroll_2,pipeline_1,unroll_2,unroll_2,unroll_16,unroll_8,1,2.5,1,True
workload_354.cpp,xczu7ev-ffvc1156-2-e,10,22.56224,123,1,1,6,10,complete_2,complete_2,block_2_1,block_8_1,cyclic_4_1,unroll_4,pipeline_1,pipeline_1,unroll_2,unroll_2,pipeline_1,1,4.5,0.893680261157,False
workload_264.cpp,xczu7ev-ffvc1156-2-e,10,22.38376,87,1,1,3,5,complete_2,complete_2,block_2_1,complete_1,cyclic_8_1,unroll_2,pipeline_1,pipeline_1,unroll_2,unroll_2,pipeline_1,1,2.5,1,True
workload_548.cpp,xczu7ev-ffvc1156-2-e,10,22.38376,87,1,1,3,5,complete_2,complete_2,block_2_1,complete_1,cyclic_8_1,unroll_2,pipeline_1,pipeline_1,unroll_4,unroll_16,unroll_2,1,2.5,1,True
workload_487.cpp,xczu7ev-ffvc1156-2-e,10,22.38376,92,1,1,3,5,complete_2,complete_2,block_2_1,complete_1,cyclic_8_1,unroll_2,pipeline_1,unroll_2,pipeline_1,unroll_16,unroll_8,1,2.5,1,True
workload_383.cpp,xczu7ev-ffvc1156-2-e,10,22.38376,88,1,1,3,5,complete_2,complete_2,block_4_1,block_2_1,cyclic_2_1,unroll_2,pipeline_1,unroll_2,pipeline_1,pipeline_1,unroll_8,1,2.5,1,True
workload_508.cpp,xczu7ev-ffvc1156-2-e,10,22.38376,86,1,1,3,5,complete_2,complete_2,block_4_1,block_2_1,cyclic_4_1,unroll_2,pipeline_1,pipeline_1,unroll_2,unroll_2,unroll_8,1,2.5,1,True
workload_569.cpp,xczu7ev-ffvc1156-2-e,10,22.38376,86,1,1,3,5,complete_2,complete_2,block_4_1,block_2_1,cyclic_4_1,unroll_2,pipeline_1,unroll_2,unroll_2,pipeline_1,unroll_8,1,2.5,1,True
workload_270.cpp,xczu7ev-ffvc1156-2-e,10,22.38376,85,1,1,3,5,complete_2,complete_2,block_4_1,block_2_1,cyclic_8_1,unroll_2,pipeline_1,pipeline_1,unroll_2,unroll_2,pipeline_1,1,2.5,1,True
workload_319.cpp,xczu7ev-ffvc1156-2-e,10,22.38376,82,1,1,3,5,complete_2,complete_2,block_4_1,block_2_1,cyclic_8_1,unroll_2,pipeline_1,unroll_2,unroll_2,unroll_2,pipeline_1,1,2.5,1,True
workload_304.cpp,xczu7ev-ffvc1156-2-e,10,22.56224,127,1,1,6,10,complete_2,complete_2,block_4_1,block_2_1,cyclic_8_1,unroll_4,pipeline_1,pipeline_1,unroll_2,unroll_4,pipeline_1,1,4.5,0.893680261157,False
workload_628.cpp,xczu7ev-ffvc1156-2-e,10,124.24126,86,1,1,2,5,complete_2,complete_2,block_4_1,block_4_1,cyclic_4_1,unroll_2,pipeline_1,pipeline_1,unroll_4,pipeline_1,unroll_8,1,2.25,1,True
workload_390.cpp,xczu7ev-ffvc1156-2-e,10,22.38376,84,1,1,3,5,complete_2,complete_2,block_4_1,block_4_1,cyclic_8_1,unroll_2,pipeline_1,unroll_2,unroll_2,unroll_4,pipeline_1,1,2.5,1,True
workload_496.cpp,xczu7ev-ffvc1156-2-e,10,22.38376,89,1,1,3,5,complete_2,complete_2,block_4_1,complete_1,cyclic_8_1,unroll_2,pipeline_1,pipeline_1,unroll_4,unroll_2,pipeline_1,1,2.5,1,True
workload_302.cpp,xczu7ev-ffvc1156-2-e,10,22.56224,130,1,1,6,10,complete_2,complete_2,block_4_1,complete_1,cyclic_8_1,unroll_4,pipeline_1,unroll_2,unroll_2,pipeline_1,pipeline_1,1,4.5,0.893680261157,False
workload_86.cpp,xczu7ev-ffvc1156-2-e,10,188.80283,1140,1,1,27,62,complete_2,complete_2,block_4_1,cyclic_4_1,block_4_1,unroll_16,unroll_2,pipeline_1,unroll_8,pipeline_1,pipeline_1,1,22.75,0.214573151509,False
workload_639.cpp,xczu7ev-ffvc1156-2-e,10,124.24126,87,1,1,2,5,complete_2,complete_2,block_4_1,cyclic_4_1,cyclic_4_1,unroll_2,pipeline_1,pipeline_1,unroll_2,pipeline_1,unroll_2,1,2.25,1,True
workload_549.cpp,xczu7ev-ffvc1156-2-e,10,124.24126,86,1,1,2,5,complete_2,complete_2,block_4_1,cyclic_4_1,cyclic_8_1,unroll_2,pipeline_1,pipeline_1,unroll_2,pipeline_1,pipeline_1,1,2.25,1,True
workload_525.cpp,xczu7ev-ffvc1156-2-e,10,22.38376,87,1,1,3,5,complete_2,complete_2,block_4_1,cyclic_4_1,cyclic_8_1,unroll_2,pipeline_1,pipeline_1,unroll_2,unroll_2,unroll_2,1,2.5,1,True
workload_425.cpp,xczu7ev-ffvc1156-2-e,10,22.38376,87,1,1,3,5,complete_2,complete_2,block_4_1,cyclic_4_1,cyclic_8_1,unroll_2,pipeline_1,pipeline_1,unroll_4,unroll_2,pipeline_1,1,2.5,1,True
workload_192.cpp,xczu7ev-ffvc1156-2-e,10,22.38376,84,1,1,3,5,complete_2,complete_2,block_4_1,cyclic_4_1,cyclic_8_1,unroll_2,pipeline_1,unroll_2,unroll_2,pipeline_1,pipeline_1,2,2.5,1,True
workload_500.cpp,xczu7ev-ffvc1156-2-e,10,22.38376,87,1,1,3,5,complete_2,complete_2,block_4_1,cyclic_4_1,cyclic_8_1,unroll_2,pipeline_1,unroll_2,unroll_4,unroll_2,pipeline_1,1,2.5,1,True
workload_110.cpp,xczu7ev-ffvc1156-2-e,10,495.91376,329,1,1,9,46,complete_2,complete_2,block_4_1,cyclic_4_1,cyclic_8_1,unroll_2,unroll_8,pipeline_1,unroll_2,unroll_2,pipeline_1,1,14.25,0.195865542586,False
workload_258.cpp,xczu7ev-ffvc1156-2-e,10,22.56224,130,1,1,6,10,complete_2,complete_2,block_4_1,cyclic_4_1,cyclic_8_1,unroll_4,pipeline_1,pipeline_1,unroll_2,unroll_2,pipeline_1,1,4.5,0.893680261157,False
workload_421.cpp,xczu7ev-ffvc1156-2-e,10,124.24126,85,1,1,2,5,complete_2,complete_2,block_8_1,block_2_1,cyclic_8_1,unroll_2,pipeline_1,pipeline_1,unroll_2,pipeline_1,pipeline_1,1,2.25,1,True
workload_552.cpp,xczu7ev-ffvc1156-2-e,10,22.38376,86,1,1,3,5,complete_2,complete_2,block_8_1,block_4_1,cyclic_4_1,unroll_2,pipeline_1,pipeline_1,unroll_2,unroll_16,pipeline_1,1,2.5,1,True
workload_431.cpp,xczu7ev-ffvc1156-2-e,10,22.38376,87,1,1,3,5,complete_2,complete_2,block_8_1,block_4_1,cyclic_4_1,unroll_2,pipeline_1,pipeline_1,unroll_2,unroll_2,pipeline_1,1,2.5,1,True
workload_455.cpp,xczu7ev-ffvc1156-2-e,10,22.38376,109,1,1,3,5,complete_2,complete_2,block_8_1,block_4_1,cyclic_8_1,unroll_2,pipeline_1,pipeline_1,unroll_2,unroll_2,pipeline_1,1,2.5,1,True
workload_471.cpp,xczu7ev-ffvc1156-2-e,10,22.38376,97,1,1,3,5,complete_2,complete_2,block_8_1,block_4_1,cyclic_8_1,unroll_2,pipeline_1,pipeline_1,unroll_4,unroll_16,pipeline_1,1,2.5,1,True
workload_554.cpp,xczu7ev-ffvc1156-2-e,10,22.38376,86,1,1,3,5,complete_2,complete_2,block_8_1,block_4_1,cyclic_8_1,unroll_2,pipeline_1,unroll_2,pipeline_1,unroll_4,pipeline_1,1,2.5,1,True
workload_420.cpp,xczu7ev-ffvc1156-2-e,10,124.24126,81,1,1,2,5,complete_2,complete_2,block_8_1,block_8_1,cyclic_4_1,unroll_2,pipeline_1,pipeline_1,unroll_2,pipeline_1,pipeline_1,1,2.25,1,True
workload_355.cpp,xczu7ev-ffvc1156-2-e,10,22.38376,82,1,1,3,5,complete_2,complete_2,block_8_1,block_8_1,cyclic_8_1,unroll_2,pipeline_1,pipeline_1,unroll_2,unroll_16,pipeline_1,1,2.5,1,True
workload_516.cpp,xczu7ev-ffvc1156-2-e,10,22.38376,84,1,1,3,5,complete_2,complete_2,block_8_1,block_8_1,cyclic_8_1,unroll_2,pipeline_1,pipeline_1,unroll_4,unroll_16,pipeline_1,1,2.5,1,True
workload_462.cpp,xczu7ev-ffvc1156-2-e,10,22.38376,88,1,1,3,5,complete_2,complete_2,block_8_1,complete_1,cyclic_4_1,unroll_2,pipeline_1,pipeline_1,unroll_4,unroll_16,unroll_2,1,2.5,1,True
workload_454.cpp,xczu7ev-ffvc1156-2-e,10,22.38376,98,1,1,3,5,complete_2,complete_2,block_8_1,complete_1,cyclic_4_1,unroll_2,pipeline_1,unroll_2,unroll_4,unroll_16,pipeline_1,1,2.5,1,True
workload_434.cpp,xczu7ev-ffvc1156-2-e,10,22.38376,86,1,1,3,5,complete_2,complete_2,block_8_1,complete_1,cyclic_4_1,unroll_2,pipeline_1,unroll_2,unroll_4,unroll_16,unroll_2,1,2.5,1,True
workload_536.cpp,xczu7ev-ffvc1156-2-e,10,22.38376,86,1,1,3,5,complete_2,complete_2,block_8_1,complete_1,cyclic_4_1,unroll_2,pipeline_1,unroll_2,unroll_4,unroll_16,unroll_8,1,2.5,1,True
workload_535.cpp,xczu7ev-ffvc1156-2-e,10,22.38376,88,1,1,3,5,complete_2,complete_2,block_8_1,complete_1,cyclic_8_1,unroll_2,pipeline_1,pipeline_1,unroll_2,unroll_16,pipeline_1,1,2.5,1,True
workload_391.cpp,xczu7ev-ffvc1156-2-e,10,22.38376,89,1,1,3,5,complete_2,complete_2,block_8_1,complete_1,cyclic_8_1,unroll_2,pipeline_1,pipeline_1,unroll_4,unroll_16,unroll_2,2,2.5,1,True
workload_540.cpp,xczu7ev-ffvc1156-2-e,10,22.38376,88,1,1,3,5,complete_2,complete_2,block_8_1,complete_1,cyclic_8_1,unroll_2,pipeline_1,pipeline_1,unroll_4,unroll_2,unroll_2,1,2.5,1,True
workload_572.cpp,xczu7ev-ffvc1156-2-e,10,22.38376,87,1,1,3,5,complete_2,complete_2,block_8_1,complete_1,cyclic_8_1,unroll_2,pipeline_1,unroll_2,unroll_4,unroll_2,unroll_2,1,2.5,1,True
workload_555.cpp,xczu7ev-ffvc1156-2-e,10,22.38376,87,1,1,3,5,complete_2,complete_2,block_8_1,cyclic_4_1,complete_1,unroll_2,pipeline_1,pipeline_1,pipeline_1,unroll_2,pipeline_1,1,2.5,1,True
workload_366.cpp,xczu7ev-ffvc1156-2-e,10,124.24126,87,1,1,2,5,complete_2,complete_2,block_8_1,cyclic_4_1,cyclic_8_1,unroll_2,pipeline_1,pipeline_1,unroll_2,pipeline_1,pipeline_1,1,2.25,1,True
workload_122.cpp,xczu7ev-ffvc1156-2-e,10,22.38376,88,1,1,3,5,complete_2,complete_2,block_8_1,cyclic_4_1,cyclic_8_1,unroll_2,pipeline_1,pipeline_1,unroll_2,unroll_2,pipeline_1,2,2.5,1,True
workload_505.cpp,xczu7ev-ffvc1156-2-e,10,22.38376,85,1,1,3,5,complete_2,complete_2,block_8_1,cyclic_4_1,cyclic_8_1,unroll_2,pipeline_1,unroll_2,unroll_2,unroll_2,pipeline_1,1,2.5,1,True
workload_495.cpp,xczu7ev-ffvc1156-2-e,10,22.38376,89,1,1,3,5,complete_2,complete_2,block_8_1,cyclic_4_1,cyclic_8_1,unroll_2,pipeline_1,unroll_2,unroll_4,pipeline_1,pipeline_1,1,2.5,1,True
workload_416.cpp,xczu7ev-ffvc1156-2-e,10,22.38376,84,1,1,3,5,complete_2,complete_2,block_8_1,cyclic_4_1,cyclic_8_1,unroll_2,pipeline_1,unroll_2,unroll_4,unroll_2,pipeline_1,1,2.5,1,True
workload_274.cpp,xczu7ev-ffvc1156-2-e,10,484.06626,83,1,1,2,12,complete_2,complete_2,block_8_1,cyclic_4_1,cyclic_8_1,unroll_2,unroll_2,pipeline_1,unroll_2,unroll_2,pipeline_1,1,4,0.279607749652,False
workload_441.cpp,xczu7ev-ffvc1156-2-e,10,22.38376,98,1,1,3,5,complete_2,complete_2,complete_1,block_2_1,complete_1,unroll_2,pipeline_1,unroll_2,unroll_2,unroll_2,pipeline_1,1,2.5,1,True
workload_587.cpp,xczu7ev-ffvc1156-2-e,10,22.38376,88,1,1,3,5,complete_2,complete_2,complete_1,block_2_1,cyclic_8_1,unroll_2,pipeline_1,pipeline_1,unroll_4,unroll_2,unroll_8,1,2.5,1,True
workload_476.cpp,xczu7ev-ffvc1156-2-e,10,22.38376,87,1,1,3,5,complete_2,complete_2,complete_1,block_2_1,cyclic_8_1,unroll_2,pipeline_1,unroll_2,unroll_2,pipeline_1,pipeline_1,1,2.5,1,True
workload_417.cpp,xczu7ev-ffvc1156-2-e,10,22.38376,84,1,1,3,5,complete_2,complete_2,complete_1,block_2_1,cyclic_8_1,unroll_2,pipeline_1,unroll_2,unroll_2,unroll_2,pipeline_1,1,2.5,1,True
workload_493.cpp,xczu7ev-ffvc1156-2-e,10,22.38376,87,1,1,3,5,complete_2,complete_2,complete_1,block_2_1,cyclic_8_1,unroll_2,pipeline_1,unroll_2,unroll_2,unroll_2,unroll_8,1,2.5,1,True
workload_542.cpp,xczu7ev-ffvc1156-2-e,10,22.38376,85,1,1,3,5,complete_2,complete_2,complete_1,block_4_1,complete_1,unroll_2,pipeline_1,unroll_2,unroll_2,unroll_2,unroll_8,1,2.5,1,True
workload_438.cpp,xczu7ev-ffvc1156-2-e,10,22.38376,85,1,1,3,5,complete_2,complete_2,complete_1,block_4_1,cyclic_8_1,unroll_2,pipeline_1,pipeline_1,unroll_4,unroll_2,unroll_8,1,2.5,1,True
workload_473.cpp,xczu7ev-ffvc1156-2-e,10,22.38376,83,1,1,3,5,complete_2,complete_2,complete_1,block_4_1,cyclic_8_1,unroll_2,pipeline_1,unroll_2,pipeline_1,unroll_2,pipeline_1,1,2.5,1,True
workload_351.cpp,xczu7ev-ffvc1156-2-e,10,22.38376,87,1,1,3,5,complete_2,complete_2,complete_1,block_4_1,cyclic_8_1,unroll_2,pipeline_1,unroll_2,pipeline_1,unroll_4,pipeline_1,1,2.5,1,True
workload_386.cpp,xczu7ev-ffvc1156-2-e,10,22.38376,86,1,1,4,5,complete_2,complete_2,complete_1,block_4_1,cyclic_8_1,unroll_2,pipeline_1,unroll_2,pipeline_1,unroll_4,unroll_16,1,2.75,0.986344784466,False
workload_703.cpp,xczu7ev-ffvc1156-2-e,10,22.38376,86,1,1,3,5,complete_2,complete_2,complete_1,block_4_1,cyclic_8_1,unroll_2,pipeline_1,unroll_2,unroll_2,unroll_4,unroll_2,1,2.5,1,True
workload_647.cpp,xczu7ev-ffvc1156-2-e,10,124.24126,86,1,1,2,5,complete_2,complete_2,complete_1,block_8_1,cyclic_8_1,unroll_2,pipeline_1,pipeline_1,unroll_2,pipeline_1,unroll_2,1,2.25,1,True
workload_615.cpp,xczu7ev-ffvc1156-2-e,10,22.38376,91,1,1,3,5,complete_2,complete_2,complete_1,complete_1,cyclic_8_1,unroll_2,pipeline_1,unroll_2,unroll_2,pipeline_1,unroll_2,1,2.5,1,True
workload_607.cpp,xczu7ev-ffvc1156-2-e,10,124.24126,86,1,1,2,5,complete_2,complete_2,complete_1,cyclic_4_1,complete_1,unroll_2,pipeline_1,pipeline_1,unroll_2,pipeline_1,pipeline_1,1,2.25,1,True
workload_330.cpp,xczu7ev-ffvc1156-2-e,10,22.38376,87,1,1,3,5,complete_2,complete_2,complete_1,cyclic_4_1,cyclic_8_1,unroll_2,pipeline_1,unroll_2,unroll_2,pipeline_1,pipeline_1,1,2.5,1,True
workload_571.cpp,xczu7ev-ffvc1156-2-e,10,22.38376,86,1,1,3,5,complete_2,complete_2,complete_1,cyclic_4_1,cyclic_8_1,unroll_2,pipeline_1,unroll_2,unroll_2,unroll_2,pipeline_1,1,2.5,1,True
workload_217.cpp,xczu7ev-ffvc1156-2-e,10,22.92005,228,1,1,10,19,complete_2,cyclic_2_2,block_8_1,cyclic_4_1,block_4_1,unroll_8,pipeline_1,pipeline_1,pipeline_1,unroll_4,pipeline_1,1,7.75,0.735158881421,False
workload_229.cpp,xczu7ev-ffvc1156-2-e,10,23.32965,206,1,1,8,14,complete_2,cyclic_2_2,block_8_1,cyclic_4_1,cyclic_4_1,unroll_8,pipeline_1,pipeline_1,unroll_16,unroll_16,unroll_2,1,6,0.818313879274,False
workload_356.cpp,xczu7ev-ffvc1156-2-e,10,124.24126,85,1,1,2,5,complete_2,cyclic_4_2,block_4_1,cyclic_4_1,cyclic_8_1,unroll_2,pipeline_1,pipeline_1,unroll_2,pipeline_1,pipeline_1,1,2.25,1,True
workload_143.cpp,xczu7ev-ffvc1156-2-e,10,127.22213,568,1,1,15,31,complete_2,cyclic_4_2,block_8_1,block_4_1,cyclic_2_1,unroll_16,pipeline_1,pipeline_1,unroll_16,pipeline_1,unroll_16,1,12,0.529261118795,False
workload_334.cpp,xczu7ev-ffvc1156-2-e,10,22.38376,87,1,1,3,5,complete_2,cyclic_4_2,block_8_1,block_4_1,cyclic_4_1,unroll_2,pipeline_1,pipeline_1,pipeline_1,unroll_16,unroll_8,1,2.5,1,True
workload_235.cpp,xczu7ev-ffvc1156-2-e,10,22.38376,86,1,1,3,5,complete_2,cyclic_4_2,complete_1,block_4_1,cyclic_8_1,unroll_2,pipeline_1,pipeline_1,pipeline_1,unroll_4,pipeline_1,1,2.5,1,True
workload_306.cpp,xczu7ev-ffvc1156-2-e,10,22.38376,86,1,1,3,5,complete_2,cyclic_8_2,block_2_1,block_4_1,cyclic_4_1,unroll_2,pipeline_1,unroll_2,unroll_4,pipeline_1,pipeline_1,1,2.5,1,True
workload_314.cpp,xczu7ev-ffvc1156-2-e,10,22.38376,87,1,1,3,5,complete_2,cyclic_8_2,block_2_1,block_4_1,cyclic_8_1,unroll_2,pipeline_1,pipeline_1,unroll_4,unroll_2,pipeline_1,1,2.5,1,True
workload_212.cpp,xczu7ev-ffvc1156-2-e,10,22.38376,87,1,1,3,5,complete_2,cyclic_8_2,block_2_1,block_4_1,cyclic_8_1,unroll_2,pipeline_1,unroll_2,unroll_4,unroll_2,pipeline_1,1,2.5,1,True
workload_659.cpp,xczu7ev-ffvc1156-2-e,10,22.38376,91,1,1,3,5,complete_2,cyclic_8_2,block_2_1,block_4_1,cyclic_8_1,unroll_2,pipeline_1,unroll_2,unroll_4,unroll_2,unroll_8,1,2.5,1,True
workload_698.cpp,xczu7ev-ffvc1156-2-e,10,22.38376,87,1,1,3,5,complete_2,cyclic_8_2,block_2_1,cyclic_4_1,cyclic_8_1,unroll_2,pipeline_1,pipeline_1,unroll_2,unroll_2,pipeline_1,1,2.5,1,True
workload_362.cpp,xczu7ev-ffvc1156-2-e,10,22.38376,88,1,1,3,5,complete_2,cyclic_8_2,block_4_1,block_2_1,complete_1,unroll_2,pipeline_1,pipeline_1,pipeline_1,unroll_2,unroll_8,1,2.5,1,True
workload_456.cpp,xczu7ev-ffvc1156-2-e,10,22.38376,102,1,1,3,5,complete_2,cyclic_8_2,block_4_1,block_2_1,cyclic_8_1,unroll_2,pipeline_1,pipeline_1,pipeline_1,unroll_2,unroll_8,1,2.5,1,True
workload_337.cpp,xczu7ev-ffvc1156-2-e,10,22.38376,86,1,1,3,5,complete_2,cyclic_8_2,block_4_1,block_2_1,cyclic_8_1,unroll_2,pipeline_1,pipeline_1,unroll_2,unroll_2,pipeline_1,1,2.5,1,True
workload_349.cpp,xczu7ev-ffvc1156-2-e,10,22.38376,91,1,1,3,5,complete_2,cyclic_8_2,block_4_1,block_2_1,cyclic_8_1,unroll_2,pipeline_1,pipeline_1,unroll_4,unroll_2,pipeline_1,1,2.5,1,True
workload_336.cpp,xczu7ev-ffvc1156-2-e,10,22.38376,88,1,1,3,5,complete_2,cyclic_8_2,block_4_1,block_2_1,cyclic_8_1,unroll_2,pipeline_1,unroll_2,pipeline_1,unroll_2,pipeline_1,1,2.5,1,True
workload_328.cpp,xczu7ev-ffvc1156-2-e,10,22.38376,89,1,1,3,5,complete_2,cyclic_8_2,block_4_1,block_2_1,cyclic_8_1,unroll_2,pipeline_1,unroll_2,unroll_2,unroll_2,pipeline_1,1,2.5,1,True
workload_291.cpp,xczu7ev-ffvc1156-2-e,10,22.38376,85,1,1,3,5,complete_2,cyclic_8_2,block_4_1,block_2_1,cyclic_8_1,unroll_2,pipeline_1,unroll_2,unroll_4,unroll_2,pipeline_1,1,2.5,1,True
workload_293.cpp,xczu7ev-ffvc1156-2-e,10,22.38376,91,1,1,3,5,complete_2,cyclic_8_2,block_4_1,block_4_1,complete_1,unroll_2,pipeline_1,unroll_2,pipeline_1,unroll_4,pipeline_1,1,2.5,1,True
workload_323.cpp,xczu7ev-ffvc1156-2-e,10,22.38376,87,1,1,3,5,complete_2,cyclic_8_2,block_4_1,block_4_1,complete_1,unroll_2,pipeline_1,unroll_2,unroll_4,unroll_4,pipeline_1,1,2.5,1,True
workload_348.cpp,xczu7ev-ffvc1156-2-e,10,22.38376,87,1,1,3,5,complete_2,cyclic_8_2,block_4_1,block_4_1,cyclic_2_1,unroll_2,pipeline_1,pipeline_1,pipeline_1,unroll_4,pipeline_1,1,2.5,1,True
workload_368.cpp,xczu7ev-ffvc1156-2-e,10,22.38376,90,1,1,3,5,complete_2,cyclic_8_2,block_4_1,block_4_1,cyclic_2_1,unroll_2,pipeline_1,pipeline_1,unroll_2,unroll_4,pipeline_1,1,2.5,1,True
workload_257.cpp,xczu7ev-ffvc1156-2-e,10,22.92005,233,1,1,10,19,complete_2,cyclic_8_2,block_4_1,complete_1,cyclic_8_1,unroll_8,pipeline_1,unroll_2,unroll_2,unroll_2,pipeline_1,1,7.75,0.735158881421,False
workload_594.cpp,xczu7ev-ffvc1156-2-e,10,124.24126,86,1,1,2,5,complete_2,cyclic_8_2,block_8_1,block_4_1,complete_1,unroll_2,pipeline_1,pipeline_1,pipeline_1,pipeline_1,unroll_2,1,2.25,1,True
workload_513.cpp,xczu7ev-ffvc1156-2-e,10,22.38376,81,1,1,3,5,complete_2,cyclic_8_2,block_8_1,block_4_1,complete_1,unroll_2,pipeline_1,pipeline_1,pipeline_1,unroll_2,pipeline_1,1,2.5,1,True
workload_541.cpp,xczu7ev-ffvc1156-2-e,10,22.38376,85,1,1,3,5,complete_2,cyclic_8_2,block_8_1,block_4_1,complete_1,unroll_2,pipeline_1,pipeline_1,pipeline_1,unroll_2,unroll_2,1,2.5,1,True
workload_562.cpp,xczu7ev-ffvc1156-2-e,10,124.24126,84,1,1,2,5,complete_2,cyclic_8_2,block_8_1,block_4_1,complete_1,unroll_2,pipeline_1,pipeline_1,unroll_2,pipeline_1,unroll_2,1,2.25,1,True
workload_426.cpp,xczu7ev-ffvc1156-2-e,10,22.38376,82,1,1,3,5,complete_2,cyclic_8_2,block_8_1,block_4_1,complete_1,unroll_2,pipeline_1,unroll_2,unroll_2,unroll_4,pipeline_1,1,2.5,1,True
workload_402.cpp,xczu7ev-ffvc1156-2-e,10,22.38376,88,1,1,3,5,complete_2,cyclic_8_2,block_8_1,block_4_1,complete_1,unroll_2,pipeline_1,unroll_2,unroll_4,unroll_4,pipeline_1,1,2.5,1,True
workload_547.cpp,xczu7ev-ffvc1156-2-e,10,124.24126,90,1,1,2,5,complete_2,cyclic_8_2,block_8_1,block_4_1,cyclic_8_1,unroll_2,pipeline_1,pipeline_1,pipeline_1,pipeline_1,pipeline_1,1,2.25,1,True
workload_590.cpp,xczu7ev-ffvc1156-2-e,10,22.38376,91.5,1,1,3,5,complete_2,cyclic_8_2,block_8_1,block_4_1,cyclic_8_1,unroll_2,pipeline_1,pipeline_1,pipeline_1,unroll_2,pipeline_1,2,2.5,1,True
workload_503.cpp,xczu7ev-ffvc1156-2-e,10,22.38376,87,1,1,3,5,complete_2,cyclic_8_2,block_8_1,complete_1,cyclic_4_1,unroll_2,pipeline_1,unroll_2,unroll_4,unroll_16,unroll_2,1,2.5,1,True
workload_261.cpp,xczu7ev-ffvc1156-2-e,10,22.38376,86,1,1,3,5,complete_2,cyclic_8_2,complete_1,block_4_1,cyclic_2_1,unroll_2,pipeline_1,pipeline_1,pipeline_1,unroll_4,pipeline_1,1,2.5,1,True
workload_610.cpp,xczu7ev-ffvc1156-2-e,10,22.38376,87,1,1,3,5,complete_2,cyclic_8_2,complete_1,block_4_1,cyclic_8_1,unroll_2,pipeline_1,pipeline_1,pipeline_1,unroll_2,pipeline_1,1,2.5,1,True
workload_381.cpp,xczu7ev-ffvc1156-2-e,10,22.38376,88,1,1,3,5,complete_2,cyclic_8_2,complete_1,block_4_1,cyclic_8_1,unroll_2,pipeline_1,pipeline_1,unroll_4,unroll_2,pipeline_1,1,2.5,1,True
workload_400.cpp,xczu7ev-ffvc1156-2-e,10,22.38376,83,1,1,3,5,complete_2,cyclic_8_2,complete_1,block_4_1,cyclic_8_1,unroll_2,pipeline_1,pipeline_1,unroll_4,unroll_2,unroll_8,1,2.5,1,True
workload_136.cpp,xczu7ev-ffvc1156-2-e,10,23.32989,1340,1,1,28,47,complete_2,cyclic_8_2,complete_1,cyclic_2_1,block_2_1,unroll_32,pipeline_1,pipeline_1,unroll_16,unroll_4,pipeline_1,1,19.25,0.315894446105,False
workload_98.cpp,xczu7ev-ffvc1156-2-e,10,22.92029,1869,1,1,38,68,complete_2,cyclic_8_2,complete_1,cyclic_2_1,block_2_1,unroll_32,pipeline_1,unroll_2,unroll_4,unroll_4,unroll_4,1,27,0.157930717364,False
workload_369.cpp,xczu7ev-ffvc1156-2-e,10,22.38376,93,1,1,3,5,complete_2,cyclic_8_2,cyclic_8_1,cyclic_4_1,cyclic_8_1,unroll_2,pipeline_1,unroll_2,unroll_4,unroll_2,unroll_2,1,2.5,1,True
workload_545.cpp,xczu7ev-ffvc1156-2-e,10,124.24126,85,1,1,2,5,cyclic_2_2,block_2_2,block_2_1,block_4_1,cyclic_8_1,unroll_2,pipeline_1,pipeline_1,pipeline_1,pipeline_1,unroll_2,1,2.25,1,True
workload_238.cpp,xczu7ev-ffvc1156-2-e,10,22.92005,236,1,1,10,19,cyclic_2_2,block_2_2,block_4_1,complete_1,cyclic_8_1,unroll_8,pipeline_1,pipeline_1,unroll_4,unroll_4,pipeline_1,1,7.75,0.735158881421,False
workload_99.cpp,xczu7ev-ffvc1156-2-e,10,127.22213,218,1,1,8,17,cyclic_2_2,block_2_2,block_8_1,complete_1,cyclic_2_1,unroll_8,pipeline_1,pipeline_1,unroll_2,pipeline_1,unroll_8,1,6.75,0.728800498838,False
workload_152.cpp,xczu7ev-ffvc1156-2-e,10,127.22213,233,1,1,8,17,cyclic_2_2,block_2_2,block_8_1,complete_1,cyclic_8_1,unroll_8,pipeline_1,pipeline_1,unroll_4,pipeline_1,pipeline_1,1,6.75,0.728800498838,False
workload_626.cpp,xczu7ev-ffvc1156-2-e,10,22.38376,88,1,1,3,5,cyclic_2_2,block_2_2,complete_1,block_2_1,cyclic_8_1,unroll_2,pipeline_1,unroll_2,unroll_2,unroll_4,unroll_2,1,2.5,1,True
workload_155.cpp,xczu7ev-ffvc1156-2-e,10,191.02839,1608,1,1,26,70,cyclic_2_2,block_2_2,complete_1,complete_1,cyclic_2_1,unroll_8,unroll_4,pipeline_1,unroll_2,pipeline_1,pipeline_1,1,24.5,0.183464604209,False
workload_18.cpp,xczu7ev-ffvc1156-2-e,10,101.52229,341,1,1,8,17,cyclic_2_2,block_2_2,complete_1,complete_1,cyclic_8_1,unroll_8,pipeline_1,pipeline_1,unroll_4,pipeline_1,pipeline_1,1,6.75,0.74426910516,False
workload_586.cpp,xczu7ev-ffvc1156-2-e,10,22.38376,86,1,1,3,5,cyclic_2_2,block_4_2,block_2_1,block_2_1,cyclic_8_1,unroll_2,pipeline_1,unroll_2,pipeline_1,pipeline_1,unroll_8,1,2.5,1,True
workload_522.cpp,xczu7ev-ffvc1156-2-e,10,22.38376,85,1,1,3,5,cyclic_2_2,block_4_2,block_2_1,complete_1,cyclic_4_1,unroll_2,pipeline_1,unroll_2,unroll_2,pipeline_1,pipeline_1,1,2.5,1,True
workload_655.cpp,xczu7ev-ffvc1156-2-e,10,22.38376,84,1,1,3,5,cyclic_2_2,block_4_2,block_2_1,cyclic_4_1,cyclic_8_1,unroll_2,pipeline_1,unroll_2,unroll_2,pipeline_1,pipeline_1,1,2.5,1,True
workload_173.cpp,xczu7ev-ffvc1156-2-e,10,22.92005,230,1,1,10,19,cyclic_2_2,block_4_2,block_8_1,block_2_1,cyclic_2_1,unroll_8,pipeline_1,pipeline_1,unroll_2,unroll_2,unroll_8,1,7.75,0.735158881421,False
workload_324.cpp,xczu7ev-ffvc1156-2-e,10,22.38376,87,1,1,3,5,cyclic_2_2,block_4_2,block_8_1,block_4_1,block_4_1,unroll_2,pipeline_1,pipeline_1,unroll_2,unroll_2,pipeline_1,1,2.5,1,True
workload_635.cpp,xczu7ev-ffvc1156-2-e,10,22.38376,90,1,1,3,5,cyclic_2_2,block_4_2,block_8_1,cyclic_4_1,cyclic_8_1,unroll_2,pipeline_1,unroll_2,unroll_2,pipeline_1,pipeline_1,1,2.5,1,True
workload_619.cpp,xczu7ev-ffvc1156-2-e,10,22.38376,90,1,1,3,5,cyclic_2_2,block_4_2,complete_1,cyclic_4_1,cyclic_4_1,unroll_2,pipeline_1,unroll_2,unroll_2,unroll_2,unroll_8,1,2.5,1,True
workload_687.cpp,xczu7ev-ffvc1156-2-e,10,22.38376,88,1,1,3,5,cyclic_2_2,block_4_2,complete_1,cyclic_4_1,cyclic_8_1,unroll_2,pipeline_1,unroll_2,unroll_2,pipeline_1,pipeline_1,1,2.5,1,True
workload_650.cpp,xczu7ev-ffvc1156-2-e,10,22.38376,89,1,1,3,5,cyclic_2_2,block_4_2,complete_1,cyclic_4_1,cyclic_8_1,unroll_2,pipeline_1,unroll_2,unroll_2,unroll_2,unroll_8,1,2.5,1,True
workload_339.cpp,xczu7ev-ffvc1156-2-e,10,22.56224,125,1,1,6,10,cyclic_2_2,block_8_2,block_2_1,block_2_1,cyclic_4_1,unroll_4,pipeline_1,unroll_2,pipeline_1,unroll_16,unroll_8,1,4.5,0.893680261157,False
workload_316.cpp,xczu7ev-ffvc1156-2-e,10,22.38376,83,1,1,3,5,cyclic_2_2,block_8_2,block_2_1,block_4_1,cyclic_8_1,unroll_2,pipeline_1,unroll_2,unroll_2,pipeline_1,pipeline_1,1,2.5,1,True
workload_219.cpp,xczu7ev-ffvc1156-2-e,10,22.92005,245,1,1,10,19,cyclic_2_2,block_8_2,block_4_1,block_2_1,block_8_1,unroll_8,pipeline_1,unroll_2,unroll_4,unroll_2,unroll_2,1,7.75,0.735158881421,False
workload_289.cpp,xczu7ev-ffvc1156-2-e,10,22.38376,87,1,1,3,5,cyclic_2_2,block_8_2,block_4_1,block_4_1,cyclic_8_1,unroll_2,pipeline_1,unroll_2,unroll_4,unroll_4,unroll_8,1,2.5,1,True
workload_470.cpp,xczu7ev-ffvc1156-2-e,10,124.24126,86,1,1,2,5,cyclic_2_2,block_8_2,block_4_1,complete_1,cyclic_8_1,unroll_2,pipeline_1,pipeline_1,unroll_2,pipeline_1,pipeline_1,1,2.25,1,True
workload_308.cpp,xczu7ev-ffvc1156-2-e,10,22.56224,126,1,1,6,10,cyclic_2_2,block_8_2,block_4_1,complete_1,cyclic_8_1,unroll_4,pipeline_1,unroll_2,unroll_2,pipeline_1,pipeline_1,1,4.5,0.893680261157,False
workload_405.cpp,xczu7ev-ffvc1156-2-e,10,124.24126,84,1,1,2,5,cyclic_2_2,block_8_2,block_4_1,cyclic_4_1,cyclic_4_1,unroll_2,pipeline_1,pipeline_1,unroll_4,pipeline_1,unroll_2,1,2.25,1,True
workload_388.cpp,xczu7ev-ffvc1156-2-e,10,22.38376,86,1,1,3,5,cyclic_2_2,block_8_2,block_8_1,block_4_1,cyclic_8_1,unroll_2,pipeline_1,unroll_2,unroll_2,pipeline_1,unroll_2,1,2.5,1,True
workload_250.cpp,xczu7ev-ffvc1156-2-e,10,22.38376,86,1,1,3,5,cyclic_2_2,block_8_2,block_8_1,block_8_1,cyclic_4_1,unroll_2,pipeline_1,pipeline_1,unroll_2,unroll_16,unroll_2,1,2.5,1,True
workload_373.cpp,xczu7ev-ffvc1156-2-e,10,22.38376,91,1,1,3,5,cyclic_2_2,block_8_2,block_8_1,block_8_1,cyclic_4_1,unroll_2,pipeline_1,unroll_2,unroll_4,unroll_16,unroll_2,1,2.5,1,True
workload_436.cpp,xczu7ev-ffvc1156-2-e,10,22.38376,103,1,1,3,5,cyclic_2_2,block_8_2,block_8_1,block_8_1,cyclic_8_1,unroll_2,pipeline_1,pipeline_1,unroll_4,unroll_16,unroll_2,1,2.5,1,True
workload_429.cpp,xczu7ev-ffvc1156-2-e,10,22.38376,97,1,1,3,5,cyclic_2_2,block_8_2,block_8_1,block_8_1,cyclic_8_1,unroll_2,pipeline_1,unroll_2,unroll_2,unroll_16,pipeline_1,1,2.5,1,True
workload_281.cpp,xczu7ev-ffvc1156-2-e,10,494.06626,82,1,1,2,11,cyclic_2_2,block_8_2,block_8_1,block_8_1,cyclic_8_1,unroll_2,unroll_2,unroll_2,unroll_2,unroll_16,pipeline_1,1,3.75,0.269519886813,False
workload_499.cpp,xczu7ev-ffvc1156-2-e,10,22.38376,82,1,1,3,5,cyclic_2_2,block_8_2,block_8_1,complete_1,cyclic_4_1,unroll_2,pipeline_1,unroll_2,unroll_4,unroll_16,unroll_2,1,2.5,1,True
workload_327.cpp,xczu7ev-ffvc1156-2-e,10,124.24126,83,1,1,2,5,cyclic_2_2,block_8_2,block_8_1,complete_1,cyclic_8_1,unroll_2,pipeline_1,pipeline_1,unroll_2,pipeline_1,unroll_2,1,2.25,1,True
workload_357.cpp,xczu7ev-ffvc1156-2-e,10,22.38376,86,1,1,3,5,cyclic_2_2,block_8_2,block_8_1,complete_1,cyclic_8_1,unroll_2,pipeline_1,unroll_2,unroll_2,pipeline_1,unroll_2,1,2.5,1,True
workload_358.cpp,xczu7ev-ffvc1156-2-e,10,22.38376,81,1,1,3,5,cyclic_2_2,block_8_2,block_8_1,cyclic_4_1,cyclic_4_1,unroll_2,pipeline_1,pipeline_1,unroll_2,unroll_2,unroll_2,1,2.5,1,True
workload_295.cpp,xczu7ev-ffvc1156-2-e,10,737.72126,166,1,1,4,18,cyclic_2_2,block_8_2,complete_1,block_4_1,cyclic_8_1,unroll_2,unroll_4,unroll_2,unroll_2,unroll_16,unroll_2,1,6,0.109344730568,False
workload_244.cpp,xczu7ev-ffvc1156-2-e,10,494.06626,91,1,1,2,13,cyclic_2_2,block_8_2,complete_1,cyclic_4_1,cyclic_8_1,unroll_2,unroll_2,unroll_2,unroll_2,unroll_16,pipeline_1,1,4.25,0.26845754035,False
workload_202.cpp,xczu7ev-ffvc1156-2-e,10,22.38376,84.5,1,1,3,5,cyclic_2_2,complete_1,block_2_1,block_2_1,cyclic_8_1,unroll_2,pipeline_1,unroll_2,pipeline_1,pipeline_1,unroll_8,2,2.5,1,True
workload_428.cpp,xczu7ev-ffvc1156-2-e,10,22.38376,97,1,1,3,5,cyclic_2_2,complete_1,block_2_1,block_2_1,cyclic_8_1,unroll_2,pipeline_1,unroll_2,pipeline_1,unroll_16,unroll_8,1,2.5,1,True
workload_167.cpp,xczu7ev-ffvc1156-2-e,10,22.92005,253,1,1,10,19,cyclic_2_2,complete_1,block_2_1,block_2_1,cyclic_8_1,unroll_8,pipeline_1,pipeline_1,unroll_2,unroll_2,unroll_8,1,7.75,0.735158881421,False
workload_148.cpp,xczu7ev-ffvc1156-2-e,10,22.92005,244,1,1,10,19,cyclic_2_2,complete_1,block_2_1,block_2_1,cyclic_8_1,unroll_8,pipeline_1,pipeline_1,unroll_4,unroll_2,pipeline_1,3,7.75,0.735158881421,False
workload_81.cpp,xczu7ev-ffvc1156-2-e,10,22.92005,242,1,1,10,19,cyclic_2_2,complete_1,block_2_1,block_2_1,cyclic_8_1,unroll_8,pipeline_1,pipeline_1,unroll_4,unroll_2,unroll_8,1,7.75,0.735158881421,False
workload_154.cpp,xczu7ev-ffvc1156-2-e,10,22.92005,559,1,1,19,36,cyclic_2_2,complete_1,block_2_1,block_4_1,block_2_1,unroll_16,pipeline_1,unroll_2,unroll_2,unroll_8,unroll_4,1,14.25,0.471044240615,False
workload_193.cpp,xczu7ev-ffvc1156-2-e,10,22.92005,556,1,1,19,36,cyclic_2_2,complete_1,block_2_1,block_4_1,block_2_1,unroll_16,pipeline_1,unroll_2,unroll_4,unroll_8,unroll_4,1,14.25,0.471044240615,False
workload_116.cpp,xczu7ev-ffvc1156-2-e,10,22.92029,1716,1,1,38,68,cyclic_2_2,complete_1,block_2_1,block_4_1,block_2_1,unroll_32,pipeline_1,unroll_2,unroll_2,unroll_8,unroll_4,1,27,0.157930717364,False
workload_144.cpp,xczu7ev-ffvc1156-2-e,10,22.92029,1884,1,1,38,68,cyclic_2_2,complete_1,block_2_1,block_4_1,block_2_1,unroll_32,pipeline_1,unroll_2,unroll_4,unroll_8,unroll_4,1,27,0.157930717364,False
workload_198.cpp,xczu7ev-ffvc1156-2-e,10,22.92005,507,1,1,19,36,cyclic_2_2,complete_1,block_2_1,block_4_1,block_4_1,unroll_16,pipeline_1,unroll_2,unroll_2,unroll_8,unroll_4,1,14.25,0.471044240615,False
workload_609.cpp,xczu7ev-ffvc1156-2-e,10,22.38376,89,1,1,3,5,cyclic_2_2,complete_1,block_2_1,block_4_1,complete_1,unroll_2,pipeline_1,unroll_2,unroll_4,unroll_2,unroll_8,1,2.5,1,True
workload_684.cpp,xczu7ev-ffvc1156-2-e,10,22.38376,86,1,1,3,5,cyclic_2_2,complete_1,block_2_1,block_4_1,cyclic_8_1,unroll_2,pipeline_1,pipeline_1,unroll_4,unroll_2,pipeline_1,1,2.5,1,True
workload_511.cpp,xczu7ev-ffvc1156-2-e,10,22.38376,85,1,1,3,5,cyclic_2_2,complete_1,block_2_1,block_4_1,cyclic_8_1,unroll_2,pipeline_1,unroll_2,unroll_4,pipeline_1,unroll_8,1,2.5,1,True
workload_363.cpp,xczu7ev-ffvc1156-2-e,10,22.38376,89,1,1,3,5,cyclic_2_2,complete_1,block_2_1,block_8_1,cyclic_8_1,unroll_2,pipeline_1,pipeline_1,pipeline_1,unroll_4,unroll_8,1,2.5,1,True
workload_296.cpp,xczu7ev-ffvc1156-2-e,10,22.38376,83,1,1,3,5,cyclic_2_2,complete_1,block_2_1,block_8_1,cyclic_8_1,unroll_2,pipeline_1,unroll_2,pipeline_1,pipeline_1,unroll_8,1,2.5,1,True
workload_573.cpp,xczu7ev-ffvc1156-2-e,10,22.38376,87,1,1,3,5,cyclic_2_2,complete_1,block_2_1,complete_1,cyclic_4_1,unroll_2,pipeline_1,unroll_2,unroll_2,unroll_16,pipeline_1,1,2.5,1,True
workload_477.cpp,xczu7ev-ffvc1156-2-e,10,22.38376,84,1,1,3,5,cyclic_2_2,complete_1,block_2_1,complete_1,cyclic_8_1,unroll_2,pipeline_1,unroll_2,pipeline_1,pipeline_1,pipeline_1,1,2.5,1,True
workload_380.cpp,xczu7ev-ffvc1156-2-e,10,22.38376,92,1,1,3,5,cyclic_2_2,complete_1,block_2_1,complete_1,cyclic_8_1,unroll_2,pipeline_1,unroll_2,pipeline_1,pipeline_1,unroll_8,1,2.5,1,True
workload_147.cpp,xczu7ev-ffvc1156-2-e,10,22.92029,1878,1,1,38,68,cyclic_2_2,complete_1,block_2_1,cyclic_2_1,cyclic_8_1,unroll_32,pipeline_1,unroll_2,unroll_2,unroll_8,unroll_4,1,27,0.157930717364,False
workload_605.cpp,xczu7ev-ffvc1156-2-e,10,22.38376,92,1,1,3,5,cyclic_2_2,complete_1,block_2_1,cyclic_4_1,cyclic_8_1,unroll_2,pipeline_1,unroll_2,unroll_2,unroll_2,pipeline_1,1,2.5,1,True
workload_335.cpp,xczu7ev-ffvc1156-2-e,10,22.38376,94,1,1,3,5,cyclic_2_2,complete_1,block_4_1,block_8_1,cyclic_8_1,unroll_2,pipeline_1,unroll_2,unroll_4,unroll_2,pipeline_1,1,2.5,1,True
workload_460.cpp,xczu7ev-ffvc1156-2-e,10,22.38376,93,1,1,3,5,cyclic_2_2,complete_1,block_4_1,complete_1,cyclic_8_1,unroll_2,pipeline_1,pipeline_1,unroll_2,unroll_2,pipeline_1,1,2.5,1,True
workload_616.cpp,xczu7ev-ffvc1156-2-e,10,22.38376,93,1,1,3,5,cyclic_2_2,complete_1,block_4_1,complete_1,cyclic_8_1,unroll_2,pipeline_1,unroll_2,unroll_2,pipeline_1,pipeline_1,1,2.5,1,True
workload_550.cpp,xczu7ev-ffvc1156-2-e,10,22.38376,87,1,1,3,5,cyclic_2_2,complete_1,block_4_1,cyclic_4_1,cyclic_8_1,unroll_2,pipeline_1,unroll_2,unroll_2,pipeline_1,pipeline_1,1,2.5,1,True
workload_189.cpp,xczu7ev-ffvc1156-2-e,10,22.92005,244,1,1,10,19,cyclic_2_2,complete_1,block_8_1,block_2_1,block_8_1,unroll_8,pipeline_1,pipeline_1,unroll_2,unroll_2,unroll_8,1,7.75,0.735158881421,False
workload_40.cpp,xczu7ev-ffvc1156-2-e,10,22.92005,254,1,1,10,19,cyclic_2_2,complete_1,block_8_1,block_2_1,cyclic_8_1,unroll_8,pipeline_1,pipeline_1,unroll_2,unroll_2,unroll_8,1,7.75,0.735158881421,False
workload_497.cpp,xczu7ev-ffvc1156-2-e,10,22.38376,89,1,1,3,5,cyclic_2_2,complete_1,block_8_1,block_8_1,cyclic_4_1,unroll_2,pipeline_1,unroll_2,unroll_4,pipeline_1,pipeline_1,1,2.5,1,True
workload_325.cpp,xczu7ev-ffvc1156-2-e,10,124.24126,87,1,1,2,5,cyclic_2_2,complete_1,block_8_1,block_8_1,cyclic_8_1,unroll_2,pipeline_1,pipeline_1,unroll_2,pipeline_1,unroll_2,1,2.25,1,True
workload_226.cpp,xczu7ev-ffvc1156-2-e,10,23.32965,216,1,1,8,14,cyclic_2_2,complete_1,complete_1,block_2_1,block_2_1,unroll_8,pipeline_1,pipeline_1,unroll_16,unroll_2,unroll_8,1,6,0.818313879274,False
workload_153.cpp,xczu7ev-ffvc1156-2-e,10,22.92005,240,1,1,10,19,cyclic_2_2,complete_1,complete_1,block_2_1,cyclic_8_1,unroll_8,pipeline_1,pipeline_1,unroll_2,unroll_2,unroll_8,1,7.75,0.735158881421,False
workload_149.cpp,xczu7ev-ffvc1156-2-e,10,22.92029,1843,1,1,38,68,cyclic_2_2,complete_1,complete_1,block_4_1,block_2_1,unroll_32,pipeline_1,unroll_2,unroll_2,unroll_8,unroll_16,1,27,0.157930717364,False
workload_78.cpp,xczu7ev-ffvc1156-2-e,10,22.92029,1955,1,1,38,68,cyclic_2_2,complete_1,complete_1,block_4_1,block_2_1,unroll_32,pipeline_1,unroll_2,unroll_2,unroll_8,unroll_4,1,27,0.157930717364,False
workload_300.cpp,xczu7ev-ffvc1156-2-e,10,22.56224,125,1,1,6,10,cyclic_2_2,complete_1,complete_1,block_4_1,block_4_1,unroll_4,pipeline_1,unroll_2,pipeline_1,unroll_4,unroll_2,1,4.5,0.893680261157,False
workload_181.cpp,xczu7ev-ffvc1156-2-e,10,22.92005,235,1,1,10,19,cyclic_2_2,complete_1,complete_1,complete_1,block_4_1,unroll_8,pipeline_1,unroll_2,unroll_4,pipeline_1,unroll_4,1,7.75,0.735158881421,False
workload_326.cpp,xczu7ev-ffvc1156-2-e,10,124.24126,84,1,1,2,5,cyclic_2_2,complete_1,complete_1,complete_1,cyclic_8_1,unroll_2,pipeline_1,pipeline_1,pipeline_1,pipeline_1,pipeline_1,1,2.25,1,True
workload_440.cpp,xczu7ev-ffvc1156-2-e,10,22.38376,92,1,1,3,5,cyclic_2_2,complete_1,complete_1,complete_1,cyclic_8_1,unroll_2,pipeline_1,unroll_2,pipeline_1,pipeline_1,unroll_8,1,2.5,1,True
workload_561.cpp,xczu7ev-ffvc1156-2-e,10,22.38376,84,1,1,3,5,cyclic_2_2,complete_1,complete_1,cyclic_4_1,complete_1,unroll_2,pipeline_1,unroll_2,unroll_2,pipeline_1,pipeline_1,1,2.5,1,True
workload_681.cpp,xczu7ev-ffvc1156-2-e,10,22.38376,89,1,1,3,5,cyclic_2_2,complete_1,complete_1,cyclic_4_1,cyclic_8_1,unroll_2,pipeline_1,unroll_2,unroll_2,unroll_2,unroll_8,1,2.5,1,True
workload_211.cpp,xczu7ev-ffvc1156-2-e,10,22.92005,229,1,1,10,19,cyclic_2_2,complete_1,cyclic_8_1,block_2_1,cyclic_8_1,unroll_8,pipeline_1,pipeline_1,unroll_4,unroll_2,unroll_8,1,7.75,0.735158881421,False
workload_653.cpp,xczu7ev-ffvc1156-2-e,10,22.38376,91,1,1,3,5,cyclic_2_2,complete_2,block_2_1,block_2_1,cyclic_8_1,unroll_2,pipeline_1,pipeline_1,unroll_4,unroll_2,pipeline_1,1,2.5,1,True
workload_452.cpp,xczu7ev-ffvc1156-2-e,10,22.38376,116,1,1,3,5,cyclic_2_2,complete_2,block_2_1,block_2_1,cyclic_8_1,unroll_2,pipeline_1,unroll_2,pipeline_1,unroll_16,unroll_8,1,2.5,1,True
workload_332.cpp,xczu7ev-ffvc1156-2-e,10,22.38376,88,1,1,3,5,cyclic_2_2,complete_2,block_2_1,block_2_1,cyclic_8_1,unroll_2,pipeline_1,unroll_2,unroll_2,unroll_2,pipeline_1,1,2.5,1,True
workload_633.cpp,xczu7ev-ffvc1156-2-e,10,22.38376,83,1,1,3,5,cyclic_2_2,complete_2,block_2_1,block_4_1,cyclic_8_1,unroll_2,pipeline_1,pipeline_1,pipeline_1,unroll_2,unroll_8,1,2.5,1,True
workload_359.cpp,xczu7ev-ffvc1156-2-e,10,22.38376,81,1,1,3,5,cyclic_2_2,complete_2,block_2_1,block_4_1,cyclic_8_1,unroll_2,pipeline_1,pipeline_1,unroll_2,unroll_16,pipeline_1,1,2.5,1,True
workload_449.cpp,xczu7ev-ffvc1156-2-e,10,22.38376,98,1,1,3,5,cyclic_2_2,complete_2,block_2_1,complete_1,cyclic_8_1,unroll_2,pipeline_1,pipeline_1,unroll_2,unroll_16,pipeline_1,1,2.5,1,True
workload_631.cpp,xczu7ev-ffvc1156-2-e,10,22.38376,86,1,1,3,5,cyclic_2_2,complete_2,block_2_1,complete_1,cyclic_8_1,unroll_2,pipeline_1,unroll_2,pipeline_1,unroll_4,pipeline_1,1,2.5,1,True
workload_492.cpp,xczu7ev-ffvc1156-2-e,10,22.38376,88,1,1,3,5,cyclic_2_2,complete_2,block_2_1,complete_1,cyclic_8_1,unroll_2,pipeline_1,unroll_2,unroll_2,unroll_16,pipeline_1,1,2.5,1,True
workload_556.cpp,xczu7ev-ffvc1156-2-e,10,22.38376,83,1,1,3,5,cyclic_2_2,complete_2,block_4_1,block_2_1,cyclic_8_1,unroll_2,pipeline_1,unroll_2,unroll_2,pipeline_1,unroll_2,1,2.5,1,True
workload_260.cpp,xczu7ev-ffvc1156-2-e,10,22.56224,127,1,1,6,10,cyclic_2_2,complete_2,block_4_1,block_2_1,cyclic_8_1,unroll_4,pipeline_1,pipeline_1,unroll_2,unroll_4,pipeline_1,1,4.5,0.893680261157,False
workload_482.cpp,xczu7ev-ffvc1156-2-e,10,22.38376,86,1,1,3,5,cyclic_2_2,complete_2,block_4_1,block_4_1,cyclic_8_1,unroll_2,pipeline_1,pipeline_1,unroll_2,unroll_16,pipeline_1,1,2.5,1,True
workload_623.cpp,xczu7ev-ffvc1156-2-e,10,22.38376,89,1,1,3,5,cyclic_2_2,complete_2,block_4_1,block_4_1,cyclic_8_1,unroll_2,pipeline_1,unroll_2,unroll_2,pipeline_1,unroll_2,2,2.5,1,True
workload_528.cpp,xczu7ev-ffvc1156-2-e,10,22.38376,87,1,1,3,5,cyclic_2_2,complete_2,block_4_1,block_4_1,cyclic_8_1,unroll_2,pipeline_1,unroll_2,unroll_2,pipeline_1,unroll_8,1,2.5,1,True
workload_676.cpp,xczu7ev-ffvc1156-2-e,10,22.38376,85,1,1,3,5,cyclic_2_2,complete_2,block_4_1,block_4_1,cyclic_8_1,unroll_2,pipeline_1,unroll_2,unroll_2,unroll_2,unroll_2,1,2.5,1,True
workload_231.cpp,xczu7ev-ffvc1156-2-e,10,22.56224,125,1,1,6,10,cyclic_2_2,complete_2,block_4_1,block_4_1,cyclic_8_1,unroll_4,pipeline_1,pipeline_1,unroll_2,unroll_4,pipeline_1,1,4.5,0.893680261157,False
workload_214.cpp,xczu7ev-ffvc1156-2-e,10,22.38376,92,1,1,3,5,cyclic_2_2,complete_2,block_4_1,block_8_1,cyclic_8_1,unroll_2,pipeline_1,unroll_2,unroll_2,pipeline_1,pipeline_1,1,2.5,1,True
workload_245.cpp,xczu7ev-ffvc1156-2-e,10,22.56224,127,1,1,6,10,cyclic_2_2,complete_2,block_4_1,block_8_1,cyclic_8_1,unroll_4,pipeline_1,unroll_2,unroll_2,pipeline_1,pipeline_1,1,4.5,0.893680261157,False
workload_370.cpp,xczu7ev-ffvc1156-2-e,10,124.24126,86,1,1,2,5,cyclic_2_2,complete_2,block_4_1,complete_1,cyclic_8_1,unroll_2,pipeline_1,pipeline_1,unroll_2,pipeline_1,pipeline_1,2,2.25,1,True
workload_292.cpp,xczu7ev-ffvc1156-2-e,10,124.24126,83,1,1,2,5,cyclic_2_2,complete_2,block_4_1,cyclic_4_1,cyclic_4_1,unroll_2,pipeline_1,pipeline_1,unroll_2,pipeline_1,unroll_2,1,2.25,1,True
workload_344.cpp,xczu7ev-ffvc1156-2-e,10,22.38376,87,1,1,3,5,cyclic_2_2,complete_2,block_4_1,cyclic_4_1,cyclic_4_1,unroll_2,pipeline_1,pipeline_1,unroll_2,unroll_4,unroll_2,1,2.5,1,True
workload_430.cpp,xczu7ev-ffvc1156-2-e,10,22.38376,84,1,1,3,5,cyclic_2_2,complete_2,block_4_1,cyclic_4_1,cyclic_4_1,unroll_2,pipeline_1,unroll_2,unroll_2,pipeline_1,pipeline_1,1,2.5,1,True
workload_376.cpp,xczu7ev-ffvc1156-2-e,10,22.38376,87.5,1,1,3,5,cyclic_2_2,complete_2,block_4_1,cyclic_4_1,cyclic_4_1,unroll_2,pipeline_1,unroll_2,unroll_2,pipeline_1,unroll_2,2,2.5,1,True
workload_448.cpp,xczu7ev-ffvc1156-2-e,10,124.24126,96,1,1,2,5,cyclic_2_2,complete_2,block_4_1,cyclic_4_1,cyclic_8_1,unroll_2,pipeline_1,pipeline_1,unroll_2,pipeline_1,unroll_2,1,2.25,1,True
workload_384.cpp,xczu7ev-ffvc1156-2-e,10,22.38376,86,1,1,3,5,cyclic_2_2,complete_2,block_4_1,cyclic_4_1,cyclic_8_1,unroll_2,pipeline_1,unroll_2,pipeline_1,unroll_16,unroll_2,1,2.5,1,True
workload_444.cpp,xczu7ev-ffvc1156-2-e,10,22.78376,94,1,1,3,5,cyclic_2_2,complete_2,block_4_1,cyclic_4_1,cyclic_8_1,unroll_2,pipeline_1,unroll_2,unroll_16,pipeline_1,pipeline_1,1,2.5,0.999034486477,False
workload_254.cpp,xczu7ev-ffvc1156-2-e,10,22.38376,83,1,1,3,5,cyclic_2_2,complete_2,block_4_1,cyclic_4_1,cyclic_8_1,unroll_2,pipeline_1,unroll_2,unroll_2,pipeline_1,pipeline_1,2,2.5,1,True
workload_422.cpp,xczu7ev-ffvc1156-2-e,10,22.38376,89.5,1,1,3,5,cyclic_2_2,complete_2,block_4_1,cyclic_4_1,cyclic_8_1,unroll_2,pipeline_1,unroll_2,unroll_2,pipeline_1,unroll_2,2,2.5,1,True
workload_347.cpp,xczu7ev-ffvc1156-2-e,10,22.38376,86,1,1,3,5,cyclic_2_2,complete_2,block_4_1,cyclic_4_1,cyclic_8_1,unroll_2,pipeline_1,unroll_2,unroll_2,unroll_16,unroll_2,1,2.5,1,True
workload_415.cpp,xczu7ev-ffvc1156-2-e,10,22.38376,87,1,1,3,5,cyclic_2_2,complete_2,block_4_1,cyclic_4_1,cyclic_8_1,unroll_2,pipeline_1,unroll_2,unroll_2,unroll_4,pipeline_1,1,2.5,1,True
workload_389.cpp,xczu7ev-ffvc1156-2-e,10,124.24126,86,1,1,2,5,cyclic_2_2,complete_2,block_8_1,block_2_1,cyclic_8_1,unroll_2,pipeline_1,pipeline_1,unroll_2,pipeline_1,pipeline_1,1,2.25,1,True
workload_510.cpp,xczu7ev-ffvc1156-2-e,10,22.38376,82,1,1,3,5,cyclic_2_2,complete_2,block_8_1,block_2_1,cyclic_8_1,unroll_2,pipeline_1,pipeline_1,unroll_2,unroll_16,pipeline_1,1,2.5,1,True
workload_285.cpp,xczu7ev-ffvc1156-2-e,10,22.38376,86,1,1,3,5,cyclic_2_2,complete_2,block_8_1,block_2_1,cyclic_8_1,unroll_2,pipeline_1,unroll_2,unroll_2,pipeline_1,pipeline_1,1,2.5,1,True
workload_395.cpp,xczu7ev-ffvc1156-2-e,10,22.38376,82,1,1,3,5,cyclic_2_2,complete_2,block_8_1,block_2_1,cyclic_8_1,unroll_2,pipeline_1,unroll_2,unroll_2,unroll_16,pipeline_1,1,2.5,1,True
workload_458.cpp,xczu7ev-ffvc1156-2-e,10,22.38376,90,1,1,3,5,cyclic_2_2,complete_2,block_8_1,block_2_1,cyclic_8_1,unroll_2,pipeline_1,unroll_2,unroll_4,unroll_16,pipeline_1,1,2.5,1,True
workload_538.cpp,xczu7ev-ffvc1156-2-e,10,22.38376,87,1,1,3,5,cyclic_2_2,complete_2,block_8_1,block_8_1,cyclic_4_1,unroll_2,pipeline_1,unroll_2,unroll_4,pipeline_1,pipeline_1,1,2.5,1,True
workload_475.cpp,xczu7ev-ffvc1156-2-e,10,22.56224,120,1,1,6,10,cyclic_2_2,complete_2,block_8_1,block_8_1,cyclic_4_1,unroll_4,pipeline_1,unroll_2,unroll_4,unroll_16,unroll_2,1,4.5,0.893680261157,False
workload_275.cpp,xczu7ev-ffvc1156-2-e,10,22.38376,84,1,1,3,5,cyclic_2_2,complete_2,block_8_1,block_8_1,cyclic_8_1,unroll_2,pipeline_1,unroll_2,unroll_2,pipeline_1,pipeline_1,1,2.5,1,True
workload_634.cpp,xczu7ev-ffvc1156-2-e,10,124.24126,88,1,1,2,5,cyclic_2_2,complete_2,block_8_1,complete_1,cyclic_8_1,unroll_2,pipeline_1,pipeline_1,pipeline_1,pipeline_1,unroll_2,1,2.25,1,True
workload_606.cpp,xczu7ev-ffvc1156-2-e,10,125.2346,125,1,1,4,9,cyclic_2_2,complete_2,block_8_1,complete_1,cyclic_8_1,unroll_4,pipeline_1,pipeline_1,unroll_4,pipeline_1,unroll_2,1,3.75,0.83807752564,False
workload_580.cpp,xczu7ev-ffvc1156-2-e,10,124.24126,89,1,1,2,5,cyclic_2_2,complete_2,block_8_1,cyclic_4_1,cyclic_8_1,unroll_2,pipeline_1,pipeline_1,unroll_2,pipeline_1,pipeline_1,1,2.25,1,True
workload_574.cpp,xczu7ev-ffvc1156-2-e,10,22.38376,88,1,1,3,5,cyclic_2_2,complete_2,block_8_1,cyclic_4_1,cyclic_8_1,unroll_2,pipeline_1,unroll_2,pipeline_1,unroll_2,pipeline_1,1,2.5,1,True
workload_532.cpp,xczu7ev-ffvc1156-2-e,10,22.38376,84,1,1,3,5,cyclic_2_2,complete_2,block_8_1,cyclic_4_1,cyclic_8_1,unroll_2,pipeline_1,unroll_2,unroll_2,pipeline_1,pipeline_1,1,2.5,1,True
workload_551.cpp,xczu7ev-ffvc1156-2-e,10,22.38376,80,1,1,3,5,cyclic_2_2,complete_2,complete_1,block_2_1,cyclic_4_1,unroll_2,pipeline_1,unroll_2,unroll_2,unroll_2,unroll_8,1,2.5,1,True
workload_579.cpp,xczu7ev-ffvc1156-2-e,10,22.38376,89,1,1,3,5,cyclic_2_2,complete_2,complete_1,block_4_1,cyclic_8_1,unroll_2,pipeline_1,pipeline_1,unroll_4,unroll_4,unroll_2,1,2.5,1,True
workload_242.cpp,xczu7ev-ffvc1156-2-e,10,22.38376,88,1,1,3,5,cyclic_2_2,complete_2,complete_1,complete_1,cyclic_8_1,unroll_2,pipeline_1,pipeline_1,unroll_2,unroll_16,pipeline_1,1,2.5,1,True
workload_210.cpp,xczu7ev-ffvc1156-2-e,10,22.38376,86,1,1,3,5,cyclic_2_2,complete_2,complete_1,complete_1,cyclic_8_1,unroll_2,pipeline_1,pipeline_1,unroll_2,unroll_2,pipeline_1,1,2.5,1,True
workload_686.cpp,xczu7ev-ffvc1156-2-e,10,124.24126,84,1,1,2,5,cyclic_2_2,complete_2,complete_1,complete_1,cyclic_8_1,unroll_2,pipeline_1,pipeline_1,unroll_4,pipeline_1,unroll_2,1,2.25,1,True
workload_712.cpp,xczu7ev-ffvc1156-2-e,10,22.38376,85,1,1,3,5,cyclic_2_2,complete_2,complete_1,complete_1,cyclic_8_1,unroll_2,pipeline_1,unroll_2,unroll_2,pipeline_1,pipeline_1,1,2.5,1,True
workload_553.cpp,xczu7ev-ffvc1156-2-e,10,22.38376,89,1,1,3,5,cyclic_2_2,complete_2,complete_1,complete_1,cyclic_8_1,unroll_2,pipeline_1,unroll_2,unroll_2,unroll_16,pipeline_1,1,2.5,1,True
workload_432.cpp,xczu7ev-ffvc1156-2-e,10,22.38376,86,1,1,3,5,cyclic_2_2,complete_2,complete_1,cyclic_4_1,cyclic_4_1,unroll_2,pipeline_1,pipeline_1,unroll_2,unroll_2,unroll_2,1,2.5,1,True
workload_576.cpp,xczu7ev-ffvc1156-2-e,10,22.38376,86,1,1,3,5,cyclic_2_2,complete_2,complete_1,cyclic_4_1,cyclic_4_1,unroll_2,pipeline_1,unroll_2,unroll_2,unroll_2,unroll_8,1,2.5,1,True
workload_479.cpp,xczu7ev-ffvc1156-2-e,10,22.38376,87,1,1,3,5,cyclic_2_2,complete_2,complete_1,cyclic_4_1,cyclic_8_1,unroll_2,pipeline_1,pipeline_1,unroll_2,unroll_2,pipeline_1,1,2.5,1,True
workload_442.cpp,xczu7ev-ffvc1156-2-e,10,22.38376,107,1,1,3,5,cyclic_2_2,complete_2,complete_1,cyclic_4_1,cyclic_8_1,unroll_2,pipeline_1,unroll_2,unroll_2,pipeline_1,pipeline_1,2,2.5,1,True
workload_601.cpp,xczu7ev-ffvc1156-2-e,10,22.38376,90,1,1,3,5,cyclic_2_2,complete_2,complete_1,cyclic_4_1,cyclic_8_1,unroll_2,pipeline_1,unroll_2,unroll_2,unroll_16,pipeline_1,1,2.5,1,True
workload_385.cpp,xczu7ev-ffvc1156-2-e,10,22.38376,86,1,1,3,5,cyclic_2_2,complete_2,complete_1,cyclic_4_1,cyclic_8_1,unroll_2,pipeline_1,unroll_2,unroll_2,unroll_2,pipeline_1,1,2.5,1,True
workload_646.cpp,xczu7ev-ffvc1156-2-e,10,22.38376,88,1,1,3,5,cyclic_2_2,complete_2,complete_1,cyclic_4_1,cyclic_8_1,unroll_2,pipeline_1,unroll_2,unroll_2,unroll_2,unroll_8,1,2.5,1,True
workload_414.cpp,xczu7ev-ffvc1156-2-e,10,22.56224,125,1,1,6,10,cyclic_2_2,complete_2,complete_1,cyclic_4_1,cyclic_8_1,unroll_4,pipeline_1,unroll_2,unroll_2,unroll_2,pipeline_1,1,4.5,0.893680261157,False
workload_524.cpp,xczu7ev-ffvc1156-2-e,10,22.38376,86,1,1,3,5,cyclic_2_2,cyclic_2_2,block_2_1,block_8_1,cyclic_8_1,unroll_2,pipeline_1,pipeline_1,unroll_2,unroll_2,pipeline_1,1,2.5,1,True
workload_468.cpp,xczu7ev-ffvc1156-2-e,10,22.38376,85,1,1,3,5,cyclic_2_2,cyclic_2_2,block_2_1,block_8_1,cyclic_8_1,unroll_2,pipeline_1,pipeline_1,unroll_2,unroll_2,unroll_2,1,2.5,1,True
workload_29.cpp,xczu7ev-ffvc1156-2-e,10,507.99376,2600,1,1,17,80,cyclic_2_2,cyclic_2_2,block_2_1,block_8_1,cyclic_8_1,unroll_2,unroll_16,pipeline_1,unroll_2,unroll_16,pipeline_1,1,24.75,0.109256912855,False
workload_311.cpp,xczu7ev-ffvc1156-2-e,10,124.24126,85,1,1,2,5,cyclic_2_2,cyclic_2_2,block_8_1,block_4_1,block_4_1,unroll_2,pipeline_1,pipeline_1,unroll_2,pipeline_1,unroll_8,1,2.25,1,True
workload_230.cpp,xczu7ev-ffvc1156-2-e,10,22.38376,91.5,1,1,3,5,cyclic_2_2,cyclic_2_2,block_8_1,block_4_1,cyclic_4_1,unroll_2,pipeline_1,pipeline_1,unroll_2,unroll_16,unroll_8,2,2.5,1,True
workload_272.cpp,xczu7ev-ffvc1156-2-e,10,22.56224,123,1,1,6,10,cyclic_2_2,cyclic_2_2,block_8_1,block_4_1,cyclic_8_1,unroll_4,pipeline_1,pipeline_1,unroll_2,unroll_16,pipeline_1,1,4.5,0.893680261157,False
workload_130.cpp,xczu7ev-ffvc1156-2-e,10,22.38376,86,1,1,3,5,cyclic_2_2,cyclic_2_2,block_8_1,block_8_1,cyclic_4_1,unroll_2,pipeline_1,pipeline_1,unroll_2,unroll_16,unroll_8,1,2.5,1,True
workload_176.cpp,xczu7ev-ffvc1156-2-e,10,22.92005,240,1,1,10,19,cyclic_2_2,cyclic_2_2,block_8_1,block_8_1,cyclic_4_1,unroll_8,pipeline_1,pipeline_1,unroll_2,unroll_16,unroll_2,1,7.75,0.735158881421,False
workload_338.cpp,xczu7ev-ffvc1156-2-e,10,22.38376,87,1,1,3,5,cyclic_2_2,cyclic_2_2,block_8_1,block_8_1,cyclic_8_1,unroll_2,pipeline_1,unroll_2,pipeline_1,pipeline_1,unroll_8,1,2.5,1,True
workload_104.cpp,xczu7ev-ffvc1156-2-e,10,22.92029,1972,1,1,38,68,cyclic_2_2,cyclic_2_2,block_8_1,block_8_1,cyclic_8_1,unroll_32,pipeline_1,pipeline_1,pipeline_1,unroll_2,pipeline_1,1,27,0.157930717364,False
workload_209.cpp,xczu7ev-ffvc1156-2-e,10,505.92291,220,1,1,8,46,cyclic_2_2,cyclic_2_2,complete_1,block_4_1,cyclic_4_1,unroll_8,unroll_2,pipeline_1,unroll_2,unroll_16,pipeline_1,1,14,0.191636499276,False
workload_343.cpp,xczu7ev-ffvc1156-2-e,10,22.38376,85,1,1,3,5,cyclic_2_2,cyclic_2_2,complete_1,block_4_1,cyclic_8_1,unroll_2,pipeline_1,pipeline_1,unroll_2,unroll_4,pipeline_1,1,2.5,1,True
workload_94.cpp,xczu7ev-ffvc1156-2-e,10,494.06626,96,1,1,2,13,cyclic_2_2,cyclic_2_2,complete_1,block_8_1,cyclic_4_1,unroll_2,unroll_2,pipeline_1,unroll_2,unroll_16,pipeline_1,1,4.25,0.26845754035,False
workload_49.cpp,xczu7ev-ffvc1156-2-e,10,188.80291,397,1,1,14,35,cyclic_2_2,cyclic_4_2,complete_1,block_2_1,cyclic_4_1,unroll_8,unroll_2,pipeline_1,unroll_2,pipeline_1,pipeline_1,1,12.75,0.471426622983,False
workload_218.cpp,xczu7ev-ffvc1156-2-e,10,127.22213,224,1,1,8,17,cyclic_2_2,cyclic_8_2,block_2_1,block_2_1,cyclic_8_1,unroll_8,pipeline_1,pipeline_1,unroll_4,pipeline_1,pipeline_1,1,6.75,0.728800498838,False
workload_558.cpp,xczu7ev-ffvc1156-2-e,10,22.38376,86,1,1,3,5,cyclic_2_2,cyclic_8_2,block_2_1,block_4_1,cyclic_8_1,unroll_2,pipeline_1,pipeline_1,pipeline_1,unroll_4,unroll_8,1,2.5,1,True
workload_537.cpp,xczu7ev-ffvc1156-2-e,10,22.38376,85,1,1,3,5,cyclic_2_2,cyclic_8_2,block_2_1,block_4_1,cyclic_8_1,unroll_2,pipeline_1,unroll_2,pipeline_1,pipeline_1,unroll_8,1,2.5,1,True
workload_672.cpp,xczu7ev-ffvc1156-2-e,10,22.38376,83,1,1,3,5,cyclic_2_2,cyclic_8_2,block_2_1,block_4_1,cyclic_8_1,unroll_2,pipeline_1,unroll_2,unroll_2,pipeline_1,unroll_8,1,2.5,1,True
workload_284.cpp,xczu7ev-ffvc1156-2-e,10,22.38376,91,1,1,3,5,cyclic_2_2,cyclic_8_2,block_2_1,block_4_1,cyclic_8_1,unroll_2,pipeline_1,unroll_2,unroll_4,unroll_2,pipeline_1,1,2.5,1,True
workload_488.cpp,xczu7ev-ffvc1156-2-e,10,22.38376,86,1,1,3,5,cyclic_2_2,cyclic_8_2,block_2_1,block_8_1,cyclic_8_1,unroll_2,pipeline_1,unroll_2,pipeline_1,pipeline_1,unroll_8,1,2.5,1,True
workload_465.cpp,xczu7ev-ffvc1156-2-e,10,22.38376,95,1,1,3,5,cyclic_2_2,cyclic_8_2,block_2_1,complete_1,cyclic_8_1,unroll_2,pipeline_1,unroll_2,pipeline_1,pipeline_1,unroll_8,1,2.5,1,True
workload_708.cpp,xczu7ev-ffvc1156-2-e,10,22.38376,97,1,1,3,5,cyclic_2_2,cyclic_8_2,block_2_1,cyclic_4_1,cyclic_8_1,unroll_2,pipeline_1,unroll_2,unroll_4,unroll_2,unroll_8,1,2.5,1,True
workload_259.cpp,xczu7ev-ffvc1156-2-e,10,22.38376,90,1,1,3,5,cyclic_2_2,cyclic_8_2,block_4_1,block_2_1,cyclic_8_1,unroll_2,pipeline_1,unroll_2,unroll_4,unroll_2,pipeline_1,1,2.5,1,True
workload_178.cpp,xczu7ev-ffvc1156-2-e,10,22.56224,136,1,1,6,10,cyclic_2_2,cyclic_8_2,block_4_1,block_2_1,cyclic_8_1,unroll_4,pipeline_1,unroll_2,unroll_4,unroll_2,pipeline_1,1,4.5,0.893680261157,False
workload_251.cpp,xczu7ev-ffvc1156-2-e,10,22.38376,93,1,1,3,5,cyclic_2_2,cyclic_8_2,block_4_1,block_4_1,cyclic_4_1,unroll_2,pipeline_1,unroll_2,unroll_4,unroll_4,unroll_8,1,2.5,1,True
workload_179.cpp,xczu7ev-ffvc1156-2-e,10,22.56224,128,1,1,6,10,cyclic_2_2,cyclic_8_2,block_4_1,block_4_1,cyclic_8_1,unroll_4,pipeline_1,pipeline_1,unroll_4,unroll_4,unroll_2,1,4.5,0.893680261157,False
workload_269.cpp,xczu7ev-ffvc1156-2-e,10,22.56224,127,1,1,6,10,cyclic_2_2,cyclic_8_2,block_4_1,block_4_1,cyclic_8_1,unroll_4,pipeline_1,pipeline_1,unroll_4,unroll_4,unroll_8,1,4.5,0.893680261157,False
workload_134.cpp,xczu7ev-ffvc1156-2-e,10,22.56224,128,1,1,6,10,cyclic_2_2,cyclic_8_2,block_4_1,block_4_1,cyclic_8_1,unroll_4,pipeline_1,unroll_2,unroll_4,unroll_4,pipeline_1,1,4.5,0.893680261157,False
workload_312.cpp,xczu7ev-ffvc1156-2-e,10,22.56224,131,1,1,6,10,cyclic_2_2,cyclic_8_2,block_4_1,block_8_1,cyclic_8_1,unroll_4,pipeline_1,unroll_2,unroll_2,pipeline_1,pipeline_1,1,4.5,0.893680261157,False
workload_530.cpp,xczu7ev-ffvc1156-2-e,10,22.38376,99,1,1,3,5,cyclic_2_2,cyclic_8_2,block_4_1,complete_1,complete_1,unroll_2,pipeline_1,unroll_2,pipeline_1,pipeline_1,unroll_8,1,2.5,1,True
workload_299.cpp,xczu7ev-ffvc1156-2-e,10,99.93632,142,1,1,4,10,cyclic_4_2,block_4_2,complete_1,block_4_1,block_4_1,unroll_4,pipeline_1,pipeline_1,pipeline_1,pipeline_1,unroll_2,1,4,0.848484982877,False
workload_63.cpp,xczu7ev-ffvc1156-2-e,10,22.92029,2104,1,1,38,68,cyclic_4_2,complete_1,block_2_1,cyclic_2_1,block_2_1,unroll_32,pipeline_1,unroll_2,unroll_2,unroll_8,unroll_4,1,27,0.157930717364,False
workload_262.cpp,xczu7ev-ffvc1156-2-e,10,125.2346,123,1,1,4,9,cyclic_4_2,complete_1,block_4_1,block_4_1,block_4_1,unroll_4,pipeline_1,pipeline_1,pipeline_1,pipeline_1,unroll_2,1,3.75,0.83807752564,False
workload_125.cpp,xczu7ev-ffvc1156-2-e,10,22.92005,234,1,1,10,19,cyclic_4_2,complete_1,block_8_1,block_2_1,block_2_1,unroll_8,pipeline_1,pipeline_1,unroll_2,unroll_2,unroll_8,1,7.75,0.735158881421,False
workload_207.cpp,xczu7ev-ffvc1156-2-e,10,22.92005,232,1,1,10,19,cyclic_4_2,complete_1,block_8_1,block_2_1,cyclic_8_1,unroll_8,pipeline_1,pipeline_1,unroll_2,unroll_2,unroll_8,1,7.75,0.735158881421,False
workload_159.cpp,xczu7ev-ffvc1156-2-e,10,22.92029,1540,1,1,38,68,cyclic_4_2,complete_1,complete_1,block_2_1,block_2_1,unroll_32,pipeline_1,unroll_2,unroll_2,unroll_8,unroll_4,1,27,0.157930717364,False
workload_36.cpp,xczu7ev-ffvc1156-2-e,10,22.92029,2105,1,1,38,68,cyclic_4_2,complete_1,complete_1,block_4_1,block_2_1,unroll_32,pipeline_1,unroll_2,unroll_2,unroll_8,unroll_4,1,27,0.157930717364,False
workload_220.cpp,xczu7ev-ffvc1156-2-e,10,125.2346,125,1,1,4,9,cyclic_4_2,complete_1,complete_1,block_4_1,block_4_1,unroll_4,pipeline_1,pipeline_1,pipeline_1,pipeline_1,unroll_2,1,3.75,0.83807752564,False
workload_127.cpp,xczu7ev-ffvc1156-2-e,10,316.25376,92,1,2,3,9,cyclic_4_2,complete_1,cyclic_8_1,complete_1,block_4_1,unroll_2,unroll_2,unroll_2,unroll_16,pipeline_1,unroll_2,1,3.75,0.505461440211,False
workload_165.cpp,xczu7ev-ffvc1156-2-e,10,178.75376,92,1,2,3,12,cyclic_4_2,complete_1,cyclic_8_1,cyclic_4_1,block_4_1,unroll_2,unroll_2,unroll_2,unroll_16,pipeline_1,pipeline_1,1,4.5,0.736072555948,False
workload_375.cpp,xczu7ev-ffvc1156-2-e,10,22.56224,127,1,1,6,10,cyclic_4_2,complete_2,block_4_1,cyclic_4_1,cyclic_4_1,unroll_4,pipeline_1,unroll_2,unroll_2,unroll_4,unroll_2,1,4.5,0.893680261157,False
workload_393.cpp,xczu7ev-ffvc1156-2-e,10,22.38376,85,1,1,3,5,cyclic_4_2,complete_2,block_4_1,cyclic_4_1,cyclic_8_1,unroll_2,pipeline_1,unroll_2,unroll_2,pipeline_1,unroll_2,1,2.5,1,True
workload_138.cpp,xczu7ev-ffvc1156-2-e,10,22.92005,571,1,1,19,36,cyclic_4_2,cyclic_4_2,block_4_1,cyclic_4_1,complete_1,unroll_16,pipeline_1,pipeline_1,pipeline_1,unroll_8,unroll_16,1,14.25,0.471044240615,False
workload_84.cpp,xczu7ev-ffvc1156-2-e,10,127.22213,608,1,1,15,31,cyclic_4_2,cyclic_4_2,block_8_1,block_4_1,cyclic_2_1,unroll_16,pipeline_1,pipeline_1,unroll_16,pipeline_1,unroll_16,1,12,0.529261118795,False
workload_50.cpp,xczu7ev-ffvc1156-2-e,10,23.32965,469,1,1,15,26,cyclic_4_2,cyclic_4_2,block_8_1,cyclic_4_1,block_8_1,unroll_16,pipeline_1,pipeline_1,unroll_16,unroll_8,unroll_16,1,10.75,0.604488861405,False
workload_175.cpp,xczu7ev-ffvc1156-2-e,10,23.32965,439,1,1,15,26,cyclic_4_2,cyclic_4_2,complete_1,cyclic_4_1,cyclic_8_1,unroll_16,pipeline_1,pipeline_1,unroll_16,unroll_8,unroll_16,1,10.75,0.604488861405,False
workload_233.cpp,xczu7ev-ffvc1156-2-e,10,22.56224,138,1,1,6,10,cyclic_4_2,cyclic_8_2,block_4_1,complete_1,cyclic_8_1,unroll_4,pipeline_1,unroll_2,unroll_4,unroll_16,pipeline_1,1,4.5,0.893680261157,False
workload_9.cpp,xczu7ev-ffvc1156-2-e,10,287.04291,524,1,1,16,56,cyclic_8_2,block_2_2,complete_1,block_4_1,cyclic_2_1,unroll_8,unroll_2,unroll_2,unroll_8,pipeline_1,unroll_16,1,18.5,0.264873912004,False
workload_100.cpp,xczu7ev-ffvc1156-2-e,10,555.60291,802,1,1,25,53,cyclic_8_2,block_2_2,complete_1,cyclic_4_1,block_8_1,unroll_8,unroll_2,unroll_2,unroll_8,unroll_8,unroll_16,1,20,0.122475935932,False
workload_164.cpp,xczu7ev-ffvc1156-2-e,10,23.32965,215,1,1,8,14,cyclic_8_2,complete_2,block_8_1,block_2_1,block_8_1,unroll_8,pipeline_1,unroll_2,unroll_16,unroll_4,unroll_2,1,6,0.818313879274,False
workload_61.cpp,xczu7ev-ffvc1156-2-e,10,22.92005,263,1,1,10,19,cyclic_8_2,complete_2,cyclic_4_1,block_4_1,complete_1,unroll_8,pipeline_1,pipeline_1,pipeline_1,unroll_2,pipeline_1,1,7.75,0.735158881421,False
workload_54.cpp,xczu7ev-ffvc1156-2-e,10,287.04283,1802,1,1,35,98,cyclic_8_2,cyclic_4_2,block_4_1,block_4_1,cyclic_8_1,unroll_16,unroll_2,unroll_2,unroll_8,pipeline_1,unroll_16,1,33.75,0.1,False
